OFF
10002 20000 0
-0.0761405700 0.0594781400 0.1048609000
-0.2062032100 0.0412827500 -0.4935587100
-0.1421863600 0.0292432900 -0.4813165100
0.0258749300 0.0405438700 -0.0080784100
-0.1845820200 0.0723046500 0.0281597000
0.0184263100 0.0482283600 -0.5339353900
0.0038846600 0.0491973200 -0.5436625600
-0.0365594500 0.0491216900 -0.5574820400
-0.1228136100 0.0665072700 0.1074270800
0.0943347000 0.0405552000 0.0734468000
0.1045145200 0.0359035800 0.0137091900
0.0804778800 0.0361759400 -0.0015278900
-0.0217050200 0.0462831900 0.0029819200
-0.0447526100 0.0467272400 0.0163398600
-0.0737152000 0.0478634700 0.0213419900
-0.1871289000 0.0742862300 0.0256544400
-0.1968401100 0.0879657700 0.0716112000
-0.1773232300 0.0343453100 -0.4826494900
-0.1468264500 0.0313203100 -0.4791933100
-0.0241814300 0.0384593700 -0.4456423300
-0.0138963200 0.0505408500 -0.5518505700
-0.0908953900 0.0494034200 -0.5566871200
-0.1195304600 0.0550660800 -0.5587883200
-0.1780846800 0.0621475800 -0.5602969600
-0.2181611600 0.0657291100 -0.5603102400
-0.2226631800 0.0636542500 -0.5515905000
-0.1504759900 0.0609065500 -0.5614177100
-0.1844453700 0.0646669900 -0.5638934900
-0.2063160600 0.0669747700 -0.5641412000
-0.2361470400 0.0582614300 -0.5179167500
-0.2231445900 0.0460394600 -0.4948623800
-0.2115369500 0.0435660200 -0.4908330100
-0.0922103200 0.0352175500 -0.4693702400
0.0127460000 0.0429372100 -0.4500370400
0.0277386300 0.0417710800 -0.4548453600
-0.0060786300 0.0601323600 0.1114430500
0.0196823700 0.0588100500 0.1083113700
0.0539128800 0.0402176200 -0.0099048200
-0.0023546200 0.0449425200 -0.0043307800
-0.1009148800 0.0505918800 0.0215237200
-0.1126837100 0.0538237000 0.0204532500
-0.1675025400 0.0652283300 0.0196833700
-0.1629143900 0.0795511700 0.1055919400
-0.0913550100 0.0633113200 0.1042292300
0.0210546700 0.0441174800 -0.0088237200
-0.1356906700 0.0581564400 0.0197865300
-0.2010325300 0.0873303400 0.0543091500
-0.1912669200 0.0897430100 0.0878055200
-0.1806314800 0.0854207400 0.0999009800
-0.0922900100 0.0666943400 0.1072014600
-0.0253056600 0.0595987000 0.1103416700
0.1086021500 0.0385097500 0.0559302700
0.1048355600 0.0344069900 0.0356672700
0.0520650600 0.0470995600 -0.4738599300
0.0521387600 0.0483533800 -0.4924273900
0.0301077100 0.0497009600 -0.5263248800
-0.2311452500 0.0550178900 -0.5057723700
-0.1986284000 0.0395346900 -0.4870640800
-0.1313033100 0.0305854500 -0.4784638500
0.0071747700 0.0471548500 -0.4471984900
-0.0061104300 0.0381898300 -0.4473124600
-0.0550364100 0.0536440700 -0.5588015800
-0.1927157300 0.0667090500 -0.5644425200
-0.1770023100 0.0395029300 -0.4816572500
-0.1040527700 0.0331710800 -0.4744044200
-0.0427744900 0.0368943600 -0.4484033600
-0.0032480500 0.0535867800 -0.4467645200
0.0453395800 0.0484821100 -0.5092020700
-0.0566942500 0.0492476600 0.0163602400
-0.1935679800 0.0817756700 0.0319476800
-0.1452130600 0.0795585400 0.1072635800
-0.1276237400 0.0726825100 0.1089284600
0.0183086500 0.0628266100 -0.5317719400
-0.1138026900 0.0572158700 -0.5592955000
-0.1362797600 0.0750498000 -0.5589434100
-0.2249091000 0.0666934500 -0.5544979600
-0.2304913900 0.0657862400 -0.5474932400
-0.2237737500 0.0543347200 -0.4983005000
-0.1304172100 0.0363526200 -0.4757191700
-0.0768693900 0.0580672500 0.0170093700
-0.1740276300 0.0831225900 0.0197182200
-0.0494426600 0.0562505700 -0.5583345600
-0.2362160000 0.0616162300 -0.5307740100
-0.1667318500 0.0411009800 -0.4795957800
-0.0967850000 0.0606829600 0.0177279400
-0.1007613200 0.0741334800 0.1066474100
0.0449817000 0.0616997600 0.1014011900
0.0520193700 0.0485560000 0.0995214200
0.0632213000 0.0439898500 0.0923931800
0.1098882600 0.0448417400 0.0635476500
-0.0086284500 0.0578588600 -0.5469927200
-0.0876017200 0.0537200300 -0.5590866300
-0.1810431900 0.0465128400 -0.4791193200
-0.0692220300 0.0354903600 -0.4583932200
0.0453394000 0.0528541400 -0.5127703200
-0.0597688100 0.0559835200 0.0153613800
-0.1579155900 0.0721263500 0.0170225300
-0.1980826100 0.0876893000 0.0409781200
-0.1953344100 0.0985952300 0.0475287500
-0.0402421100 0.0670290300 0.1105812900
0.1156706900 0.0418493800 0.0458734700
-0.0243441500 0.0597592800 -0.5519464900
-0.1807584000 0.0724892400 -0.5624180600
-0.2064060600 0.0473621000 -0.4893751400
-0.0496150600 0.0450890500 -0.4513379200
0.0282852500 0.0553841400 -0.4473052800
0.0429895400 0.0457158600 -0.4597670300
0.0583724700 0.0524341600 -0.4885603900
0.0547084500 0.0543187900 -0.5014726400
0.0741510100 0.0462327500 -0.0065245800
-0.1907671600 0.0963472200 0.0341613300
-0.1193734700 0.0821723600 0.1078436300
-0.0241533400 0.0710958300 0.1109694400
0.1142276800 0.0400111400 0.0247848400
0.1081041100 0.0414758500 0.0093443600
0.0931192300 0.0395092100 0.0004388000
-0.0667145200 0.0617349700 -0.5593941600
-0.0866944600 0.0659128800 -0.5592803700
-0.1561321000 0.0687032600 -0.5613833300
-0.1964436400 0.0752567900 -0.5624123900
-0.2172675800 0.0601437300 -0.4923477400
-0.1396406300 0.0375857300 -0.4766981600
-0.0932138400 0.0420071000 -0.4624309600
-0.0702506500 0.0463951500 -0.4548314900
0.0205938500 0.0551231100 -0.4464089200
0.0351697800 0.0534728400 -0.4510263800
0.0571218400 0.0536699100 -0.4728656400
0.0312305600 0.0574955800 -0.5236783700
0.0215837100 0.0508361200 -0.0070966900
-0.0050369600 0.0618995700 0.0004240900
-0.1401591500 0.0659571500 0.0162595900
-0.1733717300 0.0987594000 0.0978817700
-0.0834702500 0.0732577300 0.1071647800
-0.0544965700 0.0794840900 0.1095316700
0.0951330300 0.0459310900 0.0756624100
0.0014319600 0.0632306000 -0.5413077600
-0.2049068700 0.0811724100 -0.5606763400
-0.2297625200 0.0665342000 -0.5031117100
-0.1993549400 0.0473193500 -0.4856389100
0.0497917100 0.0603235900 -0.4578681800
0.0570765300 0.0658035700 -0.4814757400
0.0424712900 0.0484246200 -0.0091551400
-0.0205660500 0.0574239000 0.0020610500
-0.1209853900 0.0745202100 0.0100508600
-0.1489728600 0.0787254700 0.0122376500
-0.1855593300 0.1112323000 0.0782359400
-0.1152893200 0.0688916600 -0.5590278600
-0.1360436200 0.0474131500 -0.4616471900
-0.0250686000 0.0496343100 -0.4473483100
-0.1575287700 0.0934369300 0.1042710100
-0.1411640500 0.0910763000 0.1075244800
0.0161954200 0.0715788500 0.1072810300
0.1104975200 0.0562594700 0.0640218200
0.1189623200 0.0519767100 0.0258373400
-0.0445744900 0.0624793100 -0.5570124000
-0.1577229200 0.0784549700 -0.5616446600
-0.1761251800 0.0804350200 -0.5625267100
-0.2339715700 0.0781559300 -0.5233671600
-0.2342876500 0.0663061400 -0.5127509200
-0.1617100600 0.0462219300 -0.4717844900
0.0523060400 0.0566657100 -0.0056202000
-0.0760353200 0.0642028200 0.0122023100
-0.1634818100 0.0862061800 0.0150268500
-0.1815950100 0.1022055000 0.0911113800
-0.0342392800 0.0796085100 0.1105047900
0.0630252000 0.0627629700 0.0928793800
0.0857408400 0.0562862400 0.0815780600
0.1011548300 0.0511963400 0.0007015700
0.0780556400 0.0536356700 -0.0054078500
-0.0134892900 0.0657515100 -0.5463286900
-0.2026454100 0.0625422200 -0.4836443700
-0.1820891500 0.0526511000 -0.4759634700
0.0552576800 0.0652770300 -0.4941231900
0.0440378900 0.0648460000 -0.5106517100
0.0218613200 0.0599970800 -0.0021448600
-0.1950834500 0.0993615800 0.0629779700
-0.0910864200 0.0835535300 0.1058650100
-0.0051456100 0.0736033500 0.1109897300
0.0869886700 0.0632880800 0.0788967800
0.1134531000 0.0541830500 0.0104694500
-0.0105103400 0.0722575500 -0.5410203700
-0.0417916800 0.0718071300 -0.5526589800
-0.1859078500 0.0834045000 -0.5621669300
-0.2274375000 0.0819911700 -0.5466814400
-0.2323236600 0.0776908200 -0.5357444900
-0.0966567500 0.0503612100 -0.4544944700
-0.0403271800 0.0525105800 -0.4495170400
-0.1535513200 0.0881916500 0.0127579400
-0.1850020100 0.1052259500 0.0288470200
-0.1919070800 0.1112923600 0.0495833900
-0.0756865900 0.0893209600 0.1076393200
0.0443047500 0.0698271600 0.1027059700
0.0998416200 0.0589865300 0.0724883600
0.1179621100 0.0589154400 0.0206627700
0.0927033500 0.0535675700 -0.0028406100
-0.0892955800 0.0761224400 -0.5589559100
-0.1607284500 0.0851821500 -0.5592924100
-0.2166349900 0.0827280300 -0.5560285000
0.0257483900 0.0625132600 -0.4486368500
0.0549944300 0.0636347300 -0.4677297200
0.0657218100 0.0675513300 -0.0037439900
-0.0351790800 0.0642422500 0.0034501900
-0.0704352400 0.0696245300 0.0015873400
-0.1256090300 0.0932709200 0.1061246100
-0.0893115700 0.0956193700 0.1076578900
-0.0179142700 0.0796684800 0.1096463200
0.1186797100 0.0573722500 0.0501258000
0.1204487400 0.0563810100 0.0385623300
-0.0624196200 0.0700894300 -0.5571713900
-0.2307912000 0.0723518800 -0.5081152900
-0.2241825400 0.0666028900 -0.4975309300
-0.0514183800 0.0567030100 -0.4474917700
-0.0190153800 0.0604947900 -0.4469675700
0.0047080100 0.0631235300 -0.4460373000
0.0438933400 0.0595362800 -0.4533685900
0.0210027000 0.0715150200 -0.5231582300
0.0322832100 0.0662087600 -0.0026116600
0.0202048800 0.0647259100 -0.0021680700
-0.1026748000 0.0775537300 0.0002584200
-0.1367526200 0.0809790500 0.0104696800
-0.1633506600 0.1017206200 0.1008540900
0.0476105400 0.0756588300 0.0992519500
0.0650855300 0.0695458700 0.0936604200
0.0998655000 0.0664102400 0.0665833000
0.1133807500 0.0620772700 0.0566228200
-0.1253728700 0.0813501400 -0.5600824900
-0.1283009800 0.0781108000 -0.5582118700
-0.1646697800 0.0908330400 -0.5601555600
-0.2005471200 0.0870777500 -0.5597102000
-0.2133040900 0.0883998700 -0.5554362500
-0.0835256100 0.0550987300 -0.4506241900
0.0375880100 0.0709332900 -0.4532912800
0.0512076800 0.0702668600 -0.4917782500
-0.0174158600 0.0719789700 -0.0034736900
-0.0292489600 0.0711490900 -0.0029053300
-0.1773142200 0.0987101200 0.0221730100
-0.1674937800 0.1130490900 0.0953321700
-0.1404659200 0.1005121300 0.1046454300
-0.0465728200 0.0891400000 0.1072990800
-0.0641459800 0.0774878200 -0.5526158000
-0.1404174200 0.0900410300 -0.5597986400
-0.1885067800 0.0916549700 -0.5611504100
-0.2346591000 0.0891411100 -0.5256957200
-0.1303417600 0.0513218800 -0.4570327500
-0.0659435000 0.0602184000 -0.4486853200
0.0467937500 0.0705305100 -0.4588783500
0.0519560800 0.0715561000 -0.4700002500
-0.1433524000 0.0945596300 0.0075689900
-0.1895960200 0.1137447000 0.0665437200
-0.1760522200 0.1087571400 0.0912770400
-0.0738234000 0.0930722500 0.1100018600
-0.0512383500 0.0913474200 0.1086208200
-0.0155063700 0.0888275500 0.1025428400
0.0807825600 0.0679596800 -0.0016745600
-0.2263027800 0.0882231600 -0.5460038500
-0.2292770700 0.0776366900 -0.5024821100
-0.1280081400 0.0560727900 -0.4540500000
-0.0320618300 0.0647233600 -0.4470111700
0.0249641500 0.0700992000 -0.4485813800
-0.0031510700 0.0766713700 -0.5308948000
0.0176906400 0.0843615300 0.0947845400
0.0796219100 0.0704273900 0.0815635100
0.1128519800 0.0680321600 0.0312434900
0.1027556600 0.0654357900 0.0042162400
0.0086621100 0.0731305500 -0.0027527700
-0.1904148600 0.1095989000 0.0399038900
-0.1331078800 0.1068036600 0.1045296100
-0.0975048800 0.1007977800 0.1085971600
-0.0440830000 0.0797241600 -0.5431590900
-0.1118346600 0.0834241600 -0.5667058300
-0.2321425100 0.0934502200 -0.5376745400
-0.2165311900 0.0683744200 -0.4902270700
0.0479469700 0.0742744300 -0.4787318000
0.0356709800 0.0736741100 -0.5092224900
-0.0318146900 0.0794814100 -0.5352064100
-0.0668402300 0.0757108300 -0.0043725000
-0.1057211900 0.1004516700 0.1060033300
-0.1004011000 0.1077703800 0.1182527700
-0.0700129800 0.0985961200 0.1172914200
-0.0328261900 0.0923225900 0.1054507400
0.0113316800 0.0784235700 0.1048089700
0.0538255600 0.0767566800 0.0941157800
-0.0879321900 0.0826618900 -0.5633275600
-0.1027593000 0.0880037600 -0.5656791000
-0.1149718100 0.0920727900 -0.5708713300
-0.2010887600 0.0938971400 -0.5591478900
-0.1650274500 0.0537831200 -0.4628994600
0.0037422900 0.0730093300 -0.4505053200
-0.1225164900 0.0878847400 0.0010929900
-0.1637603100 0.0995949800 0.0145945000
-0.1748403300 0.1071909700 0.0194313100
-0.1859202100 0.1281206100 0.0654725700
0.0596080200 0.0819480400 0.0746595600
0.0965773800 0.0718777600 0.0522341100
0.1079188800 0.0706765400 0.0137627000
0.0951362400 0.0715145300 0.0071508200
-0.1280641700 0.0889928700 -0.5670897200
-0.1607138600 0.0974465300 -0.5580102400
-0.2258457000 0.0961814900 -0.5469328400
-0.2072758600 0.0709497400 -0.4856728100
0.0267560600 0.0742131000 -0.4531904100
0.0449788400 0.0786049000 -0.4705322400
0.0351048600 0.0813082100 -0.4836316500
0.0328455900 0.0774291800 -0.4978192900
-0.0424605000 0.0858547000 -0.5466327100
-0.0567055000 0.0823153000 -0.5546370600
0.0640602000 0.0741092000 0.0021315000
0.0234229200 0.0832283900 0.0028955400
-0.0951393200 0.0814071400 -0.0034400000
-0.1823892700 0.1195334400 0.0799059200
-0.0891509000 0.1026278300 0.1190757100
-0.0132113600 0.0951420600 0.0977523600
0.0321598900 0.0871226200 0.0824497900
0.0647055900 0.0763628300 0.0827397500
0.0850045700 0.0759120800 0.0572572700
0.0123960800 0.0768134400 -0.5185965200
0.0061960000 0.0828508000 -0.5089985400
0.0709290000 0.0784541300 0.0134741700
-0.0516609400 0.0962939600 0.1134110000
0.1061535600 0.0753601800 0.0282946300
-0.1246190800 0.0946388800 -0.5678995700
-0.1829855600 0.0610166700 -0.4719409700
-0.0131568300 0.0740250600 -0.4498088800
0.0051459400 0.0762601900 -0.4544573300
0.0355265300 0.0771932800 -0.4614262200
-0.0253909600 0.0838040500 -0.5287358200
0.0452773000 0.0767064800 0.0022963700
-0.0326194700 0.0794064600 -0.0047899300
-0.0621416100 0.0876762600 -0.0075099200
-0.1887916100 0.1192830000 0.0412934100
-0.1565646800 0.1146943700 0.0977586000
-0.1255403300 0.1131806600 0.0999561300
-0.1138591400 0.1100600000 0.1030119300
-0.0213674200 0.1020411900 0.1042616100
0.0387218500 0.0888621900 0.0680634200
0.1005903200 0.0773617000 0.0395470300
-0.0866380100 0.0650671700 -0.4501929000
-0.0482562700 0.0685057700 -0.4494528400
0.0354746500 0.0813346500 -0.4741215900
0.0196659000 0.0826935100 -0.4916041600
-0.1289026300 0.1000733900 0.0011007100
-0.1432903800 0.1089360100 0.0063426600
-0.1836850200 0.1145264900 0.0294680400
-0.1892296900 0.1253283300 0.0538146200
-0.0447671500 0.1066018000 0.1142308200
0.0867604100 0.0810870500 0.0415151500
0.0941127000 0.0805552700 0.0338263900
-0.0155834900 0.0835285100 -0.0030952000
-0.1223314300 0.1187146200 0.1029602400
-0.1186792000 0.1211632100 0.1087175900
0.0505574500 0.0821600900 0.0088628000
-0.0123418200 0.0836508900 -0.5053175600
-0.0699086000 0.0886672300 -0.5584345000
-0.1432461600 0.0994020500 -0.5623472900
-0.2148438500 0.0977711300 -0.5543592000
-0.2339053800 0.0866574900 -0.5152612400
-0.1893503900 0.0736018000 -0.4703079300
-0.1775582400 0.0682241900 -0.4656466400
-0.0249112800 0.0952478900 -0.5374025300
-0.0443446500 0.0893967800 -0.5504716100
-0.0353485400 0.0914419000 -0.0049106800
-0.1064696900 0.1014775000 -0.0070110800
-0.1623088800 0.1112929900 0.0148339400
-0.1732314200 0.1212249100 0.0229679300
-0.1785778600 0.1375510100 0.0707882700
-0.0726431900 0.1103169700 0.1213890600
-0.0122870500 0.1058875200 0.1006297400
-0.0618241300 0.0998479400 -0.5513831700
-0.0974342200 0.0950266300 -0.5591742700
-0.1902221100 0.1013867300 -0.5569396900
-0.2313113200 0.1043034700 -0.5350735700
-0.2106619000 0.0795223400 -0.4868161000
-0.0647428800 0.0759946100 -0.4528108000
-0.0357260100 0.0753753000 -0.4519916000
-0.0060885300 0.0910421600 0.0004445600
-0.0559826400 0.0928790600 -0.0085025500
-0.0872397200 0.0951004500 -0.0088921600
-0.1505558800 0.1251222000 0.0929947100
-0.0997594700 0.1155166300 0.1184439800
0.0263037400 0.0920691600 0.0733857100
-0.1817776900 0.1062685900 -0.5564387900
-0.1499382400 0.0663290200 -0.4528107500
-0.1296713000 0.0657261100 -0.4517746400
-0.0251667000 0.0781647600 -0.4562507900
-0.0138311300 0.0968185800 -0.5276955400
-0.1825556100 0.1381587800 0.0533560500
-0.1445789000 0.1325301800 0.0920124200
-0.1338864200 0.1227302600 0.0967154000
-0.0817800000 0.1192291100 0.1236685500
-0.0411744400 0.1174998000 0.1148775100
0.0165558700 0.0955198900 0.0762346300
0.0267529800 0.0985962600 0.0594971000
0.0432700400 0.0902790900 0.0390075400
-0.1351632400 0.1059764300 -0.5576551700
-0.2196367300 0.0828288200 -0.4948960000
-0.0168350800 0.0853422900 -0.4887355200
-0.0925557100 0.1257187500 0.1181640900
0.0048080800 0.0949901900 0.0888982300
0.0297418800 0.0940694500 0.0555743800
-0.0822390500 0.1065593100 -0.5529787500
-0.1116455200 0.1001708200 -0.5708433900
-0.1991223400 0.0823809200 -0.4735836300
-0.1614973700 0.0752739700 -0.4539849300
-0.1000128200 0.0757881200 -0.4526000400
-0.0738190400 0.0782532400 -0.4532638300
-0.0268000100 0.0841801200 -0.4687837000
-0.1226289500 0.1109759100 -0.0047307300
-0.1614081400 0.1241553600 0.0159330700
-0.1251589100 0.1274278200 0.1026462200
-0.1031869800 0.1220123200 0.1136761100
-0.0208084700 0.1145603800 0.1065882100
0.0269550400 0.0991725500 0.0226295900
-0.0023163500 0.0966362200 -0.0003887100
-0.0610450200 0.0976649300 -0.0179917100
-0.0883793500 0.1028097800 -0.0218434000
-0.2159594300 0.1088470600 -0.5491704100
-0.2301401500 0.1120600200 -0.5236260300
-0.2301131100 0.1018747100 -0.5138487900
-0.2257283400 0.0919768200 -0.5026670700
-0.2125488100 0.0901798000 -0.4855033700
-0.1261969900 0.0755089900 -0.4496456000
-0.0379911200 0.0840037200 -0.4603700800
-0.1509474100 0.1171413600 0.0097703100
-0.1734555800 0.1348773000 0.0275488500
-0.1717266300 0.1287911100 0.0831379800
-0.1624978900 0.1317831300 0.0859274700
0.0362015700 0.0920897700 0.0241868900
0.0126685700 0.0949852600 0.0073625900
-0.0326540600 0.0970049200 -0.0164705800
-0.0785630000 0.1041031500 -0.0243556100
-0.2013695800 0.1074658500 -0.5536315900
-0.1107929900 0.0761144600 -0.4489442700
-0.0748607200 0.0795167400 -0.4507437100
-0.0120750300 0.0893139500 -0.5026553900
-0.0125081100 0.0855007000 -0.5161970500
-0.0013629900 0.1138932000 0.0964111700
0.0197862200 0.0984201100 0.0136634200
0.0054795400 0.0960503400 0.0044543500
-0.0284727800 0.1018588700 -0.5436079900
-0.1136489400 0.1069781600 -0.5709618000
-0.1420196100 0.1106812000 -0.5571991400
-0.1895574700 0.0854628000 -0.4656154300
-0.1750542000 0.0793689200 -0.4575305000
-0.1351822900 0.1259441700 -0.0002856900
-0.0758735700 0.1344555000 0.1258895600
0.0101734000 0.1142149400 0.0866623000
0.0240872800 0.1030309000 0.0673917200
0.0299260500 0.0977582600 0.0399716500
-0.1668204600 0.1122494500 -0.5619125800
-0.1771748400 0.1107046000 -0.5618863600
-0.2005174800 0.1141668000 -0.5533309700
-0.2034261100 0.0921607000 -0.4775625900
-0.0728413200 0.0818951200 -0.4440054000
-0.0524888300 0.0837069900 -0.4541391900
-0.0103062500 0.0988840800 -0.5179369300
-0.1270646900 0.1172671100 -0.0050383100
-0.1610841000 0.1340317900 0.0171824900
-0.1760805100 0.1475481500 0.0618858700
-0.1557451000 0.1475475100 0.0815547700
-0.0891534300 0.1397598200 0.1177101600
-0.1313466600 0.1096752300 -0.5579376900
-0.2216690600 0.1007482300 -0.4958525800
-0.1116783100 0.0769397600 -0.4387471900
-0.0185119400 0.0900932900 -0.4801091700
-0.1820871100 0.1342008100 0.0388093600
-0.1465182300 0.1397679900 0.0924667700
-0.1404576500 0.1393388700 0.0980786300
-0.1025109900 0.1317610200 0.1042256300
0.0152590300 0.1034758900 0.0808928100
0.0301921000 0.1067601300 0.0372039900
-0.1226262800 0.1198690900 -0.5688551700
-0.1242069100 0.1127349400 -0.5630329700
-0.1401841400 0.1194268600 -0.5488340500
-0.1817636200 0.1220992600 -0.5624823700
-0.2257269500 0.1104232700 -0.5419594200
-0.2147312600 0.0996101900 -0.4887778600
-0.1432141300 0.0780079900 -0.4383287200
-0.0737344900 0.1169704200 -0.0294237900
-0.1711958200 0.1455070600 0.0323160600
-0.1659640200 0.1502015300 0.0746800100
-0.1520200600 0.1486014800 0.0977105500
-0.1304523700 0.1392113200 0.0968940600
-0.1136510500 0.1315542000 0.1016613300
0.0292760300 0.1048330900 0.0510049000
0.0158197400 0.1013828700 0.0075521000
-0.0506606000 0.1051661700 -0.5451427200
-0.0465811400 0.1110234400 -0.5358437700
-0.1914066100 0.0896875500 -0.4589874400
-0.0278269900 0.0897451600 -0.4656954500
-0.0120399800 0.1053520900 -0.5363376800
0.0241993300 0.1068060000 0.0182129100
-0.2276110800 0.1070908900 -0.5056189200
-0.1149943200 0.0804081500 -0.4353213800
-0.1012069100 0.1217135800 -0.0167449500
-0.1138991500 0.1166577500 -0.0141087400
-0.1272654700 0.1273878000 -0.0107982400
-0.0860212500 0.1283228900 0.1223749800
0.0239918000 0.1137055500 0.0544154000
-0.1538513300 0.1178096900 -0.5561725200
-0.1983686400 0.1189752200 -0.5614796700
-0.2209313400 0.1071818800 -0.4946401300
-0.2078495400 0.0965595700 -0.4669861700
-0.0873614400 0.0814398300 -0.4390993600
-0.0199891100 0.1024109700 -0.5037062100
-0.0148128200 0.1039121800 -0.5213114900
-0.1464728200 0.1400712200 -0.0019976500
-0.1665459300 0.1545767700 0.0749177600
-0.1657307000 0.1565543000 0.0884222500
-0.1279950600 0.1549760100 0.0847943500
-0.0691223400 0.1287202000 0.1246108300
-0.0268617400 0.1261669800 0.1173095000
0.0179107100 0.1154412100 0.0735515300
-0.0115684600 0.1080416500 -0.0145840100
-0.0607878400 0.1135571400 -0.0287140800
-0.0611121100 0.1070690000 -0.5463905500
-0.2101368500 0.1250552300 -0.5579495600
-0.2287507800 0.1154155400 -0.5131314200
-0.2243254400 0.1200051000 -0.5077520100
-0.1583091800 0.0871853900 -0.4454114900
-0.0961657600 0.0920449400 -0.4370908900
-0.1520298100 0.1389449100 0.0144763200
-0.1753274900 0.1499436700 0.0476539800
-0.0514612700 0.1367711100 0.1241275100
-0.0049124100 0.1275037400 0.1124958500
0.0071297900 0.1082675700 0.0000624400
-0.0707558700 0.1115207700 -0.5468283900
-0.1074514100 0.1113112100 -0.5650036000
-0.1285009400 0.1189560000 -0.5523762200
-0.2151539300 0.1189927700 -0.5464222900
-0.2250056300 0.1193557100 -0.5315856200
-0.0223619500 0.0959860400 -0.4795179500
-0.0095152400 0.1086097800 -0.5296749800
-0.1588055200 0.1499640700 0.0202510800
-0.1624715600 0.1448256900 0.0228735700
-0.1700866300 0.1566084000 0.0331457800
-0.1687650300 0.1582660700 0.0655708600
-0.1469720000 0.1512611800 0.0984238200
-0.0965975100 0.1415831800 0.1048038600
0.0268506600 0.1132563400 0.0331769500
-0.0346867000 0.1182688800 -0.0279727200
-0.0174086000 0.1109498700 -0.5346735900
-0.1216849000 0.1301938400 -0.5692423100
-0.2156665600 0.1305273000 -0.5513579800
-0.1372158800 0.0811105700 -0.4344923000
-0.0443633400 0.0882650900 -0.4541162000
-0.1636260700 0.1650624400 0.0880637200
-0.1173321700 0.1477511000 0.0875568000
-0.1032252300 0.1447363400 0.0926857200
-0.0127738500 0.1339784900 0.1187672400
0.0007715900 0.1241782600 0.1054796900
-0.0318492900 0.1074976200 -0.0215624900
-0.0827998500 0.1162244300 -0.5528337900
-0.0937077400 0.1205920300 -0.5604157300
-0.2213916400 0.1042407500 -0.4789029200
-0.0622045400 0.0882973100 -0.4461101400
-0.0287207100 0.1019011400 -0.4807778500
-0.0180678600 0.1045785000 -0.5089718100
-0.0809253900 0.1229665100 -0.0265572700
-0.0958079100 0.1329759800 -0.0118710800
-0.1717981400 0.1593432600 0.0454377900
-0.1592661800 0.1574797800 0.0959574800
-0.1455928500 0.1653771800 0.0891596200
-0.1008049600 0.1520874500 0.0923970900
-0.0959264600 0.1567352500 0.1148936400
-0.0697403500 0.1424465600 0.1277839600
0.0158357600 0.1216986600 0.0738390100
-0.1624379500 0.1260243900 -0.5563857200
-0.1833262100 0.1320281900 -0.5591809500
-0.2242018500 0.1278424300 -0.5252062900
-0.2174467100 0.1175285000 -0.4792532700
-0.1962029200 0.1006930000 -0.4622512500
-0.1126311600 0.1301156900 -0.0119665600
-0.0878445700 0.1574990700 0.1225575300
-0.0835928400 0.1437616600 0.1240926100
0.0191453300 0.1202674200 0.0332669800
0.0122797100 0.1227860700 0.0079569100
-0.1251420600 0.0903029600 -0.4315607000
-0.0389166900 0.1016298700 -0.4676988200
-0.0113698100 0.1090788200 -0.5015393800
-0.0172375200 0.1149453700 -0.5251461000
-0.1456534100 0.1513212100 0.0025947700
-0.1540594600 0.1459165000 0.0047514600
-0.0009018900 0.1300037500 0.1094000300
0.0010063100 0.1288073100 0.0952183400
-0.0179216600 0.1174398800 -0.0233731100
-0.1401600800 0.1302237200 -0.5429380600
-0.2037374000 0.1389610200 -0.5486260800
-0.1555935200 0.0953958700 -0.4470521800
-0.0715141000 0.0954505400 -0.4440590000
-0.0515437900 0.0985829900 -0.4545797500
-0.1174764800 0.1633143700 0.0799375900
-0.0190323900 0.1185229200 -0.5164642900
-0.0496950500 0.1148190400 -0.5315302300
-0.1290060100 0.1317405100 -0.5626367800
-0.1349287100 0.1317608300 -0.5482220500
-0.1496490000 0.1311740600 -0.5414539800
-0.1730963800 0.1351146000 -0.5563682800
-0.2254952200 0.1239716100 -0.5163739600
-0.1550797300 0.1016465200 -0.4427338300
-0.0179683800 0.1079777600 -0.4803729500
-0.1090524700 0.1408030000 -0.0050515100
-0.1332920900 0.1419979500 -0.0043464900
-0.1625826600 0.1633171900 0.0356979500
-0.1635712300 0.1672402200 0.0481506600
-0.0034920600 0.1347761600 0.1097088100
-0.0050257900 0.1276041800 0.0409740100
0.0013551200 0.1141691800 -0.0078540500
-0.0673586100 0.1263979700 -0.0393790900
-0.1681205200 0.0980861100 -0.4541137600
-0.0405570900 0.1042151500 -0.4655566500
-0.0251520000 0.1048422100 -0.4818606200
-0.0081233000 0.1121002400 -0.5092827500
-0.0772257700 0.1219335100 -0.5499015100
-0.0719637900 0.1314312200 -0.0406111100
-0.0764265400 0.1313062600 -0.0271652800
-0.1309953500 0.1522381100 0.0001952300
-0.1682238300 0.1616065500 0.0828669400
-0.0632447300 0.1578875700 0.1294526400
-0.0405671400 0.1426834000 0.1252657000
-0.0071884000 0.1330429900 0.0827365000
-0.0043767400 0.1290791500 0.0542097200
-0.2189737600 0.1394956900 -0.5398669800
-0.1682405600 0.1049031900 -0.4548609100
-0.1217117000 0.0982254000 -0.4314439000
-0.0589948700 0.1068769200 -0.4515083900
-0.0106889100 0.1121011300 -0.4868993700
-0.0378955700 0.1177461000 -0.5258168200
-0.0664972900 0.1222178300 -0.5412598100
-0.0923616200 0.1320744500 -0.5663028100
-0.1492312300 0.1805764500 0.0802384900
-0.0041232900 0.1463475700 0.1169953600
-0.0036334200 0.1409638300 0.1071718200
-0.0029421300 0.1312624000 0.0313157900
-0.0031347600 0.1281317200 0.0170986400
-0.0033064300 0.1266930300 -0.0202933500
-0.0797140200 0.1317495700 -0.5596123000
-0.2223381500 0.1370122000 -0.5192528000
-0.2239232800 0.1218929000 -0.4942112900
-0.1868992600 0.1155742700 -0.4682021000
-0.1387376600 0.0997500100 -0.4357772200
-0.1024262600 0.1479102000 -0.0040041500
-0.1173966400 0.1588592400 0.0040732900
-0.1427183800 0.1773958800 0.0812754300
-0.0985444200 0.1506819700 0.1029635300
-0.0097454800 0.1408432800 0.1198349200
-0.0013772000 0.1349066700 0.0827892100
-0.0090664600 0.1343734000 0.0108169600
-0.0032970100 0.1285238400 -0.0007026500
0.0078679800 0.1225254700 -0.0037081100
-0.0066503700 0.1230295100 -0.0230696500
-0.1135898100 0.1210432500 -0.5727663000
-0.1672472100 0.1092117900 -0.4459790400
-0.0759722700 0.1072746300 -0.4428714400
-0.0293886600 0.1069499100 -0.4604524300
-0.0243622600 0.1210702200 -0.5163017900
-0.1548630200 0.1617809100 0.0164094200
-0.1033127700 0.1627332700 0.0838731100
-0.0999219800 0.1722757900 0.1110032900
-0.0750628900 0.1615768900 0.1290058400
0.0060203800 0.1396805800 0.0954976300
-0.0606889400 0.1304672200 -0.0402299600
-0.1726977400 0.1424904500 -0.5518011600
-0.1802655500 0.1389221800 -0.5491086800
-0.2083456700 0.1082497300 -0.4696033100
-0.0073587700 0.1168024500 -0.5016426900
-0.1623462600 0.1707004400 0.0420319700
-0.1520087100 0.1831699100 0.0762129900
0.0165614400 0.1317049800 0.0716984700
0.0302544600 0.1325401300 0.0621308900
0.0208858100 0.1268854800 0.0469323100
0.0189388800 0.1294393200 0.0371333800
-0.0042880400 0.1301493600 -0.0141138300
-0.1471649400 0.1368819700 -0.5394773800
-0.1886175600 0.1442158000 -0.5361959900
-0.2211663900 0.1301624000 -0.4975250700
-0.1835610400 0.1188615700 -0.4667570400
-0.1618795200 0.1106945800 -0.4413791400
-0.0145014400 0.1149008500 -0.4667894000
-0.0340002800 0.1499204700 0.1245415800
-0.0098906200 0.1332681200 0.0054033000
-0.0075648200 0.1322264700 -0.0263117500
-0.0318395600 0.1309832900 -0.0320262400
-0.2154262500 0.1370727800 -0.5028252400
-0.1021245600 0.1012984300 -0.4346907100
-0.0373856700 0.1269039200 -0.5306621400
-0.0627542300 0.1316577000 -0.5461475800
-0.1272481800 0.1631481900 0.0073194700
-0.1515972900 0.1728848500 0.0290933600
-0.1545227700 0.1816782200 0.0492001900
-0.1263628200 0.1716273100 0.0760747100
0.0094835800 0.1429068900 0.0989913200
-0.0882121400 0.1400215300 -0.0379036900
-0.0921814200 0.1418928600 -0.5657825300
-0.1251148700 0.1418607700 -0.5671270800
-0.1871951100 0.1524663100 -0.5414732200
-0.0174304700 0.1115484200 -0.4654582700
-0.0099416700 0.1227160300 -0.5001760000
-0.1627297300 0.1767078100 0.0690517200
-0.0962379300 0.1732514300 0.1216293000
-0.0482036000 0.1619280800 0.1267067200
-0.1836896300 0.1545906000 -0.5411215100
-0.2147952000 0.1427932700 -0.5109008500
-0.2111997500 0.1336856300 -0.4870763800
-0.2066145200 0.1307170300 -0.4795510000
-0.1276127800 0.1097925300 -0.4374104100
-0.0693810700 0.1087761800 -0.4407506500
-0.1354342700 0.1674007400 0.0065440300
-0.1393526800 0.1668966900 0.0133398300
-0.0871989900 0.1787486700 0.1268623800
-0.0160973000 0.1592760100 0.1096536600
0.0026875200 0.1525037000 0.1042420100
0.0076673400 0.1479286800 0.1037083900
0.0397520700 0.1352089700 0.0537276900
-0.0088484500 0.1394450100 -0.0043046900
-0.0480362300 0.1378210400 -0.0354047800
-0.1055934600 0.1410328200 -0.5687945000
-0.1346271000 0.1470713100 -0.5634468200
-0.1441707000 0.1432369200 -0.5406806900
-0.2059716700 0.1525589900 -0.5279846600
-0.2104074100 0.1520068800 -0.5233210100
-0.1810110300 0.1184479500 -0.4501147800
-0.1427326800 0.1087540500 -0.4371006700
-0.1408579800 0.1197618100 -0.4399514700
-0.0844652700 0.1098719900 -0.4421900900
-0.0126724600 0.1190579500 -0.4773981500
-0.0358447600 0.1308721500 -0.5273873500
-0.0602491100 0.1383601000 -0.5464745900
-0.1026183700 0.1935601300 0.1184604400
-0.0714327600 0.1812064100 0.1287204000
0.0295188500 0.1346753500 0.0452839900
-0.0012444500 0.1389039600 0.0081570400
-0.0500083900 0.1457638400 -0.0304886000
-0.0740119200 0.1425239600 -0.0397796100
-0.1014294800 0.1514728200 -0.5696442900
-0.1507585000 0.1418662000 -0.5375175500
-0.1927972700 0.1254247000 -0.4539150700
-0.0749191900 0.1122593700 -0.4263623200
-0.0425700800 0.1083386100 -0.4421714500
-0.0302180100 0.1102769000 -0.4448120600
-0.0237452500 0.1147536200 -0.4433854700
-0.0173310300 0.1275566000 -0.5059950800
-0.0715487800 0.1425892600 -0.5548683600
-0.1431656900 0.1753519600 -0.0017167200
-0.1438862900 0.1884124400 0.0728447500
-0.1223627000 0.1829450500 0.0653242300
-0.1123582400 0.1724704800 0.0758674200
-0.0246883000 0.1577281500 0.1177628200
0.0137268500 0.1491578000 0.0934809100
0.0378308000 0.1374784500 0.0463208700
0.0205449300 0.1356084300 0.0335115900
-0.1050564200 0.1559040300 -0.0370839000
-0.1407515500 0.1468684800 -0.5569660400
-0.0149951400 0.1267110300 -0.5000565300
-0.1504126800 0.1856938000 0.0663647600
-0.1011276500 0.1733100100 0.0858358000
-0.0328674500 0.1478374400 -0.0230653000
-0.1676791000 0.1543756700 -0.5320497700
-0.0870749000 0.1164519000 -0.4447384900
-0.0806177500 0.1122704600 -0.4397859800
-0.1425661500 0.1783820000 0.0189381500
-0.1076558700 0.1851339200 0.0865793100
-0.1082795800 0.1908709000 0.1092667100
-0.0503505000 0.1726062200 0.1238455700
0.0372404800 0.1393294000 0.0612700000
0.0067043600 0.1448477800 0.0071903700
-0.0056807900 0.1426928400 -0.0176270800
-0.0066963600 0.1382847100 -0.0248741000
-0.0567827500 0.1508330300 -0.0258933200
-0.0861242700 0.1557389300 -0.0335969900
-0.2020054900 0.1608749200 -0.5293738000
-0.2141378800 0.1406347400 -0.4710448500
-0.1852409100 0.1332580200 -0.4471699200
-0.1719100600 0.1242615200 -0.4407739400
-0.1257435800 0.1217960100 -0.4503320700
-0.0872042800 0.1172488800 -0.4238709800
-0.0408704700 0.1158141500 -0.4291179400
-0.0170325700 0.1187042300 -0.4543329200
-0.0292390300 0.1316660300 -0.4992741500
-0.0345887100 0.1326046600 -0.5180175700
-0.1150743000 0.1659363000 -0.0353543500
-0.1437841700 0.1713098400 -0.0067534100
-0.1417073100 0.1827501100 0.0198008400
0.0170801300 0.1515610500 0.0838197200
0.0202287300 0.1397359100 0.0336277000
-0.0025947400 0.1514416200 -0.0132623600
-0.0998759500 0.1607021700 -0.0353875900
-0.1448713700 0.1647469600 -0.5625693600
-0.2147539500 0.1495257400 -0.5069324100
-0.2217019600 0.1509598300 -0.4754714900
-0.2104296300 0.1427366800 -0.4618327600
-0.0173677800 0.1209579500 -0.4609090100
-0.0482410700 0.1373085800 -0.5368084900
0.0047875200 0.1611187800 0.0773470400
0.0408492300 0.1438523800 0.0534241200
0.0131268600 0.1513195600 0.0346806400
0.0096576100 0.1529384800 0.0135005200
-0.0548652300 0.1595511000 -0.0096102800
-0.0711816600 0.1617719700 -0.0153739800
-0.1081246700 0.1683959700 -0.0331912500
-0.1351573700 0.1759328600 -0.0168643700
-0.1496913000 0.1818132700 0.0320385400
-0.1428527100 0.1904046200 0.0358735200
-0.1468022300 0.1920412400 0.0621738100
-0.0898657800 0.1511680900 -0.5641663000
-0.1286733300 0.1594474200 -0.5671583200
-0.1597926200 0.1641563900 -0.5535280100
-0.1603922800 0.1610783600 -0.5474288300
-0.1637696800 0.1579726700 -0.5299739700
-0.2231556700 0.1556552100 -0.4969445700
-0.1116573700 0.1157090900 -0.4453007600
-0.1008345500 0.1254566900 -0.4510609600
-0.0459832900 0.1738331000 0.1190643000
-0.0115571600 0.1624169500 0.0964908800
0.0207681900 0.1479642600 0.0414464300
0.0068862600 0.1516809100 0.0038919000
-0.0075841900 0.1574380800 -0.0083835100
-0.0187247400 0.1474116300 -0.0221929800
-0.0912050200 0.1670116300 -0.0170972400
-0.1220432100 0.1737234200 -0.0314971700
-0.0400338400 0.1563091400 -0.0094608600
-0.0660481800 0.1668753900 -0.0087159400
-0.1455502700 0.1957938500 0.0612818800
-0.1154759800 0.1856636700 0.0663041700
-0.0287289100 0.1743294900 0.0980974700
0.0364002000 0.1451080900 0.0370125100
-0.0210003300 0.1258565500 -0.4743592800
-0.0541342300 0.1448862900 -0.5369488400
-0.0713735200 0.1513570800 -0.5483746900
-0.1175585000 0.1546286100 -0.5701997200
-0.1595144900 0.1573556900 -0.5354205100
-0.2126398900 0.1578873200 -0.5185226800
-0.1455011200 0.1570258200 -0.5605251700
-0.1847230100 0.1638595600 -0.5236350200
-0.1687144000 0.1299777100 -0.4454804000
-0.1486291000 0.1300507600 -0.4554968900
-0.0356862900 0.1357930200 -0.5068959800
-0.0472262800 0.1412633100 -0.5308956800
-0.0885407200 0.1692008300 -0.0150572400
-0.0991837300 0.1715975400 -0.0231916000
-0.1112295500 0.1772202600 -0.0329719700
-0.1336831200 0.1962641300 0.0564853400
-0.0957797800 0.1968548600 0.1220898300
-0.0362339500 0.1808368700 0.1010762100
0.0200769100 0.1570443600 0.0642074300
-0.2042270900 0.1477080700 -0.4607227300
-0.1239537800 0.1289911200 -0.4583164700
-0.1004988200 0.1297670300 -0.4463513200
-0.0185030000 0.1198574000 -0.4463313800
-0.0617999300 0.1516870900 -0.5366366600
0.0016402400 0.1558855800 -0.0022689900
-0.0792468700 0.1732112400 -0.0260169300
-0.1309481900 0.1861338400 -0.0254037000
-0.1449467700 0.1855951000 0.0097393800
-0.1507200000 0.1995247200 0.0451838000
-0.0771527900 0.1882954000 0.1284907100
-0.0746796500 0.2028395600 0.1245322000
0.0463756200 0.1436563800 0.0452031200
0.0456935000 0.1419991100 0.0390528400
-0.0872312100 0.1247080900 -0.4459700200
-0.0978609800 0.1224346100 -0.4253889200
-0.0294689200 0.1174725400 -0.4322355500
-0.0408808800 0.1450776900 -0.5174005500
-0.0984869900 0.1557346800 -0.5666264500
-0.1840819400 0.1677325500 -0.5233856200
-0.1978670800 0.1700311900 -0.5170011400
-0.2250325800 0.1626954800 -0.5066858900
-0.2249975000 0.1578578500 -0.4883452300
-0.2146730400 0.1537310700 -0.4658798800
-0.1952293700 0.1546882300 -0.4601032100
-0.1878675500 0.1469407900 -0.4590941200
-0.1746968400 0.1418526200 -0.4589145400
-0.1720808800 0.1446016900 -0.4622670100
0.0500155200 0.1510196700 0.0343787600
0.0388067400 0.1503119600 0.0218739300
-0.0273369200 0.1641085100 0.0017109400
-0.1378109400 0.1810291500 -0.0093676200
-0.1303683600 0.1984431800 0.0545407200
-0.1225122500 0.1961058400 0.0641771100
-0.1206637200 0.1994961800 0.0835167100
-0.0535882100 0.1892243000 0.1164649100
-0.0849713400 0.1204751800 -0.4182076100
-0.0167521100 0.1296494300 -0.4591096000
-0.0216660900 0.1302806000 -0.4738296200
-0.0297154900 0.1354302800 -0.4959571900
-0.1059042800 0.1629544400 -0.5681566800
-0.1615728900 0.1741833400 -0.5573203700
-0.1804571000 0.1741075900 -0.5423511600
-0.2220392600 0.1592303200 -0.4807022600
-0.1320907700 0.1345721100 -0.4561820700
0.0075509500 0.1586634900 0.0286264300
-0.0463015300 0.1703487400 -0.0065634500
-0.0581452000 0.1698068800 -0.0182102700
-0.1297676600 0.1919300000 -0.0005158200
-0.1430599800 0.1930017200 0.0082716400
-0.1508991400 0.2007994300 0.0324870500
-0.1276560300 0.2068369300 0.0705745500
-0.0673130300 0.1927358100 0.1274861000
0.0062041900 0.1658131700 0.0686736200
-0.0503382000 0.1222912000 -0.4261428200
-0.0255203400 0.1426216500 -0.4908461000
-0.0879760700 0.1555758700 -0.5566983300
-0.2172360800 0.1694191900 -0.5108773900
-0.1459832100 0.1353033500 -0.4600118400
-0.0057974000 0.1693947700 0.0266598600
-0.0237570800 0.1704601200 0.0122692700
-0.0425742400 0.1710642000 -0.0169580400
-0.1424852300 0.2045722900 0.0426595600
-0.1142547600 0.2063152900 0.1104238900
0.0234835000 0.1604985700 0.0534031100
0.0433336800 0.1531551900 0.0407231300
-0.0993599300 0.1301580500 -0.4333725200
-0.0306168300 0.1275927100 -0.4240434000
-0.0163358900 0.1291195700 -0.4470435400
-0.1990493200 0.1794789100 -0.5284907500
-0.2146169700 0.1642663300 -0.4799978200
0.0121741000 0.1574247700 0.0360503000
-0.0448582300 0.1706107100 0.0016261400
-0.0571948000 0.1730311300 -0.0207447000
-0.0986786000 0.1845374100 -0.0313359800
-0.0618216000 0.1961235300 0.1233887400
-0.0141807200 0.1784075800 0.0813802700
-0.1079838200 0.1352011300 -0.4263047600
-0.0936877800 0.1310674400 -0.4116987500
-0.0684758400 0.1208765100 -0.4218947500
-0.0592380600 0.1534963300 -0.5242916600
-0.0946102400 0.1675124300 -0.5590011300
-0.2200717200 0.1747825800 -0.5059873500
-0.2068942800 0.1620637300 -0.4644855900
-0.1792351800 0.1497135600 -0.4607312300
-0.1377300200 0.1391920400 -0.4431479900
-0.0434835200 0.1749951100 -0.0201035300
-0.1117726100 0.1826894000 -0.0336840100
-0.1492518000 0.2036723900 0.0256724200
-0.1398219600 0.2099924300 0.0463361600
-0.1204413900 0.2029029800 0.0902312800
-0.0380217000 0.1865348500 0.1007046500
-0.0069649800 0.1806006900 0.0754430400
-0.0711044000 0.1595016500 -0.5354492400
-0.1486882700 0.1803682700 -0.5613028400
-0.2140873400 0.1791281200 -0.5164554100
-0.1793185100 0.1541187000 -0.4568779500
-0.1673063000 0.1497301900 -0.4589433200
-0.1498031400 0.1456071700 -0.4465818700
-0.0719252900 0.1789300700 -0.0236542100
-0.1234473000 0.1943965600 -0.0218569000
-0.1313884600 0.2002977900 0.0128327700
0.0247137700 0.1657694900 0.0506300400
0.0461958400 0.1518477800 0.0178565600
0.0343168100 0.1619800200 0.0030144200
-0.0515783600 0.1327224400 -0.4247135300
-0.0222882200 0.1427951800 -0.4809298000
-0.0850815500 0.1624264100 -0.5458200100
-0.1262579200 0.1715111600 -0.5651164400
-0.1817566100 0.1785531100 -0.5443211900
-0.2131669600 0.1826896600 -0.5156028200
-0.2022112600 0.1767247500 -0.5026063500
-0.0908511700 0.1878898900 -0.0217095500
-0.1332418500 0.1922946900 -0.0194016800
-0.1357643500 0.2006091900 -0.0039442200
-0.1412692400 0.2090686700 0.0255325500
-0.1141392800 0.2127866800 0.0892880500
-0.0329577400 0.1928486900 0.0979687800
0.0414615700 0.1640593100 -0.0023182800
-0.0587715400 0.1291578400 -0.4246900200
-0.0450541000 0.1475364200 -0.5202668100
-0.1732041500 0.1820596600 -0.5478469000
-0.1996233300 0.1708547500 -0.4891417600
-0.1528155400 0.1496424700 -0.4278310900
-0.0097577100 0.1802283300 0.0213978000
-0.0708196500 0.1830971200 -0.0171640800
-0.1157860300 0.1979819700 -0.0131600400
-0.1323062600 0.2072022200 -0.0085722300
-0.1376571600 0.2071593200 0.0105236700
-0.1450156700 0.2121427200 0.0357942700
-0.1398686500 0.2148037900 0.0431577200
-0.1058009500 0.2166950000 0.1156367000
-0.0494987300 0.1951570900 0.1103691900
-0.1155061700 0.1417510200 -0.4205550600
-0.1123677000 0.1371921600 -0.4098927200
-0.0195496300 0.1347549900 -0.4405650000
-0.0350324200 0.1536564300 -0.4902437100
-0.2113334000 0.1861744300 -0.5235859200
-0.1938641700 0.1732677900 -0.4836454100
-0.1663183700 0.1557828300 -0.4480785100
-0.1522899300 0.1564171500 -0.4415092700
-0.0394426800 0.1788211500 0.0047629300
-0.1187807300 0.2152055400 0.0712144700
-0.1139023900 0.2139020800 0.1094260500
-0.1114743200 0.2215022600 0.1107676100
-0.0600891800 0.2059397000 0.1241406500
0.0480423100 0.1593258400 0.0365478200
0.0522775800 0.1516208700 0.0220133300
-0.0201591200 0.1384527100 -0.4556275900
-0.0314111000 0.1469289800 -0.5003766700
-0.0852180600 0.1694379600 -0.5471180100
-0.0855484200 0.1763799000 -0.5520363300
-0.1050899300 0.1765528400 -0.5604879000
-0.1685979700 0.1885595000 -0.5377963400
-0.1941755400 0.1879384400 -0.5342831900
-0.2065894900 0.1850256100 -0.5105110200
-0.1903410600 0.1618970500 -0.4547435400
-0.0578051100 0.1815426600 -0.0159053900
-0.1406174700 0.2111103400 0.0032432600
-0.1480659100 0.2208037600 0.0354074300
-0.1210511300 0.2209640700 0.0787650300
-0.0510668100 0.2071928200 0.1163505700
0.0556763600 0.1544715500 0.0266180000
-0.0310024500 0.1333396600 -0.4174870200
-0.0198026200 0.1369221500 -0.4316096400
-0.1367142100 0.1848690500 -0.5622633000
-0.1945198400 0.1695415600 -0.4780151600
-0.1549180700 0.1597220000 -0.4456787700
-0.0278756700 0.1839363300 0.0117079600
-0.1216936600 0.2276214600 0.0942654500
-0.1173916700 0.2269591600 0.1011098900
-0.0610679400 0.2110017700 0.1227325300
-0.1696012200 0.1644976300 -0.4223607500
-0.1001872300 0.1419301500 -0.4050112600
-0.0829592400 0.1387538600 -0.4149196400
-0.0213860600 0.1302265300 -0.4259474800
-0.0248111800 0.1458271900 -0.4523103500
-0.0273897400 0.1520192500 -0.4731233500
-0.0589485000 0.1585462000 -0.5165758600
-0.0773456500 0.1666917300 -0.5365409000
-0.2103096300 0.1935167400 -0.5219162000
-0.2084989600 0.1925813600 -0.5121366300
-0.1974025700 0.1805701400 -0.4915271900
-0.0461198800 0.1825701900 -0.0212153100
-0.0564404600 0.1895991900 -0.0109310800
-0.1374929600 0.2249915600 0.0696694100
-0.1351060200 0.2322978500 0.0796973800
-0.0974078600 0.2161027400 0.1176431700
-0.0052423300 0.1905044700 0.0770976200
-0.1536273500 0.1852218800 -0.5519306400
-0.1579809200 0.1919934900 -0.5356947000
-0.1865672300 0.1904473100 -0.5339282300
-0.2070166800 0.1890787900 -0.4867711000
-0.1836777700 0.1765893900 -0.4701588300
-0.1837348800 0.1706818800 -0.4589195900
-0.1798954600 0.1730020300 -0.4555520700
-0.1721008400 0.1673905100 -0.4491892500
-0.0261065200 0.1833210300 -0.0231740400
-0.1084491000 0.2094408800 0.0108925500
-0.1519761400 0.2319807200 0.0430224800
-0.1500552400 0.2266968000 0.0470665100
-0.1232968700 0.2325214600 0.0957039300
-0.1142955600 0.2377883400 0.0978759300
-0.2090377600 0.1928026900 -0.4903154000
-0.1731370800 0.1667124900 -0.4328675500
-0.1366818600 0.1545938700 -0.3978744800
-0.1171816000 0.1453244600 -0.3994051200
-0.0670600800 0.1420557100 -0.4218583000
-0.0687489200 0.1531789800 -0.4194678700
-0.0361912300 0.1421646200 -0.4130409200
-0.0186411400 0.1424881000 -0.4234047200
-0.0713104700 0.1806234000 -0.5409296800
-0.0770417400 0.1941781900 -0.0007092600
-0.1295281100 0.2195946500 0.0128893200
0.0176650000 0.1777657700 0.0566619600
0.0313801600 0.1781221500 0.0500290700
-0.1090572400 0.1856945800 -0.5554326500
-0.1555467100 0.1592588700 -0.4107611900
-0.0253543100 0.1527919600 -0.4508954800
-0.0374265400 0.1585957600 -0.4867036300
-0.0151519900 0.1894761200 0.0113847500
-0.0250700300 0.1798091100 -0.0151981800
-0.0365900000 0.1825475500 -0.0277562200
-0.0450518800 0.1900944200 -0.0303556900
-0.1456488700 0.2376412100 0.0391501000
0.0606088100 0.1794921300 0.0275476600
0.0629021600 0.1771688300 0.0193038500
0.0593101200 0.1667229900 0.0157427900
-0.1479449600 0.1973255400 -0.5510859100
-0.1982796100 0.1976147200 -0.5170109200
-0.2053924900 0.1968964200 -0.4822045400
-0.1370265800 0.1592912400 -0.3954800400
-0.1167215200 0.1510466700 -0.3951184500
-0.0771124100 0.1599034400 -0.4159061300
-0.0228025600 0.1885498200 0.0072129200
-0.0525346100 0.1921300800 -0.0169864300
-0.0459355400 0.2143150900 0.1167541200
-0.0240092700 0.2129556700 0.1094226300
-0.0136218400 0.1996871200 0.0902687100
0.0567823000 0.1689306700 0.0048607300
-0.0882698400 0.1800677100 -0.5534563400
-0.2042177100 0.1971250800 -0.5130663800
-0.1870936400 0.1782238900 -0.4373794800
-0.1791392500 0.1759267200 -0.4264144400
-0.1086267500 0.1580931600 -0.3959820300
-0.0299970000 0.1562209100 -0.4716580400
-0.0556909100 0.1659709800 -0.5098662100
-0.0679081900 0.1738034300 -0.5306615700
-0.0976491100 0.2135952300 0.0092270200
-0.1397560100 0.2215585000 0.0129303800
-0.1472804300 0.2239828200 0.0244163400
-0.0730435600 0.2273064400 0.1137372000
0.0458758000 0.1787755100 0.0435747300
-0.1452129700 0.2333970400 0.0611093700
-0.1033540000 0.2308688500 0.1100833000
-0.0911271200 0.2304099700 0.1124047000
-0.0447203300 0.2260188400 0.1119800900
-0.0438379900 0.1990463300 -0.0364913200
-0.0659172100 0.2072519800 -0.0084216100
-0.1300616100 0.2293360800 0.0263932800
-0.1562921600 0.1967924400 -0.5343694600
-0.2086373000 0.1946546100 -0.4720678700
-0.1545175200 0.1697749300 -0.4084737700
-0.0873926300 0.1876787700 -0.5459626100
-0.1185608300 0.1936271100 -0.5565047100
-0.1803824700 0.1980069300 -0.5073559000
-0.1977397800 0.1878429200 -0.4459535800
-0.1339526900 0.1611582700 -0.3934010300
0.0203453500 0.1807825800 -0.0163563600
-0.0095707500 0.1919177800 -0.0055862800
-0.0047752900 0.1974051700 -0.0234791000
-0.0726834400 0.2019108900 -0.0016394200
-0.1135733200 0.2213811800 0.0186378900
0.0547206900 0.1778970200 0.0358572700
0.0398276500 0.1729861100 -0.0129950700
-0.1606288200 0.2049182900 -0.5311567500
-0.1830335600 0.2034654300 -0.5010973900
-0.2009236600 0.1956963900 -0.4537029800
-0.1759484600 0.1810552100 -0.4240138000
-0.0356481100 0.1487332300 -0.4075781600
-0.0207179000 0.1439515800 -0.4157367600
-0.0181354200 0.1473680300 -0.4274436100
-0.0615711200 0.1665001800 -0.5177699100
0.0035280200 0.1900452300 -0.0118303900
-0.0028852000 0.1944780600 -0.0154006900
-0.0162652700 0.1904931200 -0.0237313200
-0.0269861400 0.1952935600 -0.0292920900
-0.1200318500 0.2316542600 0.0275285200
0.0374552500 0.1926786600 0.0496093000
0.0499262000 0.1657623500 0.0002700100
-0.1290841200 0.1945546900 -0.5590228200
-0.1932479200 0.2015138100 -0.4897018800
-0.1914788300 0.1921678000 -0.4370019000
-0.1671155000 0.1843448000 -0.4208646000
-0.1411643400 0.1710026000 -0.3997507300
-0.1172490700 0.1646644600 -0.3905335100
-0.0379699600 0.1659823500 -0.4878542500
0.0283049500 0.1827874900 -0.0239388200
-0.0836572800 0.2215699700 0.0011369600
-0.0855457600 0.2380646100 0.1095634100
-0.0612094800 0.2312248300 0.1089375900
-0.0140900100 0.2133782500 0.1024125100
0.0177887600 0.2080038500 0.0637627100
-0.1401352300 0.1972681700 -0.5570163100
-0.1743243200 0.2024158200 -0.5100443700
-0.1940754900 0.2099259000 -0.4884942300
-0.2000268300 0.2078382500 -0.4779904900
-0.0184745600 0.1574359900 -0.4314605300
-0.0757299700 0.1899950500 -0.5408347700
-0.0697075900 0.2212996000 -0.0146855300
-0.1295867200 0.2455647700 0.0784111500
0.0010866200 0.2058563300 0.0789911600
-0.1517321900 0.2073764700 -0.5454762100
-0.2052783400 0.2017481600 -0.4688135000
-0.0642243000 0.1598052900 -0.4151494800
-0.0154608400 0.2018949400 -0.0418416900
-0.0533446200 0.2050227300 -0.0330779800
0.0539897800 0.1897966400 0.0390916100
-0.1094164100 0.1983097300 -0.5520982000
-0.1844127400 0.2157406900 -0.5100659500
-0.1991168900 0.2085752900 -0.4705953300
-0.1066776500 0.1719262300 -0.3928179200
-0.0424214300 0.1725968700 -0.4981098500
-0.0673622200 0.1905156400 -0.5344203200
-0.0887944100 0.1944245700 -0.5465053200
-0.1457091600 0.2533850700 0.0489849300
0.0594849500 0.1874660000 -0.0079154900
0.0433396000 0.1817195400 -0.0203580000
-0.0168811200 0.2118642600 -0.0549874000
-0.1449517900 0.2485431700 0.0394873700
-0.0275197800 0.2228796100 0.1117680400
0.0269679600 0.1901377600 -0.0330039600
-0.0377112300 0.1582303800 -0.4024791700
-0.0310663600 0.1640061800 -0.4755485800
-0.1685459900 0.2135200900 -0.5267810400
-0.1323661400 0.2168644200 -0.5490709100
-0.1956340200 0.2139665600 -0.4820413800
-0.1904708300 0.2044178300 -0.4534854400
-0.1817228900 0.1990489200 -0.4324543100
-0.0305926700 0.1730232100 -0.4820469400
-0.0538157600 0.1801828500 -0.5132708200
-0.0633788700 0.1845552500 -0.5277003900
-0.0504246800 0.2101219100 -0.0406533000
-0.0987274300 0.2316409500 0.0099783500
-0.1068792500 0.2412544000 0.0161202800
-0.1244479400 0.2399304300 0.0300365500
-0.0700636100 0.2433281500 0.1085320000
-0.0199135900 0.2290756700 0.1113473000
0.0068086700 0.1981950300 -0.0312664200
-0.0832595700 0.2318249600 -0.0030567400
-0.1377775800 0.2570969500 0.0622917600
-0.1154306400 0.2493176100 0.0848423300
-0.0260568300 0.1452430100 -0.4109055300
-0.1845337000 0.2233177900 -0.5084440500
-0.0928358000 0.1683174900 -0.4048911800
-0.0415733600 0.2142878700 -0.0503761700
-0.0647513200 0.2227246800 -0.0277834300
0.0603991000 0.2004435300 0.0355190100
0.0504394000 0.1967814000 -0.0263294500
-0.0222932700 0.1640391100 -0.4450823200
-0.0775143100 0.1969504400 -0.5394015100
-0.0913224900 0.2007466500 -0.5486930100
-0.1635250600 0.2176795400 -0.5331436900
-0.1874272600 0.2176675500 -0.4732451800
-0.1498760900 0.1772979500 -0.4086465100
-0.1195402900 0.2117706500 -0.5515493500
-0.1477171500 0.2147145400 -0.5461433200
-0.1287707200 0.2530820000 0.0240253100
-0.0794318900 0.2562592800 0.1024171000
0.0112433100 0.2251099200 0.0758195300
-0.1806145900 0.2268803600 -0.5173042800
-0.1893249900 0.2041445100 -0.4423097700
-0.0203384800 0.1684227900 -0.4342708700
-0.0274990000 0.1589869900 -0.4612089900
-0.0523505600 0.1954959600 -0.5193537900
-0.0631957700 0.1946285900 -0.5278205800
-0.0023813500 0.2102065700 -0.0492737900
-0.0565289900 0.2234238600 -0.0420536600
-0.1281428300 0.2582203900 0.0701567100
-0.1054553800 0.2608386400 0.0813139600
-0.0756890400 0.2519310300 0.1058980200
-0.0497124000 0.2389680900 0.1108514800
-0.0299915600 0.2390687400 0.1118677800
0.0641198800 0.1899741400 0.0000127800
0.0191094800 0.2040563700 -0.0478910000
-0.1351592600 0.2229283600 -0.5432860300
-0.1876670800 0.2120572000 -0.4559264600
-0.1862861300 0.2020491800 -0.4360287100
-0.1600271700 0.2117430000 -0.4295335600
-0.1478096300 0.1915191800 -0.4128773200
-0.0780535800 0.1814981400 -0.4106745900
-0.0714741200 0.1752068500 -0.4134411100
-0.0189001000 0.1619496300 -0.4069070600
-0.0185283900 0.1632373200 -0.4181366000
-0.0203913000 0.1731511400 -0.4421852500
-0.1017288000 0.2440482400 0.0083184700
0.0358074900 0.2237027900 0.0559705700
-0.1429663700 0.2562525500 0.0363108900
-0.0092169900 0.2266562300 0.1053204400
-0.0182604800 0.1793211000 -0.4528572400
-0.0249365700 0.1777455300 -0.4730316200
-0.0280263200 0.1852719700 -0.4916438700
-0.1786416800 0.2212373500 -0.4390560000
-0.1432145700 0.1921295100 -0.4076576400
-0.1331896900 0.1810358200 -0.3936909100
-0.0078020800 0.2198410900 -0.0613989200
-0.0320504100 0.2231084100 -0.0581522600
-0.0822570700 0.2409020500 -0.0220490100
-0.1333912700 0.2651819700 0.0606521900
-0.0014548500 0.2182545300 0.0899925900
0.0252310000 0.2111422000 0.0589031400
0.0669419000 0.1941689400 0.0200757200
0.0447384900 0.2017432300 -0.0352228600
0.0313757600 0.2055231500 -0.0464801900
-0.0188034600 0.1675540500 -0.4072123400
-0.0411842100 0.1856866700 -0.5059759900
-0.0699103600 0.2019849900 -0.5311605500
-0.0820341700 0.2028350400 -0.5444509300
-0.1780855300 0.2315482700 -0.5177431300
-0.1850871200 0.2249187500 -0.4907313700
-0.1457519600 0.2008869400 -0.4116839200
-0.1585347500 0.2268447700 -0.5305741700
-0.1859875800 0.2392770900 -0.5042146400
-0.1884768200 0.2216286600 -0.4524195300
-0.0279337400 0.1586268800 -0.3981334000
0.0041816300 0.2160013600 -0.0583199500
-0.1079417700 0.2555869200 -0.0040849700
-0.1343036100 0.2670574300 0.0222372000
-0.1029653700 0.2670793100 0.0722815900
-0.0825247600 0.2620630800 0.0947939100
-0.0452974300 0.2527974000 0.1146663500
0.0696264400 0.2112591700 0.0163644300
-0.1128120400 0.2195021600 -0.5487901500
-0.0508001300 0.1692157000 -0.4068999500
-0.0824156300 0.2465961200 -0.0281884700
-0.1202022500 0.2583574500 0.0092037300
-0.1297823900 0.2730907400 0.0568897600
0.0065250000 0.2401993500 0.0865879200
0.0686312500 0.1998463700 0.0028149800
0.0580106200 0.1992752300 -0.0202373700
0.0216074000 0.2235309000 -0.0629927600
-0.1394841200 0.2313114800 -0.5246510100
-0.1778183300 0.2392858100 -0.5110843900
-0.1888128100 0.2381828500 -0.4954020200
-0.1833202700 0.2263427600 -0.4789101200
-0.1140430400 0.1866690500 -0.3857595100
-0.0204477300 0.1629081500 -0.4003439000
-0.0213029800 0.1838720100 -0.4678295000
0.0130922500 0.2152650800 -0.0595768500
-0.1399677000 0.2670085300 0.0522362800
-0.0680611200 0.2623925500 0.1045091400
-0.0030311300 0.2408980100 0.1037738200
0.0207923000 0.2215814100 0.0638343900
-0.1880732700 0.2335215900 -0.4670718500
-0.1338967000 0.1942669200 -0.3906280500
-0.1249941800 0.1915962100 -0.3851630200
-0.0184173900 0.1776880300 -0.3928937800
-0.0735150700 0.2474880600 -0.0397446800
-0.1113017700 0.2683630000 0.0664814300
-0.0840756200 0.2685644800 0.0839596000
-0.0498689600 0.2547515400 0.1145050900
-0.0154602100 0.2452012100 0.1107936600
0.0664060000 0.2153172600 0.0282513100
-0.1851702700 0.2232674900 -0.4442556100
-0.1416350600 0.2038737500 -0.3979225600
-0.0566434700 0.2072701800 -0.5260479400
-0.1161877200 0.2633669600 -0.0019907100
0.0601337000 0.2198278900 -0.0350855100
-0.0847281800 0.2133271600 -0.5471716400
-0.1594400200 0.2361199700 -0.5162100800
-0.1691359100 0.2461671800 -0.5067922100
-0.0450829800 0.1792111200 -0.3979304400
-0.0175434900 0.1747646500 -0.4202371900
-0.0139010100 0.1833894700 -0.4443873800
-0.0176989500 0.1966843100 -0.4800020000
-0.0445095700 0.2040384900 -0.5156802600
0.0171729800 0.2290070000 -0.0666807700
-0.1415178700 0.2664758900 0.0366133700
-0.1055633700 0.2749428700 0.0682742600
-0.0096958300 0.2496895600 0.1099653700
0.0382857200 0.2259426900 -0.0539778700
-0.1149802000 0.2300493800 -0.5387326700
-0.1292996300 0.2043463800 -0.3836147700
-0.0307627500 0.1942318000 -0.5024195900
-0.0188473600 0.2318667300 -0.0624436600
-0.0943090000 0.2729860900 0.0727927400
-0.0438203800 0.2603804300 0.1125357400
-0.0714530100 0.2175647700 -0.5431935400
-0.0991282600 0.2335864600 -0.5386283400
-0.1889206200 0.2358419000 -0.4602537400
-0.1546271600 0.2153223700 -0.4261742000
-0.1033736100 0.1971646900 -0.3889686100
-0.0542180600 0.1938338400 -0.3986795100
-0.0093204600 0.1769874300 -0.4064858200
-0.0114584500 0.1844228700 -0.4337393300
-0.0498704700 0.2426907800 -0.0531123400
-0.0582867100 0.2698799700 0.0996618400
0.0532472900 0.2123568600 0.0443246100
-0.1882629500 0.2512421300 -0.4912827000
-0.1486089100 0.2281712300 -0.4161011300
-0.0598766800 0.2419648300 -0.0482597400
-0.1345073600 0.2807541100 0.0454009800
-0.0012167800 0.2275317500 -0.0644410400
-0.0911141900 0.2632046400 -0.0306038300
-0.1178111800 0.2703230200 -0.0041350400
-0.1235916300 0.2811374000 0.0618907100
-0.0723896300 0.2789449000 0.0858168600
-0.0338078500 0.2597231100 0.1151056400
-0.0027483800 0.2508748100 0.1057594000
0.0712692400 0.2111499000 0.0085762900
0.0482887200 0.2213021300 -0.0457450500
-0.0606774100 0.2127186400 -0.5377548500
-0.0882942700 0.2315314100 -0.5397746800
-0.1246931100 0.2374352300 -0.5245348500
-0.1905239300 0.2434494300 -0.4814632400
-0.0633655300 0.1878542400 -0.4068224100
-0.0378306500 0.1757096400 -0.3947992400
-0.1072822000 0.2112844100 -0.3818877700
-0.0811756300 0.2010486100 -0.4027129800
-0.0144653400 0.1889737700 -0.4602944200
-0.0369286400 0.2096265500 -0.5100660400
-0.0686024000 0.2738626200 0.0923175800
0.0678444000 0.2142277700 -0.0178138900
-0.0721123600 0.2285690700 -0.5392376700
-0.1490273100 0.2383177300 -0.5173049700
-0.1830616000 0.2463751900 -0.5024897400
-0.1769260900 0.2367615400 -0.4466981500
-0.1179341100 0.2032920900 -0.3811722500
-0.0469963600 0.2160624000 -0.5281211500
-0.1315585400 0.2851261100 0.0252718300
-0.0831201800 0.2870553100 0.0769346600
0.0494987400 0.2317769600 0.0490439800
-0.0921126500 0.1884163800 -0.4016957500
-0.0061761000 0.1864776900 -0.3983562800
-0.0025132800 0.1857313500 -0.4080822600
-0.0306803900 0.2108181600 -0.5036407500
-0.1264774700 0.2781380800 0.0075536800
0.0040192700 0.2624133000 0.1000895700
0.0221742300 0.2495609700 0.0687913900
0.0646091200 0.2204501700 -0.0299462600
-0.1342937500 0.2380379000 -0.5221860500
-0.1592400800 0.2519519900 -0.5073994400
-0.1841253900 0.2440166400 -0.4560479500
-0.0293484300 0.1793629200 -0.3895013900
-0.0028133000 0.1882694000 -0.4215101500
-0.0041756200 0.2024369200 -0.4640195200
-0.0198927400 0.2055610300 -0.4866074500
-0.1305832300 0.2822698400 0.0536281900
-0.0609043200 0.2851335100 0.0898794400
-0.0486827700 0.2832795600 0.0970414600
0.0281732600 0.2469152200 0.0626748000
0.0235865500 0.2447493000 -0.0693070300
-0.1776165600 0.2655423600 -0.4914474400
-0.1896258900 0.2566996300 -0.4792436500
-0.1874962100 0.2491736600 -0.4643646100
-0.1562849700 0.2295451700 -0.4312097400
-0.1368272100 0.2201112100 -0.3867353800
-0.0852263300 0.2184220300 -0.3917211600
-0.0140234300 0.1930925800 -0.3863383700
-0.0562999200 0.2592775700 -0.0538333300
-0.1053127900 0.2769609400 -0.0208274000
-0.1258363600 0.2904125800 0.0455655200
0.0720654300 0.2198196700 -0.0084253800
-0.1674750000 0.2483300000 -0.4509865400
-0.1626702400 0.2366241900 -0.4411255400
-0.0461703400 0.2237370400 -0.5287242500
0.0143427400 0.2518916600 -0.0710225000
-0.0364957300 0.2553458500 -0.0588527800
-0.1254979500 0.2930894900 0.0184517100
-0.0267245800 0.2759272100 0.1115475400
0.0630316800 0.2290103800 0.0385349200
-0.1350745200 0.2540801500 -0.5189909100
-0.1430052400 0.2511404400 -0.5179123600
-0.1439856400 0.2207078700 -0.3983012900
-0.0459072200 0.2118818100 -0.3812607300
-0.0255686100 0.1867843700 -0.3860969100
-0.0019377900 0.2408851300 -0.0654899300
-0.0886113900 0.2752372700 -0.0382330000
-0.0720890000 0.2929142000 0.0794567600
-0.0398579400 0.2768879300 0.1093134100
0.0759876000 0.2342837100 0.0097832900
-0.0947258200 0.2459843700 -0.5299157800
-0.1855754900 0.2670372000 -0.4764646300
-0.0673284500 0.2041514000 -0.3997234500
0.0048285600 0.2037598500 -0.4418525500
-0.0787556000 0.2808844200 -0.0466998400
-0.1261869800 0.2852536000 0.0079335200
-0.1186915000 0.2970150700 0.0007595400
-0.1099761700 0.3017815100 0.0699177400
0.0417529000 0.2446941100 0.0540920100
0.0734416100 0.2288756300 0.0187837600
-0.0548293100 0.2256889700 -0.5357546000
-0.1847213900 0.2691024700 -0.4837351800
-0.1201521300 0.2185752500 -0.3777508700
-0.0579633700 0.2073378600 -0.3944167500
0.0025321300 0.1982825000 -0.4295189500
0.0060372000 0.2116714500 -0.4507937300
-0.1097800300 0.2846792200 -0.0163518500
-0.1086403100 0.2895648400 0.0725226400
-0.0984170000 0.2959062400 0.0769604900
-0.0079665900 0.2671479000 0.1088988900
-0.0028702900 0.2801842400 0.1073796000
-0.1233281600 0.2168868500 -0.3781304000
-0.0269077400 0.2167825400 -0.5012109700
-0.1200629600 0.2963696600 0.0552645700
0.0040642000 0.2738120000 0.1012156700
0.0741065500 0.2311395900 -0.0196425300
-0.0749950700 0.2415334200 -0.5337284900
-0.1070746900 0.2550513300 -0.5202240900
-0.1806641900 0.2646667700 -0.4685256900
-0.1632880800 0.2561715000 -0.4505978100
-0.1529304900 0.2389339300 -0.4259017300
-0.1622922300 0.2669621000 -0.4475770700
-0.0362254400 0.2044279600 -0.3800713100
0.0041662500 0.1966661900 -0.4037978700
-0.0134861000 0.1984831200 -0.4734079400
-0.0433383400 0.2310199100 -0.5289742100
0.0122692700 0.2600491600 0.0846190900
0.0728748800 0.2197687000 0.0001455800
0.0717667300 0.2391935800 -0.0344771900
-0.0809461600 0.3133380000 0.0852550700
-0.0899793900 0.2527572700 -0.5235696100
-0.1227328400 0.2669113000 -0.5189810200
-0.0096837900 0.2267804100 -0.4821254400
-0.0301481900 0.2319558500 -0.5117601600
-0.0854492300 0.2958506500 -0.0459738700
-0.0539007400 0.2944419600 0.0917133300
-0.0331800900 0.2901598000 0.1026267000
-0.0143633200 0.2873391900 0.1118737800
0.0599680900 0.2341021700 -0.0467985500
-0.0526237900 0.2468935800 -0.5318953600
-0.1409255600 0.2772443400 -0.5118189000
-0.1492144300 0.2699265800 -0.5092316900
-0.1493795400 0.2465367500 -0.4057128300
0.0062375600 0.2005168300 -0.4145210300
0.0084242000 0.2076855500 -0.4348266700
-0.0205823500 0.2295324000 -0.4980622900
-0.0367745300 0.2713916600 -0.0590080500
-0.1192481200 0.3024200900 0.0262609600
0.0779074300 0.2486704000 0.0173512500
0.0460037300 0.2504164000 -0.0636168700
0.0336569000 0.2444174800 -0.0649527500
-0.1695340200 0.2657868900 -0.4619277300
-0.0771054900 0.2183516300 -0.3941731000
-0.0941094800 0.2904618900 -0.0376862600
-0.1176474200 0.3058631500 0.0107593400
-0.1074674800 0.3159164100 0.0544864300
-0.0332407600 0.2145038300 -0.3720690100
0.0112123000 0.2189632200 -0.4401801200
-0.0178428400 0.2633095100 -0.0639016300
-0.1022262500 0.3149905400 0.0718682900
-0.0588831100 0.3209378800 0.0897161500
0.0149779600 0.2752475500 0.0805232600
0.0678494900 0.2437052600 0.0349547800
0.0775417400 0.2400907200 -0.0056379900
-0.1312451200 0.2741725900 -0.5165326600
-0.1726122600 0.2820326900 -0.4930793000
-0.1655228200 0.2694580500 -0.4568493800
-0.1361729400 0.2417953700 -0.3788436700
-0.1272631300 0.2318136800 -0.3747272800
-0.1111118600 0.2247097000 -0.3748276000
-0.0960667200 0.2238265800 -0.3815018800
0.0165946600 0.2192184500 -0.4009221900
0.0156393000 0.2139783900 -0.4205396900
0.0010694900 0.2232628300 -0.4660684900
-0.0633190700 0.2844889700 -0.0533261500
-0.1401109800 0.2460831500 -0.3825470000
-0.1145180500 0.2547322800 -0.3632658800
-0.0050859200 0.2287810000 -0.4764244100
0.0025114200 0.2698549500 -0.0723017800
-0.0765227600 0.2969596400 -0.0508410100
-0.0562636200 0.3087174100 0.0887160900
-0.0331871500 0.3048723100 0.1043234300
-0.0647539500 0.2517044300 -0.5309987700
-0.1536733500 0.2552516100 -0.4208668400
-0.0222625300 0.2043103500 -0.3788635500
0.0111160600 0.2063538600 -0.4070222700
0.0276087700 0.2665480000 -0.0730061200
-0.0960923900 0.2965395400 -0.0347297200
-0.1118835000 0.3101147500 0.0001325400
0.0232948400 0.2697813900 0.0687391200
0.0732438800 0.2440815800 0.0268968800
0.0808705800 0.2547314900 -0.0014641000
-0.0821494000 0.2626649300 -0.5246163900
-0.1796873900 0.2789632200 -0.4863045600
-0.1651486000 0.2885408600 -0.4642852800
-0.0791649300 0.2334637300 -0.3845605700
0.0099091600 0.2136416100 -0.3941896200
0.0139653200 0.2141937600 -0.4298751700
-0.0700113100 0.3042818400 -0.0529973800
-0.1137502800 0.3188918700 0.0240630400
-0.0173262000 0.2990697200 0.1099545400
0.0079137100 0.2867210400 0.0980914900
0.0368716100 0.2779725200 0.0611266200
0.0685709200 0.2393939700 -0.0408964700
-0.0550036900 0.2568428500 -0.5276665900
-0.0987798600 0.2533518000 -0.3617459200
-0.0436513000 0.2465523300 -0.5270047100
0.0118157000 0.2807967200 -0.0784150600
-0.0909608600 0.3036280300 -0.0365562700
-0.0038273200 0.2957167800 0.1069002100
0.0498415900 0.2591161800 0.0485010200
0.0732266100 0.2445881800 -0.0327457600
-0.1648076100 0.2774980000 -0.4567431700
-0.0316823000 0.2491821100 -0.5127002800
-0.0286816400 0.2927289400 -0.0612768600
-0.0374883000 0.3156001100 0.1017101800
0.0515972500 0.2466082600 -0.0586663700
-0.0980708600 0.2736847100 -0.5224941500
-0.1637419400 0.2760553900 -0.4396861300
-0.1563596900 0.2684778600 -0.4185338400
-0.1425387000 0.2407900400 -0.3884908000
-0.1091794600 0.2400129700 -0.3679373800
-0.0576893300 0.2193924200 -0.3876429800
0.0089645600 0.2294440200 -0.4554989700
-0.0995385000 0.3014136400 -0.0259841600
-0.1081525200 0.3245396500 0.0133141900
-0.0931227500 0.3178529500 0.0817792500
0.0037146200 0.3062056500 0.1026293000
0.0841903900 0.2722712000 -0.0199604000
0.0764096700 0.2768407900 -0.0586625300
-0.1635620400 0.2935469600 -0.4956892400
-0.1603425300 0.2987156500 -0.4604780100
-0.1504946000 0.2588774600 -0.4007986400
-0.1307351900 0.2457714600 -0.3735750900
-0.0226633100 0.2422060200 -0.5029546100
-0.0824671000 0.3089292400 -0.0482890500
-0.0985576600 0.3230493700 -0.0006180400
-0.0499883700 0.3285975500 0.0931009000
0.0259833700 0.2911926700 0.0699254200
0.0686859600 0.2546246300 -0.0520086000
-0.0697268700 0.2646793300 -0.5260641900
-0.1694586000 0.2998972400 -0.4861348100
-0.0711590400 0.2442376100 -0.3793566900
-0.1091842000 0.3296008400 0.0239439200
-0.0963153100 0.3277507000 0.0703173200
0.0628885600 0.2525323800 0.0417098600
-0.1771523400 0.2834421500 -0.4747933700
-0.0888787200 0.2415478900 -0.3740471200
-0.0565019100 0.2347872800 -0.3760574700
-0.0888018900 0.3101205200 -0.0379459200
-0.1098454500 0.3199975700 0.0431901800
0.0797604700 0.2669920600 0.0226195200
0.0441069000 0.2650623000 -0.0691352000
-0.1078906800 0.2844482800 -0.5184271200
-0.1630284100 0.2910385300 -0.4380207100
0.0009875700 0.2440937200 -0.4747323400
-0.0112988500 0.2443718300 -0.4901616100
-0.0385183500 0.2559016400 -0.5238267400
-0.0481394500 0.3115809600 -0.0569105300
0.0080960700 0.3084597800 0.0977259100
0.0153992700 0.2943651100 0.0831143100
0.0877650800 0.2800422100 -0.0038313500
0.0633608300 0.2680213600 -0.0622140800
-0.1239939700 0.2870769800 -0.5128947300
-0.1450507300 0.2921695100 -0.5037905500
0.0229033500 0.2274498100 -0.4282002900
0.0219472400 0.2312922700 -0.4393138700
-0.0926653700 0.3258426300 -0.0112105400
-0.0956390500 0.3184315100 -0.0112968200
0.0817077200 0.2637025600 -0.0205370900
0.0025707000 0.2812376400 -0.0757797900
-0.0848801000 0.3262780500 0.0861130800
-0.0227295500 0.3341365000 0.1028472100
0.0565581300 0.2967748300 0.0429261700
0.0808885800 0.2536167500 0.0070339200
0.0859450500 0.2769639700 -0.0468672000
0.0209020200 0.2794612900 -0.0763891500
0.0228894100 0.2274391900 -0.4130915200
0.0235161800 0.2403424900 -0.4427243100
0.0096460200 0.2371972800 -0.4585388100
-0.0471770300 0.2695389700 -0.5239515600
-0.0708792700 0.2802470600 -0.5229289400
-0.1550902600 0.2838029700 -0.4056978600
-0.1433135800 0.2729636100 -0.3815605300
0.0185337500 0.2478481000 -0.4532379800
-0.0131632200 0.2573512100 -0.4941851200
-0.0292569000 0.2605486900 -0.5117417000
-0.0404905200 0.2769100600 -0.5200133100
-0.0160337400 0.2853627500 -0.0654692300
0.0495642000 0.2754957200 -0.0673623700
-0.0129719000 0.2240577500 -0.3709813700
-0.0004289300 0.2543974600 -0.4782029000
-0.0901141700 0.3235215700 -0.0345298800
-0.0310282100 0.3341847400 0.1022918200
0.0242741600 0.3177677400 0.0781956100
0.0813065600 0.2608774100 0.0152633900
-0.1529404400 0.3042342500 -0.4961534200
-0.1628084900 0.3074515000 -0.4757501500
-0.1322319200 0.2807631100 -0.3660071200
-0.1230773700 0.2750137900 -0.3605482500
-0.0772931500 0.2479241800 -0.3768855700
-0.0491563600 0.2404721200 -0.3661730600
0.0305967500 0.2433242700 -0.4222978600
-0.0225238100 0.2581155900 -0.5046290700
-0.0884343500 0.3312503600 -0.0421887600
-0.1036427900 0.3405830000 0.0528012400
-0.0914218800 0.3460467600 0.0747868900
-0.0764035600 0.3388385300 0.0878768900
-0.0059948200 0.3151360900 0.1055615500
0.0913273700 0.2851316600 -0.0435723500
0.0318287800 0.2853325500 -0.0732431100
-0.0546808900 0.2794912400 -0.5238644600
-0.1621687000 0.3142491400 -0.4530605700
-0.1051748600 0.2550924600 -0.3608393700
-0.0257752500 0.2454638200 -0.3562381900
-0.0057178100 0.2192727100 -0.3768204800
-0.0664580200 0.3389307700 -0.0534396000
0.0851370300 0.2707579500 -0.0316527300
0.0210596300 0.2957741100 -0.0797184500
-0.0899481200 0.2817868000 -0.5214874300
-0.0587057400 0.2469300400 -0.3715827900
-0.0333602600 0.2325401000 -0.3623035400
0.0001780100 0.2182896400 -0.3817565300
0.0089373800 0.2209668100 -0.3877555400
-0.0687954500 0.3318366300 0.0902916600
0.0482164900 0.2877463400 -0.0667534000
-0.1336610100 0.3033311300 -0.5014607500
-0.1519471200 0.3158754900 -0.4927976900
-0.1607467100 0.3132420100 -0.4719914000
-0.0173445300 0.2974121200 -0.0669557000
-0.0951467700 0.3437845300 0.0135968000
0.0001975700 0.3287329200 0.1011956400
0.0394360400 0.2977509600 0.0601685700
0.0737956600 0.2724839900 0.0335724300
0.0799832400 0.2747379300 -0.0543059000
0.0086030000 0.2476357500 -0.4663594600
0.0066877100 0.2680722800 -0.4735131600
-0.0171539900 0.2705236500 -0.4988812300
-0.0970125700 0.3544797100 0.0486024500
0.0877362900 0.2862545200 0.0099861200
0.0103634900 0.3008833500 -0.0845211300
-0.0426045300 0.2874514500 -0.5194951200
-0.0952305800 0.3382810200 0.0167620800
-0.1086599600 0.3355184800 0.0386002600
0.0812171000 0.2948598500 0.0278062900
-0.1067877700 0.3031111500 -0.5086460000
-0.1119420100 0.3147802400 -0.5034683000
-0.1592753800 0.3244234400 -0.4758116500
-0.0032635600 0.2421984100 -0.3665616900
0.0312389200 0.2454459600 -0.4032219800
0.0205798100 0.2612218100 -0.4533760000
-0.0920689300 0.3285264000 -0.0165924500
-0.0862594300 0.3631206100 0.0777844700
0.0882853200 0.2832173000 -0.0230478700
-0.1614102300 0.3121488400 -0.4889442500
-0.0773543200 0.3182132000 -0.0508164100
-0.0765909000 0.3431605400 -0.0501249100
-0.0955221800 0.3436630900 -0.0303328800
0.0173975500 0.3287773200 0.0882994500
-0.0622795100 0.2937780700 -0.5204196200
-0.1620561500 0.3111514500 -0.4347922400
-0.0738455600 0.2619417800 -0.3693795800
-0.0165400900 0.2861074400 -0.4986498400
-0.0364546800 0.2903370300 -0.5143330000
0.0317464900 0.3012792700 -0.0719169200
0.0070835200 0.3148591300 -0.0872308200
-0.0061544600 0.3121961700 -0.0806589300
-0.0697515500 0.3613897500 0.0872759300
0.0770327800 0.2878748100 -0.0615222900
-0.1133222900 0.2920296500 -0.3512199600
-0.0745182700 0.2690315300 -0.3655250000
0.0297757200 0.2459211600 -0.4338219700
0.0466375300 0.3032099800 -0.0636779400
-0.0995889500 0.3537121100 0.0022032600
-0.0901492700 0.3624646800 0.0453052600
0.0891472800 0.2967027000 -0.0592680100
-0.0581253100 0.3005426300 -0.5187375400
-0.1596130200 0.3308818600 -0.4263695700
0.0176138500 0.2493754300 -0.3774149800
0.0267169500 0.2490777600 -0.3873254700
0.0269596900 0.2403319000 -0.3960707900
0.0076145200 0.2738993600 -0.4721037200
-0.0083718600 0.2748920500 -0.4894566800
-0.0252337700 0.3225887700 -0.0645377400
-0.0925841000 0.3633564300 0.0613791700
0.0502762500 0.2985696100 0.0488351900
0.0954750900 0.3031975500 -0.0568557500
-0.0475140900 0.2981183200 -0.5177388000
-0.1085421200 0.3295379900 -0.5006351600
-0.1004964500 0.2786306300 -0.3505929000
-0.0916074400 0.2700414800 -0.3546852900
-0.0456134400 0.2406865300 -0.3635032800
-0.0368169200 0.2545142700 -0.3514875300
0.0363024800 0.2542979000 -0.4219110000
0.0855527900 0.3040646100 -0.0627471600
-0.0928233900 0.3543314100 0.0404716100
0.0686039100 0.2849710300 0.0368794600
-0.1599959900 0.3229516700 -0.4521542900
-0.1609750000 0.2953287600 -0.4186849800
0.0344221600 0.2595522500 -0.4351072700
0.0685398300 0.2958585300 -0.0625471200
-0.0196108500 0.3373252300 -0.0701718000
-0.0706783200 0.3778366500 0.0864516300
-0.0441213900 0.3507184600 0.0940391900
-0.1489897300 0.2985672500 -0.3875761600
-0.1274458000 0.2792711900 -0.3620179400
-0.0561147000 0.2674349500 -0.3588046800
-0.0253616600 0.2661419200 -0.3457474900
0.0136712400 0.2715155200 -0.4640005400
0.0405432900 0.3185026100 -0.0685014900
0.0188168900 0.3093805100 -0.0841499700
-0.0831906000 0.3090428100 -0.5108297600
-0.1425489100 0.2900581500 -0.3760392800
-0.1372707200 0.2916656500 -0.3689771300
-0.0143602800 0.2694071300 -0.3491413700
-0.0019174300 0.2814063100 -0.4819340100
0.0486761000 0.3137053500 -0.0632923100
0.0305678300 0.3186772400 -0.0762489400
-0.0056821900 0.3266863300 -0.0838565700
-0.0939261400 0.3618801300 -0.0345863000
-0.0893659200 0.3664036500 0.0727315900
0.0241037700 0.3397819100 0.0818702100
0.0930522200 0.2896894500 -0.0373131900
0.0376220400 0.2567902800 -0.4090595300
-0.0421244600 0.3406629900 -0.0587519400
-0.0924597500 0.3632640000 0.0359837800
0.0361280000 0.3161589000 0.0682404100
-0.1467748600 0.3293599100 -0.4892694300
0.0075933900 0.2539585000 -0.3672711600
0.0357120700 0.2600410800 -0.3948374400
-0.1549959600 0.3266456100 -0.4839767400
-0.1226080800 0.3015585700 -0.3532454900
0.0395817300 0.2679255100 -0.4292017200
-0.0050713800 0.2906510200 -0.4858794800
-0.0334427200 0.3090312900 -0.5093528000
0.0382228100 0.3264392400 -0.0764519500
-0.0007009400 0.3552945900 0.0968167700
0.0766566400 0.3098387200 0.0330862600
0.0934797100 0.3051187200 -0.0178447900
-0.0583001700 0.3649918900 0.0900787600
-0.0233752400 0.3560639000 0.0997149200
0.0975526200 0.3141716200 -0.0194868500
-0.1567218000 0.3165191800 -0.4106164800
-0.0350785600 0.2615721800 -0.3477990000
0.0304938200 0.2818967900 -0.4521869400
-0.0125520000 0.3019688300 -0.4933742400
-0.0234183200 0.2993350500 -0.5061269800
-0.0246745900 0.3500178200 -0.0669482400
-0.0846124400 0.3444215800 -0.0456137400
-0.1009518700 0.3660503500 -0.0172332500
-0.1009121300 0.3617021400 -0.0107329900
-0.0865624500 0.3790404500 0.0495725000
0.1032996200 0.3142344600 -0.0545797100
-0.1532054000 0.3360757200 -0.4562196600
-0.0952952300 0.2921289800 -0.3461325700
0.0547202500 0.3005000200 -0.3916414700
0.0497093500 0.2860164500 -0.4041386400
0.0600021900 0.3222193900 -0.0598261200
0.0049933800 0.3275816600 -0.0905751500
-0.0118047200 0.3313119700 -0.0779446200
-0.0832399900 0.3772950400 0.0609503500
-0.0362357500 0.3809764100 0.0906830900
0.0597055600 0.3175949500 0.0424464100
-0.1583493000 0.3324549200 -0.4370238200
-0.1508457700 0.3159377000 -0.3918268500
-0.1310925300 0.3185810200 -0.3573997500
-0.0557611700 0.2909828300 -0.3471335400
0.0242370400 0.2748227700 -0.3674342700
0.0116461600 0.2830444000 -0.4694502200
0.0885510500 0.3199958300 -0.0637848200
-0.0351282200 0.3497460700 -0.0608679500
-0.0068848100 0.3500854700 0.0996807100
0.0106612100 0.3405473000 0.0941173000
0.1022018100 0.3108166200 -0.0385973100
-0.0611347800 0.3095075800 -0.5144932300
-0.1441888100 0.3466982500 -0.4784698900
-0.1494397800 0.3416662900 -0.4694060200
-0.0793949500 0.2910906200 -0.3488848800
-0.0620691900 0.2889364500 -0.3509519400
0.0315944300 0.2707917700 -0.3768955500
0.0477763300 0.2820547900 -0.4003874200
0.0176106700 0.3211528400 -0.0877105900
0.0119379300 0.3351493200 -0.0929224700
-0.1032231500 0.3846668500 0.0105228400
-0.0794732400 0.3835395700 0.0721870400
-0.0754549800 0.3842803200 0.0808469600
0.0224216600 0.3475450800 0.0842751300
-0.1375870200 0.3471094400 -0.4852879900
0.0473143400 0.2806668400 -0.4104628900
0.0527950400 0.3360669200 -0.0784340300
-0.0550880300 0.3890442500 0.0885247100
0.0338220500 0.3546804100 0.0752181400
0.0493461100 0.3250113000 0.0543352800
0.0936497700 0.3115240900 0.0003573600
0.1034131800 0.3167432300 -0.0388240700
-0.1359324100 0.3283220000 -0.4934809200
-0.1261450700 0.3508353000 -0.4884460600
-0.1422468700 0.3141485100 -0.3717300000
-0.0299223600 0.2935449800 -0.3318423000
0.0063347700 0.3055780800 -0.4761308500
0.0575360900 0.3302662800 -0.0659096700
-0.0603453500 0.3687730000 -0.0538112600
-0.1009557800 0.3793440400 0.0200725000
-0.0626769300 0.3947525500 0.0859966300
0.0866249500 0.3041885600 0.0209122100
0.0978515400 0.3242070800 -0.0100188600
-0.0469861700 0.3173589500 -0.5115321300
-0.0754421400 0.3341820400 -0.5051133100
-0.0911115400 0.3419390200 -0.5003630200
-0.1094241000 0.3484965500 -0.4949996300
-0.1573830900 0.3422835600 -0.4295577100
-0.0292215700 0.2753630400 -0.3404463000
0.0059608800 0.2675146600 -0.3599756400
0.0401582500 0.3374316500 -0.0825479800
-0.0027652500 0.3446894300 -0.0906837600
0.1004186400 0.3257000400 -0.0256381600
0.1010945600 0.3311407200 -0.0647618800
-0.0549707800 0.3299066900 -0.5094825200
-0.1282247500 0.3046212200 -0.3572781600
-0.0951027100 0.3889281400 0.0375164600
0.0118690000 0.3605361600 0.0897393500
-0.0455377000 0.3487461700 -0.5033094200
-0.1018068300 0.3679952700 -0.4903724700
-0.0170702300 0.2985888800 -0.3335775800
0.0394665900 0.2864208500 -0.4393853700
-0.0018513600 0.3107432800 -0.4837393700
-0.0248023200 0.3173930600 -0.5002683900
0.0310512400 0.3341733700 -0.0839907200
0.0208723900 0.3467905400 -0.0937079100
-0.0183000600 0.3623552600 -0.0735555000
-0.0780833600 0.3913951600 0.0649453400
0.0347189900 0.2672332400 -0.3842938500
0.0491106600 0.3567947200 0.0605526700
0.0721814500 0.3404915600 0.0379376000
0.1037107300 0.3232934900 -0.0439530300
0.0702678000 0.3276735200 -0.0597039600
-0.1362345800 0.3693199300 -0.4673173200
-0.1459162200 0.3541418800 -0.4663222600
-0.1502554600 0.3414165900 -0.3963731800
-0.1462588300 0.3229815900 -0.3779102000
-0.0641491800 0.3149160800 -0.3379134000
0.0065798800 0.3528600000 -0.0979202900
-0.0992172400 0.3880953900 -0.0245127400
-0.1031050500 0.3917031100 -0.0089797500
-0.0726631000 0.3987756800 0.0751952600
-0.0107210900 0.3776440200 0.0954091900
0.0227504900 0.3615010200 0.0848818000
0.0573143500 0.3618964000 0.0492330900
0.0834402100 0.3331536400 0.0293859700
0.1050267000 0.3165445600 -0.0481146400
-0.1387386800 0.3303423800 -0.3639081400
-0.1102482400 0.3194646400 -0.3430511400
-0.0633175000 0.3012708000 -0.3444344400
-0.0313153100 0.3064093800 -0.3266624200
0.0499452500 0.2941423600 -0.4074189200
0.0249190600 0.2985331700 -0.4630496900
-0.0203644800 0.3730503300 0.0959356900
0.1066587000 0.3284555800 -0.0614372600
0.0485097600 0.3457836300 -0.0868389400
-0.0014118900 0.2875799500 -0.3476470600
0.0236927200 0.2988208300 -0.3539485800
0.0439972700 0.2885275300 -0.4241676800
0.0323954900 0.3120474800 -0.4540122300
0.0012472400 0.3303681600 -0.4809352500
-0.0318131700 0.3422247300 -0.5011975200
-0.0084995100 0.3666325900 -0.0876616300
-0.0872930100 0.3760179600 -0.0407139500
0.0942395100 0.3345155000 0.0080794200
-0.0962833700 0.3295402700 -0.3348665300
-0.0541614700 0.3155569500 -0.3347916600
0.0510249100 0.3099137800 -0.3710924700
0.0341217200 0.3788615600 0.0772333700
0.0896270200 0.3366226600 0.0213863100
-0.0426053500 0.2929148800 -0.3371302900
0.0094743700 0.2954024000 -0.3487539400
0.0479609100 0.3129166900 -0.3644693900
0.0358900000 0.3506858000 -0.0886573400
0.0591412400 0.3501622000 0.0463720900
0.1067401200 0.3337967600 -0.0559185500
-0.0800304500 0.3121445600 -0.3379605000
-0.0891434600 0.4025082200 0.0488299000
0.0136851000 0.3874845300 0.0859151300
0.0430827900 0.3503372700 0.0674198300
0.0969167200 0.3517272100 -0.0008187300
0.0966132700 0.3407647000 -0.0368690600
0.0599716700 0.3447533400 -0.0800535300
-0.1257393400 0.3756651700 -0.4754587100
-0.1523265800 0.3548123100 -0.4395475800
-0.1512451300 0.3651273200 -0.4248255300
-0.1530608900 0.3546225400 -0.4146091700
-0.0919211800 0.3140278000 -0.3382865000
-0.0747744900 0.3704276400 -0.0486850600
-0.1014670700 0.3940063700 -0.0186048700
-0.0981749200 0.4141078700 0.0222909600
0.0939932700 0.3394213200 -0.0643646700
0.0741499100 0.3452851500 -0.0622218100
-0.1463104200 0.3633960600 -0.4527785000
0.0233701700 0.3255353200 -0.4647852000
-0.0416428900 0.3754100600 -0.0597400000
-0.0462486200 0.4052309600 0.0874321000
-0.1116061100 0.3717965100 -0.4851140800
-0.1427275000 0.3522720100 -0.3680675800
0.0501440900 0.2964858300 -0.3833794700
0.0072700100 0.3165096700 -0.4762811300
-0.0226784400 0.3352526400 -0.4970058100
-0.0956786700 0.4028225300 0.0372664600
-0.0677471300 0.4013885200 0.0811755700
0.0874351300 0.3551234700 0.0274877400
0.1021694600 0.3431290900 -0.0479670100
-0.1342820000 0.3562598500 -0.3552439300
0.0398039400 0.3055079400 -0.4375363900
0.0186091500 0.3660237700 -0.1001685800
-0.0942360300 0.3921831800 -0.0334549100
-0.0489550900 0.4211968400 0.0837177600
-0.0007536000 0.4027605100 0.0887060800
-0.0702847600 0.3455023100 -0.5033021300
0.0417078800 0.3762679400 -0.1009997200
-0.0802593700 0.4086674900 0.0626796800
0.0619947100 0.3804441600 0.0481635000
0.0681388200 0.3471927900 -0.0679580600
0.0605334000 0.3177417100 -0.3933492700
0.0575475700 0.3169476300 -0.4010478000
0.0051021600 0.3628739600 -0.0993649100
-0.0852438900 0.4037871300 -0.0399367200
-0.0735446000 0.4095025100 0.0721935600
-0.0570311500 0.4208862100 0.0808859900
-0.0131916000 0.4004390200 0.0907230500
0.0824121900 0.3691262500 0.0343309100
0.0962013300 0.3455419400 -0.0185402200
0.1093582700 0.3404948000 -0.0628783100
0.0850455100 0.3479944300 -0.0623236000
0.0678816400 0.3648598000 -0.0891412800
-0.1484324200 0.3492012900 -0.3848478300
0.0495946100 0.3115024100 -0.4101149900
0.0451317700 0.3151184000 -0.4190341900
0.0415160800 0.3240058700 -0.4273978600
-0.0149117100 0.3724387800 -0.0791741400
-0.0242388700 0.3821665400 -0.0703815200
-0.0295099400 0.3763800100 -0.0658064600
-0.1019148100 0.4126017200 -0.0197923800
0.0941852500 0.3608151800 -0.0344360500
-0.0912454000 0.3679203600 -0.4936907100
-0.1405199500 0.3887952300 -0.4433188200
-0.1492417800 0.3559029100 -0.4011873500
-0.1476567300 0.3368017800 -0.3805496100
-0.1455103700 0.3579910800 -0.3731034900
-0.1095084000 0.3475453300 -0.3364144600
-0.1015170400 0.3427459900 -0.3336558000
0.0353388000 0.3195577900 -0.3491416200
-0.0828830200 0.4269290800 0.0542326500
0.0226593400 0.3777802800 0.0840634700
0.0951348700 0.3672886100 0.0149952300
-0.0404518100 0.3653399800 -0.4965790500
-0.1183178500 0.3770351500 -0.4794581700
0.0226828000 0.3191130300 -0.3425806500
-0.0002593700 0.3522573500 -0.4828714700
0.0000332900 0.3775094300 -0.0995316200
-0.0778300100 0.4037132300 -0.0440072500
-0.0916472500 0.4148395300 -0.0336358000
-0.0013495000 0.4133318900 0.0881368400
0.0662906300 0.3644380100 0.0424474700
0.0970807800 0.3643073800 -0.0080762800
0.0558519000 0.3685921900 -0.0994421800
-0.1281402900 0.3831838600 -0.4682406200
-0.1468916500 0.3737015100 -0.4380155100
-0.1455705400 0.3785426900 -0.4078857300
-0.0835772600 0.3272756100 -0.3316369400
-0.0768537100 0.3356503300 -0.3277648900
-0.0215956300 0.3176840700 -0.3237867700
0.0544185500 0.3222826600 -0.4062248400
0.0106750400 0.3343171700 -0.4733260600
-0.0160517100 0.3541815400 -0.4926090400
0.0596558700 0.3598489300 -0.0933694300
-0.0535562100 0.3273909200 -0.3286866600
0.0562435900 0.3134215600 -0.3778144200
0.0320337900 0.3299214200 -0.4542995200
-0.0986900300 0.4171272200 -0.0257613900
0.0847746100 0.3608993000 -0.0634928500
-0.0390911100 0.4034198300 -0.0612990300
-0.0588077000 0.3922682600 -0.0529707000
-0.0923150000 0.4218721600 0.0382389400
-0.0169611000 0.4371533000 0.0849072200
-0.0117238800 0.4234115900 0.0876680400
0.0225498400 0.4109976000 0.0834161200
0.0998003200 0.3698830500 -0.0398910900
-0.0320970600 0.4054551400 -0.0664386500
0.1143710500 0.3539496900 -0.0576858800
-0.1440539500 0.3874430600 -0.4047564600
-0.1472340700 0.3736988400 -0.3854609900
0.0412323700 0.3104472700 -0.3594449300
0.0485614600 0.3365860400 -0.4134760400
0.0547094100 0.3765949100 -0.1033158300
0.0113883600 0.3799432400 -0.1054856100
-0.1040605100 0.4271539000 -0.0059968300
0.0545480400 0.3869621900 0.0596037800
0.0979189700 0.3821611000 -0.0653223700
-0.0565559800 0.3698025700 -0.4958200900
-0.0361861700 0.3266962300 -0.3207038100
0.0175073600 0.3990842800 -0.1116356400
-0.0987998000 0.4235209000 0.0159066100
0.0723734900 0.3955628000 0.0414273000
-0.1284208200 0.4057893100 -0.4533571200
-0.1402963000 0.3999484500 -0.4229803800
-0.0901846200 0.3580981900 -0.3254180200
0.0392685800 0.3401339400 -0.4296741600
0.0085664800 0.3658837400 -0.4717748900
0.0192603000 0.3797897200 -0.1051848800
-0.0045775600 0.3848166900 -0.0947183300
-0.1035201300 0.4178580200 -0.0131759300
0.1110747200 0.3585326500 -0.0492970800
0.0723831700 0.3910720100 -0.1071988900
-0.0594570500 0.3912763200 -0.4884910300
-0.1184956700 0.4078251200 -0.4639462500
-0.1295436800 0.3702246600 -0.3484535500
-0.1188279700 0.3429832800 -0.3430663900
0.0643600800 0.3277177100 -0.3822385000
0.0316258300 0.3750119700 -0.1010984100
-0.0782274700 0.4435365500 0.0558838500
-0.0643762100 0.4345449000 0.0720286000
0.0905064500 0.3820613600 0.0269861800
0.1156701900 0.3839389700 -0.0450527300
0.1042614400 0.3721413000 -0.0655423100
-0.1428902400 0.3925763300 -0.4141430600
-0.1464593400 0.3823340900 -0.3761044900
-0.1391300300 0.3808648100 -0.3593632100
0.0384925900 0.3370770100 -0.3445425000
-0.0219563800 0.4046334700 -0.0759883800
-0.1028977700 0.4176992800 0.0012348400
-0.0452628100 0.4491833500 0.0773320200
0.0368191000 0.3983147400 0.0766800800
0.0864153500 0.3989438500 0.0321165800
0.1098073900 0.3551842900 -0.0649503200
0.0853455400 0.3944609600 -0.0791625800
-0.0343893400 0.3500277100 -0.3123447600
0.0691244600 0.3433120300 -0.3923462900
0.0631621500 0.3977971500 -0.1110158100
0.0783542100 0.3757955200 -0.0739110700
0.0782606200 0.3894208900 -0.0988570900
-0.0772669900 0.3749131400 -0.4932946000
-0.1078604000 0.3953280200 -0.4766964200
-0.1446426600 0.3937298200 -0.3701530100
-0.0551212700 0.3438724200 -0.3221863100
-0.0249074600 0.3372412400 -0.3153263000
0.0090642500 0.3355126100 -0.3302814700
0.0374721300 0.3977847600 -0.1079124900
-0.0928971700 0.4439979200 0.0284725500
-0.0048101400 0.3217245000 -0.3285560200
0.0741189900 0.3561925500 -0.3827790200
-0.0224827200 0.3699833500 -0.4906051900
-0.0426712100 0.4255721400 -0.0600935200
0.0970219900 0.3828440700 -0.0351986000
0.0691545100 0.3433903200 -0.3731918300
-0.0812646000 0.4219435100 -0.0386270800
0.0542224600 0.4116678300 0.0615968700
0.0941576600 0.3673418300 -0.0263796100
0.1027998600 0.3997804300 -0.0396143800
-0.0361173400 0.3890132300 -0.4903746900
-0.0885104200 0.4029367000 -0.4796908000
-0.1347921800 0.3983743500 -0.4469568600
0.0248467600 0.3327315200 -0.3392272200
0.0603928300 0.3488248200 -0.4060216700
0.0131466100 0.3484534500 -0.4691242600
-0.0124309500 0.3703397400 -0.4858950800
-0.0967827900 0.4370186300 -0.0259754900
0.0062197600 0.4288404200 0.0853827100
-0.1042088600 0.3775597000 -0.3276672800
0.0207580900 0.3593301000 -0.3267421700
0.0374827200 0.3546414600 -0.4319385200
0.0081002700 0.3991105000 -0.1090640800
-0.0055067500 0.4082307800 -0.0964936000
0.0932253700 0.3687520500 0.0205911400
0.1276468100 0.3980179400 -0.0504641500
0.0881631800 0.3869812400 -0.0688402000
0.0866779600 0.3992386900 -0.0924127800
-0.1468161600 0.3975301800 -0.3881803900
0.0665212100 0.3422361600 -0.3981354200
0.0046244700 0.4142282800 -0.1081243100
-0.0543646900 0.4168251700 -0.0524627900
-0.0318674700 0.4497791300 0.0798949400
0.0676254400 0.4003961000 0.0455272600
0.0977937300 0.3771269600 0.0019719200
0.0957283400 0.3867629300 -0.0292714100
0.1182489000 0.3723961100 -0.0628176800
-0.1418744200 0.4031581700 -0.4129070500
-0.1349214200 0.3935145600 -0.3552143500
-0.1232581100 0.3788793200 -0.3428324300
-0.0823650600 0.4498278000 0.0478696300
0.0414090500 0.4198994100 0.0715197200
-0.1116616900 0.4044527300 -0.4707473900
-0.1356901600 0.4070509500 -0.4341733500
0.0244675300 0.3558305200 -0.4544530700
-0.0157358800 0.3828538200 -0.4869152900
-0.0310265000 0.4246878600 -0.0702334000
-0.1037228600 0.4463334700 -0.0118675400
0.1207829000 0.4035013200 -0.0438019700
0.1229955600 0.3792899700 -0.0561955600
0.0934564900 0.3869949300 -0.0665022700
-0.0729593400 0.3649198600 -0.3168638600
-0.0455336700 0.3709257500 -0.3088267800
0.0016601000 0.3504773900 -0.3194256300
0.0328002200 0.3535252800 -0.4424554500
0.0255719800 0.4105655900 -0.1148436100
0.0677197600 0.4308928000 0.0482397300
-0.1002703700 0.4030912100 -0.4765188000
-0.1455296900 0.4079751100 -0.3740830400
0.0562103300 0.3478529800 -0.3509911500
0.0653321600 0.3359152200 -0.3714736200
0.0397283500 0.3618323400 -0.4272298700
-0.0211342300 0.4181111700 -0.0795836000
-0.0537509300 0.4379645800 -0.0527453000
-0.0984538800 0.4441211600 0.0154146000
0.0942299400 0.4059387400 -0.0758040500
-0.0641009800 0.4017879500 -0.4843240500
-0.0932730000 0.4193072900 -0.4723528500
-0.1104651200 0.4071191700 -0.3248714600
0.0743010300 0.3623426100 -0.3654252100
-0.0009367800 0.3928368700 -0.4752887800
0.0715175100 0.4088108100 -0.1147705500
-0.0035897400 0.4231904200 -0.1017233900
-0.0882571700 0.4356912300 -0.0326217800
-0.0937851200 0.4545483900 0.0230390500
-0.0589878400 0.4553166000 0.0695116500
0.0101745200 0.4433275900 0.0809893300
-0.0701990900 0.4127196400 -0.4793248500
0.0729408900 0.3663219800 -0.3579340600
-0.0258133400 0.4003271100 -0.4849879000
0.0491193600 0.4135343800 -0.1120438900
-0.1273725000 0.4209699900 -0.4397670200
-0.0774838400 0.3882313600 -0.3131324300
0.0448591100 0.3604915300 -0.4206072200
0.0232333800 0.3832525900 -0.4528004600
0.0174614600 0.4119629700 -0.1146470800
-0.1037127900 0.4480174800 -0.0019444000
0.0928802000 0.4120122900 0.0262827200
0.1084055500 0.4203707500 -0.0412098900
0.1160995100 0.3998961300 -0.0655491200
-0.0091481300 0.4067415500 -0.4756564900
0.0990990600 0.4185993800 -0.0154315600
0.0875976300 0.4055661400 -0.1062691200
0.0837179700 0.4143668200 -0.1146735000
-0.1460290400 0.4158993400 -0.3860010300
-0.1424300700 0.4056081300 -0.3655958200
-0.1349377700 0.4086435400 -0.3563560100
-0.1241028800 0.3895204200 -0.3430217000
-0.1149130600 0.3742319200 -0.3351215300
-0.0657598800 0.3749990500 -0.3109054000
0.0018726200 0.4455328700 0.0825138700
0.1119750200 0.4128946900 -0.0665597800
-0.1431170200 0.4125220700 -0.4011367200
0.0710145500 0.3721812500 -0.4044558200
0.0513474500 0.3681760700 -0.4167932400
-0.0163140300 0.4293109100 -0.0875617900
-0.0859264000 0.4704132900 0.0279230400
0.0111026000 0.4567338000 0.0785602900
0.0561342700 0.4398819900 0.0604101000
0.0972594900 0.4058480500 0.0164382600
0.0982744800 0.4020169500 0.0081664400
0.1263313600 0.4031405600 -0.0625078800
0.1054483400 0.4205913600 -0.0767854200
-0.1023370100 0.4031379300 -0.3205727700
-0.0285396200 0.3665782700 -0.3054833500
0.0312800900 0.3772821800 -0.4387703600
-0.0955229400 0.4510563400 -0.0257547500
-0.1032258100 0.4648662600 0.0004933300
-0.0712454000 0.4532457600 0.0610016300
-0.0650990400 0.4754177300 0.0593261800
-0.0353172700 0.4656917900 0.0763622300
-0.0175468900 0.4571157000 0.0797151300
-0.0086883800 0.4731059800 0.0770880000
-0.1064621700 0.4242024200 -0.4640716400
-0.1445132800 0.4299816500 -0.3693295500
-0.0442151300 0.3805302200 -0.3059680900
-0.0127081800 0.3432983100 -0.3157010800
0.0122330100 0.3858327000 -0.4651058000
-0.0738386800 0.4728048100 0.0497879900
-0.0495065200 0.4575078300 0.0740115900
0.1358576200 0.4167226700 -0.0542677700
0.0984916700 0.4144448300 -0.0987231600
-0.0339271900 0.4111833700 -0.4837559300
0.0639369600 0.3732196400 -0.4111254700
-0.1007632000 0.4499504900 -0.0192130200
0.0435147700 0.4411207000 0.0689843100
0.0992792000 0.3994611700 -0.0081976000
-0.1205734100 0.4283100000 -0.4455825000
-0.0934224100 0.3981349900 -0.3173994300
-0.0023637600 0.4369202500 -0.1046295900
0.0440200900 0.4547317900 0.0682927300
0.0783474500 0.4281399500 0.0372325000
-0.1456720800 0.4321212200 -0.3791250000
-0.0588250800 0.3943106300 -0.3023813000
0.0535244800 0.3695798300 -0.3378386900
0.0655846400 0.3719836500 -0.3438814600
0.0762560400 0.3729549600 -0.3960656500
0.0446419200 0.3828850500 -0.4232417900
0.0701434200 0.4270255200 -0.1193891900
0.0521170600 0.4339821100 -0.1188447500
0.0171243100 0.4343896200 -0.1190093700
0.0776848400 0.4500073100 0.0385304600
0.1281316000 0.4233396100 -0.0612690100
0.1172352400 0.4340227500 -0.0881281300
-0.1358585600 0.4247436000 -0.4017810200
0.0850918800 0.3982786700 -0.3843300200
0.0401799700 0.4244864500 -0.1169583800
-0.0666646000 0.4601658800 -0.0429125800
-0.0946849100 0.4731942100 -0.0226804900
0.1314919800 0.4140654000 -0.0473755800
0.1095772900 0.4186797800 -0.0688196000
-0.0433307800 0.4153452800 -0.4817730000
-0.1346914800 0.4184139600 -0.4238854200
-0.1243864100 0.4112379000 -0.3426987900
0.0656442400 0.3519355600 -0.3579719800
0.0344768700 0.3896552000 -0.4311176100
0.0272231200 0.3950954600 -0.4407054300
0.0164881600 0.4029705500 -0.4557180100
0.0619916300 0.4545674200 0.0555558800
0.0905589100 0.4280067500 0.0287557600
0.1035091500 0.4254968500 -0.0370115500
0.1227590900 0.4340431100 -0.0680422400
-0.1215738800 0.4343103400 -0.4354088300
-0.1350138800 0.4385192500 -0.3910252400
-0.0254524100 0.3839457600 -0.2999248500
0.0775174800 0.3699968600 -0.3863215300
0.0579516800 0.3940648100 -0.4180741000
0.0302751400 0.4356706700 -0.1217188200
-0.1037896600 0.4775562900 0.0004905600
-0.0776749600 0.4280337400 -0.4719664100
-0.1182088400 0.4223086300 -0.4541114200
0.0144042700 0.3767057800 -0.3138219000
0.0604389800 0.3829459300 -0.3334738500
0.0805528700 0.3773702700 -0.3747725100
0.0666800100 0.3945955800 -0.4119730200
0.0054482300 0.4386390600 -0.1121598100
-0.0206072500 0.4728636000 0.0773519500
0.0990110200 0.4483121000 0.0065978100
0.1246004600 0.4262905200 -0.0415215300
0.1025944600 0.4251006300 -0.1085157600
-0.1289654100 0.4373178900 -0.3989881700
0.0409673700 0.3705459500 -0.3317918800
-0.0795736400 0.4379281400 -0.0379089000
0.1003113500 0.4226794900 -0.0303348000
0.1305941200 0.4244526400 -0.0430905100
0.1354471100 0.4357107300 -0.0599059900
-0.0866969600 0.4458632200 -0.4646638700
-0.1143589200 0.4176337700 -0.3277396600
0.0008124500 0.3817136100 -0.3053453700
0.0042140400 0.4647528200 -0.1145257000
-0.0479697300 0.4327040500 -0.4739532200
-0.0006534700 0.3988973600 -0.2972490100
-0.0158957800 0.3608045100 -0.3081020300
0.0313446000 0.4065067000 -0.4330959800
-0.0102465600 0.4180569600 -0.4755645600
-0.0894875800 0.4571222600 -0.0293113400
-0.1008920200 0.4690087400 -0.0156229300
-0.0929178600 0.4697903000 0.0186442900
-0.0277546000 0.4826713000 0.0739919600
-0.0129470300 0.4851292400 0.0744678800
0.0141307800 0.4717971200 0.0744364500
0.1403328800 0.4405093900 -0.0463534300
0.1392329000 0.4313451800 -0.0523984900
0.1230705700 0.4435550200 -0.0985298200
-0.0273832300 0.4317629600 -0.4766942200
-0.0111269800 0.3970177600 -0.2954379600
-0.0009989700 0.4113809000 -0.4684651900
0.0884850100 0.4391008100 -0.1210202500
0.0574383400 0.4563751800 -0.1256396200
-0.0323277000 0.4423672200 -0.0709627800
-0.1012291200 0.4751654900 0.0078966300
-0.0377331800 0.4868236400 0.0712477500
0.0348016300 0.4679968800 0.0694999700
0.1343518400 0.4430593900 -0.0405524200
0.0913529500 0.4185178000 -0.1131564100
-0.0688664500 0.4414713900 -0.4690523000
-0.0933850500 0.4409025500 -0.4640005800
-0.1313731200 0.4282369200 -0.3536551700
-0.1011991000 0.4160234300 -0.3168568700
-0.0217354600 0.3958123700 -0.2949783800
0.0855920200 0.3954083700 -0.3569888800
0.0900106400 0.4121724000 -0.3723012600
-0.0212346300 0.4221271200 -0.4801542100
-0.0135672800 0.4570791800 -0.0966468800
-0.0892860000 0.4843059300 -0.0263394500
-0.0552951100 0.4891867400 0.0610309000
-0.0523174200 0.4771666300 0.0681766900
0.0022598300 0.4886625200 0.0734169300
0.0998290200 0.4505800900 -0.0213259900
0.1118465700 0.4399389800 -0.0402483200
0.1442708800 0.4450716500 -0.0528495500
0.0752410800 0.3952947300 -0.3376092900
0.0259919900 0.4571548700 -0.1254791000
0.0159164500 0.4569391500 -0.1211516800
-0.0061832500 0.4604421500 -0.1050582000
-0.0429779700 0.4491001100 -0.0608568700
-0.1034168600 0.4810896800 -0.0065260300
0.0962301000 0.4388409800 0.0209483200
0.0991711100 0.4412518500 -0.0168079400
-0.1084031200 0.4615084100 -0.4268689400
-0.0910701400 0.4238023600 -0.3102051000
0.0837078100 0.3990909200 -0.3908618500
0.0396549700 0.4040920300 -0.4272006900
-0.0353360000 0.4657100100 -0.0693164400
0.1280632700 0.4438519500 -0.0864441500
-0.0787584900 0.4507343800 -0.4652522200
-0.1043488600 0.4395717400 -0.4570216200
-0.1454945200 0.4416694600 -0.3732634300
0.0798394400 0.3960278400 -0.3424570800
0.0840958400 0.3985876600 -0.3474602200
0.0743465600 0.4507498200 -0.1245016000
-0.0826164400 0.4922209900 0.0224161500
0.1052685500 0.4440066800 -0.0362081700
-0.1253618600 0.4386511000 -0.4088167600
-0.0424952500 0.4051670900 -0.2954995300
0.0296087500 0.4263375600 -0.4321251300
-0.0003810200 0.4244634400 -0.4685200700
0.0948257600 0.4627829700 -0.1271145800
-0.0817216900 0.4797823500 -0.0315415300
-0.1015254000 0.4898660900 -0.0122308000
0.0914133900 0.4450979100 0.0283230200
0.0553188300 0.3949507700 -0.3242708200
0.0549813500 0.4070527900 -0.4212542400
0.0340556900 0.4516331200 -0.1251043500
-0.0696871300 0.5072042800 0.0327117200
0.0749020900 0.4597684900 0.0406002400
0.0980709200 0.4439742800 0.0140287300
0.1280126000 0.4516621600 -0.0381323900
0.1355541000 0.4481354200 -0.0731809700
0.1377276300 0.4564558600 -0.0771120400
0.1229968700 0.4532707500 -0.1077816400
0.1161333300 0.4477481500 -0.1128154700
-0.1442313300 0.4476730300 -0.3787929100
-0.1104749900 0.4372772200 -0.3209389300
0.0741023500 0.4093839400 -0.3291195900
0.0942130600 0.4328830900 -0.3370020400
0.0236709800 0.4165579600 -0.4422835300
-0.0707689300 0.4899340200 0.0424008500
0.0147568400 0.4908963100 0.0710280800
0.0545005800 0.4667181600 0.0600424100
-0.0286630200 0.4643909100 -0.0781404900
-0.0544752400 0.4623932500 -0.0511203000
0.0429438700 0.4739316000 0.0635666800
0.0734221700 0.4746466400 0.0415728300
0.1282482200 0.4599490900 -0.0933469500
-0.0492444400 0.4536482400 -0.4668709200
-0.1194258800 0.4444744000 -0.4218406900
-0.1241824000 0.4521907800 -0.3959234500
-0.1381689700 0.4392764700 -0.3619029100
0.0637287500 0.4779199800 0.0514390500
0.1455649400 0.4684265600 -0.0455524100
0.1148322000 0.4590312100 -0.1207911700
-0.1025524000 0.4523610600 -0.4493756000
-0.1169876700 0.4341600700 -0.3320941100
-0.1043696100 0.4360298400 -0.3157159000
0.0222948800 0.4126902500 -0.3007423100
0.0125386100 0.4178144200 -0.4561730000
0.1428868300 0.4499092500 -0.0637128900
0.1233175300 0.4622511500 -0.1076245700
-0.0540583100 0.4234516300 -0.2930885900
0.0534880800 0.4304156600 -0.4231953400
-0.0816788900 0.4889493700 -0.0317270500
-0.0940018900 0.4942507400 0.0143352900
0.0359701600 0.4861880800 0.0638294800
0.0539421800 0.4816717200 0.0592441800
-0.0128272100 0.4313851400 -0.4768039100
-0.1461165200 0.4520109900 -0.3726142200
-0.0738119300 0.4106936100 -0.3057022100
0.0805987100 0.4010274300 -0.3999331300
0.0773057000 0.4017481200 -0.4053833100
0.0389124700 0.4236450200 -0.4272902500
0.0777391600 0.4633677400 -0.1281142900
0.0130851300 0.4696193700 -0.1210279500
0.0883605200 0.4655950100 0.0287417400
0.1028965000 0.4625312200 -0.0303637600
0.1196672900 0.4695536100 -0.1213314400
-0.0884155300 0.4614461100 -0.4586202600
-0.0945073700 0.4627831800 -0.4529250200
-0.1052349800 0.4555764100 -0.4410367000
-0.1152523300 0.4638390400 -0.4030960000
-0.1180059700 0.4458469300 -0.3322178300
-0.0217819200 0.4237030400 -0.2885605400
-0.0146426600 0.4079622900 -0.2922151100
0.0319291200 0.4027538300 -0.3093528200
0.1420783700 0.4675463800 -0.0665577500
0.1134415000 0.4706284900 -0.1267886600
0.0414846900 0.4794007100 -0.1328655400
-0.0037025900 0.4784742100 -0.1125730700
-0.0134395600 0.4779562100 -0.1033388800
-0.0637792300 0.4861165200 -0.0438510100
0.1320747900 0.4653801100 -0.0353398800
0.0025048000 0.4464853100 -0.4635921400
-0.0271567800 0.4485293400 -0.4699940800
-0.1445941900 0.4546537300 -0.3698310500
0.0028185000 0.4219992000 -0.2914432500
0.0723111100 0.4250347600 -0.4146120900
0.0151591300 0.4436000500 -0.4474196600
0.0561936400 0.4773725600 -0.1324951100
-0.1021270000 0.4900736500 0.0055582800
-0.0601501600 0.5009730700 0.0500396000
-0.0466330000 0.5125149100 0.0548541900
-0.0377204900 0.5045457100 0.0655095400
-0.0225704200 0.5087758700 0.0683060600
0.0543159700 0.4935353300 0.0551697000
0.0927282500 0.4687342900 0.0214290100
0.0996083400 0.4799874000 -0.0257657900
-0.1234210100 0.4297270400 -0.3440964900
0.0633086100 0.4153982200 -0.3200534300
0.0233697900 0.4341679400 -0.4371685000
0.1235432600 0.4739136900 -0.0921948200
-0.0975968800 0.4868727400 0.0113769300
0.1090958600 0.4664314200 -0.0378357200
-0.1330324700 0.4593082800 -0.3569961400
0.1406533600 0.4668757300 -0.0398853400
-0.0988545900 0.5011176400 -0.0170788200
0.0837144000 0.4872015000 0.0282156400
0.0969358700 0.4682566500 -0.0074631300
-0.0690644300 0.4565649700 -0.4650511600
-0.1080380700 0.4746932600 -0.4090612500
-0.1114137200 0.4772364300 -0.3968661400
-0.1307790600 0.4528063000 -0.3896296900
-0.1394818800 0.4638267100 -0.3815365600
-0.0432590300 0.4262300700 -0.2897177900
0.0904296300 0.4075317000 -0.3596722900
0.1058486600 0.4842150200 -0.1335644800
-0.0499248300 0.4809785700 -0.0549180200
0.1037618800 0.4805216300 -0.0322971700
0.0669079300 0.4155925200 -0.4174115300
-0.0163193000 0.4495907400 -0.4668958100
0.1410183600 0.4794158900 -0.0609604100
-0.0805844700 0.5027130000 0.0215306400
-0.0253158200 0.4583120900 -0.4676392600
-0.1265069400 0.4684122000 -0.3885519400
-0.0985300200 0.4463401100 -0.3103187400
-0.0520479600 0.4444758600 -0.2879994800
0.0226205600 0.4255897800 -0.2955499200
0.0910326900 0.4278652500 -0.3802235900
0.1456047200 0.4809723900 -0.0389600700
-0.0084674600 0.5049960900 0.0705918100
0.0943768800 0.4801763400 0.0101739900
0.1369196300 0.4880585300 -0.0316623800
-0.0506065600 0.4659160300 -0.4633928900
0.0950738500 0.4229143000 -0.3483435800
0.1035323500 0.4444336600 -0.3516776200
0.0809405500 0.4326155700 -0.4049475900
0.0127542800 0.4551256800 -0.4443339400
0.1292600200 0.4782814100 -0.0778943200
0.1240892600 0.4818172100 -0.0960196300
0.1195171600 0.4847939700 -0.1271754700
-0.0407532900 0.4839378600 -0.0683242500
-0.1016313800 0.5073827100 0.0077433400
0.0303322000 0.4975758900 0.0607438300
0.1362159500 0.4720649400 -0.0338839100
-0.0940300000 0.4713325000 -0.4453566400
-0.1436377300 0.4629174600 -0.3759946900
-0.0688020200 0.4369183900 -0.2977612500
0.0862076200 0.4225386400 -0.3323022900
0.0290885400 0.4572805800 -0.4298750400
-0.1041326400 0.5029510500 -0.0040707500
0.1271721500 0.4910018200 -0.0799965500
-0.0769894300 0.4746780500 -0.4590819000
0.0387897700 0.4343123200 -0.2993456900
0.1023896100 0.4441371500 -0.3580606500
0.0325117300 0.4870220000 -0.1342970700
-0.0954260500 0.5086236900 0.0136202100
0.0337873800 0.5042376600 0.0578423100
0.0711658000 0.4998891200 0.0384851400
0.1223258000 0.4756943900 -0.1143815100
0.1253889100 0.4872407800 -0.1205560100
-0.0969143300 0.4746735200 -0.4337126500
-0.1227850800 0.4521649400 -0.3437734200
0.0684085500 0.4338609000 -0.3146488200
0.0984286800 0.4401347100 -0.3658928700
0.0849806900 0.4189987900 -0.3944912300
0.0233546800 0.4490199100 -0.4351420300
0.0089187800 0.5055727300 0.0676913800
0.1117863200 0.4921408600 -0.0370794100
-0.0967499200 0.4907564600 -0.4142179400
-0.1087031700 0.4479630400 -0.3184688100
-0.0901808600 0.4550690600 -0.3037148800
0.0912982500 0.4433539600 -0.3854806700
-0.0454556100 0.5003550500 -0.0676751200
-0.0786603100 0.4998890300 -0.0333785300
0.0817163600 0.4349057700 -0.3225082200
-0.0740946800 0.5091662200 -0.0373626200
0.0870430200 0.4877526900 0.0242958600
0.0907831500 0.4957799300 0.0111973100
0.1354990600 0.5015276800 -0.0290751200
0.0013384700 0.4391665700 -0.2860197100
0.0407292700 0.4401942200 -0.4264443900
0.1459796500 0.4772057900 -0.0521340700
0.1424819300 0.4953386500 -0.0518936200
0.1315123900 0.5112292900 -0.1156725300
0.0513349900 0.4887192200 -0.1371541900
-0.0284246700 0.5165139200 0.0630968500
0.0163316600 0.5148806000 0.0627942700
0.0948962000 0.4976694100 -0.0150448200
-0.1267758600 0.4599468700 -0.3496477700
0.0180546000 0.4968783800 -0.1293218600
-0.0776232000 0.5159493400 0.0201263000
0.0605954500 0.4962279600 0.0510099800
0.1002579900 0.5038969700 -0.0285586100
0.0313953300 0.4725239000 -0.4297462500
0.0126713100 0.4714011900 -0.4407503100
-0.0137395000 0.4690143100 -0.4617180500
-0.1389315300 0.4730797100 -0.3677447200
-0.1325447500 0.4734191400 -0.3574954300
-0.1067572000 0.4676032100 -0.3125167700
0.0759234900 0.4500592900 -0.4114437200
0.0771590200 0.4870540900 -0.1373736200
-0.0037934700 0.4966602700 -0.1183999400
-0.0529602000 0.5006698800 -0.0569064500
-0.0586970800 0.5243956400 0.0348623700
-0.0395941800 0.5253478000 0.0522286100
-0.0136044900 0.5189053400 0.0664978000
0.1453507600 0.4970678000 -0.0370114200
0.1322156700 0.4970017100 -0.0659526300
0.1292178900 0.4950085000 -0.0881134200
0.1108250000 0.4977073600 -0.1315368900
0.0949133000 0.4962596600 -0.1404233100
-0.1403933000 0.4865738900 -0.3797236900
-0.0334332900 0.4544829600 -0.2813624500
0.0864196200 0.4584960800 -0.3991648900
-0.0645479900 0.5033593800 -0.0450659800
-0.0994831100 0.5173989000 -0.0167092700
-0.0003479400 0.4625241500 -0.4509772300
-0.0794710900 0.4842515100 -0.4530927600
-0.1200748000 0.4729006900 -0.3286340700
-0.1142385900 0.4579982900 -0.3227061800
-0.0472812000 0.4542671700 -0.2835866800
-0.0098558700 0.4459524500 -0.2828705600
0.0343142400 0.4599239200 -0.2887257200
0.0950401000 0.4469558800 -0.3308005700
0.1438600000 0.5130137900 -0.0419551800
0.1178129700 0.5152238500 -0.1223883500
0.0620504700 0.5032646200 -0.1426593700
-0.0028238000 0.5269425500 0.0639311100
0.0786863000 0.4627472900 -0.4107044000
0.0662269700 0.4502046200 -0.4186414600
0.0827373600 0.5069071200 -0.1461666600
-0.0137751900 0.4966608900 -0.1115424700
-0.0241285500 0.4784322100 -0.0893319400
-0.0931920900 0.5080810400 -0.0225238800
0.0830738600 0.5094931200 0.0208559300
0.1333639800 0.5005079900 -0.1117006800
0.1010652000 0.4986877000 -0.1385683800
0.0474695100 0.4677248900 -0.4274706900
-0.0619567000 0.4849844300 -0.4593175100
-0.1154548600 0.4854293600 -0.3905962600
-0.1325760000 0.4813714700 -0.3856920500
-0.0933375000 0.4725212800 -0.3014926300
0.0181133800 0.4612341200 -0.2828809300
-0.1036717000 0.5119104600 0.0044208900
-0.0920670200 0.5242532800 0.0146614300
-0.0038580600 0.5340149100 0.0611059500
-0.0869651300 0.4881388100 -0.4393653900
-0.0923826900 0.4893969600 -0.4237744500
0.0474872500 0.4429319300 -0.3015561200
-0.1044781000 0.5184390800 -0.0057065500
-0.0985661900 0.5260127500 0.0109390200
0.0051058200 0.5221433700 0.0641927800
0.0506974800 0.5224631400 0.0482285800
0.1044114100 0.5072905400 -0.1369854400
0.0936105200 0.5161025700 -0.1465096300
-0.0805757300 0.4931619600 -0.4458857300
-0.1412982600 0.4753971400 -0.3736183300
0.0765702900 0.4523955800 -0.3150789100
0.1393228600 0.5129772200 -0.0314352300
0.1350905200 0.5002804600 -0.1009816200
0.0821723700 0.5164200400 -0.1493648600
-0.0248998200 0.5123086800 -0.1055964900
-0.0585205200 0.5193932700 -0.0530552900
-0.0741448100 0.5263354600 0.0198041500
-0.0213873300 0.5247622700 0.0627234700
0.0243941100 0.5235757600 0.0593779900
0.1075756500 0.5006755800 -0.0352207300
-0.0237744000 0.4894638000 -0.4590743800
-0.0422163600 0.4857366900 -0.4588450300
-0.0121006100 0.4584833100 -0.2803722300
0.0627986200 0.4576290900 -0.3065010500
0.1065715500 0.4596067600 -0.3458370800
0.0961167800 0.4570238400 -0.3785846700
-0.0680755000 0.5205266300 0.0266211700
-0.0526618500 0.5360040200 0.0328932500
-0.0351048700 0.5376933200 0.0491701100
0.0680518100 0.5129498800 0.0378010400
0.0912473900 0.5208925000 -0.0142703500
0.0209600100 0.4692087000 -0.4344746800
-0.1234046900 0.4727532000 -0.3411830700
-0.0006725000 0.4660610400 -0.2786057900
0.0412570400 0.5139922500 0.0547134500
0.0009363400 0.4807002300 -0.4505288700
-0.1129604500 0.4967581400 -0.3900019600
0.1059332800 0.4613372600 -0.3594557500
0.0620558700 0.4930658000 -0.4180330500
0.1328145200 0.5182850900 -0.0271595300
0.0478119900 0.5110451900 -0.1451920200
-0.0732308600 0.5209199600 -0.0395033800
0.0676253100 0.5284162200 0.0334089100
0.1016772400 0.5225223400 -0.0297957200
-0.0652143200 0.5014536800 -0.4540727100
-0.1335010100 0.4970988900 -0.3859465000
-0.1139476200 0.4889805900 -0.3153793100
0.0854746600 0.4664879600 -0.3164925500
0.1026346400 0.4656982700 -0.3688846500
-0.0883589900 0.5250650000 -0.0280461000
-0.0823456500 0.5364859400 0.0173058100
0.0892138800 0.5081962000 0.0071141200
0.1036962000 0.5167615800 -0.1391446500
-0.1030107100 0.4945483500 -0.3984197400
-0.0317330500 0.4647352800 -0.2787053100
0.0552949300 0.4642811200 -0.2996869300
0.0511132600 0.4730559400 -0.4258077000
-0.0976855400 0.5322194600 -0.0179663900
-0.1032370100 0.5303573300 0.0038470000
-0.0649641500 0.5328701500 0.0233630500
0.1414597000 0.5166950700 -0.0472409400
0.1441952500 0.5313645600 -0.1004763800
0.0005937500 0.4883762900 -0.4495121800
-0.1338294200 0.4911191000 -0.3652967800
-0.1293620300 0.4895220700 -0.3574653600
0.0865217700 0.4811459900 -0.3986147500
0.0759765200 0.5301284200 -0.1512311100
-0.0703994600 0.5286946000 -0.0415773800
0.1362308000 0.5283576500 -0.0242480500
0.1330963200 0.5205954700 -0.0592741800
-0.0142005600 0.4934115500 -0.4559526900
-0.0943549300 0.5033380300 -0.4062942800
-0.1030802800 0.4859787800 -0.3045050100
0.0949142800 0.4617130900 -0.3249163900
0.1313921700 0.5155173700 -0.0700651400
0.1440848400 0.5335164400 -0.0883916200
0.1396817100 0.5351981900 -0.1072504500
0.0296309300 0.5110394600 -0.1398454400
-0.0152568500 0.5375052200 0.0574485000
0.0833034400 0.5238768900 0.0143919000
0.1204571600 0.5281479800 -0.0276059500
-0.1337229500 0.5188248200 -0.3835076300
-0.1385890800 0.4994934100 -0.3786578000
-0.1237198500 0.4952367900 -0.3341338000
-0.0623400100 0.4674610500 -0.2882310000
-0.0451990700 0.4674922900 -0.2803243500
0.0269535400 0.4951554100 -0.4294147000
0.0148530800 0.4934418800 -0.4360566800
0.1440659200 0.5284189600 -0.0379829300
0.1364200000 0.5254838600 -0.0790719700
-0.0355592900 0.5566231400 0.0350564800
0.1082847500 0.5255299600 -0.0320451400
0.0360957500 0.4832598200 -0.2812164500
0.0953252900 0.4780345900 -0.3183763600
0.0433155500 0.4875394100 -0.4271863800
-0.0094485100 0.5134099400 -0.1191739400
-0.1032203300 0.5307943100 -0.0060568100
0.0577764700 0.5271608600 0.0425027200
0.1183514700 0.5398960400 -0.0258379800
-0.0762766100 0.5069532700 -0.4398049200
-0.0993224000 0.5133916100 -0.3932255200
-0.1086149300 0.5116654300 -0.3892788400
-0.1344756600 0.5026016500 -0.3691233000
0.1163348300 0.5267516000 -0.1275274300
0.1032302200 0.4867060700 -0.3706368000
0.1386350500 0.5463347400 -0.0266258200
0.1341348800 0.5375948800 -0.0597725600
0.0119107100 0.5468054300 0.0558365400
0.0269010800 0.5506077400 0.0529672700
0.0832718400 0.5412123300 0.0046103600
-0.0687245600 0.5145656400 -0.4469955700
0.1080738100 0.4727747100 -0.3367071400
0.0912877500 0.4795874500 -0.3906451800
0.0736419100 0.4887743900 -0.4115663400
0.1045551600 0.5358139200 -0.1438732300
0.0953182400 0.5382136900 -0.1495246900
0.0504399400 0.5313714600 -0.1509661200
0.0123161200 0.5135619500 -0.1292102400
-0.0466454500 0.5486626200 0.0304212800
-0.0243994500 0.5514692800 0.0472141100
0.0009419100 0.5036243000 -0.4416142800
-0.0503289100 0.5086900200 -0.4543568300
-0.0838787200 0.5000386600 -0.4272796400
-0.1288508800 0.5095414700 -0.3572160900
-0.1260012000 0.4973504100 -0.3490465600
0.1460141900 0.5363256300 -0.0948869300
0.0992404700 0.5360803000 -0.1472542200
-0.0170433700 0.5417319200 -0.1177522400
0.0488095200 0.5472787000 0.0435277700
-0.0863335700 0.5054194800 -0.4151566700
-0.1360950600 0.5175608800 -0.3781838800
0.0185447100 0.4838914500 -0.2749907000
0.0681923700 0.4828493800 -0.2988028400
0.1122736300 0.4890691100 -0.3497272900
0.1291533400 0.5394478200 -0.1131141500
0.0073551000 0.5314705500 -0.1292429600
-0.0268808300 0.5476084900 -0.1107634500
-0.0493063700 0.5531695000 0.0265994400
0.0220808300 0.5008522600 -0.4300658800
-0.0111998500 0.5036689900 -0.4501759200
-0.1356024900 0.5175601400 -0.3726801300
-0.1325351100 0.5118304500 -0.3663661600
-0.0184873800 0.5132701500 -0.1125650000
-0.0968161300 0.5390273500 0.0121100300
0.0781545500 0.5487180800 0.0123350200
0.0965285700 0.5334515600 -0.0236398700
0.1022048600 0.5444764600 -0.0288274800
0.1410807300 0.5484033500 -0.0392971200
0.0481564500 0.5087631200 -0.4227737700
-0.0719479200 0.5354028800 -0.4062078100
-0.0916351500 0.4929580200 -0.2943040700
-0.0438103200 0.4860836500 -0.2747825800
0.0300560600 0.5461384300 -0.1483342400
-0.0110443400 0.5459201000 -0.1220318800
-0.0097968300 0.5507077000 0.0526066400
0.1381430000 0.5478706700 -0.0713620300
0.1474726400 0.5548642800 -0.0837687200
-0.0857148100 0.5312726000 -0.3956018400
-0.0288228400 0.4880842900 -0.2698838800
0.1029727300 0.4691454600 -0.3291834400
0.0846587400 0.5034187400 -0.3956363400
0.0221172800 0.5172749300 -0.1372807500
-0.0337764300 0.5306148200 -0.0991863800
-0.1011589500 0.5449631900 -0.0042278700
-0.0583841000 0.5545825100 0.0202518300
0.0891149600 0.5400179400 -0.0129777100
0.1186206500 0.5547461900 -0.0237136000
0.1288373000 0.5386946600 -0.0240750200
0.1325410700 0.5472121200 -0.0224470600
0.1221310100 0.5629076500 -0.1293417500
-0.0163556100 0.5121978900 -0.4506870300
-0.0752901100 0.5193329500 -0.4174554200
-0.1234389200 0.5127593000 -0.3881706400
-0.0736256300 0.4907978700 -0.2866232300
0.0554859100 0.4969823000 -0.4209259300
-0.0606221300 0.5298231400 -0.0520845000
-0.0874002000 0.5501405300 0.0166424800
-0.0700807000 0.5451854600 0.0182099000
0.1461408100 0.5706521000 -0.0762249300
0.1271216800 0.5459374300 -0.1166538400
-0.1198262900 0.4902055700 -0.3237170500
0.0871763900 0.5013641600 -0.3012053200
0.0138518800 0.5334708600 -0.1341972000
-0.0535507600 0.5274309800 -0.0628838100
-0.0993700700 0.5442057500 -0.0137878300
0.1110189800 0.4969648400 -0.3559758200
-0.0428062200 0.5238440200 -0.0832331100
-0.0918650700 0.5351773000 -0.0253068300
-0.0127366400 0.5605846200 0.0478225800
0.0837880300 0.5610328600 -0.0065422300
0.1350034300 0.5604977100 -0.0213744700
0.1396589500 0.5624210800 -0.0262325600
0.1471662700 0.5551367100 -0.0975546100
0.1110911200 0.5353603200 -0.1376130700
0.0765398900 0.5568638500 -0.1579481100
0.0316952700 0.5132453400 -0.4249177500
-0.1129263100 0.5000768300 -0.3092206000
-0.1035989800 0.5009306000 -0.2993751900
0.1155045800 0.5176113600 -0.3318990500
0.0346343100 0.5661007500 0.0477108000
0.0612556200 0.5546985300 0.0330559500
0.1002951800 0.5595166000 -0.0255495800
0.1503860300 0.5677442700 -0.0886046600
-0.0251192700 0.5197508000 -0.4506915200
-0.0376254500 0.5381261800 -0.4468729800
-0.0627968600 0.5267563500 -0.4449273400
-0.1277231700 0.5129917000 -0.3411965100
-0.0350080000 0.5042342200 -0.2656759100
-0.0310937600 0.5503888300 0.0437824800
0.0481213700 0.5774396700 0.0375443400
-0.0565804400 0.5211721500 -0.4502381100
-0.0645548500 0.5337543200 -0.4353092700
0.1075933900 0.5044987200 -0.3628223100
0.0765233600 0.5056593000 -0.4056186500
-0.0031421800 0.5598839200 0.0501373500
0.1375032200 0.5577917300 -0.0511358700
0.0057390800 0.5125495900 -0.4367222700
0.0604494200 0.5015352200 -0.2862882800
0.1148228200 0.5157966200 -0.3480877700
0.0243049800 0.5510977400 -0.1471268900
-0.0888773600 0.5552383700 -0.0259223000
-0.0807476900 0.5510040800 0.0180423300
0.0685363000 0.5511350600 0.0266459800
0.1177480100 0.5661838900 -0.0205007600
0.0175757800 0.5020341400 -0.2682617800
0.0973917500 0.5131029700 -0.3749816500
0.0696285900 0.5148809500 -0.4080586200
-0.0997144700 0.5512345200 0.0050617900
-0.0305741500 0.5674013700 0.0329969000
0.1378422800 0.5658632700 -0.0584391000
0.1421678900 0.5569789700 -0.1021630500
0.1375481900 0.5916127700 -0.1067854300
-0.0131310000 0.5334071500 -0.4456187300
-0.1272052500 0.5191547400 -0.3872680300
-0.0234515700 0.5057814800 -0.2632671200
0.0037341300 0.4893836000 -0.2697940400
0.0861372200 0.5101997800 -0.2985205200
0.1043073800 0.5016591000 -0.3163004300
0.0470473400 0.5278972500 -0.4209998500
-0.0968475300 0.5564654500 -0.0176099700
0.0221736500 0.5707733200 0.0507068400
0.1046285700 0.5696981800 -0.0246566600
0.0962126900 0.5651882900 -0.1519751500
-0.1328691200 0.5300675500 -0.3663153200
-0.0513136900 0.5007705400 -0.2744884800
0.0196036000 0.5149128700 -0.4283979400
0.0593152000 0.5505929400 -0.1560187000
0.0146000000 0.5593554400 0.0528043600
0.0767299800 0.5637426300 0.0082808800
0.1416219200 0.5721761800 -0.0351550400
0.1413694500 0.5781360000 -0.0670210500
0.1231018700 0.5978869100 -0.1363584900
-0.1325658300 0.5399476500 -0.3750913500
-0.1279185400 0.5201278000 -0.3315430300
0.1111158900 0.5054703900 -0.3250587300
-0.0045573900 0.5243396100 -0.4429510600
-0.0354466000 0.5487462700 -0.0994802000
-0.0715803800 0.5513060000 -0.0406800200
-0.0674422800 0.5328733900 -0.4167062500
-0.1309737800 0.5293936800 -0.3564326200
0.0433589200 0.5079120800 -0.2749145200
0.0721910200 0.5208040800 -0.4047159900
0.0567247500 0.5300276800 -0.4159919500
0.1315180800 0.5791163300 -0.0198536000
0.1362723100 0.5657332700 -0.1065154800
0.1267527600 0.5879578700 -0.1274404400
0.1131750600 0.5241020900 -0.3247762600
0.0875991300 0.5199673000 -0.3864187700
0.0646305800 0.5361417400 -0.4099332700
0.1496302600 0.5861797700 -0.0796535300
0.0721220400 0.5657383800 -0.1612368000
0.0179234800 0.5491207700 -0.1417752100
-0.0466814100 0.5490470600 -0.0823796400
-0.0648647200 0.5626671900 -0.0558447500
-0.0648251100 0.5653839600 0.0188357600
-0.0148140000 0.5717366600 0.0424792400
-0.0984630600 0.5329128900 -0.3891695500
-0.1293437300 0.5349541700 -0.3846273600
-0.1272223400 0.5322209900 -0.3261628200
-0.0555623800 0.5448952500 -0.0639057200
-0.1013125400 0.5649744800 -0.0064537400
-0.0082105700 0.5886881500 0.0404384600
0.1381432800 0.5868057300 -0.0284980500
0.1379700200 0.5804153800 -0.0532501100
-0.0264159700 0.5406418500 -0.4458209600
-0.1168891700 0.5355662400 -0.3887163600
-0.1317930200 0.5422177600 -0.3588657000
-0.1250429600 0.5175912700 -0.3233004000
-0.1104480500 0.5211492500 -0.2995866400
-0.0944956900 0.5118354300 -0.2896449300
0.1094618400 0.5252832800 -0.3170747500
-0.0950912900 0.5671794500 0.0113268200
0.1118224800 0.5757674400 -0.1435972100
0.1043765800 0.5659278500 -0.1475543200
-0.0465866700 0.5450368800 -0.4450158300
-0.0548685000 0.5416106600 -0.4433523200
-0.0556349200 0.5550809200 -0.4367453700
-0.0578617200 0.5603719800 -0.4248308600
-0.0926133600 0.5297130900 -0.3911190200
0.0102695100 0.5175543800 -0.2616325100
0.1130974900 0.5357577300 -0.3511550100
-0.0990454100 0.5641521100 -0.0149128400
-0.0873085500 0.5706307500 0.0161268500
-0.0486470000 0.5671563700 0.0222905900
0.1251188800 0.5708968300 -0.0185354200
0.1301136900 0.5732177300 -0.1167533700
0.0298834500 0.5177674600 -0.2662969600
0.0402781700 0.5430493900 -0.4218447100
0.0233425100 0.5315801200 -0.4247630700
0.0451123900 0.5780434500 -0.1599407500
-0.0993072800 0.5696070700 0.0062186300
0.0919605000 0.5594371900 -0.0199814300
-0.0596930800 0.5490950900 -0.4325025000
-0.1306000000 0.5298854800 -0.3420406900
-0.0884894300 0.5177815000 -0.2852147000
-0.0719079700 0.5104270300 -0.2809818300
-0.0620578700 0.5159925400 -0.2755726600
0.0920323800 0.5373993800 -0.3771728300
0.0168325500 0.5614127600 -0.1450114800
-0.0801272400 0.5713497400 0.0177877300
0.0688286700 0.5727265900 0.0189238600
0.1461175700 0.5859994900 -0.0950541400
0.0482338500 0.5244332400 -0.2724352300
0.1167072500 0.5194199200 -0.3379936200
0.0316821400 0.5683590800 -0.1552951500
0.0003186700 0.5544432700 -0.1278665600
-0.0372733900 0.5568770800 -0.1005834500
-0.1018452600 0.5713441600 -0.0017508100
-0.0548238500 0.5714712100 0.0195696500
-0.0346211500 0.5783053100 0.0273244800
0.0292012500 0.5871818700 0.0443858500
0.0768388900 0.5797919700 -0.0003246000
-0.0664002100 0.5541399700 -0.4022239800
-0.1178498800 0.5192445100 -0.3096268800
-0.0925779700 0.5335350900 -0.2821152200
0.1057539100 0.5444364200 -0.3615736300
0.1133913300 0.5829094100 -0.0182720400
0.1381985200 0.5940470600 -0.0357215100
0.1386217100 0.5661294900 -0.0635639100
0.0785945400 0.5732458200 -0.1604861700
-0.1043886300 0.5470920000 -0.3902054300
-0.1274586100 0.5521576100 -0.3837165800
-0.1275849500 0.5405126900 -0.3331201600
0.0701117000 0.5223331700 -0.2878955600
0.1162175400 0.5681008500 -0.3414474000
-0.0054289300 0.5472847400 -0.4415294600
-0.0207227100 0.5769850500 0.0361337100
0.1484818900 0.5938986900 -0.0899905400
-0.0128894000 0.5580555100 -0.4416472600
-0.0877329300 0.5600597800 -0.3905229500
-0.1206463100 0.5484711300 -0.3885431700
-0.0265587900 0.5252763400 -0.2557956800
0.0578733400 0.5590225500 -0.4141064200
-0.0222390500 0.5607202500 -0.1199560100
-0.0403045600 0.5704819500 -0.1053957600
-0.0527149900 0.5621415800 -0.0786450000
-0.0759632800 0.5811673600 -0.0475838900
0.0839090300 0.5754179400 -0.0123549200
0.1280622400 0.6025572600 -0.1301336400
0.0254062700 0.5258451100 -0.2623636800
0.1016113300 0.5285825000 -0.3057292800
0.0704588400 0.5422038700 -0.4033191300
0.1378904500 0.6099802100 -0.0521554600
0.0061928500 0.5560956800 -0.1326394300
-0.0907669100 0.5704431900 -0.0287236200
0.0589502800 0.5793342200 0.0303789900
-0.0222359700 0.5354840200 -0.2515261300
0.0117563200 0.5324700000 -0.2576518900
0.0829888000 0.5365311000 -0.2940899600
0.1060924000 0.5183664800 -0.3630959600
0.0776179700 0.5492093800 -0.3929021400
0.0948545000 0.5889812400 -0.1553101200
-0.0347053700 0.5691611900 -0.1127356800
-0.0810203900 0.5772508500 -0.0405248900
-0.0054974600 0.5745024900 0.0460062300
0.0228326300 0.5483271400 -0.4225641600
0.0103652100 0.5438266600 -0.4301571100
-0.0346027100 0.5631038800 -0.4422983400
-0.1191274100 0.5459759800 -0.3028347900
-0.0359003100 0.5881607200 0.0235674800
0.1325096400 0.6047925900 -0.0209834300
0.1457357100 0.6071916400 -0.0668008100
0.0757126300 0.5998944100 -0.1671669700
0.0164304900 0.5702856100 -0.4221751400
-0.0644997600 0.5496369500 -0.4082365400
-0.0784440500 0.5398539900 -0.2765224600
-0.0629233100 0.5303767600 -0.2719754500
-0.0389227400 0.5342680200 -0.2563656400
0.1001648500 0.5596420700 -0.3699580200
-0.0341143600 0.6098650800 0.0202457700
-0.0183368900 0.5960203400 0.0306231600
0.0087692200 0.5821780600 0.0473918800
0.0717731900 0.5980470100 0.0032445900
0.1364188300 0.6035489700 -0.0471066100
-0.0621024200 0.5759982700 -0.3992837700
-0.1268561200 0.5631679600 -0.3407744200
0.0299322500 0.5419462500 -0.2581764200
0.0188942400 0.5813082700 -0.1538936100
-0.0009759600 0.5758623500 -0.1367325000
-0.0558455100 0.5970000500 0.0162264600
0.0936791700 0.6021196100 -0.0190587400
0.1380625800 0.6070576100 -0.1085300800
-0.0530509100 0.5783261200 -0.4249617100
-0.1270964500 0.5512546000 -0.3492858500
-0.1275337700 0.5467592300 -0.3284005000
-0.0067478100 0.5267134500 -0.2574702700
0.1132652400 0.5474575100 -0.3196848800
0.0215167900 0.5906473700 -0.1592572400
-0.0007464400 0.6010563700 0.0409189300
0.0426556400 0.5950686700 0.0382093100
0.1227674900 0.6031298400 -0.0146093200
0.1434075300 0.6082812900 -0.0975346400
0.1081950900 0.6012049900 -0.1484502700
-0.0476589900 0.5741014000 -0.4367091200
-0.1295214000 0.5559240700 -0.3798063200
-0.1299850000 0.5635249300 -0.3730232400
-0.1240372100 0.5424811800 -0.3120944700
-0.1115601100 0.5412555800 -0.2947047000
-0.0954070700 0.5467623900 -0.2812315500
0.0484104800 0.5452008000 -0.2657707700
0.1035804700 0.5505104100 -0.3056512200
0.0477538400 0.5584763000 -0.4187764600
-0.0623522100 0.5907208000 0.0168314500
0.1482039600 0.6101357200 -0.0879185500
-0.0745143200 0.5750800300 -0.3921660700
-0.0048140000 0.5461417400 -0.2515295200
0.0706998100 0.5470396700 -0.2834155400
0.0883090600 0.5690609400 -0.3814515700
0.0127452900 0.5790067200 -0.1488571900
-0.0499855100 0.5730775800 -0.0886819700
-0.1014305600 0.5859994800 0.0008858600
-0.0933674000 0.5766470900 0.0128647000
0.0521422400 0.5971679500 0.0337852600
0.1407914600 0.6258594400 -0.1010641500
0.1155310300 0.6006228800 -0.1431669600
-0.1025527800 0.5355501300 -0.2877685300
-0.0177164200 0.5493677100 -0.2471677300
0.1166618900 0.5573621700 -0.3343900500
0.0690595200 0.5579400100 -0.4030876900
0.0644172100 0.5858127000 -0.1645524300
0.0394429300 0.5918991700 -0.1607887800
-0.0587110300 0.5685450300 -0.0696120500
-0.0831260100 0.5870408200 0.0166960400
-0.0421254600 0.5938867200 0.0197633400
0.0620296800 0.6026824300 -0.1670706400
-0.0185964700 0.5776979100 -0.4401582700
-0.0550884900 0.5758722400 -0.4145338600
-0.0544441700 0.5855540600 -0.4072465100
0.0138507500 0.5515651000 -0.2519778400
0.1092004700 0.5742768700 -0.3576077800
-0.1023809100 0.5838238000 -0.0145882900
0.0568907300 0.5993231000 0.0288676200
0.0381394400 0.5641316400 -0.4197848400
-0.0084834800 0.5682114000 -0.4384853300
0.1089999600 0.5482114800 -0.3118962700
-0.0041114400 0.5969728400 -0.1514551200
-0.0254949200 0.5999570600 0.0263255000
0.0864597600 0.5971947400 -0.0175099800
0.1339926600 0.6178919200 -0.0260976300
0.0872991100 0.5995064500 -0.1609025000
-0.1270964500 0.5517697700 -0.3164842500
0.0625020200 0.5883377700 -0.4102511200
-0.0517793300 0.5818711300 -0.0914270500
-0.0963848600 0.5774382500 -0.0247492600
0.0182382900 0.5996387100 0.0442242000
0.1097014900 0.6212143700 -0.0122827900
0.1319993500 0.6057478900 -0.1223505500
0.0044876700 0.5824054700 -0.4278227400
-0.0833150100 0.5882645500 -0.3906818100
-0.1140313000 0.5644326000 -0.3903939300
0.0311581500 0.5583952200 -0.2543313200
-0.0318913900 0.5793092600 -0.1221840200
0.0245266700 0.6002685100 0.0439241400
0.0460522300 0.6131562700 0.0354246300
0.0849445800 0.6382103500 -0.0088918000
0.1495976400 0.6111972700 -0.0798258800
0.0689743000 0.5724928300 -0.1621828900
-0.0551960500 0.5915237300 -0.4028289600
-0.0888392800 0.5734942300 -0.3909884400
-0.1209630600 0.5778343400 -0.3873923900
0.1150641400 0.5524935700 -0.3257900000
-0.0948577500 0.5920537300 0.0089784300
-0.0771048400 0.5918964400 0.0169498500
-0.0041965800 0.6265165600 0.0352686200
0.0075116000 0.6188352400 0.0398794700
0.1343466400 0.6338445000 -0.0313086100
-0.0704862900 0.5621335400 -0.3964000400
-0.1267107800 0.5730421500 -0.3820186000
0.1135225500 0.5740337400 -0.3498898100
-0.1036506700 0.5971380400 -0.0110619500
-0.0480537000 0.6128290900 0.0157035700
0.0527371200 0.6147402700 0.0292338600
0.0664220900 0.6165911400 0.0070524000
0.1016496500 0.6072406400 -0.0164597000
0.0177655100 0.5853355100 -0.4194789900
-0.1306547300 0.5791273300 -0.3279289300
-0.0699845300 0.5517984100 -0.2691323700
0.0970900300 0.5468863500 -0.3007394600
-0.1024445800 0.5986450100 -0.0228513500
-0.0459013000 0.6014600000 0.0176963000
0.1253651600 0.6233357400 -0.1349845200
0.0268700300 0.5757110700 -0.4189133600
-0.0077977700 0.5911297600 -0.4365678800
-0.0265208500 0.6002544500 -0.4364580900
-0.0426066800 0.5676647100 -0.4405339900
-0.1235486800 0.5654261000 -0.3029190900
-0.1180478900 0.5715882300 -0.2942090200
-0.1025719300 0.5569261600 -0.2830908800
0.0474212600 0.5702475000 -0.2575350200
0.0907659600 0.5857775900 -0.3820810200
0.0477044300 0.5990170600 -0.4169699600
-0.0046691100 0.5721157200 -0.1315876000
-0.0092736900 0.5700342400 -0.1275241400
0.0604489500 0.6096743900 0.0193636200
0.0864529700 0.6175289900 -0.0133127000
0.1459135100 0.6269930700 -0.0625160100
0.1161083900 0.6305197500 -0.1451671200
0.1073644600 0.6241294200 -0.1505643000
-0.0455285400 0.5998838000 -0.4276767300
-0.1127951100 0.5912443900 -0.3907476900
-0.1254885900 0.5793913800 -0.3565540700
-0.1275432100 0.5773503100 -0.3070756100
0.0686268900 0.5668929100 -0.2764886200
-0.0292428200 0.5884349600 -0.1276523300
-0.0488427900 0.5940368700 -0.1143600800
-0.0138126300 0.6123977400 0.0317670600
0.0772885500 0.6090738700 -0.0090269400
0.1266909600 0.6210703900 -0.0165861200
0.1450303900 0.6274447100 -0.0890326100
-0.1034314800 0.5939921700 -0.3923306700
-0.1260814200 0.5822718200 -0.3683073200
-0.0270660300 0.5543088600 -0.2468896200
0.1172752100 0.5874987600 -0.3283784500
0.0513493700 0.5797113000 -0.4174060000
0.0151558100 0.6210057100 0.0404368500
0.0442945000 0.6227188500 0.0360918600
0.0505960900 0.6302357900 0.0299826400
0.0762754400 0.6256030900 -0.0078845500
0.1168834800 0.6244835000 -0.0121786500
0.1173706700 0.6422849100 -0.0098412000
0.1337597000 0.6492642200 -0.0298356000
0.1402892200 0.6357869700 -0.0473040400
0.0693944700 0.6186296900 -0.1713221300
-0.0011839500 0.5603807800 -0.2477230500
0.0814762000 0.5741845500 -0.2840190300
0.0977836100 0.5738787300 -0.2976871600
0.1095544800 0.5857271400 -0.3573065300
0.0752641700 0.5849865000 -0.3955515300
-0.0186411400 0.5983786700 -0.1376088900
-0.0423717400 0.5887132400 -0.1183326500
-0.0701968800 0.5870350800 -0.0587937100
-0.0110812500 0.6348865000 0.0306724100
0.1473473600 0.6351359000 -0.0672442700
0.1313279800 0.6365485000 -0.1278157000
-0.0018079700 0.5970853200 -0.4309534400
-0.1265386100 0.5831022900 -0.3459550800
-0.1072808500 0.5699540700 -0.2839288100
-0.0539030900 0.5609403200 -0.2557458900
0.0076354400 0.5974749900 -0.1608671600
0.0802005800 0.6103284800 -0.1677645400
-0.0912864100 0.6021145700 -0.3912011800
-0.1230629300 0.5940201800 -0.3829615900
-0.1265445700 0.5847964000 -0.3739794900
0.0329220700 0.5749080600 -0.2497526700
0.0575590700 0.5917601400 -0.4142164100
0.0131406500 0.5979801600 -0.1632677300
-0.0493845700 0.5863585800 -0.1033811600
0.0368765900 0.6187965700 0.0389913800
0.0861273600 0.6193258900 -0.1663100700
0.0294473600 0.6007528000 -0.1628963400
-0.0727505000 0.5995214900 -0.3905261300
-0.0920714600 0.5647807800 -0.2752932700
0.1091724800 0.5741619800 -0.3103704500
-0.0494131900 0.6097690600 -0.1252470500
-0.0596641600 0.5987594500 -0.0873499200
-0.0984392300 0.5978342400 -0.0309229100
0.1307847400 0.6266735700 -0.0210945500
0.1463495700 0.6540517100 -0.0632620900
0.1473107300 0.6435945700 -0.0719913100
0.1467583300 0.6367695000 -0.0797069800
0.1371754300 0.6385486100 -0.1135168400
0.0968877700 0.6347827900 -0.1616490400
0.0241516200 0.5936335700 -0.4180275100
-0.0285826500 0.6154945900 -0.4323061400
-0.0494640900 0.5908453200 -0.4258474200
-0.0485731100 0.6039084700 -0.4136942900
-0.1250452100 0.5934259400 -0.3770807700
-0.1242770000 0.5967334900 -0.3583239500
-0.0416293400 0.5643597600 -0.2494350600
-0.0147263900 0.5716381400 -0.2409340000
0.0576081700 0.5676017100 -0.2664523300
0.1175986700 0.6091805300 -0.3226163500
0.0972596800 0.6009938500 -0.3755622600
-0.0615175000 0.5892994800 -0.0777319700
0.1419328400 0.6437224000 -0.0946778500
-0.0046679200 0.6122632900 -0.1638103200
-0.0815753800 0.6103605000 0.0131974600
-0.0618985000 0.6172294800 0.0134857000
0.0386695000 0.6399572300 0.0370121100
0.1381484600 0.6538728200 -0.1092121300
0.1244314600 0.6467893300 -0.1384327800
0.0178558800 0.5788515800 -0.2435555800
0.1173757500 0.5959636900 -0.3337218700
-0.0610811900 0.6049897800 -0.3936546400
-0.1011069900 0.5845998000 -0.2751056400
0.0677912100 0.6386265000 0.0000910700
0.1408927900 0.6538870700 -0.0485141000
0.1130170700 0.6391545800 -0.1492450400
0.0831928400 0.6438698100 -0.1738056200
0.0757274400 0.6233916400 -0.1716933200
0.0759950200 0.6057190700 -0.4004494300
-0.0874527200 0.5992782600 -0.0446550500
0.0635282300 0.6371503400 0.0064288000
0.1328136400 0.6517929300 -0.1249370300
0.0520634900 0.6185922300 -0.1717270500
-0.0423377800 0.5951089800 -0.4327612700
-0.1120388300 0.6148658800 -0.3901027100
-0.1024810600 0.6093636300 -0.0038262200
-0.0555849400 0.6248267600 0.0131678100
-0.0224799700 0.6177435500 0.0248260400
0.1441408800 0.6692884200 -0.0560897700
0.0041017000 0.5837522200 -0.2361925700
0.0918321000 0.6271489700 -0.3836984300
0.0130996000 0.6096554600 -0.4196966300
-0.0448708100 0.6142973700 -0.4185969300
-0.0697715200 0.6046478900 -0.0683451400
-0.0822697600 0.6113824800 -0.0536257000
-0.0971865000 0.6095990800 -0.0369185000
0.0919959000 0.6447787300 -0.1691881300
0.0650163200 0.6067489500 -0.2568655100
0.0855308700 0.6194413000 -0.3920980100
0.0245462200 0.6196904400 -0.4152721800
-0.0714228000 0.5726426200 -0.2618904700
-0.0589057800 0.6029495100 -0.0940480900
-0.0778378400 0.5995147500 -0.0544306900
-0.0933009900 0.6046011200 0.0092792800
-0.0761205700 0.6197863700 0.0126435900
0.0096169200 0.6444059900 0.0378800300
0.0319614800 0.6169308500 -0.1729663600
0.0141593300 0.5904227300 -0.2382779600
0.0740892500 0.5990483900 -0.2717937200
0.1134074000 0.6079805000 -0.3128757400
-0.1211730500 0.6148631600 -0.3789695000
-0.0229329000 0.5803870600 -0.2394561200
0.0130939000 0.6096876400 -0.1707457300
-0.0237762100 0.6087282500 -0.1402911500
-0.0572567300 0.6059791300 -0.1065085500
-0.0256582500 0.6417889900 0.0206878600
0.0284699700 0.6360401700 0.0398186900
0.0553623200 0.6433553200 0.0209678900
0.0639820000 0.6409071500 -0.1763855800
0.0496643900 0.5915302500 -0.2509875100
-0.0447955900 0.6250406500 -0.4066946300
-0.0722003600 0.6183689400 -0.3892889900
-0.0933941400 0.5816431300 -0.2708365000
-0.0518489900 0.5770458500 -0.2505087700
0.0007011400 0.6415768500 0.0354977100
0.0182472400 0.6509411600 0.0390698700
0.1023378700 0.6600295100 -0.0040958700
0.1448889200 0.6660427400 -0.0747062600
0.1024591600 0.6497865200 -0.1621152900
0.1026084900 0.6007084800 -0.2995690300
0.1186228300 0.6172968200 -0.3277766600
-0.0360474900 0.6276403900 -0.4246586600
-0.1265173000 0.6072830200 -0.3467377200
0.0074151100 0.6245564600 -0.1784053000
-0.0555133700 0.6114664400 -0.1190531100
-0.0380750000 0.6335617100 0.0159003400
0.0267308000 0.6568043200 0.0378731500
0.0425549500 0.6563853500 0.0327214100
0.0778435900 0.5899402200 -0.2782479000
0.0601437200 0.6169150800 -0.4133023000
0.0338486600 0.6360177800 -0.4123143000
0.0023306700 0.6197784900 -0.4265202000
-0.0093700200 0.6166581900 -0.4352699300
-0.1299150600 0.5703177900 -0.3213318800
-0.0417584500 0.6009377500 -0.1253109400
-0.1046842500 0.6272962900 -0.0325256700
-0.0988972400 0.6084438900 0.0034807200
0.1287055100 0.6562418600 -0.0205114300
0.0520099800 0.6195214000 -0.4140462700
-0.0127900200 0.6329300500 -0.4354104900
-0.1321411000 0.5970643000 -0.3285905200
-0.0595966800 0.5834978900 -0.2513647900
0.0480353700 0.6541710800 0.0287434400
0.1068213300 0.6821587000 -0.0009884700
0.1325718800 0.6746729200 -0.0323835800
0.0938469200 0.6532465700 -0.1692006900
0.0850087800 0.6095925200 -0.2809846700
0.1161159300 0.6155687900 -0.3175504800
0.1151185600 0.5982256000 -0.3445774100
0.1033595500 0.6161072700 -0.3674432500
-0.1216780000 0.6190859400 -0.3688097300
-0.1311001500 0.5876398400 -0.3118226100
-0.1093550700 0.5864316300 -0.2816485800
-0.0043379800 0.6200026800 -0.1712674200
-0.0682744800 0.6150838700 -0.0792432200
0.0710242000 0.6622161800 -0.0011979900
0.0418388200 0.6286288200 -0.1757273400
-0.0041140700 0.6175754000 -0.4320836800
-0.0536523800 0.6096499800 -0.3987176100
-0.0992631200 0.6175093700 -0.0384112500
-0.0949973600 0.6359461800 0.0027132700
0.0604337900 0.6598979200 0.0065138400
0.0837725200 0.6589739900 -0.0051756400
0.1236068300 0.6647735900 -0.0138437800
0.1341755600 0.6609737600 -0.1233526700
0.1159825400 0.6654072500 -0.1513141600
0.0158720200 0.6132390800 -0.2308554500
0.0357105600 0.6158666500 -0.2354535700
0.0424403800 0.6014492600 -0.2435604300
-0.0419680400 0.6521870500 -0.4031473700
-0.0848345200 0.6197132600 -0.0549841600
-0.0876532300 0.6343783000 0.0077152800
-0.0303606300 0.6635186200 0.0172296600
-0.0170897200 0.6577906800 0.0272299600
0.1405542500 0.6774153100 -0.0471934400
0.1451455100 0.6739373700 -0.0619607600
0.1390225900 0.6790464400 -0.1055467900
0.1334677700 0.6788627000 -0.1240077300
0.1242547300 0.6738424200 -0.1411011500
0.0740188400 0.6486503200 -0.1771432300
0.0709107000 0.6256104900 -0.4087620500
-0.0189373900 0.6372016600 -0.4347032600
-0.0395302700 0.6312051000 -0.4186306900
-0.0737708400 0.5920420600 -0.2566808900
-0.0084212500 0.6288679400 -0.1777857600
-0.0208098100 0.6198192600 -0.1559338500
-0.1048286800 0.6379020100 -0.0116662900
-0.0073483100 0.6551888000 0.0318669300
0.1028459100 0.6221262000 -0.2980141300
0.0561346500 0.6372625900 -0.4145049300
0.0060454100 0.6522877700 -0.4234704900
-0.0909120300 0.6245742500 -0.3917443400
0.0005879700 0.6320931200 -0.1857096500
-0.0322348500 0.6118976900 -0.1340320500
-0.0731838000 0.6404423100 -0.0932761200
0.1260490500 0.6827720300 -0.0212907500
0.1062454600 0.6651109000 -0.1602741700
0.0824023900 0.6203466600 -0.2776824700
-0.1158919900 0.6368992800 -0.3840451900
-0.1135354600 0.5988049500 -0.2829489500
-0.0493891700 0.5890282600 -0.2453874700
-0.0533634500 0.6115414200 -0.1226820800
-0.1053758900 0.6204578800 -0.0209371300
0.0375639700 0.6760557100 0.0327799500
0.1155614000 0.6907133000 -0.0071101400
0.1443224000 0.6926524500 -0.0703167400
0.0153558800 0.6374888000 -0.4170616800
-0.0642748600 0.6233290300 -0.3895918200
-0.0392453400 0.6022636100 -0.2380529900
-0.0172263700 0.6091779900 -0.2302172900
-0.0633389200 0.6221602000 -0.1105981100
-0.0585798300 0.6346426700 0.0117992800
-0.0424941500 0.6587534900 0.0114433500
0.0794131500 0.6570203000 -0.1774585100
0.0414293500 0.6465572400 -0.1818038600
0.1105894700 0.6425477900 -0.3557177600
0.1012516600 0.6311437700 -0.3692385600
0.0728530200 0.6458608100 -0.4083504400
0.0309635200 0.6461525700 -0.4121367300
-0.0560641100 0.6230827800 -0.3933051000
-0.1230773800 0.6198238100 -0.3576932600
-0.0250955400 0.6268406700 -0.2262949900
-0.0759316300 0.6425922600 -0.0852948300
-0.1035069700 0.6424859600 -0.0433534400
-0.0834344900 0.6523816200 0.0068478700
0.0089854500 0.6833285100 0.0348436700
0.1166795700 0.6700530900 -0.0069514100
0.0812932400 0.6455507400 -0.2686789400
0.1193748900 0.6375239700 -0.3246030500
-0.0999009300 0.6553125200 -0.3931464600
-0.1246900700 0.5876045400 -0.2989548800
-0.0643350200 0.6019975800 -0.2474604200
-0.0482629900 0.6261621500 -0.1353830100
-0.0674600200 0.6363555200 -0.1222497200
-0.0774392900 0.6222718000 -0.0664466400
0.0510686400 0.6638023900 0.0239856800
0.1109040600 0.6212449400 -0.3085115800
-0.1369846300 0.6183483600 -0.3141766500
-0.1050497400 0.5973972900 -0.2740121000
-0.1062956300 0.6369889200 -0.0182612800
0.0623007000 0.6902971000 0.0082547300
0.1396839300 0.6979272300 -0.0430328000
0.1449472700 0.6865111900 -0.0654168300
0.1375058500 0.6919609400 -0.1129520700
0.1148587200 0.6323173900 -0.3134808900
-0.0247720300 0.6443573700 -0.4300947400
-0.0364675700 0.6540745000 -0.4136759700
-0.0578794900 0.6475627100 -0.3896718000
-0.1010267300 0.6254143300 -0.3923628200
-0.1370630600 0.6191864200 -0.3202719000
-0.0931128500 0.6051424000 -0.2633132000
-0.0765057600 0.6053253700 -0.2542578000
-0.0566478300 0.6141428500 -0.2393867700
-0.0300635200 0.6366528900 -0.1690621800
-0.0766637300 0.6581525000 0.0079953100
-0.0359835200 0.6620562300 0.0138780200
0.0220965600 0.6678974200 0.0377249700
0.0979210900 0.6846943300 0.0012742600
0.0608721300 0.6634439100 -0.4159623000
-0.0098158800 0.6754405800 0.0302677200
0.0570678000 0.6820903600 0.0114673300
0.0679601600 0.6309619700 -0.2521193000
0.1195429300 0.6381764900 -0.3337656700
0.1150000400 0.6379759500 -0.3489293700
0.0831845200 0.6524929100 -0.3910558100
0.0625551800 0.6417966000 -0.4135654800
-0.0704815800 0.6474070400 -0.3884148000
-0.1140051700 0.6269066000 -0.3877598500
-0.1194671300 0.6402324200 -0.3682196400
-0.1194820600 0.6241387700 -0.2835179100
-0.0437324600 0.6372016100 -0.1450811500
-0.0779367900 0.6403826100 -0.0766241000
-0.0881084500 0.6392945400 -0.0599398100
-0.0891904500 0.6567448800 0.0039164000
0.0776593700 0.6814171400 0.0017265300
0.1407508600 0.6935547700 -0.0918917200
0.1088534300 0.6916859000 -0.1564619100
0.1037812700 0.6544189400 -0.2967289100
0.0911614700 0.6461163800 -0.3797530600
0.0708991700 0.6577383200 -0.4090021000
-0.0150742500 0.6464482400 -0.4346500000
-0.0322866200 0.6487504800 -0.4215974900
-0.0480275600 0.6418737300 -0.3979923900
-0.0895510400 0.6481933000 -0.3921187200
-0.1256984100 0.6355076200 -0.3507849700
0.0309621900 0.6813047400 0.0339886600
0.0982140300 0.6898163500 -0.1641941400
0.0870935200 0.6671707000 -0.1727144400
0.0439442400 0.6397178300 -0.2294130500
0.0575783300 0.6278776700 -0.2424245300
-0.0030853200 0.6536346700 -0.4297162300
-0.0107820000 0.6611733100 -0.4332184700
-0.1352439600 0.6224464200 -0.3285101500
-0.0086307300 0.6431567000 -0.1903714500
-0.0139747900 0.6245590200 -0.1692153200
-0.0694011100 0.6362959400 -0.1147695500
0.1038597300 0.7050076000 0.0016773100
0.1315007700 0.6997595800 -0.0278205000
0.1439465200 0.7030119700 -0.0600500400
0.1382330800 0.7055976200 -0.1085741900
0.0469400800 0.6651824600 -0.1877564800
0.0226499300 0.6563339200 -0.4136102400
-0.1084900200 0.6436002600 -0.3904459100
-0.1303185900 0.6258824300 -0.3400265100
-0.1395139200 0.6502387100 -0.3304956400
-0.0513246900 0.6592443900 0.0099930300
-0.0434810000 0.6747528500 0.0117989400
0.0526086600 0.6996861300 0.0157246300
0.1224004500 0.6956082000 -0.0162213400
0.1248244900 0.7217758400 -0.0209528800
0.0712424700 0.6453736700 -0.2498493200
0.1195555300 0.6794658500 -0.3375163000
0.0344042900 0.6547199700 -0.4127548300
-0.0221089600 0.6591767900 -0.4308875800
-0.1173791600 0.6519146700 -0.3769148200
-0.0666752100 0.6378664900 -0.2366080400
0.0752802100 0.6623238400 -0.4043521900
0.0242472200 0.6707625800 -0.4145641200
-0.1353187900 0.6187662800 -0.3069131500
-0.1372340000 0.6384062200 -0.3021887000
-0.0938298400 0.6224229700 -0.2591398800
-0.0419392800 0.6240121100 -0.2310236500
-0.0334266900 0.6479662300 -0.1824516500
-0.1072647400 0.6408632500 -0.0316454400
0.0273492900 0.6914321400 0.0355831000
0.0398154600 0.6919139600 0.0315867000
0.1431782100 0.6984507800 -0.0528549600
0.0992099900 0.6532421000 -0.3679460100
0.0510566000 0.6586233000 -0.4162232700
0.0101206600 0.6417893300 -0.4198173800
-0.1411094000 0.6418778600 -0.3113481700
-0.0257722800 0.6469454700 -0.1874187200
-0.0781292200 0.6509204800 -0.1140433100
-0.1001241000 0.6367913700 -0.0030906400
-0.1006414600 0.6520279900 -0.0045850900
-0.0200399800 0.6806215100 0.0270678400
0.0625367000 0.7068045500 0.0109921400
0.0894352600 0.7015778100 0.0063361000
0.0951024100 0.6410480600 -0.2886880300
0.1126925600 0.6682822600 -0.3526005100
-0.0008737200 0.6748020900 -0.4297186900
-0.0163811700 0.6685100500 -0.4329226700
-0.0373433100 0.6689527800 -0.4049376900
-0.0553931900 0.6631945900 -0.3903422000
-0.1298910000 0.6320781500 -0.2932279200
-0.0650174400 0.6370118500 -0.1292536700
0.0000163700 0.6746674400 0.0330420700
0.1408577900 0.7217285500 -0.0504727700
0.1418748400 0.7151377000 -0.0667583600
0.0743545700 0.6772127900 -0.1841588200
0.0641372700 0.6702466000 -0.1861458800
0.1178290800 0.6387720300 -0.3424249900
0.0926394400 0.6661419800 -0.3780366000
-0.0899058300 0.6661336600 -0.3945017200
-0.0212509500 0.6532367000 -0.1951119100
-0.0607809100 0.6383560700 -0.1356135600
-0.0816316600 0.6547062200 -0.0854603300
-0.1094964900 0.6536894800 -0.0382972300
0.1172851700 0.6853264600 -0.1504757800
0.0419979300 0.6649043000 -0.2169143100
0.1105356300 0.6536349100 -0.3050723700
0.1189175200 0.6592329500 -0.3223676700
-0.0317312500 0.6710035100 -0.4151162200
-0.0462580400 0.6501317500 -0.2248707800
0.0991601700 0.7278132600 0.0047315300
0.1084862700 0.7308811300 -0.0044795400
0.0805826300 0.6750409700 -0.1787044100
0.0892401100 0.6513323600 -0.2807135700
0.0478071100 0.6733973300 -0.4199206000
0.0300764400 0.6707624800 -0.4147619500
-0.0077555300 0.6750539800 -0.4321968400
-0.0663917300 0.6642062600 -0.3890311600
-0.0675585300 0.6792610200 -0.3905137400
-0.1011266300 0.6370178400 -0.2610715400
-0.0389241900 0.6570638600 -0.1900040900
-0.0465620600 0.6570503200 -0.1807083500
-0.0339124900 0.6809479400 0.0165572400
0.0920717800 0.7120082100 0.0073789600
0.1396563500 0.7237605400 -0.0815156000
0.1337004100 0.7093555800 -0.1240315900
0.0557478600 0.6766920500 -0.4196685800
-0.0447036800 0.6619595600 -0.3971179100
-0.0868825900 0.6520808400 -0.0717032500
-0.0606446000 0.6719242600 0.0084178100
0.0427521800 0.7008854400 0.0263740800
0.0509407200 0.7114022700 0.0167592000
0.0685180600 0.6868882500 -0.1901334300
0.0667657200 0.6669819500 -0.4127311600
-0.0265869800 0.6657662200 -0.4251034000
-0.1323835600 0.6464600200 -0.2945200300
-0.0884772000 0.6724466300 -0.0840656400
-0.0987177000 0.6773566500 -0.0048525100
0.1369695200 0.7176597200 -0.1090391700
0.1241727500 0.6903932700 -0.1423034700
0.0583269000 0.6677707000 -0.2273268800
0.0749397100 0.6532060700 -0.2538228400
0.1090191100 0.6775357600 -0.3023397200
0.1173516600 0.6767524100 -0.3151198500
0.1124090500 0.6814938900 -0.3528124700
0.0050388800 0.6812839900 -0.4262098000
-0.0485451100 0.6787819900 -0.3941794100
-0.0589661400 0.6766799300 -0.3902301900
-0.1082273900 0.6742756300 -0.3908086100
-0.1425932100 0.6494939800 -0.3180338600
-0.1171097900 0.6466631500 -0.2756011000
0.0667819800 0.6814444700 -0.2317208000
0.0903430300 0.6790251500 -0.3879681100
0.0841481400 0.6688399100 -0.3968465900
-0.1259793600 0.6608709200 -0.3549903000
-0.1319867000 0.6595213400 -0.3445317600
-0.1071979900 0.6695690100 -0.0148390800
0.0211265300 0.7097913400 0.0362823100
0.0344266200 0.7104887600 0.0314653900
0.0903516900 0.6888292300 -0.1707957100
0.0481964500 0.6755988900 -0.1913357100
-0.0536656800 0.6548686700 -0.1588584900
-0.0751946900 0.6499669500 -0.1244339000
-0.1106212400 0.6654674000 -0.0217209500
-0.0108179500 0.7029613500 0.0295711300
0.1392268500 0.7124788500 -0.0434744200
0.0959912200 0.6909392100 -0.2870806000
0.1188392500 0.6942309800 -0.3181605400
0.0836363300 0.6942541200 -0.3978997400
0.0744004000 0.6810628300 -0.4086071200
-0.0078223600 0.7027767100 -0.4328278400
-0.0266756500 0.6504962900 -0.2195465500
0.1000546400 0.6727466700 -0.3645374000
0.0358120400 0.6926313900 -0.4178406000
-0.0183177500 0.6816613200 -0.4308461400
-0.0378416900 0.6947146700 -0.4025968900
-0.1105500400 0.6392802500 -0.2693609900
-0.0579647900 0.6469519800 -0.2293125600
-0.0332097100 0.6611351700 -0.1995470200
-0.0969945300 0.6597386600 -0.0620433800
-0.1075798300 0.6811501800 -0.0610843300
0.1370938000 0.7419007500 -0.0401893100
0.1385522400 0.7421708000 -0.0789526800
0.1368853700 0.7289829200 -0.0951494700
0.1339913300 0.7460480100 -0.1232646700
0.0516268300 0.6796652400 -0.2110131500
0.1111740700 0.7018066500 -0.3527063500
0.1015818900 0.6940825400 -0.3623711000
0.0134659900 0.6895269700 -0.4198395200
-0.1007140700 0.6774092900 -0.3947166300
-0.1122383400 0.6952842600 -0.3835762600
-0.1255480000 0.6779675500 -0.3506277000
-0.0360686200 0.6599664500 -0.2137168100
-0.0810459900 0.6563601600 -0.0969458700
-0.1118197700 0.6632816300 -0.0288151600
-0.0852390200 0.6860046500 0.0025861200
0.0494111200 0.7238425700 0.0178713600
0.0794301200 0.7161337400 0.0115598800
0.0718965300 0.7318758700 0.0160423900
0.0831694100 0.7015892500 -0.1817850800
0.0988694600 0.6921233500 -0.3674539300
-0.1170030300 0.6733295000 -0.3755129200
-0.0861805800 0.6436339500 -0.2469738700
-0.0251135800 0.6842294000 -0.4246765300
-0.0692892500 0.6617240100 -0.2291594400
-0.0437408400 0.6695246900 -0.1968890900
-0.0466913100 0.6543221900 -0.1745611100
-0.0603665300 0.6554668600 -0.1506863400
-0.1135854800 0.6711268200 -0.0407323700
0.1357707000 0.7427046800 -0.1084205500
0.1300182500 0.7175224300 -0.1328884100
0.1205849400 0.7234377100 -0.1445194100
0.0732605100 0.7081491800 -0.1946674900
0.0621794900 0.6999006900 -0.1986802400
0.0571214400 0.6903256500 -0.1969233400
0.0603653000 0.6982049200 -0.2104184900
0.0592277100 0.6894468600 -0.2204421700
0.1156217300 0.7024198000 -0.3116284100
-0.0765079300 0.6771516300 0.0058867400
-0.0201548500 0.6978550600 0.0265551800
0.0699444900 0.6834548100 -0.2350188500
0.0634947000 0.6892233100 -0.4173279100
-0.0797912500 0.6677508400 -0.2327853300
-0.0409072700 0.6677370300 -0.2038542500
-0.0814435100 0.6737219800 -0.1425366100
-0.0606987000 0.6966890800 0.0070226400
-0.0472807700 0.7005112100 0.0106807500
0.1204246500 0.6849483200 -0.3274471700
0.0952211600 0.6903536900 -0.3834605500
0.0750171200 0.6943088000 -0.4118098100
0.0218580900 0.6968305400 -0.4173093200
-0.1430163400 0.6566464100 -0.3226968600
-0.0955882100 0.6676000200 -0.2459497600
-0.0844954500 0.6709222800 -0.1310206000
-0.0376327600 0.7096321600 0.0157055700
0.0058237200 0.7043673600 0.0330231500
0.0370771300 0.7383585200 0.0253339600
0.1051712300 0.7133435800 -0.1584643000
0.0768196000 0.6829176400 -0.2479569500
0.0917117700 0.6934250800 -0.2790642700
-0.0879458300 0.6816313100 -0.3957948300
-0.1351919800 0.6643880400 -0.2944762000
-0.0549768800 0.6644417400 -0.2222712700
-0.0535208600 0.6704700500 -0.1879540900
-0.0673333100 0.6764056100 -0.1681109600
-0.0862326900 0.6706469300 -0.0925713700
0.1165933100 0.7616728400 -0.0129608900
0.1199217300 0.7400543900 -0.0143591800
0.1312928800 0.7462489900 -0.0287115600
0.1277229200 0.7327105100 -0.1361062200
0.1170890600 0.6848944900 -0.3450694800
-0.0336999800 0.6949691400 -0.4080148400
-0.0590268800 0.6707516100 -0.1797352900
-0.0675290400 0.6719870700 -0.1608301300
-0.1005803000 0.6985116500 -0.0806598700
-0.0949632700 0.6774609900 -0.0752445900
-0.1063527900 0.6583613700 -0.0489678400
0.1320949700 0.7502070900 -0.1279967500
0.1089336500 0.7340768400 -0.1546746600
0.1202949600 0.6826852800 -0.3323462800
-0.1172277000 0.6913871300 -0.3702303400
-0.1244128300 0.6750250100 -0.2792343300
0.0946163000 0.7113011100 -0.1691992100
0.0946792800 0.7063541100 -0.2799562300
0.1095721400 0.7020007900 -0.3022485800
0.1200753300 0.6976808900 -0.3220999300
0.1197363200 0.7278292400 -0.3378047100
0.0882056800 0.7154024300 -0.3928829500
-0.0983960600 0.7064587000 -0.3974756300
-0.1224638100 0.6883206900 -0.3577527400
-0.0535165200 0.6817393600 -0.2038279000
-0.0604559100 0.6839412400 -0.1957787100
0.0085943000 0.7346059800 0.0356373100
0.0024888600 0.6955263400 -0.4285614800
-0.0180472200 0.7101323400 -0.4322631900
-0.1139541700 0.6684681100 -0.2651964700
-0.0660730300 0.6767220200 -0.2203207700
-0.0501730500 0.6710770300 -0.2139459700
-0.0877731500 0.6725035400 -0.1172285300
-0.1165738300 0.6832165800 -0.0401908100
0.1017593200 0.7451349700 -0.0005787600
0.0711336800 0.7167861400 -0.2028659300
0.0674146000 0.7130384800 -0.2191850700
0.0805413800 0.7013789400 -0.2451718600
0.0961209800 0.6985031500 -0.3809249100
0.0331398600 0.7086548600 -0.4176912300
-0.1320813100 0.6931026200 -0.3449653400
-0.0763530900 0.6748707100 -0.1532655900
-0.0958844200 0.6928990500 -0.0980962100
-0.0842371200 0.7118342300 0.0010259100
0.0062384800 0.7200116500 0.0358196600
0.0810913600 0.7433460300 0.0144046100
0.0981981400 0.7301872700 -0.3658422700
0.0756960700 0.7113442100 -0.4105668600
-0.1250334800 0.6988552000 -0.3544242300
-0.1411965500 0.6658628100 -0.3286761100
-0.0981439800 0.6994483100 -0.1368812100
-0.1198780800 0.6960776600 -0.0411192200
0.1129502300 0.7508036700 -0.0090439900
0.1260573300 0.7544222500 -0.0228888800
0.1393034900 0.7437550900 -0.0496167700
-0.0228713700 0.7009979500 -0.4275821000
-0.0250434300 0.7029800600 -0.4243422000
-0.1058438000 0.6664260800 -0.2564174900
-0.0624928300 0.6835862600 -0.2085674600
-0.1007061000 0.7035903400 -0.0895668700
-0.1012826200 0.6909068800 -0.0732870200
0.0065798300 0.7469748800 0.0363256800
0.1339550600 0.7669364800 -0.0839658000
0.1351001800 0.7520685400 -0.1173849800
-0.0512108900 0.7061871700 -0.3972253000
-0.1019174300 0.7249163700 -0.3966183500
-0.1437654200 0.7063593900 -0.3338177400
-0.0984618100 0.6884850400 -0.2394946200
-0.0862568600 0.6686766300 -0.1074627400
0.0831470600 0.7203261100 -0.1858975900
0.0787820700 0.7154095000 -0.1911984400
0.0825153000 0.7274326300 -0.2388963400
0.0499117800 0.7073963600 -0.4191862900
0.0116147500 0.7136550500 -0.4239727500
-0.0296983300 0.7139502600 -0.4131205600
-0.1157169600 0.6928153000 -0.0267042700
-0.0250131700 0.7317336400 0.0253543200
0.1358948000 0.7668190800 -0.0688046200
0.0922110100 0.7157771500 -0.1724856300
0.0677784400 0.7023403000 -0.4166777000
-0.0130009100 0.7248477400 -0.4366495400
-0.1213299600 0.6823702400 -0.2710484800
-0.0849747400 0.6827224000 -0.2291073400
-0.0699392500 0.6924059300 -0.2007753200
-0.0766121900 0.6881706700 -0.1677914500
-0.0289419000 0.7157186900 0.0224246800
0.0235722700 0.7406545700 0.0342687500
0.0644986000 0.7483597200 0.0199527800
0.0698607800 0.7585591600 0.0189097200
0.1189785700 0.7851828700 -0.0177943600
0.1312760200 0.7652075200 -0.0369020000
-0.1069614700 0.6966048100 -0.3912662800
-0.1446465800 0.6866070100 -0.3050488100
-0.1150352500 0.6901732300 -0.0543335400
-0.1087428500 0.6805312500 -0.0164387800
0.1352275000 0.7521088900 -0.0985816300
0.1294086900 0.7574418200 -0.1326399900
0.0073227200 0.7361162000 -0.4273275500
-0.0028689200 0.7195081400 -0.4324790300
-0.0642723000 0.7128108300 -0.3958831600
-0.0861228300 0.6977195000 -0.2185292200
-0.0931008100 0.6994293800 -0.1516789000
-0.0973779600 0.6941434000 -0.1268408800
-0.0942194300 0.7041072700 -0.0042940500
0.0124609800 0.7500866500 0.0364660400
0.1087387600 0.7487481300 -0.1549418300
0.0708920000 0.7235650300 -0.2102857200
-0.1487757800 0.7073457300 -0.3270694600
-0.1474300000 0.6934883400 -0.3106412000
-0.1028402500 0.7089481200 -0.0116076000
-0.0755382700 0.7067712500 0.0040064700
-0.0108245600 0.7348359800 0.0288973000
0.0765878100 0.7656883500 0.0147379000
0.1406195200 0.7408788700 -0.0591575200
0.0953092500 0.7397398700 -0.1711270500
0.0340552900 0.7323866600 -0.4204159300
-0.1080205600 0.7241260000 -0.3893962700
-0.1168846300 0.7307788300 -0.3722299800
-0.1460759000 0.6730998500 -0.3160845200
-0.1065295200 0.7101124500 -0.0754096400
-0.0454883300 0.7276131300 0.0120760900
0.0254861500 0.7608028900 0.0281593300
0.0875834700 0.7629785400 0.0067009500
0.0877406800 0.7139758700 -0.2588695500
0.0980996600 0.7067555500 -0.2863437400
0.1042038000 0.7353664200 -0.3572088900
-0.0213754200 0.7280082200 -0.4323369200
-0.0389283700 0.7194856600 -0.4047327400
-0.0965527500 0.6990377400 -0.2301530900
-0.1150660600 0.7017251800 -0.0619674000
-0.0348883400 0.7412820600 0.0208480100
0.0409303300 0.7529334800 0.0227053000
0.1239452600 0.7585744900 -0.1398225700
0.1189115400 0.7732198100 -0.1466011200
0.0836644900 0.7407863800 -0.1945829000
0.0779378900 0.7332011200 -0.2266480400
0.0946619800 0.7284983500 -0.3818221500
0.0583256300 0.7213542200 -0.4193999700
-0.0287327400 0.7436358900 -0.4172529900
-0.0356020400 0.7384923700 -0.4095423800
-0.0808382900 0.7013245500 -0.2044136100
-0.0718253500 0.6892152600 -0.1830736700
-0.1056664600 0.7127168100 -0.1179072500
-0.0539637600 0.7339772400 0.0090751800
0.1023274100 0.7738651700 -0.0025452900
0.1329891900 0.7849820900 -0.0595643900
0.0787070600 0.7408968800 -0.2056346300
-0.0959313400 0.7359523300 -0.4016172600
-0.1306897000 0.7271289100 -0.3513446100
-0.1487802100 0.6942879100 -0.3211830600
-0.1362714400 0.7009598800 -0.2883260600
-0.1163870600 0.6931181900 -0.2568578400
-0.0798957900 0.7020800400 -0.1898680100
-0.1083801600 0.7244073400 -0.0952639300
0.0035435600 0.7653708900 0.0350959200
0.1313667300 0.7905137800 -0.0501149800
0.1201932400 0.7451647600 -0.3161437700
0.0514234700 0.7389646400 -0.4212309300
-0.0664790700 0.7271285400 -0.3985663500
-0.1209489400 0.7227357100 -0.0342407300
0.0193417800 0.7676062600 0.0308866800
0.0578737700 0.7771106100 0.0226263700
0.0891381800 0.7380159300 -0.3935016800
0.0762900500 0.7328987600 -0.4100823300
-0.0737405200 0.7158801800 -0.3967605300
-0.0881108200 0.7274524400 -0.4010883300
-0.0906854500 0.7143039900 -0.2042298100
0.0810782200 0.7920296200 0.0096494500
0.1046356400 0.7603812600 -0.1605045100
0.0883097800 0.7371973600 -0.2553675700
0.1215052600 0.7356731000 -0.3259072700
0.1163456900 0.7321729400 -0.3440354800
0.0707948700 0.7359309700 -0.4144753100
0.0148068500 0.7240334300 -0.4237786500
-0.1436316600 0.7108252200 -0.2960778400
-0.1412156500 0.7320986900 -0.2823525800
-0.1162570300 0.7097318600 -0.2478147200
-0.1212288300 0.7113137000 -0.0373932100
-0.0821638100 0.7365670700 0.0007845500
-0.0625481600 0.7251820500 0.0062174300
0.1309368400 0.7926838800 -0.0925960500
0.1344183000 0.7719151800 -0.1099969200
0.0942695400 0.7542564200 -0.1766087000
0.0818169700 0.7520671200 -0.2126770800
0.0994102800 0.7447940600 -0.2820073100
0.0985679200 0.7417369500 -0.3637932900
0.0840094000 0.7477529600 -0.3997446500
0.0144702800 0.7503929600 -0.4255211100
-0.1224664300 0.7241047000 -0.3605976700
-0.0894735400 0.7082631600 -0.1717586000
-0.0140812100 0.7529362700 0.0288282200
0.1244086300 0.7974918100 -0.0315842800
0.0952547900 0.7351040500 -0.2737735700
0.0956051800 0.7431467100 -0.3788675400
0.0749324600 0.7466326500 -0.4106268600
0.0405925000 0.7461208600 -0.4211648600
-0.0067448100 0.7390852700 -0.4350990800
-0.0553276900 0.7291982500 -0.4025848100
-0.0750803200 0.7386130900 -0.3994624600
-0.1449704500 0.7184001800 -0.3338203700
-0.0297045300 0.7503391100 0.0243199400
0.0340090500 0.7721960700 0.0266145600
0.0908775600 0.7917705900 0.0032481400
0.1311964200 0.7853139700 -0.0859476600
0.0860605000 0.7610634000 -0.2072161600
0.0829623000 0.7515396700 -0.2217523500
0.1109053200 0.7551742100 -0.2962491400
-0.1369003700 0.7341529000 -0.3434151300
-0.1236280600 0.7011774300 -0.2635794300
-0.1066307000 0.7430586200 -0.0176455200
-0.0947277100 0.7290252800 -0.0062559900
-0.0419365800 0.7551934400 0.0183581000
0.1310868100 0.7905158700 -0.0706147700
0.1327550700 0.7950148300 -0.1147367500
0.0561315400 0.7472489500 -0.4213236400
-0.0152125600 0.7492064400 -0.4379031000
-0.0895189900 0.7161969400 -0.1921278100
-0.1054030600 0.7120085300 -0.1228443500
0.0854273200 0.7446909200 -0.2373665700
0.0364151700 0.7502432300 -0.4214877200
-0.0251473700 0.7312411300 -0.4248253300
-0.0514526100 0.7508013000 -0.4091411700
-0.1520411700 0.7352452200 -0.3294462900
-0.1193157000 0.7253081300 -0.2419536200
-0.0924088100 0.7180903800 -0.1814907700
-0.1057710000 0.7173684000 -0.1363855100
-0.1207129300 0.7042197200 -0.0544635700
-0.0181792700 0.7675340300 0.0278328600
0.0095149800 0.7794678800 0.0326503300
0.1134333100 0.7899781200 -0.0121636500
0.0591644900 0.7544160200 -0.4189527600
-0.0957203900 0.7160866700 -0.2119833100
0.1295398500 0.7912513900 -0.0424503000
0.1313789500 0.8025289900 -0.1242878100
-0.1524464300 0.7311361100 -0.3072865700
-0.1062758000 0.7248537200 -0.2193950700
-0.1206360000 0.7174347100 -0.0619123700
-0.1248450700 0.7209768800 -0.0478397200
-0.0062264900 0.7805526100 0.0328563400
0.0647503400 0.7919527400 0.0223926500
0.1024162100 0.7785498900 -0.1653221400
0.0954328100 0.7662207500 -0.1801404400
0.0895166500 0.7715576900 -0.2233631400
0.0274538400 0.7504689800 -0.4239698300
-0.0264563100 0.7619995100 -0.4222432400
-0.0680405900 0.7487256300 -0.4018736700
-0.0863977400 0.7516725500 -0.4035671200
-0.1564380600 0.7409519700 -0.3149099700
-0.1077785500 0.7218060600 -0.0839751200
-0.1124808900 0.7214833000 -0.0714419000
-0.0934764600 0.7548429000 -0.0063443800
-0.1100029500 0.7481886100 -0.3842513300
-0.1018303600 0.7201164400 -0.1575876400
-0.1144004100 0.7366710200 -0.1105299000
-0.1142084200 0.7254239700 -0.0254998700
-0.0741340400 0.7765311400 0.0066342600
0.0226691400 0.7893783000 0.0321108700
0.1177677400 0.8083030400 -0.0233373300
0.0889583400 0.7569525700 -0.2508206200
0.0912178800 0.7605339800 -0.2560447700
0.1215722800 0.7602663000 -0.3232810900
0.1129273600 0.7418614000 -0.3475200900
0.0979945700 0.7549167400 -0.3614566000
-0.0113887700 0.7562451300 -0.4377878500
-0.1553521900 0.7372780900 -0.3240262600
-0.1571034700 0.7432152600 -0.3197490300
-0.1208899900 0.7323309900 -0.2386059800
-0.1087375100 0.7396056800 -0.2058246900
-0.1287111000 0.7609760700 -0.0713622100
-0.1291390200 0.7421104800 -0.0450480400
0.0426040000 0.7859992800 0.0253284000
0.1291108300 0.8003403000 -0.0760744000
0.0991035800 0.7830496600 -0.1896018800
0.0948477800 0.7633682900 -0.3796496200
-0.0189919300 0.7563534100 -0.4351424700
-0.0348707800 0.7617647200 -0.4151307700
-0.0670901500 0.7694649700 -0.4050603400
-0.0949250100 0.7652171300 -0.4037535000
-0.1185932100 0.7534665400 -0.0790048100
0.0908912900 0.7608035700 -0.3904466500
0.0783624100 0.7596950800 -0.4074101400
0.0719764400 0.7663726200 -0.4116688300
-0.1485839700 0.7389458700 -0.3343285200
-0.1061985200 0.7373836100 -0.1883929100
-0.0523996800 0.7507781600 0.0113069100
-0.0230172900 0.7912804600 0.0264928800
0.0151473000 0.8011449400 0.0347086400
0.1005749400 0.7840991400 -0.1744554900
0.0910341700 0.7601501200 -0.1911719900
0.1195731300 0.7706210900 -0.3111945100
0.1173411700 0.7581844800 -0.3384908100
0.0403403800 0.7747573900 -0.4221521800
-0.0047946300 0.7638299000 -0.4351626800
-0.0870194800 0.7676719300 -0.4066798300
-0.1328320200 0.7354495100 -0.2539170900
-0.1132560500 0.7422141800 -0.0851466200
-0.1321999900 0.7628999800 -0.0667035600
-0.0832035100 0.7684927600 0.0015028000
-0.0444630500 0.7814106000 0.0199194100
0.1247914300 0.8189608300 -0.0402481000
0.1305978700 0.8068730500 -0.1122333300
0.0966029300 0.7627861100 -0.2655974900
0.1167679400 0.7739318400 -0.3039773100
0.1099910700 0.7773933200 -0.3450617700
0.0719766600 0.7753708700 -0.4089791500
-0.0493061600 0.7633959700 -0.4118476500
-0.1171291200 0.7461066500 -0.1491509300
0.0556346800 0.8022645900 0.0246168600
0.0653006100 0.8119303200 0.0199725300
0.1305484000 0.8065600100 -0.1298612300
0.0994285500 0.7715229900 -0.3558679800
0.0553293600 0.7684169000 -0.4186523500
-0.1485300700 0.7296918300 -0.2968703100
-0.1038321800 0.7312673500 -0.1701282700
-0.1163393300 0.7389235500 -0.1378591100
-0.0619741600 0.7653636100 0.0089136300
0.0718494400 0.8238736400 0.0151984900
0.1068993900 0.7940046500 -0.0074591600
0.1088312200 0.7822476800 -0.2837602800
0.0890833600 0.7763114900 -0.3902428500
-0.0267503700 0.7859876300 -0.4246202900
-0.1174729500 0.7403231100 -0.1242851300
-0.0145979800 0.7925734700 0.0292772500
0.0876044000 0.8064723200 0.0041475600
0.1272789200 0.8148796800 -0.0813261800
0.1287632100 0.7961191400 -0.1342343100
0.0981836500 0.7910976000 -0.2075693600
0.0913284900 0.7820170400 -0.2470923100
-0.1282523200 0.7493666100 -0.3571547100
-0.1417127400 0.7394718000 -0.2787653800
0.0345358100 0.8005037500 0.0276090400
0.1234914000 0.8165483300 -0.0333488900
0.1272893600 0.8184623100 -0.1024619300
0.0900458900 0.7717535500 -0.2381383000
0.0929277400 0.7911609400 -0.2524514700
0.0954888300 0.7663584500 -0.3643451400
0.0135631800 0.7711173100 -0.4261165000
0.0074228400 0.7541307400 -0.4276185900
-0.1015578700 0.7576685500 -0.3974493400
-0.1113682300 0.7643764600 -0.3828182100
-0.1350474900 0.7320845100 -0.2647636200
0.1016274200 0.8024521600 -0.2141446600
0.0928218800 0.7729608000 -0.3769072500
0.0804241500 0.7829678200 -0.4005916200
-0.0139192000 0.7811617200 -0.4393393400
-0.0194331400 0.7815939700 -0.4357754800
-0.1350231000 0.7538762800 -0.2425424800
-0.1157769000 0.7419300600 -0.2171193200
-0.1319369100 0.7518489800 -0.0581816200
0.1001593300 0.8192026300 -0.0066286300
0.1258187700 0.8180391000 -0.0467680000
-0.1119390600 0.7843069600 -0.3841642500
-0.1556204500 0.7717530100 -0.3340767100
-0.0654891400 0.8067636600 0.0136605800
0.0012919200 0.8029986500 0.0347796200
0.1261876200 0.8176206000 -0.0618178300
0.1069083600 0.7757961800 -0.1585576300
0.1204213700 0.7851464400 -0.3176415100
0.0629960600 0.7914765300 -0.4126199900
0.0280717500 0.7712843300 -0.4254630700
-0.0169849400 0.7863174100 -0.4366705800
-0.1037700900 0.7787098300 -0.3926540300
-0.1331356100 0.7803938400 -0.3533263900
-0.1446136100 0.7536558100 -0.2742398200
-0.1136158100 0.7487902700 -0.1734663500
-0.1177675400 0.7492189000 -0.1007676700
-0.0903001600 0.7753557900 -0.0037730000
0.1224024300 0.8046068300 -0.1459195500
0.1006832200 0.7848675400 -0.2659125300
0.1178006700 0.8050994200 -0.3041189400
0.1200249300 0.7658517700 -0.3303949100
0.0722376800 0.7903003600 -0.4073223900
-0.0102072200 0.7931525900 -0.4384126700
-0.0841185400 0.7861245700 -0.4086409600
-0.1482287200 0.7788175300 -0.3420048600
-0.1449614300 0.7601401000 -0.2559121700
-0.1130763600 0.7836872400 -0.0243479600
-0.0300884500 0.7693959400 0.0250501600
0.1096733600 0.8076393100 -0.1617681500
0.0946232800 0.7891296400 -0.3587607600
0.0541531400 0.7849644600 -0.4167031700
-0.0340754700 0.7718189700 -0.4172130300
-0.1218881100 0.7584944700 -0.3695665300
-0.1234699900 0.7726927200 -0.0867103100
-0.1243001300 0.7620396400 -0.0366554500
0.0870620100 0.8278025800 0.0005518300
0.1040382100 0.8287010500 -0.0124951800
0.1051122600 0.8134228000 -0.2089344900
-0.0047185200 0.7979938800 -0.4362297400
-0.0394517800 0.8064906200 -0.4151327700
-0.1284979900 0.7875449100 -0.3633974300
-0.1378562300 0.7691023000 -0.3470697800
-0.1282073700 0.7560946800 -0.2263427600
-0.1294877700 0.7679235700 -0.1430143800
-0.0459179900 0.8055531500 0.0215125400
0.0806844600 0.8256975900 0.0067955600
0.0943268700 0.7886917100 -0.2346953000
-0.1524201600 0.7571687400 -0.2915503900
-0.1532578800 0.7690248300 -0.2854045200
-0.1186324200 0.7593631900 -0.2023640000
-0.1205861800 0.7579087100 -0.1609772400
-0.1240749400 0.7547118600 -0.1336294500
0.0294127300 0.7971340400 -0.4232069100
-0.0536210400 0.7952829100 0.0168188500
-0.0425287700 0.8220612900 0.0238356400
-0.0279053100 0.8312259100 0.0260760900
-0.0223450000 0.8361107800 0.0276063500
0.1103927800 0.8200912100 -0.0163506700
0.1221110300 0.8396469800 -0.0495068300
0.0935566000 0.8010109000 -0.2416215900
0.0954582800 0.8088877500 -0.3515882600
-0.0930453900 0.7852359300 -0.4048781900
-0.1331468200 0.7642750200 -0.0499239100
-0.1302927500 0.7670916000 -0.0437125900
-0.0079732200 0.8066667700 0.0331143300
0.0197828800 0.8335541700 0.0317642300
0.0348039900 0.8368678500 0.0263712800
0.1228367500 0.8366327100 -0.0750505800
0.1245965500 0.8232365900 -0.1446545900
-0.1028674900 0.7949677400 -0.3935438200
-0.1558427300 0.7825277100 -0.2608556500
-0.1275506600 0.7820511000 -0.0914313800
0.0768568800 0.8528462500 0.0037390000
0.1127877100 0.8517400100 -0.0262585300
0.1261272900 0.8284933200 -0.1103907300
0.1046005300 0.8114887300 -0.1797519200
0.1080655200 0.7940611600 -0.3422237700
0.0153723100 0.7939618400 -0.4256447900
-0.0875559100 0.7992075500 -0.4086892900
-0.1289329100 0.7721812200 -0.2146855500
-0.1276043600 0.7695747500 -0.1093205900
-0.0617832000 0.8164039800 0.0163537400
0.1117761700 0.7986331800 -0.2854817000
0.1168341800 0.8290294900 -0.3209952500
0.1139008000 0.7916131300 -0.3359262800
0.0871960200 0.7965495300 -0.3932783500
0.0443215600 0.8043506200 -0.4166535500
-0.0629296900 0.7927087400 -0.4075061100
-0.0798453500 0.8037546800 -0.4115810300
-0.1371171600 0.7821826500 -0.0665826000
0.0542926900 0.8322039700 0.0228320000
0.0099025000 0.8063072000 -0.4270026100
-0.0211465800 0.7977161800 -0.4342927900
-0.1392698200 0.7911170000 -0.1518988400
-0.1312017800 0.7875827000 -0.0812465300
0.1191869700 0.8404433900 -0.0337724400
0.1186113700 0.8546220000 -0.0449143500
0.1019822300 0.8172715700 -0.2253107600
0.1036962600 0.8011951100 -0.2704994300
0.0890990000 0.8032568000 -0.3867885000
0.0762967700 0.8122271500 -0.4035479500
-0.0142347400 0.8075912200 -0.4397794100
-0.0970405200 0.8062124300 -0.3986924700
-0.1645651800 0.7837503200 -0.3220577000
-0.1255115600 0.7697466900 -0.1975621800
-0.1105540100 0.7902344300 -0.0220557500
-0.0789471700 0.8224102200 0.0059627100
0.0942823400 0.8318740500 -0.2435847700
0.0925766100 0.8300817800 -0.2522668400
0.0561123600 0.8107415700 -0.4123560500
0.0474114300 0.8228747200 -0.4148927000
0.0331817600 0.8142833500 -0.4213993100
-0.1615540100 0.8010900100 -0.3335761800
-0.1627909900 0.7811393100 -0.3258786000
0.0082796400 0.8400852700 0.0347191400
0.0993210700 0.8539070200 -0.0148713600
0.1211509000 0.8409664500 -0.0958885800
0.1292284900 0.8334545300 -0.1291128900
0.1283195700 0.8314016300 -0.1358319900
0.0952512600 0.8090715100 -0.2572909900
0.1133268700 0.8248403300 -0.2864801600
0.1192382900 0.8103676900 -0.3159416600
0.0989599300 0.8235555600 -0.3432477100
0.0901585700 0.8060294800 -0.3655770300
0.0874603900 0.8229516700 -0.3930205900
-0.1279811200 0.7732862300 -0.1724196700
-0.1283907100 0.7934740900 -0.0389155700
-0.0870455600 0.8092627900 -0.0003996400
0.0564274700 0.8561789700 0.0206502200
0.0683042800 0.8456478500 0.0159446100
0.0865627900 0.8516610200 -0.0046246100
0.1195107100 0.8286322000 -0.1519465200
0.1106957300 0.8259930000 -0.1646071300
0.1062685700 0.8100363500 -0.1693897100
0.1168920200 0.8007866300 -0.3287506200
0.0706807800 0.8247435200 -0.4055693200
-0.1390507100 0.7956793300 -0.3501268000
-0.1545960700 0.8158463300 -0.3442137800
-0.1444760400 0.7780860800 -0.2328180600
-0.1355061200 0.8001459500 -0.0834637900
0.1209696000 0.8423565400 -0.0423663200
0.1203954200 0.8494558600 -0.0714416600
0.1272592900 0.8461524900 -0.1219997500
0.1081957400 0.8272620800 -0.3346801100
0.0918946000 0.8117043400 -0.3572718700
0.0227313700 0.8161632700 -0.4234694300
-0.0096469000 0.8271690200 -0.4389916600
-0.0792422400 0.8282349600 -0.4128606800
-0.1100532800 0.8038752500 -0.3885412100
-0.1285484500 0.8167303100 -0.3704070900
-0.1640346100 0.7767526900 -0.3172349500
-0.1639754900 0.7915948900 -0.3000333600
-0.1374270400 0.7954419300 -0.2047815400
-0.1449552700 0.8008762700 -0.1377889100
-0.0080624200 0.8329520500 0.0349681700
0.1107670300 0.8734214200 -0.0293362200
0.1252388300 0.8505783200 -0.1447175800
0.0902076900 0.8279642700 -0.3606880700
-0.0012836600 0.8204076100 -0.4349468400
-0.0334918700 0.8111808300 -0.4189738800
-0.1418176400 0.7999151000 -0.0627585300
-0.0998803700 0.8068806400 -0.0121245800
0.0338538400 0.8489796900 0.0264896800
0.1028911900 0.8434328400 -0.2245789100
0.0953324000 0.8423059500 -0.2608146000
-0.1592748500 0.7909394100 -0.2752220600
0.0311704900 0.8261380600 -0.4238350900
-0.0724242000 0.8255396900 -0.4142010900
-0.1648426500 0.7993891600 -0.2594615400
0.1126587600 0.8293735900 -0.3292545900
0.0900467900 0.8287634900 -0.3802346000
0.0215811100 0.8312941600 -0.4299215000
-0.0203714200 0.8211331200 -0.4371990000
-0.1188311100 0.8052348200 -0.3801989100
-0.1224679900 0.8011011300 -0.3755435300
-0.1684108700 0.7999162900 -0.3109649000
-0.1687830200 0.8093868800 -0.2912466500
-0.1541431700 0.7827534200 -0.2503505300
-0.1415059300 0.8039120600 -0.2002666500
-0.1400072500 0.7940996800 -0.1623235800
-0.1363274900 0.7926915800 -0.1037034800
-0.1402645900 0.8143668700 -0.0872804600
-0.1345481800 0.8215709800 -0.0432488700
0.1183684200 0.8341996600 -0.3040634000
0.0806112900 0.8353075100 -0.4003603100
-0.0295050600 0.8143123100 -0.4233352800
-0.1038173100 0.8184095300 -0.3937375500
-0.1334825700 0.8122919500 -0.3572226100
-0.1405396600 0.7903068100 -0.2180170700
-0.0976333700 0.8267796900 -0.0099207200
0.0064930000 0.8590083600 0.0343996200
0.0190966900 0.8576231400 0.0339680400
0.0332156100 0.8600950500 0.0257031400
0.1274348200 0.8577511200 -0.1365482300
0.1090710800 0.8405670000 -0.1745888200
0.1065189500 0.8344723900 -0.1872985400
-0.1229699000 0.8507315700 -0.3815751700
-0.1568251000 0.7987550200 -0.2357740100
-0.1418539700 0.7947464600 -0.1305690000
-0.1390271700 0.8143982700 -0.0482838400
-0.1172993200 0.8176053400 -0.0270996000
0.0928046600 0.8278391800 -0.3499100800
0.0893028800 0.8474045000 -0.3791940300
0.0372028800 0.8466168500 -0.4212599900
-0.0480226800 0.8182933400 -0.4135431000
-0.1369581600 0.7884133500 -0.1157551100
0.1015115300 0.8702066100 -0.0199953800
0.1080947900 0.8386482200 -0.2737056100
0.1166987300 0.8359262500 -0.2941512100
0.0074021800 0.8215126700 -0.4292682900
-0.1429977700 0.7953008200 -0.1845665700
0.0853491700 0.8776393700 -0.0106446100
0.1142864600 0.8683728800 -0.0361893000
0.1165955200 0.8681039600 -0.0962189500
0.1118451900 0.8423043500 -0.1681850300
0.1075420500 0.8406156200 -0.2033701700
0.0585547100 0.8374308000 -0.4081901900
-0.1181746800 0.8507313600 -0.3864184800
-0.1373987000 0.8257384500 -0.3562366600
-0.1662570500 0.8113089100 -0.2426449800
0.0459338700 0.8688395000 0.0239802500
0.1093963800 0.8683047600 -0.0255806000
0.1186453500 0.8651948300 -0.2978864000
-0.0329386900 0.8483772000 -0.4217846700
-0.0850007100 0.8316821100 -0.4073143000
-0.1712075900 0.8153231100 -0.2819457600
-0.1595550000 0.8168578400 -0.2251761500
-0.1474118200 0.8123775600 -0.2114589000
-0.1558247600 0.8343547700 -0.1090656500
-0.1279852900 0.8181274000 -0.0369283000
-0.0588338300 0.8435477200 0.0164245200
-0.0289182400 0.8644302600 0.0225611300
0.0535043600 0.8662719300 0.0194805200
0.1016617300 0.8905560400 -0.0226356600
0.1207455300 0.8472105700 -0.1038576000
0.1190308700 0.8550843300 -0.1580821300
0.1155459000 0.8519943500 -0.3206150300
-0.0080164600 0.8524124700 -0.4366198700
-0.1496340900 0.8189886600 -0.2034735000
-0.1463408700 0.8219793100 -0.0683881000
-0.0668715100 0.8630194900 0.0129777300
0.1151502500 0.8742780600 -0.0760028100
0.1207421100 0.8626442300 -0.1151982800
0.1072677500 0.8502613500 -0.2122669900
0.0920828600 0.8535646700 -0.2567192200
0.1059321000 0.8508041700 -0.2725613900
0.1181551000 0.8349306000 -0.3141811100
0.1113557800 0.8538358000 -0.3267716500
0.0843054100 0.8575346500 -0.3890163500
0.0162468400 0.8549539600 -0.4313903900
-0.0255515700 0.8483629800 -0.4325765600
-0.1302812700 0.8443066400 -0.3671739600
-0.1672982000 0.8393739100 -0.3337771400
-0.1691067600 0.8179194000 -0.3252406300
-0.1723271100 0.8182273200 -0.3164387000
-0.1578736100 0.8255360100 -0.1900468800
-0.1536597500 0.8181968500 -0.1699949700
-0.1655303000 0.8419911800 -0.1455936400
-0.1535138800 0.8458346700 -0.0902915800
0.0270034800 0.8682484900 0.0305055500
0.1159974300 0.8674549600 -0.0621253000
0.0956949000 0.8555046800 -0.2368647300
0.1168717000 0.8595863700 -0.2902331200
-0.0720056400 0.8420496700 -0.4163708600
-0.1537086600 0.8179122100 -0.1488670700
0.1050771200 0.8613229600 -0.2216658100
0.0908482500 0.8566246400 -0.2492912600
0.0872848900 0.8558409900 -0.3586676600
0.0533925800 0.8588675400 -0.4107036900
0.0028137600 0.8423191300 -0.4299671500
-0.0552440500 0.8320016500 -0.4135793100
0.0209726700 0.8810937500 0.0311797300
0.0691594700 0.8853918300 0.0009527800
0.1214501600 0.8814088300 -0.1584810800
0.1018673000 0.8471911500 -0.3363198200
0.0877828000 0.8538506100 -0.3522466000
0.0327553300 0.8622080300 -0.4241812600
-0.1111010600 0.8533704600 -0.3909332900
-0.1271256500 0.8382328900 -0.3740268400
-0.1651196800 0.8288492300 -0.2232585400
-0.1169589500 0.8428706600 -0.0253874700
0.0596628800 0.8824942700 0.0115800900
0.1092570900 0.8846146700 -0.0430063700
0.1266584700 0.8631548500 -0.1421331000
0.0506779600 0.8435581100 -0.4113510800
0.0229360700 0.8582375500 -0.4305179500
-0.0167767500 0.8449368900 -0.4381806900
-0.0860419000 0.8509833600 -0.4040158400
-0.1496684400 0.8234953900 -0.3491526700
-0.1429059100 0.8130771600 -0.0546060700
-0.1043302100 0.8380532500 -0.0161302700
-0.0394744000 0.8825509100 0.0187308200
0.1239874800 0.8822472000 -0.1273006700
0.1087663700 0.8734994100 -0.1956195900
0.1180933600 0.8624495300 -0.3094323000
0.0911310400 0.8749537400 -0.3377014900
-0.1002108100 0.8383658000 -0.3955123100
-0.1587859100 0.8329743900 -0.2022536800
-0.0109756800 0.8490001800 0.0328840700
0.1275679000 0.8604258300 -0.1317506800
0.0043826100 0.8615352300 -0.4291632500
-0.1443000100 0.8424604900 -0.0517049700
-0.1291147300 0.8518390500 -0.0349771600
-0.0712200500 0.8716683300 0.0092452700
0.0399150900 0.8833243200 0.0285575600
0.1106695600 0.8927382100 -0.0595377000
0.0938754200 0.8817343500 -0.2621655800
0.0887451900 0.8614904900 -0.3451608700
0.0717460500 0.8533180300 -0.4050911700
-0.0933716300 0.8401987300 -0.3989045800
-0.1847548700 0.8466467200 -0.2788921200
-0.0787782700 0.8569496100 0.0055471400
-0.0547897700 0.8722495800 0.0166684500
0.0240994200 0.8925449600 0.0286330000
0.1107113200 0.8921742600 -0.2147861200
0.0879471800 0.8718380900 -0.3718995500
0.0440990900 0.8731617500 -0.4176409700
-0.1739900000 0.8187893000 -0.2701388200
-0.1803786400 0.8387304500 -0.2505627800
-0.1605674800 0.8328287600 -0.2115552000
-0.0462677300 0.8652183600 0.0197083200
0.1139873100 0.8831336500 -0.0737018600
0.1112406900 0.9134265800 -0.1945930000
-0.1387434500 0.8534023000 -0.3616550100
-0.1754232900 0.8285189600 -0.2982994800
-0.1643240300 0.8362550300 -0.1855998700
-0.0619310100 0.8999436400 0.0098394900
0.1124987400 0.8461417400 -0.2820042900
0.0581238100 0.8741403100 -0.4098548900
-0.0206852000 0.8664161200 -0.4359274100
-0.1585865600 0.8354168600 -0.3445720400
-0.1497535200 0.8351161900 -0.0654480900
-0.0268409400 0.8929958000 0.0201563900
0.1092178100 0.8637984900 -0.1832550300
0.0862316400 0.8781546500 -0.3800101700
0.0819170900 0.9022420800 -0.3823663400
-0.0280253900 0.8825795700 -0.4286954900
-0.1756780400 0.8500969300 -0.2249198300
-0.0010649200 0.8864930600 0.0289830000
-0.1792425500 0.8512298100 -0.3175687900
-0.1514931100 0.8513688300 -0.0595558700
0.0396321700 0.9020959600 0.0248114300
0.0771152400 0.9011074400 -0.0116079400
0.0962339300 0.8962562200 -0.0194977300
0.1103108200 0.9038282200 -0.0655173000
0.1100104100 0.8764456300 -0.2097388300
0.1153615900 0.8783283500 -0.3156371400
-0.0002940900 0.8799089500 -0.4296848100
-0.0072998300 0.8734896800 -0.4343825000
-0.0393136500 0.8530831400 -0.4171381500
-0.0887609400 0.8646100700 -0.3999460100
-0.1552465800 0.8592177600 -0.3531855000
-0.1629676100 0.8443721800 -0.2025945900
-0.0723301700 0.8988983300 0.0053131100
0.0501608700 0.8983547700 0.0161590000
0.0543411100 0.9137437200 0.0070849900
0.1145770100 0.8887950800 -0.1046455700
0.1243780700 0.8957473700 -0.1315804300
-0.1279095400 0.8676108000 -0.3728156000
-0.1798316200 0.8431807200 -0.3040210500
-0.1660348800 0.8425275200 -0.1687436400
-0.1632066500 0.8424163700 -0.1278077400
-0.1576057000 0.8700826500 -0.0695723700
-0.0995808800 0.8771115900 -0.0137290600
0.0240962600 0.9035407400 0.0249665800
0.0986145800 0.9074896400 -0.0270146500
-0.1854697300 0.8493306700 -0.2549681100
-0.1520737200 0.8465492900 -0.0831063600
-0.1063486800 0.8757737600 -0.0183754900
-0.0936490000 0.8789139700 -0.0088073700
-0.0088161500 0.8998321200 0.0250475700
0.0682241200 0.9165350800 -0.0069236900
0.1152955600 0.8850325700 -0.1136806000
0.0333213700 0.8779865800 -0.4226524700
-0.1381278400 0.8746877600 -0.3664135300
-0.1583166600 0.8837222300 -0.3541271400
-0.1698625100 0.8561759600 -0.2068321200
-0.1621610000 0.8530422600 -0.1063252500
-0.1211986000 0.8929411900 -0.0275140500
0.1128813900 0.9109280900 -0.1195929000
0.1068413700 0.8736685600 -0.3271047400
0.0717805900 0.8681831000 -0.4040972700
-0.0756280600 0.8771659100 -0.4128904400
-0.1750707700 0.8610051300 -0.1820180000
0.1133951100 0.9049618800 -0.0822909300
0.1161139100 0.8820299800 -0.1705598200
0.1111389800 0.8968221900 -0.1874626500
0.1087227100 0.8931483600 -0.2198620600
0.0952443100 0.8926176900 -0.2376261100
0.0990421400 0.8966615400 -0.2670718500
0.0816405100 0.9086545500 -0.3395758000
-0.1134773500 0.8844208800 -0.3890551600
0.1256393800 0.8918201900 -0.1369992100
0.0923007700 0.8800860700 -0.2423467500
0.1137559500 0.8894280400 -0.2803522000
0.0783217600 0.8829046300 -0.3914102800
0.0529790800 0.8846775700 -0.4121584300
0.0211061400 0.8780967100 -0.4313096200
-0.0172467000 0.8856797800 -0.4336212400
-0.0961342400 0.8661685500 -0.3953326400
-0.1892072600 0.8645150200 -0.2909611000
-0.1729950500 0.8597407200 -0.1555121800
-0.1760038100 0.8732403800 -0.1359878400
-0.0995271100 0.9004246800 -0.0160269400
-0.0507963500 0.9177019600 0.0109307900
0.0198474600 0.9180978500 0.0234000100
0.0397746400 0.9131777700 0.0237566100
0.0650130600 0.9146515600 -0.0038096100
0.1170991400 0.8896814800 -0.1196987000
0.0903981500 0.8826501600 -0.2571077400
0.0997058300 0.8792547200 -0.3306609300
0.0849092700 0.8908737200 -0.3588516100
-0.1482951700 0.8723687700 -0.0533281600
0.1232079100 0.8911904300 -0.1555111000
0.1104138100 0.8832941900 -0.2761862800
-0.0803968400 0.8723790300 -0.4091297100
-0.0912089300 0.8777279400 -0.3964073700
-0.1849663300 0.8607106400 -0.2417681800
0.0889567300 0.9121082100 -0.0167026300
0.0835284000 0.8903608900 -0.3480579900
-0.1274318000 0.8944755100 -0.3765146100
-0.1922369700 0.8669696400 -0.2615716300
-0.1703941100 0.8538815300 -0.1961839500
0.1056768300 0.9146865700 -0.0565539000
0.1204247900 0.9284280500 -0.1708436700
0.0196777400 0.8979509500 -0.4260192600
-0.0712875600 0.8961906100 -0.4121846300
-0.1203262400 0.8924626200 -0.3836498500
-0.1900457400 0.8765493200 -0.3004568700
-0.1839903800 0.8680967300 -0.2270743300
-0.0805138900 0.9008973800 -0.0001800600
-0.0772263900 0.9165097200 0.0013585900
0.0054753200 0.9077441300 0.0292391300
0.1251624200 0.8986682300 -0.1457149200
0.1181619700 0.9056540300 -0.2967870500
0.0876662200 0.9024734500 -0.3306939500
-0.0982206100 0.9081899700 -0.3895245500
-0.1721009100 0.8552059600 -0.2132725300
-0.0269385700 0.9205432200 0.0138973600
0.1111477600 0.9204360400 -0.0894247900
0.1069017400 0.9058813300 -0.2242419300
0.0727315100 0.8934471500 -0.3952918500
-0.1421625800 0.8960867900 -0.3672648700
-0.1651281300 0.8841370400 -0.3471720400
-0.1973484600 0.8831546600 -0.2661012600
-0.1791194100 0.8748648900 -0.1700901000
-0.1629792900 0.8810811700 -0.0840880900
0.0371183600 0.9257321200 0.0182281200
0.0438703600 0.9255487800 0.0141510500
0.0964415100 0.9235432900 -0.0372063800
0.1091621800 0.9148449200 -0.1101162700
0.0890060700 0.9070193100 -0.2481813600
0.1167378900 0.8923747500 -0.2874385800
0.0937047600 0.8959523000 -0.3288621200
0.0862880800 0.8925481100 -0.3716309500
0.0552649100 0.9058848200 -0.4062114600
0.0352986300 0.8959504700 -0.4153851000
0.0211179500 0.9077574400 -0.4225603900
-0.0098482300 0.8932860300 -0.4322424900
-0.0284002800 0.9039008900 -0.4254268600
-0.0426880700 0.8920345800 -0.4135814900
-0.1100044000 0.9054225700 -0.3882980100
-0.1800225900 0.8752708700 -0.3237872900
-0.1898020700 0.8753855600 -0.2385445100
-0.1770783000 0.8834639600 -0.2018560900
-0.1827908200 0.8827632400 -0.1885950600
-0.1287378500 0.8964644100 -0.0333171900
-0.0647751800 0.9159148800 0.0068932400
0.1157014400 0.9207936000 -0.1816900000
0.0844855100 0.9011143100 -0.3359075400
-0.0854504200 0.9107676400 -0.3962548800
-0.1880854900 0.8882782900 -0.3115617700
0.0723280400 0.9269376500 -0.0100591000
0.1118024100 0.9155427200 -0.2041566800
0.0893926200 0.9206473900 -0.2513263800
0.1159332000 0.9405364600 -0.2836423800
0.1174484300 0.9013159100 -0.3040079800
0.1116667500 0.8807365800 -0.3206245900
0.1077018400 0.9019448700 -0.3200332600
0.0021072700 0.9097166000 -0.4225071000
-0.0195227900 0.9078694800 -0.4302501200
-0.0644427600 0.9147396100 -0.4091759100
-0.0904400600 0.9105648700 -0.3917758100
-0.2003975000 0.9005502400 -0.2758735200
-0.0975351000 0.9138024300 -0.0149966300
0.0401720600 0.9393322200 0.0124146300
0.0552440000 0.9310830600 0.0004121300
0.1033511600 0.9301674900 -0.0553725000
0.1079478200 0.9379443800 -0.0744133000
0.1204452600 0.9262919300 -0.1295504100
0.1237549000 0.9167501400 -0.1360195400
0.1219645400 0.9268299100 -0.1595215800
-0.1054953300 0.9129098600 -0.3900988800
-0.1819514700 0.8932889300 -0.1355317200
-0.1675398500 0.8970250400 -0.0873004400
-0.1588867900 0.8866484000 -0.0645779300
-0.0763100700 0.9245932400 0.0044553000
-0.0571133500 0.9261062400 0.0122764400
-0.0067138700 0.9271790800 0.0225259000
0.0911784500 0.9243861800 -0.0257745900
0.1091117400 0.9383108400 -0.0865225000
0.0971094700 0.9166102400 -0.2661313800
0.0629296800 0.9217468200 -0.3933209400
-0.0768253200 0.9136389600 -0.4064929200
-0.1173901100 0.9081764000 -0.3856195700
-0.1276911900 0.9066264100 -0.3768013000
-0.1399801500 0.9069565400 -0.3682122400
-0.1741002200 0.8804474700 -0.3328846500
-0.1855328600 0.8872309500 -0.2154584300
-0.1787817000 0.8764486800 -0.1502594600
-0.1388489500 0.8760135000 -0.0433361900
-0.1223293600 0.9122462700 -0.0286952300
-0.0127249800 0.9308191300 0.0222459200
-0.0008552200 0.9366782800 0.0243424500
0.0206042400 0.9323011000 0.0178135700
0.1132091200 0.9451424200 -0.1961094500
0.0832000400 0.9153098200 -0.3738945500
0.0276692500 0.9244758900 -0.4089050800
-0.0426536400 0.9154031200 -0.4099841100
-0.1720188500 0.8810760700 -0.1081343900
-0.0401194100 0.9288369000 0.0167288700
0.0067621300 0.9304995600 0.0224575800
0.0893895600 0.9416865800 -0.0318780900
0.0936184200 0.9197655500 -0.2390427800
0.0987638400 0.9239979300 -0.2373913100
0.0907728400 0.9176949300 -0.2583666000
0.1136567400 0.9311694500 -0.2775323900
0.0835637000 0.9182007100 -0.3619520900
0.0040523500 0.9227029800 -0.4180445200
-0.0201492600 0.9210740400 -0.4253697800
-0.0315995900 0.9196082100 -0.4207916100
-0.0631721500 0.9224755400 -0.4130303800
-0.0826950200 0.9217654100 -0.4055117700
-0.1103500500 0.9182489500 -0.3919746400
-0.1644654800 0.9051018600 -0.3489612100
-0.1842408200 0.9050583400 -0.3227895600
-0.1960185600 0.9027349800 -0.2962946200
-0.1260676100 0.9231787600 -0.0261965400
-0.1037648900 0.9229360900 -0.0122172000
0.1070349300 0.9378510400 -0.1114159900
0.1243035200 0.9189244300 -0.1455748300
0.1126037500 0.9312235100 -0.2174349500
0.1100571500 0.9202327600 -0.2742714800
0.0972302400 0.9171113700 -0.3222442700
-0.0090304000 0.9213058900 -0.4246903300
-0.0466382100 0.9258915200 -0.4175222400
-0.1724318600 0.9051224500 -0.3369876900
-0.2007603800 0.9001990000 -0.2642131000
-0.1762214900 0.9089797300 -0.1024401600
-0.0265598800 0.9389329300 0.0204646400
0.0789844200 0.9417025700 -0.0187345300
0.1207531600 0.9439100200 -0.1483843900
0.1125668000 0.9439100200 -0.2019713500
0.1071376400 0.9295214600 -0.2254653100
0.0815437500 0.9104872000 -0.3466641900
0.0156428500 0.9230654400 -0.4166882400
-0.0289149400 0.9257398900 -0.4227469100
-0.1359659400 0.9164304100 -0.3754386400
-0.1903337000 0.8983878000 -0.2169844000
-0.1839744300 0.8977853800 -0.1995893300
-0.1347127000 0.9134479600 -0.0377179000
0.0514137400 0.9473252700 0.0061002400
0.0529503400 0.9397688100 -0.0007829400
0.1067756800 0.9273953000 -0.2452707200
0.1013255900 0.9226850900 -0.2633654100
0.0562007100 0.9171419400 -0.4006685000
0.0405878400 0.9270674500 -0.4000267800
-0.1968670500 0.8980166400 -0.2441600800
-0.2025442100 0.9066824400 -0.2375173600
-0.0716248700 0.9470323700 0.0069544200
0.1035467400 0.9401204500 -0.0627721300
0.1119248700 0.9439117000 -0.0765202500
0.1087202600 0.9391886400 -0.1187722800
0.1083930800 0.9376328800 -0.3125924600
-0.0676639300 0.9310535100 -0.4107292000
-0.1665434300 0.9119747100 -0.3500034800
-0.2059154800 0.9096299600 -0.2668131100
-0.1898534900 0.9026314300 -0.1883403000
-0.1872199800 0.9044810300 -0.1631417600
0.0108673700 0.9484622200 0.0225506100
0.1080054200 0.9410641600 -0.1003060900
0.1197079300 0.9423426000 -0.1276995700
0.1170951300 0.9328560900 -0.2546131400
-0.1951971300 0.9049834700 -0.2050681800
-0.1902207600 0.9015516400 -0.1818235400
-0.1865016700 0.9059304800 -0.1425685100
-0.1812267900 0.9083903700 -0.1168193200
-0.1680475300 0.9197009600 -0.0711238600
-0.1605739500 0.9116080300 -0.0659464800
0.0392702000 0.9468349300 0.0145583500
0.0742710400 0.9495788900 -0.0110866200
0.0897747600 0.9485290500 -0.0274972800
0.1105872700 0.9425567700 -0.1138735300
0.1141296800 0.9458282500 -0.2125989000
0.1095771400 0.9398556000 -0.2326033300
-0.2052734400 0.9117621600 -0.2330087100
-0.1409727900 0.9220416500 -0.0375211500
-0.0470347100 0.9470746300 0.0183930200
-0.0189623900 0.9505556000 0.0216572900
0.1039383800 0.9479329100 -0.0510672400
0.1237238400 0.9478575400 -0.0899012200
0.1219686600 0.9421713900 -0.1373483000
0.1125094100 0.9364962500 -0.2712377600
0.0797223400 0.9385788600 -0.3271056300
0.0814800300 0.9347290700 -0.3586448100
-0.1017483900 0.9353522000 -0.3958334600
-0.1876417300 0.9127820400 -0.3230067900
-0.2060705900 0.9152412300 -0.2827746700
-0.2085624200 0.9196227000 -0.2714912800
-0.1987288400 0.9110359200 -0.1819340400
0.1032187700 0.9598628100 -0.0508378200
0.1216970800 0.9500081200 -0.0782244800
0.1251631300 0.9457899400 -0.1293967500
0.1209564700 0.9457373800 -0.1693218900
0.1140432900 0.9457640300 -0.2222605900
0.1183852400 0.9362777900 -0.2434060300
0.1191322300 0.9411298200 -0.2468735100
0.0771461100 0.9348498500 -0.3343309600
0.0603068300 0.9318424700 -0.3909762900
0.1166987700 0.9401009700 -0.2973524200
0.1141476800 0.9404943600 -0.3048227800
0.0813477300 0.9352978100 -0.3671803200
0.0328403000 0.9342567700 -0.4109940000
0.0158459400 0.9327453600 -0.4186489100
-0.1365585100 0.9311558000 -0.3738802600
-0.1953840000 0.9148037100 -0.1558947500
-0.1920562200 0.9179304400 -0.1313709200
-0.1821706500 0.9171301100 -0.1049925000
0.0384453200 0.9575131900 0.0112220700
0.1251076100 0.9480725400 -0.1523620700
0.1176163200 0.9447064000 -0.1833597200
0.1024280400 0.9378853800 -0.3167811300
0.0989912800 0.9402834800 -0.3205081000
0.0843190400 0.9382535000 -0.3227607500
0.0844878500 0.9386679100 -0.3537263600
0.0769004100 0.9346959600 -0.3768240800
0.0479733400 0.9366859300 -0.4031050100
-0.0024771800 0.9317170200 -0.4226957200
-0.0306466100 0.9471104000 -0.4179060300
-0.1902115600 0.9378881500 -0.3207837200
-0.2055879700 0.9220462100 -0.2115430600
-0.1089608700 0.9359776000 -0.0180988800
-0.0866719000 0.9447769600 -0.0037273400
0.1264450100 0.9507222700 -0.1718498100
0.1150648200 0.9491718100 -0.2003992200
-0.0535929900 0.9399726100 -0.4123088500
-0.1214774300 0.9418964800 -0.3834133700
-0.1196654500 0.9317424200 -0.3860859300
-0.2034917900 0.9101091300 -0.2072431000
-0.1889529000 0.9239114300 -0.1171374100
-0.1802715000 0.9268597800 -0.0950516700
-0.1637423100 0.9324524700 -0.0654731600
-0.1526593900 0.9224925800 -0.0503760400
-0.1508045600 0.9358813000 -0.0497665600
0.1411105100 0.9541745000 -0.1371748200
0.1220805400 0.9483839900 -0.2311424000
0.1188939500 0.9455039100 -0.2361994200
0.0371582000 0.9475447900 -0.4055081900
0.2371387300 0.8896851300 0.0199372500
0.2394099000 0.8936033800 0.0016939300
0.2399263900 0.8936484200 0.0199681400
0.1209928000 0.9439452500 -0.2838855700
0.0941052400 0.9452524500 -0.3490766600
0.0864366100 0.9439197500 -0.3633657300
-0.0141192600 0.9402269200 -0.4214517500
-0.0516877900 0.9517207500 -0.4088068700
-0.0708766800 0.9468053900 -0.4065708900
-0.1630677200 0.9316157300 -0.3533937300
-0.1364893600 0.9446589700 -0.0372450400
-0.1286816100 0.9403302900 -0.0300667500
0.0713687900 0.9605936400 -0.0139525400
0.1180051300 0.9618482000 -0.0754243800
0.1351640800 0.9532408600 -0.1061784500
0.1436229400 0.9538590400 -0.1559038500
-0.1714379500 0.9434251600 -0.0797420200
-0.1064832200 0.9498763700 -0.0212325400
-0.0556328800 0.9470662400 0.0156939700
0.0903377100 0.9596396100 -0.0328937400
0.1503328100 0.9506433400 -0.2405758700
0.1253585400 0.9470068900 -0.2936118400
0.1114080000 0.9453941900 -0.3151724400
0.1011389300 0.9453047800 -0.3327211700
0.0069019600 0.9461247500 -0.4166271100
0.2313588100 0.8853669700 0.0339535600
0.2329262900 0.8857807600 0.0436153200
-0.1920111100 0.8214548600 -0.4295003100
-0.1904479000 0.8284019300 -0.4044797200
-0.0082682000 0.9527803500 -0.4160944500
-0.0895574400 0.9447900200 -0.4004961700
-0.1733718000 0.9352345500 -0.3441471900
-0.2018264800 0.9148961500 -0.2950095300
-0.0462314100 0.9579008400 0.0197807600
0.1434636000 0.9561029300 -0.1510291200
0.1514062900 0.9565968200 -0.1722246400
0.1519624100 0.9537798000 -0.2160364400
0.1264901500 0.9488157600 -0.2939550500
0.1019514700 0.9487382300 -0.3324376600
0.0778491800 0.9416752300 -0.3782125800
0.2307269100 0.8894953000 0.0206309400
0.2352078500 0.8948429300 0.0287052500
0.2436160800 0.8961241500 0.0031018400
-0.1901474500 0.8190373800 -0.4148587000
-0.1071208100 0.9478057500 -0.3912742200
-0.2080276000 0.9277231900 -0.2442064300
-0.1999540700 0.9196294300 -0.1670758100
0.0085747100 0.9621363800 0.0181307300
0.1567654200 0.9565344400 -0.2108327800
0.1301861800 0.9566798400 -0.2881914800
0.2437764900 0.9022226600 0.0057563200
-0.1981314100 0.8162169400 -0.4480128700
0.2229364300 0.8889752700 -0.0073482300
0.2227696500 0.8853955000 0.0357357900
-0.0265454500 0.9522154700 -0.4164802000
-0.0661570800 0.9632579500 0.0150493500
-0.0147819500 0.9620681700 0.0185807400
0.0553957000 0.9672776900 -0.0053284100
0.1239834300 0.9703449600 -0.0944701500
0.1330780000 0.9697537400 -0.1163321500
0.1390482000 0.9566067700 -0.1213056300
0.1160319500 0.9517098300 -0.3091462600
0.0162089600 0.9547911700 -0.4098073500
0.2234937200 0.8938541300 -0.0122234200
0.2277594300 0.8946417300 0.0098494800
0.2382430000 0.9013303800 0.0225063100
0.2431397300 0.9069203100 -0.0079740800
-0.1931793000 0.8357816000 -0.4095775000
-0.1373665500 0.9479354700 -0.3721161400
-0.1293114100 0.9591370800 -0.0328560400
0.0881421000 0.9678659200 -0.0364869400
0.1354997500 0.9721438300 -0.1374604000
0.1402392900 0.9656387600 -0.1503677500
0.1548025200 0.9556347600 -0.2312889900
0.1432429100 0.9574676900 -0.2687491100
0.0722160200 0.9546784100 -0.3783572500
0.2144331500 0.8950466400 -0.0084598200
0.2268921100 0.8958680800 0.0013027000
0.2436186700 0.9122860100 -0.0166697800
-0.1808460300 0.8309229200 -0.4232868000
-0.1944441400 0.8185945900 -0.4527523800
-0.1266258400 0.9537672500 -0.3808896300
-0.1679819100 0.9445090700 -0.3490687200
-0.1926249600 0.9251893300 -0.1300480500
-0.0903139800 0.9604648300 -0.0008592200
-0.0590735800 0.9691670900 0.0178288500
-0.0044156300 0.9712465300 0.0163619500
0.0827390100 0.9561192700 -0.3652360200
0.0563462500 0.9583273700 -0.3887677700
0.2206517500 0.8905732500 -0.0126201600
0.2226233600 0.8866902200 0.0426290500
0.2445405800 0.9160209000 -0.0013383300
0.2367234800 0.9062833100 -0.0108501700
-0.2264972700 0.8271580900 -0.4295192800
-0.2043940900 0.8269223300 -0.4362355800
-0.0575398800 0.9587212400 -0.4097257000
-0.0840271800 0.9596952000 -0.4063654500
-0.1560696700 0.9572324500 -0.3609319600
-0.2061933800 0.9345930100 -0.2099820200
-0.2009227500 0.9379120800 -0.1671314100
-0.0275891800 0.9719378200 0.0104729900
0.0357769200 0.9667707900 0.0079054700
0.0721697300 0.9672783500 -0.0191984700
0.1497620600 0.9666558600 -0.1784434500
0.1382788200 0.9509660000 -0.2784925800
0.2222207900 0.8939548100 0.0208375400
0.2463057700 0.9191435600 -0.0167447800
-0.1718922800 0.8236405700 -0.4473163200
-0.2211702700 0.8235323800 -0.4534220100
0.2431242300 0.9131930300 0.0077436600
0.2190679800 0.9044412100 -0.0205039200
0.0178847700 0.9794548500 0.0141189700
0.0301520500 0.9768514300 0.0105680700
0.1340578900 0.9719054600 -0.1225716700
0.1559459500 0.9576999100 -0.2021354500
0.1544737100 0.9658497000 -0.2154685700
0.0408683900 0.9576222000 -0.3984248600
0.0169953400 0.9670957300 -0.4079780200
-0.0429322100 0.9616273500 -0.4096828700
-0.1729954000 0.9479279300 -0.3458074600
-0.1803944400 0.9555084700 -0.3376729800
-0.1794871900 0.9414328700 -0.0952041800
-0.0951021300 0.9670835700 -0.0042683600
-0.1849483200 0.8239975300 -0.4568489600
-0.2338602700 0.8272429600 -0.4478754700
-0.2032709200 0.8353708600 -0.4274974900
0.2108832200 0.9003866500 -0.0141920900
0.2134390000 0.9049768400 -0.0043390400
0.2142515100 0.8924592600 0.0298979700
0.0620592100 0.9785971600 -0.0092517000
0.1019458800 0.9679769200 -0.0529208100
0.1086082200 0.9642501700 -0.3148387500
-0.0114973300 0.9677942500 -0.4169366600
-0.1791221300 0.8269529600 -0.4345107200
-0.1710477800 0.8253261100 -0.4551151000
-0.2049301000 0.8192587100 -0.4541057200
-0.2103327400 0.8336424200 -0.4681732800
-0.2136890000 0.8223068600 -0.4574557900
-0.2269955900 0.8353073100 -0.4656231400
-0.2140900300 0.8332364900 -0.4309907500
-0.1962897100 0.8353390600 -0.4213035100
0.2163065100 0.8907008900 0.0386802900
0.2321267700 0.8957908400 0.0411880600
0.2478883200 0.9157625300 -0.0108817300
0.2171037900 0.9129859300 -0.0282770900
0.1488995500 0.9756434900 -0.2029240800
0.1525815800 0.9656061800 -0.2399000900
0.1501363300 0.9573521800 -0.2534596900
0.0927541300 0.9622562900 -0.3393562600
0.0776360600 0.9633908100 -0.3696792800
-0.0343988300 0.9552009200 -0.4138888800
-0.0725547500 0.9675132300 -0.4127194600
-0.1542513600 0.9447935800 -0.0559139200
-0.1035473800 0.9685774000 -0.0215257000
-0.2360559500 0.8316602600 -0.4571584500
-0.2336041600 0.8388265300 -0.4382837900
-0.1169844900 0.9677486500 -0.3905487300
-0.1943457200 0.9549628900 -0.3144627700
-0.2062820100 0.9340120800 -0.2880715100
-0.1911388900 0.9417839600 -0.1243807500
0.1101404000 0.9691048000 -0.0663360400
0.1131919100 0.9688679200 -0.3072910700
0.2162052500 0.9009212100 0.0092574800
0.2112820400 0.9079484100 0.0058320300
0.2233497700 0.8963486300 0.0518587800
0.2252700300 0.9136222600 0.0485816900
0.2258376200 0.9201862800 -0.0213212100
0.2266128300 0.9134717900 -0.0179998400
-0.1722928900 0.8388890600 -0.4306290400
-0.0587977600 0.9773849800 -0.4116889400
-0.2110484000 0.9460667400 -0.2570163700
-0.1522534300 0.9659080500 -0.0542042100
-0.1425221600 0.9643123500 -0.0436410100
-0.0719223500 0.9914376300 0.0134057500
-0.0126038500 0.9818312800 0.0045148500
0.0882810600 0.9809236400 -0.0346186800
0.1168312900 0.9800869000 -0.0780924400
0.1471817000 0.9744934200 -0.1869156100
0.0875891100 0.9658849700 -0.3454004800
0.2164699400 0.8986532000 0.0468790800
0.2338332200 0.9201226300 0.0321847400
0.2394886400 0.9109875900 0.0155542000
-0.1658878900 0.8425854700 -0.4183277800
-0.1659501200 0.8345699700 -0.4472954500
-0.1743659400 0.8320779100 -0.4620625300
-0.2223109600 0.8512515700 -0.4317780400
-0.1978956800 0.8432596100 -0.4231197400
-0.0921087900 0.9736841900 -0.4045028800
-0.1363064000 0.9765421400 -0.3841767400
-0.2093677600 0.9472262800 -0.2149529200
-0.1911872100 0.9562828300 -0.1229084400
-0.0904918600 0.9705572300 0.0016158500
-0.0832769200 0.9880313500 0.0083787400
0.0749722700 0.9781340800 -0.0195956200
0.1308176300 0.9753314300 -0.1086152600
0.1348381500 0.9727986800 -0.2752449700
0.0977255200 0.9680843400 -0.3290133400
0.2214484000 0.9051911700 0.0522606600
0.2309769800 0.9092759900 0.0353487700
0.2417837800 0.9321087300 -0.0157352300
0.2382323700 0.9273727500 -0.0222164500
-0.2066974800 0.8500795100 -0.4257221900
-0.1891478200 0.8407915500 -0.4078936100
0.2044214800 0.9150444100 -0.0157840400
0.2173368900 0.9010232200 0.0502234800
0.2270813100 0.9272491600 -0.0195408300
0.0441647000 0.9817980500 0.0023989200
0.1450109400 0.9741604900 -0.1754147900
-0.0032927700 0.9703701300 -0.4134808700
-0.0434413400 0.9754894100 -0.4085862700
-0.0652640600 0.9894481800 -0.4142692300
-0.1636535100 0.9701039300 -0.3572325700
-0.1121689600 0.9675515200 -0.0279622500
-0.1931242500 0.8244362600 -0.4622013500
-0.2367204200 0.8433270400 -0.4603830700
-0.2207198100 0.8420583600 -0.4273717200
-0.1920584900 0.8420505300 -0.4182875100
-0.0133620700 0.9833461400 -0.4126950000
-0.2020928300 0.9495460700 -0.2993942600
-0.2047147400 0.9551558500 -0.1718983300
-0.1977233100 0.9529885100 -0.1488921800
-0.1043365100 0.9878426800 -0.0224332700
0.0078567700 0.9822661300 0.0122197800
0.0642580800 0.9951019200 -0.0121712200
0.1007955500 0.9733086200 -0.3269016200
0.0753708700 0.9716031700 -0.3699585100
0.2078301400 0.9048725500 0.0278492300
0.2090235500 0.9061750000 0.0451711000
-0.0819292200 0.9845047000 -0.4098120900
-0.1691420800 0.9608172900 -0.0753996600
0.0727674900 0.9901399800 -0.0194893100
0.0801936700 0.9962969900 -0.0296520700
0.1070547400 0.9861816500 -0.0584468100
0.1502088200 0.9735940500 -0.2407228900
0.0795630600 0.9782934400 -0.3624247400
0.0555397500 0.9750677800 -0.3854323400
0.2096577500 0.9207995300 -0.0080248800
0.2085116600 0.9065417600 0.0372078200
0.2395335600 0.9238987000 0.0118954100
0.2381982200 0.9328796900 0.0036939000
0.2207483000 0.9190928100 -0.0256014700
-0.1605497200 0.8575459900 -0.4105661400
-0.1663421400 0.8328464200 -0.4574827100
-0.2194754000 0.8357136100 -0.4650751800
-0.2098916500 0.9589339900 -0.2749338900
-0.2106642600 0.9581535800 -0.2580419700
-0.0248103800 0.9833511400 0.0036525700
0.0296665300 0.9921440700 0.0086867600
0.1450144800 0.9723167000 -0.2571185800
0.1147342900 0.9838956900 -0.3132964500
0.2436766100 0.9308990900 -0.0076361000
-0.1881078700 0.8386968400 -0.4723395400
-0.2325994700 0.8466226400 -0.4680394900
-0.2314525700 0.8458220800 -0.4450224300
-0.1801664200 0.8567813000 -0.4129977800
0.0193086100 0.9771137700 -0.4022517800
-0.1308150400 0.9784198000 -0.3883372900
-0.1908337900 0.9632356400 -0.3191399200
-0.2105467800 0.9638501200 -0.2168297200
-0.2081375800 0.9626424400 -0.1903812900
-0.0386359700 0.9917081400 0.0112696200
-0.0249649600 0.9986925500 0.0008733300
0.1103637300 0.9948106100 -0.0654760800
0.1223942700 0.9853641700 -0.0906787200
0.1509850600 0.9762531700 -0.2155904800
0.1419558600 0.9831574300 -0.2676252900
0.0938486700 0.9737590400 -0.3383879600
0.0541989100 0.9813503600 -0.3843811600
0.0374091800 0.9725664200 -0.3970501000
0.2350316600 0.9375124500 -0.0183209200
-0.1699477600 0.8448742000 -0.4350734100
-0.2018018500 0.8339017800 -0.4675325800
-0.2299449300 0.8547653700 -0.4515837100
-0.2160621100 0.8587878400 -0.4305521700
-0.1746698500 0.8566193300 -0.4065182900
-0.0228938900 0.9809841000 -0.4159719800
-0.1200999400 0.9854552000 -0.0310391800
-0.0569648900 0.9908139500 0.0168869900
-0.0063468600 0.9980507800 -0.0042095000
0.1389504100 0.9895825000 -0.1199892200
0.0991541200 0.9881627900 -0.3348536300
0.2032631700 0.9159378300 -0.0210675700
0.2390650700 0.9423245200 -0.0062148200
0.2001917400 0.9306086100 -0.0336630400
-0.1684130200 0.8508866600 -0.4445187900
-0.1976961100 0.8474030800 -0.4764556100
0.0336428500 0.9955838500 -0.3869442400
-0.1117887400 0.9895834400 -0.4001944300
-0.1461057200 0.9863504400 -0.3707387200
-0.1873256600 0.9757581300 -0.1114383100
-0.1289116700 0.9720649800 -0.0352447500
0.1377503300 0.9744913300 -0.1568692000
0.1514651400 0.9820314600 -0.2469743600
0.1392614100 0.9885447800 -0.2772861700
0.2023699500 0.9181274300 -0.0285925200
0.2072326500 0.9113348100 0.0144734600
0.2033271400 0.9167166500 0.0344692600
0.2094805100 0.9081335100 0.0528504700
0.2122309700 0.9130464300 0.0568497200
0.2263256000 0.9239084900 0.0439801900
0.2120760400 0.9308301500 -0.0284942900
-0.2091087300 0.8610523500 -0.4271029800
-0.1834803200 0.8532722600 -0.4253444400
-0.1682199100 0.9764704700 -0.3512197700
-0.1803897200 0.9735853900 -0.3311361300
-0.2053155500 0.9798283400 -0.1845144000
-0.0933800300 0.9874273400 0.0003632800
0.1037129700 0.9944850700 -0.0557452700
0.1388111000 0.9841768700 -0.1297834800
0.0041376400 0.9865864300 -0.3998442900
-0.0046465900 0.9918147200 -0.4052487100
0.2014244900 0.9240521900 -0.0117535600
0.2146360900 0.9197555800 0.0572644500
-0.2083220000 0.8443252000 -0.4748624800
-0.2329755800 0.8612849000 -0.4655685100
-0.2112780000 0.8541962000 -0.4472154300
-0.1283086700 0.9920787600 -0.3918411100
-0.1921895500 0.9844040300 -0.3149533100
0.1262453900 0.9831604700 -0.2960644800
0.1013039100 0.9851698200 -0.3290736500
0.0771710100 0.9854831400 -0.3678158200
0.0800848800 0.9931473000 -0.3641399500
0.0092263700 0.9966544500 -0.3917515200
0.2069940300 0.9231478800 0.0042438000
0.2365072100 0.9390911200 0.0188479800
0.2205067400 0.9395314000 -0.0108625400
0.2205992200 0.9310807400 -0.0164706700
-0.1609866800 0.8498484100 -0.4648406700
-0.1672255700 0.8425633600 -0.4678579700
-0.2175798800 0.8484413900 -0.4706944400
-0.2033374000 0.8661820800 -0.4323306700
-0.1824987700 0.8621359000 -0.4274738400
-0.1761735900 0.8686201100 -0.4117998300
-0.1387567500 0.9894998500 -0.3787329300
-0.1726766400 0.9901232700 -0.3346197700
-0.2089965900 0.9706158900 -0.2812664100
-0.2030972000 0.9707300000 -0.1588692900
-0.1921275700 0.9954880300 -0.1251122500
0.1368002700 0.9807717100 -0.1449724000
0.1489530600 0.9916032200 -0.1848726800
0.1971874100 0.9252922700 -0.0171555400
0.2072394000 0.9248308700 -0.0090559200
0.2211454300 0.9228043600 0.0528557700
-0.2249118300 0.8568218900 -0.4755771900
-0.2174241800 0.8664169500 -0.4479676900
-0.1874740700 0.8685019900 -0.4305409400
-0.1788001900 0.8661246000 -0.4261475100
-0.1487710900 0.9994543500 -0.3660225100
-0.2055012400 0.9747499000 -0.2933674700
-0.1795377000 0.9573605000 -0.0914409100
0.0427878900 1.0030006000 -0.0032976600
0.1546631000 0.9912702400 -0.2360824200
0.1091184700 0.9916332100 -0.3197939700
0.0921952600 0.9899664400 -0.3533608800
0.2032240000 0.9294193700 0.0089691900
0.2317842300 0.9369579500 0.0293936400
0.2347894600 0.9497876600 0.0060999200
-0.1625801400 0.8568001300 -0.4265094000
-0.1617504300 0.8470075900 -0.4567483900
-0.1805167600 0.8480868400 -0.4739548000
-0.1983488200 0.8673544800 -0.4276644800
-0.0905949100 0.9995144600 -0.4075535700
-0.1158841500 0.9997822900 -0.3983153300
-0.1627785800 0.9909732800 -0.3473428700
-0.2082020000 0.9777716700 -0.2055997600
-0.0759736100 1.0090850300 0.0021666500
-0.0589401100 1.0028958400 0.0120021600
0.1422913500 1.0082150100 -0.1229942800
0.1365217000 1.0043601700 -0.1485005600
-0.0170672800 0.9940100400 -0.4112889000
-0.0327590200 0.9955335700 -0.4059283600
0.2029847200 0.9101935400 0.0515982400
0.2170006000 0.9300268800 0.0518417200
0.2287131600 0.9362362300 0.0373111100
0.2317521800 0.9480107500 -0.0127451000
0.2142073900 0.9380147100 -0.0128723400
-0.1596994300 0.8708060800 -0.4102430100
-0.1708596900 0.8623353800 -0.4406483400
-0.2279333200 0.8702220900 -0.4498982900
-0.1793500700 0.8719045600 -0.4158795100
-0.1651524500 1.0009876800 -0.3419029200
-0.2076442500 0.9897631100 -0.2582012300
-0.1970779700 0.9976978000 -0.1393489300
-0.1807803200 0.9905809900 -0.0972386800
-0.0998988000 0.9880015600 -0.0166089700
-0.0986084500 1.0122706500 -0.0053918800
-0.0906753900 1.0043349700 0.0025058900
0.0144382600 1.0009443800 -0.0008936100
0.1224429300 0.9980611500 -0.0900976500
0.1454720900 0.9918735400 -0.1755855000
0.0534919800 0.9936868400 -0.3786690100
0.1902449500 0.9265805700 -0.0004701600
0.2013916300 0.9268687800 0.0178578800
0.1991933900 0.9264859500 0.0270333700
0.1966918900 0.9178064900 0.0562579400
0.1927050500 0.9239175200 0.0589829400
0.2129747700 0.9516353000 -0.0148772800
-0.1568627200 0.8700180300 -0.4242308500
-0.1655935100 0.8530745700 -0.4728617600
-0.1868529900 0.8513029500 -0.4815071000
-0.2145418300 0.8615276800 -0.4802503500
-0.2281398900 0.8682772400 -0.4728784400
-0.0746022900 1.0081391900 -0.4109047500
-0.0980082400 1.0061353200 -0.4032517100
-0.1345562300 0.9936864300 -0.0408851000
-0.0176395500 1.0173418300 -0.0065493300
-0.0120291500 1.0066431900 -0.0086347400
0.0908331900 1.0009532600 -0.0440962000
0.1537655300 0.9932189100 -0.2097176100
0.1231261600 0.9956577800 -0.3014774800
-0.0071527200 1.0078690800 -0.4068074600
0.1972872300 0.9305150100 0.0167416600
0.2016879800 0.9150429700 0.0399533400
0.2336609400 0.9456175900 0.0206873300
-0.1702725700 0.8652860400 -0.4377929200
-0.1927822400 0.8643966400 -0.4484098000
-0.1864645900 0.8697972900 -0.4373886800
-0.1839987900 0.8748748300 -0.4307320900
-0.0592729100 1.0144473600 -0.4126272600
-0.1538377200 0.9958963800 -0.3574654200
-0.2067846100 0.9839620200 -0.2283615400
-0.2051126800 0.9759865600 -0.1684395700
-0.0570707800 1.0206831600 -0.0019134300
-0.0438429500 1.0081781300 0.0137541000
0.0790276100 1.0141545800 -0.0259418800
0.1385283700 1.0074665300 -0.1139861600
0.1899505800 0.9287983200 0.0099621600
0.2004158000 0.9301027500 0.0059505600
-0.1588366700 0.8706316000 -0.4309681700
-0.1937688900 0.8682661000 -0.4880440800
-0.2326750400 0.8720919000 -0.4565147600
-0.2157016700 0.8793918600 -0.4427668500
-0.1968057600 0.8683564000 -0.4500119800
-0.1873172300 0.8830445400 -0.4180950900
-0.1391703700 1.0035456700 -0.3829270300
-0.2069955300 0.9905925700 -0.2019415300
-0.1594401000 0.9882724100 -0.0648004300
-0.1426253500 1.0076035200 -0.0497011900
-0.1376920000 1.0119434800 -0.0464404700
-0.0878495300 1.0193312500 -0.0029253900
-0.0744115500 0.9995669200 0.0093836000
0.1427527200 1.0165088700 -0.1322568200
0.1381844300 1.0173370400 -0.1611510900
0.1505658300 1.0085663400 -0.1912527800
0.1538031500 0.9957724900 -0.2451459500
0.1489517100 0.9925884300 -0.2560454500
0.1410418200 1.0037875300 -0.2755929900
0.1918146900 0.9302130600 -0.0201200700
0.1815074500 0.9309867100 -0.0047125800
0.1909618800 0.9177071700 0.0488692400
0.2312368300 0.9571827500 -0.0018842700
0.2229359100 0.9566944700 -0.0123454300
-0.1574950700 0.8653064600 -0.4608259200
-0.2205050500 0.8698242400 -0.4797124500
-0.1821392400 0.8704935100 -0.4435553300
-0.1878951600 0.8918222000 -0.4104479600
-0.1124355500 1.0065526300 -0.3947361200
-0.1256993900 1.0116428900 -0.3867467500
-0.1729063000 0.9929099200 -0.0825709600
0.0269997600 1.0030291700 0.0017700700
0.1108594800 1.0048294600 -0.0657400600
0.1552159500 1.0114306900 -0.2140780500
0.1189985700 1.0146632800 -0.3001851400
0.0999291300 0.9990177100 -0.3441259800
0.0208178800 1.0061030200 -0.3816783000
0.1886135600 0.9365438100 -0.0300186000
-0.1518940700 0.8814966400 -0.4176534400
-0.1849109500 0.8736964500 -0.4486557600
-0.1713320300 0.8775601400 -0.4079346000
-0.1817548600 0.8784262600 -0.4437731100
-0.0273993800 1.0122231500 -0.4029437100
-0.1385728900 1.0132704200 -0.3809151400
-0.2009863300 1.0146103800 -0.2942026900
-0.1479094600 1.0221068700 -0.0570119300
-0.1042556100 1.0181778500 -0.0240419700
-0.0589729200 1.0328205300 -0.0117568200
0.0680161400 1.0148333600 -0.0175367200
0.1075161100 1.0024800700 -0.3195563600
0.0429509000 1.0097723600 -0.3721844700
0.1880837100 0.9219044500 0.0384974200
0.2270669200 0.9581123700 0.0078007100
0.2062611000 0.9538364800 -0.0179037600
-0.1516678900 0.8823764100 -0.4298845000
-0.1723871700 0.8633490400 -0.4825173600
-0.2036258400 0.8656696000 -0.4872861500
-0.2238917000 0.8808654000 -0.4441018300
-0.1037225000 1.0169719100 -0.3846868100
-0.1078753600 1.0032302800 -0.0274246600
-0.1017807000 1.0306072700 -0.0135730300
0.0080910100 1.0115278600 -0.0085948100
0.0941266700 1.0179467100 -0.0478885500
0.1458604200 1.0058950800 -0.1756120500
0.1485621700 1.0175005000 -0.1832299500
0.1068752700 1.0085379800 -0.3234286700
0.0130079200 1.0123325700 -0.3850433400
0.0096348900 1.0202804000 -0.3948530100
0.2084861400 0.9387361300 0.0502981200
0.2147660000 0.9617089300 -0.0113147100
0.2037863300 0.9511339300 -0.0257052400
0.1987118400 0.9524123100 -0.0303759800
-0.0938315100 1.0176783600 -0.3910182800
-0.2025215600 0.9989542800 -0.2297925100
-0.0303884200 1.0267446900 0.0080265500
0.0209866000 1.0236083400 -0.0151635600
0.0464973900 1.0295781600 -0.0150264200
0.1221174200 1.0082084200 -0.0868969800
-0.0328088500 1.0201314000 -0.4055919700
0.1882599600 0.9473487500 -0.0347001800
0.1801479200 0.9296022000 0.0068279000
0.2031073200 0.9311481900 0.0562986500
0.2250802900 0.9619251000 0.0020593900
-0.1608859200 0.8753915200 -0.4423422500
-0.1820633900 0.8654921700 -0.4905952900
-0.2276681400 0.8869770500 -0.4647499600
-0.1972683200 0.8799503800 -0.4447391300
-0.1923952200 0.8884599300 -0.4276156300
-0.0631226200 1.0218115400 -0.4098631900
-0.1229544100 1.0194514500 -0.3793866400
-0.1614100900 1.0256408000 -0.3591041100
-0.2018963500 1.0035981200 -0.2438151200
-0.2016974300 1.0065050100 -0.1878442500
-0.1747925000 1.0176001500 -0.0920638200
-0.0251573800 1.0244786900 0.0054841300
0.0179116800 1.0297562200 -0.0160514700
0.0333006800 1.0263623100 -0.0120530000
0.0559253800 1.0218191100 -0.0146332200
0.1434259300 1.0330910500 -0.1201071800
0.1570922400 1.0121415500 -0.2350717400
0.0776787800 1.0104264400 -0.3563694200
0.0436941600 1.0178533500 -0.3689209400
0.0029363100 1.0123988000 -0.4013101000
0.0051245000 1.0249622000 -0.3978300600
0.1833802300 0.9408600100 -0.0241446400
0.1831507700 0.9302332600 0.0215730300
0.1820333300 0.9242394800 0.0541919100
0.2254821600 0.9526193300 0.0213288800
-0.2283523200 0.9013890300 -0.4544243600
-0.1968442400 0.8965127300 -0.4241159400
-0.0957150700 1.0267416800 -0.3691655700
-0.1625718700 1.0091311700 -0.3480758700
-0.2046651800 1.0089482800 -0.2782424200
-0.2015279800 1.0115413000 -0.2128794600
-0.1979434100 1.0027145400 -0.1469515400
-0.0429406100 1.0198437400 0.0095802200
-0.0073848100 1.0219313600 -0.0131101500
0.1048273200 1.0135372800 -0.0600267200
0.1296286600 1.0248255100 -0.0979440000
0.1410702200 1.0168959100 -0.1685517100
0.0643988100 1.0172683400 -0.3577267000
0.1755468700 0.9266371700 0.0447589700
0.2276234900 0.9593852000 -0.0065258500
-0.1541921000 0.8689524000 -0.4700413500
-0.2105567700 0.8707909300 -0.4835433700
-0.2103888100 0.8958565700 -0.4313373400
-0.1987086000 0.8922365800 -0.4331589600
-0.1806630900 0.8999527300 -0.4068778700
-0.1632635500 0.8899532400 -0.4069575300
-0.0687073200 1.0319839600 -0.3833217900
-0.1083843700 1.0266420700 -0.3694017500
-0.1946161100 1.0091928800 -0.1641981000
-0.1811339600 1.0214553500 -0.1064554900
0.1544684200 1.0273361800 -0.2493917300
0.1060944400 1.0121214400 -0.3353991800
0.0969252300 1.0055849200 -0.3472856600
0.0904760800 1.0209134500 -0.3484645700
-0.0107951200 1.0296269700 -0.3977813600
0.1822342400 0.9284497800 0.0297350200
0.1974450200 0.9429872900 0.0548074000
0.1992227800 0.9632874400 -0.0179389000
-0.1547721500 0.8815049200 -0.4517454100
-0.1594176500 0.8685130000 -0.4808793200
-0.2298971400 0.8913255600 -0.4460136800
-0.2230261400 0.8938491700 -0.4374896000
-0.0693585100 1.0259661500 -0.4035948000
-0.1971537300 1.0118427100 -0.3038696500
-0.1876062900 1.0221929300 -0.1253716900
-0.1112249200 1.0345648600 -0.0350563200
-0.0121418700 1.0307814600 -0.0119068000
0.1179481800 1.0239977600 -0.0788470300
0.1571538600 1.0270667300 -0.2405211800
0.1323971400 1.0080954700 -0.2870364900
0.1224672200 1.0252891300 -0.2970165300
0.1056499200 1.0254647700 -0.3367677400
0.0202268900 1.0181250500 -0.3778843200
0.2145496000 0.9669870500 -0.0030117300
0.1940142000 0.9583905300 -0.0275806900
-0.1805752700 0.8710562900 -0.4898973400
-0.1239728900 1.0281981200 -0.3696256700
-0.1843614900 1.0125892900 -0.3212132400
-0.1984424300 1.0170770800 -0.2296267000
-0.1284761100 1.0322299800 -0.0455012100
-0.0533083600 1.0302841700 -0.0057067100
0.0131494600 1.0340550400 -0.3943423200
0.1712439900 0.9456763800 -0.0134553400
0.1890563000 0.9343544200 0.0615431400
0.2067619600 0.9560302000 0.0364785500
-0.1525424100 0.8857833200 -0.4639899500
-0.2230882700 0.8820425300 -0.4738302200
-0.1896661200 0.9038111100 -0.4103960600
-0.1844026000 0.9100197000 -0.4100584400
-0.0359239000 1.0303687100 -0.4105142200
-0.0843897900 1.0272026900 -0.3736657100
-0.1579817400 1.0297024600 -0.3644072300
0.1393223800 1.0218009800 -0.2796899200
0.0298964800 1.0248072400 -0.3694608900
0.2032940200 0.9690527500 -0.0110940500
-0.1994776200 0.9061082000 -0.4209327600
-0.1092512500 1.0320134000 -0.3712698000
-0.1500442400 1.0330863700 -0.3651742500
-0.1738196700 1.0243726100 -0.3357710600
-0.1852796800 1.0237617200 -0.3204191700
-0.1979908000 1.0182007600 -0.1996571100
-0.0978330000 1.0318578300 -0.0085036200
-0.0741803600 1.0347685000 -0.0122196600
-0.0183275400 1.0498687900 0.0026366600
0.0845297900 1.0265056500 -0.0324094300
0.1394861000 1.0395118200 -0.1098403100
0.1383668200 1.0229208800 -0.1507947900
0.1580145600 1.0266373200 -0.2190063100
0.1132790700 1.0246446100 -0.3243285900
0.1827139200 0.9525563200 -0.0334405300
0.1659783900 0.9460171700 -0.0020270700
0.1822006200 0.9434859600 0.0621207300
-0.1525294300 0.8912852000 -0.4435896700
-0.2176923300 0.8914189300 -0.4773165400
-0.2211775000 0.9105314300 -0.4316460200
-0.2047201100 0.9111990100 -0.4221556700
-0.1792800000 0.9224850300 -0.4158143200
-0.1680709800 0.9075504500 -0.4067320700
-0.0601212700 1.0328019700 -0.3988458700
-0.1955813900 1.0272982700 -0.2430758100
-0.0046076400 1.0475657200 -0.0183245400
0.0129754900 1.0379761900 -0.0209479600
0.0249304300 1.0440999100 -0.0263718100
0.0774770900 1.0333854400 -0.0262368900
0.1068048300 1.0433710400 -0.0648573100
0.1160913300 1.0225145100 -0.3065611600
0.1099252800 1.0251114700 -0.3321312500
0.0693222000 1.0243470800 -0.3521592200
0.0561200300 1.0296121300 -0.3548400100
0.1718410600 0.9363249600 0.0210079400
0.1691652900 0.9360313100 0.0537001100
0.2021531700 0.9754974700 0.0082039400
0.1875467100 0.9681503100 -0.0184068900
-0.1517344600 0.8971226700 -0.4343354900
-0.1641811900 0.8851121300 -0.4824849200
-0.2265812200 0.9072786200 -0.4411851100
-0.1215843300 1.0421206800 -0.3775067900
-0.1554206100 1.0405070600 -0.3615463700
-0.1689525500 1.0315384000 -0.3459773800
-0.1928290700 1.0274884600 -0.3063546800
-0.1872604900 1.0294768400 -0.1582204500
-0.0492977000 1.0431013900 -0.0140956900
-0.0183242200 1.0371449700 0.0012325800
0.1510842400 1.0336016900 -0.1848213200
0.0977329700 1.0304807500 -0.3389399300
0.1770950300 0.9500345300 -0.0245856300
0.1988035500 0.9491541500 0.0493666000
0.2045069500 0.9688298500 0.0227771300
-0.1549272700 0.8752526800 -0.4760118200
-0.1964229000 0.8916948600 -0.4872419200
-0.2225259900 0.9073190500 -0.4646148400
-0.2094877600 0.9224036500 -0.4259236100
-0.1937896100 0.9155878600 -0.4169209200
-0.1376045600 1.0345671600 -0.3662943600
-0.1069905900 1.0352936000 -0.0282590700
-0.0614711400 1.0381710800 -0.0158019900
-0.0377295800 1.0379566300 0.0046101900
0.0028450600 1.0460082700 -0.0241104900
0.0341141600 1.0368395500 -0.0183445300
0.0610393100 1.0411769600 -0.0215212700
0.1459555800 1.0304981500 -0.1317614200
0.0318654500 1.0354255800 -0.3642035000
0.0223597400 1.0406864600 -0.3843445600
0.1782594600 0.9597868900 -0.0254579100
0.1662736000 0.9351511200 0.0478000000
0.1839496000 0.9616236900 -0.0251448100
-0.1625005000 1.0435853900 -0.3386100400
-0.1763449500 1.0359388200 -0.3288348200
-0.1899682400 1.0310108200 -0.2060182400
-0.1450882000 1.0396094000 -0.0597945600
-0.0978021800 1.0450997900 -0.0134681600
0.0525851700 1.0486782200 -0.0209792700
0.0832002800 1.0461091300 -0.0329792400
0.1464002300 1.0231791500 -0.2678811100
0.0211019100 1.0318256000 -0.3739893300
-0.0387861900 1.0379992100 -0.4076003900
0.1645133900 0.9652004100 -0.0135328900
0.1748187200 0.9367857400 0.0586854100
0.1943405200 0.9777454700 -0.0008137800
-0.1544075900 0.8967855400 -0.4677652800
-0.1722218000 0.9077898700 -0.4828369800
-0.1758612000 0.8898039200 -0.4865172700
-0.1975783300 1.0298056700 -0.2562549100
-0.1803285900 1.0412679700 -0.1361768800
-0.1621617700 1.0289538600 -0.0759062200
-0.0304927400 1.0513947500 0.0016105300
-0.0266964600 1.0449212100 0.0047535400
0.0966151800 1.0442389400 -0.0476700700
0.1597875100 1.0416943600 -0.2234065500
0.0193764800 1.0450142100 -0.3884020900
0.0002719500 1.0423879700 -0.3942021900
-0.0682383500 1.0547574400 -0.3692419800
-0.0882850600 1.0408333600 -0.3716467200
-0.1160000800 1.0491370500 -0.3794580700
-0.1444087300 1.0440516500 -0.3668932400
-0.1942003300 1.0269730100 -0.2317708700
-0.1210987100 1.0523013600 -0.0462932200
-0.0498053900 1.0497659200 -0.0150165400
0.0795571200 1.0350417900 -0.3397760900
0.0268496100 1.0451271300 -0.3688536500
-0.0230835900 1.0360181900 -0.4062689800
-0.0436977000 1.0416844000 -0.4000009300
-0.0645604800 1.0416594300 -0.3753454600
0.1638472200 0.9559469500 -0.0104550800
0.1604141400 0.9403348900 0.0410605800
-0.1591533900 0.8951089100 -0.4774914000
-0.2247515700 0.9171113200 -0.4470344700
-0.2186197700 0.9208978900 -0.4321799400
-0.0230597500 1.0603225000 -0.3921913000
0.1409919500 1.0456966900 -0.1596338000
0.0505286200 1.0379602800 -0.3546638200
0.1639666100 0.9472365200 0.0544826800
-0.1571904600 0.9128220900 -0.4645008700
-0.1836600300 0.9074997900 -0.4852043000
-0.1038314800 1.0553299600 -0.3838505900
-0.1207951800 1.0547003000 -0.3702554000
-0.1503847000 1.0524558600 -0.3458343700
-0.1761085000 1.0410411000 -0.3197706100
-0.1823411600 1.0483561400 -0.1971580800
-0.1963813000 1.0231490800 -0.1872351600
-0.1831597200 1.0362452800 -0.1443311400
-0.0640271700 1.0505761700 -0.0251084900
-0.0340923400 1.0569228300 -0.0017265500
0.0368400400 1.0579727700 -0.0340142000
0.1451738200 1.0442889200 -0.1211437900
0.1596475800 1.0490930900 -0.2343120100
0.1213188900 1.0401827700 -0.2989123600
0.0477788700 1.0501475800 -0.3466169800
0.1604913200 0.9478792100 0.0176719100
0.1785088000 0.9566801100 0.0565606900
0.1844876200 0.9686537400 0.0446433600
-0.1533265900 0.9069206000 -0.4512232700
-0.2045348700 0.9383809000 -0.4296970200
-0.1133595200 1.0550391300 -0.3779508100
-0.1430970700 1.0489422200 -0.3632012000
-0.1620835200 1.0493285500 -0.0908224700
-0.0763369800 1.0545883200 -0.0261373700
0.1449371600 1.0467523600 -0.1307139100
0.1400733100 1.0390129900 -0.1489218900
0.1570807500 1.0367139700 -0.2093698000
0.1155399800 1.0358612800 -0.3195130100
-0.0085207900 1.0495316100 -0.4008220100
-0.0786027300 1.0550422500 -0.3717411200
0.1593936000 0.9778267900 -0.0062858700
0.1568393800 0.9568280300 0.0074013400
0.1706900100 0.9510980700 0.0589859000
-0.1609069700 0.9149558900 -0.4718374900
-0.2198417400 0.9274778600 -0.4406499800
-0.1916673400 0.9274663000 -0.4198559200
-0.1912892300 1.0432465100 -0.2865604300
-0.1892868400 1.0435539200 -0.2353006600
-0.1909722000 1.0427944100 -0.1765139100
-0.1908708400 1.0392491200 -0.1706576400
-0.1121439100 1.0504727300 -0.0350776300
0.1157878600 1.0441923800 -0.0770420300
0.1403810700 1.0389990300 -0.2761870500
0.0413913000 1.0511644700 -0.3503243700
0.1481099000 0.9616838400 0.0253514200
0.1539370700 0.9641947400 0.0560796500
0.1745976500 0.9804315500 -0.0076015200
-0.1699611900 0.9168323100 -0.4800488300
-0.2103168100 0.9319153500 -0.4704919200
-0.1858501400 1.0526615800 -0.2412729500
-0.1787777300 1.0484504000 -0.1368996400
-0.1084176100 1.0512466700 -0.0210653000
-0.0487329500 1.0629120700 -0.0089722500
0.0517039300 1.0547361900 -0.0253192600
0.0692734700 1.0537669400 -0.0255962100
0.0798791300 1.0558976700 -0.0306792900
0.1268643800 1.0452202000 -0.0916253800
0.1433234900 1.0358432100 -0.1699874800
0.1541445600 1.0343861200 -0.1947097300
-0.0442329400 1.0539961300 -0.3753012300
-0.0468251500 1.0697959600 -0.3660148200
0.1701684800 0.9597915700 0.0595734700
0.1858977500 0.9786258400 0.0318431700
-0.1554771100 0.9228104200 -0.4289228100
-0.1584160400 0.9366114100 -0.4619761800
-0.1912415900 0.9268300900 -0.4811213300
-0.1836068600 0.9323869100 -0.4199053200
-0.1939585800 1.0449862700 -0.2649497300
-0.1866966700 1.0533270400 -0.1792978900
-0.1698411700 1.0459631000 -0.1107854300
-0.1464227100 1.0539931000 -0.0720830900
-0.1182734000 1.0639436700 -0.0420101600
-0.0651652800 1.0590957400 -0.0288115100
-0.0199596800 1.0595315600 0.0027375500
0.0169459800 1.0569922000 -0.0303954800
0.1420761600 1.0556405100 -0.1484722600
0.0310741500 1.0471435600 -0.3605786100
-0.0740077400 1.0674636300 -0.3711106600
0.1545846900 0.9696958600 -0.0004580100
0.1460230200 0.9657223300 0.0497328700
-0.1903871700 0.9462492300 -0.4237787600
-0.1546116000 0.9216478100 -0.4460419100
-0.1673225600 1.0526056700 -0.3081379600
-0.1830996200 1.0463418400 -0.2071698200
-0.1610272100 1.0440464700 -0.0822523000
-0.1176357800 1.0714930700 -0.0337863600
0.1520381700 1.0498700400 -0.2533443100
0.1351709100 1.0378278800 -0.2832621200
0.1257576500 1.0377481700 -0.2931010500
0.0773732600 1.0467637400 -0.3338234900
0.0113914300 1.0546280700 -0.3902272200
-0.0113835900 1.0565022900 -0.4008080900
-0.0364785100 1.0538839300 -0.3810270000
-0.1050748200 1.0634650900 -0.3853875600
0.1883107100 0.9822455800 0.0145555300
0.1655122500 0.9656698400 0.0578967100
0.1748032000 0.9737196200 0.0483282200
0.1832385000 0.9836700100 0.0053571900
0.1682515100 0.9859252600 -0.0001227800
-0.0858661700 1.0714943300 -0.3805463700
-0.1324447500 1.0640215700 -0.3415285900
-0.1550698800 1.0578759900 -0.3261711200
-0.1236022300 1.0615411200 -0.0516800800
-0.1034238400 1.0593151200 -0.0220521900
-0.0888056200 1.0739041400 -0.0384664400
-0.0550641400 1.0569499100 -0.0188930400
0.0062061700 1.0584447200 -0.0238120400
0.0918052200 1.0529334800 -0.0396394700
0.1454450600 1.0515045700 -0.1199524500
0.1559837700 1.0519242700 -0.1970470500
0.0661986600 1.0523977700 -0.3366039900
-0.2155307100 0.9350412700 -0.4613500400
-0.2112999400 0.9421455100 -0.4378154600
-0.1973535300 0.9521751700 -0.4275259100
-0.1800394800 0.9455844700 -0.4228793800
-0.1611226900 0.9398028300 -0.4347771200
-0.1666825700 0.9359786500 -0.4753960300
-0.1663279900 1.0611718500 -0.2947725200
-0.1748786000 1.0590233700 -0.2153264000
-0.1754953200 1.0568215800 -0.1298977800
-0.1061505100 1.0700919900 -0.0320060100
-0.0553552000 1.0709932600 -0.0138304800
-0.0301227200 1.0645728600 0.0004813000
-0.0192912500 1.0672172400 0.0021345500
0.0281884300 1.0646663500 -0.0368061400
0.1329485600 1.0575994500 -0.0984624800
0.1459017400 1.0645162800 -0.1705689200
0.1497370500 1.0545741100 -0.1809377700
0.1485891900 0.9669539000 0.0133098500
0.1464911700 0.9626407200 0.0357741500
-0.0243098400 1.0547474100 -0.3995673800
-0.1214802100 1.0665305100 -0.3562472900
-0.1731660800 1.0598866400 -0.2774192700
-0.1833247600 1.0657093500 -0.1611584800
-0.1602665400 1.0590125500 -0.0970327000
-0.1338721200 1.0701386900 -0.0732055900
0.0813195800 1.0737975100 -0.0355115300
0.1214348600 1.0519607700 -0.3080958300
0.1139910400 1.0387228200 -0.3253495100
0.1345393000 0.9763762600 0.0211774500
-0.1791385700 0.9258812500 -0.4823590200
-0.1181963600 1.0761366700 -0.3743099600
-0.1129996800 1.0652033600 -0.3791145900
-0.1724100500 1.0626771400 -0.1293666100
-0.1502073100 1.0670871800 -0.0888373400
-0.0121980800 1.0576478900 -0.0019872900
0.0978131700 1.0541291500 -0.0465705200
0.1388303600 1.0498589500 -0.2792132000
0.0315625500 1.0559882400 -0.3768203700
0.1485502300 0.9835595500 0.0012460200
0.1737136300 0.9816453800 0.0408929900
0.1698275600 0.9910986100 0.0334879700
0.1855083500 0.9834496400 0.0229090300
0.1751697900 0.9862391400 0.0026169000
0.1650998100 0.9957232100 0.0081773700
0.0706057500 1.0671387800 -0.0301876500
0.1068754300 1.0599394800 -0.0593351100
0.1481725800 1.0657961800 -0.1330087100
0.0032688000 1.0729534000 -0.3933397800
-0.0195153200 1.0741629400 -0.3696603100
-0.1471346300 1.0689678900 -0.3141243600
-0.1741353700 1.0654952000 -0.2376915400
-0.1726360500 1.0637546100 -0.1889214900
-0.0473582900 1.0849811500 -0.0086933200
-0.2152033300 0.9409100800 -0.4488479600
-0.2100336200 0.9599931300 -0.4438072200
-0.1751607600 0.9587039400 -0.4251344300
-0.1617995300 0.9336099900 -0.4696906100
0.1446391600 0.9769087700 0.0094493100
-0.1144912000 1.0826445300 -0.3787934500
-0.1269619600 1.0809624700 -0.3567936500
-0.1288932000 1.0734959300 -0.3378295900
-0.1730053800 1.0635928500 -0.2567945100
-0.1833870900 1.0610155500 -0.1488456000
-0.1324682300 1.0772593000 -0.0716822600
-0.1269495800 1.0824436800 -0.0479083500
-0.0459793500 1.0680898000 -0.0064103600
-0.0147504100 1.0741863400 -0.0020297800
0.0279565400 1.0753363700 -0.0390442500
0.1474239000 1.0684730900 -0.1213480600
0.1623293100 1.0670895600 -0.2188374600
-0.2127142600 0.9514232500 -0.4586226600
-0.1638851800 0.9555951600 -0.4344048200
-0.2018704000 0.9289579500 -0.4777426700
-0.1053508100 1.0826451200 -0.3820538000
-0.1294972900 1.0800040300 -0.3391966700
-0.1695544000 1.0720525400 -0.2303155200
-0.1709764400 1.0658756400 -0.2094976300
-0.1614800100 1.0683561200 -0.1215562900
-0.1568234600 1.0685993100 -0.1041139100
-0.1379492600 1.0752754800 -0.0859242700
-0.0701528100 1.0822316400 -0.0386974800
-0.0609197000 1.0811342800 -0.0200416700
0.0891115800 1.0722344400 -0.0402950300
0.1198470700 1.0588486400 -0.3168763600
0.0821547500 1.0612946500 -0.3244908000
-0.1224002800 1.0744930100 -0.0444550200
0.1597625500 0.9692799100 0.0601534000
-0.2054114100 0.9580324600 -0.4344811800
-0.1592172400 0.9471683500 -0.4468124200
0.0141651300 1.0692728300 -0.3922251100
-0.0531408100 1.0780094100 -0.3653848600
-0.0518711200 1.0863232300 -0.3687837600
-0.1519845800 1.0772492800 -0.2950269600
-0.1639583400 1.0749960200 -0.2521507800
-0.0637370600 1.0811525000 -0.0326319400
0.1124871000 1.0716213800 -0.0670008400
0.1436306900 1.0529185500 -0.2673163800
0.0284944700 1.0629973500 -0.3819565500
-0.1187030600 1.0787897200 -0.0599943000
-0.1190004400 1.0775692200 -0.0497333000
0.1517924300 0.9929277300 0.0021139200
0.1380649600 0.9930061300 0.0050023400
-0.2100972300 0.9679458300 -0.4511089700
-0.1620576800 0.9687086900 -0.4354053600
-0.2111355300 0.9410717100 -0.4681259400
-0.1250475000 1.0839911500 -0.0459866400
0.0143730900 1.0640224300 -0.0311568900
0.1560887200 1.0682806400 -0.1912689800
0.1599256000 1.0711177900 -0.2349420300
0.1556966000 1.0615015600 -0.2447907400
0.1480349900 1.0722226400 -0.2550452800
-0.0319533800 1.0756297600 -0.3648553500
0.1205162200 0.9897443200 0.0192225300
-0.0667544400 1.0877402600 -0.3793750500
-0.1517354700 1.0801476100 -0.2892391400
-0.1734322900 1.0710627900 -0.1904395200
-0.1758018700 1.0769372500 -0.1635224700
-0.1723646400 1.0671785600 -0.1396808800
-0.1512764100 1.0753228100 -0.1358137400
-0.0924780300 1.0829905900 -0.0476688900
0.1460756100 1.0772840700 -0.1535992700
0.1432113000 1.0643806200 -0.1598304000
0.1010439500 1.0515923000 -0.3289379200
0.0400623100 1.0660416700 -0.3538729900
0.0403987300 1.0723555200 -0.3691043500
-0.1415239000 1.0830718300 -0.3065621300
-0.1612050800 1.0795130700 -0.2586566800
-0.1671735200 1.0808595800 -0.2517907900
-0.1403057400 1.0784926200 -0.1030730200
0.1367123800 0.9717718300 0.0448016100
0.1594973600 0.9830222800 0.0557266400
-0.1837595400 0.9627789000 -0.4209843100
-0.1580884100 0.9643375600 -0.4432349300
-0.1180088300 1.0813849100 -0.0424469700
0.0473103100 1.0762283600 -0.0441910300
0.0629075700 1.0673370900 -0.0320408000
0.1346213000 1.0792170800 -0.1001597000
0.1599910800 1.0615802700 -0.2106494600
-0.0400011100 1.0801640100 -0.3619696600
-0.1140509600 1.1011850200 -0.3719804300
0.1195279700 0.9847246200 0.0400700200
0.1643788000 0.9865056600 0.0493090300
-0.2059565800 0.9765136500 -0.4298569800
-0.1935657100 0.9775241500 -0.4191050200
-0.1709959900 0.9738479000 -0.4256379600
-0.1586718400 0.9411280200 -0.4548309200
-0.1419737400 1.0972030400 -0.3317069400
-0.1508180500 1.0864464400 -0.2852896900
-0.1803317300 1.0839457400 -0.2101137400
-0.1748370300 1.0790442000 -0.1736072100
-0.1407983500 1.0821592900 -0.1293808000
-0.1314420100 1.0872440500 -0.0959021500
0.0326366700 1.0926081900 -0.0414393100
0.0529948300 1.0728457400 -0.0415267400
0.1049676000 1.0759475800 -0.0556304600
0.0478215500 1.0701759800 -0.3424068800
0.0253192800 1.0761596900 -0.3880985700
0.1430369000 1.0039943900 0.0027311900
-0.2100929400 0.9761655600 -0.4379032300
-0.1767321400 0.9913103500 -0.4186192000
-0.1750281100 0.9399754200 -0.4793905300
-0.0184897700 1.0880035300 -0.3592325600
-0.1466122000 1.1038646100 -0.3347917700
-0.1430351500 1.0926254900 -0.3047400600
-0.1806888200 1.0922942700 -0.2507072600
-0.1775103800 1.0900239500 -0.2254601500
-0.1743217300 1.0868811500 -0.1944997800
-0.1701958100 1.0905722300 -0.1815764500
-0.1535186100 1.0800710600 -0.1527662000
-0.1368913700 1.0890449500 -0.1233786300
-0.0860107500 1.0899900400 -0.0529477900
0.1259474900 1.0727678400 -0.0883363900
0.1621664300 1.0662164900 -0.2263332600
0.1430183400 1.0670860000 -0.2702390800
0.1268440600 1.0754205500 -0.3076548900
0.1109578700 1.0601810000 -0.3239866300
0.1081568100 1.0808406700 -0.3171753900
0.0731472900 1.0708388400 -0.3242846600
0.0235649500 1.0815546400 -0.3890293600
0.1293848700 0.9894328500 0.0116030500
0.1216875600 0.9854685700 0.0480752200
0.1455427900 0.9762565500 0.0575527600
0.1506980400 0.9847651400 0.0616530900
0.1668601100 0.9974040100 0.0253109700
0.1593608900 0.9979896300 0.0064568600
-0.2089603300 0.9635677400 -0.4678602000
-0.1951012600 0.9929563800 -0.4157823800
-0.1848236800 0.9978516100 -0.4138803500
-0.2007363500 0.9491312600 -0.4759007100
-0.1557835500 1.0918351000 -0.2824473600
-0.1660463900 1.0908706700 -0.1972913800
-0.1671668900 1.0866968900 -0.1746396700
-0.1507900100 1.0917976800 -0.1741361900
-0.1473807300 1.0850064400 -0.1566019300
-0.1242614200 1.0895200900 -0.0782277700
-0.1216778700 1.0854242900 -0.0620599000
-0.1325565500 1.0917127900 -0.0610352500
-0.0188570700 1.0919886400 -0.0127997700
-0.0046577000 1.0905211700 -0.0119876200
0.0803267500 1.0841992000 -0.0396607500
0.1509206300 1.0796604000 -0.1373404200
0.0676269400 1.0804692800 -0.3255582200
0.0399813600 1.0812570200 -0.3771141100
-0.1914867000 0.9412826100 -0.4790726100
-0.0813418900 1.0903951200 -0.3807321100
-0.1293688500 1.1112157700 -0.3611104700
-0.1270647900 1.0930366000 -0.3663751700
-0.1757844600 1.0921779800 -0.2616626700
-0.1262865000 1.0926792000 -0.0787843200
-0.0453479000 1.0964425200 -0.0138778400
0.0795391700 1.0972738900 -0.0482788200
0.1312183300 1.0641600300 -0.2888926200
-0.2110276200 0.9820637000 -0.4430398800
-0.1553193200 0.9745596500 -0.4511375300
-0.1988747100 0.9679709700 -0.4754734300
0.1379383200 0.9769952700 0.0536953500
-0.1359755200 1.0967376000 -0.3537723600
-0.1779785800 1.0960675700 -0.2486452300
-0.1538587800 1.0925037900 -0.1825403200
-0.1424745300 1.0911336900 -0.1473955700
-0.1282801600 1.0936482900 -0.0995044300
-0.1372943000 1.0978952200 -0.0745169000
-0.1362220700 1.1041115400 -0.0718063700
-0.1088995800 1.0967472500 -0.0630172100
0.0115059400 1.0825438300 -0.0194588500
0.1468932000 1.0764277600 -0.1208220200
0.1224680500 1.0779584300 -0.3151809300
0.0358711600 1.0861766000 -0.3824520000
0.0227855400 1.0891224400 -0.3870785100
-0.1927730700 1.0140498900 -0.4087077100
-0.1574447700 0.9571517200 -0.4610682800
-0.1646058200 0.9739512900 -0.4712754600
0.0116468100 1.0916090600 -0.3844381600
-0.0894070900 1.1012529200 -0.3771057200
-0.1492976200 1.0973972000 -0.3008394800
-0.1745507500 1.1087697900 -0.2859700800
-0.1651042600 1.0964063400 -0.2241150500
-0.1412790800 1.1013913700 -0.0712395400
-0.0626384000 1.0928535600 -0.0169432100
0.0035055900 1.0828783700 -0.0122164900
0.0453098700 1.0874297900 -0.0477848500
0.1510026200 1.0809960200 -0.1293189700
0.1405487000 1.0671925200 -0.2754849100
0.0494710900 1.0827867400 -0.3475634500
0.1494146100 0.9905594500 0.0585975400
0.1536114900 1.0017036800 0.0462586300
-0.1602209700 0.9564380000 -0.4685792800
-0.1763004400 0.9654100800 -0.4772589000
0.1090076400 1.0142874600 0.0077007200
0.1067255400 1.0101811500 0.0108429200
0.1115464800 0.9925685900 0.0328270500
0.1468193300 1.0146257500 0.0118608000
-0.0517114900 1.1036137300 -0.3788557700
-0.1796439900 1.1017245000 -0.2672828700
-0.1765221000 1.1104511600 -0.2677713600
-0.1541773800 1.0987471100 -0.1915020900
-0.1484159200 1.1024170100 -0.1671429300
-0.1401404700 1.0960502400 -0.1362656000
-0.1327007300 1.0997517100 -0.1203178400
-0.1336423800 1.1058181600 -0.1075583600
-0.0818187700 1.0956174000 -0.0543544100
-0.0690938200 1.0970735800 -0.0275660500
0.0201073300 1.0959175900 -0.0250219800
0.1270984300 1.0861638600 -0.0880110200
0.1464167300 1.0767429600 -0.1645635700
0.1381629700 1.0835600900 -0.2800292500
0.0859315600 1.0823433800 -0.3153408400
0.0595297500 1.0846882700 -0.3333497500
-0.0059913600 1.1034150700 -0.3558621200
-0.2043394300 0.9964649700 -0.4203708300
0.1012566500 0.9994233800 0.0411148100
-0.1469793200 1.1133076000 -0.3430983500
-0.1648346300 1.1017603500 -0.2420546000
-0.1396402300 1.1050605100 -0.1363098100
-0.1393875600 1.1065854100 -0.0918761000
-0.1058545200 1.1057311400 -0.0702754600
0.1180015600 1.0844635200 -0.0716305400
0.1477322600 1.0905605400 -0.1550892900
0.1525818700 1.0917903200 -0.2448754800
-0.0045673600 1.0808918500 -0.3840090200
-0.0075093800 1.0962472300 -0.3579273400
-0.2111418300 1.0012745400 -0.4477630200
0.0085608700 1.1091862100 -0.3607303800
-0.0537572300 1.1123155100 -0.3789932700
-0.1607853600 1.1038770900 -0.2282519200
-0.0698000100 1.0920709400 -0.0424140200
-0.0560252500 1.1017702200 -0.0156928000
0.1452777600 1.0873348000 -0.2683919800
0.0455183400 1.0851297200 -0.3683915500
0.1022214000 1.0080621300 0.0153985400
0.0974009100 1.0053961300 0.0265005000
0.1533900400 0.9986570600 0.0510208800
-0.2084851100 0.9749021200 -0.4619839900
-0.1561964800 1.0082824100 -0.4408686800
0.1316790200 0.9888566400 0.0576712000
0.1435216900 0.9984176700 0.0584763400
0.1588511600 1.0035297800 0.0316299000
0.1652054900 0.9992663700 0.0165558200
-0.1675210800 1.1176175300 -0.3043776900
-0.1471549700 1.1130871800 -0.0904766700
0.0615802700 1.0904383800 -0.0516083000
0.1095206600 1.0913522900 -0.0575321400
0.1489908700 1.0897113600 -0.1683268600
0.1318046600 1.0780694400 -0.2902909600
0.0485953200 1.1034112900 -0.3756316400
-0.1998018600 1.0156716000 -0.4094790600
-0.1583986800 0.9875367600 -0.4655370800
-0.1996395700 0.9819456900 -0.4718907700
-0.0029358400 1.0936969700 -0.3639608000
-0.0428657800 1.1012294800 -0.3758760500
-0.0829839300 1.1112246200 -0.3741222700
-0.1611034000 1.1120365600 -0.2449385700
-0.1547896200 1.1055591000 -0.1886122900
-0.1400315200 1.1117214500 -0.1268338300
-0.1448344300 1.1142423400 -0.1041390600
-0.1383191000 1.1215192900 -0.0802538100
-0.0790965200 1.1076891700 -0.0495631600
-0.0511340400 1.1160370900 -0.0222602700
0.0064685200 1.1002299800 -0.0183736100
0.1383354500 1.0894904200 -0.1062239800
0.1660691900 1.0888743800 -0.2228729700
0.0593205100 1.0950869300 -0.3367166700
0.0388640400 1.1034869000 -0.3806936000
0.1509306400 1.0132428400 0.0216920400
-0.1671772200 1.0037266100 -0.4240111600
-0.1780634200 0.9881507800 -0.4756451300
0.1394368800 1.0157131300 0.0056018500
0.1202040100 1.0168358500 0.0033408400
0.0962249800 1.0097250000 0.0513035300
0.1375883300 1.0114684200 0.0532444600
-0.1534688300 1.1149553500 -0.1710019300
-0.1447436900 1.1115035000 -0.1434640900
-0.0754454100 1.1092567400 -0.0316163500
-0.0226681600 1.1038008900 -0.0201433300
0.1019865200 1.0896786400 -0.0497304800
0.1505036700 1.0969756700 -0.1261906600
0.1656391200 1.0964155000 -0.2267500200
0.1314435700 1.0887731700 -0.3033225300
-0.2114434200 1.0028740900 -0.4274038400
-0.1913560100 0.9683030500 -0.4784035100
0.1115996400 0.9987100700 0.0532441900
-0.1591138100 1.1207921100 -0.3232786900
-0.1765068300 1.1190775200 -0.2865354200
-0.1636702100 1.1150696000 -0.2562458500
-0.1621701300 1.1178196000 -0.2116275200
0.1601114800 1.0879020600 -0.1995576800
0.0275105500 1.1016219500 -0.3825632700
-0.2055085400 1.0251202900 -0.4117259000
-0.1981569500 1.0272215200 -0.4056667900
0.0104572300 1.0998481300 -0.3754758800
-0.1415509400 1.1207676100 -0.3491744100
-0.1690521400 1.1318952700 -0.3026579100
-0.1776331100 1.1187987800 -0.2774547600
0.1173754800 1.0855450400 -0.3152562200
0.1302142500 1.0275074500 0.0090220400
-0.2049350600 0.9985810300 -0.4639189200
-0.2104742800 1.0180960500 -0.4194421900
-0.1794604700 1.0171526900 -0.4119090100
0.1228122200 1.0224572800 0.0033639500
0.0753634400 1.0290486300 0.0167708600
0.0860415100 1.0125802900 0.0356538200
0.1403016600 1.0231191700 0.0275972500
-0.1360949200 1.1343907700 -0.3468362700
-0.1585107500 1.1291589100 -0.3248202500
-0.1574247100 1.1301930000 -0.1421165500
-0.1510343900 1.1218603400 -0.1326647200
-0.1510656000 1.1208947900 -0.1135901700
-0.0845393700 1.1119855900 -0.0587614500
0.0495134300 1.1035550600 -0.0519931000
0.0938552500 1.0962969800 -0.0455790300
0.1201771800 1.0931993700 -0.0749947800
0.1490909400 1.0948066200 -0.1224062000
0.1488163200 1.0909412700 -0.2519859500
0.0549003500 1.1055643100 -0.3685886200
-0.0962250800 1.1183410000 -0.3660920700
-0.1529244500 1.1252184700 -0.0995455000
-0.1460891600 1.1110480700 -0.0796246800
0.0240968800 1.1128543900 -0.0298361600
0.0310774200 1.1071374800 -0.0326879700
0.0575185600 1.1127202700 -0.0573254200
0.1577098700 1.0818606400 -0.2386564900
0.1280534100 1.0916742000 -0.3097144800
0.0740005800 1.1009031300 -0.3214496200
0.0560185800 1.1015365300 -0.3465587900
0.0626942000 1.0352909600 0.0265618500
-0.2130100700 1.0070868900 -0.4361968400
-0.1714236800 1.0321011200 -0.4148996000
-0.1625238800 1.0125595900 -0.4296622200
-0.1707531300 0.9837457100 -0.4741253000
-0.0670940100 1.1200368700 -0.3725627900
-0.1554728400 1.1321592400 -0.2518856900
-0.1627376900 1.1265116600 -0.1901957300
-0.1597216500 1.1310965700 -0.1619004500
-0.0223150600 1.1129828500 -0.0254695700
0.0970108600 1.1153605500 -0.0556708800
0.1134120000 1.1068014300 -0.0618729800
0.1250880000 1.1171544800 -0.0756121800
0.1317697200 1.1070416300 -0.0940988200
0.1499154000 1.1140349400 -0.2605695700
0.0351840600 1.1104903100 -0.3793755600
-0.1922286300 1.0356089300 -0.4028000100
-0.1534431000 1.0104812700 -0.4519915200
0.0808894800 1.0174506500 0.0443279900
0.1098690800 1.0141029900 0.0604615800
0.1291030100 1.0033214700 0.0605793400
-0.1630728400 1.1278010200 -0.2623335200
-0.1501393600 1.1298290800 -0.0921817300
-0.0933623900 1.1185093400 -0.0672438000
-0.0886203000 1.1329735500 -0.0613329900
-0.0710926100 1.1120836800 -0.0251421500
-0.0666210800 1.1311316800 -0.0270598900
0.0674741400 1.1037404300 -0.0579473200
0.1524807100 1.1001553100 -0.1707662200
0.1644167000 1.0947247400 -0.2078586300
0.1345493700 1.0996949400 -0.3018082800
0.0902930700 1.1058483400 -0.3090886000
0.0594213800 1.1099534600 -0.3592523600
-0.1867384600 1.0304820600 -0.4054275000
-0.1758629800 1.0616432400 -0.4027972400
0.1006131900 1.0440948200 0.0043775400
0.1288510000 1.0347545300 0.0186483500
-0.0331018200 1.1229385300 -0.3784615400
-0.0510255700 1.1221926100 -0.3766254400
-0.1601130800 1.1172589900 -0.2381645800
-0.1638092700 1.1329554600 -0.2057644900
-0.0798587900 1.1199341600 -0.0378572900
-0.0394515100 1.1306717300 -0.0320329500
0.1527069700 1.1086676800 -0.1610160700
0.1678037300 1.1058499000 -0.2123755300
0.1453053400 1.0988343300 -0.2714836200
0.0993029200 1.1008942400 -0.3083255500
0.0460425900 1.1151149500 -0.3770524400
0.0187075000 1.1054067600 -0.3779447800
-0.2144612700 1.0335701000 -0.4294911200
-0.2016066700 1.0463215400 -0.4019938000
0.0708637700 1.0315343700 0.0525086400
0.0962710300 1.0171819600 0.0571197700
-0.0220817400 1.1274011900 -0.3762400300
-0.0828353800 1.1364539300 -0.3563205700
-0.1223747200 1.1300293900 -0.3528068700
-0.1767228100 1.1249530400 -0.2803924200
-0.1583036000 1.1380542700 -0.1234102900
-0.0966297000 1.1244087400 -0.0728686900
0.0420973300 1.1162704600 -0.0402300800
0.0698775500 1.1159928200 -0.0618519400
0.1686341800 1.1178747400 -0.2196827000
0.1635674900 1.1105432200 -0.2302432100
0.1388814100 1.0995847000 -0.2829154300
0.1301870100 1.1061579800 -0.3066091500
0.1217257500 1.1052835200 -0.3086984600
0.0630723900 1.1161778100 -0.3434948400
0.0205762400 1.1250377000 -0.3579716200
0.0040818300 1.1163627900 -0.3552641700
-0.2140485500 1.0295994100 -0.4229912100
0.0714595700 1.0502262900 0.0053651600
-0.0507301000 1.1502833700 -0.3578567600
-0.1234933300 1.1375555200 -0.3485972200
-0.1618984600 1.1371006400 -0.1538244400
-0.0828371900 1.1176097300 -0.0545195400
0.0782157300 1.1151527400 -0.0612553500
0.0765770800 1.0914515200 -0.3176107100
-0.2115001100 1.0425442900 -0.4126846600
-0.1517368500 1.0413627000 -0.4472135300
-0.1556300100 0.9947036600 -0.4599611200
0.0671775700 1.0296248400 0.0439013900
0.0814114300 1.0257060500 0.0557941900
0.1285098900 1.0104074300 0.0600286000
0.1200241300 1.0348348600 0.0065060500
-0.0428987900 1.1315765400 -0.3744856600
-0.1426467000 1.1608823900 -0.3317037500
-0.1660931000 1.1469517900 -0.3032665700
-0.1742577500 1.1317022000 -0.2893252300
-0.1553429900 1.1460569200 -0.1152859600
-0.1157029300 1.1134430800 -0.0751987500
0.1054569200 1.1136734500 -0.0558157100
0.1562539800 1.0928242600 -0.1839270400
-0.1572078500 1.1311967200 -0.2400060000
-0.1630046500 1.1390058000 -0.2117987400
-0.1634035600 1.1427124700 -0.1578307000
-0.0858753100 1.1432544600 -0.0479511800
0.0143879300 1.1255819800 -0.0372325100
0.0370631700 1.1240838400 -0.0414619200
0.1360242300 1.0975766500 -0.2895523900
0.0628783900 1.1106717200 -0.3386011700
0.1325999000 1.0209314000 0.0505373900
0.1350616100 1.0250632700 0.0400643600
-0.2011535700 1.0219950800 -0.4643680300
-0.1963679600 1.0645396500 -0.3938620300
-0.1845365400 1.0591919000 -0.3978507700
-0.1553085000 1.0392505200 -0.4367308300
0.0258415600 1.1249644500 -0.3654442500
-0.0313712700 1.1351687100 -0.3765933000
-0.0758481700 1.1345398400 -0.0309523800
0.0896037200 1.1166413300 -0.0579425000
0.1015046800 1.0286900900 0.0046192100
-0.1527361200 1.0261099500 -0.4580854400
-0.1863984900 0.9919987500 -0.4750345200
-0.1492811800 1.1301874100 -0.3371966500
-0.1495058700 1.1489423600 -0.2469682300
-0.1625062300 1.1534341700 -0.1592332300
0.0510886800 1.1242990000 -0.0486702700
0.1510575700 1.0977239600 -0.1378386800
0.0711968900 1.0400788900 0.0096672500
0.0635566100 1.0323524200 0.0377615400
-0.2090488300 1.0106226900 -0.4551375000
0.1111723500 1.0275167300 0.0625833200
-0.1621543600 1.0080161300 -0.4704793100
-0.1670304200 1.0265301000 -0.4736698100
0.0836303200 1.0508184500 0.0037145600
0.0849523400 1.0318120400 0.0616358000
-0.0988844200 1.1506525800 -0.3447071200
-0.1525886700 1.1449210200 -0.2380602400
-0.1603228100 1.1493432300 -0.2076277400
-0.1034080500 1.1266974900 -0.0773673000
-0.0827545400 1.1391857300 -0.0374516400
0.0254235100 1.1325938500 -0.0428317300
0.0634887500 1.1239340700 -0.0619420700
0.1551930300 1.1123397500 -0.2415484700
0.0294644900 1.1169183000 -0.3753054600
-0.1873478200 1.0152241500 -0.4731189000
0.0510134500 1.0537869900 0.0120690100
0.0528515200 1.0450303800 0.0494327900
0.1033993000 1.0529530400 0.0083516300
-0.0010005100 1.1344442900 -0.3603491000
-0.0089606400 1.1362068200 -0.3709884200
-0.0177528800 1.1405261300 -0.3768306900
-0.1673075500 1.1600947300 -0.2842953900
-0.0039442300 1.1313138100 -0.0362244600
0.1243695600 1.1280032600 -0.0723736500
0.1646482000 1.1283947100 -0.1945256000
0.0543124200 1.1146188500 -0.3727332400
0.0471896800 1.1344306800 -0.3717766300
0.0228658400 1.1334698800 -0.3524171300
-0.2138868400 1.0332361900 -0.4375700500
0.0422673600 1.0516657100 0.0361641900
0.1159580700 1.0470825800 0.0134659400
-0.1705891900 1.1362747400 -0.2716005600
-0.1576310100 1.1613427500 -0.1963601100
-0.1437270400 1.1364427900 -0.0890914700
-0.1370785600 1.1429855800 -0.0887576100
0.1382045200 1.1141627800 -0.1049247500
0.1540952300 1.1166497600 -0.1558555700
0.1625558500 1.1435281800 -0.1802359800
0.1520090900 1.1062823800 -0.2468397500
0.1386389100 1.1189520300 -0.2974224100
0.1366433000 1.1256935400 -0.3002649900
0.0649349200 1.1247835500 -0.3594621600
-0.1816413500 1.0791530200 -0.3930238100
-0.1687746500 1.0553978000 -0.4119570300
-0.1626210300 1.0512689200 -0.4217766300
-0.1526922400 1.0550755400 -0.4374121600
-0.1780442100 1.0294986800 -0.4748217200
-0.0699533100 1.1327993200 -0.3621664500
-0.1612635600 1.1568642000 -0.1814746000
-0.0916043700 1.1401667500 -0.0723652300
-0.0752237200 1.1448155200 -0.0336184700
-0.0153468000 1.1370179200 -0.0367670700
0.0458055800 1.1318113300 -0.0463759600
0.1088142900 1.1333368100 -0.0633556100
0.0711762800 1.1238384800 -0.3306070700
0.0612080700 1.1332322200 -0.3691546300
0.0624470900 1.0717407500 0.0026872800
0.0498821200 1.0623284500 0.0070927500
0.0975831800 1.0264478700 0.0622763200
0.1216135800 1.0426860200 0.0407878300
-0.0810246000 1.1567888400 -0.3449813500
-0.1335117700 1.1714926300 -0.3314252500
-0.1264279500 1.1464141100 -0.0876200400
-0.0882862500 1.1440013300 -0.0599733200
0.1169669600 1.1243232300 -0.0652679500
0.1493327800 1.1094059400 -0.1214913100
0.1688717600 1.1153038900 -0.2132299300
0.0746258400 1.1352833000 -0.3317098900
0.0654767800 1.1307473600 -0.3647369300
-0.0319636700 1.1418531100 -0.3729198100
-0.0429208800 1.1511713200 -0.3604302200
-0.1522487900 1.1512955300 -0.2526060300
-0.0841620300 1.1513430700 -0.0414000400
0.1548099500 1.1190347800 -0.1343756500
0.1424643000 1.1223281300 -0.2810641100
0.1012805600 1.1251068200 -0.3033185200
0.0889460400 1.1233593100 -0.3089069100
0.0694959800 1.0387515100 0.0589416300
0.1029449000 1.0328608700 0.0649678100
-0.2153112700 1.0981196200 -0.4045311300
-0.2112582100 1.0782306700 -0.4011362000
-0.1989939200 1.0770310800 -0.3920199900
-0.1902452000 1.0756834800 -0.3911486300
-0.1675204100 1.0732718100 -0.4074093000
-0.1965700700 1.0122110300 -0.4689148300
0.0777471000 1.0631240000 0.0038890600
0.1102512800 1.0413950200 0.0595811000
0.1252547000 1.0393738200 0.0308796100
-0.1526116600 1.1619749300 -0.3207794700
-0.1538218100 1.1504315600 -0.2250257800
-0.0563992600 1.1458954000 -0.0361853000
0.1568216700 1.1146917900 -0.1765734800
-0.2147514700 1.0667571900 -0.4101065200
-0.1535862700 1.0316182100 -0.4640340800
0.0469967400 1.0518047300 0.0204105200
0.0918293500 1.0447865600 0.0673954700
0.1109340400 1.0592721500 0.0303535400
0.1143592000 1.0531613200 0.0210557300
0.0140116400 1.1497511200 -0.3557876100
0.0078273800 1.1548708100 -0.3680175200
-0.1171757700 1.1675709100 -0.3361324300
0.0058897300 1.1569215000 -0.0490135600
0.1000704800 1.1350646000 -0.0658336300
0.1669665600 1.1237951700 -0.2242434100
0.0599589300 1.1470189000 -0.3688113900
-0.2119879600 1.0481285000 -0.4476659600
-0.2154904100 1.0542878000 -0.4353856100
-0.2060364100 1.0715304900 -0.3977667300
-0.1579524700 1.0771945900 -0.4196493800
0.1186896300 1.0326467200 0.0568774500
-0.1427662200 1.1621996100 -0.2298732300
-0.1577615000 1.1495774700 -0.1267327800
-0.0981328400 1.1578898600 -0.0860456100
-0.0349561500 1.1528463200 -0.0394817000
0.0172019700 1.1407338200 -0.0428940800
0.1291141500 1.1319965600 -0.0775593300
0.1127538900 1.1415292400 -0.2993529800
0.0714174400 1.1395606300 -0.3605981200
0.0303255300 1.1393176600 -0.3560614000
-0.2093318500 1.0542229500 -0.4532287500
-0.1848971200 1.1061633000 -0.3824605200
-0.0654374900 1.1739779100 -0.3399701000
-0.0881210800 1.1599436900 -0.0728621700
0.1576169900 1.1372331800 -0.1533067900
0.1425125000 1.1155080200 -0.2779734700
0.0795946500 1.1295396100 -0.3172777400
-0.1948223500 1.0912304500 -0.3864830400
0.0362990600 1.0609881000 0.0521011800
0.0458786100 1.0602808100 0.0603952800
0.0625402500 1.0532126700 0.0654542800
0.0889853300 1.0503691000 0.0694677000
0.0853660200 1.0675909000 0.0070879500
-0.1534012400 1.1843583500 -0.3100576400
-0.1471756800 1.1590048000 -0.1059466600
-0.1309434800 1.1675428400 -0.0981760900
0.1327746600 1.1258891900 -0.0925329900
0.1453147200 1.1258448800 -0.1154166600
0.1471302800 1.1361740200 -0.2743533800
0.1152632800 1.1248734700 -0.3026189300
-0.2170750200 1.0672975500 -0.4183848600
-0.1893654500 1.1159543500 -0.3787633300
-0.1520503300 1.0689701400 -0.4339586100
-0.1513730800 1.0503491400 -0.4569484700
-0.1928221400 1.0507590300 -0.4693471800
0.0339515000 1.0590471700 0.0444688900
0.1166303000 1.0464116200 0.0481687200
-0.0017399300 1.1518921200 -0.3725028700
-0.1470523500 1.1823523100 -0.3202998700
-0.1631998300 1.1686691900 -0.2946356800
-0.1521984500 1.1752462100 -0.1448339900
-0.1422364400 1.1598665900 -0.1000776300
-0.1056034500 1.1551574900 -0.0880046500
0.0522524900 1.1443261300 -0.0509034100
0.0759663500 1.1347730400 -0.0692804600
0.0871404800 1.1327561000 -0.0686427100
0.1304945000 1.1248130700 -0.3029514400
0.0535801600 1.1496768800 -0.3669882000
0.0397260000 1.1524098200 -0.3541070700
-0.1751160500 1.0825286300 -0.3956514100
-0.1579202500 1.0326215300 -0.4693484400
0.0976342900 1.0655074500 0.0147396300
-0.0913132900 1.1672575900 -0.3375156300
-0.1631438300 1.1730533800 -0.2750582800
-0.1535978600 1.1748532600 -0.1696143100
-0.1504748100 1.1830601100 -0.1542692700
-0.1459524900 1.1722206000 -0.1172608400
0.1205462100 1.1430271500 -0.0703220600
0.1678229600 1.1163989900 -0.2083100000
0.1073654800 1.1458005500 -0.3000957700
0.0858443600 1.1537445800 -0.3178157200
-0.2174909400 1.1164406300 -0.4107468700
0.0917473600 1.0617523700 0.0658159600
0.1076340000 1.0551350200 0.0548977200
0.0873435900 1.0735653200 0.0123363300
0.0696154300 1.0809478900 0.0048190900
-0.0137135600 1.1516623800 -0.3755709400
-0.0230111000 1.1554730800 -0.3723344400
-0.0492017600 1.1650838000 -0.3501102600
-0.1369542300 1.1748701100 -0.2333860400
0.0211547400 1.1465062200 -0.0447922400
0.0427621400 1.1480161300 -0.0476109800
0.1391287600 1.1384144900 -0.1053931300
0.1613271300 1.1523122200 -0.1722644300
0.0826948100 1.1563278900 -0.3239643000
0.0701579700 1.1493603600 -0.3645269800
0.0446632300 1.1476092800 -0.3626860800
-0.2154772000 1.0761418600 -0.4377568600
-0.1686580600 1.1223199900 -0.3845474000
-0.1552317500 1.0509443000 -0.4648734000
-0.1860947200 1.0413999200 -0.4726151500
-0.1576965000 1.1769549600 -0.2599578000
-0.1521376600 1.1640265100 -0.2070346600
-0.1514354700 1.1752682200 -0.1891891000
-0.0751645700 1.1617636500 -0.0382371700
0.1664197700 1.1492175800 -0.1902091000
0.1411690100 1.1247876100 -0.2914212400
0.0590789200 1.0857032400 0.0027817700
0.0247815600 1.0798358000 0.0609055100
-0.2174297400 1.0915793200 -0.4296041100
-0.1762910300 1.1264420600 -0.3787112300
-0.1667078100 1.0918814500 -0.4000417800
-0.0975262400 1.1940856700 -0.3228392200
-0.1603406000 1.1862644300 -0.2834054300
-0.1238548500 1.1820369100 -0.1025353900
-0.1204182200 1.1619974300 -0.0931439100
-0.0846657900 1.1702044300 -0.0517855700
-0.0048913800 1.1643087100 -0.0512007800
0.0548183200 1.1554959800 -0.0521463900
0.1506593100 1.1214060000 -0.2618967700
0.0737121200 1.1445626500 -0.3414648800
0.0760861700 1.1491450600 -0.3580686700
0.0235161000 1.0687047200 0.0354454900
-0.1600415100 1.1127057100 -0.3986229600
-0.1073414600 1.1799481200 -0.3310145500
-0.1398657500 1.1901741700 -0.3222241100
-0.1593021900 1.1701681300 -0.3055279400
-0.1529066800 1.1757689200 -0.2539352400
-0.1472570400 1.1866297400 -0.1803160700
-0.0521942000 1.1794445500 -0.0406855300
0.0911397400 1.1471736700 -0.0747840700
0.1083690900 1.1508821200 -0.0726911200
0.1548165300 1.1292416100 -0.2466370300
0.0466744400 1.0740599100 0.0033846800
0.0141079400 1.0828037800 0.0179369900
0.0200480200 1.0739265600 0.0251228900
0.0995661300 1.0705959600 0.0517942600
0.1068924000 1.0645132200 0.0399643000
-0.2000553200 1.1089204100 -0.3846298500
-0.1671224400 1.0384556100 -0.4739227800
-0.0733748800 1.1777017700 -0.3347127700
-0.1600895800 1.1800938800 -0.2671780500
0.0743675000 1.1447869600 -0.0693960400
0.1612355000 1.1375579900 -0.2328749400
0.1417424500 1.1441691500 -0.2963811800
0.1005885300 1.1479384900 -0.3044931900
0.0081623100 1.0942125500 0.0093398100
0.0084673000 1.0893641900 0.0541306400
0.0741701400 1.0727136700 0.0737594100
0.0986887300 1.0704605600 0.0238265300
-0.1925662500 1.1359875000 -0.3760557000
0.0357755600 1.1546303200 -0.3520280700
-0.0362187400 1.1723014900 -0.3539901100
-0.1028266400 1.1755100000 -0.0956401000
-0.0695961400 1.1540851600 -0.0363142200
0.1319395300 1.1456516000 -0.0792426500
0.1516359200 1.1542823300 -0.2674602800
0.0819945800 1.1608048800 -0.3376024400
-0.0004442000 1.1058460700 0.0054547900
0.0391263400 1.0833475000 0.0714961800
0.0667685600 1.0624686800 0.0708838100
-0.2118474200 1.1117380400 -0.3952033700
-0.1493940400 1.0680898400 -0.4456998500
-0.1721638400 1.0642120800 -0.4733250100
-0.2033249300 1.0529581800 -0.4606016900
0.0214368900 1.1607503500 -0.3557271100
0.0067694600 1.1686834900 -0.3723496700
-0.0418627100 1.1806094600 -0.3479592600
-0.1357477100 1.1781616600 -0.2190657600
-0.0260438900 1.1741737900 -0.0485057400
0.1353039600 1.1449551100 -0.0888339900
0.1567000700 1.1401283800 -0.1410304800
0.1548760700 1.1494271200 -0.2578749100
0.1488170700 1.1562390200 -0.2880968500
0.0236498600 1.1007540900 -0.0008665600
0.0231806500 1.0926273700 0.0017188800
0.0000443900 1.0916107700 0.0331667300
0.0113367900 1.0807561700 0.0451106000
0.0756392800 1.0838656700 0.0094852600
-0.2107781600 1.0859676400 -0.4482402400
-0.2077166000 1.1265130300 -0.3889360900
-0.1830493100 1.1367628700 -0.3736671500
-0.1517430800 1.0937830300 -0.4225358700
-0.0046158300 1.1004510100 0.0164575400
0.1032674600 1.0521910700 0.0615441400
-0.0857849000 1.1854200700 -0.3277104600
-0.1442960600 1.1734829600 -0.2445227400
-0.1437217700 1.1876803000 -0.1324547100
0.0079463000 1.1732385500 -0.0553448500
0.1503126600 1.1372644600 -0.1224615700
0.1523092200 1.1509741100 -0.1253774800
0.0712723900 1.1651933200 -0.3641978400
-0.1962712400 1.0880504100 -0.4648199800
0.0252929900 1.1092340300 -0.0016409600
0.0889965400 1.0868820800 0.0379572700
0.0822060300 1.0864716100 0.0181839200
-0.0012323500 1.1678280300 -0.3729959800
-0.0206927800 1.1770826700 -0.3611922400
-0.0628685700 1.1835281500 -0.3401306800
-0.1299012800 1.1877562500 -0.2205279600
0.1691215400 1.1422303500 -0.2197852600
0.0484836800 1.1632093600 -0.3545527900
-0.1484974900 1.0855179300 -0.4350924400
-0.1499810400 1.0718452400 -0.4549687700
0.0137769300 1.0942971900 0.0041300300
0.0576679200 1.0805207300 0.0743364400
-0.0250563900 1.1923833400 -0.3549533500
-0.1305963300 1.1969330700 -0.3226186600
-0.1454196800 1.1936663500 -0.2465564500
-0.1336217600 1.1974126300 -0.2343589100
-0.1276486700 1.1977001600 -0.2068795800
-0.1401933300 1.1920677600 -0.1910950900
-0.1459722800 1.1955991200 -0.1657836700
-0.1409787700 1.2051658400 -0.1534777600
-0.0928223600 1.1646812900 -0.0841669300
0.1549396300 1.1503599500 -0.1323697600
0.1600738300 1.1499066800 -0.1661399200
-0.2180876400 1.1032464100 -0.4198764600
0.0287481200 1.1715396200 -0.3537649800
0.0153446800 1.1809697500 -0.3709199100
0.0036866200 1.1825423900 -0.3695674300
-0.0950673200 1.1821927700 -0.0937084100
-0.0810140000 1.1754588700 -0.0465342700
-0.0405947000 1.1676890700 -0.0420489300
-0.0102333500 1.1807336400 -0.0588575700
0.0439130900 1.1573601200 -0.0487370500
0.0710912800 1.1591759800 -0.0641206000
0.0869046000 1.1649614900 -0.0763101400
0.1503670200 1.1580978800 -0.2756163800
0.1496720700 1.1671022000 -0.2892914100
0.0757119100 1.0793300300 0.0716082400
0.0858583600 1.0773539800 0.0652401400
-0.1876441800 1.0811220400 -0.4696832400
-0.0264547700 1.1858393300 -0.3546566300
-0.0659199800 1.1945697500 -0.3435054200
-0.1535852200 1.2074131500 -0.2636906500
-0.1363850300 1.2048517600 -0.1239935600
0.0254477800 1.1658945200 -0.0503010400
0.0911883700 1.1581577300 -0.0778457400
0.1216314600 1.1566361800 -0.0738202200
0.1704078700 1.1409972300 -0.2099729100
0.0914116100 1.1527249900 -0.3125179700
0.0753536300 1.1590995500 -0.3635304300
0.0934136400 1.0808045300 0.0460685100
0.0647425000 1.0961094000 0.0074643500
-0.2044069900 1.0894170900 -0.4573360200
-0.1523395400 1.2016371400 -0.3043558900
-0.0834755200 1.1842487800 -0.0547279800
-0.0621831800 1.1888150900 -0.0433118700
-0.0408900800 1.1901784000 -0.0444087200
0.0921890600 1.1771673400 -0.3196424600
-0.0063731500 1.0998602600 0.0441764100
-0.1703726500 1.1473500500 -0.3763825500
-0.1613374700 1.1340089200 -0.3880151600
-0.1463075300 1.1091397900 -0.4258256400
0.0633203900 1.1710730800 -0.3607179900
0.0489256500 1.1704011600 -0.3523353100
-0.0719924300 1.1868933700 -0.3354669600
-0.1379594000 1.1911265400 -0.1154634000
-0.0839716900 1.1818713400 -0.0711367600
0.1460316700 1.1630957500 -0.1118313600
0.0273343100 1.1176326900 -0.0005459200
0.0085681100 1.0947883800 0.0591749800
0.0346155300 1.1044449900 0.0764818300
-0.2134701300 1.1048019700 -0.4401099300
-0.2083308300 1.1512037700 -0.3906755900
0.0229116900 1.1742045900 -0.3659537100
-0.0116724100 1.1884094200 -0.3603387400
-0.0746141800 1.1833339000 -0.0451382900
0.0451010300 1.1684758400 -0.0506728100
0.1603608500 1.1550713900 -0.2408837600
0.0119873000 1.1173902000 -0.0026176900
0.0049914300 1.1091318000 0.0002480700
-0.1537976100 1.1185638900 -0.4057760300
-0.1443033100 1.1063211200 -0.4356253600
-0.1459087900 1.0950397700 -0.4431022600
-0.1801021300 1.0721374900 -0.4723045100
0.0856406000 1.0893039600 0.0566928100
0.0889492900 1.0846735700 0.0286816100
-0.0873410300 1.2012477400 -0.3237545700
-0.1007669700 1.2143962600 -0.3143364300
-0.1235772300 1.2056307300 -0.3189479700
-0.1234952700 1.2027208800 -0.2204548700
-0.1348882200 1.2141048600 -0.1765299700
-0.1403462900 1.2076871800 -0.1623584800
-0.1117673400 1.2093786200 -0.1095857700
0.1002307200 1.1625547500 -0.0797508000
0.1392419500 1.1666625000 -0.0868571100
0.1574130600 1.1651265600 -0.1376918600
0.1654599900 1.1600600300 -0.2277679500
0.1286855900 1.1530378800 -0.2966483000
-0.1919947700 1.1530242400 -0.3755075400
-0.1468815000 1.0945167900 -0.4523324100
-0.1522573300 1.0857941800 -0.4613956600
0.0317477900 1.0812546300 0.0670989100
0.0392619600 1.1813804300 -0.3490385300
-0.0046537100 1.1791384200 -0.3679123800
-0.1344545900 1.1827032600 -0.1071784600
-0.0939177300 1.2172958000 -0.1028668200
-0.0681651600 1.1924719600 -0.0445894900
0.0639307000 1.1673107200 -0.0575760000
0.1685133500 1.1596446000 -0.1932803700
0.0849908800 1.1664002200 -0.3546939700
-0.2016874500 1.1517318100 -0.3835700500
-0.1770997500 1.1551588100 -0.3719439800
-0.1741694100 1.1062125200 -0.4719248500
0.0719355200 1.1745928500 -0.3620954800
0.0225610000 1.1885620600 -0.3699314200
-0.0436386300 1.1913542500 -0.3493785600
-0.1421259900 1.2076678100 -0.3138266400
-0.1426360100 1.2103577800 -0.2446890800
-0.0877999500 1.1809069100 -0.0822533600
0.1337784300 1.1591599300 -0.0826458700
0.1618708700 1.1625235300 -0.1562395200
0.1711337100 1.1580747500 -0.2041234400
0.1297525200 1.1710033600 -0.2929728500
0.0578353900 1.0942064000 0.0765585800
0.0615402900 1.0972027600 0.0755214500
0.0826308000 1.0974974900 0.0488529400
-0.1405824500 1.1251175600 -0.4408815800
0.0664539100 1.1823420600 -0.3565953700
0.0361371900 1.1859558700 -0.3519499600
-0.0796613000 1.1947114600 -0.3313270600
-0.1111702500 1.2139876000 -0.3139973700
-0.1556409100 1.2087270700 -0.2801320000
-0.1235682700 1.2198805700 -0.2260424200
-0.0846985400 1.1980752300 -0.0671591200
0.0210367700 1.1779510400 -0.0538591200
0.0963461800 1.1720124500 -0.0816011900
0.0855364200 1.1777137100 -0.3585463300
-0.0048367300 1.1203803900 0.0011634700
-0.0176844100 1.1132486700 0.0253596700
0.0895341900 1.0792161400 0.0600662000
-0.2158318700 1.1233077100 -0.4297994300
-0.1861028300 1.1486151400 -0.3725808000
-0.1594826800 1.0830846700 -0.4681797900
-0.0074858200 1.1061115900 0.0513152100
0.0756604100 1.0995953300 0.0209057800
0.1669271400 1.1797102700 -0.2278233900
0.1619030300 1.1731096700 -0.2436533700
0.0888197500 1.1784334900 -0.3268896500
0.0881473400 1.1762950100 -0.3380133800
-0.0218003600 1.2023717400 -0.3566137900
-0.0566243500 1.2134636200 -0.3572822800
-0.0732740800 1.2120567100 -0.3469971800
-0.1506121500 1.2249238700 -0.2990805300
-0.1443718000 1.2244185900 -0.2490625000
-0.1353157900 1.2170206100 -0.1453991300
-0.0328621500 1.1887221100 -0.0481865000
0.1109406100 1.1788912500 -0.0843774600
-0.1624681400 1.1142873200 -0.4711774800
-0.0149814400 1.1176135400 0.0110568400
0.0714183100 1.0980458000 0.0139924400
0.0429727300 1.1165953100 0.0032654900
0.0143903000 1.1971277900 -0.3677425600
-0.1219656000 1.2120718700 -0.2000939900
-0.1213188000 1.2094519900 -0.1127475700
-0.0991086900 1.1993902500 -0.1027484300
-0.0827882700 1.1992424600 -0.0586944000
-0.0728904200 1.2017408000 -0.0492249000
-0.0144803300 1.1906257600 -0.0619763600
0.0585353400 1.1781589600 -0.3543644200
-0.2138253000 1.1406283000 -0.4007488500
-0.1548665200 1.1500724600 -0.3920344100
-0.1432784100 1.1321579800 -0.4220280400
-0.1425202500 1.1183954800 -0.4520952100
-0.0126852300 1.1059438200 0.0361910100
0.0301951700 1.1018112100 0.0749527300
0.0669829500 1.1007999600 0.0715907800
-0.1279322000 1.2150853700 -0.1182320900
0.1707979300 1.1492886000 -0.2144032100
0.1147765700 1.1741181900 -0.3013630700
0.0910447400 1.1808402900 -0.3522518700
-0.2130978800 1.1450344600 -0.4303278400
-0.2152135500 1.1471556400 -0.4104204600
0.0528794000 1.1080323200 0.0766619900
0.0559001700 1.1166681100 0.0112255300
-0.0034379400 1.2084640300 -0.3600540100
-0.0476249200 1.2208371000 -0.3614047800
-0.1351202300 1.2143355800 -0.3139488000
-0.1549495600 1.2118147700 -0.2937944800
-0.1149521900 1.2229652900 -0.2047151900
-0.1376034300 1.2132433700 -0.1695305700
-0.0062818200 1.1923930500 -0.0635420900
0.0470780200 1.1828326700 -0.0529456600
0.0855525600 1.1765081700 -0.0735891100
0.1662241200 1.1747142000 -0.1762848500
0.1258299800 1.1767301300 -0.2942546500
0.0960921900 1.1919504700 -0.3212412700
-0.2171405900 1.1320643300 -0.4176350100
-0.2112502800 1.1678141900 -0.4209821300
-0.1544865100 1.1192991900 -0.4678637600
-0.1939321500 1.1086362900 -0.4650147600
0.0017524400 1.1972614300 -0.3630532400
-0.0909010600 1.2172695100 -0.3218731200
-0.1304678500 1.2277615900 -0.3087657900
0.0569277200 1.1753695900 -0.0541966400
0.1312166400 1.1726713200 -0.0801847500
0.1449644000 1.1776449800 -0.0931801800
0.1431706700 1.1683885700 -0.0953607300
0.1457704500 1.1692551800 -0.1069588100
0.1422981900 1.1624285900 -0.2934432500
0.1374378900 1.1903370100 -0.2895671700
-0.2050997400 1.1160979300 -0.4532046400
-0.1597930000 1.1762195700 -0.3778783600
-0.1641130800 1.1410147900 -0.3827976400
-0.1488057400 1.1450133100 -0.4042595900
0.0318738900 1.1909005100 -0.3661515100
-0.0294149300 1.2099260100 -0.3581992700
-0.1523695800 1.2411355800 -0.2876799700
-0.1338477900 1.2043816900 -0.1886676600
-0.1329929700 1.2207988200 -0.1320527900
-0.0792372500 1.1962711300 -0.0516428000
-0.0244134600 1.1990384200 -0.0581433400
-0.0229785600 1.1243307900 0.0488826700
-0.0071112900 1.1223776500 0.0657495700
0.0106274300 1.1081268900 0.0692527000
0.0620632700 1.1215432000 0.0668721600
-0.2101119100 1.1215114700 -0.4442968500
-0.0317192500 1.1338374800 0.0304455400
0.1074434600 1.1876696900 -0.0864077200
0.1274653100 1.1811681000 -0.0832246600
0.1552095200 1.1732787700 -0.2614204600
-0.1666140400 1.1755165800 -0.3734432100
-0.1375194100 1.1495021600 -0.4481964600
-0.1488677800 1.1115315900 -0.4626939400
0.0421209000 1.1044148000 0.0769355500
0.0669574100 1.1212294700 0.0309942700
-0.1505415400 1.2495227900 -0.2679174900
-0.0878753700 1.2106443500 -0.0883721200
0.0789425300 1.1846056400 -0.0659366800
0.1477569800 1.1849904000 -0.2885614800
0.0946219100 1.1953744300 -0.3284009500
0.0742632200 1.1853728100 -0.3592123800
-0.2041614900 1.1401743900 -0.4487474300
-0.1990707000 1.1911290500 -0.3875639500
-0.1759096200 1.1754191400 -0.3723526400
-0.1917581100 1.1256662400 -0.4637433000
0.0700811600 1.1180180700 0.0559184700
0.0595834400 1.1220925300 0.0185791500
0.0434911200 1.1945052300 -0.3462189300
-0.0995257100 1.2262242100 -0.3125695600
-0.1106504000 1.2303032300 -0.3071961800
-0.1434017500 1.2302387100 -0.3030189600
-0.1325516600 1.2376783700 -0.2378324000
-0.0403594500 1.2029849000 -0.0474094300
-0.0229273000 1.2076154600 -0.0608326500
0.0124288500 1.2038298200 -0.0606855300
0.1377890800 1.1833048300 -0.0863559500
0.1530516200 1.1724767500 -0.1234380000
0.1718194000 1.1820514300 -0.1960060000
0.1539452400 1.1774291700 -0.2805598800
0.0980552300 1.1786848500 -0.3143905100
0.0810427900 1.1894693200 -0.3586936000
-0.1454269300 1.1716365900 -0.3996294900
-0.0134123000 1.1322347400 0.0036142900
0.0306203200 1.2048307500 -0.3709223200
-0.0120811600 1.2119159300 -0.3587269900
-0.0757645300 1.2206887100 -0.3473550400
-0.0828561500 1.2210518000 -0.3413063000
-0.1476780500 1.2425208300 -0.2578867600
-0.1486855500 1.2203189500 -0.2550298500
0.1654842600 1.1747168500 -0.1709307400
-0.1541929500 1.1804889600 -0.3825929100
-0.0000140100 1.1331986200 -0.0014549000
0.0609012100 1.1158909800 0.0705491200
0.0477699600 1.1442062100 0.0222059500
0.0354585000 1.1441706400 0.0103037500
-0.0883595400 1.2234995700 -0.3345920400
-0.1284049900 1.2391169200 -0.1434677800
-0.0902263600 1.2111585500 -0.0965662500
0.0369868100 1.2090770600 -0.0582400000
0.0507721100 1.1991024500 -0.0565780600
0.1733173700 1.1917710900 -0.2096863400
0.1679284400 1.1996858000 -0.2275210100
-0.1908154800 1.1749419900 -0.3769936500
-0.1850647300 1.2108556400 -0.3765926200
-0.1824243900 1.1808279300 -0.3738918200
-0.1804241500 1.1182662700 -0.4699391000
0.0437240000 1.1177230100 0.0788870700
0.0412407200 1.1338749600 0.0097968600
0.0282392000 1.1349517000 0.0037852500
-0.0986297100 1.2370520500 -0.3124913800
-0.1323628900 1.2388889800 -0.3027932000
-0.1284113600 1.2206034300 -0.1812864500
-0.1021021900 1.2217382400 -0.1090064600
-0.0590629400 1.2012069900 -0.0444566300
-0.0099964600 1.2072672800 -0.0624593400
0.0873825100 1.1989219800 -0.0711386800
0.1496761700 1.1826570800 -0.1067489500
0.1598025000 1.1983169100 -0.1362848500
0.0966788300 1.1933431500 -0.3486406900
-0.1970536200 1.1788944600 -0.3826281700
-0.1683352000 1.1901677100 -0.3724545700
-0.1394556600 1.1732985500 -0.4111823700
-0.1373398800 1.1636207800 -0.4212891000
0.0368313200 1.2068954200 -0.3652082500
-0.0598860300 1.2216684800 -0.3571276100
-0.0504970900 1.2112927300 -0.0453573400
0.1174030000 1.1982935400 -0.3053126200
0.0899504200 1.1887787400 -0.3558179400
0.0843721500 1.1987757700 -0.3573293700
-0.0139420900 1.1504224300 0.0027928100
-0.0221743400 1.1539402100 0.0059643500
0.0023148200 1.1294247500 0.0754198100
-0.2093505100 1.1692220900 -0.3987149700
-0.1584837000 1.1938899100 -0.3763034700
0.0307645800 1.1164989500 0.0780804200
0.0016272300 1.1383217800 0.0780813300
0.0143247600 1.2073196400 -0.3679584900
-0.0282227800 1.2068779700 -0.0574761400
-0.0021695100 1.2124896200 -0.0609209000
0.0727397700 1.1983050100 -0.0619207900
0.1728861800 1.1812146100 -0.2049147300
0.1584805100 1.1998652600 -0.2780901200
-0.1377796300 1.1433351000 -0.4361217400
-0.1977054700 1.1389483700 -0.4559557900
0.0150652100 1.1398330300 0.0016442500
-0.0319530100 1.1417583500 0.0195782100
-0.0189586400 1.1281621500 0.0589356700
-0.1194285300 1.2342680500 -0.3592617200
-0.1469430100 1.2483424400 -0.2941040900
-0.1114213600 1.2380792900 -0.2128660400
-0.1294963700 1.2353782400 -0.1659169400
-0.0879844400 1.2184753800 -0.0755755200
0.1697311300 1.1972418600 -0.1786275200
0.1714419200 1.1880572900 -0.2165853000
-0.0754241200 1.2293600800 -0.3473640000
-0.1093278900 1.2511521000 -0.3016506800
-0.1302133400 1.2354393100 -0.1530662500
-0.0486895100 1.2204599300 -0.0477028200
0.0776862800 1.2090275700 -0.0648372500
0.1503840600 1.1932891500 -0.0996193400
-0.0300485800 1.1316963500 0.0442033900
-0.0071186600 1.1339270200 0.0727033700
0.0692598200 1.1211021900 0.0413108200
-0.1325489300 1.2357380700 -0.3556390600
-0.2032033900 1.1695082600 -0.4401657600
-0.1438147000 1.1940034300 -0.3921922600
0.0439752100 1.2062703400 -0.3498680000
-0.0085438900 1.2271830800 -0.3603317100
-0.0375815400 1.2263163000 -0.3632822400
-0.1532796200 1.2421935600 -0.2788812100
-0.0895931600 1.2371373000 -0.0987824600
-0.0811765300 1.2160008000 -0.0585883700
0.1335950500 1.1921434500 -0.0871341400
0.1670908700 1.1933088500 -0.1613665400
-0.0275609400 1.1440242700 0.0114043900
-0.0425392100 1.1575604300 0.0211102200
0.0514287200 1.1284435400 0.0710579100
0.0603345200 1.1335732300 0.0532882500
-0.1066876500 1.2226302600 -0.3674818500
-0.0020562400 1.2224326900 -0.3609764900
-0.1127008700 1.2366906100 -0.1900662500
-0.1255759600 1.2402813800 -0.1721763500
-0.1276702300 1.2369632200 -0.1326735000
0.0984963000 1.1897819200 -0.0819769800
0.1089708800 1.2038057600 -0.0879250100
0.1210729700 1.2004198800 -0.0904095700
0.1569684600 1.1954037700 -0.2640414100
0.1107241100 1.2109925600 -0.3127244000
0.0339531800 1.1491986700 0.0713857700
-0.1432532000 1.1467636400 -0.4601293500
-0.1941818700 1.2076753900 -0.3837875100
-0.1518968800 1.2100569000 -0.3809709700
-0.1766019300 1.2116991300 -0.3736240400
-0.1662660700 1.2133465700 -0.3744763300
0.0339910100 1.1281343600 0.0776893300
0.0572409300 1.1346200200 0.0601298500
0.0520415600 1.1439624300 0.0329428100
-0.1425472600 1.2405942000 -0.3555169400
-0.0923387300 1.2317115100 -0.3662122400
-0.1052509800 1.2245256500 -0.3698560400
0.0495409800 1.2072616300 -0.3453445900
0.0145718700 1.2303853200 -0.3675903500
-0.0904367500 1.2496263900 -0.3381749500
-0.1190147800 1.2236327600 -0.2211627200
-0.1080230500 1.2452918100 -0.1932209600
-0.0786894900 1.2315169300 -0.0600297300
0.1477018700 1.1961446700 -0.0940416700
0.0998999600 1.2007166400 -0.3452822900
-0.2113442700 1.1708080500 -0.4116787200
-0.1953733600 1.2166378100 -0.3884679100
-0.1485697600 1.1495442300 -0.4657004000
-0.1623832400 1.1423704300 -0.4704507500
-0.1818895500 1.1689696300 -0.4606168700
-0.1164960000 1.2578032600 -0.2973649000
-0.1351438700 1.2534873700 -0.2959627100
-0.0698029500 1.2371283500 -0.0549884600
-0.0620382700 1.2246519300 -0.0488463100
-0.0183975600 1.2168361200 -0.0655577900
0.0190603200 1.2131505000 -0.0597552900
0.1562103900 1.1911433600 -0.1233643500
0.1292016000 1.1890290600 -0.2936394700
0.1042169200 1.2140863000 -0.3504731800
-0.0203600300 1.1695433700 0.0043398900
-0.0499360900 1.1593426400 0.0331332200
-0.0299880500 1.1524986800 0.0687523700
-0.0989647400 1.2258510300 -0.3745315900
-0.0125595400 1.1719476500 0.0044302000
-0.0070184400 1.1577026400 0.0028224900
-0.1814512400 1.1462352700 -0.4652136400
-0.2080487200 1.1723890500 -0.4314639000
-0.2075076100 1.2007397300 -0.4143233500
-0.1784674300 1.2283860300 -0.3785660700
-0.1525896800 1.2209429500 -0.3806573500
-0.0882922100 1.2385323200 -0.0750781600
0.1628883400 1.1917964300 -0.1478797400
0.1750828500 1.2174325200 -0.2050754900
0.1579429700 1.1932743100 -0.2575935400
-0.1080356400 1.2309640500 -0.3643387300
-0.0058446700 1.1486622600 0.0783478300
0.0504541900 1.1486983000 0.0436459900
-0.1450941300 1.2463242700 -0.3578720400
-0.1318315100 1.2546062300 -0.3565700900
-0.1380039100 1.1893479000 -0.4077892100
-0.2048086900 1.2019127500 -0.4021017500
-0.0303320000 1.2299697300 -0.3642660500
-0.0392287400 1.2190965400 -0.0527774200
0.0089607800 1.2204200200 -0.0581176300
0.0549352600 1.2115937800 -0.0606607000
0.1548207600 1.1911473600 -0.2843871800
-0.1007678300 1.2227118300 -0.3839490800
-0.0974640000 1.2229414400 -0.3877274900
0.0006926000 1.1654144200 0.0067602700
-0.0481581400 1.1748550700 0.0183352700
0.0535424700 1.1362580700 0.0643583400
-0.1142776900 1.2471268700 -0.3606762500
-0.1341899100 1.1715287800 -0.4279637500
-0.1375407200 1.1732246500 -0.4565214800
-0.1520888100 1.1604851500 -0.4679392700
-0.1681106300 1.1628833200 -0.4676552200
-0.2070380200 1.2014540900 -0.4237774800
-0.0398104100 1.2350858400 -0.3638548200
-0.0405077500 1.2478012800 -0.3647032100
-0.0490116500 1.2373339800 -0.3598911300
-0.0631603800 1.2414533300 -0.3498712800
-0.1450421800 1.2582011400 -0.2555092800
-0.0307236200 1.2325529400 -0.0680021800
0.1435364200 1.2088447500 -0.0939211100
-0.0048120500 1.1740781100 0.0066092700
-0.0379282300 1.1658637300 0.0132265600
-0.0476157700 1.1582535200 0.0492121700
-0.0400841000 1.1533451100 0.0569301200
0.0447640500 1.1637249700 0.0419498800
0.0455973400 1.1528658000 0.0265101600
-0.1392605100 1.2082703900 -0.3962118000
-0.2007587200 1.2091016100 -0.3946764700
-0.1876987600 1.2218172400 -0.3810181400
0.0523400400 1.2391892700 -0.3556833800
0.0257752300 1.2242045000 -0.3717780200
-0.0493580700 1.2481155400 -0.3560437400
-0.0965183900 1.2388129600 -0.3180232100
-0.1029503500 1.2701032900 -0.3106317600
-0.1098515100 1.2684063900 -0.2982728800
-0.1368089200 1.2729482600 -0.2905147300
-0.1480522900 1.2815759000 -0.2774477800
-0.1143023600 1.2422661400 -0.1843280200
-0.1183112300 1.2561518100 -0.1732750800
-0.1250828600 1.2554147100 -0.1570520200
-0.1266229200 1.2350399000 -0.1273135600
-0.1180539500 1.2421516900 -0.1213451800
-0.0552651600 1.2322781700 -0.0481514500
0.0379307200 1.2220575700 -0.0601199400
0.1596678200 1.2092589300 -0.1205026500
0.1534511700 1.2099051900 -0.2838245500
0.0963447800 1.2063830600 -0.3540923400
-0.1004434500 1.2282967500 -0.3798596700
-0.1238535500 1.2507725300 -0.3566828700
-0.0878200500 1.2485307300 -0.3619064700
0.0522250400 1.2203617000 -0.3467003900
0.0383486600 1.2239511000 -0.3694909700
-0.0169886200 1.2355387800 -0.3611930800
-0.1459401300 1.2849590800 -0.2808862300
-0.1400320000 1.2582073700 -0.2486886400
-0.1112112700 1.2396888600 -0.1169365400
0.1596712500 1.2169653500 -0.2580165000
0.1409988400 1.2045084900 -0.2879623400
-0.0485455700 1.1642327300 0.0606914800
0.0302498000 1.1423725300 0.0748000200
0.0228818200 1.1531678000 0.0088682000
-0.1362511900 1.2202657300 -0.3957515300
-0.1328100400 1.1822780800 -0.4493331700
-0.1922130800 1.1640960000 -0.4542229900
-0.2036546700 1.2288130900 -0.4010607000
-0.0355294100 1.2421514500 -0.3663456500
-0.0981293400 1.2611200200 -0.3302220800
-0.1242472500 1.2618649000 -0.2943279900
-0.1505138600 1.2633050600 -0.2744466600
-0.1110624600 1.2349153100 -0.2077616500
-0.1177469100 1.2559391400 -0.1260158100
-0.0902347600 1.2380563300 -0.0820589300
0.0879912600 1.2151670300 -0.0705921800
0.1733930400 1.2164029900 -0.2130215800
0.1344715100 1.2162353600 -0.2937827300
-0.0892813800 1.2325769100 -0.3818205200
0.0321055800 1.1638869000 0.0184987000
-0.1464451200 1.2579232900 -0.3579676100
-0.1013992100 1.2369656800 -0.3646231000
-0.0187004900 1.2311992100 -0.0691167900
-0.1327148600 1.2169294400 -0.4024435500
-0.1331245000 1.2078994900 -0.4210324200
-0.1934766000 1.2348100700 -0.3902998500
-0.1674079700 1.2322078800 -0.3792073800
0.0635529600 1.2216844400 -0.3436954300
-0.0944206500 1.2402874400 -0.3287111500
-0.1013782000 1.2515329300 -0.3091645200
-0.1110585500 1.2626176500 -0.1230670000
-0.0472903200 1.2304183000 -0.0504610200
-0.0841907400 1.2321085300 -0.3765448700
-0.1011635200 1.2253782600 -0.3912257500
0.0206713300 1.1777493300 0.0207612100
-0.0205636700 1.1514281500 0.0746186500
0.0131483300 1.1436908500 0.0775321100
0.1222261900 1.2104048800 -0.0933278900
0.1529034700 1.1969742500 -0.1046245300
0.1611256700 1.2079043700 -0.1368721100
0.1438954900 1.2205185900 -0.2870891400
0.1422255400 1.2279907900 -0.2887442900
0.1061975500 1.2191867700 -0.3202907500
0.0587221200 1.2332126200 -0.3470430500
0.0147854300 1.2382064400 -0.3699283000
-0.0385026200 1.2552378300 -0.3647121800
-0.0662358800 1.2671682000 -0.3421001400
-0.1185647400 1.2740793700 -0.1649381100
-0.0083988200 1.2402695400 -0.3614902000
-0.0232796900 1.2492270200 -0.3625922400
-0.1027520100 1.2633423000 -0.1867810600
-0.0620168000 1.2441974500 -0.0521024800
-0.0542280200 1.1787996500 0.0248522400
-0.0617512800 1.1823019900 0.0418537800
-0.0584613600 1.1742554200 0.0538547000
0.0406659500 1.1552330300 0.0205949500
-0.0041393400 1.2345240800 -0.0660401000
0.0202255800 1.2267056400 -0.0574960800
0.1542873900 1.2099366400 -0.1003760700
0.1742272100 1.2067528200 -0.1969028200
-0.0810055500 1.2416318500 -0.3913714200
-0.2043517000 1.1948579800 -0.4323257500
-0.0997635700 1.2315533200 -0.3884853500
-0.0923101300 1.2344687200 -0.3901989400
-0.1369077200 1.2703283100 -0.3583069800
-0.1170371900 1.2660254100 -0.3571564000
-0.1040401600 1.2591777900 -0.3641662300
-0.0609887500 1.1844694700 0.0326076600
-0.0316659900 1.1668905000 0.0741222700
0.0266139500 1.1649260000 0.0692719200
0.0404002100 1.1598199900 0.0602201600
0.0556323800 1.2232363400 -0.0633558700
0.1688517000 1.2124288300 -0.1570884000
0.1571066400 1.2111863400 -0.2819526300
0.0407382500 1.2212129700 -0.3656194100
-0.0677501300 1.2567056300 -0.3433602800
-0.1101711900 1.2571723600 -0.1801570100
-0.1235455700 1.2594076200 -0.1625152200
-0.0811877900 1.2431195600 -0.0677701300
-0.0621972500 1.2403625400 -0.3876710500
-0.0879023100 1.2319824000 -0.4010496000
-0.1335512200 1.1691949700 -0.4399390600
-0.1982020900 1.1984014600 -0.4392903800
-0.1673041000 1.2481191000 -0.3783898000
-0.1441261000 1.2783003800 -0.2572833200
-0.1403407000 1.2764672500 -0.2508565600
-0.1284779000 1.2692092200 -0.2383094000
-0.1184144800 1.2491307400 -0.2254915800
-0.1028159300 1.2599952300 -0.1992564900
-0.0733555700 1.2456535000 -0.0607678900
0.1015190700 1.2285642800 -0.0785466400
0.1621118700 1.2081183400 -0.1411168000
0.1631941000 1.2218084200 -0.2414378500
0.1220079200 1.2147417900 -0.3048468600
0.1086073600 1.2191647900 -0.3428246700
0.0695028400 1.2264037900 -0.3452061600
-0.0348437600 1.1811894400 0.0074929400
-0.0476433500 1.1690357600 0.0663508400
0.0176321600 1.1618623600 0.0739311600
0.0475560100 1.1518881100 0.0546498200
-0.1356336100 1.2091373800 -0.4055967800
-0.1856402000 1.1861515300 -0.4538372200
-0.1800356300 1.2434376600 -0.3808345000
-0.1268336800 1.2676648600 -0.3556366800
-0.0903534600 1.2558407700 -0.3580771800
-0.1446004300 1.2668648900 -0.2894397600
-0.0487300300 1.2420516400 -0.0544341700
-0.0344204900 1.2463062000 -0.0720780600
0.1697045500 1.2013805400 -0.1748694800
-0.0168453500 1.1968130700 0.0035309800
0.0011428800 1.1842049900 0.0106276700
-0.0323701400 1.2159590700 -0.0249004700
-0.1285381400 1.2208692100 -0.4025766600
-0.1486481800 1.1821553500 -0.4665552300
0.0316136700 1.2054650900 -0.0171893300
-0.0490473300 1.2490929200 -0.3741214200
-0.0514201300 1.2442610600 -0.3812761900
-0.0959144800 1.2240061000 -0.3978862000
-0.0859210500 1.2608286200 -0.3383438700
-0.1112327800 1.2523140500 -0.2176559100
-0.1220330800 1.2663052500 -0.1435773700
-0.0055068700 1.2417041700 -0.0667537100
0.0776449200 1.2332068000 -0.0685051300
-0.0116202800 1.2533980300 -0.3630282100
-0.0579613700 1.1791652600 0.0589004400
-0.0007250000 1.1538208600 0.0783287200
-0.0043407900 1.1921445700 0.0062913700
-0.0895794800 1.2642999500 -0.3570063500
-0.0790308600 1.2566072200 -0.3654171400
-0.1283234000 1.2187443800 -0.4245349900
-0.1690919900 1.2541994100 -0.3806778200
-0.0596659800 1.2378326000 -0.3848414700
-0.0469311600 1.2590709400 -0.3621130800
-0.0576173600 1.2621139100 -0.3508178800
-0.1038969700 1.2656481600 -0.2083905200
-0.1164535400 1.2744734300 -0.1680893000
-0.1214315700 1.2626952400 -0.1358987500
-0.0942510200 1.2415771400 -0.1099881000
-0.0618712400 1.2544482200 -0.0544321900
0.0379277800 1.2306119800 -0.0592553200
0.1210118900 1.2189475900 -0.0934768000
0.1614217500 1.2181672600 -0.2781069200
0.1296659900 1.2491473700 -0.3058083300
0.1138092200 1.2296720600 -0.3424729300
-0.0797330700 1.2395862600 -0.3838461000
-0.0660186000 1.2511212000 -0.3960114700
-0.0943252600 1.2306743600 -0.4170991100
-0.0303455100 1.1895902300 0.0049305600
0.0203793100 1.1878075100 0.0246549300
-0.1593133000 1.2649081000 -0.3676727700
-0.0950011100 1.2685485500 -0.3554950500
-0.1314533300 1.1921108600 -0.4334119300
-0.1550409100 1.1788989300 -0.4674442200
-0.2057754600 1.2258281600 -0.4133824200
-0.0983289900 1.2545855700 -0.3651240000
-0.0984960900 1.2674652700 -0.3624078200
-0.0621943900 1.2725286000 -0.3558602000
-0.0762624900 1.2731608000 -0.3363216500
-0.0905705300 1.2580637700 -0.0809263200
-0.0402314100 1.2003516200 0.0075398200
-0.0631455600 1.2035981100 0.0253049100
0.0415743800 1.1734830300 0.0347691800
0.0082560500 1.1818208800 0.0166205900
0.0117844200 1.1925866900 0.0176703400
0.0130002600 1.2363183600 -0.0595912500
0.0218142900 1.2363228500 -0.0573404200
0.1641167000 1.2499801500 -0.2408800900
0.1070039500 1.2234250100 -0.3267725900
0.0333483200 1.2263275400 -0.3724296100
-0.1033150400 1.2250103100 -0.4155107200
-0.1216887900 1.2248870400 -0.4274036300
-0.2022839500 1.2156325600 -0.4296125700
-0.0935929800 1.2764604500 -0.3323704200
-0.1212315000 1.2804119300 -0.2903955600
-0.0181852100 1.2061482300 0.0024033400
-0.0514331600 1.1917402900 0.0157764000
-0.0585725200 1.1876172900 0.0575460100
-0.0204263200 1.2525601000 -0.0711361500
0.0954885500 1.2379541300 -0.0750747300
0.1090066100 1.2163659100 -0.0864067700
0.1766661000 1.2299903300 -0.1993093400
0.1019928300 1.2316213200 -0.3533544000
0.0290106300 1.2378093200 -0.3744515800
-0.1288932500 1.2110421800 -0.4334426000
-0.1271469000 1.2160380400 -0.4469069900
-0.1393581800 1.1912286000 -0.4618474100
-0.1563680900 1.1980726100 -0.4659337900
-0.1984997400 1.2400741700 -0.4001097700
-0.1622216000 1.2682643400 -0.3738126300
-0.1045076600 1.2679573300 -0.3629919700
-0.0737841900 1.2616034600 -0.3664973300
0.0239065300 1.2149511500 -0.0238047300
-0.0705082800 1.2791716400 -0.3405914400
-0.1402685600 1.2861226000 -0.2864351500
-0.1310565600 1.2942029500 -0.2428809300
-0.1001179100 1.2848245400 -0.2075798900
-0.0776771900 1.2571217000 -0.0713357800
-0.0399720000 1.2223487200 -0.0230350100
-0.0598007200 1.2018356200 0.0193369200
-0.0642397900 1.1948210100 0.0414736400
-0.0518862100 1.1824830700 0.0654701600
-0.0407025200 1.1789470300 0.0714891600
-0.0166932500 1.1790801600 0.0751051000
0.0332648200 1.1634626900 0.0655084100
0.1627972700 1.2297343800 -0.1103643400
0.1187080200 1.2300033500 -0.3106146600
-0.0437869400 1.2600929300 -0.3656134100
-0.1778889100 1.2060504400 -0.4556708900
-0.1818851500 1.2512195900 -0.3878360800
-0.1690746000 1.2599012800 -0.3828692300
-0.0888165700 1.2706183000 -0.3565664100
-0.0693351600 1.2702457300 -0.3671193900
0.0537255000 1.2056800200 -0.0001694700
-0.1025292300 1.2738404000 -0.1806686400
-0.1164609900 1.2897746600 -0.1596536700
-0.0901785900 1.2634293600 -0.1010927600
-0.0863490300 1.2607909400 -0.0776163300
-0.0473231700 1.2141887100 0.0057652000
-0.0265580200 1.1725221000 0.0754070900
0.0324726000 1.1786748200 0.0271685900
0.0264587900 1.1837429700 0.0272743200
0.1753010700 1.2195915700 -0.1924447200
0.1617643300 1.2172750600 -0.2724367000
0.1516566100 1.2399770100 -0.2835829800
0.0928913500 1.2319197100 -0.3523217700
0.0571121600 1.2483278200 -0.3546645200
0.0378613100 1.2516485100 -0.3774458600
-0.1348632300 1.2019276800 -0.4588153400
-0.1997361000 1.2393307100 -0.4161522800
-0.1862745300 1.2539548500 -0.3995386100
-0.1494671900 1.2828711700 -0.3682069300
-0.1072625400 1.2800183400 -0.3612406800
0.0393427900 1.2025363200 -0.0107757000
-0.0993849900 1.2765467000 -0.3299286200
-0.1036257200 1.2781883700 -0.3224803000
0.0292661500 1.1904221300 0.0329974000
-0.0022486600 1.2486764700 -0.0602812600
0.1657296700 1.2248015500 -0.1410830600
0.1743928800 1.2317505000 -0.1709819300
0.1623248800 1.2335568200 -0.2463185500
-0.0611125200 1.2522345700 -0.3945849300
-0.1976632500 1.2334646500 -0.4255781200
-0.2002565500 1.2411336100 -0.4076093700
-0.1426563700 1.2918152200 -0.3655045600
-0.1163419700 1.2974395800 -0.3592141500
-0.1005787900 1.2783198800 -0.3625408000
-0.0789755000 1.2828551000 -0.3336720100
-0.1038329000 1.2667311300 -0.3057769800
-0.0941030000 1.2729324100 -0.1145383200
-0.0465873800 1.2367004800 -0.0177665500
0.0335947800 1.1799182100 0.0571308200
0.0313805400 1.1953913700 0.0441107000
-0.0311994000 1.2138680300 0.0030273600
0.0368945600 1.2482968200 -0.0593510800
0.0493369900 1.2418858900 -0.0626294700
0.1751498800 1.2320662500 -0.1805117200
0.1151211600 1.2438814500 -0.3481696300
0.0456837200 1.2133971000 -0.0135949400
-0.1648180600 1.2000429500 -0.4634661900
-0.1680210200 1.2051647500 -0.4611461300
-0.1926713500 1.2195213700 -0.4398731200
-0.1693675400 1.2721434800 -0.3909603100
-0.1601462500 1.2702520900 -0.3827583100
-0.0681291700 1.2764143300 -0.3489218500
-0.1406101400 1.3023761600 -0.2553976200
-0.0220679000 1.2334763900 -0.0390925300
-0.0292621700 1.2353687500 -0.0278906800
-0.0292679900 1.2311606200 -0.0270342100
-0.0557155300 1.2216001600 0.0078595300
0.0402857500 1.1701703100 0.0504631800
0.0248112400 1.2466944300 -0.0578355500
0.0520118300 1.2113392800 -0.0079345400
0.1333260400 1.2288820200 -0.0976375100
0.1520475100 1.2255545900 -0.0989967000
0.1599919900 1.2369672700 -0.2795581600
0.1207671500 1.2440163900 -0.3370922300
0.0055716700 1.2624563300 -0.3675199600
-0.0183788300 1.2613313500 -0.3631017100
-0.0322182900 1.2688679700 -0.3690036900
-0.0708453000 1.2467724200 -0.4070349200
-0.0801850600 1.2403268700 -0.4059079400
-0.1217868600 1.2808897300 -0.3557429600
-0.1167754500 1.2726630300 -0.1324285500
-0.1002788300 1.2651393000 -0.1176609200
-0.0910872900 1.2644054400 -0.1074675100
-0.0615930100 1.2139677900 0.0175315400
-0.0151621600 1.2535959600 -0.0652424900
0.0158614100 1.2495332100 -0.0551148500
0.1671838900 1.2385128700 -0.1189179500
0.1651992400 1.2375240600 -0.2750416800
0.1171866600 1.2371606200 -0.3148746100
0.0448454200 1.2506711200 -0.3736845600
-0.0492650100 1.2514559100 -0.3966281500
-0.1020177600 1.2310915900 -0.4302681400
-0.1594930100 1.2791436600 -0.3769297000
-0.1294338900 1.2803474100 -0.3580318500
-0.0522848000 1.2277619900 -0.0105466300
-0.0350107100 1.1930497300 0.0698531400
0.0079018800 1.1855748000 0.0725828900
0.0578151000 1.2123377700 0.0089043000
0.1645179200 1.2266916000 -0.1243456500
0.1619847700 1.2358165400 -0.2561416500
-0.1234089200 1.2229302100 -0.4364321000
-0.1559895800 1.2682137700 -0.3651093500
-0.1169845500 1.2865963500 -0.2903778000
-0.1159117500 1.2878324300 -0.2301623200
-0.1038163600 1.2813758100 -0.1769352600
-0.0904150400 1.2816582800 -0.1045899300
-0.0958297500 1.2874738400 -0.1988389600
-0.0772925000 1.2732456800 -0.0765527700
-0.0637100500 1.2310808500 0.0119818400
0.0293052200 1.2000603800 0.0378836900
0.0544302100 1.2309936000 -0.0126324500
0.0320633900 1.2287604700 -0.0190395700
0.0326255700 1.2353212500 -0.0301119500
0.0333634100 1.2508232400 -0.0566200700
0.0920812900 1.2495589200 -0.0727171400
0.1427620000 1.2417593300 -0.2904739700
0.1383551400 1.2496082300 -0.2980182000
0.1191027600 1.2458735300 -0.3200341500
0.0747916900 1.2500178700 -0.3451989300
0.0496506200 1.2494624600 -0.3678674700
-0.0480073000 1.2480266500 -0.3900247800
-0.0383035300 1.2638255700 -0.4034168500
-0.1205836900 1.2275364200 -0.4422665200
-0.1003688700 1.2928040900 -0.3297547600
-0.1102129000 1.2880099700 -0.2942474800
-0.1309293500 1.2964960400 -0.2876473900
-0.1469776000 1.2878264900 -0.2696364800
-0.1119213900 1.2869950600 -0.2260151100
-0.1061909700 1.2884835100 -0.1272125500
-0.0701181000 1.2633350800 -0.0603280800
-0.0439982700 1.2006392200 0.0642262700
-0.0026381400 1.1808321200 0.0748656400
0.0282663600 1.2012988100 0.0521374500
-0.0328135100 1.2651017300 -0.0738529000
0.0535884100 1.2240830300 -0.0108510400
0.0432788300 1.2377993900 -0.0389761900
0.0487360300 1.2430599100 -0.0433113200
0.0380037400 1.2466810300 -0.0502085000
0.1287806100 1.2376848100 -0.0958262400
0.1685768400 1.2413993400 -0.1345746800
0.0647696500 1.2494287800 -0.3479353700
-0.0261272900 1.2748040000 -0.3729224500
-0.1769707200 1.2391843700 -0.4454691600
-0.1819616100 1.2375865400 -0.4401196900
-0.1306065500 1.2927000000 -0.3598786500
-0.0909118700 1.2820370200 -0.3549235700
-0.0758446600 1.2926940700 -0.3492950300
-0.0743240900 1.2856671600 -0.3360365200
-0.0823961700 1.3002305900 -0.3307724800
-0.0940540300 1.2882901800 -0.1903003100
-0.1114039200 1.2891823000 -0.1320991900
-0.0325752000 1.2482813300 -0.0383361900
-0.0367235900 1.2488273600 -0.0272802000
0.0241060100 1.1978012900 0.0282565400
0.0592003700 1.2250524600 -0.0039304100
0.0338247000 1.2342804500 -0.0187276000
0.0554358300 1.2505296700 -0.0641074500
0.1166941100 1.2429391600 -0.0861218500
0.1587329000 1.2261311500 -0.1034491600
-0.1480761500 1.2420540900 -0.4596053500
-0.1060657700 1.2948012400 -0.3616313100
-0.0757164900 1.2822931100 -0.3639129200
-0.0922760500 1.2806134600 -0.0909107100
-0.0415018100 1.2439354500 -0.0205388400
-0.0631328600 1.2078641300 0.0414843700
0.0250030000 1.1880358400 0.0635861000
0.1086135400 1.2379720500 -0.3514476400
0.0778498000 1.2718152400 -0.3499015500
0.0076373500 1.2680648900 -0.3701282400
-0.0232783300 1.2701141300 -0.3681184200
-0.0286034500 1.2720318200 -0.3809585300
-0.0707885100 1.2490192400 -0.4199709600
-0.1443521000 1.2096707400 -0.4642190100
-0.1822213900 1.2492313800 -0.4301210600
-0.1833021000 1.2588081600 -0.4119347300
-0.1655549800 1.2773240900 -0.3892055500
-0.0976208200 1.2851678300 -0.3523524900
-0.0252006100 1.2663875600 -0.0653884300
-0.0073337900 1.2601051300 -0.0605819600
-0.0083190800 1.2655315000 -0.0586818500
0.0080978800 1.2518139600 -0.0589403600
-0.0696075500 1.2830809600 -0.3568857700
-0.1058806700 1.2936654400 -0.3206940000
-0.0577709200 1.2023807300 0.0529976300
0.1463664800 1.2502063800 -0.1027300500
0.1765518200 1.2486501700 -0.2094759200
0.1649820300 1.2657320000 -0.2470480100
0.0468842100 1.2624969300 -0.3768048200
-0.0381017700 1.2597132300 -0.3981997600
-0.1224525400 1.2312877700 -0.4490984300
-0.1350933300 1.2233865100 -0.4588218200
-0.1009927300 1.2983145800 -0.3516718600
-0.1324641200 1.3076322600 -0.2850031700
-0.1163071800 1.2902316200 -0.1481195300
-0.0720204400 1.2833866400 -0.0654789600
-0.0322584400 1.2674248300 -0.0490769300
-0.0311520100 1.2538223000 -0.0430335300
-0.0527235700 1.2451644200 -0.0126644900
-0.0657847300 1.2127386400 0.0306058300
0.0210293500 1.2045282600 0.0621333200
0.0255973000 1.2049774700 0.0248334200
0.0535416000 1.2418766800 -0.0160044200
0.0426114400 1.2401846800 -0.0209330900
0.0471911100 1.2464021900 -0.0306140800
0.0567051200 1.2504330600 -0.0460101600
0.1383497400 1.2525005900 -0.0983920300
0.1564156800 1.2380650700 -0.1028336500
0.0678388600 1.2718632400 -0.3581916000
0.0285865500 1.2553625300 -0.3763183800
-0.0520880800 1.2606839700 -0.4009969800
-0.0548291200 1.2638813900 -0.4059561700
-0.0856423900 1.2428058600 -0.4276976800
-0.1775474300 1.2679914000 -0.4049534500
-0.1631154300 1.2823301000 -0.3842258300
-0.1552472300 1.2896816000 -0.3795101900
-0.1173069000 1.2882122800 -0.1539371700
-0.0579906600 1.2337181800 -0.0029818200
-0.0674320500 1.2429248900 0.0106408600
-0.0667303600 1.2264170400 0.0325429100
0.0134884000 1.1967028700 0.0689741500
0.0386764800 1.2192882300 0.0202925800
0.0519251500 1.2428257800 -0.0389964500
0.0468400700 1.2566904400 -0.0578505100
0.0520965700 1.2584165200 -0.0637177700
0.1124732100 1.2536350200 -0.0816435700
0.1753034200 1.2443921500 -0.1609815200
0.1640032200 1.2528348600 -0.2534136700
0.1669549200 1.2432676500 -0.2666880600
0.0887800000 1.2624174100 -0.3486503300
0.0375020500 1.2662640300 -0.3816650300
-0.0002879700 1.2771236800 -0.3702697400
-0.1712201400 1.2758203800 -0.4004668100
-0.1395528600 1.3063235400 -0.2803545500
-0.1420700700 1.3096837600 -0.2639416400
-0.0769818300 1.2839202900 -0.0783758100
-0.0370690600 1.2733508600 -0.0726176200
-0.0352476000 1.2618771300 -0.0418216100
-0.0196687700 1.1995375800 0.0719679900
0.0297336300 1.2091898800 0.0338231400
0.0338911900 1.2173407400 0.0218244600
0.0525861500 1.2200094800 0.0252328600
0.1320531400 1.2609191700 -0.0910842400
0.1515942000 1.2578503200 -0.2842527200
-0.1813796600 1.2565807200 -0.4232606200
-0.1053340300 1.3062919400 -0.3626129000
-0.0957013200 1.2978636000 -0.3522574700
0.0641564500 1.2298089800 0.0046939900
0.1691642700 1.2538658500 -0.1151127400
0.1723401200 1.2470337300 -0.1464581200
0.1212774900 1.2464259000 -0.3420041300
-0.0735875200 1.2513381200 -0.4324831600
-0.1053930000 1.2362805700 -0.4430109900
-0.1077650700 1.2466646300 -0.4551704700
-0.1303699300 1.3027597800 -0.3629239900
-0.1056471800 1.2964407100 -0.3018926800
-0.1414514700 1.3147641800 -0.2718549400
-0.1161094000 1.2856429600 -0.1382871100
-0.0899485500 1.2900745500 -0.0856410100
-0.0375451400 1.2718945500 -0.0475871400
-0.0420556400 1.2610314600 -0.0332867000
-0.0624878100 1.2257106300 0.0435510500
-0.0539226200 1.2172951500 0.0561098800
0.0688259600 1.2387210000 -0.0066689400
0.0707857500 1.2583558100 -0.0366894300
0.1789213100 1.2530535500 -0.1820752800
0.1804070300 1.2577610600 -0.1947232500
0.0534666900 1.2652148500 -0.3715186100
-0.0114027600 1.2827305200 -0.3737158600
-0.1395054200 1.2339677900 -0.4607617300
-0.1488140400 1.2971246300 -0.3739750300
-0.0762246200 1.2982048800 -0.3366215300
-0.1044310700 1.2928147700 -0.3258930000
-0.1125605200 1.3043977000 -0.2895866900
-0.1132582100 1.3200169400 -0.2862414600
-0.1269387400 1.3245005700 -0.2430090600
-0.1068877500 1.2901668900 -0.2205839300
-0.1129848600 1.2773878000 -0.1709735200
-0.0673581900 1.2761546100 -0.0598291100
-0.0144012000 1.2695311200 -0.0606032500
0.0302731800 1.2109067900 0.0432458200
0.0636776000 1.2311236700 0.0131441700
0.0703489500 1.2580823400 -0.0467207600
0.0601935100 1.2634606600 -0.0593609700
0.0984753400 1.2565821200 -0.0721379200
0.1801393400 1.2664634900 -0.2029196100
0.1642632000 1.2566641000 -0.2762381500
0.1022627000 1.2569134400 -0.3531749400
-0.0575862300 1.2639338700 -0.4182159200
-0.1605324500 1.2366422500 -0.4560083700
-0.1679913800 1.2865586500 -0.4049352900
-0.1646083700 1.2857961600 -0.3917963200
-0.1383651100 1.3067490600 -0.3682637800
-0.1065383200 1.3048741900 -0.3207481400
-0.1184787800 1.3049482500 -0.2876589500
-0.1370659200 1.3256680300 -0.2563959800
-0.0953130200 1.3040968700 -0.2062345400
-0.0875145300 1.3019881900 -0.1091629600
-0.0459936600 1.2590144100 -0.0216098200
-0.0585102700 1.2597945700 -0.0122015500
-0.0672696600 1.2377396700 0.0221392900
-0.0013432700 1.2014321200 0.0719538600
0.0814965100 1.2562540400 -0.0663056700
0.1697241500 1.2614434100 -0.2698779800
0.1301306100 1.2590021900 -0.3103034200
0.1320066300 1.2631489700 -0.3347129300
-0.1254308900 1.2365523900 -0.4550048600
-0.1669351400 1.2507438100 -0.4478451800
-0.1036044800 1.3216169400 -0.3489835400
-0.0874151700 1.3010836800 -0.3566456900
-0.0764498400 1.2946826400 -0.3430291100
-0.0785167400 1.3067991100 -0.3379651400
-0.1325461000 1.3229778000 -0.2811224300
-0.1359305700 1.3028003500 -0.2488659200
-0.1092347900 1.3081144000 -0.1654850800
-0.0969330300 1.3186892700 -0.1280152600
-0.0887393500 1.2983690900 -0.1148492800
-0.0519237300 1.2712688800 -0.0218742000
-0.0296168500 1.2061880400 0.0691072900
0.0284021700 1.2157033600 0.0502176600
0.0560910500 1.2194469400 0.0205663000
0.0667547600 1.2708645600 -0.0659465400
0.1492941200 1.2674325400 -0.1031745200
0.1631447800 1.2556609700 -0.1083490800
0.1799807300 1.2606889100 -0.1672010200
0.0878348500 1.2712599500 -0.3481416400
-0.0385609700 1.2825694500 -0.0734750200
-0.0908823300 1.2468047400 -0.4429569300
-0.1316759900 1.2444948500 -0.4603486700
-0.1550322900 1.2968941700 -0.3912720200
-0.1060149400 1.3104264500 -0.1334385900
0.0361524400 1.2240664200 0.0401622500
0.0476228300 1.2262980600 0.0349016000
0.0652303900 1.2609117200 -0.0661182200
0.1121576000 1.2641969400 -0.3520626500
0.0432628000 1.2769964600 -0.3832016500
0.0328764400 1.2780390200 -0.3841821100
-0.0207667900 1.2774769400 -0.4070185500
-0.0468196900 1.2729407500 -0.4126029800
-0.1569545700 1.2640583600 -0.4499419000
-0.1727249700 1.2589940200 -0.4362150500
-0.1696855800 1.2773222000 -0.4249830500
-0.1722815400 1.2777067800 -0.4148967900
-0.1407402900 1.3138073900 -0.3740690900
-0.0854393200 1.3068516000 -0.3543919500
-0.1012285000 1.3056033100 -0.3284466200
-0.0898595100 1.3047201800 -0.1930293200
-0.0786926100 1.3066773900 -0.0843384400
-0.0704181200 1.2508842800 0.0226275800
0.0513789500 1.2489874200 -0.0236073000
0.0681937700 1.2536675100 -0.0425885100
0.0742184800 1.2747293100 -0.0630660100
0.1705157900 1.2535795600 -0.2268195800
0.1678390600 1.2854237500 -0.2396693800
0.0124158000 1.2821362100 -0.3755712600
-0.0601475100 1.2710144500 -0.4422957900
-0.1203437900 1.2489987300 -0.4613861000
-0.1387994400 1.2506965200 -0.4602325000
-0.1611788100 1.2719139300 -0.4424014800
-0.1441626700 1.3144180200 -0.3810476800
-0.1239451000 1.2960645200 -0.3582001500
-0.1221403700 1.3238955900 -0.3638009400
-0.0863556300 1.3134817600 -0.3298839400
-0.1059835900 1.3267302600 -0.3254835000
-0.0934091800 1.2918954300 -0.1190581100
-0.0384248500 1.2748165300 -0.0395819300
-0.0649844200 1.2549501000 0.0028082500
0.0692850000 1.2442108300 0.0146933100
0.0760935000 1.2506681000 -0.0053606500
0.0790857600 1.2747599700 -0.0692258900
0.1048629600 1.2686305700 -0.0725535200
0.1201450300 1.2702714800 -0.0833650800
0.0022545000 1.2953612500 -0.3802248400
-0.0188115200 1.2778384500 -0.3986601300
-0.0399134700 1.2820670500 -0.4143480800
-0.0753682800 1.2564863800 -0.4420082700
-0.1488795200 1.3095114800 -0.3852375600
-0.1047621800 1.3137286200 -0.3523632100
-0.0818993100 1.3062021400 -0.3496475500
-0.1077339600 1.3013574300 -0.2954048400
-0.0920551200 1.3046200300 -0.0936808600
-0.0431178900 1.2921818700 -0.0774242900
-0.0338007400 1.2783118500 -0.0684905300
-0.0409297900 1.2743941800 -0.4082938200
-0.1479578400 1.2559198800 -0.4564342700
-0.1083943900 1.3270940800 -0.2886356900
0.0223207600 1.2192550200 0.0585760900
0.0589783700 1.2392553400 0.0282715300
0.0584562500 1.2583706500 -0.0303701900
0.1817729700 1.2712202400 -0.1948947400
-0.1652407700 1.2765525100 -0.4344743200
-0.0873810300 1.3125145300 -0.3541221000
-0.0973978400 1.3157007800 -0.2137091000
-0.0871309900 1.3269904000 -0.2019153400
-0.0933220000 1.3029260500 -0.1807377000
-0.1095998500 1.3132258400 -0.1625757200
-0.0714899200 1.2944740300 -0.0660967900
-0.0255486300 1.2873546300 -0.0622689500
-0.0392512500 1.2833888000 -0.0467112500
-0.0681567800 1.2638766700 0.0091458400
-0.0637115300 1.2421839100 0.0371002200
-0.0471606900 1.2448403300 0.0541449700
-0.0414341800 1.2153237500 0.0639355400
-0.0243157700 1.2197372200 0.0672537400
0.0107825600 1.2208839600 0.0647538800
0.0398358000 1.2362541700 0.0492795900
0.0900763700 1.2758857800 -0.0521755500
0.1703942600 1.2625204300 -0.2630780600
0.1466943000 1.2706652900 -0.2984662200
0.1343451000 1.2702835800 -0.3166905400
0.1093064700 1.2735816500 -0.3540125600
0.0510159100 1.2762243400 -0.3782150300
-0.0989227800 1.2558547500 -0.4548972700
-0.1153908600 1.2706128100 -0.4655119000
-0.1595304300 1.2995520100 -0.4136208700
-0.1074856700 1.3214932800 -0.3633401100
-0.1005574300 1.3265191400 -0.3487252000
-0.0854022000 1.3192028200 -0.3448200500
-0.1024791600 1.3280122100 -0.3269803900
-0.1062533500 1.3328740100 -0.3139918100
-0.0756681100 1.2990081600 -0.0805031400
-0.0563418800 1.2716715200 -0.0161968200
-0.0626252700 1.2710352800 -0.0100118300
0.0029849500 1.2226934200 0.0666302400
0.0314733500 1.2294315500 0.0497498800
0.1722463400 1.2590524800 -0.1234356100
0.1316152800 1.2687796400 -0.3403612300
0.0959744700 1.2825345700 -0.3512783600
0.0562879800 1.2824311200 -0.3749069100
-0.0627312300 1.2724211800 -0.4470979500
-0.1448568500 1.2665083300 -0.4588720400
-0.1665852400 1.2879848100 -0.4203434100
-0.1330977000 1.3242292500 -0.3703484000
-0.1269340900 1.3223673000 -0.3659404900
-0.0903319200 1.3215345100 -0.3509056000
-0.1062462600 1.3187477100 -0.3113842200
-0.0438539200 1.2948972400 -0.0492354000
-0.0394063000 1.2872818000 -0.0385758700
-0.0683961600 1.2500241700 0.0315595100
-0.0085977400 1.2299598400 0.0666219900
0.0766189000 1.2495760800 0.0029251600
0.1822537900 1.2723312400 -0.1745048100
0.1685821800 1.2802514300 -0.2519685000
0.1592258800 1.2692790700 -0.2807155900
0.1186876200 1.2741162700 -0.3504187500
-0.0928848100 1.2634180700 -0.4573605700
-0.1083273800 1.2622881600 -0.4620373300
-0.1280394500 1.2551146000 -0.4635053600
-0.1353907500 1.2624686400 -0.4633886300
-0.1367288700 1.3295982200 -0.2741183200
-0.0468839900 1.2730942400 -0.0299690200
0.0941452600 1.2711064400 -0.0698279300
0.1687770600 1.2810376700 -0.2349783800
0.1653066100 1.2861513900 -0.2771811500
0.0137948000 1.2932154100 -0.3815401200
-0.0076395800 1.2936896200 -0.3791098100
-0.1583451700 1.2827826200 -0.4444817000
-0.1418621700 1.3252490100 -0.3849284900
-0.1042536900 1.3335328800 -0.3583982500
-0.1061225600 1.3293484800 -0.3526570000
-0.1040261300 1.3355990800 -0.3473300900
-0.0913300900 1.3286797100 -0.3492889800
-0.0830653200 1.3277303300 -0.3353145600
-0.0893713200 1.3095035100 -0.1847415300
-0.0414278300 1.3082511400 -0.0667875400
0.1630747600 1.2693049200 -0.1092638900
0.1815297200 1.2751285900 -0.1575198700
0.1713768300 1.2770369900 -0.2702837600
0.1523680600 1.2719361500 -0.2907836200
0.0728062100 1.2847549400 -0.3599067500
-0.0027896400 1.3024917200 -0.3843286700
-0.0236345100 1.2806965300 -0.4113176000
-0.0331137000 1.2956518000 -0.4229862500
-0.1535572700 1.3110412000 -0.4097593400
-0.1441305700 1.3288198000 -0.3967230000
-0.1058095400 1.3239495100 -0.2951343100
-0.0862135200 1.3209473000 -0.1881652900
-0.1042003500 1.3128197000 -0.1696076000
-0.0679153300 1.2765256900 0.0132778400
-0.0550494000 1.2444485400 0.0482255300
-0.0354477600 1.2451811300 0.0592965700
0.0702106000 1.2660757400 -0.0168809100
0.0927136100 1.2869213300 -0.0711077900
0.1406487500 1.2724652100 -0.0944394100
0.0504995900 1.2967444600 -0.3856107700
0.0242115500 1.2957303600 -0.3861532900
-0.0107179900 1.2885276500 -0.4015416100
-0.1617358700 1.2871338700 -0.4365307800
-0.1054734700 1.3281304400 -0.3644183000
-0.0859558600 1.3250956300 -0.3299587800
-0.1073521200 1.3300816400 -0.3231578900
-0.1272356300 1.3635840800 -0.2747922800
-0.0917049700 1.3188281300 -0.0920604400
-0.0753472700 1.3129861600 -0.0831947700
-0.0732503800 1.3106632500 -0.0700352900
-0.0531412500 1.2839412900 -0.0237983300
-0.0631983300 1.2682949800 0.0312977200
0.0846076500 1.2654568000 0.0050369100
0.0811913400 1.2672522100 -0.0062033200
0.0785303900 1.2800172300 -0.0680266800
0.1115333300 1.2810187200 -0.0722657500
0.0652594600 1.2821422700 -0.3649100600
-0.0113313600 1.2930597200 -0.4141055900
-0.1385254800 1.2750141600 -0.4600004600
-0.1546863500 1.2780076100 -0.4501575300
-0.1568966300 1.3006245500 -0.4252895500
-0.0987875500 1.3398898100 -0.3472446200
-0.0911765400 1.3375209500 -0.3445889300
-0.1049370500 1.3252376100 -0.3018902400
-0.0950454800 1.3287574400 -0.2143842000
-0.0654477600 1.2809013200 -0.0060591400
-0.0624013400 1.2534890600 0.0419314700
0.0210631800 1.2339693400 0.0592632500
0.0548853300 1.2443451400 0.0345746500
0.0866309300 1.2744971500 -0.0354730900
0.0841029100 1.2677422400 -0.0454430500
0.1590558900 1.2775889000 -0.1061868700
0.1702747800 1.2702301200 -0.1133903500
0.1753470800 1.2714112700 -0.1404253300
0.1836778300 1.2870635000 -0.1860557400
0.1415772500 1.2790931100 -0.3091521700
0.1015068600 1.2879195500 -0.3540928000
0.0370599500 1.2888869200 -0.3873065600
-0.0782440000 1.2613353500 -0.4490287700
-0.1059869400 1.2731557900 -0.4657458600
-0.1511172500 1.2897606200 -0.4471821500
-0.1537285900 1.3001489300 -0.4344354000
-0.0810064200 1.3169683800 -0.3322905500
-0.1041911800 1.3374845500 -0.3261170400
-0.1182282200 1.3350041900 -0.2840464300
-0.1364187000 1.3349561400 -0.2661368800
-0.1089050800 1.3196776400 -0.2285138400
-0.0940516900 1.3145838400 -0.1765029300
-0.0420127400 1.3002865500 -0.0720380300
-0.0186563300 1.2409343100 0.0633658200
0.0709368800 1.2561363100 0.0156480300
0.1282345000 1.2711589000 -0.0881944900
0.1741778200 1.2701539100 -0.1342025600
0.0899559200 1.2877390100 -0.3526541700
-0.0527769300 1.2768408500 -0.4345126700
-0.0807185700 1.2723983800 -0.4560146100
-0.1496133800 1.3173085800 -0.4042259900
-0.1164026600 1.3219487800 -0.3626882300
-0.1059829200 1.3487428500 -0.3468106900
-0.1067242400 1.3407533200 -0.2876000700
-0.1139190700 1.3322429900 -0.2346164900
-0.0857072800 1.3246892300 -0.1124238400
-0.0310531200 1.2971722000 -0.0585259800
0.0015462800 1.2409645100 0.0641566400
0.1335521500 1.2817818100 -0.0868329500
0.1753939700 1.2775974900 -0.2180505300
0.1552641100 1.2904421100 -0.2995162200
0.0721226200 1.3008380500 -0.3672288200
-0.1279326400 1.3433320600 -0.3724411300
-0.0871033400 1.3508721300 -0.3306321000
-0.1281557700 1.3405443200 -0.2807222000
-0.1302627500 1.3343482100 -0.2477771200
-0.0857577700 1.3293486700 -0.1823900800
-0.1057235600 1.3241827200 -0.1402990500
-0.1016975600 1.3422431200 -0.1410469100
-0.0505490600 1.3068830000 -0.0271862600
-0.0124785500 1.2498088200 0.0647270600
0.0598299500 1.2557328200 0.0347514800
0.0947798900 1.2805054500 -0.0410085200
0.0882110000 1.2857918300 -0.0665894400
0.1547321200 1.2916450600 -0.0961147200
0.1588030300 1.2849913800 -0.1035094700
0.1851043200 1.2906267400 -0.1656382600
0.1421729100 1.2926685200 -0.3353179900
0.1305073200 1.2897519100 -0.3449932800
-0.0324417800 1.2863899900 -0.4121861700
-0.0543579900 1.2850640600 -0.4505294200
-0.0728702200 1.2857841200 -0.4605679800
-0.0966182000 1.2815755100 -0.4643917200
-0.1240374000 1.2769744200 -0.4643224700
-0.0610324500 1.2876217800 -0.4564485600
-0.1329732400 1.2828192200 -0.4598831800
-0.1496130200 1.3101856800 -0.4309715800
-0.1452607200 1.3234221800 -0.4172449400
-0.0847464300 1.3403142100 -0.3344615600
-0.1234047100 1.3401976000 -0.2824379400
-0.1306687400 1.3485622500 -0.2556473400
-0.0379438100 1.2531309600 0.0587477100
0.0732796500 1.2778069300 -0.0235302100
0.0729239700 1.2785070200 -0.0285715400
0.0942548800 1.2891289500 -0.0307385400
0.1690279000 1.2862132100 -0.2493002900
0.1736636100 1.2869115900 -0.2615330000
0.1723481700 1.2985447400 -0.2698187800
0.1703648500 1.3092368600 -0.2776481600
0.1449748800 1.2885321400 -0.3252720800
0.0936089700 1.2956687700 -0.3559578000
0.0282527400 1.3020764900 -0.3879689900
-0.0911713500 1.3304375600 -0.0978108500
-0.0462552500 1.3152064000 -0.0767224500
-0.0662160900 1.2885449800 -0.0054680000
-0.0524600300 1.2547840800 0.0516600600
0.0799822300 1.2721376300 -0.0314477800
0.1812707800 1.2857694900 -0.2026644500
-0.0027888700 1.3079981100 -0.4189996500
-0.0115870000 1.3017605600 -0.4186665400
-0.1516642100 1.3138437600 -0.4176242200
-0.1389458900 1.3349460700 -0.3905747200
-0.1080367500 1.3527197400 -0.3637730100
-0.1029441300 1.3473542500 -0.3599115200
-0.1072087900 1.3451361300 -0.3201295900
-0.1309627700 1.3412560000 -0.2782314300
-0.0880553800 1.3219186900 -0.1202937400
-0.0502484200 1.3199116800 -0.0783949400
-0.0299499500 1.3003126400 -0.0627643500
-0.0411224500 1.3024342900 -0.0520751600
-0.0584830600 1.2956187700 -0.0176354200
0.0316478800 1.2592030100 0.0546635000
0.0429989800 1.2532861000 0.0459753900
0.1841677900 1.2940718300 -0.1545039600
0.1603208600 1.2932032800 -0.2923177800
0.1132124200 1.2983471700 -0.3538795300
0.0356337800 1.3278211200 -0.3911720300
0.0061995200 1.3117708300 -0.3846798600
-0.1118961700 1.2805181800 -0.4679068200
-0.1221859400 1.3490056300 -0.3684603700
-0.1042428900 1.3373018300 -0.3638289600
-0.0976955800 1.3400418900 -0.1322874500
-0.0744663300 1.3252122100 -0.0864978800
-0.0740658200 1.3234870700 -0.0757465600
-0.0460822800 1.3186055600 -0.0691809800
-0.0668272500 1.2674173400 0.0238760300
0.0115484300 1.2497975100 0.0642546900
0.0244097200 1.2439763400 0.0603901200
0.0593115400 1.2707271100 0.0385103000
0.0769656700 1.2865355700 -0.0283504600
0.1712038800 1.2866752900 -0.1119368400
0.1782822700 1.2801406800 -0.1218958800
0.1716884700 1.3083307300 -0.2478631400
0.1220864200 1.2917040100 -0.3536459700
0.1003306500 1.2999552000 -0.3542030100
-0.1073105200 1.3517269000 -0.3500610000
-0.1210842900 1.3556059400 -0.2418720300
-0.0995541200 1.3348708000 -0.1686303900
-0.0412038900 1.3182687300 -0.0611053000
-0.0436294300 1.3062432000 -0.0443782000
-0.0547439200 1.2696385500 0.0417366200
-0.0209387200 1.2611626200 0.0605433100
0.0823188400 1.2917441500 -0.0241454000
0.1039592800 1.2900350300 -0.0528285000
0.1792166000 1.2964267500 -0.1180657300
-0.0260043600 1.3049131500 -0.4238604200
-0.0853455400 1.2837180900 -0.4620830600
-0.1455885200 1.2977009700 -0.4487935500
-0.0206532000 1.3047611400 -0.4195631000
-0.1217999500 1.2880709600 -0.4651164000
-0.1408666900 1.3040370300 -0.4543807000
-0.1024873100 1.3505004300 -0.1530250400
-0.0031149600 1.2512128300 0.0672140300
0.0996797400 1.2966341700 -0.0707577600
0.1232580600 1.2916629800 -0.0751083600
0.1518418700 1.3006028100 -0.3186414500
0.1489670200 1.2999040300 -0.3265408100
0.0835901800 1.3075021000 -0.3640576900
0.0115841200 1.3203231000 -0.3859135800
-0.1338588600 1.3142390400 -0.4556435100
-0.1373122400 1.3292998700 -0.3800725200
-0.0837604700 1.3416230800 -0.1899940400
-0.0887801700 1.3127302600 -0.0882981400
-0.0416037400 1.3058084100 -0.0354675400
-0.0598016800 1.3139398000 -0.0131136900
-0.0617232300 1.3045615900 0.0119485900
-0.0245196300 1.2709396500 0.0564860600
0.1804029300 1.2933336200 -0.1368420200
0.1835572600 1.3033824000 -0.1420634500
0.1542036900 1.2983109800 -0.3073669700
0.0651369200 1.3030800600 -0.3737067500
-0.0409131100 1.2983840800 -0.4394243600
-0.1448176800 1.3078132800 -0.4437690700
-0.1024754000 1.3542600400 -0.3261461300
-0.1014882400 1.3636707500 -0.3028104700
-0.1062093700 1.3317050200 -0.1598516100
-0.1055651300 1.3328173300 -0.1470943400
-0.0486761900 1.3290738700 -0.0755744900
0.1024540600 1.2973664700 -0.0653002200
0.1765082200 1.3057983400 -0.2163872000
0.1716095000 1.3012941600 -0.2314471000
-0.0095373400 1.3107671200 -0.4233026900
-0.1357939100 1.3459441900 -0.3968710400
-0.1043924800 1.3526908400 -0.3600999000
-0.1087451400 1.3591585600 -0.3455494800
-0.0883580100 1.3561969000 -0.3346635600
-0.1060784000 1.3587857000 -0.3170025200
-0.1036820000 1.3520978400 -0.2931111000
-0.1087059000 1.3464514400 -0.2325923600
-0.1059046400 1.3355355300 -0.1563378900
-0.0790056700 1.3299750800 -0.0906240700
0.0854203100 1.2920479300 -0.0283117600
0.1058134500 1.2975886400 -0.0734219700
0.1863942300 1.3023075200 -0.1739233500
0.1842967200 1.2961641100 -0.1862721100
0.1690394600 1.2948336400 -0.2438121300
0.1485520300 1.3095807900 -0.3314302000
-0.1026067600 1.2959181500 -0.4684031600
-0.1132864900 1.2974944600 -0.4670045300
-0.1354621100 1.3193263600 -0.4455450200
-0.1439633300 1.3214594000 -0.4269780100
-0.1158203800 1.3528342900 -0.3660435800
-0.0878154400 1.3351612500 -0.1769872600
-0.0734037700 1.3343485500 -0.0730563600
-0.0478688000 1.3137970800 -0.0471741100
-0.0405323300 1.3150104600 -0.0397568100
-0.0659164200 1.2985415000 0.0015856400
-0.0505001500 1.2792754800 0.0416377800
-0.0409228900 1.2718968000 0.0498949400
0.0065880900 1.2702276100 0.0615261300
0.0940444400 1.2923469300 0.0032121500
0.0871645800 1.3009753100 -0.0223939400
0.1032678900 1.2958509400 -0.0432242400
0.1589550800 1.3115182100 -0.3121141200
0.0459984200 1.3127676800 -0.3899364900
-0.0727459100 1.3023228600 -0.4622371800
-0.0808092500 1.2961905100 -0.4646003500
-0.0961563900 1.3593459200 -0.3395228900
-0.1035357200 1.3584897400 -0.3095953800
-0.1255244500 1.3704003600 -0.2596495100
-0.1011884100 1.3424268900 -0.1646599200
-0.0972112600 1.3686878900 -0.1574268600
-0.0726870200 1.3502700300 -0.0903701800
0.1401713300 1.2999069600 -0.0828079200
-0.1306553500 1.3513274000 -0.4141748800
-0.1321883000 1.3505873800 -0.3855784000
-0.0897970900 1.3664206000 -0.3345207200
-0.1059635500 1.3606109900 -0.3238909000
-0.1248478600 1.3631641000 -0.2771439300
-0.0889410200 1.3480670800 -0.1207498800
-0.0891816100 1.3485264600 -0.0994514400
-0.0403155600 1.3147957600 -0.0576905600
-0.0590427500 1.2912225500 0.0257962600
0.0197258500 1.2638740000 0.0587501600
0.0684288100 1.2742445600 0.0263627100
0.0884427200 1.2795258200 -0.0035764600
0.1839770000 1.3065637000 -0.1926737500
-0.0215594800 1.3111275100 -0.4261845100
-0.0347009900 1.3153900800 -0.4420393400
-0.1078636700 1.3770972400 -0.3478049000
-0.1068210000 1.3676965200 -0.3434562600
-0.0904832200 1.3467558000 -0.2137310400
-0.0817156000 1.3519047800 -0.1810290900
-0.0911638400 1.3621986900 -0.1678330900
-0.0927419600 1.3549420700 -0.1295622000
-0.0896411100 1.3356936800 -0.0942820000
-0.0419965900 1.3296126800 -0.0421462100
-0.0120910500 1.2812423600 0.0594985600
0.0320315200 1.2731517300 0.0543614800
0.0393565600 1.2666515900 0.0514205500
0.1112831200 1.3031982600 -0.0555532000
0.1146630000 1.3110869600 -0.0660556400
0.0594541800 1.3151866900 -0.3843973100
0.0162609800 1.3279484200 -0.3888661700
-0.0154391600 1.3191159000 -0.4249034100
-0.0519917400 1.3100667900 -0.4600154200
-0.1318561700 1.2997034700 -0.4568439900
-0.1387996100 1.3388884400 -0.4093551700
-0.1177912900 1.3730496900 -0.2786183400
-0.1223323800 1.3721825900 -0.2509209500
-0.1241720100 1.3549240700 -0.2447590900
-0.1110456400 1.3662577100 -0.2372025100
-0.0921796200 1.3866474900 -0.2245490500
-0.0862541500 1.3426998100 -0.1123904000
-0.0741228900 1.3437759300 -0.0787810500
-0.0528001000 1.3399686200 -0.0774294900
-0.0484791400 1.3324669500 -0.0507895400
0.0994838200 1.3020512700 -0.0288295300
0.1637094900 1.3010228000 -0.0999219300
0.1746188600 1.3071943900 -0.2628948900
0.1647646500 1.3085582200 -0.2958236800
0.1178581100 1.3119234100 -0.3552003400
0.0679225800 1.3217512400 -0.3774434500
0.0215061900 1.3329109400 -0.3899347500
-0.0033348300 1.3175059700 -0.4244144300
-0.0894303000 1.3055238600 -0.4666458200
-0.1308883300 1.3582361100 -0.3976025400
-0.1188566200 1.3654446800 -0.3704678200
-0.1034234800 1.3767943200 -0.3647058400
-0.1010007900 1.3821255500 -0.3272603800
-0.1062469200 1.3707453800 -0.3213775800
-0.1291983000 1.3617637800 -0.2661780000
-0.0464309400 1.3345534600 -0.0593030600
0.0418060600 1.2844478800 0.0484415400
0.0889084600 1.3036459200 -0.0272038500
0.1023688300 1.2991426700 -0.0311723800
0.1524853500 1.3198659900 -0.0815134100
0.1811695500 1.2977124500 -0.1240308700
0.1619141900 1.3208534900 -0.3107513000
-0.0006618900 1.3096087300 -0.4166138700
-0.1018804000 1.3094093200 -0.4677128700
-0.1105405700 1.3266143400 -0.4627574100
-0.1338591200 1.3411801700 -0.4219525200
-0.0902047900 1.3658359900 -0.3305296700
-0.1278744400 1.3658526800 -0.2714981500
-0.0991321200 1.3446321200 -0.2216501000
-0.0853652300 1.3549164800 -0.1744789500
-0.0832597000 1.3483520200 -0.0948295600
-0.0616643100 1.3143643800 -0.0020320100
-0.0264532000 1.2845900500 0.0521778400
-0.0025964200 1.2714351700 0.0637995700
0.0173715200 1.2824376500 0.0561442000
0.0507855800 1.2721337300 0.0440331300
0.0615030700 1.2809970200 0.0359426500
0.1575131800 1.3102959400 -0.0919123700
0.1661164100 1.3177391600 -0.0955380800
0.1885250100 1.3187102600 -0.1707819600
0.1714502900 1.3136766000 -0.2415676300
0.0744062000 1.3242445600 -0.3740605100
-0.1124056700 1.3691703200 -0.3668524700
-0.0806175000 1.3693415900 -0.1939942700
-0.0841765900 1.3607012300 -0.0971744400
-0.0520174800 1.3222668600 -0.0251258400
0.0790711800 1.2775144400 0.0159190800
0.1183106700 1.3123081700 -0.0724276900
0.1358702800 1.3083521200 -0.0767241200
0.0555623000 1.3214083800 -0.3889514500
-0.1271611600 1.3592921400 -0.3816523400
-0.1040745600 1.3761584400 -0.3587107900
-0.0938137400 1.3750378800 -0.1608112000
-0.0954800100 1.3622413800 -0.1390871200
-0.0515191300 1.3400983400 -0.0646925500
-0.0516178700 1.3051648100 0.0268614000
0.0004126300 1.2830807000 0.0654543700
-0.0201341900 1.3259719500 -0.4331467600
-0.1261641300 1.3678120300 -0.4051020200
-0.0977556800 1.3819540000 -0.3381342900
-0.1169181000 1.3996193400 -0.2635790000
-0.0860644400 1.3493424100 -0.2093958700
-0.0836928800 1.3622889300 -0.1116792000
-0.0756711500 1.3503603800 -0.0938381000
-0.0726279500 1.3563497300 -0.0817427000
-0.0721920500 1.3452665900 -0.0750751800
-0.0510764900 1.3450867100 -0.0466946700
-0.0075618600 1.2908939700 0.0576246200
0.0396226900 1.2920502300 0.0485227300
0.0663641600 1.2994308800 0.0311080400
0.0950264400 1.3126877200 -0.0156663200
0.1057520900 1.3037470500 -0.0358305900
0.1805470800 1.3169402100 -0.2054036000
0.1069780400 1.3174692500 -0.3614816500
0.0893121500 1.3225204300 -0.3680406800
-0.0567236600 1.3155275300 -0.4610006600
-0.0697867600 1.3198675800 -0.4609177300
-0.1291825200 1.3235652500 -0.4557826500
-0.1144473300 1.3917506600 -0.2481645100
-0.1041186500 1.3703265700 -0.2325479500
-0.0824654200 1.3558587900 -0.2048693800
-0.0840779600 1.3627546200 -0.1169927300
-0.0876683900 1.3571576600 -0.0992062600
-0.0526734500 1.3391474100 -0.0148411200
-0.0565791100 1.3286227100 -0.0076086100
-0.0568484500 1.3212420900 0.0083673400
0.1702673100 1.3034354900 -0.1066297700
0.1728299800 1.3225653600 -0.2769232500
-0.1238040200 1.3752597000 -0.3957963500
-0.1118283100 1.3850676300 -0.3702242600
-0.0929795200 1.3874619200 -0.3357825100
-0.0918104300 1.3806065300 -0.3315812400
-0.1009532200 1.3839621500 -0.3057532600
-0.1144491000 1.3787454500 -0.2420532300
-0.0793319800 1.3770868900 -0.2088381600
-0.0504539400 1.3497551500 -0.0547851300
-0.0438301800 1.3069490900 0.0328428800
0.0934363600 1.3126870300 -0.0254115600
0.1205328300 1.3222715700 -0.0540128500
0.1798409200 1.3157855800 -0.1163095000
0.1692321900 1.3203804800 -0.2920641800
0.1404386600 1.3137780000 -0.3408258900
0.0713164600 1.3452798300 -0.3810312300
0.0088508600 1.3359555400 -0.4266800300
-0.1221683000 1.3330217700 -0.4540121100
-0.1050132900 1.3636665200 -0.2868716900
-0.1092248000 1.3590898200 -0.2830999500
-0.0536013900 1.3117667400 0.0201698400
0.0903605300 1.2973843300 0.0102418300
0.1737002800 1.3237836800 -0.2534399100
0.1523751600 1.3197197600 -0.3281760500
0.1238885100 1.3292269200 -0.3588604700
0.0026658400 1.3323190500 -0.4299201800
-0.0993422000 1.3316490600 -0.4622688300
-0.1287329400 1.3407242100 -0.4331869800
-0.1271064400 1.3509391300 -0.4235004200
-0.0828496500 1.3813170800 -0.2151778100
-0.0513112900 1.3418385600 -0.0731805300
-0.0413956400 1.3409472000 -0.0389410700
0.0586077400 1.2988674900 0.0396491400
0.0879565200 1.3439819900 -0.3771754600
0.0475873500 1.3341222100 -0.3934842100
0.0444692300 1.3457308100 -0.3966798900
0.0157243900 1.3387683700 -0.4054164200
-0.0445137800 1.3156723100 -0.4572732800
-0.1137931300 1.3436564400 -0.4568287500
-0.1053463800 1.3859564600 -0.3674654200
-0.1080753900 1.3975656200 -0.2812537700
-0.0756633000 1.3648988000 -0.0963152800
-0.0515249800 1.3502194500 -0.0753296900
0.0020328300 1.2970244300 0.0621190500
0.1107121200 1.3141008800 -0.0473593300
0.1317592000 1.3179630200 -0.3527144200
-0.0306265600 1.3330922700 -0.4458686000
-0.1154991400 1.3578438200 -0.4369544600
-0.1140667600 1.3985697500 -0.2773113600
-0.0705820000 1.3675367900 -0.0921148900
-0.0160306900 1.2997065400 0.0491451400
0.0997326400 1.3150181400 -0.0024352700
0.0977144200 1.3233356800 -0.0210339000
0.1163468100 1.3236349600 -0.0297337400
0.1261516100 1.3262878500 -0.0609861600
0.1334018200 1.3273156300 -0.0694332600
0.1502604000 1.3275057600 -0.0772680900
0.1883670300 1.3189109800 -0.1528456100
0.1734805700 1.3299297100 -0.2393579400
0.1574129000 1.3364976900 -0.3220481800
0.1164433500 1.3444553400 -0.3672440000
0.0160290000 1.3468748000 -0.4155546300
-0.1259992100 1.3671619200 -0.3876256200
-0.0558449500 1.3529387600 -0.0782610800
-0.0529125000 1.3501315400 -0.0639071400
-0.0327410900 1.3320144700 0.0271195900
-0.0360635800 1.3057316600 0.0385113100
-0.0104630500 1.3136839700 0.0461833800
0.0513175300 1.3093978000 0.0423497400
0.0718963800 1.3059187600 0.0271653700
0.1013333900 1.3285982900 -0.0231386700
0.1868949200 1.3273908700 -0.1842148700
0.0189535100 1.3382998100 -0.3954967500
-0.1044701600 1.3922693900 -0.3211217100
-0.0491569500 1.3412957100 -0.0264767300
0.0961075500 1.3205042100 0.0120761600
0.1107816200 1.3175188100 -0.0273276500
0.1145198100 1.3267655500 -0.0432619400
0.1848787400 1.3347440800 -0.1252751400
0.1645315500 1.3353751900 -0.3073671700
-0.0742647600 1.3377541800 -0.4611738500
-0.1058109300 1.3414356600 -0.4599402500
-0.1083386900 1.4021702600 -0.3731098500
-0.1052200900 1.3843758500 -0.3552938100
-0.0789938200 1.3749264600 -0.2037613600
-0.0792760700 1.3916244400 -0.1179136600
-0.0543397100 1.3627358800 -0.0762377900
-0.0471826000 1.3345332200 0.0130404300
0.0107491700 1.2961259700 0.0596584900
0.0306563700 1.2987741800 0.0511282800
0.0836295000 1.3177146200 0.0197370400
0.0977295400 1.3124206800 0.0068770000
0.1598443000 1.3351535600 -0.0805848400
0.1719234000 1.3265427800 -0.0982663200
0.1885023400 1.3305015000 -0.1743489500
0.1427216700 1.3463747800 -0.3450936600
0.1345501700 1.3330264300 -0.3533901000
-0.0478598600 1.3375081700 -0.4618751100
-0.0858943600 1.3204444600 -0.4639134000
-0.1185500300 1.3862552800 -0.3945788400
-0.1137389300 1.3941719200 -0.3833872200
-0.1054743100 1.4044347300 -0.3535975300
-0.0922942900 1.3873682600 -0.3308944300
-0.1037446000 1.3922906600 -0.3251875900
-0.1025898800 1.3715578600 -0.2941620500
-0.1196072200 1.3944007100 -0.2676045500
-0.0970852800 1.3668742000 -0.1471178500
-0.0694248500 1.3603711400 -0.0781242900
-0.0504726800 1.3703937200 -0.0684480800
-0.0552238500 1.3701320100 -0.0559709000
0.0695980900 1.3166293400 0.0294410100
0.1199318600 1.3302809600 -0.0318412200
0.1185122300 1.3344706000 -0.0468512500
0.1753089200 1.3305384800 -0.2266851000
0.1741208200 1.3430514900 -0.2477897000
0.1741096000 1.3352349400 -0.2716369900
-0.0105245300 1.3336722700 -0.4300466900
-0.1184861700 1.3717128200 -0.4176027400
-0.1133511600 1.3902758500 -0.3749427700
-0.0958089900 1.4028815300 -0.3390542800
-0.1005482200 1.3958276800 -0.3135884000
-0.1028537900 1.3983214500 -0.2380095100
-0.0924423500 1.3763485500 -0.1422561400
-0.0781888900 1.3787476600 -0.0988176300
-0.0513620900 1.3418638600 -0.0080938800
0.0586194600 1.3116391800 0.0373941900
0.1876706600 1.3302238100 -0.1409437200
0.1891829300 1.3327778800 -0.1579261700
0.1784601100 1.3335152700 -0.2132705500
0.0290035700 1.3491234000 -0.3963879600
0.0053058400 1.3438124600 -0.4331698200
-0.0178276200 1.3439182800 -0.4400495900
-0.0246172800 1.3533691100 -0.4474566800
-0.0593754000 1.3491642200 -0.4596652600
-0.1085494400 1.3708265400 -0.4347818900
-0.1050114100 1.4007721500 -0.2842952100
-0.1168521500 1.4030131300 -0.2713153800
0.0731768000 1.3578690300 -0.3841257900
0.0322822200 1.3592138800 -0.4027120100
-0.1103661700 1.3531992900 -0.4545235400
-0.1181947500 1.3868417000 -0.4014784000
-0.1073132100 1.4093471600 -0.3791020000
-0.1188244900 1.3929675200 -0.2743286000
-0.0815074500 1.3639935800 -0.1763389600
-0.0888224500 1.3941793600 -0.1469253500
-0.0660534200 1.3744365900 -0.0794860200
-0.0532652500 1.3644276400 -0.0473111700
-0.0414995300 1.3369475900 0.0178281900
0.0043790100 1.3110150700 0.0578929000
0.1056640800 1.3344303400 -0.0058871500
0.1186610600 1.3328624900 -0.0257554900
0.1336150800 1.3349436300 -0.0618464500
0.0460368400 1.3582996000 -0.4013416500
-0.0760264900 1.3565771000 -0.4588321300
-0.0826287400 1.3745551100 -0.1022206000
-0.0501494100 1.3786825800 -0.0702736200
-0.0417974200 1.3524669900 -0.0422776600
-0.0042248200 1.3248146000 0.0451564000
0.0325413000 1.3140461700 0.0493147400
0.1251062900 1.3344988800 -0.0530576300
0.1510423200 1.3378542300 -0.0731733300
0.0680950500 1.3619944600 -0.3879514100
-0.0983232200 1.3764111800 -0.4501921500
-0.1039301700 1.3934600900 -0.3662496600
-0.0437624400 1.3620552300 -0.0270382000
-0.0497243500 1.3375766300 0.0023303100
-0.0018136000 1.3438758600 -0.4331618100
-0.0945514800 1.4036223900 -0.3329380600
-0.0776927500 1.3728217200 -0.1828351400
-0.0884274200 1.3743978200 -0.1297184800
-0.0538287300 1.3817622000 -0.0743593100
-0.0417700600 1.3537744600 -0.0373568000
-0.0171793700 1.3355741100 0.0339401200
0.0075714500 1.3266132600 0.0500650700
0.0199505100 1.3224163000 0.0508569200
0.1060097600 1.3336718600 -0.0237201600
0.1864426800 1.3510297200 -0.1362092300
0.1881168400 1.3461678700 -0.1611067200
0.1750988000 1.3520340200 -0.2345648600
0.0587986900 1.3451165200 -0.3931832600
0.0208173100 1.3615932800 -0.4192102000
-0.0577421700 1.3599389500 -0.4589215900
-0.0918277700 1.3496920500 -0.4604886200
-0.1049570700 1.3885445600 -0.4229905300
-0.1021936200 1.4086120700 -0.3247162500
-0.1024543200 1.4068612900 -0.3027805200
-0.0806502000 1.3849435300 -0.0992786400
0.1672278200 1.3513159000 -0.2962700500
0.1050075000 1.3431694100 -0.3728835900
0.0254062400 1.3563328200 -0.4047084100
0.0106986100 1.3499548400 -0.4312064900
-0.0847766900 1.3914917800 -0.1660895900
-0.0773173300 1.3939013200 -0.1125310800
-0.0691017900 1.3748249600 -0.0829668500
0.0393526200 1.3277674900 0.0447734900
0.1357568900 1.3433742300 -0.0589078600
0.1711740000 1.3396895800 -0.2866607200
-0.0304630700 1.3599102500 -0.4542898500
-0.0998115200 1.3704974800 -0.4546487500
-0.1096390200 1.3990620400 -0.4083161100
-0.1008548200 1.4058528800 -0.3667741300
-0.0981916000 1.4146473400 -0.3129461400
-0.0757352300 1.4123835200 -0.2184104600
-0.0795866800 1.3833869100 -0.1743619900
-0.0440653000 1.3570786200 -0.0071435500
-0.0449736600 1.3501421100 -0.0018744300
0.1808532300 1.3420892500 -0.1101064100
0.1740662700 1.3532642300 -0.2561532900
-0.1123410800 1.3995694000 -0.3976687200
-0.1058777600 1.4140380400 -0.3756343800
-0.0390283500 1.3659125900 -0.0403609400
0.0928680200 1.3302013500 0.0160226200
0.1257693400 1.3506979500 -0.0498834200
0.1821765000 1.3518110500 -0.1979468400
0.0094576000 1.3737255700 -0.4430032600
-0.0411877100 1.3361269000 -0.4593670800
-0.0401023700 1.3599492500 -0.4620123200
-0.0437701900 1.3643048200 -0.4624239700
-0.0995299500 1.3853245100 -0.4353257500
-0.0941887200 1.4018300600 -0.3365093500
-0.0388731600 1.3736190400 -0.0278055900
0.1494734900 1.3505255800 -0.0668498500
0.1567349300 1.3556313000 -0.0725110400
0.1756066000 1.3422465400 -0.0987397800
0.1775611600 1.3566664900 -0.2172954600
0.1382350500 1.3695650300 -0.3507170300
0.1294158200 1.3649644300 -0.3609453300
0.0883547400 1.3598916800 -0.3827201700
-0.0064314400 1.3549309200 -0.4375235700
-0.0923405000 1.4227051100 -0.3346156200
-0.0736895100 1.3934530900 -0.2012502000
-0.0726419400 1.4031812900 -0.1802359500
-0.0662560400 1.3929852100 -0.0946738000
-0.0681855200 1.3836368900 -0.0945899800
-0.0622971000 1.3878459600 -0.0804266800
-0.0260759300 1.3617041500 0.0125455200
0.1658433900 1.3457792900 -0.0833597900
0.0215865800 1.3731171700 -0.4289467200
-0.0814775300 1.3730376500 -0.4555215400
-0.0953078200 1.3978218800 -0.4277377600
-0.0982616500 1.4055490800 -0.4171359600
-0.1021343400 1.4176671400 -0.3614539500
-0.1028964200 1.4063596400 -0.3469163700
-0.1067127600 1.4010764900 -0.2430964700
-0.0906367500 1.4119068900 -0.2314612800
-0.0888011900 1.3970293800 -0.1538419500
-0.0806222700 1.4031447700 -0.1274191800
-0.0206567300 1.3561303700 0.0230277400
0.0534511600 1.3333003200 0.0412228700
0.1088880600 1.3452829900 -0.0121416300
0.1291275400 1.3628004300 -0.0494217300
0.1865651200 1.3446604800 -0.1795545300
0.1513033700 1.3544483100 -0.3312388400
0.0956783100 1.3722648300 -0.3858710000
-0.0887724400 1.3860425700 -0.4524835000
0.1235060400 1.3469871400 -0.0229383600
0.1186387900 1.3574587800 -0.3692388200
-0.1005497300 1.4221156000 -0.3667943900
-0.1049745800 1.4304922400 -0.2759377100
-0.0732783500 1.4035935700 -0.2120891500
-0.0778883500 1.3939961400 -0.0998441400
-0.0986036500 1.4103798900 -0.3141575800
-0.0998972600 1.4262960300 -0.2883506300
-0.1109538500 1.4174668200 -0.2694099200
-0.0484314000 1.3801467800 -0.0656661000
-0.0551133900 1.3726255400 -0.0497931000
-0.0463049400 1.3897907000 -0.0460595300
-0.0345147100 1.3672967900 -0.0007052900
-0.0138766700 1.3473634800 0.0297596500
0.0516372100 1.3435045400 0.0408529200
0.0928518400 1.3461297400 0.0165243200
0.1728412800 1.3706094000 -0.2556415800
0.0461957600 1.3754358000 -0.4106205700
0.0333802100 1.3716733500 -0.4115617400
-0.1026543000 1.4157440400 -0.3973585300
-0.1031912200 1.4173421400 -0.3869330100
-0.0975680900 1.4304369200 -0.3504955200
-0.0995242500 1.4194007500 -0.3258491100
-0.1060443600 1.4078175500 -0.2470679900
-0.0825366900 1.4056163800 -0.1633863200
-0.0598607800 1.4033762400 -0.0860498400
0.0108962900 1.3473066100 0.0417276400
0.0700949900 1.3380530100 0.0294980200
0.1053422700 1.3366498800 0.0012240900
0.1243219300 1.3487567500 -0.0437906900
0.1849257300 1.3639365800 -0.1657547200
0.1755412200 1.3789622600 -0.2283634200
0.1005409800 1.3768989100 -0.3847565700
0.0278851000 1.3767679300 -0.4236147200
-0.0226768000 1.3722645100 -0.4520375600
-0.0969211000 1.4334789200 -0.3075987600
-0.1027551700 1.4105730100 -0.2895364200
-0.0526857500 1.3835126100 -0.0523334700
-0.0003773900 1.3462684100 0.0397666400
0.0318268000 1.3443247100 0.0411802500
0.1128549800 1.3546836500 -0.0138690400
0.1281166600 1.3478928900 -0.0283949400
-0.0396748300 1.3819333600 -0.4618720900
-0.0564939100 1.3760152700 -0.4578743900
-0.0870577000 1.3929109300 -0.4506814600
-0.0982800700 1.4340563200 -0.3577114100
-0.1045242900 1.4238681800 -0.2799472900
-0.0672294200 1.4129754000 -0.1976663700
-0.0726325500 1.4110765500 -0.1765947300
-0.0867788300 1.4012063100 -0.1573859300
-0.0560725100 1.4007363300 -0.0803741200
-0.0347020500 1.3882234100 -0.0368503100
0.1139799900 1.3515425500 -0.0183201200
0.1796036500 1.3751349200 -0.2001061200
0.1149835700 1.3757737400 -0.3736688200
0.0563516500 1.3715047400 -0.4011094000
0.1029486400 1.3459502200 0.0065272800
0.1288426300 1.3651610200 -0.0434786500
0.1736982300 1.3610102700 -0.0947502900
0.1709186500 1.3759367200 -0.2682209900
0.0115947000 1.3647062000 -0.4390985600
-0.0015073100 1.3782557200 -0.4436123700
-0.0833974600 1.4056289600 -0.4405588200
-0.1011906100 1.4220456600 -0.3529739100
-0.0916195800 1.4316808000 -0.3445612600
-0.0900934100 1.4244546100 -0.2368825600
-0.0476811100 1.3975050900 -0.0559025200
-0.0403696200 1.3746943300 -0.0436880000
-0.0973314200 1.4330304100 -0.3815822000
-0.0908262300 1.4387728000 -0.2493330100
0.0084236400 1.3542864700 0.0393467800
0.1124298900 1.3600399400 -0.0050862100
0.1301863800 1.3612698700 -0.0223451900
0.1808826600 1.3807467200 -0.1830473500
0.1590200200 1.3587436500 -0.3138560700
0.0374099400 1.3819079200 -0.4174578600
-0.0879848700 1.4050994700 -0.4329631700
-0.0895998400 1.4341363600 -0.3415759300
-0.0837977300 1.4090361900 -0.1442294400
-0.0702991700 1.4087141000 -0.0998879700
-0.0318546000 1.3926811800 -0.0291035200
0.0260256100 1.3593431900 0.0373378500
0.1661401800 1.3657502500 -0.0825025600
0.1810083600 1.3605989400 -0.1113563200
0.1336573000 1.3894637100 -0.3541886600
0.0755073300 1.3776769500 -0.3923479400
0.0270890700 1.3936959000 -0.4332267700
-0.0338908600 1.3767503200 -0.4606395600
-0.0671707400 1.4137007100 -0.2060662200
-0.0716364400 1.4116741400 -0.1118014300
-0.0334081700 1.3777763400 -0.0124706100
0.0457857200 1.3544345900 0.0389801600
0.1102499600 1.3863881500 -0.3765171800
-0.0665482100 1.3875166700 -0.4549158900
-0.0747003000 1.4025637200 -0.4496472500
-0.0765836900 1.4175747400 -0.4389210900
-0.0940033900 1.4318062400 -0.3912921800
-0.0935256700 1.4413519400 -0.3685619000
-0.0929999300 1.4322402800 -0.3173904400
-0.0967252300 1.4337126200 -0.2963910600
-0.0703583000 1.4034972900 -0.1874137400
-0.0526618400 1.4046085000 -0.0770607300
-0.0457786200 1.3995842700 -0.0650622500
-0.0406594700 1.4213165700 -0.0491949400
-0.0265277300 1.3965197900 -0.0196977200
-0.0193492700 1.3868975000 0.0008539500
0.0008831100 1.3632337800 0.0311059900
0.1192118400 1.3721458800 -0.0119930800
0.1340881700 1.3804180300 -0.0400982300
0.1829189600 1.3663872300 -0.1219168800
0.1645267800 1.3720964100 -0.2942957700
0.0382381200 1.3916343800 -0.4236173900
-0.1017647900 1.4266368000 -0.3780031700
-0.1037708000 1.4285087200 -0.2635515600
-0.0347971400 1.3941166300 -0.0398642700
0.0163927300 1.3609967800 0.0361723300
0.1845643100 1.3685342000 -0.1477391600
0.1253174500 1.3811787700 -0.3641158300
-0.0513526000 1.3988909100 -0.4554538400
-0.0948635100 1.4317221300 -0.3274090400
-0.0711866800 1.4311090000 -0.2221137300
-0.0702198200 1.4151694500 -0.1041988600
-0.0707192900 1.4123910300 -0.0992798100
-0.0064033700 1.3769298400 0.0213174800
-0.0002601100 1.3766826900 0.0251276700
0.0604905500 1.3650788100 0.0331465600
0.0681355800 1.3614790300 0.0298262000
0.1481492700 1.3714521200 -0.0621486100
0.1448507700 1.3798937500 -0.3398717300
0.0665769200 1.3866625000 -0.3987470500
0.0494662400 1.3892545900 -0.4167691500
-0.0956272600 1.4206797900 -0.4057394500
-0.0631802100 1.4288410200 -0.2087380900
0.0774479400 1.3561827100 0.0254064500
0.1328510000 1.3673943900 -0.0278908400
-0.0772170000 1.4254016700 -0.1569486200
-0.0724214400 1.4177469600 -0.1200555900
0.1600552500 1.3833421900 -0.3035905700
0.0914832800 1.3893492200 -0.3908543900
0.0590291700 1.3895830800 -0.4055977300
-0.0354502000 1.3970352400 -0.4599593400
0.1120743000 1.3696843600 -0.0006316100
0.1512787000 1.3877765000 -0.0670966200
0.1782037500 1.3849357300 -0.1129095100
0.0129656100 1.3966264600 -0.4463818000
-0.0953566500 1.4426856500 -0.3538766900
-0.0906335400 1.4514704800 -0.3097581700
-0.0947449900 1.4420329800 -0.2877910400
-0.0923183300 1.4440315800 -0.2582677800
-0.0251964600 1.3919665000 -0.0118669500
-0.0205468300 1.3732494500 0.0093153600
0.0279737800 1.3741366900 0.0316645500
0.0819287900 1.3810573200 0.0211129900
0.1414765100 1.3929363700 -0.0539341600
0.1434178500 1.3823528600 -0.0572617000
0.1654477200 1.3848852700 -0.0843742600
0.1751379100 1.3821192900 -0.1022999300
0.1758575300 1.3942635300 -0.2189289100
0.1189241200 1.4009256700 -0.3671913000
0.0650422900 1.4097236500 -0.4052861000
-0.0006101400 1.3968458900 -0.4463594900
-0.0227968000 1.4030893100 -0.4560237600
-0.0721751200 1.4450955900 -0.4222007900
-0.0858334100 1.4480017400 -0.3429854500
-0.0884399500 1.4384368200 -0.3374579700
-0.0906882600 1.4372478900 -0.3178834700
-0.0828199500 1.4474594600 -0.2457921000
-0.0634442800 1.4304333200 -0.1781361400
-0.0621260600 1.4153399900 -0.0944125400
0.0898968300 1.3763908900 0.0164161200
0.1715949000 1.3914149900 -0.2510478100
0.0968022400 1.3917872200 -0.3883162900
-0.0225226400 1.3894079300 -0.4549494500
-0.0716439300 1.4129500500 -0.4463179200
-0.0865228000 1.4174929000 -0.4242306600
-0.0857846900 1.4514570500 -0.3290336600
-0.0870421300 1.4574893400 -0.3008109100
-0.0732668400 1.4278724800 -0.1645680500
-0.0855076500 1.4061885900 -0.1487239300
-0.0734449900 1.4308370900 -0.1352215800
-0.0633939600 1.4348589800 -0.1118643200
-0.0548872500 1.4193567000 -0.0865070600
-0.0418042700 1.4167394300 -0.0569784100
0.1249955300 1.3761373500 -0.0154915300
0.1329829300 1.3770716300 -0.0204013600
0.1774492200 1.3965632400 -0.1988329500
0.0902915500 1.4024417900 -0.3914693400
0.0771738300 1.4035995000 -0.3965247700
0.0389011300 1.4024040300 -0.4277067600
-0.0917845900 1.4455395200 -0.3777639100
-0.0609275800 1.4300044500 -0.2006986700
-0.0651465600 1.4274373400 -0.0993417300
-0.0479972300 1.4217049900 -0.0741083300
-0.0421461700 1.4118488900 -0.0464518000
0.0984161100 1.3652878800 0.0102028000
0.1375727800 1.3883728200 -0.0490746200
0.1693940300 1.3908160800 -0.2654015200
0.0517078000 1.4016718600 -0.4216669500
-0.0919931400 1.4531516600 -0.2792648000
-0.0448369000 1.4351163700 -0.0743296600
0.1684657100 1.4110296000 -0.0992517100
0.1441602600 1.4012516400 -0.3353923800
0.0735889400 1.4108879400 -0.3985048100
0.0292354100 1.4027151700 -0.4339239200
-0.0794694800 1.4531492400 -0.3927483300
-0.0907943700 1.4552620200 -0.3594714500
-0.0904690800 1.4519674200 -0.3529582900
-0.0775713900 1.4270073000 -0.1509047800
-0.0099464400 1.4049637400 -0.0017517500
0.0510627800 1.3825346900 0.0299051300
0.1169703900 1.3858726200 -0.0050212100
0.1656694800 1.4027647200 -0.2742557000
0.0923648600 1.4139097700 -0.3855600000
-0.1048606700 1.4319800400 -0.2709839900
-0.0280733300 1.4099723400 -0.0361596700
0.0143254200 1.3946489300 0.0194173600
0.1333969600 1.4100413100 -0.3485450400
0.0176495000 1.3957100200 -0.4442122100
-0.0320807900 1.4107538300 -0.0406641600
-0.0214443300 1.4190853100 -0.0329423500
0.0322845600 1.3889962500 0.0253824900
0.0551308900 1.3741905500 0.0327822500
0.1538373700 1.4034383000 -0.0717722000
0.1641168100 1.3991148900 -0.0881030000
0.1786160600 1.3963062300 -0.1765005200
0.1510079500 1.3972001900 -0.3224538100
-0.0789510700 1.4426238700 -0.4119573500
-0.0724989700 1.4687136600 -0.3772338800
-0.0876684700 1.4543411200 -0.3713652700
-0.0801156800 1.4365455100 -0.2341837700
-0.0607333200 1.4335152500 -0.1847276400
-0.0632564000 1.4386751800 -0.1176911500
-0.0013225000 1.3867124400 0.0180834300
0.1063438300 1.3895493300 0.0021076000
0.1816413900 1.3829785100 -0.1317710900
0.0647377400 1.4245232800 -0.4086859700
-0.0333153800 1.4097244500 -0.4569343800
-0.0536198800 1.4143281000 -0.4507007500
-0.0360334500 1.4247634200 -0.0451049200
0.0720668300 1.4024156500 0.0203075900
0.0867910400 1.3972822200 0.0163713200
0.1426925800 1.4036487300 -0.0549581100
0.1725470300 1.4118014100 -0.2355363500
0.0791897100 1.4214231900 -0.3949443100
0.0512240600 1.4105497300 -0.4242430900
0.0320605400 1.4185452000 -0.4345944200
-0.0541298700 1.4531946300 -0.1891385800
-0.0546526900 1.4533130700 -0.1767905100
-0.0607385100 1.4488998700 -0.1662015600
-0.0411816600 1.4256497000 -0.0649584300
0.0026254300 1.4086497500 0.0068134700
0.1307934300 1.3940243100 -0.0158868400
0.1643361300 1.4144966300 -0.0929445800
0.1209481700 1.4098445400 -0.3631177400
0.0018515900 1.4150404100 -0.4482980600
-0.0620045600 1.4510579300 -0.4287962200
-0.0548949600 1.4521647600 -0.1984602800
0.0262708300 1.4217068300 0.0094047000
0.1115913400 1.4030547400 -0.0044246200
0.1377553400 1.3967900900 -0.0317401300
0.1762285300 1.4031485700 -0.1229260500
-0.0839526300 1.4636703200 -0.3481074300
-0.0873756100 1.4590715700 -0.2866964200
-0.0663807200 1.4496914800 -0.2275968800
-0.0513886000 1.4404208300 -0.0929684600
0.0236818900 1.4004416700 0.0190691600
0.1434671200 1.4129226700 -0.3310889300
0.1025978300 1.4157448500 -0.3776954100
0.0167653300 1.4133909000 -0.4462715900
-0.0675606900 1.4600702300 -0.4097910400
-0.0772513600 1.4751402000 -0.3430983800
-0.0828177700 1.4679752000 -0.2791281900
-0.0863054600 1.4624190100 -0.2720191800
-0.0347966900 1.4429594500 -0.0616870000
-0.0321367300 1.4354570400 -0.0479361600
0.0146818600 1.4232072900 0.0039361900
0.1493005100 1.4121029300 -0.0673615900
0.1522396500 1.4214876300 -0.0779012700
0.1721265300 1.4147982300 -0.1229270900
0.1747709600 1.4120367500 -0.2149847900
0.1567871800 1.4220741400 -0.2865226900
0.1534830600 1.4164588800 -0.3011515500
0.1184477000 1.4250221000 -0.3622744400
0.0322212400 1.4310783100 -0.4347070900
-0.0591981300 1.4628151300 -0.4186332400
-0.0835880600 1.4649006200 -0.3595183700
-0.0759588000 1.4726768100 -0.3331439000
-0.0605920000 1.4610625200 -0.2269164000
-0.0086044900 1.4175159500 -0.0126056900
0.1343510400 1.3935974800 -0.0202103100
0.1758012200 1.4101419700 -0.1563958400
0.1696927800 1.4229422200 -0.2401985400
0.1381408600 1.4264539800 -0.3312018200
-0.0818637700 1.4631997100 -0.2600303900
-0.0604225900 1.4443110000 -0.2117706000
0.1409494800 1.4123161000 -0.0491293900
0.1741061700 1.4184727600 -0.1971198100
0.0494472300 1.4250187800 -0.4253348700
-0.0049692700 1.4341301900 -0.4491782500
-0.0303296600 1.4412315000 -0.4475338900
-0.0840880200 1.4616977000 -0.3191754100
0.0844957200 1.4123746000 0.0121718300
0.1726909500 1.4229011300 -0.1787464400
0.1296365800 1.4286765500 -0.3460555400
0.0830834000 1.4363655300 -0.3899080900
-0.0179846200 1.4353295700 -0.4503439800
-0.0544287500 1.4519500000 -0.4339844100
-0.0566631100 1.4493836100 -0.1144079400
-0.0184103000 1.4305731800 -0.0344509600
0.0532408800 1.4043623100 0.0220595300
0.1250059500 1.4115536600 -0.0180286000
0.0157304900 1.4264653800 -0.4454715800
-0.0539472400 1.4367357400 -0.4426861000
-0.0648644100 1.4670132500 -0.2423758900
-0.0550030900 1.4644266700 -0.2132550800
-0.0620203800 1.4376361100 -0.1019173700
0.0635148400 1.4150837100 0.0168515300
0.1708478800 1.4238496300 -0.2283604200
-0.0617077000 1.4776222300 -0.3842903900
-0.0663050200 1.4508581700 -0.1518527000
-0.0473957100 1.4619899600 -0.1059673400
-0.0071673600 1.4254140900 -0.0181991900
0.0050296700 1.4277459800 -0.0063425900
0.0974501400 1.4163207100 0.0031593600
0.1639114100 1.4245233500 -0.1059341400
0.1672349200 1.4372046900 -0.1685998500
0.1079189000 1.4370714000 -0.3697683500
-0.0612131700 1.4556229800 -0.1576281200
0.1343988600 1.4126213700 -0.0304126300
-0.0681214600 1.4493704400 -0.1427761400
-0.0568843500 1.4677531700 -0.1344870700
-0.0449705200 1.4552480400 -0.0946880400
0.0809044500 1.4221699800 0.0092252000
0.1385585500 1.4222632100 -0.0441952500
0.1575328400 1.4298756000 -0.0880508400
0.1477394500 1.4331428200 -0.2978274800
0.0740615600 1.4332810000 -0.4008372900
-0.0747381500 1.4792172900 -0.3450828100
-0.0810808800 1.4695921000 -0.3112896400
-0.0635292700 1.4522743700 -0.1302391300
0.1156161200 1.4249997700 -0.0150477400
0.1443961000 1.4241865400 -0.0616654400
0.1683235300 1.4345572400 -0.2489961300
0.1516677700 1.4380064500 -0.2837771800
0.0211472500 1.4431196700 -0.4394889700
-0.0278957300 1.4569079900 -0.4417828900
-0.0713735500 1.4792816000 -0.2635428200
-0.0043428200 1.4449806100 -0.0282281100
0.0549827300 1.4256708900 0.0123208500
0.1697313800 1.4260824000 -0.1435952700
0.1283716300 1.4412736200 -0.3379082700
0.0031464100 1.4482184700 -0.4445973800
0.0944771000 1.4350334500 -0.3789139600
0.0584257100 1.4388069800 -0.4167859000
0.0403880500 1.4713497800 -0.4237253800
-0.0750123600 1.4788631500 -0.2717922900
-0.0303236300 1.4494965700 -0.0592381000
0.1360854100 1.4376490800 -0.0459381600
-0.0683030700 1.4794609800 -0.3592865900
0.1667356700 1.4417382000 -0.1827353400
0.1638808100 1.4427061700 -0.2607372600
0.1381222000 1.4464083900 -0.3093712800
0.1042422700 1.4504563300 -0.3629504900
-0.0337809600 1.4638700500 -0.4358138000
-0.0698555200 1.4845903500 -0.3284962000
-0.0487866100 1.4676118100 -0.1174228600
0.0181903000 1.4375592900 -0.0055963100
0.1210050500 1.4399329900 -0.0261714700
0.1434743800 1.4374603100 -0.0668642900
0.1683995100 1.4385874300 -0.2271949100
0.1606455600 1.4480120600 -0.2299521700
0.1305935800 1.4533389800 -0.3190008400
0.1165919300 1.4541922800 -0.3462073700
-0.0381995200 1.4720176900 -0.4255000500
-0.0688766600 1.4873479000 -0.2841136400
-0.0772340800 1.4743152600 -0.2997898800
-0.0536538100 1.4753190800 -0.1446837700
-0.0169960500 1.4597485800 -0.0532733500
0.0060064400 1.4418422000 -0.0171905600
0.1058821100 1.4372616000 -0.0142251200
0.1653888800 1.4383048800 -0.2498082700
0.1587323300 1.4523462200 -0.2737393900
0.1596446300 1.4338418800 -0.2641566200
0.1431046200 1.4478489800 -0.2964187900
0.1028834100 1.4566380700 -0.3809490500
0.0752609300 1.4598948400 -0.3947924500
0.0612178000 1.4642174700 -0.4124516900
0.0738569100 1.4326836400 0.0041412300
0.1551602600 1.4438811100 -0.1120173100
0.1552916300 1.4517487900 -0.2562508400
0.0954198400 1.4511221900 -0.3760160900
0.0439257900 1.4454431400 -0.4273819700
0.0091373100 1.4661004800 -0.4354897100
-0.0105707100 1.4565115400 -0.4435363900
-0.0210052700 1.4736162500 -0.4343722700
-0.0535250000 1.4832498700 -0.3885894400
-0.0664939400 1.4897238900 -0.3358760800
-0.0698188200 1.4849488500 -0.3134203000
-0.0500257800 1.4781648300 -0.2075301700
-0.0457872000 1.4799663000 -0.1827670100
-0.0259450600 1.4604678000 -0.0640130800
-0.0087759400 1.4548785200 -0.0407145600
0.0267820600 1.4325735000 0.0020468200
0.0524173700 1.4334451100 0.0070677900
-0.0542432700 1.4789478500 -0.2330279200
-0.0367462000 1.4594170800 -0.0803866400
0.1472308600 1.4497796300 -0.0996703100
0.1549493800 1.4563080600 -0.1240983300
0.1596394500 1.4470357100 -0.1375591300
0.1685850700 1.4520222500 -0.2129271900
0.1277187700 1.4612091900 -0.3164775000
0.0807481700 1.4651512300 -0.3860027300
-0.0389977200 1.4770603600 -0.4172451700
-0.0427391000 1.4714090900 -0.1092342800
-0.0373509800 1.4698213000 -0.0978464900
0.0749331000 1.4478382400 -0.0086043900
0.1303120000 1.4364449400 -0.0349761300
0.1683528300 1.4360846500 -0.2131419300
0.1476726100 1.4550379400 -0.2828005900
0.1399016600 1.4605798600 -0.2993135100
0.1113476500 1.4578735700 -0.3545467700
0.0425281100 1.4617046700 -0.4251002300
-0.0472179700 1.4792075100 -0.1571678600
-0.0270505400 1.4809107800 -0.0938586200
0.0981796600 1.4533019100 -0.0195386500
0.1564121600 1.4511245100 -0.1081298100
0.1558127100 1.4520363500 -0.2424612700
0.0879646600 1.4618365000 -0.3826645700
0.0665749700 1.4521269000 -0.4086880800
0.0221689100 1.4656756900 -0.4325319700
-0.0571837200 1.4893944200 -0.2539408300
-0.0420296900 1.4904242000 -0.1878954700
0.1447342700 1.4476801200 -0.0805753400
0.1635074200 1.4510257800 -0.1734560500
0.1516518800 1.4588681400 -0.2844967400
-0.0557770100 1.5020315700 -0.3166844800
-0.0645602000 1.4919797300 -0.2687108100
-0.0499244800 1.4931158200 -0.2432447600
-0.0147875600 1.4739036000 -0.0644836400
0.0248506500 1.4508819700 -0.0147413900
0.0937978600 1.4405276500 -0.0103683900
0.1299754200 1.4640889600 -0.3114158300
0.1197986500 1.4625996500 -0.3354267100
0.1171924700 1.4659746900 -0.3390894900
-0.0257000200 1.4813304300 -0.4261134900
-0.0293091100 1.4854656900 -0.4174273800
-0.0642839800 1.4922801100 -0.3153400700
0.0308163700 1.4621799600 -0.0215755700
0.0467465300 1.4473620400 -0.0059081000
0.1407227000 1.4604103300 -0.0975724300
0.1487869000 1.4640863700 -0.2631620000
0.1515011600 1.4592328400 -0.2679069800
0.0156114600 1.4784061500 -0.4300593900
-0.0046751400 1.4755248300 -0.4320802500
-0.0384451000 1.4921482200 -0.3921013800
-0.0447154300 1.4803351900 -0.1681143300
-0.0443120300 1.4889965300 -0.1381065600
-0.0235687000 1.4770763000 -0.0798512400
0.1569621800 1.4566640900 -0.1484515900
0.1629737300 1.4612917300 -0.1870403700
0.1448050600 1.4656508500 -0.3021838700
-0.0641463000 1.4943180600 -0.2814249700
0.1288520200 1.4495666600 -0.0418482900
0.1359571300 1.4637525000 -0.0853218700
0.1515286600 1.4583795000 -0.1066214600
0.0998995400 1.4762979000 -0.3575281500
-0.0514771700 1.4956926500 -0.3584305200
-0.0412457800 1.4892445000 -0.1606609000
0.0010190200 1.4636346600 -0.0404984100
0.0093565100 1.4639054500 -0.0347704200
0.0180770300 1.4652301300 -0.0304185800
0.0566518200 1.4595696500 -0.0142374400
0.1183931200 1.4523496700 -0.0326688400
0.1335211400 1.4542656700 -0.0545910600
0.1393969100 1.4541413000 -0.0747574300
0.1534848700 1.4658189000 -0.2280798800
0.0553109900 1.4775185000 -0.4130784900
0.1047922300 1.4624360800 -0.0323234200
0.1556288100 1.4649240900 -0.1436584000
0.1663075800 1.4603373900 -0.1962090000
0.1317926700 1.4699525900 -0.3225890200
0.0877080200 1.4767271500 -0.3787623200
0.0460193200 1.4789483000 -0.4175314800
0.0327989500 1.4818423100 -0.4195760900
-0.0264076900 1.4994024900 -0.4027765700
-0.0403347100 1.5071741400 -0.3554192500
-0.0496260600 1.5014459900 -0.3494472400
-0.0411101900 1.4837905600 -0.1213535500
-0.0494123200 1.5065511900 -0.2664612600
0.0802734400 1.4588105400 -0.0161137500
0.1581840300 1.4652273000 -0.1616535400
0.1591641500 1.4718758400 -0.1778974700
0.1198619700 1.4804389100 -0.3305438300
0.1056666700 1.4814846900 -0.3450240300
0.0988874000 1.4705705100 -0.3656421500
0.0038603600 1.4854416300 -0.4257398100
-0.0483411600 1.4870530100 -0.2209522100
-0.0342606500 1.5012532100 -0.1617647700
0.1120251100 1.4697448100 -0.0422403600
0.1669846800 1.4742336400 -0.1831061000
0.1688439800 1.4679552700 -0.1978449600
0.1467967900 1.4794032600 -0.2456572300
0.1377157400 1.4745397500 -0.2815368400
0.1212202500 1.4859324100 -0.3245273200
0.0162209500 1.4911699900 -0.4144588800
0.0009875100 1.4972449100 -0.4032620300
0.1430282200 1.4775242500 -0.2621175900
0.1402686400 1.4712470000 -0.2961667600
0.0731689500 1.4860799400 -0.3897825200
-0.0298869500 1.5050230200 -0.3855190600
-0.0482820300 1.5087801900 -0.3234415400
0.0293811500 1.4731938400 -0.0375275300
0.0793662600 1.4673930400 -0.0280298000
0.1426298000 1.4817639700 -0.1326612700
-0.0575832900 1.5025332300 -0.2815827700
0.0008894100 1.4830695600 -0.0614095000
0.1426106100 1.4705697100 -0.1077420000
0.1653859700 1.4770970100 -0.1733274900
0.1265932000 1.4831843200 -0.2946013800
0.0616252700 1.4840388700 -0.4042515700
-0.0396596500 1.5056972900 -0.2258568300
-0.0351439600 1.5010049200 -0.1405912100
0.1282022700 1.4779387400 -0.0945066000
0.1255192600 1.4879990900 -0.2845759000
-0.0167853500 1.5041330400 -0.3938884800
-0.0443093500 1.5168773400 -0.3053248200
-0.0341426400 1.4977771900 -0.1270115500
0.0180180200 1.4723699100 -0.0393417800
0.1212379700 1.4706681000 -0.0516940400
0.1264894400 1.4755144200 -0.0660463200
0.1214741200 1.4829795600 -0.0713369200
0.0527048300 1.4958642700 -0.4045728800
0.0284352800 1.5071047800 -0.3989507100
-0.0393041700 1.4972552400 -0.1948161500
0.0469574600 1.4837551000 -0.0442386100
0.1332299800 1.4812247700 -0.1033784000
0.1394480000 1.4792790700 -0.1193608400
0.1481955500 1.4789754100 -0.1409041900
0.1630411000 1.4732259600 -0.1593459600
0.1073490400 1.4982220100 -0.2974521000
0.0893950400 1.4943964500 -0.3561901200
0.0723991200 1.4965947100 -0.3822863800
-0.0256634200 1.5092312800 -0.3821682200
-0.0374321200 1.5166756800 -0.3342057300
-0.0141965500 1.4895859900 -0.0849793600
0.0819109500 1.4738667400 -0.0354426900
0.0951622100 1.4760441100 -0.0399610800
0.1125062500 1.4822515400 -0.0545342500
0.1486033800 1.4852815900 -0.1813993900
0.1444718200 1.4826629900 -0.2198941400
0.1427679700 1.4883871500 -0.2461711600
0.1353697300 1.4917209800 -0.2619660900
0.0772309000 1.4984372700 -0.3684605400
0.0402813400 1.4973461200 -0.4090005000
-0.0030590400 1.5060791300 -0.3864468800
-0.0412775200 1.5110972100 -0.2542096100
-0.0302888000 1.5091629800 -0.1726497400
-0.0188259800 1.5014227400 -0.1066904500
0.0197628900 1.4972403400 -0.0661597400
0.1175480900 1.4879585300 -0.0912640100
0.1112749900 1.4979438200 -0.3287477300
-0.0389061700 1.5169617900 -0.2679139500
-0.0338019100 1.5134161100 -0.2027119600
-0.0011187100 1.4931958700 -0.0748182100
0.1447357600 1.4900756000 -0.2086127900
0.1254887300 1.4932422400 -0.2767527900
-0.0124507800 1.5163496400 -0.3706418800
-0.0361348700 1.5163349600 -0.2316307300
0.0355888000 1.4959015000 -0.0586779900
0.1257514000 1.4998535600 -0.1283742900
0.1563449400 1.4833861000 -0.1618353200
0.1416467800 1.4955938300 -0.2405003700
0.1066066600 1.5021914700 -0.2915861600
0.0400864400 1.5093117700 -0.3949195100
-0.0168169500 1.5210840600 -0.3578456800
-0.0289870700 1.5138270900 -0.3649757500
-0.0392903400 1.5216040200 -0.3098853700
-0.0456623900 1.5144711700 -0.2829620600
-0.0160193700 1.5087864000 -0.1133276600
0.0870100700 1.4881351400 -0.0495868200
0.1040151600 1.4831631700 -0.0495367600
0.1413898700 1.4968182400 -0.1461463800
0.1429036400 1.4967202900 -0.1536732900
0.1358309100 1.5006834700 -0.1728017000
0.0622035600 1.5073980400 -0.3770947100
-0.0383485400 1.5229440000 -0.2995664400
-0.0348054500 1.5209163800 -0.2663287800
-0.0303696400 1.5175403900 -0.1940520300
-0.0263067600 1.5094797000 -0.1342327200
-0.0081205500 1.5061340400 -0.1003241000
0.0634701200 1.4928639900 -0.0506801600
0.0977226900 1.4949208400 -0.0648915700
0.1204363100 1.5024433800 -0.2771557300
0.0957166700 1.5093754600 -0.3163202800
0.1001094200 1.5067302800 -0.3333281300
0.0819509600 1.5153071200 -0.3508974700
0.0108648300 1.5141228200 -0.3838029300
-0.0309789400 1.5208421500 -0.2169513200
-0.0254513800 1.5185966300 -0.1787424300
-0.0250430200 1.5131656300 -0.1562936900
0.1087888400 1.4917262400 -0.0699584400
0.1076602700 1.4953168100 -0.0908007700
0.1271264600 1.4927037500 -0.1199406300
0.1358343300 1.5004016900 -0.2584092400
0.0975548400 1.5058472000 -0.3453928200
0.0739960200 1.5063416400 -0.3620034900
0.0512381500 1.5169029800 -0.3699999200
0.0531413200 1.5065378200 -0.3861973500
-0.0309500900 1.5228936500 -0.2568962400
-0.0274571900 1.5224968900 -0.2167171000
0.1206501700 1.4930987200 -0.1012066500
0.1303408300 1.5053696400 -0.1626624000
0.0107643600 1.5059719500 -0.0824409900
0.0440960400 1.5048892700 -0.0680121200
0.0728043200 1.5001574200 -0.0604346900
0.1006431200 1.5121746000 -0.1132496600
0.1447073000 1.4924653600 -0.1908531400
0.0601776000 1.5203866100 -0.3581507200
0.0269837000 1.5234075500 -0.3687852500
0.0005212100 1.5214200900 -0.3699203800
-0.0089555500 1.5301640400 -0.3445583200
-0.0295034600 1.5290596600 -0.3078818900
-0.0320632100 1.5260844700 -0.2855019000
-0.0186226000 1.5259050100 -0.2127728000
-0.0157113300 1.5243438300 -0.1899487600
-0.0190887800 1.5205406200 -0.1653717700
0.1235020100 1.5111995900 -0.1346763600
0.0884511500 1.5180914000 -0.3101839500
0.0889074500 1.5153665400 -0.3145082800
0.0126397200 1.5250468800 -0.3726829100
-0.0231878100 1.5262135900 -0.2506082100
-0.0155218100 1.5198802900 -0.1431382600
-0.0088791600 1.5195948700 -0.1267802300
0.0006088300 1.5187706400 -0.1130656000
0.0290916900 1.5153655400 -0.0865278800
0.0801908200 1.5056758100 -0.0706689800
0.0811907100 1.5079691600 -0.0806033000
0.0985559400 1.5099652800 -0.1050570700
0.0890053100 1.5159616600 -0.3426182300
0.0681598500 1.5064619100 -0.0653585400
0.0070473700 1.5269885200 -0.3667886400
-0.0191158200 1.5287610000 -0.2390968100
-0.0114335700 1.5257521600 -0.1665150500
0.1257117300 1.5100130600 -0.2714015800
-0.0183306100 1.5295960800 -0.3329410300
-0.0261818900 1.5276206900 -0.3232697600
-0.0294617600 1.5303453100 -0.2948091100
-0.0054795900 1.5279054800 -0.1537748700
0.1508884600 1.5173025600 -0.2165620400
0.1460106700 1.5011153500 -0.2181834100
0.0726380400 1.5279894300 -0.3175607900
0.0670671700 1.5123305100 -0.0799934700
0.0772087800 1.5147756900 -0.0917058700
0.0827599800 1.5219944500 -0.1085473500
0.1266562800 1.5128734700 -0.1643155200
0.1460759300 1.5044887500 -0.1979356700
0.0924977200 1.5259360500 -0.2987636200
0.0743361900 1.5270240000 -0.3398900500
0.0679203800 1.5278837200 -0.3476944500
0.0034104000 1.5339126800 -0.3457135300
-0.0178746800 1.5366691500 -0.3005953200
-0.0145768200 1.5321497300 -0.2089675700
0.0073028500 1.5299315600 -0.1321677600
0.0139376900 1.5137927900 -0.0920370400
0.1046689300 1.5152819900 -0.1211699200
0.1251180100 1.5122196100 -0.1405288900
0.1442434800 1.5076200000 -0.2377201100
-0.0057031700 1.5372886500 -0.3269319700
0.0515901200 1.5186625400 -0.0884102900
0.1047485200 1.5266170200 -0.1305852000
0.1018570000 1.5186465800 -0.2917395300
-0.0204947200 1.5343100000 -0.2862831400
-0.0173103300 1.5323077200 -0.2396899500
0.0241056500 1.5305625700 -0.1176650400
0.1124080000 1.5227245700 -0.1551990500
0.1442763700 1.5177992100 -0.2432913600
-0.0188505400 1.5346520900 -0.2674477000
-0.0109631300 1.5291931700 -0.1772314500
0.0641371800 1.5204040800 -0.0937919000
0.0880760800 1.5259916900 -0.1183636500
0.1126231600 1.5220706000 -0.1431114800
0.1516039900 1.5221412700 -0.2086749500
0.0807273800 1.5358368200 -0.3014735700
0.0536750900 1.5368439800 -0.3435528600
0.0031216100 1.5408905500 -0.3307061600
-0.0046423900 1.5420637700 -0.3184369500
-0.0136014500 1.5417088900 -0.2973231700
-0.0071473100 1.5483071700 -0.1842373000
0.0489251600 1.5304568500 -0.1087051900
0.1017802400 1.5297713800 -0.1478202200
0.0642291500 1.5350381800 -0.3239228600
-0.0165408700 1.5406657300 -0.2523040900
-0.0132493000 1.5447282000 -0.2069987100
0.0107343200 1.5359983100 -0.1378803300
0.0356432800 1.5391707600 -0.1256936500
0.1334330100 1.5252188900 -0.1704731400
0.1415001900 1.5215415600 -0.1813627100
0.0397538800 1.5313665000 -0.3526008200
0.0175645900 1.5406107300 -0.3376612000
0.0016748300 1.5406827600 -0.1576118700
0.0690663100 1.5313272000 -0.1119784700
0.0999769400 1.5334410400 -0.1530979300
0.1193677400 1.5261651800 -0.1601748000
0.1258944000 1.5259713400 -0.2719246000
0.0595043000 1.5400265300 -0.3114231400
-0.0146883500 1.5443075400 -0.2697904800
-0.0139601200 1.5502549500 -0.2274075600
-0.0049088700 1.5377231300 -0.1674625000
0.0924607900 1.5364178500 -0.1285429000
0.1271732900 1.5370199900 -0.1644877500
0.1478725000 1.5266786600 -0.2409062100
0.0289703300 1.5434468900 -0.1331880500
0.0760091600 1.5338097500 -0.1184149300
0.1534726500 1.5235966900 -0.2239081200
0.1351896500 1.5247569200 -0.2602903600
0.1075717600 1.5342045100 -0.2868249300
0.0540757900 1.5406615700 -0.3369597600
-0.0099092500 1.5478550800 -0.2865339200
-0.0094791300 1.5525148800 -0.2055345500
0.0586052300 1.5389914300 -0.1210482300
0.0878291400 1.5394390400 -0.1477156300
0.0921838800 1.5429281800 -0.1542155000
0.0947816800 1.5411079800 -0.2928649200
0.0197385100 1.5494261400 -0.3253868400
-0.0006716700 1.5498780100 -0.3017922400
-0.0132822600 1.5533370800 -0.2540828400
0.0146767500 1.5449403200 -0.1452102500
0.1104220000 1.5399590400 -0.1570503000
0.0778620500 1.5494399700 -0.2967011100
0.0624179100 1.5465855000 -0.3020752200
0.0096331800 1.5488243100 -0.3165912700
-0.0091299200 1.5570947400 -0.2693277400
-0.0119725000 1.5558581200 -0.2403301400
-0.0051066400 1.5579099900 -0.2154420200
-0.0011704600 1.5546225000 -0.1751142900
0.0413308400 1.5507270800 -0.1346966300
0.0666313900 1.5490942500 -0.1273247900
0.1497788200 1.5310782200 -0.1972977500
0.1584409000 1.5343340600 -0.2206049500
0.1562858800 1.5394191800 -0.2352880600
0.0365255100 1.5522419900 -0.3221255500
0.0368742100 1.5483425500 -0.3316984400
-0.0041288700 1.5593620500 -0.2456058200
0.0052780600 1.5550984700 -0.1643499000
0.0210591200 1.5533437000 -0.1473533700
0.0778947400 1.5458984800 -0.1274782400
0.0760113200 1.5501771500 -0.1474175400
0.0096616900 1.5627479500 -0.2476378700
-0.0039344800 1.5586576100 -0.2855651300
0.1601876800 1.5543043800 -0.2271898300
0.0563600100 1.5608480100 -0.2924692500
0.0139669400 1.5657533600 -0.2419659400
0.0109963300 1.5602989900 -0.2189125600
0.0648752200 1.5593090900 -0.1538258100
0.0815586800 1.5587591200 -0.1559458200
0.0900121200 1.5588765400 -0.1563756900
0.1431426700 1.5384124800 -0.2515184900
0.0163448900 1.5613337800 -0.3146641600
0.0066977900 1.5610107100 -0.2959245300
0.0095819300 1.5597918200 -0.2304418800
0.0174818400 1.5645706600 -0.2079839600
0.0328034800 1.5659282800 -0.1813898400
0.1118372400 1.5526315900 -0.1566464000
0.1378063200 1.5446748100 -0.1739758400
0.1168199500 1.5454051600 -0.2805846400
0.0970647900 1.5532715000 -0.2911789500
0.0582638200 1.5669219800 -0.1647640400
0.1620093300 1.5549634600 -0.2164306100
0.1188059400 1.5718284500 -0.2784900100
0.0513129100 1.5674446600 -0.2900803800
0.0218540400 1.5695075400 -0.2572805200
0.1455164100 1.5633465200 -0.1814910300
0.1458370500 1.5595665800 -0.2543323400
0.0723693900 1.5754291100 -0.2910208900
0.0362843200 1.5729220700 -0.2748669300
0.0243050700 1.5720155600 -0.2005072100
0.0396230900 1.5691545800 -0.1793729300
0.1333266300 1.5625562600 -0.1660413600
0.1552726100 1.5498514500 -0.1981911500
0.0234163900 1.5825922100 -0.2455194200
0.1655851700 1.5590237300 -0.2251290200
0.1556315900 1.5572691800 -0.2429931900
0.1289860400 1.5579523600 -0.2698592800
0.0196281200 1.5781349900 -0.2208916400
0.1665566400 1.5599805700 -0.2095743600
0.1904073700 1.5620029000 -0.2295122500
0.0953488800 1.5753722700 -0.1550412200
0.1611233200 1.5566708600 -0.2047400600
0.0434430500 1.5833797900 -0.2739601900
0.0302944000 1.5872636200 -0.1996330600
0.1401965100 1.5737246000 -0.1699218200
0.1672847900 1.5641312300 -0.1994056400
0.1838424800 1.5641707600 -0.1965303600
0.1814363900 1.5672429300 -0.2465628300
0.1494065600 1.5698416200 -0.2558594300
0.0525017500 1.5750629700 -0.2850460000
0.0846022700 1.5621041900 -0.2934634700
0.0213645500 1.5835751200 -0.2345263900
0.0233723700 1.5888068300 -0.2193537100
0.0381041700 1.5861051300 -0.1868061000
0.1607910900 1.5629247300 -0.1974794200
0.1944494000 1.5659235200 -0.2341349400
0.1711250300 1.5743039200 -0.2570995900
0.1267381600 1.5796438000 -0.2729487700
0.1947689700 1.5695199500 -0.1961858100
0.2000609400 1.5690440200 -0.2192451800
0.1553780000 1.5730389900 -0.2561446000
0.1021325400 1.5783910300 -0.2882779200
0.0293659900 1.5846404000 -0.2573857900
0.0841702300 1.5843902300 -0.1575804500
0.1901542500 1.5720292800 -0.2441216200
0.1784404600 1.5762037800 -0.2545703000
0.0287401200 1.6028714300 -0.2110337400
0.1480085300 1.5775518800 -0.1734506600
0.1081517300 1.5782439600 -0.2854525100
0.0402029700 1.5937954700 -0.2666824700
0.0498093700 1.5854178600 -0.1751505500
0.1853341000 1.5798941800 -0.1772799200
0.2033575700 1.5748645000 -0.2079055600
0.0289015700 1.6096437400 -0.2418713500
0.1584607400 1.5748872300 -0.1810036200
0.1984428000 1.5751742200 -0.2364111300
0.1347741500 1.5847052600 -0.2703531900
0.0594144600 1.5922760600 -0.2827565100
0.1783922200 1.5753325100 -0.1799840900
0.1088539300 1.5927942200 -0.2853114100
0.0711127400 1.5879311400 -0.1634472800
0.1226896200 1.5736134200 -0.1574229700
0.0710528800 1.5888985700 -0.2874957900
0.0327287500 1.6100638700 -0.2506931000
0.0281914200 1.6125994000 -0.2319449900
0.0517936800 1.6163374500 -0.1783520900
0.1105447000 1.5850532500 -0.1532233200
0.2021048500 1.5798436800 -0.2239846600
0.0746817900 1.6062242300 -0.1627850800
0.1013842400 1.5971862000 -0.1525657900
0.1789470200 1.5890194000 -0.1651126200
0.2025947000 1.5884619800 -0.2103971900
0.1356478200 1.5917985000 -0.2754433800
0.0367768300 1.6134988300 -0.1954930400
0.1303815500 1.5870759700 -0.1581269800
0.1392975500 1.5886365100 -0.1608491800
0.1439949000 1.5896855900 -0.1599328000
0.1948388700 1.5795441100 -0.1891131600
0.1897092500 1.5901778100 -0.2452959600
0.1539391200 1.5896615600 -0.2742450700
0.0319544600 1.6185930700 -0.2111756000
0.0436800800 1.6098771200 -0.1851634000
0.1990712900 1.5922994700 -0.2312680900
0.1824731200 1.5831414100 -0.2531897600
0.1252032500 1.5998743500 -0.2825732400
0.0595992000 1.6135965300 -0.2769684500
0.0929756600 1.6042269200 -0.1541262600
0.1641014100 1.5901341700 -0.1584050100
0.1840033500 1.5997456500 -0.1609565400
0.1163703700 1.5965350300 -0.2823118000
0.0681540200 1.6120493700 -0.2829879900
0.0399055600 1.6126221000 -0.2601487200
0.0193884500 1.6329476700 -0.2602971100
0.1346959200 1.6030537000 -0.1495402200
0.1581734500 1.5944419800 -0.2759441000
0.0901296900 1.5949344400 -0.2898564800
0.1187166100 1.5990503400 -0.1510108000
0.1845533300 1.6027261700 -0.2538278800
0.0182950700 1.6292930700 -0.2310902800
0.2033684800 1.5972707600 -0.2210368000
0.1431224300 1.6036740900 -0.2861592900
0.1128652200 1.6092367800 -0.2861890400
0.0982147900 1.6108708000 -0.2888058800
0.0133004400 1.6281946400 -0.2458093000
0.0306828600 1.6265553300 -0.2231088800
0.0794331900 1.6168462000 -0.1597505300
0.1646772900 1.5982291700 -0.1515363100
0.2017562200 1.6097572200 -0.1946316600
0.1995771000 1.5903256900 -0.1960958000
0.1516204300 1.6089712900 -0.2851197400
0.0446191800 1.6248489000 -0.2613107300
0.0375463600 1.6220228600 -0.2582121000
0.1926935900 1.6042217600 -0.1694265600
0.1963575700 1.6019372400 -0.1798405000
0.1123842300 1.6107389100 -0.1480902200
0.1536503700 1.6047594500 -0.1471833700
0.1745438600 1.6027516100 -0.1525180400
0.1718651900 1.5929581800 -0.2657158800
0.0187410900 1.6393741100 -0.2199253300
0.0326588100 1.6309284300 -0.2148747400
0.2069717400 1.6042709800 -0.2070273000
0.2027497200 1.6057324600 -0.2312185000
0.1023857400 1.6244042900 -0.2904917500
0.0435858600 1.6287759100 -0.1871301300
0.1337072000 1.6162357800 -0.1433417200
0.2089264100 1.6061240800 -0.2172794900
0.0134525600 1.6364145500 -0.2573934600
0.0753502300 1.6268073700 -0.1613558100
0.1532565600 1.6164128100 -0.1423625400
0.2071706200 1.6125821500 -0.2059247600
0.1662444000 1.6160284600 -0.2770643400
0.1408794200 1.6168100200 -0.2907872700
0.0803424400 1.6116455400 -0.2882444400
0.0414670200 1.6412335200 -0.2581504800
0.0377784200 1.6348718200 -0.1980037400
0.2081574100 1.6126379000 -0.2163289800
0.2040964200 1.6146734500 -0.2284367700
0.1842716400 1.6172622900 -0.1537341000
0.1976128900 1.6115937100 -0.1762569000
0.0574948600 1.6369230100 -0.1723722300
0.0970206900 1.6224573100 -0.1491216400
0.2016725200 1.6153542400 -0.1849003900
0.0116443900 1.6480764800 -0.2439964600
0.1300701200 1.6150926500 -0.2912212400
0.1132972000 1.6397936200 -0.2952024800
0.0702341600 1.6426513900 -0.2861151400
0.0653892000 1.6309935500 -0.2813974300
0.0130853800 1.6465193300 -0.2308148200
0.0206349600 1.6557774700 -0.2210437600
0.0321072700 1.6393328300 -0.2173951600
0.0865677200 1.6328172100 -0.1512997000
0.1673933800 1.6117274600 -0.1452499400
0.2039190200 1.6200437600 -0.2338010300
0.1463042200 1.6295846300 -0.2910932700
0.0481272000 1.6399610500 -0.2633915000
0.0296644600 1.6475744800 -0.2171665000
0.1324716200 1.6291991700 -0.1402362100
0.1719059300 1.6267430100 -0.1442945000
0.2105171200 1.6206231600 -0.2050539100
0.1831398800 1.6122225700 -0.2590644900
0.0147540900 1.6567304000 -0.2271432700
0.0361019800 1.6461578500 -0.2022050600
0.1184943200 1.6341849200 -0.1383930200
0.2083233200 1.6213730800 -0.2256635200
0.1916222200 1.6222739400 -0.2515849400
0.0185617600 1.6478813600 -0.2626753700
0.1284069100 1.6345150700 -0.1371414300
0.2008815000 1.6259204900 -0.2390001200
0.0952247700 1.6407113900 -0.2922544800
0.0101995100 1.6634200700 -0.2469581900
0.0096584100 1.6574611700 -0.2353807500
0.1036391200 1.6473851000 -0.1410335300
0.2080136300 1.6310470100 -0.2077572700
0.2075648900 1.6317610700 -0.2219043400
0.0270731200 1.6647341100 -0.2564260500
0.0145233700 1.6568149700 -0.2526508200
0.0328450100 1.6602254700 -0.2096780500
0.1207355000 1.6380854300 -0.1270962900
0.1551136900 1.6314940900 -0.1403092600
0.0991913300 1.6467396400 -0.2975203400
0.0190145400 1.6625756500 -0.2561609800
0.0446474700 1.6401313600 -0.1841402200
0.0576672600 1.6580456300 -0.1630825800
0.1045285600 1.6497260900 -0.1279661900
0.1099934500 1.6469209500 -0.2975155100
0.0794692600 1.6417877300 -0.2900766500
0.0635087900 1.6483718900 -0.2817617200
0.0444484600 1.6571749900 -0.2627341100
0.1514227800 1.6520899700 -0.1391851800
0.1967835700 1.6317992000 -0.1662790700
0.2041600400 1.6377483300 -0.2002963400
0.1567234400 1.6266561400 -0.2856216300
0.0445845900 1.6626899100 -0.1768405700
0.1325541000 1.6392185000 -0.1379885000
0.1828162600 1.6291698900 -0.1507337400
0.2115718300 1.6340329800 -0.2158854900
0.1316461800 1.6333131100 -0.2945173400
0.0873741800 1.6569742800 -0.2942306000
0.0069247900 1.6723591600 -0.2484788700
0.0050998500 1.6708889300 -0.2248453100
0.1932845100 1.6585402500 -0.1571508300
0.2009040700 1.6262106600 -0.1822284600
0.0877244100 1.6609627200 -0.2983100100
0.0039543200 1.6713069000 -0.2308118000
0.0343665600 1.6709841800 -0.2028812000
0.0774186700 1.6568299300 -0.1484154000
0.1131370500 1.6552110600 -0.1256846000
0.1260741300 1.6583790800 -0.1352360700
0.2017205000 1.6420100100 -0.1917793200
0.2247455300 1.6383290500 -0.2137559600
0.2039441200 1.6398072200 -0.2309223800
0.1753555700 1.6355701100 -0.2707982100
0.1266492200 1.6581106800 -0.2959752300
0.0932315800 1.6540077300 -0.3116404600
0.0012610300 1.6837768300 -0.2308700500
0.1901787400 1.6367191600 -0.2521502500
0.0014345200 1.6786364500 -0.2541443900
0.0168880600 1.6650012200 -0.2220799700
0.0869004400 1.6594248200 -0.1431132900
0.0663899300 1.6717678400 -0.2914120800
0.0044727700 1.6849052000 -0.2622395500
-0.0027389800 1.6831958900 -0.2533840600
0.2046086000 1.6443937000 -0.1962908400
0.2008319500 1.6488526100 -0.2344517000
0.0619530900 1.6672645900 -0.2869765700
0.0381439100 1.6749972900 -0.2588904100
0.0798524500 1.6718313300 -0.2995126900
0.0452610800 1.6729701600 -0.2709182900
0.0440443600 1.6889929200 -0.1733723300
0.2006235700 1.6437007100 -0.1766543600
0.2212164500 1.6444522200 -0.2010238100
0.1968567400 1.6398678900 -0.2376898800
0.0273181200 1.6761731600 -0.2103762800
0.0402304800 1.6740593600 -0.1827709900
0.0928932600 1.6649332400 -0.1385019300
0.1678143600 1.6658348500 -0.1436743300
0.1978355800 1.6575380000 -0.1657381800
0.2014223400 1.6524527800 -0.1919929100
0.2162930300 1.6460426500 -0.2279581000
0.1056395800 1.6653825200 -0.2983970100
0.0965042800 1.6639714700 -0.3056388900
0.0506419100 1.6642807300 -0.1679257000
0.1000189100 1.6636835600 -0.1246356700
0.1025110600 1.6690337900 -0.1271648600
0.1824295300 1.6426332300 -0.2636190800
0.1644652600 1.6628277600 -0.2825748200
0.0755270100 1.6730900100 -0.2954555500
-0.0000375300 1.6880553000 -0.2478892500
0.0105489100 1.6770731400 -0.2153315300
0.1066706100 1.6700902900 -0.1367705800
0.2273614400 1.6488530900 -0.2089460200
0.2244862700 1.6460619200 -0.2205652700
0.2116610200 1.6611888100 -0.2241847600
0.1858496800 1.6606935800 -0.2583560100
0.0814541200 1.6759016900 -0.3103329700
0.0070991200 1.6859057300 -0.2224143300
0.0389003800 1.6886956000 -0.1827117200
0.0729449800 1.6719159700 -0.1475038200
0.0953247300 1.6668971700 -0.1266617700
0.1837432200 1.6576192800 -0.1498874200
0.2176750300 1.6555109400 -0.2023814500
0.1947558900 1.6589627400 -0.2393040500
0.1754111700 1.6671978300 -0.2745316200
0.1706708500 1.6571581800 -0.2778452800
0.0547986600 1.6793965600 -0.2831264600
0.0374683000 1.6836363700 -0.2601898500
-0.0013840500 1.6953765600 -0.2399225200
0.0053326400 1.6956023400 -0.2222284900
0.0786703200 1.6730318100 -0.3110535800
-0.0017143200 1.6949848900 -0.2457388000
0.0205655100 1.6948871200 -0.2095562900
0.0827654600 1.6807096200 -0.1418382500
0.2169500300 1.6651695600 -0.2049356500
0.0291508800 1.6898363300 -0.2040448800
0.0983208200 1.6789183700 -0.1262542900
0.2056050100 1.6627294000 -0.1986991600
0.0891462000 1.6752648100 -0.2984617100
0.0743361200 1.6886864800 -0.3095422800
0.0437372800 1.6870547600 -0.2711801600
0.0087291400 1.6924523700 -0.2509184700
0.0336304500 1.6906569600 -0.1967965000
0.1105476800 1.6764739700 -0.2967945300
0.0878797600 1.6833026500 -0.2976995300
0.0712078700 1.6841445100 -0.1474590600
0.1197195400 1.6769473400 -0.1368852800
0.2194769100 1.6629637900 -0.2151460500
0.1798487800 1.6679901900 -0.2686052100
0.0836723100 1.6882276700 -0.3064746400
0.0746257800 1.6851629400 -0.2990927100
0.0179466700 1.6960077700 -0.2664811000
0.0124392000 1.6966541400 -0.2600003200
0.2017419600 1.6660451700 -0.2302294200
0.1889345700 1.6700133100 -0.2478196400
0.1512969000 1.6653696500 -0.2885110100
0.0567123500 1.6902102500 -0.2859714000
0.0525503800 1.6886783700 -0.1632915900
0.1097236100 1.6842087300 -0.1323800200
0.1777433100 1.6758011900 -0.1484700700
0.1877833500 1.6789903400 -0.1614285900
0.0492091200 1.7053976700 -0.2772047500
0.0348921600 1.6968291100 -0.2632585100
0.0139197300 1.7040799700 -0.2560169100
0.1383372300 1.6677426500 -0.1373877600
0.1547681400 1.6847565500 -0.1395563300
0.1963608100 1.6674123700 -0.1707063500
0.1978568500 1.6785753000 -0.1730721200
0.1990037200 1.6739441800 -0.1938750600
0.1947843900 1.6763259200 -0.2322072500
0.1824320400 1.6765840200 -0.2610577000
0.0935403300 1.6932706700 -0.2988940200
0.1078692800 1.6875949300 -0.2938624500
0.0000145900 1.7044795200 -0.2493558800
-0.0020587600 1.7048259800 -0.2393638700
0.0065141800 1.7032591000 -0.2270342600
0.0548286000 1.7018279600 -0.1571358100
0.1288259600 1.6874543500 -0.1380227400
0.2135888900 1.6798186500 -0.2161708600
0.1599450300 1.6847123500 -0.2812140400
0.0029383700 1.7119665500 -0.2292008900
0.0316485900 1.6999310400 -0.2006792900
0.1316320700 1.6771276700 -0.2934022100
0.0721418700 1.6988112100 -0.3115258100
0.0201773500 1.7049405600 -0.2619126700
0.0230698200 1.7059859600 -0.2092236700
0.1745629100 1.6863780800 -0.2670924700
0.1054822700 1.6993067100 -0.2945541300
0.0754866000 1.6999943900 -0.2935890800
0.0371602800 1.7042874200 -0.2602622500
-0.0027205600 1.7131705800 -0.2409369000
0.1154233000 1.6925539600 -0.1312991700
0.1784695500 1.6851873700 -0.1485625100
0.1959060200 1.6851198100 -0.1689615300
0.0211761200 1.7115171600 -0.2097612800
0.0439403600 1.7053153700 -0.1674578500
0.0979257000 1.6947353500 -0.1269199600
0.2107965700 1.6841242800 -0.2073186600
0.2004917700 1.6819665100 -0.2235749900
0.1934969400 1.6893291000 -0.2292202500
0.1407643800 1.7019996100 -0.2850993200
0.0615736300 1.6987497800 -0.2883267000
0.0123066300 1.7097732900 -0.2471737500
0.0995489700 1.7032568700 -0.1343355800
0.1912167700 1.6928428600 -0.1540309900
0.1986523400 1.6875190800 -0.1763468300
0.1900038500 1.6852903800 -0.2490068200
0.1169539400 1.6980454900 -0.2896890100
0.0882026600 1.6999454500 -0.3011924200
0.0816517400 1.7095706900 -0.3104583600
0.0755731100 1.7045733600 -0.3077214300
0.0407691000 1.7131399700 -0.2672322400
0.0242375000 1.7155363300 -0.2653783100
0.0127933500 1.7160391000 -0.2483697600
0.1167291600 1.6987857300 -0.1334691600
0.1503444400 1.6939284200 -0.2835719700
0.0907328600 1.7089400400 -0.3046771400
0.0187179700 1.7121467300 -0.2618572200
0.0112549200 1.7140878600 -0.2201387400
0.0343887500 1.7133393600 -0.1964662800
0.1551026200 1.7028939500 -0.1393403800
0.1972095400 1.6871025400 -0.1961674700
0.2097075800 1.6894541000 -0.2036078400
0.2063708800 1.6913965600 -0.2213832300
0.0685066600 1.7167240100 -0.2890149700
-0.0003623800 1.7174549800 -0.2471738000
0.0663416800 1.6988020200 -0.1478123500
0.2106691200 1.6905297400 -0.2131459800
0.1883481800 1.6917025600 -0.2518156100
0.1772618400 1.6936756200 -0.2665552300
0.1648248900 1.6942584300 -0.2760913200
0.0837623100 1.7110196900 -0.2925263600
0.0323324500 1.7265921000 -0.1992918200
0.2078581300 1.6962014900 -0.1695882700
0.2139101800 1.6963951900 -0.1944971800
0.2008834500 1.7005289300 -0.2476775400
0.0401561300 1.7114719100 -0.1737195900
0.1717969700 1.6928070500 -0.1440696400
0.1807466900 1.7033597200 -0.2686882000
0.0899392600 1.7150596200 -0.2925710900
0.1039774900 1.7157199200 -0.2914705000
0.0571897100 1.7131180700 -0.2851210200
0.0020687600 1.7302538700 -0.2309245800
0.0128355500 1.7220556700 -0.2224306100
0.0215681800 1.7195660900 -0.2120356700
0.0386994300 1.7236885400 -0.1907487400
0.0805866500 1.7091981100 -0.1401859800
0.1313087700 1.7023361000 -0.1365751100
0.0976879800 1.7133529700 -0.2947123800
0.0394697500 1.7218687200 -0.2655383300
0.0184556600 1.7251419200 -0.2403114900
0.0010991400 1.7290733800 -0.2343823000
0.0984755400 1.7106326000 -0.1339479700
0.2109897700 1.6963498500 -0.1809874100
0.2108559100 1.7021662800 -0.2338558700
0.1960813900 1.7027631000 -0.2575058100
0.1596853000 1.7098107300 -0.2776678600
0.0277519100 1.7227533600 -0.2643546700
0.0226479800 1.7208479100 -0.2612839300
0.2172162900 1.7024783200 -0.1982757600
0.0600560900 1.7282140800 -0.2816209700
0.0061858200 1.7287825900 -0.2369228700
0.1374742100 1.7158819300 -0.2849049200
0.0410801700 1.7304284700 -0.2635966500
0.0201125100 1.7282267600 -0.2211489500
0.0445128800 1.7250692700 -0.1730303900
0.1423277700 1.7120756000 -0.1359805000
0.1663466800 1.7077580800 -0.1414407400
0.1787210000 1.7065203300 -0.1463314700
0.0493805900 1.7292074300 -0.2729418900
0.0203595400 1.7346516600 -0.2404460400
0.0770444900 1.7354190500 -0.1437589800
0.2025177000 1.6973571800 -0.1604491300
0.1914719500 1.7068652800 -0.2616123900
0.0020251900 1.7358302100 -0.2311170100
0.0505262300 1.7199951600 -0.1617534200
0.2148992900 1.7034366100 -0.2236843700
0.0286110600 1.7368647600 -0.2593832300
0.0041345900 1.7357291400 -0.2366598100
0.2179642000 1.7103003500 -0.1960789900
0.1699486600 1.7140505000 -0.2722261000
0.0124933600 1.7419258900 -0.2344560900
0.0239174900 1.7341278400 -0.2166218600
0.1134404400 1.7100601600 -0.1325191800
0.2156231900 1.7134859700 -0.2275746300
0.1828490100 1.7173454500 -0.2625929100
0.1052148900 1.7253168700 -0.2902196200
0.0797440900 1.7258359700 -0.2907761100
0.2098873600 1.7217139100 -0.1796936400
0.0435882500 1.7412188300 -0.2588775700
0.0275841000 1.7426169100 -0.2588983500
0.0225410100 1.7394898200 -0.2394401500
0.0069012600 1.7413190800 -0.2241635300
0.0368769400 1.7413219400 -0.1991239000
0.0433623600 1.7366272200 -0.1894556700
0.2164247400 1.7089967600 -0.1870769600
0.2108895600 1.7118915600 -0.2369989600
0.2043664200 1.7166443300 -0.2431356400
0.0282540400 1.7475956100 -0.2588542600
0.0518324900 1.7371791300 -0.1675879900
0.0981924500 1.7357257200 -0.1338668400
0.1635478600 1.7202925400 -0.1389401300
0.1892079700 1.7073334400 -0.1539982800
0.1462411100 1.7351885400 -0.2814276000
0.0316822400 1.7509473000 -0.2633660100
0.0108065900 1.7490640200 -0.2277116700
0.1121463100 1.7398633500 -0.1310480800
0.0721572800 1.7482283300 -0.2821082700
0.0488826800 1.7481636300 -0.2629518100
0.0243134600 1.7531226700 -0.2522387600
0.0079798000 1.7489524300 -0.2221992900
0.0231647000 1.7438634800 -0.2164988900
0.0633529400 1.7378754700 -0.1548034000
0.1717520200 1.7244144300 -0.1421910500
0.2004169900 1.7141656200 -0.1668093100
0.2125216300 1.7260052800 -0.2207550300
0.0614499700 1.7492369100 -0.2754572100
0.0204308400 1.7461009800 -0.2375201200
0.0366201700 1.7480103700 -0.1988792600
0.0509643900 1.7489466200 -0.1857910800
0.1431386600 1.7260105700 -0.1334061400
0.1842383800 1.7285981600 -0.1521007100
0.2048347900 1.7263435600 -0.2388836500
0.1941951700 1.7221823400 -0.2505522700
0.0257784300 1.7494351800 -0.2187104600
0.1638165300 1.7391836200 -0.1402776300
0.0164142100 1.7575993300 -0.2330632900
0.0436186600 1.7550290400 -0.1956620600
0.2131770300 1.7233236600 -0.1911907400
0.2150722800 1.7226528000 -0.2019858500
0.1614993000 1.7375086800 -0.2735532400
0.1318787900 1.7354422700 -0.2861078800
0.0980993600 1.7419316700 -0.2899579300
0.0867508300 1.7485709200 -0.2870690800
0.0360585600 1.7605600700 -0.2590797800
0.0247209100 1.7587346900 -0.2180130600
0.1846945600 1.7398978800 -0.2562072600
0.0759823600 1.7598561300 -0.1554368800
0.2117772700 1.7393809100 -0.1966834800
0.1096679500 1.7438765800 -0.2885685500
0.0256402300 1.7625834700 -0.2367337300
0.0152144500 1.7649078600 -0.2298505900
0.0115596200 1.7567123200 -0.2231654600
0.1850200500 1.7422242500 -0.1559197200
0.2104127000 1.7364578200 -0.1854664700
0.0810365800 1.7652792400 -0.2790426100
0.0532609900 1.7605149500 -0.2583292400
0.0242134100 1.7584715400 -0.2443847400
0.0795369500 1.7471343700 -0.1455592200
0.1652666600 1.7501304500 -0.1460515300
0.1986188800 1.7343119900 -0.1645264300
0.1942405600 1.7380046400 -0.2477564500
0.0389709100 1.7576562800 -0.2042397400
0.0581292300 1.7506913700 -0.1719851300
0.0959664600 1.7522737800 -0.1384501500
0.2093488500 1.7412852700 -0.2178040700
0.0961189900 1.7668019800 -0.2817621100
0.0312593300 1.7683244000 -0.2568707200
0.0225456800 1.7693907700 -0.2396151700
0.0168543300 1.7674405800 -0.2255102300
0.0555948600 1.7579349200 -0.1860052600
0.0678214100 1.7688969300 -0.1727680200
0.1210445400 1.7544028400 -0.1360357700
0.1522818800 1.7412917400 -0.1355741100
0.2111027700 1.7403446400 -0.2059401000
0.2071480100 1.7375962200 -0.2300330400
0.2021926200 1.7427244800 -0.2365495600
0.1468628800 1.7482299900 -0.2781249100
0.0346131200 1.7636957000 -0.2075892600
0.0695175000 1.7607707400 -0.1627648900
0.1686388700 1.7507543800 -0.2618638900
0.0479766800 1.7637782700 -0.2556462400
0.0620608200 1.7689672700 -0.1868002700
0.1362498300 1.7462921500 -0.1337439400
0.2073658000 1.7363240700 -0.1768528900
0.1425077800 1.7575631700 -0.2748335300
0.1060514000 1.7599024200 -0.2844438000
0.0648810000 1.7671294300 -0.2693347400
0.0369185400 1.7737015800 -0.2102561600
0.0489940400 1.7672538200 -0.1932389600
0.1063448500 1.7612513100 -0.1392181100
0.1991902900 1.7419494700 -0.1678198900
0.1979394900 1.7545602800 -0.1776402400
0.2072331600 1.7453062900 -0.1863948100
0.2006026400 1.7570718400 -0.2169036500
0.1504346400 1.7542913700 -0.1410274400
0.1809237400 1.7527221600 -0.1571811800
0.0733218000 1.7705485100 -0.2718341700
0.0270936300 1.7704501600 -0.2481563700
0.0204427700 1.7746002700 -0.2293543400
0.0949022500 1.7692280100 -0.1478798300
0.0570434900 1.7716373200 -0.2501862300
0.1180596700 1.7620330600 -0.2817917600
0.0610177600 1.7797519700 -0.2489656400
0.0260701200 1.7758372200 -0.2182153600
0.0415688400 1.7778557100 -0.1978739900
0.2041139000 1.7527227800 -0.2091907200
0.1927010400 1.7497235800 -0.2433481900
0.0650283100 1.7738043700 -0.2622572900
0.0425489700 1.7770920400 -0.2519992100
0.0440937700 1.7847883900 -0.2474347500
0.0328825100 1.7754588900 -0.2305531500
0.0299335700 1.7785030200 -0.2236035500
0.2018634100 1.7556166600 -0.1919408000
0.1831752600 1.7548071600 -0.2487844900
0.0744787500 1.7792406300 -0.2686753600
0.0704539500 1.7775671300 -0.1785281600
0.0768612900 1.7735841300 -0.1650245900
0.1368019500 1.7670305400 -0.1470260000
0.1952039700 1.7612845700 -0.2241115100
0.0398471800 1.7836239200 -0.2420155600
0.1074098600 1.7749152100 -0.1480076800
0.1189220400 1.7665742000 -0.1409475600
0.1765802400 1.7622995300 -0.1617312900
0.2042113300 1.7584818700 -0.1933469700
0.2227657600 1.7543608000 -0.2178648700
0.1617852400 1.7629107100 -0.2577658900
0.0919773600 1.7793182000 -0.2738561100
0.0681187900 1.7848277100 -0.2547783600
0.0283118100 1.7813858100 -0.2101824400
0.1068043200 1.7759844900 -0.2760332200
0.0543644400 1.7788881900 -0.1882244200
0.0655428400 1.7787978800 -0.1837385800
0.1916503400 1.7560660300 -0.1693303100
0.2226355600 1.7612275100 -0.2223014300
0.1758433900 1.7639712500 -0.2463377000
0.0500915200 1.7878985000 -0.2487954400
0.0335200100 1.7850923400 -0.2256292900
0.0886421700 1.7795232400 -0.1590433100
0.1210340000 1.7746391000 -0.1485524400
0.2220176200 1.7582567600 -0.1880730100
0.2045142100 1.7608538200 -0.2231655600
0.1303241100 1.7700789400 -0.2708096100
0.0318639000 1.7879927700 -0.2028959100
0.0406283600 1.7837511100 -0.1939408500
0.1954044800 1.7631307400 -0.1885459600
0.1453805100 1.7718169500 -0.2587492200
0.0728613600 1.7900889800 -0.2535520700
0.0422558700 1.7914083200 -0.1983663800
0.1817163700 1.7696377200 -0.1761111000
0.1868940100 1.7681218100 -0.2267913000
0.1827734700 1.7674135400 -0.2350914200
0.1677314600 1.7737333600 -0.2407767200
0.1260693800 1.7800532600 -0.2597626100
0.1017770100 1.7880610000 -0.2648708200
0.0884988800 1.7887033900 -0.2633820700
0.0448023600 1.7929843900 -0.2392974100
0.1613388100 1.7686892500 -0.1583322900
0.1873236800 1.7706877600 -0.1898232500
0.2279672200 1.7636995600 -0.1965199300
0.2226952400 1.7627575000 -0.2120637300
0.2268931100 1.7638013000 -0.1887271000
0.0550672000 1.7887792900 -0.1863956900
0.0785125400 1.7851931200 -0.1756686100
0.0891648200 1.7852450400 -0.1648554300
0.1196957300 1.7822194900 -0.1578208000
0.1348316900 1.7779636600 -0.1567057500
0.2069453400 1.7662714800 -0.1839916500
0.1953049500 1.7691020600 -0.2243331900
0.1813305700 1.7742456100 -0.2235415900
0.1135642700 1.7838508500 -0.2674640600
0.0640588600 1.7916446500 -0.2494916500
0.0557182800 1.7946989200 -0.1981479500
0.0611611800 1.7948647600 -0.1916675800
0.1459838400 1.7798893900 -0.1644598700
0.2012721700 1.7710170500 -0.1838623900
0.1980272900 1.7770172700 -0.2184624800
0.1394100800 1.7821820500 -0.2495705000
0.0543675900 1.7958066800 -0.2453568600
0.0388096900 1.7934865000 -0.2172458600
0.0804066200 1.7918873200 -0.1842877700
0.1320384600 1.7857099600 -0.1643115200
0.1707533700 1.7732148600 -0.1700706200
0.1674865500 1.7799837000 -0.1796964700
0.0438950500 1.7948160200 -0.2070303400
0.1885816300 1.7767541800 -0.2219497500
0.1545840700 1.7838804700 -0.1777634800
0.2255431400 1.7701933300 -0.1925139500
0.2184460500 1.7715425500 -0.2145387100
0.0825383300 1.7962289400 -0.2496210000
0.0541655900 1.8063569200 -0.2037449400
0.0695688900 1.7864455400 -0.1833369000
0.1047110400 1.7898175900 -0.1682449200
0.1725141900 1.7780495000 -0.2260490400
0.1533819000 1.7871719400 -0.2328681800
0.1504396300 1.7838020600 -0.2389819600
0.0961221400 1.7954675600 -0.1829339200
0.1994294400 1.7779661000 -0.1832055900
0.2132737400 1.7718253400 -0.1915486500
0.2046535200 1.7797566500 -0.1900225100
0.1137407400 1.7945345200 -0.2493993000
0.0403724500 1.7975929700 -0.2276817800
0.0454659000 1.8036668300 -0.2113065500
0.1833708000 1.7803180300 -0.2286561100
0.1245128700 1.7874885500 -0.2544221300
0.0713001100 1.8024364900 -0.2455851700
0.0427665800 1.7986327800 -0.2381443700
0.0470957000 1.8086987200 -0.2258902000
0.0698470100 1.8033525900 -0.1917922100
0.1094325000 1.7959906300 -0.1827614400
0.2258083500 1.7744379600 -0.2011753300
0.2151757700 1.7814984300 -0.2086510400
0.1999930900 1.7877284300 -0.2128613000
0.1870958900 1.7852101000 -0.2270233400
0.1255828700 1.7966560400 -0.2374747200
0.0930767100 1.7995519400 -0.2462280800
0.0757305600 1.8089061200 -0.2413523200
0.1073581800 1.7995044800 -0.2424345200
0.0643961100 1.8064806500 -0.2397110700
0.0850654300 1.8019403200 -0.1907167400
0.1693284900 1.7853171000 -0.2290122200
0.1390130300 1.7932199000 -0.2340391100
0.0703568700 1.8097800700 -0.2037844800
0.0997165400 1.8043177700 -0.1925866600
0.1348839300 1.7916047600 -0.1787576400
0.1855461100 1.7870960200 -0.1855026200
0.1812375300 1.7913244200 -0.2229898100
0.1259293500 1.8003616300 -0.1867223900
0.1964604700 1.7926179400 -0.1847783300
0.1609373300 1.7928324900 -0.2268356400
0.0612543600 1.8152420700 -0.2133099800
0.1595502900 1.7922860800 -0.1864994300
0.2201105000 1.7800336300 -0.1930293100
0.1739951800 1.7951180000 -0.2208451800
0.1391204600 1.7994383000 -0.2301412100
0.0906977300 1.8069694000 -0.2386775000
0.2063609800 1.7896879200 -0.1913419600
0.2077353600 1.7899734100 -0.2080521600
0.2014196400 1.7956537900 -0.2119796700
0.0847227800 1.8140254400 -0.2289644100
0.0699652700 1.8138221700 -0.2369584000
0.0537479900 1.8144346900 -0.2201313400
0.0867947000 1.8085441900 -0.2011537400
0.1092232600 1.8053938300 -0.1918933000
0.1481122500 1.8027237800 -0.1860858100
0.1747937000 1.7941109400 -0.1910324400
0.1862729800 1.7953737000 -0.1853845900
0.2099250800 1.7904198600 -0.2015617300
0.1021860800 1.8120566600 -0.2272755600
0.0674517400 1.8205591900 -0.2311154200
0.0575028100 1.8147926500 -0.2261883000
0.1565415400 1.8006405500 -0.1935331300
0.1856798800 1.7973145600 -0.2201429700
0.1582577600 1.7991962100 -0.2158548200
0.1396914600 1.8029099700 -0.2267371600
0.1118284800 1.8046967100 -0.2362656600
0.1146963700 1.8136644700 -0.2201090700
0.1473148400 1.8074353200 -0.1904229600
0.1719778300 1.8007961100 -0.2202001200
0.0754250000 1.8170883500 -0.2091066000
0.1235813800 1.8068920000 -0.1961099300
0.1776539600 1.8015196200 -0.1926724200
0.1939625600 1.7976995500 -0.1920472500
0.1831228200 1.8057736800 -0.2184301800
0.0983987500 1.8189873400 -0.2189263700
0.1239878200 1.8155661200 -0.2180048100
0.0870384000 1.8180859200 -0.2042568600
0.1584398500 1.8079641500 -0.1947446100
0.1946790500 1.8044150400 -0.2020574500
0.1653292700 1.8040080400 -0.2261084700
0.1501212500 1.8089459300 -0.2287583400
0.1411772200 1.8107540900 -0.2267734400
0.1339458200 1.8085900300 -0.2198264500
0.0676647100 1.8221402100 -0.2208291600
0.0975424800 1.8147459900 -0.2002392400
0.1058439700 1.8129671100 -0.1988938800
0.1226028600 1.8136524300 -0.1962344600
0.1394531800 1.8126912400 -0.1934256100
0.1596995300 1.8120807000 -0.2236542500
0.0853511700 1.8262102600 -0.2093557800
0.1901346300 1.8028454900 -0.1944518500
0.1987127400 1.8011859900 -0.2077660800
0.1714574400 1.8125874400 -0.2153065800
0.0902494500 1.8241442700 -0.2200670700
0.1618035400 1.8128042900 -0.1991464400
0.0766055900 1.8279168400 -0.2304995200
0.1111511300 1.8201283000 -0.1982346100
0.0912903100 1.8296503000 -0.2220650500
0.0963612300 1.8267888600 -0.2072328700
0.1555437300 1.8196470700 -0.2156352900
0.1137705000 1.8229845400 -0.2154070400
0.0825302900 1.8325483800 -0.2164495600
0.1483421100 1.8229519100 -0.1994137100
0.1582868200 1.8181681000 -0.2014777300
0.1782500200 1.8160292800 -0.2096762600
0.1741454300 1.8192368500 -0.2139580400
0.1370271300 1.8187975100 -0.2230161800
0.1255423400 1.8250505900 -0.2195233500
0.1701847700 1.8186548300 -0.2068064200
0.0895899300 1.8345932600 -0.2048215900
0.1343143900 1.8244026200 -0.1964697600
0.1581954600 1.8215871500 -0.2094420100
0.1140646900 1.8300490000 -0.2156905900
0.0881121000 1.8327943900 -0.2211615000
0.1331553500 1.8294592700 -0.2065403100
0.1270763600 1.8331863200 -0.2127392900
0.0998634000 1.8370173200 -0.2113733400
0.1080128400 1.8343052700 -0.2109643300
0.0436313400 1.5467442500 -0.3101562800
0.1694141300 0.9706137400 0.0551380200
-0.0161099500 0.6153972100 -0.4360132400
0.1221467100 1.4865514800 -0.3137541800
0.0171129700 1.6208951400 -0.2486155700
-0.0172635600 1.4968480800 -0.4139498100
0.0024298500 0.8990979800 -0.4245626400
-0.1507289300 0.0753574200 -0.4513105400
-0.1271082500 0.1765887700 -0.3905582800
-0.0685565700 0.2339718100 -0.3838876800
-0.2106240700 0.1447460300 -0.4913327400
-0.0469264500 0.9755337100 0.0161099500
-0.0416054600 1.3219567600 -0.0371477700
-0.0401386900 1.2971238000 -0.0402984100
0.0552469500 0.7276003800 0.0159849500
-0.0635848900 0.2715121400 -0.3605690500
-0.1591719400 0.0811387100 -0.4450316400
0.0336887900 1.1687728400 -0.3519313000
-0.0988276600 0.1245718500 -0.4149758300
-0.1916895900 0.1990910900 -0.5013920100
-0.1743981100 0.1663802400 -0.5313447700
-0.1020304700 1.2942588700 -0.3609530600
-0.0169941100 0.8743239800 -0.4346179000
0.1415742900 0.5578549900 -0.0353349000
-0.2080895000 0.1346220100 -0.4771217700
-0.0282464000 1.2457396200 -0.0750005400
0.1220356600 1.6273811000 -0.1417058900
0.0530947100 1.4720757200 -0.0337840900
-0.1050169200 1.3889712100 -0.3442589600
-0.0882150000 0.0787718700 -0.4430525600
0.0956606900 0.9428421300 -0.3299718900
0.0696929800 1.6871648000 -0.2939207700
0.0115895300 0.8921406000 0.0311518900
0.1433112600 0.5424667000 -0.0314215700
-0.0268026200 0.4750324200 -0.4636454900
-0.0904895100 1.3415673400 -0.3282089000
-0.1673504600 1.1003188000 -0.2836093800
-0.1584464000 1.1078439500 -0.3087894800
-0.0044278700 0.1639410100 0.0178195600
-0.0518949100 0.9114421800 -0.4076969900
0.0157638000 1.5286493200 -0.3595098800
0.1367078200 0.9500630800 -0.1209872200
0.0047853700 0.8794179800 -0.4286139900
-0.0858873800 0.1916074400 -0.0059118100
-0.1096332400 0.2047213400 0.0058204900
-0.1033066200 1.3048780600 -0.3585633600
-0.1034841700 1.3213721900 -0.3621130400
-0.1105644600 0.1880166100 0.0716092700
-0.1166376100 0.1975276400 0.1021670500
-0.0643531200 1.3357232200 -0.0735262100
-0.1086049500 1.0467213500 -0.3815441100
-0.1533309500 0.1434731900 -0.4555674800
0.0639038000 1.2685186900 -0.0278931000
0.0070207000 1.2472075100 -0.3682106400
0.0440271300 1.7473439000 -0.2605684700
-0.1716864500 1.0753312100 -0.2273514900
-0.1795248400 1.0854779400 -0.2398113300
-0.1798333600 1.0806588700 -0.2108360700
0.0374923700 1.6537127300 -0.2589849000
-0.0890131900 0.7039339900 -0.3974250500
-0.0713747700 0.7060364900 -0.3943970800
-0.1055979900 1.3632237000 -0.3580321200
-0.0043502400 0.1280019600 0.0615514400
0.0043343700 0.1240152300 0.0378041200
0.0065818500 0.1260047400 0.0786455500
-0.0026785800 0.1256740800 0.0349726400
0.0756318400 1.8197476500 -0.2325550400
0.0707929500 1.8173942200 -0.2418356100
0.0802936300 1.2453976600 -0.3458218900
0.1006079800 1.2416598400 -0.3527712100
-0.0363472200 1.0042930100 0.0118403100
0.1721212000 1.5615977800 -0.2313067800
0.1824505600 1.5608643200 -0.2183741300
0.1971637300 1.5641112700 -0.2110202400
0.1600062600 1.5656350300 -0.2440039800
0.1778550000 1.5618341700 -0.2050967400
0.0025459900 0.1284340300 0.0508818500
0.0150656100 1.6878474000 -0.2657981900
0.0148473500 1.6754304700 -0.2598059200
0.0362246100 1.6680701000 -0.2534453800
0.0205911400 1.6718450100 -0.2585374200
0.0307868500 1.6812242000 -0.2582718800
-0.1262547800 0.2164542900 0.0615690600
-0.1418700500 0.2203660300 0.0495240200
-0.1154969400 0.2218653100 0.0867720800
0.2212618600 1.7592240500 -0.2044639200
0.2069402700 1.7559275900 -0.2005785200
0.2055440100 1.7556227900 -0.2106776100
0.2152922200 1.7599724300 -0.1869198800
-0.1231111200 1.0723480300 -0.0520384000
-0.1238348200 1.0845260600 -0.0720711400
0.1525691400 1.4715051800 -0.2105871800
0.1690520000 1.4602335300 -0.2042501600
0.1522299200 1.4789406800 -0.1902647900
0.1586689100 1.4618684700 -0.2179839900
0.0253129700 1.2108807600 -0.3717558600
-0.1948259200 0.1833778800 -0.4530432600
-0.1682359800 0.1643007300 -0.4374287300
-0.2028958200 0.1884404000 -0.4698388800
-0.1047501300 0.1525087000 -0.0329356400
-0.0867029200 0.1410101200 -0.0195506800
-0.1219180500 0.1670996200 -0.0230498400
-0.1323974600 0.1708767300 -0.0127967300
-0.1145228400 0.1600950700 -0.0146729200
-0.0881889800 0.1411094500 -0.0136975200
-0.1062731100 0.1543392300 -0.0086674700
-0.0050824900 0.1816726700 0.0182715000
0.0071639200 0.1670624200 0.0303451500
0.0249947500 0.1733149800 -0.0052634500
0.0236207700 0.1529649100 0.0336625300
0.0308276000 0.1561552600 0.0184603900
-0.1168828600 0.1348207400 -0.4385779300
-0.1143903800 0.1316671000 -0.4545889300
-0.1495323500 0.1477801700 -0.4206142300
-0.1385275400 0.1420009500 -0.4326430100
-0.1250615900 0.1457719100 -0.4078072800
-0.1368081000 0.1482703200 -0.4110977400
-0.0517212500 0.8720674600 -0.4119942500
-0.0514148800 0.8570712700 -0.4138963600
-0.0675393300 0.8605931400 -0.4167519700
-0.0552424100 0.8941474800 -0.4113737900
0.0884047000 1.6804155200 -0.1360258900
0.0915883800 1.6859759600 -0.1230923200
0.0863345000 1.6945808500 -0.1377161400
-0.0159938900 0.0819122700 -0.4759925200
-0.0102528500 0.0830360600 -0.4880356300
0.0069559300 0.0794539300 -0.4622341100
0.0070449800 0.0824278600 -0.4767236600
0.0165263500 0.0831284000 -0.4832534300
-0.0096748400 0.0776632600 -0.4549921300
-0.0082224400 0.0829234300 -0.5159234200
0.0124852000 0.0842720900 -0.4976702000
0.1961503400 0.9274144400 -0.0283753700
0.2113084100 0.9134683900 -0.0296872600
0.2092002900 0.9101664100 -0.0226479400
0.1722925500 1.7868516600 -0.1807036600
0.1775041300 1.7766248800 -0.1851231900
0.1439847400 1.7885597400 -0.1759468600
0.1896432600 1.7804969500 -0.1836460300
0.2315070000 0.8983355500 -0.0051846400
0.2295085400 0.8951291900 -0.0016181300
0.0950329900 0.0759288300 0.0164398200
0.0537048200 0.0874148100 0.0484736300
0.0758141500 0.0821374500 0.0565273400
0.0755759400 0.0823134600 0.0315634900
0.0343145700 0.0875346100 0.0107730900
0.0504899900 0.0863081900 0.0222301700
-0.0411216800 0.9978268700 -0.4056083400
-0.0460504300 1.0192157200 -0.4106779000
-0.0522284400 1.0041261700 -0.4110965000
0.1220902200 0.4925384900 -0.0337626000
0.1232744800 0.5186557700 -0.0296236500
0.1099633100 0.5115353900 -0.0355261900
0.1181146800 0.4809450500 -0.0381661900
0.1144651300 0.4565748200 -0.0404866000
0.1173326200 0.9444590400 -0.2696630800
0.1234700300 0.9515829800 -0.1892061100
0.1109078300 0.9422845100 -0.2611181500
0.1345750800 0.9494968200 -0.1365838300
0.1411861000 0.9486035000 -0.2527166800
0.1361888000 0.9517067400 -0.2151587500
0.1496961900 0.9544731400 -0.1941190700
0.1400698100 0.9525443100 -0.1624105300
0.1327097900 0.9466325900 -0.2417657600
0.1433817300 0.9493482300 -0.2632451500
-0.0624367000 1.2878057200 -0.0648098200
-0.0425829900 1.2736771300 -0.0724798600
-0.0318088200 1.2555684500 -0.0739171500
-0.0682807300 1.3200674800 -0.0705900400
-0.0626470400 1.2973353200 -0.0671695100
-0.0419849300 1.2501592600 -0.0655810800
-0.0473406400 1.3048851900 -0.0783950700
-0.0562695600 1.2637745400 -0.0598478900
-0.0515723300 1.2522754500 -0.0587816600
0.1232487500 1.8262134300 -0.1992953800
0.1182291600 1.8343153800 -0.2085387000
0.1407196000 1.8278579900 -0.2128837500
0.0155877500 1.1286707400 -0.3536703300
0.0243599600 1.1565250500 -0.3532929200
0.0101598300 1.1211591900 -0.3532376000
-0.0170770400 1.0958299900 -0.3569758100
0.0233466800 1.1406094900 -0.3532861300
-0.0296553400 1.0918276700 -0.3629890800
-0.0276067100 1.1055877100 -0.3698520200
-0.0111925300 1.1232087500 -0.3612260700
0.0071566400 1.1414679700 -0.3563266500
0.0009927500 1.3106182700 -0.3922414500
-0.0176840800 1.2833327200 -0.3777597600
0.0104147600 1.3276784300 -0.4020470200
-0.0062242800 1.2995110600 -0.3887382000
-0.0258553600 1.2702316000 -0.3996720300
-0.0072205300 1.2959942200 -0.4107848600
-0.0163584200 1.2862589200 -0.3808085400
0.0068753000 1.3202630100 -0.3908273500
-0.0212529800 1.2783966500 -0.3892084800
-0.0073257900 1.2990809200 -0.3828053900
0.0948437900 0.6442694000 -0.0080306000
0.0948091800 0.5939753000 -0.0217688400
0.0967762600 0.5753927800 -0.0237397800
0.0747873600 1.2150637300 -0.3508952400
0.0634279800 1.1973078500 -0.3496643400
0.0872639000 1.2114812900 -0.3550657400
0.0626070300 1.2076546900 -0.3461442600
0.0714943400 1.2364223000 -0.3437627500
0.0479240800 1.1891628800 -0.3479477100
-0.0571562800 1.2633071800 -0.3670304500
-0.0469801600 1.2489653400 -0.3821428700
-0.0357441000 1.2631508200 -0.3873726900
-0.0531256300 1.2626301800 -0.3641240200
-0.0621301900 1.2576311800 -0.3695885900
-0.0981150000 1.2240640700 -0.3699899600
-0.0407951900 1.2644525900 -0.3733857700
-0.0881696800 1.2300040500 -0.3711956100
-0.0624578200 1.2739987500 -0.3609232800
-0.0720805200 1.2504033600 -0.3715640700
-0.0734997000 1.2869075200 -0.3618679200
-0.0843426400 1.2341033200 -0.3693121100
-0.0679852400 1.2342381900 -0.3792795000
-0.0528467300 1.2496945300 -0.3724669000
-0.0597161100 1.2402458000 -0.3777817600
-0.0487419500 1.2610696100 -0.3680237000
0.0182305700 1.2091096100 -0.0227492300
-0.0298068200 1.2162415600 -0.0104513200
0.0158117200 1.2071681000 0.0057970600
-0.0155471800 1.2104527700 -0.0047112400
0.0509175600 1.2114391200 0.0133154000
0.0455922500 1.2057977400 -0.0017488900
-0.0188012300 1.2173982000 -0.0300125600
0.0306247200 1.2166992800 0.0137135700
0.0211022600 1.2051711300 -0.0154171300
0.0064873500 1.2076065400 -0.0062499300
-0.0494150400 1.2221222800 0.0012181700
-0.0393211600 1.2202964100 -0.0063861000
-0.0006032700 1.2038709900 0.0006870300
0.0053939500 1.1954179000 0.0082908500
-0.0402743400 1.2189655000 -0.0180326200
0.0054845100 1.2058981400 -0.0006305000
-0.0280592800 1.2160749500 -0.0200947700
-0.0045989900 1.2110552100 -0.0173397600
0.0337233400 1.2027948500 -0.0084558700
0.0350898300 1.2127835800 0.0046577800
0.0169063000 1.2069343800 -0.0085202900
0.0239121000 1.2119917700 0.0036813800
-0.2026879900 0.0572998400 -0.5286899900
-0.1076640700 0.0518977500 -0.5550093700
-0.0712322200 0.0352944900 -0.4692168500
-0.2316026600 0.0609300600 -0.5384793500
-0.1987760600 0.0639459500 -0.5617581800
0.0333079400 0.0472194500 -0.5164520000
0.0104129700 0.0409122200 -0.4542012800
-0.0329836100 0.0427845200 -0.5041560300
-0.0141666900 0.0379197200 -0.4503332700
0.0333385000 0.0461599100 -0.4849339600
-0.0911515900 0.0339521400 -0.4781361600
-0.0704760300 0.0468194200 -0.5472211200
0.0479340800 0.0466267000 -0.4853219600
-0.2248961000 0.0508395800 -0.5049220700
0.0391550600 0.0428402400 -0.4657544200
-0.0768845800 0.0412532800 -0.5170921000
-0.0167333100 0.0421609100 -0.4812254600
-0.1089164500 0.0309980900 -0.4792622000
-0.1372877800 0.0549914200 -0.5464242500
-0.1769817000 0.0350370000 -0.4881037900
-0.0508002900 0.0477460800 -0.5562429100
-0.0758665000 0.0509246400 -0.5563366600
-0.2024221400 0.0509621200 -0.5146084200
-0.1911131900 0.0420166800 -0.5016634600
-0.0510651000 0.0358097500 -0.4558009100
0.0290011600 0.0420398100 -0.4599243200
-0.0213269800 0.0468762600 -0.5349432600
-0.1336492000 0.0290733300 -0.4833741300
-0.2285964300 0.0568252000 -0.5197314000
0.0160078200 0.0463821400 -0.4932107600
-0.1922107700 0.0610351100 -0.5470830700
-0.1759346000 0.0556599800 -0.5331364500
0.0066969600 0.0426499200 -0.4651989100
-0.0607115000 0.0501413400 -0.5569717500
-0.0543307600 0.0396742100 -0.4915183100
-0.1307762500 0.0555981400 -0.5549164100
-0.0911541700 0.0370201900 -0.4966607800
-0.0315670900 0.0363238500 -0.4493352900
-0.0959837100 0.0466002000 -0.5399380500
-0.0405945000 0.0390378600 -0.4742755800
-0.1347853700 0.0304603100 -0.4897972500
0.0193887300 0.0471772300 -0.5212011600
-0.0168071100 0.0477754500 -0.5475149800
-0.0045725000 0.0403812600 -0.4582085300
0.0234461100 1.5628402400 -0.1795382700
0.0199337700 1.5595763900 -0.2871084600
0.0139519100 1.5642602700 -0.2604430500
0.0141160400 1.5586354800 -0.1646038900
0.0354898700 1.5583103300 -0.2886930500
0.0193194300 1.5611003600 -0.3105077500
0.0008060800 1.5610636300 -0.2747860100
0.0299253000 1.5569675700 -0.1497329200
0.0676808300 1.5525263000 -0.1395468000
0.0399084500 1.5504730700 -0.3005233300
0.0262465400 1.5630276800 -0.2785939000
0.0453779600 1.5634688000 -0.1650335400
0.0489496800 1.5556952100 -0.1412939700
0.0211202300 1.5586534300 -0.2955040100
0.0160222300 1.5621620300 -0.2749234500
0.0035161700 1.5581435300 -0.1845874100
0.2149911800 1.7706110100 -0.2230144900
0.1084468300 1.8333973600 -0.2159252700
-0.0297212000 0.0569595800 0.1038949800
-0.0149485300 0.0473960700 0.0438968000
0.0293200100 0.0481786900 0.1042837000
0.0422546200 0.0436244200 0.0664101900
-0.0186906600 0.0450266300 0.0142628900
0.0822893600 0.0398418900 0.0759871800
-0.1846314700 0.0768553800 0.0507440800
0.0113975000 0.0441949000 0.0326507700
-0.1526520200 0.0689413800 0.0899898700
-0.1647998500 0.0665072100 0.0566173400
-0.1657024900 0.0774825600 0.0994598700
0.0064598300 0.0412904100 -0.0030559900
-0.1045398100 0.0628275700 0.1012556600
-0.1245091600 0.0644585100 0.1048280100
-0.1344656800 0.0593486300 0.0589390100
-0.1425416200 0.0683236200 0.1045992400
-0.1111905700 0.0583662400 0.0797954700
-0.1306225500 0.0612788700 0.0805968300
-0.1653279700 0.0692100000 0.0722426300
-0.0600336800 0.0631876500 0.1078014300
0.0156135800 0.0505827700 0.1087227300
-0.0942067900 0.0498447000 0.0374027100
0.0793708000 0.0362820400 0.0104299000
-0.0916334600 0.0527295300 0.0593800400
0.0637706000 0.0369606300 -0.0033215700
-0.0489227300 0.0465716200 0.0262960800
-0.1996998000 0.0814854300 0.0430401000
-0.1501212100 0.0577587100 0.0198177100
-0.1598180300 0.0629999300 0.0413643700
-0.1366486900 0.0567945700 0.0264989400
-0.0026109400 0.0533708500 0.1053149900
-0.1517441300 0.0723531700 0.1073663800
-0.0665380600 0.0559095600 0.0840590900
-0.0712827000 0.0464447700 0.0267011600
-0.0633552200 0.0521877100 0.0645255000
-0.0500270500 0.0587560000 0.0998942400
-0.0917070300 0.0476632000 0.0257547200
-0.1759854400 0.0817578300 0.0959022100
0.0558989200 0.0437554400 0.0894944500
-0.0880030400 0.0582236700 0.0904673700
-0.0250250900 0.0503723500 0.0654828600
-0.1680655900 0.0637206300 0.0237775500
0.0945154800 0.0348572100 0.0096953200
-0.1208551300 0.0527685100 0.0286310200
-0.1893128500 0.0867628300 0.0833913600
0.0363940500 0.0402498900 0.0099925700
0.0821359300 0.0369957800 0.0435142800
0.0050010500 0.0505634400 0.0888546000
0.0618735200 0.0401315900 0.0507759100
0.1014557100 0.0365131400 0.0543505000
0.0019984200 0.6664593000 -0.2075973800
-0.0270863800 0.6612448400 -0.2032312800
-0.0071992400 0.6651503300 -0.2035685300
0.0262157200 0.6749688600 -0.2050417900
0.0525847600 0.6854953700 -0.2055331000
-0.0003777500 0.6600462900 -0.1972653400
0.0216691100 0.6374834100 -0.1843798300
0.0345151600 0.6567430200 -0.1889944600
0.0237576400 0.6560951600 -0.1918812500
0.0431391800 0.6776742600 -0.1969291100
0.0344828800 0.6666457300 -0.1946452100
0.0460387100 0.6823924300 -0.2030126100
-0.0158086800 0.6614395600 -0.1996022100
0.0308611900 0.6490438900 -0.1878758900
0.0090950900 0.6455721200 -0.1897958200
0.0083816000 0.6681500000 -0.2008984100
0.0266094200 0.6738277600 -0.2018122800
0.0258087900 0.6281495100 -0.1805613400
0.0255812600 0.6689239900 -0.2110778500
-0.0011993900 0.6383095200 -0.2208330600
-0.0040908800 0.5841577900 -0.2333091900
-0.0259873500 0.6599658100 -0.2108539800
-0.0047971400 0.6092114800 -0.2298721000
-0.0284297800 0.6421611600 -0.2240731500
0.0090139400 0.6050642800 -0.2322889100
-0.0153466000 0.6382902600 -0.2216258900
0.0294122100 0.6322050100 -0.2260826400
0.0388982400 0.6466913100 -0.2219685000
-0.0138463000 0.5959576400 -0.2320967000
-0.0085250900 0.6613154900 -0.2110550700
0.0168542300 0.6372126700 -0.2223695800
0.0152683900 1.2214940600 -0.0294791700
0.0244769700 1.2220196300 -0.0249288300
-0.0182932700 1.2246340400 -0.0325029300
-0.0092890900 1.2120505600 -0.0297517200
-0.0005327400 1.2121519800 -0.0296217700
0.0269679500 1.2321017600 -0.0370079100
-0.0102441100 1.2337367600 -0.0420007500
0.0027015100 1.2553407300 -0.0555981300
-0.0346080300 1.2847393400 -0.0542405600
-0.0088988900 1.2464882400 -0.0471566900
-0.0219923100 1.2488820600 -0.0461421100
0.0208972800 1.2275238100 -0.0347659100
0.0155260100 1.2406795000 -0.0447409000
0.0054381900 1.2497879500 -0.0519172500
-0.0050841800 1.2515956800 -0.0504318700
-0.0074773800 1.2266714100 -0.0373936100
-0.0222638700 1.2819415300 -0.0589141300
-0.0130514900 1.2670909900 -0.0562286000
-0.0212926900 1.2628075200 -0.0513784300
0.0029725800 1.2340382800 -0.0401031900
-0.1604020300 1.2514973700 -0.3753050700
-0.1459807800 1.2184145900 -0.3851800400
-0.1102713300 1.2308216100 -0.3776995600
-0.1521264200 1.2627691900 -0.3628028000
-0.1197346200 1.2234496000 -0.4134676600
-0.1067509500 1.2273846500 -0.4226818900
-0.1232264100 1.2235385800 -0.3987071700
-0.1312749300 1.2401695100 -0.3681430100
-0.1466040300 1.2518794100 -0.3654192500
-0.1328490800 1.2269591300 -0.3843230500
-0.1105062200 1.2331942800 -0.3703374000
-0.1191841300 1.2302261700 -0.3622586200
-0.1083890200 1.2252720100 -0.3948882300
-0.1544820300 1.2305259000 -0.3789120500
-0.1253650400 1.2322177800 -0.3759537200
-0.1300828900 1.2398156400 -0.3596439800
-0.1470284300 1.2492937800 -0.3690744900
-0.1426404400 1.2268370300 -0.3807683700
-0.1166945800 1.2407119700 -0.3593177500
-0.1365731200 1.2365591200 -0.3732720700
-0.1209690100 1.2266758000 -0.3844242000
-0.1026134300 1.2243019900 -0.4058864200
-0.1673359100 0.9420308100 -0.4292365200
-0.1667688700 0.8704789200 -0.4042384900
-0.1683746700 0.8406302100 -0.4087328600
-0.1636012600 0.9221756800 -0.4139575400
-0.2186523700 0.8235839000 -0.4451217700
-0.1849728900 0.8214813500 -0.4447728300
-0.2292657900 0.8230735700 -0.4540156900
-0.1733353000 0.8461388700 -0.4018618000
-0.1962291200 0.8221869200 -0.4158513000
-0.2271092700 0.8265312500 -0.4346580000
-0.1522492400 0.8995367200 -0.4201809700
-0.1970058300 0.8259593500 -0.4255009400
-0.1662853000 0.9241161200 -0.4144122100
-0.1546705100 0.8804182600 -0.4113714600
-0.1828426300 0.8309479200 -0.4074799400
-0.1603281400 0.8976327300 -0.4105416800
-0.2121937100 0.8177576700 -0.4514313800
-0.2264855500 0.8361129300 -0.4286915200
3 8 9892 9876
3 9876 9874 8
3 9863 88 87
3 88 9866 9
3 30 1 31
3 57 31 1
3 1 17 57
3 17 2 18
3 58 18 2
3 2 9816 58
3 64 58 9816
3 9816 9809 64
3 9823 9836 65
3 19 65 9836
3 9836 9807 19
3 60 19 9807
3 9805 33 60
3 9805 9824 34
3 34 9813 106
3 53 106 9813
3 9811 53 9813
3 115 10 9903
3 11 115 9903
3 11 9885 37
3 9885 3 37
3 38 3 9872
3 12 38 9872
3 14 13 9894
3 9894 9897 14
3 39 14 9897
3 9888 9902 41
3 9902 4 41
3 15 41 4
3 55 67 9804
3 9804 5 55
3 6 9841 20
3 9841 7 20
3 9832 7 9819
3 26 22 9834
3 9834 23 26
3 27 26 23
3 9892 8 71
3 49 8 9874
3 9861 9891 50
3 35 50 9891
3 9881 9863 36
3 87 36 9863
3 88 9 134
3 51 9 9910
3 52 51 9910
3 44 37 3
3 3 38 44
3 68 12 13
3 13 14 68
3 130 45 9888
3 41 130 9888
3 9887 69 15
3 9887 16 46
3 58 64 78
3 65 93 9823
3 9805 34 33
3 54 53 9811
3 55 94 67
3 61 81 7
3 7 9832 61
3 91 9820 21
3 21 9800 91
3 73 91 9800
3 9800 22 73
3 26 73 22
3 27 23 62
3 23 9803 62
3 28 62 9803
3 9803 24 28
3 24 25 75
3 76 75 25
3 25 9802 76
3 82 76 9802
3 9832 9820 61
3 91 61 9820
3 26 27 118
3 29 9812 56
3 77 56 9812
3 9812 30 77
3 30 31 77
3 103 77 31
3 17 18 63
3 19 60 59
3 59 60 33
3 54 67 107
3 35 9881 36
3 87 86 36
3 51 89 9
3 10 113 52
3 11 37 109
3 44 141 37
3 68 14 79
3 39 79 14
3 41 15 80
3 16 9905 47
3 70 42 9892
3 49 71 8
3 49 0 9880
3 44 38 128
3 12 68 142
3 40 45 130
3 130 41 96
3 97 69 9887
3 9887 46 97
3 149 48 42
3 71 70 9892
3 132 85 49
3 9880 132 49
3 35 99 50
3 9 89 134
3 51 52 100
3 52 113 100
3 10 115 114
3 115 11 109
3 34 106 125
3 106 53 126
3 53 54 107
3 108 107 67
3 55 5 127
3 6 72 5
3 20 7 101
3 7 81 101
3 74 73 26
3 118 74 26
3 31 57 103
3 138 103 57
3 57 17 138
3 63 138 17
3 121 18 58
3 78 121 58
3 32 93 122
3 104 93 65
3 19 148 65
3 19 59 66
3 90 72 6
3 6 20 90
3 101 90 20
3 91 81 61
3 27 62 102
3 119 102 62
3 24 136 28
3 24 75 197
3 76 82 184
3 56 158 29
3 138 63 92
3 63 18 121
3 64 32 122
3 148 104 65
3 34 105 33
3 34 125 105
3 126 139 106
3 107 126 53
3 94 108 67
3 127 5 72
3 128 141 44
3 38 12 142
3 79 95 68
3 39 40 84
3 130 84 40
3 46 16 175
3 42 70 149
3 111 70 71
3 71 49 85
3 9880 50 99
3 114 113 10
3 74 146 73
3 118 27 102
3 62 28 119
3 136 24 197
3 75 76 183
3 83 92 63
3 121 83 63
3 122 78 64
3 66 148 19
3 105 59 33
3 168 109 37
3 141 168 37
3 142 128 38
3 95 142 68
3 84 79 39
3 80 96 41
3 163 47 48
3 48 149 131
3 99 35 112
3 89 51 100
3 167 114 115
3 90 135 72
3 81 91 116
3 91 73 117
3 119 28 136
3 76 184 183
3 29 157 82
3 104 123 93
3 105 124 59
3 125 106 214
3 127 94 55
3 15 69 235
3 97 46 98
3 175 98 46
3 145 175 16
3 16 47 145
3 111 150 70
3 71 85 111
3 99 132 9880
3 35 36 151
3 166 87 88
3 134 166 88
3 152 134 89
3 101 135 90
3 101 81 154
3 81 116 154
3 116 91 117
3 146 117 73
3 183 197 75
3 137 158 56
3 56 77 137
3 103 120 77
3 83 121 159
3 122 93 123
3 66 59 124
3 199 139 126
3 173 108 94
3 127 173 94
3 128 142 129
3 235 69 110
3 69 97 110
3 98 110 97
3 131 163 48
3 132 99 133
3 112 133 99
3 115 109 194
3 208 154 116
3 157 184 82
3 138 120 103
3 159 92 83
3 139 214 106
3 107 108 172
3 168 194 109
3 201 142 95
3 95 79 161
3 130 96 144
3 150 149 70
3 132 176 85
3 112 35 177
3 151 177 35
3 206 152 89
3 100 206 89
3 100 113 153
3 153 113 179
3 113 114 179
3 194 167 115
3 101 154 169
3 116 117 208
3 74 118 155
3 156 118 102
3 102 119 156
3 158 157 29
3 120 137 77
3 147 159 121
3 121 78 147
3 104 148 186
3 214 105 125
3 140 126 107
3 72 173 127
3 141 128 160
3 174 160 128
3 128 129 174
3 130 143 84
3 144 96 162
3 96 80 162
3 80 15 235
3 98 175 189
3 145 248 175
3 163 145 47
3 149 220 131
3 111 85 176
3 133 176 132
3 177 164 112
3 165 86 87
3 87 166 165
3 166 134 192
3 152 192 134
3 100 153 207
3 135 101 169
3 118 156 155
3 136 182 119
3 137 120 210
3 92 170 138
3 159 171 92
3 186 123 104
3 172 140 107
3 168 141 160
3 201 129 142
3 161 201 95
3 79 84 161
3 144 143 130
3 150 111 203
3 176 203 111
3 164 133 112
3 207 206 100
3 167 179 114
3 180 135 169
3 169 154 181
3 226 117 146
3 146 74 226
3 156 119 182
3 185 147 78
3 123 185 122
3 186 148 212
3 213 212 148
3 148 66 213
3 198 66 124
3 140 199 126
3 173 172 108
3 215 173 72
3 143 161 84
3 143 144 219
3 235 162 80
3 235 110 188
3 237 220 149
3 149 150 237
3 203 237 150
3 176 133 190
3 191 151 36
3 36 86 191
3 165 222 86
3 166 178 165
3 154 208 181
3 117 226 195
3 74 155 196
3 155 156 196
3 182 196 156
3 158 137 209
3 137 210 209
3 78 122 185
3 186 211 123
3 198 213 66
3 105 198 124
3 200 168 160
3 160 174 216
3 174 129 217
3 187 219 144
3 144 162 187
3 265 188 110
3 110 98 265
3 98 189 265
3 163 131 249
3 220 249 131
3 164 177 205
3 222 191 86
3 166 192 178
3 153 179 193
3 263 179 167
3 181 180 169
3 196 226 74
3 182 136 228
3 229 228 136
3 136 197 229
3 157 158 209
3 120 138 271
3 170 271 138
3 170 92 171
3 171 159 286
3 185 123 230
3 211 230 123
3 231 198 105
3 214 231 105
3 273 172 173
3 173 215 273
3 72 135 215
3 217 216 174
3 202 201 161
3 161 143 202
3 249 145 163
3 190 204 176
3 133 164 190
3 280 205 177
3 177 151 280
3 151 191 221
3 165 178 222
3 192 152 224
3 206 224 152
3 193 207 153
3 194 263 167
3 181 208 239
3 208 117 195
3 269 195 226
3 225 269 226
3 184 254 183
3 210 120 271
3 159 147 286
3 147 185 243
3 186 212 211
3 172 273 232
3 180 215 135
3 216 200 160
3 217 129 233
3 234 233 129
3 201 234 129
3 187 162 289
3 235 289 162
3 248 189 175
3 204 203 176
3 190 164 238
3 164 205 238
3 205 280 252
3 221 280 151
3 222 221 191
3 178 192 223
3 224 223 192
3 253 263 194
3 194 168 253
3 208 195 239
3 196 182 227
3 241 227 182
3 254 229 197
3 197 183 254
3 170 171 321
3 243 286 147
3 198 231 258
3 214 139 245
3 199 140 246
3 140 172 232
3 200 253 168
3 275 234 201
3 201 202 275
3 202 143 218
3 143 219 218
3 249 309 145
3 249 220 236
3 266 237 203
3 276 266 203
3 203 204 276
3 250 204 190
3 222 178 261
3 223 261 178
3 262 224 206
3 206 207 262
3 207 193 262
3 193 179 294
3 274 259 180
3 180 181 274
3 268 274 181
3 181 239 268
3 282 239 195
3 269 282 195
3 226 196 240
3 182 228 241
3 242 270 184
3 184 157 242
3 209 210 255
3 255 210 271
3 171 286 321
3 185 230 256
3 211 244 230
3 212 257 211
3 213 198 258
3 231 214 245
3 139 199 245
3 246 245 199
3 232 246 140
3 215 180 259
3 202 218 275
3 219 187 247
3 289 247 187
3 235 188 290
3 309 248 145
3 266 220 237
3 250 190 251
3 190 238 251
3 238 205 252
3 263 294 179
3 296 269 225
3 240 225 226
3 227 240 196
3 285 241 228
3 228 229 285
3 355 157 209
3 209 255 355
3 256 243 185
3 257 244 211
3 315 273 215
3 215 259 315
3 326 200 216
3 216 217 264
3 217 233 264
3 275 218 308
3 288 308 218
3 218 219 288
3 247 288 219
3 290 289 235
3 342 290 188
3 220 266 330
3 276 204 267
3 250 251 278
3 279 251 238
3 252 279 238
3 221 222 281
3 313 281 222
3 222 261 313
3 223 224 293
3 305 268 239
3 282 305 239
3 269 296 284
3 240 296 225
3 254 184 270
3 355 242 157
3 271 170 299
3 321 299 170
3 256 286 243
3 257 337 244
3 212 213 287
3 258 287 213
3 246 232 272
3 303 272 232
3 232 273 303
3 264 326 216
3 327 233 234
3 188 265 342
3 265 189 329
3 189 248 343
3 291 343 248
3 248 309 291
3 236 424 249
3 236 220 330
3 267 332 276
3 310 250 278
3 318 278 251
3 280 221 260
3 281 260 221
3 261 223 314
3 293 314 223
3 293 224 262
3 294 262 193
3 283 282 269
3 354 285 229
3 229 254 298
3 270 298 254
3 255 271 394
3 299 394 271
3 286 357 321
3 230 244 336
3 245 246 301
3 272 301 246
3 315 259 316
3 314 313 261
3 263 253 295
3 253 200 306
3 264 233 347
3 234 275 327
3 329 342 265
3 309 249 424
3 276 331 266
3 277 332 267
3 267 310 277
3 274 268 325
3 305 304 268
3 283 352 282
3 284 400 283
3 283 269 284
3 298 354 229
3 257 212 322
3 287 322 212
3 287 258 300
3 258 231 300
3 324 300 231
3 231 245 324
3 301 324 245
3 303 302 272
3 315 303 273
3 9686 259 274
3 200 326 306
3 307 326 264
3 328 327 275
3 247 289 341
3 329 189 343
3 332 331 276
3 252 280 397
3 260 397 280
3 281 312 260
3 313 292 281
3 263 295 294
3 305 282 352
3 353 296 240
3 240 227 297
3 337 336 244
3 302 301 272
3 9686 316 259
3 233 327 347
3 288 376 308
3 247 340 288
3 289 290 362
3 290 342 363
3 291 309 364
3 330 266 377
3 331 377 266
3 332 277 348
3 318 279 333
3 311 333 279
3 279 252 311
3 397 311 252
3 292 312 281
3 9699 313 314
3 293 262 335
3 319 335 262
3 294 319 262
3 306 295 253
3 284 296 320
3 353 320 296
3 369 227 241
3 241 285 369
3 270 242 370
3 321 371 299
3 256 230 382
3 322 337 257
3 287 300 323
3 324 323 300
3 303 315 302
3 325 9686 274
3 352 359 305
3 350 317 306
3 306 326 350
3 264 347 307
3 376 328 275
3 275 308 376
3 424 236 425
3 332 387 331
3 277 310 388
3 310 278 365
3 260 312 379
3 9699 292 313
3 335 9699 314
3 314 293 335
3 317 9697 295
3 295 306 317
3 304 305 359
3 240 297 353
3 354 430 285
3 370 298 270
3 418 355 255
3 371 394 299
3 322 373 337
3 323 322 287
3 324 301 338
3 302 338 301
3 302 315 339
3 9687 339 315
3 316 9687 315
3 9686 325 434
3 341 340 247
3 341 289 362
3 362 290 363
3 236 330 425
3 377 425 330
3 278 318 365
3 318 333 344
3 390 397 260
3 379 390 260
3 312 292 334
3 9699 334 292
3 368 352 283
3 283 400 368
3 284 320 400
3 449 353 297
3 298 370 474
3 255 394 418
3 371 321 356
3 357 356 321
3 382 230 336
3 336 337 372
3 322 323 9685
3 9682 9685 323
3 323 324 9682
3 325 268 358
3 307 350 326
3 424 364 309
3 387 377 331
3 387 332 348
3 348 277 349
3 378 349 277
3 388 378 277
3 365 388 310
3 365 318 344
3 312 334 379
3 9699 335 345
3 346 345 335
3 335 319 346
3 297 227 380
3 369 380 227
3 369 285 430
3 381 402 286
3 286 256 381
3 256 382 381
3 373 372 337
3 383 373 322
3 9685 383 322
3 302 339 9684
3 9687 9684 339
3 358 268 304
3 360 347 327
3 328 360 327
3 376 288 361
3 340 361 288
3 422 341 362
3 423 363 342
3 291 385 343
3 366 333 311
3 311 397 366
3 350 307 9701
3 374 307 347
3 347 360 374
3 343 464 329
3 387 386 377
3 387 348 408
3 349 408 348
3 349 378 409
3 509 388 365
3 365 344 389
3 344 333 410
3 9701 9702 350
3 9686 434 351
3 474 354 298
3 357 286 402
3 353 393 320
3 242 355 416
3 417 416 355
3 394 371 419
3 420 381 382
3 336 404 403
3 404 336 372
3 434 325 384
3 358 384 325
3 367 359 352
3 375 360 328
3 328 376 375
3 361 340 406
3 422 362 407
3 362 363 407
3 464 423 342
3 342 329 464
3 389 509 365
3 410 389 344
3 379 334 398
3 334 9698 392
3 460 439 400
3 400 320 460
3 393 460 320
3 297 380 449
3 380 369 430
3 355 418 417
3 419 371 401
3 371 356 401
3 402 381 9563
3 381 420 9563
3 403 382 336
3 307 374 427
3 361 414 376
3 340 341 406
3 364 385 291
3 386 425 377
3 409 408 349
3 409 378 396
3 496 396 378
3 378 388 496
3 366 410 333
3 397 390 468
3 390 379 391
3 398 391 379
3 392 398 334
3 526 368 400
3 353 449 448
3 430 354 415
3 373 383 421
3 405 421 383
3 383 9680 405
3 395 405 9680
3 433 395 351
3 434 433 351
3 304 359 438
3 412 437 374
3 360 412 374
3 413 360 375
3 375 376 413
3 414 413 376
3 425 386 458
3 386 387 466
3 387 408 466
3 396 467 409
3 398 392 447
3 426 447 392
3 367 368 399
3 393 353 440
3 474 415 354
3 416 370 242
3 356 357 442
3 402 442 357
3 403 420 382
3 372 373 421
3 358 304 438
3 361 406 414
3 422 406 341
3 385 464 343
3 385 364 457
3 481 466 408
3 482 408 409
3 446 468 390
3 390 391 446
3 447 426 411
3 426 9701 436
3 427 436 9701
3 9701 307 427
3 437 427 374
3 428 412 360
3 439 526 400
3 430 450 380
3 430 415 528
3 415 474 528
3 418 394 461
3 401 356 441
3 395 433 463
3 438 359 367
3 406 422 455
3 422 407 443
3 407 363 456
3 423 456 363
3 364 424 479
3 482 481 408
3 366 397 435
3 447 391 398
3 413 428 360
3 413 414 429
3 440 460 393
3 440 353 448
3 394 419 461
3 442 441 356
3 420 403 431
3 432 431 403
3 403 404 432
3 453 432 404
3 404 372 453
3 421 453 372
3 405 395 463
3 433 434 454
3 414 406 494
3 455 494 406
3 443 455 422
3 478 423 464
3 425 479 424
3 458 479 425
3 466 465 386
3 467 482 409
3 496 388 444
3 509 444 388
3 366 435 410
3 445 435 397
3 468 445 397
3 426 436 411
3 437 436 427
3 429 428 413
3 367 399 514
3 526 399 368
3 439 460 471
3 449 380 499
3 450 499 380
3 528 450 430
3 417 418 491
3 419 401 451
3 420 431 462
3 421 405 488
3 463 488 405
3 454 463 433
3 384 454 434
3 438 489 358
3 438 367 485
3 456 443 407
3 457 364 479
3 465 458 386
3 446 391 483
3 391 447 483
3 484 436 437
3 367 514 485
3 471 470 439
3 440 448 498
3 418 461 491
3 475 461 419
3 419 451 475
3 401 441 451
3 442 402 9572
3 9585 432 452
3 432 453 452
3 544 453 421
3 384 358 489
3 494 477 414
3 459 537 396
3 396 496 459
3 389 410 510
3 469 483 447
3 411 469 447
3 437 412 484
3 428 429 513
3 526 551 399
3 460 440 472
3 498 472 440
3 473 498 448
3 473 448 449
3 449 499 473
3 416 417 516
3 491 516 417
3 402 9563 9572
3 476 9572 9563
3 9563 462 476
3 462 9585 502
3 9585 452 502
3 544 452 453
3 488 544 421
3 454 530 463
3 429 414 477
3 495 494 455
3 478 533 456
3 456 423 478
3 465 466 480
3 482 467 546
3 537 467 396
3 509 389 522
3 510 522 389
3 484 411 436
3 484 412 524
3 412 428 512
3 550 512 428
3 514 399 525
3 527 471 460
3 472 527 460
3 441 442 487
3 9572 487 442
3 476 462 543
3 492 543 462
3 462 502 492
3 488 463 530
3 384 489 454
3 477 494 493
3 443 495 455
3 443 456 520
3 521 478 464
3 464 385 521
3 385 457 521
3 480 458 465
3 480 466 536
3 466 481 536
3 537 547 467
3 523 510 410
3 468 446 445
3 511 445 446
3 490 469 411
3 484 490 411
3 524 412 512
3 550 428 513
3 514 486 485
3 551 525 399
3 499 450 515
3 529 528 474
3 529 474 370
3 370 416 529
3 501 475 451
3 441 501 451
3 543 9572 476
3 554 502 452
3 544 554 452
3 505 495 443
3 533 520 456
3 506 479 458
3 546 481 482
3 547 546 467
3 459 496 573
3 410 435 523
3 446 483 511
3 469 497 483
3 438 485 540
3 486 540 485
3 527 470 471
3 528 515 450
3 475 500 461
3 553 500 475
3 501 553 475
3 487 501 441
3 518 487 9572
3 504 503 454
3 489 504 454
3 458 480 507
3 549 523 435
3 435 445 549
3 469 490 538
3 524 490 484
3 477 513 429
3 489 438 540
3 514 525 592
3 551 526 552
3 541 650 470
3 473 499 567
3 515 567 499
3 517 516 491
3 491 461 517
3 487 518 570
3 492 502 519
3 589 544 488
3 530 454 503
3 493 494 571
3 494 495 571
3 457 479 535
3 506 535 479
3 458 507 506
3 536 560 480
3 481 546 508
3 444 573 496
3 444 509 564
3 511 483 497
3 538 565 497
3 497 469 538
3 512 606 524
3 461 500 517
3 570 501 487
3 502 554 588
3 488 530 577
3 503 504 556
3 531 556 504
3 504 489 531
3 477 493 557
3 443 520 505
3 534 532 533
3 533 478 534
3 521 534 478
3 560 507 480
3 508 536 481
3 522 564 509
3 523 548 510
3 511 549 445
3 511 497 565
3 512 550 584
3 486 514 592
3 585 527 472
3 498 473 566
3 542 515 528
3 529 416 568
3 516 568 416
3 492 576 543
3 519 576 492
3 577 589 488
3 555 577 530
3 601 571 495
3 495 505 601
3 505 520 581
3 532 581 520
3 520 533 532
3 521 457 559
3 506 507 616
3 545 616 507
3 507 560 545
3 508 561 536
3 537 459 563
3 550 513 539
3 551 592 525
3 552 612 551
3 568 542 528
3 529 568 528
3 517 597 516
3 663 553 501
3 570 663 501
3 518 543 587
3 519 502 588
3 554 544 589
3 530 503 555
3 556 555 503
3 556 531 578
3 534 521 559
3 535 559 457
3 616 535 506
3 561 560 536
3 643 562 537
3 563 643 537
3 522 510 618
3 510 548 618
3 549 511 582
3 565 582 511
3 538 490 575
3 524 575 490
3 486 579 540
3 585 472 595
3 596 566 473
3 567 596 473
3 568 516 597
3 500 553 637
3 608 570 518
3 576 587 543
3 557 493 558
3 571 601 600
3 547 537 562
3 572 563 459
3 459 573 572
3 573 444 564
3 564 522 618
3 582 523 549
3 565 538 574
3 538 575 574
3 539 584 550
3 607 539 513
3 612 627 551
3 552 526 628
3 526 650 628
3 541 470 593
3 594 593 470
3 470 527 594
3 527 585 594
3 517 500 637
3 663 569 553
3 587 608 518
3 588 554 589
3 555 556 610
3 578 531 611
3 571 558 493
3 581 580 505
3 655 581 532
3 583 604 582
3 582 565 583
3 9620 583 565
3 574 9620 565
3 648 575 524
3 524 606 648
3 649 512 584
3 513 477 607
3 607 477 557
3 592 551 627
3 542 568 621
3 610 577 555
3 578 610 556
3 531 540 579
3 558 571 600
3 580 601 505
3 532 534 602
3 535 616 603
3 629 545 560
3 560 561 629
3 590 508 546
3 572 573 658
3 564 658 573
3 567 515 586
3 515 542 586
3 569 637 553
3 622 608 587
3 576 519 683
3 578 599 610
3 579 486 591
3 591 486 592
3 627 626 592
3 557 558 9660
3 603 534 559
3 559 535 603
3 697 616 545
3 590 561 508
3 644 618 548
3 548 523 644
3 523 582 644
3 604 644 582
3 604 583 619
3 583 9620 619
3 9618 619 9620
3 575 9619 574
3 649 606 512
3 607 660 539
3 628 635 552
3 662 596 567
3 637 597 517
3 622 587 598
3 639 598 587
3 587 576 639
3 683 623 576
3 519 588 652
3 589 577 609
3 577 610 609
3 696 664 611
3 611 531 696
3 579 696 531
3 607 557 613
3 614 613 557
3 558 600 640
3 655 580 581
3 534 603 602
3 656 590 546
3 546 547 656
3 547 562 656
3 564 618 617
3 644 678 618
3 620 619 9618
3 9618 605 620
3 681 649 584
3 584 539 681
3 626 591 592
3 612 552 635
3 628 650 715
3 672 585 595
3 662 567 586
3 636 621 568
3 597 636 568
3 637 636 597
3 623 639 576
3 652 683 519
3 588 589 624
3 599 578 625
3 9660 614 557
3 640 9660 558
3 600 601 615
3 601 580 615
3 616 697 603
3 562 643 656
3 572 698 563
3 617 658 564
3 644 604 631
3 619 631 604
3 619 620 645
3 9621 9619 633
3 9619 575 633
3 648 606 634
3 649 634 606
3 621 586 542
3 638 570 608
3 675 638 608
3 622 675 608
3 609 624 589
3 609 610 653
3 599 653 610
3 625 695 599
3 664 625 578
3 578 611 664
3 627 612 685
3 635 685 612
3 593 594 717
3 594 585 717
3 633 575 647
3 539 660 681
3 607 613 660
3 613 614 9656
3 9660 9656 614
3 641 640 600
3 600 615 641
3 532 602 655
3 665 655 602
3 629 561 642
3 678 617 618
3 630 678 644
3 645 631 619
3 662 586 673
3 636 637 674
3 651 675 622
3 622 598 651
3 639 623 721
3 652 588 624
3 695 625 677
3 591 696 579
3 626 627 685
3 615 580 686
3 602 603 665
3 697 665 603
3 689 561 590
3 698 657 643
3 643 563 698
3 678 699 617
3 632 633 646
3 575 648 647
3 732 660 613
3 684 654 626
3 593 717 751
3 672 717 585
3 596 662 661
3 637 569 674
3 704 721 623
3 683 704 623
3 653 624 609
3 653 599 695
3 686 580 707
3 580 655 707
3 697 545 666
3 629 666 545
3 689 590 745
3 656 745 590
3 656 643 754
3 643 657 754
3 658 698 572
3 631 645 659
3 667 659 645
3 669 632 670
3 633 647 679
3 671 647 648
3 648 634 671
3 680 634 649
3 649 681 680
3 693 715 650
3 650 541 693
3 716 693 541
3 541 593 716
3 569 663 703
3 598 676 651
3 598 639 676
3 639 721 676
3 652 723 683
3 724 677 625
3 625 664 724
3 654 696 591
3 685 684 626
3 686 641 615
3 561 689 642
3 698 658 708
3 644 631 690
3 659 690 631
3 647 671 679
3 634 680 766
3 681 660 714
3 751 716 593
3 717 672 734
3 674 569 702
3 663 570 703
3 638 703 570
3 704 683 809
3 737 624 653
3 695 738 653
3 696 724 664
3 635 628 692
3 628 715 692
3 707 655 687
3 689 745 744
3 678 630 746
3 690 630 644
3 659 667 690
3 668 690 667
3 712 668 669
3 730 670 632
3 766 671 634
3 714 766 681
3 732 714 660
3 613 691 732
3 586 621 718
3 719 718 621
3 636 719 621
3 636 674 682
3 702 682 674
3 675 651 720
3 809 683 723
3 740 752 696
3 696 654 740
3 641 9661 640
3 655 665 687
3 688 687 665
3 617 699 728
3 746 699 678
3 729 712 669
3 669 670 729
3 749 729 670
3 632 646 730
3 679 713 646
3 679 671 713
3 680 681 766
3 750 691 9655
3 715 693 828
3 661 662 700
3 694 700 662
3 673 694 662
3 682 701 636
3 703 702 569
3 675 703 638
3 652 624 705
3 738 737 653
3 695 739 738
3 654 684 740
3 725 740 684
3 726 684 685
3 707 706 686
3 665 697 688
3 642 689 744
3 708 658 728
3 658 617 728
3 711 710 630
3 630 690 711
3 729 749 783
3 713 671 765
3 750 732 691
3 692 715 733
3 804 828 693
3 693 716 804
3 718 673 586
3 701 719 636
3 787 701 682
3 682 702 787
3 703 675 9580
3 735 9580 675
3 651 676 772
3 676 721 772
3 705 723 652
3 705 624 737
3 724 696 752
3 685 635 726
3 741 726 635
3 635 692 741
3 687 688 800
3 753 688 697
3 666 753 697
3 629 642 743
3 744 743 642
3 745 656 754
3 727 657 698
3 708 727 698
3 746 630 709
3 710 709 630
3 763 711 690
3 690 668 763
3 712 763 668
3 671 766 765
3 700 756 734
3 734 661 700
3 702 703 9580
3 720 651 772
3 721 704 722
3 723 705 758
3 736 758 705
3 705 737 736
3 677 724 790
3 725 684 791
3 706 707 742
3 759 742 707
3 707 687 759
3 666 629 743
3 746 762 699
3 747 710 711
3 712 729 748
3 729 783 813
3 731 816 766
3 766 714 731
3 714 732 731
3 768 731 732
3 828 733 715
3 716 751 831
3 751 717 806
3 829 806 717
3 772 735 720
3 722 772 721
3 758 736 774
3 739 695 677
3 724 752 777
3 780 706 742
3 687 800 759
3 728 699 762
3 711 763 747
3 813 748 729
3 764 749 670
3 670 730 764
3 646 713 730
3 785 768 732
3 732 750 785
3 807 717 734
3 756 807 734
3 718 694 673
3 787 702 9566
3 702 9580 9566
3 735 770 9580
3 757 809 723
3 723 758 757
3 775 736 737
3 737 738 775
3 860 775 738
3 790 776 677
3 740 725 778
3 684 726 791
3 741 692 803
3 733 803 692
3 744 745 822
3 745 754 822
3 754 760 9603
3 657 727 761
3 708 728 854
3 762 746 811
3 709 811 746
3 709 710 812
3 782 710 747
3 856 763 712
3 764 783 749
3 816 731 755
3 767 755 731
3 731 768 767
3 786 804 716
3 716 831 786
3 805 831 751
3 751 806 805
3 719 701 830
3 787 830 701
3 770 9566 9580
3 772 771 735
3 773 722 704
3 704 809 773
3 758 774 859
3 860 738 739
3 776 847 739
3 739 677 776
3 825 790 724
3 777 825 724
3 740 777 752
3 725 791 836
3 800 688 801
3 802 688 753
3 9603 822 754
3 760 657 761
3 762 896 728
3 793 782 747
3 747 763 793
3 857 856 712
3 712 748 857
3 813 783 794
3 784 764 730
3 730 713 784
3 765 784 713
3 779 785 750
3 733 828 862
3 807 829 717
3 694 718 769
3 719 769 718
3 770 735 789
3 771 789 735
3 810 809 757
3 740 778 777
3 836 778 725
3 875 799 780
3 800 781 759
3 802 801 688
3 753 666 802
3 743 802 666
3 727 708 841
3 792 812 710
3 710 782 792
3 856 793 763
3 824 857 748
3 748 813 824
3 814 783 764
3 816 765 766
3 755 767 819
3 796 819 767
3 797 796 767
3 767 768 797
3 768 785 817
3 798 817 785
3 785 779 798
3 862 803 733
3 832 756 700
3 769 700 694
3 769 719 830
3 787 9566 808
3 788 770 789
3 771 772 833
3 772 722 833
3 773 809 845
3 858 757 758
3 859 858 758
3 777 778 835
3 836 835 778
3 791 726 826
3 726 741 826
3 779 799 818
3 780 742 875
3 742 852 893
3 743 744 840
3 709 823 811
3 812 823 709
3 795 794 783
3 814 795 783
3 765 816 784
3 819 816 755
3 817 797 768
3 862 828 884
3 830 787 865
3 808 865 787
3 834 722 773
3 923 774 736
3 827 826 741
3 741 803 827
3 854 841 708
3 896 854 728
3 823 842 811
3 843 782 793
3 908 843 793
3 856 908 793
3 915 813 794
3 764 784 814
3 815 784 816
3 851 818 799
3 875 851 799
3 893 875 742
3 801 852 781
3 781 800 801
3 853 801 802
3 802 743 821
3 743 840 821
3 744 822 840
3 822 9603 877
3 790 825 882
3 825 777 882
3 883 882 777
3 835 883 777
3 836 791 826
3 900 827 803
3 803 862 900
3 832 807 756
3 864 832 700
3 700 769 864
3 866 865 808
3 808 788 866
3 788 789 867
3 844 867 789
3 789 771 844
3 834 833 722
3 834 773 845
3 810 845 809
3 810 757 858
3 811 896 762
3 792 823 812
3 792 782 843
3 824 813 9665
3 915 9665 813
3 874 815 816
3 816 819 874
3 820 796 797
3 837 820 797
3 797 817 837
3 838 837 817
3 817 798 838
3 839 838 798
3 798 779 839
3 818 839 779
3 821 853 802
3 877 876 822
3 796 874 819
3 932 893 852
3 852 801 894
3 853 894 801
3 840 822 876
3 907 934 9604
3 9604 761 907
3 727 907 761
3 896 811 879
3 857 872 856
3 857 824 873
3 9666 873 824
3 915 794 889
3 794 795 889
3 849 795 814
3 814 784 849
3 923 775 898
3 790 882 881
3 828 804 952
3 804 786 952
3 829 807 9576
3 769 830 901
3 865 901 830
3 831 885 786
3 831 805 885
3 805 806 886
3 806 9576 886
3 863 9576 807
3 807 832 863
3 901 864 769
3 866 788 887
3 844 771 869
3 771 833 869
3 870 869 833
3 871 870 834
3 902 871 834
3 834 845 902
3 845 810 9668
3 846 9668 810
3 810 858 846
3 858 859 910
3 847 776 912
3 881 912 776
3 776 790 881
3 835 836 861
3 826 861 836
3 826 827 848
3 849 889 795
3 815 849 784
3 796 820 916
3 850 820 837
3 837 838 850
3 839 850 838
3 931 839 818
3 821 840 876
3 878 9604 934
3 842 879 811
3 897 823 792
3 792 843 897
3 908 897 843
3 805 886 953
3 866 926 865
3 788 867 887
3 868 867 844
3 844 869 868
3 902 845 888
3 9668 888 845
3 911 898 775
3 847 912 1019
3 883 835 861
3 889 849 9594
3 916 874 796
3 890 916 820
3 851 931 818
3 851 875 957
3 892 957 875
3 852 894 932
3 821 906 853
3 821 876 906
3 987 934 907
3 841 975 727
3 855 854 896
3 908 856 909
3 856 872 909
3 991 872 857
3 947 991 857
3 857 873 947
3 923 898 963
3 1019 911 775
3 775 860 1019
3 739 1019 860
3 861 826 964
3 826 848 964
3 937 848 827
3 900 862 951
3 925 951 862
3 862 884 925
3 952 884 828
3 953 885 805
3 913 886 9576
3 864 863 832
3 926 866 887
3 927 887 867
3 869 870 871
3 872 991 1006
3 9594 903 889
3 905 890 820
3 891 905 820
3 820 850 891
3 893 892 875
3 906 973 853
3 876 877 933
3 895 933 877
3 877 878 895
3 934 895 878
3 841 854 1031
3 879 919 896
3 922 9574 880
3 739 847 1019
3 899 881 882
3 882 883 899
3 883 861 899
3 996 925 884
3 952 996 884
3 938 952 786
3 863 913 9576
3 901 865 926
3 914 926 887
3 902 888 9607
3 903 915 889
3 916 904 874
3 891 850 917
3 850 839 918
3 839 931 918
3 973 932 894
3 894 853 973
3 975 907 727
3 855 896 919
3 879 842 935
3 842 823 920
3 823 897 920
3 910 859 921
3 978 9574 922
3 880 923 922
3 949 963 898
3 898 911 949
3 881 899 950
3 899 861 993
3 964 848 924
3 827 900 937
3 951 937 900
3 786 885 938
3 863 864 913
3 939 864 901
3 926 939 901
3 927 914 887
3 871 902 941
3 9607 941 902
3 904 903 9594
3 905 891 930
3 917 930 891
3 931 851 944
3 892 958 957
3 893 932 959
3 933 973 906
3 906 876 933
3 975 841 1031
3 855 1031 854
3 976 919 879
3 879 935 976
3 920 935 842
3 920 897 936
3 897 908 936
3 908 909 946
3 909 872 990
3 978 921 859
3 859 9574 978
3 912 881 992
3 950 992 881
3 964 993 861
3 965 938 885
3 885 953 965
3 886 913 953
3 939 913 864
3 966 926 914
3 868 927 867
3 915 903 9663
3 916 890 985
3 917 850 943
3 850 918 943
3 957 944 851
3 892 893 945
3 959 945 893
3 987 960 934
3 946 909 990
3 947 873 962
3 922 923 1018
3 1051 1018 923
3 963 1051 923
3 912 992 979
3 924 980 964
3 924 848 937
3 954 981 939
3 939 926 954
3 926 966 955
3 1000 927 868
3 868 928 940
3 9607 929 942
3 904 968 903
3 985 904 916
3 943 1001 917
3 944 918 931
3 892 945 958
3 973 959 932
3 973 933 974
3 895 934 986
3 960 986 934
3 987 907 988
3 975 988 907
3 855 919 989
3 961 976 935
3 920 961 935
3 936 908 946
3 990 872 1069
3 872 1006 1069
3 948 962 873
3 921 978 977
3 1007 949 911
3 1019 1007 911
3 979 1008 1019
3 1019 912 979
3 993 950 899
3 937 1022 924
3 937 951 1023
3 925 994 951
3 1009 952 938
3 938 965 1033
3 981 953 913
3 913 939 981
3 954 926 955
3 966 914 1010
3 868 940 1000
3 983 1000 940
3 941 983 940
3 941 942 983
3 942 929 984
3 929 9670 984
3 904 985 1012
3 1001 930 917
3 969 1001 943
3 956 969 943
3 943 918 956
3 918 944 970
3 944 957 971
3 957 958 1002
3 958 945 972
3 959 972 945
3 933 895 9638
3 986 9638 895
3 976 989 919
3 936 961 920
3 936 946 1058
3 990 1058 946
3 1133 991 947
3 962 1133 947
3 978 922 1050
3 922 1018 1017
3 1021 950 993
3 994 1023 951
3 952 1009 996
3 998 965 953
3 984 983 942
3 9670 967 984
3 9663 903 968
3 1012 968 904
3 930 1066 905
3 970 956 918
3 957 1002 971
3 9638 974 933
3 9640 986 960
3 960 987 9640
3 989 1015 855
3 977 978 9671
3 1017 1050 922
3 963 949 1051
3 993 964 980
3 980 924 1022
3 1022 937 1126
3 1033 965 997
3 981 998 953
3 954 955 999
3 955 966 982
3 966 1010 982
3 927 1010 914
3 1016 967 9669
3 1001 1027 930
3 1056 1001 969
3 958 972 1002
3 1003 972 959
3 1003 959 973
3 973 974 1003
3 989 976 1005
3 976 961 1005
3 961 936 1032
3 1058 990 1059
3 1083 991 1133
3 1050 9671 978
3 1007 1051 949
3 1019 1124 1007
3 1020 1008 979
3 992 1020 979
3 1126 937 1023
3 925 995 994
3 1134 996 1009
3 997 1034 1033
3 1035 997 965
3 965 998 1035
3 981 954 1024
3 999 1024 954
3 1026 999 955
3 982 1026 955
3 1010 927 1038
3 927 1000 1038
3 1040 1000 983
3 983 984 1011
3 1078 1012 985
3 1041 1065 905
3 905 1066 1041
3 1027 1066 930
3 9599 1056 969
3 971 970 944
3 1003 1002 972
3 9639 1003 974
3 986 9640 1004
3 9640 987 1014
3 988 1014 987
3 1071 1006 991
3 991 1083 1071
3 1016 1048 967
3 1016 9669 1061
3 9672 1049 9669
3 992 950 1021
3 980 1021 993
3 925 1084 995
3 925 996 1084
3 1009 938 1147
3 938 1033 1147
3 998 981 1024
3 1024 999 1025
3 1037 1026 982
3 1037 982 1010
3 1039 1038 1000
3 1000 1040 1039
3 1011 1040 983
3 1027 1001 1028
3 1001 1056 1028
3 971 1057 970
3 1002 1003 1094
3 1003 9639 1044
3 1029 1044 9639
3 1031 855 1099
3 855 1015 1099
3 1059 990 1096
3 1006 1071 1070
3 9669 1049 1061
3 1050 1049 9672
3 9672 9671 1050
3 1051 1007 1053
3 1021 1020 992
3 1009 1147 1134
3 1024 1035 998
3 999 1026 1036
3 1038 1037 1010
3 1027 1028 1079
3 1115 1028 1056
3 1042 1056 9599
3 9599 9600 1042
3 9600 970 1057
3 1093 971 1002
3 1043 1094 1003
3 1003 1044 1043
3 1029 1013 1030
3 1014 988 1046
3 988 975 1098
3 1005 1080 1015
3 1032 1082 961
3 1006 1070 1069
3 1118 1133 962
3 1017 1076 1050
3 1053 1052 1051
3 1124 1019 1054
3 1019 1008 1054
3 1022 1063 980
3 1023 994 1091
3 1055 1091 994
3 994 995 1055
3 996 1134 1060
3 1034 1072 1033
3 1025 999 1047
3 1039 1037 1038
3 1064 9662 968
3 968 1012 1064
3 1066 1027 1067
3 1093 1057 971
3 1094 1093 1002
3 1044 1029 1097
3 1029 1030 1097
3 1030 1013 1045
3 1098 1046 988
3 975 1031 1098
3 1099 1098 1031
3 1081 1005 961
3 1058 1032 936
3 1096 990 1117
3 990 1069 1117
3 996 1060 1084
3 1108 1060 1134
3 1147 1033 1072
3 1072 1034 1104
3 997 1035 1073
3 1035 1024 1073
3 1024 1025 1085
3 1036 1047 999
3 1037 1036 1026
3 1196 1053 1007
3 1007 1124 1196
3 1008 1020 1062
3 1022 1126 1090
3 1012 1078 1064
3 1065 1041 1129
3 1079 1067 1027
3 1057 1042 9600
3 1068 1093 1094
3 1097 1043 1044
3 1099 1015 1095
3 961 1082 1081
3 1109 1034 997
3 997 1073 1109
3 1024 1085 1073
3 1047 1085 1025
3 1086 9652 1048
3 1061 1049 1075
3 1049 1050 1076
3 1088 1076 1017
3 1017 1018 1077
3 1018 1051 1052
3 1125 1054 1008
3 1008 1062 1125
3 1089 1021 980
3 1063 1089 980
3 1126 1023 1091
3 1078 1065 1113
3 1130 1041 1066
3 1067 1079 1160
3 1028 1115 1079
3 1102 1079 1115
3 1042 1092 1056
3 1045 1014 1046
3 1146 1032 1058
3 1085 1047 1074
3 1105 1047 1036
3 1036 9654 1105
3 1086 1016 1087
3 1016 1061 1087
3 1075 1087 1061
3 1075 1049 1111
3 1076 1111 1049
3 1052 1077 1018
3 1020 1021 1062
3 1089 1062 1021
3 1022 1090 1063
3 1130 1129 1041
3 1101 1130 1066
3 1066 1067 1101
3 1160 1101 1067
3 1092 1115 1056
3 1116 1092 1042
3 1093 1103 1057
3 1081 1080 1005
3 1155 1082 1032
3 1058 1059 1132
3 1148 1104 1034
3 9575 1109 1073
3 9575 1073 1085
3 1047 1105 1074
3 1110 1105 9654
3 9654 9652 1110
3 1086 1110 9652
3 1088 1017 1077
3 1052 1053 1123
3 1064 1078 1113
3 1042 1057 1116
3 1103 1116 1057
3 1093 1068 1103
3 1194 1097 1030
3 1100 1095 1015
3 1015 1080 1100
3 1081 1082 1145
3 1132 1059 1096
3 1107 1084 1060
3 1108 1107 1060
3 1147 1072 1156
3 1109 1148 1034
3 1087 1110 1086
3 1106 1122 1087
3 1087 1075 1106
3 1075 1111 1106
3 1111 1076 1139
3 1196 1123 1053
3 1217 1062 1089
3 1140 1063 1090
3 1152 1055 995
3 995 1084 1152
3 1114 1113 1065
3 1065 1129 1114
3 1142 1102 1115
3 1116 1187 1092
3 1094 1043 1068
3 1045 1154 1030
3 1100 1144 1095
3 1171 1133 1118
3 1194 1169 1097
3 1098 1099 1143
3 1099 1095 1143
3 1132 1096 1161
3 1079 1102 1153
3 1125 1124 1054
3 1151 1125 1062
3 1217 1089 1177
3 1089 1063 1177
3 1140 1177 1063
3 1090 1126 1184
3 1126 1091 1185
3 1107 1152 1084
3 1072 1104 1119
3 1148 1119 1104
3 1109 9575 1135
3 9575 1074 1135
3 1074 1105 1157
3 1121 1157 1105
3 1105 1110 1121
3 1110 1087 1136
3 1122 1136 1087
3 1088 1077 1198
3 1107 1108 1162
3 1119 1156 1072
3 1148 1109 1120
3 1109 1135 1120
3 1136 1121 1110
3 1138 1208 1106
3 1106 1111 1138
3 1166 1140 1090
3 1055 1185 1091
3 1127 1113 1128
3 1113 1114 1128
3 1101 1160 1186
3 1115 1092 1142
3 1092 1187 1142
3 1131 1187 1116
3 1116 1103 1131
3 1068 1131 1103
3 1154 1045 1195
3 1046 1195 1045
3 1144 1143 1095
3 1174 1100 1080
3 1080 1081 1174
3 1082 1155 1145
3 1096 1117 1161
3 1117 1069 1161
3 1134 1162 1108
3 1210 1147 1156
3 1122 1106 1137
3 1106 1208 1137
3 1076 1088 1139
3 1165 1088 1198
3 1158 1077 1052
3 1124 1125 1236
3 1184 1166 1090
3 1185 1184 1126
3 1141 1127 1192
3 1129 1130 1159
3 1130 1101 1199
3 1102 1142 1193
3 1068 1043 1173
3 1169 1173 1043
3 1071 1083 1227
3 1083 1133 1170
3 1118 1141 1171
3 1175 1171 1141
3 1162 1168 1107
3 1179 1134 1147
3 1156 1119 1178
3 1178 1119 1148
3 1120 1135 1149
3 1150 1149 1135
3 1135 1074 1150
3 1157 1150 1074
3 1157 1121 1164
3 1231 1121 1136
3 9564 1138 1111
3 1192 1175 1141
3 1160 1079 1200
3 1079 1153 1200
3 1131 1068 1189
3 1173 1189 1068
3 1030 1154 1194
3 1242 1081 1145
3 1145 1155 1253
3 1155 1032 1146
3 1202 1133 1171
3 1210 1179 1147
3 1148 1120 1163
3 1149 1163 1120
3 1150 1157 1164
3 1164 1121 1181
3 1137 1182 1122
3 1158 1123 1176
3 1268 1176 1123
3 1123 1196 1268
3 1196 1124 1290
3 1236 1290 1124
3 1203 1151 1062
3 1062 1217 1203
3 1185 1055 1167
3 1055 1152 1167
3 1168 1152 1107
3 1129 1159 1114
3 1199 1159 1130
3 1199 1101 1186
3 1222 1194 1154
3 1146 1058 1254
3 1132 1254 1058
3 1071 1227 1070
3 1083 1170 1227
3 1205 1168 1162
3 1209 1162 1134
3 1179 1209 1134
3 1206 1210 1156
3 1163 1178 1148
3 1231 1181 1121
3 1139 1088 1165
3 1236 1125 1237
3 1217 1177 1243
3 1159 1199 1172
3 1160 1200 1221
3 1195 1222 1154
3 1098 1143 1212
3 1143 1144 1190
3 1253 1242 1145
3 1283 1170 1133
3 1133 1202 1283
3 1149 1150 1180
3 1181 1207 1164
3 1136 1122 1182
3 1208 1138 1248
3 1176 1277 1158
3 1125 1151 1237
3 1140 1183 1177
3 1204 1167 1152
3 1168 1204 1152
3 1114 1159 1220
3 1221 1186 1160
3 1102 1193 1153
3 1188 1187 1131
3 1189 1188 1131
3 1046 1098 1212
3 1224 1212 1143
3 1190 1224 1143
3 1144 1100 1225
3 1253 1155 1213
3 1161 1069 1201
3 1187 1193 1142
3 1173 1169 1241
3 1195 1046 1212
3 1100 1174 1225
3 1191 1225 1174
3 1174 1081 1191
3 1242 1191 1081
3 1132 1161 1341
3 1256 1202 1171
3 1257 1171 1175
3 1290 1268 1196
3 1244 1243 1177
3 1183 1244 1177
3 1140 1166 1183
3 1156 1178 1206
3 1163 1206 1178
3 1163 1149 1197
3 1180 1197 1149
3 1164 1180 1150
3 1215 1181 1231
3 1182 1231 1136
3 9564 1248 1138
3 1235 1077 1158
3 1205 1162 1209
3 1263 1197 1180
3 1208 1248 1247
3 1198 1077 1234
3 1151 1203 1216
3 1203 1217 1238
3 1185 1167 1219
3 1204 1168 1261
3 1168 1205 1261
3 1220 1192 1114
3 1159 1172 1220
3 1221 1199 1186
3 1188 1193 1187
3 1189 1173 1211
3 1169 1194 1293
3 1190 1144 1304
3 1225 1304 1144
3 1225 1191 1226
3 1069 1070 1255
3 1070 1227 1282
3 1256 1171 1257
3 1175 1192 1228
3 1220 1228 1192
3 1211 1188 1189
3 1241 1211 1173
3 1222 1195 1223
3 1212 1223 1195
3 1146 1213 1155
3 1201 1069 1255
3 1216 1237 1151
3 1166 1184 1259
3 1184 1185 1218
3 1204 1219 1167
3 1206 1163 1214
3 1164 1207 1180
3 1181 1215 1230
3 1137 1208 1232
3 1165 1289 1139
3 1077 1235 1234
3 1228 1220 1269
3 1250 1172 1199
3 1199 1221 1344
3 1193 1188 1239
3 1211 1239 1188
3 1241 1169 1321
3 1240 1254 1132
3 1201 1341 1161
3 1070 1282 1255
3 1257 1175 1228
3 1203 1238 1216
3 1183 1166 1245
3 1166 1259 1245
3 1260 1219 1204
3 1261 1260 1204
3 1209 1312 1205
3 1197 1214 1163
3 1207 1263 1180
3 1247 1233 1208
3 1165 1198 1376
3 1179 1210 1229
3 1265 1229 1210
3 1210 1206 1265
3 1262 1265 1206
3 1214 1262 1206
3 1230 1207 1181
3 1246 1231 1182
3 1233 1232 1208
3 9564 1139 1289
3 1219 1218 1185
3 1220 1172 1249
3 1251 1200 1153
3 1153 1193 1251
3 1293 1194 1252
3 1194 1222 1252
3 1304 1224 1190
3 1304 1225 1274
3 1191 1242 1295
3 1253 1295 1242
3 1132 1341 1240
3 1209 1179 1276
3 1307 1267 1215
3 1231 1307 1215
3 1247 1264 1233
3 1243 1238 1217
3 1245 1244 1183
3 1184 1218 1259
3 1260 1218 1219
3 1312 1261 1205
3 1269 1292 1228
3 1249 1172 1250
3 1251 1221 1200
3 1239 1251 1193
3 1239 1211 1279
3 1321 1271 1241
3 1302 1252 1222
3 1272 1302 1222
3 1226 1274 1225
3 1254 1296 1146
3 1228 1292 1257
3 1276 1312 1209
3 1263 1207 1288
3 1230 1288 1207
3 1230 1215 1267
3 1246 1307 1231
3 1182 1137 1232
3 1176 1315 1277
3 1268 1360 1176
3 1258 1290 1236
3 1236 1237 1258
3 1237 1216 1258
3 1216 1238 1258
3 1243 1244 1291
3 1327 1245 1259
3 1249 1269 1220
3 1199 1344 1250
3 1321 1169 1345
3 1293 1345 1169
3 1222 1223 1272
3 1212 1273 1223
3 1226 1191 1305
3 1295 1305 1191
3 1213 1146 1296
3 1221 1251 1278
3 1270 1251 1239
3 1279 1270 1239
3 1211 1241 1279
3 1241 1271 1279
3 1294 1212 1224
3 1274 1226 1305
3 1295 1253 1281
3 1255 1306 1201
3 1366 1227 1170
3 1311 1283 1202
3 1202 1256 1311
3 1257 1292 1284
3 1360 1315 1176
3 1258 1238 1316
3 1266 1262 1214
3 1214 1197 1266
3 1267 1288 1230
3 1232 1246 1182
3 1232 1233 1334
3 1264 1334 1233
3 1308 1264 1247
3 1247 1248 1308
3 1298 1308 1248
3 1299 1298 1248
3 1248 9564 1299
3 9564 1289 1299
3 1376 1198 1234
3 1250 1344 1339
3 1301 1344 1221
3 1252 1302 1280
3 1302 1272 1329
3 1273 1272 1223
3 1273 1212 1294
3 1224 1304 1294
3 1275 1306 1255
3 1268 1290 1300
3 1316 1238 1243
3 1259 1218 1319
3 1260 1261 1355
3 1331 1355 1261
3 1261 1312 1331
3 1276 1179 1325
3 1229 1325 1179
3 1229 1265 1325
3 1286 1313 1265
3 1266 1286 1262
3 1287 1266 1197
3 1197 1263 1287
3 1288 1287 1263
3 1325 1265 1285
3 1313 1285 1265
3 1265 1262 1286
3 1369 1286 1266
3 1288 1267 1297
3 1307 1333 1267
3 1165 1376 1335
3 1235 1277 1359
3 1360 1268 1387
3 1316 1337 1258
3 1316 1243 1317
3 1260 1309 1218
3 1249 1292 1269
3 1221 1278 1301
3 1251 1270 1278
3 1279 1271 1348
3 1303 1272 1273
3 1352 1305 1295
3 1170 1283 1366
3 1312 1276 1356
3 1332 1356 1276
3 1325 1332 1276
3 1333 1297 1267
3 1289 1165 1335
3 1359 1234 1235
3 1315 1359 1277
3 1387 1268 1300
3 1337 1300 1290
3 1318 1291 1244
3 1327 1259 1319
3 1355 1309 1260
3 1328 1346 1249
3 1250 1328 1249
3 1250 1339 1328
3 1252 1391 1293
3 1305 1351 1274
3 1213 1281 1253
3 1296 1382 1213
3 1275 1255 1353
3 1255 1282 1353
3 1282 1227 1366
3 1283 1311 1383
3 1256 1257 1354
3 1297 1287 1288
3 1299 1289 1371
3 1290 1258 1337
3 1316 1317 1338
3 1243 1291 1318
3 1218 1309 1319
3 1292 1249 1320
3 1346 1320 1249
3 1310 1301 1278
3 1278 1270 1310
3 1270 1279 1310
3 1348 1310 1279
3 1271 1321 1380
3 1391 1345 1293
3 1391 1252 1280
3 1322 1280 1302
3 1303 1329 1272
3 1303 1273 1365
3 1294 1304 1340
3 1304 1274 1330
3 1274 1351 1330
3 1305 1352 1323
3 1296 1254 1240
3 1383 1366 1283
3 1307 1398 1333
3 1298 1299 1326
3 1371 1326 1299
3 1317 1243 1363
3 1318 1363 1243
3 1244 1245 1318
3 1327 1318 1245
3 1319 1364 1327
3 1321 1345 1373
3 1329 1322 1302
3 1273 1294 1365
3 1323 1351 1305
3 1366 1406 1282
3 1354 1257 1324
3 1284 1324 1257
3 1284 1292 1320
3 1285 1313 1368
3 1313 1286 1314
3 1369 1314 1286
3 1266 1287 1342
3 1287 1297 1358
3 1297 1333 1358
3 1232 1370 1246
3 1232 1334 1408
3 1361 1371 1289
3 1301 1310 1347
3 1380 1348 1271
3 1280 1322 1349
3 1304 1330 1340
3 1367 1331 1312
3 1356 1367 1312
3 1285 1368 1384
3 1368 1313 1314
3 1369 1266 1342
3 1386 1398 1307
3 1246 1386 1307
3 1408 1370 1232
3 1417 1343 1264
3 1264 1308 1417
3 1308 1298 1400
3 1326 1400 1298
3 1376 1234 1362
3 1359 1362 1234
3 1359 1315 1336
3 1459 1363 1318
3 1364 1379 1327
3 1346 1328 1420
3 1403 1339 1344
3 1421 1344 1301
3 1347 1421 1301
3 1380 1321 1430
3 1349 1391 1280
3 1329 1303 1350
3 1303 1365 1350
3 1340 1365 1294
3 1423 1340 1330
3 1444 1351 1323
3 1281 1352 1295
3 1462 1353 1282
3 1282 1406 1462
3 1325 1285 1357
3 1384 1357 1285
3 1368 1314 1385
3 1287 1358 1342
3 1386 1246 1370
3 1387 1300 1419
3 1379 1318 1327
3 1309 1355 1372
3 1348 1347 1310
3 1330 1351 1423
3 1281 1213 1382
3 1375 1240 1341
3 1414 1201 1306
3 1306 1275 1434
3 1342 1358 1397
3 1399 1408 1334
3 1334 1264 1455
3 1264 1343 1455
3 1326 1371 1446
3 1337 1316 1388
3 1319 1309 1364
3 1309 1372 1364
3 1403 1328 1339
3 1349 1322 1442
3 1442 1322 1443
3 1322 1329 1374
3 1414 1375 1341
3 1341 1201 1414
3 1256 1354 1311
3 1324 1473 1354
3 1335 1361 1289
3 1336 1315 1418
3 1378 1300 1337
3 1388 1316 1338
3 1379 1390 1318
3 1331 1435 1355
3 1404 1421 1347
3 1347 1348 1404
3 1321 1373 1430
3 1374 1443 1322
3 1350 1374 1329
3 1413 1423 1351
3 1382 1461 1281
3 1240 1375 1394
3 1275 1353 1424
3 1320 1346 1410
3 1420 1410 1346
3 1328 1403 1411
3 1348 1380 1441
3 1352 1281 1461
3 1394 1296 1240
3 1424 1434 1275
3 1284 1320 1485
3 1300 1378 1377
3 1378 1337 1388
3 1428 1338 1317
3 1363 1459 1389
3 1372 1355 1435
3 1357 1384 1415
3 1368 1416 1384
3 1358 1333 1397
3 1398 1397 1333
3 1455 1399 1334
3 1362 1359 1427
3 1360 1418 1315
3 1367 1435 1331
3 1396 1385 1314
3 1314 1369 1396
3 1436 1369 1342
3 1388 1338 1439
3 1344 1421 1403
3 1441 1404 1348
3 1405 1373 1345
3 1391 1405 1345
3 1350 1365 1392
3 1352 1444 1323
3 1414 1306 1434
3 1406 1366 1450
3 1463 1366 1383
3 1485 1324 1284
3 1325 1357 1332
3 1369 1436 1396
3 1386 1370 1453
3 1408 1407 1370
3 1438 1427 1336
3 1317 1363 1389
3 1364 1372 1447
3 1372 1435 1409
3 1411 1420 1328
3 1412 1430 1373
3 1405 1482 1373
3 1365 1340 1392
3 1393 1392 1340
3 1423 1393 1340
3 1381 1352 1461
3 1382 1296 1394
3 1353 1462 1424
3 1332 1357 1452
3 1453 1398 1386
3 1400 1326 1446
3 1401 1335 1376
3 1362 1427 1487
3 1419 1377 1402
3 1458 1377 1378
3 1447 1390 1379
3 1447 1372 1409
3 1320 1410 1395
3 1429 1403 1421
3 1482 1412 1373
3 1405 1391 1448
3 1391 1349 1432
3 1422 1374 1350
3 1350 1392 1422
3 1354 1473 1311
3 1485 1320 1395
3 1356 1451 1367
3 1384 1416 1415
3 1385 1476 1368
3 1407 1453 1370
3 1376 1362 1401
3 1360 1387 1457
3 1378 1388 1439
3 1428 1317 1389
3 1467 1459 1318
3 1318 1390 1467
3 1379 1364 1447
3 1441 1380 1430
3 1412 1431 1430
3 1432 1448 1391
3 1444 1413 1351
3 1394 1375 1433
3 1375 1414 1580
3 1415 1452 1357
3 1416 1368 1476
3 1342 1397 1436
3 1398 1426 1397
3 1408 1399 1454
3 1518 1455 1343
3 1343 1417 1477
3 1446 1371 1437
3 1371 1361 1437
3 1335 1505 1361
3 1487 1401 1362
3 1419 1457 1387
3 1409 1435 1460
3 1420 1411 1493
3 1349 1442 1432
3 1443 1374 1422
3 1444 1352 1445
3 1449 1445 1352
3 1381 1449 1352
3 1450 1498 1462
3 1462 1406 1450
3 1366 1463 1450
3 1324 1551 1473
3 1551 1324 1485
3 1451 1435 1367
3 1356 1332 1451
3 1425 1451 1332
3 1452 1425 1332
3 1396 1476 1385
3 1436 1397 1426
3 1454 1407 1408
3 1477 1518 1343
3 1308 1400 1510
3 1439 1338 1428
3 1428 1389 1440
3 1389 1459 1508
3 1460 1447 1409
3 1493 1513 1420
3 1488 1421 1404
3 1441 1488 1404
3 1470 1392 1393
3 1538 1463 1383
3 1383 1311 1538
3 1473 1538 1311
3 1416 1476 1475
3 1455 1454 1399
3 1417 1308 1510
3 1437 1361 1504
3 1505 1504 1361
3 1418 1438 1336
3 1457 1419 1519
3 1419 1402 1519
3 1458 1378 1478
3 1378 1439 1478
3 1561 1432 1442
3 1422 1392 1470
3 1393 1423 1471
3 1472 1423 1413
3 1413 1444 1472
3 1580 1433 1375
3 1525 1414 1434
3 1436 1528 1396
3 1486 1453 1407
3 1477 1417 1555
3 1446 1437 1503
3 1401 1505 1335
3 1457 1418 1360
3 1377 1657 1402
3 1458 1531 1377
3 1439 1428 1479
3 1447 1460 1468
3 1431 1412 1489
3 1448 1432 1494
3 1381 1461 1449
3 1435 1451 1474
3 1499 1466 1415
3 1415 1416 1499
3 1510 1555 1417
3 1502 1510 1400
3 1657 1377 1658
3 1531 1658 1377
3 1468 1480 1447
3 1474 1460 1435
3 1513 1410 1420
3 1481 1411 1403
3 1509 1481 1403
3 1403 1429 1509
3 1488 1429 1421
3 1441 1430 1522
3 1431 1522 1430
3 1412 1482 1489
3 1448 1482 1405
3 1442 1443 1561
3 1443 1422 1464
3 1471 1470 1393
3 1472 1471 1423
3 1445 1472 1444
3 1485 1484 1551
3 1451 1425 1465
3 1452 1465 1425
3 1500 1476 1396
3 1453 1426 1398
3 1454 1486 1407
3 1556 1437 1504
3 1478 1439 1479
3 1440 1479 1428
3 1395 1410 1521
3 1481 1493 1411
3 1514 1509 1429
3 1429 1488 1469
3 1522 1488 1441
3 1490 1482 1448
3 1494 1490 1448
3 1422 1470 1515
3 1449 1461 1496
3 1433 1580 1545
3 1497 1580 1414
3 1414 1525 1497
3 1450 1463 1498
3 1463 1538 1546
3 1517 1474 1451
3 1465 1517 1451
3 1452 1415 1466
3 1396 1528 1500
3 1486 1454 1501
3 1501 1454 1455
3 1503 1502 1400
3 1400 1446 1503
3 1557 1438 1418
3 1519 1491 1457
3 1506 1531 1458
3 1520 1506 1458
3 1520 1458 1478
3 1467 1390 1447
3 1480 1467 1447
3 1524 1496 1461
3 1382 1524 1461
3 1525 1434 1483
3 1434 1424 1483
3 1521 1485 1395
3 1416 1475 1499
3 1581 1426 1453
3 1518 1456 1455
3 1557 1487 1427
3 1478 1479 1507
3 1532 1507 1479
3 1508 1440 1389
3 1561 1494 1432
3 1471 1472 1516
3 1394 1524 1382
3 1546 1498 1463
3 1551 1574 1473
3 1484 1485 1587
3 1453 1486 1581
3 1401 1487 1530
3 1418 1457 1491
3 1520 1478 1507
3 1508 1459 1512
3 1459 1467 1512
3 1468 1460 1541
3 1464 1422 1495
3 1422 1515 1495
3 1445 1449 1536
3 1528 1436 1581
3 1436 1426 1581
3 1501 1455 1456
3 1503 1437 1556
3 1492 1532 1479
3 1479 1440 1492
3 1569 1480 1468
3 1474 1541 1460
3 1542 1521 1410
3 1513 1542 1410
3 1429 1469 1514
3 1522 1431 1559
3 1523 1559 1431
3 1470 1471 1516
3 1535 1516 1472
3 1496 1536 1449
3 1498 1546 1526
3 1574 1538 1473
3 1452 1466 1527
3 1565 1476 1500
3 1518 1477 1554
3 1555 1567 1477
3 1502 1503 1568
3 1591 1467 1480
3 1469 1488 1522
3 1431 1489 1523
3 1534 1489 1482
3 1490 1585 1482
3 1561 1443 1606
3 1464 1606 1443
3 1537 1524 1394
3 1394 1433 1537
3 1433 1545 1537
3 1526 1424 1462
3 1462 1498 1526
3 1474 1517 1539
3 1527 1517 1465
3 1465 1452 1527
3 1499 1552 1466
3 1576 1565 1500
3 1528 1576 1500
3 1501 1456 1547
3 1567 1554 1477
3 1568 1503 1511
3 1519 1402 1650
3 1657 1650 1402
3 1541 1548 1468
3 1481 1509 1533
3 1522 1570 1469
3 1559 1543 1522
3 1482 1585 1534
3 1490 1494 1579
3 1516 1515 1470
3 1544 1535 1472
3 1445 1544 1472
3 1536 1496 1595
3 1483 1586 1525
3 1483 1424 1609
3 1424 1526 1609
3 1526 1546 1604
3 1587 1485 1521
3 1527 1466 1552
3 1529 1581 1486
3 1486 1501 1529
3 1456 1518 1553
3 1503 1556 1648
3 1505 1401 1530
3 1418 1491 1726
3 1492 1440 1558
3 1508 1558 1440
3 1480 1569 1591
3 1623 1513 1493
3 1549 1493 1481
3 1509 1514 1533
3 1561 1579 1494
3 1545 1608 1537
3 1547 1529 1501
3 1553 1547 1456
3 1554 1553 1518
3 1540 1504 1505
3 1530 1582 1505
3 9565 1530 1487
3 1625 1491 1519
3 1650 1625 1519
3 1612 1520 1507
3 1614 1558 1508
3 1512 1614 1508
3 1467 1591 1512
3 1548 1569 1468
3 1541 1474 1539
3 1493 1549 1623
3 1481 1533 1549
3 1543 1570 1522
3 1579 1585 1490
3 1562 1544 1445
3 1536 1562 1445
3 1580 1497 1668
3 1497 1525 1586
3 1609 1630 1483
3 1551 1484 1597
3 1587 1597 1484
3 1539 1517 1575
3 1517 1527 1575
3 1552 1575 1527
3 1499 1475 1599
3 1565 1475 1476
3 1581 1576 1528
3 1648 1511 1503
3 1540 1556 1504
3 1583 1557 1418
3 1600 1612 1507
3 1507 1532 1600
3 1592 1548 1541
3 1623 1605 1513
3 1514 1469 1570
3 1543 1559 1603
3 1523 1489 1578
3 1489 1534 1578
3 1524 1595 1496
3 1586 1668 1497
3 1552 1499 1588
3 1599 1598 1499
3 1547 1553 1589
3 1554 1567 1617
3 1555 1510 1618
3 1577 1530 9565
3 1612 1506 1520
3 1532 1492 1601
3 1558 1601 1492
3 1541 1539 1592
3 1521 1542 1611
3 1605 1542 1513
3 1584 1570 1543
3 1534 1678 1578
3 1495 1515 1572
3 1515 1516 1572
3 1550 1572 1516
3 1538 1574 1669
3 1551 1564 1574
3 1598 1588 1499
3 1529 1547 1566
3 1547 1589 1566
3 1505 1582 1540
3 1512 1591 1590
3 1514 1570 1533
3 1559 1523 1571
3 1523 1560 1571
3 1578 1560 1523
3 1534 1585 1678
3 1606 1464 1659
3 1464 1495 1659
3 1550 1516 1628
3 1516 1535 1628
3 1562 1536 1594
3 1595 1594 1536
3 1630 1586 1483
3 1597 1564 1551
3 1645 1587 1521
3 1521 1611 1645
3 1618 1567 1555
3 1635 1582 1530
3 1530 1577 1635
3 1583 1418 1726
3 1726 1491 1656
3 1600 1532 1601
3 1548 1592 1621
3 1533 1593 1549
3 1571 1603 1559
3 1640 1678 1585
3 1535 1544 1643
3 1524 1537 1573
3 1654 1575 1552
3 1598 1599 1631
3 1475 1565 1599
3 1576 1689 1565
3 1581 1529 1632
3 1568 1511 1634
3 1512 1590 1614
3 1620 1591 1569
3 1638 1620 1569
3 1569 1548 1638
3 1621 1638 1548
3 1623 1549 1664
3 1584 1639 1570
3 1602 1584 1543
3 1543 1603 1602
3 1545 1580 1731
3 1609 1526 1596
3 1652 1604 1546
3 1546 1644 1652
3 1592 1539 1615
3 1588 1654 1552
3 1617 1553 1554
3 1540 1648 1556
3 1655 1577 9565
3 9565 1583 1655
3 1625 1656 1491
3 1641 1579 1561
3 1535 1643 1607
3 1562 1643 1544
3 1608 1720 1537
3 1668 1731 1580
3 1563 1596 1526
3 1604 1563 1526
3 1610 1546 1538
3 1538 1669 1610
3 1539 1575 1616
3 1575 1654 1616
3 1631 1599 1565
3 1632 1576 1581
3 1635 1540 1582
3 1636 1655 1583
3 1726 1636 1583
3 1637 1612 1600
3 1558 1613 1601
3 1686 1627 1584
3 1602 1686 1584
3 1659 1642 1606
3 1607 1628 1535
3 1573 1595 1524
3 1574 1564 1669
3 1587 1624 1597
3 1587 1645 1624
3 1529 1566 1632
3 1567 1618 1739
3 1613 1558 1614
3 1614 1590 1670
3 1620 1626 1591
3 1611 1542 1675
3 1533 1570 1690
3 1627 1639 1584
3 1579 1640 1585
3 1545 1731 1608
3 1652 1563 1604
3 1610 1644 1546
3 1588 1598 1661
3 1598 1631 1661
3 1689 1631 1565
3 1739 1617 1567
3 1510 1502 1633
3 1568 1633 1502
3 1656 1625 1649
3 1600 1601 1637
3 1706 1637 1601
3 1613 1706 1601
3 1590 1591 1626
3 1621 1592 1622
3 1592 1615 1622
3 1651 1593 1533
3 1533 1690 1651
3 1603 1677 1602
3 1603 1571 1677
3 1641 1561 1606
3 1572 1659 1495
3 1668 1586 1679
3 1674 1630 1609
3 1542 1605 1675
3 1570 1639 1690
3 1673 1571 1560
3 1578 1673 1560
3 1641 1640 1579
3 1572 1550 1628
3 1595 1573 1629
3 1645 1611 1653
3 1675 1653 1611
3 1625 1650 1683
3 1658 1713 1657
3 1670 1619 1614
3 1616 1646 1615
3 1615 1539 1616
3 1553 1733 1589
3 1553 1617 1733
3 1618 1510 1748
3 1633 1748 1510
3 1633 1568 1740
3 1634 1740 1568
3 1632 1566 1663
3 1540 1635 1696
3 1696 1635 1577
3 1726 1656 1727
3 1613 1614 1619
3 1626 1670 1590
3 1638 1621 1672
3 1701 1605 1623
3 1623 1664 1701
3 1783 1690 1639
3 1673 1677 1571
3 1667 1573 1537
3 1537 1720 1667
3 1660 1703 1624
3 1624 1645 1660
3 1661 1680 1588
3 1647 1566 1589
3 1696 1577 1655
3 1684 1506 1612
3 1615 1646 1622
3 1701 1675 1605
3 1639 1627 1692
3 1578 1678 1673
3 1586 1630 1674
3 1596 1674 1609
3 1694 1646 1616
3 1654 1588 1680
3 1689 1576 1632
3 1695 1647 1589
3 1683 1650 1763
3 1658 1531 1714
3 1531 1506 1714
3 1758 1684 1612
3 1706 1613 1734
3 1619 1734 1613
3 1620 1638 1672
3 1718 1664 1549
3 1686 1692 1627
3 1641 1606 1687
3 1642 1687 1606
3 1659 1572 1738
3 1573 1667 1629
3 1596 1563 1688
3 1652 1644 1757
3 1564 1597 1703
3 1597 1624 1703
3 1662 1661 1631
3 1511 1648 1724
3 1725 1648 1540
3 1649 1625 1683
3 1657 1763 1650
3 1728 1612 1637
3 1671 1626 1620
3 1783 1691 1690
3 1686 1602 1665
3 1772 1731 1668
3 1707 1660 1645
3 1680 1746 1654
3 1689 1662 1631
3 1566 1647 1663
3 1511 1704 1634
3 1649 1727 1656
3 1684 1715 1506
3 1612 1728 1758
3 1670 1685 1619
3 1670 1626 1671
3 1620 1672 1717
3 1677 1665 1602
3 1677 1673 1730
3 1719 1673 1678
3 1641 1755 1640
3 1628 1738 1572
3 1666 1607 1643
3 1643 1562 1666
3 1807 1666 1562
3 1594 1807 1562
3 1595 1629 1693
3 1629 1667 1761
3 1839 1679 1586
3 1586 1674 1839
3 1652 1688 1563
3 1703 1660 1735
3 1645 1653 1699
3 1675 1745 1653
3 1654 1694 1616
3 1681 1680 1661
3 1661 1662 1830
3 1648 1725 1724
3 1725 1540 1696
3 1714 1506 1715
3 1622 1646 1676
3 1755 1678 1640
3 1594 1595 1693
3 1679 1772 1668
3 1757 1688 1652
3 1669 1564 1710
3 1699 1707 1645
3 1745 1699 1653
3 1661 1830 1681
3 1662 1689 1765
3 1682 1689 1632
3 1632 1663 1682
3 1647 1682 1663
3 1589 1733 1695
3 1739 1733 1617
3 1747 1739 1618
3 1747 1618 1748
3 1714 1713 1658
3 1728 1637 1706
3 1717 1671 1620
3 1672 1621 1698
3 1621 1622 1698
3 1759 1549 1593
3 1677 1730 1709
3 1642 1659 1774
3 1738 1774 1659
3 1666 1806 1607
3 1807 1594 1693
3 1667 1720 1761
3 1745 1675 1816
3 1704 1511 1724
3 1713 1763 1657
3 1734 1619 1685
3 1622 1676 1698
3 1675 1701 1700
3 1709 1665 1677
3 1678 1755 1719
3 1755 1641 1687
3 1774 1702 1642
3 1720 1608 1797
3 1703 1710 1564
3 1700 1816 1675
3 1646 1694 1711
3 1746 1694 1654
3 1696 1705 1725
3 1696 1655 9571
3 1741 9571 1655
3 1636 1741 1655
3 1727 1649 1778
3 1749 1649 1683
3 1670 1671 1743
3 1717 1716 1671
3 1697 1717 1672
3 1708 1692 1686
3 1686 1665 1708
3 1702 1687 1642
3 1761 1720 1827
3 1765 1689 1682
3 1733 1712 1695
3 1733 1739 1777
3 1799 1777 1739
3 1715 1684 1764
3 1743 1671 1716
3 1735 1660 1707
3 1794 1701 1664
3 1664 1718 1794
3 1549 1759 1718
3 1690 1691 1651
3 1596 1688 1773
3 1722 1676 1646
3 1711 1722 1646
3 1746 1809 1694
3 1681 1746 1680
3 1830 1662 1762
3 1765 1762 1662
3 1712 1647 1695
3 1726 1741 1636
3 1742 1778 1649
3 1815 1764 1684
3 1684 1758 1815
3 1734 1767 1706
3 1685 1670 1743
3 1697 1672 1698
3 1703 1735 1729
3 1593 1651 1759
3 1730 1673 1719
3 1628 1607 1775
3 1806 1775 1607
3 1757 1773 1688
3 1610 1669 1721
3 1710 1721 1669
3 1710 1703 1729
3 1694 1809 1711
3 1830 1723 1681
3 1732 1682 1647
3 1739 1747 1832
3 1763 1713 1802
3 1728 1706 1767
3 1734 1685 1779
3 1716 1717 1750
3 1794 1753 1701
3 1708 1785 1692
3 1665 1837 1708
3 1709 1760 1665
3 1693 1629 1756
3 1828 1674 1596
3 1740 1634 1766
3 1704 1766 1634
3 1705 1812 1725
3 1649 1749 1742
3 1683 1763 1749
3 1713 1714 1814
3 1714 1715 1866
3 1764 1866 1715
3 1769 1698 1676
3 1722 1769 1676
3 1752 1699 1745
3 1736 1794 1718
3 1639 1692 1754
3 1760 1837 1665
3 1730 1719 1709
3 1687 1702 1737
3 1774 1737 1702
3 1773 1828 1596
3 1647 1712 1732
3 1812 1724 1725
3 1726 1727 1778
3 1749 1763 1847
3 1767 1823 1728
3 1743 1779 1685
3 1743 1716 1803
3 1792 1735 1707
3 1744 1751 1707
3 1707 1699 1744
3 1752 1744 1699
3 1805 1782 1718
3 1718 1759 1805
3 1754 1783 1639
3 1785 1784 1692
3 1809 1722 1711
3 1682 1732 1788
3 1748 1633 1800
3 1705 9571 1812
3 1768 1750 1717
3 1768 1717 1697
3 1698 1781 1697
3 1707 1751 1792
3 1753 1793 1700
3 1795 1709 1719
3 1737 1755 1687
3 1738 1796 1774
3 1738 1628 1796
3 1807 1806 1666
3 1807 1693 1821
3 1756 1821 1693
3 1732 1712 1798
3 1777 1712 1733
3 1874 1799 1739
3 1800 1633 1853
3 1766 1853 1633
3 1633 1740 1766
3 1789 1704 1724
3 1813 1812 9571
3 1742 1846 1778
3 1779 1743 1803
3 1781 1768 1697
3 1816 1752 1745
3 1816 1700 1817
3 1793 1817 1700
3 1755 1795 1719
3 1796 1628 1775
3 1806 1807 1771
3 1826 1629 1761
3 1797 1827 1720
3 1608 1731 1797
3 1787 1644 1610
3 1610 1721 1787
3 1723 1746 1681
3 1682 1788 1811
3 1845 1798 1712
3 1739 1832 1874
3 1748 1832 1747
3 1741 1813 9571
3 1908 1801 1741
3 1741 1726 1908
3 1778 1908 1726
3 1767 1734 1859
3 1729 1735 1804
3 1744 1792 1751
3 1718 1782 1736
3 1759 1651 1836
3 1691 1836 1651
3 1826 1756 1629
3 1917 1826 1761
3 1772 1797 1731
3 1772 1679 1883
3 1679 1839 1883
3 1787 1757 1644
3 1810 1762 1765
3 1732 1798 1788
3 1866 1814 1714
3 1823 1758 1728
3 1779 1859 1734
3 1769 1781 1698
3 1770 1744 1752
3 1691 1783 1926
3 1760 1709 1795
3 1820 1819 1755
3 1755 1737 1820
3 1839 1674 1828
3 1757 1776 1773
3 1841 1769 1722
3 1722 1809 1841
3 1811 1765 1682
3 1832 1748 1885
3 1800 1885 1748
3 1781 1780 1768
3 1804 1735 1870
3 1792 1870 1735
3 1862 1770 1752
3 1752 1816 1862
3 1753 1794 1849
3 1794 1736 1864
3 1754 1692 1877
3 1784 1877 1692
3 1760 1795 1786
3 1806 1891 1775
3 1776 1757 1808
3 1809 1746 1842
3 1723 1842 1746
3 1830 1762 1822
3 1765 1811 1810
3 1812 1789 1724
3 1813 1741 1801
3 1758 1823 1791
3 1750 1768 1860
3 1780 1860 1768
3 1818 1785 1708
3 1708 1837 1818
3 1761 1827 1917
3 1828 1773 1776
3 1811 1788 1872
3 1814 1802 1713
3 1764 1815 1790
3 1758 1791 1815
3 1891 1796 1775
3 1855 1771 1807
3 1826 1821 1756
3 1721 1710 1851
3 1729 1851 1710
3 1979 1799 1874
3 1853 1766 2049
3 1704 1886 1766
3 1908 1778 1833
3 1846 1833 1778
3 1779 1803 1890
3 1792 1744 1835
3 1816 1817 1863
3 1836 1805 1759
3 1926 1836 1691
3 1783 1901 1926
3 1783 1754 1901
3 1877 1784 1927
3 1838 1820 1737
3 1825 1838 1737
3 1774 1825 1737
3 1828 1902 1839
3 1808 1757 1884
3 1757 1787 1884
3 1787 1721 1892
3 1762 1810 1822
3 1872 1788 1798
3 1979 1873 1799
3 1886 2049 1766
3 1812 1813 1887
3 1802 1847 1763
3 1859 1896 1767
3 1716 1750 1834
3 1750 1860 1834
3 1861 1780 1781
3 1824 1835 1744
3 1794 1864 1849
3 1818 1784 1785
3 1786 1854 1760
3 1865 1786 1795
3 1819 1865 1795
3 1821 1881 1807
3 1917 1827 1867
3 1882 1867 1827
3 1912 1827 1797
3 1830 1844 1723
3 1822 1831 1830
3 1777 1799 1924
3 1873 1924 1799
3 1866 1764 1790
3 1834 1890 1803
3 1803 1716 1834
3 1769 1861 1781
3 1770 1824 1744
3 1862 1848 1770
3 1837 1760 1854
3 1820 1865 1819
3 1796 1825 1774
3 1891 1806 1880
3 1806 1771 1880
3 1881 1855 1807
3 1797 1772 1868
3 1776 1840 1828
3 1804 1851 1729
3 1809 1852 1841
3 1842 1852 1809
3 1810 1811 1872
3 1924 1712 1777
3 1704 1789 1925
3 1749 1847 1894
3 1896 1823 1767
3 1816 1863 1862
3 1855 1880 1771
3 1821 1826 1881
3 1868 1912 1797
3 1776 1808 1829
3 1884 1829 1808
3 1843 1842 1723
3 1909 1894 1847
3 1890 1859 1779
3 1754 1877 1947
3 1865 1820 1879
3 1902 1828 1840
3 1829 1840 1776
3 1851 1892 1721
3 1844 1830 1857
3 1872 1871 1810
3 1887 1914 1812
3 1801 1887 1813
3 1894 1858 1749
3 1802 1814 2024
3 1910 2024 1814
3 1905 1910 1814
3 1814 1866 1905
3 1861 1769 1899
3 1817 1849 1876
3 1947 1901 1754
3 1818 1878 1784
3 1786 1865 1915
3 1883 1839 1907
3 1907 1839 1902
3 1840 1829 1850
3 1869 1850 1829
3 1829 1884 1869
3 1769 1841 1856
3 1844 1843 1723
3 1872 1798 1922
3 1798 1845 1922
3 1845 1712 1923
3 1924 1923 1712
3 1873 1979 1967
3 1832 1936 1874
3 1858 1833 1846
3 1895 1909 1847
3 1847 1802 1895
3 2024 1895 1802
3 1823 1896 1889
3 1965 1804 1870
3 1870 1792 1930
3 1835 1930 1792
3 1920 1835 1824
3 1893 1824 1770
3 1770 1848 1893
3 1848 1862 1911
3 1876 1863 1817
3 1736 1782 1864
3 1818 1837 1940
3 1837 1854 1940
3 1879 1820 1941
3 1838 1941 1820
3 1796 1934 1825
3 1882 1827 1912
3 1883 1868 1772
3 1892 1884 1787
3 1842 1843 1950
3 1831 1857 1830
3 1871 1822 1810
3 1885 1936 1832
3 1925 1886 1704
3 1791 1823 1889
3 1834 1860 1938
3 1780 1861 1898
3 1939 1898 1861
3 1849 1864 1900
3 1878 1818 2062
3 1786 1915 1854
3 1912 1868 1995
3 1841 1852 1856
3 1852 1842 1950
3 1822 1871 1921
3 1866 1790 1937
3 1896 1859 1945
3 1898 1860 1780
3 1862 1863 1911
3 1926 2014 1836
3 1940 1928 1818
3 1865 1879 1915
3 1855 1881 1985
3 1868 1883 1962
3 1954 1930 1835
3 1923 1922 1845
3 1873 1967 1978
3 1905 1866 1937
3 1815 1791 1790
3 1859 1897 1945
3 1890 1897 1859
3 1890 1834 1938
3 1863 1876 1946
3 1876 1849 1957
3 1836 1933 1805
3 1915 1940 1854
3 1985 1916 1855
3 1919 1850 1869
3 1929 1851 1804
3 1804 1965 1929
3 1893 1920 1824
3 1922 1931 1872
3 1978 1924 1873
3 1979 1874 1980
3 1936 1980 1874
3 1886 1925 1903
3 1908 1833 1888
3 1932 1897 1890
3 1769 1856 1899
3 1863 1946 1911
3 1971 1900 1864
3 1973 1782 1805
3 1805 1933 1973
3 1878 1927 1784
3 1961 1891 1880
3 1855 1916 1880
3 1906 1881 1826
3 1826 1917 1906
3 1869 1884 1913
3 1892 1913 1884
3 1920 1954 1835
3 1831 1935 1857
3 1800 1944 1885
3 1904 1875 1887
3 1887 1801 1904
3 1908 1904 1801
3 1938 1860 1898
3 1861 1899 1939
3 1911 1893 1848
3 1782 1973 1972
3 2062 1818 1928
3 1879 1941 1959
3 1796 1891 1961
3 1985 1881 1906
3 1918 1902 1840
3 1840 1850 1963
3 1913 1919 1869
3 1851 1964 1892
3 1930 1965 1870
3 1920 1893 2007
3 1931 1871 1872
3 1931 1922 1999
3 1853 2049 1800
3 1909 1858 1894
3 1955 1790 1791
3 1889 1955 1791
3 1933 1836 2014
3 1958 1926 1901
3 1901 1947 1958
3 1915 1879 1952
3 1919 1963 1850
3 1831 1822 1988
3 1969 1889 1896
3 2010 1945 1897
3 1946 1876 1957
3 1879 1959 1952
3 1934 1838 1825
3 1961 1934 1796
3 1942 1962 1883
3 1919 1913 1943
3 1964 1913 1892
3 1950 1856 1852
3 1988 1935 1831
3 1921 1988 1822
3 2049 1944 1800
3 1925 1914 2001
3 1904 1908 2032
3 1888 2032 1908
3 1833 1858 2003
3 1889 1969 1968
3 1932 1890 1938
3 1880 1916 1949
3 1962 1995 1868
3 1907 1942 1883
3 1986 1907 1902
3 1840 1963 1918
3 1922 1923 1999
3 1903 1982 1886
3 1875 2001 1914
3 1905 1937 2009
3 1932 2010 1897
3 1938 1898 2005
3 1946 2051 1911
3 1991 1957 1849
3 1849 1900 1991
3 1927 1878 2043
3 1952 1940 1915
3 1941 1838 1960
3 1948 1960 1838
3 1934 1948 1838
3 2021 1943 1913
3 2007 1966 1920
3 2031 1856 1950
3 1976 1950 1843
3 1844 1976 1843
3 1998 1921 1871
3 1999 1977 1931
3 2000 1923 1924
3 1978 2000 1924
3 2003 1888 1833
3 1956 1955 1889
3 1896 1945 1970
3 1951 1893 1911
3 1958 1992 1926
3 1878 2062 2028
3 1906 1917 2029
3 1867 2029 1917
3 1918 1986 1902
3 1964 2021 1913
3 1857 1976 1844
3 1871 1931 1977
3 1967 1979 2023
3 1886 1981 2049
3 1858 1909 2081
3 1983 1895 2024
3 1970 1969 1896
3 1782 1972 1864
3 1949 1961 1880
3 1995 1882 1912
3 1942 1907 2105
3 1986 2105 1907
3 1918 1963 1996
3 1943 1975 1919
3 1964 1851 2066
3 2056 2066 1851
3 1851 1929 2056
3 1930 2012 1965
3 1930 1954 2107
3 1954 1920 1966
3 1923 2000 2057
3 2001 1903 1925
3 1875 1904 2008
3 1909 1895 1989
3 2050 2009 1937
3 1937 1790 2050
3 1889 1968 1956
3 1932 1938 2005
3 2051 1951 1911
3 1963 1919 1975
3 1943 2021 2044
3 1997 2007 1893
3 1982 1981 1886
3 2032 2008 1904
3 2077 2032 1888
3 1888 2003 2077
3 1989 2081 1909
3 2010 1970 1945
3 1951 1997 1893
3 1991 1900 2042
3 1992 2014 1926
3 1947 1877 1974
3 1974 1877 1927
3 2043 1974 1927
3 2017 1934 1961
3 1882 1995 1953
3 1929 1965 2056
3 1950 1976 2073
3 2001 1875 2002
3 2008 2002 1875
3 1932 2005 2096
3 2006 1939 1899
3 1957 1991 2027
3 1958 1947 1993
3 1947 1974 2011
3 1928 1940 2015
3 1984 2015 1940
3 1940 1952 1984
3 1952 1959 1984
3 1959 1941 2053
3 1960 2053 1941
3 1934 2017 2016
3 1906 2064 1985
3 2029 1867 1953
3 1867 1882 1953
3 1996 1963 2089
3 1856 2031 1987
3 2031 1950 2073
3 1857 1935 2138
3 1978 1967 2000
3 1983 1989 1895
3 1968 2004 1956
3 2051 1946 2041
3 2027 2041 1946
3 1946 1957 2027
3 1900 1971 2042
3 2020 1972 1973
3 2013 1973 1933
3 2014 2013 1933
3 2011 1993 1947
3 1994 2017 1961
3 1985 2064 2018
3 2115 1986 1918
3 1963 1975 2089
3 2066 2021 1964
3 2012 1930 2107
3 2036 1998 1871
3 2023 2000 1967
3 1936 1885 2059
3 1944 2059 1885
3 1955 2050 1790
3 1898 1990 2005
3 1939 1990 1898
3 1899 1856 2006
3 1987 2006 1856
3 1951 2026 1997
3 2043 1878 2028
3 2015 2034 1928
3 1984 1959 2052
3 1961 1949 1994
3 1975 1943 2019
3 1954 1966 2071
3 1997 2045 2007
3 2023 1979 2058
3 1980 2058 1979
3 1968 1969 2025
3 1970 2010 2039
3 2061 1971 1864
3 1864 1972 2061
3 2062 1928 2034
3 2080 2015 1984
3 2052 1959 2053
3 1949 1916 1994
3 1943 2044 2019
3 2030 2056 1965
3 1965 2012 2030
3 1935 1988 2074
3 2049 2179 1944
3 2025 2004 1968
3 2096 2010 1932
3 2096 2005 1990
3 1990 1939 2006
3 2016 1948 1934
3 2029 2064 1906
3 1962 1942 2054
3 2037 1977 1999
3 1999 1923 2037
3 2000 2023 2022
3 2048 1944 2179
3 2032 2076 2008
3 2003 1858 2207
3 2078 2081 1989
3 2039 2025 1969
3 1969 1970 2039
3 2103 2027 1991
3 1991 2042 2103
3 1973 2013 2020
3 1994 1916 2018
3 1985 2018 1916
3 1953 1995 2035
3 1942 2105 2054
3 2045 1966 2007
3 1982 1903 2038
3 2001 2038 1903
3 2002 2008 2076
3 2024 2140 1983
3 2014 1992 2112
3 1953 2035 2114
3 2089 1975 2116
3 2055 2019 2044
3 2021 2066 2117
3 2131 2030 2012
3 2107 2131 2012
3 1966 2045 2072
3 2045 1997 2026
3 2006 1987 2083
3 2047 2074 1988
3 1988 1921 2047
3 1871 1977 2036
3 2057 2037 1923
3 1936 2075 1980
3 2207 2077 2003
3 2081 2207 1858
3 1989 1983 2060
3 1956 2110 1955
3 2041 2027 2033
3 1995 1962 2035
3 2021 2130 2044
3 2071 2107 1954
3 2075 2058 1980
3 1981 1982 2038
3 2094 2078 1989
3 1983 2140 2060
3 1956 2004 2110
3 2010 2096 2125
3 1951 2051 2079
3 2112 1992 2087
3 1992 1958 2087
3 1993 2087 1958
3 1953 2114 2029
3 2085 2116 1975
3 1857 2092 1976
3 2138 1935 2074
3 2022 2057 2000
3 2075 1936 2059
3 2094 1989 2060
3 2050 2141 2009
3 2096 1990 2040
3 2083 2097 2006
3 2026 1951 2070
3 2103 2033 2027
3 1971 2104 2042
3 2061 2104 1971
3 1972 2020 2061
3 2013 2014 2112
3 2053 1960 2063
3 1960 1948 2063
3 1918 1996 2115
3 2085 1975 2019
3 2117 2130 2021
3 2031 2073 2046
3 1921 1998 2047
3 2093 2036 1977
3 2048 2059 1944
3 2002 2038 2001
3 2032 2077 2068
3 1905 2009 2141
3 2080 2145 2034
3 2015 2080 2034
3 2080 1984 2121
3 2052 2121 1984
3 2113 1948 2016
3 2018 2099 1994
3 2138 2092 1857
3 2109 2022 2023
3 2038 2002 2132
3 2002 2076 2132
3 2024 1910 2140
3 1990 2006 2097
3 1993 2011 2098
3 2017 1994 2099
3 2088 2122 2064
3 2064 2029 2088
3 2035 1962 2065
3 2054 2065 1962
3 2105 1986 2190
3 2106 2055 2044
3 2045 2026 2070
3 2074 2047 2123
3 1981 2179 2049
3 2134 2081 2078
3 1910 1905 2245
3 2069 2050 1955
3 1955 2110 2069
3 2142 2164 2025
3 2025 2039 2142
3 2010 2125 2135
3 1990 2097 2040
3 2136 2079 2051
3 2051 2041 2136
3 2111 2103 2042
3 2042 2104 2111
3 2087 1993 2154
3 2011 1974 2098
3 2053 2199 2052
3 1986 2115 2190
3 2130 2106 2044
3 2071 1966 2072
3 2023 2058 2109
3 2076 2032 2068
3 2110 2004 2095
3 2004 2025 2095
3 2039 2010 2102
3 2033 2136 2041
3 1974 2043 2128
3 2028 2128 2043
3 2199 2053 2156
3 2053 2063 2210
3 1948 2113 2063
3 2018 2064 2122
3 2066 2056 2170
3 2056 2030 2170
3 2072 2067 2071
3 2091 2083 1987
3 1987 2031 2091
3 2073 1976 2092
3 2124 2093 1977
3 2059 2048 2120
3 2179 2120 2048
3 2179 1981 2100
3 2101 2078 2094
3 2141 2050 2086
3 2082 2086 2050
3 2050 2069 2082
3 2102 2010 2135
3 1951 2079 2161
3 2084 2020 2013
3 2098 2154 1993
3 2062 2034 2145
3 2157 2099 2018
3 2191 2190 2115
3 2115 1996 2217
3 2019 2055 2090
3 2046 2091 2031
3 2037 2124 1977
3 2118 2037 2057
3 2057 2022 2118
3 2022 2109 2118
3 2109 2058 2139
3 2058 2075 2139
3 1981 2038 2100
3 2132 2100 2038
3 2077 2207 2283
3 2272 2101 2094
3 2164 2095 2025
3 2039 2102 2142
3 2013 2112 2084
3 2210 2156 2053
3 2088 2029 2137
3 2114 2137 2029
3 2065 2054 2168
3 2105 2168 2054
3 2170 2117 2066
3 2072 2045 2173
3 2059 2120 2119
3 2132 2076 2180
3 2068 2077 2195
3 2097 2083 2126
3 2070 1951 2161
3 2143 2104 2061
3 2028 2062 2167
3 2145 2167 2062
3 2157 2018 2122
3 2089 2217 1996
3 2131 2170 2030
3 2073 2092 2158
3 2138 2074 2123
3 1998 2036 2047
3 2133 2180 2076
3 2076 2068 2133
3 2207 2081 2134
3 2245 2140 1910
3 2033 2103 2166
3 2273 2112 2087
3 2154 2273 2087
3 2128 2098 1974
3 2016 2202 2113
3 2017 2099 2181
3 2089 2116 2172
3 2090 2085 2019
3 2130 2117 2192
3 2108 2146 2067
3 2067 2072 2108
3 2072 2173 2108
3 2091 2126 2083
3 2147 2046 2073
3 2068 2195 2133
3 2094 2060 2272
3 2164 2185 2095
3 2040 2097 2208
3 2098 2128 2215
3 2128 2028 2167
3 2121 2052 2199
3 2067 2107 2071
3 2092 2138 2148
3 2119 2120 2178
3 2179 2178 2120
3 2132 2163 2100
3 2283 2195 2077
3 2101 2134 2078
3 2040 2165 2096
3 2161 2152 2070
3 2161 2079 2237
3 2136 2237 2079
3 2166 2136 2033
3 2111 2166 2103
3 2181 2016 2017
3 2157 2181 2099
3 2088 2137 2189
3 2172 2217 2089
3 2085 2274 2116
3 2107 2067 2146
3 2108 2173 2212
3 2162 2036 2093
3 2093 2124 2162
3 2037 2118 2124
3 2100 2149 2179
3 2245 1905 2159
3 2141 2159 1905
3 2069 2110 2227
3 2208 2097 2151
3 2126 2151 2097
3 2127 2061 2020
3 2084 2127 2020
3 2145 2080 2155
3 2191 2115 2217
3 2274 2172 2116
3 2274 2085 2090
3 2129 2090 2055
3 2117 2170 2192
3 2131 2107 2182
3 2243 2162 2124
3 2183 2124 2118
3 2256 2082 2069
3 2196 2102 2135
3 2165 2135 2125
3 2208 2165 2040
3 2153 2111 2104
3 2143 2153 2104
3 2112 2273 2144
3 2080 2121 2155
3 2121 2199 2209
3 2065 2222 2035
3 2168 2105 2190
3 2173 2045 2305
3 2174 2305 2045
3 2046 2213 2091
3 2124 2183 2243
3 2175 2183 2118
3 2118 2109 2175
3 2139 2075 2176
3 2059 2176 2075
3 2141 2086 2150
3 2184 2227 2110
3 2110 2095 2184
3 2185 2164 2228
3 2196 2142 2102
3 2125 2096 2165
3 2061 2127 2143
3 2144 2084 2112
3 2189 2122 2088
3 2222 2232 2114
3 2114 2035 2222
3 2131 2182 2170
3 2152 2174 2045
3 2045 2070 2152
3 2138 2123 2204
3 2123 2047 2204
3 2047 2036 2261
3 2119 2176 2059
3 2163 2132 2180
3 2185 2214 2095
3 2209 2155 2121
3 2063 2113 2201
3 2114 2232 2137
3 2240 2129 2055
3 2055 2106 2240
3 2218 2261 2036
3 2139 2175 2109
3 2178 2177 2119
3 2159 2141 2150
3 2086 2082 2264
3 2186 2153 2143
3 2300 2127 2084
3 2154 2098 2197
3 2098 2215 2197
3 2106 2130 2211
3 2192 2211 2130
3 2182 2107 2241
3 2107 2146 2241
3 2126 2091 2160
3 2147 2073 2158
3 2256 2069 2227
3 2171 2151 2126
3 2161 2229 2152
3 2144 2273 2238
3 2286 2273 2154
3 2197 2286 2154
3 2199 2156 2200
3 2317 2200 2156
3 2201 2210 2063
3 2216 2157 2122
3 2189 2216 2122
3 2090 2129 2169
3 2213 2160 2091
3 2242 2213 2046
3 2147 2242 2046
3 2158 2242 2147
3 2092 2260 2158
3 2225 2272 2060
3 2060 2140 2225
3 2245 2226 2140
3 2214 2184 2095
3 2135 2165 2196
3 2166 2111 2231
3 2167 2145 2198
3 2155 2198 2145
3 2065 2168 2250
3 2193 2146 2108
3 2108 2212 2193
3 2148 2138 2307
3 2204 2307 2138
3 2162 2218 2036
3 2176 2119 2177
3 2100 2163 2219
3 2226 2225 2140
3 2256 2264 2082
3 2228 2164 2246
3 2164 2142 2246
3 2160 2171 2126
3 2128 2167 2198
3 2202 2201 2113
3 2181 2202 2016
3 2182 2192 2170
3 2206 2180 2133
3 2133 2195 2206
3 2255 2206 2195
3 2237 2230 2161
3 2231 2111 2266
3 2300 2186 2143
3 2143 2127 2300
3 2172 2274 2319
3 2193 2241 2146
3 2270 2212 2173
3 2305 2270 2173
3 2337 2204 2047
3 2047 2261 2337
3 2162 2243 2253
3 2176 2177 2205
3 2219 2194 2100
3 2262 2207 2134
3 2262 2134 2101
3 2101 2272 2262
3 2214 2185 2228
3 2142 2196 2246
3 2230 2229 2161
3 2153 2186 2220
3 2288 2198 2155
3 2187 2288 2155
3 2210 2317 2156
3 2202 2181 2203
3 2188 2203 2181
3 2181 2157 2188
3 2190 2328 2168
3 2148 2260 2092
3 2243 2183 2235
3 2175 2235 2183
3 2176 2205 2139
3 2262 2279 2207
3 2264 2150 2086
3 2237 2136 2258
3 2136 2166 2258
3 2231 2258 2166
3 2266 2111 2153
3 2153 2220 2266
3 2197 2215 2239
3 2215 2128 2287
3 2198 2287 2128
3 2187 2155 2209
3 2250 2222 2065
3 2090 2251 2274
3 2129 2240 2275
3 2242 2158 2260
3 2175 2139 2223
3 2178 2244 2177
3 2296 2255 2195
3 2195 2283 2296
3 2225 2226 2263
3 2214 2400 2184
3 2228 2257 2214
3 2196 2165 2247
3 2248 2247 2165
3 2165 2208 2248
3 2297 2208 2151
3 2160 2213 2171
3 2239 2286 2197
3 2288 2301 2198
3 2199 2200 2209
3 2302 2210 2201
3 2157 2216 2188
3 2090 2169 2251
3 2169 2129 2269
3 2275 2269 2129
3 2211 2240 2106
3 2174 2152 2298
3 2152 2229 2298
3 2218 2162 2253
3 2205 2223 2139
3 2178 2179 2149
3 2180 2206 2224
3 2279 2283 2207
3 2247 2246 2196
3 2151 2171 2297
3 2314 2220 2186
3 2300 2084 2326
3 2301 2259 2198
3 2302 2317 2210
3 2267 2201 2202
3 2250 2168 2328
3 2191 2217 2268
3 2233 2211 2192
3 2192 2182 2233
3 2182 2241 2233
3 2193 2212 2234
3 2149 2100 2194
3 2163 2180 2224
3 2214 2257 2265
3 2208 2297 2248
3 2084 2144 2326
3 2287 2239 2215
3 2287 2198 2259
3 2187 2209 2368
3 2203 2267 2202
3 2221 2188 2216
3 2189 2137 2249
3 2232 2249 2137
3 2217 2172 2268
3 2241 2193 2252
3 2270 2305 2382
3 2235 2175 2223
3 2244 2308 2177
3 2163 2398 2219
3 2171 2213 2313
3 2186 2300 2314
3 2328 2190 2357
3 2190 2191 2357
3 2234 2212 2294
3 2212 2270 2294
3 2308 2205 2177
3 2244 2178 2278
3 2255 2224 2206
3 2263 2272 2225
3 2159 2150 2311
3 2236 2256 2227
3 2227 2184 2399
3 2400 2399 2184
3 2280 2231 2266
3 2320 2251 2169
3 2169 2269 2320
3 2298 2229 2341
3 2243 2235 2344
3 2271 2344 2235
3 2223 2254 2235
3 2149 2278 2178
3 2255 2296 2310
3 2245 2159 2340
3 2311 2150 2454
3 2264 2454 2150
3 2353 2257 2228
3 2230 2237 2354
3 2258 2354 2237
3 2144 2238 2372
3 2249 2216 2189
3 2222 2250 2232
3 2268 2357 2191
3 2240 2211 2293
3 2276 2293 2211
3 2233 2276 2211
3 2234 2252 2193
3 2298 2305 2174
3 2242 2260 2281
3 2377 2253 2243
3 2344 2377 2243
3 2223 2205 2338
3 2224 2398 2163
3 2263 2226 2322
3 2339 2322 2226
3 2226 2245 2339
3 2340 2339 2245
3 2332 2236 2227
3 2400 2214 2265
3 2247 2248 2367
3 2285 2297 2171
3 2313 2285 2171
3 2258 2231 2354
3 2300 2326 2334
3 2372 2326 2144
3 2289 2302 2201
3 2201 2267 2289
3 2203 2188 2318
3 2291 2318 2188
3 2216 2249 2221
3 2351 2232 2250
3 2274 2251 2343
3 2241 2276 2233
3 2252 2234 2359
3 2295 2313 2213
3 2260 2148 2277
3 2307 2277 2148
3 2307 2204 2337
3 2235 2254 2271
3 2149 2194 2309
3 2272 2263 2352
3 2236 2264 2256
3 2227 2399 2332
3 2228 2246 2333
3 2284 2333 2246
3 2246 2247 2284
3 2229 2230 2341
3 2323 2354 2231
3 2324 2323 2231
3 2325 2266 2220
3 2238 2273 2349
3 2287 2259 2327
3 2188 2221 2291
3 2328 2351 2250
3 2172 2319 2329
3 2234 2294 2335
3 2242 2295 2213
3 2218 2253 2409
3 2278 2437 2244
3 2398 2331 2219
3 2310 2345 2255
3 2414 2279 2262
3 2247 2367 2284
3 2299 2341 2230
3 2354 2299 2230
3 2266 2325 2280
3 2200 2368 2209
3 2267 2203 2290
3 2268 2172 2329
3 2292 2275 2240
3 2293 2292 2240
3 2252 2276 2241
3 2281 2295 2242
3 2383 2337 2261
3 2261 2218 2383
3 2224 2255 2345
3 2296 2283 2282
3 2273 2286 2349
3 2317 2316 2200
3 2290 2289 2267
3 2251 2320 2343
3 2304 2269 2275
3 2292 2304 2275
3 2362 2294 2270
3 2377 2330 2253
3 2263 2322 2365
3 2311 2340 2159
3 2257 2458 2265
3 2333 2353 2228
3 2248 2297 2387
3 2301 2288 2441
3 2221 2249 2370
3 2320 2269 2358
3 2304 2358 2269
3 2335 2359 2234
3 2281 2260 2306
3 2205 2308 2379
3 2308 2244 2437
3 2194 2219 2309
3 2331 2309 2219
3 2283 2279 2282
3 2262 2272 2414
3 2272 2352 2414
3 2263 2365 2352
3 2264 2236 2312
3 2353 2458 2257
3 2297 2285 2347
3 2396 2347 2285
3 2285 2313 2396
3 2231 2280 2324
3 2314 2325 2220
3 2315 2349 2286
3 2286 2239 2315
3 2350 2239 2287
3 2287 2327 2350
3 2342 2441 2288
3 2303 2291 2221
3 2370 2303 2221
3 2249 2232 2356
3 2321 2292 2293
3 2276 2321 2293
3 2305 2298 2416
3 2254 2223 2363
3 2338 2205 2397
3 2437 2278 2384
3 2279 2414 2282
3 2387 2297 2347
3 2314 2300 2371
3 2334 2371 2300
3 2259 2301 2441
3 2303 2370 2373
3 2276 2252 2388
3 2359 2388 2252
3 2382 2362 2270
3 2416 2382 2305
3 2409 2383 2218
3 2409 2253 2330
3 2379 2397 2205
3 2149 2364 2278
3 2413 2345 2310
3 2296 2413 2310
3 2264 2312 2454
3 2333 2284 2346
3 2348 2416 2298
3 2341 2348 2298
3 2288 2187 2342
3 2316 2317 2432
3 2404 2356 2232
3 2232 2351 2404
3 9710 2343 2320
3 2321 2276 2388
3 2294 2362 2361
3 2277 2336 2260
3 2378 2344 2271
3 2271 2254 2378
3 2338 2363 2223
3 2398 2224 2390
3 2458 2400 2265
3 2346 2401 2333
3 2284 2367 2346
3 2403 2324 2280
3 2369 2318 2291
3 2351 2328 2435
3 2447 2268 2329
3 2319 2274 2405
3 2343 2405 2274
3 2335 2294 2360
3 2336 2306 2260
3 2224 2345 2453
3 2386 2282 2414
3 2399 2504 2332
3 2353 2333 2401
3 2456 2326 2372
3 2327 2259 2429
3 2441 2429 2259
3 2200 2316 2430
3 2291 2303 2369
3 2435 2328 2470
3 2328 2357 2470
3 2359 2335 2360
3 2361 2360 2294
3 2408 2307 2337
3 2337 2383 2408
3 2363 2338 2397
3 2437 2379 2308
3 2364 2384 2278
3 2282 2413 2296
3 2352 2438 2414
3 2339 2487 2322
3 2248 2387 2367
3 2295 2396 2313
3 2348 2341 2402
3 2456 2334 2326
3 2342 2187 2355
3 2430 2316 2431
3 2432 2431 2316
3 2356 2380 2249
3 2329 2319 2447
3 2405 2343 2442
3 2343 9710 2442
3 2444 2358 2304
3 2295 2281 2376
3 2410 2377 2344
3 2378 2410 2344
3 2363 2451 2254
3 2149 2309 2385
3 2413 2282 2425
3 2339 2340 2366
3 2299 2402 2341
3 2403 2323 2324
3 2355 2187 2368
3 2368 2200 2430
3 2469 2433 2289
3 2289 2290 2469
3 2318 2290 2203
3 2373 2369 2303
3 2380 2370 2249
3 2380 2356 2374
3 2304 2292 2444
3 2381 2444 2292
3 2292 2321 2381
3 2423 2295 2376
3 2407 2277 2307
3 2385 2364 2149
3 2390 2486 2398
3 2453 2390 2224
3 2453 2345 2413
3 2487 2365 2322
3 2366 2340 2473
3 2340 2311 2473
3 2454 2473 2311
3 2467 2312 2236
3 2236 2332 2467
3 2504 2467 2332
3 2387 2427 2367
3 2314 2371 2572
3 2238 2349 2420
3 2349 2315 2392
3 2441 2342 2393
3 2461 2393 2342
3 2433 2302 2289
3 2404 2374 2356
3 2358 2444 2421
3 2388 2359 2360
3 2389 2375 2361
3 2406 2361 2362
3 2382 2406 2362
3 2396 2295 2423
3 2307 2408 2407
3 2386 2425 2282
3 2352 2365 2438
3 2401 2391 2353
3 2346 2367 2439
3 2387 2347 2427
3 2422 2427 2347
3 2416 2348 2455
3 2314 2572 2419
3 2420 2372 2238
3 2349 2392 2420
3 2445 2315 2239
3 2239 2350 2445
3 2355 2368 2430
3 2302 2432 2317
3 2380 2395 2370
3 2404 2351 2435
3 2375 2360 2361
3 2281 2306 2376
3 2378 2254 2451
3 2379 2424 2397
3 2391 2458 2353
3 2347 2396 2422
3 2418 2280 2325
3 2355 2461 2342
3 2395 2394 2373
3 2373 2370 2395
3 2321 2388 2521
3 2406 2389 2361
3 2449 2330 2377
3 2377 2410 2449
3 2451 2363 2452
3 2443 2424 2379
3 2412 2453 2413
3 2455 2348 2550
3 2299 2354 2417
3 2354 2323 2417
3 2419 2325 2314
3 2480 2572 2371
3 2371 2334 2480
3 2415 2521 2388
3 2388 2360 2415
3 2375 2415 2360
3 2416 2406 2382
3 2306 2336 2448
3 2363 2397 2485
3 2379 2437 2443
3 2437 2384 2501
3 2411 2501 2384
3 2487 2339 2366
3 2312 2493 2454
3 2458 2426 2400
3 2367 2427 2439
3 2402 2550 2348
3 2417 2428 2299
3 2418 2403 2280
3 2350 2327 2489
3 2429 2489 2327
3 2469 2290 2318
3 2394 2369 2373
3 2357 2268 2470
3 2375 2389 2440
3 2396 2423 2459
3 2376 2306 2448
3 2452 2363 2485
3 2364 2559 2384
3 2486 2390 2465
3 2453 2465 2390
3 2420 2456 2372
3 2573 2392 2315
3 2433 2432 2302
3 2374 2404 2446
3 2268 2447 2470
3 2521 2381 2321
3 2422 2396 2459
3 2491 2448 2336
3 2336 2277 2491
3 2409 2330 2500
3 2450 2410 2378
3 2424 2485 2397
3 2528 2437 2501
3 2411 2384 2559
3 2385 2309 2464
3 2331 2464 2309
3 2475 2504 2399
3 2401 2346 2488
3 2299 2540 2402
3 2494 2417 2323
3 2403 2494 2323
3 2334 2456 2480
3 2315 2445 2573
3 2441 2393 2495
3 2369 2394 2482
3 2380 2434 2395
3 2446 2404 2516
3 2435 2516 2404
3 2319 2405 2436
3 2457 2436 2405
3 2442 2457 2405
3 2444 2483 2421
3 2415 2375 2477
3 2440 2477 2375
3 2440 2389 2498
3 2389 2406 2498
3 2406 2416 2479
3 2407 2491 2277
3 2408 2557 2407
3 2408 2383 2484
3 2383 2409 2484
3 2451 2450 2378
3 2451 2452 2463
3 2412 2413 2561
3 2466 2425 2386
3 2492 2386 2414
3 2438 2492 2414
3 2520 2391 2401
3 2477 2460 2415
3 2428 2540 2299
3 2513 2420 2392
3 2489 2429 2481
3 2495 2393 2461
3 2394 2395 2434
3 2472 2376 2448
3 2385 2509 2364
3 2386 2492 2466
3 2312 2467 2503
3 2399 2400 2475
3 2426 2475 2400
3 2439 2488 2346
3 2427 2422 2476
3 2440 2498 2478
3 2489 2445 2350
3 2429 2441 2481
3 2459 2423 2462
3 2578 2472 2448
3 2500 2484 2409
3 2528 2443 2437
3 2464 2509 2385
3 2519 2561 2413
3 2413 2425 2519
3 2438 2365 2514
3 2365 2487 2514
3 2427 2505 2439
3 2419 2418 2325
3 2573 2513 2392
3 2495 2481 2441
3 2461 2355 2613
3 2469 2318 2506
3 2434 2482 2394
3 2559 2364 2509
3 2514 2502 2438
3 2467 2504 2511
3 2426 2458 2569
3 2488 2520 2401
3 2488 2439 2505
3 2483 2444 2468
3 2444 2381 2468
3 2381 2521 2468
3 2460 2521 2415
3 2479 2416 2455
3 2524 2540 2428
3 2403 2529 2494
3 2420 2513 2515
3 2613 2530 2461
3 2318 2369 2506
3 2369 2482 2506
3 2434 2380 2531
3 2374 2531 2380
3 2527 2447 2319
3 2436 2527 2319
3 2448 2491 2578
3 2508 2500 2330
3 2502 2492 2438
3 2503 2493 2312
3 2499 2498 2406
3 2406 2479 2499
3 2403 2418 2541
3 2480 2456 2512
3 2554 2456 2420
3 2420 2515 2554
3 2433 2525 2432
3 2507 2457 2442
3 2507 2442 9709
3 2462 2535 2459
3 2557 2491 2407
3 2408 2484 2595
3 2330 2449 2508
3 2485 2424 2596
3 2536 2596 2424
3 2464 2331 2510
3 2425 2466 2519
3 2473 2454 2474
3 2422 2459 2556
3 2535 2556 2459
3 2478 2490 2477
3 2477 2440 2478
3 2599 2478 2498
3 2540 2550 2402
3 2417 2524 2428
3 2571 2541 2418
3 2418 2419 2571
3 2446 2497 2374
3 2516 2435 2517
3 2435 2470 2517
3 2527 2470 2447
3 2450 2449 2410
3 2450 2451 2579
3 2451 2463 2579
3 2424 2443 2536
3 2559 2558 2411
3 2331 2398 2510
3 2412 2561 2552
3 2493 2474 2454
3 2612 2503 2467
3 2505 2427 2476
3 2403 2541 2529
3 2456 2542 2512
3 2456 2554 2542
3 2432 2544 2431
3 2482 2434 2496
3 2457 2532 2436
3 2463 2452 2580
3 2619 2528 2501
3 2558 2501 2411
3 2486 2510 2398
3 2552 2453 2412
3 2366 2563 2487
3 2458 2391 2577
3 2520 2577 2391
3 2488 2533 2520
3 2556 2476 2422
3 2490 2547 2477
3 2494 2524 2417
3 2572 2480 2512
3 2489 2481 2583
3 2530 2495 2461
3 2430 2431 2543
3 2525 2544 2432
3 2433 2469 2545
3 2496 2506 2482
3 2531 2374 2497
3 2452 2485 2596
3 2588 2492 2502
3 2563 2514 2487
3 2511 2612 2467
3 2504 2475 2553
3 2577 2569 2458
3 2589 2445 2489
3 2355 2430 2543
3 2525 2433 2604
3 2506 2496 2526
3 2497 2446 2516
3 2521 2460 2522
3 2460 2477 2547
3 2498 2499 2575
3 2576 2479 2455
3 2536 2443 2537
3 2443 2528 2537
3 2552 2465 2453
3 2473 2474 2611
3 2569 2539 2426
3 2534 2505 2476
3 2583 2589 2489
3 2457 2507 2606
3 2547 2522 2460
3 2490 2478 2548
3 2575 2599 2498
3 2550 2576 2455
3 2586 2595 2484
3 2484 2500 2586
3 2501 2558 2619
3 2464 2538 2509
3 2510 2581 2464
3 2510 2486 2671
3 2465 2671 2486
3 2466 2492 2588
3 2553 2511 2504
3 2475 2426 2539
3 2546 2518 2471
3 2471 2468 2546
3 2468 2521 2546
3 2548 2478 2599
3 2479 2576 2549
3 2550 2540 2570
3 2524 2566 2540
3 2445 2555 2573
3 2584 2495 2603
3 2495 2530 2603
3 2613 2355 2543
3 2433 2545 2604
3 2567 2545 2469
3 2469 2506 2567
3 2591 2567 2506
3 2496 2434 2621
3 2470 2527 2517
3 2595 2557 2408
3 2551 2580 2452
3 2581 2538 2464
3 2366 2473 2698
3 2611 2698 2473
3 2511 2553 2612
3 2539 2553 2475
3 2494 2529 2664
3 2419 2572 2571
3 2621 2526 2496
3 2531 2621 2434
3 2532 2527 2436
3 2606 2532 2457
3 2578 2491 2631
3 2514 2597 2502
3 2563 2660 2514
3 2520 2533 2577
3 2535 2622 2556
3 9590 2535 2462
3 2523 2575 2499
3 2499 2479 2523
3 2445 2589 2555
3 2506 2526 2591
3 2531 2497 2616
3 2497 2516 2616
3 2574 2616 2516
3 9706 2471 2518
3 2508 2587 2500
3 2596 2551 2452
3 2559 2509 2538
3 2671 2465 2560
3 2552 2560 2465
3 2597 2588 2502
3 2660 2597 2514
3 2569 2568 2539
3 2488 2505 2618
3 2556 2534 2476
3 2564 2546 2521
3 2521 2522 2564
3 2661 2547 2490
3 2627 2566 2524
3 2524 2494 2627
3 2589 2583 2645
3 2590 2583 2481
3 2481 2495 2590
3 2584 2590 2495
3 2543 2431 2544
3 2631 2491 2557
3 2640 2449 2450
3 2463 2580 2579
3 2534 2618 2505
3 2548 2661 2490
3 2479 2549 2523
3 2593 2549 2576
3 2601 2571 2572
3 2573 2515 2513
3 2532 2617 2527
3 2472 2578 2608
3 2579 2640 2450
3 2596 2536 2689
3 2528 2651 2537
3 2561 2519 2582
3 2568 2569 2625
3 2566 2570 2540
3 2704 2529 2541
3 2541 2571 2682
3 2601 2572 2512
3 2613 2603 2530
3 2544 2525 2615
3 2604 2615 2525
3 2517 2574 2516
3 2564 2522 2647
3 2547 2647 2522
3 2565 2523 2549
3 2576 2550 2594
3 2579 2580 2632
3 2528 2619 2651
3 2552 2561 2609
3 2588 2562 2466
3 2634 2597 2660
3 2474 2493 2624
3 2699 2612 2553
3 2539 2568 2553
3 2682 2704 2541
3 2554 2515 2628
3 2585 2604 2545
3 2621 2605 2526
3 2592 2621 2531
3 2517 2638 2574
3 2527 2638 2517
3 2546 2598 2518
3 2548 2599 2662
3 2593 2565 2549
3 2618 2533 2488
3 2640 2508 2449
3 2536 2537 2650
3 2582 2609 2561
3 2519 2466 2582
3 2466 2562 2582
3 2564 2598 2546
3 2570 2594 2550
3 2570 2566 2600
3 2542 2554 2602
3 2554 2628 2602
3 2603 2613 2646
3 2543 2544 2614
3 2615 2614 2544
3 2545 2567 2585
3 2591 2526 2605
3 2532 2606 2630
3 2535 9590 2607
3 2587 2586 2500
3 2579 2632 2623
3 2551 2632 2580
3 2493 2503 2624
3 2569 2577 2643
3 2622 2534 2556
3 2573 2555 2636
3 2613 2543 2614
3 2547 2661 2656
3 2599 2575 2648
3 2600 2594 2570
3 2622 2535 2649
3 2650 2689 2536
3 2558 2559 2633
3 2559 2538 2633
3 2552 2672 2560
3 2588 2610 2562
3 2597 2610 2588
3 2746 2660 2563
3 2366 2746 2563
3 2635 2624 2503
3 2729 2682 2571
3 9707 2518 2626
3 2598 2626 2518
3 2662 2676 2548
3 2523 2648 2575
3 2593 2576 2639
3 2631 2708 2578
3 2709 2686 2586
3 2586 2587 2709
3 2651 2650 2537
3 2651 2619 2670
3 2671 2560 2672
3 2503 2612 2635
3 2643 2625 2569
3 2664 2627 2494
3 2601 2729 2571
3 2683 2555 2589
3 2589 2645 2683
3 2584 2603 2637
3 2666 2616 2574
3 2638 2666 2574
3 2639 2565 2593
3 2594 2639 2576
3 2618 2534 2674
3 2649 2535 2657
3 2607 2657 2535
3 2608 2578 2708
3 2595 2586 2686
3 2551 2596 2669
3 2671 2581 2510
3 2552 2609 2641
3 2634 2610 2597
3 2553 2568 2652
3 2656 2647 2547
3 2661 2548 2676
3 2662 2599 2712
3 2648 2712 2599
3 2515 2573 2628
3 2573 2636 2628
3 2615 2604 2665
3 2567 2591 2585
3 2592 2616 2684
3 9708 2630 2606
3 2674 2534 2622
3 2631 2557 2697
3 2557 2595 2697
3 2623 2640 2579
3 2632 2551 2669
3 2651 2670 2711
3 2620 2641 2609
3 2609 2582 2620
3 2642 2562 2610
3 2698 2746 2366
3 2699 2635 2612
3 2600 2566 2653
3 2566 2627 2653
3 2773 2601 2512
3 2602 2512 2542
3 2583 2590 2645
3 2584 2730 2590
3 2614 2646 2613
3 2591 2605 2694
3 2666 2629 2616
3 2638 2527 2617
3 2643 2577 2681
3 2577 2533 2681
3 2508 2640 2658
3 2619 2558 2670
3 2767 2670 2558
3 2538 2581 2659
3 2672 2552 2641
3 2642 2610 2634
3 2626 2667 9707
3 2598 2564 2675
3 2648 2523 2663
3 2529 2704 2748
3 2512 2602 2773
3 2585 2665 2604
3 2695 2605 2621
3 2592 2695 2621
3 2684 2616 2629
3 2732 2617 2532
3 2532 2630 2732
3 2708 2607 2608
3 2640 2623 2687
3 2669 2596 2689
3 2582 2562 2679
3 2699 2553 2652
3 2652 2568 2700
3 2626 2598 2655
3 2675 2655 2598
3 2523 2565 2663
3 2690 2565 2639
3 2627 2664 2703
3 2748 2664 2529
3 2654 2602 2628
3 2678 2630 9708
3 2587 2508 2716
3 2508 2658 2716
3 2633 2767 2558
3 2633 2538 2659
3 2719 2679 2562
3 2562 2642 2719
3 2719 2642 2634
3 2611 2474 2720
3 2624 2720 2474
3 2568 2625 2700
3 2636 2654 2628
3 2644 2636 2555
3 2591 2694 2585
3 2667 2678 9707
3 2655 2667 2626
3 2564 2647 2675
3 2721 2663 2565
3 2533 2618 2673
3 2649 2657 2726
3 2716 2709 2587
3 2687 2658 2640
3 2688 2687 2623
3 2623 2632 2759
3 2672 2641 2745
3 2582 2679 2718
3 2624 2635 2772
3 2653 2627 2703
3 2644 2555 2683
3 2646 2614 2705
3 2614 2615 2677
3 2656 2675 2647
3 2681 2533 2673
3 2686 2697 2595
3 2623 2759 2688
3 2820 2759 2632
3 2669 2668 2632
3 2728 2689 2650
3 2650 2651 2728
3 2651 2711 2710
3 2641 2620 2745
3 2660 2680 2634
3 2700 2800 2652
3 2625 2643 2761
3 2681 2761 2643
3 2749 2601 2773
3 2665 2706 2615
3 2695 2694 2605
3 2696 2731 2666
3 2666 2638 2696
3 2638 2617 2696
3 2594 2701 2639
3 2600 2702 2594
3 2674 2622 2649
3 2672 2738 2671
3 2680 2719 2634
3 2635 2699 2691
3 2693 2675 2656
3 2661 2693 2656
3 2702 2713 2594
3 2773 2602 2770
3 2602 2762 2770
3 2774 2654 2636
3 2636 2644 2774
3 2590 2730 2645
3 2751 2603 2646
3 2705 2724 2646
3 2677 2705 2614
3 2667 2655 2754
3 2717 2668 2669
3 2710 2728 2651
3 2581 2737 2659
3 2581 2671 2760
3 2718 2822 2582
3 2772 2720 2624
3 2673 2618 2725
3 2674 2725 2618
3 2565 2690 2721
3 2690 2639 2780
3 2780 2639 2701
3 2701 2594 2713
3 2748 2704 2769
3 2602 2654 2762
3 2637 2730 2584
3 2637 2603 2764
3 2603 2751 2764
3 2585 2741 2665
3 2694 2801 2585
3 2678 2667 2685
3 2707 2674 2649
3 2649 2726 2707
3 2716 2658 2687
3 2668 2820 2632
3 2760 2737 2581
3 2745 2738 2672
3 2822 2620 2582
3 2746 2680 2660
3 2653 2702 2600
3 2740 2704 2682
3 2714 2740 2682
3 2706 2795 2615
3 2592 2684 2715
3 2629 2666 2809
3 2617 2732 2752
3 2630 2678 2733
3 2790 2657 2607
3 2708 2631 2797
3 2727 2717 2669
3 2669 2689 2727
3 2772 2635 2691
3 2743 2676 2662
3 2712 2743 2662
3 2682 2729 2714
3 2749 2729 2601
3 2644 2683 2771
3 2646 2724 2751
3 2677 2615 2795
3 2665 2741 2775
3 2731 2809 2666
3 2678 2685 2733
3 2667 2754 2685
3 2798 2697 2686
3 2709 2716 2758
3 2659 2783 2633
3 2698 2611 2910
3 2720 2910 2611
3 2735 2681 2673
3 2754 2655 2755
3 2655 2692 2755
3 2734 9589 2675
3 2675 2693 2734
3 2693 2661 2925
3 2742 2925 2661
3 2661 2676 2742
3 2676 2743 2742
3 2712 2648 2779
3 2663 2779 2648
3 2721 2690 2766
3 2703 2664 2739
3 2704 2740 2722
3 2741 2585 2801
3 2715 2695 2592
3 2726 2657 2757
3 2736 2758 2716
3 2728 2727 2689
3 2711 2670 2793
3 2817 2779 2663
3 2756 2766 2690
3 2702 2653 2781
3 2704 2722 2769
3 2723 2714 2729
3 2637 2764 2808
3 2775 2706 2665
3 2752 2696 2617
3 2697 2797 2631
3 2744 2716 2687
3 2793 2710 2711
3 2783 2659 2784
3 2738 2831 2671
3 2761 2681 2735
3 2806 2739 2664
3 2664 2748 2806
3 2645 2730 2814
3 2730 2637 2763
3 2787 2684 2629
3 2809 2787 2629
3 2752 2732 2898
3 2733 2732 2630
3 2674 2707 2725
3 2744 2736 2716
3 2874 2670 2767
3 2767 2633 2783
3 2831 2760 2671
3 2799 2691 2812
3 2747 2812 2691
3 2691 2699 2747
3 2699 2652 2747
3 2800 2747 2652
3 2625 2800 2700
3 2754 2753 2685
3 2734 2692 9589
3 2734 2693 9579
3 2703 2833 2653
3 2750 2771 2683
3 2683 2645 2750
3 2814 2750 2645
3 2808 2763 2637
3 2673 2725 2832
3 2725 2707 2832
3 2803 2832 2707
3 2757 2842 2726
3 2657 2790 2757
3 2791 2607 2708
3 2824 2680 2746
3 2772 2691 2799
3 2749 2723 2729
3 2733 2685 2753
3 2755 2692 2778
3 2765 2742 2743
3 2663 2721 2817
3 2851 2817 2721
3 2721 2766 2851
3 2713 2880 2701
3 2842 2803 2707
3 2707 2726 2842
3 2845 2686 2709
3 2709 2758 2845
3 2659 2737 2784
3 2822 2745 2620
3 2719 2680 2768
3 2653 2833 2781
3 2771 2774 2644
3 2715 2684 2787
3 2731 2696 2776
3 2752 2776 2696
3 9579 2693 2802
3 2743 2712 2789
3 2702 2880 2713
3 2735 2673 2782
3 2791 2790 2607
3 2688 2885 2687
3 2727 2728 2830
3 2728 2710 2830
3 2783 2784 2875
3 2821 2745 2822
3 2768 2804 2719
3 2746 2698 2841
3 2785 2841 2698
3 2910 2785 2698
3 2703 2739 2833
3 2858 2806 2748
3 2748 2769 2858
3 2722 2740 2912
3 2749 2773 2843
3 2774 2807 2654
3 2764 2751 2861
3 2695 2715 2786
3 2753 2754 2891
3 2755 2891 2754
3 2779 2789 2712
3 2818 2851 2766
3 2690 2780 2756
3 2832 2782 2673
3 2797 2697 2792
3 2845 2798 2686
3 2688 2759 2872
3 2820 2872 2759
3 2784 2737 2876
3 2679 2719 2804
3 2824 2768 2680
3 2813 2800 2625
3 2761 2813 2625
3 2762 2654 2844
3 2861 2808 2764
3 2677 2724 2705
3 2809 2731 2907
3 2892 2818 2766
3 2756 2892 2766
3 2792 2882 2797
3 2885 2744 2687
3 2820 2668 2864
3 2830 2717 2727
3 2670 2874 2840
3 2822 2718 2811
3 2718 2679 2811
3 2843 2723 2749
3 2866 2773 2770
3 2866 2770 2762
3 2774 2771 2826
3 2878 2814 2730
3 2763 2878 2730
3 2861 2751 2915
3 2724 2677 2815
3 2694 2834 2801
3 2695 2834 2694
3 2776 2835 2731
3 2732 2733 2898
3 2755 2778 2777
3 2925 2816 2693
3 2925 2742 2837
3 2819 2842 2757
3 2710 2793 2846
3 2793 2670 2840
3 2737 2760 2901
3 2831 2902 2760
3 2794 2831 2738
3 2738 2745 2794
3 2847 2811 2679
3 2768 2824 2947
3 2841 2824 2746
3 2720 2772 2805
3 2859 2843 2773
3 2844 2866 2762
3 2834 2695 2827
3 2796 2786 2715
3 2787 2796 2715
3 2835 2907 2731
3 2802 2693 2816
3 2798 2792 2697
3 2758 2736 2845
3 2767 2783 2920
3 2875 2784 3022
3 2876 3022 2784
3 2901 2876 2737
3 2805 2910 2720
3 2812 2956 2799
3 2825 2849 2761
3 2761 2735 2825
3 2773 2866 2859
3 2826 2771 2867
3 2750 2867 2771
3 2677 2795 2862
3 2733 2788 2898
3 2780 2701 2879
3 2880 2879 2701
3 2872 2863 2688
3 2839 2668 2717
3 2846 2830 2710
3 2900 2846 2793
3 2874 2767 2920
3 2875 2920 2783
3 2794 2745 2821
3 2679 2804 2847
3 2823 2804 2768
3 2812 2747 2854
3 2849 2855 2761
3 2912 2769 2722
3 2807 2844 2654
3 2826 2807 2774
3 2750 2814 2867
3 2878 2763 2889
3 2808 2889 2763
3 2706 2862 2795
3 2741 2801 2775
3 2898 2776 2752
3 2810 2788 2753
3 2777 2891 2755
3 2836 2778 9579
3 2742 2765 2837
3 2790 2819 2757
3 2790 2791 2871
3 2708 2797 2882
3 2863 2885 2688
3 2864 2668 2839
3 2824 2841 2877
3 2747 2800 2854
3 2800 2848 2854
3 2800 2813 2848
3 2782 2825 2735
3 2889 2808 2906
3 2724 2890 2751
3 2677 2862 2815
3 2775 2862 2706
3 2786 2827 2695
3 2856 2765 2743
3 2789 2856 2743
3 2789 2779 2934
3 2756 2780 2838
3 2880 2702 2829
3 2781 2829 2702
3 2819 2790 2871
3 2708 2881 2791
3 2883 2882 2792
3 2830 2839 2717
3 2840 2900 2793
3 2930 2804 2823
3 2799 2805 2772
3 2813 2761 2855
3 2833 2857 2781
3 2906 2808 2861
3 2916 2890 2724
3 2815 2916 2724
3 2787 2809 2952
3 2907 2952 2809
3 9754 2898 2788
3 2828 9754 2788
3 2788 2810 2828
3 2891 2810 2753
3 2777 2778 2850
3 2870 2836 9579
3 9579 2802 2870
3 2852 2892 2756
3 2879 2838 2780
3 2782 2832 2895
3 2832 2803 2963
3 2842 2963 2803
3 2899 2792 2798
3 2855 2848 2813
3 2751 2890 2915
3 2834 2978 2801
3 2891 2777 2850
3 2802 2816 2870
3 2925 2870 2816
3 2779 2817 2908
3 2817 2851 2908
3 2894 2782 2895
3 2872 2820 2937
3 2902 2901 2760
3 2822 2811 2886
3 2877 2947 2824
3 2877 2841 2853
3 2825 2782 2894
3 2739 2911 2833
3 2950 2858 2769
3 2769 2912 2950
3 2826 2867 2888
3 2775 2801 2961
3 2801 2978 2961
3 2882 2881 2708
3 2873 2846 2900
3 2865 2900 2840
3 2886 2821 2822
3 2811 2847 2893
3 2947 2823 2768
3 2904 2956 2812
3 2854 2904 2812
3 2895 2832 2963
3 2911 2857 2833
3 2897 2814 2878
3 2776 2898 2944
3 2810 2923 2828
3 2778 2836 2869
3 2934 2779 2908
3 2919 2736 2744
3 2863 2872 2927
3 2864 2937 2820
3 2874 2865 2840
3 2902 2831 2903
3 2831 2973 2903
3 2811 2893 2886
3 2804 2930 2847
3 2785 2853 2841
3 2887 2805 2799
3 2891 2923 2810
3 2926 2829 2781
3 2857 2926 2781
3 2940 2740 2714
3 2860 2866 2844
3 2951 2844 2807
3 2933 2916 2815
3 2862 2933 2815
3 2776 2918 2835
3 2899 2883 2792
3 2845 2736 2971
3 2830 2846 2873
3 2799 2956 2887
3 2932 2963 2842
3 2913 2723 2843
3 2859 2913 2843
3 2867 2814 2914
3 2897 2914 2814
3 2862 2775 2868
3 2961 2868 2775
3 2834 2827 2978
3 2873 2839 2830
3 2909 2893 2847
3 2854 2848 2948
3 2963 2962 2895
3 2819 2932 2842
3 2850 2778 2869
3 2869 2836 2924
3 2924 2836 2870
3 2765 2856 2968
3 2908 2851 2818
3 2905 2806 2858
3 2858 2950 2905
3 2859 2866 2942
3 2918 2907 2835
3 2884 2899 2798
3 2798 2845 2884
3 2744 2885 3073
3 2936 2885 2863
3 2928 2864 3001
3 2864 2839 3001
3 2955 2930 2823
3 2854 2948 2904
3 2855 2948 2848
3 2894 3008 2825
3 2806 2911 2739
3 2912 2740 3099
3 2714 2723 2940
3 2917 2827 2786
3 2952 2796 2787
3 2776 2944 2918
3 2838 2852 2756
3 2935 2932 2819
3 2871 2935 2819
3 2871 2791 2964
3 2881 2964 2791
3 3033 2884 2845
3 2919 2971 2736
3 2919 2744 3073
3 2937 2927 2872
3 2920 3003 2874
3 2903 2972 2902
3 2973 2831 2974
3 2794 2974 2831
3 2794 2821 2938
3 2886 2992 2821
3 2847 2930 2909
3 2931 2910 2805
3 2805 2887 2931
3 2849 2825 3008
3 2857 2911 2896
3 2943 2860 2844
3 2807 2826 2951
3 2868 2933 2862
3 2891 2850 2997
3 2968 2837 2765
3 3021 2838 2879
3 2926 2857 3063
3 2964 2881 3091
3 2845 2971 3033
3 2900 2865 2929
3 2886 2893 2946
3 2940 3099 2740
3 2723 2913 2959
3 2860 2942 2866
3 2861 2915 3009
3 2966 3030 2890
3 2890 2916 2966
3 2786 2796 2917
3 2898 9754 3044
3 2818 2892 2988
3 2852 2988 2892
3 2879 2880 2999
3 2880 2829 2958
3 2964 2935 2871
3 2927 2937 3056
3 2839 2873 3002
3 2902 2972 2901
3 2893 2909 2946
3 2922 2887 2956
3 2911 2806 2984
3 2859 2942 2913
3 2889 2897 2878
3 2906 2861 3009
3 3009 2915 2986
3 2915 2890 3030
3 3044 2944 2898
3 2925 2837 2949
3 2958 2999 2880
3 2958 2829 2926
3 2894 2895 2962
3 2927 2936 2863
3 2928 2937 2864
3 2873 2900 2929
3 2865 2874 3047
3 2876 2901 2921
3 2972 2921 2901
3 2957 2904 2948
3 2855 2849 2939
3 2896 3063 2857
3 2860 2943 3137
3 2916 2933 2977
3 2979 2907 2918
3 3080 9753 2923
3 2869 2924 3045
3 2968 2949 2837
3 2856 2789 3062
3 2894 2962 3039
3 2929 2990 2873
3 2874 3003 3047
3 2921 3022 2876
3 2938 2974 2794
3 2992 2938 2821
3 2954 2992 2886
3 2947 2955 2823
3 2939 2948 2855
3 2959 2940 2723
3 2942 2941 2913
3 3050 2951 2826
3 2826 2888 3050
3 2897 2889 3018
3 2986 2915 3086
3 3030 3086 2915
3 2917 3051 2827
3 2944 3044 3113
3 2850 2869 2967
3 3091 2881 3000
3 2882 3000 2881
3 2884 2883 2899
3 2981 2971 2919
3 2919 3073 2981
3 3002 3001 2839
3 2920 2875 3004
3 3022 3004 2875
3 2972 2903 2973
3 2886 2946 2954
3 3075 2931 2887
3 2941 2959 2913
3 2977 2966 2916
3 3038 2952 2907
3 2870 2980 2924
3 3053 2988 2852
3 2852 2838 2945
3 2969 2958 2926
3 2883 3000 2882
3 3073 2885 3011
3 2885 2936 3011
3 3056 3116 2927
3 2983 2946 2909
3 2853 2993 2877
3 2785 3067 2853
3 2785 2910 3024
3 2931 3024 2910
3 3036 3075 2887
3 2887 2922 3036
3 2956 2904 2975
3 2905 2950 2985
3 3098 2950 2912
3 2912 3099 3098
3 2942 2860 3028
3 2960 2943 2844
3 2844 2951 2960
3 2906 3009 3069
3 2796 2952 3019
3 9753 3080 2987
3 2923 2891 2997
3 2925 2980 2870
3 2818 2988 2998
3 2932 2935 3040
3 2936 2927 3065
3 3116 3065 2927
3 3002 2873 2990
3 2991 2929 2865
3 2865 3047 2991
3 2938 2992 2953
3 2947 2877 3041
3 2993 3041 2877
3 3067 2993 2853
3 2957 2948 3025
3 2939 3025 2948
3 3008 2894 3039
3 2896 3026 3063
3 2806 2905 2984
3 3028 3016 2942
3 2889 2906 3029
3 3051 2978 2827
3 3059 3051 2917
3 2996 2917 2796
3 3019 2996 2796
3 2918 2944 2979
3 3113 2979 2944
3 2967 2997 2850
3 2980 2925 2949
3 2856 3102 2968
3 3062 2789 3010
3 2934 3010 2789
3 2934 2908 3010
3 2998 3010 2908
3 2908 2818 2998
3 2945 3053 2852
3 2970 2963 2932
3 3004 2965 2920
3 2953 2974 2938
3 2983 2954 2946
3 2930 2955 3013
3 3007 3084 2947
3 3041 3007 2947
3 2957 2975 2904
3 3045 2967 2869
3 2950 3098 2985
3 2940 3058 3099
3 3016 2941 2942
3 3137 3028 2860
3 2888 2867 3037
3 2914 3037 2867
3 2868 2977 2933
3 2952 3038 3019
3 2907 2979 3100
3 2963 2970 2962
3 2928 3066 2937
3 3003 2920 2965
3 2921 3005 3022
3 3084 3013 2955
3 2955 2947 3084
3 2975 2922 2956
3 3014 2975 2957
3 2939 2849 3008
3 3052 3080 2923
3 2923 2997 3052
3 2924 2980 3045
3 3021 2879 2999
3 3037 3050 2888
3 2914 2897 3017
3 2897 3018 3017
3 2966 2977 3043
3 2996 3059 2917
3 3038 2907 3100
3 2987 3044 9753
3 3039 2962 3088
3 2970 3088 2962
3 2935 2964 3032
3 3066 3056 2937
3 3066 2928 3074
3 3001 3074 2928
3 2929 2991 2982
3 3006 2983 2909
3 2930 3013 3006
3 3015 2984 2905
3 2905 2985 3015
3 2995 2961 2978
3 2958 2969 3046
3 3034 3033 2971
3 3064 3034 2971
3 2971 2981 3064
3 3065 3011 2936
3 2982 2990 2929
3 2992 2954 3012
3 2909 2930 3006
3 2922 2975 3036
3 3029 3018 2889
3 3029 2906 3069
3 2966 2976 3030
3 2976 2966 3043
3 2868 2961 2995
3 2997 2967 3114
3 2945 2838 3087
3 3046 2999 2958
3 3063 2969 2926
3 2970 2932 3040
3 2883 2884 2989
3 2989 2884 3033
3 2972 3005 2921
3 2974 3083 2973
3 3035 3012 2954
3 3027 3026 2896
3 2994 3027 2896
3 2896 2911 2994
3 2941 3016 3049
3 3050 2960 2951
3 3017 3037 2914
3 2977 2868 3112
3 3102 2856 3139
3 3062 3139 2856
3 3053 3020 2988
3 3002 2990 3117
3 2991 3047 3262
3 2953 2992 3012
3 2954 2983 3035
3 3007 3041 3159
3 3067 2785 3024
3 2940 2959 3058
3 3050 3198 2960
3 3068 3017 3018
3 2978 3051 3071
3 2996 3019 3060
3 2997 3114 3125
3 3045 2980 3072
3 2949 3072 2980
3 2968 3102 2949
3 2998 3115 3010
3 2998 2988 3020
3 3046 2969 3146
3 3063 3026 3031
3 3032 3040 2935
3 3001 3002 3074
3 3149 3074 3002
3 3108 3047 3003
3 2974 2953 3023
3 3095 3057 2983
3 2983 3006 3095
3 3006 3013 3109
3 3134 3014 2957
3 3025 3134 2957
3 2939 3048 3025
3 2995 2978 3071
3 3020 3115 2998
3 3140 3053 2945
3 2945 3087 3140
3 3082 2982 2991
3 2991 3262 3082
3 3003 2965 3092
3 3022 3005 3094
3 2972 2973 3083
3 3159 3132 3007
3 2911 2984 2994
3 3015 2985 3042
3 3110 3099 3058
3 3198 2943 2960
3 3018 3029 3068
3 3112 3043 2977
3 3059 2996 3154
3 3060 3154 2996
3 3038 3060 3019
3 3113 3079 2979
3 3101 3044 2987
3 3163 3114 2967
3 3045 3163 2967
3 2838 3021 3103
3 3021 2999 3104
3 3046 3104 2999
3 2970 3040 3054
3 3004 3022 3094
3 3083 3158 2972
3 3144 3083 2974
3 3132 3084 3007
3 3067 3024 3119
3 2939 3008 3120
3 3027 3031 3026
3 3180 3016 3028
3 3050 3037 3162
3 3030 2976 3086
3 2868 2995 3070
3 3062 3010 3166
3 3115 3166 3010
3 3091 3090 2964
3 3171 3000 2883
3 2883 2989 3171
3 3117 3149 3002
3 3005 2972 3158
3 2974 3023 3118
3 2994 2984 3145
3 2984 3015 3145
3 3111 2959 2941
3 3028 3137 3180
3 3029 3069 3183
3 3060 3038 3078
3 3100 3078 3038
3 3079 3100 2979
3 2949 3102 3128
3 3103 3021 3104
3 3090 3032 2964
3 3055 3011 3065
3 3092 3108 3003
3 3118 3175 2974
3 3012 3035 3130
3 2993 3159 3041
3 3014 3096 2975
3 3048 2939 3151
3 3120 3151 2939
3 3136 3058 2959
3 3111 2941 3153
3 2941 3049 3153
3 2976 3043 3206
3 3112 2868 3070
3 3124 3113 3044
3 3101 3124 3044
3 3072 3163 3045
3 3103 3087 2838
3 3146 3155 3046
3 3088 2970 3081
3 2989 3033 3172
3 3117 2990 3107
3 3092 2965 3093
3 3004 3093 2965
3 3158 3094 3005
3 3130 3023 3012
3 3057 3035 2983
3 3006 3109 3177
3 3039 3120 3008
3 3145 3152 2994
3 3180 3049 3016
3 3162 3198 3050
3 3037 3017 3076
3 3069 3009 3184
3 2986 3184 3009
3 2986 3086 3077
3 3071 3070 2995
3 3121 3071 3051
3 3051 3059 3121
3 3101 3080 3061
3 3072 2949 3128
3 3104 3046 3155
3 2970 3054 3081
3 3054 3040 3089
3 3032 3089 3040
3 3073 3190 2981
3 3116 3056 3106
3 3056 3066 3106
3 3094 3143 3004
3 3083 3219 3158
3 3119 3024 3189
3 2931 3189 3024
3 3134 3025 3048
3 3085 3162 3037
3 3122 3154 3060
3 3139 3062 3165
3 3166 3165 3062
3 3167 3020 3053
3 3146 2969 3196
3 3129 3196 2969
3 2969 3063 3129
3 3031 3129 3063
3 3000 3171 3105
3 3172 3171 2989
3 3034 3172 3033
3 3190 3073 3011
3 3066 3074 3148
3 2990 2982 3107
3 3142 3107 2982
3 3280 3262 3047
3 3047 3108 3280
3 3144 2974 3175
3 3006 3177 3095
3 3131 3109 3013
3 3013 3084 3131
3 3036 2975 3179
3 3134 3096 3014
3 3120 3039 3097
3 3076 3085 3037
3 3068 3029 3222
3 3184 3183 3069
3 3059 3154 3121
3 3125 3114 3126
3 3165 3164 3139
3 3140 3167 3053
3 3039 3088 3097
3 3082 3142 2982
3 3189 2931 3277
3 2931 3075 3277
3 3133 3075 3036
3 3027 2994 3156
3 2994 3152 3156
3 3263 3110 3058
3 3058 3136 3263
3 2959 3111 3136
3 3161 3153 3049
3 3049 3180 3161
3 3221 3137 2943
3 3078 3100 3123
3 9752 3061 3080
3 3165 3166 3246
3 3115 3020 3181
3 3020 3167 3181
3 3201 3129 3031
3 3081 3169 3088
3 3143 3093 3004
3 3144 3219 3083
3 3257 3131 3084
3 3132 3257 3084
3 2993 3067 3178
3 3119 3178 3067
3 3036 3179 3133
3 3096 3179 2975
3 3031 3027 3156
3 3042 3145 3015
3 3112 3206 3043
3 3123 3122 3060
3 3060 3078 3123
3 3139 3164 3102
3 3187 3140 3087
3 3210 3169 3081
3 3054 3089 3141
3 3090 3091 3170
3 3202 3170 3091
3 3091 3000 3202
3 3105 3202 3000
3 3190 3011 3157
3 3011 3055 3157
3 3173 3148 3074
3 3074 3149 3173
3 3133 3277 3075
3 3217 3179 3096
3 2943 3198 3221
3 3265 3017 3068
3 3222 3265 3068
3 3100 3079 3236
3 3061 3124 3101
3 3087 3103 3187
3 3104 3155 3168
3 3156 3201 3031
3 3081 3054 3210
3 2981 3287 3064
3 3055 3065 3116
3 3117 3107 3174
3 3188 3130 3035
3 3151 3120 3097
3 3135 3042 2985
3 2985 3098 3135
3 3076 3017 3204
3 3265 3204 3017
3 3206 3234 2976
3 3079 3199 3236
3 3192 3199 3079
3 3079 3113 3192
3 3113 3124 3192
3 3266 3163 3127
3 3163 3072 3127
3 3166 3115 3181
3 3104 3168 3103
3 3169 3097 3088
3 3141 3210 3054
3 3190 3287 2981
3 3143 3094 3191
3 3158 3191 3094
3 3176 3230 3118
3 3035 3057 3188
3 3098 3099 3135
3 3099 3110 3135
3 3160 3263 3136
3 3222 3029 3183
3 3254 3086 2976
3 3206 3112 3138
3 3112 3070 3138
3 3070 3071 3243
3 3124 3061 3284
3 3072 3128 3193
3 3164 3193 3102
3 3194 3187 3103
3 3064 3172 3034
3 3055 3116 3147
3 3106 3066 3203
3 3142 3174 3107
3 3359 3108 3092
3 3093 3359 3092
3 3175 3118 3230
3 3150 3188 3057
3 3057 3095 3150
3 3197 3096 3134
3 3134 3048 3151
3 3330 3160 3136
3 3136 3111 3330
3 3161 3220 3153
3 3180 3137 3212
3 3184 2986 3205
3 3077 3205 2986
3 3077 3086 3254
3 3128 3102 3193
3 3147 3157 3055
3 3148 3203 3066
3 3174 3149 3117
3 3219 3144 3242
3 3175 3242 3144
3 3130 3188 3176
3 3121 3154 3235
3 3236 3123 3100
3 3355 3126 3114
3 3114 3163 3355
3 3193 3127 3072
3 3155 3146 3195
3 3196 3195 3146
3 3141 3089 3261
3 3257 3177 3109
3 3109 3131 3257
3 3197 3134 3151
3 3182 3145 3042
3 3135 3182 3042
3 3322 3135 3110
3 3110 3263 3322
3 3111 3153 3253
3 3233 3253 3153
3 3220 3233 3153
3 3181 3167 3186
3 3167 3140 3200
3 3168 3194 3103
3 9558 3261 3089
3 3089 3032 9558
3 3090 9558 3032
3 3172 3064 3239
3 3157 3147 3240
3 3269 3142 3082
3 3191 3158 3241
3 3188 3208 3176
3 2993 3228 3159
3 3151 3097 3258
3 3253 3330 3111
3 3221 3198 3213
3 3214 3198 3162
3 3254 3205 3077
3 3235 3244 3121
3 3185 3235 3154
3 3154 3122 3185
3 3181 3246 3166
3 3167 3200 3186
3 3187 3200 3140
3 3201 3156 3225
3 3231 3225 3156
3 3097 3169 3218
3 3210 3218 3169
3 3211 3105 3171
3 3171 3172 3211
3 3116 3106 3203
3 3203 3148 3396
3 3242 3175 3230
3 3176 3208 9931
3 3177 3257 3227
3 3178 3276 2993
3 3197 3217 3096
3 3161 3180 3283
3 3180 3212 3283
3 3331 3085 3076
3 3184 3223 3183
3 2976 3234 3254
3 3224 3071 3121
3 3121 3244 3224
3 3266 3292 3163
3 3215 3155 3195
3 3282 3231 3152
3 3152 3145 3282
3 3145 3182 3282
3 3135 3232 3182
3 3322 3232 3135
3 3221 3212 3137
3 3085 3214 3162
3 3300 3222 3183
3 3223 3300 3183
3 3205 3223 3184
3 3224 3243 3071
3 3271 3122 3123
3 3284 3192 3124
3 3164 3207 3193
3 3165 3304 3164
3 3194 3168 3247
3 3216 3095 3177
3 3227 3216 3177
3 3159 3228 3248
3 3261 3286 3141
3 3239 3211 3172
3 3336 3348 3190
3 3157 3336 3190
3 3148 3173 3229
3 3093 3143 3281
3 3219 3241 3158
3 3242 3270 3219
3 9931 3230 3176
3 3272 3245 3125
3 3125 3126 3272
3 3292 3355 3163
3 3207 3303 3193
3 3181 3186 3246
3 3294 3187 3194
3 3296 3188 3150
3 3238 3150 3095
3 3257 3132 3275
3 3132 3248 3275
3 3132 3159 3248
3 3178 3119 3249
3 3189 3249 3119
3 3278 3133 3179
3 3209 3278 3179
3 3197 3151 3309
3 3258 3097 3267
3 3210 3141 3260
3 3286 3260 3141
3 3287 3190 3348
3 3336 3157 3240
3 3147 3116 3377
3 3279 3173 3149
3 3149 3174 3279
3 3174 3142 3349
3 3082 3262 3269
3 3191 3281 3143
3 3204 3331 3076
3 3235 3185 3255
3 3291 3284 3061
3 3061 9752 3291
3 3293 3186 3200
3 3200 3187 3293
3 3215 3247 3168
3 3155 3215 3168
3 3201 3225 3285
3 3216 3238 3095
3 3217 3209 3179
3 3170 3202 3250
3 3279 3229 3173
3 3359 3093 3281
3 3283 3220 3161
3 3214 3213 3198
3 3085 3331 3264
3 3127 3193 3273
3 3129 3201 3285
3 3225 3231 9928
3 3297 3296 3150
3 3238 3297 3150
3 3276 3228 2993
3 3170 9558 3090
3 3287 3239 3064
3 3116 3203 3377
3 3396 3148 3327
3 3269 3251 3142
3 3212 3221 3363
3 3234 3206 3138
3 3185 3122 3256
3 3271 3256 3122
3 3236 3271 3123
3 3193 3303 3273
3 3207 3164 3304
3 3305 3246 3186
3 3186 3293 3305
3 3294 3194 3247
3 3196 3129 3237
3 3296 3226 3188
3 3251 3349 3142
3 3366 3269 3262
3 3281 3191 3367
3 3241 3219 3312
3 3182 3232 3314
3 3253 3233 3339
3 3221 3213 3363
3 3214 3085 3288
3 3265 3222 3289
3 3316 3138 3070
3 3070 3243 3316
3 3355 3272 3126
3 3285 3237 3129
3 3285 3225 9928
3 3365 3317 3248
3 3248 3228 3365
3 3258 3309 3151
3 3335 3218 3210
3 3105 3250 3202
3 3240 3147 3320
3 3377 3320 3147
3 3281 3328 3359
3 3270 3242 3329
3 9939 3242 3230
3 9931 9939 3230
3 3282 3252 3231
3 3213 3214 3299
3 3288 3299 3214
3 3331 3204 3368
3 3223 3205 3340
3 3301 3254 3234
3 3235 3255 3244
3 3364 3271 3236
3 3290 3364 3236
3 3236 3199 3290
3 3199 3192 3290
3 3284 3290 3192
3 3247 3215 3274
3 3418 3297 3238
3 3259 3267 3218
3 3210 3260 3458
3 3250 3105 3311
3 3105 3211 3311
3 3229 3327 3148
3 3174 3349 3279
3 3270 3312 3219
3 3264 3288 3085
3 3265 3368 3204
3 3300 3223 3340
3 3316 3302 3138
3 3305 3404 3246
3 3275 3248 3317
3 3189 3277 3480
3 3277 3133 3392
3 3217 3197 3309
3 3229 3279 3397
3 3280 3108 3447
3 3423 3282 3182
3 3182 3314 3423
3 3339 3362 3253
3 3213 3299 3363
3 3304 3165 3371
3 3246 3371 3165
3 3404 3334 3246
3 3306 3305 3293
3 3307 3293 3187
3 3187 3294 3307
3 3215 3195 3274
3 3308 3342 3195
3 3195 3196 3308
3 3196 3237 3308
3 3227 3257 3275
3 3365 3228 3276
3 3276 3178 3357
3 3249 3357 3178
3 3133 3278 3392
3 3268 3261 9558
3 3310 3268 9558
3 9558 3170 3310
3 3250 3374 3170
3 3287 3298 3239
3 3269 3366 3378
3 3241 3312 3379
3 3329 3242 3337
3 9939 3337 3242
3 3361 3322 3263
3 3263 3160 3361
3 3220 3339 3233
3 3289 3462 3265
3 3205 3254 3341
3 3234 3138 3302
3 3224 3316 3243
3 3332 3255 3185
3 3185 3256 3332
3 3266 3127 3324
3 3273 3324 3127
3 3226 3296 3295
3 3227 3275 3216
3 3326 3275 3317
3 3345 3278 3209
3 3258 3267 3318
3 3458 3335 3210
3 3374 3310 3170
3 3239 3311 3211
3 3320 3336 3240
3 3367 3191 3379
3 3191 3241 3379
3 3329 3381 3270
3 3232 3322 3314
3 3400 3283 3212
3 3212 3363 3400
3 3254 3301 3341
3 3245 3272 3386
3 3292 3266 3324
3 3371 3246 3334
3 3325 3294 3247
3 3274 3325 3247
3 3258 3394 3309
3 3260 3319 3458
3 3378 3421 3269
3 3262 3280 3366
3 3447 3366 3280
3 3380 3312 3360
3 3312 3270 3360
3 3381 3360 3270
3 3313 3321 3252
3 3252 3282 3313
3 3289 3222 3300
3 3340 3205 3434
3 3341 3434 3205
3 3403 3369 3284
3 3355 3292 3333
3 3303 3207 3455
3 3304 3455 3207
3 3274 3195 3342
3 3343 3237 3285
3 9928 3343 3285
3 3238 3216 3418
3 3390 3418 3216
3 3216 3275 3326
3 3217 3309 3346
3 3259 3318 3267
3 3286 3319 3260
3 3298 3287 3411
3 3348 3411 3287
3 3421 3251 3269
3 3337 9939 3338
3 3368 3265 3315
3 3462 3315 3265
3 3300 3340 3383
3 3284 3291 3403
3 3426 3324 3273
3 3307 3306 3293
3 3343 9928 9917
3 3365 3276 3373
3 3318 3394 3258
3 3286 3261 3268
3 3336 3320 3395
3 3349 3251 3413
3 3328 3281 3367
3 3282 3423 3313
3 3339 3220 3323
3 3351 3323 3220
3 3220 3283 3351
3 3400 3351 3283
3 3352 3288 3264
3 3383 3353 3300
3 3224 3244 3354
3 3427 3455 3304
3 3371 3427 3304
3 3305 3306 3372
3 3307 3294 3522
3 3326 3317 3467
3 3391 3357 3249
3 3249 3189 3391
3 3480 3391 3189
3 3277 3392 3480
3 3392 3278 3344
3 3345 3344 3278
3 3259 3218 3347
3 3335 3347 3218
3 3374 3250 3410
3 3239 3298 3375
3 3396 3377 3203
3 3432 3413 3251
3 3379 3312 3380
3 3314 3322 3399
3 3474 3330 3253
3 3362 3474 3253
3 3302 3301 3234
3 3369 3290 3284
3 3333 3292 3324
3 3370 3426 3273
3 3273 3303 3370
3 3372 3404 3305
3 3487 3294 3325
3 3297 3418 3296
3 3373 3276 3357
3 3319 3286 3419
3 3268 3419 3286
3 3311 3410 3250
3 3421 3432 3251
3 3359 3447 3108
3 3338 3350 3337
3 3322 3361 3399
3 3361 3160 3484
3 3362 3339 3424
3 3299 3288 3401
3 3295 3296 9937
3 3356 3216 3326
3 3209 3217 3346
3 3409 3419 3268
3 3268 3310 3409
3 3375 3311 3239
3 3348 3336 3376
3 3431 3377 3396
3 3443 3327 3229
3 3229 3397 3443
3 3279 3349 3397
3 3337 3381 3329
3 3399 3382 3314
3 3474 3160 3330
3 3341 3301 3384
3 3388 3302 3316
3 3255 3332 3385
3 3271 3332 3256
3 3437 3333 3324
3 3522 3306 3307
3 3274 3342 3416
3 3456 3344 3345
3 3346 3345 3209
3 3394 3346 3309
3 3259 3441 3318
3 3410 3311 3375
3 3395 3376 3336
3 3412 3395 3320
3 3358 3412 3320
3 3320 3377 3358
3 3448 3447 3359
3 3337 3350 3450
3 3160 3474 3484
3 3323 3424 3339
3 3352 3401 3288
3 3352 3264 3452
3 3264 3331 3452
3 3353 3402 3300
3 3290 3389 3364
3 3455 3370 3303
3 3441 3457 3318
3 3430 3347 3335
3 3413 3397 3349
3 3359 3328 3398
3 3422 3321 3313
3 3363 3299 3401
3 3368 3452 3331
3 3316 3224 3475
3 3224 3354 3475
3 3354 3244 3385
3 3244 3255 3385
3 3414 3385 3332
3 3332 3271 3454
3 3271 3364 3454
3 3290 3369 3389
3 3272 3355 3425
3 3333 3425 3355
3 3487 3522 3294
3 3325 3274 3415
3 3274 3416 3415
3 3216 3356 3390
3 3456 3345 3407
3 3347 3441 3259
3 3398 3328 3559
3 3367 3559 3328
3 3367 3379 3449
3 3484 3399 3361
3 3363 3401 3400
3 3289 3463 3462
3 3434 3383 3340
3 3302 3505 3301
3 3388 3316 3475
3 3487 3325 3405
3 3405 3325 3415
3 3237 3343 3429
3 9918 3429 3343
3 9924 9918 3343
3 3326 3467 3496
3 3406 3467 3317
3 3489 3317 3365
3 3365 3373 3489
3 3346 3407 3345
3 3387 3346 3394
3 3318 3457 3394
3 3411 3348 3376
3 3449 3502 3367
3 3360 3444 3380
3 3382 3423 3314
3 3436 3364 3389
3 3386 3272 3466
3 3437 3324 3426
3 3334 3427 3371
3 3334 3404 3477
3 3404 3372 3428
3 3342 3495 3416
3 3342 3308 3478
3 3479 3478 3308
3 3308 3237 3479
3 3296 3418 3417
3 3326 3496 3356
3 3393 3407 3346
3 3408 3393 3346
3 3431 3358 3377
3 3421 3378 3433
3 3381 3444 3360
3 3300 3402 3289
3 3341 3384 3435
3 3436 3454 3364
3 3466 3403 3386
3 3391 3490 3357
3 3387 3408 3346
3 3398 3473 3359
3 3380 3449 3379
3 3381 3337 3450
3 3313 3423 3460
3 3369 3403 3465
3 3437 3494 3333
3 3370 3455 3548
3 3495 3342 3478
3 3417 9937 3296
3 3356 3439 3390
3 3373 3357 3490
3 3419 3409 3420
3 3409 3374 3442
3 3410 3442 3374
3 3376 3510 3411
3 3431 3396 3327
3 3473 3448 3359
3 3585 3449 3380
3 3444 3585 3380
3 3435 3384 3505
3 3384 3301 3505
3 3426 3548 3438
3 3426 3370 3548
3 3593 3372 3306
3 3418 3390 3439
3 3490 3526 3373
3 3391 3480 3440
3 3468 3480 3392
3 3392 3344 3468
3 3344 3456 3468
3 3407 3393 3456
3 3481 3456 3393
3 3408 3445 3393
3 3408 3387 3516
3 3458 3430 3335
3 3442 3420 3409
3 3298 3411 3510
3 3352 3452 3486
3 3462 3546 3315
3 3383 3434 3512
3 3435 3434 3341
3 3464 3302 3388
3 3414 3354 3385
3 3506 3466 3272
3 3425 3506 3272
3 3477 3427 3334
3 3306 3522 3593
3 3415 3416 3542
3 3417 9938 9937
3 3490 3391 3610
3 3642 3610 3391
3 3440 3642 3391
3 3441 3347 3446
3 3430 3446 3347
3 3376 3395 3500
3 3412 3500 3395
3 3431 3327 3531
3 3433 3432 3421
3 3378 3366 3459
3 3560 3444 3381
3 3450 3560 3381
3 3460 3422 3313
3 3451 3460 3423
3 3423 3382 3451
3 3362 3424 3545
3 3461 3424 3323
3 3463 3289 3520
3 3402 3520 3289
3 3505 3302 3464
3 3354 3414 3453
3 3414 3332 3454
3 3389 3369 3436
3 3466 3465 3403
3 3438 3437 3426
3 3427 3476 3455
3 3404 3507 3477
3 3495 3542 3416
3 3429 3479 3237
3 3417 3418 3523
3 3393 3445 3536
3 3394 3457 3387
3 3430 3458 3571
3 3420 3469 3419
3 3442 3410 3517
3 3375 3517 3410
3 3375 3298 3471
3 3510 3376 3472
3 3474 3362 3545
3 3351 3400 3485
3 3401 3352 3562
3 3512 3434 3608
3 3454 3453 3414
3 3454 3436 3513
3 3477 3476 3427
3 3428 3507 3404
3 3508 3428 3372
3 3356 3524 3439
3 3317 3489 3406
3 3526 3489 3373
3 3481 3555 3456
3 3393 3536 3481
3 3445 3408 3516
3 3457 3441 3498
3 3446 3498 3441
3 3319 3419 3469
3 3470 3420 3442
3 3517 3470 3442
3 3517 3375 3491
3 3298 3510 3471
3 3412 3358 3482
3 3584 3327 3443
3 3537 3443 3397
3 3413 3537 3397
3 3366 3447 3459
3 3559 3473 3398
3 3450 3350 9934
3 3460 3483 3422
3 3461 3323 3576
3 3351 3576 3323
3 3401 3562 3511
3 3639 3562 3352
3 3465 3436 3369
3 3494 3425 3333
3 3372 3593 3508
3 3418 3439 3523
3 3375 3471 3491
3 3500 3472 3376
3 3531 3358 3431
3 3413 3432 3433
3 3448 3459 3447
3 3504 3382 3589
3 3545 3424 3461
3 3511 3485 3400
3 3400 3401 3511
3 3486 3639 3352
3 3435 3608 3434
3 3388 3475 3547
3 3580 3465 3466
3 3548 3455 3476
3 3428 3508 3521
3 3479 3429 3543
3 3488 9938 3417
3 3417 3523 3488
3 3525 3406 3489
3 3555 3468 3456
3 3497 3387 3457
3 3498 3497 3457
3 3446 3430 3613
3 3571 3613 3430
3 3433 3378 3614
3 3559 3367 3502
3 3585 3502 3449
3 3504 3451 3382
3 3382 3399 3544
3 3399 3590 3544
3 3399 3484 3590
3 3368 3315 3577
3 3546 3577 3315
3 3353 3383 3601
3 3354 3453 3618
3 3439 3524 3603
3 3549 3496 3467
3 3467 3406 3549
3 3535 3481 3536
3 3387 3497 3509
3 3529 3510 3472
3 3472 3500 3530
3 3537 3413 3538
3 3532 3614 3378
3 3378 3459 3532
3 3473 3518 3448
3 3559 3518 3473
3 3560 3450 3492
3 3450 9934 3492
3 3589 3382 3544
3 3485 3576 3351
3 3486 3452 3591
3 3368 3591 3452
3 3512 3601 3383
3 3435 3505 3609
3 3475 3354 3547
3 3506 3425 3493
3 3437 3438 3494
3 3478 3479 3515
3 3543 3515 3479
3 3480 3468 3633
3 3516 3387 3509
3 3469 3420 3499
3 3470 3499 3420
3 3433 3538 3413
3 3503 3483 3460
3 3460 3451 3503
3 3451 3504 3503
3 3474 3545 3616
3 3576 3697 3461
3 3546 3462 3539
3 3463 3539 3462
3 3464 3388 3602
3 3506 3580 3466
3 3425 3494 3493
3 3507 3428 3521
3 3582 3542 3495
3 3621 3603 3524
3 3516 3509 3604
3 3517 3557 3470
3 3530 3529 3472
3 3501 3500 3482
3 3560 3587 3444
3 3483 3503 3561
3 3591 3368 3577
3 3578 3402 3353
3 3601 3578 3353
3 3505 3464 3602
3 3618 3547 3354
3 3513 3541 3454
3 3513 3436 3514
3 3494 3438 3630
3 3476 3477 3742
3 3405 3620 3487
3 3478 3582 3495
3 3440 3480 3633
3 3536 3445 3552
3 3445 3516 3552
3 3557 3499 3470
3 3501 3530 3500
3 3531 3327 3573
3 3518 3559 3533
3 3670 3590 3484
3 3484 3474 3670
3 3601 3512 3608
3 3609 3505 3617
3 3388 3547 3602
3 3540 3618 3453
3 3541 3453 3454
3 3436 3465 3514
3 3507 3742 3477
3 3507 3521 3566
3 3594 3522 3487
3 3620 3594 3487
3 3415 3542 3620
3 3525 3549 3406
3 3526 3525 3489
3 3610 3648 3490
3 3555 3527 3468
3 3528 3571 3458
3 3458 3319 3528
3 3469 3528 3319
3 3471 3510 3558
3 3572 3623 3482
3 3482 3358 3572
3 3678 3538 3433
3 3635 3504 3589
3 3636 3544 3590
3 3474 3616 3607
3 3511 3519 3485
3 3539 3463 3520
3 3541 3540 3453
3 3514 3541 3513
3 3493 3674 3506
3 3548 3476 3564
3 3683 3564 3476
3 3405 3415 3620
3 3488 3523 3568
3 3549 3356 3496
3 3570 3527 3555
3 3552 3516 3612
3 3604 3612 3516
3 3517 3491 3634
3 3491 3471 3634
3 3558 3510 3529
3 3327 3584 3573
3 3532 3459 3747
3 3492 9934 3554
3 3576 3485 3628
3 3519 3628 3485
3 3608 3435 3609
3 3742 3507 3565
3 3534 3599 3523
3 3523 3439 3534
3 3526 3490 3550
3 3648 3550 3490
3 3527 3633 3468
3 3611 3481 3535
3 3701 3509 3497
3 3556 3701 3497
3 3497 3498 3556
3 3557 3553 3499
3 3558 3634 3471
3 3358 3531 3572
3 3433 3614 3678
3 3721 3459 3448
3 3533 3624 3518
3 3603 3534 3439
3 3527 3570 3569
3 3535 3536 3551
3 3552 3551 3536
3 3469 3499 3553
3 3557 3517 3684
3 3586 3684 3517
3 3443 3537 3584
3 3624 3721 3448
3 3448 3518 3624
3 3559 3502 3615
3 3554 9932 3575
3 3474 3607 3670
3 3545 3461 3616
3 3563 3562 3639
3 3742 3683 3476
3 3566 3565 3507
3 3567 3521 3508
3 3515 3543 3597
3 9920 3597 3543
3 3588 3561 3503
3 3626 3503 3504
3 3504 3635 3626
3 3511 3562 3638
3 3578 3520 3402
3 3602 3617 3505
3 3540 3673 3618
3 9570 3514 3465
3 3674 3580 3506
3 3620 3542 3645
3 3542 3582 3645
3 3582 3478 3595
3 3515 3595 3478
3 3597 3596 3515
3 3599 3568 3523
3 3583 3555 3481
3 3611 3583 3481
3 3612 3551 3552
3 3574 3584 3537
3 3537 3538 3574
3 3747 3614 3532
3 3587 3560 3625
3 3492 3554 3575
3 3600 3525 3526
3 3583 3570 3555
3 3667 3583 3611
3 3498 3446 3613
3 3656 3571 3528
3 3469 3656 3528
3 3678 3574 3538
3 3502 3585 3615
3 3560 3492 3625
3 3606 3575 3561
3 3588 3606 3561
3 3503 3626 3588
3 3723 3546 3539
3 3579 3541 3514
3 9570 3579 3514
3 3596 3595 3515
3 3621 3524 3622
3 3524 3356 3622
3 3549 3622 3356
3 3611 3535 3551
3 3469 3553 3656
3 3634 3586 3517
3 3529 3530 3693
3 3531 3573 3720
3 3584 3574 3643
3 3644 3624 3533
3 3605 3615 3585
3 3625 3492 3660
3 3575 3660 3492
3 3544 3636 3627
3 3616 3461 3661
3 3697 3661 3461
3 3697 3576 3628
3 3591 3577 3662
3 3546 3662 3577
3 3674 3581 3580
3 3631 3438 3548
3 3548 3564 3631
3 3566 3521 3592
3 3640 3567 3508
3 3508 3593 3640
3 3632 3593 3522
3 3522 3594 3632
3 3539 3520 3723
3 3579 3619 3541
3 3631 3630 3438
3 3565 3566 3724
3 3692 3592 3521
3 3521 3567 3692
3 3645 3582 3707
3 3582 3699 3707
3 3598 3597 9915
3 9915 3568 3598
3 3599 3598 3568
3 3440 3633 3649
3 3569 3633 3527
3 3612 3604 3708
3 3701 3604 3509
3 3533 3559 3686
3 3615 3686 3559
3 3585 3444 3605
3 3587 3605 3444
3 3606 3660 3575
3 3613 3556 3498
3 3651 3623 3572
3 3572 3531 3651
3 3584 3643 3573
3 3544 3635 3589
3 3590 3670 3636
3 3511 3638 3519
3 3722 3639 3486
3 3591 3722 3486
3 3520 3578 3732
3 3493 3494 3663
3 3630 3681 3494
3 3632 3640 3593
3 3582 3595 3699
3 3603 3599 3534
3 3550 3600 3526
3 3684 3586 3685
3 9616 3530 3501
3 3574 3678 3669
3 3625 3659 3587
3 3578 3601 3739
3 3601 3608 3739
3 3619 3540 3541
3 3681 3663 3494
3 3549 3525 3647
3 3525 3600 3647
3 3766 3708 3604
3 3756 3558 3529
3 3529 3693 3756
3 3720 3651 3531
3 3686 3658 3533
3 3605 3587 3659
3 3653 3660 3606
3 3628 3519 3688
3 3637 3688 3519
3 3655 3673 3540
3 3719 3631 3564
3 3594 3620 3641
3 3598 3596 3597
3 3766 3604 3701
3 3556 3613 3668
3 3613 3571 3702
3 3669 3678 3695
3 3614 3747 3778
3 3658 3644 3533
3 3588 3653 3606
3 3626 3635 3654
3 3627 3635 3544
3 3688 3671 3628
3 3689 3638 3562
3 3562 3563 3689
3 3546 3723 3704
3 3617 3602 3714
3 3740 3547 3618
3 3618 3673 3740
3 3540 3619 3715
3 3681 3630 3629
3 3641 3620 3645
3 3707 3699 3698
3 3551 3612 3676
3 3656 3553 3727
3 3553 3557 3657
3 3634 3685 3586
3 3728 3693 3530
3 3530 9616 3728
3 3651 9615 3623
3 3660 3659 3625
3 3519 3638 3637
3 3608 3609 3808
3 3493 3663 3751
3 3630 3631 3682
3 3742 3565 3706
3 3595 3596 3664
3 3665 3598 3599
3 3599 3603 3665
3 3621 3622 3646
3 3549 3646 3622
3 3650 3667 3611
3 3611 3551 3650
3 3556 3668 3701
3 3643 3574 3652
3 3686 3615 3696
3 3654 3653 3588
3 3588 3626 3654
3 3627 3770 3635
3 3670 3607 3818
3 3722 3563 3639
3 3662 3546 3680
3 3704 3680 3546
3 3732 3738 3520
3 3739 3672 3578
3 3715 3655 3540
3 3579 9570 3619
3 3716 3619 9570
3 3674 3716 3581
3 3682 3629 3630
3 3683 3719 3564
3 3592 3724 3566
3 3594 3641 3734
3 3699 3595 3664
3 3596 3598 3664
3 3666 3621 3646
3 3610 3642 3799
3 3440 3799 3642
3 3708 3676 3612
3 3656 3702 3571
3 3684 3657 3557
3 3678 3614 3778
3 3459 3721 3737
3 3710 3644 3658
3 3659 3711 3605
3 3758 3689 3563
3 3738 3723 3520
3 3808 3609 3772
3 3706 3565 3691
3 3743 3707 3698
3 3666 3603 3621
3 3647 3753 3549
3 3648 3610 3799
3 3569 3649 3633
3 3583 3667 3675
3 3613 3744 3668
3 3634 3703 3685
3 3652 3574 3677
3 3677 3574 3669
3 3696 3615 3711
3 3615 3605 3711
3 3770 3654 3635
3 3713 3627 3636
3 3636 3670 3713
3 3705 3602 3547
3 3547 3740 3705
3 3619 3716 3760
3 3751 3674 3493
3 3682 3631 3718
3 3719 3718 3631
3 3565 3724 3691
3 3725 3640 3632
3 3666 3646 3752
3 3646 3549 3753
3 3675 3570 3583
3 3667 3650 3765
3 3744 3613 3802
3 3558 3703 3634
3 3737 3747 3459
3 3779 3721 3624
3 3659 3660 3687
3 3660 3653 3687
3 3607 3616 3679
3 3731 3616 3661
3 3697 3731 3661
3 3671 3697 3628
3 3638 3689 3637
3 3722 3591 3855
3 3662 3855 3591
3 3672 3732 3578
3 3808 3739 3608
3 3761 3725 3632
3 3632 3594 3761
3 3594 3734 3761
3 3734 3641 3645
3 3598 3735 3664
3 3551 3676 3650
3 3644 3779 3624
3 3644 3710 3779
3 3818 3713 3670
3 3749 3772 3609
3 3609 3617 3749
3 3740 3673 3655
3 3715 3690 3655
3 3751 3663 3773
3 3665 3735 3598
3 3764 3665 3603
3 3603 3666 3764
3 3702 3802 3613
3 3651 3720 3694
3 3720 3573 3745
3 3721 3779 3803
3 3711 3659 3729
3 3713 3770 3627
3 3731 3697 3771
3 3782 3771 3697
3 3617 3714 3759
3 3663 3681 3773
3 3629 3773 3681
3 3682 3718 3629
3 3799 3440 3649
3 3553 3709 3727
3 3553 3657 3709
3 3756 3703 3558
3 3793 3728 9616
3 3794 3793 9615
3 3651 3794 9615
3 3817 3643 3652
3 3677 3817 3652
3 3659 3687 3729
3 3712 3729 3687
3 3855 3662 3680
3 3759 3749 3617
3 3705 3714 3602
3 3716 3674 3717
3 3706 3774 3742
3 3707 3734 3645
3 3675 3667 3765
3 3726 3702 3656
3 3656 3727 3726
3 3728 3756 3693
3 3573 3643 3746
3 3678 3736 3695
3 3780 3710 3658
3 3654 3770 3712
3 3818 3607 3730
3 3679 3730 3607
3 3671 3782 3697
3 3732 3672 3839
3 3741 3717 3674
3 3741 3674 3751
3 3724 3592 3810
3 3692 3810 3592
3 3763 3743 3698
3 3698 3699 3763
3 3700 3764 3666
3 3752 3700 3666
3 3752 3646 3821
3 3753 3821 3646
3 3649 3569 3800
3 3569 3570 3754
3 3650 3676 3792
3 3709 3657 3755
3 3657 3684 3755
3 3684 3685 3755
3 3849 3755 3685
3 3685 3703 3849
3 3573 3746 3745
3 3696 3780 3658
3 3658 3686 3696
3 3563 3722 3758
3 3705 3740 3829
3 3600 3550 3785
3 3648 3785 3550
3 3890 3800 3569
3 3754 3890 3569
3 3675 3754 3570
3 3708 3792 3676
3 3766 3701 3786
3 3756 3728 3826
3 3728 3793 3787
3 3817 3746 3643
3 3710 3780 3837
3 3696 3711 3757
3 3729 3757 3711
3 3731 3679 3616
3 3806 3680 3704
3 3714 3705 3759
3 3733 3690 3715
3 3750 3733 3715
3 3619 3750 3715
3 3619 3760 3750
3 3790 3760 3716
3 3717 3790 3716
3 3719 3683 3861
3 3683 3742 3861
3 3797 3734 3707
3 3707 3743 3797
3 3699 3664 3763
3 3701 3668 3824
3 3744 3824 3668
3 3726 3802 3702
3 3849 3703 3767
3 3745 3694 3720
3 3778 3736 3678
3 3781 3712 3770
3 3748 3689 3758
3 3722 3855 3758
3 3883 3704 3723
3 3723 3738 3883
3 3810 3809 3724
3 3842 3810 3692
3 3735 3763 3664
3 3835 3647 3600
3 3799 3785 3648
3 3814 3754 3675
3 3801 3792 3708
3 3703 3756 3768
3 3787 3826 3728
3 3669 3817 3677
3 3729 3712 3769
3 3781 3769 3712
3 3740 3655 3819
3 3773 3629 3858
3 3743 3763 3811
3 3700 3752 3798
3 3835 3600 3931
3 3792 3791 3650
3 3786 3701 3824
3 3755 3844 3709
3 3777 3817 3669
3 3695 3777 3669
3 3713 3818 3770
3 3690 3819 3655
3 3820 3718 3719
3 3841 3774 3706
3 3706 3691 3841
3 3691 3724 3832
3 3832 3724 3809
3 3735 3665 3812
3 3764 3812 3665
3 3766 3801 3708
3 3824 3744 3848
3 3872 3744 3802
3 3727 3709 3825
3 3768 3767 3703
3 3776 3794 3651
3 3651 3694 3776
3 3730 3679 3881
3 3671 3688 3782
3 3748 3637 3689
3 3806 3704 3788
3 3839 3738 3732
3 3839 3672 3807
3 3751 3773 3831
3 3862 3842 3692
3 3692 3567 3862
3 3762 3761 3734
3 3797 3762 3734
3 3763 3735 3775
3 3812 3775 3735
3 3764 3700 3847
3 3798 3847 3700
3 3821 3753 3813
3 3791 3765 3650
3 3726 3727 3825
3 3826 3768 3756
3 3736 3828 3695
3 3837 3804 3710
3 3781 3770 3853
3 3731 3771 3846
3 3748 3758 3865
3 3672 3739 3807
3 3808 3807 3739
3 3829 3759 3705
3 3690 3733 3783
3 3741 3790 3717
3 3741 3751 3796
3 3861 3742 3784
3 3774 3784 3742
3 3812 3764 3834
3 3647 3835 3813
3 3785 3931 3600
3 3675 3765 3822
3 3765 3791 3822
3 3843 3801 3766
3 3766 3786 3843
3 3848 3744 3872
3 3787 3793 3827
3 3746 3880 3745
3 3828 3736 3851
3 3778 3747 3876
3 3737 3876 3747
3 3780 3696 3805
3 3729 3769 3795
3 3770 3818 3853
3 3881 3679 3854
3 3865 3878 3748
3 3855 3680 3866
3 3680 3806 3866
3 3704 3883 3788
3 3772 3749 3913
3 3840 3749 3759
3 3861 3820 3719
3 3798 3752 3821
3 3753 3647 3813
3 3799 3649 3999
3 3919 3999 3649
3 3649 3800 3919
3 3675 3822 3814
3 3872 3802 3816
3 3836 3777 3695
3 3828 3836 3695
3 3876 3737 3863
3 3860 3757 3729
3 3729 3795 3860
3 3758 3855 3865
3 3740 3819 3829
3 3690 3783 3819
3 3789 3783 3733
3 3830 3789 3750
3 3790 3830 3760
3 3831 3796 3751
3 3773 3858 3946
3 3718 3858 3629
3 3954 3567 3640
3 3640 3725 3954
3 3917 3811 3763
3 3763 3775 3917
3 3764 3847 3834
3 3792 3815 3791
3 3801 3823 3792
3 3844 3825 3709
3 3893 3851 3736
3 3736 3778 3893
3 3805 3696 3757
3 3845 3795 3769
3 3769 3781 3845
3 3853 3845 3781
3 3881 3818 3730
3 3679 3731 3846
3 3688 3637 3877
3 3748 3877 3637
3 3840 3913 3749
3 3830 3750 3760
3 3811 3797 3743
3 3798 3821 3888
3 3754 3814 3891
3 3815 3822 3791
3 3815 3792 3823
3 3801 3843 3859
3 3893 3778 3894
3 3876 3894 3778
3 3737 3721 3863
3 3721 3803 3863
3 3804 3779 3710
3 3804 3837 3958
3 3846 3854 3679
3 3782 3688 3877
3 3808 3772 3944
3 3829 3819 3856
3 3831 3773 3946
3 3775 3833 3917
3 3847 3798 3887
3 3785 3799 3889
3 3999 3889 3799
3 3919 3800 3890
3 3787 3827 3874
3 3969 3958 3837
3 3805 3757 3852
3 3864 3852 3757
3 3860 3864 3757
3 3838 3883 3738
3 3926 3839 3807
3 3807 3808 3884
3 3829 3840 3759
3 3829 3856 4006
3 3830 3790 3899
3 3868 3790 3741
3 3796 3868 3741
3 3567 3954 3862
3 3762 3797 3985
3 3917 3870 3811
3 3812 3833 3775
3 3887 3798 3888
3 3815 3823 3909
3 3801 3859 3823
3 3786 3824 3843
3 3816 3802 3966
3 3802 3726 3966
3 3825 3966 3726
3 3768 3826 3904
3 3826 3850 3904
3 3850 3826 3787
3 3787 3874 3850
3 3851 3911 3828
3 3878 3865 3897
3 3806 3788 3866
3 3867 3856 3819
3 3819 3783 3867
3 3900 3841 3691
3 3832 3900 3691
3 3822 3891 3814
3 3822 3815 3908
3 3848 3843 3824
3 3872 3816 3988
3 3892 3921 3825
3 3825 3844 3892
3 3694 3745 3967
3 3941 3863 3803
3 3804 3941 3803
3 3803 3779 3804
3 3907 3877 3748
3 3748 3878 3907
3 3738 3839 3838
3 3913 3944 3772
3 3831 3952 3796
3 3725 3761 3954
3 3869 3797 3811
3 3811 3870 3869
3 3834 3847 3871
3 3888 3821 3930
3 3813 3930 3821
3 3902 3822 3908
3 3909 3908 3815
3 3848 3859 3843
3 3844 3755 3903
3 3849 3903 3755
3 3875 3827 3794
3 3794 3776 3875
3 3967 3776 3694
3 3817 3777 3957
3 3923 3969 3837
3 3780 3805 3852
3 3852 3864 3895
3 3881 3853 3818
3 3846 3771 3950
3 3830 3857 3789
3 3886 4036 3718
3 3718 3820 3886
3 3996 3954 3761
3 3869 3985 3797
3 3966 3825 3921
3 3849 3767 3873
3 3875 3874 3827
3 3845 3853 3912
3 3782 3882 3771
3 3839 3879 3838
3 3944 3884 3808
3 3857 3867 3783
3 3858 3718 4036
3 3809 3810 3842
3 3761 3762 3996
3 3985 3996 3762
3 3932 3919 3890
3 3891 3822 3902
3 3859 3909 3823
3 3844 3903 3892
3 3904 3767 3768
3 3817 3957 3746
3 3837 3780 3923
3 3852 3923 3780
3 3853 3881 3942
3 3882 3950 3771
3 3925 3865 3855
3 3866 3788 3898
3 3879 3839 3926
3 3857 3830 3885
3 3830 3899 3885
3 3868 3899 3790
3 3774 3841 3984
3 3871 3812 3834
3 3931 3785 3918
3 3872 3920 3848
3 3988 3816 3965
3 3906 3875 3776
3 3745 3880 3967
3 3911 3836 3828
3 3860 3795 3896
3 3795 3845 3896
3 3912 3896 3845
3 3881 3854 3935
3 3854 3846 3943
3 3883 4042 3788
3 3927 3913 3840
3 3840 3829 3927
3 4006 3927 3829
3 3959 3885 3899
3 3820 3861 3960
3 3841 3900 3984
3 3832 3809 3953
3 3862 3954 3938
3 3869 3870 3916
3 3871 3833 3812
3 3962 3871 3847
3 3887 3962 3847
3 3909 3859 3910
3 3940 3910 3859
3 3934 3904 3850
3 3836 3957 3777
3 3942 3912 3853
3 3935 3854 3943
3 3924 3882 3782
3 3782 3877 3924
3 3907 3924 3877
3 3884 3926 3807
3 3914 4006 3856
3 3936 3899 3868
3 3886 3820 3960
3 3870 3917 3901
3 3930 3813 3947
3 3859 3848 3940
3 3920 3940 3848
3 3920 3872 3988
3 3904 3873 3767
3 3895 3923 3852
3 3896 3864 3860
3 3878 3897 3907
3 3925 3855 3977
3 3855 3866 3977
3 3898 3977 3866
3 4042 3898 3788
3 3838 3879 4005
3 3900 3832 3953
3 3901 3916 3870
3 3871 3955 3833
3 3903 3849 3974
3 3849 3873 3974
3 3874 3934 3850
3 3906 3922 3875
3 3967 3906 3776
3 4011 3880 3746
3 3836 3911 4020
3 3895 3864 3976
3 3943 3846 4030
3 3950 4030 3846
3 3951 3914 3856
3 3856 3867 3951
3 3857 3885 3915
3 3937 3936 3868
3 3928 3960 3861
3 3784 3928 3861
3 3809 3842 3929
3 3955 3917 3833
3 3962 3887 3956
3 3888 3956 3887
3 3813 3835 3947
3 3890 3754 3932
3 3939 3932 3754
3 3754 3891 3939
3 3902 3964 3891
3 3816 3966 3965
3 3934 3874 3905
3 3880 4011 3968
3 3746 3957 4011
3 3851 3893 4092
3 3894 4092 3893
3 3935 3942 3881
3 4042 4041 3898
3 4013 3883 3838
3 3944 3913 3982
3 3936 3959 3899
3 3796 3937 3868
3 3952 3937 3796
3 3946 3952 3831
3 3946 3858 4036
3 3979 3928 3784
3 3784 3774 3979
3 3984 3979 3774
3 3953 3809 3929
3 4007 3985 3869
3 3955 3901 3917
3 3964 3902 3971
3 3948 3971 3902
3 3908 3948 3902
3 3968 3967 3880
3 3958 3969 3992
3 3864 3896 3976
3 3865 3925 3897
3 3879 3926 3995
3 4036 3978 3946
3 4054 3869 3916
3 3963 3888 3930
3 3939 3891 4008
3 3964 4008 3891
3 3909 3948 3908
3 3909 3910 3972
3 3933 3972 3910
3 3873 3904 4010
3 3904 3934 4010
3 4003 4020 3911
3 3981 4003 3911
3 3851 3981 3911
3 3958 3941 3804
3 3975 3923 3895
3 4041 3977 3898
3 4013 4042 3883
3 3931 3947 3835
3 3986 3918 3785
3 3785 3889 3986
3 4008 3932 3939
3 3909 3972 3948
3 3892 3903 3973
3 3974 3973 3903
3 4029 3993 3942
3 3913 3927 4032
3 3867 3857 3983
3 3915 3983 3857
3 3889 3999 3986
3 3999 3919 4113
3 3974 3873 3949
3 4010 3949 3873
3 4026 3863 3941
3 3975 3895 3976
3 3896 3912 4028
3 3942 3993 3912
3 3882 3924 3994
3 4043 3951 3867
3 3867 3983 4043
3 3885 3959 3915
3 3937 3952 3945
3 3842 3862 3929
3 3962 3970 3871
3 3931 3918 3998
3 3918 3986 3998
3 3932 4113 3919
3 3933 3940 3987
3 3940 4009 3987
3 4009 3940 3920
3 4056 3988 3965
3 3957 3836 3991
3 4020 3991 3836
3 3941 3958 4026
3 3935 4029 3942
3 4005 4013 3838
3 3995 4005 3879
3 3982 3884 3944
3 3945 3952 4024
3 3952 3946 4014
3 3978 4014 3946
3 3961 3953 3929
3 4112 4007 3869
3 3869 4054 4112
3 3901 3955 4016
3 3970 3955 3871
3 3963 3956 3888
3 3997 3963 3930
3 3930 3947 3997
3 3966 3921 4017
3 4004 3992 3969
3 4032 3982 3913
3 3970 3962 4025
3 3962 3956 4025
3 4113 3932 4063
3 4000 3972 3933
3 3933 3987 4000
3 3934 3905 4066
3 3922 3906 4002
3 3967 3968 3990
3 4019 4011 3957
3 3876 3863 4154
3 3976 3896 4028
3 3912 3993 4028
3 4012 3994 3924
3 3927 4006 4023
3 4014 4024 3952
3 3978 4036 4015
3 3960 3928 4074
3 3953 3984 3900
3 3997 4098 3963
3 4070 3965 3966
3 3966 4017 4070
3 4001 3921 3892
3 3892 3973 4001
3 3989 3973 3974
3 3980 3990 3968
3 3968 4011 3980
3 4092 3981 3851
3 3969 3923 4004
3 3923 3975 4004
3 4058 4021 3976
3 4029 3935 4022
3 3943 4022 3935
3 3882 4177 3950
3 3994 4059 3882
3 3982 3926 3884
3 4023 4032 3927
3 4133 4043 3983
3 3959 4044 3915
3 3959 3936 4069
3 4036 3886 4052
3 3960 4052 3886
3 4016 3916 3901
3 4061 3997 3947
3 4055 4063 3932
3 3932 4008 4055
3 4009 3920 4065
3 3921 4001 4017
3 4019 3957 3991
3 3992 4026 3958
3 3975 3976 4021
3 3943 4030 4022
3 4177 4030 3950
3 3924 3907 4012
3 4106 3995 3926
3 4033 4023 4006
3 4034 4006 3914
3 3936 3937 4108
3 3960 4074 4052
3 4037 3928 3979
3 3979 3984 4037
3 4038 4025 3956
3 3947 3931 4061
3 3998 4061 3931
3 3948 3972 4064
3 3920 3988 4031
3 4001 3973 3989
3 4010 3934 4066
3 4002 3906 4040
3 4040 3906 3967
3 3967 3990 4040
3 4026 3992 4027
3 4028 4058 3976
3 4005 3995 4084
3 4035 3914 3951
3 3983 3915 4133
3 3945 4108 3937
3 3996 3985 4007
3 3963 4038 3956
3 3971 3948 4078
3 3948 4064 4078
3 4031 4065 3920
3 3949 4010 4138
3 4092 3894 4082
3 3876 4082 3894
3 4083 4028 3993
3 3995 4106 4140
3 4045 3959 4069
3 4046 3984 3953
3 3953 3961 4046
3 4053 3961 3929
3 3929 3862 4096
3 3938 4096 3862
3 3938 3954 4097
3 3997 4061 4077
3 4008 3964 4102
3 3964 3971 4102
3 4078 4102 3971
3 4000 3987 4079
3 4071 3989 3974
3 3974 3949 4071
3 3980 4011 4153
3 4082 3876 4129
3 4154 4129 3876
3 3975 4021 4004
3 4117 4004 4021
3 4083 3993 4104
3 4006 4034 4033
3 4043 4035 3951
3 4015 4014 3978
3 4096 4053 3929
3 4047 4097 3954
3 3954 3996 4047
3 4007 4112 4111
3 4016 4054 3916
3 4016 3955 3970
3 4077 4098 3997
3 3986 3999 4100
3 4039 4055 4008
3 4154 3863 4130
3 4026 4130 3863
3 3994 4012 4050
3 4013 4005 4105
3 4085 3926 3982
3 3936 4108 4069
3 4037 4119 3928
3 4095 4046 3961
3 4110 4047 3996
3 4007 4110 3996
3 4062 4100 3999
3 4113 4062 3999
3 4056 4031 3988
3 4070 4056 3965
3 4040 4057 4002
3 4029 4104 3993
3 4050 4059 3994
3 4012 3907 4073
3 3995 4140 4084
3 3926 4085 4106
3 3914 4035 4034
3 4045 4044 3959
3 4074 3928 4119
3 4097 4096 3938
3 4123 4039 4008
3 4102 4123 4008
3 4018 4138 4010
3 4066 4002 4067
3 4048 4040 3990
3 3980 4048 3990
3 4026 4027 4130
3 4144 4027 3992
3 3992 4004 4144
3 4058 4117 4021
3 4022 4030 4132
3 4177 4132 4030
3 3925 3977 4068
3 3977 4041 4068
3 4105 4042 4013
3 4032 4023 4060
3 3984 4046 4037
3 4025 4038 4076
3 4088 3987 4009
3 4009 4065 4088
3 4070 4017 4188
3 4137 4188 4017
3 4066 4018 4010
3 4057 4067 4002
3 4049 4144 4004
3 4004 4156 4049
3 4117 4156 4004
3 4104 4029 4072
3 4073 3907 3897
3 3897 3925 4073
3 4068 4073 3925
3 3982 4032 4060
3 3945 4024 4108
3 4108 4024 4051
3 4024 4014 4051
3 3961 4053 4213
3 4121 4053 4096
3 3970 4025 4076
3 4100 3998 3986
3 4079 3972 4000
3 3987 4088 4114
3 4001 4071 4080
3 4071 3949 4164
3 4138 4164 3949
3 4048 4057 4040
3 4011 4019 4128
3 4115 3991 4020
3 4020 4003 4115
3 3981 4116 4003
3 4117 4058 4167
3 4083 4058 4028
3 4029 4022 4072
3 4041 4042 4268
3 4060 4085 3982
3 4033 4060 4023
3 4014 4015 4094
3 4174 4112 4054
3 4076 4016 3970
3 4077 4061 4099
3 4079 3987 4114
3 4090 4065 4031
3 4031 4056 4090
3 4017 4001 4125
3 4080 4125 4001
3 4066 4183 4018
3 4019 3991 4166
3 4092 4091 3981
3 4083 4104 4189
3 4059 4177 3882
3 4093 4133 3915
3 4109 4014 4094
3 4052 4094 4015
3 4015 4036 4052
3 4037 4046 4075
3 4070 4090 4056
3 4151 4080 4071
3 4057 4048 4081
3 4128 4153 4011
3 4069 4141 4045
3 4213 4095 3961
3 4111 4110 4007
3 4054 4016 4174
3 4086 4076 4038
3 4038 3963 4087
3 4098 4087 3963
3 4100 4162 3998
3 4148 4113 4063
3 4063 4055 4148
3 4101 4055 4039
3 4078 4064 4103
3 4064 3972 4103
3 4079 4103 3972
3 4125 4137 4017
3 4081 4048 4127
3 4048 3980 4127
3 4267 4115 4003
3 4116 4267 4003
3 4027 4144 4130
3 4178 4268 4042
3 4140 4179 4084
3 4043 4133 4035
3 4107 4141 4069
3 4108 4107 4069
3 4075 4119 4037
3 4120 4075 4046
3 4046 4095 4120
3 4221 4213 4053
3 4097 4047 4135
3 4110 4135 4047
3 4038 4087 4086
3 4090 4070 4124
3 4151 4071 4164
3 4057 4081 4203
3 3980 4153 4152
3 4116 3981 4091
3 4050 4159 4059
3 4073 4050 4012
3 4068 4041 4139
3 4105 4178 4042
3 4005 4084 4208
3 4060 4033 4209
3 4221 4053 4121
3 4099 4186 4077
3 4099 4061 3998
3 4101 4122 4055
3 4163 4103 4079
3 4089 4088 4065
3 4188 4124 4070
3 4127 3980 4152
3 4058 4083 4131
3 4189 4131 4083
3 4177 4059 4184
3 4184 4059 4159
3 4118 4073 4068
3 4268 4139 4041
3 4208 4105 4005
3 4179 4208 4084
3 4093 4044 4170
3 4044 4045 4170
3 4141 4170 4045
3 4051 4014 4109
3 4123 4180 4039
3 4065 4090 4089
3 4195 4114 4088
3 4088 4089 4195
3 4145 4089 4090
3 4067 4057 4126
3 4203 4126 4057
3 4049 4156 4147
3 4131 4167 4058
3 4112 4174 4173
3 4016 4076 4222
3 4142 4222 4076
3 4186 4098 4077
3 4062 4225 4100
3 4122 4148 4055
3 4123 4102 4136
3 4102 4078 4149
3 4090 4124 4145
3 4151 4125 4080
3 4166 4128 4019
3 3991 4115 4166
3 4158 4189 4104
3 4104 4072 4158
3 4132 4072 4022
3 4050 4073 4118
3 4140 4106 4168
3 4052 4074 4134
3 4119 4134 4074
3 4192 4120 4095
3 4095 4213 4192
3 4110 4111 4214
3 4193 4214 4111
3 4111 4112 4193
3 4173 4193 4112
3 4187 4099 3998
3 4162 4187 3998
3 4148 4062 4113
3 4114 4163 4079
3 4188 4150 4124
3 4183 4066 4249
3 4146 4249 4066
3 4126 4146 4067
3 4115 4267 4197
3 4091 4309 4116
3 4176 4156 4117
3 4167 4176 4117
3 4169 4277 4133
3 4093 4169 4133
3 4094 4052 4200
3 4096 4097 4172
3 4135 4172 4097
3 4174 4016 4194
3 4086 4142 4076
3 4087 4098 4143
3 4186 4143 4098
3 4225 4162 4100
3 4149 4078 4103
3 4145 4124 4150
3 4081 4127 4165
3 4197 4166 4115
3 4092 4082 4232
3 4233 4232 4082
3 4082 4129 4233
3 4154 4233 4129
3 4118 4159 4050
3 4118 4068 4139
3 4161 4178 4105
3 4170 4169 4093
3 4239 4075 4120
3 4121 4096 4278
3 4172 4278 4096
3 4135 4110 4214
3 4180 4101 4039
3 4149 4136 4102
3 4188 4137 4248
3 4165 4127 4196
3 4232 4091 4092
3 4154 4130 4155
3 4130 4144 4155
3 4204 4155 4144
3 4140 4168 4269
3 4106 4085 4168
3 4107 4108 4260
3 4134 4200 4052
3 4191 4134 4119
3 4119 4075 4191
3 4194 4016 4222
3 4089 4145 4263
3 4138 4202 4164
3 4138 4018 4328
3 4183 4328 4018
3 4152 4196 4127
3 4144 4049 4147
3 4156 4176 4198
3 4131 4189 4157
3 4184 4159 4207
3 4160 4159 4118
3 4105 4208 4161
3 4269 4179 4140
3 4277 4035 4133
3 4170 4141 4171
3 4211 4171 4141
3 4141 4107 4211
3 4190 4051 4109
3 4094 4190 4109
3 4094 4200 4185
3 4263 4195 4089
3 4182 4263 4145
3 4151 4265 4125
3 4151 4164 4229
3 4167 4131 4206
3 4158 4235 4189
3 4158 4072 4243
3 4132 4243 4072
3 4218 4118 4139
3 4139 4268 4218
3 4051 4260 4108
3 4075 4239 4191
3 4172 4135 4262
3 4136 4149 4181
3 4125 4265 4216
3 4229 4265 4151
3 4196 4152 4175
3 4152 4153 4175
3 4153 4128 4175
3 4147 4204 4144
3 4147 4156 4198
3 4206 4205 4167
3 4157 4206 4131
3 4179 4269 4259
3 4174 4194 4272
3 4216 4137 4125
3 4164 4202 4229
3 4165 4288 4081
3 4196 4275 4165
3 4091 4232 4231
3 4205 4176 4167
3 4243 4235 4158
3 4179 4259 4208
3 4219 4085 4060
3 4060 4209 4219
3 4299 4209 4033
3 4299 4033 4034
3 4171 4211 4199
3 4220 4239 4120
3 4192 4220 4120
3 4173 4174 4312
3 4272 4312 4174
3 4240 4142 4086
3 4245 4240 4086
3 4086 4087 4245
3 4223 4245 4087
3 4087 4143 4223
3 4136 4181 4246
3 4216 4248 4137
3 4328 4202 4138
3 4288 4165 4275
3 4303 4233 4154
3 4154 4155 4303
3 4184 4207 4340
3 4237 4207 4159
3 4159 4160 4237
3 4218 4160 4118
3 4034 4035 4210
3 4171 4238 4170
3 4260 4211 4107
3 4251 4051 4190
3 4148 4215 4062
3 4148 4122 4226
3 4286 4253 4101
3 4101 4180 4286
3 4123 4136 4254
3 4246 4254 4136
3 4163 4114 4287
3 4150 4182 4145
3 4126 4242 4146
3 4257 4175 4128
3 4128 4166 4257
3 4198 4176 4205
3 4132 4177 4236
3 4290 4168 4085
3 4219 4290 4085
3 4250 4169 4170
3 4170 4238 4250
3 4171 4199 4238
3 4200 4212 4185
3 4312 4193 4173
3 4143 4186 4224
3 4306 4224 4186
3 4186 4099 4306
3 4162 4201 4187
3 4215 4225 4062
3 4114 4195 4287
3 4150 4188 4248
3 4166 4197 4230
3 4204 4147 4296
3 4157 4189 4217
3 4177 4184 4340
3 4210 4299 4034
3 4213 4221 4351
3 4193 4312 4364
3 4272 4194 4324
3 4222 4324 4194
3 4241 4306 4099
3 4187 4241 4099
3 4215 4148 4226
3 4253 4122 4101
3 4254 4286 4180
3 4180 4123 4254
3 4287 4195 4247
3 4263 4247 4195
3 4328 4183 9674
3 4249 9674 4183
3 4203 4081 4266
3 4288 4266 4081
3 4230 4257 4166
3 4233 4303 4338
3 4217 4189 4234
3 4268 4178 4280
3 4178 4161 4280
3 4281 4161 4208
3 4209 4299 4291
3 4199 4211 4283
3 4185 4190 4094
3 4274 4253 4286
3 4103 4163 4227
3 4182 4150 4255
3 4228 4264 4150
3 4150 4248 4228
3 4198 4296 4147
3 4235 4234 4189
3 4291 4219 4209
3 4283 4238 4199
3 4260 4051 4251
3 4261 4134 4191
3 4191 4239 4261
3 4351 4192 4213
3 4271 4221 4121
3 4278 4271 4121
3 4364 4214 4193
3 4222 4142 4244
3 4201 4241 4187
3 4225 4215 4273
3 4246 4181 4294
3 4103 4181 4149
3 4218 4268 4310
3 4319 4310 4268
3 4208 4259 4281
3 4277 4210 4035
3 4185 4212 4322
3 4134 4212 4200
3 4312 4272 4301
3 4253 4226 4122
3 4263 4182 4295
3 4255 4150 4264
3 4275 4196 4256
3 4309 4091 4231
3 4155 4204 4303
3 4296 4303 4204
3 4298 4205 4206
3 4206 4217 4298
3 4243 4339 4235
3 4342 4269 4168
3 4277 4169 4317
3 4283 4250 4238
3 4283 4211 4260
3 4284 4261 4239
3 4300 4239 4220
3 4262 4135 4252
3 4135 4214 4252
3 4214 4364 4252
3 4240 4244 4142
3 4143 4224 4285
3 4288 4275 4378
3 4232 4233 4318
3 4297 4296 4198
3 4258 4198 4205
3 4234 4235 4304
3 4299 4210 4270
3 4169 4250 9588
3 4190 4185 4321
3 4185 4322 4321
3 4279 4228 4248
3 4279 4248 4216
3 4394 4203 4266
3 4302 4230 4197
3 4243 4132 4236
3 4236 4177 4340
3 4282 4290 4219
3 4169 9588 4317
3 4278 4172 4371
3 4262 4371 4172
3 4240 4245 4372
3 4162 4225 4273
3 4227 4163 4360
3 4163 4287 4360
3 4295 4182 4255
3 4126 4203 4394
3 4338 4318 4233
3 4303 4296 4289
3 4298 4217 4276
3 4217 4234 4276
3 4269 4342 4347
3 4348 4168 4290
3 4251 4333 4260
3 4321 4251 4190
3 4300 4284 4239
3 4306 4373 4224
3 4227 4181 4103
3 4287 4247 4307
3 4247 4263 4295
3 4308 4216 4265
3 4229 4308 4265
3 4231 4232 4318
3 4198 4258 4297
3 4205 4298 4258
3 4268 4280 4319
3 4311 4270 4210
3 4260 4320 4283
3 4212 4134 4344
3 4351 4221 4387
3 4271 4387 4221
3 4293 4324 4222
3 4222 4244 4293
3 4372 4244 4240
3 4201 4162 4273
3 4253 4274 4359
3 4181 4227 4313
3 4327 4279 4216
3 4242 4126 4361
3 4394 4361 4126
3 4230 4302 4337
3 4197 4267 4302
3 4345 4289 4296
3 4236 4339 4243
3 4277 4317 4349
3 4292 9588 4250
3 4250 4283 4292
3 4333 4320 4260
3 4192 4300 4220
3 4271 4278 4336
3 4371 4336 4278
3 4371 4262 4412
3 4372 4366 4244
3 4223 4143 4285
3 4359 4226 4253
3 4376 4255 4264
3 4328 9674 9673
3 4288 4329 4266
3 4267 4116 4330
3 4316 4297 4258
3 4346 4237 4160
3 4281 4280 4161
3 4259 4269 4357
3 4348 4342 4168
3 4409 4348 4290
3 4192 4351 4335
3 4412 4262 4392
3 4252 4392 4262
3 4312 4301 4365
3 4224 4373 4393
3 4201 4431 4241
3 4360 4374 4227
3 4287 4307 4360
3 4216 4308 9578
3 4329 4288 4395
3 4378 4395 4288
3 4337 4175 4257
3 4257 4230 4337
3 4276 4234 4304
3 4341 4346 4310
3 4391 4319 4280
3 4281 4259 4357
3 4347 4357 4269
3 4290 4282 4409
3 4305 4282 4219
3 4219 4291 4305
3 4291 4299 4383
3 4210 4277 4311
3 4386 4251 4321
3 4273 4215 4325
3 4215 4226 4456
3 4359 4274 4389
3 4246 4294 4390
3 4307 4247 4375
3 4295 4375 4247
3 4279 4327 4326
3 4361 9675 4242
3 4329 4394 4266
3 4256 4378 4275
3 4330 4302 4267
3 4116 4309 4330
3 4296 4297 4345
3 4207 4237 4356
3 4280 4281 4489
3 4291 4383 4305
3 4270 4383 4299
3 4277 4349 4311
3 4411 4317 9588
3 4261 4284 4402
3 4284 4300 4363
3 4366 4293 4244
3 4285 4224 4393
3 4286 4254 4369
3 4398 4369 4254
3 4246 4398 4254
3 4294 4181 4433
3 4313 4433 4181
3 4227 4374 4314
3 4264 4228 4376
3 4279 4326 9598
3 9578 4327 4216
3 4229 4202 4315
3 4378 4256 4370
3 4422 4309 4231
3 4298 4276 4331
3 4304 4331 4276
3 4304 4235 4339
3 4489 4391 4280
3 4251 4334 4333
3 4134 4261 4344
3 4261 4402 4344
3 4245 4223 4388
3 4285 4388 4223
3 4241 4373 4306
3 4456 4325 4215
3 4313 4227 4314
3 4255 4376 4352
3 4315 9578 4308
3 4308 4229 4315
3 4422 4330 4309
3 4486 4422 4231
3 4319 4341 4310
3 4282 4305 4332
3 4317 4411 4349
3 4363 4192 4335
3 4226 4359 4456
3 4448 4274 4286
3 4369 4448 4286
3 4315 4202 4439
3 4328 4439 4202
3 4196 4370 4256
3 4302 4330 4353
3 4338 4303 4289
3 4297 4316 4345
3 4416 4316 4258
3 4258 4298 4416
3 4331 4416 4298
3 4343 9588 4292
3 4386 4334 4251
3 4323 4402 4284
3 4364 4392 4252
3 4366 4372 4367
3 4388 4372 4245
3 4398 4246 4390
3 9673 4439 4328
3 4353 4337 4302
3 4318 4338 4379
3 4331 4304 4401
3 4304 4339 4362
3 4380 4339 4236
3 4340 4207 4356
3 4332 4409 4282
3 4411 9588 4343
3 4320 4333 4385
3 4212 4397 4322
3 4363 4323 4284
3 4192 4363 4300
3 4365 4364 4312
3 4393 4368 4285
3 4455 4201 4273
3 4273 4325 4455
3 4352 4375 4295
3 4295 4255 4352
3 4327 9578 4437
3 4421 4353 4330
3 4318 4441 4231
3 4345 4400 4289
3 4416 4331 4355
3 4331 4401 4355
3 4445 4281 4357
3 4270 4311 4417
3 4335 4351 4429
3 4271 4336 4387
3 4372 4388 4430
3 4360 4307 4375
3 4437 4326 4327
3 4353 4399 4337
3 4231 4441 4486
3 4338 4289 4379
3 4345 4316 4396
3 4362 4401 4304
3 4380 4362 4339
3 4425 4356 4237
3 4237 4346 4425
3 4386 4321 4350
3 4321 4322 4397
3 4397 4212 4344
3 4324 4293 4272
3 4352 4376 4435
3 4377 4437 9578
3 4439 9673 9676
3 4395 4449 4329
3 4370 4196 4406
3 4196 4175 4406
3 4354 4421 4330
3 4400 4379 4289
3 4345 4396 4400
3 4316 4408 4396
3 4340 4381 4236
3 4346 4341 4425
3 4334 4385 4333
3 4351 4387 4358
3 4387 4336 4468
3 4431 4373 4241
3 4175 4337 4406
3 4380 4236 4381
3 4342 4348 4382
3 4270 4417 4383
3 4349 4417 4311
3 4397 4350 4321
3 4412 4392 4403
3 4457 4456 4359
3 4359 4389 4457
3 4390 4294 4433
3 4374 4360 4420
3 4435 4376 4404
3 9675 4361 4405
3 4440 4415 4378
3 4370 4440 4378
3 4330 4422 4354
3 4316 4416 4408
3 4391 4341 4319
3 4348 4409 4382
3 4384 4411 4343
3 4397 4344 4478
3 4367 4419 4366
3 4389 4274 4432
3 4337 4399 4406
3 4441 4318 4450
3 4407 4450 4318
3 4380 4424 4362
3 4381 4488 4380
3 4356 4425 4498
3 4347 4342 4382
3 4351 4358 4429
3 4447 4392 4364
3 4375 4352 4434
3 4376 9562 4404
3 9598 4326 9562
3 4394 4405 4361
3 4395 4378 4461
3 4415 4461 4378
3 4379 4407 4318
3 4400 4423 4379
3 4488 4424 4380
3 4340 4356 4381
3 4498 4381 4356
3 4382 4357 4347
3 4349 4411 4477
3 4385 4334 4427
3 4344 4402 4428
3 4358 4387 4468
3 4364 4365 4447
3 4502 4419 4367
3 4430 4388 4504
3 4285 4504 4388
3 4360 4375 4434
3 4437 4377 4459
3 4405 4394 4482
3 4482 4394 4329
3 4449 4482 4329
3 4407 4379 4462
3 4423 4462 4379
3 4400 4396 4442
3 4362 4444 4401
3 4474 4341 4391
3 4349 4477 4417
3 4344 4428 4478
3 4363 4335 4418
3 4430 4367 4372
3 4368 4504 4285
3 4373 4521 4393
3 4435 4434 4352
3 4326 4437 9562
3 4377 4315 4459
3 4315 4439 4438
3 4449 4395 4461
3 4396 4408 4442
3 4443 4416 4355
3 4355 4401 4443
3 4445 4489 4281
3 4410 4409 4332
3 4332 4305 4410
3 4446 4410 4305
3 4305 4383 4446
3 4334 4386 4465
3 4323 4467 4402
3 4363 4467 4323
3 4336 4371 4469
3 4519 4469 4371
3 4371 4412 4519
3 4452 4301 4272
3 4430 4502 4367
3 4368 4393 4521
3 4431 4201 4413
3 4455 4413 4201
3 4414 4432 4274
3 4274 4448 4414
3 4433 4313 4495
3 4314 4495 4313
3 4374 4420 4314
3 4434 4420 4360
3 4438 4459 4315
3 4408 4416 4487
3 4391 4489 4474
3 4427 4426 4385
3 4465 4386 4350
3 4350 4397 4451
3 4335 4429 4418
3 4468 4336 4469
3 4392 4447 4403
3 4272 4293 4452
3 4504 4453 4430
3 4522 4457 4389
3 4389 4432 4522
3 4399 4353 4421
3 4442 4423 4400
3 4563 4444 4362
3 4424 4563 4362
3 4410 4382 4409
3 4500 4477 4411
3 4411 4384 4500
3 4479 4467 4363
3 4363 4418 4479
3 4403 4519 4412
3 4521 4373 4505
3 4431 4505 4373
3 4435 4404 4436
3 9562 4437 4458
3 4422 4513 4354
3 4443 4401 4444
3 4489 4445 4539
3 4490 4445 4357
3 4490 4357 4382
3 4410 4463 4382
3 4427 4334 4465
3 4402 4467 4466
3 4418 4429 4518
3 4520 4452 4293
3 4521 4480 4368
3 4413 4454 4431
3 4544 4420 4434
3 4458 4436 4404
3 4497 4439 9595
3 4370 4406 4483
3 4399 4483 4406
3 4513 4421 4354
3 4515 4407 4462
3 4408 4487 4442
3 4425 4341 4474
3 4463 4490 4382
3 4465 4464 4427
3 4465 4350 4451
3 4466 4501 4428
3 4428 4402 4466
3 4504 4368 4480
3 4454 4505 4431
3 4612 4522 4432
3 4432 4414 4612
3 4390 4433 4506
3 4495 4506 4433
3 4459 4438 4509
3 4497 4509 4438
3 4438 4439 4497
3 4484 4483 4399
3 4399 4421 4484
3 4485 4484 4421
3 4486 4441 4514
3 4441 4450 4514
3 4450 4407 4515
3 4423 4442 4526
3 4416 4443 4487
3 4381 4498 4472
3 4473 4498 4425
3 4477 4491 4417
3 4493 4500 4384
3 4426 4427 4464
3 4403 4470 4519
3 4494 4447 4365
3 4365 4301 4494
3 4582 4414 4448
3 4369 4398 4533
3 4398 4390 4533
3 4544 4314 4420
3 4496 4545 4435
3 4435 4436 4496
3 4458 4437 4523
3 4482 4460 4405
3 4440 4370 4483
3 4513 4485 4421
3 4422 4486 4513
3 4410 4446 4475
3 4446 4383 4476
3 4478 4529 4397
3 4501 4478 4428
3 4559 4479 4418
3 4418 4518 4559
3 4551 4518 4429
3 4429 4358 4551
3 4531 4301 4452
3 4457 4522 4552
3 4506 4533 4390
3 4544 4481 4314
3 4523 4507 4458
3 4437 4459 4523
3 4509 4508 4459
3 4471 4415 4440
3 4483 4471 4440
3 4462 4423 4526
3 4546 4526 4442
3 4488 4381 4472
3 4474 4473 4425
3 4445 4490 4539
3 4499 4476 4383
3 4383 4417 4499
3 4417 4491 4499
3 4477 4500 4492
3 4464 4493 4426
3 4464 4465 4541
3 4465 4451 4529
3 4358 4468 4551
3 4452 4520 4572
3 4520 4293 4366
3 4366 4419 4520
3 4532 4520 4419
3 4502 4532 4419
3 4453 4502 4430
3 4456 4599 4325
3 4436 4458 4534
3 4507 4534 4458
3 4508 4523 4459
3 4482 4449 4511
3 4461 4511 4449
3 4461 4415 4471
3 4513 4486 4525
3 4442 4487 4537
3 4538 4487 4443
3 4444 4538 4443
3 4563 4556 4444
3 4539 4474 4489
3 4410 4517 4463
3 4475 4517 4410
3 4476 4475 4446
3 4491 4477 4492
3 4397 4529 4451
3 4529 4478 4501
3 4466 4467 4549
3 4531 4494 4301
3 4453 4503 4502
3 4543 4453 4504
3 4413 4455 4598
3 4455 4325 4599
3 4599 4456 4552
3 4456 4457 4552
3 4545 4544 4434
3 4434 4435 4545
3 4497 4460 4510
3 4482 4510 4460
3 4471 4511 4461
3 4471 4483 4512
3 4536 4512 4483
3 4483 4484 4536
3 4484 4485 4536
3 4486 4514 4525
3 4515 4514 4450
3 4546 4442 4537
3 4556 4538 4444
3 4472 4564 4488
3 4473 4527 4498
3 4474 4539 4567
3 4463 4517 4490
3 4465 4529 4541
3 4466 4549 4501
3 4531 4452 4572
3 4543 4503 4453
3 4509 4497 4524
3 4485 4513 4554
3 4487 4538 4537
3 4516 4539 4490
3 4517 4516 4490
3 4499 4491 4528
3 4492 4528 4491
3 4558 4492 4500
3 4493 4558 4500
3 4580 4468 4469
3 4469 4519 4580
3 4519 4470 4530
3 4447 4494 4609
3 4532 4502 4503
3 4504 4480 4543
3 4480 4521 4543
3 4414 4582 4612
3 4614 4314 4481
3 4508 4509 4535
3 4524 4535 4509
3 4497 4510 4524
3 4511 4510 4482
3 4511 4471 4512
3 4554 4536 4485
3 4557 4563 4424
3 4424 4488 4564
3 4498 4565 4472
3 4473 4474 4567
3 4493 4464 4568
3 4519 4530 4580
3 4505 4543 4521
3 4369 4533 4596
3 4506 4495 4600
3 4545 4597 4544
3 4436 4534 4496
3 4616 4507 4523
3 4553 4524 4510
3 4511 4553 4510
3 4513 4525 4554
3 4525 4514 4585
3 4515 4585 4514
3 4564 4557 4424
3 4527 4565 4498
3 4516 4575 4539
3 4517 4475 4548
3 4476 4655 4475
3 4476 4499 4576
3 4528 4576 4499
3 4568 4558 4493
3 4464 4541 4540
3 4529 4501 4570
3 4403 4447 4609
3 4542 4532 4503
3 4455 4599 4598
3 4596 4533 4583
3 4506 4583 4533
3 4600 4583 4506
3 4534 4507 4602
3 4523 4508 4643
3 4535 4643 4508
3 4585 4554 4525
3 4546 4537 4547
3 4537 4538 4562
3 4565 4564 4472
3 4567 4527 4473
3 4576 4655 4476
3 4528 4492 4577
3 4540 4568 4464
3 4569 4540 4541
3 4541 4529 4569
3 4529 4570 4569
3 4578 4501 4549
3 4549 4467 4550
3 4467 4479 4550
3 4559 4550 4479
3 4560 4551 4468
3 4468 4580 4560
3 4573 4532 4542
3 4542 4543 4561
3 4505 4561 4543
3 4448 4369 4596
3 4495 4314 4614
3 4597 4481 4544
3 4534 4602 4496
3 4616 4602 4507
3 4523 4643 4616
3 4536 4626 4512
3 4586 4515 4462
3 4555 4586 4462
3 4526 4555 4462
3 4526 4546 4555
3 4547 4555 4546
3 4627 4547 4537
3 4556 4562 4538
3 4567 4539 4575
3 4548 4621 4517
3 4577 4576 4528
3 4558 4577 4492
3 4559 4518 4571
3 4551 4571 4518
3 4403 4592 4470
3 4573 4520 4532
3 4561 4594 4542
3 4582 4448 4596
3 4601 4545 4496
3 4511 4512 4584
3 4603 4626 4536
3 4646 4603 4536
3 4536 4554 4646
3 4585 4515 4669
3 4669 4515 4586
3 4537 4562 4627
3 4556 4563 4588
3 4563 4557 4588
3 4516 4517 4620
3 4517 4621 4620
3 4655 4548 4475
3 4570 4501 4578
3 4590 4578 4549
3 4549 4550 4590
3 4571 4579 4559
3 4551 4560 4571
3 4592 4530 4470
3 4593 4572 4520
3 4520 4573 4593
3 4505 4581 4561
3 4598 4454 4413
3 4610 4552 4522
3 4614 4600 4495
3 4597 4614 4481
3 4601 4615 4545
3 4496 4602 4601
3 4535 4524 4617
3 4553 4624 4524
3 4626 4584 4512
3 4554 4585 4668
3 4555 4547 4574
3 4547 4627 4574
3 4588 4627 4562
3 4562 4556 4588
3 4604 4588 4557
3 4604 4557 4564
3 4564 4565 4605
3 4565 4527 4606
3 4566 4527 4567
3 4631 4566 4567
3 4567 4575 4631
3 4540 4607 4568
3 4579 4590 4550
3 4571 4560 4591
3 4560 4580 4591
3 4609 4592 4403
3 4542 4594 4573
3 4594 4561 4595
3 4612 4610 4522
3 4597 4545 4615
3 4617 4524 4624
3 4667 4645 4553
3 4553 4511 4667
3 4511 4584 4667
3 4586 4555 4587
3 4574 4587 4555
3 4605 4604 4564
3 4566 4606 4527
3 4575 4516 4648
3 4516 4620 4648
3 4558 4568 4607
3 4578 4590 4589
3 4530 4591 4580
3 9713 4595 4561
3 4561 4581 9713
3 4454 4581 4505
3 4646 4554 4668
3 4618 4668 4585
3 4585 4669 4618
3 4683 4627 4588
3 4604 4683 4588
3 4606 4605 4565
3 4566 4631 4630
3 4540 4569 4649
3 4569 4570 4656
3 4589 4570 4578
3 4651 4590 4579
3 4579 9597 4651
3 9714 9597 4591
3 4608 9714 4591
3 4591 4530 4608
3 4530 4592 4608
3 4635 4573 4594
3 4594 4595 4635
3 4613 4582 4596
3 4596 4583 4613
3 4614 4597 4676
3 4661 4602 4616
3 9713 4581 4454
3 4610 4612 4611
3 4583 4600 4642
3 4600 4614 4642
3 4615 4676 4597
3 4636 4615 4601
3 4601 4602 4636
3 4643 4535 4617
3 4624 4553 4645
3 4625 4667 4584
3 4584 4626 4625
3 4619 4587 4574
3 4574 4627 4619
3 4605 4683 4604
3 4605 4606 4628
3 4629 4628 4606
3 4606 4566 4629
3 4631 4575 4632
3 4647 4632 4575
3 4575 4648 4647
3 4621 4654 4620
3 4670 4655 4576
3 4576 4577 4670
3 4590 4650 4589
3 4608 4592 4622
3 4592 4609 4622
3 4623 4622 4609
3 4609 4494 4623
3 4494 4531 4623
3 4572 4623 4531
3 4637 4638 4679
3 9713 4454 9711
3 4640 9711 4454
3 4454 4598 4640
3 4599 4552 4659
3 4552 4610 4659
3 4610 4611 4659
3 4582 4613 9586
3 4676 4642 4614
3 4616 4643 4661
3 4587 4619 4682
3 4628 4720 4605
3 4577 4558 4684
3 4649 4607 4540
3 4649 4569 4656
3 4589 4656 4570
3 4697 4651 9597
3 4633 4697 9597
3 9597 9714 4633
3 4652 4633 9714
3 4622 4623 9712
3 4623 4572 4634
3 4593 4634 4572
3 4617 4624 4787
3 4644 4787 4624
3 4624 4645 4644
3 4626 4603 4625
3 4646 4625 4603
3 4682 4619 4735
3 4683 4619 4627
3 4720 4683 4605
3 4566 4630 4653
3 4631 4632 4630
3 4654 4648 4620
3 4577 4684 4693
3 4558 4607 4684
3 4738 4684 4607
3 4694 4738 4607
3 4651 4650 4590
3 4640 4598 4658
3 4660 4659 4611
3 4611 9586 4660
3 9586 4613 4641
3 4642 4641 4613
3 4613 4583 4642
3 4676 4615 4725
3 4677 4638 4637
3 4662 4677 4637
3 4665 9992 4680
3 4677 4701 4638
3 4639 4679 4687
3 4598 4599 4658
3 4659 4658 4599
3 4636 4725 4615
3 4661 4636 4602
3 4661 4643 4666
3 4691 4666 4643
3 4643 4617 4691
3 4787 4691 4617
3 4667 4625 4681
3 4618 4669 4795
3 4629 4566 4653
3 4655 4692 4548
3 4670 4577 4693
3 4649 4694 4607
3 4656 4739 4649
3 4671 4633 4652
3 4666 4699 4661
3 4625 4646 4705
3 4719 4705 4646
3 4646 4668 4719
3 4632 4647 4789
3 4621 4548 4721
3 4692 4721 4548
3 4722 4692 4655
3 4670 4722 4655
3 4670 4693 4737
3 4739 4656 4707
3 4695 4650 4651
3 4651 4697 4696
3 4672 4671 4652
3 9720 4658 4741
3 4674 4741 4658
3 4658 4659 4674
3 4675 4674 4659
3 4659 4660 4675
3 4641 4675 4660
3 4636 4661 4699
3 4701 9696 4638
3 4690 4677 4662
3 4662 4663 4690
3 4727 4690 4663
3 4678 4663 4662
3 4704 9992 4665
3 4667 4681 4733
3 4705 4681 4625
3 4669 4586 4795
3 4619 4683 4736
3 4632 4789 4630
3 4648 4654 4706
3 4654 4621 4721
3 4739 4694 4649
3 4767 4707 4656
3 4589 4767 4656
3 4696 4695 4651
3 4671 4672 4709
3 4672 9717 4751
3 9717 4673 4751
3 4685 4751 4673
3 4710 4685 4673
3 4673 4657 4710
3 4784 4710 4657
3 4657 9720 4784
3 4711 4784 9720
3 9720 4741 4711
3 4741 4674 4686
3 4698 4686 4674
3 4674 4675 4698
3 4675 4641 4724
3 4642 4724 4641
3 4642 4676 4724
3 4676 4712 4786
3 4676 4725 4712
3 4699 4753 4636
3 4801 4727 4663
3 4678 4779 4663
3 4687 4702 4639
3 4728 4687 4679
3 4679 4703 4728
3 4664 4716 4680
3 4704 4777 9992
3 4644 4645 4732
3 4788 4732 4645
3 4681 4705 4718
3 4587 4795 4586
3 4807 4587 4682
3 4628 4629 4758
3 4789 4653 4630
3 4706 4647 4648
3 4723 4693 4684
3 4684 4738 4749
3 4694 4739 4766
3 4797 4767 4589
3 4589 4650 4797
3 4750 4696 4697
3 4708 4697 4633
3 4753 4725 4636
3 4703 4715 4780
3 4680 4716 9998
3 4717 9989 4688
3 4772 4717 4688
3 4688 10000 4772
3 4726 4689 4713
3 4714 4713 4689
3 9696 4701 4714
3 4787 4644 4755
3 4667 4788 4645
3 4734 4705 4719
3 4719 4668 4756
3 4668 4618 4756
3 4807 4682 4735
3 4736 4735 4619
3 4796 4720 4628
3 4758 4796 4628
3 4629 4653 4758
3 4654 4721 4759
3 4721 4692 4828
3 4722 4670 4737
3 4723 4737 4693
3 4695 4797 4650
3 4633 4671 4708
3 4709 4708 4671
3 4751 4740 4672
3 4710 4752 4685
3 4799 4714 4701
3 4701 4742 4799
3 4677 4690 4742
3 4728 4746 4687
3 4703 4780 4728
3 4780 4715 4743
3 4839 4704 4665
3 4718 4733 4681
3 4794 4618 4795
3 4794 4795 4855
3 4683 4720 4796
3 4706 4809 4647
3 4849 4706 4654
3 4790 4849 4654
3 4748 4723 4684
3 4766 4738 4694
3 4707 4830 4739
3 4740 4709 4672
3 4783 4752 4710
3 4710 4784 4783
3 4686 4698 4768
3 4698 4675 4785
3 4785 4675 4724
3 4724 4676 4786
3 4699 4666 4769
3 4713 4714 4764
3 4742 4690 4765
3 4690 4727 4765
3 4779 4801 4663
3 4717 4772 4850
3 4772 10000 4774
3 10000 4745 4774
3 4700 4726 4747
3 4691 4769 4666
3 4733 4788 4667
3 4756 4734 4719
3 4796 4736 4683
3 4722 4737 9567
3 4723 4748 4859
3 4684 4749 4748
3 4843 4749 4738
3 4708 4750 4697
3 4751 4685 4752
3 4698 4785 4768
3 4712 4725 4786
3 4753 4699 4754
3 4778 4765 4727
3 4802 4801 4779
3 4702 4687 4818
3 4746 4818 4687
3 4804 4715 4729
3 4729 9695 4804
3 4747 4804 9695
3 9695 4700 4747
3 4747 4726 4763
3 4730 9988 4776
3 4760 4744 9989
3 9989 4717 4760
3 4850 4760 4717
3 4731 9995 4762
3 4733 4718 4824
3 4618 4757 4756
3 4807 4735 4826
3 4735 4736 4856
3 4737 4723 4811
3 4738 4766 4843
3 4812 4830 4707
3 4707 4767 4812
3 4695 4696 4831
3 4708 4709 4928
3 4844 4709 4740
3 4711 4741 4686
3 4785 4724 4815
3 4786 4815 4724
3 4769 4754 4699
3 4799 4764 4714
3 4765 4799 4742
3 4818 4817 4702
3 4780 4743 4887
3 4715 4837 4743
3 4760 4771 4744
3 4745 9990 4775
3 4791 4775 9990
3 4761 9993 4792
3 4731 4762 4776
3 4777 4762 9995
3 9991 4839 4665
3 4778 4727 4816
3 4779 4678 4835
3 4678 4702 4835
3 4817 4835 4702
3 4818 4746 4875
3 4728 4875 4746
3 4803 4837 4715
3 4804 4803 4715
3 4804 4747 4781
3 4748 4749 4884
3 4830 4766 4739
3 4797 4695 4813
3 4750 4831 4696
3 4709 4844 4928
3 4740 4751 4782
3 4751 4752 4782
3 4784 4711 4885
3 4768 4798 4686
3 4872 4786 4725
3 4725 4753 4872
3 4755 4732 4846
3 4793 4824 4718
3 4718 4705 4825
3 4705 4734 4825
3 4881 4795 4587
3 4736 4796 4857
3 4653 4986 4758
3 4647 4809 4789
3 4706 4849 4927
3 4759 4790 4654
3 4759 4721 4828
3 4692 4722 4810
3 4819 9986 4716
3 4771 4820 4744
3 4773 4772 4774
3 4774 4745 4880
3 4792 4791 4761
3 4776 10001 4730
3 4800 4799 4765
3 4801 4816 4727
3 4801 4802 4834
3 4743 4837 4836
3 4883 4737 4811
3 4749 4843 4884
3 4767 4797 4869
3 4831 4750 4916
3 4686 4832 4711
3 4872 4753 4905
3 4753 4754 4905
3 4754 4769 4845
3 4769 4691 4912
3 4691 4787 4912
3 4718 4825 4793
3 4794 4757 4618
3 4807 4881 4587
3 4856 4826 4735
3 4857 4856 4736
3 4828 4692 4829
3 4819 4716 4805
3 4770 4744 4805
3 4850 4772 4908
3 4772 4773 4908
3 4880 4773 4774
3 4745 4775 4880
3 10001 4776 4852
3 4776 4762 4852
3 4704 4853 4777
3 9991 4911 4839
3 4763 4713 4840
3 4713 4764 4840
3 4764 4799 4800
3 4778 4863 4765
3 4887 4728 4780
3 4781 4803 4804
3 4723 4859 4811
3 4812 4867 4830
3 4869 4812 4767
3 4900 4813 4695
3 4831 4900 4695
3 4945 4916 4750
3 4750 4708 4945
3 4740 4814 4844
3 4740 4782 4814
3 4901 4782 4752
3 4870 4752 4783
3 4885 4870 4783
3 4783 4784 4885
3 4885 4711 4832
3 4686 4798 4832
3 4833 4798 4768
3 4768 4785 4833
3 4815 4833 4785
3 4787 4755 4912
3 4824 4788 4733
3 4848 4734 4756
3 4848 4756 4757
3 4827 4796 4986
3 4796 4758 4986
3 4653 4789 4866
3 4809 4808 4789
3 4829 4692 4810
3 4716 4770 4805
3 4820 4805 4744
3 4760 4821 4771
3 4889 4775 4791
3 4792 10001 4822
3 4852 4762 4823
3 4777 4823 4762
3 4912 4755 4846
3 4894 4757 4794
3 4882 4807 4826
3 4895 4882 4826
3 4827 4857 4796
3 4866 4986 4653
3 4808 4866 4789
3 4914 4810 4722
3 4843 4766 4860
3 4766 4830 4860
3 4797 4813 4869
3 4975 4945 4708
3 4708 4928 4975
3 4870 4901 4752
3 4871 4815 4786
3 4872 4905 4904
3 4816 4801 4841
3 4801 4834 4841
3 4835 4802 4779
3 4836 4887 4743
3 4877 4803 4781
3 4821 4879 4771
3 4760 4850 4888
3 4791 4792 4851
3 4852 4822 10001
3 4852 4823 4838
3 4777 4853 4823
3 4853 4704 4839
3 4806 4788 4847
3 4865 4847 4788
3 4893 4824 4793
3 4793 4825 4893
3 4940 4848 4757
3 4757 4894 4941
3 4794 4855 4894
3 4882 4881 4807
3 4858 4849 4790
3 4899 4869 4813
3 5025 4900 4831
3 4861 4798 4833
3 4903 4833 4815
3 4786 4862 4871
3 4862 4786 4872
3 4892 4905 4754
3 4754 4845 4892
3 4765 4863 4800
3 4875 4728 4876
3 4887 4876 4728
3 4837 4803 4842
3 4879 4820 4771
3 4851 4889 4791
3 4822 4890 4792
3 4769 4912 4854
3 4788 4824 4865
3 4848 4825 4734
3 4896 4895 4826
3 4856 4896 4826
3 4827 4986 4926
3 4913 4927 4849
3 5021 4858 4790
3 4759 5021 4790
3 4829 4943 4828
3 4722 9567 4914
3 4897 4914 9567
3 4900 4899 4813
3 4916 5025 4831
3 4832 4798 4955
3 4886 4955 4798
3 4903 4861 4833
3 4845 4769 4854
3 4840 4918 4763
3 4873 4840 4764
3 4863 4932 4800
3 4778 4816 4863
3 4817 4818 4992
3 4818 4875 4992
3 4836 4837 4906
3 4819 4805 4907
3 4888 4821 4760
3 4851 4792 4890
3 4853 4839 4891
3 4864 4874 4816
3 4816 4841 4864
3 4842 4803 4963
3 4877 4963 4803
3 4883 4811 4915
3 5024 4811 4859
3 4884 4859 4748
3 4860 4987 4843
3 4944 4812 4869
3 5026 4928 4844
3 4844 4814 4976
3 4929 4870 4885
3 4861 4886 4798
3 4990 4903 4815
3 4871 4990 4815
3 4946 4892 4845
3 4845 4854 4946
3 4855 4795 4985
3 5073 4866 4808
3 4913 4849 4858
3 4828 4943 4759
3 4994 4878 4819
3 4805 4820 4907
3 4879 4821 4965
3 4880 4950 4773
3 4822 4852 4910
3 4823 4853 4939
3 4890 4822 4952
3 4938 4910 4852
3 4852 4838 4938
3 4838 4823 4939
3 4839 4911 4891
3 4912 4846 5007
3 4824 4893 4924
3 4972 4985 4795
3 4795 4881 4972
3 4827 4974 4857
3 5073 4808 4809
3 4943 5021 4759
3 4987 4884 4843
3 4830 4867 4860
3 4868 4812 5044
3 4814 4782 5045
3 4930 4902 4832
3 4957 4871 4862
3 4872 4957 4862
3 4764 4800 4873
3 4863 4816 4874
3 4864 4841 4934
3 4802 4835 4936
3 4887 4836 4919
3 4842 4906 4837
3 4994 4819 4907
3 4965 4964 4879
3 4950 4908 4773
3 4824 4924 4865
3 4825 4848 4940
3 4757 4941 4940
3 4941 4894 4954
3 4985 4954 4855
3 4857 4973 4856
3 4986 4866 5095
3 5073 5095 4866
3 4883 4898 4897
3 4867 4812 4868
3 4899 4944 4869
3 4976 5026 4844
3 5045 4976 4814
3 4782 4901 5045
3 4902 4885 4832
3 4955 4930 4832
3 4956 4886 4861
3 4905 4892 4923
3 4978 4840 4873
3 4873 4800 4932
3 4835 4817 4936
3 4876 4961 4875
3 4781 4937 4877
3 4820 4921 4907
3 4820 4879 4995
3 4964 4995 4879
3 4851 4890 4909
3 4910 4952 4822
3 4853 4891 4939
3 4946 4854 4947
3 4825 4940 4925
3 4894 4855 4954
3 4882 4972 4881
3 4706 4927 4809
3 4944 5044 4812
3 4901 4870 4988
3 5082 4929 4885
3 4885 4902 5082
3 4956 4861 4903
3 4873 4932 4960
3 4934 5008 4864
3 4979 4834 4802
3 4961 4992 4875
3 4919 4876 4887
3 4963 4877 4937
3 4920 4937 4781
3 4921 5051 4907
3 4965 4821 4996
3 4821 4888 4996
3 4950 4880 4966
3 4880 4775 4966
3 4980 4966 4775
3 4775 4889 4980
3 4952 4909 4890
3 4946 4947 4959
3 4953 4924 4893
3 4893 4825 4953
3 4970 4953 4825
3 4925 4970 4825
3 4942 4895 4896
3 4896 4856 5058
3 4897 4898 9626
3 5024 4915 4811
3 5025 4899 4900
3 5045 4901 4988
3 4917 4956 4903
3 4904 4957 4872
3 4904 4905 5027
3 4948 4918 4840
3 4933 4932 4863
3 4935 4834 4949
3 4979 4949 4834
3 4919 4836 5011
3 4836 4906 5011
3 4842 5011 4906
3 5051 4994 4907
3 4995 4921 4820
3 4888 4908 4922
3 4908 4950 4922
3 4951 4889 4851
3 4969 4891 4911
3 4938 4838 4997
3 4968 4997 4838
3 4838 4939 4968
3 4969 4911 9985
3 5006 4854 4912
3 4912 5007 5006
3 4882 4895 5057
3 4942 5001 4895
3 4973 5058 4856
3 4926 4986 5020
3 5022 5021 4943
3 4810 4914 5003
3 5043 4898 4883
3 4883 4915 5043
3 5096 5024 4859
3 4859 4884 5096
3 4987 5096 4884
3 4929 4988 4870
3 5100 4917 4903
3 4957 4990 4871
3 4923 4892 4959
3 4840 4978 4948
3 4933 4863 4874
3 4874 4864 4933
3 4802 4936 4979
3 5010 4936 4817
3 4961 4876 4993
3 4876 4919 4993
3 4842 4963 4962
3 4892 4946 4959
3 5039 4847 4865
3 4940 4941 4971
3 5001 5057 4895
3 5041 4809 4927
3 4927 4913 5041
3 5023 4943 4829
3 4829 4810 5023
3 4810 5003 5077
3 5060 5003 4914
3 4975 4928 5005
3 5079 5005 4928
3 5026 5079 4928
3 5081 4988 4929
3 5082 5081 4929
3 4930 5082 4902
3 4886 4956 4989
3 4903 4990 5100
3 4957 4904 4958
3 5027 4958 4904
3 4923 5027 4905
3 4977 4931 4918
3 4960 4978 4873
3 4991 4960 4932
3 5049 4933 4864
3 4864 5008 5049
3 5031 5008 4934
3 4935 5031 4934
3 5010 4979 4936
3 4992 5010 4817
3 4962 5011 4842
3 5051 4921 5014
3 4996 4888 5036
3 4851 4909 4951
3 4981 5015 4909
3 4909 4952 4981
3 4910 4938 4967
3 4983 4968 4939
3 4939 4891 4983
3 4969 4983 4891
3 4865 4924 4998
3 5000 4925 4940
3 4971 5000 4940
3 4941 4954 4971
3 5058 4942 4896
3 4974 4827 4926
3 5077 5023 4810
3 9626 4898 5159
3 4915 5024 5126
3 5097 4944 4899
3 5025 5097 4899
3 5004 4916 4945
3 4945 4975 5004
3 5026 4976 5129
3 5046 4955 4886
3 4931 4977 9688
3 4918 4948 4977
3 5029 4991 4932
3 4932 4933 5029
3 5012 4962 4963
3 4963 4937 5012
3 4994 5034 4878
3 4889 4951 4980
3 5067 4951 4909
3 5015 5067 4909
3 4999 4998 4924
3 4924 4953 4999
3 5018 4972 4882
3 5019 5058 4973
3 4973 4857 4974
3 5073 4809 5074
3 4809 5041 5074
3 4858 5041 4913
3 4868 4860 4867
3 4916 5062 5025
3 5005 5004 4975
3 5045 4988 5164
3 4930 4955 5046
3 4989 5046 4886
3 4990 4957 4958
3 4947 4854 5047
3 5006 5047 4854
3 4991 4978 4960
3 4992 4961 5050
3 5050 4961 4993
3 5035 4964 4965
3 4965 4996 5035
3 5121 4922 4950
3 4952 5052 5069
3 4952 4967 5052
3 4997 4967 4938
3 4997 4968 4982
3 4983 4982 4968
3 4983 4969 5016
3 9985 5105 4969
3 4998 5039 4865
3 5056 4984 4970
3 4970 4925 5056
3 4925 5000 5056
3 4974 5019 4973
3 5023 5022 4943
3 5002 5023 5077
3 5043 5042 4898
3 4944 5182 5044
3 5062 5142 5025
3 5080 5129 4976
3 4988 5081 5164
3 4958 5200 4990
3 9688 4977 5084
3 5064 4948 4978
3 4933 5049 5030
3 5008 5116 5049
3 4949 4979 5009
3 4919 5011 5187
3 5012 4937 5135
3 4920 5136 4937
3 5034 5013 4878
3 5034 4994 5065
3 5065 4994 5051
3 4964 5089 4995
3 4950 4966 5037
3 5037 4966 4980
3 4998 4999 5040
3 5071 4999 4953
3 4970 4984 4953
3 4971 4954 5225
3 5057 5018 4882
3 5057 5001 5072
3 4942 5072 5001
3 5095 5020 4986
3 5042 5159 4898
3 5162 5096 4987
3 5061 5113 4860
3 5061 4860 4868
3 5044 5061 4868
3 5004 5062 4916
3 5080 4976 5045
3 5082 4930 5083
3 4930 5046 5083
3 4989 4956 5114
3 4917 5114 4956
3 5027 4923 5115
3 4923 4959 5101
3 4947 5131 4959
3 5028 4977 4948
3 4978 4991 5064
3 4933 5030 5029
3 5031 4935 5032
3 4979 5010 5009
3 5172 5010 4992
3 5050 5172 4992
3 5117 5050 4993
3 4993 4919 5087
3 5187 5087 4919
3 5033 5011 4962
3 5012 5033 4962
3 4921 4995 5089
3 5036 5120 4996
3 5037 5121 4950
3 4980 4951 5038
3 4967 4997 5053
3 4997 4982 5053
3 4982 4983 5053
3 5054 5053 4983
3 4983 5016 5070
3 5016 4969 5105
3 4847 5039 5055
3 5040 5039 4998
3 5017 5056 5000
3 5000 4971 5017
3 5041 4858 5075
3 5180 5003 5060
3 5113 5162 4987
3 4987 4860 5113
3 5097 5182 4944
3 5026 5129 5128
3 5083 5046 5217
3 5100 4990 5200
3 5101 5115 4923
3 5006 5007 5047
3 5107 5047 5007
3 5007 9703 5107
3 5085 5084 4977
3 4977 5028 5085
3 5063 5028 4948
3 5064 5063 4948
3 5086 5116 5008
3 4935 4949 5032
3 5146 5032 4949
3 5088 5187 5011
3 5033 5088 5011
3 5135 4937 5136
3 5136 4920 5144
3 5034 9997 5013
3 5089 5014 4921
3 5035 4996 5120
3 4922 5121 5036
3 5038 5090 4980
3 4983 5070 5054
3 5092 5070 5016
3 5105 5092 5016
3 5105 9985 5193
3 5040 4999 5093
3 4953 4984 5071
3 4985 4972 5109
3 5058 5019 5179
3 4926 5020 5197
3 5124 5075 4858
3 4858 5021 5111
3 5021 5022 5111
3 5125 5111 5022
3 5059 5077 5003
3 5159 5060 9626
3 5182 5127 5044
3 5142 5215 5097
3 5025 5142 5097
3 5184 5079 5026
3 5027 5165 4958
3 5167 5131 4947
3 5167 4947 5047
3 5145 5085 5028
3 5048 5064 4991
3 4991 5029 5048
3 5030 5048 5029
3 5031 5086 5008
3 5133 5146 4949
3 4949 5009 5133
3 5010 5133 5009
3 5117 5172 5050
3 9997 5034 5103
3 5051 5148 5065
3 5207 4964 5035
3 5120 5207 5035
3 5121 5066 5036
3 4980 5090 5037
3 5015 4981 5122
3 5071 5108 4999
3 5211 4954 4985
3 4972 5018 5177
3 5179 4942 5058
3 5020 5095 5158
3 5023 5002 5076
3 5180 5059 5003
3 5140 5126 5024
3 5061 5044 5127
3 5004 5005 5078
3 5026 5128 5184
3 5099 5046 4989
3 5099 4989 5114
3 5131 5101 4959
3 5203 5030 5049
3 5049 5116 5203
3 5087 5117 4993
3 5033 5012 5118
3 5051 5014 5148
3 4964 5207 5188
3 5149 5120 5036
3 5122 5067 5015
3 4981 5069 5068
3 5069 5052 5104
3 5052 5091 5104
3 5054 5091 5053
3 9705 5055 9704
3 5040 5093 5137
3 5093 4999 5094
3 5108 5094 4999
3 4984 5056 5176
3 5017 5176 5056
3 5225 5017 4971
3 5109 5211 4985
3 5177 5109 4972
3 4942 5179 5196
3 5074 5110 5073
3 5075 5074 5041
3 5076 5022 5023
3 5060 5159 5139
3 5181 5042 5043
3 5096 5162 5141
3 5127 5252 5061
3 5254 5078 5005
3 5164 5098 5045
3 5082 5083 5321
3 5199 5130 4917
3 4917 5100 5199
3 5165 5200 4958
3 5063 5145 5028
3 5063 5064 5048
3 5086 5031 5171
3 5119 5103 5034
3 5034 5065 5119
3 5206 5148 5014
3 5014 5089 5206
3 5089 4964 5188
3 5036 5066 5149
3 5189 5121 5037
3 5037 5090 5189
3 5068 5069 5151
3 5104 5151 5069
3 5091 5054 5106
3 5054 5070 5152
3 5071 4984 5155
3 5057 5072 5178
3 5197 5020 5158
3 5110 5095 5073
3 5111 5124 4858
3 5002 5077 5112
3 5059 5112 5077
3 5271 5113 5061
3 5252 5271 5061
3 5098 5080 5045
3 5099 5217 5046
3 5131 5220 5101
3 5102 5084 5169
3 5171 5186 5086
3 5133 5010 5232
3 5117 5087 5147
3 5088 5033 5134
3 5012 5135 5118
3 5119 5065 5148
3 5150 5038 4951
3 5106 5104 5091
3 5152 5106 5054
3 5040 5153 5039
3 5137 5093 5123
3 5093 5094 5123
3 5176 5155 4984
3 5018 5057 5156
3 5138 5156 5057
3 5197 4974 4926
3 5060 5139 5180
3 5160 5181 5126
3 5161 5140 5024
3 5024 5096 5161
3 5096 5141 5161
3 5182 5097 5402
3 5215 5402 5097
3 5130 5114 4917
3 5100 5200 5219
3 5027 5115 5185
3 5131 5167 5132
3 5169 5144 5102
3 5145 5063 5170
3 5116 5086 5186
3 5187 5147 5087
3 4951 5067 5150
3 5067 5122 5208
3 5152 5070 5174
3 5092 5105 5192
3 5193 5192 5105
3 5092 5174 5070
3 5107 9704 5143
3 5055 5039 5153
3 5137 5210 5040
3 5123 5094 5154
3 5057 5178 5138
3 5072 4942 5157
3 5042 5181 5214
3 5079 5254 5005
3 5115 5101 5166
3 5220 5166 5101
3 5131 5132 5322
3 5085 5169 5084
3 5171 5031 5032
3 5188 5206 5089
3 5188 5207 5296
3 5223 5207 5120
3 5149 5223 5120
3 5150 5234 5038
3 5173 5067 5208
3 5208 5122 5209
3 5122 5068 5190
3 5151 5190 5068
3 5157 5178 5072
3 5157 4942 5196
3 5075 5110 5074
3 5125 5022 5249
3 5022 5076 5249
3 5059 5180 5228
3 5126 5140 5160
3 5163 5142 5062
3 5129 5184 5128
3 5255 5098 5164
3 5081 5082 5198
3 5321 5198 5082
3 5114 5130 5273
3 5219 5199 5100
3 5165 5027 5185
3 5185 5115 5166
3 5167 5047 5168
3 5186 5203 5116
3 5032 5146 5231
3 5133 5204 5146
3 5010 5172 5232
3 5088 5134 5187
3 5118 5135 5205
3 5234 5090 5038
3 5151 5106 5191
3 5106 5152 5191
3 5210 5137 5266
3 5194 5266 5137
3 5238 5194 5137
3 5123 5238 5137
3 5154 5175 5123
3 5176 5017 5246
3 4954 5211 5225
3 5018 5156 5267
3 4974 5212 5019
3 5158 5095 5332
3 5110 5332 5095
3 5124 5227 5075
3 5111 5213 5124
3 5303 5076 5002
3 5002 5112 5303
3 5159 5042 5214
3 5140 5161 5160
3 5142 5183 5215
3 5163 5183 5142
3 5163 5062 5004
3 5255 5080 5098
3 5164 5081 5216
3 5217 5240 5083
3 5099 5114 5273
3 5047 5107 5168
3 5202 5168 5107
3 5293 5257 5144
3 5144 5169 5293
3 5145 5170 5277
3 5171 5032 5325
3 5204 5231 5146
3 5232 5172 5295
3 5147 5172 5117
3 5147 5187 5221
3 5205 5134 5033
3 5033 5118 5205
3 5205 5135 5136
3 5119 5148 5260
3 5206 5260 5148
3 5149 5066 5223
3 5173 5150 5067
3 5191 5152 5174
3 5192 5235 5092
3 5153 5040 5210
3 5238 5123 5175
3 5175 5154 5195
3 5071 5155 5239
3 5246 5017 5225
3 5211 5109 5287
3 5213 5227 5124
3 5139 5159 5290
3 5214 5290 5159
3 5162 5113 5271
3 5272 5252 5127
3 5254 5308 5078
3 5321 5083 5240
3 5130 5199 5256
3 5200 5165 5201
3 5165 5185 5275
3 5166 5220 5241
3 5322 5220 5131
3 5132 5167 5168
3 5107 5143 5202
3 5293 5169 5230
3 5169 5085 5230
3 5258 5230 5085
3 5085 5145 5258
3 5203 5277 5170
3 5325 5032 5231
3 5204 5133 5294
3 5232 5294 5133
3 5147 5295 5172
3 5134 5205 5242
3 5144 5222 5136
3 5119 9994 5103
3 5297 5223 5066
3 5066 5121 5297
3 5121 5189 5297
3 5243 5191 5174
3 5174 5092 5243
3 5192 5193 5265
3 9704 5055 5323
3 5153 5323 5055
3 5210 5323 5153
3 5224 5195 5154
3 5239 5154 5094
3 5094 5108 5239
3 5155 5176 5246
3 5177 5018 5330
3 5138 5178 5226
3 4974 5197 5212
3 5250 5249 5076
3 5228 5180 5304
3 5180 5139 5304
3 5181 5160 5269
3 5127 5182 5272
3 5308 5004 5078
3 5418 5079 5184
3 5184 5129 5418
3 5291 5129 5080
3 5216 5081 5198
3 5217 5099 5218
3 5273 5218 5099
3 5219 5274 5199
3 5165 5275 5201
3 5166 5275 5185
3 5186 5171 5312
3 5171 5325 5278
3 5187 5134 5221
3 5205 5136 5222
3 5257 5222 5144
3 9994 5119 5281
3 5206 5188 5233
3 5189 5090 5297
3 5261 5297 5090
3 5234 5261 5090
3 5298 5234 5150
3 5208 5209 5262
3 5209 5190 5263
3 5243 5263 5190
3 5190 5191 5243
3 5235 5243 5092
3 5071 5239 5108
3 5267 5330 5018
3 5156 5138 5267
3 5226 5267 5138
3 5248 5178 5157
3 5368 5288 5196
3 5179 5368 5196
3 5158 5332 5445
3 5111 5125 5302
3 5059 5228 5112
3 5334 5304 5139
3 5161 5141 5306
3 5307 5141 5162
3 5272 5182 5402
3 5130 5256 5273
3 5274 5256 5199
3 5201 5219 5200
3 5166 5241 5276
3 5202 5143 5348
3 5237 5348 5143
3 5258 5145 5376
3 5277 5376 5145
3 5278 5312 5171
3 5260 5281 5119
3 5207 5223 5282
3 5283 5173 5208
3 5208 5262 5283
3 5263 5262 5209
3 5235 5192 5236
3 5265 5236 5192
3 5238 5350 5194
3 5244 5175 5195
3 5195 5224 5244
3 5247 5246 5225
3 5367 5248 5157
3 5157 5196 5400
3 5288 5400 5196
3 5212 5179 5019
3 5302 5213 5111
3 5076 5303 5250
3 5160 5161 5306
3 5162 5271 5307
3 5183 5253 5215
3 5418 5129 5291
3 5217 5218 5240
3 5309 5241 5220
3 5322 5309 5220
3 5132 5168 5229
3 5203 5186 5277
3 5231 5204 5259
3 5147 5221 5279
3 5221 5134 5242
3 5313 5280 5222
3 5257 5313 5222
3 5233 5260 5206
3 5233 5188 5296
3 5282 5296 5207
3 5301 5244 5224
3 5245 5301 5224
3 5224 5154 5245
3 5154 5239 5245
3 5287 5247 5225
3 5225 5211 5287
3 5226 5178 5343
3 5248 5343 5178
3 5332 5110 5317
3 5110 5075 5317
3 5289 5112 5228
3 5251 5334 5139
3 5139 5290 5251
3 5305 5214 5181
3 5181 5269 5305
3 5402 5215 5417
3 5308 5163 5004
3 5419 5291 5080
3 5080 5255 5387
3 5292 5219 5201
3 5259 5325 5231
3 5296 5282 5353
3 5234 5298 5261
3 5243 5235 5300
3 5236 5300 5235
3 5323 5348 5237
3 5323 5210 5349
3 5266 5349 5210
3 5286 5239 5155
3 5109 5177 5428
3 5075 5227 5317
3 5304 5289 5228
3 5290 5214 5268
3 5214 5305 5268
3 5307 5306 5141
3 5272 5335 5252
3 5163 5308 5372
3 5240 5218 5448
3 5275 5166 5346
3 5309 5276 5241
3 5322 5132 5310
3 5132 5229 5310
3 5312 5352 5186
3 5279 5295 5147
3 5280 5242 5205
3 5205 5222 5280
3 5329 5282 5223
3 5329 5223 5361
3 5150 5173 5298
3 5300 5263 5243
3 5265 5264 5236
3 5168 5202 5229
3 5338 5229 5202
3 5348 5338 5202
3 5238 5175 5340
3 5175 5244 5340
3 5284 9606 5244
3 5244 5301 5284
3 5245 5239 5285
3 5155 5246 5286
3 5246 5247 5315
3 5247 5287 5315
3 5177 5330 5428
3 5267 5226 5343
3 5399 5367 5157
3 5157 5400 5399
3 5331 5368 5179
3 5212 5331 5179
3 5445 5197 5158
3 5318 5249 5250
3 5289 5303 5112
3 5308 5254 5386
3 5254 5079 5386
3 5357 5386 5079
3 5255 5164 5336
3 5449 5448 5218
3 5292 5201 5346
3 5201 5275 5346
3 5276 5346 5166
3 5257 5293 5311
3 5293 5230 5351
3 5230 5258 5351
3 5277 5186 5352
3 5279 5221 5326
3 5242 5326 5221
3 5313 5257 5311
3 5281 5260 5379
3 5233 5296 5327
3 5297 5361 5223
3 5355 5283 5262
3 5299 5355 5262
3 5263 5299 5262
3 5350 5453 5194
3 5350 5238 5339
3 5238 5340 5339
3 5239 5286 5285
3 5315 5286 5246
3 5287 5109 5397
3 5344 5317 5227
3 5412 5302 5125
3 5125 5249 5412
3 5289 5304 5333
3 5163 5253 5183
3 5276 5309 5358
3 5310 5229 5337
3 5277 5352 5376
3 5379 5260 5233
3 5282 5329 5328
3 5173 5283 5354
3 5263 5300 5299
3 5300 5236 5396
3 5264 5396 5236
3 5266 5194 5349
3 5453 5349 5194
3 5315 5285 5286
3 5343 5248 5316
3 5248 5367 5316
3 5250 5303 5369
3 5506 5251 5290
3 5270 5305 5269
3 5271 5252 5320
3 5468 5252 5335
3 5079 5418 5357
3 5080 5387 5419
3 5373 5336 5164
3 5321 5240 5403
3 5256 5388 5273
3 5376 5392 5258
3 5204 5377 5259
3 5204 5294 5378
3 9994 5281 5442
3 5379 5442 5281
3 5327 5379 5233
3 5327 5296 5353
3 5355 5354 5283
3 5396 5299 5300
3 5265 9996 5264
3 5342 5284 5301
3 5285 5342 5301
3 5301 5245 5285
3 5285 5315 5314
3 5109 5428 5397
3 5227 5213 5344
3 5303 5289 5369
3 5304 5334 5333
3 5268 5506 5290
3 5414 5270 5306
3 5306 5307 5319
3 5307 5271 5320
3 5468 5320 5252
3 5253 5417 5215
3 5385 5372 5308
3 5216 5373 5164
3 5448 5403 5240
3 5256 5274 5499
3 5219 5499 5274
3 5311 5293 5324
3 5312 5278 5359
3 5278 5325 5359
3 5259 5393 5325
3 5311 5280 5313
3 5361 5297 5426
3 5395 5354 5355
3 5264 5427 5396
3 9606 5284 5341
3 5342 5341 5284
3 5365 5314 5315
3 5315 5287 5365
3 5397 5365 5287
3 5213 5302 5401
3 5302 5412 5401
3 5318 5412 5249
3 5318 5250 5384
3 5250 5369 5384
3 5434 5334 5251
3 5308 5386 5385
3 5580 5373 5216
3 5198 5580 5216
3 5218 5273 5374
3 5388 5374 5273
3 5256 5499 5388
3 5347 5437 5322
3 5322 5310 5347
3 5338 5337 5229
3 5452 5348 5323
3 5349 5491 5323
3 5350 5420 5453
3 5311 5324 5391
3 5293 5351 5324
3 5392 5351 5258
3 5325 5393 5359
3 5377 5393 5259
3 5442 5424 9994
3 5379 5327 5360
3 5409 5261 5298
3 5267 5398 5330
3 5316 5367 5366
3 5332 5317 5445
3 5345 5369 5289
3 5370 5345 5289
3 5333 5370 5289
3 5319 5414 5306
3 5255 5336 5387
3 5449 5218 5374
3 5346 5276 5450
3 5358 5450 5276
3 5437 5404 5309
3 5309 5322 5437
3 5338 5348 5389
3 5340 9606 5362
3 5294 5232 5378
3 5423 5232 5295
3 5423 5295 5513
3 5407 5242 5280
3 5360 5327 5394
3 5327 5353 5394
3 5328 5353 5282
3 5361 5328 5329
3 5544 5297 5261
3 5298 5173 5472
3 5173 5354 5472
3 5396 5380 5299
3 5363 5381 5341
3 5341 5342 5363
3 5382 5363 5342
3 5285 5382 5342
3 5285 5314 5364
3 5330 5398 5428
3 5267 5343 5398
3 5430 5331 5212
3 5383 5430 5212
3 5212 5197 5383
3 5445 5383 5197
3 5344 5213 5401
3 5464 5412 5318
3 5318 5384 5464
3 5268 5305 5467
3 5270 5414 5371
3 5319 5307 5415
3 5307 5320 5415
3 5416 5415 5320
3 5372 5253 5163
3 5321 5403 5568
3 5292 5346 5594
3 5556 5594 5346
3 5450 5556 5346
3 5310 5337 5569
3 5389 5348 5452
3 5452 5323 5491
3 5349 5453 5356
3 5339 5421 5420
3 5420 5350 5339
3 5324 5351 5439
3 5351 5392 5439
3 5359 5440 5312
3 5422 5393 5377
3 5232 5423 5378
3 5295 5279 5513
3 5280 5311 5407
3 5353 5408 5394
3 5353 5328 5408
3 5472 5409 5298
3 5395 5355 5473
3 5356 5491 5349
3 5390 5340 5362
3 9606 5341 5362
3 5381 5362 5341
3 5364 5382 5285
3 5343 5316 5444
3 5316 5366 5444
3 5369 5345 5466
3 5483 5370 5333
3 5434 5483 5333
3 5333 5334 5434
3 5467 5506 5268
3 5305 5435 5467
3 5320 5468 5416
3 5272 5507 5335
3 5417 5253 5469
3 5386 5357 5436
3 5487 5357 5418
3 5470 5419 5387
3 5358 5309 5375
3 5309 5404 5375
3 5509 5347 5310
3 5391 5407 5311
3 5392 5376 5489
3 5440 5352 5312
3 5457 5377 5204
3 5378 5457 5204
3 5455 5513 5279
3 5279 5326 5458
3 5407 5326 5242
3 5355 5299 5380
3 5451 5569 5337
3 5338 5451 5337
3 5462 5364 5314
3 5314 5365 5443
3 5398 5343 5444
3 5367 5399 5429
3 5411 5400 5288
3 5288 5368 5411
3 5368 5331 5411
3 5445 5317 5431
3 5431 5317 5463
3 5369 5433 5384
3 5369 5466 5433
3 5345 5413 5466
3 5345 5370 5413
3 5506 5434 5251
3 5507 5468 5335
3 5253 5372 5469
3 5568 5403 5508
3 5374 5388 5498
3 5471 5450 5358
3 5358 5375 5471
3 5439 5391 5324
3 5489 5376 5405
3 5376 5352 5405
3 5405 5352 5490
3 5406 5440 5359
3 5455 5279 5458
3 5326 5407 5458
3 5442 5379 5425
3 5261 5409 5544
3 5525 5472 5354
3 5354 5395 5525
3 5380 5473 5355
3 9996 5427 5264
3 5364 5363 5382
3 5397 5443 5365
3 5429 5366 5367
3 5331 5430 5411
3 5317 5344 5463
3 5413 5370 5537
3 5319 5415 5607
3 5272 5402 5507
3 5436 5385 5386
3 5387 5336 5541
3 5336 5373 5644
3 5580 5198 5581
3 5447 5321 5568
3 5389 5451 5338
3 5362 5438 5390
3 5359 5393 5406
3 5422 5406 5393
3 5360 5425 5379
3 5544 5426 5297
3 5473 5525 5395
3 5380 5396 5441
3 5396 5427 5441
3 5427 9996 9984
3 5314 5443 5462
3 5410 5428 5398
3 5444 5410 5398
3 5399 5400 5534
3 5400 5411 5534
3 5495 5430 5383
3 5432 5463 5344
3 5344 5401 5432
3 5464 5384 5465
3 5537 5370 5483
3 5578 5467 5435
3 5517 5507 5402
3 5417 5517 5402
3 5372 5385 5469
3 5488 5487 5418
3 5488 5418 5291
3 5470 5291 5419
3 5447 5581 5198
3 5321 5447 5198
3 5403 5448 5508
3 5219 5292 5647
3 5594 5647 5292
3 5490 5352 5440
3 5422 5377 9557
3 5457 9557 5377
3 5514 5458 5407
3 5501 5408 5328
3 5328 5361 5501
3 5381 5363 5492
3 5363 5364 5461
3 5480 5534 5411
3 5411 5430 5480
3 5401 5412 5432
3 5446 5432 5412
3 5464 5446 5412
3 5433 5465 5384
3 5482 5466 5413
3 5434 5506 5484
3 5607 5414 5319
3 5609 5470 5387
3 5541 5609 5387
3 5569 5509 5310
3 5362 5454 5460
3 5489 5529 5439
3 5439 5392 5489
3 5406 5422 5456
3 5423 5457 5378
3 5442 5476 5424
3 5426 5501 5361
3 5441 5427 5475
3 9984 5475 5427
3 5461 5492 5363
3 5364 5462 5461
3 5478 5443 5397
3 5493 5478 5397
3 5428 5493 5397
3 5494 5399 5534
3 5495 5480 5430
3 5481 5446 5464
3 5482 5413 5537
3 5484 5483 5434
3 5485 5578 5435
3 5435 5371 5485
3 5516 5607 5415
3 5554 5416 5468
3 5436 5357 5593
3 5683 5448 5449
3 5388 5499 5555
3 5451 5389 5561
3 5562 5421 5339
3 5438 5562 5339
3 5362 5460 5438
3 5457 5423 5511
3 5459 5514 5407
3 5442 5425 5617
3 5473 5380 5474
3 5380 5441 5474
3 5603 5474 5441
3 5475 5603 5441
3 5476 5442 5617
3 5528 5425 5360
3 5360 5394 5528
3 5477 5528 5394
3 5492 5503 5381
3 5521 5461 5462
3 5366 5429 5523
3 5494 5429 5399
3 5383 5445 5505
3 5431 5505 5445
3 5566 5433 5466
3 5484 5506 5711
3 5371 5414 5625
3 5497 5415 5416
3 5469 5486 5417
3 5388 5555 5498
3 5561 5569 5451
3 5519 5452 5491
3 5520 5356 5453
3 5420 5520 5453
3 5421 5583 5420
3 5454 5676 5460
3 5391 5459 5407
3 5489 5405 5500
3 5394 5408 5477
3 5576 5409 5472
3 5391 5439 5510
3 5439 5529 5510
3 5490 5500 5405
3 5406 5456 5558
3 9557 5558 5456
3 5455 5458 5769
3 5514 5769 5458
3 5502 5454 5503
3 5546 5503 5492
3 5533 5493 5428
3 5522 5533 5428
3 5428 5410 5522
3 5479 5410 5444
3 5523 5479 5444
3 5523 5444 5366
3 5431 5463 5496
3 5566 5466 5482
3 5483 5484 5524
3 5507 5554 5468
3 5486 5517 5417
3 5436 5518 5385
3 5644 5541 5336
3 5683 5508 5448
3 5647 5499 5219
3 5627 5404 5437
3 5437 5347 5595
3 5474 5559 5473
3 5527 5603 5475
3 5408 5501 5632
3 5426 5544 5675
3 5532 5546 5492
3 5462 5443 5521
3 5410 5479 5522
3 5534 5480 5504
3 5480 5495 5504
3 5505 5495 5383
3 5431 5496 5505
3 5463 5432 9645
3 5557 9645 5432
3 5484 5711 5538
3 5578 5485 5539
3 5485 5371 5606
3 5371 5625 5606
3 5625 5414 5607
3 5554 5497 5416
3 5540 5486 5469
3 5470 5488 5291
3 5449 5374 5683
3 5374 5498 5775
3 5471 5556 5450
3 5404 5471 5375
3 5595 5627 5437
3 5500 5529 5489
3 5490 5440 5601
3 5769 5513 5455
3 5452 5519 5389
3 5519 5491 5751
3 5356 5751 5491
3 5520 5420 5583
3 5545 5676 5454
3 5530 5545 5454
3 5454 5502 5530
3 5503 5546 5531
3 5479 5523 5548
3 5494 5523 5429
3 5504 5495 5550
3 5505 5550 5495
3 9645 5496 5463
3 5446 5557 5432
3 5465 5433 5552
3 5537 5483 5524
3 5538 5524 5484
3 5696 5506 5467
3 5507 5517 5626
3 5579 5487 5488
3 5568 5582 5447
3 5646 5775 5498
3 5499 5647 5555
3 5596 5595 5347
3 5347 5509 5596
3 5561 5389 5519
3 5572 5459 5391
3 5510 5572 5391
3 5601 5500 5490
3 5511 5423 5512
3 5423 5513 5512
3 5617 5560 5476
3 5426 5632 5501
3 5660 5544 5409
3 5576 5660 5409
3 5542 5472 5525
3 5526 5525 5473
3 5559 5526 5473
3 5475 9984 5527
3 5583 5421 5610
3 5562 5610 5421
3 5562 5438 5563
3 5460 5563 5438
3 5502 5503 5531
3 5492 5461 5532
3 5461 5521 5532
3 5478 5521 5443
3 5589 5588 5534
3 5534 5504 5589
3 5549 5589 5504
3 5550 5549 5504
3 5505 5496 5551
3 5605 5446 5481
3 5465 5605 5481
3 5566 5552 5433
3 5506 5696 5711
3 5643 5517 5486
3 5488 5470 5579
3 5580 5644 5373
3 5561 5628 5569
3 9557 5457 5613
3 5613 5457 5511
3 5515 5514 5459
3 5632 5477 5408
3 5576 5472 5542
3 5559 5474 5615
3 5474 5603 5615
3 5527 9984 5543
3 5510 5529 5573
3 5440 5406 5687
3 5602 5558 9557
3 5769 5514 5515
3 5470 5609 5579
3 5508 5645 5568
3 5683 5374 5775
3 5594 5556 5738
3 5556 5471 5649
3 5564 5532 5521
3 5521 5478 5564
3 5478 5493 5564
3 5533 5522 5547
3 5548 5522 5479
3 5551 5550 5505
3 5496 9645 5535
3 5566 5482 5553
3 5710 5553 5482
3 5537 5710 5482
3 5578 5696 5467
3 5578 5539 5624
3 5526 5574 5525
3 5425 5528 5718
3 5528 5477 5718
3 5675 5632 5426
3 5529 5500 5651
3 5687 5601 5440
3 5653 5406 5558
3 5613 5602 9557
3 5563 5460 5585
3 5676 5585 5460
3 5530 5502 5678
3 5532 5564 5597
3 5533 5586 5493
3 5533 5547 5565
3 5522 5548 5547
3 5548 5523 5587
3 5523 5494 5588
3 5494 5534 5588
3 5589 5549 5590
3 5549 5550 5600
3 5535 5551 5496
3 5577 5536 5446
3 5605 5577 5446
3 5710 5537 5524
3 5606 5539 5485
3 5607 5516 5671
3 5516 5415 5497
3 5507 5626 5554
3 5567 5626 5517
3 5713 5540 5469
3 5518 5713 5469
3 5469 5385 5518
3 5518 5436 5592
3 5487 5593 5357
3 5581 5447 5582
3 5645 5508 5714
3 5555 5647 5698
3 5404 5649 5471
3 5674 5596 5509
3 5574 5542 5525
3 5603 5527 5616
3 5543 5616 5527
3 5604 5575 5543
3 5543 5560 5604
3 5617 5425 5702
3 5718 5702 5425
3 5751 5704 5519
3 5564 5493 5586
3 5565 5586 5533
3 9611 5547 5548
3 5548 5587 9611
3 5621 5587 5523
3 5523 5588 5621
3 5589 5590 5640
3 5590 5549 5600
3 5551 5600 5550
3 5567 5517 5643
3 5627 5595 5715
3 5715 5595 5596
3 5569 5674 5509
3 5536 5571 5557
3 5572 5510 5573
3 5500 5601 5612
3 5687 5406 5653
3 5602 5653 5558
3 5512 5513 5655
3 5515 5459 5656
3 5576 5542 5657
3 5559 5615 5614
3 5575 5616 5543
3 5751 5356 5520
3 5780 5751 5520
3 5583 5633 5520
3 5532 5597 5546
3 9611 5565 5547
3 9611 5587 9613
3 5591 5605 5465
3 5552 5591 5465
3 5757 5552 5566
3 5524 5538 5681
3 5436 5593 5592
3 5737 5714 5508
3 5683 5737 5508
3 5498 5555 5646
3 5673 5649 5404
3 5570 5571 5667
3 5571 5536 5667
3 5651 5573 5529
3 5584 5651 5500
3 5584 5500 5612
3 5601 5687 5652
3 5512 5613 5511
3 5630 5526 5559
3 5614 5630 5559
3 5617 5685 5560
3 5718 5477 5703
3 5660 5675 5544
3 5686 5660 5576
3 5667 9646 5570
3 5591 5552 5642
3 5553 5757 5566
3 5711 5670 5538
3 5516 5497 5671
3 5608 5486 5540
3 5518 5592 5672
3 5817 5579 5609
3 5581 5582 5750
3 5627 5673 5404
3 5674 5569 5628
3 5610 5633 5583
3 5512 5655 5768
3 5769 5655 5513
3 5531 5688 5502
3 5586 5565 5598
3 5565 9611 5599
3 5621 9613 5587
3 5640 5588 5589
3 5590 5600 5622
3 5600 5551 5623
3 5616 5631 5603
3 5604 5560 5685
3 5632 5703 5477
3 5657 5686 5576
3 5668 5667 5536
3 5605 5591 5695
3 5669 5681 5538
3 5592 5593 5736
3 5487 5736 5593
3 5645 5582 5568
3 5698 5646 5555
3 5628 5561 5650
3 5519 5650 5561
3 5545 5530 5611
3 5688 5678 5502
3 5531 5546 5618
3 5635 5618 5546
3 5635 5546 5597
3 5586 5597 5564
3 5599 5598 5565
3 5620 9612 9613
3 5621 5620 9613
3 5588 5640 5663
3 5622 5665 5640
3 5640 5590 5622
3 5652 5612 5601
3 5653 5602 5654
3 5629 5656 5572
3 5615 5603 5659
3 5631 5659 5603
3 5667 5666 9646
3 5668 5536 5577
3 5577 5605 5695
3 5757 5732 5552
3 5757 5553 5733
3 5553 5710 5733
3 5669 5538 5670
3 5578 5624 5696
3 5712 5624 5539
3 5772 5712 5606
3 5606 5625 5772
3 5607 5671 5682
3 5554 5671 5497
3 5643 5486 5608
3 5608 5540 5697
3 5541 5644 5792
3 5582 5645 5759
3 5648 5647 5594
3 5594 5738 5648
3 5649 5738 5556
3 5596 5674 5760
3 5704 5650 5519
3 5780 5520 5752
3 5633 5752 5520
3 9738 5633 5610
3 5563 5585 5781
3 5676 5545 5705
3 5688 5531 5634
3 5531 5618 5634
3 5619 5597 5586
3 5586 5598 5619
3 5620 5636 9612
3 5620 5621 5639
3 5621 5588 5663
3 5623 5622 5600
3 5573 5629 5572
3 5526 5630 5574
3 5658 5741 5614
3 5614 5615 5658
3 5615 5659 5658
3 5796 5631 5616
3 5685 5617 5702
3 5675 5811 5632
3 5611 5705 5545
3 5677 5611 5530
3 5530 5678 5677
3 5619 5635 5597
3 5619 5598 5661
3 5598 5599 9592
3 5599 5679 9592
3 5679 9612 5636
3 5636 5620 5637
3 5638 5637 5620
3 5620 5639 5638
3 5663 5639 5621
3 5623 5641 5622
3 5623 9646 5666
3 5693 5667 5668
3 5668 5577 5694
3 5642 5695 5591
3 5642 5552 5732
3 5625 5607 5772
3 5554 5626 5806
3 5643 5748 5567
3 5540 5713 5697
3 5579 5736 5487
3 5739 5673 5627
3 5760 5715 5596
3 5674 5628 5699
3 5650 5699 5628
3 5651 5584 5721
3 5584 5612 5722
3 5653 5766 5687
3 5656 5769 5515
3 5764 5657 5542
3 5542 5574 5764
3 5684 5574 5630
3 5575 5796 5616
3 5811 5719 5632
3 5675 5660 5811
3 5704 5700 5650
3 5781 9738 5563
3 5781 5585 5724
3 5676 5724 5585
3 5661 5635 5619
3 9592 5661 5598
3 5636 5725 5679
3 5636 5637 5689
3 5662 5637 5638
3 5663 5640 5664
3 5665 5664 5640
3 5691 5664 5665
3 5665 5622 5691
3 5641 5691 5622
3 5692 5641 5623
3 5709 5693 5668
3 5733 5710 5804
3 5710 5524 5758
3 5524 5681 5758
3 5681 5669 5805
3 5670 5711 5790
3 5696 5624 5734
3 5607 5682 5772
3 5748 5643 5735
3 5672 5713 5518
3 5714 5759 5645
3 5825 5698 5647
3 5647 5648 5825
3 5715 5739 5627
3 5722 5612 5742
3 5652 5742 5612
3 5810 5630 5614
3 5614 5741 5810
3 5719 5703 5632
3 5686 5811 5660
3 5629 5573 5799
3 5720 5799 5573
3 5573 5651 5720
3 5722 5762 5584
3 5687 5812 5652
3 5653 5654 5766
3 5716 5766 5654
3 5512 5768 5717
3 5769 5656 5723
3 5678 5688 5743
3 5635 5661 5706
3 5623 5666 5692
3 5680 5692 5666
3 5666 5667 5680
3 5693 5709 5771
3 5694 5709 5668
3 5695 5694 5577
3 5695 5642 5747
3 5732 5747 5642
3 5773 5806 5626
3 5736 5579 5774
3 5817 5609 5541
3 5580 5581 5852
3 5649 5673 5932
3 5700 5699 5650
3 9736 5752 5633
3 5574 5684 5764
3 5630 5810 5684
3 5658 5659 5701
3 5651 5721 5720
3 5613 5512 5763
3 5717 5763 5512
3 5655 5769 5795
3 5656 5629 5798
3 9593 5634 5618
3 5706 5618 5635
3 9592 5679 5707
3 5725 5707 5679
3 5689 5725 5636
3 5689 5637 5708
3 5637 5662 5708
3 5690 5708 5662
3 5691 5641 5729
3 5730 5729 5641
3 5692 5730 5641
3 5680 5693 5746
3 5670 5790 5669
3 5711 5696 5734
3 5806 5841 5554
3 5608 5735 5643
3 5749 5672 5592
3 5736 5749 5592
3 5774 5579 5947
3 5852 5581 5750
3 5775 5737 5683
3 5752 9736 5740
3 5584 5762 5761
3 5812 5687 5766
3 5798 5723 5656
3 9736 9738 9739
3 5724 5676 5755
3 5705 5755 5676
3 5678 5743 5822
3 5725 5689 5726
3 5689 5708 5744
3 5690 5664 5727
3 5664 5691 5728
3 5729 5728 5691
3 5680 5731 5692
3 5693 5771 5746
3 5624 5712 5840
3 5841 5671 5554
3 5626 5567 5773
3 5644 5580 5808
3 5932 5738 5649
3 5739 5932 5673
3 5753 5764 5684
3 5777 5741 5658
3 5701 5777 5658
3 5659 5631 5829
3 5796 5829 5631
3 5703 5719 5860
3 5700 5704 5818
3 5704 5751 5821
3 5781 9739 9738
3 5678 5822 5677
3 5707 9593 9592
3 5756 5744 5708
3 5727 5756 5708
3 5708 5690 5727
3 5728 5727 5664
3 5731 5730 5692
3 5746 5731 5680
3 5771 5709 5848
3 5694 5848 5709
3 5694 5695 5747
3 5804 5710 5881
3 5758 5881 5710
3 5850 5790 5711
3 5711 5734 5850
3 5748 5773 5567
3 5817 5541 5885
3 5750 5582 5844
3 5737 5759 5714
3 5715 5760 5855
3 5776 5760 5674
3 5761 5721 5584
3 5742 5652 5800
3 5812 5800 5652
3 5766 5716 5876
3 5767 5876 5716
3 5795 5768 5655
3 5857 5684 5810
3 5722 5742 5762
3 5763 5767 5716
3 5846 5782 5705
3 5611 5846 5705
3 5813 5743 5688
3 5688 5634 5813
3 5744 5726 5689
3 5803 5728 5729
3 5745 5803 5729
3 5730 5745 5729
3 5746 5771 5786
3 5694 5747 5945
3 5732 5757 5839
3 5733 5788 5757
3 5748 5735 5842
3 5843 5791 5608
3 5608 5697 5843
3 5713 5843 5697
3 5774 5749 5736
3 5775 5646 5809
3 5646 5698 5853
3 5648 5738 5902
3 5739 5715 5793
3 5776 5674 5699
3 5699 5700 5794
3 5810 5741 5828
3 5796 5575 5765
3 5575 5604 5765
3 5685 5702 5935
3 5778 5935 5702
3 5702 5718 5778
3 5703 5778 5718
3 5657 5764 5779
3 5763 5717 5801
3 5830 5798 5629
3 5755 5705 5782
3 5707 5770 9593
3 5726 5744 5815
3 5744 5756 5783
3 5784 5756 5727
3 5727 5728 5784
3 5786 5731 5746
3 5848 5694 5787
3 5945 5787 5694
3 5669 5790 5952
3 5712 5772 5883
3 5866 5682 5671
3 5671 5841 5866
3 5932 5739 5854
3 5780 5821 5751
3 5828 5741 5777
3 5777 5701 5820
3 5657 5779 5686
3 5818 5794 5700
3 5846 5611 5911
3 5611 5677 5834
3 5770 5813 5634
3 5634 9593 5770
3 5814 5770 5707
3 5707 5725 5814
3 5824 5814 5725
3 5725 5726 5824
3 5815 5744 5783
3 5745 5730 5785
3 5731 5785 5730
3 5788 5839 5757
3 5788 5733 5804
3 5734 5624 5850
3 5748 5842 5773
3 5735 5608 5791
3 5672 5749 5973
3 5808 5792 5644
3 5844 5582 5759
3 5737 5775 5919
3 5853 5809 5646
3 5854 5739 5793
3 5760 5776 5845
3 5761 5762 5831
3 5762 5742 5832
3 5767 5763 5801
3 5827 5779 5764
3 5857 5753 5684
3 5872 5820 5701
3 5796 5858 5829
3 5765 5604 5685
3 5719 5811 5797
3 5968 5797 5811
3 5742 5874 5832
3 5875 5766 5876
3 5957 5717 5768
3 5833 5957 5768
3 5723 5795 5769
3 5723 5798 5826
3 5677 5822 5834
3 5756 5784 5816
3 5784 5728 5802
3 5785 5803 5745
3 5838 5731 5786
3 5681 5789 5758
3 5681 5805 5865
3 5952 5805 5669
3 5682 5883 5772
3 5842 5735 5869
3 5843 5713 5807
3 5579 5817 5947
3 5852 5808 5580
3 5775 5809 5954
3 5902 5738 5887
3 5818 5704 5904
3 5821 5904 5704
3 5780 5754 5821
3 5780 5752 5740
3 5976 5827 5764
3 5764 5753 5976
3 5828 5777 5819
3 5820 5819 5777
3 5889 5872 5701
3 5701 5659 5889
3 5829 5889 5659
3 5765 5859 5796
3 5740 5754 5780
3 9739 5781 5893
3 5724 5893 5781
3 5834 5911 5611
3 5822 5743 5969
3 5835 5969 5743
3 5813 5835 5743
3 5814 5813 5770
3 5783 5756 5895
3 5803 5802 5728
3 5771 5838 5786
3 5848 5847 5771
3 5747 5732 5879
3 5930 5839 5788
3 5788 5804 5930
3 5881 5897 5804
3 5758 5789 5882
3 5842 5868 5773
3 5735 5791 5869
3 5973 5807 5713
3 5713 5672 5973
3 5759 5737 5901
3 5737 5919 5901
3 5825 5853 5698
3 5932 5887 5738
3 5855 5793 5715
3 5699 5794 5776
3 5966 5799 5720
3 5832 5856 5762
3 5800 5874 5742
3 5812 5766 5875
3 5765 5685 5873
3 5797 5860 5719
3 5831 5721 5761
3 5801 5717 5957
3 5830 5826 5798
3 5724 5755 5893
3 5755 5782 5894
3 5846 5861 5782
3 5877 5824 5726
3 5726 5815 5877
3 5816 5895 5756
3 5784 5802 5863
3 5803 5785 5837
3 5839 5879 5732
3 5930 5804 5897
3 5865 5789 5681
3 5849 5952 5790
3 5790 5850 5849
3 5775 5954 5919
3 5886 5954 5809
3 5809 5853 5886
3 5855 5760 5888
3 5760 5845 5888
3 5925 5810 5828
3 5811 5686 5968
3 5800 5812 5908
3 5801 5938 5876
3 5768 5795 5833
3 5795 5723 5892
3 5861 5894 5782
3 5823 5835 5813
3 5813 5814 5823
3 5943 5823 5814
3 5912 5943 5814
3 5814 5824 5912
3 5816 5784 5863
3 5836 5864 5803
3 5838 5771 5847
3 5847 5848 5878
3 5985 5945 5747
3 5881 5758 5882
3 5840 5850 5624
3 5843 5869 5791
3 5749 5774 5899
3 5884 5899 5774
3 5793 5955 5854
3 5904 5990 5818
3 5925 5857 5810
3 5859 5858 5796
3 5685 5935 5873
3 5978 5778 5703
3 5686 5779 5968
3 5962 5821 5754
3 5754 5740 5924
3 5864 5863 5802
3 5802 5803 5864
3 5803 5837 5836
3 5914 5985 5747
3 5747 5879 5914
3 5789 5865 5898
3 5852 5918 5808
3 5870 5844 5759
3 5759 5901 5870
3 5825 5648 5921
3 5902 5921 5648
3 5855 5955 5793
3 5966 5830 5799
3 5908 5812 5875
3 5723 5826 5892
3 5857 5925 5905
3 5889 5829 5890
3 5858 5890 5829
3 5860 5978 5703
3 5966 5891 5830
3 5974 5721 5831
3 5856 5832 5975
3 5832 5874 5975
3 5801 5957 5956
3 5892 5833 5795
3 5909 9740 9739
3 5893 5909 9739
3 5893 5755 5894
3 5846 6024 5861
3 5877 6008 5824
3 5877 5815 5862
3 5815 5783 5862
3 5783 5895 5862
3 5837 5838 5836
3 5847 5836 5838
3 5839 5930 5880
3 5952 5865 5805
3 5850 5840 5915
3 5883 5851 5840
3 5682 5866 5965
3 5773 5867 5806
3 5774 5947 5884
3 5853 5825 5920
3 5921 5920 5825
3 5871 5794 5818
3 5818 5990 5871
3 5819 5820 5906
3 5872 5906 5820
3 5968 5779 5991
3 5948 5862 5895
3 5896 5895 5816
3 5836 5847 5913
3 5878 5848 6010
3 6011 6010 5848
3 5848 5787 6011
3 5839 5880 5879
3 5915 5849 5850
3 5682 5931 5883
3 5867 5841 5806
3 5869 5868 5842
3 5899 5973 5749
3 5885 5541 5900
3 5541 5792 5900
3 5918 5852 5750
3 6015 5989 5750
3 5750 5844 6015
3 5891 5939 5830
3 5926 5720 5721
3 5856 5831 5762
3 5908 5875 6035
3 5826 5830 5939
3 5966 5720 5926
3 5975 5874 5936
3 5874 5800 5937
3 5938 5801 6086
3 5894 5861 6024
3 6024 5846 5910
3 5911 5910 5846
3 5911 5834 5928
3 6065 5969 5835
3 5835 5823 5942
3 5929 5864 5836
3 5880 5914 5879
3 5851 5915 5840
3 5946 5866 5841
3 6015 5844 5870
3 5776 5794 5903
3 5871 5903 5794
3 5962 5904 5821
3 5828 5819 5933
3 5819 5906 5933
3 6061 5991 5779
3 5779 5827 6061
3 5907 5936 5874
3 5937 5907 5874
3 5908 5937 5800
3 5875 5876 5977
3 5938 5977 5876
3 5956 6086 5801
3 5943 5942 5823
3 5824 6008 5912
3 5816 5863 5896
3 5929 5863 5864
3 5913 5929 5836
3 5944 5913 5847
3 5847 5878 5944
3 5881 5882 5964
3 5851 5883 5916
3 5883 5931 5916
3 5946 5841 5867
3 5868 5867 5773
3 5817 5885 6001
3 5792 5808 5917
3 5918 5917 5808
3 5886 5853 5920
3 5888 5922 5855
3 5845 5776 6002
3 5776 5903 6002
3 5962 5754 5923
3 5924 9735 5754
3 6005 5753 5857
3 5857 5905 6005
3 5933 5925 5828
3 5906 5872 5959
3 5872 5889 5960
3 5890 5960 5889
3 5858 5859 6021
3 5765 6021 5859
3 5891 5966 5980
3 5974 5926 5721
3 5940 5894 5927
3 5894 6024 5927
3 5949 5948 5895
3 5895 5896 5949
3 6010 6127 5878
3 5951 5930 5897
3 5898 5882 5789
3 5898 5865 5999
3 5972 5915 5851
3 6012 5869 5843
3 6001 5947 5817
3 6144 6001 5885
3 5854 6102 5932
3 5922 5955 5855
3 5925 5933 6116
3 5873 5934 5765
3 5979 5978 5860
3 5860 5797 5979
3 5937 5908 5981
3 6035 5981 5908
3 5977 5938 6086
3 5833 5892 6064
3 5893 5894 5940
3 5834 5822 5941
3 5896 5863 5950
3 5929 5913 5950
3 6110 5944 5878
3 5986 5951 5897
3 5897 5881 5986
3 5964 5986 5881
3 5952 5999 5865
3 5807 6042 5843
3 5947 6068 5884
3 5900 6144 5885
3 5750 5989 5918
3 5921 5902 6115
3 5962 5990 5904
3 5753 6005 5976
3 6084 5933 5906
3 5960 5959 5872
3 5935 5967 5873
3 6071 5992 5831
3 5831 5856 6071
3 6008 5877 6048
3 5984 5948 5949
3 5896 5950 5949
3 5863 5929 5950
3 6127 6110 5878
3 6039 6011 5787
3 5951 5880 5930
3 5953 5952 5849
3 5915 5953 5849
3 5965 5931 5682
3 6012 5843 6042
3 5973 5899 6013
3 5954 5886 6172
3 5887 5932 6053
3 6102 6053 5932
3 5990 5903 5871
3 9735 5923 5754
3 5976 5958 5827
3 5925 6116 5905
3 5890 5858 6020
3 6021 6020 5858
3 5934 5961 5765
3 5974 5831 5992
3 5907 5993 5936
3 6035 5875 5977
3 6064 5957 5833
3 5939 5891 5994
3 9740 5909 5996
3 5927 6046 5940
3 5910 5911 5982
3 5911 5928 5982
3 5942 6065 5835
3 5862 5948 5970
3 5787 5945 6128
3 5867 5868 6000
3 5807 5973 6050
3 5900 5792 6043
3 9733 5923 9735
3 5959 6084 5906
3 5961 6021 5765
3 6023 5979 5797
3 5968 6023 5797
3 5958 6061 5827
3 5996 5909 5997
3 5969 5941 5822
3 5943 6125 5942
3 5877 5862 6048
3 5983 5970 5948
3 5948 5984 5983
3 6088 5971 5950
3 5950 5913 6088
3 5913 5944 6088
3 6128 6039 5787
3 5914 5880 6026
3 5851 5916 5988
3 6050 6042 5807
3 6068 5947 6014
3 5917 6043 5792
3 5919 6101 5901
3 5919 5954 6051
3 5954 6172 6051
3 5955 6031 5854
3 6018 5922 5888
3 5993 5975 5936
3 5907 5937 6054
3 5981 6054 5937
3 5956 5957 6122
3 6064 6036 5957
3 6082 5976 6005
3 5933 6069 6116
3 5959 5960 6059
3 5967 5935 6070
3 5935 5778 6070
3 5990 6003 5903
3 5962 5923 6004
3 6004 5923 9733
3 9740 5996 5995
3 5963 5997 5909
3 6046 5963 5940
3 6046 5927 6047
3 5943 5912 5998
3 5970 6048 5862
3 6025 5984 5949
3 5949 5950 5971
3 5945 5985 6128
3 5986 5964 6027
3 5964 5882 6027
3 5882 5898 6067
3 5898 5999 6028
3 5972 5851 5988
3 5965 5866 6079
3 6001 6014 5947
3 5918 6080 5917
3 5870 5901 6185
3 6101 6185 5901
3 6051 6101 5919
3 6016 6172 5886
3 6016 5886 5920
3 5920 5921 6132
3 6045 6018 5888
3 5888 5845 6045
3 6002 6045 5845
3 5966 5926 5980
3 6035 5977 6055
3 5892 5826 6007
3 5826 5939 6007
3 5939 5994 6007
3 6059 5960 6019
3 6136 6070 5778
3 5778 5978 6136
3 5983 5984 6066
3 5949 5971 6025
3 5880 6040 6026
3 5898 6028 6067
3 5987 5999 5952
3 5953 5987 5952
3 5915 5972 6029
3 5931 5965 6131
3 6000 6041 5867
3 6012 6112 5869
3 6050 5973 6013
3 6068 5899 5884
3 6043 6144 5900
3 6052 5902 5887
3 6053 6052 5887
3 6002 5903 6032
3 6086 5956 6122
3 6036 6122 5957
3 6074 6064 5892
3 6057 6069 5933
3 5933 6084 6057
3 6059 6058 5959
3 6019 5960 6135
3 5890 6135 5960
3 5982 6037 5910
3 6139 5998 5912
3 5880 5951 6040
3 5986 6027 6049
3 6067 6027 5882
3 5987 5953 6029
3 5915 6029 5953
3 6079 6131 5965
3 5866 5946 6030
3 6112 5868 5869
3 5989 6080 5918
3 6052 6115 5902
3 5854 6031 6102
3 6003 6032 5903
3 5974 5992 6034
3 5977 6086 6063
3 6007 6074 5892
3 5958 5976 6230
3 6084 5959 6058
3 5967 5934 5873
3 5891 5980 6062
3 6071 5856 6006
3 5856 5975 6006
3 5975 5993 6006
3 5993 5907 6054
3 6063 6055 5977
3 6064 6074 6073
3 6046 5997 5963
3 6038 6077 5928
3 5928 5834 6038
3 6207 6139 5912
3 5912 6008 6207
3 5983 6066 6087
3 6089 6128 5985
3 5985 5914 6089
3 6049 5951 5986
3 6012 6042 6113
3 6015 5870 6198
3 6017 6016 5920
3 5920 6132 6017
3 5922 6031 5955
3 6058 6059 6103
3 5890 6020 6060
3 5961 5934 6022
3 5979 6136 5978
3 5968 5991 6023
3 5991 6061 6166
3 6034 5926 5974
3 6006 5993 6121
3 5982 5928 6077
3 5941 5969 6065
3 5942 6192 6065
3 6008 6048 6167
3 6066 5984 6009
3 6078 6028 5999
3 6091 6078 5999
3 5999 5987 6091
3 5916 5931 6131
3 6030 6079 5866
3 5946 6041 6030
3 6112 6092 5868
3 6044 6102 6031
3 6032 6045 6002
3 6095 5962 6004
3 6005 5905 6083
3 6083 5905 6116
3 6062 5980 6033
3 5980 5926 6033
3 5992 6071 6212
3 6137 6007 5994
3 5995 5996 9741
3 6037 5982 6138
3 5943 5998 6125
3 5970 5983 6087
3 6111 6127 6010
3 6010 6011 6111
3 6039 6111 6011
3 6049 6040 5951
3 5916 6131 6130
3 6000 5868 6092
3 5921 6115 6132
3 6094 5922 6018
3 5990 5962 6162
3 5976 6082 6230
3 6083 6082 6005
3 6021 6060 6020
3 5979 6023 6205
3 6120 6061 5958
3 6230 6120 5958
3 5891 6062 6108
3 6054 5981 6106
3 6108 5994 5891
3 6076 9741 5996
3 6123 6076 5996
3 5997 6123 5996
3 6024 5910 6098
3 6037 6098 5910
3 5834 5941 6038
3 5941 6065 6124
3 6008 6167 6207
3 6066 6009 6168
3 5984 6025 6009
3 6049 6027 6170
3 6220 6170 6027
3 5987 6029 6091
3 6157 6091 6029
3 6015 6209 5989
3 6031 5922 6044
3 6162 6003 5990
3 6004 9737 6095
3 6230 6082 6096
3 6070 6119 5967
3 6199 6033 5926
3 6071 6006 6201
3 6035 6055 6072
3 6137 6074 6007
3 6153 6152 5997
3 6046 6153 5997
3 6048 5970 6252
3 5971 6141 6025
3 6088 5944 6142
3 5944 6110 6142
3 5914 6026 6089
3 6280 6089 6026
3 6026 6040 6099
3 6325 6099 6040
3 6027 6067 6220
3 6157 6029 6129
3 5972 6129 6029
3 6158 6112 6012
3 6113 6042 6255
3 6042 6050 6255
3 5899 6068 6159
3 6306 6144 6043
3 5917 6306 6043
3 6210 6172 6016
3 6017 6210 6016
3 6211 6053 6102
3 5922 6094 6186
3 6069 6057 6056
3 6135 5890 6177
3 6060 6177 5890
3 6060 6021 6085
3 5934 5967 6119
3 5991 6166 6023
3 9741 6076 6075
3 6123 5997 6152
3 6218 6153 6046
3 6046 6047 6218
3 6098 6037 6206
3 6125 6192 5942
3 6167 6048 6193
3 6140 6009 6025
3 6141 6140 6025
3 6099 6280 6026
3 6040 6049 6182
3 6000 6030 6041
3 6050 6013 6100
3 6209 6015 6198
3 6198 5870 6185
3 6052 6053 6145
3 6032 6003 6081
3 5926 6034 6199
3 6270 6034 5992
3 5992 6212 6270
3 6121 5993 6104
3 6054 6105 5993
3 5981 6035 6226
3 6072 6226 6035
3 6250 6072 6055
3 6055 6063 6250
3 6056 6116 6069
3 6084 6058 6204
3 6058 6103 6204
3 6103 6059 6097
3 6019 6097 6059
3 6022 6021 5961
3 6120 6166 6061
3 6121 6188 6006
3 6105 6054 6106
3 6106 5981 6226
3 6086 6122 6149
3 6203 6036 6064
3 6073 6203 6064
3 5927 6024 6098
3 6077 6138 5982
3 6125 5998 6179
3 6168 6087 6066
3 6169 6168 6009
3 6039 6128 6181
3 6220 6067 6090
3 6067 6028 6090
3 6113 6158 6012
3 5917 6080 6266
3 5989 6209 6080
3 6101 6051 6114
3 6115 6052 6093
3 6052 6145 6093
3 6018 6045 6094
3 6032 6094 6045
3 9737 6217 6095
3 6022 6085 6021
3 5934 6228 6022
3 6165 6119 6070
3 6136 6165 6070
3 6201 6006 6188
3 6105 6104 5993
3 6226 6072 6107
3 6122 6036 6203
3 6150 6137 5994
3 5994 6108 6150
3 6154 6218 6047
3 6047 5927 6154
3 5998 6139 6179
3 6193 6048 6252
3 6087 6168 6234
3 6181 6111 6039
3 6028 6078 6183
3 5988 6129 5972
3 5988 6130 6208
3 6113 6255 6158
3 6281 6255 6050
3 6211 6145 6053
3 6095 6162 5962
3 6175 6083 6116
3 6057 6084 6227
3 6204 6227 6084
3 6060 6085 6177
3 6205 6136 5979
3 6108 6062 6151
3 6173 6151 6062
3 6062 6033 6173
3 6212 6071 6200
3 6250 6107 6072
3 6098 6154 5927
3 6140 6169 6009
3 6088 6142 6126
3 6157 6156 6091
3 6092 6112 6236
3 6013 5899 6282
3 5899 6159 6282
3 6187 6186 6094
3 6032 6081 6161
3 6081 6003 6133
3 6162 6133 6003
3 6163 6082 6083
3 6175 6163 6083
3 6097 6117 6103
3 6205 6023 6229
3 6138 6206 6037
3 6109 6124 6065
3 6065 6192 6109
3 6155 6252 5970
3 5970 6087 6155
3 5971 6088 6126
3 6028 6183 6090
3 6156 6078 6091
3 6184 6129 5988
3 6000 6143 6030
3 6237 6281 6050
3 6100 6013 6282
3 6436 6306 5917
3 5917 6266 6436
3 6185 6101 6114
3 6132 6115 6356
3 6102 6044 6160
3 6044 5922 6186
3 6215 6073 6074
3 6074 6137 6215
3 6118 6085 6022
3 6118 6022 6228
3 6269 6228 5934
3 6119 6269 5934
3 6201 6200 6071
3 6107 6250 6148
3 6063 6086 6149
3 6244 6150 6108
3 6151 6244 6108
3 6234 6155 6087
3 6126 6141 5971
3 6208 6184 5988
3 6000 6092 6143
3 6221 6143 6092
3 6017 6132 6210
3 6093 6356 6115
3 6094 6032 6161
3 6134 6162 6095
3 6095 6217 6134
3 6019 6135 6164
3 6228 6268 6118
3 6165 6269 6119
3 6243 6188 6121
3 6121 6104 6243
3 6105 6174 6104
3 6105 6106 6360
3 6202 6149 6122
3 6122 6203 6202
3 6215 6203 6073
3 6123 6152 6262
3 6138 6077 6190
3 6273 6077 6038
3 6191 6273 6038
3 6038 5941 6191
3 5941 6124 6191
3 6128 6089 6219
3 6130 6131 6196
3 6050 6100 6237
3 6014 6001 6171
3 6356 6210 6132
3 6102 6307 6211
3 6147 6116 6056
3 6056 6057 6227
3 6216 6204 6103
3 6103 6117 6216
3 6177 6164 6135
3 6177 6085 6189
3 6166 6229 6023
3 6149 6250 6063
3 6150 6215 6137
3 6124 6109 6312
3 6168 6169 6277
3 6169 6140 6194
3 6140 6141 6278
3 6142 6110 6324
3 6127 6324 6110
3 6181 6128 6219
3 6280 6099 6377
3 6182 6325 6040
3 6288 6182 6049
3 6170 6288 6049
3 6131 6079 6196
3 6221 6092 6236
3 6158 6236 6112
3 6014 6159 6068
3 6001 6144 6171
3 6094 6161 6187
3 6283 6175 6116
3 6116 6147 6283
3 6097 6019 6176
3 6165 6136 6205
3 6199 6240 6033
3 6201 6188 6242
3 6214 6226 6107
3 6148 6214 6107
3 6076 6231 6075
3 6153 6262 6152
3 6098 6218 6154
3 6206 6138 6251
3 6251 6138 6178
3 6190 6178 6138
3 6142 6253 6126
3 6324 6127 6363
3 6127 6111 6363
3 6111 6181 6180
3 6289 6220 6090
3 6156 6157 6291
3 6157 6129 6184
3 6146 6307 6102
3 6186 6160 6044
3 6162 6134 6267
3 6097 6247 6117
3 6176 6019 6164
3 6085 6118 6248
3 6268 6248 6118
3 6133 6162 6267
3 6217 6267 6134
3 6192 6125 6446
3 6527 6207 6167
3 6155 6234 6265
3 6168 6277 6234
3 6194 6140 6278
3 6195 6170 6220
3 6303 6078 6156
3 6184 6291 6157
3 6184 6208 6292
3 6079 6030 6197
3 6305 6197 6030
3 6379 6237 6100
3 6239 6294 6051
3 6051 6172 6239
3 6210 6239 6172
3 6186 6187 6223
3 6173 6033 6259
3 6241 6199 6034
3 6034 6270 6241
3 6174 6105 6360
3 6360 6106 6225
3 6398 6250 6149
3 6202 6398 6149
3 6227 6204 6246
3 6176 6247 6097
3 6164 6177 6189
3 6248 6189 6085
3 6273 6190 6077
3 6179 6446 6125
3 6313 6325 6182
3 6197 6196 6079
3 6030 6143 6305
3 6255 6281 6256
3 6144 6306 6367
3 6238 6185 6222
3 6185 6114 6222
3 6243 6104 6213
3 6225 6106 6226
3 6309 6202 6203
3 6260 6309 6203
3 6096 6082 6245
3 6163 6245 6082
3 6189 6248 6339
3 6342 6229 6166
3 6166 6120 6342
3 6258 6120 6230
3 6230 6096 6311
3 6218 6098 6233
3 6191 6124 6375
3 6312 6375 6124
3 6167 6193 6274
3 6194 6277 6169
3 6141 6126 6253
3 6180 6363 6111
3 6219 6180 6181
3 6334 6288 6170
3 6289 6090 6235
3 6291 6303 6156
3 6326 6236 6158
3 6367 6171 6144
3 6185 6336 6198
3 6294 6114 6051
3 6160 6146 6102
3 6223 6160 6186
3 6267 6321 6133
3 6240 6259 6033
3 6199 6241 6240
3 6270 6212 6224
3 6212 6200 6249
3 6200 6201 6249
3 6242 6249 6201
3 6188 6243 6242
3 6174 6213 6104
3 6296 6214 6148
3 6148 6250 6297
3 6203 6215 6260
3 6247 6216 6117
3 6268 6228 6341
3 6120 6298 6342
3 6120 6258 6298
3 6133 6257 6081
3 6076 6123 6232
3 6123 6262 6232
3 6262 6153 6362
3 6263 6362 6153
3 6153 6218 6263
3 6098 6206 6264
3 6109 6192 6312
3 6193 6252 6274
3 6302 6253 6142
3 6219 6089 6287
3 6089 6280 6287
3 6182 6288 6313
3 6090 6183 6235
3 6254 6183 6078
3 6078 6303 6254
3 6304 6293 6208
3 6208 6196 6304
3 6198 6355 6209
3 6294 6222 6114
3 6344 6260 6215
3 6215 6150 6261
3 6150 6244 6261
3 6244 6151 6310
3 6056 6227 6428
3 6359 6269 6165
3 9573 6267 6217
3 6217 6231 9573
3 6264 6233 6098
3 6206 6323 6264
3 6446 6312 6192
3 6179 6139 6390
3 6142 6324 6302
3 6219 6287 6423
3 6289 6195 6220
3 6143 6221 6305
3 6209 6266 6080
3 6223 6187 6368
3 6261 6344 6215
3 6096 6245 6311
3 6330 6245 6163
3 6175 6330 6163
3 6056 6428 6147
3 6246 6428 6227
3 6216 6246 6204
3 6247 6176 6318
3 6341 6228 6358
3 6269 6358 6228
3 6165 6205 6401
3 6230 6311 6258
3 6231 6076 6332
3 6190 6273 6347
3 6301 6139 6207
3 6252 6155 6275
3 6234 6277 6276
3 6235 6183 6290
3 6335 6303 6291
3 6293 6292 6208
3 6197 6352 6196
3 6379 6281 6237
3 6238 6336 6185
3 6210 6356 6467
3 6187 6161 6308
3 6257 6308 6161
3 6338 6240 6241
3 6241 6270 6338
3 6226 6214 6271
3 6296 6148 6297
3 6244 6310 6418
3 6164 6318 6176
3 6189 6319 6164
3 6341 6340 6268
3 6401 6359 6165
3 6213 6317 6243
3 6174 6328 6213
3 6225 6226 6271
3 6398 6202 6343
3 6418 6261 6244
3 6263 6218 6299
3 6233 6264 6272
3 6264 6323 6300
3 6388 6323 6206
3 6345 6388 6206
3 6206 6251 6345
3 6301 6390 6139
3 6274 6252 6275
3 6155 6265 6348
3 6276 6265 6234
3 6278 6141 6279
3 6141 6253 6279
3 6099 6325 6377
3 6170 6195 6314
3 6352 6304 6196
3 6236 6378 6221
3 6158 6255 6326
3 6256 6326 6255
3 6100 6282 6379
3 6367 6306 6380
3 6266 6209 6355
3 6355 6198 6336
3 6145 6356 6093
3 6307 6146 6316
3 6187 6308 6368
3 6257 6133 6321
3 6216 6247 6400
3 6318 6164 6471
3 6319 6471 6164
3 6248 6268 6320
3 6205 6229 6401
3 6338 6270 6224
3 6249 6224 6212
3 6317 6432 6242
3 6242 6243 6317
3 6403 6344 6261
3 6418 6403 6261
3 6173 6310 6151
3 9573 6231 6284
3 6231 6332 6284
3 6232 6285 6076
3 6232 6262 6286
3 6362 6286 6262
3 6233 6299 6218
3 6347 6178 6190
3 6351 6180 6219
3 6314 6334 6170
3 6291 6184 6462
3 6366 6462 6184
3 6305 6221 6378
3 6326 6465 6236
3 6014 6171 6159
3 6210 6295 6239
3 6211 6437 6145
3 6357 6246 6216
3 6216 6400 6357
3 6318 6370 6247
3 6339 6319 6189
3 6320 6339 6248
3 6268 6340 6320
3 6359 6358 6269
3 6173 6259 6327
3 6242 6397 6249
3 6398 6297 6250
3 6309 6343 6202
3 6285 6332 6076
3 6300 6374 6264
3 6446 6179 6390
3 6207 6527 6301
3 6412 6527 6167
3 6167 6376 6412
3 6274 6376 6167
3 6155 6348 6275
3 6423 6351 6219
3 6377 6287 6280
3 6184 6292 6366
3 6354 6256 6281
3 6379 6354 6281
3 6295 6210 6467
3 6356 6145 6381
3 6307 6437 6211
3 6469 6311 6245
3 6245 6330 6469
3 6369 6246 6357
3 6361 6322 9573
3 6284 6361 9573
3 6286 6285 6232
3 6362 6263 6333
3 6299 6333 6263
3 6272 6299 6233
3 6272 6264 6374
3 6345 6251 6346
3 6178 6346 6251
3 6347 6273 6445
3 6273 6191 6445
3 6375 6445 6191
3 6253 6302 6413
3 6288 6334 6313
3 6235 6315 6289
3 6254 6290 6183
3 6353 6378 6236
3 6465 6353 6236
3 6355 6436 6266
3 6238 6405 6336
3 6173 6327 6419
3 6417 6249 6397
3 6296 6271 6214
3 6297 6434 6296
3 6455 6283 6147
3 6331 6428 6246
3 6369 6331 6246
3 6359 6401 6491
3 6321 6267 6322
3 6284 6332 6473
3 6276 6277 6421
3 6476 6421 6277
3 6194 6278 6448
3 6279 6350 6278
3 6393 6254 6303
3 6352 6293 6304
3 6579 6380 6306
3 6306 6436 6579
3 6453 6381 6145
3 6437 6453 6145
3 6437 6307 6518
3 6316 6518 6307
3 6368 6308 6395
3 6257 6395 6308
3 6259 6240 6337
3 6240 6338 6337
3 6432 6397 6242
3 6328 6174 6360
3 6310 6173 6419
3 6399 6175 6283
3 6229 6342 6371
3 6411 6375 6312
3 6446 6411 6312
3 6275 6376 6274
3 6349 6277 6194
3 6194 6448 6349
3 6536 6423 6287
3 6287 6377 6536
3 6377 6325 6495
3 6392 6325 6313
3 6334 6478 6313
3 6334 6314 6365
3 6315 6195 6289
3 6462 6335 6291
3 6222 6405 6238
3 6467 6356 6381
3 6146 6160 6316
3 6417 6224 6249
3 6398 6531 6297
3 6309 6260 6384
3 6442 6418 6310
3 6399 6330 6175
3 6283 6455 6399
3 6370 6400 6247
3 6471 6319 6429
3 6472 6429 6319
3 6319 6339 6472
3 6430 6339 6320
3 6229 6371 6416
3 6372 6257 6321
3 6272 6333 6299
3 6374 6300 6409
3 6300 6323 6410
3 6277 6349 6476
3 6279 6253 6413
3 6302 6477 6413
3 6392 6495 6325
3 6451 6292 6293
3 6487 6197 6305
3 6465 6326 6466
3 6326 6256 6515
3 6406 6316 6160
3 6160 6223 6406
3 6396 6338 6224
3 6317 6213 6402
3 6360 6482 6328
3 6225 6271 6433
3 6329 6433 6271
3 6340 6430 6320
3 6372 6321 6386
3 6321 6322 6427
3 6322 6361 6427
3 6373 6473 6332
3 6285 6373 6332
3 6389 6346 6178
3 6347 6389 6178
3 6391 6376 6275
3 6278 6350 6448
3 6324 6363 6435
3 6351 6363 6180
3 6425 6478 6334
3 6334 6365 6425
3 6235 6414 6315
3 6235 6290 6426
3 6293 6352 6394
3 6463 6487 6305
3 6378 6463 6305
3 6159 6379 6282
3 6171 6367 6452
3 6355 6336 6405
3 6405 6222 6488
3 6417 6396 6224
3 6402 6480 6317
3 6328 6402 6213
3 6382 6329 6271
3 6296 6382 6271
3 6384 6343 6309
3 6440 6147 6428
3 6430 6472 6339
3 6342 6298 6371
3 6480 6432 6317
3 6328 6585 6402
3 6225 6482 6360
3 6383 6382 6296
3 6434 6383 6296
3 6434 6297 6531
3 6387 6361 6284
3 6391 6275 6348
3 6423 6536 6364
3 6424 6392 6313
3 6313 6478 6424
3 6450 6393 6303
3 6303 6335 6450
3 6496 6366 6292
3 6352 6197 6415
3 6407 6406 6223
3 6372 6395 6257
3 6484 6469 6330
3 6399 6484 6330
3 6440 6455 6147
3 6543 6541 6357
3 6357 6400 6543
3 6341 6385 6340
3 6401 6229 6416
3 6298 6258 6458
3 6337 6327 6259
3 6337 6338 6530
3 6338 6396 6530
3 6403 6493 6344
3 6419 6442 6310
3 6284 6473 6387
3 6286 6420 6285
3 6286 6362 6459
3 6333 6459 6362
3 6300 6410 6409
3 6389 6347 6461
3 6445 6461 6347
3 6302 6324 6435
3 6315 6314 6195
3 6462 6450 6335
3 6451 6496 6292
3 6394 6451 6293
3 6159 6171 6452
3 6380 6452 6367
3 6436 6355 6404
3 6294 6488 6222
3 6438 6223 6368
3 6395 6438 6368
3 6386 6321 6427
3 6369 6357 6558
3 6541 6558 6357
3 6318 6489 6370
3 6385 6341 6431
3 6358 6431 6341
3 6544 6371 6298
3 6258 6311 6458
3 6459 6420 6286
3 6272 6374 6408
3 6323 6388 6410
3 6388 6534 6525
3 6460 6388 6345
3 6507 6345 6346
3 6642 6391 6348
3 6348 6265 6447
3 6265 6276 6447
3 6363 6351 6422
3 6495 6536 6377
3 6414 6235 6426
3 6426 6290 6449
3 6393 6449 6254
3 6393 6450 6513
3 6496 6462 6366
3 6487 6415 6197
3 6256 6354 6515
3 6295 6294 6239
3 6492 6329 6382
3 6384 6260 6601
3 6428 6331 6571
3 6558 6331 6369
3 6489 6502 6370
3 6470 6489 6318
3 6318 6471 6470
3 6298 6458 6544
3 6422 6435 6363
3 6414 6511 6315
3 6295 6467 6497
3 6521 6530 6396
3 6396 6417 6521
3 6432 6485 6397
3 6384 6601 6504
3 6399 6455 6439
3 6502 6543 6400
3 6400 6370 6502
3 6358 6359 6491
3 6311 6469 6458
3 6482 6481 6328
3 6343 6384 6504
3 6601 6260 6344
3 6344 6493 6601
3 6515 6466 6326
3 6379 6159 6528
3 6159 6452 6528
3 6452 6380 6516
3 6579 6516 6380
3 6405 6404 6355
3 6499 6395 6372
3 6374 6409 6444
3 6460 6534 6388
3 6445 6375 6509
3 6375 6411 6509
3 6446 6390 6608
3 6301 6527 6526
3 6276 6421 6447
3 6413 6350 6279
3 6365 6314 6552
3 6426 6479 6414
3 6385 6430 6340
3 6491 6431 6358
3 6327 6547 6419
3 6613 6521 6417
3 6441 6492 6382
3 6382 6383 6441
3 6434 6441 6383
3 6398 6343 6483
3 6504 6483 6343
3 6403 6418 6505
3 6442 6505 6418
3 6408 6374 6474
3 6444 6474 6374
3 6525 6410 6388
3 6365 6552 6425
3 6314 6315 6552
3 6513 6449 6393
3 6294 6295 6517
3 6316 6406 6454
3 6438 6407 6223
3 6386 6427 9760
3 6455 6440 6456
3 6647 6440 6428
3 6428 6571 6647
3 6491 6401 6457
3 6401 6416 6457
3 6530 6583 6327
3 6327 6337 6530
3 6417 6397 6584
3 6485 6584 6397
3 6531 6398 6483
3 6505 6493 6403
3 6506 9760 6361
3 6361 6387 6506
3 6333 6272 6443
3 6408 6443 6272
3 6507 6460 6345
3 6411 6446 6475
3 6494 6608 6390
3 6390 6301 6494
3 6510 6412 6376
3 6391 6510 6376
3 6550 6421 6476
3 6511 6552 6315
3 6511 6414 6576
3 6479 6576 6414
3 6622 6451 6394
3 6464 6463 6353
3 6353 6465 6464
3 6579 6436 6539
3 6404 6592 6436
3 6488 6294 6517
3 6381 6453 6468
3 6406 6407 6498
3 6439 6484 6399
3 6471 6429 6529
3 6585 6480 6402
3 6585 6328 6481
3 6442 6419 6546
3 6443 6459 6333
3 6509 6461 6445
3 6608 6475 6446
3 6448 6350 6595
3 6351 6423 6551
3 6590 6495 6392
3 6424 6478 6610
3 6479 6426 6512
3 6426 6449 6512
3 6622 6394 6486
3 6415 6486 6394
3 6556 6515 6354
3 6591 6528 6452
3 6437 6659 6453
3 6557 6498 6407
3 6407 6438 6557
3 6456 6439 6455
3 6501 6571 6331
3 6331 6558 6501
3 6458 6469 6503
3 6499 6386 9756
3 6386 9760 9756
3 6443 6420 6459
3 6524 6409 6410
3 6410 6525 6524
3 6346 6389 6508
3 6461 6508 6389
3 6392 6424 6590
3 6450 6462 6538
3 6462 6496 6578
3 6514 6487 6463
3 6463 6464 6514
3 6465 6466 6555
3 6515 6555 6466
3 6673 6556 6354
3 6354 6379 6673
3 6516 6591 6452
3 6592 6539 6436
3 6517 6295 6687
3 6468 6497 6467
3 6467 6381 6468
3 6659 6468 6453
3 6454 6518 6316
3 6498 6454 6406
3 6566 6438 6395
3 6519 6566 6395
3 6547 6327 6583
3 6599 6485 6432
3 6432 6480 6599
3 6547 6546 6419
3 6469 6484 6500
3 6440 6647 6456
3 6502 6489 6559
3 6470 6471 6529
3 6472 6520 6429
3 6561 6472 6430
3 6430 6385 6581
3 6534 6460 6718
3 6755 6348 6447
3 6476 6349 6550
3 6302 6435 6726
3 6551 6423 6364
3 6552 6511 6564
3 6612 6673 6379
3 6379 6528 6612
3 6568 6530 6521
3 6613 6417 6584
3 6570 6482 6225
3 6225 6433 6570
3 6329 6492 6573
3 6441 6434 6531
3 6431 6490 6385
3 6568 6666 6530
3 6433 6329 6574
3 6373 6522 6473
3 6408 6474 6523
3 6524 6563 6409
3 6461 6509 6549
3 6589 6349 6448
3 6448 6595 6589
3 6535 6595 6350
3 6350 6413 6535
3 6672 6590 6424
3 6424 6610 6672
3 6512 6576 6479
3 6622 6496 6451
3 6405 6540 6404
3 6405 6488 6675
3 6488 6517 6625
3 6437 6565 6659
3 6565 6437 6518
3 9756 6519 6499
3 6469 6500 6582
3 6543 6502 6631
3 6489 6470 6572
3 6529 6572 6470
3 6561 6560 6472
3 6694 6561 6430
3 6581 6694 6430
3 6490 6581 6385
3 6431 6491 6628
3 6503 6544 6458
3 6582 6503 6469
3 6481 6482 6600
3 6573 6574 6329
3 6545 6573 6492
3 6492 6441 6545
3 6532 6505 6442
3 6442 6546 6532
3 6443 6408 6523
3 6563 6444 6409
3 6718 6460 6548
3 6460 6507 6548
3 6507 6346 6508
3 6508 6461 6549
3 6301 6526 6494
3 6588 6642 6348
3 6348 6755 6588
3 6413 6477 6535
3 6726 6477 6302
3 6551 6422 6351
3 6512 6449 6553
3 6513 6553 6449
3 6578 6538 6462
3 6555 6598 6464
3 6464 6465 6555
3 6515 6556 6658
3 6497 6687 6295
3 6502 6559 6631
3 6572 6559 6489
3 6472 6560 6520
3 6416 6371 6650
3 6371 6544 6650
3 6521 6613 6569
3 6570 6433 6574
3 6493 6505 6532
3 6562 6387 6473
3 6522 6562 6473
3 6420 6443 6575
3 6523 6474 6607
3 6474 6444 6607
3 6593 6563 6524
3 6718 6771 6534
3 6587 6549 6509
3 6509 6411 6587
3 6475 6587 6411
3 6619 6421 6550
3 6349 6589 6620
3 6477 6726 6621
3 6552 6564 6655
3 6576 6684 6511
3 6513 6450 6537
3 6486 6415 6611
3 6415 6487 6611
3 6658 6555 6515
3 6675 6488 6625
3 6517 6580 6625
3 6687 6580 6517
3 6566 6557 6438
3 6484 6439 6668
3 6543 6542 6541
3 6569 6568 6521
3 6531 6545 6441
3 6723 6619 6550
3 6550 6349 6620
3 6621 6535 6477
3 6552 6655 6425
3 6514 6611 6487
3 6591 6612 6528
3 6675 6540 6405
3 6498 6557 6646
3 6732 6557 6566
3 6668 6500 6484
3 6439 6456 6668
3 6713 6682 6571
3 6571 6501 6713
3 6572 6529 6604
3 6431 6628 6490
3 6491 6457 6628
3 6667 6544 6503
3 6666 6583 6530
3 6584 6707 6613
3 6570 6600 6482
3 6798 6532 6546
3 6533 6798 6546
3 6605 6639 6506
3 6506 6387 6605
3 6642 6588 6862
3 6726 6435 6727
3 6610 6478 6654
3 6425 6654 6478
3 6564 6511 6596
3 6537 6450 6538
3 6496 6622 6554
3 6542 6558 6541
3 6529 6520 6604
3 6547 6583 6746
3 6633 6574 6573
3 6573 6545 6633
3 6531 6615 6545
3 6483 6615 6531
3 6616 6504 6601
3 6546 6547 6533
3 6524 6525 6593
3 6641 6593 6525
3 6525 6534 6641
3 6594 6548 6507
3 6507 6508 6594
3 6527 6412 6740
3 6619 6447 6421
3 6724 6723 6550
3 6620 6724 6550
3 6596 6511 6684
3 6553 6513 6577
3 6514 6464 6645
3 6598 6645 6464
3 6658 6598 6555
3 6815 6673 6612
3 6592 6404 6540
3 6454 6498 6785
3 6630 6632 6559
3 6559 6572 6630
3 6628 6457 6649
3 6416 6649 6457
3 6562 6605 6387
3 6563 6593 6702
3 6391 6642 6830
3 6609 6364 6536
3 6536 6495 6609
3 6757 6609 6495
3 6495 6590 6757
3 6596 6655 6564
3 6538 6578 6686
3 6597 6578 6496
3 6496 6554 6597
3 6468 6659 6743
3 6565 6518 6626
3 6566 6567 6732
3 6584 6485 6614
3 6582 6500 6749
3 6647 6571 6669
3 6558 6542 6629
3 6631 6559 6632
3 6520 6560 6604
3 6490 6824 6581
3 6746 6533 6547
3 6568 6569 6661
3 6599 6662 6485
3 6633 6545 6627
3 6615 6627 6545
3 6483 6504 6634
3 6616 6634 6504
3 6493 6532 6635
3 6617 6586 9973
3 6522 9651 6911
3 6618 6443 6523
3 6606 6618 6523
3 6523 6607 6683
3 6508 6549 6653
3 6549 6587 6653
3 6510 6740 6412
3 6510 6391 6830
3 6364 6880 6551
3 6654 6644 6610
3 6684 6576 6704
3 6553 6656 6512
3 6577 6513 6657
3 6486 6623 6622
3 6598 6658 6781
3 6802 6516 6579
3 6557 6732 6646
3 6668 6603 6500
3 6713 6501 6629
3 6501 6558 6629
3 6631 6542 6543
3 6572 6604 6630
3 6604 6560 6681
3 6824 6694 6581
3 6651 6667 6503
3 6503 6582 6651
3 6661 6666 6568
3 6839 6569 6613
3 6707 6584 6614
3 6614 6485 6662
3 6522 6737 6562
3 6575 6443 6640
3 6444 6563 6701
3 6422 6727 6435
3 6422 6551 6741
3 6655 6654 6425
3 6645 6611 6514
3 6518 6454 6626
3 6785 6626 6454
3 9758 6567 9756
3 6571 6682 6669
3 6632 6630 6671
3 6560 6561 6681
3 6676 6638 9973
3 6638 9766 6617
3 6562 6737 6817
3 6737 6522 6911
3 6607 6444 6699
3 6641 6702 6593
3 6752 6534 6771
3 6718 6548 6772
3 6720 6772 6548
3 6548 6594 6720
3 6703 6526 6527
3 6527 6740 6703
3 6589 6595 6725
3 6576 6512 6704
3 6656 6704 6512
3 6624 6623 6486
3 6540 6759 6592
3 6731 6497 6468
3 6468 6743 6731
3 6565 6836 6659
3 6480 6585 6709
3 6585 6481 6663
3 6600 6663 6481
3 6616 6601 6678
3 6635 6678 6601
3 6601 6493 6635
3 6533 6762 6798
3 6630 6604 9963
3 6694 6681 6561
3 6650 6649 6416
3 6697 6650 6544
3 6749 6651 6582
3 9980 6676 9973
3 6699 6444 6701
3 6534 6752 6641
3 6594 6508 6652
3 6653 6587 6848
3 6703 6494 6526
3 6831 6755 6447
3 6643 6447 6619
3 6820 6620 6589
3 6725 6820 6589
3 6726 6727 6756
3 6741 6551 6880
3 6590 6672 6757
3 6655 6596 6728
3 6553 6577 6656
3 6537 6657 6513
3 6758 6597 6554
3 6646 6732 6660
3 9757 6732 6567
3 6839 6661 6569
3 6707 6839 6613
3 6709 6599 6480
3 6483 6634 6692
3 6616 6678 6842
3 6617 6764 6586
3 6562 6817 6605
3 6911 9651 6716
3 6618 6640 6443
3 6653 6652 6508
3 6447 6643 6831
3 6610 6644 6672
3 6774 6728 6596
3 6684 6774 6596
3 6577 6657 6685
3 6622 6623 6554
3 6922 6554 6623
3 6623 6624 6780
3 6851 6612 6591
3 6802 6579 6674
3 6579 6539 6674
3 6687 6497 6731
3 6743 6659 6760
3 6709 6708 6599
3 6663 6709 6585
3 6798 6711 6532
3 6533 6746 6762
3 6637 6764 6617
3 6544 6667 6697
3 6500 6603 6749
3 6713 6629 6648
3 6629 6542 6714
3 6632 6769 6631
3 9766 6638 6664
3 6456 6647 6698
3 6670 6542 6631
3 6631 6769 6670
3 9963 6604 6712
3 6604 6681 6712
3 6490 6748 6824
3 6690 6777 6746
3 6746 6583 6690
3 6666 6690 6583
3 6665 6706 6666
3 6662 6795 6614
3 6779 6677 6574
3 6574 6633 6779
3 6745 6779 6633
3 6627 6745 6633
3 6692 6615 6483
3 6842 6634 6616
3 6635 6532 6711
3 6680 6636 6602
3 6734 6680 6602
3 6602 6586 6734
3 6688 6664 6638
3 6639 6605 6736
3 6754 6722 6475
3 6475 6608 6754
3 6862 6830 6642
3 6741 6727 6422
3 6686 6537 6538
3 6597 6686 6578
3 6624 6611 6705
3 6611 6645 6705
3 6834 6556 6673
3 6802 6591 6516
3 6759 6539 6592
3 6675 6625 6742
3 6625 6580 6742
3 6760 6784 6743
3 6910 6785 6498
3 6498 6646 6910
3 6456 6698 6668
3 6647 6669 6698
3 6670 6714 6542
3 6769 6632 6671
3 6649 6650 6696
3 6736 6770 6639
3 6715 6736 6605
3 6653 6753 6652
3 6722 6587 6475
3 6494 6754 6608
3 6793 6643 6619
3 6723 6793 6619
3 6765 6704 6656
3 6729 6685 6657
3 6801 6645 6598
3 6598 6781 6801
3 6781 6658 6730
3 6658 6556 6730
3 6965 6742 6580
3 6690 6666 6706
3 6795 6691 6614
3 6599 6708 6662
3 6600 6570 6778
3 6764 6693 6586
3 6689 6664 6688
3 6661 6665 6666
3 6691 6707 6614
3 6574 6778 6570
3 6681 6694 6894
3 6804 6603 6668
3 6698 6804 6668
3 6750 6682 6713
3 6605 6817 6715
3 6606 6640 6618
3 6738 6683 6751
3 6699 6751 6683
3 6701 6563 6702
3 6702 6641 6818
3 6861 6818 6641
3 6722 6848 6587
3 6754 6494 7071
3 6535 6725 6595
3 6535 6621 6863
3 6879 6863 6621
3 6726 6879 6621
3 6609 6880 6364
3 6657 6537 6729
3 6686 6729 6537
3 6782 6730 6556
3 6556 6834 6782
3 6835 6675 6742
3 6688 6638 6733
3 6689 6761 6664
3 6663 6600 6778
3 6677 6779 6868
3 6842 6692 6634
3 6711 6710 6635
3 6679 6636 6763
3 6807 6763 6636
3 6636 6680 6807
3 6693 6734 6586
3 6712 6681 6843
3 6490 6628 6695
3 6649 6695 6628
3 6714 6648 6629
3 6738 6791 6606
3 6699 6701 6700
3 6721 6753 6653
3 6848 6721 6653
3 6740 6510 6830
3 6830 6862 7072
3 6656 6577 6799
3 6964 6851 6591
3 6965 6580 6884
3 6816 6884 6580
3 6580 6687 6816
3 6687 6731 6816
3 6743 6784 6783
3 6836 6760 6659
3 6837 6910 6646
3 6733 6776 6688
3 6661 6839 6890
3 6795 6662 6810
3 6663 6744 6709
3 6677 6778 6574
3 6842 6813 6692
3 6824 6894 6694
3 6695 6748 6490
3 6696 6650 6895
3 6650 6697 6895
3 7001 6697 6667
3 6791 6640 6606
3 6751 6792 6738
3 6700 6751 6699
3 6702 6717 6701
3 6641 6752 6976
3 6740 6830 6829
3 6672 6644 6821
3 6799 6765 6656
3 6685 6729 6800
3 6597 6814 6686
3 6815 6834 6673
3 6612 6851 6815
3 6591 6802 6964
3 6759 6674 6539
3 6540 6675 6835
3 6626 6836 6565
3 6785 6948 6626
3 6660 6837 6646
3 6761 6775 9768
3 6797 6662 6708
3 6744 6797 6708
3 6708 6709 6744
3 6615 6692 6946
3 6813 6946 6692
3 6710 6678 6635
3 6897 6764 6637
3 6735 6897 6637
3 9963 6712 6747
3 6825 6749 6603
3 6750 6669 6682
3 6768 6750 6648
3 6648 6714 6768
3 9975 6769 6671
3 6700 6701 6717
3 6772 6719 6718
3 6848 6722 6739
3 6723 6724 6819
3 6901 6757 6672
3 6821 6901 6672
3 6644 6832 6821
3 6577 6685 6799
3 6814 6729 6686
3 6883 6922 6623
3 6623 6780 6883
3 6801 6705 6645
3 6782 7043 6730
3 6836 6626 6948
3 6775 9773 9768
3 6806 6776 6733
3 6761 6689 6823
3 6689 6776 6860
3 6690 6706 6905
3 6707 6691 6839
3 6744 6663 6840
3 6778 6840 6663
3 6766 6747 6712
3 6712 6843 6766
3 6804 6825 6603
3 6713 6648 6750
3 6787 6911 6716
3 6716 6640 6787
3 6717 6702 6789
3 6641 6976 6861
3 6719 6772 6990
3 6828 6703 6740
3 6740 6829 6828
3 6644 6654 6832
3 6597 6758 6865
3 6554 6922 6758
3 6835 6759 6540
3 6795 6918 6691
3 6778 6677 6811
3 6779 6745 6841
3 6745 6627 6841
3 6904 6710 6711
3 6711 6798 6904
3 6777 6762 6746
3 6808 6680 6734
3 6734 6693 6808
3 6809 6808 6693
3 6764 6809 6693
3 6843 6681 6767
3 6651 7001 6667
3 6844 6651 6749
3 6749 6825 6844
3 6804 6698 6914
3 6845 6714 6670
3 6826 6845 6670
3 6670 6769 6826
3 6715 6817 7064
3 6792 6751 6788
3 6718 6719 6977
3 6721 6916 6753
3 7071 6722 6754
3 6831 6588 6755
3 6793 6723 6819
3 6790 6620 6820
3 6756 6727 6773
3 6727 6741 6773
3 7027 6880 6609
3 6728 6774 6849
3 6850 9726 6684
3 6684 6704 6850
3 6758 6922 6833
3 6732 9757 6967
3 6860 6823 6689
3 6777 6690 6905
3 6905 6706 6853
3 6869 6853 6706
3 6706 6665 6869
3 6852 6869 6665
3 6665 6661 6852
3 6661 6890 6852
3 6918 6839 6691
3 6842 6678 7012
3 6678 6710 7012
3 6679 6763 9965
3 6809 6764 6897
3 6847 6897 6735
3 9581 6765 6799
3 6814 6882 6729
3 6865 6814 6597
3 6802 6674 6923
3 6742 6982 6835
3 6783 6731 6743
3 6924 6660 6732
3 6732 6967 6924
3 6894 6767 6681
3 6895 6856 6696
3 6896 6698 6669
3 6669 6750 6896
3 6845 6768 6714
3 6826 6769 9975
3 6786 6838 6770
3 6770 6736 6786
3 6787 6925 6911
3 6738 6792 6791
3 6700 6788 6751
3 6772 6720 6990
3 6652 6720 6594
3 6827 6494 6703
3 6877 6862 6588
3 6588 6831 6877
3 6724 6620 6878
3 6620 6790 6878
3 6863 6725 6535
3 6726 6756 7025
3 6958 7027 6609
3 6774 6684 6849
3 9726 6849 6684
3 9581 6850 6704
3 9773 6775 6874
3 6775 6887 6822
3 6775 6761 6887
3 6761 6823 6803
3 6860 6776 6805
3 6806 6805 6776
3 6810 6662 6796
3 6797 6796 6662
3 6840 6797 6744
3 6811 6840 6778
3 6811 6677 6961
3 6868 6961 6677
3 6627 6615 6812
3 6946 6812 6615
3 6962 6798 6762
3 6846 6807 6680
3 6923 6964 6802
3 7034 6817 6737
3 6911 7034 6737
3 6640 6791 6787
3 6818 6789 6702
3 6771 6718 6977
3 6652 6753 6916
3 7071 6494 6827
3 6879 6726 7025
3 6741 6880 6773
3 6609 6757 6958
3 6901 6958 6757
3 6849 6794 6728
3 6822 6874 6775
3 6803 6887 6761
3 6747 6766 6855
3 6649 6696 6928
3 9609 6787 6791
3 6752 6771 6977
3 6828 6827 6703
3 7026 6773 6880
3 6901 6821 6959
3 6832 6939 6821
3 6840 6867 6797
3 6798 6962 6904
3 6963 6962 6762
3 6762 6777 6963
3 6680 6808 6846
3 6907 6799 6685
3 6800 6907 6685
3 6833 6921 6758
3 6705 6801 7016
3 7103 7016 6801
3 6947 7103 6801
3 6801 6781 6947
3 6968 6786 6736
3 6736 6715 6968
3 6766 6843 6855
3 6872 6843 6767
3 6894 6824 6927
3 6695 6649 6928
3 6856 6928 6696
3 6847 6898 6897
3 6841 6868 6779
3 9581 6799 6864
3 6907 6864 6799
3 6883 6780 7015
3 6781 6730 6947
3 6980 7043 6782
3 6782 6834 6980
3 7017 6884 6816
3 6816 6731 7017
3 6783 7017 6731
3 7033 6948 6785
3 6700 6717 6876
3 6861 6900 6818
3 6643 6793 6831
3 6793 6819 6956
3 6939 6959 6821
3 6860 9983 6889
3 6767 6894 6926
3 6927 6824 6748
3 6928 6748 6695
3 6896 6914 6698
3 6768 6930 6750
3 6808 6809 6932
3 6870 6893 6847
3 9609 6791 6866
3 6875 6788 6700
3 6700 6876 6875
3 6789 6876 6717
3 6915 6861 6976
3 6977 6976 6752
3 6828 6829 6937
3 6819 6724 7221
3 6878 7221 6724
3 6907 6800 6908
3 6800 6882 6908
3 6998 6981 6851
3 6851 6964 6998
3 6886 6910 6837
3 6837 6660 6886
3 6786 9759 6838
3 6890 6839 6902
3 6839 6918 6902
3 6918 6795 6941
3 6810 6941 6795
3 6867 6840 6943
3 6841 6627 6812
3 6813 6842 6993
3 7012 6993 6842
3 6855 6843 6872
3 6844 6825 6950
3 6914 6825 6804
3 6951 6930 6768
3 6845 6951 6768
3 6845 6826 6873
3 9965 7046 6892
3 6763 6807 7046
3 6846 6808 7024
3 6897 6932 6809
3 6893 6898 6847
3 6871 9770 6933
3 6900 6789 6818
3 6990 6720 7069
3 6721 6848 6936
3 7221 6956 6819
3 6957 6790 6820
3 6820 6725 6957
3 6863 6957 6725
3 6654 6794 6881
3 6865 6882 6814
3 6921 6865 6758
3 7016 7015 6705
3 6834 6815 7170
3 6981 6815 6851
3 6760 6836 6885
3 6817 7034 7064
3 6791 6792 6866
3 6796 6797 6942
3 6867 6942 6797
3 6944 6943 6840
3 6840 6811 6944
3 6961 6868 6945
3 6777 6905 6891
3 6854 9793 9791
3 9793 6854 9783
3 6855 6872 9966
3 6926 6872 6767
3 6748 6928 6970
3 6914 7003 6825
3 6930 6985 6750
3 6857 9777 6934
3 9942 6934 9777
3 6858 6859 9762
3 6889 6823 6860
3 6915 6900 6861
3 7047 7069 6720
3 6720 6652 7047
3 6916 7047 6652
3 6848 6739 6936
3 6829 6830 7048
3 6830 7072 7048
3 6939 6832 7074
3 6832 6654 7074
3 6881 7074 6654
3 9581 6864 6920
3 7015 7083 6883
3 6947 6730 7031
3 7170 6980 6834
3 6742 6965 7172
3 6966 7017 6783
3 6784 6760 7060
3 7061 7060 6760
3 6660 6924 7111
3 6788 7020 6792
3 6875 9764 6788
3 6940 7010 6854
3 6854 9791 6940
3 6941 7011 6918
3 7076 6945 6868
3 6868 6841 7076
3 6905 6853 6906
3 9790 6906 6853
3 6853 6869 9790
3 7038 6807 6846
3 7024 7038 6846
3 6870 6871 6933
3 9770 9765 6933
3 6823 7023 6803
3 6912 6889 9983
3 7001 6651 7002
3 6896 6984 6914
3 6896 6750 6985
3 6934 7000 6857
3 7065 6859 6874
3 6899 6875 6876
3 6876 6789 6935
3 6828 6937 7257
3 6938 6862 6877
3 6756 6773 7073
3 7026 6880 6991
3 7027 6991 6880
3 6908 6979 6907
3 6882 6865 6997
3 7083 6922 6883
3 6965 6884 7032
3 6885 7061 6760
3 6785 6910 7062
3 6999 6886 6660
3 6660 7111 6999
3 6786 6968 7085
3 6911 6925 6969
3 6866 7019 9609
3 6788 9764 6949
3 6822 7065 6874
3 6852 6890 6917
3 6995 6917 6890
3 6890 6902 6995
3 6903 6810 6942
3 6810 6796 6942
3 6942 6867 6919
3 6961 6944 6811
3 6891 6963 6777
3 6893 6870 6953
3 6872 6913 9966
3 6926 6894 6927
3 6895 6697 6929
3 6697 7001 6929
3 6950 7002 6651
3 6651 6844 6950
3 7003 6950 6825
3 6971 6984 6896
3 6985 6971 6896
3 6952 6951 6845
3 6845 6873 6952
3 6873 9962 6952
3 7038 6986 6807
3 6932 6974 6808
3 6932 6897 6988
3 6897 6898 6988
3 6954 6953 6870
3 6899 6876 7006
3 6936 7070 6721
3 6827 6828 7007
3 7257 7007 6828
3 7072 6862 7220
3 7160 6957 6863
3 7039 6940 9791
3 6902 6918 6960
3 6941 6810 6903
3 6891 6905 7098
3 6906 7098 6905
3 6931 6892 7046
3 6920 6864 7029
3 6864 6907 6979
3 7043 7031 6730
3 6982 6909 6835
3 6742 7172 7044
3 7034 6911 6969
3 7008 9948 9957
3 7000 7014 6975
3 6975 6857 7000
3 6934 9942 9943
3 6822 6887 6983
3 6856 6895 6929
3 6930 6951 6972
3 6935 7006 6876
3 6789 6900 6989
3 7007 7071 6827
3 6938 7220 6862
3 7094 6831 6793
3 6863 6879 7201
3 7025 7201 6879
3 7039 6992 6940
3 6995 6902 6960
3 6918 7011 6960
3 6906 9790 9779
3 6920 9723 9581
3 7029 6864 6979
3 6882 7013 6908
3 6922 7083 6833
3 7103 7151 7016
3 7296 6674 6759
3 6835 7296 6759
3 6982 6742 7044
3 6784 6966 6783
3 6885 6836 6948
3 7062 7033 6785
3 7018 7062 6910
3 6910 6886 7018
3 9625 7111 6924
3 6924 6967 9625
3 9624 9759 7085
3 9759 6786 7085
3 6715 7064 6968
3 7019 6866 7020
3 6866 6792 7020
3 7036 6889 6912
3 9967 7036 6912
3 7045 6913 6872
3 6872 6926 7045
3 6927 7045 6926
3 6928 6856 7117
3 6856 6929 7117
3 6984 7003 6914
3 6930 6972 6985
3 7004 6972 6951
3 6973 7046 6807
3 6988 6974 6932
3 6898 6893 6988
3 7121 6988 6893
3 6900 6915 6989
3 7070 7047 6916
3 6877 6831 6938
3 7051 6938 6831
3 6956 7221 7049
3 7052 6959 6939
3 9944 7010 7009
3 6992 7010 6940
3 7039 9778 9788
3 7028 7011 6941
3 6903 7028 6941
3 6867 6943 6919
3 6812 6946 7164
3 6962 6994 6904
3 6978 6962 6963
3 7013 6882 6996
3 6815 6981 7170
3 6835 6909 7296
3 6948 7033 6885
3 6788 6949 7021
3 6949 9776 7021
3 6887 6888 6983
3 7023 6888 6803
3 6970 6927 6748
3 7117 6970 6928
3 7024 6808 6974
3 6953 7121 6893
3 6954 7090 6953
3 7000 6934 7056
3 6899 9769 6875
3 7092 6935 6789
3 6789 6989 7092
3 6915 6976 7068
3 7323 6990 7069
3 6937 6829 7048
3 7338 6793 6956
3 6958 6901 7107
3 6944 6961 7040
3 6945 7040 6961
3 6841 6812 7041
3 6710 6904 7077
3 6994 7077 6904
3 6978 6994 6962
3 6963 6891 6978
3 7098 6978 6891
3 7145 7098 6906
3 7032 7172 6965
3 6967 9624 9625
3 7085 7063 9624
3 7065 6822 7035
3 6983 7035 6822
3 6888 7023 7022
3 6889 7023 6823
3 6951 6952 7004
3 7005 7004 6952
3 6973 6807 6986
3 7121 6953 7090
3 6975 7014 6955
3 9943 7056 6934
3 7068 6989 6915
3 6976 6977 7068
3 6977 6719 7199
3 6990 7199 6719
3 7217 7069 7047
3 6739 7177 6936
3 7094 7051 6831
3 7138 7160 6863
3 7025 6756 7095
3 7073 7095 6756
3 7008 9944 7009
3 9787 6995 6960
3 6903 6942 7143
3 7128 7109 6942
3 6942 6919 7128
3 7041 6812 7164
3 6920 7078 9723
3 6979 6908 7125
3 7013 7125 6908
3 7059 6997 6865
3 6865 6921 7059
3 6921 6833 7059
3 7043 6980 7084
3 7032 6884 7017
3 7018 6886 7194
3 6886 6999 7194
3 7020 6788 7114
3 7021 7114 6788
3 7014 7000 7079
3 6913 7036 9967
3 6950 7003 7087
3 7003 6984 7088
3 6985 6972 7119
3 7176 6972 7004
3 7024 6974 7105
3 6988 7121 9577
3 7090 6954 7106
3 7046 7037 6931
3 6974 6988 7105
3 7199 7127 6977
3 7070 6936 7137
3 7027 6958 7050
3 6939 7074 7052
3 7096 9952 7008
3 7008 7009 7097
3 7143 6942 7109
3 7040 6943 6944
3 7076 6841 7041
3 7164 6946 7110
3 6813 7110 6946
3 6813 6993 7110
3 7077 7012 6710
3 7125 7123 6979
3 7101 6996 6997
3 6833 7083 7102
3 7086 7021 9776
3 9776 9767 7086
3 6955 7014 7191
3 9953 9947 7057
3 9769 6899 7126
3 7006 7126 6899
3 6935 7091 7006
3 7216 7068 6977
3 7127 7216 6977
3 6990 7323 7199
3 7026 7073 6773
3 7096 7008 7097
3 7010 6992 7108
3 7028 6903 7143
3 6919 6943 7128
3 7075 7128 6943
3 6945 7076 7182
3 7077 6993 7012
3 7029 6979 7122
3 7151 7129 7015
3 7015 7016 7151
3 7193 7084 6980
3 7268 7170 6981
3 7209 6981 6998
3 6998 6964 7209
3 7019 7020 7175
3 7022 7023 7116
3 7156 7116 7023
3 7023 6889 7156
3 7119 7188 6971
3 6971 6985 7119
3 7004 7005 7120
3 7037 7158 7005
3 7038 7024 7089
3 7304 7089 7024
3 7049 7221 7476
3 7052 7202 6959
3 7222 7139 7074
3 6881 7222 7074
3 7040 7075 6943
3 6993 7077 7144
3 7054 6994 6978
3 6978 7098 7054
3 7078 6920 7122
3 6920 7029 7122
3 9949 7125 7030
3 7191 7042 6955
3 7099 7014 7079
3 7055 7079 7000
3 7056 7055 7000
3 7192 7103 6947
3 7130 7229 6923
3 6923 6674 7130
3 6885 7033 7248
3 7062 7248 7033
3 7034 6969 7132
3 6983 7066 7035
3 6889 7036 7156
3 7067 7036 6913
3 6913 7045 7067
3 7045 6927 7067
3 6970 7117 7135
3 7118 7088 6984
3 6984 6971 7118
3 7188 7118 6971
3 7157 7119 6972
3 6972 7176 7157
3 6986 7038 7089
3 7024 6987 7304
3 7096 7141 9952
3 6992 7039 7161
3 7053 7161 7011
3 7011 7028 7053
3 7182 7040 6945
3 7099 7191 7014
3 7100 7055 7056
3 7148 7057 9947
3 7080 7148 9947
3 7059 7101 6997
3 7169 7059 6833
3 7129 7083 7015
3 7084 7031 7043
3 7153 7019 7113
3 7175 7113 7019
3 7065 7035 7133
3 6888 7022 7155
3 7134 7067 6927
3 6927 6970 7134
3 7233 7002 6950
3 7088 7087 7003
3 7158 7120 7005
3 7024 7105 6987
3 7105 6988 9577
3 7126 7006 7091
3 7068 7093 6989
3 7137 6936 7256
3 7177 7256 6936
3 7071 7007 7178
3 7049 7338 6956
3 6863 7201 7138
3 7026 6991 7308
3 7107 7050 6958
3 7202 6901 6959
3 9728 7222 6881
3 7215 7254 6935
3 7092 7215 6935
3 7093 7092 6989
3 7200 6739 6722
3 6722 7071 7200
3 6793 7338 7094
3 6878 6790 7258
3 6790 6957 7258
3 7201 7025 7095
3 7009 7010 7108
3 7143 7053 7028
3 7056 7057 7100
3 6996 7101 7168
3 6833 7102 7169
3 6674 7296 7130
3 7230 7032 7017
3 7152 7112 7085
3 7085 6968 7152
3 6968 7064 7211
3 7064 7034 7211
3 7132 7211 7034
3 7132 6969 7174
3 7066 6983 7154
3 7116 7155 7022
3 7135 7134 6970
3 7104 6929 7001
3 7001 7002 7104
3 7159 7158 7037
3 7037 7046 7159
3 7046 6973 7159
3 6986 7214 6973
3 7090 7106 7253
3 7091 6935 7254
3 7199 7237 7127
3 7217 7323 7069
3 7217 7047 7238
3 7070 7238 7047
3 7177 6739 7393
3 7200 7393 6739
3 7071 7178 7200
3 7072 7220 7475
3 7220 6938 7240
3 7338 7049 7476
3 7073 7274 7095
3 7260 6991 7027
3 7027 7050 7260
3 7202 7107 6901
3 7179 7202 7052
3 7139 7052 7074
3 7141 7140 9952
3 7108 7097 7009
3 6992 7161 7142
3 7183 7098 7145
3 7078 7122 7180
3 7123 7122 6979
3 7123 7125 7124
3 9781 7042 7264
3 7100 7057 7148
3 7081 7166 7080
3 6996 7168 7058
3 7150 7102 7083
3 7192 6947 7031
3 7172 7171 7044
3 7172 7032 7247
3 7017 6966 7230
3 7063 7085 7112
3 7114 7021 7086
3 7086 9767 7115
3 7066 7133 7035
3 7155 7154 6983
3 6983 6888 7155
3 7067 7196 7036
3 6950 7087 7233
3 7121 7090 7190
3 7068 7216 7289
3 7475 7048 7072
3 6938 7051 7240
3 7308 7073 7026
3 7140 7141 7181
3 7142 7108 6992
3 7053 7162 7161
3 7128 7075 7206
3 7040 7182 7262
3 7183 7054 7098
3 7184 9784 7165
3 7148 7147 7100
3 7166 7148 7080
3 7101 7059 7246
3 7150 7186 7102
3 7151 7103 7267
3 7192 7267 7103
3 7192 7031 7369
3 7084 7369 7031
3 7210 7209 6964
3 6964 6923 7210
3 7229 7210 6923
3 6909 6982 7131
3 6982 7044 7131
3 7044 7171 7131
3 6784 7187 6966
3 6784 7060 7187
3 6999 7111 7278
3 9746 7115 9763
3 9763 7133 9746
3 7135 7250 7134
3 7120 7176 7004
3 7235 7120 7158
3 7198 6986 7089
3 7089 7304 7198
3 7253 7190 7090
3 7339 7258 6957
3 7096 7097 7204
3 7143 7109 7163
3 7245 7182 7076
3 7041 7245 7076
3 7144 7164 7110
3 7110 6993 7144
3 6994 7054 7224
3 7185 7165 9781
3 7264 7185 9781
3 7264 7042 7225
3 7055 7100 7146
3 7082 7058 7167
3 7058 7168 7167
3 6980 7170 7193
3 7060 7061 7187
3 7231 7111 9625
3 6969 7153 7174
3 7175 7298 7113
3 7175 7020 7212
3 7020 7114 7212
3 7086 7212 7114
3 7116 7156 7195
3 7156 7036 7271
3 7196 7271 7036
3 7134 7196 7067
3 7135 7117 7213
3 7118 7087 7088
3 7159 6973 7214
3 7190 7136 7121
3 9722 7078 7180
3 7122 7123 7223
3 7124 7125 9949
3 7091 7322 7126
3 7092 7093 7215
3 7216 7127 7237
3 7221 6878 7421
3 7258 7421 6878
3 7620 7339 6957
3 6957 7160 7620
3 7095 7502 7201
3 7073 7308 7259
3 7260 7308 6991
3 7050 7107 7241
3 7052 7139 7179
3 7244 7053 7143
3 7163 7109 7205
3 7128 7205 7109
3 7224 7077 6994
3 7054 7183 7224
3 7146 7100 7147
3 7149 7166 7081
3 7167 7149 7081
3 7101 7246 7277
3 7228 7246 7059
3 7186 7169 7102
3 7296 7494 7130
3 7247 7032 7230
3 7187 7230 6966
3 7173 7063 7112
3 6968 7211 7152
3 7066 9746 7133
3 7213 7250 7135
3 7117 6929 7213
3 7235 7176 7120
3 6986 7198 7236
3 7253 9771 7288
3 7122 7326 7180
3 7223 7123 7124
3 7471 7215 7093
3 7093 7068 7289
3 7219 7257 6937
3 6937 7048 7219
3 7274 7502 7095
3 7222 7340 7139
3 9959 7124 9949
3 7204 7181 7141
3 7141 7096 7204
3 7097 7108 7242
3 7108 7142 7243
3 7143 7163 7244
3 7075 7040 7346
3 7262 7346 7040
3 7041 7164 7245
3 7207 7099 7079
3 7055 7207 7079
3 7147 7148 7293
3 7101 7277 7168
3 7059 7169 7228
3 7083 7129 7150
3 7172 7351 7171
3 7111 7231 7278
3 7174 7153 7280
3 7154 7155 7327
3 7195 7232 7116
3 6929 7104 7213
3 7251 7233 7087
3 7087 7118 7284
3 7118 7188 7334
3 7159 7235 7158
3 7159 7214 7320
3 7236 7214 6986
3 7091 7254 7361
3 7407 7290 7094
3 7094 7338 7407
3 7107 7202 7324
3 7180 7270 9722
3 7270 7180 7326
3 7223 7326 7122
3 7181 7203 7140
3 7142 7161 7310
3 7162 7310 7161
3 7346 7206 7075
3 7183 7145 7275
3 7191 7225 7042
3 7208 7148 7166
3 7149 7294 7166
3 7494 7229 7130
3 7247 7351 7172
3 7248 7061 6885
3 7248 7062 7353
3 7249 7062 7018
3 7018 7194 7249
3 7194 6999 7370
3 7278 7370 6999
3 7212 7086 9743
3 7154 7327 7066
3 7232 7155 7116
3 7271 7195 7156
3 7328 7104 7002
3 7002 7233 7328
3 7284 7251 7087
3 7188 7119 7286
3 7157 7286 7119
3 7157 7176 7286
3 6987 7105 7189
3 7105 9577 7189
3 9601 7189 9577
3 9577 7136 9601
3 7093 7289 7306
3 7237 7199 7379
3 7178 7007 7239
3 7051 7094 7290
3 7241 7107 7324
3 7179 7291 7202
3 7364 7291 7179
3 7204 7097 7242
3 7244 7162 7053
3 7205 7128 7206
3 7182 7245 7347
3 7263 7144 7077
3 7077 7224 7263
3 7275 7224 7183
3 7207 7191 7099
3 7293 7146 7147
3 7294 7208 7166
3 7294 7149 7226
3 7149 7167 7227
3 7168 7227 7167
3 7265 7168 7277
3 7266 7150 7129
3 7193 7170 7410
3 7170 7268 7410
3 7187 7061 7412
3 7173 7112 7269
3 7355 7211 7132
3 7286 7285 7188
3 7286 7176 7234
3 7235 7234 7176
3 7273 7235 7159
3 7305 7198 7304
3 9601 7136 7321
3 7344 7244 7163
3 7205 7344 7163
3 7262 7182 7347
3 7275 7145 7184
3 7276 7165 7185
3 7149 7227 7226
3 7265 7227 7168
3 7387 7230 7187
3 7249 7353 7062
3 7370 7249 7194
3 7282 7327 7155
3 7155 7232 7282
3 7197 7271 7196
3 7196 7134 7197
3 7134 7250 7197
3 7213 7272 7250
3 7251 7284 7302
3 7334 7284 7118
3 7334 7188 7285
3 7217 7238 7218
3 7007 7257 7239
3 7489 7219 7048
3 7241 7260 7050
3 9958 7223 7124
3 7203 7181 7309
3 7242 7108 7365
3 7108 7243 7365
3 7184 7165 7276
3 7207 7055 7146
3 7148 7208 7332
3 7129 7151 7267
3 7386 7131 7171
3 7351 7386 7171
3 7132 7174 7279
3 7195 7299 7232
3 7301 7272 7213
3 7213 7104 7301
3 7236 7287 7214
3 7377 7236 7198
3 7198 7305 7377
3 7252 7321 7136
3 7136 7190 7252
3 7253 7252 7190
3 7361 7322 7091
3 7254 7215 7255
3 7307 7289 7216
3 7237 7307 7216
3 7363 7237 7379
3 7238 7070 7473
3 7137 7473 7070
3 7336 7475 7220
3 7220 7240 7336
3 7290 7240 7051
3 7139 7364 7179
3 7222 9721 7340
3 7181 7204 7394
3 7242 7261 7204
3 7310 7243 7142
3 7343 7310 7162
3 7245 7164 7367
3 7144 7263 7330
3 7191 7207 7384
3 7314 7246 7228
3 7228 7169 7314
3 7266 7186 7150
3 7267 7266 7129
3 7462 7084 7193
3 7354 7278 7231
3 7279 7355 7132
3 7280 7279 7174
3 7399 7316 7212
3 9743 7399 7212
3 7066 7327 7415
3 7299 7483 7232
3 7195 7271 7319
3 7197 7250 7300
3 7251 7328 7233
3 7273 7234 7235
3 6987 7189 7359
3 7252 7253 7335
3 7306 7471 7093
3 7307 7237 7434
3 7363 7434 7237
3 7218 7238 7473
3 7476 7221 7421
3 7340 7364 7139
3 7394 7309 7181
3 7394 7204 7261
3 7292 7343 7162
3 7162 7244 7292
3 7205 7206 7423
3 7275 7263 7224
3 7276 7275 7184
3 7185 7264 7331
3 7207 7146 7312
3 7332 7293 7148
3 7277 7246 7313
3 7395 7313 7246
3 7395 7246 7314
3 7169 7315 7314
3 7267 7192 7461
3 7385 7268 6981
3 6981 7209 7385
3 7333 7385 7209
3 7209 7210 7333
3 7352 7412 7061
3 7269 7112 7482
3 7298 7175 7316
3 7175 7212 7316
3 7281 7317 9746
3 9746 7066 7281
3 7415 7281 7066
3 7271 7197 7356
3 7250 7272 7300
3 7283 7328 7251
3 7302 7283 7251
3 7286 7234 7375
3 7273 7159 7320
3 7303 7320 7214
3 7486 7304 6987
3 7288 7335 7253
3 7255 7361 7254
3 7471 7255 7215
3 7452 7199 7419
3 7323 7419 7199
3 7323 7217 7329
3 7259 7274 7073
3 7423 7344 7205
3 7345 7423 7206
3 7206 7346 7345
3 7347 7346 7262
3 7348 7367 7164
3 7164 7144 7348
3 7330 7348 7144
3 7264 7225 7331
3 7384 7311 7225
3 7225 7191 7384
3 7226 7459 7294
3 7427 7186 7266
3 7461 7409 7267
3 7410 7462 7193
3 7210 7229 7333
3 7297 7396 6909
3 7131 7297 6909
3 7531 7386 7351
3 7061 7248 7352
3 7372 7152 7211
3 7211 7355 7372
3 7223 9958 7341
3 7282 7232 7483
3 7319 7299 7195
3 7301 7300 7272
3 7328 7301 7104
3 7287 7303 7214
3 7236 7377 7376
3 7486 7305 7304
3 7359 7486 6987
3 7379 7199 7452
3 7218 7329 7217
3 7473 7137 7524
3 7256 7524 7137
3 7474 7200 7178
3 7178 7239 7474
3 7475 7489 7048
3 7621 7138 7201
3 7201 7502 7621
3 7365 7261 7242
3 7382 7292 7244
3 7344 7382 7244
3 7383 7347 7245
3 7367 7383 7245
3 7541 7332 7208
3 7226 7227 7295
3 7227 7265 7295
3 7313 7265 7277
3 7397 7247 7230
3 7387 7397 7230
3 7464 7352 7248
3 7112 7152 7413
3 7372 7445 7152
3 7316 7398 7298
3 7319 7271 7467
3 7302 7284 7334
3 7285 7286 7375
3 7234 7273 7358
3 7303 7287 7401
3 7189 9602 7359
3 7288 7322 7335
3 7289 7307 7362
3 7256 7177 7550
3 7393 7550 7177
3 7239 7257 7500
3 7219 7500 7257
3 7634 7620 7160
3 7160 7138 7634
3 7326 7223 7341
3 7309 7394 7439
3 7365 7243 7366
3 7368 7330 7263
3 7263 7275 7368
3 7331 7276 7185
3 7207 7312 7384
3 7312 7146 7425
3 7293 7332 9608
3 7459 7208 7294
3 7443 7295 7265
3 7265 7313 7443
3 7480 7315 7169
3 7186 7480 7169
3 7266 7267 7409
3 7369 7084 7481
3 6909 7494 7296
3 7327 7282 7318
3 7300 7301 7391
3 7236 7376 7287
3 7335 7322 7378
3 7433 7471 7306
3 7337 7336 7240
3 7240 7290 7337
3 7551 7308 7260
3 7241 7551 7260
3 7202 7291 7607
3 7342 9950 7203
3 7203 7309 7342
3 7381 7342 7309
3 7310 7366 7243
3 7459 7226 7350
3 7411 7351 7247
3 7412 7387 7187
3 7412 7352 7495
3 7248 7353 7464
3 7370 7278 7388
3 7354 7388 7278
3 7482 7371 7269
3 7152 7445 7413
3 7428 7355 7279
3 7281 7430 7317
3 7415 7327 7514
3 7356 7467 7271
3 7392 7391 7301
3 7375 7334 7285
3 7361 7378 7322
3 7471 7406 7255
3 7362 7306 7289
3 7329 7419 7323
3 7474 7393 7200
3 7324 7202 7436
3 7438 7437 7364
3 7364 7340 7438
3 7477 7325 7270
3 7270 7326 7408
3 7326 7341 7408
3 7327 7318 7514
3 7301 7328 7392
3 7328 7283 7374
3 7375 7431 7334
3 7358 7375 7234
3 7376 7401 7287
3 7403 9602 7321
3 7321 7252 7403
3 7252 7335 7360
3 7406 7361 7255
3 7306 7362 7433
3 7475 7336 7453
3 7290 7407 7420
3 7551 7259 7308
3 7477 9727 7325
3 7408 7477 7270
3 9950 7342 7380
3 7310 7343 7454
3 7349 7368 7275
3 7275 7276 7349
3 7276 7331 7349
3 7331 7225 7311
3 7146 7293 7425
3 7541 9608 7332
3 7397 7411 7247
3 7249 7534 7353
3 7398 7429 7280
3 7430 7281 9747
3 7319 7467 7373
3 7467 7356 7389
3 7356 7197 7390
3 7300 7390 7197
3 7300 7391 7357
3 7374 7392 7328
3 7283 7302 7448
3 7302 7334 7400
3 7334 7431 7400
3 7273 7320 7485
3 7418 7485 7320
3 7320 7303 7418
3 7401 7376 7605
3 7360 7403 7252
3 7360 7335 7378
3 7524 7256 7499
3 7550 7499 7256
3 7525 7474 7239
3 7607 7436 7202
3 7454 7366 7310
3 7424 7345 7346
3 7346 7347 7424
3 7383 7478 7347
3 7457 7349 7331
3 7208 7459 7458
3 7426 7443 7313
3 7313 7395 7426
3 7427 7480 7186
3 7576 7461 7192
3 7192 7369 7576
3 7351 7411 7531
3 7413 7482 7112
3 7429 7466 7280
3 7483 7318 7282
3 7299 7319 7373
3 7390 7389 7356
3 7448 7374 7283
3 7400 7448 7302
3 7273 7485 7358
3 7486 7359 7432
3 7359 9602 7432
3 7378 7405 7360
3 7361 7405 7378
3 7490 7551 7241
3 7537 7241 7324
3 7437 7291 7364
3 7408 7341 7553
3 7394 7261 7439
3 7261 7365 7439
3 7292 7570 7343
3 7440 7570 7292
3 7292 7382 7440
3 7478 7424 7347
3 7348 7330 7456
3 7330 7368 7456
3 7541 7208 7458
3 7314 7315 7493
3 7409 7460 7266
3 7481 7576 7369
3 7462 7481 7084
3 7494 6909 7396
3 7466 7428 7279
3 7279 7280 7466
3 9747 7281 7446
3 7415 7446 7281
3 7390 7300 7357
3 7447 7392 7374
3 9602 7403 7402
3 7550 7393 7435
3 7420 7337 7290
3 7340 9725 7438
3 9724 7438 9725
3 7380 7342 9569
3 7342 7381 9569
3 7439 7381 7309
3 7382 7344 7455
3 7423 7455 7344
3 7367 7348 7492
3 7349 7456 7368
3 7412 7397 7387
3 7464 7495 7352
3 7249 7370 7534
3 7371 7465 7354
3 7428 7372 7355
3 7416 7514 7318
3 7318 7483 7416
3 7467 7389 7484
3 7392 7357 7391
3 7449 7431 7375
3 7375 7358 7449
3 7358 7417 7545
3 7358 7485 7417
3 7401 7418 7303
3 7564 7377 7305
3 9602 7402 7432
3 7405 7404 7360
3 7405 7361 7451
3 7406 7451 7361
3 7434 7363 7549
3 7329 7218 7488
3 7473 7488 7218
3 7341 7491 7553
3 7454 7439 7365
3 7366 7454 7365
3 7570 7422 7343
3 7455 7423 7540
3 7456 7492 7348
3 7384 7312 7441
3 7426 7395 7444
3 7395 7314 7444
3 7385 7333 7463
3 7229 7542 7333
3 7131 7386 7530
3 7534 7464 7353
3 7354 7578 7388
3 7496 7413 7445
3 7466 7429 7536
3 7429 7398 7562
3 7316 7399 7414
3 7399 9751 7414
3 7514 7544 7415
3 7515 7483 7299
3 7299 7373 7515
3 7468 7484 7389
3 7389 7390 7468
3 7448 7447 7374
3 7431 7449 7470
3 7376 7377 7497
3 7564 7497 7377
3 7404 7403 7360
3 7404 7405 7450
3 7472 7362 7307
3 7434 7472 7307
3 7501 7420 7407
3 7407 7338 7501
3 7338 7476 7647
3 7537 7490 7241
3 7381 7439 7504
3 7440 7382 7455
3 7383 7367 7492
3 7506 7457 7331
3 7331 7311 7506
3 7311 7384 7479
3 7312 7425 7442
3 7508 7350 7295
3 7295 7443 7508
3 7461 7460 7409
3 7511 7410 7268
3 7268 7385 7511
3 7542 7463 7333
3 7297 7131 7640
3 7530 7640 7131
3 7531 7530 7386
3 7371 7482 7465
3 7535 7465 7482
3 7482 7413 7496
3 7316 7562 7398
3 7544 7446 7415
3 7518 7357 7392
3 7646 7305 7486
3 7432 7402 7565
3 7472 7433 7362
3 7419 7329 7488
3 7647 7501 7338
3 7258 7582 7421
3 7502 7274 7503
3 7274 7259 7566
3 7607 7291 7635
3 7345 7540 7423
3 7456 7349 7572
3 7349 7457 7557
3 7441 7479 7384
3 7442 7441 7312
3 7527 9608 7528
3 9608 7541 7528
3 7314 7493 7444
3 7315 7480 7493
3 7427 7266 7509
3 7510 7509 7266
3 7266 7460 7510
3 7494 7542 7229
3 7397 7532 7411
3 7370 7388 7513
3 7354 7465 7578
3 7562 7536 7429
3 7357 7468 7390
3 7392 7447 7518
3 7469 7448 7400
3 7546 7401 7605
3 7646 7564 7305
3 7403 7404 7487
3 7450 7487 7404
3 7450 7405 7451
3 7472 9591 7433
3 7726 7393 7474
3 7336 7337 7773
3 7596 7634 7138
3 7138 7621 7596
3 7324 7436 7537
3 7437 7438 7567
3 9727 7477 7538
3 9569 7554 7380
3 7608 9569 7381
3 7539 7439 7454
3 7454 7343 7422
3 7492 7478 7383
3 7479 7506 7311
3 7350 7507 7459
3 7443 7426 7508
3 7480 7427 7493
3 7481 7462 7612
3 7534 7370 7512
3 7513 7512 7370
3 7388 7578 7513
3 7615 7496 7445
3 7445 7372 7615
3 7414 7562 7316
3 7519 7515 7373
3 7373 7467 7519
3 7484 7468 7517
3 7447 7448 7469
3 7400 7431 7469
3 7470 7469 7431
3 7545 7449 7358
3 7485 7545 7417
3 7406 7523 7451
3 7498 7433 9591
3 7379 7452 7619
3 7500 7525 7239
3 7489 7475 7633
3 7551 7566 7259
3 7504 7608 7381
3 7540 7585 7455
3 7540 7345 7526
3 7345 7424 7526
3 7424 7478 7526
3 7506 7557 7457
3 7458 7459 7507
3 7599 7444 7493
3 7460 7461 7575
3 7461 7576 7575
3 7638 7385 7463
3 7396 7625 7494
3 7532 7531 7411
3 7533 7397 7412
3 7412 7559 7533
3 7614 7495 7464
3 7560 7578 7465
3 7535 7579 7465
3 7428 7466 7659
3 9742 7562 7414
3 7516 7519 7467
3 7484 7516 7467
3 7518 7447 7520
3 7447 7469 7520
3 7470 7592 7469
3 7470 7449 7521
3 7497 7605 7376
3 7565 7486 7432
3 7580 7402 7403
3 7487 7580 7403
3 7406 7471 7523
3 7471 7433 7523
3 7498 7523 7433
3 7619 7363 7379
3 7739 7435 7393
3 7393 7726 7739
3 7705 7500 7219
3 7489 7705 7219
3 7773 7453 7336
3 7567 7635 7291
3 7291 7437 7567
3 7569 7538 7477
3 7477 7408 7569
3 7555 7504 7439
3 7439 7539 7555
3 7422 7539 7454
3 7505 7526 7478
3 7478 7492 7505
3 7441 7442 7680
3 7588 7507 7350
3 7508 7426 7598
3 7426 7444 7637
3 7668 7599 7493
3 7509 7493 7427
3 7612 7576 7481
3 7638 7511 7385
3 7639 7638 7463
3 7494 7624 7542
3 7396 7297 7625
3 7512 7601 7534
3 7615 7372 7697
3 7372 7428 7697
3 7544 7514 7593
3 7514 7416 7590
3 7416 7483 7616
3 7483 7515 7616
3 7591 7516 7484
3 7591 7484 7517
3 7468 7357 7563
3 7545 7521 7449
3 7545 7485 7522
3 7672 7472 7434
3 7549 7672 7434
3 7452 7419 7632
3 7488 7632 7419
3 7488 7473 7818
3 7773 7686 7453
3 7476 7421 7582
3 7582 7258 7665
3 7258 7339 7665
3 7567 7438 7568
3 7554 9569 7584
3 7440 7455 7585
3 7597 7505 7492
3 7571 7597 7492
3 7492 7456 7571
3 7572 7571 7456
3 7758 7479 7441
3 7529 7541 7458
3 7508 7588 7350
3 7598 7623 7508
3 7637 7598 7426
3 7510 7460 7575
3 7625 7624 7494
3 7579 7560 7465
3 7496 7535 7482
3 7521 7617 7470
3 7565 7402 7548
3 7402 7580 7548
3 7549 7363 7631
3 7524 7818 7473
3 7474 7525 7726
3 7740 7633 7475
3 7475 7453 7740
3 7337 7420 7606
3 7339 7620 7665
3 9724 7568 7438
3 7538 7552 9727
3 7553 7583 7408
3 7651 7539 7422
3 7556 7572 7349
3 7349 7557 7556
3 7527 7680 7442
3 7507 7529 7458
3 7623 7588 7508
3 7612 7462 7613
3 7558 7613 7462
3 7462 7410 7558
3 7410 7511 7558
3 7640 7530 7577
3 7533 7532 7397
3 7536 7659 7466
3 7603 7536 7562
3 9747 7446 7734
3 7514 7590 7593
3 7357 7518 7563
3 7734 7446 7543
3 7544 7543 7446
3 7594 7563 7518
3 7518 7520 7594
3 7545 7522 7645
3 7485 7418 7702
3 7546 7418 7401
3 7546 7605 7670
3 7451 7523 7630
3 7472 7672 7618
3 7453 7686 7740
3 7582 7647 7476
3 7503 7274 7566
3 7551 7490 7674
3 7527 7528 7574
3 7541 7574 7528
3 7531 7577 7530
3 7412 7495 7559
3 7535 7496 7602
3 7616 7590 7416
3 7563 7517 7468
3 7592 7701 7520
3 7592 7470 7617
3 7486 7565 7547
3 7619 7663 7363
3 7632 7619 7452
3 7664 7726 7525
3 7705 7525 7500
3 7420 7501 7606
3 7490 7537 7708
3 7690 7537 7436
3 7436 7607 7690
3 7649 7554 7584
3 7650 7584 9569
3 7440 7585 7652
3 7653 7585 7540
3 7540 7526 7653
3 7586 7611 7526
3 7526 7505 7586
3 7573 7557 7506
3 7506 7479 7573
3 7479 7758 7679
3 7529 7574 7541
3 7637 7444 7599
3 7575 7576 7589
3 7463 7542 7639
3 7625 7297 7752
3 7640 7752 7297
3 7614 7559 7495
3 7602 7579 7535
3 7701 7594 7520
3 7521 7545 7645
3 7485 7702 7522
3 7627 7702 7418
3 7418 7546 7627
3 7547 7646 7486
3 7498 7630 7523
3 7631 7363 7663
3 7632 7488 7817
3 7488 7818 7817
3 7499 7550 7673
3 7435 7673 7550
3 7537 7690 7675
3 7648 7568 9724
3 7553 7676 7583
3 7649 7676 7554
3 7555 7539 7609
3 7570 7610 7422
3 7440 7677 7570
3 7526 7611 7653
3 7597 7586 7505
3 7529 7507 7730
3 7507 7588 7657
3 7599 7668 7760
3 7714 7577 7531
3 7464 7534 7600
3 7601 7600 7534
3 7659 7536 7561
3 7543 7544 7626
3 7593 7626 7544
3 7563 7594 7643
3 7722 7497 7564
3 7565 7548 7547
3 7662 7487 7450
3 7450 7451 7662
3 7630 7662 7451
3 7703 7818 7524
3 7524 7499 7703
3 7673 7703 7499
3 7489 7581 7705
3 7337 7792 7773
3 7337 7606 7792
3 7687 7501 7647
3 7503 7621 7502
3 7551 7674 7566
3 7608 7650 9569
3 7539 7651 7609
3 7571 7572 7678
3 7572 7556 7678
3 7694 7556 7557
3 7747 7557 7573
3 7679 7573 7479
3 7758 7441 7655
3 7695 7657 7588
3 7493 7509 7749
3 7576 7612 7732
3 7464 7600 7614
3 7578 7560 7716
3 7546 7670 7627
3 7670 7605 7762
3 7605 7497 7762
3 7548 7580 7628
3 7665 7688 7582
3 7742 7690 7607
3 7568 7648 7709
3 7622 7552 7538
3 7538 7569 7622
3 7677 7610 7570
3 7677 7440 7652
3 7586 7597 7611
3 7747 7694 7557
3 7636 7587 7574
3 7574 7529 7636
3 7798 7510 7575
3 7589 7576 7732
3 7513 7578 7813
3 7578 7716 7844
3 7579 7716 7560
3 7682 7593 7590
3 7591 7517 7642
3 7595 7701 7592
3 7682 7626 7593
3 7515 7519 7700
3 7563 7643 7642
3 7701 7643 7594
3 7547 7548 7628
3 7580 7487 7629
3 7662 7629 7487
3 7581 7489 7706
3 7633 7706 7489
3 7606 7501 7687
3 7766 7569 7408
3 7583 7766 7408
3 7504 7555 7757
3 7609 7757 7555
3 7743 7609 7651
3 7610 7651 7422
3 7745 7611 7597
3 7597 7571 7745
3 7623 7598 7696
3 7749 7668 7493
3 7589 7798 7575
3 7639 7542 7681
3 7784 7681 7542
3 7531 7532 7714
3 7658 7559 7614
3 7844 7813 7578
3 7697 7717 7615
3 7617 7521 7644
3 7645 7644 7521
3 7762 7497 7722
3 7564 7646 7722
3 7646 7547 7754
3 7738 7498 9591
3 9591 7618 7738
3 7635 7742 7607
3 7667 7635 7567
3 9568 7650 7608
3 7608 7504 9568
3 7585 7653 7652
3 7441 7680 7655
3 7623 7695 7588
3 7558 7511 7856
3 7624 7784 7542
3 7577 7714 7821
3 7559 7658 7715
3 7512 7513 7813
3 7716 7579 7785
3 7602 7785 7579
3 7761 7697 7428
3 7590 7616 7682
3 7660 7700 7519
3 7661 7660 7519
3 7519 7516 7661
3 7516 7591 7661
3 7642 7661 7591
3 7517 7563 7642
3 7604 7617 7644
3 7580 7629 9617
3 7672 7549 7725
3 7631 7725 7549
3 7687 7647 7741
3 7708 7674 7490
3 7708 7537 7675
3 9605 7648 9724
3 7766 7622 7569
3 7691 7649 7584
3 7584 7650 7691
3 7654 7745 7571
3 7678 7654 7571
3 7680 7587 7656
3 7529 7730 7712
3 7730 7507 7783
3 7657 7783 7507
3 7696 7695 7623
3 7760 7637 7599
3 7713 7509 7510
3 7641 7601 7512
3 7659 7761 7428
3 7536 7603 7561
3 7698 7561 7603
3 7603 9749 7698
3 7701 7595 7604
3 7645 7522 7737
3 7702 7737 7522
3 7723 7754 7547
3 7547 7628 7723
3 7704 7664 7525
3 7525 7705 7704
3 7633 7740 7791
3 7688 7647 7582
3 7666 7620 7634
3 7634 7596 7666
3 7568 7667 7567
3 7552 7622 7710
3 7611 7745 7692
3 7678 7556 7693
3 7587 7636 7729
3 7712 7729 7636
3 7636 7529 7712
3 7713 7510 7798
3 7751 7638 7639
3 7681 7751 7639
3 7681 7784 7870
3 7625 7912 7624
3 7640 7577 7752
3 7533 7559 7715
3 7614 7600 7658
3 7641 7512 7813
3 7719 7734 7543
3 7543 7626 7719
3 7836 7683 7616
3 7616 7515 7836
3 7700 7836 7515
3 7644 7645 7826
3 7737 7826 7645
3 7669 7737 7702
3 7627 7670 7721
3 7754 7722 7646
3 7662 7630 7671
3 7724 7738 7618
3 7618 7672 7724
3 7619 7632 7903
3 7791 7706 7633
3 7905 7621 7503
3 7648 9605 7777
3 7829 7710 7622
3 7766 7829 7622
3 7744 7652 7653
3 7653 7611 7744
3 7692 7744 7611
3 7556 7694 7693
3 7573 7679 7748
3 7729 7656 7587
3 7657 7695 7843
3 7760 7759 7637
3 7713 7749 7509
3 7732 7612 7613
3 7558 7856 7613
3 7532 7533 7714
3 7600 7601 7658
3 7626 7682 7699
3 7720 7660 7661
3 7642 7643 7735
3 7643 7701 7736
3 7721 7702 7627
3 7684 9617 7629
3 7662 7685 7629
3 7817 7903 7632
3 7740 7686 7707
3 7765 7503 7566
3 7689 7765 7566
3 7775 7742 7635
3 7635 7667 7775
3 7583 7727 7766
3 7778 7711 7649
3 7758 7655 7820
3 7759 7696 7598
3 7598 7637 7759
3 7821 7752 7577
3 7641 7658 7601
3 7785 7602 7786
3 7602 7496 7753
3 7717 7753 7496
3 7496 7615 7717
3 7659 7561 7833
3 7561 7698 7718
3 9744 7698 9749
3 7683 7699 7682
3 7642 7720 7661
3 7670 7762 7861
3 9617 7684 7763
3 7685 7684 7629
3 7671 7685 7662
3 7738 7671 7630
3 7630 7498 7738
3 7687 7741 7942
3 7764 7665 7620
3 7620 7666 7764
3 7674 7689 7566
3 7583 7676 7727
3 7711 7727 7676
3 7778 7649 7691
3 7691 7650 9568
3 7677 7819 7610
3 7677 7652 7767
3 7654 7678 7746
3 7678 7693 7746
3 7573 7748 7747
3 7782 7655 7680
3 7656 7782 7680
3 7751 7856 7511
3 7511 7638 7751
3 7625 7752 7912
3 7857 7912 7752
3 7715 7812 7533
3 7699 7719 7626
3 7682 7616 7683
3 7787 7700 7660
3 7604 7644 7789
3 7770 7669 7702
3 7670 7861 7721
3 7707 7686 7828
3 7688 7741 7647
3 7756 7675 7690
3 7690 7742 7756
3 7709 7667 7568
3 7777 7709 7648
3 7710 7777 9605
3 7743 7796 7609
3 7610 7743 7651
3 7819 7677 7767
3 7865 7808 7652
3 7744 7865 7652
3 7768 7745 7654
3 7780 7746 7693
3 7728 7780 7693
3 7693 7694 7728
3 7694 7747 7728
3 7731 7760 7668
3 7735 7720 7642
3 7736 7735 7643
3 7701 7604 7736
3 7826 7789 7644
3 7702 7721 7770
3 7800 7721 7861
3 7762 7722 7917
3 7792 7606 7755
3 7606 7687 7755
3 7688 7665 7764
3 7793 7674 7708
3 7831 7747 7748
3 7781 7748 7679
3 7679 7758 7781
3 7843 7783 7657
3 7668 7749 7731
3 7750 7749 7713
3 7798 7750 7713
3 7798 7589 7811
3 7856 7732 7613
3 7681 7870 7751
3 7624 7912 7927
3 7799 7914 7714
3 7714 7533 7799
3 7733 7812 7715
3 7715 7658 7733
3 7753 7786 7602
3 7871 7718 7698
3 7698 9744 7871
3 7824 7734 7719
3 7699 7683 7769
3 7660 7720 7897
3 7904 7739 7726
3 7773 7828 7686
3 7905 7596 7621
3 7765 7905 7503
3 7774 7793 7708
3 7708 7675 7774
3 7796 7795 7609
3 7808 7767 7652
3 7692 7745 7768
3 7746 7768 7654
3 7734 7824 7815
3 7719 7699 7824
3 7897 7788 7660
3 7789 7736 7604
3 7789 7826 7816
3 7737 7669 7827
3 7722 7801 7917
3 7722 7754 7801
3 7838 7801 7754
3 7673 7435 7941
3 7435 7739 7941
3 7791 7740 7707
3 7675 7756 7794
3 7710 7829 7841
3 7728 7747 7831
3 7748 7781 7831
3 7729 7782 7656
3 7810 7843 7695
3 7589 7732 7811
3 7822 7733 7658
3 7658 7641 7822
3 7785 7786 7987
3 7735 7897 7720
3 7882 7763 7684
3 7725 7631 7872
3 7663 7872 7631
3 7663 7619 7804
3 7903 7804 7619
3 7664 7904 7726
3 7704 7705 7790
3 7805 7790 7705
3 7705 7581 7805
3 7706 7805 7581
3 7765 7689 7968
3 7794 7774 7675
3 7776 7667 7709
3 7709 7777 7776
3 7727 7711 7807
3 7778 7807 7711
3 7744 7692 7849
3 7768 7779 7692
3 7868 7781 7758
3 7820 7868 7758
3 7782 7729 7809
3 7729 7712 7809
3 7875 7712 7730
3 7783 7875 7730
3 7855 7760 7731
3 7732 7856 7925
3 7914 7821 7714
3 7812 7799 7533
3 7844 7716 7823
3 7833 7761 7659
3 7833 7561 7718
3 7824 7699 7915
3 7699 7769 7915
3 7788 7787 7660
3 7737 7827 7826
3 7899 7861 7762
3 7917 7899 7762
3 7684 7685 9584
3 7771 9584 7685
3 7803 7771 7671
3 7671 7738 7803
3 7738 7724 7803
3 7703 7673 7847
3 7941 7847 7673
3 7664 7704 7772
3 7790 7772 7704
3 7942 7967 7687
3 7689 7674 7968
3 7863 7829 7766
3 7955 7778 7691
3 7830 7955 7691
3 7691 9568 7830
3 7757 7609 7873
3 7797 7796 7743
3 7743 7610 7797
3 7610 7819 7797
3 7779 7849 7692
3 7887 7768 7746
3 7831 7780 7728
3 7875 7809 7712
3 7759 7853 7696
3 7877 7811 7732
3 7732 7925 7877
3 7784 7624 7927
3 7785 7823 7716
3 7786 7753 7814
3 7753 7717 7814
3 7717 7697 7814
3 7836 7845 7683
3 7838 7754 7723
3 7902 7724 7672
3 7725 7902 7672
3 7839 7818 7703
3 7792 7828 7773
3 7792 7755 7883
3 7840 7742 7775
3 7710 7841 7862
3 7766 7727 7807
3 7873 9568 7757
3 7849 7865 7744
3 7842 7779 7768
3 7890 7820 7655
3 7655 7782 7850
3 7853 7810 7695
3 7695 7696 7853
3 7853 7759 7854
3 7759 7760 7855
3 7641 7813 7822
3 7823 7785 7987
3 7814 7832 7786
3 7845 7769 7683
3 7897 7735 7825
3 7735 7736 7825
3 7800 7770 7721
3 7803 7802 7771
3 7828 7792 7806
3 7883 7806 7792
3 7755 7687 7967
3 7968 7905 7765
3 7774 7794 7953
3 7794 7756 7953
3 7742 7840 7756
3 7873 7830 9568
3 7795 7873 7609
3 7797 7819 7886
3 7888 7887 7746
3 7888 7746 7780
3 7749 7750 7731
3 7733 7878 7812
3 7987 7786 7832
3 7814 7697 7978
3 7697 7761 7978
3 7761 7833 7978
3 7897 7879 7788
3 7816 7837 7736
3 7723 7763 7962
3 7882 7962 7763
3 7902 7725 7872
3 7688 7990 7741
3 7796 7797 7964
3 7887 7842 7768
3 7890 7655 7850
3 7875 7783 7852
3 7759 7855 7854
3 7798 7892 7750
3 7798 7811 7892
3 7856 7751 7926
3 7870 7893 7751
3 7752 7821 7857
3 7995 7799 7812
3 7733 7822 7858
3 7928 7834 7833
3 7833 7718 7928
3 7932 7787 7788
3 7826 7938 7816
3 7846 7938 7826
3 7826 7827 7846
3 7800 7861 7898
3 7934 7903 7817
3 7817 7818 7934
3 7818 7839 7934
3 7847 7839 7703
3 7707 7920 7791
3 7990 7942 7741
3 7921 7905 7968
3 7674 7793 7968
3 7906 7776 7777
3 7862 7906 7777
3 7862 7841 7885
3 7807 7863 7766
3 7795 7796 7923
3 7964 7797 7886
3 7842 7866 7779
3 7780 7831 7867
3 7874 7889 7820
3 7820 7890 7874
3 7875 7869 7809
3 7927 7870 7784
3 7995 7914 7799
3 7812 7878 7995
3 7895 7894 7822
3 7813 7895 7822
3 7700 7787 7896
3 7788 7879 7932
3 7736 7837 7880
3 7939 7770 7800
3 7802 9584 7771
3 7804 7903 7984
3 7935 7941 7739
3 7739 7904 7935
3 7706 7791 7920
3 7848 7840 7775
3 7775 7667 7848
3 7667 7776 7848
3 7907 7829 7863
3 7970 7955 7830
3 7819 7767 7946
3 7808 7865 7864
3 7866 7849 7779
3 7831 7781 7924
3 7782 7809 7851
3 7869 7851 7809
3 7852 7783 7876
3 7783 7843 7876
3 7858 7878 7733
3 7844 7895 7813
3 7987 7859 7823
3 7834 7978 7833
3 7718 7871 7928
3 7835 7815 7860
3 7815 7824 7929
3 7769 7930 7915
3 7836 7700 8014
3 7896 8014 7700
3 7880 7825 7736
3 7837 7816 7938
3 7800 7898 7939
3 7962 7838 7723
3 7802 7803 7901
3 7803 7724 7901
3 7902 7901 7724
3 7872 7663 7919
3 7804 7919 7663
3 7790 7805 8042
3 7805 7706 7920
3 7764 7990 7688
3 7964 7923 7796
3 7767 7808 7946
3 7971 7864 7865
3 7868 7820 7889
3 7876 7843 7911
3 7843 7810 7911
3 7893 7926 7751
3 7914 7857 7821
3 7894 7858 7822
3 7845 7930 7769
3 7846 7827 7933
3 7827 7669 7916
3 9584 7900 7684
3 7848 7776 7992
3 7906 7992 7776
3 7873 7970 7830
3 7864 7946 7808
3 7924 7867 7831
3 7868 7924 7781
3 7850 7782 7948
3 7869 7875 7974
3 7876 7910 7852
3 7911 7810 7958
3 7853 7958 7810
3 7959 7854 7855
3 7891 7855 7731
3 7731 7750 7891
3 7926 7925 7856
3 7927 8012 7870
3 7912 7857 7977
3 7913 7977 7857
3 7914 7913 7857
3 7844 7823 7895
3 7965 7929 7824
3 7824 7915 7965
3 7845 7836 8014
3 7932 7896 7787
3 7916 7933 7827
3 7916 7669 7998
3 7669 7770 7998
3 7900 9584 8041
3 7901 8018 7802
3 7772 7904 7664
3 7920 8042 7805
3 7884 7968 7793
3 7793 7774 7884
3 7885 7906 7862
3 7907 7841 7829
3 7945 7807 7778
3 7866 7842 7947
3 7888 7780 7957
3 7780 7867 7957
3 7851 7948 7782
3 7823 7859 7895
3 7978 7834 7951
3 7988 7928 7871
3 7871 7835 7988
3 7835 7860 7988
3 7931 7930 7845
3 7880 7981 7825
3 7861 7899 7898
3 7881 7917 7801
3 7801 7838 7881
3 7962 7881 7838
3 7684 7900 7882
3 7922 7953 7756
3 7756 7840 7922
3 7906 7885 7944
3 7863 7807 7908
3 7946 7886 7819
3 7909 7924 7868
3 7889 7874 8010
3 8082 7890 7850
3 7948 8082 7850
3 7974 7875 7949
3 7852 7949 7875
3 7911 7910 7876
3 7958 7853 7950
3 7853 7854 7950
3 7832 7814 7936
3 7981 7897 7825
3 7938 7880 7837
3 7984 8060 7804
3 7990 8002 7942
3 7795 7963 7873
3 7865 7849 7971
3 7866 7947 7956
3 7842 7887 7947
3 7887 7888 7957
3 7868 7889 7909
3 7892 7811 8022
3 7877 8005 7811
3 7893 7870 8050
3 7960 7936 7814
3 7814 7978 7960
3 7834 7928 7937
3 7815 7929 7989
3 7981 7879 7897
3 7933 7938 7846
3 7933 7916 7982
3 7770 7939 7998
3 7898 7899 8007
3 7900 7962 7882
3 8018 7918 7802
3 7919 7804 8060
3 7984 7903 8090
3 7934 8090 7903
3 7772 7790 8077
3 8042 8077 7790
3 8044 7666 7596
3 7596 7905 8044
3 7943 8044 7905
3 7905 7921 7943
3 7840 7848 7922
3 7992 7906 7944
3 7885 7841 7954
3 7841 7907 7954
3 7908 7907 7863
3 7955 7945 7778
3 7866 7971 7849
3 7948 7851 8048
3 7869 8048 7851
3 7910 7949 7852
3 7959 7950 7854
3 7891 7959 7855
3 7892 7891 7750
3 8005 8022 7811
3 7976 7926 7893
3 8050 7976 7893
3 7977 7927 7912
3 7860 7815 7989
3 7952 7932 7879
3 7940 7899 7917
3 7902 7872 7983
3 8045 7943 7921
3 7884 7774 7991
3 8032 7922 7848
3 7945 7908 7807
3 7963 7970 7873
3 7964 8004 7923
3 8047 7957 7867
3 7909 7889 8081
3 7958 7950 7994
3 8012 8050 7870
3 8006 7913 7914
3 7895 7859 8055
3 7937 7951 7834
3 7928 7988 7937
3 7979 7988 7860
3 7989 7979 7860
3 7879 7981 7952
3 7933 7997 7938
3 7881 7940 7917
3 8018 7901 7966
3 7966 7901 7902
3 7902 7983 7966
3 7806 8058 7828
3 7806 7883 8029
3 7755 8029 7883
3 8002 8030 7942
3 7921 7968 8045
3 7992 8032 7848
3 7970 8009 7955
3 7795 7923 8003
3 8004 8003 7923
3 7957 7947 7887
3 8047 7867 7924
3 7924 7909 8047
3 7890 8082 7874
3 7910 7911 8083
3 7958 8011 7911
3 7994 7950 7959
3 7891 7892 8035
3 7976 7925 7926
3 8070 8006 7914
3 7914 7995 8070
3 7995 7878 7986
3 7878 7858 8051
3 8026 7987 7832
3 7915 7930 8027
3 7931 7845 7996
3 8014 7996 7845
3 8014 7896 8015
3 7997 7933 7961
3 7898 8007 7939
3 8043 7920 7707
3 7953 7991 7774
3 7953 7922 7985
3 8032 7985 7922
3 7954 7969 7885
3 7908 7945 8064
3 7956 7947 7972
3 7973 7972 7947
3 7947 7957 7973
3 8035 7959 7891
3 8035 7892 8022
3 8012 7927 8023
3 7858 7894 8051
3 7965 7915 8027
3 7931 8027 7930
3 7880 7938 7997
3 7933 8017 7961
3 7982 7916 7998
3 7999 7962 7900
3 8040 7999 7900
3 7934 7839 7847
3 8103 7764 7666
3 7666 8044 8103
3 7985 7991 7953
3 7944 7885 7969
3 7956 7971 7866
3 7993 7973 7957
3 7993 7957 8047
3 8011 8083 7911
3 7994 8011 7958
3 7877 7925 7975
3 7925 7976 7975
3 7913 8006 7977
3 7986 7878 8128
3 7894 7895 8025
3 8055 8025 7895
3 7936 8026 7832
3 8114 7989 7929
3 7965 8114 7929
3 7932 7952 7980
3 7997 7981 7880
3 8017 7933 7982
3 7940 8007 7899
3 7919 7983 7872
3 7847 7941 8057
3 7941 7935 8057
3 8058 8001 7828
3 7967 7942 8154
3 7908 8063 7907
3 8121 7945 7955
3 7955 8009 8121
3 8034 8004 7964
3 7886 8034 7964
3 7949 7910 8095
3 8083 8095 7910
3 7977 8023 7927
3 8051 8128 7878
3 7859 7987 8055
3 7960 7978 8109
3 7900 8041 8117
3 8062 8057 7935
3 7935 7904 8062
3 7904 7772 8062
3 7755 7967 8154
3 8154 7942 8030
3 8078 7990 7764
3 7764 8103 8078
3 8063 7954 7907
3 7963 8009 7970
3 7963 7795 8003
3 7946 8034 7886
3 8046 7946 7864
3 8110 7874 8082
3 8020 7994 7959
3 7959 8035 8020
3 7978 7951 8109
3 8072 7951 7937
3 7937 7988 8072
3 8016 8015 7896
3 7896 7932 8016
3 7932 7980 8016
3 7939 8007 7998
3 7999 7881 7962
3 7983 7919 8060
3 8000 8060 7984
3 8042 7920 8119
3 8029 8058 7806
3 7991 7985 8059
3 7985 8032 8059
3 7992 7944 8033
3 8092 7971 7956
3 7972 8092 7956
3 8110 8010 7874
3 8048 7869 8094
3 7974 8094 7869
3 8137 8005 7877
3 7877 7975 8137
3 8052 8055 7987
3 8026 8052 7987
3 8087 8072 7988
3 7988 7979 8087
3 8114 7965 8013
3 8027 8013 7965
3 7996 8088 7931
3 7997 7952 7981
3 8007 7940 8074
3 7934 7847 8100
3 8043 7707 8001
3 7707 7828 8001
3 8079 8032 7992
3 8033 8079 7992
3 8067 7864 7971
3 8094 7974 8106
3 8054 7974 7949
3 8095 8054 7949
3 8020 8035 8021
3 8012 8023 8107
3 8023 7977 8085
3 7995 7986 8113
3 8128 8164 7986
3 7989 8036 7979
3 7952 7997 8037
3 7998 8039 7982
3 8008 7940 7881
3 7881 7999 8008
3 8056 8008 7999
3 7966 7983 8028
3 8060 8076 7983
3 8090 7934 8061
3 8100 8061 7934
3 8057 8100 7847
3 8167 8062 7772
3 7772 8077 8167
3 8029 7755 8154
3 7990 8030 8002
3 8232 8044 7943
3 8059 8032 8031
3 8003 8019 7963
3 8034 8066 8004
3 7864 8067 8046
3 7909 8081 8047
3 8048 8082 7948
3 8137 8022 8005
3 7977 8006 8070
3 8070 7995 8113
3 8164 8113 7986
3 8051 7894 8024
3 8026 7936 8139
3 7960 8139 7936
3 8114 8036 7989
3 7952 8037 8097
3 8056 7999 8040
3 8018 7966 8028
3 8076 8028 7983
3 8119 7920 8043
3 8058 8029 8142
3 8102 8030 7990
3 8078 8102 7990
3 7968 7884 8045
3 7944 7969 8033
3 7908 8064 8091
3 8009 7963 8019
3 8019 8003 8144
3 8004 8066 8003
3 7973 7993 8093
3 7993 8047 8068
3 8054 8106 7974
3 8049 8083 8011
3 7994 8049 8011
3 8112 8035 8022
3 8070 8085 7977
3 8052 8026 8139
3 8071 8109 7951
3 7979 8036 8087
3 8027 8115 8013
3 8088 7996 8141
3 7980 7952 8097
3 8038 8017 7982
3 7998 8007 8185
3 8040 7900 8117
3 8117 8041 8075
3 7918 8018 8131
3 8028 8131 8018
3 8000 7984 8089
3 8090 8089 7984
3 8154 8101 8029
3 8065 8064 7945
3 8010 8110 8069
3 7994 8020 8181
3 7976 8050 8084
3 8072 8071 7951
3 7931 8115 8027
3 8053 8037 7997
3 8039 8038 7982
3 8166 7940 8008
3 8142 8029 8101
3 8079 8031 8032
3 8121 8009 8168
3 8105 8168 8009
3 8160 8046 8067
3 8092 8067 7971
3 7972 7973 8080
3 8093 8080 7973
3 8068 8093 7993
3 8081 7889 8187
3 8010 8187 7889
3 8049 7994 8181
3 8137 8112 8022
3 8137 7975 8163
3 7976 8084 8170
3 8050 8012 8107
3 8025 8024 7894
3 8025 8055 8108
3 8115 7931 8088
3 7996 8014 8141
3 8015 8141 8014
3 8039 7998 8185
3 8073 8185 8007
3 8073 8007 8074
3 8166 8074 7940
3 8008 8056 8166
3 8118 8075 8041
3 7918 8118 8041
3 8045 8132 7943
3 7969 7954 8104
3 8121 8065 7945
3 8019 8105 8009
3 8034 7946 8177
3 7946 8046 8177
3 8092 7972 8080
3 8170 7975 7976
3 8085 8107 8023
3 8055 8052 8086
3 8097 8016 7980
3 8097 8037 8147
3 8187 8010 8069
3 8183 8139 7960
3 8109 8183 7960
3 8015 8016 8141
3 8096 8141 8016
3 8016 8097 8096
3 8053 8147 8037
3 7961 8017 8098
3 8017 8130 8098
3 8038 8130 8017
3 8118 7918 8131
3 8062 8167 8267
3 8132 8232 7943
3 8045 7884 7991
3 8079 8033 8104
3 8033 7969 8104
3 8066 8144 8003
3 8117 8099 8040
3 8076 8060 8152
3 8000 8152 8060
3 8267 8057 8062
3 8119 8077 8042
3 8059 8031 8133
3 8063 8091 8120
3 8158 8134 8019
3 8019 8144 8158
3 8144 8066 8159
3 8066 8034 8204
3 8092 8160 8067
3 8068 8135 8093
3 8081 8068 8047
3 8082 8048 8125
3 8094 8125 8048
3 8021 8035 8136
3 8107 8084 8050
3 8108 8055 8086
3 8184 8109 8071
3 8072 8087 8129
3 8131 8028 8218
3 8028 8076 8173
3 8077 8123 8167
3 8001 8119 8043
3 8155 8104 7954
3 7954 8063 8156
3 8063 8120 8156
3 8092 8080 8124
3 8135 8124 8080
3 8093 8135 8080
3 8110 8082 8195
3 8082 8125 8195
3 8054 8095 8126
3 8188 8126 8095
3 8111 8095 8083
3 8049 8111 8083
3 8021 8181 8020
3 8035 8112 8136
3 8182 8128 8051
3 8051 8024 8182
3 8071 8072 8129
3 8076 8152 8173
3 8153 8089 8090
3 8061 8153 8090
3 8078 8103 8189
3 7991 8059 8175
3 8156 8155 7954
3 8134 8105 8019
3 8066 8204 8159
3 8124 8160 8092
3 8187 8069 8223
3 8248 8223 8069
3 8069 8110 8248
3 8095 8111 8188
3 8170 8163 7975
3 8127 8170 8084
3 8108 8171 8025
3 8165 8129 8087
3 8087 8036 8165
3 8088 8141 8226
3 8098 8147 8053
3 8098 8130 8116
3 8073 8074 8150
3 8074 8166 8122
3 8119 8123 8077
3 8261 8103 8044
3 8044 8232 8261
3 8133 8175 8059
3 8133 8031 8222
3 8091 8064 8247
3 8064 8065 8247
3 8145 8135 8068
3 8068 8081 8180
3 8187 8180 8081
3 8106 8054 8126
3 8107 8127 8084
3 8113 8164 8250
3 8164 8128 8191
3 8024 8025 8171
3 8183 8109 8193
3 8129 8184 8071
3 8114 8140 8036
3 8195 8248 8110
3 8136 8181 8021
3 8209 8136 8112
3 8210 8209 8112
3 8112 8137 8210
3 8182 8279 8128
3 8171 8138 8024
3 8192 8086 8052
3 8052 8139 8192
3 8193 8109 8184
3 8130 8038 8039
3 8074 8122 8150
3 8199 8099 8117
3 8075 8199 8117
3 8173 8218 8028
3 8000 8089 8152
3 8153 8061 8201
3 8119 8001 8174
3 8058 8174 8001
3 8058 8142 8186
3 8175 8143 7991
3 8222 8031 8079
3 8099 8056 8040
3 8231 8102 8078
3 8103 8261 8189
3 8158 8144 8203
3 8169 8160 8124
3 8124 8135 8169
3 8161 8195 8125
3 8094 8161 8125
3 8163 8170 8288
3 8191 8265 8164
3 8140 8165 8036
3 8115 8088 8214
3 8172 8096 8097
3 8097 8147 8172
3 8098 8148 8147
3 8149 8116 8130
3 8228 8149 8130
3 8130 8039 8228
3 8185 8228 8039
3 8150 8185 8073
3 8166 8056 8151
3 8061 8100 8201
3 8100 8057 8201
3 8221 8154 8030
3 8030 8102 8221
3 8078 8189 8231
3 8233 8232 8132
3 8045 7991 8190
3 8143 8190 7991
3 8176 8175 8133
3 8155 8079 8104
3 8236 8156 8120
3 8272 8065 8121
3 8177 8204 8034
3 8178 8177 8046
3 8046 8160 8178
3 8106 8161 8094
3 8126 8237 8106
3 8188 8111 8162
3 8181 8208 8049
3 8171 8108 8146
3 8183 8241 8139
3 8184 8129 8165
3 8098 8116 8148
3 8173 8152 8219
3 8167 8123 8202
3 8132 8045 8233
3 8176 8133 8222
3 8120 8091 8157
3 8247 8157 8091
3 8121 8168 8272
3 8145 8068 8275
3 8179 8275 8068
3 8180 8179 8068
3 8106 8237 8161
3 8170 8127 8278
3 8211 8085 8070
3 8070 8113 8211
3 8113 8250 8224
3 8191 8128 8279
3 8182 8024 8138
3 8146 8108 8225
3 8108 8086 8225
3 8192 8225 8086
3 8140 8114 8271
3 8013 8271 8114
3 8226 8141 8215
3 8096 8215 8141
3 8147 8148 8172
3 8152 8089 8219
3 8233 8045 8190
3 8157 8236 8120
3 8134 8168 8105
3 8238 8237 8126
3 8049 8162 8111
3 8181 8136 8196
3 8239 8127 8107
3 8107 8085 8239
3 8224 8211 8113
3 8241 8192 8139
3 8183 8193 8213
3 8271 8013 8198
3 8013 8115 8198
3 8115 8214 8198
3 8096 8172 8194
3 8148 8116 8227
3 8243 8122 8166
3 8166 8151 8243
3 8056 8099 8151
3 8202 8267 8167
3 8174 8283 8119
3 8142 8101 8244
3 8159 8203 8144
3 8177 8286 8204
3 8169 8178 8160
3 8275 8135 8145
3 8208 8249 8049
3 8196 8136 8209
3 8197 8210 8137
3 8137 8163 8197
3 8170 8278 8288
3 8265 8250 8164
3 8138 8255 8182
3 8146 8212 8171
3 8193 8184 8251
3 8227 8116 8149
3 8149 8228 8216
3 8280 8185 8150
3 8150 8122 8243
3 8118 8199 8075
3 8186 8174 8058
3 8284 8101 8154
3 8175 8176 8245
3 8222 8079 8235
3 8155 8235 8079
3 8205 8178 8169
3 8249 8162 8049
3 8288 8197 8163
3 8214 8088 8226
3 8172 8148 8291
3 8148 8227 8291
3 8185 8216 8228
3 8280 8216 8185
3 8099 8199 8259
3 8217 8199 8118
3 8131 8217 8118
3 8230 8089 8153
3 8057 8267 8252
3 8284 8244 8101
3 8176 8222 8245
3 8155 8156 8303
3 8272 8168 8268
3 8134 8268 8168
3 8177 8178 8286
3 8169 8135 8205
3 8263 8205 8135
3 8275 8263 8135
3 8180 8187 8206
3 8223 8206 8187
3 8126 8188 8238
3 8208 8181 8196
3 8239 8085 8211
3 8138 8171 8212
3 8242 8251 8184
3 8184 8165 8242
3 8257 8242 8165
3 8140 8257 8165
3 8194 8215 8096
3 8151 8099 8259
3 8218 8217 8131
3 8229 8218 8173
3 8201 8230 8153
3 8244 8186 8142
3 8154 8221 8284
3 8190 8285 8393
3 8234 8285 8190
3 8190 8143 8234
3 8143 8175 8234
3 8155 8303 8246
3 8236 8303 8156
3 8268 8134 8158
3 8203 8159 8262
3 8206 8179 8180
3 8208 8207 8249
3 8279 8265 8191
3 8279 8182 8255
3 8241 8225 8192
3 8251 8213 8193
3 8200 8219 8089
3 8230 8200 8089
3 8252 8201 8057
3 8202 8123 8220
3 8123 8119 8220
3 8283 8220 8119
3 8233 8190 8393
3 8286 8178 8269
3 8248 8195 8264
3 8195 8161 8264
3 8313 8238 8188
3 8197 8288 8314
3 8127 8239 8278
3 8225 8241 8240
3 8271 8257 8140
3 8243 8151 8282
3 8260 8259 8199
3 8217 8260 8199
3 8173 8219 8229
3 8244 8348 8186
3 8262 8342 8203
3 8205 8269 8178
3 8237 8264 8161
3 8188 8162 8313
3 8208 8196 8207
3 8276 8196 8209
3 8197 8254 8210
3 8250 8296 8224
3 8241 8183 8256
3 8213 8256 8183
3 8214 8308 8198
3 8150 8243 8258
3 8151 8259 8282
3 8235 8155 8246
3 8065 8272 8247
3 8158 8203 8342
3 8238 8305 8237
3 8266 8212 8146
3 8146 8225 8266
3 8271 8198 8322
3 8214 8226 8308
3 8194 8172 8290
3 8172 8291 8290
3 8291 8227 8366
3 8149 8366 8227
3 8229 8219 8354
3 8200 8354 8219
3 8347 8267 8202
3 8102 8231 8221
3 8373 8231 8189
3 8383 8261 8232
3 8232 8233 8383
3 8175 8245 8234
3 8222 8318 8245
3 8246 8318 8235
3 8204 8262 8159
3 8263 8274 8205
3 8223 8294 8206
3 8305 8264 8237
3 8276 8207 8196
3 8211 8224 8296
3 8255 8138 8270
3 8256 8240 8241
3 8271 8299 8257
3 8215 8308 8226
3 8258 8280 8150
3 8316 8201 8252
3 8220 8347 8202
3 8283 8174 8317
3 8301 8284 8221
3 8235 8318 8222
3 8268 8158 8273
3 8286 8262 8204
3 8274 8269 8205
3 8209 8210 8277
3 8279 8335 8265
3 8138 8212 8307
3 8212 8266 8321
3 8225 8240 8266
3 8251 8242 8298
3 8290 8215 8194
3 8280 8258 8323
3 8316 8230 8201
3 8174 8186 8317
3 8302 8221 8231
3 8231 8373 8302
3 8303 8253 8246
3 8275 8363 8263
3 8264 8287 8248
3 8305 8238 8343
3 8295 8249 8207
3 8254 8277 8210
3 8350 8344 8278
3 8255 8320 8279
3 8270 8320 8255
3 8307 8270 8138
3 8297 8266 8240
3 8240 8256 8297
3 8213 8251 8298
3 8299 8298 8242
3 8242 8257 8299
3 8308 8322 8198
3 8216 8309 8149
3 8243 8281 8258
3 8315 8259 8260
3 8317 8186 8348
3 8348 8244 8310
3 8300 8310 8244
3 8244 8284 8300
3 8189 8261 8373
3 8234 8245 8369
3 8245 8318 8369
3 8272 8268 8273
3 8273 8158 8342
3 8269 8274 8319
3 8363 8274 8263
3 8223 8248 8287
3 8238 8313 8343
3 8162 8249 8313
3 8277 8276 8209
3 8288 8278 8344
3 8278 8239 8350
3 8239 8211 8333
3 8265 8296 8250
3 8282 8281 8243
3 8326 8252 8267
3 8220 8283 8367
3 8157 8247 8292
3 8247 8272 8292
3 8262 8286 8304
3 8179 8293 8275
3 8179 8206 8294
3 8287 8264 8312
3 8305 8312 8264
3 8207 8276 8295
3 8314 8254 8197
3 8211 8296 8333
3 8298 8289 8213
3 8299 8271 8322
3 8290 8291 8353
3 8360 8366 8149
3 8217 8315 8260
3 8340 8217 8218
3 8218 8229 8340
3 8229 8354 8340
3 8392 8354 8200
3 8230 8392 8200
3 8383 8373 8261
3 8362 8292 8272
3 8294 8293 8179
3 8223 8287 8294
3 8277 8254 8306
3 8288 8344 8314
3 8239 8333 8350
3 8265 8335 8334
3 8320 8335 8279
3 8321 8307 8212
3 8309 8360 8149
3 8323 8216 8280
3 8325 8316 8252
3 8252 8326 8325
3 8317 8367 8283
3 8393 8383 8233
3 8253 8318 8246
3 8273 8362 8272
3 8286 8269 8311
3 8319 8311 8269
3 8312 8294 8287
3 8330 8295 8276
3 8270 8307 8336
3 8352 8215 8290
3 8353 8359 8290
3 8366 8353 8291
3 8267 8347 8326
3 8301 8300 8284
3 8302 8301 8221
3 8303 8236 8327
3 8157 8327 8236
3 8342 8375 8273
3 8293 8363 8275
3 8349 8313 8249
3 8276 8277 8331
3 8296 8265 8345
3 8334 8345 8265
3 8213 8297 8256
3 8339 8282 8259
3 8393 8285 8419
3 8285 8234 8361
3 8253 8303 8327
3 8311 8304 8286
3 8312 8305 8364
3 8249 8295 8349
3 8332 8254 8314
3 8403 8332 8314
3 8344 8350 8356
3 8320 8270 8357
3 8406 8336 8307
3 8351 8298 8299
3 8322 8337 8299
3 8322 8308 8365
3 8308 8215 8352
3 8359 8352 8290
3 8339 8281 8282
3 8259 8315 8339
3 8348 8341 8317
3 8361 8419 8285
3 8361 8234 8369
3 8327 8157 8328
3 8157 8292 8328
3 8375 8362 8273
3 8363 8319 8274
3 8349 8343 8313
3 8276 8331 8330
3 8306 8331 8277
3 8344 8403 8314
3 8333 8296 8371
3 8357 8270 8336
3 8307 8321 8406
3 8358 8321 8266
3 8297 8358 8266
3 8289 8298 8407
3 8351 8299 8337
3 8216 8323 8338
3 8281 8372 8258
3 8324 8339 8315
3 8315 8217 8324
3 8347 8220 8367
3 8302 8373 8381
3 8342 8262 8376
3 8304 8376 8262
3 8312 8377 8294
3 8345 8371 8296
3 8345 8334 8436
3 8335 8320 8346
3 8297 8213 8390
3 8289 8390 8213
3 8407 8298 8351
3 8337 8322 8365
3 8352 8365 8308
3 8216 8338 8309
3 8340 8324 8217
3 8429 8392 8230
3 8429 8230 8316
3 8325 8429 8316
3 8409 8325 8326
3 8369 8318 8385
3 8329 8376 8304
3 8304 8311 8329
3 8293 8370 8363
3 8293 8294 8355
3 8377 8355 8294
3 8382 8305 8343
3 8387 8343 8349
3 8395 8295 8330
3 8333 8371 8350
3 8358 8406 8321
3 8258 8372 8323
3 8310 8368 8348
3 8292 8362 8328
3 8376 8375 8342
3 8343 8387 8382
3 8395 8349 8295
3 8306 8254 8388
3 8254 8332 8378
3 8344 8356 8403
3 8357 8346 8320
3 8380 8357 8336
3 8337 8445 8351
3 8412 8281 8339
3 8326 8347 8409
3 8400 8409 8347
3 8370 8402 8363
3 8394 8312 8364
3 8305 8382 8364
3 8331 8395 8330
3 8306 8388 8331
3 8378 8388 8254
3 8334 8335 8389
3 8346 8389 8335
3 8358 8297 8390
3 8407 8390 8289
3 8353 8366 8399
3 8391 8412 8339
3 8391 8339 8324
3 8392 8340 8354
3 8341 8348 8368
3 8393 8384 8383
3 8318 8253 8459
3 8327 8459 8253
3 8328 8410 8327
3 8328 8362 8401
3 8402 8311 8319
3 8319 8363 8402
3 8403 8356 8379
3 8336 8406 8380
3 8365 8352 8405
3 8399 8366 8417
3 8367 8400 8347
3 8367 8317 8341
3 8381 8373 8430
3 8374 8419 8361
3 8369 8374 8361
3 8293 8355 8386
3 8411 8382 8387
3 8436 8334 8397
3 8389 8397 8334
3 8389 8346 8415
3 8337 8365 8398
3 8365 8405 8398
3 8360 8417 8366
3 8372 8449 8323
3 8459 8385 8318
3 8370 8293 8386
3 8394 8377 8312
3 8395 8387 8349
3 8378 8332 8442
3 8413 8379 8356
3 8471 8356 8350
3 8350 8371 8471
3 8423 8471 8371
3 8371 8345 8423
3 8346 8357 8404
3 8390 8407 8482
3 8445 8337 8398
3 8447 8352 8359
3 8359 8353 8447
3 8309 8338 8427
3 8323 8449 8338
3 8410 8459 8327
3 8455 8431 8328
3 8401 8455 8328
3 8375 8401 8362
3 8375 8376 8401
3 8329 8311 8456
3 8470 8364 8382
3 8332 8462 8442
3 8345 8396 8423
3 8436 8396 8345
3 8404 8415 8346
3 8357 8380 8416
3 8444 8416 8380
3 8447 8405 8352
3 8360 8309 8427
3 8324 8340 8391
3 8385 8374 8369
3 8410 8328 8431
3 8376 8329 8432
3 8377 8386 8355
3 8399 8447 8353
3 8391 8340 8418
3 8340 8392 8418
3 8367 8341 8458
3 8476 8301 8302
3 8373 8383 8430
3 8383 8384 8430
3 8401 8376 8432
3 8456 8420 8329
3 8386 8402 8370
3 8433 8386 8377
3 8395 8331 8422
3 8332 8403 8462
3 8356 8471 8413
3 8415 8404 8425
3 8380 8406 8444
3 8358 8390 8439
3 8482 8439 8390
3 8407 8351 8445
3 8475 8445 8398
3 8427 8417 8360
3 8451 8418 8392
3 8392 8429 8451
3 8400 8367 8484
3 8341 8368 8458
3 8452 8458 8368
3 8368 8310 8453
3 8310 8300 8453
3 8302 8381 8476
3 8381 8430 8476
3 8374 8385 8468
3 8420 8432 8329
3 8457 8311 8402
3 8441 8402 8386
3 8377 8394 8433
3 8382 8411 8470
3 8387 8395 8411
3 8422 8411 8395
3 8486 8331 8388
3 8462 8403 8379
3 8434 8423 8396
3 8396 8436 8434
3 8414 8434 8436
3 8397 8389 8437
3 8415 8437 8389
3 8404 8357 8426
3 8482 8407 8440
3 8408 8475 8398
3 8398 8405 8408
3 8399 8417 8448
3 8412 8372 8281
3 8452 8368 8453
3 8509 8300 8301
3 8456 8311 8457
3 8421 8394 8364
3 8425 8404 8426
3 8483 8408 8405
3 8448 8447 8399
3 8434 8414 8443
3 8465 8444 8406
3 8406 8358 8465
3 8445 8440 8407
3 8427 8338 8466
3 8450 8412 8391
3 8419 8384 8393
3 8459 8410 8454
3 8431 8454 8410
3 8432 8420 8523
3 8441 8457 8402
3 8364 8470 8421
3 8486 8422 8331
3 8423 8463 8471
3 8428 8429 8325
3 8325 8409 8428
3 8490 8409 8400
3 8458 8484 8367
3 8459 8468 8385
3 8433 8494 8386
3 8388 8378 8486
3 8487 8462 8379
3 8379 8413 8487
3 8357 8416 8426
3 8474 8426 8416
3 8438 8474 8416
3 8416 8444 8438
3 8446 8483 8405
3 8405 8447 8446
3 8449 8466 8338
3 8391 8418 8450
3 8418 8451 8450
3 8428 8451 8429
3 8515 8428 8409
3 8490 8515 8409
3 8301 8476 8509
3 8419 8374 8467
3 8467 8374 8468
3 8432 8522 8401
3 8493 8523 8420
3 8420 8456 8493
3 8494 8441 8386
3 8433 8394 8421
3 8378 8442 8460
3 8435 8443 8414
3 8439 8465 8358
3 8520 8449 8372
3 8412 8520 8372
3 8484 8490 8400
3 8509 8453 8300
3 8384 8419 8467
3 8455 8401 8522
3 8523 8522 8432
3 8486 8378 8460
3 8462 8461 8442
3 8413 8471 8487
3 8423 8424 8463
3 8424 8434 8480
3 8434 8443 8480
3 8472 8414 8436
3 8397 8472 8436
3 8397 8437 8473
3 8437 8415 8464
3 8444 8465 8481
3 8441 8494 8469
3 8411 8422 8527
3 8528 8527 8422
3 8422 8486 8528
3 8463 9648 8471
3 8472 8435 8414
3 8495 8473 8437
3 8437 8464 8495
3 8415 8425 8464
3 8425 8426 8464
3 8496 8464 8426
3 8497 8496 8426
3 8474 8497 8426
3 8481 8438 8444
3 8446 8447 8507
3 8448 8417 8498
3 8417 8427 8498
3 8520 8412 8450
3 8500 8450 8451
3 8451 8428 8515
3 8484 8458 8491
3 8502 8493 8456
3 8456 8457 8502
3 8466 8498 8427
3 8449 8508 8466
3 8430 8384 8510
3 8468 8459 8477
3 8511 8477 8459
3 8454 8511 8459
3 8469 8457 8441
3 8516 8470 8411
3 8479 8460 8442
3 8442 8461 8479
3 8462 8487 8512
3 8533 8513 8471
3 9648 8533 8471
3 8480 8529 8424
3 8443 8435 8505
3 8435 8472 8488
3 8473 8472 8397
3 8438 8548 8474
3 8475 8530 8445
3 8447 8448 8507
3 8498 8466 8499
3 8508 8499 8466
3 8449 8520 8508
3 8451 8515 8500
3 8384 8467 8541
3 8467 8468 8477
3 8433 8421 8478
3 8516 8421 8470
3 8527 8516 8411
3 8512 8461 8462
3 8513 8487 8471
3 8443 8505 8504
3 8482 8562 8439
3 8440 8445 8530
3 8450 8500 8489
3 8491 8458 8550
3 8458 8452 8550
3 8485 8550 8452
3 8452 8453 8485
3 8510 8476 8430
3 8477 8541 8467
3 8511 8454 8492
3 8431 8492 8454
3 8431 8455 8492
3 8522 8492 8455
3 8523 8493 8524
3 8502 8457 8525
3 8469 8525 8457
3 8494 8433 8478
3 8460 8479 8518
3 8461 8518 8479
3 8504 8529 8480
3 8480 8443 8504
3 8561 8505 8435
3 8435 8488 8561
3 8488 8472 8473
3 8496 8495 8464
3 8519 8497 8474
3 8438 8481 8535
3 8465 8535 8481
3 8465 8439 8562
3 8483 8446 8506
3 8498 8507 8448
3 8564 8540 8450
3 8450 8489 8564
3 8510 8384 8541
3 8478 8421 8526
3 8517 8528 8486
3 8486 8460 8517
3 8503 8517 8460
3 8532 8461 8512
3 8488 8473 8514
3 8495 8514 8473
3 8548 8519 8474
3 8535 8548 8438
3 8440 8562 8482
3 8475 8408 8530
3 8408 8483 8506
3 8446 8507 8506
3 8520 8450 8540
3 8490 8484 8542
3 8485 8453 8509
3 8509 8476 8521
3 8510 8521 8476
3 8501 8524 8493
3 8493 8502 8501
3 8469 8494 8543
3 8478 8543 8494
3 8526 8421 8516
3 8503 8460 8518
3 8544 8512 8487
3 8514 8561 8488
3 8495 8496 8534
3 8497 8534 8496
3 8549 8506 8507
3 8507 8498 9561
3 8498 8499 9561
3 8539 8508 8520
3 8491 8542 8484
3 8525 8501 8502
3 8525 8469 8543
3 8534 8514 8495
3 8440 8573 8562
3 8530 8573 8440
3 8408 8506 8537
3 8507 9561 8549
3 8499 8508 8538
3 8568 8515 8490
3 8587 8550 8485
3 8521 8485 8509
3 8521 8510 8551
3 8526 8516 8582
3 8518 8461 8570
3 8544 8532 8512
3 8487 8545 8544
3 8487 8513 8545
3 8529 8504 8555
3 8556 8504 8505
3 8505 8561 8556
3 8546 8534 8497
3 8497 8547 8546
3 8519 8547 8497
3 8562 8535 8465
3 8530 8408 8536
3 8408 8537 8536
3 8500 8515 8489
3 8515 8568 8579
3 8510 8541 8580
3 8541 8477 8580
3 8492 8522 8569
3 8501 8581 8524
3 8478 8526 8531
3 8517 8503 8576
3 8503 8518 8576
3 8570 8576 8518
3 8513 8533 8545
3 8554 8533 9648
3 9561 8499 8538
3 8579 8489 8515
3 8542 8568 8490
3 8609 8542 8491
3 8550 8609 8491
3 8485 8521 8551
3 8492 8598 8511
3 8522 8523 8569
3 8523 8524 8581
3 8581 8501 8565
3 8501 8525 8565
3 8531 8543 8478
3 8527 8528 8583
3 8528 8517 8583
3 9650 8529 9647
3 8514 8534 8557
3 8549 8558 8506
3 8531 8566 8543
3 8516 8527 8582
3 8576 8570 8589
3 8590 8570 8461
3 8567 8461 8532
3 8532 8544 8592
3 8560 8555 8504
3 8557 8561 8514
3 8537 8506 8558
3 8538 8508 8563
3 8508 8539 8563
3 8520 8540 8539
3 8568 8542 8631
3 8477 8511 8598
3 8581 8569 8523
3 8579 8564 8489
3 8485 8551 8587
3 8598 8580 8477
3 8492 8569 8617
3 8531 8526 8552
3 8526 8582 8552
3 8567 8590 8461
3 8591 8567 8532
3 8545 8592 8544
3 8545 8533 8553
3 8554 8553 8533
3 9647 8529 8603
3 8504 8556 8560
3 8556 8561 8572
3 8534 8546 8557
3 8547 8519 8594
3 8519 8548 8606
3 8548 8535 8606
3 8595 8606 8535
3 8562 8595 8535
3 8573 8530 8585
3 8530 8536 8585
3 8558 8607 8537
3 8558 8549 8559
3 8559 9561 8578
3 8540 8564 8597
3 8587 8574 8550
3 8583 8582 8527
3 8517 8576 8584
3 8591 8532 8592
3 8592 8545 8571
3 8553 8571 8545
3 8555 8603 8529
3 8577 8560 8556
3 8556 8572 8577
3 8606 8594 8519
3 8607 8585 8536
3 8536 8537 8607
3 9649 9647 8603
3 8577 8619 8560
3 9559 8572 8561
3 8561 8557 9559
3 9561 8538 8578
3 8596 8578 8538
3 8538 8563 8596
3 8597 8539 8540
3 8551 8510 8575
3 8598 8492 8617
3 8569 8581 8612
3 8600 8599 8566
3 8566 8531 8600
3 8552 8600 8531
3 8584 8583 8517
3 8631 8579 8568
3 8610 8574 8587
3 8587 8551 8610
3 8580 8575 8510
3 8612 8617 8569
3 8622 8612 8581
3 8570 8590 8589
3 8555 8560 8604
3 8605 8604 8560
3 8619 8605 8560
3 8562 8573 8595
3 8585 8595 8573
3 8558 8559 8608
3 8608 8586 8558
3 8559 8578 8608
3 8629 8563 8539
3 8564 8579 8630
3 8574 8609 8550
3 8598 8611 8580
3 8589 8613 8576
3 8592 8571 8624
3 9649 8603 8618
3 8603 8555 8604
3 8594 8658 8547
3 8629 8596 8563
3 8539 8597 8629
3 8551 8575 8653
3 8575 8580 8642
3 8588 8622 8581
3 8581 8565 8588
3 8565 9583 8588
3 8600 8552 8634
3 8601 8634 8552
3 8552 8582 8601
3 8584 8576 8613
3 8589 8590 8656
3 8567 8656 8590
3 8602 8571 8553
3 8572 8593 8577
3 8547 8658 8546
3 8586 8607 8558
3 8564 8630 8597
3 8621 8609 8574
3 8574 8610 8616
3 8582 8583 8601
3 8613 8589 8664
3 8592 8635 8591
3 8624 8571 8602
3 8602 9649 8670
3 8618 8670 9649
3 9559 8557 8614
3 8557 8546 8658
3 8608 8578 8620
3 8578 8596 8620
3 8579 8631 8639
3 8631 8542 8615
3 8542 8609 8615
3 8616 8621 8574
3 8610 8551 8653
3 8642 8653 8575
3 8642 8580 8632
3 8580 8611 8632
3 8611 8598 8643
3 8617 8643 8598
3 8644 8588 9583
3 9583 8599 8644
3 8599 8600 8633
3 8584 8601 8583
3 8589 8656 8664
3 8625 8618 8603
3 8603 8604 8625
3 8604 8605 8657
3 8658 8614 8557
3 8594 8606 8659
3 8661 8638 8595
3 8595 8585 8661
3 8627 8661 8585
3 8585 8607 8627
3 8650 8586 8608
3 8608 8620 8650
3 8621 8615 8609
3 8643 8632 8611
3 8643 8617 8666
3 8617 8612 8666
3 8644 8622 8588
3 8633 8644 8599
3 8634 8633 8600
3 8664 8655 8613
3 8623 8656 8567
3 8635 8623 8567
3 8567 8591 8635
3 8592 8624 8635
3 8657 8625 8604
3 8619 8577 8626
3 8577 8593 8626
3 8594 8659 8658
3 8606 8595 8638
3 8628 8620 8596
3 8629 8628 8596
3 8601 8584 8654
3 8655 8654 8584
3 8584 8613 8655
3 8636 8635 8624
3 8637 8624 8602
3 8646 8605 8619
3 8619 8626 8646
3 8638 8659 8606
3 8607 8586 8627
3 8639 8630 8579
3 8615 8676 8631
3 8621 8640 8615
3 8641 8621 8616
3 8616 8610 8641
3 8652 8641 8610
3 8653 8652 8610
3 8645 8634 8601
3 8637 8636 8624
3 8602 8670 8637
3 8625 8703 8618
3 8646 8657 8605
3 8724 8646 8626
3 8682 8626 8593
3 8647 8682 8593
3 8658 8648 8614
3 8660 8638 8661
3 8650 8620 8673
3 8629 8597 8699
3 8630 8699 8597
3 8676 8639 8631
3 8651 8640 8621
3 8641 8651 8621
3 8643 8666 8717
3 8644 8633 8668
3 8633 8634 8645
3 8601 8654 8645
3 8670 8618 8709
3 8648 8647 8614
3 8658 8659 8649
3 8660 8659 8638
3 8683 8627 8586
3 8586 8650 8683
3 8615 8640 8676
3 8651 8662 8640
3 8652 8651 8641
3 8653 8642 8685
3 8642 8632 8686
3 8612 8622 8667
3 8622 8644 8667
3 8668 8667 8644
3 8664 8656 8691
3 8623 8635 8680
3 8665 8636 8637
3 8703 8709 8618
3 8720 8703 8625
3 8648 8658 8692
3 8672 8660 8661
3 8661 8627 8672
3 8650 8673 8683
3 8628 8673 8620
3 8629 8699 8698
3 8675 8699 8630
3 8700 8630 8639
3 8639 8676 8700
3 8662 8676 8640
3 8662 8651 8663
3 8651 8652 8663
3 8652 8653 8679
3 8685 8679 8653
3 8686 8685 8642
3 8686 8632 8687
3 8632 8643 8687
3 8717 8687 8643
3 8667 8688 8612
3 8633 8645 8668
3 8645 8654 8689
3 8669 8691 8656
3 8623 8669 8656
3 8625 8657 8720
3 8658 8649 8692
3 8660 8671 8659
3 8627 8683 8672
3 8674 8628 8629
3 8629 8698 8674
3 8630 8700 8675
3 8677 8662 8663
3 8663 8652 8677
3 8652 8679 8678
3 8666 8612 8688
3 8668 8645 8689
3 8690 8689 8654
3 8654 8655 8690
3 8655 8664 8691
3 8680 8635 8636
3 8657 8646 8697
3 8626 8682 8681
3 8659 8671 8649
3 8673 8628 8694
3 8674 8694 8628
3 8684 8676 8662
3 8662 8677 8684
3 8678 8677 8652
3 8679 8685 8701
3 8667 8668 8693
3 8690 8655 8706
3 8623 8718 8669
3 8719 8680 8636
3 8665 8719 8636
3 8637 8670 8750
3 8697 8646 8724
3 8692 8682 8648
3 8678 8679 8696
3 8701 8696 8679
3 8688 8717 8666
3 8691 8706 8655
3 8680 8718 8623
3 8734 8719 8665
3 8637 8708 8665
3 8657 8697 8768
3 8724 8626 8710
3 8626 8681 8710
3 8674 8713 8694
3 8714 8699 8675
3 8675 8700 8714
3 8725 8700 8676
3 8676 8684 8725
3 8695 8725 8684
3 8684 8677 8695
3 8677 8678 8695
3 8731 8695 8678
3 8678 8696 8731
3 8716 8701 8685
3 8686 8716 8685
3 8688 8667 8722
3 8707 8706 8691
3 8669 8707 8691
3 8709 8703 8702
3 8697 8724 8769
3 8681 8682 8704
3 8649 8671 8712
3 8660 8672 8751
3 8715 8726 8695
3 8695 8731 8715
3 8701 8731 8696
3 8717 8727 8687
3 8705 8693 8689
3 8689 8690 8705
3 8728 8734 8665
3 8708 8728 8665
3 8757 8768 8697
3 8681 8704 8710
3 8711 8682 8692
3 8671 8660 8751
3 8713 9596 8694
3 8674 8698 8721
3 8698 8699 8721
3 8714 8721 8699
3 8725 8695 8730
3 8726 8730 8695
3 8686 8687 8716
3 8706 8705 8690
3 8718 8707 8669
3 8720 8702 8703
3 8720 8657 8729
3 8768 8729 8657
3 8736 8710 8704
3 8712 8711 8692
3 8692 8649 8712
3 9596 8751 8672
3 8700 8725 8714
3 8746 8715 8731
3 8731 8701 8761
3 8717 8688 8727
3 8727 8688 8722
3 8732 8722 8705
3 8705 8706 8732
3 8670 8709 8750
3 8735 8750 8709
3 8709 8702 8735
3 8758 8736 8704
3 8721 8713 8674
3 8730 8726 8745
3 8747 8753 8701
3 8701 8716 8747
3 8716 8687 8727
3 8706 8707 8754
3 8707 8718 8733
3 8723 8733 8718
3 8718 8680 8723
3 8680 8719 8723
3 8734 8723 8719
3 8728 8708 8756
3 8708 8637 8749
3 8750 8749 8637
3 8702 8720 8767
3 8729 8767 8720
3 8769 8757 8697
3 8776 8724 8710
3 8704 8711 8744
3 8737 8712 8671
3 8671 8751 8737
3 9596 8713 8752
3 8738 8752 8713
3 8713 8721 8738
3 8725 8730 8759
3 8746 8726 8715
3 8753 8761 8701
3 8727 8722 8742
3 8732 8742 8722
3 8754 8707 8733
3 8734 8728 8743
3 8749 8756 8708
3 8776 8769 8724
3 8744 8758 8704
3 8711 8712 8770
3 8751 9596 8752
3 8714 8725 8740
3 8759 8740 8725
3 8761 8741 8731
3 8727 8747 8716
3 8742 8748 8727
3 8754 8732 8706
3 8743 8728 8755
3 8756 8755 8728
3 8764 8767 8729
3 8783 8736 8758
3 8770 8744 8711
3 8739 8738 8721
3 8721 8714 8739
3 8740 8739 8714
3 8771 8740 8759
3 8745 8759 8730
3 8760 8745 8726
3 8746 8760 8726
3 8741 8746 8731
3 8753 8747 8780
3 8742 8732 8754
3 8754 8733 8766
3 8723 8734 8762
3 8743 8762 8734
3 8756 8749 8763
3 8750 8735 8791
3 8729 8768 8764
3 8736 8776 8710
3 8737 8770 8712
3 8795 8737 8751
3 8784 8752 8738
3 8739 8784 8738
3 8739 8740 8778
3 8762 8766 8733
3 8733 8723 8762
3 8767 8735 8702
3 8769 8818 8757
3 8758 8744 9556
3 8751 8752 8795
3 8778 8784 8739
3 8740 8771 8778
3 8779 8759 8745
3 8765 8747 8727
3 8727 8748 8765
3 8773 8748 8742
3 8742 8754 8773
3 8817 8749 8750
3 8764 8768 8810
3 8782 8776 8736
3 8737 8795 8770
3 8760 8779 8745
3 8741 8772 8746
3 8788 8741 8761
3 8765 8780 8747
3 8766 8773 8754
3 8762 8743 8774
3 8743 8755 8774
3 8755 8756 8781
3 8763 8781 8756
3 8767 8764 8793
3 8836 8768 8757
3 8736 8783 8782
3 9852 8758 9556
3 8777 8795 8752
3 8784 8777 8752
3 8785 8771 8759
3 8786 8779 8760
3 8772 8760 8746
3 8788 8761 8797
3 8761 8753 8797
3 8766 8762 8799
3 8774 8755 8775
3 8781 8775 8755
3 8791 8817 8750
3 9556 8770 8794
3 8779 8785 8759
3 8780 8797 8753
3 8789 8765 8748
3 8748 8773 8789
3 8793 8792 8767
3 9852 8783 8758
3 8790 8789 8773
3 8802 8778 8771
3 8785 8802 8771
3 8760 8772 8786
3 8772 8741 8788
3 8780 8765 8798
3 8789 8798 8765
3 8799 8790 8773
3 8773 8766 8799
3 8800 8799 8762
3 8762 8774 8800
3 8775 8800 8774
3 8817 8763 8749
3 8735 8767 8792
3 8810 8793 8764
3 8818 8769 8868
3 8769 8776 8819
3 8776 8782 8819
3 8783 9852 9847
3 8795 8794 8770
3 8811 8795 8777
3 8784 8778 8811
3 8786 8785 8779
3 8786 8772 8787
3 8772 8788 8787
3 8798 8797 8780
3 8809 8808 8775
3 8781 8809 8775
3 8810 8768 8836
3 8804 8782 8783
3 9847 8804 8783
3 8777 8784 8811
3 8785 8786 8796
3 8787 8796 8786
3 8787 8788 9858
3 8797 9858 8788
3 8800 8775 8808
3 8816 8781 8763
3 8763 8831 8816
3 8841 8791 8735
3 8735 8792 8841
3 8811 9848 8794
3 8794 8795 8811
3 8802 8811 8778
3 8802 8785 9849
3 8785 8796 9849
3 9846 9858 8797
3 9850 9846 8797
3 8797 8798 9850
3 8798 8789 9850
3 8763 8817 8831
3 8803 8821 8792
3 8792 8793 8803
3 8818 8836 8757
3 8812 8811 8802
3 9849 8812 8802
3 8781 8816 8809
3 8825 8817 8791
3 8832 8825 8791
3 8791 8841 8832
3 8841 8792 8821
3 8793 8810 8835
3 8819 8868 8769
3 8819 8782 8850
3 8814 9843 8815
3 8835 8810 8826
3 8836 8818 8822
3 8782 8804 8850
3 8804 9847 8823
3 9848 8811 8812
3 9845 8805 8824
3 8837 8813 8806
3 8806 8814 8837
3 8814 8815 8829
3 8820 8815 9854
3 9854 8807 8820
3 8807 8808 8820
3 8816 8831 8881
3 8817 8825 8831
3 9853 8824 8828
3 8805 8813 8851
3 8830 8829 8815
3 8815 8820 8830
3 8809 8816 8840
3 8803 8793 8835
3 8836 8826 8810
3 8868 8822 8818
3 8850 8861 8819
3 8804 8823 8827
3 8833 8824 8805
3 8851 8833 8805
3 8837 8851 8813
3 8829 8837 8814
3 8808 8809 8840
3 8827 8850 8804
3 8827 8823 8849
3 8828 8849 8823
3 8824 8862 8828
3 8870 8853 8830
3 8830 8820 8870
3 8863 8808 8840
3 8821 8803 8834
3 8835 8834 8803
3 8868 8819 8861
3 8833 8862 8824
3 8853 8829 8830
3 8880 8870 8820
3 8820 8808 8880
3 8841 8821 8838
3 9630 8834 8835
3 8848 9630 8835
3 8822 8826 8836
3 8849 8828 8842
3 8862 8842 8828
3 8837 8829 8852
3 8843 8852 8829
3 8808 8863 8880
3 8831 8825 8844
3 8854 8825 8832
3 8832 8841 8854
3 8841 8838 8854
3 8849 8877 8827
3 8852 8851 8837
3 8853 8843 8829
3 8854 8838 8845
3 8838 9631 8845
3 8846 8845 9631
3 9629 8839 8859
3 8855 8859 8839
3 8855 8839 8847
3 8839 9627 8847
3 9627 8834 9630
3 8835 8826 8848
3 8877 8882 8827
3 8816 8881 8886
3 8846 9629 8858
3 8822 8857 8826
3 8847 9630 8856
3 8860 8856 9630
3 9630 8848 8860
3 8857 8848 8826
3 8915 8861 8850
3 8842 8877 8849
3 8862 8869 8842
3 8840 8816 8886
3 8844 8894 8831
3 8854 8844 8825
3 8854 8845 8874
3 8858 9629 8872
3 8875 8859 8855
3 8855 8847 8864
3 8856 8865 8847
3 8850 8827 8915
3 8894 8881 8831
3 8859 8872 9629
3 8855 8864 8875
3 8865 8864 8847
3 8857 8822 8879
3 8868 8879 8822
3 8877 8842 8869
3 8874 8867 8854
3 8871 8878 8846
3 8846 8858 8871
3 8872 8897 8858
3 8876 8860 8848
3 8848 8857 8876
3 8852 8843 8866
3 8893 8866 8843
3 8840 8886 8889
3 8844 8854 8867
3 8872 8859 8887
3 8859 8875 8887
3 8903 8875 8864
3 8865 8903 8864
3 8860 8899 8856
3 8833 8851 8873
3 8884 8873 8851
3 8851 8852 8884
3 8853 8870 8901
3 8858 8897 8871
3 8909 8876 8857
3 8882 8915 8827
3 8869 8862 8883
3 8862 8833 8883
3 8889 8863 8840
3 8844 8867 8895
3 8892 8899 8860
3 8860 8876 8892
3 8879 8909 8857
3 8868 8861 8879
3 8915 8879 8861
3 8883 8911 8869
3 8833 8873 8883
3 8853 8893 8843
3 8870 8880 8885
3 8895 8894 8844
3 8896 8895 8867
3 8867 8874 8896
3 8874 8878 8907
3 8928 8897 8872
3 8903 8898 8875
3 8903 8865 8937
3 8852 8866 8900
3 8901 8893 8853
3 8888 8885 8880
3 8907 8896 8874
3 8871 8907 8878
3 8891 8928 8872
3 8887 8875 8902
3 8914 8865 8856
3 8899 8914 8856
3 8952 8915 8882
3 8877 8910 8882
3 8885 8901 8870
3 8880 8863 8888
3 8916 8886 8881
3 8881 8894 8916
3 8872 8887 8891
3 8875 8898 8902
3 8904 8892 8876
3 8876 8909 8904
3 8910 8952 8882
3 8911 8877 8869
3 8900 8884 8852
3 8866 8893 8900
3 8906 8888 8863
3 8889 8906 8863
3 8916 8889 8886
3 8890 8907 8871
3 8865 8914 8937
3 8916 8934 8889
3 8899 8892 8904
3 8909 8879 8922
3 8915 8922 8879
3 8910 8877 8905
3 8911 8905 8877
3 8894 8895 8916
3 8896 8916 8895
3 8890 8926 8907
3 8890 8871 8908
3 8897 8908 8871
3 8932 8897 8933
3 8928 8933 8897
3 8891 8887 8919
3 8902 8919 8887
3 8898 8903 8917
3 8904 8920 8899
3 8904 8909 8921
3 8911 8883 8931
3 8912 8931 8883
3 8883 9560 8912
3 9560 8884 8918
3 8888 8906 8925
3 8919 8940 8891
3 8903 8937 8917
3 8937 8914 8929
3 8920 8914 8899
3 8884 8900 8924
3 8913 8916 8896
3 8896 8907 8913
3 8926 8913 8907
3 8936 8926 8890
3 8932 8908 8897
3 8928 8891 8940
3 8920 8904 8963
3 8922 8921 8909
3 8905 8911 8930
3 9560 8918 8923
3 8900 8893 8939
3 8893 8901 8943
3 8925 8906 8960
3 8889 8960 8906
3 8908 8936 8890
3 8902 8898 8941
3 8914 8920 8929
3 8952 8922 8915
3 8931 8930 8911
3 8946 8912 9560
3 8923 8946 9560
3 8918 8884 8924
3 8939 8924 8900
3 8885 8943 8901
3 8885 8888 8925
3 8934 8960 8889
3 8913 8934 8916
3 8913 8926 8935
3 8904 8921 8963
3 8921 8922 8942
3 8925 8947 8885
3 8928 8927 8933
3 8940 8919 8945
3 8919 8902 8945
3 8898 8917 8941
3 8929 8920 8951
3 8966 8910 8905
3 8923 8918 8967
3 8954 8939 8893
3 8935 8944 8913
3 8971 8935 8926
3 8926 8936 8971
3 8940 8927 8928
3 8917 8937 8979
3 8937 8929 8950
3 8920 8963 8951
3 8966 8952 8910
3 8930 8966 8905
3 8953 8930 8931
3 8946 8923 8962
3 8967 8962 8923
3 8939 8918 8924
3 8885 8947 8959
3 8934 8913 8944
3 8908 8932 8957
3 8958 8932 8933
3 8941 8945 8902
3 8952 8966 8965
3 8930 8974 8966
3 8939 8938 8918
3 8954 8969 8939
3 8893 8943 8954
3 8959 8943 8885
3 8971 8948 8935
3 8936 8908 8957
3 8956 8941 8917
3 8921 8942 8963
3 8922 8952 8942
3 8938 8939 8969
3 8925 8960 8970
3 8935 8948 8944
3 8961 8958 8933
3 8927 8961 8933
3 8927 8940 8949
3 8940 8945 8949
3 8945 8941 8956
3 8917 8979 8956
3 8950 8979 8937
3 8953 8974 8930
3 8938 8967 8918
3 8947 8925 8970
3 8957 8971 8936
3 8955 8949 8945
3 8945 8956 8955
3 8950 9031 8979
3 8950 8929 9011
3 9005 8942 8952
3 8969 8954 8981
3 9001 8954 8943
3 9011 8929 8973
3 8951 8973 8929
3 9016 8973 8951
3 8963 9016 8951
3 8952 8965 9005
3 8962 8995 8946
3 8943 8959 9001
3 8960 8934 9582
3 8934 8944 9582
3 8971 8957 8977
3 9009 8957 8932
3 9009 8932 8958
3 8961 8927 8949
3 8949 8955 8978
3 8955 8956 8983
3 8972 8983 8956
3 8956 8979 8972
3 8942 8964 8963
3 8942 9005 8988
3 8995 8985 8946
3 8980 8967 8938
3 8968 8980 8938
3 8959 8947 8970
3 8984 8972 8979
3 8944 8948 8976
3 8998 8976 8948
3 8948 8971 8998
3 8961 8949 8978
3 8983 8978 8955
3 8964 9016 8963
3 8988 8964 8942
3 8962 8967 8990
3 8980 8990 8967
3 8969 8981 8975
3 8954 9001 8981
3 9582 8944 8976
3 8977 8998 8971
3 9021 8958 8961
3 8961 8978 9021
3 8987 8983 8972
3 8984 8987 8972
3 9006 8965 8966
3 8966 8974 9006
3 8974 8953 9007
3 8995 8962 8989
3 8975 8981 8996
3 9061 9012 9001
3 8976 8998 9013
3 9014 8977 8957
3 9021 9009 8958
3 8984 8979 9031
3 8993 8992 8978
3 8978 8983 8993
3 8950 9011 9083
3 9007 9006 8974
3 9614 9007 8953
3 8990 8989 8962
3 9001 8959 9002
3 8960 9582 8991
3 8982 8991 9582
3 8992 9021 8978
3 8987 8993 8983
3 8984 9031 9064
3 8994 8985 9000
3 8985 8995 9000
3 8990 8980 9019
3 9002 9061 9001
3 8970 9002 8959
3 8970 8960 9038
3 8991 9038 8960
3 8998 8977 9008
3 8999 8964 8988
3 8988 9005 9017
3 8989 8990 9023
3 9019 9023 8990
3 9019 8980 9037
3 9003 8991 8982
3 8982 8997 9003
3 9013 8997 8986
3 9009 9021 9049
3 8992 8993 9015
3 8987 8984 9035
3 8964 9004 9016
3 8964 8999 9004
3 9037 8980 8968
3 9044 9006 9007
3 9635 9007 9614
3 8994 9635 9614
3 8989 9000 8995
3 9024 8996 8981
3 8977 9014 9079
3 8993 8987 9051
3 9035 9051 8987
3 9064 9035 8984
3 9004 8999 9033
3 9017 8999 8988
3 9039 9005 8965
3 9044 9039 8965
3 8965 9006 9044
3 9636 8994 9000
3 9634 9636 9000
3 9000 8989 9634
3 8989 9023 9018
3 9053 9024 8981
3 8981 9001 9053
3 9001 9012 9053
3 9002 8970 9025
3 9038 9025 8970
3 9008 9013 8998
3 9020 9014 8957
3 8957 9009 9020
3 9021 8992 9010
3 8992 9015 9010
3 9031 8950 9083
3 9004 9033 9060
3 9033 8999 9022
3 8999 9017 9022
3 9019 9037 9068
3 9003 8997 9026
3 9021 9010 9028
3 9029 9010 9015
3 9030 9015 8993
3 9051 9030 8993
3 9634 8989 9018
3 8991 9003 9078
3 9020 9079 9014
3 9032 9113 8973
3 8973 9016 9032
3 9017 9005 9066
3 9062 9078 9003
3 9003 9026 9062
3 9027 9026 8997
3 9013 9027 8997
3 9013 9008 9027
3 9021 9028 9049
3 9015 9030 9029
3 9083 9011 9065
3 9004 9060 9059
3 9007 9635 9047
3 9045 9047 9635
3 9040 9634 9018
3 9036 9040 9018
3 9034 9041 9023
3 9023 9019 9034
3 9037 8968 9052
3 8968 8996 9052
3 8996 9024 9052
3 9002 9025 9077
3 9038 9077 9025
3 8991 9054 9038
3 9028 9010 9042
3 9050 9042 9010
3 9010 9029 9050
3 9058 9029 9030
3 9064 9031 9082
3 9004 9032 9016
3 9066 9022 9017
3 9047 9044 9007
3 9068 9034 9019
3 9061 9048 9012
3 9077 9061 9002
3 8991 9078 9054
3 9009 9056 9020
3 9049 9028 9057
3 9029 9071 9070
3 9058 9071 9029
3 9058 9030 9043
3 9030 9051 9043
3 9073 9051 9035
3 8973 9065 9011
3 9032 9004 9059
3 9074 9060 9033
3 9005 9039 9066
3 9041 9040 9036
3 9052 9068 9037
3 9048 9053 9012
3 9077 9038 9054
3 9028 9042 9057
3 9050 9029 9070
3 9083 9082 9031
3 9088 9074 9033
3 9022 9088 9033
3 9634 9040 9633
3 9024 9093 9052
3 9062 9026 9063
3 9027 9069 9026
3 9057 9056 9049
3 9113 9032 9140
3 9088 9022 9046
3 9066 9046 9022
3 9044 9047 9084
3 9085 9047 9045
3 9045 9637 9085
3 9096 9059 9060
3 9098 9084 9047
3 9085 9098 9047
3 9041 9034 9067
3 9034 9068 9075
3 9069 9063 9026
3 9008 8977 9055
3 9079 9055 8977
3 9042 9050 9080
3 9070 9080 9050
3 9081 9043 9051
3 9073 9081 9051
3 9064 9073 9035
3 9113 9065 8973
3 9067 9040 9041
3 9093 9068 9052
3 9024 9053 9100
3 9076 9100 9053
3 9053 9048 9076
3 9077 9054 9091
3 9008 9122 9027
3 9080 9095 9042
3 9058 9043 9072
3 9074 9096 9060
3 9067 9034 9086
3 9075 9087 9034
3 9093 9024 9100
3 9048 9061 9115
3 9077 9115 9061
3 9009 9049 9056
3 9095 9057 9042
3 9070 9071 9105
3 9072 9071 9058
3 9073 9064 9106
3 9082 9106 9064
3 9101 9140 9032
3 9032 9059 9101
3 9084 9039 9044
3 9633 9040 9109
3 9099 9067 9089
3 9090 9075 9068
3 9091 9054 9677
3 9054 9078 9677
3 9069 9027 9104
3 9122 9104 9027
3 9123 9008 9055
3 9056 9057 9124
3 9111 9072 9043
3 9043 9081 9111
3 9110 9040 9099
3 9067 9086 9089
3 9034 9087 9086
3 9103 9115 9077
3 9103 9077 9091
3 9094 9677 9078
3 9078 9062 9094
3 9063 9094 9062
3 9126 9124 9057
3 9095 9080 9092
3 9070 9092 9080
3 9065 9082 9083
3 9074 9102 9096
3 9114 9039 9084
3 9098 9114 9084
3 9109 9040 9110
3 9086 9087 9133
3 9087 9075 9090
3 9093 9090 9068
3 9116 9094 9063
3 9063 9069 9116
3 9123 9122 9008
3 9105 9092 9070
3 9071 9072 9105
3 9081 9073 9112
3 9137 9065 9113
3 9096 9101 9059
3 9074 9088 9097
3 9046 9097 9088
3 9066 9039 9587
3 9120 9085 9637
3 9104 9116 9069
3 9055 9079 9117
3 9079 9020 9117
3 9020 9056 9124
3 9107 9102 9074
3 9039 9114 9587
3 9133 9132 9086
3 9677 9094 9678
3 9128 9112 9073
3 9106 9128 9073
3 9137 9082 9065
3 9097 9046 9108
3 9120 9098 9085
3 9131 9110 9099
3 9099 9089 9131
3 9091 9184 9103
3 9072 9111 9136
3 9101 9096 9130
3 9102 9130 9096
3 9097 9107 9074
3 9090 9093 9139
3 9093 9100 9139
3 9104 9122 9135
3 9117 9020 9118
3 9124 9118 9020
3 9092 9105 9136
3 9105 9072 9136
3 9127 9111 9081
3 9112 9127 9081
3 9113 9140 9173
3 9114 9098 9119
3 9121 9142 9109
3 9109 9110 9121
3 9131 9121 9110
3 9132 9131 9089
3 9089 9086 9132
3 9090 9133 9087
3 9126 9125 9124
3 9126 9057 9095
3 9111 9127 9156
3 9082 9128 9106
3 9137 9113 9173
3 9098 9120 9147
3 9076 9048 9153
3 9115 9103 9134
3 9184 9134 9103
3 9679 9184 9091
3 9116 9154 9094
3 9678 9094 9154
3 9116 9104 9149
3 9135 9149 9104
3 9092 9155 9095
3 9164 9127 9112
3 9144 9128 9082
3 9140 9101 9130
3 9130 9102 9129
3 9102 9107 9129
3 9108 9587 9146
3 9120 9109 9147
3 9142 9147 9109
3 9132 9133 9138
3 9100 9076 9139
3 9048 9115 9153
3 9134 9153 9115
3 9123 9135 9122
3 9118 9124 9125
3 9156 9136 9111
3 9112 9128 9164
3 9137 9144 9082
3 9107 9097 9141
3 9159 9587 9114
3 9160 9121 9131
3 9133 9090 9143
3 9090 9139 9143
3 9141 9166 9107
3 9146 9141 9097
3 9097 9108 9146
3 9146 9587 9159
3 9142 9121 9175
3 9160 9175 9121
3 9160 9131 9148
3 9131 9132 9148
3 9138 9148 9132
3 9176 9138 9133
3 9133 9143 9176
3 9055 9117 9195
3 9118 9150 9117
3 9092 9136 9155
3 9157 9156 9127
3 9195 9123 9055
3 9150 9195 9117
3 9179 9126 9095
3 9155 9179 9095
3 9185 9155 9136
3 9130 9129 9145
3 9129 9107 9166
3 9199 9159 9114
3 9114 9119 9199
3 9147 9119 9098
3 9152 9176 9143
3 9194 9139 9076
3 9076 9153 9194
3 9173 9140 9158
3 9165 9158 9140
3 9140 9130 9165
3 9145 9165 9130
3 9145 9129 9166
3 9154 9161 9679
3 9149 9154 9116
3 9135 9172 9149
3 9118 9125 9151
3 9163 9151 9125
3 9125 9126 9163
3 9179 9163 9126
3 9146 9168 9141
3 9119 9147 9169
3 9142 9175 9170
3 9160 9148 9183
3 9177 9152 9143
3 9143 9139 9177
3 9139 9194 9177
3 9679 9204 9184
3 9162 9150 9118
3 9118 9151 9162
3 9136 9156 9185
3 9164 9157 9127
3 9164 9128 9186
3 9137 9173 9188
3 9166 9141 9167
3 9141 9168 9167
3 9189 9146 9159
3 9170 9169 9147
3 9147 9142 9170
3 9183 9171 9160
3 9154 9149 9172
3 9179 9155 9180
3 9128 9144 9186
3 9144 9137 9188
3 9189 9168 9146
3 9182 9189 9159
3 9159 9199 9182
3 9175 9160 9171
3 9176 9152 9202
3 9184 9233 9134
3 9679 9161 9210
3 9154 9172 9161
3 9241 9161 9172
3 9181 9185 9156
3 9156 9157 9181
3 9187 9186 9144
3 9188 9187 9144
3 9214 9188 9173
3 9206 9165 9145
3 9145 9166 9174
3 9167 9174 9166
3 9169 9207 9119
3 9169 9170 9207
3 9170 9175 9216
3 9175 9171 9216
3 9148 9138 9200
3 9176 9200 9138
3 9176 9202 9201
3 9233 9194 9153
3 9205 9172 9135
3 9178 9135 9123
3 9123 9195 9225
3 9230 9162 9151
3 9163 9191 9151
3 9185 9180 9155
3 9157 9164 9186
3 9165 9206 9198
3 9145 9174 9206
3 9168 9189 9167
3 9119 9207 9199
3 9183 9148 9209
3 9201 9200 9176
3 9190 9202 9152
3 9152 9177 9190
3 9153 9134 9233
3 9172 9205 9241
3 9135 9178 9205
3 9150 9162 9195
3 9191 9230 9151
3 9163 9179 9211
3 9179 9180 9192
3 9158 9214 9173
3 9215 9207 9170
3 9216 9215 9170
3 9216 9171 9208
3 9219 9208 9171
3 9171 9183 9219
3 9209 9219 9183
3 9241 9210 9161
3 9123 9225 9178
3 9211 9191 9163
3 9179 9192 9211
3 9157 9186 9193
3 9213 9193 9186
3 9186 9187 9213
3 9187 9188 9196
3 9214 9196 9188
3 9165 9220 9158
3 9167 9189 9197
3 9189 9182 9245
3 9148 9200 9209
3 9177 9194 9203
3 9229 9233 9184
3 9210 9204 9679
3 9195 9162 9226
3 9181 9157 9212
3 9193 9212 9157
3 9245 9197 9189
3 9227 9218 9199
3 9199 9207 9227
3 9201 9202 9222
3 9203 9190 9177
3 9195 9226 9225
3 9192 9180 9217
3 9180 9185 9217
3 9185 9181 9212
3 9167 9197 9206
3 9197 9198 9206
3 9218 9182 9199
3 9200 9201 9222
3 9194 9223 9203
3 9224 9241 9205
3 9260 9226 9162
3 9230 9260 9162
3 9217 9185 9234
3 9185 9212 9234
3 9213 9187 9196
3 9165 9198 9220
3 9227 9207 9221
3 9216 9208 9235
3 9200 9232 9209
3 9222 9202 9190
3 9194 9233 9223
3 9204 9229 9184
3 9204 9210 9258
3 9205 9178 9224
3 9213 9196 9231
3 9208 9219 9228
3 9233 9229 9270
3 9225 9224 9178
3 9253 9191 9211
3 9192 9253 9211
3 9213 9212 9193
3 9196 9214 9238
3 9221 9207 9235
3 9215 9235 9207
3 9215 9216 9235
3 9235 9208 9228
3 9236 9228 9219
3 9219 9209 9236
3 9209 9232 9236
3 9222 9240 9200
3 9222 9190 9240
3 9203 9223 9252
3 9258 9229 9204
3 9241 9224 9278
3 9217 9253 9192
3 9231 9196 9238
3 9220 9214 9158
3 9220 9198 9244
3 9198 9197 9244
3 9224 9225 9278
3 9225 9226 9259
3 9230 9272 9260
3 9191 9246 9230
3 9237 9253 9217
3 9212 9213 9254
3 9231 9255 9213
3 9261 9238 9214
3 9197 9245 9290
3 9218 9265 9182
3 9239 9249 9228
3 9232 9200 9250
3 9233 9257 9223
3 9241 9264 9210
3 9260 9271 9226
3 9217 9234 9242
3 9234 9212 9242
3 9254 9242 9212
3 9231 9238 9243
3 9220 9261 9214
3 9227 9274 9218
3 9227 9221 9247
3 9235 9247 9221
3 9235 9228 9249
3 9228 9236 9239
3 9200 9240 9250
3 9252 9223 9257
3 9233 9270 9257
3 9264 9258 9210
3 9259 9278 9225
3 9271 9259 9226
3 9246 9272 9230
3 9253 9246 9191
3 9217 9242 9237
3 9243 9255 9231
3 9220 9244 9289
3 9290 9244 9197
3 9274 9265 9218
3 9249 9248 9235
3 9236 9232 9268
3 9232 9250 9268
3 9252 9190 9203
3 9255 9254 9213
3 9289 9261 9220
3 9247 9266 9227
3 9250 9240 9269
3 9240 9190 9251
3 9190 9252 9251
3 9261 9288 9238
3 9290 9289 9244
3 9266 9274 9227
3 9247 9235 9248
3 9249 9256 9248
3 9249 9239 9275
3 9239 9236 9263
3 9268 9263 9236
3 9252 9257 9277
3 9241 9278 9264
3 9242 9287 9237
3 9281 9255 9243
3 9245 9182 9265
3 9247 9248 9610
3 9275 9256 9249
3 9263 9275 9239
3 9250 9269 9268
3 9251 9269 9240
3 9271 9260 9279
3 9272 9308 9260
3 9253 9237 9286
3 9287 9286 9237
3 9273 9287 9242
3 9242 9254 9280
3 9255 9280 9254
3 9266 9247 9610
3 9610 9248 9262
3 9248 9256 9262
3 9269 9251 9276
3 9308 9279 9260
3 9286 9246 9253
3 9294 9281 9243
3 9288 9243 9238
3 9245 9291 9290
3 9251 9252 9277
3 9270 9229 9306
3 9264 9278 9331
3 9321 9331 9278
3 9280 9273 9242
3 9281 9280 9255
3 9297 9289 9290
3 9265 9291 9245
3 9267 9262 9256
3 9275 9267 9256
3 9282 9268 9269
3 9276 9282 9269
3 9277 9276 9251
3 9257 9311 9277
3 9229 9258 9312
3 9278 9259 9321
3 9271 9321 9259
3 9263 9268 9300
3 9257 9270 9327
3 9264 9312 9258
3 9246 9308 9272
3 9246 9286 9302
3 9243 9288 9294
3 9305 9267 9275
3 9268 9282 9293
3 9327 9311 9257
3 9229 9312 9306
3 9271 9279 9283
3 9281 9294 9309
3 9261 9289 9325
3 9266 9610 9304
3 9262 9267 9292
3 9284 9305 9275
3 9275 9263 9284
3 9263 9300 9284
3 9268 9293 9300
3 9285 9282 9276
3 9276 9277 9285
3 9311 9318 9277
3 9321 9271 9283
3 9266 9335 9274
3 9335 9266 9304
3 9293 9282 9310
3 9283 9279 9307
3 9301 9307 9279
3 9308 9301 9279
3 9308 9246 9332
3 9246 9302 9332
3 9296 9302 9286
3 9286 9287 9296
3 9323 9313 9273
3 9273 9280 9323
3 9280 9281 9309
3 9297 9290 9334
3 9290 9291 9314
3 9315 9292 9267
3 9315 9267 9305
3 9305 9284 9298
3 9285 9310 9282
3 9277 9318 9285
3 9295 9327 9270
3 9270 9306 9295
3 9264 9331 9320
3 9322 9296 9287
3 9287 9273 9322
3 9313 9322 9273
3 9280 9309 9324
3 9325 9288 9261
3 9289 9297 9350
3 9314 9334 9290
3 9291 9265 9303
3 9265 9274 9303
3 9335 9303 9274
3 9304 9610 9329
3 9298 9284 9299
3 9284 9300 9299
3 9338 9312 9264
3 9264 9320 9338
3 9324 9323 9280
3 9350 9325 9289
3 9297 9334 9350
3 9317 9299 9300
3 9300 9293 9317
3 9310 9326 9293
3 9339 9301 9308
3 9332 9339 9308
3 9305 9298 9316
3 9298 9299 9316
3 9310 9285 9337
3 9318 9337 9285
3 9311 9319 9318
3 9327 9319 9311
3 9324 9309 9355
3 9309 9294 9355
3 9325 9328 9288
3 9314 9291 9303
3 9346 9315 9305
3 9305 9316 9346
3 9326 9336 9293
3 9337 9326 9310
3 9321 9283 9307
3 9294 9288 9328
3 9329 9349 9304
3 9330 9337 9318
3 9348 9295 9306
3 9306 9312 9348
3 9331 9321 9343
3 9307 9343 9321
3 9307 9301 9344
3 9301 9339 9344
3 9341 9332 9302
3 9302 9296 9341
3 9313 9323 9324
3 9362 9355 9294
3 9350 9333 9325
3 9294 9328 9362
3 9329 9315 9357
3 9299 9317 9347
3 9303 9335 9345
3 9304 9356 9335
3 9347 9316 9299
3 9317 9336 9352
3 9326 9337 9336
3 9319 9330 9318
3 9320 9331 9370
3 9343 9370 9331
3 9344 9339 9381
3 9340 9339 9332
3 9332 9341 9340
3 9324 9342 9313
3 9333 9328 9325
3 9349 9356 9304
3 9359 9346 9316
3 9365 9327 9295
3 9348 9365 9295
3 9338 9320 9370
3 9340 9381 9339
3 9350 9334 9378
3 9314 9378 9334
3 9345 9363 9303
3 9345 9335 9356
3 9357 9315 9368
3 9315 9346 9368
3 9347 9359 9316
3 9347 9317 9352
3 9312 9338 9348
3 9354 9296 9322
3 9322 9313 9354
3 9313 9342 9354
3 9342 9324 9367
3 9374 9362 9328
3 9337 9330 9379
3 9369 9348 9338
3 9338 9370 9369
3 9343 9307 9405
3 9341 9296 9361
3 9333 9374 9328
3 9333 9350 9390
3 9346 9359 9368
3 9359 9347 9360
3 9347 9352 9360
3 9353 9337 9379
3 9330 9319 9364
3 9319 9327 9365
3 9366 9370 9343
3 9361 9340 9341
3 9354 9361 9296
3 9367 9324 9355
3 9303 9375 9314
3 9351 9356 9349
3 9357 9351 9349
3 9352 9336 9377
3 9345 9356 9363
3 9368 9358 9357
3 9377 9360 9352
3 9364 9380 9330
3 9386 9365 9348
3 9344 9405 9307
3 9361 9354 9642
3 9643 9642 9354
3 9342 9643 9354
3 9362 9374 9383
3 9378 9390 9350
3 9375 9378 9314
3 9363 9375 9303
3 9363 9356 9376
3 9358 9351 9357
3 9385 9368 9359
3 9359 9360 9385
3 9336 9353 9377
3 9379 9330 9380
3 9319 9365 9364
3 9405 9366 9343
3 9371 9405 9344
3 9381 9371 9344
3 9355 9362 9399
3 9394 9374 9333
3 9333 9390 9394
3 9399 9398 9367
3 9367 9355 9399
3 9356 9351 9376
3 9360 9377 9385
3 9377 9353 9392
3 9379 9392 9353
3 9372 9393 9361
3 9373 9342 9389
3 9342 9367 9389
3 9383 9399 9362
3 9351 9358 9384
3 9364 9365 9411
3 9386 9411 9365
3 9348 9369 9386
3 9370 9366 9387
3 9414 9387 9366
3 9405 9414 9366
3 9340 9361 9393
3 9408 9641 9373
3 9373 9389 9382
3 9383 9374 9400
3 9394 9400 9374
3 9390 9378 9418
3 9376 9395 9363
3 9376 9351 9419
3 9368 9385 9404
3 9427 9385 9377
3 9391 9427 9377
3 9377 9392 9391
3 9387 9369 9370
3 9408 9373 9382
3 9401 9394 9390
3 9378 9375 9402
3 9419 9351 9384
3 9380 9410 9379
3 9380 9364 9439
3 9411 9439 9364
3 9411 9386 9412
3 9397 9430 9371
3 9371 9381 9397
3 9340 9397 9381
3 9389 9859 9382
3 9400 9399 9383
3 9402 9418 9378
3 9375 9363 9403
3 9395 9403 9363
3 9404 9358 9368
3 9396 9391 9392
3 9410 9392 9379
3 9439 9410 9380
3 9386 9369 9412
3 9369 9387 9413
3 9430 9405 9371
3 9340 9393 9397
3 9393 9644 9415
3 9409 9644 9388
3 9407 9409 9388
3 9641 9407 9388
3 9416 9389 9367
3 9367 9398 9416
3 9418 9401 9390
3 9403 9402 9375
3 9384 9426 9419
3 9384 9358 9426
3 9432 9427 9391
3 9396 9432 9391
3 9410 9396 9392
3 9413 9440 9369
3 9414 9413 9387
3 9406 9397 9393
3 9415 9644 9409
3 9408 9407 9641
3 9408 9382 9436
3 9417 9416 9398
3 9394 9401 9425
3 9404 9426 9358
3 9404 9385 9449
3 9412 9369 9440
3 9414 9405 9422
3 9397 9406 9692
3 9441 9417 9398
3 9398 9399 9441
3 9399 9400 9441
3 9400 9394 9443
3 9395 9376 9419
3 9385 9427 9449
3 9396 9410 9420
3 9411 9412 9428
3 9430 9422 9405
3 9415 9409 9446
3 9435 9446 9409
3 9407 9408 9458
3 9436 9458 9408
3 9433 9424 9416
3 9417 9433 9416
3 9401 9418 9452
3 9403 9395 9437
3 9419 9437 9395
3 9421 9420 9410
3 9410 9439 9421
3 9439 9411 9428
3 9413 9414 9429
3 9409 9407 9435
3 9394 9425 9443
3 9452 9425 9401
3 9418 9402 9448
3 9454 9426 9404
3 9449 9454 9404
3 9444 9428 9412
3 9440 9444 9412
3 9422 9429 9414
3 9422 9430 9434
3 9430 9397 9431
3 9692 9431 9397
3 9458 9435 9407
3 9443 9441 9400
3 9427 9432 9450
3 9438 9432 9420
3 9421 9438 9420
3 9429 9440 9413
3 9431 9434 9430
3 9446 9445 9415
3 9446 9435 9480
3 9443 9425 9442
3 9452 9442 9425
3 9448 9452 9418
3 9403 9437 9463
3 9437 9419 9453
3 9426 9453 9419
3 9426 9454 9466
3 9421 9439 9456
3 9422 9434 9693
3 9435 9458 9480
3 9436 9859 9459
3 9424 9459 9859
3 9441 9443 9442
3 9402 9403 9463
3 9455 9454 9449
3 9450 9449 9427
3 9438 9450 9432
3 9438 9421 9456
3 9439 9428 9456
3 9444 9467 9428
3 9440 9429 9472
3 9451 9441 9468
3 9441 9442 9468
3 9448 9462 9452
3 9466 9453 9426
3 9467 9456 9428
3 9444 9440 9457
3 9472 9457 9440
3 9445 9446 9447
3 9480 9447 9446
3 9458 9436 9459
3 9424 9433 9460
3 9451 9460 9433
3 9451 9468 9461
3 9442 9452 9469
3 9437 9453 9464
3 9450 9455 9449
3 9460 9451 9461
3 9468 9442 9477
3 9462 9469 9452
3 9448 9402 9465
3 9402 9463 9465
3 9466 9464 9453
3 9466 9454 9498
3 9455 9498 9454
3 9489 9455 9450
3 9461 9468 9474
3 9448 9465 9462
3 9463 9437 9464
3 9450 9438 9489
3 9691 9694 9473
3 9447 9480 9484
3 9480 9458 9495
3 9458 9459 9495
3 9484 9476 9447
3 9459 9424 9485
3 9442 9469 9477
3 9464 9483 9463
3 9498 9488 9466
3 9489 9438 9478
3 9456 9478 9438
3 9467 9470 9456
3 9467 9444 9471
3 9491 9471 9444
3 9444 9457 9491
3 9475 9457 9472
3 9460 9485 9424
3 9474 9460 9461
3 9462 9465 9503
3 9465 9463 9483
3 9464 9466 9488
3 9456 9470 9478
3 9490 9470 9467
3 9471 9490 9467
3 9475 9491 9457
3 9481 9474 9468
3 9468 9477 9481
3 9477 9469 9482
3 9462 9503 9482
3 9483 9503 9465
3 9498 9455 9489
3 9693 9479 9492
3 9493 9479 9691
3 9691 9473 9493
3 9476 9493 9473
3 9485 9495 9459
3 9469 9462 9482
3 9464 9623 9483
3 9464 9488 9623
3 9470 9490 9507
3 9460 9474 9500
3 9474 9481 9500
3 9501 9481 9477
3 9477 9482 9501
3 9503 9502 9482
3 9503 9483 9496
3 9470 9507 9478
3 9490 9471 9522
3 9471 9491 9522
3 9475 9472 9492
3 9472 9693 9492
3 9493 9476 9494
3 9485 9460 9486
3 9502 9501 9482
3 9487 9496 9483
3 9622 9487 9483
3 9483 9623 9622
3 9498 9497 9488
3 9523 9522 9491
3 9508 9491 9475
3 9492 9479 9499
3 9493 9499 9479
3 9494 9509 9493
3 9480 9495 9484
3 9500 9486 9460
3 9503 9496 9504
3 9623 9488 9497
3 9489 9478 9521
3 9507 9521 9478
3 9514 9507 9490
3 9522 9514 9490
3 9523 9491 9508
3 9475 9492 9508
3 9505 9508 9492
3 9499 9505 9492
3 9499 9493 9509
3 9476 9484 9510
3 9495 9510 9484
3 9495 9485 9529
3 9510 9509 9494
3 9494 9476 9510
3 9521 9497 9498
3 9498 9489 9521
3 9486 9529 9485
3 9502 9503 9520
3 9503 9504 9520
3 9496 9487 9512
3 9524 9523 9508
3 9500 9506 9511
3 9497 9533 9622
3 9508 9505 9525
3 9499 9509 9515
3 9509 9510 9528
3 9516 9528 9510
3 9510 9495 9516
3 9529 9516 9495
3 9486 9500 9529
3 9511 9529 9500
3 9497 9521 9533
3 9508 9525 9524
3 9528 9532 9509
3 9517 9511 9506
3 9504 9513 9520
3 9504 9496 9512
3 9533 9531 9622
3 9507 9514 9527
3 9514 9522 9527
3 9532 9515 9509
3 9532 9528 9546
3 9518 9526 9517
3 9511 9517 9530
3 9526 9530 9517
3 9518 9519 9526
3 9544 9526 9519
3 9519 9520 9544
3 9520 9513 9544
3 9521 9527 9539
3 9536 9527 9522
3 9534 9536 9522
3 9522 9523 9534
3 9523 9524 9534
3 9525 9534 9524
3 9542 9516 9529
3 9513 9504 9538
3 9504 9512 9538
3 9539 9533 9521
3 9525 9515 9532
3 9528 9516 9542
3 9529 9511 9542
3 9530 9526 9537
3 9533 9535 9531
3 9525 9730 9534
3 9530 9542 9511
3 9538 9531 9535
3 9542 9546 9528
3 9545 9544 9513
3 9538 9545 9513
3 9535 9533 9551
3 9730 9525 9548
3 9541 9540 9532
3 9532 9546 9541
3 9549 9530 9537
3 9550 9545 9538
3 9551 9860 9535
3 9533 9539 9551
3 9540 9548 9525
3 9536 9534 9555
3 9731 9555 9534
3 9730 9731 9534
3 9549 9540 9541
3 9546 9549 9541
3 9543 9546 9542
3 9537 9544 9732
3 9551 9539 9554
3 9539 9547 9554
3 9540 9552 9548
3 9543 9549 9546
3 9732 9540 9549
3 9732 9544 9553
3 9545 9553 9544
3 9545 9550 9553
3 9553 9860 9731
3 9555 9731 9860
3 9860 9554 9555
3 8711 8704 8682
3 632 9621 633
3 1005 1015 989
3 4677 4742 4701
3 870 833 834
3 9432 9396 9420
3 6683 6606 6523
3 5693 5680 5667
3 1755 1819 1795
3 7908 8091 8063
3 742 759 852
3 852 759 781
3 9040 9067 9099
3 3654 3712 3687
3 4915 5126 5043
3 6997 6996 6882
3 5122 4981 5068
3 8423 8434 8424
3 6870 6933 6954
3 1169 1043 1097
3 4952 4910 4967
3 7298 7398 7280
3 3793 9616 9615
3 8770 9556 8744
3 9557 5456 5422
3 3687 3653 3654
3 9562 4376 9598
3 1557 9565 1487
3 6729 6882 6800
3 5606 5712 5539
3 3374 3409 3310
3 7710 7862 7777
3 3482 3500 3412
3 9525 9532 9540
3 9551 9554 9860
3 3733 3750 3789
3 1336 1427 1359
3 7269 7371 7354
3 6721 7070 6916
3 6290 6254 6449
3 633 679 646
3 251 279 318
3 7226 7295 7350
3 8647 8648 8682
3 1701 1753 1700
3 754 657 760
3 5876 5767 5801
3 5610 5562 9738
3 5562 5563 9738
3 9505 9499 9515
3 9507 9527 9521
3 6415 6394 6352
3 5656 5459 5572
3 6738 6606 6683
3 6196 6208 6130
3 9538 9512 9531
3 4755 4644 4732
3 4217 4206 4157
3 7167 7081 7082
3 595 566 596
3 368 367 352
3 7680 7527 7587
3 7587 7527 7574
3 8593 9559 8614
3 8593 8572 9559
3 8873 9560 8883
3 8873 8884 9560
3 7520 7469 7592
3 9561 8559 8549
3 6499 6372 6386
3 9562 4458 4404
3 462 9563 420
3 2531 2616 2592
3 7592 7617 7595
3 7604 7595 7617
3 6705 7015 6780
3 3875 3922 3905
3 8975 8996 8968
3 6529 6429 6520
3 6353 6463 6378
3 1123 1158 1052
3 498 566 472
3 595 472 566
3 9336 9317 9293
3 5916 6130 5988
3 720 735 675
3 5940 5963 5893
3 5893 5963 5909
3 9564 1111 1139
3 1127 1128 1192
3 1114 1192 1128
3 9565 1557 1583
3 788 808 770
3 770 808 9566
3 4737 4883 9567
3 4897 9567 4883
3 6081 6257 6161
3 7504 7757 9568
3 4543 4542 4503
3 4066 4067 4146
3 9023 9041 9018
3 9041 9036 9018
3 3905 3874 3875
3 3716 9570 3581
3 1377 1419 1300
3 1438 1557 1427
3 4952 5069 4981
3 1705 1696 9571
3 4806 4732 4788
3 4846 4732 4806
3 6705 6780 6624
3 6787 9609 6925
3 9572 543 518
3 3789 3857 3783
3 5438 5339 5390
3 9573 6322 6267
3 9500 9481 9506
3 9481 9501 9506
3 9336 9337 9353
3 7173 7269 7354
3 7231 7173 7354
3 9550 9535 9860
3 9538 9535 9550
3 985 890 1065
3 1065 890 905
3 4726 4713 4763
3 4908 4888 4850
3 5181 5043 5126
3 923 880 774
3 880 9574 774
3 774 9574 859
3 5170 5048 5203
3 5170 5063 5048
3 5048 5030 5203
3 6803 6888 6887
3 5036 4888 4922
3 2468 2471 2483
3 5785 5731 5837
3 5837 5731 5838
3 1074 9575 1085
3 8593 8614 8647
3 806 829 9576
3 7136 9577 7121
3 4071 4001 3989
3 1078 985 1065
3 5613 5763 5602
3 5763 5716 5602
3 5602 5716 5654
3 5209 5122 5190
3 5151 5191 5190
3 3580 9570 3465
3 3580 3581 9570
3 6683 6607 6699
3 1846 1749 1858
3 7553 7491 7676
3 7491 7554 7676
3 4160 4310 4346
3 4160 4218 4310
3 250 310 204
3 267 204 310
3 4377 9578 4315
3 2733 2753 2788
3 2778 2692 9579
3 2692 2734 9579
3 3156 3152 3231
3 5840 5712 5883
3 775 923 736
3 9349 9329 9357
3 7037 7005 6931
3 6931 7005 6952
3 9451 9417 9441
3 9417 9451 9433
3 8846 8874 8845
3 8878 8874 8846
3 7676 7649 7711
3 6765 9581 6704
3 2462 2376 2472
3 2462 2423 2376
3 5435 5270 5371
3 5270 5435 5305
3 9013 8986 8976
3 8986 9582 8976
3 8986 8997 8982
3 8986 8982 9582
3 9583 8525 8566
3 9583 8565 8525
3 8566 8525 8543
3 8041 9584 7918
3 7918 9584 7802
3 595 596 734
3 734 596 661
3 672 595 734
3 4066 3905 4002
3 3905 3922 4002
3 432 9585 431
3 431 9585 462
3 8969 8968 8938
3 8968 8969 8975
3 5381 5503 5362
3 5362 5503 5454
3 1235 1158 1277
3 9586 4641 4660
3 9586 4612 4582
3 4611 4612 9586
3 6654 6655 6794
3 6655 6728 6794
3 9108 9046 9587
3 9066 9587 9046
3 4320 4385 4343
3 4343 4385 4384
3 7685 7671 7771
3 4343 4292 4320
3 4320 4292 4283
3 2655 2675 9589
3 9589 2692 2655
3 2472 9590 2462
3 2472 2608 9590
3 2608 2607 9590
3 4426 4384 4385
3 4384 4426 4493
3 5091 5052 5053
3 4967 5053 5052
3 6486 6611 6624
3 9591 7472 7618
3 9167 9206 9174
3 5706 9593 5618
3 5706 5661 9592
3 9593 5706 9592
3 904 9594 874
3 815 9594 849
3 874 9594 815
3 1849 1793 1753
3 1793 1849 1817
3 5690 5663 5664
3 5639 5663 5690
3 5639 5690 5662
3 4439 9676 9595
3 9595 9676 4405
3 9595 4460 4497
3 4460 9595 4405
3 9424 9859 9416
3 9416 9859 9389
3 8673 8694 8683
3 8694 9596 8683
3 8683 9596 8672
3 5106 5151 5104
3 3130 3118 3023
3 3176 3118 3130
3 4559 4579 4550
3 4571 4591 9597
3 4571 9597 4579
3 4279 9598 4228
3 4228 9598 4376
3 956 9599 969
3 9599 970 9600
3 956 970 9599
3 9602 7189 9601
3 7321 9602 9601
3 626 654 591
3 3827 3793 3794
3 761 9604 760
3 878 877 9603
3 760 9604 878
3 878 9603 760
3 7710 9605 7552
3 7552 9605 9724
3 9606 5340 5244
3 5390 5339 5340
3 6688 6776 6689
3 8668 8689 8693
3 8667 8693 8722
3 8722 8693 8705
3 868 869 928
3 928 941 940
3 928 871 941
3 942 941 9607
3 7442 7425 7527
3 7425 7293 7527
3 9608 7527 7293
3 6925 7153 6969
3 6925 9609 7153
3 7153 9609 7019
3 9315 9329 9292
3 9329 9610 9292
3 9610 9262 9292
3 5599 9612 5679
3 9613 9612 9611
3 5599 9611 9612
3 8912 8953 8931
3 8912 8946 8985
3 8994 9614 8985
3 8912 8985 8953
3 9614 8953 8985
3 3482 3623 3501
3 9615 9616 3501
3 9615 3501 3623
3 5160 5306 5269
3 5306 5270 5269
3 7763 7723 9617
3 7723 7628 9617
3 7628 7580 9617
3 7280 7153 7298
3 7298 7153 7113
3 9619 9620 574
3 9620 9619 9618
3 605 9618 9619
3 9621 605 9619
3 9531 9512 9487
3 9622 9623 9497
3 9487 9622 9531
3 7173 9624 7063
3 9624 7173 9625
3 7231 9625 7173
3 9520 9519 9502
3 9501 9518 9517
3 9501 9517 9506
3 9518 9502 9519
3 9501 9502 9518
3 5060 4914 9626
3 4914 4897 9626
3 8821 8834 8838
3 8846 9631 9629
3 9629 9628 8839
3 8834 9627 9628
3 9627 8839 9628
3 9629 9631 9628
3 8834 9631 8838
3 8834 9628 9631
3 9630 8847 9627
3 632 9632 605
3 669 9632 632
3 668 667 669
3 605 9632 620
3 669 645 9632
3 620 9632 645
3 645 669 667
3 9045 9635 9637
3 9634 9633 9636
3 9633 9637 9636
3 9109 9637 9633
3 9637 9109 9120
3 9635 8994 9636
3 9635 9636 9637
3 1014 1013 9640
3 1004 9638 986
3 1004 1029 9638
3 9638 9639 974
3 1004 1013 1029
3 9640 1013 1004
3 1029 9639 9638
3 1875 1914 1887
3 1925 1789 1914
3 1812 1914 1789
3 9342 9373 9643
3 9393 9372 9644
3 9643 9373 9642
3 9642 9388 9644
3 9644 9372 9642
3 9388 9642 9641
3 9641 9642 9373
3 5551 9646 5623
3 5551 5535 9646
3 5535 9645 9646
3 9645 5557 5571
3 9645 5571 5570
3 5570 9646 9645
3 8529 9650 8424
3 9650 9647 8554
3 9650 8554 9648
3 8424 9648 8463
3 9649 8554 9647
3 8553 8554 9649
3 8602 8553 9649
3 8424 9650 9648
3 4093 3915 4044
3 6420 6373 6285
3 6575 6640 6716
3 9651 6373 6420
3 9651 6522 6373
3 6420 6575 9651
3 9651 6575 6716
3 1048 9652 1039
3 1016 1086 1048
3 1011 984 9653
3 1036 1037 9654
3 9652 9654 1037
3 984 967 9653
3 1040 1048 1039
3 1040 1011 9653
3 1040 9653 1048
3 1039 9652 1037
3 967 1048 9653
3 799 779 9657
3 9656 691 613
3 779 9655 9657
3 706 780 9658
3 9655 9659 9657
3 9658 686 706
3 9656 9660 9661
3 9656 9661 691
3 799 9657 9658
3 9661 641 9659
3 9657 9659 641
3 9657 641 686
3 686 9658 9657
3 780 799 9658
3 9655 691 9659
3 9659 691 9661
3 9660 640 9661
3 1141 1112 1127
3 1113 1127 1064
3 915 9663 9665
3 968 9662 9663
3 1118 9664 1141
3 873 9666 948
3 9664 1127 1112
3 1141 9664 1112
3 1064 1127 9662
3 9664 9663 9662
3 1127 9664 9662
3 9666 9664 948
3 9666 9665 9663
3 948 1118 962
3 948 9664 1118
3 9664 9666 9663
3 9666 824 9665
3 9669 967 9670
3 929 9667 9670
3 846 858 910
3 846 921 9667
3 9667 888 9668
3 9607 888 929
3 9667 977 9670
3 910 921 846
3 9670 977 9672
3 9672 9669 9670
3 9667 921 977
3 9667 929 888
3 846 9667 9668
3 977 9671 9672
3 9675 4405 9676
3 4146 4242 4249
3 9673 9674 9675
3 9675 4249 4242
3 9674 4249 9675
3 9673 9675 9676
3 9677 9678 9679
3 9154 9679 9678
3 9679 9091 9677
3 9680 9681 395
3 316 351 9687
3 351 395 9681
3 9684 9683 338
3 9680 9682 9683
3 338 9682 324
3 9681 9680 9683
3 351 9681 9687
3 9680 383 9682
3 9685 9682 383
3 9681 9683 9684
3 9686 351 316
3 338 9683 9682
3 9681 9684 9687
3 338 302 9684
3 4781 9689 4920
3 4918 4931 9690
3 9690 4747 4763
3 5084 5102 9688
3 4931 9689 9690
3 4781 4747 9689
3 4920 9689 4931
3 4763 4918 9690
3 5144 4920 5102
3 4920 4931 9688
3 9689 4747 9690
3 5102 4920 9688
3 9429 9693 9472
3 9415 9423 9393
3 9429 9422 9693
3 9434 9431 9479
3 9431 9692 9691
3 9406 9694 9692
3 9691 9692 9694
3 9415 9445 9423
3 9434 9479 9693
3 9691 9479 9431
3 9445 9694 9423
3 9406 9393 9423
3 9406 9423 9694
3 4662 4637 4639
3 4679 4639 4637
3 4726 9696 4689
3 4700 9696 4726
3 4689 9696 4714
3 4715 4703 4729
3 4703 4679 4638
3 9695 4638 9696
3 4703 4638 4729
3 9696 4700 9695
3 4662 4639 4678
3 4729 4638 9695
3 392 9702 426
3 9700 345 346
3 9702 9701 426
3 9700 350 9702
3 350 9700 317
3 295 9697 294
3 346 317 9700
3 9698 9699 345
3 9697 317 346
3 346 319 9697
3 9702 392 9700
3 334 9699 9698
3 9698 345 9700
3 392 9698 9700
3 5237 9704 5323
3 5143 9704 5237
3 9705 9704 5107
3 5007 4846 9703
3 9703 4806 9705
3 4847 5055 9705
3 4806 9703 4846
3 9703 9705 5107
3 4847 9705 4806
3 9706 2483 2471
3 2442 9710 9709
3 9709 9710 2421
3 9710 2358 2421
3 9707 2678 9708
3 2483 9709 2421
3 2483 9706 9709
3 2507 9709 9706
3 9708 2518 9707
3 2358 9710 2320
3 2606 2507 9708
3 2518 9708 9706
3 9706 9708 2507
3 9714 9718 4652
3 4573 4635 4593
3 4634 4593 4635
3 4658 9720 4640
3 4622 9712 9718
3 4652 9718 4672
3 4623 4634 9712
3 4635 9719 4634
3 9717 4672 9718
3 9720 9715 9711
3 9720 4657 9715
3 9716 9717 9712
3 4673 9716 9719
3 9712 9717 9718
3 9715 9719 4595
3 9714 4608 9718
3 4657 4673 9719
3 9719 9716 4634
3 9711 9715 9713
3 9720 9711 4640
3 4657 9719 9715
3 4634 9716 9712
3 4595 9713 9715
3 4608 4622 9718
3 9716 4673 9717
3 6849 9726 9729
3 7552 9724 9727
3 9725 7340 9721
3 9723 7078 9722
3 7270 7325 9722
3 9723 9728 9726
3 7325 9725 9721
3 9721 7222 9728
3 6794 6849 6881
3 9728 9722 9721
3 9726 6850 9723
3 9727 9724 9725
3 7325 9727 9725
3 6850 9581 9723
3 9722 9728 9723
3 6881 6849 9729
3 9729 9728 6881
3 9729 9726 9728
3 7325 9721 9722
3 9536 9547 9527
3 9540 9732 9552
3 9731 9552 9553
3 9553 9552 9732
3 9549 9543 9530
3 9530 9543 9542
3 9730 9552 9731
3 9549 9537 9732
3 9548 9552 9730
3 9734 6075 6231
3 6217 9734 6231
3 6217 6075 9734
3 9733 9735 5995
3 5633 9738 9736
3 9736 9739 5740
3 5995 9741 9733
3 9733 9741 6004
3 9740 9735 5924
3 9737 6004 9741
3 6075 9737 9741
3 5740 9740 5924
3 9739 9740 5740
3 6217 9737 6075
3 9740 5995 9735
3 7086 7115 9743
3 9742 9749 7562
3 7815 7835 7734
3 7562 9749 7603
3 7115 9748 9743
3 7399 9743 9748
3 7835 9744 7734
3 9751 9745 7414
3 7835 7871 9744
3 7414 9745 9742
3 9747 9742 7430
3 9750 9745 9751
3 9750 9748 7115
3 9749 9742 9747
3 9745 7430 9742
3 7430 9750 7317
3 7317 9750 9746
3 9744 9747 7734
3 7115 9746 9750
3 9748 9750 9751
3 9744 9749 9747
3 9751 7399 9748
3 7430 9745 9750
3 3403 3291 3386
3 3245 3386 3291
3 3245 3052 3125
3 2923 9754 2828
3 2987 3080 3101
3 3125 3052 2997
3 9753 3044 9754
3 3052 3245 9752
3 3052 9752 3080
3 9754 2923 9753
3 3291 9752 3245
3 6567 9758 9757
3 9759 9624 6967
3 6519 6567 6566
3 6567 6519 9756
3 9758 9756 6639
3 6506 6639 9756
3 6838 9755 6770
3 9757 6838 6967
3 6506 9756 9760
3 6770 9758 6639
3 6361 9760 6427
3 9758 6770 9755
3 9759 6967 6838
3 6838 9757 9755
3 9757 9758 9755
3 7106 9771 7253
3 9763 9762 7133
3 7133 9762 7065
3 7322 9771 7126
3 7288 9771 7322
3 6664 9768 9766
3 6617 9766 6637
3 6637 9768 9772
3 6870 6847 6871
3 9767 9763 7115
3 6874 9775 9773
3 6874 6859 9775
3 9774 9776 9765
3 7065 9762 6859
3 6933 9765 6954
3 6954 9765 9761
3 6637 9772 6735
3 6858 9775 6859
3 9768 9773 9772
3 6858 9774 9775
3 6858 9762 9763
3 9771 6954 9769
3 9776 9774 9767
3 9771 9769 7126
3 6954 9761 9769
3 9769 9761 9764
3 9766 9768 6637
3 9774 9770 9775
3 6735 9770 6871
3 6858 9763 9767
3 9765 9770 9774
3 9771 7106 6954
3 9770 9772 9773
3 9770 9773 9775
3 9776 6949 9764
3 9761 9776 9764
3 6735 6871 6847
3 9764 6875 9769
3 9776 9761 9765
3 6735 9772 9770
3 9767 9774 6858
3 6960 7011 9787
3 7161 9787 7011
3 6906 9779 7145
3 7039 9787 7161
3 7165 9784 9796
3 6955 9782 6975
3 6917 9789 6852
3 9785 6975 9795
3 6995 9780 6917
3 6857 6975 9785
3 6852 9789 6869
3 9786 9794 9785
3 9779 9790 9792
3 6995 9788 9780
3 9796 9784 9798
3 9786 9797 9798
3 9793 9778 9791
3 9786 9792 9794
3 9792 9780 9794
3 6869 9789 9790
3 9797 9795 9782
3 9797 9785 9795
3 9796 9781 7165
3 9797 9782 9796
3 9785 9777 6857
3 9789 6917 9780
3 7184 7145 9779
3 9786 9798 9779
3 9783 9946 9794
3 9788 9778 9780
3 9798 9797 9796
3 9779 9784 7184
3 9795 6975 9782
3 9788 9787 7039
3 9792 9790 9789
3 6995 9787 9788
3 9791 9778 7039
3 9946 9785 9794
3 9793 9780 9778
3 9785 9946 9777
3 9784 9779 9798
3 9780 9793 9794
3 9786 9785 9797
3 9782 9781 9796
3 9786 9779 9792
3 9789 9780 9792
3 9945 9946 9783
3 9794 9793 9783
3 64 9809 32
3 9801 32 9809
3 67 54 9811
3 9804 9840 5
3 9813 34 9824
3 6 5 9840
3 9818 9826 2
3 2 17 9818
3 25 24 9803
3 82 9802 9827
3 29 82 9827
3 9806 9838 9833
3 9830 9821 9799
3 9829 9799 25
3 9828 9831 9842
3 9833 9838 9801
3 9816 2 9826
3 17 1 9818
3 9808 9824 9828
3 9825 9806 9835
3 9823 93 9801
3 9827 9812 29
3 9810 9819 9814
3 9808 9828 9804
3 9807 9836 9815
3 9812 9821 30
3 9803 9829 25
3 9808 9811 9813
3 9815 9806 9825
3 9811 9808 9804
3 9842 9807 9815
3 9805 9831 9824
3 9825 9819 9841
3 9799 9802 25
3 9807 9842 60
3 9832 9810 9820
3 93 32 9801
3 9799 9821 9827
3 9830 9817 9822
3 9822 9817 9839
3 9831 9805 60
3 9842 9831 60
3 9813 9824 9808
3 9825 9841 9840
3 9841 6 9840
3 9810 9832 9819
3 9837 9810 9814
3 9814 9825 9835
3 9825 9814 9819
3 9817 9830 9834
3 9801 9838 9823
3 9818 9839 9826
3 22 9800 9834
3 9815 9838 9806
3 9818 9822 9839
3 9823 9838 9836
3 9815 9825 9842
3 23 9829 9803
3 9810 9837 21
3 9800 9837 9834
3 9825 9840 9828
3 9830 9829 23
3 9800 21 9837
3 9837 9839 9817
3 9834 9837 9817
3 9809 9816 9835
3 9810 21 9820
3 9822 9818 1
3 9802 9799 9827
3 9827 9821 9812
3 9828 9824 9831
3 9822 1 9830
3 1 9821 9830
3 9839 9835 9816
3 9826 9839 9816
3 67 9811 9804
3 9835 9833 9801
3 9830 23 9834
3 9840 9804 9828
3 9806 9833 9835
3 9814 9835 9839
3 9825 9828 9842
3 9809 9835 9801
3 30 9821 1
3 9799 9829 9830
3 9814 9839 9837
3 9836 9838 9815
3 9841 9819 7
3 8796 9845 9849
3 9556 9856 9852
3 8808 8807 8800
3 8805 9845 8801
3 9844 9857 9853
3 8800 9851 8799
3 8800 8807 9851
3 8799 9851 8790
3 8806 9843 8814
3 8789 9855 9850
3 8801 8796 8813
3 8813 8805 8801
3 9847 9852 9844
3 9844 9849 9857
3 8794 9856 9556
3 8812 9849 9844
3 8789 8790 9855
3 9850 9855 9854
3 9844 9852 9856
3 9843 9846 9854
3 9848 9844 9856
3 9856 8794 9848
3 9853 9857 8824
3 8813 8796 8787
3 9844 9853 9847
3 9847 9853 8828
3 9858 9846 9843
3 8796 8801 9845
3 8823 9847 8828
3 8812 9844 9848
3 9854 9855 8807
3 9851 8807 9855
3 8813 8787 8806
3 9854 9846 9850
3 9858 9843 8806
3 9858 8806 8787
3 9857 9845 8824
3 9845 9857 9849
3 8790 9851 9855
3 9854 8815 9843
3 9372 9361 9642
3 2953 3012 3023
3 6395 6499 6519
3 928 869 871
3 6041 5946 5867
3 1749 1846 1742
3 8599 9583 8566
3 7736 7789 7816
3 9697 319 294
3 4678 4639 4702
3 5481 5464 5465
3 9621 632 605
3 5629 5799 5830
3 6955 7042 9782
3 9782 7042 9781
3 9525 9505 9515
3 540 531 489
3 5662 5638 5639
3 3910 3940 3933
3 650 526 470
3 526 439 470
3 1013 1014 1045
3 9476 9473 9445
3 9447 9476 9445
3 9694 9445 9473
3 5446 5536 5557
3 779 750 9655
3 8098 8053 7961
3 8053 7997 7961
3 9555 9554 9536
3 9554 9547 9536
3 4635 4595 9719
3 3267 3097 3218
3 9527 9547 9539
3 9436 9382 9859
3 4934 4841 4935
3 4841 4834 4935
3 9526 9544 9537
3 9860 9553 9550
3 49 43 0
3 49 9873 43
3 10 52 9903
3 9883 9903 9907
3 9866 9910 9
3 9863 9899 88
3 35 9891 9881
3 12 9865 13
3 9861 50 9896
3 9880 9896 50
3 9874 9873 49
3 42 9871 9892
3 48 9898 9871
3 48 9905 9898
3 47 9905 48
3 45 40 9904
3 45 9904 9890
3 9885 9872 3
3 9869 9879 9878
3 9878 9879 9875
3 9884 9877 9904
3 9874 9876 9878
3 0 9900 9884
3 9883 9907 9909
3 9897 9894 9895
3 12 9872 9865
3 9909 9906 9883
3 43 9900 0
3 9886 9862 9894
3 9884 9904 9882
3 9869 9898 9879
3 9899 9863 9864
3 9882 9897 9895
3 40 39 9904
3 9874 9877 9873
3 9878 9877 9874
3 9884 9900 9877
3 9878 9876 9869
3 9907 9910 9866
3 9862 9868 9908
3 9895 9901 9896
3 9867 9889 9870
3 4 9887 15
3 9885 9883 9906
3 9895 9884 9882
3 9862 9886 9865
3 9872 9868 9865
3 9867 16 9887
3 9870 9889 9904
3 9905 9870 9879
3 9871 9869 9892
3 4 9867 9887
3 9881 9891 9908
3 9863 9881 9908
3 9862 9908 9901
3 9868 9906 9864
3 9902 9867 4
3 48 9871 42
3 9902 9889 9867
3 9871 9898 9869
3 9892 9869 9876
3 9866 9864 9909
3 9864 9866 9899
3 9901 9895 9894
3 9896 9901 9861
3 9906 9868 9872
3 9904 9889 9890
3 9893 9896 0
3 43 9873 9900
3 9865 9886 13
3 9875 9877 9878
3 9879 9904 9875
3 39 9882 9904
3 0 9896 9880
3 9879 9870 9904
3 16 9870 9905
3 9903 9883 9885
3 9909 9907 9866
3 9885 9906 9872
3 39 9897 9882
3 9890 9889 9888
3 9893 9895 9896
3 9895 9893 9884
3 9864 9906 9909
3 9862 9865 9868
3 9901 9908 9861
3 9873 9877 9900
3 9902 9888 9889
3 9903 52 9907
3 9891 9861 9908
3 0 9884 9893
3 9866 88 9899
3 9905 9879 9898
3 9862 9901 9894
3 52 9910 9907
3 9903 9885 11
3 9863 9908 9864
3 9904 9877 9875
3 9867 9870 16
3 9864 9908 9868
3 3575 9932 9912
3 9932 9911 9913
3 9932 9913 9912
3 9911 9914 9913
3 9911 3568 9914
3 3568 9922 9914
3 3568 9915 9922
3 3597 9922 9915
3 3597 9920 9922
3 3543 9921 9920
3 3429 9921 3543
3 9913 9923 9912
3 3429 9918 9921
3 9913 9914 9926
3 9926 9919 9916
3 9927 9921 9919
3 9923 9913 9926
3 3343 9917 9924
3 3231 3252 9928
3 3252 3321 9917
3 9914 9922 9927
3 9917 9928 3252
3 9921 9927 9920
3 9923 9916 3483
3 3561 9912 9923
3 3483 3561 9923
3 9925 3422 9916
3 9921 9918 9919
3 9924 9917 9925
3 9917 3321 9925
3 9925 3321 3422
3 9926 9927 9919
3 9927 9926 9914
3 9926 9916 9923
3 3483 9916 3422
3 9927 9922 9920
3 9916 9919 9925
3 9919 9924 9925
3 9924 9919 9918
3 3226 3208 3188
3 9932 9940 9911
3 3568 9911 9929
3 3226 3295 9935
3 3350 9936 9934
3 9940 3554 9936
3 3338 9930 9936
3 9931 9935 9933
3 9933 9935 3295
3 3295 9941 9930
3 9936 9930 9940
3 9933 9939 9931
3 9911 9940 9929
3 9939 9933 3338
3 9938 9941 9937
3 9934 9936 3554
3 9941 9929 9940
3 9932 3554 9940
3 9929 9941 9938
3 3488 9929 9938
3 9936 3350 3338
3 3295 9937 9941
3 3226 9935 3208
3 3568 9929 3488
3 3208 9935 9931
3 9933 3295 9930
3 3338 9933 9930
3 9940 9930 9941
3 6996 7058 7013
3 7341 9958 7491
3 9960 9952 7140
3 7013 7030 7125
3 7056 9943 7057
3 7081 7080 7082
3 6854 7010 9783
3 9944 9783 7010
3 9956 9952 9960
3 9949 7030 9955
3 9947 7082 7080
3 9957 9944 7008
3 9942 9957 9961
3 9953 7057 9943
3 9952 9956 9951
3 9947 9953 9954
3 9951 9954 9961
3 9960 9959 9949
3 9952 9951 9948
3 7124 9959 9958
3 9960 9955 9956
3 9949 9955 9960
3 9942 9777 9946
3 9783 9944 9945
3 9955 9951 9956
3 9954 7082 9947
3 7203 9950 7140
3 7380 7554 7491
3 9945 9957 9946
3 9948 9951 9961
3 9954 9955 7030
3 9953 9961 9954
3 9960 9958 9959
3 7058 7030 7013
3 9955 9954 9951
3 9957 9942 9946
3 7058 9954 7030
3 7008 9952 9948
3 7491 9958 9950
3 9950 7380 7491
3 9942 9961 9953
3 9942 9953 9943
3 9958 7140 9950
3 7058 7082 9954
3 9948 9961 9957
3 9945 9944 9957
3 9960 7140 9958
3 6763 7046 9965
3 9983 9966 6912
3 9980 9972 6676
3 6912 9966 9967
3 9966 9968 6855
3 9964 9982 9974
3 6860 6805 9974
3 6826 9962 6873
3 6617 9973 6638
3 6855 9971 6747
3 6892 6931 9962
3 9981 9979 9971
3 9977 9969 9980
3 9976 9982 9964
3 9968 9974 9982
3 6806 6733 6805
3 6952 9962 6931
3 6747 9979 9963
3 9967 9966 6913
3 9981 9971 9976
3 9976 9969 9981
3 9978 9965 6892
3 6602 6636 9977
3 9969 9977 6636
3 9978 6892 9962
3 9969 9972 9980
3 9968 9966 9983
3 9979 6671 9963
3 9979 6747 9971
3 6826 9975 9962
3 9971 9968 9982
3 9974 9983 6860
3 9970 9965 9978
3 9974 9968 9983
3 6636 9970 9969
3 9962 9975 9978
3 6855 9968 9971
3 9972 9969 9976
3 9976 9971 9982
3 9980 9973 6602
3 9978 9981 9969
3 9978 9969 9970
3 9979 9975 6671
3 6679 9970 6636
3 9979 9981 9975
3 6805 6733 9964
3 9980 6602 9977
3 9976 9964 9972
3 6805 9964 9974
3 9981 9978 9975
3 6671 6630 9963
3 6733 9972 9964
3 4776 9988 4731
3 4716 9986 9998
3 5265 9987 9996
3 4770 9989 4744
3 4745 10000 9988
3 9997 9999 5193
3 4911 9991 9985
3 4878 9986 4819
3 9998 9986 9991
3 4664 9992 9995
3 4731 10000 4688
3 4730 9993 9988
3 5103 9994 9997
3 4688 9989 4664
3 9999 9997 9994
3 9995 4731 4664
3 9996 9987 9984
3 9984 5476 5543
3 4664 9989 4770
3 4664 4770 4716
3 9994 5424 9987
3 4664 4680 9992
3 4777 9995 9992
3 9986 4878 9991
3 9987 5476 9984
3 9987 5424 5476
3 5193 9999 5265
3 9988 9990 4745
3 9988 9993 9990
3 4665 9998 9991
3 5560 5543 5476
3 9985 9991 5013
3 9999 9994 9987
3 9993 4761 9990
3 4878 5013 9991
3 9998 4665 4680
3 10000 4731 9988
3 9997 9985 5013
3 9987 5265 9999
3 9985 9997 5193
3 4731 4688 4664
3 4791 9990 4761
3 9886 9894 13
3 9888 45 9890
3 3561 3575 9912
3 9965 9970 6679
3 10001 4792 4730
3 9993 4730 4792
3 6586 6602 9973
3 6676 9972 6638
3 9972 6733 6638
3 9768 6664 6761
