# https://github.com/mikedh/trimesh
v -0.11461691 0.02829467 0.24675764
v -0.17663530 0.01189659 -0.24533323
v -0.11462995 0.02123789 -0.27417328
v 0.00990002 0.03561898 0.19820628
v -0.18255771 0.00468318 0.15513473
v 0.01071895 0.04846769 -0.37537675
v -0.00750105 0.04805012 -0.37946732
v -0.05167295 0.04262587 -0.37741676
v -0.15731595 0.02230699 0.22906692
v 0.03864856 0.05536682 0.29226172
v 0.06713138 0.05975578 0.24712633
v 0.05228921 0.04843434 0.22658798
v -0.03389264 0.02981984 0.18756018
v -0.05592031 0.02692897 0.19084260
v -0.08064773 0.02382920 0.18641143
v -0.18486470 0.00518403 0.15246725
v -0.21904464 0.00616311 0.17875313
v -0.14532659 0.01405751 -0.25354174
v -0.11816362 0.02101055 -0.26985471
v 0.01016932 0.03574017 -0.28449564
v -0.02844654 0.04729012 -0.38075002
v -0.10152855 0.03667249 -0.35256223
v -0.12904774 0.03777931 -0.33499010
v -0.18644503 0.02978857 -0.30967505
v -0.22517206 0.02187016 -0.29494614
v -0.22475355 0.01944386 -0.28592632
v -0.16034390 0.03588703 -0.32128786
v -0.19470664 0.03016864 -0.30991609
v -0.21638029 0.02581253 -0.30263120
v -0.22003629 0.01295942 -0.25394791
v -0.19371596 0.00946189 -0.24005780
v -0.18121132 0.01166554 -0.24172827
v -0.06584497 0.02876097 -0.28277897
v 0.04196247 0.04412192 -0.30103391
v 0.05396613 0.04458534 -0.31117798
v -0.06127516 0.04249053 0.28403567
v -0.04055197 0.04879594 0.29092898
v 0.03177715 0.04309913 0.20908857
v -0.01577031 0.03251744 0.18851769
v -0.10260438 0.02187694 0.17985471
v -0.11268471 0.02070332 0.17629483
v -0.16059772 0.00881054 0.15751572
v -0.19656483 0.01622603 0.21409169
v -0.12998221 0.02807874 0.23921555
v 0.00401536 0.03808977 0.19417688
v -0.13160624 0.01774640 0.17029624
v -0.21527570 0.00549649 0.16456639
v -0.22094232 0.00929917 0.19198667
v -0.21314222 0.01197362 0.20415871
v -0.13390961 0.03022199 0.24047744
v -0.07561404 0.03808443 0.27438580
v 0.05678845 0.06345478 0.28167682
v 0.06534418 0.06289241 0.26494996
v 0.06594389 0.05399813 -0.33606597
v 0.05851644 0.05408232 -0.35235479
v 0.02387603 0.05132148 -0.37313845
v -0.20895997 0.01298784 -0.24577405
v -0.16688419 0.01303962 -0.24481727
v -0.10405942 0.02300062 -0.27669754
v 0.03554863 0.04837069 -0.29567959
v 0.02785419 0.03675858 -0.29230517
v -0.07222047 0.04417391 -0.37076192
v -0.20371495 0.02954621 -0.30758049
v -0.14630781 0.01859890 -0.25320131
v -0.07804108 0.02644481 -0.28342735
v -0.00877621 0.03273475 -0.28072615
v 0.02184718 0.05474390 -0.29019423
v 0.04552046 0.05225938 -0.36471450
v -0.06709577 0.02732414 0.18706120
v -0.19714225 0.00685088 0.15290117
v -0.18196746 0.02387400 0.22046216
v -0.16488440 0.02492701 0.22804577
v 0.00326742 0.06424009 -0.37227396
v -0.12547934 0.04043678 -0.33866408
v -0.15477190 0.05046804 -0.32795432
v -0.22913031 0.02090485 -0.28801012
v -0.23078559 0.01883721 -0.28029593
v -0.19900518 0.01557200 -0.24271129
v -0.10429627 0.02755360 -0.27339054
v -0.08784308 0.03168043 0.18290525
v -0.17624829 0.01771858 0.15316439
v -0.06842610 0.04757328 -0.37228057
v -0.22740911 0.01456547 -0.26435331
v -0.13762067 0.02254102 -0.25762731
v -0.10413626 0.02908733 0.17852253
v -0.14461606 0.03328878 0.23616949
v -0.02198974 0.05895654 0.29427704
v -0.00588754 0.04801909 0.29766905
v 0.00803098 0.04737052 0.29668513
v 0.04971043 0.06627329 0.28772168
v -0.02574854 0.05549213 -0.37715445
v -0.10195447 0.04055242 -0.35579818
v -0.15079972 0.02309369 -0.24965386
v -0.03905244 0.03031887 -0.28083896
v 0.04161737 0.05695874 -0.36736525
v -0.07318825 0.03260695 0.18567394
v -0.15569563 0.01820132 0.15920090
v -0.20774073 0.00814595 0.15659023
v -0.21371001 0.01694761 0.16026104
v -0.09253788 0.04122491 0.26768665
v 0.06323168 0.07269678 0.27395885
v -0.04420483 0.05480335 -0.37576606
v -0.19417890 0.03772996 -0.31149909
v -0.17759310 0.01649372 -0.24335117
v -0.02167543 0.04178867 -0.27926774
v 0.05079135 0.06021536 -0.30263087
v 0.06377501 0.05117485 -0.32059608
v 0.06306012 0.06062818 -0.35057330
v 0.05347907 0.06132907 -0.36039088
v 0.04179165 0.05610685 0.21778412
v -0.20376048 0.01819888 0.15378233
v -0.16385323 0.03362037 0.22936327
v -0.08276808 0.04797166 0.27535734
v 0.06928284 0.07066270 0.25800850
v 0.06596434 0.06441690 0.24406353
v 0.05882082 0.05625646 0.23202663
v -0.08805094 0.05027678 -0.36539336
v -0.10795694 0.05187459 -0.35444267
v -0.16964692 0.04147877 -0.31934804
v -0.21027839 0.03568255 -0.30599215
v -0.19290663 0.02270893 -0.24204216
v -0.11277785 0.02667618 -0.26998199
v -0.06768418 0.03620360 -0.27499846
v -0.04471600 0.04217354 -0.27566237
v 0.04388925 0.05907487 -0.29888128
v 0.05665483 0.05852154 -0.30896156
v 0.06748776 0.06241947 -0.33608050
v 0.02161233 0.06010664 -0.37039248
v -0.00082615 0.04453175 0.19461710
v -0.03095833 0.04790591 0.18941109
v -0.13796287 0.02115366 0.16634318
v -0.21325624 0.02440879 0.20325455
v -0.13018674 0.03742310 0.24328276
v -0.11206110 0.04832745 0.25915284
v 0.03403471 0.06104537 0.29300688
v -0.01685618 0.06263360 -0.37473634
v -0.22035216 0.03819215 -0.30224730
v -0.21094622 0.02305788 -0.24519475
v -0.16979301 0.01876824 -0.24422346
v 0.06347453 0.06869169 -0.31943240
v 0.05749439 0.07570928 -0.34273400
v 0.01718641 0.04831286 0.20246103
v -0.04019433 0.04020818 0.18589636
v -0.12626426 0.03183169 0.16763098
v -0.15065725 0.02557719 0.15942637
v -0.22380444 0.02761937 0.18302805
v -0.13328061 0.04954840 -0.33837917
v -0.10755903 0.03616147 -0.25696642
v 0.00216841 0.04842553 -0.28347478
v -0.19923086 0.02795535 0.21301453
v -0.18540808 0.03289967 0.22100907
v -0.05175047 0.06009104 0.28872911
v 0.04099154 0.07651109 0.28599787
v 0.06230494 0.07994512 0.25851059
v -0.06732273 0.05433221 -0.37228727
v -0.17678112 0.04858901 -0.32071477
v -0.19457026 0.04529122 -0.31471647
v -0.22908967 0.02995203 -0.26125423
v -0.21936504 0.02051389 -0.25133780
v -0.13170477 0.02846342 -0.25411109
v 0.01763794 0.05953875 0.20754034
v -0.08930923 0.03624747 0.17906486
v -0.16738613 0.02485295 0.15411606
v -0.21997431 0.02262595 0.19547888
v -0.09638054 0.05290626 0.26996148
v -0.00741926 0.06616548 0.29316538
v 0.01725993 0.06797297 0.29237231
v 0.05600739 0.07077987 0.23238685
v 0.03907112 0.06509434 0.21826753
v -0.03488028 0.06266185 -0.37354040
v -0.17672895 0.02885874 -0.24277335
v -0.15226425 0.02758334 -0.24687358
v 0.05093933 0.07407257 -0.35300700
v 0.03453346 0.07018561 -0.36334137
v -0.00844532 0.05296756 0.19731873
v -0.22004423 0.01617082 0.17137562
v -0.14210504 0.04296339 0.23873180
v -0.07021641 0.05559599 0.28327605
v 0.01355225 0.07543546 0.28900686
v 0.06000604 0.07832916 0.24420371
v -0.03091756 0.06906619 -0.37319894
v -0.06652211 0.06362277 -0.37121808
v -0.20471427 0.04514293 -0.31112548
v -0.23436839 0.03334038 -0.28266867
v -0.23247764 0.02899230 -0.27160263
v -0.07137107 0.04391719 -0.26531139
v -0.01560233 0.05008047 -0.27926279
v -0.15998961 0.02978398 0.15594080
v -0.20152683 0.02723334 0.15131872
v -0.21824189 0.02725520 0.16072653
v -0.13428586 0.05075093 0.24694158
v -0.02934393 0.06666585 0.29364802
v 0.02824837 0.07558209 0.28883919
v 0.05696735 0.08423950 0.25322739
v 0.04936589 0.06981522 0.22599678
v -0.11575774 0.06007587 -0.35247375
v -0.18234273 0.05344052 -0.31853775
v -0.22957565 0.03638223 -0.29421011
v 0.04387499 0.06762426 -0.30169952
v 0.06235616 0.07327323 -0.32982202
v 0.01897021 0.07477555 0.21183498
v -0.05598302 0.04340646 0.18284990
v -0.08483038 0.04080943 0.17227998
v -0.17423015 0.03979230 0.22490909
v -0.14820100 0.05193931 0.24055853
v -0.08372713 0.05748570 0.27662680
v 0.05055656 0.08217718 0.27672338
v 0.05589777 0.08263820 0.26843462
v -0.08809611 0.05900612 -0.36387386
v -0.21667218 0.02730889 -0.24954078
v -0.20345296 0.02524651 -0.24314008
v -0.02840585 0.05392350 -0.27300226
v 0.00183276 0.06095342 -0.28309424
v 0.02418075 0.06639297 -0.29057180
v 0.06060535 0.06667899 -0.31338027
v 0.00430194 0.07378219 -0.36502873
v -0.00515918 0.06239075 0.19980032
v -0.01324789 0.05695389 0.19572417
v -0.11214404 0.03858963 0.16350960
v -0.14160664 0.03149951 0.16255640
v -0.20747124 0.03087799 0.20773889
v -0.03044184 0.07330435 0.29137329
v -0.01163187 0.07360940 0.29310133
v 0.02417658 0.08311718 0.28254286
v 0.04089347 0.08358234 0.27949077
v -0.14911958 0.05784938 -0.33494547
v -0.14916081 0.05443784 -0.33167675
v -0.18932058 0.05671259 -0.31859315
v -0.21859673 0.04455549 -0.30380526
v -0.22892715 0.04221283 -0.29573814
v -0.06031289 0.04969424 -0.26582981
v 0.04856909 0.07753051 -0.30927358
v 0.04553982 0.07878669 -0.34889212
v -0.04579133 0.05413103 0.18148972
v -0.05419976 0.05059171 0.17858389
v -0.18882106 0.02598138 0.15082104
v -0.21511667 0.03660175 0.20143694
v -0.18957085 0.03921914 0.21817690
v -0.11177165 0.05815969 0.26040114
v -0.09026278 0.06576773 -0.36148665
v -0.16743361 0.06162130 -0.32860894
v -0.21106978 0.05096874 -0.31029832
v -0.23490599 0.03888871 -0.26383620
v -0.10241790 0.04078242 -0.25454069
v -0.04549894 0.05660032 -0.26876754
v 0.05471305 0.07901832 -0.31776820
v 0.05431052 0.08104740 -0.32957727
v -0.15377136 0.03747126 0.15536966
v -0.22404032 0.02850904 0.17288850
v -0.21860957 0.02991166 0.19621875
v -0.13604732 0.05370839 0.24960069
v -0.11725334 0.05858013 0.25921321
v -0.08608947 0.06624406 0.27193916
v 0.02946688 0.08005983 0.21955415
v -0.23574454 0.03900905 -0.28345257
v -0.21417046 0.03180394 -0.24600391
v -0.10116171 0.04499252 -0.25195742
v -0.01386704 0.06403703 -0.27726708
v 0.03861592 0.07565880 -0.29992313
v -0.02283545 0.07478275 -0.36591563
v -0.05618193 0.07261700 0.27811326
v 0.00127784 0.07999086 0.28760688
v 0.04349703 0.09055893 0.25813569
v 0.04633988 0.08476715 0.23376681
v -0.02745002 0.06158878 0.19048423
v -0.21241721 0.02733993 0.15560275
v -0.18735171 0.04628923 0.22004157
v -0.15781914 0.05338924 0.23767594
v -0.06457461 0.07079833 -0.36765989
v -0.14166532 0.06182302 -0.34827149
v -0.23932086 0.04230506 -0.27510223
v -0.19375688 0.02902136 -0.24130706
v 0.04576741 0.08259300 -0.33529206
v 0.02247176 0.07848938 -0.35780041
v -0.04929376 0.07269910 -0.36635650
v -0.08414263 0.04623043 0.16801578
v -0.16295441 0.05120508 0.23193566
v -0.16846227 0.05530245 0.24575274
v -0.13884938 0.05763657 0.25853390
v -0.10270929 0.06433956 0.26568969
v -0.05929882 0.06530941 0.28468626
v -0.02553494 0.07665752 0.28895181
v -0.11978613 0.06590250 -0.35641242
v -0.13592126 0.06792905 -0.35133709
v -0.15082162 0.06897761 -0.35054346
v -0.22264487 0.04979318 -0.30402189
v -0.13331836 0.03391444 -0.24487826
v 0.01559538 0.07662956 -0.29207840
v -0.13224018 0.03984875 0.15802076
v -0.17519318 0.03257341 0.15130851
v -0.19013016 0.03302582 0.14872097
v -0.22818797 0.04013844 0.17115240
v -0.02003386 0.08439906 0.27413972
v 0.02196378 0.08799177 0.26898379
v 0.04360514 0.09157031 0.24246931
v 0.03559975 0.08804183 0.23195929
v -0.15880655 0.06321129 -0.34092328
v -0.18875319 0.06302191 -0.31921733
v -0.23885970 0.04567466 -0.28523009
v -0.18429828 0.03388724 -0.24206393
v 0.03632281 0.07999335 -0.30395699
v 0.04398789 0.08677186 -0.32608700
v 0.02752566 0.08764045 -0.33352766
v 0.02227603 0.08260697 -0.34592996
v -0.07198653 0.07780972 -0.36651931
v -0.08893259 0.07223602 -0.36371365
v 0.01148125 0.08028127 0.21425288
v -0.02483953 0.07527594 0.19870384
v -0.10779135 0.04302758 0.16167054
v -0.22628538 0.03461795 0.18398343
v -0.15680717 0.05490630 0.25140388
v -0.08708617 0.07207133 0.26862025
v -0.04534328 0.07969045 0.27177123
v -0.01426811 0.08055623 0.28299178
v 0.00842102 0.08798506 0.26859778
v -0.00534618 0.07818711 -0.35697956
v -0.01233631 0.08389659 -0.34478826
v 0.01003203 0.08648977 0.22513949
v -0.12195987 0.06138064 0.26383249
v 0.03428603 0.09510386 0.25223425
v -0.15933747 0.06902584 -0.34399366
v -0.15382982 0.03387660 -0.24358316
v -0.00119747 0.07625478 -0.28402468
v 0.01350811 0.08014431 -0.29556371
v 0.03960517 0.08407101 -0.31445287
v -0.04567831 0.07845394 -0.36023574
v -0.00441266 0.07651072 0.20641028
v -0.06165019 0.05664470 0.17522916
v -0.08752688 0.05583652 0.16544205
v -0.21649124 0.03450758 0.15514988
v -0.20827584 0.04221765 0.20668219
v -0.18417585 0.05324903 0.21937553
v -0.17421511 0.05458772 0.22659291
v -0.10011200 0.07448951 0.27044575
v -0.03821425 0.08373503 0.26111299
v 0.02489605 0.09489660 0.25903170
v -0.06714229 0.05807486 -0.26203850
v -0.03288935 0.06611907 -0.27348814
v 0.03172869 0.08834247 -0.32496983
v 0.00823289 0.08615604 -0.33440741
v -0.14345468 0.04602967 0.15484323
v -0.16103968 0.04658533 0.15191750
v -0.20548750 0.03423748 0.15006315
v -0.22457919 0.03752664 0.16201543
v -0.12406210 0.07075298 0.26784027
v 0.01085707 0.09382599 0.25518073
v 0.01936619 0.09590512 0.25134244
v -0.05237070 0.06434955 0.18175251
v -0.18663063 0.05724896 0.22337001
v -0.18807549 0.05963816 0.22971902
v -0.00647962 0.08300953 0.21330423
v -0.03051735 0.08299824 -0.33419382
v -0.10600620 0.07483132 -0.35883679
v -0.17635164 0.06876866 -0.33065155
v -0.23362774 0.04951038 -0.29525755
v -0.22815354 0.03735802 -0.25525704
v -0.16248260 0.04191886 -0.23772815
v -0.14928426 0.04113934 -0.23967207
v -0.05839351 0.09179093 -0.36324784
v -0.08124776 0.08233966 -0.36284104
v -0.07195698 0.06584639 0.17339964
v -0.12547913 0.05323428 0.15436339
v -0.18034285 0.04082029 0.14958314
v -0.19739800 0.04356841 0.14829814
v -0.22939989 0.04980993 0.17616183
v -0.15022989 0.06546730 0.26131881
v -0.09505578 0.08044249 0.27093580
v -0.10361614 0.08456863 -0.35343726
v -0.13338889 0.07538113 -0.34720660
v -0.21618363 0.05858110 -0.30755640
v -0.24129966 0.05161758 -0.27386290
v -0.19054796 0.03942108 -0.24097792
v -0.05448728 0.07158806 -0.27002537
v -0.02510539 0.07479038 -0.27827706
v -0.05193379 0.07372020 0.18674959
v -0.08590977 0.06087861 0.16505383
v -0.10813705 0.05426296 0.15840973
v -0.20803641 0.05193128 0.20456385
v -0.17335407 0.06132738 0.24628904
v -0.05015668 0.08246123 0.26181844
v -0.21124544 0.06450261 -0.31112872
v -0.12145184 0.04760075 -0.23999878
v -0.10504351 0.05189542 -0.24733582
v -0.01864329 0.07885956 -0.28489505
v -0.04767898 0.09663933 -0.35458716
v -0.22590094 0.04953465 0.16201699
v -0.20738175 0.05927246 0.20529935
v -0.19515994 0.05654718 0.21333099
v -0.16414849 0.06939251 0.25943172
v -0.12912557 0.07986502 0.27056247
v -0.06019318 0.08232494 0.26097114
v -0.05021819 0.08838457 0.24930874
v -0.02761102 0.08706181 0.23676359
v -0.17102109 0.07716432 -0.33121334
v -0.20346514 0.03899951 -0.24340341
v -0.02976930 0.08545765 -0.31681608
v -0.17493762 0.07147960 0.24969569
v -0.07163499 0.07784186 0.26810342
v -0.04395583 0.08570770 0.24696479
v -0.12546746 0.08717403 -0.34623081
v -0.15293712 0.07729877 -0.35220557
v -0.17526265 0.04569899 -0.23428578
v -0.13414973 0.05128600 -0.23454560
v -0.08474595 0.06562222 -0.25694473
v -0.06432737 0.07251437 -0.26679165
v -0.03068137 0.08418640 -0.29492069
v -0.14280743 0.05441888 0.15016890
v -0.18649812 0.05028725 0.14774626
v -0.19476078 0.06211536 0.22188475
v -0.17878403 0.06538815 0.24100598
v -0.10942038 0.08415690 0.27204827
v -0.04030079 0.09004175 0.21657472
v -0.05320614 0.07945162 0.18667731
v -0.08891650 0.06256150 0.15571906
v -0.10896602 0.05786572 0.14537263
v -0.23738809 0.05875415 -0.29144264
v -0.23777035 0.05938918 -0.26426676
v -0.22968705 0.05148575 -0.25544355
v -0.21621858 0.04461000 -0.24771346
v -0.19507187 0.04750360 -0.23843235
v -0.10516191 0.06017425 -0.24433490
v -0.03756786 0.08293053 -0.28351660
v -0.17257180 0.04920756 0.14959268
v -0.20639535 0.05274161 0.14799017
v -0.22366358 0.04552618 0.18875121
v -0.21879320 0.05147387 0.19382496
v -0.02930186 0.08683928 0.22118854
v -0.04333560 0.08236806 0.19818110
v -0.07021290 0.07113718 0.16454340
v -0.10209804 0.06172816 0.14520972
v -0.22728148 0.06092040 -0.30100841
v -0.09296036 0.06411811 -0.24927484
v -0.06516691 0.07358538 -0.26322172
v -0.03321590 0.08951624 -0.33099987
v -0.03504876 0.08394672 -0.34533919
v -0.09209049 0.09085391 0.27051918
v -0.04232019 0.08747449 0.20619819
v -0.04866801 0.08121514 0.19322476
v -0.07176116 0.09792058 -0.36022375
v -0.15849701 0.08337133 -0.35149464
v -0.17927483 0.07949400 -0.32846572
v -0.16461156 0.05136977 -0.23103877
v -0.14751038 0.05068221 -0.23104137
v -0.16130373 0.06084302 0.14556751
v -0.17080109 0.08255162 0.26462194
v -0.08126821 0.09541972 0.26649154
v -0.05780971 0.09123264 0.25521677
v -0.04173646 0.08905982 0.23289093
v -0.20320446 0.07392835 -0.32292091
v -0.21163440 0.06938129 -0.31863981
v -0.22922483 0.06685890 -0.30214624
v -0.18417569 0.05221062 -0.23537708
v -0.06273099 0.07666336 -0.25608055
v -0.04892450 0.08120155 -0.27306300
v -0.04390831 0.10038155 -0.34394895
v -0.14933680 0.05735230 0.14706965
v -0.19178533 0.05732161 0.14615072
v -0.22931177 0.05853861 0.16915091
v -0.22045333 0.06611092 0.19143654
v -0.18215431 0.08303320 0.25112961
v -0.16987234 0.08134448 -0.33369177
v -0.21181032 0.05310218 -0.24346174
v -0.09081086 0.06461245 -0.23762924
v -0.03142398 0.09106656 -0.30767402
v -0.21750247 0.04791284 0.15245417
v -0.21348588 0.06363102 0.20423339
v -0.21139192 0.06511038 0.21107302
v -0.18161332 0.07354654 0.23363311
v -0.06826189 0.08833043 0.26394864
v -0.04761507 0.09699212 0.23003390
v -0.17198083 0.09329764 -0.34684770
v -0.16745282 0.08615653 -0.34095726
v -0.17887678 0.08912991 -0.32312967
v -0.22041997 0.07862533 -0.31885218
v -0.24238896 0.05788597 -0.28214958
v -0.20180350 0.05443918 -0.23992931
v -0.11462915 0.05860828 -0.22533365
v -0.10499395 0.07300002 0.13880041
v -0.21189037 0.06095344 0.14949648
v -0.22699275 0.06424492 0.18181292
v -0.22517575 0.06776025 0.20518989
v -0.20383442 0.06897519 0.21476228
v -0.18903416 0.06959888 0.22631979
v -0.05048023 0.09452559 0.24207837
v -0.04582289 0.08902503 0.19927095
v -0.09436422 0.09250714 -0.35143028
v -0.09258900 0.10134367 -0.34328592
v -0.16504958 0.05450742 -0.22371093
v -0.03465613 0.09044375 -0.29060600
v -0.05584701 0.10624222 -0.36016251
v -0.04661910 0.09600036 0.21109597
v -0.22469917 0.05672758 -0.24955941
v -0.09309635 0.06728445 -0.23202975
v -0.13008546 0.06815729 0.14236984
v -0.13679270 0.06054855 0.14288103
v -0.15290633 0.06392938 0.13869301
v -0.17309660 0.07515461 0.25642438
v -0.06191069 0.10042930 0.24279810
v -0.19273884 0.08302900 -0.32388538
v -0.23267361 0.07108371 -0.31104834
v -0.21268868 0.05911978 -0.24250809
v -0.18439513 0.05515342 -0.22365344
v -0.07384063 0.07412088 -0.24582407
v -0.05092050 0.10342381 -0.32620361
v -0.05292924 0.10502252 -0.34435164
v -0.17609604 0.06680583 0.13564933
v -0.22994317 0.06742674 0.18127036
v -0.23576465 0.06895042 0.19166263
v -0.20833785 0.08270682 0.20496599
v -0.16128361 0.08024580 0.26627769
v -0.12514212 0.09072500 0.27853447
v -0.07299380 0.09944836 0.25785273
v -0.06324378 0.08679841 0.17154023
v -0.09454082 0.07459487 0.14378423
v -0.10569129 0.09049883 -0.34765493
v -0.24313297 0.07361056 -0.30380891
v -0.23292293 0.06324518 -0.25545837
v -0.22747404 0.06916404 -0.25232587
v -0.13216640 0.06246744 -0.22392182
v -0.08403718 0.08234845 -0.23742293
v -0.18632163 0.06400912 0.14650739
v -0.22407552 0.06146270 0.15853832
v -0.15272192 0.09148954 0.27401235
v -0.10960339 0.09905990 0.28235206
v -0.05478187 0.09253214 0.18899350
v -0.11675321 0.09507971 -0.34433539
v -0.15368249 0.08911327 -0.34819073
v -0.16997279 0.09180183 -0.33009043
v -0.23970263 0.06808991 -0.29047125
v -0.23954459 0.06736540 -0.27373235
v -0.03948197 0.09737518 -0.30449696
v -0.05419077 0.11068647 -0.35362126
v -0.19960153 0.06944872 0.14516122
v -0.20080439 0.06418087 0.14663872
v -0.21714556 0.06946789 0.14849871
v -0.23021580 0.06973666 0.17278073
v -0.22364301 0.07165800 0.20754494
v -0.18431969 0.08294739 0.23711974
v -0.05365357 0.10185261 0.22472167
v -0.08077437 0.08711125 0.15049411
v -0.06534447 0.11095224 -0.35470498
v -0.17621277 0.10415880 -0.34790475
v -0.24662764 0.07773856 -0.29629857
v -0.10965339 0.06298309 -0.22286230
v -0.04462495 0.08709491 -0.27421561
v -0.23883643 0.07652581 0.19115137
v -0.19697749 0.08121401 0.21293126
v -0.18685350 0.08361901 0.22377086
v -0.12153721 0.10111597 0.28463516
v -0.10087547 0.09882939 0.27846752
v -0.07417428 0.07951106 0.15909689
v -0.13189177 0.09971349 -0.34538504
v -0.14591776 0.10289176 -0.34848159
v -0.20427578 0.05709917 -0.22845612
v -0.05832586 0.08509801 -0.26022088
v -0.05109980 0.10326472 -0.30131964
v -0.05247441 0.10578229 -0.33148421
v -0.11403668 0.07534162 0.13833835
v -0.13331412 0.07812835 0.14575955
v -0.22542560 0.07039396 0.15645234
v -0.23491455 0.07184005 0.20000169
v -0.22732399 0.08354429 0.19948849
v -0.18972069 0.09082156 0.22457582
v -0.19809526 0.09451880 0.24564974
v -0.17221179 0.09045362 0.26918293
v -0.07915460 0.10400703 0.25695044
v -0.20408090 0.08837687 -0.32170883
v -0.22467721 0.08780708 -0.31640587
v -0.23850775 0.07583723 -0.26894504
v -0.20536255 0.07007235 -0.22883492
v -0.17348543 0.06250787 -0.22245667
v -0.14336492 0.07049944 0.14199945
v -0.19501034 0.09707680 0.25567830
v -0.18292114 0.08721812 0.25933976
v -0.06584578 0.10381632 0.22153585
v -0.06459935 0.10539049 0.19654089
v -0.10283765 0.07424702 -0.22193079
v -0.05581651 0.10296105 -0.28462688
v -0.04757284 0.11266906 -0.32626647
v -0.06531682 0.11619580 -0.34509264
v -0.18347944 0.07499769 0.13597419
v -0.18758966 0.06819119 0.13626058
v -0.10747865 0.10246689 0.28076306
v -0.10214731 0.10237249 0.26906099
v -0.07049557 0.09240955 0.16141862
v -0.18237864 0.10002859 -0.31960578
v -0.23928001 0.08916387 -0.29920245
v -0.13330342 0.07029367 -0.22428540
v -0.06954550 0.09079645 -0.25259957
v -0.05959098 0.09787364 -0.26888503
v -0.20491637 0.09354021 0.20539777
v -0.06695273 0.12014486 -0.33566934
v -0.09668917 0.10712966 -0.33809053
v -0.18083193 0.10359348 -0.33971066
v -0.18053698 0.10276234 -0.32565467
v -0.19000283 0.09869529 -0.31421290
v -0.21647149 0.09381503 -0.31826776
v -0.23409168 0.07221249 -0.26023645
v -0.13289046 0.07605342 -0.21873771
v -0.04739768 0.11250552 -0.30302992
v -0.14846012 0.07944592 0.14590875
v -0.16687138 0.07224653 0.13771096
v -0.21633542 0.07761260 0.15218406
v -0.22457449 0.07968576 0.16009077
v -0.11283254 0.10522393 0.27987942
v -0.09325748 0.09936739 0.21867815
v -0.06051888 0.09609856 0.18047336
v -0.10377672 0.08265244 0.12909259
v -0.14699163 0.06885858 -0.22564369
v -0.05858723 0.10574540 -0.28105715
v -0.05096108 0.10702352 -0.30285904
v -0.04909427 0.11595346 -0.33435406
v -0.12974648 0.10828483 -0.34434522
v -0.10944652 0.08490259 0.12532742
v -0.11543894 0.08312732 0.13691207
v -0.17177521 0.08083730 0.13964906
v -0.23835580 0.07204043 0.18573516
v -0.17777168 0.10541640 0.27302036
v -0.14796910 0.09943715 0.27959563
v -0.10853041 0.10268229 0.25447466
v -0.09699967 0.10077115 0.23094710
v -0.24729217 0.08606628 -0.28511033
v -0.14897822 0.07471724 -0.22467990
v -0.10310701 0.08241018 -0.22076229
v -0.06955906 0.10510808 -0.26009140
v -0.04589159 0.11780681 -0.31086595
v -0.08747269 0.11471504 -0.33703979
v -0.11817976 0.11190086 -0.34034604
v -0.15262491 0.11492036 -0.35441671
v -0.23426894 0.09485581 0.18923051
v -0.12344413 0.11405978 0.28613916
v -0.11681031 0.10990616 0.27739210
v -0.09087635 0.10341482 0.21069785
v -0.08410934 0.10214612 0.19823682
v -0.06748933 0.10489263 0.16796403
v -0.14055260 0.11825177 -0.35221709
v -0.23671131 0.08498677 -0.26412994
v -0.22013612 0.07160746 -0.24004486
v -0.17199648 0.07793956 -0.22800750
v -0.11772434 0.07920740 -0.21855602
v -0.14753412 0.08680614 0.14762343
v -0.16693999 0.09065236 0.14547335
v -0.22900900 0.09445911 0.19318481
v -0.19148785 0.08963586 0.23475241
v -0.12449458 0.10736204 0.28633411
v -0.10602612 0.10563066 0.25705346
v -0.09051216 0.10493447 0.19067656
v -0.07786073 0.10409792 0.18353472
v -0.06288982 0.10506403 0.18514844
v -0.06664601 0.10083368 0.16513162
v -0.16645781 0.09726637 -0.35347552
v -0.14517699 0.07921847 -0.21539676
v -0.07762664 0.10296950 -0.24458081
v -0.05103702 0.11166288 -0.27855746
v -0.07453574 0.12192310 -0.33277062
v -0.20173610 0.07940547 0.14038489
v -0.19464774 0.09858273 0.21509026
v -0.21001614 0.10635426 0.24027391
v -0.18940733 0.10449748 0.26683237
v -0.10654598 0.11191258 0.27129121
v -0.10167203 0.08808816 0.12939240
v -0.21727960 0.10090206 -0.31491222
v -0.21996689 0.09583162 -0.30855600
v -0.18983836 0.06527737 -0.22454546
v -0.04969792 0.12160613 -0.32638411
v -0.22279918 0.08318930 0.15537335
v -0.23558532 0.09607512 0.18465327
v -0.08881712 0.10845046 0.25537838
v -0.07716195 0.11394678 0.25293964
v -0.07648766 0.10584960 0.23524928
v -0.07672025 0.10793325 0.22579391
v -0.07401824 0.10636449 0.17230878
v -0.19023618 0.10463312 -0.31445803
v -0.22216698 0.09938454 -0.29295953
v -0.22210021 0.07965224 -0.24358005
v -0.16975880 0.08166140 -0.22698381
v -0.13944706 0.08233288 -0.21255343
v -0.04639506 0.12251980 -0.28799474
v -0.14824823 0.10771618 0.28179682
v -0.08818976 0.10447286 0.18590929
v -0.07176241 0.10787229 0.16127045
v -0.08558517 0.09826550 0.14634635
v -0.22224933 0.08721158 -0.25033910
v -0.09064356 0.08999691 -0.22984738
v -0.09516925 0.12516063 -0.34036953
v -0.12320854 0.12302644 -0.34541104
v -0.17807791 0.09025352 0.14293383
v -0.21035277 0.08900819 0.14848455
v -0.22549372 0.09480918 0.16220315
v -0.21383670 0.09655026 0.19701397
v -0.10686716 0.11593817 0.27562347
v -0.12675836 0.08501172 0.11974115
v -0.15663299 0.12489196 -0.35412519
v -0.18378693 0.11493190 -0.34502464
v -0.22708174 0.10656704 -0.29927637
v -0.04586151 0.11840952 -0.28667368
v -0.05557770 0.12733054 -0.32302634
v -0.23770937 0.08687776 0.17441071
v -0.21183385 0.10740845 0.25079546
v -0.16796488 0.11381453 0.27762234
v -0.22569006 0.10956155 -0.30076995
v -0.22773241 0.09225612 -0.25805862
v -0.20911237 0.08611185 -0.23659431
v -0.20001052 0.08510831 -0.23134716
v -0.11317227 0.09155434 -0.22080846
v -0.07369963 0.10632574 -0.24362853
v -0.18677361 0.09062636 0.13670577
v -0.19174078 0.08858587 0.14194427
v -0.20996806 0.11467915 0.25892681
v -0.13790352 0.12194185 0.27575304
v -0.11870055 0.12216449 0.27782338
v -0.11220400 0.11974806 0.27894023
v -0.07011677 0.11934287 0.24967735
v -0.08644165 0.11107935 0.17756931
v -0.09947773 0.09809510 0.13623991
v -0.16785874 0.11987526 -0.35264940
v -0.19287029 0.11740538 -0.33894586
v -0.19093051 0.11214708 -0.31667170
v -0.23385724 0.10315175 -0.27781993
v -0.23455946 0.10165242 -0.27158360
v -0.16019263 0.08284671 -0.21175657
v -0.12361201 0.08616764 -0.21586956
v -0.12626682 0.09753950 -0.21515730
v -0.08446911 0.10362423 -0.23972162
v -0.05146001 0.12627952 -0.29836449
v -0.09585710 0.13081356 -0.33671994
v -0.12560948 0.13124132 -0.34613133
v -0.22841095 0.12220704 0.24281293
v -0.19895680 0.12227486 0.26681052
v -0.07548282 0.11545926 0.23709787
v -0.08704253 0.11153936 0.19144710
v -0.10788893 0.10301939 0.13763160
v -0.11753576 0.09261649 0.12197803
v -0.16963400 0.13143292 -0.35485694
v -0.19438069 0.10840463 -0.31147893
v -0.17359357 0.08547022 -0.20964443
v -0.07570487 0.11024400 -0.22377875
v -0.05751556 0.11194656 -0.25427968
v -0.05154114 0.11666751 -0.26055622
v -0.04982783 0.12345256 -0.26047166
v -0.06935981 0.13135947 -0.32408854
v -0.13918147 0.13202419 -0.35007988
v -0.19495662 0.09440336 0.12241093
v -0.23183850 0.10342848 0.18457029
v -0.21337754 0.10772923 0.18862328
v -0.20432867 0.10308737 0.20339577
v -0.14512790 0.11787291 0.27978400
v -0.10584571 0.12292040 0.27244251
v -0.07124608 0.12086902 0.24175674
v -0.07832276 0.11400673 0.22268665
v -0.14722335 0.09192615 0.10991907
v -0.19577850 0.11579577 -0.33176110
v -0.06470895 0.13119055 -0.31931992
v -0.23181042 0.09920432 0.17710661
v -0.20035904 0.10789138 0.21710220
v -0.10092599 0.10996388 0.15058650
v -0.21011773 0.11522093 -0.29890393
v -0.08826834 0.10952037 -0.23964066
v -0.08204730 0.10734004 -0.23734303
v -0.20178874 0.09701617 0.14248501
v -0.21339746 0.11521037 0.21394986
v -0.22805002 0.11828868 0.23254087
v -0.17550315 0.12249097 0.27339637
v -0.07584464 0.12214158 0.25511784
v -0.08412320 0.11944973 0.19355093
v -0.08022221 0.11605179 0.16763221
v -0.07579422 0.11247508 0.16178114
v -0.11732518 0.10402814 0.13760120
v -0.13530002 0.09811195 0.11911708
v -0.23529501 0.11158995 -0.28135005
v -0.20523007 0.09243517 -0.21774139
v -0.16638227 0.09561017 -0.20466415
v -0.15002107 0.09160149 -0.20486168
v -0.11976711 0.10438455 -0.22954970
v -0.08476552 0.11292136 -0.21445764
v -0.05749358 0.12203020 -0.24000021
v -0.05087050 0.12819359 -0.27309044
v -0.08739465 0.13515442 -0.30828587
v -0.09577987 0.13358281 -0.32622124
v -0.15972105 0.09716906 0.10524096
v -0.19127022 0.09099043 0.11933627
v -0.20372010 0.10112874 0.14205839
v -0.10241930 0.12588918 0.26529496
v -0.08130334 0.11737209 0.22202500
v -0.08529904 0.12335350 0.17112324
v -0.14636037 0.09792525 0.11191419
v -0.20853949 0.13246692 -0.33592622
v -0.22789376 0.09857023 -0.25361536
v -0.21754494 0.09975141 -0.21824092
v -0.19815888 0.09614521 -0.20897553
v -0.05508469 0.12959472 -0.27870947
v -0.11327440 0.13390730 -0.34078411
v -0.11520587 0.12997647 0.25459076
v -0.07380837 0.12739618 0.24924331
v -0.09398862 0.12469793 0.21787429
v -0.08927261 0.12613799 0.19865870
v -0.12892599 0.11004876 0.15066890
v -0.13778580 0.10658260 0.13853189
v -0.15657854 0.10151108 0.10902235
v -0.18455924 0.09812459 0.11146729
v -0.21414554 0.09714751 0.14977874
v -0.21538614 0.10689300 0.15337633
v -0.23075758 0.10603197 0.17377347
v -0.15914527 0.13466823 -0.35324992
v -0.19434520 0.13163820 -0.34454693
v -0.21737556 0.12783758 -0.32270405
v -0.21413758 0.12455997 -0.31688903
v -0.20792560 0.12049262 -0.29869304
v -0.23157131 0.10267270 -0.23969572
v -0.10593783 0.10208571 -0.23168305
v -0.10236824 0.11490555 -0.23881188
v -0.17141719 0.12492884 0.27093121
v -0.13354562 0.12577455 0.26517089
v -0.08891035 0.12407884 0.22765326
v -0.08595861 0.12511572 0.18983153
v -0.09534258 0.12544654 0.17228814
v -0.09107888 0.11480328 0.15734371
v -0.15188189 0.10379038 0.12754520
v -0.16922837 0.10151828 0.10441117
v -0.11714148 0.11291849 0.15778031
v -0.14024125 0.11213903 0.14532718
v -0.23251865 0.10942206 0.17263629
v -0.20996951 0.11269030 0.19236694
v -0.15345417 0.13082737 0.25910383
v -0.07523123 0.12740477 0.23205877
v -0.06704497 0.13228172 -0.28877784
v -0.12367696 0.14043915 -0.33785925
v -0.14300124 0.14212564 -0.34374165
v -0.18389828 0.12998661 -0.35041754
v -0.20671248 0.12127592 -0.30548262
v -0.23576322 0.10662219 -0.26552682
v -0.20503310 0.12455337 -0.33334041
v -0.22154751 0.12016252 -0.28339777
v -0.15106506 0.09829376 -0.20838216
v -0.14073948 0.10556336 -0.22410186
v -0.09834661 0.13753871 -0.31272433
v -0.11479182 0.13878682 -0.33412706
v -0.15155317 0.10683770 0.13010502
v -0.15654474 0.10582590 0.11896653
v -0.16293269 0.10769389 0.10624120
v -0.22413502 0.11443099 0.17388421
v -0.22625411 0.12719391 0.24859419
v -0.16320019 0.13399313 0.25781853
v -0.09821133 0.13129512 0.24930062
v -0.19399865 0.10280427 -0.20894366
v -0.12365916 0.11206172 -0.23544440
v -0.10173520 0.11954342 -0.23267019
v -0.05026159 0.13007563 -0.26449022
v -0.13328154 0.14578248 -0.33490125
v -0.09065626 0.12689234 0.18132606
v -0.14412368 0.11388823 0.12346178
v -0.18277173 0.10874612 0.10377797
v -0.20405856 0.10216465 0.13030148
v -0.23115541 0.11192739 0.15515448
v -0.20835070 0.12615002 0.26386203
v -0.21340879 0.13955248 0.25940560
v -0.06783968 0.12960337 0.24402141
v -0.06670128 0.12790964 0.23858608
v -0.09178066 0.11756804 -0.23883413
v -0.09312773 0.11557986 -0.21035389
v -0.05218154 0.12643069 -0.24719379
v -0.11016772 0.14550106 -0.32130244
v -0.16823965 0.13668573 -0.35300968
v -0.22257610 0.12440346 -0.28339388
v -0.22936414 0.12281805 -0.27098412
v -0.24046718 0.10834665 -0.24858163
v -0.22943630 0.10467633 -0.22989069
v -0.20766750 0.10512677 -0.21027152
v -0.18807245 0.11218913 -0.20958034
v -0.17881051 0.10747059 -0.21238392
v -0.16545053 0.10723065 -0.21616276
v -0.16541046 0.11070625 -0.21893059
v -0.06675892 0.13803913 0.23496525
v -0.07360936 0.13386682 0.21985905
v -0.11879614 0.12264835 0.17166052
v -0.19108656 0.10128623 0.11599450
v -0.22271466 0.11760529 0.17326747
v -0.22077127 0.11848966 0.18563809
v -0.23139548 0.12209763 0.20235752
v -0.18601842 0.13591322 0.26336937
v -0.08324769 0.11733726 -0.20812329
v -0.06221828 0.13935459 -0.27477072
v -0.07181865 0.13699674 -0.28666625
v -0.09079895 0.13927420 -0.30351515
v -0.17806888 0.14195376 -0.35288729
v -0.22426807 0.13714746 -0.32593691
v -0.23126008 0.13153723 -0.30274154
v -0.22365363 0.10724555 -0.22317648
v -0.13057331 0.11532628 -0.22831064
v -0.10147880 0.12865521 0.20898733
v -0.13199984 0.12153933 0.15510179
v -0.13372774 0.11727941 0.13969725
v -0.19263706 0.11307354 0.12543163
v -0.20549244 0.10884600 0.12802127
v -0.22653503 0.11334921 0.14358109
v -0.23395694 0.12593495 0.18622564
v -0.20258906 0.13341544 0.26670602
v -0.11420934 0.13443405 0.24708730
v -0.06593538 0.12711714 -0.23131008
v -0.09167338 0.14798394 -0.29816156
v -0.15860144 0.14083556 -0.34652311
v -0.23859740 0.11687522 -0.25564347
v -0.14186664 0.11129710 -0.22717327
v -0.11662253 0.13391332 0.20053793
v -0.12431991 0.12891269 0.18123502
v -0.12636561 0.12347317 0.14764643
v -0.22834689 0.11921104 0.15523266
v -0.24216655 0.12927150 0.22797445
v -0.09488616 0.13569366 0.24080390
v -0.07405087 0.13700783 0.23775093
v -0.09751085 0.12182142 -0.21794112
v -0.05590025 0.13883893 -0.23745040
v -0.05641006 0.14053455 -0.26389438
v -0.23917955 0.13148630 -0.28065558
v -0.21786626 0.11435333 -0.22383127
v -0.10028003 0.12931071 0.21728843
v -0.13404887 0.12220598 0.16296222
v -0.13323006 0.12050702 0.13766332
v -0.15805586 0.11770601 0.11108396
v -0.19913720 0.13831565 0.26523812
v -0.13873493 0.13909755 0.24840725
v -0.10286330 0.12551121 -0.20536253
v -0.08933338 0.12705412 -0.19488266
v -0.07502833 0.12170845 -0.21944080
v -0.13119422 0.14956740 -0.32216705
v -0.16887164 0.15091123 -0.34732389
v -0.23942815 0.12166873 -0.24893512
v -0.20270215 0.11563981 -0.21023116
v -0.17245316 0.11291967 -0.21446454
v -0.13023445 0.11914290 -0.21066053
v -0.12718942 0.12700082 0.14390775
v -0.16559664 0.11198130 0.10436290
v -0.22411683 0.11614992 0.13743516
v -0.23120421 0.12456939 0.15870024
v -0.23616106 0.12479764 0.20769319
v -0.16791483 0.13830211 0.25612068
v -0.13283431 0.14352336 0.24547887
v -0.14485402 0.15200051 -0.33057169
v -0.21782095 0.14743366 -0.33523206
v -0.24219000 0.12677333 -0.26157665
v -0.17260715 0.11745708 -0.21012554
v -0.16172304 0.11732981 -0.21570721
v -0.14202345 0.12094039 -0.20882690
v -0.14277484 0.12118883 0.12738508
v -0.18236970 0.11798079 0.10793840
v -0.20309701 0.11934575 0.13463563
v -0.09603508 0.14165123 0.23780243
v -0.06805736 0.13835514 0.21969401
v -0.07961346 0.14408161 0.20033141
v -0.07068909 0.13844304 -0.22759529
v -0.08635866 0.15008025 -0.29010839
v -0.15818646 0.15031612 -0.33676590
v -0.19656439 0.14508908 -0.34481134
v -0.23474001 0.13573065 -0.30386291
v -0.24137827 0.13056630 -0.25991868
v -0.22281565 0.12894098 -0.24959101
v -0.15820613 0.12264814 0.12088889
v -0.18889267 0.11299528 0.10698314
v -0.19946201 0.11842443 0.11814460
v -0.22071108 0.12332407 0.13969763
v -0.23607637 0.13554187 0.20857445
v -0.16573107 0.14559257 0.25468940
v -0.07413045 0.14922863 0.19921508
v -0.07330957 0.13281728 -0.22500926
v -0.11534583 0.14698591 -0.32271238
v -0.23219621 0.14164638 -0.31153993
v -0.21105736 0.12471748 -0.23635571
v -0.13886901 0.12602238 -0.18527042
v -0.12445861 0.14232974 0.19314330
v -0.14644783 0.12474753 0.13232253
v -0.18271959 0.12307696 0.11633625
v -0.19978842 0.12570712 0.11320964
v -0.21058867 0.12320561 0.12838030
v -0.23036967 0.12478001 0.14615194
v -0.23206442 0.12878513 0.15464264
v -0.24309354 0.14099321 0.23454789
v -0.18409882 0.14240870 0.25880072
v -0.10769782 0.13049861 -0.19487835
v -0.10177648 0.12812062 -0.18455165
v -0.06148968 0.14701397 -0.25574976
v -0.10707638 0.15757138 -0.29343003
v -0.24576252 0.13404383 -0.26859351
v -0.20351982 0.12896687 -0.23181108
v -0.15782594 0.12450855 -0.20367138
v -0.14496264 0.13073385 -0.20070116
v -0.13626110 0.13091748 0.16668725
v -0.23192569 0.13638173 0.19035328
v -0.24542581 0.13591054 0.22579759
v -0.24834332 0.14332608 0.22673579
v -0.20331867 0.14736308 0.26494932
v -0.07278827 0.14516576 0.23496574
v -0.06395760 0.14037926 0.22549851
v -0.07240035 0.14879893 -0.26892695
v -0.10159638 0.15067921 -0.30558586
v -0.16146115 0.15724112 -0.33834936
v -0.16458384 0.16341203 -0.34359117
v -0.18096723 0.15708226 -0.34722042
v -0.22582906 0.15023764 -0.30359856
v -0.24104004 0.14127818 -0.28738256
v -0.23384489 0.13470258 -0.25589942
v -0.18284602 0.12098316 -0.20441919
v -0.13863317 0.12778578 0.13959056
v -0.21203555 0.12589357 0.11937436
v -0.23722369 0.13117275 0.14306387
v -0.24099397 0.14019932 0.19491250
v -0.19352766 0.15219023 0.26136925
v -0.06306680 0.14394660 0.23030403
v -0.05681830 0.14627175 -0.22945462
v -0.05921912 0.15088883 -0.24687748
v -0.20974763 0.15587444 -0.34062410
v -0.20079108 0.12585186 -0.22675088
v -0.14981827 0.13229152 -0.20428237
v -0.13465801 0.13903070 0.17686429
v -0.25277852 0.14548080 0.20689580
v -0.25209285 0.14637862 0.21489757
v -0.20649001 0.15173759 0.26231188
v -0.15281926 0.13428273 -0.17068220
v -0.09353735 0.13694984 -0.18395029
v -0.08631302 0.13783982 -0.20222942
v -0.05273472 0.14382653 -0.24198433
v -0.08177188 0.15630245 -0.26320258
v -0.09615216 0.16009306 -0.28023774
v -0.13369354 0.15558653 -0.31354487
v -0.15259931 0.15776454 -0.32983464
v -0.24592932 0.14154977 -0.26610059
v -0.23897973 0.14145801 -0.25634857
v -0.21385608 0.13413218 -0.23857170
v -0.13154193 0.13322440 0.14000492
v -0.14296281 0.13541804 0.14249390
v -0.25134040 0.13734597 0.17736989
v -0.25828627 0.14461564 0.18601621
v -0.23672447 0.14348349 0.24036814
v -0.13525004 0.15367120 0.24655323
v -0.21935670 0.15125021 -0.32365567
v -0.21759340 0.15742075 -0.30642656
v -0.23632734 0.14598427 -0.29033259
v -0.22231753 0.13933965 -0.22916669
v -0.18845201 0.13578571 -0.22020388
v -0.18168212 0.13134045 -0.20981902
v -0.17708055 0.13475685 -0.20691954
v -0.16629519 0.13292817 -0.20287743
v -0.12107943 0.14148384 0.14800489
v -0.19224339 0.13455521 0.13591800
v -0.25050566 0.13944216 0.14632595
v -0.24857860 0.13525087 0.15150766
v -0.25719008 0.14920681 0.20637130
v -0.25395260 0.15729082 0.21150803
v -0.22747304 0.14226206 -0.23211676
v -0.16011917 0.13414191 -0.18141085
v -0.11792412 0.13940082 -0.15970106
v -0.10293787 0.13588935 -0.17010736
v -0.08091559 0.14476675 -0.21619064
v -0.08442783 0.15661700 -0.21122344
v -0.06085574 0.15524503 -0.22180066
v -0.05572358 0.15844192 -0.23995514
v -0.15306487 0.17288333 -0.33684079
v -0.16083427 0.13220100 0.14106676
v -0.21212545 0.13663513 0.12934117
v -0.10877645 0.15050780 0.23828464
v -0.09740246 0.15626279 0.23702646
v -0.18633040 0.16576464 -0.34212271
v -0.13710514 0.13554885 -0.16458151
v -0.08420233 0.16409506 -0.26148664
v -0.11193580 0.16233239 -0.28870432
v -0.12887000 0.14977978 0.18136500
v -0.12199735 0.13827310 0.15583320
v -0.12499088 0.13710218 0.13894657
v -0.13148500 0.14088030 0.13084671
v -0.24545014 0.14729341 0.14401199
v -0.07104198 0.17064645 0.23061340
v -0.06707020 0.16949551 0.22502500
v -0.06426077 0.15783394 0.22146255
v -0.21792765 0.16533150 -0.32617736
v -0.23659807 0.14927841 -0.26712612
v -0.22155256 0.14786192 -0.22444212
v -0.11831953 0.14414141 -0.15639712
v -0.10240893 0.14248908 -0.16560540
v -0.08970715 0.16181301 -0.20291900
v -0.13151961 0.14595294 0.17471820
v -0.13977892 0.13920756 0.13839027
v -0.19325482 0.15996943 0.26255943
v -0.17178844 0.16619983 0.26474090
v -0.15043566 0.15848737 0.25371117
v -0.06530140 0.15938639 0.21102196
v -0.16801457 0.16615126 -0.34495751
v -0.23804180 0.14724296 -0.25972587
v -0.17596646 0.13936591 -0.18027730
v -0.16422255 0.14136681 -0.16997113
v -0.09923304 0.15193023 -0.16992047
v -0.10108017 0.16391067 -0.27741350
v -0.13255797 0.16476195 -0.30762024
v -0.14609095 0.16773704 -0.32689297
v -0.18536855 0.14231694 0.13795950
v -0.22015166 0.13524851 0.12648164
v -0.23278660 0.13456909 0.13341454
v -0.22137473 0.16276827 0.24586147
v -0.08533038 0.16277668 0.23712489
v -0.25647779 0.14244956 0.16445908
v -0.24680970 0.15482081 0.22809554
v -0.23751804 0.15893509 0.23574632
v -0.19719360 0.17106955 0.25630486
v -0.13205975 0.14931125 0.12423263
v -0.15602058 0.14763032 0.13633288
v -0.22179708 0.14562711 0.13998319
v -0.21718740 0.16289559 -0.30641801
v -0.21747710 0.14495371 -0.21173854
v -0.13786881 0.14631472 -0.16120086
v -0.16723214 0.17469819 -0.33897846
v -0.19752125 0.17102565 -0.34125398
v -0.21949771 0.15586612 -0.26593353
v -0.19093157 0.14368962 -0.18592147
v -0.11598280 0.14714589 -0.15560638
v -0.09478780 0.15724075 0.17545639
v -0.12113293 0.15534382 0.16957550
v -0.11419160 0.16307143 0.15575679
v -0.16052365 0.14066545 0.14059878
v -0.20326743 0.14383354 0.13901360
v -0.07640011 0.16578357 0.23464384
v -0.07726884 0.15737552 0.18834488
v -0.22061006 0.16980535 -0.30165624
v -0.21883409 0.16057910 -0.25815730
v -0.20071203 0.14991451 -0.19329219
v -0.16189120 0.14762983 -0.16761034
v -0.06081938 0.16357063 -0.21724324
v -0.05373696 0.16067605 -0.23193241
v -0.06027434 0.16318183 -0.24357528
v -0.13795893 0.16311334 -0.31446606
v -0.11037580 0.15913900 0.17054095
v -0.11472919 0.16111821 0.16414713
v -0.11810120 0.15176997 0.15120983
v -0.12358974 0.15207847 0.13988061
v -0.21546417 0.15122389 0.14366801
v -0.09729149 0.17290872 0.23802306
v -0.06854717 0.15387814 0.20480989
v -0.20682778 0.16871592 -0.34075758
v -0.21922727 0.15555809 -0.23964180
v -0.18319824 0.15125664 -0.17704182
v -0.15478148 0.15426622 -0.16674381
v -0.12445481 0.15310577 -0.15631348
v -0.10432202 0.15664225 -0.16004042
v -0.11359113 0.16994612 -0.29073137
v -0.08780385 0.16264376 0.17257636
v -0.17575812 0.15422663 0.13479499
v -0.23595835 0.16798149 0.23443408
v -0.21262599 0.17053304 0.24584933
v -0.16111605 0.17038481 0.26226112
v -0.11960135 0.17942177 0.24178397
v -0.21389239 0.16762516 -0.33488707
v -0.21763083 0.16248397 -0.27201486
v -0.22054571 0.16377412 -0.23682271
v -0.21818292 0.16032903 -0.22176400
v -0.06845496 0.17335771 -0.24657679
v -0.15829490 0.18093391 -0.33734934
v -0.16101423 0.15940868 0.12558153
v -0.25927446 0.15872454 0.18504921
v -0.13680384 0.17080944 0.24852199
v -0.22080433 0.17468927 -0.31967982
v -0.21549062 0.15322652 -0.20915156
v -0.08227847 0.16548182 -0.20923835
v -0.11583896 0.16277256 0.13353030
v -0.14070013 0.15078363 0.12084175
v -0.08270782 0.17682489 0.23546603
v -0.19028880 0.17930765 -0.34015932
v -0.22713204 0.17269852 -0.26748382
v -0.21302935 0.16219750 -0.21334918
v -0.10033175 0.16722042 -0.16653934
v -0.12176932 0.17533762 -0.30029207
v -0.15049717 0.18456547 -0.33332022
v -0.17057767 0.18143956 -0.34033786
v -0.25807607 0.16101935 0.15005855
v -0.06964286 0.17876125 0.19997098
v -0.07703407 0.16724056 0.18279109
v -0.11586392 0.17163574 0.11959264
v -0.25002006 0.15774779 0.14281218
v -0.18013309 0.17385674 0.26365092
v -0.08945663 0.16908702 0.16330402
v -0.06225911 0.17366192 -0.21179454
v -0.10539306 0.17131039 -0.28082485
v -0.22525523 0.17577238 -0.29331712
v -0.21192295 0.19154283 -0.33078007
v -0.21835720 0.16770810 -0.22791193
v -0.19472499 0.16261838 -0.19675595
v -0.17520542 0.16189055 -0.17392272
v -0.10929780 0.18006275 -0.28786415
v -0.13496898 0.17973167 -0.31413478
v -0.14426489 0.18009064 -0.32653531
v -0.13884565 0.15651134 0.11471539
v -0.19218390 0.15808832 0.13502739
v -0.20446953 0.16427163 0.13624094
v -0.22357393 0.15735130 0.14313389
v -0.22593798 0.17819892 0.23923054
v -0.17533425 0.18216065 0.26535484
v -0.10613781 0.16877428 0.15443343
v -0.17669607 0.16381871 0.12872476
v -0.26178572 0.16646797 0.16442602
v -0.25429725 0.16756058 0.19718877
v -0.05567040 0.16176989 -0.22517984
v -0.22781117 0.18050323 -0.26530345
v -0.09637308 0.16679882 -0.18470960
v -0.13173563 0.16372909 0.11016126
v -0.15488577 0.16275427 0.11608651
v -0.08094333 0.19014653 0.23448722
v -0.07735637 0.18461999 0.17954600
v -0.08387289 0.17781535 -0.25636125
v -0.16045354 0.18782126 -0.33697136
v -0.17440646 0.18735606 -0.34303981
v -0.22605717 0.18169384 -0.30254839
v -0.20723207 0.17517226 -0.22095180
v -0.13560718 0.15500907 -0.16119231
v -0.20340062 0.19106136 -0.33819535
v -0.21934555 0.18350015 -0.32180989
v -0.22996997 0.16799029 0.13386303
v -0.23727694 0.18656607 0.22728548
v -0.13417786 0.19331377 0.24755157
v -0.23075289 0.18546210 -0.27737260
v -0.18787024 0.16334203 -0.18382130
v -0.07727286 0.18436761 -0.24714228
v -0.09565333 0.16902473 -0.26874355
v -0.13631559 0.19469169 -0.32467141
v -0.14611812 0.19037847 -0.32900202
v -0.10902207 0.17614695 0.13229698
v -0.14547620 0.16654322 0.10650810
v -0.26029017 0.17076663 0.17585981
v -0.25032582 0.18179071 0.19629924
v -0.23360035 0.18396763 0.23280103
v -0.20615951 0.18108009 0.25077705
v -0.18847880 0.18793470 0.25996059
v -0.06854930 0.18287418 0.20855634
v -0.09629115 0.17936043 0.14502671
v -0.21330465 0.19716833 -0.32416569
v -0.19641687 0.17081629 -0.20045947
v -0.18170752 0.16272809 -0.17727240
v -0.16003889 0.18184889 -0.17474668
v -0.13897108 0.16874943 -0.16398100
v -0.09281250 0.18367938 -0.19811881
v -0.08888142 0.17912653 -0.20405665
v -0.05572252 0.18204758 -0.22406626
v -0.06297291 0.18167427 -0.23429049
v -0.08360490 0.18857413 -0.25426393
v -0.19800347 0.16890661 0.13057280
v -0.10780154 0.20250846 0.24098941
v -0.24985839 0.16591898 0.13932945
v -0.16250709 0.18402677 0.26527105
v -0.09030813 0.19479627 -0.26424616
v -0.10333359 0.18761199 -0.28132832
v -0.11251994 0.19242839 -0.30031289
v -0.18287342 0.18404381 -0.18136469
v -0.13387005 0.17138454 -0.16100146
v -0.11972219 0.16602195 -0.15408324
v -0.11095782 0.18293750 0.11736121
v -0.12609585 0.17589355 0.10643473
v -0.17209901 0.17306346 0.10879396
v -0.26048153 0.17628127 0.16421343
v -0.14781966 0.18093285 0.25552884
v -0.11377062 0.18546638 0.23979526
v -0.07201322 0.18769891 0.22584033
v -0.08134343 0.18712644 0.16859911
v -0.08927687 0.18559710 0.15198451
v -0.05825244 0.18793586 -0.22440061
v -0.12476689 0.18845191 -0.31112665
v -0.15352086 0.19590107 -0.33185326
v -0.16616615 0.19264905 -0.34191199
v -0.23001667 0.19129385 -0.27871790
v -0.21766349 0.18222263 -0.24285703
v -0.13974772 0.17832556 -0.16297315
v -0.22286447 0.19247675 -0.30255283
v -0.22997048 0.19688077 -0.25961875
v -0.19820086 0.17990324 -0.19553780
v -0.05490021 0.17741494 -0.21244601
v -0.10419600 0.18433989 0.12703347
v -0.20177330 0.17793278 0.11484292
v -0.23915792 0.17931899 0.12775988
v -0.24623930 0.18881913 0.18777847
v -0.23850879 0.19046153 0.21795195
v -0.20912891 0.19385113 0.25284768
v -0.07459937 0.20559714 0.22241828
v -0.20030038 0.20167662 -0.33840293
v -0.07357892 0.18010429 -0.20916105
v -0.17190134 0.17846604 0.10156644
v -0.21805926 0.17616014 0.12289269
v -0.25715234 0.18651011 0.16260291
v -0.14609649 0.20443986 0.25355653
v -0.07046301 0.19422681 0.21208054
v -0.07424822 0.18980745 0.18779358
v -0.09464566 0.19870908 0.13117417
v -0.20703810 0.20309118 -0.30572906
v -0.22787504 0.19941076 -0.27221245
v -0.22757306 0.19470115 -0.24766382
v -0.20996502 0.18461756 -0.22927780
v -0.10540234 0.17967382 -0.15601873
v -0.05346848 0.18368716 -0.21752449
v -0.09917036 0.19588604 -0.27855108
v -0.09863633 0.18741727 0.13076574
v -0.26099257 0.17531327 0.15271122
v -0.23033182 0.19516678 0.23272950
v -0.16109203 0.19934948 0.26450948
v -0.12149361 0.19363530 0.24159737
v -0.20966078 0.19056998 -0.21334919
v -0.12228288 0.17867935 -0.15003373
v -0.11355272 0.18019036 -0.14949259
v -0.05110551 0.20021129 -0.21242888
v -0.16237816 0.18260121 0.09440955
v -0.24946392 0.18726199 0.17861568
v -0.23664298 0.19596991 0.20621842
v -0.21407278 0.19394765 0.25035345
v -0.17697415 0.19838449 0.26407526
v -0.08008248 0.20767912 0.23014527
v -0.19180832 0.18323177 -0.18634889
v -0.13189793 0.18422986 -0.15169457
v -0.14277835 0.20548556 -0.33269727
v -0.21118175 0.18256279 0.11302812
v -0.07874687 0.21064785 0.17416392
v -0.17230453 0.20303325 -0.34552107
v -0.21755421 0.20200138 -0.28747724
v -0.22170802 0.20892286 -0.27220915
v -0.06868083 0.19305407 -0.20468848
v -0.06797117 0.19375409 -0.23678559
v -0.08279146 0.20151771 -0.25875872
v -0.10361523 0.20811611 -0.29358801
v -0.13120384 0.20556818 -0.32575532
v -0.09679237 0.20223202 0.12461781
v -0.25263279 0.17571546 0.13810108
v -0.24842068 0.19550312 0.18166232
v -0.17299045 0.20453101 0.26532672
v -0.08851839 0.20797119 0.14674166
v -0.19894803 0.21155305 -0.32853682
v -0.11882289 0.19102063 -0.14520709
v -0.11779182 0.19977068 -0.31273919
v -0.11931191 0.18976289 0.10756060
v -0.24177012 0.19702864 0.19074204
v -0.20949855 0.20086320 0.25019563
v -0.16030938 0.21097001 -0.34737571
v -0.18676573 0.22016569 -0.33519962
v -0.20749589 0.19276690 -0.20481579
v -0.15527362 0.18743709 -0.17222729
v -0.10209781 0.19358284 -0.16400718
v -0.07731093 0.20525982 -0.20043147
v -0.05289932 0.20035705 -0.22834826
v -0.07452324 0.20424360 -0.25118930
v -0.14138987 0.18705889 0.09461379
v -0.22201774 0.20485189 0.23116477
v -0.08945153 0.19882935 0.23852962
v -0.22804552 0.20804149 -0.24319575
v -0.15108063 0.20268534 -0.16506066
v -0.14876208 0.18250780 0.09348550
v -0.25724071 0.19118938 0.14726419
v -0.10774863 0.19316883 0.11650110
v -0.18137461 0.19141971 0.09286827
v -0.21360068 0.18892611 0.10850713
v -0.25758587 0.19661753 0.16908339
v -0.23199171 0.20870702 0.21106579
v -0.20077418 0.20381531 0.25680828
v -0.16483936 0.20838676 0.26494084
v -0.07271563 0.20636304 0.21700594
v -0.08464663 0.20735969 0.15931365
v -0.14979034 0.20955681 -0.34471530
v -0.17706306 0.22070818 -0.34037497
v -0.19784636 0.21385309 -0.31286223
v -0.22211610 0.19974410 -0.22983279
v -0.08458433 0.19552958 -0.20224314
v -0.06271457 0.19209480 -0.20557715
v -0.10467208 0.20676939 -0.15513894
v -0.09549920 0.20337742 -0.18942677
v -0.09236480 0.20456864 -0.27412490
v -0.12471722 0.21313911 -0.32381982
v -0.22972517 0.20510730 0.21950889
v -0.07385259 0.20815916 0.19303664
v -0.16115203 0.22156714 -0.34531572
v -0.21153085 0.20735796 -0.29412151
v -0.22879433 0.20461070 -0.25914851
v -0.19024270 0.19915906 -0.19118645
v -0.10983158 0.19485149 -0.14876754
v -0.13629972 0.21690050 -0.34071100
v -0.24437374 0.19695601 0.12768065
v -0.23999514 0.21264830 0.19670016
v -0.09721229 0.21667676 0.24006407
v -0.09897584 0.18753582 -0.18174118
v -0.04798776 0.21202663 -0.22318405
v -0.05092124 0.21090919 -0.23339913
v -0.11844813 0.21595897 -0.31926156
v -0.22872836 0.19302215 0.11457326
v -0.16012811 0.22195737 0.26159568
v -0.12812649 0.22165832 0.24489039
v -0.07700087 0.21293259 0.18051900
v -0.20351574 0.21134395 -0.30622296
v -0.21651479 0.21749647 -0.27812977
v -0.20368569 0.20264915 -0.20121159
v -0.05638960 0.19879427 -0.20510563
v -0.06059224 0.21198480 -0.24471947
v -0.08717461 0.22021217 -0.28376799
v -0.10721821 0.21569568 -0.30202972
v -0.25816861 0.19629040 0.15850700
v -0.22590917 0.21774231 0.21831615
v -0.21630999 0.21993765 0.23064462
v -0.12089831 0.22163908 0.24240981
v -0.09611884 0.21972101 0.12321829
v -0.22462960 0.22491684 -0.24970379
v -0.22434757 0.21303919 -0.22833655
v -0.21282727 0.20597512 -0.21122486
v -0.16267758 0.19996625 -0.17675654
v -0.12877761 0.20280666 -0.14331557
v -0.09696031 0.22084454 -0.17707375
v -0.04811972 0.21723781 -0.21015073
v -0.14781565 0.20032512 0.08530748
v -0.19832764 0.20024406 0.09542924
v -0.25264428 0.20477948 0.15019951
v -0.07355348 0.21538674 0.20256100
v -0.18798637 0.21279655 -0.19944256
v -0.17506333 0.20378046 -0.18721937
v -0.13569567 0.22444268 -0.34344787
v -0.10160490 0.22290974 0.11433038
v -0.13418865 0.20466767 0.09329874
v -0.23819972 0.20685243 0.12228101
v -0.19757414 0.22046017 0.25375199
v -0.08674729 0.21933341 0.23644336
v -0.20557130 0.22607855 -0.30202058
v -0.21010163 0.22113369 -0.29760744
v -0.13828294 0.19931342 -0.15006436
v -0.06869053 0.22647370 -0.19196558
v -0.05433435 0.20785404 -0.20386774
v -0.11056065 0.20549766 0.11236390
v -0.17857895 0.20406272 0.08416658
v -0.23376548 0.22147684 0.20261051
v -0.21026929 0.21656428 0.24647115
v -0.07631510 0.23082511 0.21763778
v -0.18042839 0.23248046 -0.33040827
v -0.22272552 0.22392321 -0.22756226
v -0.08741981 0.21169036 -0.19374430
v -0.06831196 0.22713675 -0.26726378
v -0.16918933 0.21299532 0.07896063
v -0.23080957 0.19986695 0.11350578
v -0.22487676 0.21396415 0.10707430
v -0.25966465 0.21819938 0.17534062
v -0.10764345 0.22577336 0.24076511
v -0.07788487 0.22439511 0.22441658
v -0.14535810 0.22408102 -0.34787657
v -0.22641244 0.22632198 -0.23660182
v -0.11353603 0.20887482 -0.14463794
v -0.08024591 0.21800410 -0.19487847
v -0.06210722 0.22252506 -0.25519589
v -0.07419354 0.23239275 -0.28048111
v -0.20590979 0.20617770 0.09644240
v -0.25680266 0.20668386 0.18101635
v -0.25381997 0.21507416 0.18735455
v -0.17568586 0.22106090 0.26307781
v -0.17391025 0.23477151 0.26269249
v -0.11540733 0.20603277 -0.14322058
v -0.11552154 0.22298981 -0.31961647
v -0.25634416 0.21188279 0.15997437
v -0.16354227 0.23217123 0.26139358
v -0.07476963 0.22723682 0.19264140
v -0.16444179 0.23403190 -0.34145509
v -0.18604818 0.23653915 -0.31631010
v -0.21333733 0.22331423 -0.21842185
v -0.18670985 0.22168616 -0.20024875
v -0.16155310 0.21047655 -0.17314745
v -0.18876990 0.23265184 -0.19841094
v -0.06145677 0.22235718 -0.19497114
v -0.04592505 0.22411686 -0.23367767
v -0.09852178 0.21232780 -0.28862533
v -0.13502836 0.23223782 -0.34579944
v -0.14521039 0.22529728 0.25339815
v -0.07335964 0.21562268 0.21001161
v -0.07561188 0.23409557 0.17809444
v -0.24938458 0.23666575 0.19760040
v -0.17383140 0.24002303 -0.32681943
v -0.19904770 0.24215959 -0.30764771
v -0.09767979 0.23908992 -0.30805973
v -0.12047824 0.23659142 -0.33404846
v -0.17687890 0.22535876 0.07448660
v -0.22263484 0.22844045 0.22082781
v -0.20512872 0.23115249 0.24089529
v -0.18885340 0.23534804 0.25816543
v -0.07988076 0.22440747 0.16278443
v -0.14577985 0.24507583 -0.34738642
v -0.21119407 0.24641778 -0.29153364
v -0.21443651 0.23728027 -0.28503452
v -0.15242345 0.22130998 -0.15398430
v -0.05047761 0.22734436 -0.24435694
v -0.06178420 0.23288758 -0.26340677
v -0.11039975 0.23722474 -0.32228971
v -0.13675358 0.21987194 0.08845709
v -0.24122046 0.21755383 0.12985034
v -0.07936155 0.24541884 0.22364761
v -0.08627549 0.23466982 0.13949511
v -0.09195708 0.22363431 0.13244800
v -0.20073417 0.22822215 -0.21309088
v -0.09331208 0.22315792 -0.18411051
v -0.18578212 0.21735128 0.08013955
v -0.23225175 0.22238998 0.11506343
v -0.25434523 0.23309736 0.15781176
v -0.05800023 0.23359622 -0.19092168
v -0.06494242 0.24205176 -0.27475742
v -0.12297627 0.21985184 0.09713028
v -0.25959278 0.23235718 0.17652548
v -0.23425924 0.25051199 0.21015763
v -0.14491376 0.24094994 0.24999967
v -0.08688093 0.23605498 0.23476353
v -0.07570850 0.23727525 0.20506596
v -0.20581076 0.24613134 -0.30105718
v -0.22604912 0.24213331 -0.25405804
v -0.19613116 0.23297516 -0.20830030
v -0.13032199 0.22506590 -0.13690675
v -0.11988652 0.21896404 -0.13794845
v -0.10742855 0.21868960 -0.14701408
v -0.10022884 0.22305207 -0.16137136
v -0.03929041 0.24933626 -0.23895527
v -0.04914502 0.24261188 -0.25489280
v -0.08443803 0.24102533 -0.29375009
v -0.15758559 0.22238243 0.07912502
v -0.13626851 0.22745429 -0.13832806
v -0.11179650 0.24687449 -0.13615757
v -0.09251766 0.24278507 -0.30420360
v -0.11075759 0.23504926 0.10144576
v -0.16905335 0.22951258 0.07350420
v -0.22803273 0.24059075 0.21381914
v -0.21007497 0.24400246 0.23874995
v -0.15589425 0.24621470 -0.34362374
v -0.16516889 0.22615138 -0.16821620
v -0.05191231 0.22631107 -0.20085220
v -0.04395944 0.23500316 -0.24063348
v -0.09690673 0.24234796 0.11859389
v -0.18986470 0.22280698 0.08147128
v -0.22285394 0.22927460 0.10627209
v -0.13216356 0.24111809 0.24410028
v -0.08242035 0.23885516 0.23015968
v -0.07757320 0.25287232 0.20852086
v -0.16963312 0.25101729 -0.33074500
v -0.22687988 0.23711530 -0.24241758
v -0.20693366 0.25068495 -0.22073605
v -0.09310970 0.23770608 -0.17567403
v -0.04011275 0.24286880 -0.22969088
v -0.05563915 0.24103575 -0.26336049
v -0.16488373 0.23950381 0.07375277
v -0.24110693 0.23572670 0.12610159
v -0.19437378 0.24486216 0.25282228
v -0.16203090 0.24584389 0.25940100
v -0.12090730 0.25414429 0.24441067
v -0.07605154 0.23274668 0.17131380
v -0.14733542 0.25360615 -0.34350690
v -0.10024556 0.25155322 -0.14394965
v -0.13670512 0.24727732 -0.34503575
v -0.10519289 0.25022631 0.10217106
v -0.18697582 0.23157906 0.08064276
v -0.17893628 0.24787027 0.25908578
v -0.10335820 0.24259952 0.23893068
v -0.07570804 0.23983818 0.17969922
v -0.19851753 0.24095729 -0.20949869
v -0.12317628 0.25272136 -0.33682426
v -0.13409253 0.24426704 0.08763082
v -0.21621388 0.25214048 0.23188573
v -0.08392514 0.23323685 0.14700267
v -0.18348753 0.25602183 -0.32224944
v -0.18928360 0.24170482 -0.18891584
v -0.17047317 0.23846222 -0.16535773
v -0.13879374 0.22058055 -0.14189765
v -0.10676095 0.23443247 -0.14299955
v -0.07914671 0.23013843 -0.19023950
v -0.07361856 0.25008831 -0.28916940
v -0.19750289 0.22655770 0.08770697
v -0.23197121 0.24445770 0.11668321
v -0.25848072 0.23685415 0.18787971
v -0.17287961 0.26093007 0.25828530
v -0.07482823 0.27083545 0.19276996
v -0.07060063 0.27174039 0.15675193
v -0.22436918 0.25610584 -0.26169684
v -0.20521800 0.26275537 -0.21948971
v -0.15498627 0.23373094 -0.14952730
v -0.12528011 0.23140040 -0.13549365
v -0.11282468 0.24829839 -0.33037197
v -0.17650834 0.23974730 0.07204150
v -0.21455605 0.24773818 0.10786021
v -0.22984371 0.26033071 0.21564462
v -0.13581977 0.26113597 0.24581714
v -0.07491670 0.24735960 0.16070943
v -0.16027478 0.25631257 -0.33644932
v -0.22599474 0.26092690 -0.24777164
v -0.08796275 0.25071176 -0.17686584
v -0.24099804 0.24806932 0.12509653
v -0.25817323 0.24625123 0.17424271
v -0.09242343 0.24220083 0.23806992
v -0.22012775 0.24228792 -0.22925030
v -0.09660297 0.24298847 -0.16048847
v -0.07607917 0.24627852 -0.18238023
v -0.18617522 0.23876542 0.07903249
v -0.25015742 0.23663962 0.14547016
v -0.08239803 0.26369486 0.22781172
v -0.08881457 0.24768916 0.13188753
v -0.19107131 0.26261344 -0.31329654
v -0.19386462 0.25687203 -0.18979462
v -0.08634271 0.25888894 -0.30970599
v -0.10026386 0.25432373 -0.32192878
v -0.13275735 0.25717525 -0.34541276
v -0.14995359 0.25540088 0.08008696
v -0.16741930 0.26525220 0.25656725
v -0.15091261 0.25786272 0.25038320
v -0.07571651 0.27970205 0.20774874
v -0.07816858 0.25833285 0.14778469
v -0.20236343 0.26107858 -0.30055305
v -0.21500730 0.26044559 -0.28085929
v -0.04935039 0.25636549 -0.26700952
v -0.05676475 0.25751830 -0.27918495
v -0.20430390 0.25314323 0.09999930
v -0.20493367 0.24464200 0.09985923
v -0.07515653 0.26157322 0.19197901
v -0.11107997 0.24658653 0.09768738
v -0.25597803 0.24730975 0.19311564
v -0.20752174 0.27500982 0.23698444
v -0.10605998 0.28054909 0.23511399
v -0.07827184 0.25170944 0.21580769
v -0.06743785 0.27623031 0.17077703
v -0.10061865 0.25227631 0.10988561
v -0.04215694 0.25809412 -0.25323535
v -0.05695744 0.26661890 -0.28407251
v -0.07443876 0.25751241 -0.29373988
v -0.14128072 0.26726382 -0.34296474
v -0.16247815 0.26985419 -0.33288894
v -0.16888718 0.25565862 -0.15368377
v -0.14570938 0.25288156 -0.13742941
v -0.06563394 0.27077549 -0.29414487
v -0.10318650 0.26571471 -0.32752137
v -0.12133142 0.26398578 -0.33878569
v -0.13568515 0.27577998 -0.34262535
v -0.12453856 0.24207018 0.09250973
v -0.08754863 0.25998061 0.13530412
v -0.04601550 0.24859711 -0.20029560
v -0.08782269 0.26778436 -0.31641047
v -0.19150002 0.25215226 0.08011106
v -0.21590669 0.27175439 0.23166387
v -0.14771156 0.28276283 0.24890764
v -0.07967258 0.25869621 0.22260084
v -0.22089133 0.27047405 -0.26833243
v -0.21859938 0.27078159 -0.23901459
v -0.13328630 0.26657110 -0.13041692
v -0.12220934 0.26452632 -0.13016028
v -0.09131860 0.25246788 -0.17121580
v -0.06897925 0.25472992 -0.17909747
v -0.04303169 0.27402075 -0.26733331
v -0.11380588 0.26339904 -0.33444681
v -0.18873893 0.26119372 0.07316591
v -0.25724656 0.25755643 0.15201645
v -0.26135963 0.26492867 0.17642917
v -0.25333705 0.26191672 0.19625812
v -0.18593826 0.26451258 0.25339591
v -0.06530494 0.28633905 0.17539563
v -0.09660813 0.26224054 0.11926427
v -0.14904808 0.27400677 -0.34082000
v -0.20919819 0.27930835 -0.21203942
v -0.10457275 0.25083976 -0.13975408
v -0.05195394 0.26654879 -0.18445802
v -0.04302760 0.24541976 -0.20819177
v -0.16904099 0.27706910 0.07273262
v -0.07141550 0.26992090 0.18347971
v -0.10109464 0.26834681 0.10563410
v -0.17803595 0.26587434 -0.32418164
v -0.07733825 0.25763213 -0.17817981
v -0.05701071 0.25167644 -0.18455298
v -0.04126448 0.24567441 -0.21505330
v -0.03864915 0.25018769 -0.22444946
v -0.24597047 0.25741808 0.20329653
v -0.09003344 0.27115278 0.13383188
v -0.20946016 0.27502808 -0.28367279
v -0.22246910 0.28276178 -0.26535803
v -0.21707078 0.27742829 -0.23585574
v -0.12640090 0.25382169 0.08947010
v -0.22552354 0.26856454 0.11866209
v -0.18205088 0.27974119 0.25121329
v -0.12318964 0.27350730 0.24399258
v -0.08801793 0.26561080 0.23407169
v -0.06892292 0.27106379 0.16229309
v -0.07752892 0.26555518 -0.30498922
v -0.08104613 0.28313888 -0.31621834
v -0.10801792 0.27689577 -0.33226692
v -0.25305826 0.27436893 0.14765532
v -0.07800527 0.28535805 0.21945458
v -0.10611873 0.26965951 0.09440780
v -0.13859037 0.28483161 -0.34194316
v -0.22634519 0.26261379 0.12250419
v -0.25107856 0.25217529 0.13788292
v -0.08622121 0.28980926 0.23069245
v -0.19134642 0.28195260 -0.30369662
v -0.19619644 0.29255492 -0.29567420
v -0.22277641 0.28963729 -0.24264940
v -0.04091046 0.26894602 -0.20294419
v -0.03386727 0.27837213 -0.25045616
v -0.06319026 0.28365398 -0.29799320
v -0.20209568 0.25614786 0.09506136
v -0.26296259 0.28259731 0.17762581
v -0.07299834 0.28301569 0.19089109
v -0.22596244 0.27596275 -0.25565368
v -0.17358169 0.25130281 0.07157290
v -0.17858168 0.27782676 0.07089505
v -0.20134423 0.27071317 0.07902453
v -0.16075786 0.28812869 0.25184997
v -0.15652819 0.28525955 -0.33355882
v -0.19972005 0.27729888 -0.18978815
v -0.08876056 0.26776671 -0.16783130
v -0.10869296 0.29188035 -0.33334475
v -0.13192015 0.28969963 -0.33978996
v -0.09879209 0.27768955 0.11882444
v -0.10853969 0.28221900 0.08872346
v -0.11766076 0.27398087 0.08485063
v -0.25395944 0.28557356 0.19456281
v -0.07087574 0.28254294 0.15337157
v -0.11579290 0.28582787 -0.12870310
v -0.08910439 0.27475375 -0.16442901
v -0.04858840 0.27464442 -0.27836524
v -0.09390783 0.28515379 0.13396298
v -0.22501294 0.27808714 0.10475419
v -0.24701806 0.28564786 0.14591958
v -0.06329067 0.29580151 0.16081701
v -0.15349569 0.29323125 -0.33370086
v -0.20147909 0.29849995 -0.18378917
v -0.03263937 0.28032285 -0.22170858
v -0.03076337 0.28161242 -0.23464110
v -0.03312066 0.27275637 -0.24146955
v -0.07984975 0.28904170 -0.31577098
v -0.09821433 0.28389810 -0.32654409
v -0.13508819 0.27597939 0.08481280
v -0.25953633 0.28307241 0.15937367
v -0.11247336 0.27932217 0.23802267
v -0.05907683 0.30437129 0.16580076
v -0.14362475 0.29403108 -0.33780503
v -0.19594160 0.30853626 -0.29378352
v -0.10274248 0.27679939 -0.13494864
v -0.09610237 0.27091815 -0.14357985
v -0.06609636 0.25626687 -0.17901675
v -0.05825868 0.27286908 -0.17547518
v -0.03974415 0.28564381 -0.27001797
v -0.06592866 0.30114228 0.15582178
v -0.24393153 0.27705407 0.14228815
v -0.09413787 0.27478079 0.23443235
v -0.21054016 0.28894625 -0.21364735
v -0.18393446 0.26349516 -0.16643706
v -0.04641631 0.28820994 -0.28382964
v -0.07758646 0.28679793 0.14720470
v -0.13207237 0.29348700 0.08265251
v -0.25807612 0.30101462 0.18996997
v -0.23145450 0.28331987 0.21506160
v -0.16113402 0.27567232 -0.14189339
v -0.12716099 0.26724225 -0.12925986
v -0.07386950 0.27924387 -0.17054620
v -0.05064808 0.28702141 -0.17745579
v -0.07205627 0.28953633 -0.30954430
v -0.09712309 0.29760767 0.12506217
v -0.10228587 0.28098496 0.09920317
v -0.17352989 0.29480069 -0.31532531
v -0.14826654 0.27106408 -0.13437270
v -0.14176268 0.27525318 -0.13122276
v -0.04510383 0.29267492 -0.18495091
v -0.09082914 0.29248692 -0.32241125
v -0.09379501 0.29593134 0.13441040
v -0.09981105 0.29428928 0.11251847
v -0.11810821 0.28882106 0.08153205
v -0.20272454 0.29052385 0.07449832
v -0.26382777 0.28547608 0.17076062
v -0.15537309 0.30139723 0.24909956
v -0.06585263 0.29125847 0.18108656
v -0.03344869 0.28997844 -0.25937031
v -0.15006047 0.28803874 0.07910220
v -0.24294824 0.28671632 0.13646798
v -0.13316556 0.28775812 0.24808013
v -0.22166155 0.29816499 -0.26427321
v -0.03570564 0.28269700 -0.20873765
v -0.02883913 0.29377008 -0.24591753
v -0.22439122 0.29314479 -0.25413538
v -0.12617341 0.29223091 -0.12593833
v -0.04054937 0.29817122 -0.28114314
v -0.09483573 0.29994162 -0.32589247
v -0.12999071 0.30930440 -0.33603229
v -0.09565555 0.30479257 0.11646938
v -0.18953959 0.30413607 0.24212590
v -0.09298860 0.30118255 0.23357714
v -0.07187918 0.30570645 0.19687295
v -0.24650914 0.29248363 0.20176954
v -0.21373551 0.29583981 0.22942664
v -0.06864638 0.31570580 0.19732381
v -0.18520288 0.28732483 -0.16373449
v -0.05681479 0.28032483 -0.17396770
v -0.05449960 0.30583628 -0.30474707
v -0.10484095 0.30844822 -0.33052209
v -0.11900854 0.30249328 -0.33766409
v -0.13862276 0.30471260 0.08156806
v -0.18710641 0.27627801 0.07071143
v -0.21862843 0.29190506 0.08587791
v -0.22076980 0.28686110 0.09180855
v -0.25173274 0.30332062 0.14852176
v -0.05374292 0.31787113 0.17119340
v -0.21288696 0.30447710 -0.22327544
v -0.10055427 0.29231633 -0.13513299
v -0.01784455 0.33605781 -0.25293919
v -0.02538320 0.32027672 -0.26170112
v -0.08735967 0.30810671 0.14323809
v -0.10998924 0.29400691 0.08356638
v -0.12423803 0.29076666 0.08187046
v -0.25566276 0.30072418 0.16052666
v -0.23168538 0.31506010 0.21042550
v -0.10782889 0.30071372 0.23564864
v -0.20622980 0.29985576 -0.19787141
v -0.17105871 0.29177544 -0.14787287
v -0.14009651 0.30599597 -0.12728892
v -0.07360107 0.30335367 -0.16199333
v -0.02724907 0.30633519 -0.21655755
v -0.07586447 0.29930333 -0.31574001
v -0.06410462 0.31739047 0.15591770
v -0.14711683 0.30045840 0.08087017
v -0.19503457 0.29673070 0.24119678
v -0.17276305 0.29504050 0.25066031
v -0.05918558 0.31426820 0.18386245
v -0.15629972 0.30163156 -0.32790681
v -0.22125628 0.31753958 -0.25394587
v -0.21913031 0.31087706 -0.24109015
v -0.09010240 0.29668101 -0.14787427
v -0.07866286 0.29931726 -0.16107432
v -0.02510772 0.30361442 -0.22751378
v -0.02477647 0.31672959 -0.25729985
v -0.10316172 0.29224297 0.09457762
v -0.10623608 0.30444164 0.08584699
v -0.24150230 0.30803703 0.10511523
v -0.26063439 0.30607204 0.17145261
v -0.26155737 0.30655492 0.18127985
v -0.15986913 0.30701171 0.24902459
v -0.21843420 0.31946016 -0.26375027
v -0.02911711 0.31401839 -0.26637896
v -0.08632659 0.31957281 0.12268970
v -0.25007115 0.31660885 0.19723439
v -0.14845406 0.31934732 0.24809688
v -0.11997257 0.30235349 0.24212804
v -0.07581651 0.31168735 0.21221857
v -0.05833137 0.32025813 0.18411157
v -0.21523932 0.29976339 -0.27395951
v -0.21237163 0.32626605 -0.27226975
v -0.15406021 0.29610320 -0.13307686
v -0.05232618 0.31381167 -0.16503573
v -0.08277122 0.31837264 -0.32250944
v -0.08766438 0.31507371 0.13634234
v -0.17100549 0.31185785 0.07315603
v -0.24388548 0.30224073 0.11500807
v -0.25619914 0.32026436 0.19033855
v -0.08254712 0.30104968 0.22664871
v -0.07179572 0.32520452 0.20534497
v -0.14395007 0.31385772 -0.33159057
v -0.17009107 0.32239705 -0.31234369
v -0.18385371 0.32614776 -0.30048007
v -0.19920115 0.32764500 -0.28589758
v -0.20603450 0.31070293 -0.19082526
v -0.05256417 0.29560814 -0.17179097
v -0.03579901 0.29546036 -0.20247372
v -0.09302383 0.31632590 0.11181273
v -0.11712177 0.30865888 0.07705060
v -0.06537101 0.32755197 0.19344445
v -0.05354363 0.33233264 0.16110967
v -0.15222626 0.32398346 -0.32540820
v -0.13339219 0.29284108 -0.12668688
v -0.25307760 0.31259219 0.13205857
v -0.17606318 0.31447717 0.24404377
v -0.14478803 0.34584770 -0.32340467
v -0.19730641 0.35025713 -0.28387005
v -0.04573993 0.32139471 -0.17239381
v -0.04386402 0.31407820 -0.29502147
v -0.09314965 0.32023938 -0.32631141
v -0.12025807 0.32039167 -0.33094471
v -0.09864921 0.31020911 0.10523244
v -0.10300871 0.31984236 0.09023686
v -0.13523271 0.32044182 0.07997585
v -0.25751309 0.31579792 0.16430593
v -0.02579392 0.30078747 -0.23578334
v -0.13027450 0.32959477 0.24526361
v -0.10185058 0.32646084 0.23670946
v -0.05687689 0.32643919 0.17997128
v -0.08055825 0.31717721 0.14888828
v -0.21900405 0.34397070 -0.24584235
v -0.22001688 0.32519530 -0.23986748
v -0.18364514 0.31694800 -0.15849857
v -0.16350479 0.30284216 -0.13834922
v -0.08024215 0.32553684 -0.14966442
v -0.11020739 0.32066887 0.07728887
v -0.22001959 0.31618214 0.07903295
v -0.23255420 0.31776402 0.08972920
v -0.26089437 0.32312498 0.17516020
v -0.20563906 0.32175590 0.22945482
v -0.16355631 0.31993238 0.24743591
v -0.12092365 0.33854189 0.23916770
v -0.09014327 0.32499081 0.23368571
v -0.05418601 0.32077271 0.17729450
v -0.15299047 0.31472144 -0.13054154
v -0.11726532 0.31545979 -0.12574322
v -0.07942558 0.31170034 -0.15519091
v -0.05321086 0.32635496 -0.15986933
v -0.02679862 0.32748229 -0.26634672
v -0.06318385 0.31874879 -0.31668771
v -0.21461895 0.31337131 0.22488814
v -0.04977046 0.33211637 0.16681546
v -0.08635199 0.32783796 0.11264335
v -0.03856616 0.31316406 -0.18989782
v -0.02605579 0.32967896 -0.20620935
v -0.03671112 0.31878823 -0.28066623
v -0.05469560 0.33475294 -0.31153720
v -0.09283206 0.34097704 -0.32476504
v -0.13094201 0.34365261 -0.32787081
v -0.12490519 0.32867291 0.07473592
v -0.19973974 0.30899006 0.07197135
v -0.07787287 0.33212230 0.21975121
v -0.10620200 0.33092572 -0.12764149
v -0.07275203 0.32895390 -0.15349267
v -0.01320041 0.34517829 -0.23154593
v -0.15464144 0.34154236 0.24609972
v -0.08377520 0.33112715 0.22917654
v -0.06196497 0.30963894 -0.16212655
v -0.03299743 0.32318350 -0.19571524
v -0.01341947 0.34755126 -0.22420162
v -0.09533323 0.32790212 0.10357058
v -0.11595006 0.32916301 0.23798150
v -0.05116891 0.33707521 0.17132388
v -0.09088900 0.31818557 -0.13916954
v -0.25981519 0.32695623 0.14273792
v -0.18009054 0.34138754 0.23619649
v -0.13615449 0.32051789 0.24804249
v -0.07562471 0.34919431 0.21357176
v -0.06591071 0.34006694 0.18236331
v -0.08132866 0.33070603 0.12501481
v -0.21567306 0.35315473 -0.25879320
v -0.21207216 0.32512713 -0.20659240
v -0.20917684 0.33722258 -0.19243121
v -0.20108686 0.32671687 -0.17883449
v -0.10037228 0.31613983 -0.13198204
v -0.18486440 0.30784073 0.07119226
v -0.22669936 0.32143597 0.08273347
v -0.25350589 0.34126310 0.11532795
v -0.06047772 0.33755608 0.15766420
v -0.07805925 0.33536953 0.14825293
v -0.21768612 0.33546640 -0.22588663
v -0.06737523 0.34416183 -0.31932510
v -0.15767839 0.32602309 0.07760829
v -0.24526788 0.33576366 0.19845735
v -0.20557096 0.35211847 -0.27464337
v -0.16739629 0.33520287 -0.13643188
v -0.01723696 0.33167489 -0.24252254
v -0.08359461 0.32941873 -0.32318916
v -0.12007294 0.33928022 -0.32825143
v -0.25722025 0.32701345 0.12941544
v -0.25968716 0.32683414 0.18299876
v -0.08986463 0.34628540 0.23395571
v -0.05799927 0.34403001 0.17568937
v -0.15446296 0.34371668 -0.12940745
v -0.04416939 0.33200903 -0.29571633
v -0.10412772 0.33827135 0.08241585
v -0.21337521 0.32359307 0.07402780
v -0.24957172 0.35266543 0.19185026
v -0.19976927 0.35055085 0.22646292
v -0.16737249 0.33531216 -0.31241809
v -0.08946798 0.35527931 0.09521278
v -0.26312791 0.33367452 0.15858821
v -0.12024064 0.35758138 0.23889691
v -0.08068506 0.33497516 0.14011203
v -0.01573465 0.35312095 -0.25728260
v -0.02074990 0.35091633 -0.26433005
v -0.11205199 0.33042161 0.07464265
v -0.20707803 0.34072510 0.07250813
v -0.26291812 0.33496297 0.17090952
v -0.25609161 0.35019903 0.18508555
v -0.21276423 0.34326711 0.22091843
v -0.09773264 0.35634104 0.23720438
v -0.07115403 0.34395153 0.19821623
v -0.04757605 0.34428017 0.16654202
v -0.06941808 0.34245189 0.15420943
v -0.07374484 0.35286334 0.12169478
v -0.17959131 0.32733758 -0.14949916
v -0.02929911 0.34299522 -0.27110552
v -0.03596908 0.34412679 -0.27905044
v -0.04166440 0.35061508 -0.28791344
v -0.13331505 0.33254065 0.07744923
v -0.14507112 0.34009530 0.07818978
v -0.14819612 0.33173775 0.07896948
v -0.23223864 0.34250613 0.08065824
v -0.06883363 0.35728906 0.18418627
v -0.18861844 0.35271780 -0.29165234
v -0.22008444 0.36478027 -0.22102973
v -0.19179340 0.33132463 -0.16679631
v -0.17122006 0.31577532 -0.14312290
v -0.17438920 0.33920997 -0.14121825
v -0.12186435 0.34498003 -0.12325247
v -0.11316976 0.34283269 -0.12467922
v -0.01801835 0.35193613 -0.20689202
v -0.26546992 0.35436949 0.14815877
v -0.16776856 0.33559607 0.24320045
v -0.08199636 0.36123940 0.22643317
v -0.14159313 0.36463200 -0.31870040
v -0.21091119 0.35624190 -0.26577874
v -0.02497468 0.34908975 -0.19625044
v -0.09856841 0.36263898 -0.32539656
v -0.11803142 0.34363464 0.07069454
v -0.19938074 0.34336563 0.07290651
v -0.21809420 0.35058945 0.07372329
v -0.20278372 0.36089485 0.22413553
v -0.11256794 0.34506796 0.23719392
v -0.07416608 0.36061067 0.20723274
v -0.07854403 0.35282444 0.10548912
v -0.21811581 0.36105168 -0.25120369
v -0.21534950 0.34705965 -0.21046552
v -0.20239608 0.35530428 -0.17961925
v -0.09482426 0.33268484 -0.13205931
v -0.09026085 0.34302052 -0.13293348
v -0.04763489 0.33947138 -0.16149970
v -0.02538949 0.35426117 -0.26919518
v -0.08259391 0.34830756 -0.32171588
v -0.11598564 0.36034052 -0.32675381
v -0.07721544 0.34568189 0.11315564
v -0.07206224 0.34124623 -0.14819852
v -0.01235806 0.34930349 -0.24033250
v -0.05686120 0.35154305 -0.31338212
v -0.22838075 0.34993533 0.07695146
v -0.07033737 0.35458181 0.15260648
v -0.16317023 0.35767145 0.07700602
v -0.17665725 0.33836384 0.07410371
v -0.26126213 0.34922806 0.13085283
v -0.22294364 0.37997782 0.20895402
v -0.21558027 0.36744538 0.21615871
v -0.17645875 0.36792209 0.23652009
v -0.06263841 0.36722144 0.18161205
v -0.15706391 0.36246550 0.07627413
v -0.04483796 0.35775200 0.17329773
v -0.20349444 0.36565704 -0.17855428
v -0.18930228 0.35299641 -0.15569503
v -0.01600751 0.34392607 -0.21704121
v -0.03347515 0.36534555 -0.27617611
v -0.07861489 0.36005932 0.10146643
v -0.10844278 0.35007653 0.07326457
v -0.24542729 0.35697633 0.08951378
v -0.13180893 0.35937072 0.24395308
v -0.05908946 0.37839957 0.15750173
v -0.15793001 0.36473927 -0.31062556
v -0.05772533 0.34524767 -0.15135441
v -0.10494959 0.37157326 0.07184895
v -0.25305259 0.35264585 0.10970208
v -0.11115947 0.37587546 0.23719046
v -0.22164845 0.38583425 -0.23834213
v -0.21515443 0.37779666 -0.20116273
v -0.10505076 0.36178670 -0.12442516
v -0.04553458 0.36501261 -0.29066073
v -0.08932024 0.37948532 -0.31902444
v -0.10331929 0.35217001 0.07817285
v -0.12401739 0.34958661 0.07133702
v -0.23836531 0.34709092 0.08456518
v -0.05031729 0.36083011 0.17874769
v -0.06525484 0.37998283 0.10851640
v -0.16430803 0.38731903 -0.30149526
v -0.21727897 0.38994979 -0.25257417
v -0.15247932 0.36026496 -0.12815217
v -0.13125481 0.33654779 -0.12391918
v -0.00943546 0.36402022 -0.24823279
v -0.09620514 0.35084619 0.08906201
v -0.26688860 0.37345686 0.15058171
v -0.26165218 0.36420679 0.17208901
v -0.09038936 0.37181554 0.23385759
v -0.04798220 0.38489186 0.18364212
v -0.05282853 0.37135073 0.16092065
v -0.20951616 0.36994312 -0.18965995
v -0.18726302 0.36361108 -0.14871672
v -0.17142105 0.36673206 -0.13539937
v -0.01538284 0.36881250 -0.20280363
v -0.14686054 0.36530662 0.07471894
v -0.24584346 0.34605394 0.09621359
v -0.24899381 0.38523395 0.18535147
v -0.15659795 0.36089282 0.24388266
v -0.09675574 0.38477420 0.23567206
v -0.04717941 0.35780947 0.16476785
v -0.06632497 0.38584930 0.13871356
v -0.05779723 0.36877918 -0.14440367
v -0.01100740 0.37853815 -0.25966934
v -0.07095090 0.38310785 0.09944046
v -0.07266993 0.36597375 0.13978288
v -0.06442145 0.38007879 0.11887551
v -0.17794049 0.36443628 -0.29810475
v -0.20721481 0.37860680 -0.26800852
v -0.18747756 0.37673056 -0.14568196
v -0.07439980 0.35746032 -0.14160884
v -0.04972367 0.35820093 -0.15172193
v -0.03172077 0.36185782 -0.17961437
v -0.09258690 0.37577053 0.08699200
v -0.26253476 0.37579313 0.12187616
v -0.03883166 0.34626134 -0.17315477
v -0.00440987 0.39185042 -0.25169347
v -0.12436661 0.37485537 -0.32124204
v -0.17301014 0.38155954 0.07729182
v -0.06702517 0.37793419 0.18464616
v -0.00342296 0.37985239 -0.24082353
v -0.20988928 0.36288526 0.07427355
v -0.13761314 0.38221536 0.24100404
v -0.07146972 0.36283600 0.19070127
v -0.06126191 0.39504133 0.18288917
v -0.14142886 0.39075963 -0.31409975
v -0.19384743 0.39225593 -0.27972517
v -0.22174415 0.37647623 -0.22872485
v -0.02326095 0.36223214 -0.19332453
v -0.02279583 0.38003478 -0.27186943
v -0.08123684 0.36328582 -0.31891164
v -0.11350501 0.37834916 -0.32171800
v -0.23357095 0.37398555 0.07725239
v -0.19772846 0.38009573 0.22440039
v -0.12212870 0.37753466 -0.12089081
v -0.02407712 0.38643051 -0.17969097
v -0.04924291 0.37809403 -0.29334775
v -0.11337149 0.36895688 0.06784855
v -0.12920913 0.37453925 0.06916173
v -0.08521007 0.36132446 0.23045105
v -0.03629254 0.40126682 0.18491383
v -0.06668814 0.37965390 0.14906553
v -0.06039465 0.39117343 0.12825833
v -0.20138692 0.37735865 -0.16188888
v -0.01491099 0.37623756 -0.26509017
v -0.11949344 0.38426276 0.06650820
v -0.18148897 0.36690867 0.07710292
v -0.23757773 0.38952023 0.19485071
v -0.11770259 0.37875514 0.23739474
v -0.07704972 0.37168427 0.21611526
v -0.07045413 0.38058495 0.18861642
v -0.04072407 0.37573743 0.17051417
v -0.21295657 0.38167630 -0.19039688
v -0.17050346 0.38144054 -0.13597097
v -0.14742848 0.37160917 -0.12693919
v -0.26699497 0.38112748 0.14161322
v -0.15487356 0.38490365 0.23932000
v -0.21227814 0.38765906 -0.26140688
v -0.22045018 0.38599779 -0.21563097
v -0.06711037 0.37475897 -0.31060461
v -0.12011477 0.39009166 -0.32047177
v -0.16126075 0.38499283 0.07497134
v -0.24940766 0.38098847 0.08468683
v -0.04417906 0.40386785 0.18684842
v -0.03853257 0.38317962 0.17850302
v -0.06305166 0.38126039 0.15386193
v -0.09013861 0.37379613 -0.12671298
v -0.06872749 0.38681569 -0.13455287
v -0.03480084 0.37528804 -0.16654224
v -0.05597819 0.37524223 -0.30228570
v -0.09956122 0.38574282 0.07431461
v -0.12402176 0.40746628 0.23560559
v -0.20277719 0.38896666 -0.27123488
v -0.19717669 0.39074272 -0.15103085
v -0.00553343 0.38234280 -0.21482382
v -0.00523579 0.37249022 -0.23804553
v -0.04698825 0.38583408 -0.28969412
v -0.14845813 0.38063479 0.07251456
v -0.18924368 0.39273434 0.07797199
v -0.25911162 0.37624527 0.10891736
v -0.05989717 0.39879027 0.14566584
v -0.17036870 0.39763148 -0.29521772
v -0.19976575 0.40803751 -0.27105173
v -0.13887587 0.40610114 -0.12102599
v 0.00212436 0.39815696 -0.23404596
v -0.10420957 0.40488184 -0.31675590
v -0.06409778 0.39651791 0.10100092
v -0.12967280 0.39169742 0.06628666
v -0.22274778 0.37676408 0.07543607
v -0.26337408 0.38933792 0.11661305
v -0.25963556 0.38961590 0.17078856
v -0.19521357 0.39702645 0.22152566
v -0.17776575 0.40751357 -0.28765582
v 0.00374667 0.40187751 -0.22603996
v -0.13280054 0.40563163 -0.31340454
v -0.08335447 0.39449648 0.08994449
v -0.22158781 0.40319951 -0.22648723
v -0.09854780 0.39676534 -0.12263919
v -0.04081142 0.38622750 -0.28426204
v -0.07206330 0.40208588 -0.30863315
v -0.10630055 0.38495128 0.06923763
v -0.25434417 0.38130889 0.09227896
v -0.09127812 0.39964170 0.23264974
v -0.05654664 0.41526331 0.18324455
v -0.04277232 0.39986052 0.16648764
v -0.11390744 0.41714905 -0.31258687
v -0.07364410 0.40966155 0.20075052
v -0.05398762 0.39779522 0.11717536
v -0.05460203 0.40502115 0.10768659
v -0.20816806 0.39705505 -0.16326741
v -0.18863774 0.39042975 -0.14441842
v -0.17800098 0.39718337 -0.13980748
v -0.15310092 0.38233152 -0.12879373
v -0.13395138 0.37017867 -0.12251944
v -0.08496092 0.38630475 -0.12612911
v -0.20469578 0.39635335 0.21725354
v -0.04690440 0.41022357 0.16270015
v -0.21260037 0.39240475 -0.17869851
v -0.01571524 0.40423647 -0.27398878
v -0.03497363 0.39537443 -0.28210016
v -0.14548641 0.39490587 0.07019447
v -0.26509012 0.41007487 0.12313531
v -0.19455584 0.41162746 0.21899311
v -0.14052953 0.41150976 0.23657394
v -0.08419573 0.39640191 0.22682631
v -0.08023287 0.39367002 0.22086491
v -0.03435921 0.40563070 0.17394603
v -0.04977912 0.41558824 0.15017457
v -0.12803981 0.40507969 -0.11938024
v -0.05450228 0.38624766 -0.14026853
v -0.05877790 0.39864112 -0.29876938
v -0.23768365 0.39120031 0.07789403
v -0.26126589 0.40153921 0.09416671
v -0.26607894 0.38543355 0.15745065
v -0.26405312 0.41359491 0.15767541
v -0.24099419 0.40701891 0.18896931
v -0.22430038 0.40218132 0.20246495
v -0.21546889 0.42316316 0.20474197
v -0.21159490 0.41031056 -0.25840493
v -0.20394229 0.41489836 -0.15180510
v -0.06862992 0.39633382 -0.13220322
v -0.04283306 0.36647746 -0.15757654
v -0.08705656 0.40137596 -0.31454322
v -0.26676455 0.41044847 0.14577123
v -0.25297722 0.39413713 0.17952505
v -0.02811559 0.42005367 0.18418012
v -0.04814791 0.40871244 0.12897311
v -0.14228233 0.41485248 -0.30821584
v -0.02343015 0.40346192 -0.27921065
v -0.24494821 0.38726368 0.08044085
v -0.15620146 0.40761739 0.23507124
v -0.07433785 0.39239275 0.20755091
v -0.22075440 0.41245303 -0.23591734
v -0.11657438 0.40255884 -0.11956829
v -0.13161166 0.40789157 0.06593719
v -0.15803352 0.42195138 0.23257534
v -0.10996585 0.40909343 0.23273338
v -0.21153619 0.41523263 -0.16079281
v -0.08219501 0.40773095 -0.12230188
v -0.00412097 0.40196882 -0.20027813
v 0.00286424 0.40628720 -0.20977387
v -0.00894091 0.40682115 -0.26651214
v -0.04365240 0.40785200 -0.28741251
v -0.06511599 0.41379465 0.09592026
v -0.08093320 0.41593946 0.08599052
v -0.10956451 0.40890944 0.06658576
v -0.11365607 0.42944905 0.23009045
v -0.03352379 0.42394423 0.17426642
v -0.03492193 0.43073567 0.14612818
v -0.21339321 0.40713633 -0.18457561
v -0.00000369 0.43148111 -0.25620938
v -0.09027156 0.40377659 0.08113724
v -0.21059408 0.41618799 0.07895385
v -0.24740085 0.41943232 0.08100388
v -0.03387392 0.41647883 0.18826782
v -0.04880733 0.41462782 0.15915811
v -0.15225431 0.41688371 -0.30222067
v -0.22041455 0.39892648 -0.20678652
v -0.16268563 0.40489410 -0.13240515
v -0.00096391 0.38759253 -0.22421674
v -0.05476639 0.41243902 -0.29301145
v -0.06576215 0.41574472 -0.29873796
v -0.08282866 0.42059165 -0.30751250
v -0.13572566 0.42820727 0.23369765
v -0.09613847 0.41323738 0.23245088
v -0.06252014 0.41821506 0.18466013
v -0.03641513 0.43193796 0.16515893
v -0.22152750 0.41896489 -0.22688477
v -0.21345031 0.42313049 -0.17769700
v -0.05366018 0.40366334 -0.13607983
v -0.00430223 0.40464097 -0.25609767
v -0.03218476 0.42138303 -0.28564884
v -0.09817342 0.41345290 0.07202861
v -0.26643218 0.41871497 0.09467281
v -0.18702901 0.42196799 -0.27725931
v -0.21932459 0.40613361 -0.24453389
v -0.02659912 0.40255500 -0.16554952
v 0.00209904 0.41560063 -0.19768641
v 0.00205901 0.41241467 -0.24507052
v -0.02323111 0.42406931 -0.28145876
v -0.12260327 0.41110255 0.06475868
v -0.22741629 0.41913362 0.19782909
v -0.08273466 0.43578957 0.21677398
v -0.04208488 0.42524053 0.18952497
v -0.04075730 0.41944524 0.12221841
v -0.21289570 0.42211552 -0.18711665
v -0.01164041 0.40052298 -0.19034589
v -0.21455110 0.38326656 0.07566875
v -0.06766131 0.41444254 0.18884094
v -0.03601207 0.42503135 0.19064463
v -0.02738051 0.43676767 0.17796026
v -0.19874190 0.43811586 -0.26762619
v -0.14887115 0.41567220 -0.12413955
v -0.03461812 0.40606941 -0.15272823
v -0.12956826 0.44086888 0.06391436
v -0.15740319 0.43419210 -0.29270530
v -0.03666870 0.42190112 -0.14376900
v -0.04480479 0.38320198 -0.14873847
v -0.06086372 0.42833826 -0.29278787
v -0.11770720 0.42661591 -0.30984463
v -0.23320305 0.40265490 0.07800715
v -0.25448521 0.41022931 0.08330696
v -0.26540780 0.40892106 0.11273958
v -0.23404108 0.42905321 0.19027732
v -0.21902859 0.43595892 0.19945096
v -0.19103655 0.42884354 0.21640990
v -0.02628120 0.44142690 0.19108218
v -0.02584291 0.43384825 0.18632379
v -0.02578672 0.44098777 0.14000227
v -0.13660778 0.43828183 -0.30468133
v -0.04405357 0.41881340 -0.13789262
v -0.10444662 0.42447333 -0.30995755
v -0.04924479 0.42928834 0.10390443
v -0.07694038 0.43998751 0.08318332
v -0.16792974 0.40554959 0.07513358
v -0.26700644 0.41514718 0.10117602
v -0.24310827 0.43159347 0.18185387
v -0.16845844 0.43247843 0.22633588
v -0.03332058 0.44171796 0.19307029
v -0.04799512 0.41023671 0.11216765
v -0.17975412 0.43837074 -0.27884540
v -0.20358309 0.43110927 -0.26429553
v -0.18229255 0.41927682 -0.14254522
v -0.13177197 0.41895334 -0.11879167
v -0.05149882 0.41614494 -0.13282105
v 0.01163443 0.43038243 -0.22811608
v 0.00754313 0.44538871 -0.24497619
v -0.13183716 0.42674009 -0.30779090
v -0.14872888 0.42823475 0.06731103
v -0.24482751 0.43780933 0.08149665
v -0.25687333 0.43360543 0.16417831
v -0.25589687 0.41761397 0.17176348
v -0.20335213 0.44455196 0.20735128
v -0.07287642 0.43926624 0.19384240
v -0.05428614 0.43353723 0.18425586
v -0.02117942 0.44687029 0.18725414
v 0.01112368 0.42947881 -0.20573075
v -0.10459368 0.43538744 0.06719071
v -0.11461435 0.43333091 0.06516670
v -0.14085663 0.43403134 0.06532382
v -0.18192649 0.41015533 0.07791257
v -0.26432801 0.42471646 0.09006006
v -0.08950278 0.42594061 0.22756266
v -0.07442768 0.43031963 0.19819540
v -0.21690388 0.45042176 -0.22691754
v -0.12303181 0.43028588 -0.11736936
v -0.00352793 0.43187986 -0.26287952
v -0.05132333 0.42772437 -0.28981623
v -0.17824490 0.43298938 0.07600425
v -0.02519102 0.44227345 0.15241676
v -0.19160910 0.44523957 -0.27186527
v -0.21188086 0.42677313 -0.25379168
v -0.21248342 0.42620827 -0.15762750
v 0.01283966 0.43073197 -0.21186846
v 0.01410483 0.43352834 -0.21811720
v -0.06156356 0.43787453 0.09309918
v -0.26366996 0.44194310 0.12202432
v -0.06182205 0.43542724 0.18469696
v -0.21568962 0.42387153 -0.19932528
v -0.07006439 0.42166090 -0.12379452
v -0.06495599 0.44754397 -0.28979142
v -0.10595606 0.43704283 -0.30905704
v -0.04209159 0.45286976 0.10048889
v -0.23442160 0.43527338 0.08070754
v -0.26299001 0.43907994 0.08760332
v -0.09719402 0.42972200 0.23000171
v -0.00016219 0.42572761 -0.18701896
v -0.03729346 0.43368576 -0.28795952
v -0.09699970 0.43129521 0.07157393
v -0.25939417 0.46255504 0.13657290
v -0.11840158 0.43790868 0.22820755
v -0.08572801 0.43147609 0.22253023
v -0.04017111 0.44770830 0.19208276
v -0.02241856 0.44794511 0.16656255
v -0.01876263 0.45572270 0.16412212
v -0.02267947 0.44953690 0.13132096
v -0.02722875 0.44302790 0.12412500
v -0.21811810 0.43224195 -0.16472035
v -0.15135353 0.43846632 -0.12168559
v 0.01215049 0.44219124 -0.19679596
v 0.02385838 0.46558325 -0.20911442
v -0.07302903 0.43610309 -0.29717712
v -0.26296094 0.43627137 0.14157845
v -0.18961967 0.45078554 0.21309644
v -0.14525037 0.43815825 0.23147288
v -0.16959410 0.43349774 0.07280723
v -0.19864717 0.42336870 0.07936009
v -0.15797670 0.44190628 0.22659763
v -0.12139864 0.45216507 0.22608944
v -0.02202949 0.45657040 0.14625067
v -0.15917601 0.45565056 -0.28601208
v -0.22015761 0.43097804 -0.21653622
v -0.21349246 0.43940570 -0.18976317
v -0.19705284 0.42786353 -0.14923632
v -0.13404592 0.45233296 0.22849890
v -0.02152398 0.46650645 0.19194230
v -0.02544251 0.45274084 0.11561665
v -0.21235397 0.44092633 -0.24844162
v -0.16147803 0.43229763 -0.12941057
v -0.14284417 0.43929404 -0.11891315
v -0.02098294 0.43854869 -0.15561641
v -0.08858338 0.43477024 -0.30563359
v -0.01881060 0.45093973 0.17760219
v -0.02218031 0.45754682 0.13122118
v -0.08482099 0.43794313 -0.11688157
v -0.04114415 0.45594419 -0.28801402
v -0.23758909 0.44756368 0.08123609
v -0.26933891 0.44346174 0.11120502
v -0.16556343 0.45218645 0.22120626
v -0.14614854 0.45307890 0.22890309
v -0.12518768 0.43680184 -0.30675284
v -0.21695841 0.43760198 -0.15915105
v -0.10056544 0.42090504 -0.11860943
v -0.00900823 0.43364604 -0.27112802
v -0.01330375 0.43396892 -0.27581906
v -0.05459983 0.44685642 -0.28853870
v -0.05816534 0.45070806 0.09112547
v -0.12070086 0.44772342 0.06335531
v -0.10219518 0.44807716 0.22526717
v -0.06744399 0.45149758 0.18669538
v -0.02098418 0.46329765 0.11706608
v -0.20173600 0.45306693 -0.26270680
v -0.20680144 0.45284389 -0.25524448
v -0.21469969 0.44434365 -0.24023903
v -0.21467049 0.45338744 -0.20246073
v -0.16762746 0.44457088 -0.13110695
v -0.05649430 0.44254202 -0.12626976
v -0.04781800 0.42865867 -0.13299658
v -0.01485857 0.43057290 -0.16671614
v -0.01810404 0.46558176 0.17413197
v -0.02492221 0.46322423 0.10922092
v -0.09314613 0.46206550 0.06931114
v -0.14117706 0.45588681 0.06088398
v -0.15261922 0.45357937 0.06245978
v -0.21663619 0.45002594 0.08081658
v -0.03710797 0.46034468 0.19507213
v -0.10672616 0.45741357 -0.30268722
v -0.13679472 0.45625324 -0.29859657
v -0.21451048 0.44147581 -0.15760357
v -0.03682740 0.44386126 -0.13880275
v -0.02202815 0.45523775 -0.28268801
v -0.08627079 0.46216502 -0.29806179
v -0.07899723 0.46163833 0.07705041
v -0.27108886 0.43679320 0.10066803
v -0.25780560 0.45105047 0.15319832
v -0.24577973 0.46647694 0.16497030
v -0.24127317 0.45496255 0.17725116
v -0.22631844 0.46288786 0.18801615
v -0.14466620 0.46583580 0.22494491
v -0.09460684 0.45381065 0.22118149
v -0.07297037 0.46647104 0.18723116
v -0.17071989 0.42453028 -0.13734525
v 0.00591842 0.44574330 -0.18489866
v -0.07364263 0.45423397 -0.29186475
v -0.02619870 0.46782641 0.14454687
v -0.26906694 0.43254231 0.10671970
v -0.05838502 0.45676258 0.18313054
v -0.19589439 0.45155105 -0.15021201
v -0.02765778 0.46369451 0.19443230
v -0.26194504 0.45791649 0.08641335
v -0.10693779 0.46870558 0.21944823
v -0.08087806 0.45464652 0.20173508
v -0.18135393 0.45356310 -0.27640827
v -0.21374698 0.46557568 -0.21250992
v -0.21214865 0.46829544 -0.20076817
v -0.21584290 0.43923698 -0.18139768
v -0.22246921 0.45095736 -0.17296464
v -0.07564242 0.44184699 -0.11840235
v 0.01346394 0.44185195 -0.23197720
v -0.03040097 0.47503679 0.09896927
v -0.19979109 0.44840283 0.07961973
v -0.06639848 0.46818229 0.18385152
v -0.02660774 0.44429355 -0.28621805
v -0.12538168 0.45933233 -0.29994750
v -0.02074030 0.47545902 0.17745369
v -0.26382288 0.45735889 0.12348803
v -0.13482346 0.46666829 -0.29747833
v -0.21689547 0.45702954 -0.18576634
v -0.13898097 0.45166568 -0.11677935
v -0.08880373 0.45818093 -0.11334866
v -0.02196970 0.45052165 -0.15001296
v 0.00420835 0.45900502 -0.25302560
v -0.02312799 0.47690359 0.19610489
v -0.21285009 0.46166046 0.19831485
v -0.08907416 0.46606828 0.21134326
v -0.03267619 0.48110805 0.19829782
v -0.16099402 0.46758214 -0.28314622
v 0.02083763 0.45653381 -0.22113298
v 0.02481674 0.47604391 -0.22575462
v -0.01248592 0.46456534 -0.27311628
v -0.08882747 0.47353736 -0.29387683
v -0.02556385 0.47270358 0.15867213
v -0.02403749 0.47483410 0.14063217
v -0.01892007 0.47704003 0.11054536
v -0.18914789 0.45539970 0.07454561
v -0.27557639 0.46210326 0.10609907
v -0.16992099 0.46408500 0.21475952
v -0.03337352 0.46697566 0.19745327
v -0.20670050 0.46212773 -0.24969374
v -0.22164017 0.44995744 -0.16581810
v -0.10399726 0.44833917 -0.11471261
v 0.01973752 0.45600741 -0.20273948
v -0.06811204 0.47821539 -0.28589692
v -0.27213315 0.45734030 0.09500698
v -0.02539773 0.48383288 0.15546629
v -0.19027466 0.46969655 -0.26930137
v -0.01069043 0.45991449 -0.15742796
v 0.02128592 0.47541991 -0.23215275
v -0.10257322 0.46979548 0.06355578
v -0.27319367 0.46398622 0.11280341
v -0.16561510 0.47249155 0.21421626
v -0.12235516 0.47789123 0.22001632
v -0.02038021 0.46905024 0.12408323
v -0.01487149 0.47983382 0.11847367
v -0.20869752 0.46585357 -0.23857790
v -0.17918157 0.44916301 -0.14131030
v 0.00978869 0.46263542 -0.18014878
v 0.01515065 0.47118324 -0.23952045
v -0.00513978 0.45109964 -0.26556038
v -0.07468848 0.46927106 -0.28948601
v -0.19392365 0.46733274 0.20667880
v -0.05704115 0.48062790 0.18277893
v -0.20597428 0.48355960 -0.22348654
v -0.15311453 0.45024024 -0.12161420
v -0.13181607 0.46318255 -0.11440124
v 0.00243127 0.47312498 -0.25822669
v -0.19812417 0.47498671 0.07246004
v -0.23785557 0.46360059 0.08268225
v 0.01839853 0.46537490 -0.19128140
v -0.23508558 0.47778337 0.08250931
v -0.10233769 0.47025718 0.21753917
v -0.09317846 0.48062141 0.20743880
v -0.03409768 0.49267174 0.19897413
v -0.04005698 0.45939907 -0.13246416
v -0.05413954 0.46315342 -0.28699264
v -0.01908993 0.47413865 0.18676911
v -0.02077258 0.48928375 0.18405038
v -0.00895053 0.50224039 0.12305610
v -0.08380813 0.47301243 0.07070691
v -0.23017711 0.47308073 0.18129628
v -0.18405451 0.48081104 0.20721782
v -0.08095205 0.48287079 0.19100984
v -0.18760219 0.45520747 -0.14634762
v -0.12032958 0.48032583 0.05916247
v -0.26114910 0.47614522 0.12573785
v -0.13706290 0.47031216 0.22468519
v -0.07139121 0.48987971 0.18314058
v -0.06750646 0.49318763 -0.28544248
v -0.08950181 0.48911412 -0.28954791
v -0.12261070 0.48006411 -0.29731178
v -0.21509401 0.46330830 -0.16162918
v -0.20178302 0.46613367 -0.15382066
v -0.15667283 0.47145216 -0.11962663
v -0.02017484 0.48078334 -0.27656392
v -0.05773030 0.47361828 0.08285432
v -0.14422343 0.47755872 0.05580168
v -0.20757423 0.47360741 0.07708080
v -0.24932251 0.48626364 0.14528463
v -0.23692566 0.48481922 0.16766914
v -0.21541437 0.47805166 0.19239159
v -0.02266553 0.49058034 0.19644631
v -0.02517937 0.49001218 0.16867314
v -0.02019690 0.48700649 0.14843703
v -0.02607035 0.48779874 0.10185297
v -0.03949735 0.48505638 0.08777306
v -0.22930548 0.47580100 -0.17667972
v -0.07382847 0.46975772 -0.11489118
v -0.00652045 0.48808404 -0.26889536
v -0.22216920 0.47279667 0.08038908
v -0.26680572 0.48229068 0.08943453
v -0.10488799 0.47740762 -0.29373520
v -0.19244768 0.47847668 -0.26392204
v -0.17809991 0.47343562 -0.13258432
v -0.16461417 0.45901123 -0.12551766
v -0.08651694 0.46808792 -0.11146852
v -0.05056252 0.46437923 -0.12498523
v -0.01774500 0.48287889 -0.14413195
v 0.02525759 0.47748658 -0.20236369
v -0.02112171 0.50406018 0.19055580
v -0.02064640 0.50468933 0.11108432
v -0.07337152 0.48890116 0.07147548
v -0.20208384 0.49146111 0.19744348
v -0.01763569 0.49272468 -0.27723116
v -0.03052053 0.47819370 -0.28392872
v -0.05126980 0.49380786 0.07841521
v -0.15555002 0.47627206 0.05566709
v -0.16649983 0.45165203 0.06692721
v -0.25688452 0.47021500 0.08548792
v -0.10418720 0.49216354 0.20959742
v -0.00906522 0.49252898 0.12826955
v -0.03408035 0.48797492 0.09171184
v -0.05068021 0.49092252 -0.28828551
v -0.17444426 0.48389489 -0.27685999
v -0.21453013 0.47665655 -0.19519981
v -0.22456171 0.47046777 -0.18390833
v -0.14088914 0.48029827 -0.11356303
v -0.03025407 0.48210779 -0.13359795
v -0.27685390 0.46966829 0.10366037
v -0.27190527 0.48827522 0.11818559
v -0.20122078 0.50027697 0.19487837
v -0.19956047 0.48123241 -0.24887895
v -0.20310580 0.48241789 -0.23331475
v -0.00559338 0.46838083 -0.16131842
v -0.27532602 0.48171663 0.09668549
v -0.27670911 0.49144737 0.11344705
v -0.19482198 0.48721866 0.20211032
v -0.14514848 0.49685431 0.21561516
v -0.03113820 0.49636786 0.09394688
v -0.04060175 0.50380155 0.08211324
v -0.19369267 0.48738550 -0.25795587
v -0.22286497 0.46438023 -0.16723256
v 0.01423467 0.47963289 -0.18158583
v -0.02901202 0.50334496 0.19752827
v -0.01020455 0.49233888 0.13859827
v -0.05183356 0.50297078 0.07573632
v -0.17190397 0.49445597 0.05382841
v -0.21808716 0.49591996 0.07723422
v -0.25792096 0.49105547 0.12890983
v -0.22157165 0.48514440 0.18561735
v -0.17416510 0.49303337 0.20941857
v -0.06189418 0.48804125 0.18150390
v -0.13371951 0.49740541 -0.29091356
v -0.15215651 0.48950776 -0.28313283
v -0.05626381 0.47611181 -0.12197477
v 0.00385773 0.48300683 -0.16923539
v 0.02852810 0.48974421 -0.21998560
v 0.00866856 0.48576895 -0.25181490
v -0.25506626 0.48207990 0.13453975
v -0.24141008 0.50223454 0.14838514
v -0.22950132 0.50177595 0.16959877
v -0.12492881 0.49061345 0.21670073
v -0.08449206 0.50477611 0.18800946
v -0.07884817 0.48827743 -0.28687146
v -0.18698297 0.47134189 -0.14278829
v -0.04760911 0.48453364 -0.12366557
v -0.15719669 0.48518376 0.21573342
v -0.10534908 0.49550986 -0.29364171
v -0.21430016 0.48916371 -0.19785401
v 0.02349176 0.49083301 -0.23415620
v -0.03592646 0.51662427 -0.28124947
v -0.03692079 0.50735085 0.19773730
v -0.08781876 0.49665275 0.06211762
v -0.23664608 0.49466047 0.08233015
v -0.12218412 0.50758866 0.21175418
v -0.06944229 0.50822525 0.18111691
v -0.17826842 0.49939059 -0.27181764
v -0.22972504 0.48726127 -0.18740491
v -0.17293135 0.49173273 -0.12448628
v 0.01966230 0.49298893 -0.18451003
v 0.01731160 0.49392593 -0.24315819
v -0.25504100 0.49696077 0.08573277
v -0.26364518 0.50554654 0.12624489
v -0.09343008 0.49268187 0.20199289
v -0.03172683 0.50529668 0.09162100
v -0.20764332 0.48746849 -0.20812673
v -0.07532076 0.47973756 -0.11302608
v -0.00199244 0.48857262 -0.16016054
v -0.04738616 0.49659720 -0.28720444
v -0.26845275 0.50544094 0.09185268
v -0.27975348 0.49912629 0.10717977
v -0.24967409 0.49899444 0.13567256
v -0.02104441 0.50737734 0.18535858
v 0.00130173 0.52050873 0.13847322
v -0.10602835 0.50294774 -0.29239111
v -0.21623617 0.48379132 -0.16553703
v -0.20666634 0.48407829 -0.15898137
v -0.00684182 0.50834625 -0.26819096
v -0.05964754 0.51698814 0.07042204
v -0.23512799 0.50579781 0.08236332
v -0.03336039 0.51651834 0.20052482
v -0.02422513 0.51095670 0.17271868
v -0.12353447 0.50373069 -0.29235628
v -0.20266911 0.49743236 -0.21952075
v -0.15692758 0.49192859 -0.11634084
v 0.02579906 0.48974604 -0.19567603
v -0.02256006 0.50627943 0.16362313
v -0.00180589 0.52209294 0.14898760
v -0.00140672 0.52405416 0.13043250
v -0.10791042 0.49641193 0.05695445
v -0.21135199 0.50352845 0.18653452
v -0.10075565 0.50701901 0.20384977
v -0.04982484 0.51518380 0.19091543
v -0.23236869 0.51058047 -0.18950406
v -0.23094616 0.49017758 -0.17942747
v -0.19252563 0.49549370 -0.14119710
v -0.10698156 0.47961065 -0.11031358
v -0.08874802 0.48120131 -0.10977171
v -0.07379447 0.51376689 -0.28214841
v -0.08786721 0.51028070 -0.28458727
v -0.02084031 0.51741934 0.19228909
v -0.01391217 0.51499583 0.15624114
v -0.22209454 0.52865044 0.16157320
v -0.06172626 0.51182833 0.18210579
v -0.01883352 0.50451117 -0.13571094
v 0.02718481 0.50448883 -0.18849709
v -0.05662938 0.50922929 -0.28526616
v -0.15261495 0.49739963 0.05180792
v -0.27705798 0.50134448 0.09934151
v -0.13549452 0.50360845 0.21430879
v -0.05221939 0.52595068 0.19029440
v -0.19017250 0.50216059 -0.25538891
v -0.20560028 0.50755821 -0.20826653
v -0.21236105 0.50503688 -0.20134769
v -0.22314555 0.49541596 -0.17188793
v -0.02076052 0.51547794 0.10546748
v 0.01687347 0.51306992 -0.24444182
v -0.02880611 0.53292296 0.19716989
v -0.02161194 0.52653655 0.17099911
v -0.18208828 0.51911553 0.19998870
v -0.16595793 0.52579792 0.20560936
v -0.09744265 0.52331764 0.19608433
v -0.18279088 0.51122248 -0.26472477
v 0.03273713 0.50159165 -0.21061365
v 0.00018889 0.50636263 -0.26233402
v -0.02310144 0.51456919 -0.27724063
v -0.03008506 0.52358724 0.08657639
v -0.03986547 0.52675228 0.07829602
v -0.08665908 0.51895120 0.05832573
v -0.12932405 0.49899099 0.05570678
v -0.23259806 0.51904316 0.15140413
v -0.21546641 0.52144286 0.17594674
v -0.10492213 0.51761903 -0.28467432
v -0.16249642 0.51033694 -0.27761832
v -0.19585566 0.49459512 -0.24046125
v -0.21361290 0.50563448 -0.16407295
v -0.20341591 0.49471700 -0.15452128
v 0.00210978 0.52491373 0.14359687
v -0.03553559 0.52427411 0.08188341
v -0.16559077 0.53106981 0.04793178
v -0.14189692 0.52459795 0.20917410
v -0.19730542 0.50013874 -0.22971514
v -0.23215266 0.50998725 -0.18361732
v -0.03471299 0.50366330 -0.12533196
v 0.00719336 0.50664523 -0.16160240
v 0.03227820 0.51651826 -0.22473401
v -0.01003032 0.52770519 0.12133190
v -0.13670188 0.51915227 0.05270452
v -0.17832235 0.53779224 0.04872600
v -0.23322755 0.52564867 0.14797257
v -0.07935780 0.51824468 -0.28087334
v -0.11970086 0.51460332 -0.28823817
v -0.22932877 0.51088095 -0.17853836
v -0.22202706 0.50604171 -0.17194163
v -0.16369273 0.49624323 0.05188678
v -0.27659246 0.51151645 0.11843796
v -0.10409087 0.52985773 0.19933019
v -0.07651982 0.51787322 0.18240355
v -0.06897064 0.52942984 0.18014595
v -0.02146280 0.53537003 0.18793210
v -0.05213249 0.52925934 -0.28095207
v -0.18413454 0.53310770 -0.22987630
v -0.14524978 0.50170138 -0.11102189
v -0.09325584 0.49943768 -0.10581567
v -0.11093753 0.53668896 0.04948714
v -0.15898761 0.53599259 0.04788047
v -0.20222473 0.52180794 0.18787330
v -0.01317166 0.53541284 0.16120888
v 0.00157929 0.54155044 0.15176498
v -0.19514486 0.52756939 -0.21660173
v -0.07927887 0.50257800 -0.10594707
v 0.03104747 0.49742800 -0.20170369
v -0.00803398 0.52719917 -0.26501771
v -0.11737424 0.50310481 0.05501933
v -0.18551478 0.51602954 0.05384733
v -0.27790413 0.52242164 0.10586410
v -0.23995705 0.52833640 0.14010181
v -0.08674313 0.52299465 0.18636781
v -0.05185229 0.53988925 0.19057135
v -0.04125359 0.52552556 0.19636240
v -0.03651042 0.53325282 0.19823811
v -0.01376119 0.55023784 0.10091373
v -0.12592703 0.52157484 -0.28683197
v -0.18782020 0.51577084 -0.23686917
v -0.22498060 0.50475713 -0.19595131
v -0.12575901 0.50185595 -0.10832071
v -0.04340271 0.51926426 -0.28225470
v -0.22302066 0.50956298 0.07778683
v -0.26840611 0.52626487 0.12812221
v -0.25162213 0.51683805 0.13293250
v -0.00118275 0.55622544 0.15613611
v -0.01121354 0.53404335 0.11652987
v -0.18231420 0.49198203 -0.13125852
v 0.02200327 0.52531121 -0.16806181
v -0.12874704 0.52151012 0.05242786
v -0.21295993 0.50875360 0.07248159
v -0.27339170 0.52222588 0.09769377
v 0.02868363 0.52313543 -0.23083872
v -0.19711217 0.50614890 0.06170874
v -0.26105644 0.51079320 0.08851595
v -0.20263847 0.53411593 0.18396647
v -0.09279599 0.54316152 0.18710987
v -0.03309317 0.54527129 0.19844168
v -0.02679013 0.54756357 0.19605292
v 0.00521209 0.54221093 0.13882352
v -0.02424142 0.52348942 0.09438155
v -0.06052853 0.54671204 0.06159998
v -0.06941949 0.53119284 -0.27800764
v -0.17366070 0.50399360 -0.12099076
v -0.16073275 0.50786111 -0.11406879
v 0.04065774 0.54284225 -0.20639116
v -0.15433202 0.54420204 0.20659994
v -0.12501456 0.53456942 0.20639955
v -0.07132070 0.54374561 0.18058485
v 0.00739291 0.55360639 0.14604984
v -0.13568360 0.52676551 -0.28386365
v -0.15035828 0.54173371 -0.27692412
v -0.17717801 0.52484306 -0.26588313
v -0.20628575 0.51211043 -0.15036449
v -0.09032264 0.51824392 -0.10059187
v -0.22155484 0.51929737 0.16956569
v -0.13625313 0.55804961 0.20448127
v -0.16984283 0.52106814 -0.27239029
v -0.17912558 0.53150048 -0.25721746
v 0.02333613 0.52921354 -0.23736775
v -0.01880146 0.52906809 -0.27226837
v -0.19356563 0.53414687 0.19029338
v -0.01989795 0.54458688 0.17652666
v -0.09987945 0.52685287 -0.28102230
v -0.00087268 0.52332715 -0.14595235
v 0.03505364 0.54080957 -0.22312057
v -0.11794621 0.54244628 0.04741852
v -0.26138365 0.53947704 0.09222827
v -0.26195766 0.52621701 0.13119657
v -0.11659294 0.53174856 0.20522604
v -0.05300245 0.55064992 0.19205855
v -0.03874121 0.52065852 -0.11737058
v 0.01010528 0.53620195 -0.24766137
v -0.02640700 0.53634290 -0.27282784
v -0.27881126 0.53060859 0.11584372
v -0.21494668 0.54250686 0.16389400
v -0.01609883 0.55239056 0.17015396
v 0.00170662 0.54395470 0.13268691
v -0.00011645 0.57732818 0.12185596
v -0.12327257 0.54257395 -0.28283585
v -0.22865150 0.51105230 -0.19508533
v -0.07926401 0.52067955 -0.10091755
v -0.04875129 0.50721722 -0.11575279
v 0.02065127 0.53363144 -0.16448353
v 0.03512356 0.52709764 -0.18781953
v -0.05396660 0.54636185 -0.27773910
v -0.27122683 0.53979956 0.09744641
v -0.16685189 0.54830955 0.20357521
v -0.06541877 0.55404840 0.18275435
v -0.03949770 0.55397762 0.07247580
v -0.22656138 0.52514227 -0.17632376
v -0.10553758 0.51363804 -0.10431833
v -0.08308280 0.53118280 -0.27755750
v -0.07856672 0.53984840 0.05649504
v -0.17676241 0.53497410 0.20045765
v -0.10294864 0.54553685 0.19492783
v -0.02070621 0.55723693 0.18895067
v -0.00892688 0.56316231 0.16197335
v -0.01197161 0.58533713 0.08937076
v -0.23227647 0.53375734 -0.18714927
v -0.20454964 0.52042928 -0.14297583
v 0.03850612 0.53153910 -0.19863524
v -0.11303453 0.53609035 -0.28371468
v -0.18986648 0.53861875 0.05416766
v -0.24025107 0.53648190 0.08378724
v -0.18064375 0.53084732 -0.24008701
v -0.22005242 0.52616895 -0.16775344
v -0.01628783 0.52794114 -0.12960297
v -0.02310909 0.54181315 -0.26999340
v -0.04277802 0.54914568 -0.27557279
v -0.03645353 0.56268360 0.19668614
v -0.00240692 0.55249682 0.12535219
v -0.00885167 0.57435118 0.10017788
v 0.04016139 0.54865294 -0.19838953
v -0.00265209 0.54181974 -0.25652837
v -0.03366785 0.55541234 -0.27198790
v 0.00495655 0.57085607 0.15126890
v -0.06553059 0.55644052 0.05588985
v -0.12515951 0.54010609 0.04825976
v -0.20465605 0.53706991 0.06214839
v -0.23042327 0.55292434 0.07642027
v -0.24477571 0.54311179 0.13981076
v -0.20185285 0.54739391 0.18024523
v -0.20606059 0.52838559 -0.20823240
v -0.23189557 0.52769005 -0.19564459
v -0.20552090 0.53320354 -0.14048741
v -0.21766614 0.53051200 0.07177423
v -0.27823204 0.55125088 0.10888695
v -0.19200378 0.56832340 0.18337507
v -0.02634326 0.57066934 0.19146932
v -0.01700325 0.56535480 0.17265880
v -0.13836569 0.54657459 -0.27951151
v -0.22301553 0.52915829 -0.20358523
v -0.22469688 0.53879633 -0.17259292
v -0.19724577 0.51901041 -0.13520951
v -0.17427028 0.52788119 -0.11688627
v -0.15323775 0.52101261 -0.10905603
v 0.03795994 0.54958897 -0.18929735
v -0.27443722 0.55156897 0.12698796
v -0.02291980 0.56316247 0.08325025
v -0.03066342 0.55374250 0.07906478
v -0.16083062 0.54650074 -0.27257555
v -0.16961581 0.54124026 -0.26803822
v -0.17138868 0.55449149 -0.26305873
v -0.17374519 0.55942125 -0.25254443
v -0.20086621 0.52542113 -0.21076165
v -0.04948666 0.53516064 -0.10737612
v 0.03242813 0.55889035 -0.22575661
v -0.27456899 0.55007454 0.10108001
v -0.26677121 0.55425391 0.13358468
v -0.22941132 0.54375402 0.14807424
v -0.04452536 0.55503392 0.19620442
v -0.00705506 0.56018614 0.11328399
v -0.03097476 0.53669390 -0.11706754
v -0.06245403 0.55942381 -0.27566661
v -0.08022913 0.54749706 -0.27434706
v -0.09836218 0.57301444 0.04361167
v -0.27791735 0.55656567 0.12276785
v -0.08128509 0.54269790 0.18075107
v -0.17498962 0.54791873 -0.25779764
v -0.21441599 0.52856486 -0.15434458
v -0.14848023 0.52772135 -0.10685534
v -0.12960702 0.52198774 -0.10580606
v -0.12089860 0.52830338 -0.10378543
v 0.00414224 0.55738457 -0.24844359
v -0.12828828 0.55520982 0.04394878
v -0.25980684 0.55384532 0.13689467
v -0.11181553 0.55444895 0.19918887
v 0.00642340 0.57105666 0.13554730
v -0.01524992 0.54409761 -0.12701959
v 0.03997459 0.54450883 -0.21288382
v -0.11200726 0.56252879 0.04284865
v -0.14672594 0.54595995 0.04927166
v -0.19249112 0.54882859 0.05318764
v -0.27938189 0.56015132 0.11536387
v -0.23413197 0.54963795 0.14447567
v -0.21568465 0.55680277 0.15944474
v -0.15552770 0.56742398 0.20285953
v -0.09856290 0.56240892 0.18822638
v -0.18051058 0.55276736 -0.23018043
v -0.18474002 0.52348374 -0.12382896
v -0.15605686 0.54398476 -0.10541120
v 0.02213255 0.56559493 -0.23529357
v -0.05694009 0.56660040 0.19082954
v -0.02296241 0.57768196 0.18525387
v -0.01379058 0.55228742 0.16596124
v -0.05881578 0.56404036 0.05787591
v -0.21367172 0.54267333 -0.21014632
v -0.23278164 0.54594783 -0.19932183
v -0.21018884 0.54095055 -0.14896677
v 0.00498010 0.54375334 -0.14778068
v 0.03663640 0.59013508 -0.21515101
v -0.11592726 0.55752630 -0.28133007
v -0.20504836 0.55426500 0.17281976
v 0.00799486 0.57825985 0.13963383
v -0.12497092 0.56639146 -0.27961169
v -0.20034404 0.55719105 -0.21622851
v -0.22777041 0.54230994 -0.20483210
v -0.08858306 0.54024747 -0.09423323
v -0.04360643 0.57584710 -0.27290430
v -0.17247913 0.55441151 0.04431957
v -0.19443583 0.56623503 0.04965427
v -0.21250368 0.55297291 0.06377275
v -0.24317224 0.57585549 0.08372352
v -0.08976343 0.55772815 0.18202303
v -0.00741371 0.58912707 0.09566002
v -0.03742865 0.54440695 -0.11153503
v 0.03229679 0.55215369 -0.17488463
v -0.02594205 0.56132663 -0.26730649
v -0.01580130 0.59301586 0.16929239
v -0.13981229 0.54802848 0.04871139
v -0.26285897 0.56063139 0.09316571
v -0.12314754 0.56086503 0.20305169
v -0.08745036 0.55112360 -0.09131059
v -0.05274856 0.55027232 -0.10390834
v 0.01466210 0.55819155 -0.15644525
v 0.02204381 0.54149739 -0.23744204
v -0.01580142 0.56783474 -0.25914493
v -0.04145876 0.57876761 0.06533811
v -0.18795904 0.56524307 0.04554535
v -0.25006567 0.57047497 0.08739475
v -0.19287888 0.55153914 0.18778591
v -0.08256315 0.56314265 -0.27132551
v -0.09743602 0.55724233 -0.27499621
v -0.14952570 0.56669756 -0.27517056
v -0.19107650 0.55288512 -0.12264325
v -0.21454999 0.56924011 0.15767990
v -0.03382133 0.58714165 0.19389407
v -0.00233038 0.59038566 0.15884218
v -0.06347443 0.59443089 0.04653523
v -0.09241196 0.58310908 -0.26786118
v -0.17860188 0.54829344 -0.23532590
v -0.14384429 0.55177450 -0.10310276
v -0.12607121 0.54262214 -0.10128561
v -0.10337835 0.54870381 -0.09265375
v 0.01329055 0.57920871 -0.24279059
v -0.20873802 0.59523533 0.15856759
v -0.19859713 0.57734717 0.17157843
v -0.17771408 0.56174165 0.19621320
v -0.10209991 0.58114862 0.18814188
v -0.01968284 0.58679608 0.17439969
v -0.17825232 0.57514881 -0.23166918
v -0.21683504 0.56412488 -0.16081507
v -0.03770103 0.56047869 -0.10703899
v -0.12977656 0.58038749 0.03532420
v -0.14815800 0.57236458 0.04111027
v -0.23132612 0.58324752 0.14749568
v -0.07585583 0.58506452 0.18021898
v 0.00113875 0.59255665 0.11781683
v -0.17060819 0.57810673 -0.25615644
v -0.21802682 0.55008215 -0.16664790
v -0.20965903 0.54844836 -0.14541714
v -0.06933058 0.54326664 -0.09962552
v 0.03864730 0.57099926 -0.19164271
v -0.12707980 0.59114951 0.03184740
v -0.18247786 0.58340795 0.18800543
v -0.13917687 0.57700773 0.20281453
v -0.04599442 0.58579422 0.19619608
v 0.00459695 0.59278121 0.12898309
v -0.02762908 0.59031998 0.07370650
v -0.16478220 0.57502243 -0.26751769
v -0.23391041 0.55022634 -0.19587817
v -0.23276014 0.55895558 -0.19067843
v -0.19865285 0.54710442 -0.12962361
v -0.17981693 0.54935693 -0.11540340
v -0.16224999 0.55768664 -0.10537473
v -0.01993826 0.56414216 -0.11853646
v 0.03147433 0.57296464 -0.17416039
v -0.05529977 0.57443044 -0.27407576
v -0.23891519 0.57616156 0.14495886
v 0.00782061 0.59385510 0.13883633
v -0.19033589 0.57342732 -0.22282547
v -0.07378697 0.56317957 -0.09408123
v 0.00079284 0.56727873 -0.14133047
v -0.00263428 0.58711017 -0.25051056
v -0.13529445 0.57716955 0.03661657
v -0.20738744 0.56754184 0.05885207
v -0.27852357 0.57975807 0.12195177
v -0.27236690 0.56388729 0.13099841
v -0.12825976 0.57973738 0.20269424
v 0.00272013 0.61034146 0.12205288
v -0.01986507 0.58918377 0.08059928
v -0.16705816 0.54484323 -0.10906615
v -0.08782471 0.56577735 -0.08781035
v 0.03935022 0.58013500 -0.20803900
v -0.02860432 0.57569212 -0.26593983
v -0.07595026 0.58017611 0.04649612
v -0.10716317 0.59086775 0.03760782
v -0.22061980 0.56053902 0.07007465
v -0.26102531 0.57512643 0.13891628
v -0.21878988 0.57722644 0.15343102
v -0.08006548 0.60014999 0.03997201
v -0.13402232 0.58424937 -0.27876563
v -0.17175697 0.57537978 -0.24594697
v -0.17140476 0.58521183 -0.24091975
v -0.05648915 0.56933542 -0.09721814
v 0.02535388 0.59457708 -0.23086073
v -0.27729866 0.57885546 0.10749456
v -0.12209181 0.58207140 0.20068752
v -0.06698717 0.57916263 -0.27207713
v -0.12105393 0.57685781 -0.27808875
v 0.03553101 0.57132073 -0.18195208
v -0.14955575 0.59984822 0.02796806
v -0.20364227 0.58228757 0.16505056
v -0.08383425 0.57991736 0.17833295
v -0.02981325 0.59987368 0.18913194
v -0.05020773 0.59174393 0.05586636
v -0.20581082 0.55602185 -0.13492308
v -0.04009464 0.60332787 -0.26928679
v -0.20822274 0.57896154 0.05739400
v -0.26923300 0.56997752 0.09744032
v -0.16432180 0.58199082 0.19904402
v -0.05909392 0.60333135 0.19152031
v -0.00361876 0.59161608 0.10342070
v -0.10743847 0.59247818 -0.27097876
v -0.19997149 0.58602625 -0.22206036
v -0.22501710 0.55963825 -0.21146503
v -0.04108706 0.57673210 -0.10220644
v -0.18311359 0.57839052 0.03961411
v -0.15795717 0.58222622 0.20093005
v -0.13208863 0.59692332 0.20188615
v -0.08275583 0.62059557 0.18278203
v 0.00702811 0.59445484 0.14669177
v -0.06953250 0.56376903 0.05296648
v -0.17219178 0.59108492 -0.23765520
v -0.20338667 0.57056475 -0.21860765
v -0.23226753 0.57286517 -0.21002938
v 0.03966780 0.57578022 -0.19862223
v -0.27152526 0.58454423 0.13151419
v -0.25426398 0.58032499 0.14176561
v -0.18024100 0.61317145 0.18345277
v -0.17080826 0.60436877 0.19200719
v -0.02631530 0.61514669 0.18273009
v -0.18474390 0.56065769 -0.22533137
v -0.23466538 0.56795411 -0.20245724
v 0.03168810 0.59513143 -0.22354958
v -0.27810205 0.59464955 0.11423615
v -0.22055068 0.60067707 0.15064427
v -0.12403269 0.59833118 0.19896916
v -0.10597709 0.60016225 0.18814120
v -0.06779392 0.58979602 0.18548610
v -0.09201994 0.59746532 -0.26515780
v -0.21907241 0.58285186 -0.15023996
v -0.13908266 0.56575160 -0.09848329
v 0.02645305 0.56909627 -0.16724388
v -0.27489484 0.59742887 0.10465255
v -0.22058112 0.58671439 0.15156201
v -0.01097572 0.61097316 0.08688739
v -0.08064872 0.58916866 -0.26749179
v -0.12344360 0.59858495 -0.27764621
v -0.14535141 0.60433974 -0.27525053
v -0.15867275 0.56969471 -0.27188578
v -0.20090182 0.57325672 -0.12519789
v -0.19437846 0.58132461 -0.11832943
v -0.17198704 0.56798390 -0.10714585
v -0.02836037 0.58871536 -0.10679046
v -0.00136553 0.60342930 -0.25164806
v -0.05909435 0.61227393 -0.27099151
v -0.15213455 0.56800670 0.04381498
v -0.15810445 0.56530863 0.04497723
v -0.11469157 0.59344268 0.19516892
v -0.08292219 0.60027418 0.18099790
v -0.00204653 0.60901807 0.15958816
v -0.02054313 0.62011932 0.07367769
v -0.02945625 0.61479919 0.06748759
v -0.16484583 0.60058041 -0.26253684
v -0.22810208 0.58614917 -0.21709102
v -0.22454553 0.57826962 -0.17938665
v -0.20844723 0.58472193 -0.13014264
v -0.00515977 0.58628728 -0.13213670
v -0.17897820 0.58991033 0.03645462
v -0.19952094 0.59599322 0.04151536
v -0.19149808 0.59665559 0.17562054
v -0.09336578 0.59200981 0.18058752
v -0.04042375 0.60280541 0.19426713
v 0.00469475 0.61101514 0.13419307
v -0.22037025 0.58946063 -0.22074646
v -0.23018665 0.57954584 -0.19129980
v -0.09875651 0.57055375 -0.08583838
v 0.03692569 0.60939136 -0.20008577
v -0.05312830 0.59447754 -0.27309812
v -0.16296768 0.60629552 0.19526601
v -0.13261127 0.60713440 0.20182136
v -0.12393455 0.61476690 0.19855952
v -0.09289448 0.60869039 0.18047573
v -0.05130244 0.60643739 0.19441243
v -0.04925562 0.62346020 0.19523363
v -0.02632143 0.63012313 0.18225897
v -0.01341153 0.61734637 0.17029075
v -0.07065925 0.61682827 0.03752910
v -0.07569655 0.57780933 -0.08986403
v 0.00554824 0.59431464 -0.14234000
v 0.02172299 0.59512836 -0.16182052
v 0.02499280 0.60574664 -0.23031909
v -0.02136306 0.60104660 -0.25970464
v -0.16499386 0.60203198 0.03274604
v -0.19307224 0.58984415 0.03997031
v -0.23425216 0.58359804 0.07789625
v -0.18412840 0.62337838 0.17788483
v 0.00152790 0.61724480 0.15426003
v -0.00569400 0.62342302 0.09287860
v -0.11690976 0.60523140 -0.27372270
v -0.22219197 0.58397376 -0.16995288
v -0.18044803 0.58155206 -0.10875814
v -0.12585004 0.57723214 -0.09008936
v -0.13755085 0.59998074 0.02545481
v -0.05890059 0.60569433 0.04575004
v -0.20884584 0.59907130 -0.22325056
v -0.23449275 0.58971243 -0.20828768
v -0.23314065 0.58134310 -0.19740851
v -0.04556155 0.59296798 -0.09530465
v -0.04678319 0.60614884 -0.27152406
v -0.13221922 0.60062396 0.02546737
v -0.20297555 0.58555364 0.04931833
v -0.14129138 0.60287592 0.20158413
v -0.05257673 0.61469681 0.04712725
v -0.11716728 0.60187557 0.03127091
v -0.19038236 0.59766131 -0.22534327
v -0.16365231 0.57799401 -0.10162796
v 0.03207869 0.59599942 -0.17857868
v -0.19665299 0.61654312 0.03337380
v -0.21623063 0.59967861 0.06019890
v -0.26913353 0.59584563 0.09777435
v -0.03449389 0.60799338 0.19129731
v -0.00010363 0.63551328 0.15467330
v 0.00336657 0.62571532 0.14840960
v 0.00464923 0.61953246 0.14197158
v -0.00015262 0.62417235 0.10726458
v -0.04091353 0.62931415 0.05182618
v -0.08512623 0.60578017 -0.26531975
v -0.14884168 0.61840269 -0.27175239
v -0.16806782 0.59124898 -0.25960967
v -0.16744783 0.60430888 -0.25032752
v -0.23415177 0.58987586 -0.20238066
v -0.22653685 0.59581708 -0.18460390
v -0.11599259 0.58113541 -0.08548289
v -0.09301199 0.58900932 -0.08133327
v -0.01618554 0.58651939 -0.11919795
v 0.03459142 0.63009330 -0.19202225
v 0.00607758 0.61877886 -0.24634117
v -0.22060361 0.58703814 0.06577701
v 0.00268141 0.62755622 0.12543333
v -0.14666903 0.61901604 0.01720738
v -0.25604909 0.60442696 0.14157521
v -0.23447625 0.60922937 0.14641712
v -0.13564004 0.62569445 0.20080470
v 0.00029484 0.63930392 0.10914762
v -0.01278281 0.63573911 0.07921175
v -0.06361932 0.59719212 -0.08702026
v 0.03577747 0.61726030 -0.20546397
v -0.17917607 0.60382091 -0.23117951
v -0.17771086 0.59884815 -0.10174394
v -0.10134574 0.62208981 0.18240060
v -0.01072644 0.63489407 0.16751658
v -0.02388487 0.63019502 0.06723233
v -0.05569513 0.64299798 0.03457388
v -0.06414664 0.62118691 0.03830820
v -0.02385351 0.62070194 -0.26377117
v -0.25413143 0.59841559 0.08830827
v -0.10653988 0.62085261 0.18556148
v -0.00479954 0.63885436 0.09334132
v -0.08903363 0.61949129 0.03154402
v -0.16111160 0.59650955 -0.26708059
v -0.22907690 0.61004218 -0.22027116
v -0.27611849 0.60800435 0.12354880
v -0.22646395 0.61691288 0.14836425
v -0.19739188 0.60344817 0.16706884
v -0.00403423 0.65007886 0.15891357
v -0.08015206 0.60206896 -0.07695667
v -0.00448418 0.64315459 -0.25148203
v -0.09929217 0.61911226 -0.26512507
v -0.16513227 0.61464674 -0.25596082
v -0.23032064 0.60555524 0.07364368
v -0.24571754 0.61350985 0.08458538
v -0.26576270 0.61082369 0.09601615
v -0.04616811 0.64193082 0.04114655
v -0.02145554 0.62532396 -0.10465770
v -0.01266897 0.63498189 -0.25835498
v -0.08635160 0.62968771 -0.26273142
v -0.14625582 0.58891433 -0.09300695
v -0.21376564 0.60516440 0.05537199
v -0.24201033 0.59895836 0.08194172
v -0.26864233 0.60049202 0.13501381
v -0.24880286 0.61435612 0.14358586
v -0.16352467 0.63264024 0.19216705
v -0.10930163 0.62071627 0.02279561
v -0.07234754 0.60896314 -0.07992210
v -0.00812508 0.61810741 -0.12451233
v 0.03156914 0.62859438 -0.18002386
v -0.23310036 0.61138473 -0.20685009
v -0.10432455 0.59827909 -0.07773496
v -0.12894568 0.61472349 0.01782127
v -0.16967649 0.61536108 0.02842627
v -0.20891615 0.60997820 0.04613634
v -0.19465510 0.63228879 0.16491551
v -0.14694147 0.62212956 0.19957620
v -0.11593355 0.62777130 0.19375229
v -0.07598844 0.64282893 0.02684413
v -0.03361006 0.60990444 -0.09704546
v -0.16437860 0.62546304 -0.24519432
v -0.19026157 0.61634239 -0.22703361
v -0.16949412 0.59668213 -0.09858306
v -0.12958715 0.59473337 -0.08469040
v -0.17239867 0.63044044 0.18701912
v -0.15396310 0.63895076 0.19651987
v -0.06357197 0.64132993 0.19344370
v 0.00171164 0.64808502 0.14163561
v -0.03502020 0.64496928 0.04978602
v 0.02224709 0.62100109 -0.16290626
v 0.03400547 0.63800097 -0.19783432
v -0.15726402 0.62871553 -0.26347011
v -0.22618785 0.60876390 -0.17479138
v -0.13210032 0.63290232 0.00733646
v -0.20354573 0.61771418 0.03727955
v -0.20686631 0.62356681 0.15582727
v -0.14413830 0.64472283 0.19892443
v -0.12818215 0.64261714 0.19984586
v -0.00174306 0.60932025 -0.13332840
v -0.04592491 0.63003361 -0.27054920
v -0.07652973 0.64536020 -0.26224211
v -0.11325438 0.62675932 -0.27022623
v -0.12794933 0.62214424 -0.27673816
v -0.21426352 0.57462090 -0.14250343
v -0.19029692 0.60552956 0.03482670
v -0.27243526 0.63092084 0.10225110
v -0.27301418 0.60624359 0.13001799
v -0.03340993 0.63653593 0.18815675
v -0.05516826 0.63149711 -0.26902675
v -0.13300931 0.63638733 -0.27619274
v -0.22389979 0.60132526 -0.15364839
v -0.13877880 0.60162208 -0.08468188
v -0.12251420 0.63983956 0.19817786
v -0.05687554 0.66248075 0.19712043
v -0.02416935 0.65484400 0.17693766
v -0.04383683 0.65103494 0.03957261
v 0.00134839 0.62885151 -0.13652450
v 0.03270808 0.63604318 -0.18556348
v 0.03178789 0.61882055 -0.21707943
v 0.01294983 0.63418097 -0.23858671
v -0.23109236 0.61750214 -0.19839727
v -0.21508367 0.59425863 -0.13569475
v -0.18650453 0.59938101 -0.10769570
v -0.14416300 0.62860047 0.01026636
v -0.22510695 0.61864258 0.06686101
v -0.09458502 0.64548299 0.18349245
v -0.09834632 0.63272220 0.02229227
v -0.12157808 0.62379959 -0.27445262
v -0.17163247 0.60945140 -0.23698689
v -0.26676558 0.62016103 0.09600614
v -0.26423029 0.63617477 0.13519477
v -0.10636374 0.64402747 0.18550700
v -0.08202338 0.64121304 0.18453619
v -0.03910446 0.64479107 0.19151978
v -0.00356878 0.64791574 0.09366658
v -0.02100761 0.65815483 0.06080289
v -0.07939912 0.63118536 -0.06913360
v -0.05952099 0.63329441 -0.07510505
v -0.04596855 0.61930241 -0.08663279
v -0.16395817 0.65202523 -0.24318009
v -0.24722823 0.62385971 0.08488768
v -0.25757571 0.63293195 0.14023041
v -0.19380415 0.65729681 0.16254996
v -0.18437653 0.64976221 0.17525382
v -0.01019822 0.65779800 0.16531482
v -0.00093400 0.65491752 0.15262756
v 0.00054728 0.66458366 0.10879923
v -0.00399417 0.66661431 0.08930194
v -0.01288460 0.66482763 0.07123548
v -0.06567263 0.64993737 0.02804092
v -0.03385003 0.63908302 -0.26936528
v -0.13996679 0.63940982 -0.27455582
v -0.16105768 0.63149583 -0.25772913
v -0.15385134 0.61004956 -0.08854979
v -0.14530826 0.64000257 0.00224546
v -0.16176003 0.62917099 0.01718749
v -0.27332466 0.64061456 0.12216076
v -0.17660418 0.64604899 0.18240580
v 0.01842053 0.64169107 -0.15964106
v -0.05176452 0.64882567 -0.27006885
v -0.11187175 0.65715916 -0.26654449
v -0.21008188 0.62070633 -0.22715600
v -0.13494704 0.64353768 -0.00264689
v -0.17849952 0.61921874 0.03042788
v -0.22410046 0.64966690 0.05819522
v -0.03261755 0.66247168 0.18375061
v -0.03096194 0.66073986 0.04924245
v -0.00380619 0.63923272 -0.13141058
v -0.23201549 0.63310070 -0.21571736
v -0.19410097 0.61212440 -0.10978387
v -0.13125628 0.60791507 -0.07984326
v -0.20058208 0.61848089 0.03475724
v -0.27578959 0.62174544 0.11095899
v -0.12962106 0.66372894 0.19978994
v -0.04561122 0.67029397 0.19283434
v 0.00018079 0.67472391 0.14146943
v -0.09844554 0.64485476 -0.26292420
v -0.18273514 0.62183490 -0.22906428
v -0.12679744 0.62227222 -0.07314870
v -0.10956148 0.62881646 -0.06718914
v -0.21206386 0.62989534 0.04380912
v -0.22751365 0.62849897 0.14795722
v -0.20605358 0.65344687 0.15394311
v -0.05902410 0.65859991 0.02691040
v -0.09636986 0.65352520 0.01221271
v 0.01910548 0.66079811 -0.22612460
v 0.00876115 0.64847807 -0.23972490
v -0.03361692 0.65849967 -0.26892634
v -0.08058415 0.65450248 -0.26114629
v -0.17528922 0.62212170 -0.23310538
v -0.22845961 0.61988175 -0.18767505
v -0.12306351 0.64642842 -0.06042081
v -0.22826328 0.65143809 0.06428645
v -0.26717875 0.64938764 0.09622671
v -0.24947898 0.65196768 0.14223158
v -0.15551588 0.67447605 0.19255309
v -0.04715364 0.65017518 0.19515978
v -0.01300325 0.66372026 -0.11833360
v 0.03244342 0.65726813 -0.19294949
v -0.22061600 0.65085015 -0.22836170
v -0.20535240 0.59705402 -0.12374088
v -0.14860527 0.62169637 -0.08068667
v -0.19058545 0.63739583 0.02653913
v -0.21093690 0.64854565 0.03453072
v -0.23683665 0.62691382 0.07720743
v -0.11758269 0.64899640 0.19596458
v 0.02746243 0.64102932 -0.17371532
v -0.22668597 0.62561010 -0.14092512
v -0.18424931 0.61262681 -0.10162517
v -0.27461258 0.64017953 0.11634588
v -0.10063417 0.67435585 0.18941780
v -0.01137903 0.67787653 0.16626863
v 0.00011643 0.66797010 0.14733171
v -0.00085871 0.67858806 0.09901801
v 0.02943724 0.65198225 -0.17935752
v -0.14693928 0.64552326 -0.27016623
v -0.15944293 0.65402515 -0.25432095
v -0.17889539 0.64567889 -0.23059879
v -0.22029525 0.62096793 -0.22615631
v -0.22878130 0.62524092 -0.14715767
v -0.17463314 0.62278545 -0.09332765
v -0.15979379 0.62429560 -0.08652684
v -0.14565385 0.63521601 -0.07355230
v -0.16371502 0.65074627 0.00279852
v -0.24141965 0.65706277 0.14479712
v -0.19913057 0.65614269 0.15794949
v -0.14639036 0.65696557 0.19807678
v -0.06603288 0.66528606 0.19518188
v -0.04899782 0.67395214 -0.27220900
v -0.17437705 0.66840836 0.18209567
v -0.10733256 0.66661881 0.18936422
v -0.02726483 0.64913190 -0.09673118
v 0.03173964 0.65781813 -0.20338979
v 0.02572622 0.65682807 -0.21988674
v -0.01846459 0.66655574 -0.25550157
v -0.04524143 0.65369376 -0.27091978
v -0.19095160 0.64467156 -0.22810758
v -0.23094942 0.62234032 -0.21916597
v -0.23057825 0.63891875 -0.20004759
v -0.20483840 0.63849458 -0.11243720
v -0.18121908 0.65068077 0.01927147
v -0.23285048 0.64852566 0.07108380
v -0.24746914 0.64713000 0.08388145
v -0.25459816 0.65772914 0.13965003
v -0.08597717 0.66397737 0.18878610
v -0.00019070 0.67799950 0.11981208
v -0.02679382 0.68896562 0.04679880
v 0.01354798 0.67316483 -0.15581780
v -0.00620697 0.66172741 -0.24726271
v -0.03639197 0.66974157 -0.26869823
v -0.13651748 0.64839607 -0.27487474
v -0.15507538 0.64907160 -0.26184823
v -0.16895360 0.64133722 -0.23804394
v -0.21027563 0.64396561 -0.22916786
v -0.23017162 0.63675944 -0.18179121
v -0.13538288 0.66985984 0.19901241
v -0.03737864 0.68986890 0.03614985
v -0.05041598 0.66801198 0.03078965
v -0.06000663 0.65661596 -0.06597075
v -0.03952571 0.64568756 -0.08411839
v -0.12353153 0.65697173 -0.27093763
v -0.13295212 0.66267585 -0.27350813
v -0.23050773 0.62707130 -0.15651780
v -0.13939298 0.65783584 -0.01146116
v -0.15222625 0.63501439 0.00838391
v -0.21490819 0.64762183 0.04049840
v -0.05757398 0.68474777 0.19665556
v -0.02359861 0.67922009 0.17803960
v -0.00158835 0.68400073 0.14988420
v -0.00028263 0.69218609 0.10089275
v -0.08522005 0.67384168 0.00253677
v -0.09095302 0.66323715 -0.26034121
v -0.22748039 0.63905186 -0.22347240
v -0.23021649 0.62898537 -0.16975561
v -0.23863511 0.65494339 -0.16044977
v -0.21496818 0.65518815 0.15135837
v -0.20459889 0.67022997 0.15634470
v -0.10963312 0.68490304 0.19244799
v -0.03621720 0.67513374 0.18577236
v -0.02967537 0.70114184 0.17971094
v -0.02757718 0.66303833 -0.09275922
v 0.02610123 0.69743101 -0.20500869
v -0.07745128 0.66276926 -0.26245139
v -0.14549797 0.65964012 -0.27040433
v -0.23175651 0.64918310 -0.20879881
v -0.16094650 0.66006720 -0.07041083
v -0.03076310 0.67501914 -0.26570451
v -0.09042012 0.67670766 -0.26082360
v -0.22293010 0.62768043 -0.13398043
v -0.22653016 0.64901773 -0.13126998
v -0.17936129 0.64161811 -0.09042206
v -0.13641866 0.64515119 -0.06521492
v -0.16079129 0.66423002 -0.01132401
v -0.27354687 0.64610627 0.10559234
v -0.13713070 0.68092536 0.20003749
v -0.12497183 0.67959199 0.20087902
v -0.00450092 0.67890116 0.15727970
v 0.00447376 0.66970467 -0.23746443
v -0.05940217 0.66840262 -0.26978275
v -0.10497822 0.64834329 -0.26406003
v -0.23338484 0.65037243 -0.14026403
v -0.15321849 0.66321379 -0.01369932
v -0.22201905 0.66519769 0.04091784
v -0.26912204 0.63813402 0.12978280
v -0.26698552 0.65506062 0.13082975
v -0.18242176 0.67496370 0.17636417
v -0.09858874 0.69067587 0.19208270
v -0.07276360 0.68233607 0.19666067
v 0.00601343 0.65997345 -0.14594999
v 0.01899810 0.68581601 -0.22214465
v -0.12308229 0.67666260 -0.27039238
v -0.13990247 0.66921529 -0.27188490
v -0.16072022 0.66851816 -0.24588141
v -0.17754165 0.66115832 -0.23153673
v -0.21697950 0.64461812 -0.12222828
v -0.20650761 0.65026491 0.02915042
v -0.16564714 0.66618166 0.18745232
v -0.00644762 0.70212499 0.15561068
v -0.00253274 0.69702661 0.14101678
v -0.05896943 0.68248738 0.01078024
v -0.06880446 0.67668309 0.00775214
v 0.02945410 0.65807259 -0.21311389
v -0.00591127 0.68130247 -0.24611875
v -0.21192841 0.66190956 -0.23063870
v -0.14486832 0.67067019 -0.02122654
v -0.19998490 0.65248393 0.02433750
v -0.23281115 0.66581809 0.06464344
v -0.27336690 0.66135571 0.10142732
v -0.01911476 0.67956456 0.05743859
v -0.07149216 0.67980086 -0.04603283
v 0.02136436 0.67267755 -0.16705848
v 0.02867013 0.67829111 -0.18859831
v -0.15577319 0.67053541 -0.25467816
v -0.14824598 0.67131941 -0.05795151
v -0.06007785 0.70750744 0.19704037
v -0.04856931 0.71040414 0.18995735
v -0.05422157 0.67863978 0.01929446
v -0.00313821 0.66973096 -0.13428032
v -0.06480637 0.68178550 -0.27212874
v -0.08389098 0.67738471 -0.26277694
v -0.13068471 0.67631064 -0.27168706
v -0.18818959 0.66147466 -0.22886522
v -0.19058568 0.67635123 -0.22863830
v -0.18934516 0.65656957 -0.09286136
v -0.16062031 0.67547144 -0.02099411
v -0.17033353 0.67564831 -0.01342720
v -0.19506493 0.67601357 0.16371343
v -0.06905540 0.69240665 0.19839939
v -0.00197610 0.70728053 0.12502405
v -0.00276811 0.69866107 0.08297595
v -0.05606900 0.68593947 -0.27368547
v -0.16739175 0.66113814 -0.23818895
v -0.24203277 0.66235530 0.07561826
v -0.22185600 0.67007513 0.15002760
v -0.12024645 0.68790407 0.19816711
v -0.10981044 0.69670980 0.19351222
v -0.06112624 0.69466208 -0.00166927
v -0.04221257 0.67806820 -0.27074932
v -0.15060970 0.66567541 -0.26398942
v -0.22199824 0.65893375 -0.12460814
v -0.23874778 0.68531356 0.06687085
v -0.26094984 0.68157403 0.13438554
v -0.00063343 0.70466772 0.09779764
v -0.01220894 0.68228482 0.06654407
v -0.05261551 0.68312622 -0.06050022
v -0.02403853 0.67046856 -0.09739250
v 0.01539093 0.69580944 -0.16152197
v 0.02452688 0.69535233 -0.17826799
v 0.01777395 0.69864633 -0.22149788
v -0.11586795 0.68368662 -0.26721872
v -0.17181559 0.67739492 -0.23442084
v -0.18180867 0.67438191 -0.22957509
v -0.22835204 0.67017951 -0.22371235
v -0.23765579 0.65649691 -0.14724077
v -0.20575207 0.66384503 -0.10706559
v -0.04452531 0.69623762 -0.06574282
v -0.01199773 0.69345817 -0.25463452
v -0.02011327 0.68255259 -0.26140768
v -0.23405494 0.66139525 -0.18699847
v -0.23635311 0.66168597 -0.17584302
v -0.27062643 0.67576348 0.12402702
v -0.14034884 0.69991039 0.19995953
v -0.12740627 0.69859139 0.20010857
v -0.04413337 0.69097322 0.02674251
v -0.08067118 0.68558332 -0.00471336
v -0.18303107 0.67245829 0.00465463
v -0.21639994 0.66508698 0.03258046
v -0.27446943 0.67248278 0.11731051
v -0.17065175 0.69706360 0.18377953
v -0.01096768 0.69246117 0.16346671
v -0.00149495 0.70724980 -0.13907507
v 0.02407236 0.71197141 -0.18068499
v -0.02165765 0.70708455 -0.26156644
v -0.03337696 0.69269140 -0.26900124
v -0.13313731 0.70284339 -0.26991601
v -0.13268798 0.66933413 -0.05164941
v 0.00401512 0.68879259 -0.23302971
v -0.07920073 0.69852068 -0.26570766
v -0.14313955 0.68151218 -0.26854495
v -0.16271913 0.69351942 -0.24176600
v -0.19786744 0.65773314 -0.10079209
v -0.15678234 0.66942438 -0.06310960
v -0.14974806 0.68069751 -0.02992632
v -0.25432780 0.67041372 0.08376922
v -0.26355075 0.69400288 0.08565908
v -0.01102917 0.72171252 0.16179774
v -0.00173109 0.72530732 0.12432454
v -0.00159614 0.71400219 0.11012814
v 0.00002627 0.73570444 0.07685018
v -0.06655397 0.69248603 -0.03650856
v 0.01482912 0.71823883 -0.21971484
v 0.00428393 0.70966819 -0.22964758
v -0.10465093 0.69289581 -0.26182001
v -0.22245511 0.67306449 -0.22887718
v -0.23209426 0.69184594 -0.21642216
v -0.23360924 0.67914158 -0.18300479
v -0.14639491 0.68010790 -0.04498610
v -0.22896267 0.66925932 0.05538230
v -0.27596409 0.67040778 0.11042808
v -0.24596018 0.68807766 0.14324038
v -0.10983348 0.70909750 0.19461976
v -0.08100336 0.69759647 0.19842642
v -0.08679462 0.71406511 0.20003595
v -0.04717808 0.70671893 0.00853871
v 0.00111920 0.70744862 -0.23495180
v -0.23267419 0.67098823 -0.20872253
v -0.17800615 0.66549098 -0.08049980
v -0.15074057 0.68329228 -0.26239661
v -0.16914559 0.68395958 -0.06371428
v -0.15974120 0.68971899 -0.03018110
v -0.17275936 0.67233931 -0.00788746
v -0.19246095 0.67336939 0.01187133
v -0.27526630 0.68084227 0.10111694
v -0.00023353 0.72991548 0.09351151
v -0.00534476 0.70871221 0.07121651
v -0.01275950 0.71787612 0.05541355
v -0.05236764 0.71627770 -0.01164454
v -0.06129939 0.70973632 -0.01840547
v -0.06765254 0.70057524 -0.01525223
v -0.05935384 0.70972916 -0.03442934
v -0.05682616 0.70270684 -0.04901480
v 0.01971583 0.71972091 -0.17175517
v -0.23742416 0.67776967 0.14568286
v -0.17995730 0.69322281 0.17846987
v -0.04064717 0.69827255 -0.07009165
v -0.04759460 0.69893267 -0.27356806
v -0.17905892 0.68980423 -0.06777786
v -0.15428590 0.68810668 -0.03686087
v -0.21423605 0.69401157 0.01700586
v -0.21719842 0.69628757 0.15210725
v -0.20504043 0.69741678 0.15827812
v 0.02691849 0.70283818 -0.19277004
v -0.00639890 0.70507118 -0.25044823
v -0.03379985 0.70543295 -0.27192317
v -0.09534182 0.70069442 -0.26114821
v -0.24029555 0.66256254 -0.15227163
v -0.19119743 0.68936989 -0.08025824
v -0.22110245 0.69005231 0.02670100
v -0.19482622 0.70646682 0.16636835
v -0.15462896 0.69674214 0.19190288
v -0.12040455 0.72522616 0.19752044
v -0.02798053 0.71213339 0.03886884
v -0.02846114 0.69840397 -0.08800150
v -0.00763282 0.70926324 -0.12796747
v -0.21135229 0.67732819 -0.23120956
v -0.22725785 0.67642985 -0.12513533
v -0.15951954 0.68578772 -0.05566843
v -0.17229937 0.69093609 -0.02220488
v -0.19069010 0.69711336 -0.00569528
v -0.23435246 0.68433401 0.05974272
v -0.03500675 0.74088713 0.18142635
v -0.03398941 0.71922177 0.18255893
v -0.01876351 0.72556852 0.17108589
v -0.00563143 0.72486029 0.06434670
v 0.02247528 0.70229690 -0.21275093
v -0.15872263 0.69382881 -0.24658846
v -0.17910482 0.69132052 -0.01594544
v -0.19396712 0.69199965 0.00136309
v -0.25043480 0.71352148 0.07082847
v -0.24724227 0.69034870 0.07424604
v -0.26718279 0.66777823 0.09341703
v -0.00046530 0.74102736 0.07039242
v -0.02163725 0.73168504 0.03978165
v 0.02683643 0.70058437 -0.19879495
v -0.23337284 0.68937578 -0.20326389
v -0.21810619 0.69058279 -0.11187822
v -0.03696477 0.71304167 0.02421033
v -0.00639960 0.72164229 -0.12806070
v 0.01220813 0.71882232 -0.15886322
v 0.02519484 0.71500785 -0.18524612
v 0.02117605 0.74382395 -0.20120921
v -0.01661618 0.72825127 -0.25730909
v -0.22352939 0.70143509 -0.22954279
v -0.23424119 0.68813368 -0.19045367
v -0.16482765 0.70276785 -0.03978257
v -0.17390828 0.70541934 -0.03238382
v -0.14891920 0.72588521 0.19736326
v -0.12028060 0.69668252 -0.26812274
v -0.14507624 0.70876761 -0.26756135
v -0.20678602 0.68754559 -0.09872426
v -0.17137373 0.69815248 -0.05529590
v -0.15814811 0.69222649 -0.04837652
v -0.22870008 0.69045981 0.03859799
v -0.27718998 0.69400745 0.10275889
v -0.05437960 0.72483798 0.19136688
v -0.04983416 0.72605406 -0.02450597
v -0.04868331 0.72444048 -0.04729141
v -0.02804305 0.71557449 -0.08319543
v -0.00554235 0.71303706 -0.24752206
v -0.08309868 0.71320146 -0.26374456
v -0.23984748 0.69490464 -0.17676881
v -0.20505129 0.69551490 0.00754205
v -0.24176247 0.70946009 0.05592184
v -0.24213355 0.71439848 0.14622110
v -0.15278125 0.71202017 0.19570197
v -0.07663422 0.72423579 0.20089596
v -0.00262717 0.74430395 -0.23051910
v -0.03334285 0.72220480 -0.27051243
v -0.23683510 0.69907323 -0.18668908
v -0.24121522 0.67063989 -0.15883796
v -0.23141550 0.72212924 0.02039310
v -0.27903230 0.70811274 0.10324394
v -0.04066350 0.73006481 0.18538018
v -0.02439726 0.73360533 0.17447807
v -0.00654948 0.72425387 0.15277880
v -0.14956856 0.69958170 -0.26362652
v -0.15174627 0.70140778 -0.26046648
v -0.19970432 0.68690156 -0.09029938
v -0.17147544 0.70517197 -0.04502451
v -0.24848744 0.71962842 0.06353990
v -0.25321592 0.70488255 0.07660116
v -0.14962655 0.73826267 0.19867540
v -0.00335763 0.75087350 0.11404108
v 0.00099263 0.74078401 0.08214313
v -0.17621488 0.70399102 -0.23394415
v -0.22807665 0.71984554 -0.22765083
v -0.24965266 0.70940271 -0.16442527
v -0.19771034 0.70955660 -0.07486871
v -0.23043741 0.68471649 0.04692943
v -0.04266670 0.72642718 -0.00137835
v -0.04660841 0.72261167 -0.00747153
v -0.02731346 0.73926840 -0.07381822
v -0.06399035 0.71446282 -0.27021724
v -0.10935690 0.71504006 -0.26344268
v -0.15568422 0.71230287 -0.24934752
v -0.27661090 0.70230940 0.11564003
v -0.18051508 0.72736367 0.18026314
v -0.00393469 0.74892934 0.12963119
v -0.03807550 0.71838064 0.01888732
v -0.04304206 0.71218409 -0.27397318
v -0.14093840 0.72342603 -0.27083693
v -0.21573960 0.69954303 -0.10460623
v -0.18692932 0.70414575 -0.06485149
v -0.18126171 0.71384874 -0.03811979
v -0.19950201 0.70962954 -0.00653198
v -0.18599501 0.71199112 0.17508107
v -0.13390701 0.72964123 0.20105107
v -0.09249865 0.73152153 0.20140842
v -0.08614343 0.74112939 0.20176011
v -0.02868344 0.76484948 0.17413988
v -0.01458777 0.74522854 0.16042720
v -0.22891596 0.69233559 -0.22373362
v -0.24121067 0.69596042 -0.13565721
v -0.27211609 0.70335778 0.09164529
v -0.27053689 0.68763532 0.12402919
v -0.00127706 0.73800085 0.10190535
v -0.00124000 0.74924884 0.06355650
v -0.11606372 0.73578395 -0.26428599
v -0.12841124 0.71914459 -0.26900969
v -0.19046792 0.70953967 -0.23081850
v -0.19183040 0.71917532 -0.05523912
v -0.22145713 0.72184350 0.00683013
v -0.23417743 0.71538534 0.02946083
v -0.25285494 0.70860282 0.13942273
v -0.14367056 0.74062967 0.20037801
v -0.01931253 0.74643443 0.03611452
v -0.04669733 0.73369660 -0.03553045
v -0.25280626 0.71146455 -0.15697277
v -0.24623647 0.70152871 -0.14116143
v -0.26214635 0.71534363 0.13191237
v -0.23298678 0.70818247 0.14924810
v -0.16705743 0.72849765 0.18652303
v -0.07863187 0.74704122 0.19903694
v -0.00376857 0.72207076 0.14416227
v -0.03094922 0.74193765 0.01565075
v -0.08345336 0.73595061 -0.26509718
v -0.23231666 0.71962603 -0.22084909
v -0.23740191 0.72797893 -0.20447163
v -0.24361842 0.68023206 -0.14591817
v -0.25766730 0.72504627 0.07572730
v -0.19983273 0.72573688 0.16389173
v -0.12911679 0.74915698 0.19768889
v -0.06759571 0.74314149 0.19421469
v -0.01811163 0.72793145 -0.10050868
v -0.00200691 0.72223475 -0.13668852
v 0.00461166 0.75006217 -0.22165207
v -0.14903561 0.72590576 -0.26612406
v -0.16485673 0.71748519 -0.24067305
v -0.19864165 0.72034868 -0.06632249
v -0.27000720 0.71596853 0.08594483
v -0.18844980 0.73823386 0.17540256
v -0.11466962 0.73906060 0.19695794
v -0.00526027 0.75206319 0.05430102
v -0.00680612 0.76769052 0.04365338
v -0.03672551 0.74713690 -0.01515143
v -0.03506279 0.74382627 -0.05753174
v -0.00868702 0.74231481 -0.24635436
v -0.05440499 0.72898050 -0.27229183
v -0.15663137 0.74105053 -0.25004371
v -0.16268897 0.73596822 -0.24316483
v -0.19085925 0.72289800 -0.04213244
v -0.18912129 0.71145479 -0.02101184
v -0.24448125 0.73378223 0.03752512
v -0.20678478 0.73307596 0.16023151
v -0.04968993 0.75354411 0.18751255
v -0.00652777 0.76657960 0.13534240
v -0.03855554 0.74924581 -0.03022679
v -0.22387062 0.73073930 -0.23213386
v -0.24409963 0.72744023 -0.18300376
v -0.24986369 0.69987939 -0.15092921
v -0.23319199 0.71385322 -0.12077725
v -0.21328054 0.71162895 -0.09128240
v -0.19478426 0.72436276 -0.02854119
v -0.25391416 0.74217258 0.05866361
v -0.15050736 0.75668608 0.19840965
v -0.00909488 0.77151930 0.14372523
v 0.02069596 0.76015639 -0.17408851
v -0.06292865 0.74477612 -0.27088649
v -0.19387482 0.72358212 -0.23219856
v -0.27959339 0.73380964 0.11166278
v -0.13467574 0.75683063 0.19850745
v -0.09614152 0.76132642 0.20138824
v -0.01642597 0.75031345 -0.25653835
v -0.03272006 0.74310219 -0.26857949
v -0.20001366 0.71211395 -0.23053429
v -0.21568151 0.72261983 -0.23275349
v -0.20091224 0.73612690 -0.04245733
v -0.07090762 0.77280292 0.19328136
v -0.02030476 0.75954309 0.02617048
v -0.01791381 0.74922646 -0.09482738
v 0.02276572 0.75136004 -0.18673443
v 0.01727486 0.74777633 -0.20788667
v -0.03969407 0.74503373 -0.27074961
v -0.10643555 0.72493256 -0.26338314
v -0.24176731 0.72175369 -0.12817681
v -0.24123689 0.74429140 -0.11554109
v -0.21622328 0.72829521 -0.08304915
v -0.27992877 0.72325276 0.10786854
v -0.23714834 0.73958029 0.15036823
v -0.21653246 0.72547369 0.15538195
v -0.00160254 0.77769147 0.09973247
v 0.00186185 0.75940657 0.08600209
v -0.02822315 0.75694832 0.00621441
v -0.03271691 0.76023873 -0.03941195
v -0.00233480 0.75778510 -0.12921452
v -0.00259414 0.75563266 -0.22760717
v -0.02281109 0.75878832 -0.26014984
v -0.10715483 0.75074485 -0.26355844
v -0.23908143 0.72277066 -0.19295951
v -0.21062274 0.73093291 -0.01229881
v -0.16808246 0.74668198 0.18752671
v -0.01858856 0.77770878 0.15959732
v -0.00801187 0.74824965 -0.11874069
v -0.00784167 0.75686532 -0.24266588
v -0.03447397 0.75618180 -0.26744077
v -0.07606704 0.75004688 -0.26697070
v -0.13390956 0.73759710 -0.26920263
v -0.18272344 0.72597117 -0.23624811
v -0.20308924 0.73470370 -0.23179099
v -0.25218527 0.72132804 -0.16422808
v -0.18283784 0.74646512 0.18034064
v -0.11970216 0.75932639 0.19869620
v -0.06015992 0.77203448 0.18879445
v -0.00377031 0.76960129 0.10800309
v -0.02880187 0.76765018 -0.03274935
v -0.02990905 0.76050372 -0.05063187
v 0.01016988 0.76849172 -0.14767645
v -0.24860953 0.73557355 -0.17446020
v -0.22081426 0.71831218 -0.09771190
v -0.26433809 0.75013743 0.12976520
v -0.25168277 0.73410941 0.14102546
v -0.19400493 0.75272556 0.17337852
v -0.00610701 0.77300667 0.12296884
v 0.00515794 0.78267267 0.07657704
v -0.05753780 0.75329419 -0.27182248
v -0.14389431 0.74678928 -0.27009609
v -0.20393096 0.73826574 -0.03124151
v -0.24279025 0.73371675 0.03301009
v -0.02430694 0.75522816 -0.07116728
v -0.08100957 0.75357917 -0.26573766
v -0.15291355 0.72889909 -0.25843555
v -0.18093117 0.74719689 -0.24093092
v -0.25948014 0.73836038 -0.15924459
v -0.22183230 0.74355990 -0.07746993
v -0.21012060 0.74049949 -0.02130369
v -0.23935000 0.73962995 0.02098499
v -0.27743579 0.71786457 0.09239317
v -0.17033190 0.76171819 0.18738841
v -0.14308874 0.76976650 0.19840053
v -0.03497365 0.76977794 0.17814984
v -0.05377238 0.76069707 -0.27030106
v -0.20346990 0.73777122 -0.04958826
v -0.01197610 0.77199393 0.15082712
v 0.00682950 0.79129148 0.06495527
v -0.25489117 0.73851811 -0.13846976
v -0.21249154 0.74596939 -0.05681357
v -0.27567564 0.73122790 0.08683986
v -0.28243083 0.73364923 0.09953102
v -0.15799107 0.77280145 0.19556082
v -0.08799456 0.77504830 0.20211105
v -0.01878499 0.77781948 0.01777593
v -0.02457102 0.76871023 0.00063430
v -0.02112221 0.77884426 -0.05303660
v -0.09189762 0.75258919 -0.26534629
v -0.15515220 0.75889320 -0.25348284
v -0.19731210 0.74501012 -0.23360648
v -0.21588297 0.74680044 -0.23414273
v -0.26143898 0.74606630 -0.14534614
v -0.25658704 0.73812328 0.06898094
v -0.26459461 0.73626362 0.07940995
v -0.24892608 0.75876780 0.14387199
v -0.23445455 0.74433857 -0.21526208
v -0.22770246 0.74259260 0.00107772
v -0.25664356 0.75568763 0.04516756
v -0.27310647 0.73494295 0.12008709
v -0.22635938 0.77745203 0.16017679
v -0.12945569 0.77784019 0.20123078
v -0.02575857 0.78861966 0.16527953
v -0.01735777 0.76739845 -0.08849133
v -0.01415845 0.77113591 -0.09525815
v 0.02172420 0.77447255 -0.18130791
v 0.01290709 0.75685423 -0.21073544
v -0.00331187 0.76848971 -0.22402322
v -0.13974719 0.75395795 -0.26987233
v -0.26156695 0.74090537 -0.15376511
v -0.26316109 0.74728998 -0.14976591
v -0.22466680 0.75068005 -0.07428206
v -0.21947341 0.76091985 -0.04422580
v -0.28125293 0.77464836 0.08141211
v -0.28686569 0.75398374 0.10366250
v -0.10989670 0.77216196 0.19964661
v -0.00583947 0.78342190 0.11563422
v -0.01681961 0.78531902 -0.01155244
v -0.00864687 0.77633904 -0.24137309
v -0.14738162 0.75365097 -0.26673594
v -0.16359931 0.75852366 -0.24657600
v -0.19733662 0.76550551 -0.23552382
v -0.22499024 0.75994436 -0.23314201
v -0.26896674 0.76771761 0.07433907
v -0.01470643 0.77303317 -0.25161030
v -0.03017014 0.76934121 -0.26452158
v -0.03819670 0.77469712 -0.26612433
v -0.25780315 0.74146139 -0.16446516
v -0.22220010 0.75893664 -0.02760201
v -0.20363032 0.75002122 0.16465540
v -0.17335421 0.78573787 0.18664862
v -0.13568905 0.79034838 0.20232760
v -0.01786662 0.78447277 0.00651820
v -0.02726072 0.76478451 -0.01262370
v 0.02034541 0.78377509 -0.16581138
v 0.01706927 0.77273449 -0.19892940
v -0.07654085 0.77819065 -0.26596571
v -0.13149548 0.76182442 -0.26788489
v -0.21807956 0.76261764 -0.23623086
v -0.23421406 0.75186687 -0.08822360
v -0.26188088 0.75763678 0.06848457
v -0.28595326 0.77591819 0.08545213
v -0.23662065 0.77075271 0.15332261
v -0.19507109 0.77833138 0.17686234
v -0.01377727 0.79992922 0.14776053
v 0.00406826 0.79406378 0.07701333
v -0.00707348 0.77392791 -0.10765653
v 0.01720707 0.78653578 -0.15659469
v 0.01057333 0.79020725 -0.20367819
v -0.03793761 0.78370151 -0.26263606
v -0.17926750 0.75975056 -0.24276529
v -0.24748959 0.76729286 0.00984234
v -0.09577242 0.78684686 0.20136271
v -0.08495490 0.79507706 0.19814694
v 0.00746100 0.79615883 0.05824739
v -0.00068074 0.78420122 -0.21550927
v -0.05830205 0.77397700 -0.26781141
v -0.24873761 0.73948974 -0.12885239
v -0.22539350 0.75329598 -0.01039204
v -0.25023371 0.76007201 0.01999528
v -0.21316759 0.76519886 0.16277839
v -0.07650406 0.80639655 0.19352127
v -0.04185550 0.77399674 0.18104551
v 0.00817595 0.79341749 -0.13097596
v -0.01681470 0.78805729 -0.24887585
v -0.15526576 0.78249684 -0.25469080
v -0.25576835 0.76050868 0.03252818
v -0.16506225 0.78591065 0.19126348
v -0.06193216 0.78699930 0.18721254
v -0.00482535 0.79867381 0.10766598
v 0.00487087 0.78694198 0.05482933
v -0.01348086 0.79457231 -0.03375754
v -0.01439093 0.79039691 -0.08284801
v -0.24566332 0.74845325 -0.18880787
v -0.24248258 0.75178489 -0.11219997
v -0.11645889 0.78750823 0.20030565
v -0.01667091 0.79715969 0.15492919
v -0.00008184 0.80444939 0.08521126
v -0.01795269 0.78034376 -0.07148130
v -0.01114898 0.79917635 -0.08949183
v -0.00574317 0.77912649 -0.22494137
v -0.10804043 0.77116461 -0.26286648
v -0.11566896 0.75366638 -0.26365931
v -0.22967018 0.75285725 -0.22744152
v -0.23633378 0.76079024 -0.21331325
v -0.23583332 0.74696345 -0.09898175
v -0.00758539 0.80556208 -0.04209760
v -0.01011621 0.78517923 -0.23674127
v -0.02744462 0.79274378 -0.25603339
v -0.14290603 0.77816388 -0.26913466
v -0.14876389 0.77814576 -0.26544387
v -0.23997054 0.77004883 -0.07736452
v -0.22396492 0.76206628 -0.05445731
v -0.28753072 0.76456858 0.09233231
v -0.04576586 0.79994300 0.17745066
v -0.01184787 0.79934265 0.14162343
v -0.23761926 0.78066270 -0.21416340
v -0.26663085 0.77296452 -0.16373028
v -0.21550027 0.80548772 0.17005711
v -0.14878008 0.79391837 0.19953530
v -0.00903454 0.80004375 0.12658097
v -0.01599441 0.77376007 0.02635920
v 0.02197789 0.79736609 -0.17192431
v -0.04893877 0.79817026 -0.26165765
v -0.09158080 0.77300361 -0.26576172
v -0.14623702 0.78284197 -0.26608902
v -0.23155031 0.77453912 -0.22235628
v -0.25056390 0.77959979 -0.18441021
v -0.24715605 0.76583455 -0.10768991
v -0.23559729 0.76998408 -0.01324035
v -0.26299258 0.76628756 0.05445078
v -0.24419266 0.77795265 0.14749833
v 0.00128798 0.79732822 0.03989259
v -0.00199837 0.79469318 -0.10753149
v 0.02041813 0.81551659 -0.15366918
v 0.02045705 0.77981406 -0.18884031
v -0.03778906 0.79831435 -0.25894057
v -0.13826417 0.79018568 -0.26819883
v -0.21509066 0.78107595 -0.23754967
v -0.26177709 0.77925108 -0.17239353
v -0.24878045 0.77421106 -0.08979747
v -0.26977699 0.78924930 0.12622748
v -0.18187491 0.76512689 0.18224578
v -0.00782794 0.80383998 0.01999401
v -0.00482184 0.80056001 -0.21582750
v -0.05937289 0.79039522 -0.26433527
v -0.16274298 0.76836168 -0.24819635
v -0.24289091 0.75570541 -0.20123420
v -0.27205582 0.78651661 0.06784529
v -0.28185497 0.77147111 0.11275855
v -0.05922194 0.80906404 0.18102996
v -0.03972812 0.80960225 0.17097754
v -0.00355939 0.81513263 -0.03608484
v -0.13118148 0.79559535 -0.26697095
v -0.16759824 0.80255486 -0.24475222
v -0.24895126 0.78536991 -0.19420811
v -0.25291944 0.76942178 -0.17800800
v -0.23615056 0.77387750 -0.06253881
v -0.26263998 0.78781501 0.01558770
v -0.19507556 0.80203229 0.17985087
v -0.06650686 0.80745847 0.18647400
v -0.01276958 0.79520479 -0.06745707
v -0.25515209 0.76597982 -0.12383114
v -0.25691636 0.77833343 -0.11830462
v -0.23273264 0.77952338 -0.04067781
v -0.24737238 0.77862507 -0.00099511
v -0.25988714 0.77463498 0.02423112
v -0.08893849 0.79898778 -0.26238544
v -0.20288109 0.79293995 0.17371730
v -0.19061227 0.81807796 0.18331185
v -0.17537362 0.82584561 0.18781541
v -0.16940812 0.82981022 0.19046120
v -0.03336946 0.80069036 0.16922793
v -0.01242019 0.82150505 0.13468066
v -0.01114329 0.80708757 -0.07526193
v -0.00258979 0.81925905 -0.20511050
v -0.22373218 0.78017680 -0.23380954
v -0.28978701 0.77567300 0.10067755
v -0.28753109 0.77748048 0.10672876
v -0.15732266 0.79881416 0.19632475
v -0.12764934 0.82200869 0.20101703
v -0.11252191 0.82395164 0.19797653
v -0.00780086 0.82025930 0.10985598
v 0.00595325 0.81474760 0.03915488
v -0.23049740 0.79081096 -0.22327799
v -0.26190658 0.79356895 -0.09423067
v -0.27525627 0.79606597 0.06361391
v -0.06660587 0.83561842 0.18008304
v -0.02458911 0.83285168 0.15467400
v 0.00158266 0.81547959 0.07528684
v -0.00910261 0.81016585 -0.00156466
v 0.00942420 0.80592077 -0.19793613
v -0.10576016 0.79413233 -0.26165908
v -0.21810582 0.79404551 -0.23734288
v -0.24123940 0.79059498 -0.05198839
v -0.27098847 0.78658716 0.04659019
v -0.21103071 0.81413243 0.17374186
v 0.01236317 0.80879015 -0.13159129
v 0.02117356 0.83772707 -0.16947768
v 0.01535820 0.80354460 -0.19163306
v -0.01941875 0.80717155 -0.24863098
v -0.07095314 0.80849682 -0.25964126
v -0.19230279 0.78866303 -0.23754186
v -0.21032629 0.79874588 -0.24036102
v -0.29064913 0.79447506 0.08646540
v -0.09385415 0.81705319 0.19763464
v -0.11201968 0.80558817 -0.26088909
v -0.15027168 0.79400260 -0.26314127
v -0.27130460 0.80918128 0.00767746
v -0.28135663 0.80027400 0.07317235
v -0.01792942 0.82155601 0.14984748
v -0.01481037 0.83654064 0.13632529
v -0.00379325 0.82012344 -0.05527685
v 0.00312886 0.81002294 -0.11280758
v -0.01560498 0.81375406 -0.24137394
v -0.03284937 0.82071770 -0.25410568
v -0.14244098 0.80426982 -0.26869361
v -0.22572956 0.80174783 -0.22811126
v -0.27336944 0.78565143 -0.15149419
v -0.24226439 0.78948004 -0.03592592
v -0.26663349 0.79487577 0.12950763
v -0.22933397 0.82208331 0.16123117
v -0.00699465 0.83525794 -0.07671023
v -0.00741224 0.83452972 -0.08703184
v -0.05658561 0.81657369 -0.25839786
v -0.06679191 0.82737437 -0.25761206
v -0.08408864 0.81653636 -0.26058419
v -0.27293433 0.80166603 -0.16305254
v -0.27187575 0.78262567 -0.15502858
v -0.13826933 0.82959522 0.20174717
v -0.04082427 0.83536099 0.16413716
v -0.00492809 0.82666572 0.08771260
v 0.00922786 0.82188148 0.05583754
v 0.00926130 0.82094634 0.04865724
v -0.00632999 0.81598459 -0.09474035
v 0.01634918 0.83270873 -0.13017599
v 0.02241057 0.82059542 -0.16654405
v 0.00186782 0.83296850 -0.19405552
v -0.01010934 0.81629477 -0.21965724
v -0.01801323 0.83218695 -0.24450770
v -0.25293713 0.79271686 -0.01160043
v -0.28523831 0.80135167 0.11259722
v -0.23889304 0.81025387 0.15316117
v -0.08895983 0.84091522 0.19407213
v -0.07756164 0.82893067 0.19155477
v -0.05606260 0.83367373 0.17313726
v 0.00313805 0.82138655 0.02998838
v -0.00386954 0.82151421 0.01569859
v -0.00932009 0.80752661 0.01107368
v 0.01931214 0.81195094 -0.18209193
v -0.03902124 0.83227326 -0.25350184
v -0.25558927 0.79510164 -0.18115240
v -0.26865523 0.81555727 -0.17458530
v -0.25362230 0.79346545 -0.06812113
v -0.28521256 0.81266631 0.07101063
v -0.01445632 0.82388077 0.14116944
v -0.00919203 0.83311253 0.11102421
v 0.00703570 0.83357466 0.06138078
v 0.01188846 0.83634740 -0.18441414
v -0.00644885 0.82173682 -0.21065343
v -0.09626795 0.81686793 -0.25994984
v -0.13589390 0.82443858 -0.26843202
v -0.20865081 0.82325544 -0.24106667
v -0.23626389 0.79997563 -0.21832960
v -0.25012537 0.81366032 -0.20134082
v -0.27193872 0.77979135 -0.14711878
v -0.27084581 0.79643935 -0.13124672
v -0.25472235 0.81213784 -0.04233922
v -0.28156429 0.81781729 0.02044385
v -0.15545010 0.82458822 0.19912571
v -0.02334274 0.85508699 0.14881817
v 0.00984560 0.84061798 0.03706187
v -0.00841414 0.83696350 -0.21130126
v -0.12611553 0.81820231 -0.26561638
v -0.16132345 0.80735217 -0.24838155
v -0.29564851 0.81110226 0.08991356
v -0.25341455 0.80916899 0.14029207
v -0.11237735 0.83620806 0.19727156
v -0.00035477 0.84421543 -0.05369181
v -0.00260107 0.84631887 -0.09651122
v -0.26568917 0.79957916 -0.10781916
v -0.08625351 0.82769700 -0.26171110
v -0.20194070 0.82069885 -0.24274250
v -0.27221479 0.80957106 -0.09225758
v 0.01666601 0.83819362 -0.17843876
v -0.01219489 0.83774412 -0.23111258
v -0.09759926 0.83133773 -0.26479918
v -0.14779708 0.81730344 -0.26537088
v -0.24312754 0.80166719 -0.21028097
v -0.24582630 0.79767872 -0.20583413
v -0.27673241 0.80290646 -0.14113913
v -0.27591308 0.81454696 -0.12272976
v -0.26078776 0.79535215 -0.08404135
v -0.26113377 0.81980836 -0.03781530
v -0.26951199 0.81194447 -0.00169407
v -0.28129772 0.80770209 0.05188187
v -0.28919878 0.82633808 0.06743464
v -0.29005968 0.82871128 0.10927546
v 0.02298502 0.84212707 -0.15002262
v -0.02561670 0.84331676 -0.24895150
v -0.15735383 0.81049218 -0.25234836
v -0.23094500 0.81426036 -0.22330339
v -0.25223515 0.81077128 -0.18853293
v -0.25395379 0.80640290 -0.05456224
v -0.24986067 0.82785961 0.14334967
v -0.13910078 0.84898854 0.20094271
v -0.12684361 0.84632855 0.20217824
v -0.11199725 0.84761078 0.19608012
v 0.01118035 0.84619407 0.04554476
v -0.00234976 0.83693367 0.00449290
v -0.00359121 0.83281685 -0.01033245
v -0.24627606 0.84702354 -0.21185317
v -0.26730952 0.81162615 -0.07031522
v -0.28011641 0.81205993 0.02685088
v -0.29448001 0.82304331 0.10373563
v -0.27291816 0.82167863 0.12555646
v -0.00428516 0.83680711 -0.20033437
v -0.01130160 0.85490074 -0.22770778
v -0.07627950 0.84838055 -0.25849019
v -0.17654634 0.81399905 -0.24255780
v -0.27902684 0.80508047 0.04049590
v -0.03534415 0.85192819 0.15752424
v 0.01156707 0.84422691 -0.11307463
v 0.02127989 0.84309397 -0.13832543
v -0.11496129 0.82023717 -0.26154378
v -0.26670969 0.81295654 -0.02259054
v -0.05284894 0.86050947 0.16448292
v -0.01929162 0.85007450 0.14288963
v -0.00717247 0.85363740 0.08448961
v -0.00065166 0.83735721 0.01138943
v 0.00069698 0.83997122 -0.02885237
v -0.05201781 0.84297567 -0.25191144
v -0.24274521 0.84678813 -0.21602755
v -0.25531999 0.82426646 -0.18753482
v -0.27716244 0.82230421 -0.07639714
v -0.09851331 0.85499252 0.19539993
v -0.02620420 0.84982217 0.15299482
v 0.02639606 0.86890925 -0.13827621
v -0.15840981 0.84439064 -0.24985857
v -0.21403843 0.82692619 -0.23596141
v -0.27888876 0.82133291 -0.11327034
v -0.27410774 0.82909627 -0.06047446
v -0.26476839 0.82622643 -0.04816832
v -0.30052720 0.84721099 0.04661387
v -0.28407773 0.82403736 0.11554690
v -0.20670958 0.84063410 0.17523050
v -0.17365724 0.85896722 0.18563458
v -0.09061287 0.85148219 0.19175693
v -0.03204595 0.87261044 0.15274122
v -0.00334901 0.83358696 0.07914629
v 0.00600423 0.84733625 0.02233343
v 0.02188871 0.85833734 -0.16547585
v -0.13076199 0.84960824 -0.26603903
v -0.26959119 0.83321466 -0.04085884
v -0.29876218 0.83265557 0.08474676
v -0.21463970 0.86072896 0.17043679
v -0.01131448 0.85851644 0.10328092
v 0.00001605 0.84946795 0.06708812
v 0.00283807 0.84953313 -0.03892764
v -0.00483229 0.85627312 -0.08981327
v 0.01044792 0.85510554 -0.11018723
v 0.02288098 0.84319605 -0.16113609
v 0.01797940 0.85981588 -0.17156293
v -0.01747251 0.86406059 -0.23528831
v -0.10084416 0.85409970 -0.26358091
v -0.15083117 0.84445281 -0.26018934
v -0.25039261 0.84159729 -0.19872877
v -0.27914984 0.83910131 -0.16408497
v -0.27934823 0.81864380 -0.15485190
v -0.28123171 0.81955075 -0.14606033
v -0.28241878 0.84043684 -0.02753705
v -0.28277148 0.83390958 -0.00867176
v -0.30190093 0.85564555 0.01339465
v -0.30201853 0.85669205 0.06399493
v -0.11837763 0.85632024 0.19986655
v -0.01324580 0.85078079 0.11737341
v -0.00423228 0.85623523 -0.06634766
v 0.02391637 0.86362439 -0.13027262
v -0.20087033 0.83714222 -0.24448672
v -0.28817318 0.83370087 0.01048006
v 0.00327472 0.86019016 -0.04851372
v -0.00673628 0.85841166 -0.08034845
v -0.00872516 0.86204705 -0.20460755
v -0.05496635 0.86316482 -0.25123502
v -0.11832004 0.84043169 -0.26115679
v -0.18339789 0.82759623 -0.24218193
v -0.12356133 0.87003645 0.19941877
v -0.07022421 0.86961041 0.17361915
v 0.01026623 0.87203682 0.02214271
v 0.00741884 0.85385039 -0.18268141
v -0.00693027 0.85996361 -0.19806730
v -0.07939169 0.86333219 -0.25897113
v -0.23647680 0.84928943 -0.22044614
v -0.24897313 0.83500108 -0.20490712
v -0.28097249 0.84038781 -0.05880004
v -0.27053931 0.84628308 0.12720227
v -0.08162372 0.86728768 0.18323966
v -0.02154392 0.86728123 0.13376793
v 0.01160667 0.85199716 0.03973868
v -0.06028040 0.84800646 -0.25289175
v -0.09217352 0.85814165 -0.26393947
v -0.14187836 0.84157265 -0.26644062
v -0.21366255 0.84662756 -0.23303302
v -0.26532824 0.82258168 -0.17992795
v -0.29774030 0.82276287 0.09738138
v -0.25685731 0.83946786 0.13745833
v -0.18394706 0.87811637 0.17984079
v 0.00758372 0.86920924 0.05407047
v 0.00331956 0.86914692 -0.01838930
v 0.02549220 0.86714149 -0.15153506
v 0.00026221 0.87815067 -0.17875203
v -0.22746614 0.83429909 -0.22505521
v -0.28012244 0.84628897 -0.03970030
v -0.15688027 0.84088679 0.19740903
v 0.01067971 0.84835367 0.05049902
v -0.11328091 0.85933249 -0.26009410
v -0.29835561 0.85029884 0.10012833
v -0.28284808 0.85683988 0.11662928
v -0.21879625 0.86975921 0.16587803
v -0.10355811 0.86999158 0.19856167
v -0.01680497 0.87618026 0.11696968
v 0.00058994 0.88212878 -0.09255971
v -0.00388973 0.86648125 -0.18918592
v -0.03444301 0.85929791 -0.24915532
v -0.22151347 0.83610408 -0.22835832
v -0.29362669 0.85112924 -0.11005430
v -0.22764747 0.85571447 0.16154224
v -0.20129943 0.86895080 0.17569304
v -0.11880645 0.88134691 0.19671074
v 0.00990708 0.88712133 -0.03873662
v -0.00899587 0.87683721 -0.21629749
v -0.06428986 0.87534266 -0.25399054
v -0.28223368 0.82618740 -0.10170186
v -0.29200102 0.84678695 -0.08403431
v -0.27949371 0.84529705 -0.04837451
v -0.19227706 0.86127896 0.18033254
v -0.01201418 0.86724901 0.10466009
v 0.00812031 0.90492106 -0.01574690
v -0.25686406 0.85118413 -0.19305440
v -0.28330922 0.83182950 -0.12891324
v -0.29032663 0.85055297 -0.02371044
v -0.20747515 0.89720857 0.16717390
v 0.01738653 0.85145710 -0.12230057
v -0.04762381 0.87821751 -0.24928431
v -0.14330209 0.86266880 -0.26345579
v -0.27252058 0.83471412 -0.17492215
v -0.30245286 0.84498568 0.08725685
v -0.16988918 0.88748271 0.18267634
v 0.00102319 0.85954678 -0.00501565
v -0.01144236 0.88238607 -0.22315836
v -0.01303557 0.90292533 -0.21986799
v -0.14813400 0.87807834 -0.25684233
v -0.29255441 0.86015512 -0.06079329
v -0.14529678 0.87775223 0.19512119
v -0.28805894 0.85149294 -0.14773042
v -0.30443831 0.86025648 0.09195323
v -0.10105210 0.88926935 0.19372723
v -0.05783732 0.88533229 0.16042080
v -0.03768085 0.87867713 0.15462546
v -0.01529482 0.88744455 0.11074151
v 0.00718251 0.87263115 -0.03395555
v 0.02525359 0.88082547 -0.15523949
v -0.11599548 0.87695424 -0.25961462
v -0.12606484 0.87018517 -0.26338129
v -0.16436169 0.84862654 -0.24561417
v -0.21374039 0.85985445 -0.22985712
v -0.27050136 0.85722460 -0.18384446
v -0.28485470 0.85661791 -0.04005565
v -0.21896187 0.89698583 0.16130212
v -0.08981996 0.88443484 0.18599157
v -0.08225576 0.89992898 0.17629010
v -0.00624797 0.87461502 0.07466692
v 0.00997935 0.88260166 0.04899493
v -0.24783686 0.86449314 -0.20436040
v -0.28805747 0.84507140 -0.13410863
v -0.29663974 0.85623250 -0.00788581
v -0.30397283 0.85533138 0.02957886
v -0.30860508 0.87899896 0.08162891
v -0.24873965 0.87762419 0.13957076
v -0.11722519 0.89246307 0.19250576
v -0.03253976 0.89010445 0.14613704
v -0.29698437 0.85600125 -0.08820163
v -0.30162697 0.85694378 0.07059930
v -0.25585352 0.87701019 0.13445443
v -0.24269609 0.87880745 0.14516571
v -0.15210871 0.89221723 0.18997829
v -0.06546949 0.90181930 0.16323638
v -0.00418359 0.87161679 0.06636227
v -0.07648975 0.87885167 -0.25635784
v -0.25602878 0.87191311 -0.19803889
v -0.27267273 0.88131440 -0.18494853
v -0.29105380 0.86771602 -0.04431908
v -0.30780359 0.86438835 0.04901386
v -0.27057514 0.89639637 0.12341974
v -0.00395215 0.89698308 0.05951377
v 0.01611856 0.87669976 -0.16814359
v -0.03257653 0.87322660 -0.24617438
v -0.20036771 0.87152674 -0.24145062
v -0.30281265 0.87330130 -0.02109802
v -0.00961753 0.88918503 0.09522519
v 0.00700866 0.87425419 0.00899587
v 0.00591198 0.88946958 -0.00896567
v 0.00895858 0.88838708 -0.04397124
v -0.00096417 0.88998304 -0.06319411
v 0.00767977 0.89533110 -0.09617574
v -0.00545041 0.90734278 -0.17418170
v -0.23535372 0.88042612 -0.21925018
v 0.01189261 0.87922142 0.04375156
v -0.00395757 0.87919658 -0.06925109
v 0.02338916 0.88933244 -0.11385540
v -0.02134381 0.88634876 -0.23210938
v -0.05208083 0.88769599 -0.24952953
v -0.09193193 0.87750785 -0.26306600
v -0.13546187 0.88150735 -0.26175309
v -0.22112955 0.86191391 -0.22553384
v -0.29730148 0.86672569 -0.12208759
v -0.30742812 0.87190382 0.00412033
v -0.31492498 0.88477883 0.02134870
v -0.24666471 0.90111988 0.13661204
v -0.19444394 0.91413075 0.16923675
v -0.11964045 0.90792263 0.18975504
v -0.09936037 0.90052370 0.19202670
v -0.06955003 0.90013126 0.16612831
v -0.00067157 0.87644238 0.06043883
v -0.00325608 0.88283137 -0.08621508
v 0.00955347 0.88167874 -0.17074056
v -0.00742823 0.89275022 -0.19825976
v -0.30037599 0.87952454 0.09728839
v 0.01222236 0.88068649 0.02517913
v 0.01900074 0.88379943 -0.10977109
v -0.20531665 0.86703854 -0.23818883
v -0.21467159 0.87305023 -0.22691820
v -0.29913628 0.86823232 -0.07636815
v -0.04352765 0.89527563 0.15512074
v -0.00708853 0.89206606 -0.18691690
v -0.24588011 0.89113100 -0.20799546
v -0.30289113 0.87199096 -0.09464678
v -0.29435346 0.86601148 -0.03427230
v -0.02032171 0.89760518 0.11853945
v 0.01313188 0.91605061 0.01030167
v -0.08925529 0.89650405 -0.25689522
v -0.19268959 0.88993508 -0.24133145
v -0.24018442 0.88868924 -0.21452215
v -0.29703452 0.87720094 -0.13123999
v -0.30098514 0.87699590 -0.06308469
v -0.22751354 0.89977775 0.15472938
v -0.22279725 0.91525130 0.15637761
v -0.13687731 0.89879592 0.19539984
v 0.01312464 0.88666129 0.03489006
v 0.03019302 0.90366458 -0.12948098
v 0.00036365 0.90181833 -0.16624598
v -0.21769010 0.90365519 -0.22111979
v -0.29194106 0.86607699 -0.05024618
v -0.16796476 0.91525787 0.17544510
v -0.00991332 0.90445329 0.08799568
v 0.00883738 0.90022266 -0.04758988
v -0.02663016 0.89555532 -0.23319449
v -0.25844066 0.89321355 -0.19880212
v -0.27824159 0.88205360 -0.17794358
v -0.30647454 0.88733275 -0.09908441
v -0.30997338 0.88627970 -0.01031998
v -0.31155414 0.89032400 0.06808147
v -0.09964220 0.91379012 0.18535335
v -0.09203235 0.91293215 0.18182092
v -0.03169964 0.90625881 0.13571314
v -0.00941344 0.90034065 0.06833891
v -0.00369110 0.90382382 -0.07289204
v 0.02708354 0.89223929 -0.12220827
v 0.00568061 0.89630470 -0.16564370
v -0.00791637 0.89458673 -0.21174342
v -0.04513265 0.90698404 -0.24119826
v -0.07004338 0.89601885 -0.24794432
v -0.08499740 0.90566635 -0.25308047
v -0.12523891 0.88917419 -0.26119248
v -0.14425793 0.89864228 -0.25398996
v -0.16135518 0.88690869 -0.24305822
v -0.22953895 0.90128273 -0.21938955
v -0.28907353 0.87426150 -0.15427496
v -0.30411886 0.88291145 -0.07375598
v -0.29941125 0.89401760 -0.04009429
v -0.30890512 0.89373809 -0.02778365
v -0.27823896 0.90074665 0.11714394
v -0.20952436 0.91354866 0.16351764
v 0.01030302 0.91017204 -0.00160534
v -0.00284960 0.90077693 -0.17180754
v -0.20429472 0.90529518 -0.22747126
v -0.29517666 0.88817761 -0.14241658
v -0.05932376 0.91163198 0.16018108
v 0.01089541 0.90732777 -0.02552045
v -0.00183068 0.91577404 -0.07520412
v 0.02905031 0.93289472 -0.10729652
v 0.02961512 0.90009963 -0.13818900
v 0.02195801 0.88290042 -0.16012027
v 0.02047300 0.90079291 -0.15530101
v -0.10668109 0.90590757 -0.25232926
v -0.13357065 0.90263077 -0.25878596
v -0.18156863 0.90806406 -0.23908622
v -0.20941053 0.90550994 -0.22337532
v -0.30770965 0.90337891 -0.10843280
v -0.24351250 0.91443847 0.13780607
v -0.09356677 0.92751170 0.17869335
v -0.07773629 0.91764854 0.16871991
v -0.02159867 0.91266313 0.11914023
v -0.01353083 0.92048356 0.10137856
v 0.00572438 0.91122482 0.05086060
v 0.01041269 0.90257108 0.04458872
v 0.01240963 0.91369751 0.02149771
v -0.22337545 0.90841774 -0.22110635
v -0.32049507 0.90444136 0.02078328
v -0.31413317 0.90652238 0.06455390
v -0.30917507 0.89507138 0.08570268
v -0.22083326 0.92349361 0.15925610
v -0.20013691 0.92346110 0.16918319
v -0.14646257 0.91999794 0.18574758
v -0.03826012 0.90739360 0.14607356
v -0.01126038 0.92122129 0.09047438
v 0.00661071 0.91256595 -0.09213422
v -0.03263839 0.92017826 -0.22636058
v -0.19507620 0.90707949 -0.23687521
v -0.23616582 0.90428705 -0.21661272
v -0.24530085 0.90335562 -0.20836217
v -0.25585034 0.90407646 -0.19980874
v -0.28473701 0.87897247 -0.16350779
v -0.30507502 0.89661350 -0.05280643
v -0.31435092 0.88824630 0.00824751
v -0.29050340 0.88192656 0.10737271
v -0.26992064 0.91550501 0.12168485
v -0.15240210 0.92430442 0.18434431
v -0.13869352 0.92925627 0.18716896
v -0.11591414 0.92257214 0.18313712
v 0.01100802 0.93310739 -0.01478397
v -0.00872709 0.91410869 -0.20936251
v -0.07224042 0.92164090 -0.23901781
v -0.15701617 0.90959277 -0.23985346
v -0.31681348 0.89158068 0.04608420
v -0.18181079 0.92481347 0.17583629
v -0.13134344 0.92209990 0.18676473
v -0.03680194 0.92478574 0.13989547
v -0.00028272 0.91422621 -0.06230385
v 0.00489349 0.91774142 -0.05990060
v -0.00022591 0.91344626 -0.08328701
v 0.02563470 0.92490139 -0.10226208
v -0.00563248 0.91632226 -0.19619268
v -0.10124953 0.91839721 -0.24790990
v -0.13130618 0.91536638 -0.25407371
v -0.14468102 0.91363069 -0.24977940
v -0.17924737 0.91524614 -0.24286600
v -0.19961033 0.91530188 -0.23592451
v -0.22782004 0.91373270 -0.22321987
v -0.27688507 0.90296544 -0.18013622
v -0.29298878 0.90452943 -0.15391965
v -0.30236717 0.90438814 -0.12809781
v -0.27327480 0.92691070 0.12333696
v -0.24985606 0.92439259 0.13964962
v -0.01085249 0.92201519 0.06769066
v 0.01258818 0.90522573 0.03525721
v 0.01489068 0.92220124 -0.03816313
v 0.02103044 0.91571915 -0.10094636
v 0.01188569 0.91382629 -0.15451772
v -0.11778136 0.91617145 -0.25373856
v -0.16016991 0.91906870 -0.24726797
v -0.28304374 0.90358599 -0.16799112
v -0.30921737 0.90426308 -0.09757772
v -0.31931410 0.91921475 0.05069693
v -0.16568772 0.93404257 0.18026109
v -0.04916565 0.92568057 0.15158885
v 0.00869418 0.92845442 0.03313815
v 0.01167411 0.93253963 -0.02100983
v 0.01062285 0.92147233 -0.04706603
v -0.00647965 0.90919373 -0.18142626
v -0.08728422 0.91944733 -0.24672362
v -0.14052085 0.91948385 -0.25199572
v -0.25222340 0.91333009 -0.20727243
v -0.30921703 0.90736721 -0.05436939
v -0.30677274 0.90804684 -0.03822382
v -0.28248875 0.91825922 0.11223328
v -0.07968197 0.93419434 0.17262680
v -0.07864021 0.92667197 0.16692396
v 0.01376143 0.92008715 -0.06806370
v 0.01149598 0.91768238 -0.08794573
v -0.04137656 0.91633832 -0.23390596
v -0.05641120 0.92439896 -0.23035762
v -0.30938800 0.90430546 -0.07918374
v -0.31655075 0.91360506 -0.07320238
v -0.21196389 0.94670220 0.16147729
v -0.01918035 0.92258551 0.11193435
v -0.00987529 0.92568600 0.09954079
v -0.00789782 0.92334640 0.06079050
v 0.02366710 0.93057899 -0.14022962
v -0.18232834 0.92353853 -0.24144372
v -0.27860775 0.90985307 -0.18113538
v -0.31360294 0.91322312 -0.10002569
v -0.31502277 0.91326032 -0.02794102
v -0.31852610 0.91566384 -0.00475831
v -0.12411332 0.93997663 0.18513187
v -0.01093562 0.92438665 0.07783840
v 0.00398411 0.92592775 0.05306068
v 0.02559237 0.92475547 -0.07739284
v -0.31637857 0.91540809 -0.04325056
v -0.31703443 0.91250498 -0.02184947
v -0.32255441 0.91734078 0.01397951
v -0.32201334 0.91912662 0.03744196
v -0.31419295 0.92885859 0.07841712
v -0.30770663 0.92000991 0.08379088
v -0.09345902 0.93508158 0.17985979
v -0.05419316 0.93372545 0.15815130
v -0.03680098 0.93121591 0.14398443
v -0.00719113 0.92602943 0.06545934
v 0.01553433 0.93461534 -0.03183244
v 0.01464427 0.93051214 -0.05389189
v -0.32005422 0.91952088 -0.06887075
v -0.28845421 0.92774350 0.11146865
v -0.18636623 0.94460438 0.17551552
v -0.15552002 0.94535417 0.18114643
v -0.02017541 0.92963258 0.12296760
v 0.00186437 0.92881464 0.08777144
v 0.00767149 0.92619360 0.04399956
v 0.02445377 0.92976399 -0.09456700
v -0.00275549 0.93202665 -0.15521323
v -0.00560054 0.93023714 -0.18944622
v -0.21652708 0.92999168 -0.22780714
v -0.29608779 0.91257387 -0.15427550
v -0.31184560 0.91813530 -0.11544714
v -0.31401646 0.92372667 -0.10398161
v -0.32525281 0.92222196 -0.02226255
v -0.02091791 0.94082610 0.12300645
v -0.00097237 0.93054674 0.09874119
v 0.00919974 0.92887599 0.05166874
v 0.01308409 0.93148165 0.01276603
v 0.01735003 0.93483507 -0.04207434
v 0.02496267 0.92675477 -0.06499508
v 0.02682842 0.93133112 -0.06767948
v -0.00685630 0.92936664 -0.16357543
v -0.03318303 0.92857753 -0.22223008
v 0.03070925 0.93226919 -0.12245492
v 0.02908278 0.93276963 -0.13066250
v -0.00715206 0.93104599 -0.19849107
v -0.06514424 0.93053513 -0.24054934
v -0.08557584 0.92791718 -0.24816042
v -0.25079796 0.92785539 -0.20601242
v -0.32785896 0.92653489 0.00120627
v -0.32959266 0.92970806 0.02354474
v -0.32422190 0.92780083 0.04803409
v -0.09193399 0.94585468 0.17566419
v 0.01294776 0.93239232 0.02974571
v 0.01282502 0.93157396 -0.00138739
v 0.01827596 0.93102192 -0.14474183
v 0.01523005 0.93315424 -0.14816204
v 0.00080298 0.93158771 -0.15109036
v -0.00134872 0.93282335 -0.18360712
v -0.01308963 0.93078095 -0.20857904
v -0.04677854 0.93311696 -0.23305171
v -0.10744409 0.92646793 -0.25260051
v -0.13763767 0.93962808 -0.24945366
v -0.29616577 0.93877050 -0.15208098
v -0.32389130 0.93237463 -0.04920680
v -0.25359541 0.93840782 0.13314837
v -0.22843273 0.94555008 0.14971083
v 0.01776136 0.93589341 0.01081761
v 0.01363239 0.93679821 -0.01884947
v -0.16474300 0.93226953 -0.24370691
v -0.23578090 0.93739858 -0.21626015
v -0.23552108 0.92736732 -0.21830743
v -0.32403019 0.92071626 -0.04522824
v -0.32834289 0.93531302 0.03631539
v -0.32272525 0.93732033 0.05649864
v -0.30863654 0.94106254 0.08363166
v -0.29970835 0.92977130 0.09852829
v -0.29618110 0.94326021 0.09870612
v 0.02350552 0.93608418 0.04575243
v 0.02680052 0.93648355 -0.05021654
v 0.02498837 0.93456301 -0.05606872
v -0.05756499 0.94179745 -0.23405855
v -0.11256309 0.83944424 0.29496565
v -0.10153032 0.83659289 0.27886446
v -0.10684197 0.83976405 0.29844602
v 0.03350879 0.93483055 -0.10673726
v 0.01026309 0.93718654 -0.17741330
v 0.00023112 0.93708009 -0.19267170
v -0.11987219 0.93381719 -0.25222944
v -0.16001228 0.94380456 -0.24137974
v -0.18214264 0.93965507 -0.23893630
v -0.27406663 0.93016421 -0.18429126
v -0.28079735 0.95076679 0.11163809
v -0.27345977 0.94529004 0.11909706
v -0.05621397 0.94457697 0.15462403
v -0.00536789 0.94218837 0.10163145
v 0.01377405 0.93355102 0.07359141
v 0.02912262 0.93660931 0.02811266
v -0.31369442 0.95305879 0.06990269
v -0.24915123 0.95239559 0.13044104
v -0.19529837 0.94540547 0.17154228
v -0.03533147 0.94168246 0.13847687
v 0.05355699 0.93584392 -0.05766459
v 0.03903937 0.93680680 -0.11635371
v 0.02694085 0.93661453 -0.14077781
v 0.01714719 0.93698044 -0.15998313
v -0.09436871 0.93968835 -0.24628327
v -0.12729750 0.84496245 0.30445074
v -0.12920254 0.84684315 0.31484785
v 0.05737474 0.77148947 -0.28314239
v 0.04046561 0.78189745 -0.26559890
v -0.11093217 0.94542466 -0.24674621
v -0.20263136 0.93881890 -0.23282258
v -0.28243485 0.93429738 -0.17477364
v -0.30739708 0.91705646 -0.12721474
v -0.18373670 0.95584692 0.17594201
v 0.02769901 0.93854226 0.03309421
v 0.03949282 0.93906488 0.01313394
v 0.05014931 0.93794147 -0.03191475
v 0.04022677 0.93817901 -0.11640563
v 0.01816856 0.93946705 -0.15885912
v -0.01099848 0.93628873 -0.20852246
v -0.11989379 0.84465198 0.29171501
v -0.11404944 0.84628934 0.30500512
v -0.09612983 0.83540956 0.28452953
v 0.04871245 0.77074288 -0.27036683
v -0.22043513 0.94250398 -0.22410586
v -0.31791364 0.93473346 -0.07978953
v -0.32931810 0.93121240 -0.00917099
v -0.12308811 0.95410048 0.17935365
v 0.05350329 0.94016764 -0.02582934
v 0.04337460 0.94443177 -0.10865470
v -0.09228796 0.83945836 0.29015476
v 0.06532086 0.76535611 -0.30090630
v -0.12007886 0.84349785 0.25629480
v -0.13654093 0.85210246 0.30192741
v -0.13193910 0.94466633 -0.24844581
v -0.20429563 0.96335740 0.16935069
v -0.14864219 0.95733972 0.17776113
v -0.07186054 0.95330268 0.16071971
v 0.00103251 0.95054434 0.08437939
v 0.01170862 0.95007246 0.06510250
v 0.01923935 0.93740187 0.06045262
v 0.03195209 0.94137747 -0.13274025
v -0.08201807 0.94783536 -0.23892618
v -0.11355798 0.84499921 0.25378561
v -0.11500235 0.84749235 0.28058818
v -0.10378113 0.84658615 0.30319941
v -0.08475902 0.83987815 0.27766767
v 0.04136682 0.78883946 -0.27387167
v -0.24922851 0.94438891 -0.20457237
v -0.27151882 0.96490162 0.11625062
v -0.03671713 0.95001750 0.13456348
v 0.01674529 0.95349606 0.04677336
v 0.02374809 0.94760546 0.03453035
v 0.05590112 0.93962148 -0.04729380
v 0.05196360 0.94282716 -0.08649015
v -0.01516204 0.94732710 -0.20653069
v -0.12292851 0.85319389 0.25240262
v -0.11174674 0.84681978 0.27134992
v -0.07688726 0.84122608 0.27069107
v 0.05945876 0.78134000 -0.26957584
v 0.07123771 0.76668501 -0.30057387
v -0.23905451 0.94958686 -0.21384232
v -0.27673605 0.94318287 -0.18002130
v -0.32960250 0.93683404 0.02429655
v -0.23045496 0.96244104 0.15204772
v -0.19560353 0.96902323 0.17255158
v -0.13514714 0.96531411 0.17583546
v -0.00207772 0.94776554 -0.19263676
v -0.03299893 0.95091486 -0.21671832
v -0.11967055 0.84497889 0.24995026
v -0.13873224 0.85461051 0.30871992
v -0.07849777 0.84588808 0.28907088
v -0.09075475 0.84330578 0.26946222
v 0.03102852 0.78164366 -0.31903550
v 0.05163118 0.77819578 -0.30099476
v -0.16540331 0.95076398 -0.24296400
v -0.19437596 0.95283331 -0.23983579
v -0.26475069 0.95527044 -0.19228409
v -0.32353367 0.94494451 -0.04786330
v -0.32773964 0.94968852 -0.01026176
v -0.15973766 0.96922657 0.16813000
v -0.09252432 0.95542151 0.17142276
v -0.05425790 0.95098270 0.14926226
v 0.04031679 0.94966958 0.00739381
v 0.04868726 0.93796233 -0.09831301
v -0.12494674 0.85400273 0.28866351
v -0.06882819 0.84330658 0.27553307
v 0.08174847 0.77184149 -0.27718532
v 0.05038259 0.77502484 -0.32873511
v -0.08521789 0.84720914 0.29631925
v -0.10627708 0.85294428 0.24712002
v -0.10847316 0.96996160 0.17485614
v -0.09624689 0.96604615 0.17267027
v 0.01335019 0.95243592 0.05974482
v 0.05079589 0.94103967 -0.01679236
v 0.05500874 0.95003076 -0.03018100
v -0.05130604 0.95035755 -0.22626481
v -0.07911240 0.95863259 -0.23684659
v -0.14864571 0.95329335 -0.24266006
v -0.28086731 0.94713796 -0.17643980
v -0.28577865 0.95597560 -0.16879887
v -0.32015521 0.95189297 0.05576819
v -0.23461074 0.96980607 0.14819424
v 0.07857253 0.77134816 -0.29618616
v 0.03693122 0.78060406 -0.33917316
v 0.04548097 0.78778046 -0.29701653
v -0.12026124 0.85797062 0.24633533
v -0.11632073 0.86094812 0.26090312
v -0.13739289 0.86131746 0.29363696
v -0.06391106 0.96345998 0.15719626
v -0.02224635 0.94886410 0.12078778
v 0.02598733 0.95178797 -0.13669840
v -0.11244233 0.95940394 -0.24837463
v 0.06734920 0.77634942 -0.27613939
v 0.08688805 0.77273096 -0.28217336
v 0.06369755 0.76888712 -0.31209507
v 0.06406481 0.78418087 -0.33203868
v 0.05806749 0.77313801 -0.32421853
v 0.04985803 0.78706699 -0.34743689
v 0.04062130 0.78624830 -0.30855790
v 0.04704498 0.78720192 -0.28514379
v -0.14061246 0.86064725 0.30326638
v -0.12182972 0.85286916 0.31588660
v -0.07188902 0.84155885 0.28103508
v -0.09854235 0.85796586 0.24109695
v 0.04912410 0.96018747 -0.01710943
v 0.05652809 0.94894817 -0.05466143
v 0.05570081 0.94167111 -0.07003552
v 0.01024201 0.95141157 -0.16395680
v -0.00720099 0.95427689 -0.19636013
v -0.14006655 0.94737034 -0.24631038
v -0.18084382 0.95982252 -0.24667025
v -0.29819526 0.95279113 0.09254704
v -0.24301338 0.97176570 0.13007852
v 0.03941340 0.78445394 -0.34963803
v 0.02933051 0.79209909 -0.33564810
v -0.22759142 0.96311909 -0.22352733
v -0.29682239 0.95755564 -0.14628048
v -0.30953757 0.93731462 -0.12061785
v -0.32716526 0.95340971 0.02870940
v -0.01420001 0.94932720 0.10925629
v 0.02937006 0.95507435 -0.12769217
v -0.12132933 0.85998373 0.27549737
v -0.11918957 0.86723000 0.27126788
v -0.13562083 0.86209016 0.32131731
v -0.11912282 0.87096102 0.32579443
v -0.08752578 0.85684925 0.25692992
v -0.09290708 0.85303761 0.25784776
v 0.06726564 0.78812418 -0.26956303
v -0.16392674 0.96874072 -0.24624373
v -0.31557676 0.95298159 -0.09137464
v -0.29419930 0.97414083 0.09342479
v -0.28473082 0.97149564 0.10431111
v -0.20593320 0.99376654 0.16695827
v -0.14083605 0.97747111 0.16316768
v -0.03669527 0.96280320 0.13620109
v -0.00819087 0.95962105 0.09893855
v 0.04297982 0.95880042 -0.00131789
v 0.00478220 0.95493889 -0.16995251
v -0.13829363 0.86748381 0.31352164
v -0.09828015 0.86431614 0.31739884
v -0.09326829 0.85027355 0.30102420
v 0.06306861 0.79302299 -0.25608679
v 0.08366776 0.78209393 -0.27454183
v 0.08670363 0.77862841 -0.29229532
v 0.03144300 0.80401222 -0.32314804
v 0.04553294 0.79564818 -0.29058352
v -0.20055845 0.96728910 -0.23831553
v -0.24534555 0.97324456 -0.21605686
v -0.32429626 0.95747794 -0.05244053
v -0.32572286 0.96788508 0.02917628
v -0.22908534 0.97324144 0.15454669
v -0.21869090 0.99111059 0.16116990
v -0.05059208 0.96125631 0.14875909
v 0.00797979 0.95533321 0.07189237
v 0.04586508 0.95668891 -0.09174119
v 0.01670946 0.95573933 -0.15180818
v -0.13125951 0.86919378 0.32404855
v -0.11050786 0.86044970 0.31469358
v -0.06345051 0.85415342 0.27938741
v -0.06867985 0.85233699 0.26819233
v 0.03924279 0.80283868 -0.30331507
v 0.04144238 0.79410097 -0.27074488
v -0.11306284 0.87167355 0.24631034
v -0.13758430 0.86903555 0.31800476
v -0.08146940 0.86052617 0.26291093
v -0.08120227 0.96908965 0.16608272
v 0.03682534 0.95762112 0.01026031
v -0.10261489 0.96196301 -0.24432233
v -0.14704088 0.96639903 -0.24264800
v -0.16960915 0.98088850 -0.24968728
v -0.26997433 0.96900684 -0.18829847
v -0.25214997 0.97149150 0.12314535
v 0.07541577 0.77232074 -0.30844446
v 0.03875368 0.79540840 -0.35584351
v 0.03244401 0.79562096 -0.31518832
v 0.04723118 0.79415144 -0.27998951
v -0.11180377 0.97366280 -0.24466616
v -0.30375171 0.95289689 -0.13176135
v -0.32839166 0.96698480 -0.01490607
v -0.32684722 0.96490447 0.00548170
v -0.24116867 0.99215513 0.12843831
v -0.11876818 0.97444802 0.17211023
v -0.06062052 0.97944431 0.15457558
v 0.02019045 0.96005761 -0.14842522
v -0.00847210 0.96095516 -0.19582600
v -0.13287091 0.87415775 0.29069442
v -0.13832116 0.87825957 0.30952127
v -0.18822127 0.97740823 -0.24439435
v -0.31005078 0.97068360 0.07326918
v -0.05215879 0.97341005 0.14853234
v -0.04558623 0.97882765 0.14016256
v -0.01919116 0.96573702 0.11621364
v 0.05574235 0.95687351 -0.05494888
v -0.00268243 0.96578481 -0.18668930
v -0.03091248 0.96469240 -0.21164411
v -0.10349765 0.87330135 0.25979444
v -0.13503945 0.87674119 0.30177827
v -0.08244968 0.85738924 0.30244609
v -0.07329924 0.86124946 0.29767414
v -0.09161734 0.85925075 0.24853288
v 0.05901831 0.80872540 -0.24929197
v 0.08999266 0.77969813 -0.28146638
v 0.05523796 0.78698435 -0.33916328
v -0.30927219 0.96641023 -0.10512496
v -0.31296765 0.96557178 -0.09246407
v -0.15377899 0.98059189 0.16116803
v -0.09407028 0.98119292 0.17018584
v 0.05281172 0.95550205 -0.07205930
v 0.03312731 0.96825355 -0.13136611
v -0.06509771 0.85392049 0.28833481
v 0.08133818 0.78595532 -0.31466857
v 0.04529534 0.79815865 -0.35787003
v 0.03386743 0.79780983 -0.34022176
v 0.04847165 0.80919123 -0.26917500
v -0.07394487 0.96695200 -0.23080036
v -0.24026230 0.97481609 -0.22038862
v -0.29260764 0.96617680 -0.15080393
v -0.32243150 0.97426041 -0.05437253
v -0.32629154 0.97379503 -0.03086897
v -0.16871132 0.99047440 0.16689016
v -0.15181485 0.99591436 0.15811652
v -0.01684175 0.97382060 0.11010300
v -0.00257335 0.96470857 0.08764273
v 0.05363501 0.96039200 -0.02959142
v 0.05263759 0.96537357 -0.08172705
v 0.01281016 0.96083112 -0.16105365
v -0.03102297 0.96992122 -0.21037815
v -0.05276963 0.96315554 -0.22455414
v -0.06519377 0.86124282 0.27506384
v 0.06967249 0.79347165 -0.27279786
v 0.07021414 0.78317720 -0.32308316
v 0.03649638 0.80640880 -0.34661865
v 0.03380138 0.81116986 -0.31817375
v 0.04715451 0.80986982 -0.25985690
v -0.12345322 0.97164913 -0.24871594
v -0.25788639 0.99126545 0.11892817
v -0.18967784 0.99173917 0.17147179
v -0.13034690 0.99322457 0.15424656
v 0.01498993 0.96889790 0.06299908
v 0.01896134 0.97318215 -0.15501138
v -0.11222214 0.87181553 0.24110952
v -0.06116406 0.86384504 0.29204121
v -0.09876776 0.87987145 0.23251978
v 0.07563061 0.79870505 -0.27965530
v 0.07494160 0.79602657 -0.32908613
v -0.05228494 0.98226278 -0.21377862
v -0.21897014 0.98458748 -0.23345863
v -0.25180771 0.98484620 -0.20351122
v -0.32109841 0.98803960 0.03915603
v -0.26905016 0.97833938 0.11407620
v 0.02337930 0.95678920 0.02865239
v 0.05842650 0.96432841 -0.05975218
v 0.05217287 0.97057151 -0.09094256
v -0.10891535 0.87220377 0.23397900
v -0.12317179 0.87505262 0.27832680
v -0.13035211 0.88692429 0.29849976
v -0.14128426 0.88023165 0.31793457
v -0.13643716 0.88225519 0.32536461
v -0.10852476 0.87525964 0.32591601
v -0.08967667 0.87168197 0.24511955
v 0.03642571 0.81338584 -0.30889798
v 0.05485996 0.80465873 -0.27979469
v -0.27246441 0.97638578 -0.18310222
v -0.28227296 0.97571725 -0.16339128
v -0.32125015 0.99176482 -0.02573578
v -0.22942630 0.99118533 0.15236655
v -0.02315494 0.97419855 0.11836640
v 0.01701912 0.96423343 0.05428251
v -0.08986718 0.97557811 -0.23009554
v -0.09944629 0.98045294 -0.23650564
v -0.10878631 0.88132266 0.25150531
v -0.12923373 0.88459201 0.33033455
v 0.06700308 0.79452061 -0.33756294
v 0.04039201 0.81247238 -0.35993523
v 0.04831754 0.80477713 -0.32608692
v -0.23537116 0.98857384 -0.22449879
v -0.29004068 0.98882050 -0.14736956
v 0.04179007 0.96661559 -0.11250662
v 0.02103298 0.97045217 -0.14874034
v -0.00460628 0.97218386 -0.19146332
v -0.00131733 0.97866186 -0.18631904
v -0.08129457 0.98397767 -0.22164291
v -0.10920176 0.87996573 0.27181136
v -0.07633603 0.87049138 0.31340483
v -0.08157691 0.87424761 0.27315882
v -0.08659071 0.86806418 0.26275841
v 0.09323270 0.79582262 -0.28755893
v 0.09227295 0.78834758 -0.29293625
v 0.05736226 0.79939202 -0.34415351
v 0.04226014 0.81737002 -0.30947965
v 0.05441643 0.81361117 -0.28393674
v 0.04717814 0.82098948 -0.26802354
v -0.24497174 0.98738212 -0.21168768
v -0.27251858 0.99246997 -0.16806592
v -0.30538984 0.97854952 -0.11025421
v -0.32672523 0.98346570 -0.00340438
v -0.31898056 1.00933915 0.02661417
v 0.01814657 0.96196271 0.04051992
v 0.04094384 0.97426949 0.00314240
v -0.11111568 0.88357912 0.24443221
v -0.10198774 0.87810134 0.25824296
v -0.11861815 0.88074956 0.33107557
v 0.05219609 0.80819524 -0.35737171
v 0.03972422 0.81803596 -0.33714627
v 0.05196621 0.81947248 -0.29291208
v 0.05456823 0.81733580 -0.28017776
v -0.25175137 0.99919408 -0.19987158
v -0.30181947 0.98149442 -0.12313834
v -0.31891718 0.96820743 0.05834526
v -0.08121905 0.99006627 0.16073003
v 0.06039202 0.97296617 -0.04732172
v 0.02822981 0.97559227 -0.13711511
v 0.01185441 0.97512366 -0.17444350
v -0.10931238 0.88807586 0.27635392
v -0.08686950 0.87534876 0.31995242
v -0.06437136 0.87427315 0.30485629
v 0.06663658 0.80589698 -0.26356293
v 0.08912390 0.79368099 -0.28140963
v 0.08567407 0.79480702 -0.31082958
v 0.04258267 0.81866564 -0.30169430
v -0.19527420 0.99308645 -0.24242185
v -0.22147474 0.99541022 -0.23216657
v -0.26429125 0.99193356 -0.18067339
v -0.31977976 0.98903168 -0.04447476
v -0.20660256 1.01257297 0.15510495
v -0.18951470 1.00436187 0.16669380
v 0.01634416 0.98696062 0.06230809
v 0.01618828 0.98480530 0.03896612
v -0.11452415 0.98355565 -0.24431354
v -0.13197120 0.98575531 -0.24057134
v -0.14534611 0.88606627 0.31302675
v -0.11664475 0.88781169 0.33103031
v -0.09402244 0.87935934 0.32560879
v -0.06185484 0.87091667 0.28327773
v -0.08844944 0.87754995 0.26559227
v 0.05732986 0.82187841 -0.25129289
v 0.06855784 0.81095344 -0.28219033
v 0.03250725 0.82210914 -0.34766674
v 0.04655340 0.82404371 -0.27492193
v -0.26455934 1.00275262 -0.17562802
v -0.30473981 0.99879821 -0.09244703
v -0.31993632 1.01169289 0.01360392
v -0.31455477 1.00378012 0.05175315
v -0.23621842 0.99212790 0.13482412
v -0.23095624 1.01779478 0.14493394
v -0.22348502 1.00863440 0.15354918
v -0.10795849 0.99280426 0.15935105
v -0.00399260 0.97703369 0.08880551
v 0.03380682 0.97384451 0.01244265
v -0.02916003 0.98025778 -0.20419041
v -0.12262197 0.89364851 0.25686580
v -0.11653479 0.89032667 0.28310010
v -0.12394905 0.89349954 0.29200980
v -0.14785820 0.89611333 0.31652221
v -0.14823820 0.90295243 0.31908533
v -0.07751999 0.88661242 0.26924642
v 0.06641545 0.81927343 -0.25973871
v 0.09443815 0.79873540 -0.29769844
v 0.08453265 0.79854664 -0.32361716
v 0.06168210 0.81218165 -0.35152763
v 0.04515027 0.81991374 -0.36224780
v -0.17706687 1.00049215 -0.24677738
v -0.20217557 1.00041804 -0.23825324
v -0.27163467 1.00154230 0.10802033
v -0.14108598 1.01351770 0.15194405
v -0.13531286 1.00247564 0.14982626
v -0.03573187 0.98207455 0.12799860
v 0.05352832 0.97561534 -0.02071678
v 0.04093545 0.97815719 -0.11642333
v -0.10063483 0.99558275 -0.23968268
v -0.11699540 0.89546332 0.28048150
v -0.13613153 0.88808905 0.30275546
v -0.07474556 0.87678337 0.31622979
v 0.06692349 0.81416126 -0.27977713
v 0.06007731 0.81422072 -0.31230197
v 0.05680452 0.82006219 -0.29804836
v 0.05250129 0.82554552 -0.29119804
v -0.15953574 1.00558127 -0.24915704
v -0.25616880 0.99617713 -0.19131263
v -0.31132970 0.99387977 -0.06527764
v -0.32568198 0.98828281 -0.01159746
v -0.18369556 1.02272176 0.15341840
v -0.17248589 1.00769881 0.16902046
v -0.04642034 0.99624330 0.14368182
v 0.01207413 0.98603724 0.06993541
v -0.12403797 0.89794416 0.26799526
v -0.11108783 0.89005741 0.27152979
v 0.06880330 0.81964305 -0.26615643
v 0.07968572 0.81673609 -0.33905234
v 0.03266101 0.82371298 -0.35568711
v 0.03495702 0.83128437 -0.33312421
v 0.05621839 0.81851917 -0.31818136
v 0.03980585 0.83494147 -0.28795587
v -0.24300340 1.00185748 -0.21677978
v -0.31658385 1.00244355 -0.04147362
v -0.29723676 0.99873796 0.08273667
v -0.27739203 1.01734193 0.09870743
v -0.27201667 1.02153043 0.10208991
v -0.21794334 1.02440811 0.14849091
v -0.20682984 1.00240661 0.16232502
v 0.01755211 0.99546469 0.05523851
v 0.01905370 0.99778374 0.02872647
v 0.04109257 0.98922099 -0.00033131
v 0.06071560 0.97662089 -0.05571426
v 0.05796737 0.97379095 -0.06767362
v 0.05525871 0.98426641 -0.08705023
v -0.11124625 0.89012267 0.23991389
v -0.12644064 0.90156383 0.24915462
v -0.15004782 0.89861449 0.30558220
v -0.05879783 0.87888666 0.29835799
v -0.06383366 0.88275579 0.28156148
v 0.09001801 0.81171218 -0.28503974
v 0.05380082 0.82127756 -0.35963017
v 0.06375614 0.82060708 -0.29925760
v 0.03273281 0.84406953 -0.28451564
v -0.21640807 1.00237721 -0.22983494
v -0.22833856 1.00900144 -0.22176490
v -0.30839431 1.00557174 0.06537274
v -0.09541103 0.99267672 0.16349176
v -0.01723051 0.98374598 0.11036703
v 0.05345516 0.99117494 -0.02203597
v 0.03897204 0.99526153 -0.11165814
v 0.02034726 0.98263624 -0.16302856
v -0.06515973 0.99155948 -0.21034544
v -0.10620972 0.89370218 0.23104998
v 0.06361963 0.83137653 -0.25285059
v 0.06256593 0.82347018 -0.30745636
v 0.04609485 0.82972288 -0.26327319
v 0.06043222 0.82766223 -0.30208379
v -0.12288212 1.00094770 -0.23828803
v -0.24058571 1.01206044 -0.21530049
v -0.29189014 1.02216505 -0.12723855
v -0.28027642 1.03386718 0.09113780
v -0.23640033 1.02479992 0.12688092
v -0.18344090 1.03607113 0.14388722
v -0.05722324 0.99831048 0.15042792
v 0.02762387 0.98526980 -0.13494682
v -0.03782676 0.99429183 -0.19786348
v -0.14406751 0.90137431 0.29434659
v -0.06589699 0.88507900 0.30577032
v -0.08140012 0.89265139 0.26185932
v 0.07073591 0.83132367 -0.26151503
v 0.09339244 0.80967614 -0.31354335
v 0.07232149 0.81527808 -0.34742953
v 0.02917039 0.83305025 -0.34226315
v -0.20468507 1.01272372 -0.22305926
v -0.24260120 1.00905246 0.12304004
v -0.23152147 1.03805032 0.13720551
v -0.11336752 1.00472051 0.15130362
v -0.03324355 0.99853586 0.12554805
v 0.03153951 0.98680266 0.01421651
v 0.03670602 0.99733424 0.00852359
v 0.02762249 0.99071746 -0.13832669
v -0.07387119 0.99763399 -0.21503299
v -0.07871531 1.00577015 -0.22635253
v -0.11765837 0.89867282 0.32865702
v -0.06822518 0.89228907 0.27943122
v -0.08182236 0.89135148 0.25032596
v -0.08337293 0.89510774 0.24302024
v -0.19473039 1.01241459 -0.22937591
v -0.30349854 1.00920104 -0.06698534
v -0.15455831 1.02459627 0.16462202
v -0.09907483 1.01478641 0.14674041
v -0.07467629 1.01648205 0.15009218
v -0.00545050 0.98708227 0.09288361
v -0.12860531 1.00930794 -0.24200781
v -0.09593617 0.89951831 0.23069655
v -0.13287709 0.90435258 0.25938690
v -0.13131697 0.89942828 0.32748947
v -0.06245864 0.88751265 0.30043836
v 0.07339894 0.82376481 -0.27712014
v 0.09023339 0.81270634 -0.32952825
v 0.03565930 0.83806129 -0.36002398
v 0.04995370 0.83028256 -0.31705602
v 0.04082970 0.83960020 -0.30162643
v -0.16274806 1.01342490 -0.24660144
v -0.22343223 1.01713746 -0.21668193
v -0.25924076 1.02713534 -0.19329756
v -0.29914265 1.01344665 -0.07974546
v -0.31141477 1.02088468 -0.02897255
v -0.30466591 1.03219715 0.05676483
v -0.14912823 1.02174421 0.16241325
v -0.10181237 1.02159396 0.14543991
v -0.08742097 1.01538879 0.15109365
v -0.06745932 1.00711483 0.15180232
v 0.01476533 1.01137402 0.06805742
v 0.06187328 0.99150470 -0.04280895
v -0.00078930 0.99357068 -0.17701901
v -0.03516127 1.00087910 -0.19415130
v -0.08831894 0.99903694 -0.23314168
v -0.08367801 1.01076166 -0.23044507
v -0.10985720 0.90184049 0.23538876
v -0.13306163 0.90672339 0.27624331
v -0.15591186 0.90980017 0.30767673
v -0.07737061 0.88687287 0.31535218
v 0.02528741 0.85325579 -0.35637080
v 0.03336984 0.84856773 -0.30495442
v -0.19337793 1.02285861 -0.21085335
v -0.26154141 1.01076995 -0.18200492
v -0.29631799 1.01747180 -0.11170581
v -0.30411171 1.02403155 -0.05198376
v -0.31858945 1.01705818 0.00669866
v -0.16893399 1.01924249 0.16513373
v -0.12826907 1.01718016 0.14618848
v -0.02361673 0.99301152 0.11563303
v 0.00018439 1.00325685 0.08544384
v 0.02445830 0.99725463 0.02169727
v -0.01354459 0.99980945 -0.17979339
v -0.15552876 0.91419442 0.29487658
v -0.05884850 0.88213518 0.29188108
v 0.09708861 0.81443192 -0.28973282
v 0.06356669 0.82124604 -0.35280287
v 0.02790628 0.84860914 -0.32300008
v 0.03865487 0.84362593 -0.31323416
v 0.03318796 0.85231904 -0.27699122
v 0.04808970 0.84156486 -0.25782805
v -0.16523179 1.02451066 -0.22500257
v -0.20649346 1.02385287 -0.20971593
v -0.31047913 1.02352752 -0.00859811
v -0.30771221 1.03655122 0.04384152
v 0.06442638 1.00498222 -0.05514640
v 0.02723002 0.99385792 -0.15125945
v 0.01746143 0.98863433 -0.16572963
v 0.01434874 1.00209340 -0.16601907
v -0.10057382 1.01659755 -0.23268909
v -0.13982294 0.90787238 0.28405696
v -0.12689428 0.91047527 0.32780423
v -0.08024250 0.90376832 0.26198996
v 0.08257113 0.82876326 -0.27929106
v 0.10022407 0.81378443 -0.30199361
v 0.02289429 0.84366122 -0.35034367
v 0.02255515 0.84636992 -0.33928268
v -0.16835319 1.01826413 -0.24172833
v -0.28889102 1.01834180 -0.13689643
v -0.31092486 1.03728009 0.02681163
v -0.24223857 1.04327738 0.11601295
v -0.13280010 1.02637734 0.14736879
v -0.01208163 1.00237064 0.10103631
v 0.06497233 1.00482150 -0.04599945
v 0.04903978 0.98879471 -0.09892398
v 0.04333494 1.00431007 -0.10589959
v 0.02986439 1.00562249 -0.15120144
v -0.06278598 1.00206581 -0.20640861
v -0.06705727 0.89728476 0.29077140
v -0.08471425 0.90311866 0.24607004
v 0.08973175 0.81793786 -0.32835328
v -0.22219770 1.02675695 -0.20830015
v -0.27869308 1.01652508 -0.15477100
v -0.29584874 1.02831288 -0.06761794
v -0.25998795 1.04256533 0.10394157
v -0.17779490 1.03219564 0.14987203
v -0.07192873 1.01856780 -0.22617840
v -0.12082836 0.91614717 0.24026897
v -0.14471856 0.91217158 0.32397344
v -0.09945989 0.90637716 0.32139009
v 0.09025395 0.83226787 -0.28717962
v 0.04532789 0.83381222 -0.36092409
v 0.02874367 0.85642670 -0.28889514
v 0.03031521 0.86287320 -0.28483792
v -0.13065927 1.01957561 -0.24813504
v -0.18190150 1.02199740 -0.21549526
v -0.25594042 1.03093082 -0.19868747
v 0.05647752 1.00051049 -0.08839625
v -0.04946751 1.00782127 -0.19603404
v -0.07369404 0.90558739 0.27499561
v 0.02741675 0.85910105 -0.30671153
v -0.20654538 1.02946744 -0.21238403
v -0.24731938 1.03386603 -0.20047776
v -0.26835860 1.02728613 -0.16986784
v -0.27750586 1.02805365 -0.15435330
v -0.30239676 1.03231574 -0.04007322
v -0.22704523 1.03886796 0.14240261
v -0.20021197 1.03995260 0.14178579
v -0.13847425 1.04600920 0.16151286
v -0.04149435 1.00772741 0.13854867
v 0.00934547 1.01728198 0.07759172
v 0.01641976 1.00287911 0.03884236
v 0.05820501 1.00456052 -0.02431834
v 0.03633018 1.00448389 -0.13652404
v -0.09748651 0.90737612 0.23082537
v -0.12922209 0.92283032 0.24840725
v -0.14399238 0.92302932 0.32314852
v 0.07634464 0.83932023 -0.27383723
v 0.04874735 0.84290563 -0.35945531
v 0.01675340 0.86326973 -0.33597253
v 0.02242763 0.86461555 -0.31406989
v 0.03459798 0.87535681 -0.28550522
v 0.03920999 0.86016658 -0.26598932
v -0.15674274 1.02434009 -0.23827668
v -0.28815212 1.03781599 -0.08027384
v -0.12252086 1.04155024 0.14255168
v -0.10564082 1.03010921 0.14089966
v -0.09278701 1.03414956 0.13717458
v -0.04761585 1.01537485 0.14361154
v -0.02312926 1.02257191 0.11379015
v 0.03763009 1.00229996 -0.11678150
v 0.03343474 1.00515450 -0.14572579
v -0.00647121 1.00599176 -0.17262697
v -0.01889074 1.01109767 -0.17679070
v -0.13967112 0.91799793 0.27110433
v -0.15866768 0.92609864 0.30326244
v -0.07648164 0.91466525 0.29773514
v -0.08627695 0.91581461 0.25541552
v 0.06959288 0.84629765 -0.26805679
v 0.09328956 0.83138592 -0.31059417
v 0.01834114 0.85969721 -0.34673613
v -0.21753293 1.04093051 -0.21813370
v -0.25135909 1.04213696 -0.19704185
v -0.26390520 1.03409796 -0.18023613
v -0.28249525 1.03373009 -0.14026137
v -0.30121946 1.04447834 -0.00323834
v -0.17160665 1.04514816 0.14291705
v -0.13992949 1.03345278 0.15955244
v 0.03982523 1.01171587 0.00984488
v 0.02287549 1.01039678 -0.15383072
v -0.10809374 0.91185339 0.23450653
v -0.11851944 0.91177639 0.32592436
v -0.08558001 0.91196663 0.31175148
v 0.09892722 0.82058194 -0.29556063
v 0.06955549 0.84025033 -0.34527866
v 0.03363892 0.85869848 -0.35888362
v 0.01844233 0.87566712 -0.32283928
v 0.02659317 0.86903938 -0.30023067
v -0.23467478 1.03446226 -0.20362111
v -0.23706577 1.04364238 0.12292868
v -0.18552267 1.04223382 0.14002462
v -0.16052569 1.03697965 0.16119636
v -0.11478513 1.03892805 0.13753803
v -0.08580838 1.02598444 0.14551954
v -0.06095528 1.02566642 0.14667271
v 0.01903152 1.00896298 0.05768889
v -0.04383553 1.01727449 -0.18984415
v -0.05804809 1.02377710 -0.21402380
v -0.09868927 0.91643258 0.23893645
v -0.15931523 0.92652799 0.29526947
v -0.09222271 0.91337998 0.24379988
v -0.25546429 1.04711530 -0.17456475
v -0.26822448 1.03970694 -0.16368425
v -0.29014837 1.04477112 -0.04703696
v -0.27470492 1.05256064 0.08818840
v -0.22570793 1.05332919 0.13895042
v -0.06861273 1.03442682 0.14634195
v -0.04215414 1.02706462 0.13939114
v 0.06059584 1.00141839 -0.07545614
v -0.05902317 1.01501738 -0.20200096
v -0.13251448 1.02750424 -0.24631119
v -0.11090981 0.93230435 0.24301432
v -0.15541066 0.92338078 0.31184597
v -0.07848781 0.91975565 0.28348228
v 0.08854249 0.84364439 -0.29358841
v 0.08148771 0.85468465 -0.32149402
v 0.08589755 0.83644616 -0.32449358
v -0.28718410 1.03978550 -0.09223837
v -0.29922713 1.05645363 0.01760199
v -0.29217315 1.04309961 0.07233130
v -0.15133014 1.04967200 0.15966145
v -0.14803946 1.04224422 0.16265498
v -0.03104755 1.02399542 0.12811253
v 0.06316962 1.01768031 -0.02596825
v -0.06163780 1.02837715 -0.21955878
v -0.08567296 1.02825130 -0.22897858
v -0.16047401 1.04830455 -0.21482145
v -0.18359263 1.03637175 -0.21560484
v -0.21060413 1.04774946 -0.22163973
v -0.23987515 1.04483457 -0.20434094
v -0.28921483 1.03832235 -0.07015658
v -0.24959814 1.06282730 0.10397521
v -0.17159791 1.05234727 0.14227841
v 0.00713459 1.01543985 -0.15702144
v -0.04899053 1.02711501 -0.19596977
v -0.11440678 1.02398221 -0.24308455
v -0.13700266 1.03189981 -0.23971587
v -0.15873450 1.03417226 -0.21915620
v -0.12024052 0.92820063 0.24236213
v -0.15684667 0.93255236 0.28605952
v 0.09116394 0.84135272 -0.30396338
v 0.02027470 0.86937907 -0.35002211
v 0.01584375 0.87395978 -0.33534886
v -0.10919198 1.04845992 -0.23241289
v 0.02209083 1.02401599 0.03418352
v -0.02256792 1.01885887 -0.17689462
v -0.15543696 0.93704045 0.30435523
v 0.08018761 0.86055933 -0.29623452
v 0.07377276 0.85520778 -0.33403798
v -0.19725935 1.05305954 -0.22810266
v -0.21433365 1.05434686 -0.21240381
v -0.24322878 1.05561722 -0.18372368
v -0.26628213 1.04539656 -0.15556470
v -0.28192089 1.06224773 -0.04012383
v -0.30311068 1.03801098 -0.02897068
v -0.30039063 1.05143567 0.00996927
v -0.18663958 1.05585797 0.13182579
v -0.15452753 1.05626653 0.15633556
v -0.08005417 1.04576613 0.13237692
v 0.01687779 1.02187537 0.06914154
v 0.06764625 1.02412780 -0.03563700
v 0.04513440 1.01769234 -0.10565882
v -0.02262013 1.03017591 -0.16786015
v -0.13969885 0.93235244 0.26481761
v -0.13445985 0.93374054 0.32087002
v -0.11440783 0.93365113 0.31821894
v 0.07652287 0.85515926 -0.28327916
v 0.02047685 0.89142272 -0.32228992
v -0.20700434 1.05381034 -0.22131251
v -0.23753606 1.04992419 -0.20162913
v -0.28771536 1.06469595 0.05903481
v -0.20069834 1.06146338 0.13112767
v 0.01859600 1.02458950 0.06075811
v 0.01763808 1.01813687 0.04229001
v 0.05500387 1.01369887 -0.01324847
v 0.04052110 1.01424829 -0.12969073
v -0.09466563 1.03597836 -0.23735967
v -0.17153948 1.04974500 -0.21749993
v -0.10824988 0.94507213 0.25198116
v -0.13274643 0.93778082 0.25605391
v -0.14752319 0.93597996 0.31502406
v 0.08140856 0.86258970 -0.30434397
v 0.01782341 0.88026983 -0.34246183
v 0.02734346 0.88074076 -0.30143748
v -0.27621061 1.05102521 -0.12198131
v -0.28026652 1.05495076 -0.07438853
v -0.29709787 1.05790310 -0.02052665
v -0.29940022 1.05447442 -0.01529506
v -0.24035081 1.05998939 0.11585166
v -0.01582765 1.02255113 0.10430795
v 0.05887576 1.01597214 -0.08168151
v -0.02906050 1.03131132 -0.17266091
v -0.14376200 0.95109807 0.26970778
v -0.15224184 0.95560926 0.30519180
v -0.09174939 0.93555272 0.26259626
v 0.07903153 0.86418380 -0.31887066
v 0.04003326 0.88297256 -0.35400436
v -0.27405975 1.06358806 -0.08052642
v -0.29642077 1.06365121 0.01709456
v -0.23723843 1.06087145 0.13165045
v -0.16891167 1.06508824 0.14805111
v -0.06886188 1.04051238 0.14263920
v -0.05389934 1.03663208 0.14513572
v -0.04486036 1.03696593 0.14209393
v -0.00481276 1.02308993 0.09269707
v 0.02727238 1.01445162 0.02353372
v 0.04646789 1.01200715 0.00060341
v -0.13455216 1.04483690 -0.22045273
v -0.13292809 1.06144962 -0.21294214
v -0.14100442 0.94239883 0.31877437
v -0.09886698 0.93515275 0.31100191
v 0.05813006 0.87310660 -0.27249555
v 0.07257949 0.88563834 -0.29975252
v 0.06089569 0.87590228 -0.34169315
v 0.03205755 0.88512543 -0.29466937
v -0.27875399 1.05471188 -0.10105603
v -0.29061325 1.06797685 -0.02379562
v -0.29287637 1.06125642 0.04096877
v -0.27367761 1.06793568 0.07693012
v -0.24550834 1.07491105 0.10958016
v -0.18683424 1.06491528 0.12778342
v -0.13909471 1.05597680 0.16195131
v -0.09906215 1.04727124 0.13295644
v 0.02005556 1.03370071 0.04528507
v -0.04159088 1.02819525 -0.18597245
v -0.16355806 1.06233796 -0.21803530
v -0.12157198 0.94461055 0.25145946
v -0.15512349 0.96090398 0.29378208
v 0.02568404 0.89909717 -0.30584207
v 0.06907130 0.87055053 -0.28360196
v -0.25526325 1.05760356 -0.14577036
v -0.28011085 1.05998983 -0.04931715
v -0.28810738 1.05925540 0.06651822
v -0.24514721 1.08360635 0.12156916
v 0.06531025 1.02503035 -0.05561715
v 0.05499003 1.01496407 -0.08920524
v 0.04756232 1.01534405 -0.09948941
v 0.00819702 1.02584290 -0.14979474
v -0.06896588 1.03889971 -0.22347017
v -0.09679517 1.04309463 -0.23864342
v -0.12636201 1.04409052 -0.22477381
v -0.19698534 1.06122202 -0.23066517
v -0.08621842 0.93129533 0.29682124
v -0.14002407 0.94924468 0.31582880
v -0.12117632 0.94553021 0.31618426
v -0.08624030 0.93330058 0.28404613
v -0.09578030 0.94502722 0.26812783
v -0.17492037 1.06808021 -0.22763988
v -0.22332958 1.06642119 -0.18323310
v -0.24514555 1.06184895 -0.16495005
v -0.25122356 1.07282757 0.09853378
v -0.23155533 1.06962139 0.13425658
v -0.21132582 1.08355086 0.11678624
v -0.17586402 1.06053410 0.13813379
v -0.11015507 1.05019523 0.13854284
v -0.03457081 1.03269765 0.13567252
v 0.01739410 1.02862660 0.07154841
v 0.04891544 1.02811249 0.00134285
v -0.00229530 1.03128919 -0.15395850
v 0.03066543 0.88666589 -0.35336639
v 0.01896906 0.89510655 -0.33405062
v 0.02180436 0.90528062 -0.31485064
v 0.03348981 0.89781415 -0.29513891
v 0.05481142 0.88994113 -0.28405272
v 0.07345113 0.88424379 -0.31564503
v -0.25185131 1.06702546 -0.13372880
v -0.26779305 1.07123770 -0.05788962
v -0.29456661 1.07247521 0.02367351
v -0.23368838 1.08141550 0.12611240
v -0.17475914 1.07448532 0.14281266
v -0.14904089 1.06307456 0.15894015
v -0.13761563 1.06382951 0.16140131
v -0.08687711 1.05290277 0.12858140
v 0.00261262 1.03459042 0.08979780
v 0.03120037 1.04098109 0.02687871
v 0.03752501 1.03118351 0.01639575
v -0.13412541 0.95055655 0.26000949
v -0.14974425 0.95531414 0.27925295
v -0.11212616 1.04282600 -0.23841982
v -0.21263245 1.06716862 -0.19978495
v -0.25727141 1.06738422 -0.11596053
v -0.29152344 1.08081777 -0.00616596
v -0.28478555 1.07432820 0.05385539
v -0.26008867 1.08331819 0.07744805
v -0.04191740 1.05409050 0.14023757
v 0.04877091 1.02813561 -0.11436987
v 0.03993307 1.01696054 -0.13613436
v -0.14411313 0.96632918 0.26277374
v 0.07076649 0.87403265 -0.33078049
v -0.20798777 1.07554279 -0.22004114
v -0.20484814 1.06372173 -0.22377861
v -0.29100931 1.07836978 0.02439076
v -0.27551510 1.08166524 0.06193666
v -0.13099494 1.05262712 0.15794995
v -0.02930837 1.03319201 0.13067693
v 0.05941340 1.02568565 -0.08279839
v -0.04242486 1.03725754 -0.20482261
v -0.11645697 0.95732499 0.25427577
v -0.11213169 0.94930253 0.31143666
v -0.10508342 0.95661418 0.30454521
v -0.09120602 0.93626258 0.30365258
v -0.09060900 0.94052395 0.27591426
v -0.09453842 0.95530846 0.27792577
v -0.05169651 1.04954068 0.14242731
v -0.02162581 1.03794335 0.12124036
v 0.02337232 1.04234226 0.06255967
v -0.07468900 1.05757695 -0.22947380
v -0.10128061 1.06253640 -0.21421462
v -0.23483490 1.07295279 -0.15528860
v -0.26154805 1.07586744 -0.07871649
v -0.27255813 1.07670274 -0.03337824
v -0.16359028 1.08732137 0.14908267
v 0.02220082 0.89345477 -0.34475418
v 0.01889929 0.91334191 -0.33795624
v 0.03599251 0.91053676 -0.29360511
v 0.07492768 0.88217800 -0.30688310
v -0.12884021 0.95758061 0.25747827
v -0.20317128 1.08128223 -0.22564043
v -0.21472073 1.08193712 -0.20257350
v -0.21790843 1.07591145 -0.18155334
v -0.25765089 1.07248393 -0.09631377
v -0.29598808 1.07664638 0.00569986
v -0.25829105 1.09082433 0.07921646
v -0.25196992 1.09645423 0.10325494
v -0.16535309 1.06961247 0.15082371
v -0.13175815 1.06980488 0.15796014
v -0.08574218 1.06288466 0.12690652
v 0.02075729 1.04450631 0.07354163
v 0.06591318 1.04031927 -0.01663483
v 0.02700865 0.90391220 -0.35068789
v 0.05031667 0.90608897 -0.28845288
v 0.05069154 0.87901210 -0.35013495
v -0.19351637 1.08066709 -0.22940545
v -0.21710970 1.08191570 -0.18374325
v -0.25746109 1.08271941 -0.07283638
v -0.26468021 1.07777245 -0.05282012
v -0.28154913 1.08366076 0.03184138
v -0.27980090 1.08357598 0.04805135
v -0.26310434 1.08928344 0.06522724
v -0.19020948 1.08969967 0.11820799
v -0.17964178 1.08633629 0.13670053
v -0.03543767 1.05176603 0.13721009
v 0.04939830 1.03447081 -0.12354610
v 0.01572471 1.03864799 -0.13773981
v -0.24825506 1.08679004 0.10656686
v -0.14391327 0.95631319 0.31491587
v 0.01790028 0.91147958 -0.32720381
v 0.06130675 0.89698378 -0.29218798
v -0.06157697 1.05272300 -0.22515541
v -0.13703423 1.07045450 -0.21339355
v -0.13332261 1.07883809 -0.21779247
v -0.23671467 1.08208666 -0.13700364
v -0.24852518 1.08322788 -0.09293855
v -0.18329907 1.08730620 0.12453678
v -0.01561702 1.04887309 0.11686486
v 0.06146942 1.02833350 -0.07001082
v -0.04567532 1.04462089 -0.21142267
v -0.24372646 1.09111029 0.09221034
v -0.24470409 1.08964109 0.10177832
v -0.10647907 0.96104402 0.26092989
v -0.12094667 0.97051719 0.25417963
v 0.02117875 0.92143719 -0.34466263
v 0.05024577 0.91885925 -0.28964805
v 0.03604255 0.89239084 -0.35464456
v -0.24939164 1.09792553 0.10560718
v -0.10084887 1.05405082 0.13230104
v 0.04803579 1.04312855 0.00936214
v 0.07086880 1.04346191 -0.03217930
v 0.06801369 1.03527093 -0.04440449
v 0.06519351 1.04506399 -0.05362314
v -0.11435840 1.06561083 -0.21122275
v -0.14653433 0.98168103 0.25696718
v -0.14967183 1.08248479 -0.22856317
v -0.23550649 1.08516372 -0.13146248
v -0.27213087 1.08392648 -0.03498599
v -0.28223817 1.09154265 -0.00866922
v -0.28716192 1.08247028 0.01457327
v -0.26880634 1.08976586 0.01783023
v -0.21397607 1.09377419 0.10723823
v 0.02715071 1.05308571 0.04463270
v 0.02497815 1.04136663 0.03635613
v 0.03028315 1.02902112 -0.14031477
v -0.02657897 1.04546598 -0.17648768
v -0.02580212 1.05167179 -0.19412657
v -0.22653384 1.08693970 -0.14998894
v -0.24480181 1.08713885 -0.10011201
v -0.25092690 1.08940034 -0.09376359
v -0.26357733 1.09284868 0.04896783
v -0.15673606 0.96895581 0.28524470
v -0.13228295 0.96563772 0.31454818
v 0.02663971 0.91539992 -0.29828859
v 0.05772092 0.91408888 -0.29163358
v -0.24188193 1.09426580 0.10975922
v -0.06807348 1.06153548 0.12640816
v -0.05717612 1.05078225 0.13949495
v 0.00698101 1.05506260 0.09219752
v 0.05927983 1.03601635 -0.01001134
v -0.12151040 1.07088682 -0.20926285
v -0.19807325 1.09938328 -0.22127048
v -0.16172932 0.98525845 0.27511763
v -0.12176171 0.96261489 0.31335288
v 0.01233061 0.93038276 -0.32432777
v 0.01638659 0.93094827 -0.30553118
v 0.03758828 0.92537953 -0.29119263
v 0.06771501 0.89073350 -0.29611297
v -0.22505702 1.09994188 -0.17840716
v -0.23353012 1.09163051 -0.12863231
v -0.27175519 1.09617707 -0.05449163
v -0.27788157 1.09314971 -0.01840838
v -0.26056445 1.09627559 0.02412566
v -0.25542475 1.10130796 0.05702699
v -0.07938964 1.07939857 0.12800026
v -0.06373911 1.05752831 0.12967263
v -0.02122782 1.05353686 0.12670555
v -0.01722606 1.04840731 -0.16211318
v -0.04548211 1.05772072 -0.21839814
v -0.10637756 0.97482279 0.25842760
v 0.01410696 0.92973856 -0.33376791
v 0.02718269 0.94325027 -0.29203962
v 0.06861241 0.88849600 -0.32697893
v -0.09425494 1.07610701 -0.20453514
v -0.22786281 1.10661109 -0.18276959
v -0.22585616 1.09660335 -0.14883586
v -0.26332276 1.10230183 -0.09663276
v -0.26472395 1.10094282 -0.07045093
v -0.27044874 1.09933049 -0.03939473
v -0.27052035 1.10345477 -0.02730146
v -0.26522013 1.09397024 0.00094493
v -0.25695184 1.10310590 0.03003590
v -0.20601714 1.10021164 0.10331503
v -0.00323436 1.04932560 0.10006819
v 0.06900702 1.03932232 -0.02433970
v 0.06418752 1.04068578 -0.07047369
v 0.05894011 1.04870325 -0.11032422
v 0.04157929 1.03597476 -0.13251681
v 0.04477400 1.05438051 -0.12306586
v 0.00953773 1.04743624 -0.13802064
v -0.04633406 1.06324299 -0.21980487
v -0.13488989 0.97459157 0.25446876
v -0.16314345 0.98713236 0.28376815
v -0.15160192 0.97060534 0.30447694
v -0.14229817 0.97500557 0.31373417
v -0.09962027 0.96058101 0.29649914
v -0.09731580 0.96032113 0.27253580
v 0.03289511 0.91573661 -0.35516240
v 0.01159800 0.94664683 -0.30443785
v 0.01801996 0.95024878 -0.29463255
v 0.04637403 0.89957910 -0.35087934
v -0.23736310 1.09743423 -0.12686296
v -0.26160379 1.10243277 -0.04241547
v -0.27018895 1.09994417 -0.02015454
v -0.25510719 1.10403488 -0.02039278
v -0.25827229 1.09841144 -0.00317271
v -0.24948125 1.10312424 0.07464146
v -0.24665098 1.09888315 0.08999162
v -0.25703182 1.10796691 0.09000877
v -0.13285421 1.08907948 0.14739452
v -0.11847282 1.08421547 0.14970064
v -0.04094206 1.06423192 0.13758539
v 0.02779279 1.05501821 0.06134972
v 0.00648850 1.05607432 -0.13928343
v -0.02600058 1.06046470 -0.20351234
v 0.05586970 0.89093844 -0.34288798
v -0.16572729 1.08690575 -0.22990561
v -0.21013900 1.11043768 -0.21135536
v -0.21232124 1.09291364 -0.21436003
v -0.25712322 1.10111685 -0.10694812
v -0.25090886 1.10723663 0.07398372
v -0.15958806 1.09882205 0.14458581
v -0.03871805 1.07664258 0.13159090
v 0.05779012 1.03837489 -0.09125904
v 0.01491330 0.93601398 -0.33941168
v 0.06262417 0.92394624 -0.29646343
v 0.04459551 0.91869543 -0.35152780
v -0.15660317 0.97393310 0.29653488
v -0.21969343 1.09790822 -0.20178625
v -0.26075322 1.10583413 -0.09496255
v -0.25485380 1.10426539 -0.02828514
v -0.25576797 1.10463474 0.00587056
v -0.25121295 1.10767481 0.05378975
v -0.26159212 1.11531132 0.07671158
v -0.25938109 1.12240146 0.07956088
v -0.23067151 1.11126257 0.09136804
v -0.10239320 1.07275178 0.14383377
v 0.02079401 1.05194434 0.07523649
v 0.05649139 1.05113796 -0.11878374
v -0.02972223 1.06586108 -0.21021555
v -0.04540440 1.07058016 -0.21838511
v 0.00649859 0.96747567 -0.29791187
v 0.06868634 0.90704937 -0.30220812
v 0.06646696 0.92268804 -0.31713040
v -0.05836265 1.07398007 -0.21903412
v -0.17275311 1.09804734 -0.22719043
v -0.23072707 1.10175359 -0.14611723
v -0.25206136 1.11614275 -0.13425691
v -0.25290581 1.10621544 -0.06956228
v -0.26528628 1.12016500 0.07947961
v -0.17941228 1.09850497 0.13983141
v -0.11097597 1.07455386 0.15004749
v -0.06834572 1.07210443 0.12405772
v 0.02643520 1.05636128 0.06909251
v 0.06378486 1.04089316 -0.07629840
v -0.01154142 1.06037815 -0.16734330
v -0.13834410 0.97929053 0.31157598
v -0.11990344 0.98032928 0.30672864
v 0.07005080 0.90601215 -0.30951110
v 0.06164387 0.91473916 -0.33058096
v -0.13305791 1.00117056 0.24538646
v -0.13965602 1.00036727 0.24607738
v -0.15970804 0.99235647 0.26545569
v -0.09950639 0.98266800 0.27304894
v -0.12796375 1.09620027 -0.22865293
v -0.25916272 1.11060869 -0.11495246
v -0.25444621 1.11867068 -0.11632832
v -0.25194197 1.10988424 -0.03777295
v -0.25821341 1.11315947 -0.01186122
v -0.25594924 1.10989352 0.01732557
v -0.25178574 1.11376415 0.03307972
v -0.25449063 1.12141873 0.04518418
v -0.20116862 1.10546382 0.10260702
v -0.18628639 1.10450505 0.12923908
v -0.09226790 1.08483682 0.14134284
v -0.00051319 1.06212073 0.10282206
v 0.03034778 1.05231653 0.03412827
v 0.06633070 1.05527440 -0.07899599
v 0.02484840 1.05683798 -0.12523433
v -0.00066210 1.06099780 -0.14947817
v -0.07413281 1.08932761 -0.19970821
v 0.00596965 0.95069153 -0.31613500
v -0.16876583 1.00497791 0.26855614
v -0.22529237 1.11453194 -0.19348309
v -0.24836448 1.11044859 -0.08843216
v -0.25420982 1.11891364 0.01731476
v -0.26164288 1.12434239 0.06012336
v -0.22658850 1.12091980 0.08504220
v -0.00921903 1.06088343 0.11583944
v 0.03142547 1.06488346 0.04517750
v 0.06991247 1.06179362 -0.03917315
v -0.08092383 1.06588058 -0.22164858
v -0.07887459 1.08273972 -0.20272228
v 0.01458028 0.95545817 -0.34424236
v -0.05517642 1.09216769 -0.19866864
v -0.12814014 1.10529945 -0.22971674
v -0.24705772 1.11284983 -0.07469923
v -0.18830385 1.09977614 0.11502235
v -0.17076121 1.10658420 0.14196286
v 0.07008123 1.05825745 -0.06438541
v -0.01677566 1.06326682 -0.19240269
v -0.14796910 1.00225557 0.24766070
v -0.16029643 1.00628130 0.25397777
v -0.12478901 0.98001487 0.31000900
v 0.02800758 0.92801248 -0.35150138
v 0.05317045 0.95689006 -0.29254810
v -0.15619921 0.98771405 0.29889068
v -0.13844197 0.98930283 0.30914588
v -0.10625289 0.97299390 0.29793902
v -0.09566649 0.96057487 0.28694596
v -0.24329719 1.12288849 -0.15465536
v -0.26888694 1.13314284 0.06081239
v -0.05334920 1.07287834 0.12422178
v -0.01509793 1.06805137 0.12839688
v 0.03596196 1.06371128 0.03253157
v 0.06150249 1.05067189 -0.09098913
v -0.00830708 1.08040697 -0.19882471
v 0.00184875 0.96946122 -0.30420592
v 0.06697561 0.93586852 -0.30960937
v 0.03928799 0.93360533 -0.35109179
v -0.07470466 1.07931839 -0.20573190
v -0.11842250 1.09275291 -0.22517203
v -0.16315427 1.10725040 -0.22510487
v -0.24230494 1.11940814 -0.09213098
v -0.25265533 1.11633023 -0.03546655
v -0.25595330 1.12652284 0.02591064
v -0.26464966 1.13283205 0.04768668
v -0.25908508 1.14133693 0.07169207
v -0.19670483 1.11788773 0.10754342
v -0.16374874 1.12084873 0.13699425
v -0.10571084 1.09131154 0.14587948
v 0.01281224 1.06466640 0.08911725
v 0.07427579 1.05905119 -0.01637358
v 0.00281931 1.07084363 -0.15214951
v -0.02046836 1.08204487 -0.20667975
v -0.10231290 0.98278281 0.28481220
v 0.03621980 0.95441338 -0.28883077
v 0.05734003 0.93706114 -0.33455867
v -0.10222046 0.98612165 0.26206748
v -0.11913056 0.99586095 0.24853994
v -0.17206532 1.01936347 0.27667372
v -0.13233062 1.00031465 0.30413006
v -0.26054092 1.12561437 -0.01672504
v -0.25749382 1.12498513 0.01007441
v -0.19170382 1.11857152 0.12491432
v -0.13480343 1.10209552 0.14040846
v -0.02161900 1.06702777 0.13383240
v 0.02825166 1.07103211 0.07429111
v 0.07643750 1.06555998 -0.01900144
v 0.06603973 1.06008568 -0.10306276
v 0.00413112 0.95700843 -0.32770048
v 0.05131436 0.91834265 -0.34637194
v -0.16629139 1.00398536 0.28501843
v -0.23449511 1.12368255 -0.17425037
v -0.25150135 1.12637772 -0.13676079
v -0.24271702 1.12216030 -0.10393283
v -0.25033656 1.12691369 -0.06010473
v 0.05870491 1.05972354 0.00551350
v -0.03532974 1.08162960 -0.21291752
v -0.00229710 0.97934686 -0.31105900
v 0.00002496 0.98009449 -0.29979791
v -0.05702183 1.08233030 -0.21171741
v -0.21906296 1.12084295 -0.20030710
v -0.24098592 1.13698869 -0.15507301
v -0.25276608 1.12664367 -0.12751766
v 0.05411849 1.05806143 -0.11845588
v -0.10421715 1.00108294 0.26231750
v 0.02845189 0.95161612 -0.35150342
v -0.00133333 0.97266860 -0.32129037
v 0.01849793 0.96891474 -0.28972385
v -0.11209384 0.99883006 0.25140187
v -0.15816517 1.03057412 0.23825251
v -0.17037995 1.01984606 0.25760412
v -0.10822791 0.99922284 0.28528710
v -0.20986848 1.13383642 -0.19958544
v -0.23163821 1.13135443 -0.17699544
v -0.26637308 1.14605202 0.00834113
v -0.26416243 1.13807062 0.01881522
v -0.26758407 1.13934214 0.03770022
v -0.20292603 1.12399644 0.09835405
v -0.06197734 1.08770041 0.12326962
v -0.02747443 1.07394782 0.13709614
v -0.00582934 1.06877744 0.11492316
v 0.02579626 1.06908066 0.07745164
v 0.06818952 1.06132764 -0.04693379
v 0.00039132 1.08134868 -0.18906945
v -0.17550948 1.11529866 -0.21758731
v -0.27136075 1.14601583 0.05130969
v -0.26880023 1.13131105 0.07126954
v -0.08667388 1.10077196 0.13989756
v -0.08037456 1.09435671 0.13782486
v -0.05325432 1.09563087 0.12116241
v 0.07152895 1.05290384 -0.03409745
v 0.06502581 1.06267637 -0.10963964
v 0.01949346 1.07463056 -0.13141185
v 0.00169419 1.07724399 -0.16365610
v -0.17117460 1.04451351 0.24029375
v 0.00682943 0.96151222 -0.33660956
v 0.02554979 0.98208159 -0.28579139
v 0.04214626 0.96213417 -0.28933408
v 0.06236804 0.93215643 -0.32576395
v -0.14201421 1.11452401 -0.22426185
v -0.23171656 1.13673449 -0.10079988
v -0.25622590 1.13715437 -0.03989171
v -0.26387292 1.14378209 -0.01094967
v -0.13333547 1.11131209 0.13658673
v -0.02114937 1.09086603 0.13236604
v -0.00920973 1.08138507 0.12837442
v 0.00239619 1.08953937 0.12014413
v 0.00888723 1.08089932 0.10193592
v 0.07764927 1.08174646 -0.05085760
v -0.02219025 1.08879641 -0.20600835
v 0.00221384 0.98743558 -0.29270992
v 0.06166642 0.95762235 -0.29777426
v -0.17708126 1.02938390 0.26292783
v -0.16093463 1.01927593 0.29355311
v -0.15005621 1.00130918 0.30284422
v -0.23869120 1.13361807 -0.11168084
v -0.26923179 1.15146865 0.05884797
v -0.21192466 1.13314969 0.08934877
v -0.20539389 1.14788701 0.09555937
v -0.18645673 1.12055763 0.13173140
v -0.17982535 1.14026808 0.13095350
v -0.04613208 1.08465177 0.12098717
v 0.04121503 1.07257955 0.03209021
v 0.06748800 1.06498214 -0.00068599
v 0.07217813 1.06929245 -0.09887986
v 0.03545392 1.07733866 -0.11396065
v 0.00814007 1.08462810 -0.17655437
v 0.00851398 0.98212487 -0.29026415
v 0.01304731 1.00964394 -0.27977507
v -0.11820344 1.02609558 0.24399919
v -0.10592595 1.01063275 0.27184076
v -0.09960901 1.11282844 -0.22580268
v -0.12191447 1.11498281 -0.22713027
v -0.24148464 1.12418406 -0.08588334
v -0.25060982 1.14114186 -0.05601745
v -0.19582573 1.13121342 0.11852626
v -0.14971730 1.13334742 0.13007118
v 0.04070533 1.08062067 0.04261197
v 0.07412433 1.07417758 -0.00253997
v 0.07365611 1.06811842 -0.06562325
v 0.04141268 1.07287871 -0.11245014
v -0.00714953 1.09158444 -0.19957632
v -0.04543086 1.08626651 -0.21123618
v -0.00081318 0.98838992 -0.33357958
v -0.00614122 0.99808857 -0.29997715
v -0.18123197 1.04789577 0.26696992
v -0.17012760 1.02723109 0.28320004
v -0.08446545 1.11523457 -0.22144736
v -0.15424936 1.13207587 -0.20842770
v -0.19885051 1.12852256 -0.20498191
v -0.25042447 1.13236789 -0.13134303
v -0.27070629 1.15757139 0.02683477
v -0.21455543 1.14037569 0.08385600
v -0.06856843 1.10177901 0.13409922
v -0.04176397 1.09618617 0.12037431
v 0.08062918 1.08491264 -0.00769896
v 0.07815640 1.07811935 -0.01981840
v 0.07156242 1.06936643 -0.07910233
v 0.07065626 1.07519349 -0.10330138
v 0.06314281 1.07505369 -0.10723979
v 0.01446868 1.08993019 -0.15594485
v -0.03456330 1.10491687 -0.19049837
v -0.05686777 1.09963576 -0.19493709
v -0.00291739 0.98404167 -0.32728964
v -0.13998655 1.04436406 0.23026389
v -0.10951516 1.14208544 -0.20579869
v -0.19728864 1.13607119 -0.20151797
v -0.26585463 1.15151692 -0.00426872
v -0.20008313 1.12969855 0.10255803
v -0.03516248 1.09368895 0.12278094
v 0.01891877 1.06557293 -0.12827002
v -0.00796869 0.99670018 -0.31738896
v 0.05790609 0.98677576 -0.29490612
v 0.06578967 0.94249653 -0.30345143
v -0.18110993 1.04475916 0.25695779
v -0.17717125 1.03999273 0.27495607
v -0.14544983 1.00685617 0.30333227
v -0.10756438 1.01062521 0.25533343
v -0.10815479 1.12288430 -0.22318370
v -0.20574426 1.16059024 -0.18750372
v -0.23347838 1.15134524 -0.15782596
v -0.24606448 1.13831618 -0.14145892
v -0.26778222 1.16677170 0.03525087
v -0.23629190 1.13049577 0.07931046
v -0.01498667 1.08815023 0.13363126
v 0.04910562 1.06516129 0.01975465
v -0.23584347 1.13651295 -0.08911942
v -0.24687843 1.14593125 -0.06227240
v -0.26495412 1.15675011 -0.00861435
v -0.20030365 1.15819149 0.10843456
v -0.09411552 1.11470855 0.13308714
v -0.07243017 1.11003631 0.13325835
v 0.07015293 1.06760713 -0.08689173
v 0.01235457 1.08484494 -0.15061942
v -0.12947005 1.00902377 0.30042747
v -0.11878719 1.00755153 0.29357248
v 0.02980350 0.97435602 -0.34987552
v -0.00853981 1.01474711 -0.28926286
v 0.00361783 1.00838460 -0.28272041
v 0.04931347 0.98598881 -0.28975546
v -0.02793870 1.10375806 -0.19549163
v -0.09254032 1.12466336 -0.22308192
v -0.18985881 1.14585969 0.12599922
v -0.02645044 1.09321715 0.12884840
v -0.12808736 1.01411770 0.24160411
v 0.06394686 0.97194498 -0.30269135
v 0.05055874 0.94152714 -0.34229142
v -0.22281477 1.13090442 -0.18955387
v -0.22305706 1.15165621 -0.09719562
v -0.26154871 1.16731221 -0.01005567
v -0.05903630 1.10802250 0.13015526
v 0.03149879 1.07145117 0.06326122
v -0.14977635 1.03806018 0.23256336
v -0.17871002 1.04592388 0.25019643
v 0.01957818 0.96403655 -0.34863416
v -0.15168623 1.02987935 0.29848477
v 0.06446831 0.95530385 -0.31867373
v 0.06024046 0.97390737 -0.32795804
v -0.12828794 1.03861946 0.23558494
v -0.17306499 1.04521422 0.28287459
v -0.16560696 1.14716397 -0.19738709
v -0.22939457 1.14893862 -0.08801348
v -0.24369467 1.15604628 -0.05865014
v -0.22178080 1.14375714 0.07896599
v -0.19699288 1.15279927 0.11873582
v -0.08238023 1.11968642 0.13092031
v -0.04618145 1.10528049 0.12062054
v 0.07497158 1.08008842 -0.03150670
v -0.02695595 1.09533088 -0.20360707
v 0.04613232 0.96529810 -0.34356298
v -0.16009514 1.05860989 0.22569685
v -0.18680569 1.06498079 0.25611233
v -0.11204752 1.03298800 0.25097131
v -0.05552126 1.11733674 -0.19930005
v -0.06383562 1.12090721 -0.21198161
v -0.07198756 1.12686349 -0.21888077
v -0.23150149 1.16468835 -0.14047786
v -0.11215832 1.12496359 0.13126647
v 0.00365421 1.09941096 0.12505670
v 0.06911836 1.09585255 0.01691440
v 0.00269571 1.08978056 -0.19279783
v 0.00264887 1.10912987 -0.19201662
v -0.02804971 1.11252610 -0.18351562
v 0.00432639 0.98748666 -0.33967160
v -0.18415942 1.06971436 0.24021162
v -0.10676898 1.02440297 0.26173598
v -0.24271252 1.14228825 -0.12337215
v -0.24231950 1.16840367 -0.04778543
v -0.26197677 1.15775687 0.06261627
v -0.25458686 1.16437368 0.06373740
v 0.01763564 1.08729589 0.09463515
v 0.04244019 1.08780423 0.04889250
v 0.06451769 1.11041822 0.03138878
v 0.07257601 1.07474032 -0.03825773
v 0.08076575 1.08578841 -0.08996724
v 0.08146199 1.09185086 -0.09185320
v 0.01998226 1.09740273 -0.17378168
v 0.00146459 1.02647695 -0.27665044
v 0.02433814 1.00353665 -0.28165949
v 0.03495047 0.99878132 -0.28433029
v 0.05054690 1.00050713 -0.28864525
v 0.05217385 0.97840330 -0.33823614
v -0.14074488 1.12737117 -0.21368671
v -0.25168776 1.16663298 -0.03294392
v -0.20783969 1.15650730 0.08509195
v -0.18835416 1.15679329 0.12393204
v -0.12353246 1.13386764 0.12936454
v -0.06334670 1.11620652 0.13287441
v -0.00812434 1.10637054 0.13089909
v 0.02475167 1.09613085 -0.13763217
v 0.01827795 1.10581434 -0.18493321
v -0.13165117 1.06427078 0.22658043
v -0.15203055 1.06456375 0.22155666
v -0.16506508 1.03565724 0.28998938
v -0.12023815 1.02812553 0.28898424
v -0.14246294 1.15137175 -0.19580036
v -0.19274689 1.16974615 -0.18752665
v -0.24334573 1.16724452 0.06638510
v -0.20396271 1.15982942 0.09705755
v -0.00346165 1.09668785 0.12943429
v 0.02922114 1.08240215 0.08027161
v 0.07762662 1.08275925 -0.00158016
v 0.03278649 1.10634902 -0.13563463
v 0.02235735 1.10283011 -0.17927052
v -0.08966937 1.13108600 -0.21833057
v -0.09971771 1.14181866 -0.20719356
v -0.22353823 1.15403087 -0.10391224
v -0.19766898 1.16653531 0.11512674
v 0.03875000 1.09062597 0.07011347
v 0.08040785 1.08963254 -0.07155160
v 0.05027821 1.09420067 -0.10221628
v 0.03941054 1.09375511 -0.11108378
v -0.18088886 1.05629971 0.27275560
v -0.15698314 1.03905078 0.29667937
v -0.01885464 1.04767843 -0.31495512
v -0.01626037 1.02908642 -0.30811535
v -0.01231986 1.02651015 -0.29006194
v -0.00575375 1.02436702 -0.28205620
v 0.02191237 1.01975841 -0.27689652
v 0.03680788 0.96415143 -0.34860513
v -0.12489299 1.05081240 0.23482883
v -0.14147327 1.03969467 0.29795645
v -0.11338672 1.02028318 0.28192958
v -0.21452814 1.16290443 -0.17664993
v -0.23267096 1.15508443 -0.07547001
v -0.16728502 1.15364707 0.12459962
v 0.05075137 1.08508438 0.02964949
v -0.01339244 1.01942435 -0.31854315
v 0.06525064 0.97725941 -0.30909914
v -0.17017802 1.06171179 0.22995404
v -0.16094046 1.05415240 0.29405006
v -0.11259559 1.04241810 0.27587051
v -0.10840916 1.03268151 0.26883124
v -0.02989977 1.12938037 -0.18668738
v -0.03272732 1.13526268 -0.19976953
v -0.17800439 1.16422131 -0.19042004
v -0.09786063 1.14943993 0.12571095
v -0.01422545 1.10923684 0.12727270
v 0.08203835 1.09007943 -0.01097803
v 0.02340122 1.11874313 -0.18284370
v 0.01035942 1.00128201 -0.34700173
v 0.00076407 1.00739739 -0.33991940
v -0.01358188 1.02194106 -0.30069904
v 0.03604752 1.02233918 -0.27925763
v -0.13796961 1.02756820 0.29935556
v -0.21832792 1.16485490 -0.08007303
v -0.26686968 1.16880804 0.02342990
v -0.21302058 1.17741427 0.07190289
v -0.14282332 1.15640054 0.12543971
v -0.08925630 1.12930842 0.13060811
v 0.00922316 1.10308679 0.12203136
v 0.06499369 1.10792375 -0.09223528
v 0.03236962 1.11012346 -0.17149123
v -0.01611014 1.11672245 -0.18342390
v 0.01552279 1.00631110 -0.34916668
v -0.00896406 1.05196589 -0.27145703
v -0.11515618 1.16582703 -0.18674138
v -0.20307556 1.17834937 0.08544745
v 0.05010394 1.10625951 0.05493358
v 0.07751672 1.08361675 -0.06987712
v 0.03395806 1.10072252 -0.12079528
v -0.01323664 1.03943844 -0.28221963
v -0.19234518 1.08543815 0.25115850
v -0.18857330 1.08360214 0.26367993
v -0.18092464 1.07270410 0.27650878
v -0.16089094 1.06024966 0.29499700
v -0.11702070 1.05209351 0.24259663
v -0.20800543 1.18488386 -0.16921614
v -0.25941676 1.18082928 0.04559425
v -0.24387698 1.19014594 0.05529022
v 0.01343943 1.09805009 0.10724034
v 0.02831558 1.09747247 0.08745375
v 0.08607370 1.10205685 -0.06091520
v 0.06257434 1.09285246 -0.09872143
v -0.01071757 1.02025505 -0.32749166
v -0.01490181 1.06164155 -0.27230514
v 0.04870698 1.01321761 -0.28560897
v 0.06247856 0.99500058 -0.30292389
v 0.03702003 1.00114405 -0.34789163
v -0.19164317 1.08229712 0.24314657
v -0.12632407 1.03592687 0.29281940
v -0.04521921 1.13415857 -0.20820761
v -0.20154874 1.18163010 -0.17827259
v -0.22425677 1.17196447 -0.15209586
v -0.25122719 1.19133240 0.00577749
v -0.25571988 1.18211180 0.05205746
v -0.22059436 1.17481737 0.06899575
v -0.05621979 1.12709005 0.13341085
v -0.03284985 1.11296751 0.11923593
v -0.02437029 1.10918907 0.12180158
v 0.07646808 1.09135326 -0.09588191
v 0.01654234 1.12248369 -0.18253177
v 0.00107848 1.12772821 -0.17482664
v 0.00837892 1.02871566 -0.27357103
v 0.06445263 0.97859933 -0.31710308
v -0.11200305 1.04769041 0.25544506
v -0.14963944 1.16208416 -0.18908777
v -0.22515328 1.17611481 -0.13240158
v -0.24446136 1.18648754 -0.02019633
v -0.24489911 1.19735497 -0.00398161
v -0.25338419 1.19377417 0.03416626
v 0.00359514 1.11423418 0.12875381
v 0.07498471 1.08408105 0.00331997
v 0.06138173 1.11264174 -0.09345514
v 0.04789726 1.12253539 -0.11523888
v -0.01768341 1.06438733 -0.32242783
v -0.14845259 1.06671208 0.29526832
v -0.13258699 1.04961825 0.29462281
v -0.11431596 1.05797569 0.24877104
v -0.11994782 1.06913043 0.23418650
v -0.06050176 1.13642826 -0.21419902
v -0.07011881 1.14191130 -0.21288072
v -0.10021167 1.15587348 -0.19561698
v -0.20886177 1.17557079 -0.08432022
v -0.08477955 1.13441343 0.13126305
v -0.06481693 1.13215507 0.13502580
v 0.02368799 1.10967781 0.09786264
v 0.06208968 1.11888015 0.03969908
v 0.04750546 1.12509488 -0.12206489
v 0.03554503 1.11948055 -0.17408450
v 0.00533040 1.12198821 -0.18260044
v 0.00136395 1.02744488 -0.34234681
v 0.00404254 1.06493351 -0.26030489
v 0.06326784 0.99585175 -0.31246858
v 0.04370949 0.99166387 -0.34458778
v -0.22014484 1.17867585 -0.11639202
v -0.23342528 1.16940076 -0.05813586
v -0.23560326 1.18279088 -0.04063522
v -0.18759356 1.17578716 0.12024638
v 0.07364292 1.11474084 0.02443868
v 0.08328120 1.09111614 -0.08183507
v -0.12486222 1.07730209 0.22663640
v -0.19461088 1.10821661 0.25502967
v -0.00545998 1.04210692 -0.33764784
v -0.00597464 1.06967555 -0.26207313
v 0.01744484 1.03656725 -0.27046524
v -0.14375758 1.18684696 -0.17349925
v -0.21656292 1.18829162 -0.14293818
v -0.23377589 1.20470554 0.05176290
v -0.23457911 1.18355968 0.06180568
v -0.19802825 1.18784766 0.10613592
v -0.10780064 1.16035050 0.12224314
v -0.05283336 1.13715162 0.13500062
v 0.08076497 1.08849088 -0.05039599
v 0.03565168 1.11507005 -0.14635240
v 0.04114548 1.11859350 -0.16480396
v -0.18907984 1.09086027 0.23140277
v 0.02064662 1.05498323 -0.26420668
v -0.16193140 1.17497609 -0.18402276
v -0.19068482 1.18738304 -0.18020405
v -0.21875802 1.17236439 -0.16307789
v -0.21770266 1.17712480 -0.10889814
v -0.23216565 1.19565672 -0.03173274
v -0.16096981 1.19008332 0.12306240
v -0.01830879 1.12242556 0.11905020
v -0.00457425 1.12335992 0.12485504
v 0.08042878 1.09567992 -0.03339984
v -0.14458230 1.07421181 0.21770838
v -0.17774598 1.10086167 0.21228663
v -0.18256465 1.09319761 0.22112501
v -0.12808034 1.06440591 0.28930075
v -0.11837362 1.05187529 0.28254318
v -0.01948450 1.05609052 -0.28576280
v 0.05895850 0.98596529 -0.32913412
v -0.12308498 1.17001709 -0.18212482
v -0.22067149 1.18220339 -0.12495375
v -0.03347270 1.12290412 0.12067387
v 0.08317864 1.10310533 -0.01735264
v 0.09059109 1.10807444 -0.08230196
v 0.05649867 1.11547028 -0.09921056
v -0.17027712 1.11017615 0.20213678
v -0.19927912 1.12040688 0.24118197
v -0.16225477 1.08549710 0.29327421
v -0.11209537 1.05448154 0.26461197
v -0.02038486 1.08011951 -0.27371823
v -0.00256844 1.13037783 -0.17370623
v -0.07896140 1.16062049 -0.19488006
v -0.21489061 1.19640165 0.06199120
v -0.18143094 1.16581922 0.12272505
v 0.01479757 1.11585518 0.12352501
v 0.09268537 1.11834914 -0.04900632
v 0.05007719 1.12904399 -0.13656010
v -0.16826223 1.12256020 0.19491569
v -0.18503680 1.10880680 0.27269244
v -0.17420704 1.07975631 0.28497335
v -0.02190290 1.05950176 -0.30443745
v 0.05755489 1.01152899 -0.29255642
v 0.05354377 1.01116428 -0.33415620
v 0.02378020 1.00474615 -0.35000608
v -0.01521403 1.13867367 -0.18178591
v -0.02441935 1.14771155 -0.20080668
v -0.08147340 1.16905765 -0.18849596
v -0.21093798 1.17989424 -0.06936204
v -0.12954672 1.17704482 0.12071669
v 0.01905185 1.11566080 0.11498883
v 0.04698871 1.10951114 0.06688175
v 0.09029609 1.11400142 -0.03997032
v 0.09780665 1.11887406 -0.06922163
v -0.14452768 1.10559993 0.20334030
v -0.15242079 1.09997797 0.20424586
v -0.19349542 1.11905144 0.21825423
v -0.19776189 1.10937083 0.23391672
v -0.11548785 1.07043280 0.24146092
v 0.01008903 1.03627426 -0.34745487
v -0.02367660 1.07248778 -0.29656935
v -0.01398749 1.07991365 -0.26372374
v 0.04144625 1.03664673 -0.27667109
v -0.18212207 1.12325249 0.20171380
v -0.14201758 1.05228850 0.29718698
v -0.13463259 1.17806819 -0.17647574
v -0.21285259 1.17434857 -0.09709682
v -0.24410104 1.20723818 0.01847194
v -0.09310049 1.16554333 0.12330883
v 0.03646071 1.10772059 0.08324487
v 0.04153304 1.12035886 0.08283776
v 0.04404878 1.13436671 -0.16883286
v 0.03043080 1.03648990 -0.34856302
v -0.13675648 1.11134678 0.20491143
v -0.11786304 1.07737674 0.27338996
v -0.11275042 1.07269061 0.25226462
v -0.03474714 1.14857216 -0.20438031
v -0.05479304 1.16184485 -0.19677463
v -0.10551683 1.17418863 -0.18483791
v -0.20255057 1.18795380 -0.07105361
v 0.08638961 1.10691961 -0.00262350
v 0.01655146 1.13632949 -0.16931784
v 0.05147843 1.02802970 -0.28378597
v 0.06137670 1.01518240 -0.30124086
v -0.16213835 1.10622797 0.20086251
v -0.17223219 1.09934540 0.28529077
v -0.05063513 1.17665030 -0.18808584
v -0.17836377 1.19203145 -0.18019305
v -0.20620948 1.19363584 -0.10284453
v -0.19816600 1.19655137 -0.08798616
v -0.20193384 1.19903849 -0.05742180
v -0.22066497 1.19817087 -0.04227930
v -0.23382979 1.20763496 -0.01667924
v -0.23095177 1.22008121 -0.00368741
v -0.20700997 1.18434050 0.07445528
v 0.04537358 1.11929418 0.07637774
v 0.05841884 1.11702651 0.04481716
v -0.01185361 1.05268418 -0.33039065
v -0.00095907 1.14727572 -0.17413099
v -0.00661136 1.15730540 -0.19315562
v -0.01940803 1.16125582 -0.19592154
v -0.20638304 1.20300846 0.06513984
v -0.19311735 1.19273042 0.11165906
v -0.14779612 1.17432288 0.12333853
v -0.10947574 1.17805509 0.11543520
v -0.06271300 1.14140882 0.13638454
v -0.03623295 1.13728885 0.12721709
v -0.01978953 1.14031449 0.11935208
v 0.09535708 1.12134444 -0.05638206
v 0.10177783 1.12861501 -0.06787675
v -0.15494883 1.08923965 0.29329765
v -0.14310402 1.08098593 0.29348858
v 0.03976686 1.02879210 -0.34476625
v -0.05731820 1.17124347 -0.18986672
v -0.09898379 1.18373936 -0.18658037
v -0.20512114 1.20730245 -0.12496695
v -0.23622470 1.22677424 0.02739107
v -0.07840615 1.15382988 0.13187921
v -0.01657916 1.13290724 0.11761710
v 0.00768035 1.12744517 0.12790684
v 0.08362669 1.10604504 0.00644392
v 0.05123744 1.12111568 -0.10861414
v 0.04565928 1.12810579 -0.16826211
v -0.12295446 1.07335428 0.28204035
v -0.11520909 1.08472536 0.23491310
v 0.01962705 1.03873000 -0.34967749
v -0.19980489 1.20103719 -0.16535107
v -0.19564319 1.20351781 0.10358399
v -0.17194433 1.20269159 0.11912353
v -0.14669316 1.19864744 0.12188571
v 0.06125153 1.14390499 -0.11113908
v -0.20044783 1.13210697 0.22553033
v -0.00503906 1.08877981 -0.25664430
v 0.01198491 1.07480561 -0.25734491
v 0.04652697 1.05016586 -0.27543813
v 0.03713744 1.14125710 -0.16714061
v 0.02020516 1.14305687 -0.16497409
v -0.11547168 1.17834576 -0.18168137
v -0.24277477 1.21427290 0.03656359
v -0.19665380 1.20196833 0.08817365
v 0.03583817 1.13205666 0.09663035
v -0.12971909 1.11784181 0.20735235
v -0.19816201 1.12640204 0.24633695
v -0.17754604 1.12982375 0.27732364
v 0.00292801 1.05386212 -0.34356774
v -0.02385658 1.09452750 -0.29947266
v -0.00308151 1.15001623 -0.18730600
v -0.03582289 1.17045789 -0.19027838
v -0.18592069 1.19987759 0.11457605
v -0.06030984 1.15142948 0.13722510
v 0.08960757 1.11929841 -0.02178462
v -0.14318327 1.12434440 0.19649703
v -0.15761685 1.12117440 0.19397507
v 0.02897954 1.05957262 -0.26511165
v 0.05358920 1.04696652 -0.28209912
v 0.05739277 1.03638480 -0.28906589
v 0.04702536 1.01940218 -0.34009731
v -0.13060910 1.08773969 0.28744747
v -0.11378156 1.07211882 0.26507777
v -0.12705241 1.19249825 -0.17122934
v -0.13681745 1.20550829 -0.16527944
v -0.16687806 1.19919901 -0.17555775
v -0.19164537 1.20184448 -0.07178119
v -0.21500855 1.22303557 -0.02750208
v -0.22680045 1.22037174 -0.01303315
v -0.21682445 1.23237675 0.04623421
v -0.00824429 1.13587072 0.11830678
v 0.02634513 1.13582938 0.12135975
v 0.05212660 1.13219674 0.07400578
v 0.09036244 1.12361324 -0.00743031
v 0.08163932 1.11721644 -0.08308794
v -0.02211710 1.09546911 -0.27376232
v 0.06135344 1.03597405 -0.29774681
v 0.06192561 1.02870723 -0.30914343
v -0.19068818 1.10856504 0.26441906
v 0.01492159 1.15480275 -0.16239502
v -0.03192607 1.16001560 -0.19790423
v -0.24282146 1.20593235 0.04542104
v -0.19978938 1.23938805 0.05593427
v -0.17864820 1.20853944 0.11649839
v -0.04275237 1.14635730 0.13383943
v 0.07911641 1.12433185 0.02389425
v 0.05798036 1.13368548 -0.15287521
v -0.02372422 1.09470658 -0.28797458
v -0.01333257 1.09688410 -0.25915946
v 0.05024551 1.05030291 -0.33632201
v 0.04856583 1.14320842 -0.16401206
v 0.00666147 1.16291455 -0.18734451
v -0.07440231 1.17848031 -0.18782207
v -0.18566476 1.20459333 -0.17379961
v -0.19762717 1.20949363 -0.10310544
v -0.20020194 1.20145012 0.07706288
v 0.01966679 1.12903986 0.12310189
v 0.06024775 1.12859864 0.05656398
v 0.08560541 1.12227973 0.01468642
v 0.08630283 1.13441651 -0.07521379
v -0.16396111 1.11127749 0.28909444
v -0.15785019 1.11138611 0.29083810
v -0.12275863 1.09294395 0.27982967
v 0.05826745 1.06418355 -0.28478400
v 0.04526541 1.15146342 -0.15868838
v 0.01452885 1.15933195 -0.16514584
v -0.11995849 1.18580064 -0.17782115
v -0.14885707 1.20589011 -0.16734676
v -0.20401396 1.20845081 -0.14222625
v -0.18408803 1.21737281 -0.07997379
v -0.19602644 1.21957501 0.09126306
v -0.08051183 1.16660701 0.12930017
v -0.00956872 1.14550533 0.11733378
v 0.06413421 1.14426665 -0.15388419
v -0.16082199 1.13589130 0.18892599
v -0.19072439 1.14194771 0.20396886
v -0.13594426 1.07868347 0.29165689
v -0.00560890 1.07081225 -0.33735352
v -0.01811318 1.09111609 -0.26609336
v 0.05990903 1.02712117 -0.32037992
v -0.20136368 1.13999452 0.23206368
v -0.11080278 1.08722178 0.25239153
v 0.09623634 1.14210868 -0.00344055
v 0.09689903 1.13551177 -0.02033876
v 0.06115059 1.14510134 -0.11887723
v 0.06329035 1.14283709 -0.13089151
v -0.03838226 1.18440762 -0.18603549
v -0.06795321 1.19792480 -0.19338514
v -0.09303765 1.19977500 -0.18861052
v -0.18835690 1.22185686 -0.16189912
v -0.19283800 1.22195140 -0.10964727
v -0.22574702 1.23411664 0.00465914
v -0.13675361 1.19461249 0.11995641
v 0.00444570 1.15018517 0.11873860
v 0.05792770 1.05660912 -0.32673348
v -0.17777783 1.14055098 0.19210934
v -0.11203017 1.08534234 0.24390754
v -0.11838576 1.11107098 0.21969182
v 0.00272502 1.17263728 -0.18612728
v -0.19474102 1.21324461 -0.05104384
v -0.22530598 1.23311178 0.04135997
v -0.20724082 1.22117612 0.05552892
v -0.19398637 1.22018008 0.09957245
v -0.18329978 1.22031438 0.11082803
v -0.11261071 1.18957392 0.11194575
v 0.03446915 1.14869559 -0.16086519
v -0.02191267 1.08546441 -0.31190007
v 0.01623783 1.09089728 -0.25740836
v 0.04481296 1.07230836 -0.27183155
v 0.06297415 1.05785775 -0.29549886
v -0.19725026 1.13717337 0.21552173
v -0.18247311 1.12871421 0.27307749
v -0.14830424 1.10987415 0.29103376
v -0.22796500 1.23807866 0.03436657
v 0.08758868 1.11343258 0.00400179
v 0.07574257 1.13882943 -0.08667172
v 0.07050304 1.14655287 -0.14398431
v -0.00522767 1.08977496 -0.33670342
v -0.01715639 1.09152191 -0.32141680
v -0.15884779 1.12472034 0.28824270
v -0.11131851 1.10734177 0.23379149
v -0.01156647 1.18657094 -0.18233114
v -0.04942061 1.20278398 -0.19344095
v -0.17547375 1.20926923 -0.17319829
v -0.19971204 1.21059268 -0.15595145
v -0.18303857 1.22172234 -0.05569168
v -0.22028100 1.22403913 -0.02057534
v -0.10308770 1.18834488 0.11326725
v -0.05628926 1.16482045 0.13781654
v -0.01975092 1.15164696 0.12375711
v 0.07311223 1.13966542 0.04069771
v 0.08470169 1.14016573 -0.07623088
v 0.07037570 1.15730433 -0.10850939
v -0.01371457 1.07835022 -0.32848999
v -0.01042625 1.10973499 -0.32830627
v 0.06202935 1.06051762 -0.31827085
v 0.03137829 1.05519155 -0.34746403
v -0.01288967 1.17558432 -0.18639351
v -0.12039774 1.20697869 -0.16858479
v -0.16475676 1.22044060 -0.16678773
v -0.04835777 1.15536667 0.13762574
v 0.01963279 1.14218024 0.12670403
v 0.03444032 1.14583870 0.11761082
v 0.03156319 1.13704755 0.11369009
v 0.03606880 1.13767254 0.10257715
v 0.09540739 1.12469276 -0.07473053
v 0.09725160 1.15186925 -0.06585436
v 0.01568713 1.06360273 -0.34803584
v -0.00127099 1.11587362 -0.25280169
v 0.00493869 1.08199004 -0.25613356
v 0.02954635 1.08494404 -0.26223347
v 0.01704270 1.16369858 -0.17907555
v -0.03981836 1.19152469 -0.18783713
v -0.18485559 1.23673076 -0.15219573
v -0.21246633 1.21015201 -0.03977389
v -0.22730134 1.24114529 0.01872341
v -0.19042829 1.21592107 0.10711154
v -0.12413784 1.20193294 0.11317472
v -0.20227979 1.16058476 0.22387818
v -0.19757602 1.15765265 0.24716346
v -0.19267014 1.13974932 0.25811925
v -0.13569103 1.12781797 0.28612136
v 0.00668823 1.06901897 -0.34491899
v -0.19425751 1.16624725 0.20226464
v 0.00329486 1.15890889 0.11749218
v 0.01850054 1.15081965 0.12425342
v 0.09836590 1.13572249 -0.03851822
v -0.00827984 1.11537512 -0.25438552
v 0.06320088 1.08749381 -0.29059621
v 0.06373450 1.05257324 -0.30906973
v -0.17108471 1.12711871 0.28182643
v -0.10941090 1.11256045 0.25816049
v -0.18449241 1.24424759 -0.13271989
v -0.19670346 1.23285956 0.07099253
v -0.02561231 1.16050069 0.13151614
v 0.10431722 1.14565959 -0.06354610
v 0.07259029 1.16063229 -0.11536704
v 0.05533293 1.15299795 -0.15735132
v 0.01255148 1.08532680 -0.34465744
v -0.02690791 1.13026079 -0.29415686
v -0.01702471 1.11569889 -0.26093117
v 0.03126783 1.07052667 -0.34515331
v -0.12439308 1.11828447 0.28049767
v -0.10906452 1.11316602 0.24266395
v 0.02565920 1.16624516 -0.15416943
v -0.12777222 1.21587764 -0.16185066
v -0.14053398 1.22070647 -0.16015582
v -0.17757792 1.22560618 -0.16459299
v -0.18202185 1.23319517 -0.09651561
v -0.14461988 1.21241447 0.11942986
v -0.12062775 1.20993332 0.11123081
v -0.08419749 1.19437598 0.12287392
v 0.02816328 1.15202151 0.12389587
v 0.04622531 1.14001531 0.08796932
v 0.08784411 1.14580297 0.02594708
v 0.10513499 1.13833487 -0.05603858
v 0.06573634 1.14480130 -0.10374382
v 0.06438797 1.15591803 -0.15277765
v 0.02396884 1.11226211 -0.25873762
v -0.16333597 1.15080954 0.18595420
v 0.02534498 1.17653215 -0.17991818
v -0.01922645 1.19100104 -0.18269272
v -0.08932686 1.20773064 -0.18796814
v -0.09969940 1.20902406 -0.18398593
v -0.18719605 1.23775563 -0.12128302
v -0.19700318 1.21854997 -0.11649699
v 0.07030420 1.13995698 0.04512637
v 0.00458962 1.12060352 -0.25273112
v -0.14646402 1.14437391 0.18949266
v -0.14296705 1.12490289 0.28838943
v -0.10791009 1.13982615 0.23995926
v -0.11183376 1.14110517 0.22243197
v -0.10709966 1.21202689 -0.17862917
v -0.21510221 1.25654459 0.00668896
v -0.19863644 1.23340552 0.06306825
v -0.06032761 1.19422261 0.13256478
v -0.04938386 1.18056032 0.13672053
v 0.09697065 1.15457031 0.01571789
v 0.10150519 1.16138054 -0.00035405
v -0.02404561 1.11538562 -0.27656372
v -0.02944844 1.15072024 -0.27779389
v -0.02212616 1.12088990 -0.26792635
v 0.04421273 1.06239122 -0.34041942
v -0.16189131 1.13828895 0.28588219
v -0.11277001 1.12892899 0.22495196
v -0.12000487 1.13358059 0.21247570
v -0.12029461 1.22506540 -0.16073677
v -0.16193219 1.23091201 -0.16114181
v -0.20549665 1.22717789 -0.03214509
v -0.20480256 1.24374410 0.04802678
v -0.16742333 1.21579348 0.11863835
v -0.10575552 1.20465802 0.11419972
v -0.01525659 1.17336105 0.13018228
v 0.04186499 1.15014198 0.10554027
v 0.06049701 1.16417560 0.08003630
v 0.08013458 1.15766977 -0.13534898
v -0.02564961 1.11920164 -0.28646746
v -0.01437547 1.12997882 -0.25708820
v 0.03599620 1.11292394 -0.26380423
v 0.04624922 1.10246976 -0.26941622
v 0.03237677 1.17743428 -0.17114573
v -0.06566740 1.20548280 -0.19264828
v -0.15682463 1.22483401 0.11931167
v 0.08695727 1.16128009 -0.08502668
v 0.07330049 1.15409649 -0.14624181
v 0.07179004 1.16395974 -0.14774531
v -0.15325475 1.16783468 0.18402920
v -0.16068273 1.17497301 0.18239251
v -0.18917204 1.16261820 0.26164326
v -0.02219692 1.11075558 -0.30823965
v -0.00592569 1.13503553 -0.25356004
v -0.17397640 1.14194083 0.27808312
v -0.18559459 1.17165571 0.26454332
v 0.00940703 1.18184434 -0.18305993
v -0.12774341 1.21150047 0.11304035
v -0.09690066 1.20767397 0.11924549
v -0.02984987 1.17552303 0.13625485
v 0.09230892 1.14463039 0.01817995
v 0.11354262 1.15893599 -0.04795524
v 0.05627739 1.08217031 -0.28031011
v 0.02167365 1.08366233 -0.34456646
v -0.12897579 1.14401559 0.20200440
v -0.18373519 1.17072768 0.19100611
v -0.20124321 1.16507276 0.23550087
v -0.01713750 1.19846645 -0.21469161
v -0.17416947 1.24191061 -0.15745639
v -0.17174467 1.23358844 -0.06528452
v -0.20905960 1.24637997 -0.01705426
v -0.19643061 1.24228136 0.08228364
v 0.08227137 1.16138109 0.04287052
v 0.09740694 1.15058167 0.00874408
v -0.08256692 1.21515277 -0.18643768
v -0.12870969 1.23810442 -0.15371862
v -0.21444672 1.25021309 -0.00382038
v -0.15336180 1.23452520 0.11794138
v -0.02312123 1.18563403 0.13574557
v 0.04318840 1.16041597 0.11451766
v -0.20102749 1.16807370 0.21674143
v -0.19356718 1.16929742 0.25479468
v -0.11364620 1.11526609 0.26831637
v -0.02703273 1.19876058 -0.22142924
v 0.00618298 1.11106960 -0.33827018
v 0.01446790 1.13591702 -0.25476125
v 0.03384447 1.17673108 -0.15408756
v -0.00239833 1.20383804 -0.17916874
v -0.03089110 1.20586632 -0.19136634
v -0.18666290 1.23796075 -0.14347037
v -0.19201708 1.26045590 0.06018566
v -0.19035241 1.23818490 0.09962757
v 0.02632260 1.16089851 0.12339216
v 0.07207162 1.15842470 0.05676688
v -0.17394862 1.16875713 0.18563961
v -0.18581363 1.18853030 0.18759541
v -0.14375683 1.14050008 0.28442879
v -0.12089156 1.13436284 0.27417545
v -0.00002369 1.18469069 -0.21253688
v 0.00054405 1.19861615 -0.17864929
v -0.18335759 1.23750862 -0.04018939
v -0.20148413 1.24918867 -0.02306754
v -0.21884539 1.25721356 0.01816110
v -0.00502173 1.16243758 0.12033684
v 0.00737572 1.17458292 0.11891264
v 0.01760558 1.17009488 0.11855101
v 0.10583336 1.15632637 -0.03715581
v 0.08744960 1.17389398 -0.09173537
v -0.14676337 1.16702817 0.27648390
v 0.06573440 1.08529392 -0.30482257
v -0.03021618 1.14664146 -0.29036014
v -0.00353314 1.15391266 -0.25545146
v -0.02540221 1.15211602 -0.26826384
v -0.01781440 1.15505919 -0.26133332
v -0.16334639 1.15101783 0.28043895
v -0.12733966 1.13911455 0.27848675
v -0.10958925 1.13984708 0.25261437
v -0.03394457 1.20316614 -0.23039774
v 0.00389644 1.19821395 -0.20280262
v 0.00677002 1.18592522 -0.21433068
v 0.03797913 1.17713448 -0.14741762
v 0.02554152 1.20249592 -0.17588379
v -0.08991095 1.23503065 -0.17985709
v -0.18050364 1.22068640 -0.07417399
v -0.17497037 1.24423133 -0.04310670
v -0.18517021 1.25440162 0.09901166
v 0.04039816 1.16354197 0.12003860
v 0.08452202 1.16443865 -0.12949335
v -0.01653837 1.11250547 -0.32108969
v -0.02989365 1.15503957 -0.29680971
v 0.06452910 1.08856832 -0.31378445
v 0.05687174 1.08279770 -0.32770487
v 0.03462133 1.10910715 -0.33562256
v -0.13475271 1.24477198 -0.15139432
v -0.15864071 1.24435293 -0.15557361
v -0.17448136 1.25838658 0.10620144
v -0.16857378 1.24286379 0.11359557
v -0.11319303 1.21821353 0.10914931
v -0.07668797 1.20336626 0.12674721
v 0.05263689 1.15755849 0.09106546
v 0.09119472 1.15158273 -0.07208649
v 0.09564187 1.17575238 -0.12952327
v -0.15055686 1.18958100 0.18162172
v -0.19850092 1.19478737 0.19624288
v -0.20189328 1.19290966 0.24128110
v 0.01239131 1.18737447 -0.21434874
v -0.14148314 1.18857822 0.18647083
v -0.14212842 1.17173272 0.18836213
v 0.03903613 1.08816082 -0.33833560
v -0.00275908 1.11366176 -0.33506200
v -0.01821185 1.13905408 -0.32329041
v -0.02871679 1.17021884 -0.27822386
v -0.00703157 1.16607089 -0.25805639
v -0.19250651 1.26370291 0.08190918
v 0.06474613 1.15753336 0.06886912
v 0.10240042 1.17949197 0.02323625
v 0.10377934 1.15469366 -0.03156829
v -0.00069127 1.19390195 -0.21191950
v -0.18625046 1.18368163 0.26192028
v -0.11434942 1.14912464 0.26128680
v -0.03571745 1.20775551 -0.23535064
v -0.03068109 1.21952527 -0.22470214
v 0.03124277 1.13005850 -0.26220191
v -0.02395964 1.13998537 -0.31211633
v -0.01940759 1.20798222 -0.18920595
v -0.14079622 1.22920012 0.11548345
v -0.08564734 1.21440790 0.12659753
v -0.04293900 1.19305377 0.13527672
v 0.11038125 1.15068833 -0.05669753
v 0.01983369 1.18069658 -0.22355476
v 0.02492181 1.18057831 -0.22471559
v -0.13247609 1.17684611 0.19676103
v -0.18102251 1.20673144 0.18410095
v -0.13225601 1.14363510 0.28040008
v -0.01707061 1.21379668 -0.21368100
v 0.05202924 1.10981602 -0.27321065
v 0.06554298 1.11114131 -0.30032410
v 0.06228996 1.09917657 -0.31889427
v 0.04928396 1.10306435 -0.33128976
v -0.01180086 1.13975459 -0.33058367
v -0.02546431 1.21355171 -0.19098851
v -0.01378330 1.22417816 -0.18899358
v -0.03706387 1.21698723 -0.18904275
v -0.05763830 1.22358166 -0.18263688
v -0.18004275 1.25161311 -0.11968381
v -0.12400947 1.23976156 0.10506711
v 0.03922484 1.17620602 0.12067247
v -0.13373171 1.18837997 0.19284711
v -0.17343604 1.19403778 0.18208534
v -0.20528698 1.19856423 0.21407214
v -0.20492025 1.19417313 0.22532404
v -0.11089271 1.16671322 0.25559190
v -0.10695676 1.14989642 0.24309542
v 0.01562535 1.15295334 -0.25789243
v -0.02752081 1.14704879 -0.30453016
v -0.03029702 1.16105704 -0.28606355
v 0.06128712 1.20565872 -0.14758535
v 0.03457202 1.19454166 -0.17684042
v -0.03133924 1.22712675 -0.18370544
v -0.11386640 1.22634504 -0.16492509
v -0.10533598 1.25400178 -0.15890495
v -0.12005391 1.25308640 -0.14972243
v -0.15177554 1.26141191 -0.15152720
v -0.16465429 1.27160545 -0.14341330
v -0.18562055 1.24496642 -0.03446129
v -0.19043616 1.26362479 -0.02413795
v -0.20360562 1.26841871 -0.00813444
v -0.21985259 1.25641199 0.02405737
v -0.21227454 1.26427985 0.03134180
v -0.15872443 1.24923310 0.11661145
v -0.05643326 1.20871307 0.13384656
v 0.05882853 1.17528601 0.09740268
v 0.11399330 1.16876792 -0.05263994
v 0.08656695 1.16935355 -0.13773676
v 0.01819485 1.18773414 -0.22084742
v -0.02504901 1.21670354 -0.21765127
v -0.00648484 1.21933037 -0.19801047
v 0.04756718 1.18900235 -0.14423773
v 0.04630696 1.19233591 -0.16949845
v -0.00417124 1.21200225 -0.18061281
v -0.15994362 1.27384335 -0.14612078
v -0.17812489 1.25157723 -0.11143531
v -0.20756047 1.26169931 0.03720973
v 0.11057736 1.17693507 -0.02781488
v 0.10358454 1.16501609 -0.06077908
v -0.20916854 1.20770673 0.22545696
v -0.15604993 1.16394504 0.27691337
v -0.11803783 1.15567332 0.21320126
v 0.01312447 1.16773000 -0.25767952
v 0.06308142 1.12098443 -0.29253127
v 0.02333314 1.10584362 -0.33939918
v -0.03273439 1.16686378 -0.31555863
v -0.01259849 1.21861694 -0.18974928
v -0.09494311 1.24587271 -0.17496392
v -0.14216313 1.24956517 -0.15075427
v -0.17619909 1.25617344 -0.14014458
v -0.17445244 1.23183900 -0.05887468
v -0.20726090 1.27708478 0.02604702
v -0.19421881 1.26318859 0.07522330
v -0.01160250 1.19031451 0.13347182
v 0.10396956 1.17811450 0.01593354
v 0.10362306 1.17686916 -0.06547011
v 0.02134748 1.19458051 -0.21585542
v -0.10916519 1.16534889 0.22715004
v -0.03781552 1.21992119 -0.23884837
v -0.00265539 1.20296597 -0.20782493
v -0.11043331 1.23414801 0.10764210
v 0.02097058 1.16353771 -0.26015549
v 0.03863208 1.15063639 -0.27455686
v -0.03389778 1.17486815 -0.30079752
v -0.02180716 1.17656961 -0.27093543
v 0.05852936 1.18872703 -0.13678501
v -0.10535863 1.22753414 -0.17368157
v -0.11551603 1.23786726 -0.15760175
v -0.20010101 1.28371602 0.03034738
v -0.14963499 1.24475996 0.11645661
v 0.01854916 1.19676229 -0.20768764
v 0.02696379 1.18175950 -0.23101640
v -0.11479384 1.18611436 0.22123587
v -0.19588511 1.19020871 0.25162184
v -0.17153723 1.17182239 0.27056938
v 0.02099916 1.17967262 0.11702160
v 0.04704340 1.16373139 0.11046986
v 0.06358396 1.17340803 0.08068663
v 0.10985576 1.18022834 -0.05630585
v 0.11119960 1.18747620 -0.05701804
v 0.08874239 1.18202320 -0.09864995
v 0.06045128 1.20002485 -0.13839398
v 0.03245231 1.20945093 -0.17572908
v -0.00306179 1.23041291 -0.18625467
v -0.04736355 1.24670558 -0.17347162
v -0.18898034 1.28397801 -0.01572338
v 0.00750077 1.21541661 -0.17667052
v 0.00161856 1.22418582 -0.18109015
v -0.16731384 1.26306605 -0.03584577
v -0.16301854 1.26376303 0.11187234
v -0.18832265 1.21356574 0.18816631
v -0.20177585 1.22325108 0.20239991
v -0.20943861 1.21772048 0.21443914
v -0.10703263 1.15285801 0.23462758
v -0.09530604 1.23319371 0.11568549
v -0.07300168 1.21881977 0.13202159
v 0.05003731 1.17621562 0.11673511
v 0.09584291 1.16967541 0.02924493
v 0.03266112 1.20388308 -0.22099882
v -0.00233594 1.13345463 -0.33440958
v 0.02600275 1.18910149 -0.22894862
v 0.02889817 1.19351774 -0.22604836
v -0.03549223 1.23496937 -0.23368633
v -0.02761282 1.23507515 -0.21514294
v -0.01351883 1.22835895 -0.21127885
v -0.19515888 1.22264821 0.19397713
v -0.19684967 1.20788251 0.24708478
v -0.14221049 1.18417249 0.27108754
v -0.12721601 1.17060608 0.26984213
v -0.03934559 1.20593698 0.13518719
v 0.07686519 1.17700418 0.06357559
v 0.11662711 1.16964470 -0.04976540
v 0.04551294 1.18973780 -0.16580450
v -0.05539415 1.23776255 -0.17571528
v -0.17948946 1.26064763 -0.03005718
v -0.19861662 1.27059482 -0.01354875
v -0.18464579 1.26712252 0.09069080
v 0.03789197 1.20669005 -0.20638410
v 0.04107540 1.18952351 -0.23232355
v 0.05971818 1.10700537 -0.28243274
v 0.00631266 1.13685764 -0.33574604
v -0.02704182 1.19508815 -0.27390252
v -0.17095476 1.26943905 -0.12233031
v -0.17095148 1.26777075 -0.11473753
v -0.16767466 1.26083563 -0.09861210
v -0.16984956 1.24302429 -0.08120990
v -0.16275143 1.25619226 -0.04900258
v -0.17582111 1.26811319 0.10036286
v 0.00487868 1.20218982 0.13033938
v 0.06561509 1.17348644 0.07680890
v 0.10806997 1.18211565 -0.01131217
v 0.09646021 1.17635842 -0.07976654
v 0.09854324 1.18052942 -0.11969790
v 0.06670304 1.19214702 -0.13489261
v -0.16028584 1.20726975 0.17795051
v -0.20835143 1.21307070 0.23167375
v -0.15471632 1.18605130 0.27054508
v -0.12180500 1.15755982 0.26888120
v 0.02474336 1.15363354 -0.26329832
v 0.02661698 1.12493369 -0.33436146
v -0.03291770 1.18716786 -0.28528013
v -0.03252525 1.23483790 -0.22199069
v -0.01417576 1.22823933 -0.19689779
v -0.16330015 1.25749871 -0.15298586
v -0.14737813 1.25721203 0.11361124
v -0.12451036 1.25587214 0.10183581
v 0.08163741 1.16566016 0.04671658
v -0.13421558 1.21587236 0.18376296
v -0.12518335 1.19821495 0.19979534
v -0.12747559 1.23859313 0.15570048
v 0.02288768 1.16836694 -0.25828250
v 0.06193920 1.12021208 -0.31703821
v -0.07365588 1.21101927 0.18881830
v 0.02717289 1.21936222 -0.19035058
v 0.03652538 1.21264262 -0.19628732
v 0.03536053 1.17964433 -0.23296743
v -0.07711580 1.24397159 -0.17755205
v -0.16514517 1.24592977 -0.07146499
v -0.20290799 1.28284853 0.00625147
v -0.09539817 1.24210605 0.11538159
v -0.01695729 1.21221536 0.13626905
v 0.01530798 1.22715653 -0.17632243
v -0.20920880 1.22401766 0.22030514
v -0.17840021 1.18707972 0.26450291
v -0.12511505 1.20771498 0.19238854
v -0.01648772 1.23725541 -0.19664643
v -0.00335606 1.22928550 -0.19724651
v 0.04083889 1.16326701 -0.27677439
v -0.02950920 1.20151433 -0.27908198
v 0.03666562 1.20454503 -0.20218968
v -0.01112476 1.23480947 -0.18675565
v -0.03350489 1.24077040 -0.17969032
v -0.15825190 1.25960429 -0.05975411
v -0.18587883 1.28328306 -0.01891016
v -0.20566676 1.28152503 0.01488801
v -0.19372531 1.26405183 0.04835120
v -0.15964978 1.27444015 0.11071405
v -0.05509266 1.21889147 0.13594696
v 0.02208176 1.18825475 0.11718139
v 0.12041477 1.17613007 -0.04406235
v 0.11367415 1.20826475 -0.07253495
v 0.10744074 1.18945335 -0.11497878
v 0.02636909 1.20353997 -0.21315328
v 0.04259228 1.21598656 -0.21792068
v 0.05358148 1.18232287 -0.25115867
v -0.15101065 1.21368028 0.17788071
v -0.11229963 1.19824496 0.22407174
v -0.03986220 1.22035678 -0.26074086
v -0.02162980 1.24130538 -0.19899766
v 0.05348957 1.13169834 -0.27980066
v 0.05708934 1.11810351 -0.32331921
v -0.02483619 1.16363348 -0.32625264
v -0.00931551 1.22409454 -0.20761142
v -0.01650602 1.23898467 -0.20704239
v -0.02403363 1.24942570 -0.18595405
v -0.05919544 1.25317964 -0.17187104
v -0.18916641 1.28384110 0.07609251
v -0.15735148 1.22855037 0.17736350
v -0.18472563 1.24116293 0.18787111
v -0.10822583 1.17709593 0.24726196
v -0.12249565 1.19444503 0.20984772
v -0.11474118 1.20548076 0.21249664
v -0.07808608 1.23165217 0.12893363
v -0.06888873 1.22977744 0.13457723
v 0.11519523 1.20940545 -0.00746136
v 0.09282743 1.18581377 -0.10419917
v 0.04436749 1.19505696 -0.17369879
v 0.04792178 1.17453683 -0.25423004
v 0.04592249 1.17027217 -0.27641513
v -0.00879333 1.15361498 -0.33475296
v -0.07881131 1.25825443 -0.17423530
v -0.13147051 1.26521928 -0.14647860
v -0.13069043 1.22607030 0.18188294
v -0.17478452 1.22400006 0.18108592
v -0.20473711 1.23181969 0.21978748
v -0.10819272 1.25836921 0.10754444
v 0.00121188 1.21346939 0.13376134
v 0.00974468 1.18775646 0.12238279
v 0.10433038 1.19168376 0.02976877
v 0.10156090 1.19177912 -0.12892216
v 0.04836300 1.20674571 -0.17364351
v 0.04972778 1.15317455 -0.28295981
v 0.05914214 1.15722278 -0.29417494
v 0.06506615 1.12908921 -0.30732552
v 0.05288603 1.13673966 -0.32477170
v -0.03303030 1.17982590 -0.31373208
v -0.03718463 1.22139647 -0.27009454
v -0.01849615 1.23856686 -0.21151037
v -0.00281164 1.23484908 -0.19660039
v -0.07476165 1.22311252 0.18025359
v -0.04507810 1.25746243 -0.17290816
v -0.15194497 1.27355354 -0.14944215
v -0.15890930 1.28317286 -0.10521287
v -0.14913574 1.27724284 -0.05847356
v -0.17649937 1.28065716 0.08936106
v -0.13409766 1.24761168 0.15456365
v -0.17990096 1.23733381 0.18280635
v -0.19742523 1.23636602 0.20262095
v -0.20486935 1.22644343 0.22993088
v -0.19801066 1.22117115 0.24120216
v -0.17648615 1.21484431 0.25558276
v -0.13471524 1.17872092 0.27114203
v 0.06417891 1.19458891 0.11033784
v 0.10049914 1.19116087 -0.08328224
v 0.00160216 1.23468890 -0.18742575
v 0.02920679 1.14415023 -0.33365604
v -0.03204852 1.19502608 -0.29508265
v -0.03021343 1.20763274 -0.28256686
v -0.02061197 1.24434355 -0.19660079
v -0.00683941 1.24484746 -0.19562730
v -0.05897703 1.20711318 0.21469892
v -0.16701164 1.27501305 -0.02972605
v -0.18429612 1.30085000 -0.00977193
v -0.18472532 1.28658237 0.05712987
v -0.18424140 1.28618826 0.08079432
v -0.15825031 1.24475047 0.17495783
v -0.18940476 1.21182268 0.25132716
v -0.10891092 1.18455877 0.23556114
v -0.11039280 1.19191399 0.23070752
v 0.09770067 1.18221848 0.03459654
v 0.11824427 1.17562639 -0.03935176
v 0.12013902 1.19800163 -0.04794171
v 0.09303628 1.19332726 -0.13132913
v 0.07098863 1.21402500 -0.14197021
v 0.06703653 1.21870806 -0.16873814
v 0.06424652 1.14068117 -0.30472605
v -0.02237596 1.17717131 -0.32709239
v -0.02851043 1.19605350 -0.30925798
v -0.03687703 1.24226973 -0.25725650
v -0.02385927 1.25080724 -0.21338826
v -0.06987959 1.20618893 0.19796507
v -0.08641048 1.25914035 -0.17421400
v -0.09497340 1.26091166 -0.16938861
v -0.10835226 1.20004975 0.23708383
v -0.09032269 1.25087236 0.12525022
v 0.07205016 1.18921302 0.07937348
v 0.09137155 1.19496833 0.05428270
v 0.11196489 1.19334752 -0.01435950
v 0.04366870 1.21825471 -0.21388912
v -0.01288845 1.17131442 -0.33195144
v -0.02931119 1.18001037 -0.32161836
v -0.03861662 1.25478223 -0.24988681
v -0.03330240 1.26746287 -0.22114799
v -0.02008693 1.24987565 -0.20970002
v -0.05767932 1.26179876 -0.16990275
v -0.11082819 1.25115255 -0.15476652
v -0.18441348 1.29346309 0.04255371
v -0.13969579 1.26569258 0.15707505
v -0.11983410 1.19264775 0.26286372
v -0.10928662 1.20726149 0.24800442
v -0.14129501 1.23859967 0.17816644
v -0.04993778 1.24058726 0.13974473
v -0.04042813 1.22938634 0.13744940
v 0.09570973 1.19493647 0.04612861
v 0.11653541 1.20175977 -0.11619751
v -0.05996427 1.21516190 0.19889821
v 0.04552673 1.13819452 -0.32817279
v 0.04073599 1.14354739 -0.33028817
v 0.00485152 1.15763552 -0.33683505
v -0.02729473 1.21967464 -0.29344520
v -0.02727331 1.22107857 -0.27819236
v -0.03534886 1.25410093 -0.18103286
v -0.15957068 1.29065403 -0.12051759
v -0.10965192 1.25231618 0.14868727
v -0.12010247 1.25907748 0.15576854
v -0.12104991 1.25482831 0.15625485
v -0.16439266 1.25510596 0.17501259
v -0.11533918 1.17768529 0.26095817
v -0.06244056 1.24201553 0.13755772
v -0.05668564 1.21194357 0.20694824
v 0.03585815 1.19727965 0.11573840
v 0.05154425 1.19172697 0.11839145
v 0.12464259 1.19445318 -0.04243776
v 0.11729122 1.20225480 -0.10400524
v 0.03845762 1.23412247 -0.17244473
v 0.01578592 1.23481504 -0.17740577
v 0.01880274 1.24214773 -0.18526780
v 0.05201631 1.20814871 -0.22986288
v 0.04819289 1.19925105 -0.23357106
v -0.03398739 1.25007714 -0.21990651
v -0.20005298 1.29177666 0.01897966
v -0.19075998 1.28630255 0.03854155
v -0.18490953 1.28684014 0.05089354
v -0.17676651 1.25040006 0.18174563
v -0.10261235 1.25942984 0.11602511
v -0.07013021 1.24905822 0.13951734
v 0.07180703 1.20282643 0.10408537
v 0.12728120 1.19467165 -0.03692909
v 0.10305567 1.19807585 -0.08617839
v 0.07119889 1.21700670 -0.16269878
v 0.05169133 1.21797469 -0.20948402
v 0.05990250 1.17897284 -0.26855233
v -0.03499465 1.23308794 -0.27401831
v -0.03610072 1.24737500 -0.22870151
v -0.14992902 1.25837755 0.15958077
v -0.18520661 1.23185397 0.24385597
v -0.14917639 1.21255096 0.26438528
v -0.05656379 1.21387443 0.22592242
v 0.06762394 1.19168887 0.09664467
v 0.11620487 1.19471755 -0.02250147
v 0.05233645 1.16675250 -0.28487926
v -0.04029808 1.22590052 -0.25629739
v -0.12423877 1.26978314 -0.14517503
v -0.15272569 1.27694677 -0.08780093
v -0.16754788 1.28414275 -0.02599985
v -0.17964544 1.30276173 0.05349672
v -0.14837948 1.28141963 -0.04794011
v -0.17062729 1.29675806 0.08557773
v -0.17052138 1.26831512 0.17736178
v -0.10446611 1.21180499 0.24060828
v -0.04723832 1.23078954 0.20358610
v -0.06481238 1.23456784 0.18870764
v -0.05939775 1.23960190 0.17694376
v -0.05282061 1.24570554 0.14336182
v 0.00114597 1.22726271 0.13704087
v 0.11607117 1.20029892 -0.05646528
v 0.11780917 1.20796074 -0.06312565
v 0.10980308 1.20580026 -0.08862180
v 0.08233098 1.21343496 -0.12707836
v 0.07189380 1.21541058 -0.15594870
v 0.04640905 1.21534865 -0.20279298
v 0.06425343 1.23000901 -0.21253332
v 0.05739270 1.17097866 -0.28927113
v -0.07968010 1.27269427 -0.17469597
v -0.11308877 1.26999098 -0.14653939
v -0.13704295 1.28067464 -0.14776634
v -0.16453447 1.27742732 -0.13589811
v -0.15109034 1.27671012 -0.08205053
v -0.18877713 1.30494730 0.02514955
v -0.16659155 1.28584228 0.10321282
v -0.18783792 1.24042647 0.23477044
v -0.16255763 1.21225347 0.26142232
v -0.11189382 1.21663778 0.25358542
v -0.11793357 1.27614931 0.10257175
v -0.05083900 1.22424903 0.20512803
v -0.04743698 1.23633717 0.17029095
v -0.04138353 1.23866108 0.16670143
v -0.04882505 1.24322586 0.15424595
v 0.03372556 1.20698003 0.11739491
v 0.07725723 1.20514787 0.08834807
v 0.07518441 1.21426654 -0.13255771
v 0.03206573 1.24685721 -0.18546213
v 0.01519592 1.17722675 -0.33356701
v 0.00870035 1.17569007 -0.33302172
v -0.03834787 1.25970511 -0.23353915
v -0.02610546 1.25609373 -0.19775690
v -0.03349365 1.26872400 -0.18530346
v -0.04856610 1.26371909 -0.16994944
v -0.05514887 1.27713979 -0.16898684
v -0.15004591 1.28462323 -0.03827917
v -0.19033327 1.30649950 0.01958881
v -0.11754903 1.26986222 0.14527979
v -0.12540874 1.27458904 0.15322435
v -0.10610327 1.20921092 0.22902975
v -0.04719151 1.22404822 0.21496736
v -0.06189553 1.23945460 0.18967108
v -0.03171007 1.23791169 0.13899458
v 0.02251994 1.21490046 0.12620502
v 0.05840450 1.19144013 0.11573087
v 0.04700969 1.18170831 -0.32441927
v -0.02581080 1.26577016 -0.21482701
v -0.01552959 1.25722599 -0.19715900
v -0.18216834 1.30504794 0.06773311
v -0.13300020 1.27206621 0.15711477
v -0.19026274 1.24848550 0.20491004
v -0.12697219 1.20622187 0.26429824
v 0.10953950 1.19684342 -0.12305190
v 0.09664405 1.23338851 -0.12777181
v 0.04540871 1.23919904 -0.17259976
v 0.02374916 1.24295947 -0.18187749
v 0.04138917 1.24296981 -0.19142189
v 0.06419981 1.20747366 -0.24300990
v 0.05934894 1.14797493 -0.31616836
v -0.00163872 1.18775332 -0.32814375
v -0.01900138 1.20017213 -0.31868802
v -0.02819062 1.22649562 -0.29014602
v -0.02967252 1.25858995 -0.19996674
v -0.11032478 1.27685063 0.11493947
v -0.09201913 1.26575037 0.12546325
v -0.09121366 1.27287323 0.12826513
v -0.07802240 1.25213767 0.13126756
v -0.02327634 1.25930101 -0.18937451
v -0.09096615 1.27414087 -0.16894100
v -0.19434063 1.24443046 0.21764863
v 0.05338665 1.21703294 0.11540371
v 0.11286615 1.20901513 0.02256085
v 0.12244689 1.22441428 -0.01116988
v 0.08011435 1.22786847 -0.16330411
v 0.05968179 1.22648097 -0.20704995
v 0.06061579 1.17334161 -0.29712666
v 0.06033401 1.16288491 -0.30944539
v -0.03477709 1.27150112 -0.20246232
v -0.13537428 1.29071721 -0.14618514
v -0.18858551 1.30457108 0.00227973
v -0.16228281 1.30671693 0.09949146
v -0.11291416 1.28577373 0.13305620
v -0.11396899 1.27343884 0.14112009
v -0.14592569 1.27714558 0.15980341
v -0.18632976 1.25276571 0.19341147
v -0.12304688 1.22503977 0.26068015
v -0.09969589 1.21624454 0.22610759
v -0.04342630 1.24165439 0.19963746
v -0.05189244 1.24262536 0.19044937
v -0.04330015 1.24607472 0.18090300
v -0.03234629 1.24379086 0.16538188
v 0.04617409 1.22081856 0.11817804
v 0.05912746 1.20337569 0.11671300
v 0.09224326 1.23458948 -0.13894984
v 0.06057328 1.22367947 -0.17075597
v 0.05377310 1.22675548 -0.21673204
v 0.05799109 1.22828589 -0.22375654
v 0.06577322 1.19558300 -0.25917795
v -0.02234911 1.21183779 -0.31180780
v -0.03242151 1.23380831 -0.28491182
v -0.03241110 1.24371594 -0.27690946
v -0.18791807 1.30105649 -0.00402621
v -0.15719808 1.26753346 0.16484416
v -0.16956585 1.28175151 0.17617554
v -0.18315674 1.26804181 0.19648127
v -0.13633829 1.22097681 0.26370816
v -0.07854820 1.22708969 0.22866211
v -0.03899328 1.23904964 0.17288800
v -0.03842993 1.24913693 0.14690258
v -0.03209913 1.24805932 0.14032168
v 0.02063497 1.22742015 0.13162511
v 0.09247094 1.20737106 0.06492352
v 0.12096245 1.21149015 -0.01758854
v 0.12668021 1.20056797 -0.02851686
v 0.10105932 1.22292893 -0.12417070
v 0.07740854 1.23227599 -0.17070296
v 0.04485166 1.24859571 -0.17426786
v -0.02328800 1.22201960 -0.30497172
v -0.14478467 1.29111810 -0.14426698
v -0.15443093 1.29638637 -0.12939636
v -0.16637777 1.30712552 0.08445004
v -0.12105927 1.28672524 0.10307669
v -0.11757049 1.28364002 0.14019854
v -0.16809463 1.23366090 0.25302067
v -0.09846164 1.22104805 0.23742572
v -0.08471691 1.22658784 0.22773046
v -0.06656654 1.22520794 0.24055322
v 0.04168284 1.23083008 0.12577286
v 0.12518361 1.21503138 -0.04630475
v -0.00885324 1.19649925 -0.32489998
v -0.02691136 1.27719579 -0.21630271
v -0.03311454 1.27162407 -0.19932987
v -0.04333059 1.22840219 0.22618809
v 0.07664824 1.21747962 0.10982144
v 0.08560267 1.21013979 0.07802187
v 0.12054078 1.20386996 -0.10783860
v 0.07426255 1.20646505 -0.25844053
v 0.06628402 1.18265005 -0.28352795
v 0.07154725 1.19189599 -0.29921609
v -0.03760668 1.26990490 -0.23846211
v -0.10027170 1.27654127 -0.15242950
v -0.14796518 1.29983256 -0.13681253
v -0.19314155 1.30281488 0.01271645
v -0.17711762 1.31473874 0.07417162
v -0.11807064 1.29286706 0.13251605
v -0.12620384 1.28717666 0.14572726
v -0.18458453 1.26762227 0.20919301
v -0.18523747 1.25797762 0.22435275
v -0.03362501 1.23482732 0.21532932
v -0.01868453 1.25069424 0.18052728
v 0.10473648 1.21469843 0.04769635
v 0.11222110 1.21833126 0.03723359
v 0.08411319 1.22976293 -0.15616467
v 0.04316003 1.25384133 -0.18090201
v 0.05612801 1.17399480 -0.31806059
v -0.03577843 1.25651339 -0.26541474
v -0.04365143 1.27466747 -0.17141511
v -0.08682650 1.27338089 -0.17296641
v -0.11184875 1.28445577 -0.14339215
v -0.10845894 1.29845435 -0.14088908
v -0.14475845 1.30960990 -0.10478536
v -0.14788477 1.28035531 -0.07470485
v -0.18060007 1.28445491 -0.02137238
v -0.15930563 1.29831645 0.10569065
v -0.09675927 1.27885632 0.12458448
v -0.10167783 1.22454902 0.24648089
v -0.04658894 1.23109439 0.23417614
v -0.01837524 1.24836924 0.16835418
v -0.02397260 1.25240693 0.14919513
v 0.00838084 1.23378539 0.13976612
v 0.11757482 1.22629538 0.03065794
v 0.13205417 1.21305751 -0.03571200
v 0.11197935 1.21548527 -0.12403387
v 0.06870529 1.22535826 -0.23777221
v 0.03605165 1.17576674 -0.32941096
v -0.02154417 1.23270166 -0.31134227
v -0.02831192 1.23428878 -0.29530427
v -0.03762237 1.27144389 -0.25201565
v -0.08652257 1.28370121 -0.16963837
v -0.11939387 1.28601302 -0.14362971
v -0.14750364 1.31052897 -0.12084261
v -0.13941331 1.29520331 -0.05623606
v -0.17216385 1.31809841 0.04707692
v -0.13441336 1.28944321 0.15481955
v -0.14902677 1.29493063 0.15897611
v -0.17583627 1.27831575 0.18718888
v -0.14978183 1.23092266 0.26053795
v -0.00705416 1.23764491 0.14267667
v 0.13498583 1.21764247 -0.02853103
v 0.11852348 1.21748346 -0.07513708
v 0.13232203 1.21876197 -0.09491945
v 0.06169251 1.17794709 -0.30579340
v 0.02203417 1.18948361 -0.33137622
v -0.04205980 1.29394157 -0.20239625
v -0.02784520 1.27472953 -0.19867707
v -0.03874097 1.27098619 -0.17848373
v -0.04126843 1.28192943 -0.17483198
v -0.13079552 1.30408548 -0.14313231
v -0.15786991 1.29099762 -0.11278177
v -0.16957124 1.31551404 -0.01493987
v -0.16921326 1.33298982 0.02576788
v -0.17440281 1.31377905 0.04083070
v -0.13787666 1.30401368 0.15197529
v -0.17336008 1.24188396 0.24673507
v -0.10490991 1.23174531 0.25275142
v -0.06110700 1.22291353 0.23743500
v -0.01484332 1.25687831 0.14279761
v 0.06060184 1.23434937 0.11782451
v 0.07048681 1.21999640 0.11504925
v 0.10277168 1.22268584 0.06211661
v 0.10362680 1.23149014 -0.12259843
v -0.12084705 1.29716982 0.10251778
v 0.07343219 1.19667178 -0.27757857
v 0.05902352 1.18593993 -0.31768662
v -0.02387906 1.24551068 -0.29311044
v -0.17696204 1.32649595 0.01915227
v -0.08930366 1.23625305 0.24783111
v -0.07416034 1.23456849 0.24845712
v -0.01941912 1.24704683 0.14059854
v 0.12261988 1.22115782 -0.11794039
v 0.08798605 1.24124608 -0.16988068
v 0.08091818 1.24372209 -0.17410877
v 0.07937553 1.24354471 -0.20953937
v 0.06856017 1.23697027 -0.22840705
v 0.02736502 1.20563062 -0.33253759
v 0.00702167 1.19876562 -0.32963147
v -0.00499598 1.22079392 -0.32613410
v -0.01441165 1.22180170 -0.31950135
v -0.03522703 1.27620530 -0.26300575
v -0.02941549 1.28037241 -0.19610712
v -0.07598646 1.28376567 -0.17439602
v -0.14014167 1.29859181 -0.04080248
v -0.15946649 1.32925221 0.07933652
v -0.17449130 1.29310248 0.18793811
v -0.04080734 1.24839587 0.19005468
v -0.02174373 1.24566544 0.17322180
v -0.00755616 1.26014723 0.14911907
v 0.11582216 1.21307550 0.00661930
v 0.12674127 1.24372826 -0.00268549
v 0.06080447 1.25151131 -0.17370294
v 0.08834903 1.22775786 -0.26610787
v 0.06645042 1.19200284 -0.31353078
v 0.05243514 1.19197368 -0.32389454
v 0.01663344 1.21432883 -0.33316682
v -0.03096597 1.27235156 -0.27636438
v -0.03643786 1.26475936 -0.22681309
v -0.03489956 1.29189409 -0.23525961
v -0.05507514 1.28897907 -0.17040890
v -0.07413439 1.30207340 -0.17543222
v -0.17871854 1.30797493 0.03632104
v -0.12058734 1.29901552 0.14016346
v -0.16152395 1.29331190 0.17052940
v -0.03741760 1.24238278 0.23929266
v -0.02429523 1.24505848 0.21862906
v -0.00265377 1.25749231 0.14154903
v 0.01754029 1.24529331 0.14178236
v 0.03270628 1.24341229 0.13302455
v 0.06234220 1.26401782 -0.18175555
v 0.07209174 1.24496984 -0.20173466
v 0.07347960 1.24692506 -0.22882923
v 0.08097070 1.20969492 -0.27056264
v -0.02892606 1.26234751 -0.28725281
v -0.03777194 1.28585108 -0.20619810
v -0.03241427 1.28054728 -0.18922518
v -0.10358892 1.28103997 -0.14722711
v -0.17372280 1.32726860 0.06487687
v -0.12360504 1.30821727 0.09687206
v -0.11667927 1.29228794 0.10978090
v 0.06702989 1.24011719 -0.22108337
v 0.04173556 1.19709551 -0.32812477
v -0.09948008 1.30360922 -0.14164306
v -0.11349772 1.23956297 0.25820571
v -0.05521038 1.24277325 0.24857014
v -0.03018949 1.25478270 0.18409942
v 0.11697338 1.23109943 0.03862362
v 0.00589468 1.21969344 -0.33111108
v -0.02971699 1.28542880 -0.19731306
v -0.13433344 1.30444091 -0.06517420
v -0.12662951 1.31660894 -0.04964419
v -0.14937909 1.30165410 -0.02834754
v -0.16885982 1.32181528 -0.01196199
v -0.15779997 1.31758556 0.09976398
v -0.10577081 1.30303652 0.11985483
v -0.11913878 1.30585290 0.13185347
v -0.16473509 1.30434731 0.17639593
v -0.17719501 1.28464308 0.20405214
v -0.16854349 1.28454273 0.22758602
v -0.17838594 1.25372633 0.23744947
v -0.16218076 1.25432858 0.24802033
v -0.12724663 1.24613579 0.25896414
v -0.08505976 1.24962790 0.25999512
v 0.00486574 1.26136972 0.16660619
v 0.13301414 1.21919374 -0.02281251
v 0.13057703 1.22700103 -0.05847797
v 0.12818393 1.22703863 -0.07783447
v 0.12449614 1.23029041 -0.11938915
v 0.09064533 1.23990189 -0.16270839
v 0.07615449 1.20360518 -0.29762226
v 0.06908638 1.21650687 -0.32415083
v -0.01167514 1.24868753 -0.31750047
v -0.02867232 1.29152374 -0.21988976
v -0.03968359 1.29834959 -0.20076375
v -0.03751336 1.29243243 -0.18649511
v -0.06867171 1.30270052 -0.17538831
v -0.07999405 1.30775228 -0.16537213
v -0.15929076 1.32133290 0.08366919
v -0.14377900 1.30672904 0.15617727
v -0.15171026 1.30868595 0.16024068
v -0.13491453 1.25063856 0.25824095
v -0.09636465 1.24526235 0.25535142
v 0.08283688 1.22201705 0.10238832
v 0.13605608 1.22365808 -0.09946993
v 0.11533490 1.24135669 -0.12120015
v 0.09573473 1.24536563 -0.15770810
v 0.09116130 1.22784759 -0.27304461
v 0.04290000 1.20897719 -0.33344038
v -0.00916817 1.23360354 -0.32483807
v -0.03522515 1.28944011 -0.25255941
v -0.03567297 1.28943420 -0.24175419
v -0.03451030 1.29389921 -0.19552917
v -0.08551418 1.29548199 -0.16219592
v -0.12190727 1.31907955 0.12705164
v -0.12102268 1.31287516 0.13965455
v -0.17627852 1.29343895 0.19745083
v -0.14308113 1.26109440 0.25432794
v -0.02636920 1.24480491 0.22785603
v 0.11061425 1.23328630 0.05729627
v 0.13113950 1.23759200 -0.01293182
v 0.13297794 1.22539368 -0.03984030
v 0.13113530 1.22982894 -0.11243073
v 0.08079354 1.21276353 -0.29914197
v 0.07316968 1.20846908 -0.31298478
v 0.06158832 1.19756684 -0.32295558
v 0.05432893 1.20513441 -0.33001208
v -0.13668229 1.31170586 -0.13778042
v -0.13083134 1.30233929 0.14603516
v 0.00912419 1.25044693 0.14296454
v 0.12457773 1.23973203 0.00129361
v 0.14096766 1.24125185 -0.03391445
v 0.07091282 1.26120785 -0.17870991
v 0.05366346 1.26331949 -0.18396174
v 0.01682930 1.22640451 -0.33814328
v -0.02975953 1.28619343 -0.27831765
v -0.03254870 1.30389333 -0.21394964
v -0.03929470 1.30060989 -0.20874185
v -0.04290802 1.30684384 -0.20291342
v -0.03447660 1.30028918 -0.19547973
v -0.04059880 1.30044095 -0.17575268
v -0.14176210 1.30588422 -0.03194621
v -0.11820852 1.32828954 0.10951160
v 0.07423529 1.23409241 0.11546202
v 0.10517728 1.23656160 0.07275405
v 0.14059922 1.23247538 -0.02726266
v 0.13241379 1.22795168 -0.04999181
v 0.10159855 1.24626548 -0.13801370
v 0.06490872 1.27158227 -0.18709428
v 0.08115352 1.24617639 -0.21561079
v 0.08635976 1.25926706 -0.23769631
v -0.01350656 1.26312712 -0.31212565
v -0.02234695 1.28749246 -0.29420211
v -0.09348515 1.30021804 -0.14688504
v -0.13389302 1.31524663 -0.03487373
v -0.16160945 1.31758944 -0.01849071
v -0.16308030 1.31800586 0.18166862
v -0.17321783 1.28561245 0.21860512
v -0.15957087 1.28253053 0.23754572
v -0.02197613 1.26064075 0.20281932
v 0.01383213 1.26744862 0.14290145
v 0.05291675 1.24119241 0.12561949
v 0.10349438 1.25994170 -0.16840106
v 0.08314512 1.26186562 -0.17903133
v 0.07997610 1.25530491 -0.20238715
v 0.00671579 1.23186662 -0.33507063
v -0.02781028 1.29808959 -0.21986078
v -0.04984186 1.29890923 -0.17096036
v -0.07594936 1.30508974 -0.17422415
v -0.11634503 1.34083095 -0.13612878
v -0.16704190 1.34218801 0.06775002
v -0.15370196 1.33487528 0.08179636
v -0.15358628 1.33370993 0.09541893
v -0.13682729 1.31750833 0.14941228
v -0.16695094 1.31051868 0.20098081
v -0.01619537 1.25917472 0.23144637
v -0.01537932 1.26057786 0.21759823
v -0.00117737 1.26329689 0.14379779
v 0.02673766 1.25710673 0.14442640
v 0.09718209 1.24446359 -0.14569881
v 0.09328656 1.25816285 -0.21433780
v 0.04676897 1.21902644 -0.33475098
v 0.02529140 1.22125328 -0.33829788
v -0.00125576 1.24869576 -0.32806875
v -0.04050939 1.31079538 -0.19969936
v -0.03835831 1.30866537 -0.19043307
v -0.08832280 1.30126821 -0.15326025
v -0.12788100 1.31604937 -0.06534859
v -0.15388283 1.32048663 0.16341362
v -0.17414414 1.29649448 0.21044835
v -0.10942836 1.25513734 0.25941794
v -0.06052442 1.25012012 0.25368643
v -0.00213548 1.26351421 0.18512970
v -0.00400633 1.25594496 0.17375073
v 0.07249235 1.24317950 0.11804704
v 0.08181444 1.23386763 0.11269924
v 0.09363398 1.23387923 0.08642913
v 0.12018483 1.24623255 0.04824862
v 0.13293233 1.23523148 -0.06858721
v 0.12293369 1.24563239 -0.12104765
v 0.09083134 1.25325911 -0.17531208
v 0.08448826 1.21328872 -0.28066889
v 0.07556683 1.22055194 -0.31966662
v 0.02289179 1.23433050 -0.33991819
v 0.00813125 1.24764359 -0.33380199
v -0.04559153 1.29134675 -0.17048142
v -0.06863009 1.31098182 -0.17652996
v -0.11028103 1.31214309 -0.14108322
v -0.13895343 1.31778709 -0.13013458
v -0.13686055 1.30578517 -0.08460908
v -0.14824108 1.31483328 -0.02401870
v -0.12065554 1.31808779 0.10360556
v -0.14691679 1.27452062 0.24787734
v -0.03312718 1.25377884 0.24041880
v 0.04060592 1.24237642 0.12930396
v 0.09064661 1.23276736 0.09245516
v 0.11282530 1.24731410 -0.12426919
v 0.08541137 1.23645529 -0.25569267
v 0.08694114 1.22473039 -0.29365454
v -0.01679694 1.27204791 -0.30432407
v -0.03340444 1.29100800 -0.22780084
v -0.04327687 1.31893991 -0.20644654
v -0.09411358 1.31513703 -0.14033232
v -0.13438266 1.31655646 -0.09259249
v -0.16015569 1.33981087 0.04457662
v -0.10951516 1.31643394 0.12180943
v -0.12769962 1.26898197 0.25673215
v 0.04797346 1.25260887 0.13263175
v 0.12247298 1.23663392 0.01728159
v 0.14333036 1.24482194 -0.05488232
v 0.11000795 1.26229961 -0.14305630
v -0.03370098 1.30897385 -0.25310207
v -0.04429950 1.32173677 -0.17548317
v -0.12112514 1.31924096 -0.14156727
v -0.14234234 1.31832601 -0.11064230
v -0.13329316 1.32519429 -0.02887096
v -0.16913437 1.33842188 0.01214958
v -0.15824649 1.35508930 0.01215811
v -0.13105866 1.34058787 0.14660427
v -0.13869895 1.28237200 0.25222258
v -0.05187248 1.25990755 0.25733144
v 0.00730485 1.26693150 0.18040253
v 0.00903081 1.26842660 0.14818529
v 0.07078203 1.25811131 0.12804973
v 0.07393898 1.25075842 0.12110713
v 0.11528091 1.25065970 0.06739940
v 0.15008878 1.24512635 -0.08843210
v 0.14360327 1.24328996 -0.10166820
v 0.07669714 1.25161414 -0.22307318
v 0.09767874 1.24206359 -0.27561020
v 0.09369916 1.23998457 -0.29862881
v 0.07994168 1.23149275 -0.31701551
v 0.06058674 1.22254227 -0.33137209
v 0.09826441 1.24342097 -0.28673269
v 0.04919606 1.22817631 -0.33590752
v 0.00590860 1.25959542 -0.33254239
v -0.00343317 1.27668176 -0.31866662
v -0.04021101 1.31163877 -0.17725902
v -0.11517118 1.31772171 -0.14151703
v -0.13454391 1.33041013 -0.11865897
v -0.15901276 1.29140718 0.23655751
v -0.01444293 1.27097101 0.19525121
v -0.01305179 1.27138373 0.18925864
v 0.00706582 1.27622040 0.19129534
v 0.13198679 1.24362338 -0.01022605
v 0.14138906 1.24244076 -0.01873583
v 0.14673115 1.25310749 -0.02495703
v 0.15102223 1.26288772 -0.03115849
v 0.14658086 1.24192138 -0.07928781
v 0.11998626 1.25442946 -0.12503986
v 0.09007325 1.26782397 -0.17860657
v -0.16225189 1.35170462 0.06139773
v -0.12158792 1.33403934 0.09753391
v -0.15334643 1.32895680 0.16397628
v -0.16877628 1.29606462 0.22401396
v -0.00848141 1.26297604 0.18796859
v 0.12356320 1.24455865 0.03270182
v 0.10449885 1.27207349 -0.21789868
v 0.09788632 1.26583483 -0.22079929
v -0.00649147 1.26533451 -0.32068180
v -0.02444185 1.29610488 -0.28402894
v -0.02940047 1.32059073 -0.22696906
v -0.02910626 1.31621541 -0.21795554
v -0.07395592 1.31826902 -0.17273820
v -0.12501454 1.32076343 -0.14018963
v -0.16255131 1.33541485 0.03560684
v -0.12469580 1.33899683 0.09451670
v -0.10783082 1.31847052 0.11777904
v -0.11850183 1.32622236 0.12473517
v -0.14137595 1.33253720 0.15430964
v -0.08764678 1.27688319 0.26314262
v -0.07465474 1.26551945 0.26009127
v 0.11219881 1.25417210 0.07767304
v 0.14520038 1.24732721 -0.04705506
v 0.13563260 1.25392915 -0.11589258
v 0.10750726 1.29315006 -0.17919414
v 0.07484072 1.28030570 -0.18482764
v 0.07166809 1.22764145 -0.32997753
v -0.03396140 1.31616972 -0.24418105
v -0.02764003 1.30655831 -0.22011286
v -0.15743099 1.35458469 0.02282124
v -0.14813217 1.34631690 0.07876013
v -0.14941131 1.34620978 0.08938516
v -0.12068540 1.33967294 0.10554314
v -0.16769271 1.30941674 0.19199652
v -0.11459815 1.27528667 0.26184862
v -0.10260808 1.26452437 0.26319015
v -0.05003232 1.27582497 0.25995332
v -0.00827691 1.27872206 0.18997932
v 0.08697977 1.25050907 0.11492884
v 0.09373778 1.24251861 0.10622747
v 0.13927815 1.26455827 -0.00695090
v 0.14086987 1.24584517 -0.11261779
v 0.12582974 1.25759828 -0.12084743
v -0.04132178 1.32125726 -0.21097228
v -0.12987772 1.33754136 -0.10242408
v -0.14940701 1.33859681 -0.01717838
v -0.11608045 1.34097251 0.11527344
v -0.12154845 1.33303042 0.13151679
v -0.16270385 1.31107532 0.21482620
v -0.14205102 1.29562555 0.24560296
v -0.00373257 1.28310172 0.19607370
v 0.01974102 1.27286613 0.16848610
v 0.09866672 1.25866985 0.11119735
v 0.09212951 1.26870249 -0.23700561
v 0.08604258 1.23590068 -0.30827621
v 0.02622689 1.24325500 -0.34205694
v 0.09237365 1.26900880 -0.22884844
v 0.06091119 1.23518129 -0.33754418
v 0.03212395 1.24998483 -0.34762063
v -0.15166064 1.35983980 -0.00122341
v -0.12970885 1.28165407 0.25860183
v 0.02290829 1.27627022 0.14555638
v 0.04016941 1.26568394 0.14429023
v 0.15243196 1.25316449 -0.07048126
v 0.15372234 1.25204456 -0.07786987
v 0.11988753 1.26756905 -0.13499359
v 0.08294638 1.28823366 -0.18452919
v 0.03707443 1.26194193 -0.34970630
v -0.03140896 1.29225763 -0.26867100
v -0.12415825 1.33384113 -0.03632901
v -0.16711453 1.33646144 0.07249657
v -0.12151623 1.33442435 0.14124336
v -0.14107820 1.35329121 0.15850780
v -0.15177229 1.34718926 0.18366902
v -0.14100906 1.30605298 0.24107086
v 0.10368099 1.25448591 0.09323596
v 0.11093359 1.26334652 0.08991459
v 0.14802879 1.25188744 -0.06101540
v 0.10946286 1.26521585 -0.15179612
v 0.09646743 1.25928882 -0.26021374
v 0.02000700 1.25525759 -0.34123105
v -0.06277092 1.32551256 -0.17815584
v -0.07477250 1.33477265 -0.15483831
v -0.15972999 1.34028802 -0.00875180
v -0.16345756 1.34486048 0.00479681
v -0.12088388 1.34921126 0.09811076
v 0.02357655 1.27798506 0.15287668
v 0.13079009 1.26365149 0.02115600
v 0.13129275 1.25890722 0.00659725
v 0.10359040 1.27450926 -0.22708815
v -0.01845555 1.30714618 -0.29109792
v -0.03043573 1.32108905 -0.21970065
v -0.04637422 1.32862830 -0.20840391
v -0.04105526 1.32608754 -0.18126665
v -0.07149247 1.33011151 -0.17079780
v -0.08496040 1.32476511 -0.14541478
v -0.12622686 1.32958184 -0.08914071
v -0.15931179 1.34492600 -0.00517678
v -0.15021886 1.35121138 0.07331675
v 0.00063529 1.28184871 0.19211055
v 0.02834175 1.27584491 0.14352174
v 0.12289286 1.26073844 0.06098130
v 0.12344748 1.25465417 0.04883049
v 0.13188608 1.25230632 -0.00529477
v 0.15805887 1.26095328 -0.08181356
v 0.07650394 1.24607434 -0.33414120
v 0.06691443 1.24647918 -0.34018775
v 0.02699251 1.26879409 -0.34124108
v 0.00510957 1.27323686 -0.32777093
v -0.03272005 1.32062360 -0.23627478
v -0.13479202 1.33345239 -0.02360233
v -0.14530781 1.35772348 0.09221099
v -0.12409224 1.34130194 0.12739057
v -0.11867294 1.34273467 0.13676155
v -0.15332560 1.34021376 0.17148222
v -0.15677566 1.32014795 0.21685947
v -0.15292063 1.31069086 0.22829599
v -0.11173405 1.29676327 0.25967994
v -0.00223466 1.28308083 0.22934573
v 0.00169765 1.29102585 0.19839993
v 0.01814488 1.27965183 0.17879250
v 0.15757283 1.26337748 -0.06223840
v 0.10901765 1.27649994 -0.17317712
v 0.09321431 1.25688059 -0.30846279
v 0.08954739 1.24931486 -0.31408272
v -0.04217314 1.32873410 -0.19237448
v -0.07382419 1.33016163 -0.16154314
v -0.12130296 1.34958903 -0.12154737
v -0.14948257 1.34787984 -0.01335924
v -0.13875738 1.37550245 -0.00447510
v -0.13675335 1.37025400 0.07524217
v 0.05801080 1.27039427 0.13946798
v 0.00016810 1.30954923 -0.31083842
v -0.02641252 1.31404638 -0.27404304
v -0.04089942 1.33533295 -0.18310152
v -0.06659299 1.33165444 -0.17857260
v -0.11277395 1.33970974 -0.13753751
v -0.14823307 1.36350371 0.03780539
v -0.15227137 1.36934742 0.06067175
v -0.11569029 1.33801461 0.11913369
v -0.15663708 1.33352762 0.19803867
v -0.09933891 1.28621727 0.26216979
v -0.03539200 1.27438546 0.25027701
v -0.00777060 1.27136925 0.22128087
v 0.12855524 1.26429540 0.04388131
v 0.09749423 1.27501755 -0.23854425
v 0.10299383 1.27685439 -0.26423106
v -0.04381687 1.34560157 -0.21240185
v -0.04663180 1.33671464 -0.20538224
v -0.11824313 1.33220088 -0.06332304
v -0.12194748 1.34686650 -0.02647104
v -0.13176347 1.36401050 -0.01456616
v -0.14756481 1.36866533 0.02734821
v -0.15816655 1.35790422 0.06646051
v -0.11772754 1.35820916 0.13369850
v -0.12656680 1.31359337 0.25022298
v -0.08210744 1.29093881 0.26480280
v -0.07589345 1.28135243 0.26488701
v 0.02955828 1.28393292 0.16618128
v 0.03716820 1.28954977 0.15455787
v 0.11668130 1.27764559 -0.16276607
v 0.09101159 1.29564305 -0.18586949
v 0.10178072 1.28326641 -0.23489228
v 0.10534724 1.26786467 -0.29227820
v 0.04302418 1.24669782 -0.34245087
v -0.00894336 1.29656244 -0.30884023
v -0.10240410 1.34800540 -0.13718258
v -0.12200454 1.35185695 -0.11168376
v -0.13167505 1.33677789 -0.10616730
v -0.11995348 1.34734322 -0.09464393
v -0.10263184 1.36813594 -0.07565614
v -0.15095546 1.35896443 0.04653225
v -0.14225067 1.36636835 0.08632499
v -0.12265006 1.36054389 0.09495690
v -0.12200857 1.36064486 0.12370505
v 0.01349313 1.28807998 0.19362727
v 0.08205047 1.26600658 0.12654927
v 0.14788182 1.26177848 -0.01807746
v 0.15423883 1.26129295 -0.04740449
v 0.14443751 1.26619516 -0.11429988
v 0.12078996 1.28371584 -0.15297882
v 0.09729037 1.30004305 -0.18529681
v 0.10994907 1.28128012 -0.22562610
v 0.08371207 1.25787250 -0.32738655
v -0.01576511 1.32087242 -0.28947638
v -0.03191758 1.33243099 -0.24621884
v -0.02727089 1.34359915 -0.22846292
v -0.05539348 1.35142207 -0.18293022
v -0.06674537 1.34156517 -0.17729683
v -0.12366631 1.34076896 -0.12850325
v -0.11831422 1.35961944 0.11505723
v -0.06754970 1.29824387 0.26189523
v 0.00513473 1.29279631 0.19299164
v 0.01551969 1.28378734 0.19197381
v 0.07342823 1.28850754 0.14396387
v 0.10227835 1.25925883 0.10608368
v 0.16100827 1.27213829 -0.05985051
v 0.10394428 1.27420709 -0.21492440
v 0.07453364 1.26051908 -0.33992431
v 0.06076369 1.27804842 -0.34900553
v 0.00560250 1.29703820 -0.32124606
v -0.04479907 1.33527942 -0.17890373
v -0.11818662 1.34336895 -0.13321536
v -0.12331716 1.32917785 -0.07463644
v -0.12631926 1.35315004 -0.02033683
v -0.14726818 1.36933290 0.06761837
v -0.14543112 1.35609980 0.16984027
v -0.13778093 1.32050798 0.23642790
v -0.12165282 1.30157582 0.25757976
v -0.09556576 1.30487268 0.25941990
v -0.05991169 1.28133362 0.26239485
v -0.04451936 1.28527447 0.25655144
v 0.07749497 1.27703849 0.13402823
v 0.08795348 1.28239984 0.13250181
v 0.12839459 1.27612109 0.06552559
v 0.13790156 1.27013645 -0.00159068
v 0.12426077 1.28586079 -0.14757482
v -0.03115005 1.33622379 -0.23690988
v -0.11070181 1.35885035 -0.03994974
v -0.14365764 1.38116833 0.06408781
v -0.13081602 1.35822248 0.14805346
v -0.02128231 1.27330100 0.24183947
v 0.04204300 1.28880944 0.14752530
v 0.05600368 1.28050598 0.14590775
v 0.11900454 1.28422205 -0.16817402
v -0.02752579 1.32435760 -0.26612914
v -0.03210390 1.34360314 -0.22193050
v -0.13232314 1.38006102 -0.00744354
v -0.14504235 1.37373806 0.01606661
v -0.12231989 1.36470036 0.10786135
v -0.14773238 1.34719010 0.20229407
v -0.11555589 1.31265147 0.26182860
v 0.10638082 1.28962052 -0.24902464
v -0.00691317 1.32925991 -0.29660437
v -0.04301176 1.35002556 -0.19484178
v -0.10390234 1.37668768 -0.12380509
v -0.11545837 1.33509718 -0.05733764
v -0.13989764 1.37900042 0.04848183
v -0.13912855 1.37027468 0.07091983
v -0.13637062 1.37882764 0.08354280
v -0.14044126 1.36885602 0.09062898
v -0.12288630 1.37573140 0.12642989
v -0.11905810 1.32251558 0.25002102
v -0.06875566 1.30713792 0.26020501
v -0.03376761 1.30184580 0.25078439
v 0.00842844 1.30125822 0.20655858
v 0.02069871 1.28702814 0.18720283
v 0.13323851 1.27422780 0.03262230
v 0.14074655 1.27344020 -0.12354022
v 0.13146552 1.28146082 -0.13590948
v 0.10238175 1.27285964 -0.29949275
v 0.09296250 1.27582161 -0.31131257
v 0.03923506 1.27268782 -0.35128280
v -0.11061003 1.37014404 -0.10707923
v -0.11426408 1.35150533 -0.08768463
v -0.11215505 1.34192015 -0.05147489
v -0.13902007 1.37806418 0.04271360
v -0.14804792 1.37787299 0.06084979
v -0.13136485 1.37816669 0.15863855
v -0.13751945 1.36913147 0.16515631
v -0.14327897 1.36382320 0.18219378
v 0.09024087 1.26733419 0.12131844
v 0.15566038 1.27563426 -0.02954652
v -0.01435338 1.33887773 -0.28363838
v -0.02875641 1.35182867 -0.24311059
v -0.04013755 1.35527194 -0.18969288
v -0.04314766 1.34868408 -0.18275120
v -0.06819750 1.35370132 -0.15974408
v -0.11683541 1.35845928 -0.10063095
v -0.10145298 1.36128878 -0.05528247
v -0.12005252 1.37798538 0.11785979
v -0.14146158 1.34740699 0.21103054
v 0.01027898 1.30066710 0.19530032
v 0.04162469 1.30044303 0.16850909
v 0.10501869 1.27718072 0.11504652
v 0.15851489 1.27244643 -0.04252939
v 0.15684043 1.26542029 -0.09305264
v 0.13408219 1.30778035 -0.15651590
v 0.12174547 1.30048391 -0.22568666
v 0.04206002 1.28403443 -0.34910498
v -0.08707876 1.33590971 -0.14024968
v -0.09417171 1.33243213 -0.13763585
v -0.14594358 1.35417356 0.19511330
v -0.00669583 1.29005708 0.23542883
v 0.14731599 1.27857808 -0.00995643
v 0.16161570 1.27069016 -0.07770324
v 0.15675543 1.28241307 -0.11493387
v 0.12033193 1.29632572 -0.23115149
v 0.06902918 1.28468921 -0.34291559
v 0.01863591 1.29531266 -0.33140140
v 0.01110390 1.30786099 -0.31988245
v -0.10024079 1.36440813 -0.06293169
v -0.12089371 1.36360048 0.09951617
v -0.11573136 1.37163688 0.13649096
v -0.04457943 1.30526716 0.25707813
v 0.14387982 1.30362027 -0.14564212
v 0.12032450 1.29814119 -0.17674125
v 0.12408291 1.31027273 -0.18222950
v 0.10844882 1.30574627 -0.20263900
v 0.10724199 1.27496289 -0.28646122
v 0.04934699 1.29647065 -0.34861679
v -0.02667064 1.35250228 -0.23485308
v -0.08679486 1.37108165 -0.13865014
v -0.13371862 1.38403501 0.06766583
v -0.11910906 1.37181398 0.09679789
v -0.10946761 1.32651032 0.25826833
v 0.02958841 1.29541407 0.17435669
v 0.15648170 1.26991140 -0.10657584
v 0.10882907 1.29503979 -0.27065959
v 0.03081981 1.31384007 -0.32789962
v -0.09445649 1.37335858 -0.13664281
v -0.12915027 1.38733686 0.07327059
v -0.12257879 1.33344825 0.23722569
v 0.00902301 1.30366414 0.22169858
v 0.01440026 1.31052180 0.20031792
v 0.03071248 1.30538203 0.19443153
v 0.04921205 1.30222605 0.16182652
v 0.05751846 1.30114301 0.15391760
v 0.07278871 1.29710864 0.14821642
v 0.12305817 1.27696066 0.08227229
v 0.14292355 1.28558524 0.00182561
v 0.16628045 1.28688980 -0.07064457
v 0.16015021 1.29922267 -0.12483392
v 0.11852651 1.31298693 -0.21337791
v -0.02208953 1.33158145 -0.27404561
v -0.12183899 1.37427468 0.09254327
v -0.12159067 1.37573427 0.10775353
v -0.12357264 1.37057126 0.20823053
v -0.13640870 1.34459320 0.21942756
v -0.11269946 1.34641565 0.23574995
v -0.05132393 1.31977625 0.25594479
v -0.02679409 1.30656517 0.24684669
v 0.01922200 1.31460898 0.19813348
v 0.13429976 1.28389885 0.05383805
v 0.10141523 1.30574773 -0.19219553
v -0.06119822 1.36196277 -0.17931042
v -0.12503985 1.37761798 0.14696683
v 0.00271994 1.31229607 0.23450097
v 0.02463963 1.30113136 0.19641804
v 0.03512256 1.30699075 0.17890603
v 0.11776952 1.29428245 0.10875970
v 0.16421724 1.28619928 -0.05575981
v 0.08800495 1.29436450 -0.32248275
v 0.05982301 1.29480205 -0.34728378
v -0.02370396 1.36955626 -0.24621052
v -0.03597030 1.35211362 -0.22020596
v -0.10383825 1.36082285 -0.04978937
v -0.12468957 1.40589873 0.04180203
v -0.11827743 1.38476522 0.09409287
v -0.13335641 1.37613340 0.18888859
v -0.10083014 1.32225049 0.25886512
v -0.07775686 1.31726421 0.25789863
v -0.01160170 1.31415274 0.23982578
v 0.00411155 1.30280009 0.23112070
v 0.08327917 1.30264361 0.14661856
v 0.09652753 1.28979738 0.13165634
v 0.13306642 1.28707168 0.06314433
v 0.16863304 1.29708162 -0.09599578
v 0.16305414 1.28474457 -0.10632444
v 0.10774538 1.29724768 -0.29988387
v 0.08273296 1.27438294 -0.32888933
v -0.01274052 1.35028885 -0.27927674
v -0.01927045 1.35950481 -0.26274232
v -0.03653574 1.37413917 -0.22109398
v -0.04297322 1.35544840 -0.18352579
v -0.05776919 1.36163877 -0.18368640
v -0.07883483 1.34244784 -0.14704316
v -0.10564669 1.37137436 -0.12863599
v -0.14248961 1.37634537 0.00680105
v -0.13272117 1.38361861 0.08770555
v -0.11416678 1.39457061 0.10204606
v -0.12064326 1.39991485 0.11376872
v -0.02769625 1.31873844 0.24631859
v 0.03612143 1.31092845 0.19240597
v 0.04109891 1.31341111 0.17508551
v 0.14015776 1.28681716 0.01341759
v 0.15018784 1.29770879 -0.00459900
v 0.15771555 1.28848288 -0.02491745
v 0.11108348 1.29791328 -0.24106612
v 0.01058971 1.33160986 -0.30763799
v -0.02559251 1.35639920 -0.25138893
v -0.03885176 1.37055655 -0.19693231
v -0.06143350 1.36585959 -0.16973254
v -0.10341547 1.37751208 -0.09316277
v -0.13643804 1.38619992 0.01338652
v -0.13134300 1.39775791 0.06320794
v -0.13112362 1.38180242 0.16617485
v -0.04138585 1.31833931 0.25282965
v 0.12298223 1.28858387 0.09434201
v 0.12955162 1.29004034 0.07863809
v 0.13891767 1.28966323 0.02628769
v 0.11231279 1.31556735 -0.19002064
v 0.12616466 1.30810318 -0.23561737
v 0.11379070 1.30782800 -0.25890768
v 0.11450561 1.31670608 -0.27261152
v 0.09735631 1.30845286 -0.31069634
v 0.03323646 1.32844240 -0.32144223
v -0.08149289 1.37320546 -0.14077574
v -0.09953029 1.37931570 -0.13185397
v 0.14162080 1.32055386 -0.15947529
v 0.12247861 1.32529872 -0.19523011
v 0.04887435 1.30753783 -0.34383347
v -0.00632586 1.35000741 -0.28713432
v -0.01917126 1.37551651 -0.25409162
v -0.10169202 1.36874540 -0.13483400
v -0.11907458 1.36053524 -0.02146047
v -0.12539335 1.40210578 0.00900026
v -0.12544396 1.39759992 0.08634492
v -0.12109976 1.39650284 0.12367609
v -0.12864318 1.37745090 0.19516126
v -0.10252046 1.33996413 0.25409338
v 0.01832599 1.32180288 0.21673763
v 0.03361976 1.31507132 0.19843990
v 0.05736333 1.30930410 0.16182197
v 0.13287351 1.32267349 -0.18690148
v 0.08256525 1.31455212 -0.32536725
v -0.13657091 1.39351067 0.05832824
v -0.11159440 1.40249634 0.09975088
v -0.11355542 1.38341545 0.13260031
v -0.10410735 1.35593218 0.23561130
v -0.07253887 1.33252856 0.25488926
v 0.04827752 1.31134844 0.16969351
v 0.07495226 1.30772892 0.15284534
v 0.14155749 1.32492733 -0.16550181
v 0.05203335 1.33496113 -0.33139468
v -0.02555246 1.36288733 -0.23150456
v -0.11626616 1.39821236 0.14708149
v -0.13277885 1.37839584 0.17735160
v 0.12105628 1.30822009 -0.24089158
v -0.04211713 1.37134075 -0.18885770
v -0.11090058 1.36652210 -0.02752824
v -0.13640723 1.38706392 0.02772962
v -0.11312733 1.40505131 0.09445807
v -0.11389803 1.38646038 0.13749984
v -0.11044155 1.37041310 0.21909683
v -0.09383509 1.35447936 0.24506636
v -0.08315988 1.34599014 0.25101689
v 0.02387331 1.31889429 0.19801472
v 0.12719315 1.30898639 0.09909244
v 0.13377944 1.30272009 0.07545314
v 0.14897181 1.30725065 0.00685830
v 0.13282182 1.30819842 -0.17242164
v 0.12731321 1.32716642 -0.21657273
v 0.09743234 1.32005672 -0.31108273
v 0.07125272 1.30527071 -0.33861501
v 0.02403761 1.34925400 -0.30555603
v -0.05364591 1.37752526 -0.18476784
v -0.06772488 1.37732308 -0.15991962
v -0.13202577 1.40442352 0.06143912
v 0.16535045 1.30270904 -0.04595407
v 0.15390164 1.29964602 -0.13417986
v 0.11780707 1.32281936 -0.20027217
v 0.12871147 1.31477540 -0.23231815
v -0.11685015 1.39281401 -0.01069463
v -0.12306151 1.40922662 0.04780497
v -0.12761748 1.39733141 0.08206165
v -0.06180291 1.34435405 0.25108175
v 0.06089743 1.31751329 0.16554832
v 0.16221627 1.29171991 -0.03746083
v 0.11462347 1.32284531 -0.28426898
v 0.05500297 1.32800544 -0.33729597
v 0.00526995 1.36173221 -0.29067862
v -0.02171803 1.37785774 -0.23253924
v -0.05678564 1.38460612 -0.17035262
v -0.08503388 1.39500318 -0.06523099
v -0.11187893 1.38098258 -0.01851415
v -0.12179497 1.39630045 0.16789500
v -0.12504101 1.38998116 0.17333721
v 0.11210081 1.30283537 0.12301660
v 0.15576051 1.30713697 -0.01144059
v -0.00683519 1.36357415 -0.27925520
v -0.02050878 1.38258684 -0.24785230
v -0.10858110 1.39802323 0.13465369
v -0.00001199 1.32391450 0.23569491
v 0.05183862 1.32805442 0.17284864
v 0.14242833 1.30785558 0.04061807
v 0.13876666 1.33837961 -0.24819372
v 0.11099783 1.29647837 -0.29161023
v 0.11262855 1.32182645 -0.29799945
v 0.11003749 1.32594146 -0.30277825
v 0.03925641 1.34483301 -0.31645721
v -0.03964320 1.36932369 -0.19237022
v -0.10940158 1.40910551 0.14699964
v 0.07620527 1.32117034 0.15990177
v 0.08490185 1.32439627 0.15526113
v 0.10437323 1.30483262 0.13294838
v 0.14661315 1.31240799 0.02240371
v 0.17497573 1.32176758 -0.10274017
v 0.17262708 1.31827863 -0.11479631
v 0.15310876 1.32015689 -0.15172631
v 0.12155783 1.31948719 -0.25040781
v -0.03780308 1.39150547 -0.19274137
v -0.09524184 1.38064760 -0.04628080
v -0.09758444 1.39815363 -0.02280919
v -0.11697034 1.41216441 0.07007832
v -0.12158832 1.40270854 0.07019921
v -0.11784410 1.41081657 0.08575651
v -0.10822893 1.39898834 0.19175092
v 0.09249895 1.31172774 0.14583920
v 0.13749755 1.33828435 -0.22675720
v 0.07186741 1.33273197 -0.32574395
v 0.03519996 1.35915973 -0.30520249
v 0.02191852 1.36828291 -0.29413389
v -0.02698471 1.38797727 -0.22918257
v -0.03970949 1.37490933 -0.21211063
v -0.10415879 1.37964351 -0.09977250
v -0.09322192 1.39213640 -0.08301040
v -0.12241703 1.40293117 0.00157739
v -0.11953883 1.41498513 0.03126148
v -0.10654448 1.39212544 0.20454248
v -0.04595979 1.34463037 0.25128346
v 0.02492389 1.33162262 0.20956200
v 0.05699878 1.33999245 0.17407224
v 0.13763019 1.30104699 0.05798875
v 0.17005786 1.30438287 -0.08081111
v 0.16455437 1.33156833 -0.15223704
v 0.06026416 1.34683109 -0.32738330
v 0.04012538 1.32879224 0.20133483
v 0.16688896 1.31212683 -0.12615380
v -0.02182188 1.39275653 -0.23450490
v -0.08206022 1.40596430 -0.13406728
v -0.08756650 1.38736094 -0.05776402
v -0.12640742 1.41344850 0.06122984
v -0.05669064 1.38018365 -0.17151699
v -0.07114578 1.39941845 -0.14502333
v -0.09266667 1.39394296 -0.12873760
v -0.10991715 1.40544294 0.10491346
v -0.12069525 1.40464308 0.11996672
v -0.10898152 1.42190058 0.12548381
v -0.11236896 1.40563710 0.17587530
v -0.10363134 1.38135038 0.21445993
v -0.04612975 1.35615364 0.24818740
v 0.00206860 1.34069019 0.23307847
v 0.15963520 1.32434226 -0.01130828
v 0.14399778 1.33963953 -0.19706612
v 0.13319711 1.33723900 -0.20404442
v -0.00001502 1.38071089 -0.27356851
v -0.00948182 1.38309733 -0.26185157
v -0.03217304 1.40013419 -0.21656818
v -0.05004881 1.38903094 -0.18587330
v -0.10066014 1.38609276 -0.10383468
v -0.11086874 1.40743555 -0.00721273
v -0.10987947 1.42502019 0.08008363
v -0.08396295 1.37416653 0.23442906
v -0.02482928 1.34163266 0.24202177
v 0.01649627 1.32499912 0.22353426
v 0.04800127 1.32698633 0.17915771
v 0.13838429 1.32031796 0.07058540
v 0.15546207 1.33406156 0.01226626
v 0.16897773 1.33561784 -0.14956662
v 0.13889090 1.34192934 -0.21862179
v 0.11958641 1.33611180 -0.27884158
v -0.05708260 1.40500326 -0.16569736
v -0.07453029 1.38251065 -0.14646353
v -0.11520952 1.41473779 0.11743437
v -0.09423886 1.37683612 0.22877358
v -0.06441189 1.36391797 0.24208787
v 0.03052227 1.34009723 0.20729490
v 0.04562372 1.32759900 0.19640134
v 0.11181635 1.34497097 -0.30207417
v 0.09539666 1.33752751 -0.31042164
v 0.05919343 1.35467082 -0.32440596
v -0.02806617 1.40400028 -0.22602236
v -0.08015390 1.39812952 -0.13770414
v -0.08442277 1.40150940 -0.04051109
v -0.09612447 1.40699612 -0.01895065
v -0.11787797 1.40578220 -0.00180020
v -0.10853702 1.42352945 0.08705185
v -0.10026810 1.42127691 0.13826754
v 0.03209185 1.33617550 0.20338623
v 0.14823348 1.33130616 0.03756873
v 0.17283771 1.33195304 -0.13327675
v 0.14451019 1.33497447 -0.18320630
v 0.01415533 1.33619011 0.22652623
v 0.05499292 1.34329629 0.18028845
v 0.10694921 1.32430651 0.13685172
v 0.16378177 1.32898365 -0.02237913
v 0.13693398 1.32918476 -0.24138450
v 0.13130346 1.34325065 -0.25718171
v 0.05361655 1.36866597 -0.31143670
v -0.03348245 1.39137988 -0.22130773
v -0.03060755 1.40067959 -0.20548122
v -0.08846970 1.40385770 -0.08866768
v -0.10576393 1.42697451 0.11496778
v -0.10713069 1.40609530 0.13052221
v -0.00979587 1.40067713 -0.25342694
v -0.08144888 1.41735166 -0.10182208
v -0.08400815 1.38206629 0.23011680
v 0.02802374 1.34692259 0.21543137
v 0.04784379 1.34229936 0.20217443
v 0.14578060 1.33706914 0.05377884
v 0.16929135 1.30927451 -0.06365829
v 0.14332329 1.34684923 -0.20851601
v 0.04462372 1.36743542 -0.30658248
v -0.03082755 1.40296919 -0.20037929
v -0.11585715 1.41672173 0.01316303
v -0.11455740 1.42776561 0.06249473
v -0.09821467 1.42668412 0.14648722
v -0.06617133 1.38123314 0.23282785
v 0.09819128 1.33192104 0.14715694
v 0.11764383 1.32096458 0.12226101
v 0.17841763 1.34390552 -0.10894284
v 0.15443393 1.33982521 -0.16764642
v 0.14719295 1.35875422 -0.22988391
v 0.11551268 1.34007240 -0.29554771
v -0.08156700 1.39918920 -0.04979607
v -0.11212558 1.42701785 0.04947108
v -0.10679100 1.41462452 0.16367847
v -0.04919717 1.36973215 0.24207635
v 0.17395216 1.34428942 -0.13870177
v 0.08273042 1.34929670 -0.31487867
v 0.06851245 1.36581506 -0.31516111
v 0.05662488 1.38224599 -0.30537017
v 0.00080073 1.39877146 -0.26203666
v -0.01628540 1.41137174 -0.23655792
v -0.04775445 1.40318602 -0.17511902
v -0.06315520 1.40652601 -0.15312831
v -0.09329560 1.39565626 -0.03004950
v -0.10474981 1.42805702 0.09144445
v -0.10174737 1.42549970 0.10607722
v -0.09433166 1.45226678 0.12277321
v -0.09433237 1.43079940 0.15738831
v -0.09453521 1.42249869 0.18009864
v -0.08690111 1.39337961 0.21853135
v 0.03778931 1.35738388 0.20909810
v 0.06119857 1.35875939 0.18475912
v 0.12402600 1.32559513 0.11248815
v 0.16815634 1.32384922 -0.04581674
v 0.14964816 1.35643966 -0.21463621
v -0.01601394 1.39563122 -0.24910574
v -0.08725525 1.40545191 -0.12079459
v -0.09820592 1.42598363 0.13497489
v -0.07442126 1.38605048 0.22864793
v 0.13390929 1.32567722 0.08773347
v 0.17640276 1.33617220 -0.12071433
v 0.09491998 1.36242941 -0.30486743
v -0.04447350 1.40222839 -0.18674903
v -0.07476925 1.41417150 -0.06756729
v -0.11153227 1.43317537 0.05770787
v -0.11414909 1.43190453 0.06303198
v -0.08856765 1.40965381 0.20523749
v -0.08373501 1.40751719 0.21089730
v -0.03190722 1.37472744 0.23795390
v -0.02420559 1.36765723 0.23767417
v 0.07915211 1.34361426 0.16439474
v 0.17662245 1.33222667 -0.09199127
v 0.15418781 1.34969066 -0.17810626
v 0.15389140 1.35329845 -0.20256410
v 0.01229981 1.38583480 -0.27884323
v -0.07321378 1.41462677 -0.05131215
v -0.01418230 1.35784216 0.23611077
v 0.05327644 1.34722230 0.19717707
v -0.10068972 1.42838656 0.00085635
v -0.10922541 1.43041409 0.04054458
v 0.17206555 1.33554328 -0.05606170
v 0.16939172 1.34986073 -0.16008010
v 0.15389812 1.35305146 -0.18807626
v 0.11227079 1.36142302 -0.29783268
v 0.02720223 1.35785874 0.21900343
v 0.08710904 1.35967252 0.16018197
v 0.12202389 1.34584459 0.12015116
v 0.14509666 1.36165203 -0.25192383
v -0.02822144 1.41347974 -0.22053785
v -0.04954558 1.42466674 -0.16656960
v -0.06549372 1.41644652 -0.14335755
v -0.07789288 1.42250375 -0.11142115
v -0.09616189 1.42729602 0.16584405
v -0.10015634 1.40949021 0.18902323
v -0.06025262 1.39551447 0.22612339
v -0.00590223 1.38285828 0.23004363
v 0.07504060 1.36840634 0.17168527
v 0.07580435 1.35655855 0.16855800
v 0.10325521 1.35179116 0.14567033
v 0.11581457 1.34476595 0.12996706
v 0.15731589 1.35017942 0.01987526
v 0.17752107 1.35907540 -0.12780024
v 0.16163539 1.37390644 -0.18592178
v 0.13484115 1.36260352 -0.26199374
v 0.12064972 1.36798954 -0.28594404
v 0.04400691 1.41235502 -0.28422101
v -0.02626440 1.41869233 -0.20193023
v -0.03205829 1.40831470 -0.19589008
v -0.04513589 1.40863448 -0.17506901
v -0.07437809 1.42721494 -0.09554440
v -0.08150411 1.42553047 -0.01874051
v -0.10633961 1.43528536 0.07035190
v 0.00222495 1.37457083 0.22806861
v 0.16350492 1.34571575 -0.00815575
v 0.17211823 1.35210091 -0.15536828
v 0.12143085 1.35382095 -0.28415352
v 0.06733853 1.37710020 -0.30987934
v 0.03711363 1.38137496 -0.29555893
v -0.03411069 1.42366539 -0.18661927
v -0.05064281 1.43237021 -0.15576185
v -0.09472841 1.42803052 -0.00646041
v -0.11732327 1.41293010 0.00784167
v -0.10183746 1.43944417 0.02439453
v -0.09727913 1.44962131 0.05113259
v -0.10014209 1.44079068 0.08053091
v -0.09479895 1.44532974 0.11497939
v 0.04458161 1.35996266 0.20694298
v 0.05276232 1.35865604 0.20409929
v 0.15265234 1.35335917 0.03805447
v 0.17113275 1.36434975 -0.16175544
v 0.16458022 1.36674031 -0.17241413
v 0.15414957 1.36726931 -0.21876115
v -0.00821561 1.41567775 -0.24608942
v -0.07262791 1.41804251 -0.04214956
v -0.10411601 1.44673922 0.06375970
v -0.09544835 1.44603283 0.09546147
v -0.09901236 1.44375743 0.12539492
v 0.01108615 1.35866384 0.22597871
v 0.06928718 1.36480229 0.17624579
v 0.16617222 1.34449717 -0.02072547
v 0.16063933 1.36576957 -0.20623577
v -0.06642432 1.42971174 -0.13359348
v -0.08849251 1.45932375 0.09564817
v 0.11695889 1.37743743 0.13249216
v 0.17936690 1.35531790 -0.08990992
v 0.16427963 1.37487336 -0.17612383
v 0.14984998 1.36796303 -0.23013950
v 0.01401407 1.42316050 -0.25686045
v -0.02041908 1.42690798 -0.22573731
v -0.02440547 1.42329261 -0.21736618
v -0.10183401 1.43182465 0.00726329
v -0.08103669 1.43798413 0.17970520
v -0.03714472 1.39661092 0.23058329
v 0.03467594 1.37353007 0.21421959
v 0.17017343 1.35737866 -0.03033506
v 0.17086378 1.37709757 -0.15615522
v -0.08425057 1.40845029 -0.12883218
v -0.08880627 1.44182200 0.13991179
v -0.06551219 1.42073283 0.20830751
v 0.18038249 1.36635890 -0.10597510
v 0.14707858 1.36071089 -0.24639103
v -0.09139816 1.44201554 0.13423788
v -0.08113172 1.44987210 0.14474461
v -0.05185372 1.40918708 0.21984788
v -0.03539652 1.38648529 0.23501145
v 0.09393073 1.37516886 0.15643535
v 0.10677908 1.36672399 0.14201238
v 0.14639243 1.35403218 0.06000163
v 0.17771491 1.35077043 -0.07612363
v 0.02962491 1.41011735 -0.27657944
v 0.00844522 1.44259115 -0.23705036
v -0.00910031 1.42529666 -0.23778595
v -0.07725970 1.41728247 -0.08282102
v -0.07603614 1.42629149 -0.02525662
v -0.09446565 1.45144354 0.04508329
v -0.08099240 1.41783842 0.20305493
v 0.02301134 1.38178040 0.21782776
v 0.13037517 1.34185787 0.10271003
v 0.16505990 1.38995679 -0.18979787
v 0.11070255 1.37491780 -0.29411212
v 0.08778805 1.37883253 -0.30223318
v -0.09002637 1.45606457 0.12802355
v -0.01156327 1.40953297 0.22544992
v 0.00232608 1.39839871 0.22562281
v 0.07863225 1.37931022 0.17136435
v 0.16582738 1.36796254 0.00420653
v 0.16801263 1.38620128 -0.17081721
v 0.16307148 1.37482223 -0.20911287
v 0.15299343 1.38384847 -0.23041033
v -0.06322231 1.44565554 -0.02782327
v -0.06714390 1.44889796 -0.01517414
v -0.07670423 1.44755767 -0.00570834
v -0.08986009 1.45201032 0.10689918
v -0.07023434 1.43868122 0.19171675
v 0.05193877 1.37791895 0.20696560
v 0.11252218 1.38277478 0.13797126
v 0.17846255 1.36869179 -0.12397704
v 0.13646183 1.38104067 -0.26283254
v 0.05768291 1.41890441 -0.28524261
v -0.06181402 1.44237618 -0.03770414
v -0.04681821 1.44458020 0.20065966
v 0.03249894 1.39402614 0.21261865
v 0.06428416 1.37686743 0.19316787
v 0.12868758 1.36480440 0.11068280
v -0.02110966 1.43678815 -0.20946540
v -0.05793388 1.43527094 -0.14019010
v -0.06401874 1.43314119 -0.07168804
v -0.08885124 1.45991196 0.07357171
v -0.05589742 1.42363434 0.21020150
v 0.17993651 1.36820709 -0.08718813
v 0.17438107 1.37769127 -0.14511513
v 0.14814345 1.37880831 -0.25067740
v 0.03736969 1.43043171 -0.26889907
v -0.01764782 1.45029921 -0.20146551
v -0.05665685 1.44578988 -0.13045355
v -0.06383528 1.44078431 -0.12384753
v -0.07962147 1.46975396 0.11113296
v -0.08264639 1.46531790 0.12618653
v -0.05530033 1.44937520 0.19173718
v 0.09026110 1.38569128 0.16030903
v 0.09826753 1.39433636 0.15040278
v 0.12860490 1.37824256 0.11032117
v 0.16083010 1.36915349 0.02249840
v 0.17341781 1.37897620 -0.04514923
v 0.17529232 1.37251375 -0.05843607
v 0.17934279 1.38540342 -0.12552983
v 0.15342067 1.39646994 -0.23138133
v 0.05167156 1.43318063 -0.27349790
v -0.01385606 1.43794552 -0.22267475
v -0.02201836 1.44777716 -0.18904862
v -0.05701242 1.44571186 -0.06926983
v -0.07438451 1.44873196 0.16890624
v 0.05649867 1.37614186 0.20371816
v 0.14137799 1.37028608 0.07847710
v 0.16862237 1.37993215 -0.00165310
v 0.17929527 1.38381779 -0.09027373
v -0.06563179 1.44279870 -0.10979111
v -0.06527112 1.43061459 -0.05334336
v 0.07712383 1.38978727 0.17731250
v 0.15605825 1.37729837 0.03793571
v 0.16263408 1.39018064 -0.21265252
v 0.12920279 1.40090967 -0.26876153
v 0.10344824 1.40820761 -0.28401343
v -0.03786212 1.43550706 -0.17545370
v 0.00352480 1.41512681 0.21997585
v 0.14994472 1.38332999 0.05446242
v 0.18006817 1.38692303 -0.10686342
v 0.16911631 1.40266511 -0.16552285
v 0.11778498 1.40199492 -0.27848259
v 0.06875374 1.42006905 -0.28575649
v -0.08559181 1.46282471 0.05011707
v -0.07467138 1.45987597 0.14370626
v -0.02916978 1.41837789 0.22206370
v 0.05100556 1.39817801 0.20327652
v 0.14583336 1.39234026 -0.25143930
v 0.07794609 1.40336747 -0.29443706
v -0.05493268 1.44913735 -0.08673929
v -0.05530145 1.45193703 -0.05335818
v -0.09755725 1.45570193 0.06169911
v -0.01642555 1.42585486 0.21912198
v 0.16559283 1.38115978 0.00911583
v 0.02288795 1.45321978 -0.23992384
v -0.08494217 1.45412328 0.00826763
v -0.07505632 1.47702064 0.06116023
v -0.06992405 1.45553132 0.16360190
v -0.06067907 1.45587795 0.17871737
v 0.01948852 1.41412075 0.21513108
v 0.11879642 1.39228473 0.12513325
v 0.14642860 1.40015075 0.06251379
v 0.17709293 1.39968075 -0.13727357
v -0.07750399 1.45667649 0.00327619
v 0.06388283 1.39533601 0.19385346
v -0.08919639 1.45537356 0.01757956
v -0.07560749 1.47521285 0.02895640
v -0.07746555 1.47353900 0.07316701
v 0.00352427 1.42701982 0.21599286
v 0.07513612 1.40206109 0.18210534
v 0.10835332 1.40107426 0.14186189
v 0.17396330 1.39170560 -0.05876954
v 0.16810725 1.39929526 -0.17923444
v -0.01408556 1.45514135 -0.20301054
v -0.03932195 1.44501111 -0.16589387
v -0.08770311 1.46136865 0.03168250
v 0.04460685 1.41541157 0.20377465
v 0.08661925 1.40022264 0.16569013
v 0.17408443 1.39195876 -0.01077420
v 0.17311681 1.39703406 -0.04605439
v 0.14581364 1.40959934 -0.24373173
v 0.09940727 1.42613608 -0.27723642
v -0.05175225 1.45991100 -0.11026553
v -0.05915658 1.47290079 0.15419668
v -0.02052541 1.43991847 0.21220509
v 0.13677556 1.38910963 0.08860438
v 0.17756784 1.40148215 -0.10116080
v 0.13230101 1.41555812 -0.25974626
v 0.17188874 1.39959808 -0.15072956
v 0.16486276 1.40550664 -0.20127139
v 0.15193349 1.44234091 -0.22028565
v -0.05193166 1.45857309 -0.11991979
v -0.07431343 1.47616254 0.11477677
v 0.07682807 1.41930093 0.18006236
v 0.00090706 1.45554059 -0.21553593
v 0.15194416 1.40404710 0.04801373
v 0.17680252 1.40086121 -0.02332501
v 0.17401976 1.40702455 -0.07337467
v 0.17287370 1.41451376 -0.13368458
v 0.08826853 1.43429972 -0.27537212
v -0.01892982 1.46196734 -0.18177545
v -0.07212304 1.47966901 0.04902947
v -0.04560510 1.46261727 0.18363556
v 0.05674445 1.42869004 0.19460861
v 0.09024149 1.41437003 0.16054557
v 0.16776028 1.39659852 0.00850214
v 0.16429438 1.40776568 0.00246607
v 0.17354825 1.41541411 -0.08514027
v 0.17461634 1.41723682 -0.11405416
v 0.07553107 1.44372632 -0.26779406
v -0.03946105 1.46766278 -0.13161643
v -0.04084814 1.45143205 -0.15181281
v -0.06793203 1.47980931 0.01903259
v -0.06025982 1.48509000 0.12486515
v -0.05273257 1.46826808 0.16816351
v 0.03805508 1.43239972 0.20154225
v 0.17302564 1.39621211 -0.01253030
v 0.17947073 1.41156613 -0.03721163
v 0.17173538 1.39197435 -0.02631985
v 0.17290909 1.40830478 -0.06061211
v 0.18266210 1.42131422 -0.15062601
v 0.16667515 1.42855806 -0.17539627
v 0.16441969 1.43361788 -0.19845159
v 0.00129270 1.44047836 0.20940651
v 0.11841345 1.41461431 0.11654710
v 0.16971197 1.41183681 -0.02356516
v 0.17295460 1.41625348 -0.14899874
v 0.15889690 1.41230784 -0.21970739
v 0.13025427 1.43665867 -0.24916389
v 0.11732121 1.42529579 -0.26761163
v 0.09816361 1.44523810 -0.26599309
v 0.03353987 1.45985833 -0.24062555
v -0.01144790 1.46766279 -0.18912617
v -0.02655746 1.46291214 -0.16456423
v -0.04849016 1.46710016 -0.04588824
v -0.05001676 1.47425231 -0.01882568
v -0.06573675 1.48514069 0.11090849
v -0.05682869 1.48168468 0.14043975
v -0.04131918 1.45568660 0.19363761
v -0.01908086 1.44887098 0.20638601
v -0.04553785 1.46382997 -0.07385277
v -0.07205687 1.48113403 0.09045605
v 0.10848955 1.42396945 0.12735009
v 0.12673013 1.42611713 0.10383697
v 0.13257528 1.41363032 0.09144568
v 0.16721811 1.41153880 0.02023857
v 0.17126782 1.42413175 -0.08448162
v 0.16671369 1.43434267 -0.16532742
v 0.06839730 1.45036331 -0.26024042
v -0.06712637 1.48525590 0.05912410
v -0.06491459 1.48619919 0.07229720
v 0.01064251 1.45545769 0.19792244
v 0.06735673 1.42113993 0.18903008
v 0.16193682 1.39501017 0.02129982
v 0.17353362 1.41573131 -0.04863556
v 0.17463680 1.42238136 -0.06577330
v 0.17565287 1.42179775 -0.12376307
v 0.15532438 1.43103603 -0.21970681
v -0.05774857 1.48003019 0.00762317
v -0.05244419 1.49749875 0.07930460
v 0.03678461 1.45229453 0.19472626
v 0.12072528 1.42246022 0.12085708
v 0.16543034 1.41235477 -0.01092138
v 0.17107152 1.42936871 -0.15885338
v 0.16682780 1.42012977 -0.19126204
v 0.14098664 1.43568312 -0.23881159
v -0.03949305 1.47211418 -0.09617771
v -0.04225461 1.48337701 -0.02306170
v 0.09857746 1.42380728 0.14669531
v 0.14886148 1.41472823 0.05628698
v 0.17879394 1.41920248 -0.04940220
v -0.01019839 1.48285404 -0.16348157
v -0.04095816 1.47331461 -0.11363164
v -0.03518659 1.47750644 -0.08316795
v -0.05014378 1.49662751 0.11327892
v -0.03325281 1.47356317 0.17699392
v 0.02653832 1.44070885 0.20175096
v 0.17157303 1.42693187 -0.07960518
v 0.17394012 1.42617459 -0.10412761
v 0.17417137 1.43024888 -0.10869764
v 0.08706714 1.45473324 -0.26131571
v 0.07732456 1.46011933 -0.25523945
v -0.01985751 1.47145904 -0.16489370
v -0.02276872 1.48288591 0.17238287
v -0.01620892 1.46465613 0.19221142
v 0.10443640 1.43697651 0.12818706
v 0.16944748 1.42591320 -0.03323360
v 0.17251049 1.41992142 -0.03572487
v 0.13150830 1.45111417 -0.24130891
v 0.11296530 1.44790853 -0.25465968
v 0.05104028 1.46998490 -0.23608274
v -0.05251170 1.47810857 -0.00334296
v -0.05696802 1.49498788 0.02865542
v -0.05340469 1.49734357 0.09449515
v 0.13679170 1.42364960 0.07955908
v 0.15603427 1.42423227 0.04228295
v 0.18136554 1.42678115 -0.06731110
v -0.03551493 1.47557506 -0.12734807
v 0.07171932 1.43507884 0.18192458
v 0.09644936 1.44276348 0.13988132
v 0.11752852 1.43130031 0.12138518
v 0.16884196 1.44462598 -0.13274575
v 0.01687084 1.47458912 -0.20763628
v -0.04858813 1.48877612 0.00541074
v -0.04493499 1.48834568 0.14357728
v -0.03875385 1.48797364 0.15227391
v -0.03129683 1.48797327 0.15961356
v -0.00144118 1.47369157 0.18734600
v 0.05961243 1.44235413 0.18743483
v 0.08135625 1.43709071 0.17048208
v 0.09328286 1.43276640 0.15141076
v 0.16220048 1.42761668 -0.00007672
v 0.15934632 1.44890723 -0.20347250
v 0.04959862 1.45841587 0.18393602
v 0.13682407 1.43301094 0.08360177
v 0.16188054 1.42183870 0.03406857
v 0.17982366 1.43300511 -0.08965947
v 0.16947023 1.44649831 -0.15652554
v 0.15314222 1.45100886 -0.21238587
v 0.14132708 1.45472703 -0.22190843
v 0.06995012 1.47748659 -0.24025049
v 0.02661477 1.48819956 -0.19973181
v 0.01330582 1.48110757 -0.19725621
v -0.05913859 1.49416527 0.04700179
v -0.02400000 1.48942651 -0.10688404
v 0.02085522 1.46496466 0.19268549
v 0.14468462 1.43114568 0.06646903
v 0.15289245 1.43666166 0.04996572
v 0.17437046 1.44652138 -0.10150749
v 0.16863037 1.44975751 -0.11954985
v 0.17190797 1.43789865 -0.13975908
v 0.11640850 1.45979297 -0.24456202
v -0.04079340 1.47419641 -0.05933519
v -0.03799744 1.49946715 0.00623775
v 0.06142829 1.46248865 0.17609689
v 0.16286387 1.43752093 0.04633007
v 0.16723138 1.42926267 0.03255759
v 0.16481305 1.44262576 -0.02079856
v 0.16862104 1.43863784 -0.05335723
v 0.17357392 1.45268110 -0.09626546
v 0.12188642 1.46671790 -0.22769742
v 0.09938122 1.47548779 -0.22764820
v 0.16681626 1.44121090 -0.03588570
v 0.17624287 1.43404513 -0.06442042
v 0.16263227 1.45852288 -0.17389828
v 0.05595681 1.48528052 -0.22581680
v 0.00103269 1.49015740 -0.16858623
v -0.01636590 1.49229209 0.15582779
v 0.02609553 1.47280358 0.18111045
v 0.12552480 1.45409096 0.09174574
v -0.02787317 1.48457165 -0.12562821
v -0.03372624 1.50344903 0.12135019
v 0.11285781 1.44581268 0.11837497
v 0.15922104 1.44169619 0.05552318
v 0.16543896 1.44961987 -0.06873677
v 0.16012757 1.45625969 -0.19295755
v -0.02639627 1.49369313 -0.06179044
v -0.04395331 1.50532269 0.02851116
v 0.09635134 1.45897183 0.12863199
v 0.16102451 1.45534182 -0.06134360
v 0.07400729 1.48444631 -0.22899065
v -0.00272322 1.49983441 -0.14780087
v -0.04722105 1.50603523 0.04330710
v -0.02683194 1.49340641 0.15025746
v 0.07341570 1.45928143 0.16963953
v 0.08421578 1.46098574 0.15664752
v 0.08335612 1.46988292 0.14991724
v 0.15136572 1.47024578 -0.19914458
v 0.12390368 1.48557053 -0.20874085
v -0.03577475 1.48899885 -0.02948735
v 0.00506873 1.49734823 0.15413594
v 0.10528378 1.45971599 0.12081063
v 0.11673598 1.45393081 0.10523091
v 0.13284702 1.44963587 0.08467057
v 0.15127535 1.43924606 0.06924760
v 0.15054609 1.46939355 -0.07878041
v 0.16055511 1.46738487 -0.13740079
v 0.15845132 1.47141999 -0.16847210
v 0.05821800 1.49046602 -0.22045060
v 0.01888125 1.49928038 -0.17615050
v -0.03946458 1.50734223 0.09218780
v 0.03257747 1.47770880 0.17468852
v 0.04684118 1.47527352 0.17408453
v 0.06924408 1.47423442 0.16408014
v 0.14871975 1.45211126 0.04195437
v 0.15488047 1.44676648 0.00287381
v 0.16326875 1.45273834 -0.02392160
v 0.16274965 1.45769272 -0.04006426
v 0.15570801 1.47399347 -0.15376462
v 0.14205553 1.47271249 -0.20982962
v 0.08436141 1.48801099 -0.21646273
v -0.01932910 1.49553197 -0.09170728
v -0.02901213 1.50512907 -0.00398121
v -0.03580931 1.51363219 0.06878652
v -0.01120892 1.51315802 0.12237813
v 0.08766620 1.47248658 0.12959021
v 0.16830400 1.46760809 -0.10442661
v -0.01112201 1.50086248 -0.10546652
v -0.02417369 1.50546347 -0.03620905
v -0.02910925 1.51139884 0.10659533
v 0.15415600 1.45543508 0.01302322
v 0.15892834 1.46087599 -0.05557742
v 0.06523556 1.49928722 -0.20308014
v -0.01862076 1.50431988 -0.06677981
v 0.00131885 1.51009542 0.13584751
v 0.11224746 1.47662177 0.09123809
v 0.14880726 1.45064969 0.06442700
v 0.16201528 1.46069673 -0.02033407
v 0.14823841 1.47364430 -0.07472605
v 0.13348617 1.48708481 -0.19787852
v 0.05385260 1.50451740 -0.19203986
v 0.04430330 1.49648220 -0.20497350
v 0.00490833 1.50486728 -0.15122666
v -0.01331457 1.49771516 -0.12381641
v -0.02975574 1.51884520 0.06304602
v 0.04545831 1.48895086 0.16179761
v 0.06007106 1.47872321 0.16692452
v 0.13295821 1.46814795 0.07594551
v 0.13698806 1.46683601 0.06815525
v 0.13801454 1.46963873 0.04586644
v 0.14612176 1.48506087 -0.16968422
v 0.00139341 1.50663129 -0.13977902
v -0.00656135 1.50502188 -0.10245274
v -0.02168492 1.50950369 -0.02578284
v -0.03456052 1.51453061 0.03766038
v -0.02584820 1.51863050 0.07866575
v 0.02510284 1.50109142 0.15292076
v 0.06205829 1.49047316 0.14929309
v 0.15594869 1.47150740 -0.05887167
v 0.14916514 1.48285596 -0.10048048
v 0.16079252 1.47880374 -0.11364056
v 0.15272825 1.49114389 -0.13764329
v 0.09723733 1.49552894 -0.20475705
v -0.01581617 1.50885122 -0.04946145
v -0.02004770 1.51257301 -0.00847955
v -0.02662021 1.51178005 0.01431439
v 0.07341921 1.48289721 0.14761278
v 0.08012250 1.48310276 0.12724074
v 0.10878977 1.47053443 0.10122189
v 0.16340501 1.46660046 -0.03866604
v 0.16397560 1.47836969 -0.12555707
v 0.15024036 1.48331896 -0.15012282
v 0.13096014 1.49696969 -0.16942704
v 0.14205853 1.48392960 -0.18288654
v -0.00476438 1.50739231 -0.09117299
v -0.01158593 1.51050095 -0.04802320
v 0.09563212 1.47544404 0.12030048
v 0.13021672 1.47614458 0.05478961
v -0.01282334 1.52024245 0.10235093
v 0.01457563 1.51549444 0.12910344
v 0.03881647 1.50404902 0.14611897
v 0.08466966 1.49788478 0.10076259
v 0.15006308 1.45959079 0.02974304
v 0.13421747 1.50075707 -0.15465881
v 0.10533441 1.50532511 -0.18078963
v 0.07832657 1.50432436 -0.19558459
v 0.05512880 1.51418457 -0.17472026
v 0.01510721 1.51317512 -0.14522658
v 0.00413408 1.51025514 -0.12259817
v -0.00260489 1.51373608 -0.04091370
v -0.00526613 1.51456512 -0.01642562
v -0.01613618 1.51604212 0.00745203
v 0.11491298 1.48776842 0.08317695
v 0.13990637 1.49331618 -0.09823114
v 0.14233284 1.49045221 -0.10177636
v 0.09270667 1.50761388 -0.19227989
v 0.00269314 1.51103506 -0.08209194
v -0.01897904 1.52059221 0.03169898
v -0.01657823 1.52431221 0.05125110
v -0.01100636 1.52626254 0.06877295
v 0.00821285 1.52463992 0.10484336
v 0.05033149 1.50562029 0.13823249
v 0.05496820 1.50584618 0.12868133
v 0.07953127 1.49789209 0.10897414
v 0.15546312 1.49056581 -0.12747149
v 0.03752773 1.51091614 0.13969981
v 0.08355389 1.50991345 -0.18900478
v 0.00401566 1.51391164 -0.06833163
v -0.00672270 1.51991260 0.00931619
v 0.15974543 1.47825221 -0.05405505
v 0.03922845 1.51375630 -0.16676046
v 0.02605742 1.51168070 -0.15989219
v 0.01051792 1.51432974 -0.13151605
v -0.00383030 1.52441285 0.02456838
v 0.16862814 1.48189051 -0.00142475
v 0.16053725 1.46574024 0.00066716
v 0.12841363 1.50595705 -0.11096601
v 0.04229403 1.51445432 0.12469479
v 0.05612493 1.51171454 0.11598581
v 0.06808984 1.51283907 0.10022200
v 0.12915604 1.48368720 0.05098325
v 0.15593641 1.47083718 0.01983333
v 0.14007272 1.49991641 -0.08845793
v 0.14072719 1.50460073 -0.13163901
v 0.13771228 1.50671969 -0.14241071
v 0.06901760 1.51777299 -0.16981071
v 0.02623183 1.52062703 -0.13251227
v 0.00206750 1.51967342 -0.03519746
v 0.00350211 1.53036672 0.05157283
v -0.00510160 1.52466304 0.09392024
v 0.09228738 1.49858030 0.09293319
v 0.11873367 1.48777249 0.07719771
v 0.16617925 1.47264956 -0.01988629
v 0.05037672 1.52163573 -0.15496716
v 0.03132709 1.52255912 0.11101324
v 0.09863170 1.50753415 0.08227996
v 0.14565621 1.49088987 -0.07867311
v 0.01798321 1.51828062 -0.11864251
v 0.00661777 1.51733052 -0.06819824
v 0.01621287 1.53222011 0.07220988
v 0.11432769 1.49666764 0.05698414
v 0.16964021 1.48297901 -0.02697302
v 0.01390936 1.51905166 -0.09813701
v -0.00237093 1.52033634 -0.00143318
v 0.04550914 1.51988880 0.10987886
v 0.07740787 1.51300196 0.09120992
v 0.10995930 1.49898916 0.07061082
v 0.16804740 1.48697580 0.00532997
v 0.13008150 1.51107692 -0.09566844
v 0.12137534 1.51857802 -0.14599587
v 0.06173815 1.52518089 -0.15530418
v 0.04821686 1.52640270 -0.14572908
v 0.03016453 1.52585325 -0.12719914
v 0.00685837 1.53666028 -0.00662967
v 0.03762388 1.52903167 0.08994715
v 0.10256786 1.50633529 0.06224903
v 0.12323337 1.51455141 -0.12103900
v 0.01301621 1.52501170 -0.08069909
v 0.00575071 1.53164296 -0.03165712
v 0.00996764 1.53416037 0.04705446
v 0.03188996 1.53564324 0.06812756
v 0.14062894 1.49412098 0.04302784
v 0.15093193 1.48892670 0.03363321
v 0.11040143 1.51492495 -0.15960686
v 0.08090849 1.52449074 -0.15542998
v 0.00728971 1.53443232 0.02359866
v 0.05806850 1.52393270 0.09268031
v 0.10356180 1.50839809 0.05584323
v 0.12359438 1.49826220 0.05206968
v 0.16233746 1.49430585 -0.05769078
v 0.11351270 1.51902647 -0.11122604
v 0.02092215 1.52794668 -0.09825359
v 0.01116193 1.53452623 -0.05244263
v 0.00265307 1.52992386 0.01101930
v 0.08793768 1.51920233 0.08109962
v 0.13565768 1.50654344 0.04667244
v 0.17430333 1.49164813 -0.02643770
v 0.02840853 1.53893244 0.05796504
v 0.06726379 1.52271185 0.08773947
v 0.17454664 1.48802123 -0.00918823
v 0.16695771 1.49141694 -0.04545095
v 0.15103209 1.50490400 -0.07601126
v 0.11899820 1.52197223 -0.13991462
v 0.03122199 1.53143816 -0.11419914
v 0.01066198 1.53850792 -0.02865368
v 0.05271957 1.53123001 0.07999906
v 0.09015860 1.51724316 0.05901584
v 0.09822040 1.51787121 0.05232253
v 0.14099969 1.51296433 -0.08490228
v 0.07756604 1.53346783 -0.14318597
v 0.04669986 1.53392235 -0.12658239
v 0.01967709 1.53682325 -0.08037751
v 0.01782908 1.53968285 0.04085583
v 0.11747234 1.51182259 0.05143419
v 0.12562182 1.52353264 -0.09298290
v 0.11286257 1.52391073 -0.10274935
v 0.06310772 1.53306523 -0.13809938
v 0.02870919 1.54058394 -0.09488229
v 0.01782583 1.53917942 -0.06504751
v 0.01901057 1.54138323 -0.03689677
v 0.01187740 1.54263555 0.00471565
v 0.04218042 1.54231969 0.05977421
v 0.06449288 1.53639593 0.07536194
v 0.16533769 1.49640166 0.01557998
v 0.18088699 1.49787960 -0.00897635
v 0.18370397 1.50248615 -0.02406998
v 0.09537504 1.53465075 -0.13270364
v 0.09878791 1.53168479 -0.14291850
v 0.02784954 1.54122338 -0.06743863
v 0.01552325 1.54470240 0.01799006
v 0.02635799 1.54534301 0.04027253
v 0.07507563 1.53085977 0.07830904
v 0.08062715 1.52906494 0.05622655
v 0.04336705 1.54157462 -0.06444307
v 0.03906763 1.54221985 -0.11019018
v 0.19044650 1.51576204 -0.02073378
v 0.10409058 1.53593936 -0.09506473
v 0.04691919 1.54256966 -0.05674489
v 0.03736787 1.53941647 -0.03475568
v 0.07355089 1.53755270 0.04608148
v 0.09148657 1.53262511 0.04704359
v 0.10061967 1.53092262 0.04749913
v 0.17467103 1.50292892 -0.03932439
v 0.07114881 1.54443097 -0.13326777
v 0.05435347 1.54411367 -0.11686023
v 0.03889173 1.53797762 -0.04668849
v 0.04212877 1.54235268 -0.02164340
v 0.05055534 1.54352441 0.00958942
v 0.12218817 1.52246517 0.05006675
v 0.15059717 1.51184178 0.03624824
v 0.15888328 1.51330570 -0.07065940
v 0.14340699 1.52303090 -0.08452874
v 0.07173077 1.54242343 0.03278396
v 0.18927702 1.51684376 -0.01019636
v 0.16244342 1.53517785 -0.07139157
v 0.09857734 1.54208351 -0.09429804
v 0.05892905 1.54557569 -0.06979570
v 0.16485924 1.52816887 0.02484361
v 0.18236161 1.52183728 -0.04593247
v 0.11929142 1.54518215 -0.08945748
v 0.07913297 1.54724473 -0.08329426
v 0.04790845 1.54754167 -0.01141601
v 0.05734858 1.54523439 0.01367919
v 0.14851205 1.52932145 0.04073375
v 0.17574225 1.51373246 0.01041209
v 0.05892413 1.55535786 -0.05603560
v 0.19785420 1.51933685 -0.02060923
v 0.18884616 1.51861510 -0.03443721
v 0.16903173 1.52249754 -0.06120395
v 0.04859126 1.55198601 -0.03248297
v 0.19412439 1.52123327 -0.00465535
v 0.22827228 1.51704112 -0.02613430
v 0.11007588 1.54326353 0.04752259
v 0.18480907 1.51939144 0.00203408
v 0.08629086 1.55480401 -0.07974495
v 0.05560541 1.55924446 -0.00792984
v 0.15922535 1.53837791 0.03509948
v 0.19323002 1.52546818 0.00509275
v 0.21281724 1.52288145 0.00537830
v 0.22292139 1.52160435 -0.04277741
v 0.18797213 1.52979977 -0.04861509
v 0.09823839 1.54767734 -0.08868042
v 0.13191805 1.53231086 -0.08881179
v 0.05402044 1.55573631 -0.04532704
v 0.05330150 1.56028159 -0.02923560
v 0.06024692 1.55781495 0.00672078
v 0.18468021 1.52541137 0.00839032
v 0.23481259 1.51910592 -0.03159836
v 0.21490425 1.52840288 -0.05351454
v 0.17005564 1.54057108 -0.06672878
v 0.22637220 1.52549870 0.00461772
v 0.23877437 1.52184111 -0.01829133
v 0.19564950 1.53099548 -0.05034869
v 0.14912714 1.54287420 -0.08261945
v 0.06812071 1.55674810 -0.06617686
v 0.10117499 1.55155009 0.04319211
v 0.23336944 1.52436512 -0.04170304
v 0.22311486 1.52893079 -0.05165430
v 0.05860758 1.57169729 -0.01860674
v 0.16930697 1.54062265 0.03088181
v 0.15438203 1.54196750 -0.07955450
v 0.08164050 1.56329327 -0.07188932
v 0.06943812 1.55663168 0.02051464
v 0.21336231 1.53712440 0.02301624
v 0.24009375 1.52763304 -0.00714315
v 0.06494370 1.57589149 -0.04635836
v 0.18237032 1.53643552 0.02237685
v 0.24121454 1.52653204 -0.03416167
v 0.17848033 1.54324791 -0.06484255
v 0.10473594 1.56043369 -0.08351253
v 0.20535341 1.53390984 0.02103168
v 0.15589614 1.55339217 -0.07979482
v 0.08941306 1.55593343 0.03558058
v 0.13779910 1.53986432 0.04712090
v 0.11755209 1.55591776 -0.08686589
v 0.07096160 1.57641887 -0.05472869
v 0.06267577 1.57892594 -0.03684410
v 0.07759998 1.58129627 0.01826818
v 0.12716515 1.55029801 0.04969809
v 0.24351641 1.53120850 -0.02268271
v 0.09695636 1.57071529 0.03659500
v 0.12046427 1.56105886 0.04959261
v 0.20513580 1.54653112 0.03502165
v 0.24223671 1.54008627 -0.01032090
v 0.18209448 1.54817186 -0.07122078
v 0.06461878 1.58012072 -0.00090293
v 0.14941408 1.55083646 0.04515173
v 0.15997523 1.55148486 0.04252370
v 0.16526823 1.55191748 0.04308710
v 0.22678886 1.53536076 0.01086772
v 0.23602280 1.53995946 -0.04434318
v 0.20134507 1.54295624 -0.07025455
v 0.06270032 1.58433712 -0.01594047
v 0.06945092 1.57669727 0.01004041
v 0.24360727 1.54218629 -0.03046001
v 0.22861797 1.53421956 -0.05143460
v 0.17303935 1.55623517 -0.07807769
v 0.10418358 1.57704025 -0.07677616
v 0.11393714 1.56737675 0.04720783
v 0.18709126 1.54988530 0.04316938
v 0.21221970 1.55596640 0.03864907
v 0.16336794 1.55517341 -0.07736681
v 0.11435457 1.57488138 -0.08179878
v 0.08046786 1.57849474 -0.06297936
v 0.05826899 1.59421802 -0.06199793
v 0.15660984 1.56447502 0.05227268
v 0.20699973 1.54599125 -0.07247628
v 0.13829507 1.55776109 -0.08519299
v 0.13863512 1.56233018 0.05131827
v 0.23362835 1.55158679 -0.05318839
v 0.05096258 1.59280985 -0.03284140
v 0.24697024 1.54733585 -0.02080986
v 0.19350314 1.55577064 -0.08211522
v 0.16177465 1.56557779 -0.08191199
v 0.14723809 1.56916174 -0.08417095
v 0.04872923 1.59086141 -0.04758122
v 0.06351030 1.59068364 -0.02677016
v 0.10336814 1.57905492 0.04020802
v 0.18825611 1.55680850 0.04910630
v 0.24188180 1.56146594 0.00367343
v 0.23608421 1.54375305 0.00342992
v 0.20327773 1.55871177 -0.08201115
v 0.08560439 1.58793814 -0.06237527
v 0.07744097 1.58586056 -0.05997715
v 0.22500784 1.55893046 0.02932817
v 0.23121671 1.55609952 0.01839600
v 0.13434295 1.57263240 0.05400636
v 0.17685907 1.56402907 0.05342537
v 0.20026257 1.55978401 0.04694969
v 0.22061102 1.54322016 -0.06357880
v 0.04987065 1.60248852 -0.02165390
v 0.06413049 1.59449438 -0.01832536
v 0.24919216 1.55472983 -0.00761619
v 0.24952997 1.55488629 -0.03102375
v 0.15306688 1.57967705 -0.08675452
v 0.07162149 1.59234109 0.00968641
v 0.15696955 1.57647098 0.05811522
v 0.25338208 1.55576103 -0.01743420
v 0.05108136 1.59720236 -0.05868119
v 0.10025815 1.58822082 0.03889908
v 0.17788926 1.57470641 0.05740777
v 0.25035537 1.56291269 -0.00706563
v 0.21891309 1.56396580 -0.07498554
v 0.19313058 1.56677128 -0.08758055
v 0.12837792 1.57263516 -0.08506330
v 0.08147548 1.60177686 -0.05848292
v 0.06750748 1.59780288 -0.00089115
v 0.25326211 1.56228855 -0.01694623
v 0.25147852 1.56350085 -0.02865441
v 0.21453208 1.57207306 0.04463419
v 0.23383393 1.56489542 0.02134682
v 0.08434913 1.59853003 0.02658132
v 0.12080955 1.58318796 0.05240135
v 0.24072540 1.56753589 0.01276063
v 0.04677388 1.60889861 -0.04411527
v 0.18167109 1.56703020 -0.08756467
v 0.16681635 1.59081985 -0.09230105
v 0.11797265 1.59984137 -0.08397582
v 0.11170945 1.59018817 -0.07927880
v 0.04559872 1.60844071 -0.03082837
v 0.05293277 1.61746771 -0.02152655
v 0.06423396 1.60191893 -0.01995741
v 0.11106619 1.59326210 0.04975671
v 0.19283760 1.56894423 0.05359531
v 0.25287993 1.56799904 -0.03385983
v 0.20033161 1.57802643 -0.08864189
v 0.08964801 1.59999925 -0.06305893
v 0.06191123 1.60969974 -0.01908809
v 0.15773683 1.58824910 0.06116642
v 0.20007167 1.58272247 0.05399965
v 0.25502490 1.57034710 -0.00632903
v 0.23392772 1.56011358 -0.05843159
v 0.04719656 1.61817572 -0.02689695
v 0.06684490 1.60827411 -0.00437102
v 0.14313775 1.59373829 0.06385093
v 0.25647050 1.56978183 -0.02615493
v 0.24287241 1.56941115 -0.05115341
v 0.05785056 1.60694108 -0.06325223
v 0.15358305 1.59352135 0.06497980
v 0.25132945 1.57360586 -0.03920074
v 0.14683511 1.59443631 -0.08949247
v 0.04642964 1.62315441 -0.04685551
v 0.04322309 1.61844032 -0.03481564
v 0.12937854 1.60606215 0.06106616
v 0.25427807 1.58051697 -0.00943291
v 0.25647712 1.58044185 -0.02318861
v 0.06626048 1.62280830 -0.05612690
v 0.05196998 1.61636408 -0.05269266
v 0.06491349 1.62169080 -0.01116408
v 0.14407275 1.59807695 0.07599895
v 0.18220542 1.58806428 0.05926058
v 0.15251803 1.59885856 -0.09455799
v 0.05768449 1.62131052 -0.05623850
v 0.07310623 1.60202303 0.01383430
v 0.08487448 1.61840572 0.03645789
v 0.12788456 1.60969698 0.07510384
v 0.16435999 1.59772068 -0.09480070
v 0.12901015 1.59762721 -0.08749795
v 0.10982461 1.60568792 -0.08004735
v 0.08566002 1.61532957 -0.06225546
v 0.18127684 1.60788531 0.06098862
v 0.23292075 1.58449759 0.03222868
v 0.24941050 1.58791637 -0.00230452
v 0.21072199 1.57446399 -0.08335852
v 0.07319125 1.62373906 0.02221320
v 0.15898277 1.59735490 0.06363319
v 0.21347434 1.58365606 0.04789015
v 0.26038466 1.58277920 -0.01760694
v 0.18538405 1.58273987 -0.09180122
v 0.13868202 1.60988146 -0.09185299
v 0.04338566 1.63116972 -0.04834406
v 0.03648336 1.63113772 -0.02402158
v 0.23057505 1.61117633 0.04218359
v 0.24058444 1.57817870 0.01555633
v 0.13993834 1.61303120 -0.09572275
v 0.03650810 1.63121102 -0.03027600
v 0.06618438 1.63189890 -0.00357061
v 0.10325200 1.61618829 0.05248788
v 0.13777667 1.61450413 0.07732018
v 0.15421977 1.61561690 0.06649044
v 0.24519375 1.59266819 0.00617875
v 0.27610947 1.58622312 -0.01617460
v 0.25537697 1.58811059 -0.03252887
v 0.22953593 1.58210726 -0.07022471
v 0.18207155 1.60663726 -0.09474339
v 0.14898516 1.60526925 -0.10884960
v 0.03429344 1.64305852 -0.03034823
v 0.24329873 1.58390687 -0.05278375
v 0.03874340 1.63673568 -0.05436362
v 0.04935115 1.62605935 -0.02157253
v 0.11305667 1.61811326 0.05859363
v 0.11539591 1.62568816 -0.08994061
v 0.04379427 1.64181008 -0.06230442
v 0.03441228 1.64109282 -0.05356877
v 0.24994851 1.59472233 0.00162924
v 0.25355937 1.59715077 -0.03624952
v 0.10959014 1.62242566 -0.08574897
v 0.07869415 1.63156387 -0.05822146
v 0.13163754 1.62386648 -0.09766164
v 0.08851775 1.62915879 -0.07033188
v 0.07339867 1.64916361 0.02688190
v 0.24068786 1.59502704 0.02188340
v 0.27044892 1.59294299 -0.00365011
v 0.24857221 1.58813546 -0.03919405
v 0.05978461 1.63680205 -0.01035228
v 0.06982234 1.63486729 0.01678624
v 0.11931992 1.62320878 0.06366294
v 0.20172164 1.62089561 0.05601869
v 0.23697500 1.60942841 0.03333834
v 0.24620739 1.60302147 0.00597002
v 0.27026923 1.59328223 -0.03050763
v 0.16017899 1.61504908 -0.09707130
v 0.15141640 1.61399221 -0.10405447
v 0.07859034 1.62471933 0.03119159
v 0.12413825 1.62356162 0.07858585
v 0.12756170 1.62851645 0.07607564
v 0.23678862 1.58885571 -0.06408028
v 0.22172188 1.60850284 -0.08286007
v 0.12611460 1.62562991 -0.09366731
v 0.03651393 1.64587671 -0.04779981
v 0.04179338 1.63760070 -0.01477806
v 0.13402340 1.62867880 0.06521222
v 0.27956623 1.59632013 -0.01198963
v 0.27818485 1.59302701 -0.02342718
v 0.26508909 1.60928377 -0.02636395
v 0.24125861 1.60701259 -0.05996588
v 0.13541232 1.62619440 -0.10952863
v 0.03932159 1.64602980 -0.02165853
v 0.06902338 1.64907838 0.01752315
v 0.09994162 1.63055914 0.05329455
v 0.11973031 1.62655325 0.07625348
v 0.21866383 1.61163859 0.04916161
v 0.26803188 1.60447562 -0.00482402
v 0.24796556 1.60730564 -0.04123947
v 0.23265712 1.61223296 -0.07580191
v 0.22725006 1.60287547 -0.07825481
v 0.10125782 1.63423490 -0.08253305
v 0.07821479 1.63960768 -0.05963613
v 0.03414966 1.65397256 -0.03974742
v 0.03806542 1.65606065 -0.02142890
v 0.13237136 1.62384068 -0.10960871
v 0.03482050 1.65296039 -0.04573111
v 0.05324249 1.65533533 -0.00893008
v 0.11050759 1.63889102 0.05959970
v 0.26846534 1.61419336 -0.00717499
v 0.06169029 1.64988669 -0.00356972
v 0.12378642 1.63834816 0.07620405
v 0.25385590 1.61282453 -0.00096167
v 0.14250444 1.62555808 -0.09744639
v 0.12785439 1.63904838 -0.10939090
v 0.08721734 1.64213099 -0.07074428
v 0.04679833 1.64993394 -0.05064258
v 0.06543244 1.65074911 0.00354165
v 0.16559901 1.62518084 -0.09636364
v 0.14120228 1.63339971 -0.09732942
v 0.09931703 1.64234839 0.05312297
v 0.14908065 1.63427758 0.06441294
v 0.27262663 1.61100148 -0.01757479
v 0.23666726 1.61336746 -0.07013435
v 0.13767813 1.63805951 -0.10644118
v 0.12616707 1.63682896 -0.09835156
v 0.05941537 1.65172897 -0.06621207
v 0.05284833 1.65344506 -0.05963048
v 0.25467718 1.61483791 -0.03233775
v 0.24343350 1.61757761 -0.04980988
v 0.20833984 1.61165196 -0.08861339
v 0.10430905 1.64400450 -0.08586465
v 0.08128303 1.64807825 0.03719140
v 0.13791298 1.64245410 0.06944280
v 0.21459633 1.63030905 0.05073735
v 0.22861232 1.63243737 0.03738624
v 0.09503015 1.65871680 -0.07746149
v 0.07615625 1.65178613 -0.06286550
v 0.05390081 1.66113225 -0.05571727
v 0.16895216 1.62351798 0.06345899
v 0.18852897 1.64033107 0.06020988
v 0.23786462 1.61954020 0.02800406
v 0.24188530 1.63083444 0.02548014
v 0.24641758 1.62457283 0.00385682
v 0.24757046 1.62577285 -0.03450855
v 0.23867185 1.62285225 -0.06307606
v 0.14747882 1.64257964 -0.09928355
v 0.16211560 1.63633847 -0.09434858
v 0.03793941 1.66220944 -0.04953088
v 0.03395356 1.66365198 -0.03942702
v 0.04070111 1.66328634 -0.02642779
v 0.08286607 1.66174429 0.04350371
v 0.16033777 1.64382215 0.06228481
v 0.26640942 1.62846224 -0.01814507
v 0.21732558 1.63138950 -0.08300906
v 0.03775929 1.67210062 -0.02894493
v 0.06375082 1.66016771 -0.00008331
v 0.18784081 1.62476917 -0.09365728
v 0.12628844 1.64871659 -0.11224019
v 0.06159266 1.66104191 -0.06157873
v 0.05587493 1.66632055 -0.00847292
v 0.23108234 1.63324685 -0.06950546
v 0.15971832 1.64782549 -0.09580511
v 0.12642234 1.65130001 -0.09415349
v 0.07853441 1.65919891 -0.06026187
v 0.03390008 1.67200065 -0.04140310
v 0.14496597 1.65011811 0.06997388
v 0.21606726 1.63991538 0.05025197
v 0.23927534 1.63787394 0.02979725
v 0.05389062 1.67210917 -0.00896931
v 0.07276375 1.66572212 0.03328644
v 0.12529567 1.65381269 0.07408223
v 0.26208153 1.63355085 -0.00938065
v 0.25294027 1.63161045 -0.02602972
v 0.24594150 1.63911758 -0.03177952
v 0.19721517 1.64970711 -0.08748942
v 0.11035380 1.65143981 -0.08874386
v 0.05072733 1.66740561 -0.04727852
v 0.12899915 1.66180905 0.06635195
v 0.23124967 1.64661943 0.04482969
v 0.24365580 1.63964087 0.02199639
v 0.24537282 1.63297237 -0.05129103
v 0.17150181 1.64643304 -0.09119400
v 0.14201644 1.64941299 -0.10208975
v 0.13690556 1.65866081 -0.11213226
v 0.12948058 1.65435397 -0.10875542
v 0.08424425 1.66699855 -0.06765594
v 0.06722487 1.67088012 -0.06557004
v 0.05187236 1.67364213 -0.04864829
v 0.14730198 1.65623065 0.06717067
v 0.20736741 1.64138867 -0.08570716
v 0.14569295 1.65773082 -0.10655282
v 0.06057380 1.66826868 -0.06189876
v 0.04514889 1.67488670 -0.01952533
v 0.06593277 1.67369454 0.00411034
v 0.19018057 1.65869447 0.05958362
v 0.24573321 1.63809501 0.00143021
v 0.26034445 1.63919863 -0.00556450
v 0.25846655 1.64053180 -0.02340481
v 0.11883368 1.66758969 -0.09035776
v 0.03771330 1.67577441 -0.04792530
v 0.09407103 1.65822802 0.05261044
v 0.26218254 1.63970424 -0.01512411
v 0.24411996 1.63945165 -0.05451465
v 0.23428965 1.64101712 -0.06909480
v 0.22203418 1.64154411 -0.07877468
v 0.13551418 1.66116838 -0.09411766
v 0.06423859 1.68804646 0.00116266
v 0.25211517 1.64804419 0.02944864
v 0.26344189 1.64622922 0.00348604
v 0.25601786 1.64792114 -0.05009035
v 0.06930630 1.67238942 0.02692729
v 0.20846518 1.64796522 0.05474772
v 0.23869153 1.65078463 -0.07226293
v 0.14231963 1.66449436 -0.09449055
v 0.15780592 1.66450189 -0.09384175
v 0.10582958 1.66524878 -0.08588350
v 0.03774854 1.69100402 -0.03165041
v 0.04769242 1.68276898 -0.02240226
v 0.05509345 1.68022317 -0.01169582
v 0.06964040 1.68503359 0.00953780
v 0.10975167 1.66872463 0.05952136
v 0.16343540 1.65920304 0.06321762
v 0.15135139 1.66204717 -0.09669237
v 0.08310023 1.67612670 -0.06637701
v 0.05729565 1.68332849 -0.04065190
v 0.03716074 1.68937366 -0.03520817
v 0.12832930 1.66963348 0.06642994
v 0.25782712 1.64723591 0.01756488
v 0.26386930 1.65006862 -0.03572423
v 0.25313998 1.65006746 -0.06068883
v 0.21782917 1.65804142 -0.08157513
v 0.07090898 1.67813444 -0.06504563
v 0.06525267 1.67685800 -0.06164328
v 0.26714501 1.65200099 -0.00027991
v 0.10925823 1.67980248 -0.08308068
v 0.04312727 1.68834029 -0.03763178
v 0.19464943 1.66446946 -0.08855949
v 0.08508602 1.68463004 -0.06480130
v 0.05557549 1.68871939 -0.02142279
v 0.07334968 1.68682097 0.02710838
v 0.17552889 1.66924338 0.06311965
v 0.20294845 1.66349036 0.05694844
v 0.21725056 1.66173332 0.05158407
v 0.09580762 1.68199681 -0.07421699
v 0.06023930 1.69232448 -0.04088216
v 0.10652785 1.69692405 0.05521983
v 0.24478835 1.65015266 0.03864092
v 0.24935119 1.65451453 -0.06550994
v 0.03765794 1.69690080 -0.03201576
v 0.07840049 1.68141873 0.03835231
v 0.26701257 1.65164151 -0.02551188
v 0.07126970 1.69292862 -0.06094397
v 0.04133513 1.69562448 -0.03758298
v 0.26741770 1.66058598 0.00197337
v 0.22829279 1.66238136 -0.07655824
v 0.05041361 1.70168334 -0.03540002
v 0.05879671 1.69534062 -0.01710286
v 0.14396670 1.66850992 0.06783463
v 0.26811293 1.66208430 -0.02950992
v 0.24092394 1.66610476 -0.06742404
v 0.15995354 1.67489436 -0.09369036
v 0.13212083 1.67603844 -0.09315851
v 0.25621086 1.67528410 0.01865285
v 0.08758040 1.69579958 -0.06073261
v 0.07022130 1.69882543 -0.06083776
v 0.06235831 1.69759750 -0.04058878
v 0.04189136 1.70337266 -0.02509931
v 0.06930624 1.70457578 0.00079048
v 0.07451477 1.69957847 0.01069766
v 0.26473125 1.65996532 0.01101999
v 0.26461876 1.65998646 -0.03959591
v 0.25974734 1.66516955 -0.04682228
v 0.07120644 1.70365527 -0.06083833
v 0.08050216 1.70021006 0.03191164
v 0.12918102 1.69647370 0.06485473
v 0.19950970 1.67729723 0.05914724
v 0.22978160 1.66175008 0.04411852
v 0.20568785 1.68497674 -0.08739878
v 0.07608912 1.70606868 -0.06550665
v 0.04722593 1.71075876 -0.02922987
v 0.14353390 1.70048890 0.06736205
v 0.12496366 1.70047008 -0.08536889
v 0.09449747 1.70144187 -0.06506500
v 0.06639335 1.71069377 -0.05504130
v 0.04294110 1.71190998 -0.02344494
v 0.05814297 1.70612077 -0.01765274
v 0.09208896 1.70033569 0.04438953
v 0.20908664 1.68135256 0.05539810
v 0.24383055 1.66811203 0.03138113
v 0.26505670 1.67652529 -0.02418536
v 0.11186858 1.70205816 -0.07795304
v 0.05991553 1.70502330 -0.03944994
v 0.06908324 1.71192033 0.00059205
v 0.08258354 1.71332417 0.01363898
v 0.17601031 1.68450367 0.06522350
v 0.22417850 1.68501785 0.04472260
v 0.26038524 1.67588709 -0.04360665
v 0.25141962 1.67140248 -0.05586774
v 0.06167053 1.71167361 -0.02042274
v 0.19989232 1.69783762 0.05704139
v 0.05501796 1.71812888 -0.03644541
v 0.07634267 1.71948351 0.00316792
v 0.26162219 1.67589942 0.00670725
v 0.26471149 1.67422486 -0.00375391
v 0.22124320 1.68746273 -0.07997951
v 0.19029431 1.68516070 -0.09155340
v 0.15397517 1.69290113 -0.09465394
v 0.14193569 1.70054343 -0.09171148
v 0.08091883 1.71626474 -0.06148777
v 0.06076695 1.72149660 -0.02072428
v 0.24365997 1.69026252 -0.06314179
v 0.10724116 1.72463521 0.04206956
v 0.26167090 1.69346403 -0.00044881
v 0.16697906 1.69469369 -0.09388427
v 0.06602855 1.72242850 -0.04063802
v 0.05340483 1.72626236 -0.03405301
v 0.04762652 1.71941077 -0.02568661
v 0.22566876 1.69976952 0.04017705
v 0.25818124 1.69115324 0.01205108
v 0.13620901 1.71843872 -0.08373704
v 0.09981370 1.71502483 -0.06094401
v 0.06547042 1.71729649 -0.04795220
v 0.10985187 1.70990660 0.05275657
v 0.20291578 1.70969996 0.05033097
v 0.24161576 1.69005636 0.03214314
v 0.25246210 1.68857174 -0.05464350
v 0.07322848 1.72162500 -0.00615992
v 0.08865595 1.71506110 0.02659462
v 0.12751022 1.71441665 0.05934070
v 0.26299467 1.69379236 -0.02332470
v 0.15350513 1.71972812 -0.08797810
v 0.07624002 1.72549725 -0.05977129
v 0.06407272 1.72932543 -0.04427848
v 0.05420922 1.72952437 -0.02968272
v 0.08819927 1.72298493 0.01278998
v 0.10042585 1.73506166 0.02458974
v 0.15376358 1.71601515 0.06151974
v 0.18661906 1.70073322 0.06200733
v 0.26248643 1.69381129 -0.01059249
v 0.26253757 1.68858141 -0.03565645
v 0.25919002 1.69414451 -0.04334986
v 0.20733063 1.69914404 -0.08539378
v 0.06938111 1.72777082 -0.01028624
v 0.10055481 1.72610951 0.03471185
v 0.22878981 1.70222402 -0.06964539
v 0.09383416 1.71931444 -0.05838205
v 0.09625815 1.73463570 0.01087983
v 0.16928829 1.70681134 0.06401837
v 0.25333109 1.69138366 0.02044166
v 0.20351855 1.70954417 -0.08277795
v 0.16429387 1.71237588 -0.09118730
v 0.11642363 1.72104973 -0.07258485
v 0.07282789 1.73766429 -0.01410361
v 0.08244246 1.73275521 0.00446864
v 0.13862519 1.72387904 0.05813521
v 0.24316997 1.69848749 0.02844407
v 0.24444246 1.71243872 0.01739161
v 0.25534015 1.70137527 0.00963211
v 0.25562494 1.71237223 -0.02412031
v 0.18581783 1.71537019 0.05568906
v 0.22213076 1.71169714 0.03820587
v 0.12705035 1.72460296 -0.07588438
v 0.07064061 1.72925879 -0.05200321
v 0.05907659 1.73643360 -0.03422781
v 0.12714293 1.73356166 0.04915213
v 0.10384032 1.72847368 -0.05338784
v 0.17771338 1.71444371 -0.08914941
v 0.10895346 1.73715540 -0.05242084
v 0.06226729 1.73911415 -0.02278224
v 0.07581725 1.74396678 -0.00132980
v 0.25722125 1.70801546 -0.01565938
v 0.25141742 1.70177833 -0.05106501
v 0.11584050 1.72899442 -0.06573934
v 0.08883469 1.73497502 -0.05535705
v 0.09066250 1.74414886 -0.05129836
v 0.07323162 1.73683949 -0.03491380
v 0.06809545 1.74122489 -0.02830282
v 0.25133657 1.71323704 0.00205657
v 0.24291966 1.70718282 -0.05695032
v 0.12867657 1.73396074 -0.07307540
v 0.10468136 1.74431264 0.01848414
v 0.10967276 1.73992765 0.03172343
v 0.17247310 1.72970398 0.04913101
v 0.25202683 1.71652627 -0.03202717
v 0.08440835 1.74390505 -0.04610472
v 0.14149400 1.73914496 0.04841277
v 0.15238068 1.72943651 0.05595903
v 0.21885832 1.72247211 0.03303807
v 0.25443381 1.71629024 -0.00015192
v 0.28092366 1.70976180 -0.02635565
v 0.22277474 1.71603542 -0.06652799
v 0.14926422 1.73326501 -0.08007019
v 0.11877373 1.74155569 -0.05878981
v 0.06366256 1.74623231 -0.01444672
v 0.16582059 1.72946134 -0.08324843
v 0.08825149 1.74545199 0.00863556
v 0.09993820 1.74554388 0.01319860
v 0.23624903 1.71462615 0.02554900
v 0.28250744 1.71697973 -0.03172045
v 0.23589395 1.71776768 -0.05494424
v 0.09755932 1.74687209 -0.05261478
v 0.07321130 1.74820108 -0.03033913
v 0.12221976 1.74572618 0.03732838
v 0.15663276 1.73855886 0.04755386
v 0.27287134 1.71641293 0.00459154
v 0.26262995 1.71643369 -0.03183182
v 0.19095947 1.72322577 -0.07901556
v 0.06685221 1.75429618 -0.00699289
v 0.07450910 1.75061696 0.00241083
v 0.24476556 1.72224298 0.00470228
v 0.20599758 1.72654263 -0.06769682
v 0.12447331 1.74711250 -0.05798943
v 0.07781854 1.75842705 -0.00268190
v 0.22861012 1.73039351 0.01711328
v 0.24475902 1.72427160 -0.03549864
v 0.24170341 1.72269020 -0.04378592
v 0.22706367 1.72960754 -0.04973465
v 0.18528359 1.73536885 -0.06817545
v 0.15958050 1.74308785 -0.07195761
v 0.14420436 1.74422312 -0.06950849
v 0.08996454 1.75467329 -0.04365927
v 0.20151751 1.73073160 0.03655115
v 0.23810617 1.73109633 0.00265896
v 0.28263550 1.72122661 -0.00543538
v 0.28091265 1.71955815 -0.02186623
v 0.27937495 1.72225282 0.00277996
v 0.08947667 1.75626320 0.00959757
v 0.11366531 1.75236680 0.02075633
v 0.12401401 1.75199292 0.03110213
v 0.15726166 1.74752555 0.03757455
v 0.17325244 1.74235197 0.03847443
v 0.25734261 1.72616118 0.00839833
v 0.25362290 1.72564634 -0.03367315
v 0.23919943 1.73185120 -0.03249691
v 0.17289397 1.73821786 -0.07536281
v 0.11359161 1.74983165 -0.05343687
v 0.09299844 1.76153185 -0.00289868
v 0.09781061 1.76229470 0.00347734
v 0.18706533 1.74437345 0.02991897
v 0.25228562 1.73187736 0.00812367
v 0.25685484 1.73527162 -0.02839804
v 0.19856995 1.73913816 -0.05854281
v 0.10219505 1.75604547 -0.04959507
v 0.07792270 1.75827736 -0.02197008
v 0.11758202 1.75918399 0.01160345
v 0.17235497 1.75150087 0.03009287
v 0.21512582 1.73527690 0.02366670
v 0.21530209 1.74279628 0.01277311
v 0.08164630 1.76088050 -0.01160804
v 0.24732156 1.73466890 -0.03142645
v 0.20075685 1.74801713 0.01499692
v 0.27969244 1.72848301 -0.00193942
v 0.27709104 1.72907951 -0.02529299
v 0.13532938 1.75399520 -0.05454604
v 0.09359559 1.77360300 -0.00928085
v 0.10497189 1.75366500 0.01289971
v 0.14237889 1.75646604 0.02708253
v 0.23052164 1.73625475 -0.03507384
v 0.21225125 1.74653561 -0.04211894
v 0.20933429 1.74196172 -0.04820429
v 0.13529382 1.76245627 0.01293504
v 0.25117747 1.73981265 0.00851839
v 0.26682495 1.73125698 -0.00065840
v 0.25841632 1.74068528 0.00082962
v 0.17085237 1.75219509 -0.05662735
v 0.08253212 1.76154406 -0.03243074
v 0.08509085 1.76994929 -0.01652799
v 0.24376013 1.73857132 -0.03810129
v 0.18331958 1.74419027 -0.06282466
v 0.12204789 1.76206657 -0.05056678
v 0.08772035 1.76137109 -0.04288161
v 0.09112885 1.77379971 -0.03144242
v 0.10821954 1.77097507 0.00291887
v 0.15038954 1.76247880 0.01251771
v 0.28253099 1.73197631 -0.01149000
v 0.27396153 1.74024000 -0.01942813
v 0.25994893 1.74732870 -0.02320304
v 0.24850819 1.74407288 -0.03669490
v 0.18253867 1.75614827 -0.04498137
v 0.14710626 1.75781128 -0.05164704
v 0.12700258 1.76983822 -0.04698772
v 0.16270578 1.75832535 -0.04867999
v 0.11340616 1.76814203 -0.04504597
v 0.12493779 1.76899508 0.00443829
v 0.22912467 1.74461924 -0.03845650
v 0.19683016 1.75295518 -0.04233550
v 0.11245504 1.77645104 -0.00941453
v 0.14219910 1.77065395 0.00269360
v 0.17908029 1.75762147 0.01495238
v 0.23750961 1.75058008 0.00646393
v 0.24227741 1.75141726 -0.03251455
v 0.17140145 1.76698761 0.00731057
v 0.25016889 1.75596645 0.00636207
v 0.22069435 1.75330628 -0.03625945
v 0.10520352 1.78185702 -0.01965272
v 0.20969786 1.75680757 0.00566739
v 0.27542026 1.73907327 -0.00281977
v 0.23434465 1.75597805 -0.03035025
v 0.19719694 1.76010411 -0.03867735
v 0.14359202 1.76717807 -0.04431849
v 0.26184311 1.75115183 -0.00088689
v 0.26764365 1.75001697 -0.01872484
v 0.26279272 1.75614093 -0.02257876
v 0.13584781 1.77639617 -0.03496260
v 0.11990561 1.77633327 -0.04297280
v 0.09819131 1.78046378 -0.02645590
v 0.13029816 1.77423243 -0.00624777
v 0.15337502 1.77201404 0.00293223
v 0.19803460 1.76937081 0.00653730
v 0.22771697 1.75769411 0.00079572
v 0.23946783 1.75935631 0.00630556
v 0.26858764 1.75072821 -0.01194253
v 0.15577557 1.77391372 -0.03384820
v 0.11654552 1.78469439 -0.03768390
v 0.10379953 1.77990168 -0.03253407
v 0.20897765 1.76580978 -0.00137257
v 0.24751366 1.75802550 -0.02999633
v 0.21704642 1.76144012 -0.02565777
v 0.19768775 1.76419966 -0.03548090
v 0.16749167 1.76461639 -0.04292222
v 0.16890435 1.77666972 -0.02747224
v 0.19884575 1.77446949 0.00213914
v 0.23273529 1.76248957 -0.02989499
v 0.12022042 1.78328917 -0.01490452
v 0.17191747 1.77339094 -0.00245814
v 0.23222960 1.76546811 -0.00119739
v 0.24983208 1.76087215 -0.00137177
v 0.24531110 1.76746251 -0.02839950
v 0.15037240 1.78261390 -0.02547968
v 0.17919493 1.77895116 -0.02572325
v 0.13237244 1.78381726 -0.00957615
v 0.21227109 1.77346595 -0.00284318
v 0.25393974 1.76684565 -0.01212366
v 0.22633752 1.76558759 -0.03558054
v 0.20982446 1.77091864 -0.03791823
v 0.19985227 1.77303718 -0.03551110
v 0.19022789 1.77123336 -0.02794228
v 0.11481349 1.78774577 -0.02742728
v 0.14316364 1.78058401 -0.00554966
v 0.15242315 1.77904237 -0.00454689
v 0.17185929 1.77999163 -0.00276100
v 0.19105608 1.77963015 -0.00079947
v 0.22009207 1.77454283 -0.03306475
v 0.13262771 1.79141781 -0.01560086
v 0.24678252 1.76626743 -0.00383581
v 0.25945380 1.76268577 -0.01825051
v 0.23199119 1.77541216 -0.02482755
v 0.14115951 1.78844044 -0.02672142
v 0.21770008 1.77743678 -0.00754309
v 0.12748492 1.79192805 -0.03712350
v 0.15986492 1.78653311 -0.00444950
v 0.14302053 1.79415947 -0.02904468
v 0.14504380 1.79197985 -0.01357483
v 0.21478444 1.78308497 -0.02467510
v 0.16764293 1.78721829 -0.02282647
v 0.13161111 1.79750006 -0.02313754
v 0.20401547 1.78868370 -0.00768140
v 0.21515424 1.78298271 -0.01004002
v 0.23878010 1.77925916 -0.01936958
v 0.23554151 1.78252335 -0.02361640
v 0.19521160 1.78184437 -0.03150925
v 0.18234501 1.78873904 -0.02741731
v 0.22950716 1.78267389 -0.01607110
v 0.13737093 1.80046574 -0.01146927
v 0.18777006 1.79120944 -0.00415611
v 0.21677299 1.78569005 -0.01854664
v 0.16862414 1.79450615 -0.02339487
v 0.13924312 1.79725651 -0.02809576
v 0.18885243 1.79464902 -0.01483105
v 0.18348525 1.79765567 -0.02116435
v 0.15159129 1.80204562 -0.01876653
v 0.16096545 1.79925276 -0.01856886
v 0.09767460 1.52733279 -0.11708140
v -0.13146288 0.94927437 0.31763050
v -0.13506672 0.61988211 -0.27646562
v 0.17007179 1.45363918 -0.08693109
v 0.05333608 1.58466626 -0.05150297
v 0.08643945 1.47361129 -0.24591831
v -0.10874885 0.89593866 -0.25451859
v -0.12471881 0.05434384 -0.23611931
v -0.11365116 0.16430608 -0.15443498
v -0.08649192 0.24118653 -0.18135266
v -0.21451010 0.09627097 -0.23973969
v -0.18091639 0.97463458 0.17137060
v -0.11924489 1.35135469 0.13896365
v -0.12035385 1.32331755 0.13702199
v -0.10337667 0.71209160 0.19484767
v -0.07987323 0.28079270 -0.16747559
v -0.13068301 0.05690278 -0.22464262
v 0.00272790 1.14406921 -0.17118291
v -0.09220603 0.11870162 -0.19706093
v -0.22382599 0.15327485 -0.25364141
v -0.21969691 0.12553779 -0.29540124
v -0.02533563 1.26613345 -0.21134920
v -0.13753899 0.87050414 -0.26262873
v -0.02177931 0.54380585 0.18999534
v -0.20125242 0.08813155 -0.22761582
v -0.11662597 1.25308987 0.10089846
v 0.14647722 1.58734626 0.06024509
v 0.00469860 1.48505299 0.16669831
v -0.04415453 1.35705765 -0.20775955
v -0.07398909 0.07093187 -0.25041660
v 0.01188512 0.93509792 -0.15785305
v 0.11974917 1.63956931 -0.09336961
v -0.13245001 0.88221170 0.19853633
v -0.02275706 0.52981009 0.19556450
v -0.13651175 0.48263735 -0.29331626
v -0.05116738 1.31352094 -0.17311970
v -0.24675863 1.10702835 -0.13001180
v -0.23724154 1.11251564 -0.15703117
v -0.10893627 0.12985820 0.19453501
v -0.16798875 0.90571134 -0.23779545
v 0.08932554 1.51170144 -0.17754056
v 0.01767002 0.93152998 0.05994697
v -0.10999881 0.87711835 -0.25899252
v -0.16342670 0.12680867 0.13399917
v -0.18883056 0.13050295 0.13274569
v -0.02947751 1.27656326 -0.21091979
v -0.02827171 1.29199763 -0.21554909
v -0.21013596 0.11654462 0.19884817
v -0.23567658 0.12121967 0.22107783
v -0.13611347 1.35818575 0.09483717
v -0.20369948 1.04461664 -0.22461402
v -0.14827092 0.11663519 -0.21805993
v -0.02337396 1.26374243 0.18792447
v 0.03044587 1.21935306 -0.17521403
v 0.08861042 1.70132633 -0.06256980
v -0.25984900 1.08628428 -0.07077279
v -0.26443460 1.09623589 -0.08453834
v -0.27124218 1.09289993 -0.05519802
v 0.07743514 1.61242136 -0.05853679
v -0.21465844 0.69921099 -0.23082796
v -0.19657855 0.70251470 -0.22930612
v -0.03342637 1.33134445 -0.21964636
v -0.09795884 0.10008217 0.23725174
v -0.08269484 0.09990821 0.21967473
v -0.09128833 0.10314965 0.25711404
v -0.08838636 0.09889181 0.21429551
v 0.12608659 1.78305082 -0.03895463
v 0.12233085 1.77931835 -0.04787228
v 0.08539526 1.20827611 -0.12674443
v 0.10447391 1.20124263 -0.12676901
v -0.16447019 1.00277344 0.16755907
v 0.20729108 1.51982773 -0.02718140
v 0.21636436 1.51851472 -0.01509954
v 0.23225186 1.51910398 -0.00918070
v 0.19662316 1.52490655 -0.03810755
v 0.20748650 1.52126258 -0.00226972
v -0.09199921 0.10170149 0.23080856
v 0.05582633 1.64411685 -0.06572581
v 0.05428085 1.63311800 -0.05983202
v 0.07534500 1.62558028 -0.05292255
v 0.06005146 1.62973645 -0.05839819
v 0.07079545 1.63766638 -0.05769683
v -0.23295965 0.13469150 0.17784949
v -0.24020626 0.13263537 0.15834577
v -0.24088426 0.14295293 0.20449537
v 0.27680391 1.71648693 -0.01331785
v 0.25879862 1.71270762 -0.00733514
v 0.25970597 1.71131939 -0.01784774
v 0.26556870 1.71847867 0.00601245
v -0.25011196 1.08451367 0.09855947
v -0.24908018 1.09774219 0.08028372
v 0.15729827 1.43459541 0.01564216
v 0.16719144 1.42062348 0.02753213
v 0.15291595 1.44428769 0.03453286
v 0.16226947 1.42285237 0.01129900
v 0.02428269 1.18288754 -0.18100818
v -0.19054640 0.13976740 -0.19556618
v -0.15759512 0.13297671 -0.18922607
v -0.20903995 0.14094446 -0.21179142
v -0.14640248 0.08928246 0.11511233
v -0.12964877 0.08678056 0.13875694
v -0.16826305 0.09568294 0.11428080
v -0.18127246 0.09477543 0.11784479
v -0.16053815 0.09258170 0.12833749
v -0.13206760 0.08642055 0.14416843
v -0.15321771 0.09048814 0.13878964
v -0.12101219 0.14591482 0.19241793
v -0.10720879 0.13642907 0.20918337
v -0.08994066 0.15152399 0.18761547
v -0.08879981 0.12977840 0.22156657
v -0.08217485 0.13646602 0.21215134
v -0.11279000 0.12159659 -0.21542703
v -0.11611179 0.11699143 -0.23496052
v -0.13314945 0.12617747 -0.17877604
v -0.12804329 0.12276904 -0.19768986
v -0.11108543 0.13321201 -0.17600050
v -0.12119988 0.13186131 -0.17409778
v -0.17462838 0.86721433 -0.24091259
v -0.17708722 0.85249488 -0.24233297
v -0.19517674 0.85576093 -0.24451415
v -0.17519802 0.88883413 -0.24069132
v 0.11540842 1.63909236 0.06581844
v 0.11678865 1.64566611 0.07883445
v 0.11480662 1.65313695 0.06347438
v -0.02167934 0.08300605 -0.30565753
v -0.02140120 0.08389632 -0.31898798
v 0.01034673 0.08353016 -0.30283392
v 0.00233329 0.08582309 -0.31568060
v 0.00842624 0.08706428 -0.32538519
v -0.00207014 0.08047322 -0.28944172
v -0.02931214 0.08173114 -0.34619371
v -0.00257285 0.08667588 -0.33668838
v -0.10763668 0.88250514 0.23425601
v -0.10320495 0.86246311 0.23630266
v -0.11129757 0.86321735 0.24140327
v 0.22170959 1.75078106 0.01159758
v 0.22733616 1.73841189 0.00691682
v 0.18877730 1.75412271 0.01736516
v 0.24081281 1.74320089 0.00851558
v -0.10359759 0.84348075 0.26834806
v -0.10930531 0.84360222 0.26967972
v 0.02915512 0.09211583 0.23818561
v -0.02087394 0.08802351 0.24888296
v -0.00340980 0.09084632 0.26385350
v 0.00481955 0.09119811 0.24237438
v -0.02250101 0.08238121 0.20865840
v -0.01418057 0.08636291 0.22472243
v -0.14087180 0.98793090 -0.24099916
v -0.14415863 1.00938061 -0.24762255
v -0.15305344 0.99474343 -0.24726506
v -0.04681374 0.48236603 0.19000941
v -0.04646527 0.50655682 0.19148188
v -0.05910940 0.49867430 0.18134199
v -0.04969279 0.47156372 0.18556243
v -0.05224279 0.44907847 0.18388341
v 0.02876139 0.93575938 -0.09145667
v 0.01886417 0.93775428 -0.00635967
v 0.02148264 0.93440092 -0.08314685
v 0.01815396 0.93219732 0.04557776
v 0.04739533 0.93505533 -0.07106214
v 0.03564477 0.93764874 -0.03218694
v 0.04271336 0.93803047 -0.00905597
v 0.02763147 0.93607031 0.02126686
v 0.03851898 0.93426301 -0.06053601
v 0.05080194 0.93545129 -0.08172930
v -0.14907519 1.30876737 0.10342334
v -0.12761899 1.28804850 0.10114179
v -0.11864275 1.26522216 0.10188030
v -0.14471121 1.34269243 0.09615214
v -0.14656061 1.31892897 0.10132363
v -0.13437251 1.26297734 0.10620661
v -0.12549588 1.32311984 0.09524451
v -0.14932524 1.28215744 0.10838967
v -0.14715358 1.26863847 0.10972053
v 0.17560026 1.79273086 -0.00661523
v 0.17276301 1.79968256 -0.01647300
v 0.19832799 1.79212001 -0.02156473
v -0.03853219 1.10899047 -0.18860999
v -0.01456269 1.13408802 -0.17890983
v -0.04810687 1.10309352 -0.19028930
v -0.08976290 1.08362119 -0.20246760
v -0.02386142 1.11903582 -0.18278567
v -0.10609968 1.08144658 -0.21071121
v -0.09933079 1.09507085 -0.21795282
v -0.07241591 1.10863287 -0.20342404
v -0.04248275 1.12260805 -0.19119376
v 0.07876385 1.27868724 -0.19333228
v 0.04425685 1.25416299 -0.18606222
v 0.09954634 1.29490483 -0.20016419
v 0.06883782 1.26815621 -0.19182858
v 0.06876571 1.23703784 -0.20446770
v 0.09288727 1.26174515 -0.20982213
v 0.04987114 1.25632185 -0.18771550
v 0.08396055 1.28840771 -0.19089071
v 0.05747668 1.24769260 -0.19516130
v 0.05991218 1.26846752 -0.18743586
v -0.07215467 0.62627966 0.18734086
v -0.07447435 0.57724834 0.17915561
v -0.07384000 0.55912685 0.17955454
v 0.06844716 1.18065331 -0.14095242
v 0.04802042 1.16592342 -0.14900719
v 0.07963894 1.17530291 -0.14122332
v 0.05154334 1.17562475 -0.14307494
v 0.07245031 1.20117021 -0.13034954
v 0.02786185 1.16067865 -0.15574980
v 0.00105655 1.23729847 -0.19051378
v 0.03908065 1.21770240 -0.19570490
v 0.04692258 1.23259261 -0.19744016
v -0.00416483 1.23736656 -0.18877815
v 0.00445687 1.23105725 -0.19313686
v 0.00766473 1.18717702 -0.20915597
v 0.02257172 1.23655102 -0.18950361
v 0.01290135 1.19517437 -0.20464612
v -0.01475543 1.24983321 -0.18996819
v 0.00844208 1.22151665 -0.19823540
v -0.01834141 1.26235723 -0.19508203
v 0.00922526 1.20133255 -0.20112166
v 0.02735478 1.20118020 -0.20102341
v 0.02168373 1.22052564 -0.19063539
v 0.02970940 1.20833272 -0.19667689
v 0.00991638 1.23403330 -0.18833673
v -0.08260464 1.21867873 0.17857633
v -0.13212862 1.23904072 0.16755537
v -0.09894872 1.21814380 0.20246049
v -0.12294393 1.22894810 0.17777218
v -0.06533768 1.21546099 0.22704949
v -0.06622649 1.20955262 0.20950991
v -0.11225694 1.23750088 0.15751614
v -0.08459299 1.22572023 0.21789650
v -0.08448503 1.21381309 0.18582922
v -0.10139429 1.22023740 0.18702955
v -0.15500724 1.25274296 0.17084735
v -0.14184826 1.24667525 0.16733989
v -0.11343475 1.21831621 0.18904105
v -0.11535163 1.20889728 0.19961233
v -0.13734379 1.24447190 0.15785809
v -0.10633702 1.21877053 0.19118846
v -0.12559341 1.23803336 0.16156577
v -0.10585613 1.22679540 0.17319697
v -0.07569990 1.20823088 0.19763135
v -0.07701206 1.21980475 0.21099909
v -0.09037121 1.21702567 0.19005814
v -0.08740208 1.22135209 0.20485937
v -0.19403460 0.02300015 -0.27284500
v -0.11601045 0.03710146 -0.34019711
v -0.04494452 0.03001660 -0.29025091
v -0.22621290 0.01520552 -0.27186109
v -0.20727060 0.02619158 -0.30270643
v 0.03274509 0.04818942 -0.36658263
v 0.03967346 0.04066103 -0.30459833
v -0.02346101 0.03952714 -0.33464175
v 0.01895096 0.03564426 -0.29241407
v 0.04698433 0.04633978 -0.33911250
v -0.06742576 0.02810989 -0.29182637
v -0.07876665 0.03807777 -0.35627843
v 0.05881405 0.05105199 -0.34472661
v -0.20145924 0.01183145 -0.24660332
v 0.05965247 0.04653159 -0.32490342
v -0.07088259 0.03556363 -0.33025738
v 0.00289782 0.03863316 -0.32013344
v -0.08364568 0.02479730 -0.28652251
v -0.13850834 0.03778278 -0.31286647
v -0.14717415 0.01556834 -0.25743707
v -0.06393145 0.03974247 -0.37133102
v -0.08928778 0.03969332 -0.36057405
v -0.18549831 0.01924776 -0.26210085
v -0.16564844 0.01845308 -0.25770874
v -0.01950237 0.03130312 -0.28488043
v 0.05351797 0.04405388 -0.31645847
v -0.02665263 0.04479781 -0.36530994
v -0.10768499 0.02208177 -0.28018179
v -0.21374812 0.01410528 -0.25740386
v 0.02797892 0.04342895 -0.34065466
v -0.19357512 0.02899108 -0.29101673
v -0.16913243 0.03026315 -0.28461533
v 0.03263590 0.03961654 -0.31361970
v -0.07482045 0.04056554 -0.36743728
v -0.03793678 0.03547299 -0.31630361
v -0.13784422 0.03647415 -0.32616028
v -0.07497347 0.03132131 -0.30884458
v 0.00275790 0.03263159 -0.28570260
v -0.09872758 0.03605193 -0.33731158
v -0.01712879 0.03523464 -0.30516493
v -0.11135364 0.02260195 -0.28364316
v 0.01794635 0.04668589 -0.36511009
v -0.02817244 0.04494515 -0.37680142
v 0.02467672 0.03813084 -0.30301052
v 0.03998155 1.54334813 0.00829540
v 0.06543573 1.53985537 -0.10204400
v 0.05109297 1.54291074 -0.07629640
v 0.02521873 1.54588671 0.02028798
v 0.08190654 1.53638365 -0.09829212
v 0.07321063 1.54352325 -0.12733535
v 0.04108382 1.54314868 -0.09680055
v 0.03660430 1.54602520 0.04036576
v 0.07015549 1.53538472 0.06232902
v 0.09043465 1.53045221 -0.10825712
v 0.06945026 1.54084166 -0.09080301
v 0.05777174 1.54279814 0.02936334
v 0.05287093 1.54272061 0.05481413
v 0.06947782 1.53957617 -0.11064789
v 0.05760100 1.54168631 -0.09077299
v 0.01991972 1.54350862 -0.00304389
v 0.27499536 1.72761619 -0.03354686
v 0.16252176 1.79805429 -0.02358908
v -0.07518191 0.03541075 0.26674894
v -0.03844979 0.03394666 0.22154241
v -0.02357382 0.04108134 0.29328662
v 0.00755034 0.03802437 0.27039061
v -0.03324823 0.02969413 0.19718891
v 0.03080974 0.05013470 0.29078961
v -0.19306295 0.00846059 0.16959200
v -0.01227066 0.03452345 0.22675434
v -0.17551754 0.01705824 0.20699723
v -0.17131667 0.01503808 0.18174857
v -0.19540313 0.01482205 0.20908367
v -0.00677420 0.03096411 0.19424945
v -0.13921691 0.02584632 0.23148312
v -0.15652048 0.02143867 0.22658006
v -0.14438824 0.02093766 0.19353762
v -0.17282149 0.01769016 0.22011760
v -0.13415211 0.02589260 0.21304035
v -0.15071526 0.02274652 0.20698678
v -0.17883676 0.01589552 0.19138357
v -0.10456995 0.03416408 0.25623485
v -0.03702447 0.03961189 0.29133860
v -0.10215823 0.02372981 0.19182217
v 0.04925088 0.04695082 0.23689155
v -0.10920619 0.02759615 0.20626526
v 0.03998418 0.04305918 0.21914525
v -0.06156714 0.02661682 0.19713340
v -0.20642348 0.00277621 0.15810434
v -0.14225663 0.01208293 0.16520719
v -0.16011219 0.01330163 0.17478423
v -0.13359859 0.01786122 0.17433630
v -0.05181309 0.03797437 0.28034997
v -0.18343291 0.01653075 0.21892715
v -0.09837767 0.03138754 0.23358021
v -0.07948681 0.02314597 0.19077274
v -0.08811814 0.03043000 0.21933069
v -0.09111567 0.03310331 0.25397623
v -0.09530443 0.02163183 0.18496221
v -0.20555586 0.01265284 0.20320758
v 0.00514977 0.04427032 0.29240706
v -0.11965808 0.02732547 0.23067222
v -0.05454251 0.03434545 0.23482229
v -0.16182390 0.00743949 0.16009376
v 0.06130597 0.05160437 0.24176549
v -0.12001984 0.02195574 0.18116155
v -0.21611067 0.00860477 0.18987375
v 0.01455720 0.03716351 0.21902510
v 0.04524455 0.04808162 0.26644999
v -0.03552238 0.03788299 0.26857882
v 0.02693273 0.04104901 0.26546896
v 0.05436419 0.05786464 0.27920184
v -0.11478424 0.68360129 -0.03434384
v -0.14280265 0.68026738 -0.03275303
v -0.12526013 0.68261734 -0.03040662
v -0.09320133 0.68944191 -0.02935972
v -0.06828592 0.69712189 -0.02840704
v -0.12396021 0.67629467 -0.02102237
v -0.11549269 0.64664641 0.00549062
v -0.09861208 0.66695911 -0.00097756
v -0.10636225 0.66833132 -0.00720172
v -0.08233663 0.68899317 -0.01480096
v -0.09315993 0.67845200 -0.01086696
v -0.07599395 0.69416989 -0.02485404
v -0.13469770 0.67946396 -0.02686874
v -0.10399828 0.65928582 0.00153501
v -0.12315253 0.65807969 -0.00607689
v -0.11248747 0.68405922 -0.02546866
v -0.09476550 0.68776677 -0.02456096
v -0.11268628 0.63523770 0.01178752
v -0.09030876 0.68405149 -0.03819757
v -0.10551000 0.65582131 -0.05390489
v -0.08792361 0.60254213 -0.07382631
v -0.13857821 0.67929109 -0.04082843
v -0.09792646 0.62811066 -0.06760713
v -0.13049011 0.66137344 -0.05706854
v -0.08328817 0.62353497 -0.07135290
v -0.11838073 0.65664414 -0.05463597
v -0.07333615 0.64927922 -0.06199274
v -0.06887280 0.66281662 -0.05489340
v -0.10192221 0.61500857 -0.07031453
v -0.12212740 0.67916016 -0.03949077
v -0.08769246 0.65409018 -0.05633742
v -0.07930242 1.23145934 0.17141289
v -0.07176118 1.22988966 0.17955485
v -0.10962475 1.24426551 0.15594586
v -0.10436823 1.22886832 0.16118269
v -0.09630372 1.22684306 0.16498142
v -0.06292067 1.23645640 0.16751893
v -0.09720019 1.24847563 0.15012345
v -0.08173367 1.25926671 0.13525218
v -0.11389681 1.30435852 0.12568595
v -0.09238907 1.25740658 0.14441744
v -0.10485603 1.26409297 0.14128019
v -0.07013881 1.23433777 0.16804198
v -0.07080088 1.24591607 0.15458432
v -0.07942697 1.25394558 0.14148521
v -0.08855594 1.25969452 0.14117407
v -0.09745665 1.24172716 0.15588696
v -0.10267044 1.29654408 0.12473211
v -0.09481986 1.27720806 0.13067262
v -0.10289200 1.27622540 0.13433551
v -0.08497380 1.24527721 0.15637007
v -0.02689272 1.20166158 -0.26615691
v 0.00017264 1.16424217 -0.25606714
v 0.00999743 1.18919624 -0.22665076
v -0.03789829 1.22191147 -0.24949011
v 0.03642706 1.17065146 -0.26247454
v 0.05190016 1.17549738 -0.26358546
v 0.02207741 1.17301733 -0.25169122
v -0.01286353 1.19860355 -0.23364456
v -0.02904293 1.20990006 -0.24501524
v 0.00411831 1.17776802 -0.24670759
v 0.00382240 1.19355849 -0.22021933
v -0.01285923 1.19186224 -0.21711337
v 0.02630355 1.17919075 -0.23898814
v -0.01321584 1.17726311 -0.26005753
v -0.00057734 1.18806605 -0.23525734
v -0.01854229 1.20106839 -0.22471532
v -0.02458570 1.20520091 -0.24857004
v -0.00405755 1.17590501 -0.25105982
v -0.01162574 1.20428484 -0.21475751
v -0.01063552 1.19166016 -0.24124547
v 0.01022087 1.18043746 -0.23849837
v 0.03955758 1.17660310 -0.24483176
v 0.04674295 0.89306892 -0.28678184
v 0.04827346 0.82271190 -0.25432977
v 0.05586180 0.79268772 -0.25079982
v 0.04356068 0.87420162 -0.26910644
v 0.04757955 0.77554753 -0.32030156
v 0.07159601 0.77003748 -0.28717601
v 0.04415022 0.77568495 -0.33791443
v 0.04666437 0.79962366 -0.25202728
v 0.04540803 0.77439809 -0.27783241
v 0.03467104 0.78058379 -0.32237267
v 0.06013773 0.84987948 -0.25920348
v 0.05097363 0.77692551 -0.28640225
v 0.04158623 0.87643911 -0.27237682
v 0.05863498 0.83090658 -0.25067524
v 0.04850897 0.78318753 -0.25973720
v 0.04985509 0.84915858 -0.25954562
v 0.05623248 0.76858897 -0.31730399
v 0.03026004 0.79005104 -0.32013982
f 9 9893 9877
f 9877 9875 9
f 9864 89 88
f 89 9867 10
f 31 2 32
f 58 32 2
f 2 18 58
f 18 3 19
f 59 19 3
f 3 9817 59
f 65 59 9817
f 9817 9810 65
f 9824 9837 66
f 20 66 9837
f 9837 9808 20
f 61 20 9808
f 9806 34 61
f 9806 9825 35
f 35 9814 107
f 54 107 9814
f 9812 54 9814
f 116 11 9904
f 12 116 9904
f 12 9886 38
f 9886 4 38
f 39 4 9873
f 13 39 9873
f 15 14 9895
f 9895 9898 15
f 40 15 9898
f 9889 9903 42
f 9903 5 42
f 16 42 5
f 56 68 9805
f 9805 6 56
f 7 9842 21
f 9842 8 21
f 9833 8 9820
f 27 23 9835
f 9835 24 27
f 28 27 24
f 9893 9 72
f 50 9 9875
f 9862 9892 51
f 36 51 9892
f 9882 9864 37
f 88 37 9864
f 89 10 135
f 52 10 9911
f 53 52 9911
f 45 38 4
f 4 39 45
f 69 13 14
f 14 15 69
f 131 46 9889
f 42 131 9889
f 9888 70 16
f 9888 17 47
f 59 65 79
f 66 94 9824
f 9806 35 34
f 55 54 9812
f 56 95 68
f 62 82 8
f 8 9833 62
f 92 9821 22
f 22 9801 92
f 74 92 9801
f 9801 23 74
f 27 74 23
f 28 24 63
f 24 9804 63
f 29 63 9804
f 9804 25 29
f 25 26 76
f 77 76 26
f 26 9803 77
f 83 77 9803
f 9833 9821 62
f 92 62 9821
f 27 28 119
f 30 9813 57
f 78 57 9813
f 9813 31 78
f 31 32 78
f 104 78 32
f 18 19 64
f 20 61 60
f 60 61 34
f 55 68 108
f 36 9882 37
f 88 87 37
f 52 90 10
f 11 114 53
f 12 38 110
f 45 142 38
f 69 15 80
f 40 80 15
f 42 16 81
f 17 9906 48
f 71 43 9893
f 50 72 9
f 50 1 9881
f 45 39 129
f 13 69 143
f 41 46 131
f 131 42 97
f 98 70 9888
f 9888 47 98
f 150 49 43
f 72 71 9893
f 133 86 50
f 9881 133 50
f 36 100 51
f 10 90 135
f 52 53 101
f 53 114 101
f 11 116 115
f 116 12 110
f 35 107 126
f 107 54 127
f 54 55 108
f 109 108 68
f 56 6 128
f 7 73 6
f 21 8 102
f 8 82 102
f 75 74 27
f 119 75 27
f 32 58 104
f 139 104 58
f 58 18 139
f 64 139 18
f 122 19 59
f 79 122 59
f 33 94 123
f 105 94 66
f 20 149 66
f 20 60 67
f 91 73 7
f 7 21 91
f 102 91 21
f 92 82 62
f 28 63 103
f 120 103 63
f 25 137 29
f 25 76 198
f 77 83 185
f 57 159 30
f 139 64 93
f 64 19 122
f 65 33 123
f 149 105 66
f 35 106 34
f 35 126 106
f 127 140 107
f 108 127 54
f 95 109 68
f 128 6 73
f 129 142 45
f 39 13 143
f 80 96 69
f 40 41 85
f 131 85 41
f 47 17 176
f 43 71 150
f 112 71 72
f 72 50 86
f 9881 51 100
f 115 114 11
f 75 147 74
f 119 28 103
f 63 29 120
f 137 25 198
f 76 77 184
f 84 93 64
f 122 84 64
f 123 79 65
f 67 149 20
f 106 60 34
f 169 110 38
f 142 169 38
f 143 129 39
f 96 143 69
f 85 80 40
f 81 97 42
f 164 48 49
f 49 150 132
f 100 36 113
f 90 52 101
f 168 115 116
f 91 136 73
f 82 92 117
f 92 74 118
f 120 29 137
f 77 185 184
f 30 158 83
f 105 124 94
f 106 125 60
f 126 107 215
f 128 95 56
f 16 70 236
f 98 47 99
f 176 99 47
f 146 176 17
f 17 48 146
f 112 151 71
f 72 86 112
f 100 133 9881
f 36 37 152
f 167 88 89
f 135 167 89
f 153 135 90
f 102 136 91
f 102 82 155
f 82 117 155
f 117 92 118
f 147 118 74
f 184 198 76
f 138 159 57
f 57 78 138
f 104 121 78
f 84 122 160
f 123 94 124
f 67 60 125
f 200 140 127
f 174 109 95
f 128 174 95
f 129 143 130
f 236 70 111
f 70 98 111
f 99 111 98
f 132 164 49
f 133 100 134
f 113 134 100
f 116 110 195
f 209 155 117
f 158 185 83
f 139 121 104
f 160 93 84
f 140 215 107
f 108 109 173
f 169 195 110
f 202 143 96
f 96 80 162
f 131 97 145
f 151 150 71
f 133 177 86
f 113 36 178
f 152 178 36
f 207 153 90
f 101 207 90
f 101 114 154
f 154 114 180
f 114 115 180
f 195 168 116
f 102 155 170
f 117 118 209
f 75 119 156
f 157 119 103
f 103 120 157
f 159 158 30
f 121 138 78
f 148 160 122
f 122 79 148
f 105 149 187
f 215 106 126
f 141 127 108
f 73 174 128
f 142 129 161
f 175 161 129
f 129 130 175
f 131 144 85
f 145 97 163
f 97 81 163
f 81 16 236
f 99 176 190
f 146 249 176
f 164 146 48
f 150 221 132
f 112 86 177
f 134 177 133
f 178 165 113
f 166 87 88
f 88 167 166
f 167 135 193
f 153 193 135
f 101 154 208
f 136 102 170
f 119 157 156
f 137 183 120
f 138 121 211
f 93 171 139
f 160 172 93
f 187 124 105
f 173 141 108
f 169 142 161
f 202 130 143
f 162 202 96
f 80 85 162
f 145 144 131
f 151 112 204
f 177 204 112
f 165 134 113
f 208 207 101
f 168 180 115
f 181 136 170
f 170 155 182
f 227 118 147
f 147 75 227
f 157 120 183
f 186 148 79
f 124 186 123
f 187 149 213
f 214 213 149
f 149 67 214
f 199 67 125
f 141 200 127
f 174 173 109
f 216 174 73
f 144 162 85
f 144 145 220
f 236 163 81
f 236 111 189
f 238 221 150
f 150 151 238
f 204 238 151
f 177 134 191
f 192 152 37
f 37 87 192
f 166 223 87
f 167 179 166
f 155 209 182
f 118 227 196
f 75 156 197
f 156 157 197
f 183 197 157
f 159 138 210
f 138 211 210
f 79 123 186
f 187 212 124
f 199 214 67
f 106 199 125
f 201 169 161
f 161 175 217
f 175 130 218
f 188 220 145
f 145 163 188
f 266 189 111
f 111 99 266
f 99 190 266
f 164 132 250
f 221 250 132
f 165 178 206
f 223 192 87
f 167 193 179
f 154 180 194
f 264 180 168
f 182 181 170
f 197 227 75
f 183 137 229
f 230 229 137
f 137 198 230
f 158 159 210
f 121 139 272
f 171 272 139
f 171 93 172
f 172 160 287
f 186 124 231
f 212 231 124
f 232 199 106
f 215 232 106
f 274 173 174
f 174 216 274
f 73 136 216
f 218 217 175
f 203 202 162
f 162 144 203
f 250 146 164
f 191 205 177
f 134 165 191
f 281 206 178
f 178 152 281
f 152 192 222
f 166 179 223
f 193 153 225
f 207 225 153
f 194 208 154
f 195 264 168
f 182 209 240
f 209 118 196
f 270 196 227
f 226 270 227
f 185 255 184
f 211 121 272
f 160 148 287
f 148 186 244
f 187 213 212
f 173 274 233
f 181 216 136
f 217 201 161
f 218 130 234
f 235 234 130
f 202 235 130
f 188 163 290
f 236 290 163
f 249 190 176
f 205 204 177
f 191 165 239
f 165 206 239
f 206 281 253
f 222 281 152
f 223 222 192
f 179 193 224
f 225 224 193
f 254 264 195
f 195 169 254
f 209 196 240
f 197 183 228
f 242 228 183
f 255 230 198
f 198 184 255
f 171 172 322
f 244 287 148
f 199 232 259
f 215 140 246
f 200 141 247
f 141 173 233
f 201 254 169
f 276 235 202
f 202 203 276
f 203 144 219
f 144 220 219
f 250 310 146
f 250 221 237
f 267 238 204
f 277 267 204
f 204 205 277
f 251 205 191
f 223 179 262
f 224 262 179
f 263 225 207
f 207 208 263
f 208 194 263
f 194 180 295
f 275 260 181
f 181 182 275
f 269 275 182
f 182 240 269
f 283 240 196
f 270 283 196
f 227 197 241
f 183 229 242
f 243 271 185
f 185 158 243
f 210 211 256
f 256 211 272
f 172 287 322
f 186 231 257
f 212 245 231
f 213 258 212
f 214 199 259
f 232 215 246
f 140 200 246
f 247 246 200
f 233 247 141
f 216 181 260
f 203 219 276
f 220 188 248
f 290 248 188
f 236 189 291
f 310 249 146
f 267 221 238
f 251 191 252
f 191 239 252
f 239 206 253
f 264 295 180
f 297 270 226
f 241 226 227
f 228 241 197
f 286 242 229
f 229 230 286
f 356 158 210
f 210 256 356
f 257 244 186
f 258 245 212
f 316 274 216
f 216 260 316
f 327 201 217
f 217 218 265
f 218 234 265
f 276 219 309
f 289 309 219
f 219 220 289
f 248 289 220
f 291 290 236
f 343 291 189
f 221 267 331
f 277 205 268
f 251 252 279
f 280 252 239
f 253 280 239
f 222 223 282
f 314 282 223
f 223 262 314
f 224 225 294
f 306 269 240
f 283 306 240
f 270 297 285
f 241 297 226
f 255 185 271
f 356 243 158
f 272 171 300
f 322 300 171
f 257 287 244
f 258 338 245
f 213 214 288
f 259 288 214
f 247 233 273
f 304 273 233
f 233 274 304
f 265 327 217
f 328 234 235
f 189 266 343
f 266 190 330
f 190 249 344
f 292 344 249
f 249 310 292
f 237 425 250
f 237 221 331
f 268 333 277
f 311 251 279
f 319 279 252
f 281 222 261
f 282 261 222
f 262 224 315
f 294 315 224
f 294 225 263
f 295 263 194
f 284 283 270
f 355 286 230
f 230 255 299
f 271 299 255
f 256 272 395
f 300 395 272
f 287 358 322
f 231 245 337
f 246 247 302
f 273 302 247
f 316 260 317
f 315 314 262
f 264 254 296
f 254 201 307
f 265 234 348
f 235 276 328
f 330 343 266
f 310 250 425
f 277 332 267
f 278 333 268
f 268 311 278
f 275 269 326
f 306 305 269
f 284 353 283
f 285 401 284
f 284 270 285
f 299 355 230
f 258 213 323
f 288 323 213
f 288 259 301
f 259 232 301
f 325 301 232
f 232 246 325
f 302 325 246
f 304 303 273
f 316 304 274
f 9687 260 275
f 201 327 307
f 308 327 265
f 329 328 276
f 248 290 342
f 330 190 344
f 333 332 277
f 253 281 398
f 261 398 281
f 282 313 261
f 314 293 282
f 264 296 295
f 306 283 353
f 354 297 241
f 241 228 298
f 338 337 245
f 303 302 273
f 9687 317 260
f 234 328 348
f 289 377 309
f 248 341 289
f 290 291 363
f 291 343 364
f 292 310 365
f 331 267 378
f 332 378 267
f 333 278 349
f 319 280 334
f 312 334 280
f 280 253 312
f 398 312 253
f 293 313 282
f 9700 314 315
f 294 263 336
f 320 336 263
f 295 320 263
f 307 296 254
f 285 297 321
f 354 321 297
f 370 228 242
f 242 286 370
f 271 243 371
f 322 372 300
f 257 231 383
f 323 338 258
f 288 301 324
f 325 324 301
f 304 316 303
f 326 9687 275
f 353 360 306
f 351 318 307
f 307 327 351
f 265 348 308
f 377 329 276
f 276 309 377
f 425 237 426
f 333 388 332
f 278 311 389
f 311 279 366
f 261 313 380
f 9700 293 314
f 336 9700 315
f 315 294 336
f 318 9698 296
f 296 307 318
f 305 306 360
f 241 298 354
f 355 431 286
f 371 299 271
f 419 356 256
f 372 395 300
f 323 374 338
f 324 323 288
f 325 302 339
f 303 339 302
f 303 316 340
f 9688 340 316
f 317 9688 316
f 9687 326 435
f 342 341 248
f 342 290 363
f 363 291 364
f 237 331 426
f 378 426 331
f 279 319 366
f 319 334 345
f 391 398 261
f 380 391 261
f 313 293 335
f 9700 335 293
f 369 353 284
f 284 401 369
f 285 321 401
f 450 354 298
f 299 371 475
f 256 395 419
f 372 322 357
f 358 357 322
f 383 231 337
f 337 338 373
f 323 324 9686
f 9683 9686 324
f 324 325 9683
f 326 269 359
f 308 351 327
f 425 365 310
f 388 378 332
f 388 333 349
f 349 278 350
f 379 350 278
f 389 379 278
f 366 389 311
f 366 319 345
f 313 335 380
f 9700 336 346
f 347 346 336
f 336 320 347
f 298 228 381
f 370 381 228
f 370 286 431
f 382 403 287
f 287 257 382
f 257 383 382
f 374 373 338
f 384 374 323
f 9686 384 323
f 303 340 9685
f 9688 9685 340
f 359 269 305
f 361 348 328
f 329 361 328
f 377 289 362
f 341 362 289
f 423 342 363
f 424 364 343
f 292 386 344
f 367 334 312
f 312 398 367
f 351 308 9702
f 375 308 348
f 348 361 375
f 344 465 330
f 388 387 378
f 388 349 409
f 350 409 349
f 350 379 410
f 510 389 366
f 366 345 390
f 345 334 411
f 9702 9703 351
f 9687 435 352
f 475 355 299
f 358 287 403
f 354 394 321
f 243 356 417
f 418 417 356
f 395 372 420
f 421 382 383
f 337 405 404
f 405 337 373
f 435 326 385
f 359 385 326
f 368 360 353
f 376 361 329
f 329 377 376
f 362 341 407
f 423 363 408
f 363 364 408
f 465 424 343
f 343 330 465
f 390 510 366
f 411 390 345
f 380 335 399
f 335 9699 393
f 461 440 401
f 401 321 461
f 394 461 321
f 298 381 450
f 381 370 431
f 356 419 418
f 420 372 402
f 372 357 402
f 403 382 9564
f 382 421 9564
f 404 383 337
f 308 375 428
f 362 415 377
f 341 342 407
f 365 386 292
f 387 426 378
f 410 409 350
f 410 379 397
f 497 397 379
f 379 389 497
f 367 411 334
f 398 391 469
f 391 380 392
f 399 392 380
f 393 399 335
f 527 369 401
f 354 450 449
f 431 355 416
f 374 384 422
f 406 422 384
f 384 9681 406
f 396 406 9681
f 434 396 352
f 435 434 352
f 305 360 439
f 413 438 375
f 361 413 375
f 414 361 376
f 376 377 414
f 415 414 377
f 426 387 459
f 387 388 467
f 388 409 467
f 397 468 410
f 399 393 448
f 427 448 393
f 368 369 400
f 394 354 441
f 475 416 355
f 417 371 243
f 357 358 443
f 403 443 358
f 404 421 383
f 373 374 422
f 359 305 439
f 362 407 415
f 423 407 342
f 386 465 344
f 386 365 458
f 482 467 409
f 483 409 410
f 447 469 391
f 391 392 447
f 448 427 412
f 427 9702 437
f 428 437 9702
f 9702 308 428
f 438 428 375
f 429 413 361
f 440 527 401
f 431 451 381
f 431 416 529
f 416 475 529
f 419 395 462
f 402 357 442
f 396 434 464
f 439 360 368
f 407 423 456
f 423 408 444
f 408 364 457
f 424 457 364
f 365 425 480
f 483 482 409
f 367 398 436
f 448 392 399
f 414 429 361
f 414 415 430
f 441 461 394
f 441 354 449
f 395 420 462
f 443 442 357
f 421 404 432
f 433 432 404
f 404 405 433
f 454 433 405
f 405 373 454
f 422 454 373
f 406 396 464
f 434 435 455
f 415 407 495
f 456 495 407
f 444 456 423
f 479 424 465
f 426 480 425
f 459 480 426
f 467 466 387
f 468 483 410
f 497 389 445
f 510 445 389
f 367 436 411
f 446 436 398
f 469 446 398
f 427 437 412
f 438 437 428
f 430 429 414
f 368 400 515
f 527 400 369
f 440 461 472
f 450 381 500
f 451 500 381
f 529 451 431
f 418 419 492
f 420 402 452
f 421 432 463
f 422 406 489
f 464 489 406
f 455 464 434
f 385 455 435
f 439 490 359
f 439 368 486
f 457 444 408
f 458 365 480
f 466 459 387
f 447 392 484
f 392 448 484
f 485 437 438
f 368 515 486
f 472 471 440
f 441 449 499
f 419 462 492
f 476 462 420
f 420 452 476
f 402 442 452
f 443 403 9573
f 9586 433 453
f 433 454 453
f 545 454 422
f 385 359 490
f 495 478 415
f 460 538 397
f 397 497 460
f 390 411 511
f 470 484 448
f 412 470 448
f 438 413 485
f 429 430 514
f 527 552 400
f 461 441 473
f 499 473 441
f 474 499 449
f 474 449 450
f 450 500 474
f 417 418 517
f 492 517 418
f 403 9564 9573
f 477 9573 9564
f 9564 463 477
f 463 9586 503
f 9586 453 503
f 545 453 454
f 489 545 422
f 455 531 464
f 430 415 478
f 496 495 456
f 479 534 457
f 457 424 479
f 466 467 481
f 483 468 547
f 538 468 397
f 510 390 523
f 511 523 390
f 485 412 437
f 485 413 525
f 413 429 513
f 551 513 429
f 515 400 526
f 528 472 461
f 473 528 461
f 442 443 488
f 9573 488 443
f 477 463 544
f 493 544 463
f 463 503 493
f 489 464 531
f 385 490 455
f 478 495 494
f 444 496 456
f 444 457 521
f 522 479 465
f 465 386 522
f 386 458 522
f 481 459 466
f 481 467 537
f 467 482 537
f 538 548 468
f 524 511 411
f 469 447 446
f 512 446 447
f 491 470 412
f 485 491 412
f 525 413 513
f 551 429 514
f 515 487 486
f 552 526 400
f 500 451 516
f 530 529 475
f 530 475 371
f 371 417 530
f 502 476 452
f 442 502 452
f 544 9573 477
f 555 503 453
f 545 555 453
f 506 496 444
f 534 521 457
f 507 480 459
f 547 482 483
f 548 547 468
f 460 497 574
f 411 436 524
f 447 484 512
f 470 498 484
f 439 486 541
f 487 541 486
f 528 471 472
f 529 516 451
f 476 501 462
f 554 501 476
f 502 554 476
f 488 502 442
f 519 488 9573
f 505 504 455
f 490 505 455
f 459 481 508
f 550 524 436
f 436 446 550
f 470 491 539
f 525 491 485
f 478 514 430
f 490 439 541
f 515 526 593
f 552 527 553
f 542 651 471
f 474 500 568
f 516 568 500
f 518 517 492
f 492 462 518
f 488 519 571
f 493 503 520
f 590 545 489
f 531 455 504
f 494 495 572
f 495 496 572
f 458 480 536
f 507 536 480
f 459 508 507
f 537 561 481
f 482 547 509
f 445 574 497
f 445 510 565
f 512 484 498
f 539 566 498
f 498 470 539
f 513 607 525
f 462 501 518
f 571 502 488
f 503 555 589
f 489 531 578
f 504 505 557
f 532 557 505
f 505 490 532
f 478 494 558
f 444 521 506
f 535 533 534
f 534 479 535
f 522 535 479
f 561 508 481
f 509 537 482
f 523 565 510
f 524 549 511
f 512 550 446
f 512 498 566
f 513 551 585
f 487 515 593
f 586 528 473
f 499 474 567
f 543 516 529
f 530 417 569
f 517 569 417
f 493 577 544
f 520 577 493
f 578 590 489
f 556 578 531
f 602 572 496
f 496 506 602
f 506 521 582
f 533 582 521
f 521 534 533
f 522 458 560
f 507 508 617
f 546 617 508
f 508 561 546
f 509 562 537
f 538 460 564
f 551 514 540
f 552 593 526
f 553 613 552
f 569 543 529
f 530 569 529
f 518 598 517
f 664 554 502
f 571 664 502
f 519 544 588
f 520 503 589
f 555 545 590
f 531 504 556
f 557 556 504
f 557 532 579
f 535 522 560
f 536 560 458
f 617 536 507
f 562 561 537
f 644 563 538
f 564 644 538
f 523 511 619
f 511 549 619
f 550 512 583
f 566 583 512
f 539 491 576
f 525 576 491
f 487 580 541
f 586 473 596
f 597 567 474
f 568 597 474
f 569 517 598
f 501 554 638
f 609 571 519
f 577 588 544
f 558 494 559
f 572 602 601
f 548 538 563
f 573 564 460
f 460 574 573
f 574 445 565
f 565 523 619
f 583 524 550
f 566 539 575
f 539 576 575
f 540 585 551
f 608 540 514
f 613 628 552
f 553 527 629
f 527 651 629
f 542 471 594
f 595 594 471
f 471 528 595
f 528 586 595
f 518 501 638
f 664 570 554
f 588 609 519
f 589 555 590
f 556 557 611
f 579 532 612
f 572 559 494
f 582 581 506
f 656 582 533
f 584 605 583
f 583 566 584
f 9621 584 566
f 575 9621 566
f 649 576 525
f 525 607 649
f 650 513 585
f 514 478 608
f 608 478 558
f 593 552 628
f 543 569 622
f 611 578 556
f 579 611 557
f 532 541 580
f 559 572 601
f 581 602 506
f 533 535 603
f 536 617 604
f 630 546 561
f 561 562 630
f 591 509 547
f 573 574 659
f 565 659 574
f 568 516 587
f 516 543 587
f 570 638 554
f 623 609 588
f 577 520 684
f 579 600 611
f 580 487 592
f 592 487 593
f 628 627 593
f 558 559 9661
f 604 535 560
f 560 536 604
f 698 617 546
f 591 562 509
f 645 619 549
f 549 524 645
f 524 583 645
f 605 645 583
f 605 584 620
f 584 9621 620
f 9619 620 9621
f 576 9620 575
f 650 607 513
f 608 661 540
f 629 636 553
f 663 597 568
f 638 598 518
f 623 588 599
f 640 599 588
f 588 577 640
f 684 624 577
f 520 589 653
f 590 578 610
f 578 611 610
f 697 665 612
f 612 532 697
f 580 697 532
f 608 558 614
f 615 614 558
f 559 601 641
f 656 581 582
f 535 604 603
f 657 591 547
f 547 548 657
f 548 563 657
f 565 619 618
f 645 679 619
f 621 620 9619
f 9619 606 621
f 682 650 585
f 585 540 682
f 627 592 593
f 613 553 636
f 629 651 716
f 673 586 596
f 663 568 587
f 637 622 569
f 598 637 569
f 638 637 598
f 624 640 577
f 653 684 520
f 589 590 625
f 600 579 626
f 9661 615 558
f 641 9661 559
f 601 602 616
f 602 581 616
f 617 698 604
f 563 644 657
f 573 699 564
f 618 659 565
f 645 605 632
f 620 632 605
f 620 621 646
f 9622 9620 634
f 9620 576 634
f 649 607 635
f 650 635 607
f 622 587 543
f 639 571 609
f 676 639 609
f 623 676 609
f 610 625 590
f 610 611 654
f 600 654 611
f 626 696 600
f 665 626 579
f 579 612 665
f 628 613 686
f 636 686 613
f 594 595 718
f 595 586 718
f 634 576 648
f 540 661 682
f 608 614 661
f 614 615 9657
f 9661 9657 615
f 642 641 601
f 601 616 642
f 533 603 656
f 666 656 603
f 630 562 643
f 679 618 619
f 631 679 645
f 646 632 620
f 663 587 674
f 637 638 675
f 652 676 623
f 623 599 652
f 640 624 722
f 653 589 625
f 696 626 678
f 592 697 580
f 627 628 686
f 616 581 687
f 603 604 666
f 698 666 604
f 690 562 591
f 699 658 644
f 644 564 699
f 679 700 618
f 633 634 647
f 576 649 648
f 733 661 614
f 685 655 627
f 594 718 752
f 673 718 586
f 597 663 662
f 638 570 675
f 705 722 624
f 684 705 624
f 654 625 610
f 654 600 696
f 687 581 708
f 581 656 708
f 698 546 667
f 630 667 546
f 690 591 746
f 657 746 591
f 657 644 755
f 644 658 755
f 659 699 573
f 632 646 660
f 668 660 646
f 670 633 671
f 634 648 680
f 672 648 649
f 649 635 672
f 681 635 650
f 650 682 681
f 694 716 651
f 651 542 694
f 717 694 542
f 542 594 717
f 570 664 704
f 599 677 652
f 599 640 677
f 640 722 677
f 653 724 684
f 725 678 626
f 626 665 725
f 655 697 592
f 686 685 627
f 687 642 616
f 562 690 643
f 699 659 709
f 645 632 691
f 660 691 632
f 648 672 680
f 635 681 767
f 682 661 715
f 752 717 594
f 718 673 735
f 675 570 703
f 664 571 704
f 639 704 571
f 705 684 810
f 738 625 654
f 696 739 654
f 697 725 665
f 636 629 693
f 629 716 693
f 708 656 688
f 690 746 745
f 679 631 747
f 691 631 645
f 660 668 691
f 669 691 668
f 713 669 670
f 731 671 633
f 767 672 635
f 715 767 682
f 733 715 661
f 614 692 733
f 587 622 719
f 720 719 622
f 637 720 622
f 637 675 683
f 703 683 675
f 676 652 721
f 810 684 724
f 741 753 697
f 697 655 741
f 642 9662 641
f 656 666 688
f 689 688 666
f 618 700 729
f 747 700 679
f 730 713 670
f 670 671 730
f 750 730 671
f 633 647 731
f 680 714 647
f 680 672 714
f 681 682 767
f 751 692 9656
f 716 694 829
f 662 663 701
f 695 701 663
f 674 695 663
f 683 702 637
f 704 703 570
f 676 704 639
f 653 625 706
f 739 738 654
f 696 740 739
f 655 685 741
f 726 741 685
f 727 685 686
f 708 707 687
f 666 698 689
f 643 690 745
f 709 659 729
f 659 618 729
f 712 711 631
f 631 691 712
f 730 750 784
f 714 672 766
f 751 733 692
f 693 716 734
f 805 829 694
f 694 717 805
f 719 674 587
f 702 720 637
f 788 702 683
f 683 703 788
f 704 676 9581
f 736 9581 676
f 652 677 773
f 677 722 773
f 706 724 653
f 706 625 738
f 725 697 753
f 686 636 727
f 742 727 636
f 636 693 742
f 688 689 801
f 754 689 698
f 667 754 698
f 630 643 744
f 745 744 643
f 746 657 755
f 728 658 699
f 709 728 699
f 747 631 710
f 711 710 631
f 764 712 691
f 691 669 764
f 713 764 669
f 672 767 766
f 701 757 735
f 735 662 701
f 703 704 9581
f 721 652 773
f 722 705 723
f 724 706 759
f 737 759 706
f 706 738 737
f 678 725 791
f 726 685 792
f 707 708 743
f 760 743 708
f 708 688 760
f 667 630 744
f 747 763 700
f 748 711 712
f 713 730 749
f 730 784 814
f 732 817 767
f 767 715 732
f 715 733 732
f 769 732 733
f 829 734 716
f 717 752 832
f 752 718 807
f 830 807 718
f 773 736 721
f 723 773 722
f 759 737 775
f 740 696 678
f 725 753 778
f 781 707 743
f 688 801 760
f 729 700 763
f 712 764 748
f 814 749 730
f 765 750 671
f 671 731 765
f 647 714 731
f 786 769 733
f 733 751 786
f 808 718 735
f 757 808 735
f 719 695 674
f 788 703 9567
f 703 9581 9567
f 736 771 9581
f 758 810 724
f 724 759 758
f 776 737 738
f 738 739 776
f 861 776 739
f 791 777 678
f 741 726 779
f 685 727 792
f 742 693 804
f 734 804 693
f 745 746 823
f 746 755 823
f 755 761 9604
f 658 728 762
f 709 729 855
f 763 747 812
f 710 812 747
f 710 711 813
f 783 711 748
f 857 764 713
f 765 784 750
f 817 732 756
f 768 756 732
f 732 769 768
f 787 805 717
f 717 832 787
f 806 832 752
f 752 807 806
f 720 702 831
f 788 831 702
f 771 9567 9581
f 773 772 736
f 774 723 705
f 705 810 774
f 759 775 860
f 861 739 740
f 777 848 740
f 740 678 777
f 826 791 725
f 778 826 725
f 741 778 753
f 726 792 837
f 801 689 802
f 803 689 754
f 9604 823 755
f 761 658 762
f 763 897 729
f 794 783 748
f 748 764 794
f 858 857 713
f 713 749 858
f 814 784 795
f 785 765 731
f 731 714 785
f 766 785 714
f 780 786 751
f 734 829 863
f 808 830 718
f 695 719 770
f 720 770 719
f 771 736 790
f 772 790 736
f 811 810 758
f 741 779 778
f 837 779 726
f 876 800 781
f 801 782 760
f 803 802 689
f 754 667 803
f 744 803 667
f 728 709 842
f 793 813 711
f 711 783 793
f 857 794 764
f 825 858 749
f 749 814 825
f 815 784 765
f 817 766 767
f 756 768 820
f 797 820 768
f 798 797 768
f 768 769 798
f 769 786 818
f 799 818 786
f 786 780 799
f 863 804 734
f 833 757 701
f 770 701 695
f 770 720 831
f 788 9567 809
f 789 771 790
f 772 773 834
f 773 723 834
f 774 810 846
f 859 758 759
f 860 859 759
f 778 779 836
f 837 836 779
f 792 727 827
f 727 742 827
f 780 800 819
f 781 743 876
f 743 853 894
f 744 745 841
f 710 824 812
f 813 824 710
f 796 795 784
f 815 796 784
f 766 817 785
f 820 817 756
f 818 798 769
f 863 829 885
f 831 788 866
f 809 866 788
f 835 723 774
f 924 775 737
f 828 827 742
f 742 804 828
f 855 842 709
f 897 855 729
f 824 843 812
f 844 783 794
f 909 844 794
f 857 909 794
f 916 814 795
f 765 785 815
f 816 785 817
f 852 819 800
f 876 852 800
f 894 876 743
f 802 853 782
f 782 801 802
f 854 802 803
f 803 744 822
f 744 841 822
f 745 823 841
f 823 9604 878
f 791 826 883
f 826 778 883
f 884 883 778
f 836 884 778
f 837 792 827
f 901 828 804
f 804 863 901
f 833 808 757
f 865 833 701
f 701 770 865
f 867 866 809
f 809 789 867
f 789 790 868
f 845 868 790
f 790 772 845
f 835 834 723
f 835 774 846
f 811 846 810
f 811 758 859
f 812 897 763
f 793 824 813
f 793 783 844
f 825 814 9666
f 916 9666 814
f 875 816 817
f 817 820 875
f 821 797 798
f 838 821 798
f 798 818 838
f 839 838 818
f 818 799 839
f 840 839 799
f 799 780 840
f 819 840 780
f 822 854 803
f 878 877 823
f 797 875 820
f 933 894 853
f 853 802 895
f 854 895 802
f 841 823 877
f 908 935 9605
f 9605 762 908
f 728 908 762
f 897 812 880
f 858 873 857
f 858 825 874
f 9667 874 825
f 916 795 890
f 795 796 890
f 850 796 815
f 815 785 850
f 924 776 899
f 791 883 882
f 829 805 953
f 805 787 953
f 830 808 9577
f 770 831 902
f 866 902 831
f 832 886 787
f 832 806 886
f 806 807 887
f 807 9577 887
f 864 9577 808
f 808 833 864
f 902 865 770
f 867 789 888
f 845 772 870
f 772 834 870
f 871 870 834
f 872 871 835
f 903 872 835
f 835 846 903
f 846 811 9669
f 847 9669 811
f 811 859 847
f 859 860 911
f 848 777 913
f 882 913 777
f 777 791 882
f 836 837 862
f 827 862 837
f 827 828 849
f 850 890 796
f 816 850 785
f 797 821 917
f 851 821 838
f 838 839 851
f 840 851 839
f 932 840 819
f 822 841 877
f 879 9605 935
f 843 880 812
f 898 824 793
f 793 844 898
f 909 898 844
f 806 887 954
f 867 927 866
f 789 868 888
f 869 868 845
f 845 870 869
f 903 846 889
f 9669 889 846
f 912 899 776
f 848 913 1020
f 884 836 862
f 890 850 9595
f 917 875 797
f 891 917 821
f 852 932 819
f 852 876 958
f 893 958 876
f 853 895 933
f 822 907 854
f 822 877 907
f 988 935 908
f 842 976 728
f 856 855 897
f 909 857 910
f 857 873 910
f 992 873 858
f 948 992 858
f 858 874 948
f 924 899 964
f 1020 912 776
f 776 861 1020
f 740 1020 861
f 862 827 965
f 827 849 965
f 938 849 828
f 901 863 952
f 926 952 863
f 863 885 926
f 953 885 829
f 954 886 806
f 914 887 9577
f 865 864 833
f 927 867 888
f 928 888 868
f 870 871 872
f 873 992 1007
f 9595 904 890
f 906 891 821
f 892 906 821
f 821 851 892
f 894 893 876
f 907 974 854
f 877 878 934
f 896 934 878
f 878 879 896
f 935 896 879
f 842 855 1032
f 880 920 897
f 923 9575 881
f 740 848 1020
f 900 882 883
f 883 884 900
f 884 862 900
f 997 926 885
f 953 997 885
f 939 953 787
f 864 914 9577
f 902 866 927
f 915 927 888
f 903 889 9608
f 904 916 890
f 917 905 875
f 892 851 918
f 851 840 919
f 840 932 919
f 974 933 895
f 895 854 974
f 976 908 728
f 856 897 920
f 880 843 936
f 843 824 921
f 824 898 921
f 911 860 922
f 979 9575 923
f 881 924 923
f 950 964 899
f 899 912 950
f 882 900 951
f 900 862 994
f 965 849 925
f 828 901 938
f 952 938 901
f 787 886 939
f 864 865 914
f 940 865 902
f 927 940 902
f 928 915 888
f 872 903 942
f 9608 942 903
f 905 904 9595
f 906 892 931
f 918 931 892
f 932 852 945
f 893 959 958
f 894 933 960
f 934 974 907
f 907 877 934
f 976 842 1032
f 856 1032 855
f 977 920 880
f 880 936 977
f 921 936 843
f 921 898 937
f 898 909 937
f 909 910 947
f 910 873 991
f 979 922 860
f 860 9575 979
f 913 882 993
f 951 993 882
f 965 994 862
f 966 939 886
f 886 954 966
f 887 914 954
f 940 914 865
f 967 927 915
f 869 928 868
f 916 904 9664
f 917 891 986
f 918 851 944
f 851 919 944
f 958 945 852
f 893 894 946
f 960 946 894
f 988 961 935
f 947 910 991
f 948 874 963
f 923 924 1019
f 1052 1019 924
f 964 1052 924
f 913 993 980
f 925 981 965
f 925 849 938
f 955 982 940
f 940 927 955
f 927 967 956
f 1001 928 869
f 869 929 941
f 9608 930 943
f 905 969 904
f 986 905 917
f 944 1002 918
f 945 919 932
f 893 946 959
f 974 960 933
f 974 934 975
f 896 935 987
f 961 987 935
f 988 908 989
f 976 989 908
f 856 920 990
f 962 977 936
f 921 962 936
f 937 909 947
f 991 873 1070
f 873 1007 1070
f 949 963 874
f 922 979 978
f 1008 950 912
f 1020 1008 912
f 980 1009 1020
f 1020 913 980
f 994 951 900
f 938 1023 925
f 938 952 1024
f 926 995 952
f 1010 953 939
f 939 966 1034
f 982 954 914
f 914 940 982
f 955 927 956
f 967 915 1011
f 869 941 1001
f 984 1001 941
f 942 984 941
f 942 943 984
f 943 930 985
f 930 9671 985
f 905 986 1013
f 1002 931 918
f 970 1002 944
f 957 970 944
f 944 919 957
f 919 945 971
f 945 958 972
f 958 959 1003
f 959 946 973
f 960 973 946
f 934 896 9639
f 987 9639 896
f 977 990 920
f 937 962 921
f 937 947 1059
f 991 1059 947
f 1134 992 948
f 963 1134 948
f 979 923 1051
f 923 1019 1018
f 1022 951 994
f 995 1024 952
f 953 1010 997
f 999 966 954
f 985 984 943
f 9671 968 985
f 9664 904 969
f 1013 969 905
f 931 1067 906
f 971 957 919
f 958 1003 972
f 9639 975 934
f 9641 987 961
f 961 988 9641
f 990 1016 856
f 978 979 9672
f 1018 1051 923
f 964 950 1052
f 994 965 981
f 981 925 1023
f 1023 938 1127
f 1034 966 998
f 982 999 954
f 955 956 1000
f 956 967 983
f 967 1011 983
f 928 1011 915
f 1017 968 9670
f 1002 1028 931
f 1057 1002 970
f 959 973 1003
f 1004 973 960
f 1004 960 974
f 974 975 1004
f 990 977 1006
f 977 962 1006
f 962 937 1033
f 1059 991 1060
f 1084 992 1134
f 1051 9672 979
f 1008 1052 950
f 1020 1125 1008
f 1021 1009 980
f 993 1021 980
f 1127 938 1024
f 926 996 995
f 1135 997 1010
f 998 1035 1034
f 1036 998 966
f 966 999 1036
f 982 955 1025
f 1000 1025 955
f 1027 1000 956
f 983 1027 956
f 1011 928 1039
f 928 1001 1039
f 1041 1001 984
f 984 985 1012
f 1079 1013 986
f 1042 1066 906
f 906 1067 1042
f 1028 1067 931
f 9600 1057 970
f 972 971 945
f 1004 1003 973
f 9640 1004 975
f 987 9641 1005
f 9641 988 1015
f 989 1015 988
f 1072 1007 992
f 992 1084 1072
f 1017 1049 968
f 1017 9670 1062
f 9673 1050 9670
f 993 951 1022
f 981 1022 994
f 926 1085 996
f 926 997 1085
f 1010 939 1148
f 939 1034 1148
f 999 982 1025
f 1025 1000 1026
f 1038 1027 983
f 1038 983 1011
f 1040 1039 1001
f 1001 1041 1040
f 1012 1041 984
f 1028 1002 1029
f 1002 1057 1029
f 972 1058 971
f 1003 1004 1095
f 1004 9640 1045
f 1030 1045 9640
f 1032 856 1100
f 856 1016 1100
f 1060 991 1097
f 1007 1072 1071
f 9670 1050 1062
f 1051 1050 9673
f 9673 9672 1051
f 1052 1008 1054
f 1022 1021 993
f 1010 1148 1135
f 1025 1036 999
f 1000 1027 1037
f 1039 1038 1011
f 1028 1029 1080
f 1116 1029 1057
f 1043 1057 9600
f 9600 9601 1043
f 9601 971 1058
f 1094 972 1003
f 1044 1095 1004
f 1004 1045 1044
f 1030 1014 1031
f 1015 989 1047
f 989 976 1099
f 1006 1081 1016
f 1033 1083 962
f 1007 1071 1070
f 1119 1134 963
f 1018 1077 1051
f 1054 1053 1052
f 1125 1020 1055
f 1020 1009 1055
f 1023 1064 981
f 1024 995 1092
f 1056 1092 995
f 995 996 1056
f 997 1135 1061
f 1035 1073 1034
f 1026 1000 1048
f 1040 1038 1039
f 1065 9663 969
f 969 1013 1065
f 1067 1028 1068
f 1094 1058 972
f 1095 1094 1003
f 1045 1030 1098
f 1030 1031 1098
f 1031 1014 1046
f 1099 1047 989
f 976 1032 1099
f 1100 1099 1032
f 1082 1006 962
f 1059 1033 937
f 1097 991 1118
f 991 1070 1118
f 997 1061 1085
f 1109 1061 1135
f 1148 1034 1073
f 1073 1035 1105
f 998 1036 1074
f 1036 1025 1074
f 1025 1026 1086
f 1037 1048 1000
f 1038 1037 1027
f 1197 1054 1008
f 1008 1125 1197
f 1009 1021 1063
f 1023 1127 1091
f 1013 1079 1065
f 1066 1042 1130
f 1080 1068 1028
f 1058 1043 9601
f 1069 1094 1095
f 1098 1044 1045
f 1100 1016 1096
f 962 1083 1082
f 1110 1035 998
f 998 1074 1110
f 1025 1086 1074
f 1048 1086 1026
f 1087 9653 1049
f 1062 1050 1076
f 1050 1051 1077
f 1089 1077 1018
f 1018 1019 1078
f 1019 1052 1053
f 1126 1055 1009
f 1009 1063 1126
f 1090 1022 981
f 1064 1090 981
f 1127 1024 1092
f 1079 1066 1114
f 1131 1042 1067
f 1068 1080 1161
f 1029 1116 1080
f 1103 1080 1116
f 1043 1093 1057
f 1046 1015 1047
f 1147 1033 1059
f 1086 1048 1075
f 1106 1048 1037
f 1037 9655 1106
f 1087 1017 1088
f 1017 1062 1088
f 1076 1088 1062
f 1076 1050 1112
f 1077 1112 1050
f 1053 1078 1019
f 1021 1022 1063
f 1090 1063 1022
f 1023 1091 1064
f 1131 1130 1042
f 1102 1131 1067
f 1067 1068 1102
f 1161 1102 1068
f 1093 1116 1057
f 1117 1093 1043
f 1094 1104 1058
f 1082 1081 1006
f 1156 1083 1033
f 1059 1060 1133
f 1149 1105 1035
f 9576 1110 1074
f 9576 1074 1086
f 1048 1106 1075
f 1111 1106 9655
f 9655 9653 1111
f 1087 1111 9653
f 1089 1018 1078
f 1053 1054 1124
f 1065 1079 1114
f 1043 1058 1117
f 1104 1117 1058
f 1094 1069 1104
f 1195 1098 1031
f 1101 1096 1016
f 1016 1081 1101
f 1082 1083 1146
f 1133 1060 1097
f 1108 1085 1061
f 1109 1108 1061
f 1148 1073 1157
f 1110 1149 1035
f 1088 1111 1087
f 1107 1123 1088
f 1088 1076 1107
f 1076 1112 1107
f 1112 1077 1140
f 1197 1124 1054
f 1218 1063 1090
f 1141 1064 1091
f 1153 1056 996
f 996 1085 1153
f 1115 1114 1066
f 1066 1130 1115
f 1143 1103 1116
f 1117 1188 1093
f 1095 1044 1069
f 1046 1155 1031
f 1101 1145 1096
f 1172 1134 1119
f 1195 1170 1098
f 1099 1100 1144
f 1100 1096 1144
f 1133 1097 1162
f 1080 1103 1154
f 1126 1125 1055
f 1152 1126 1063
f 1218 1090 1178
f 1090 1064 1178
f 1141 1178 1064
f 1091 1127 1185
f 1127 1092 1186
f 1108 1153 1085
f 1073 1105 1120
f 1149 1120 1105
f 1110 9576 1136
f 9576 1075 1136
f 1075 1106 1158
f 1122 1158 1106
f 1106 1111 1122
f 1111 1088 1137
f 1123 1137 1088
f 1089 1078 1199
f 1108 1109 1163
f 1120 1157 1073
f 1149 1110 1121
f 1110 1136 1121
f 1137 1122 1111
f 1139 1209 1107
f 1107 1112 1139
f 1167 1141 1091
f 1056 1186 1092
f 1128 1114 1129
f 1114 1115 1129
f 1102 1161 1187
f 1116 1093 1143
f 1093 1188 1143
f 1132 1188 1117
f 1117 1104 1132
f 1069 1132 1104
f 1155 1046 1196
f 1047 1196 1046
f 1145 1144 1096
f 1175 1101 1081
f 1081 1082 1175
f 1083 1156 1146
f 1097 1118 1162
f 1118 1070 1162
f 1135 1163 1109
f 1211 1148 1157
f 1123 1107 1138
f 1107 1209 1138
f 1077 1089 1140
f 1166 1089 1199
f 1159 1078 1053
f 1125 1126 1237
f 1185 1167 1091
f 1186 1185 1127
f 1142 1128 1193
f 1130 1131 1160
f 1131 1102 1200
f 1103 1143 1194
f 1069 1044 1174
f 1170 1174 1044
f 1072 1084 1228
f 1084 1134 1171
f 1119 1142 1172
f 1176 1172 1142
f 1163 1169 1108
f 1180 1135 1148
f 1157 1120 1179
f 1179 1120 1149
f 1121 1136 1150
f 1151 1150 1136
f 1136 1075 1151
f 1158 1151 1075
f 1158 1122 1165
f 1232 1122 1137
f 9565 1139 1112
f 1193 1176 1142
f 1161 1080 1201
f 1080 1154 1201
f 1132 1069 1190
f 1174 1190 1069
f 1031 1155 1195
f 1243 1082 1146
f 1146 1156 1254
f 1156 1033 1147
f 1203 1134 1172
f 1211 1180 1148
f 1149 1121 1164
f 1150 1164 1121
f 1151 1158 1165
f 1165 1122 1182
f 1138 1183 1123
f 1159 1124 1177
f 1269 1177 1124
f 1124 1197 1269
f 1197 1125 1291
f 1237 1291 1125
f 1204 1152 1063
f 1063 1218 1204
f 1186 1056 1168
f 1056 1153 1168
f 1169 1153 1108
f 1130 1160 1115
f 1200 1160 1131
f 1200 1102 1187
f 1223 1195 1155
f 1147 1059 1255
f 1133 1255 1059
f 1072 1228 1071
f 1084 1171 1228
f 1206 1169 1163
f 1210 1163 1135
f 1180 1210 1135
f 1207 1211 1157
f 1164 1179 1149
f 1232 1182 1122
f 1140 1089 1166
f 1237 1126 1238
f 1218 1178 1244
f 1160 1200 1173
f 1161 1201 1222
f 1196 1223 1155
f 1099 1144 1213
f 1144 1145 1191
f 1254 1243 1146
f 1284 1171 1134
f 1134 1203 1284
f 1150 1151 1181
f 1182 1208 1165
f 1137 1123 1183
f 1209 1139 1249
f 1177 1278 1159
f 1126 1152 1238
f 1141 1184 1178
f 1205 1168 1153
f 1169 1205 1153
f 1115 1160 1221
f 1222 1187 1161
f 1103 1194 1154
f 1189 1188 1132
f 1190 1189 1132
f 1047 1099 1213
f 1225 1213 1144
f 1191 1225 1144
f 1145 1101 1226
f 1254 1156 1214
f 1162 1070 1202
f 1188 1194 1143
f 1174 1170 1242
f 1196 1047 1213
f 1101 1175 1226
f 1192 1226 1175
f 1175 1082 1192
f 1243 1192 1082
f 1133 1162 1342
f 1257 1203 1172
f 1258 1172 1176
f 1291 1269 1197
f 1245 1244 1178
f 1184 1245 1178
f 1141 1167 1184
f 1157 1179 1207
f 1164 1207 1179
f 1164 1150 1198
f 1181 1198 1150
f 1165 1181 1151
f 1216 1182 1232
f 1183 1232 1137
f 9565 1249 1139
f 1236 1078 1159
f 1206 1163 1210
f 1264 1198 1181
f 1209 1249 1248
f 1199 1078 1235
f 1152 1204 1217
f 1204 1218 1239
f 1186 1168 1220
f 1205 1169 1262
f 1169 1206 1262
f 1221 1193 1115
f 1160 1173 1221
f 1222 1200 1187
f 1189 1194 1188
f 1190 1174 1212
f 1170 1195 1294
f 1191 1145 1305
f 1226 1305 1145
f 1226 1192 1227
f 1070 1071 1256
f 1071 1228 1283
f 1257 1172 1258
f 1176 1193 1229
f 1221 1229 1193
f 1212 1189 1190
f 1242 1212 1174
f 1223 1196 1224
f 1213 1224 1196
f 1147 1214 1156
f 1202 1070 1256
f 1217 1238 1152
f 1167 1185 1260
f 1185 1186 1219
f 1205 1220 1168
f 1207 1164 1215
f 1165 1208 1181
f 1182 1216 1231
f 1138 1209 1233
f 1166 1290 1140
f 1078 1236 1235
f 1229 1221 1270
f 1251 1173 1200
f 1200 1222 1345
f 1194 1189 1240
f 1212 1240 1189
f 1242 1170 1322
f 1241 1255 1133
f 1202 1342 1162
f 1071 1283 1256
f 1258 1176 1229
f 1204 1239 1217
f 1184 1167 1246
f 1167 1260 1246
f 1261 1220 1205
f 1262 1261 1205
f 1210 1313 1206
f 1198 1215 1164
f 1208 1264 1181
f 1248 1234 1209
f 1166 1199 1377
f 1180 1211 1230
f 1266 1230 1211
f 1211 1207 1266
f 1263 1266 1207
f 1215 1263 1207
f 1231 1208 1182
f 1247 1232 1183
f 1234 1233 1209
f 9565 1140 1290
f 1220 1219 1186
f 1221 1173 1250
f 1252 1201 1154
f 1154 1194 1252
f 1294 1195 1253
f 1195 1223 1253
f 1305 1225 1191
f 1305 1226 1275
f 1192 1243 1296
f 1254 1296 1243
f 1133 1342 1241
f 1210 1180 1277
f 1308 1268 1216
f 1232 1308 1216
f 1248 1265 1234
f 1244 1239 1218
f 1246 1245 1184
f 1185 1219 1260
f 1261 1219 1220
f 1313 1262 1206
f 1270 1293 1229
f 1250 1173 1251
f 1252 1222 1201
f 1240 1252 1194
f 1240 1212 1280
f 1322 1272 1242
f 1303 1253 1223
f 1273 1303 1223
f 1227 1275 1226
f 1255 1297 1147
f 1229 1293 1258
f 1277 1313 1210
f 1264 1208 1289
f 1231 1289 1208
f 1231 1216 1268
f 1247 1308 1232
f 1183 1138 1233
f 1177 1316 1278
f 1269 1361 1177
f 1259 1291 1237
f 1237 1238 1259
f 1238 1217 1259
f 1217 1239 1259
f 1244 1245 1292
f 1328 1246 1260
f 1250 1270 1221
f 1200 1345 1251
f 1322 1170 1346
f 1294 1346 1170
f 1223 1224 1273
f 1213 1274 1224
f 1227 1192 1306
f 1296 1306 1192
f 1214 1147 1297
f 1222 1252 1279
f 1271 1252 1240
f 1280 1271 1240
f 1212 1242 1280
f 1242 1272 1280
f 1295 1213 1225
f 1275 1227 1306
f 1296 1254 1282
f 1256 1307 1202
f 1367 1228 1171
f 1312 1284 1203
f 1203 1257 1312
f 1258 1293 1285
f 1361 1316 1177
f 1259 1239 1317
f 1267 1263 1215
f 1215 1198 1267
f 1268 1289 1231
f 1233 1247 1183
f 1233 1234 1335
f 1265 1335 1234
f 1309 1265 1248
f 1248 1249 1309
f 1299 1309 1249
f 1300 1299 1249
f 1249 9565 1300
f 9565 1290 1300
f 1377 1199 1235
f 1251 1345 1340
f 1302 1345 1222
f 1253 1303 1281
f 1303 1273 1330
f 1274 1273 1224
f 1274 1213 1295
f 1225 1305 1295
f 1276 1307 1256
f 1269 1291 1301
f 1317 1239 1244
f 1260 1219 1320
f 1261 1262 1356
f 1332 1356 1262
f 1262 1313 1332
f 1277 1180 1326
f 1230 1326 1180
f 1230 1266 1326
f 1287 1314 1266
f 1267 1287 1263
f 1288 1267 1198
f 1198 1264 1288
f 1289 1288 1264
f 1326 1266 1286
f 1314 1286 1266
f 1266 1263 1287
f 1370 1287 1267
f 1289 1268 1298
f 1308 1334 1268
f 1166 1377 1336
f 1236 1278 1360
f 1361 1269 1388
f 1317 1338 1259
f 1317 1244 1318
f 1261 1310 1219
f 1250 1293 1270
f 1222 1279 1302
f 1252 1271 1279
f 1280 1272 1349
f 1304 1273 1274
f 1353 1306 1296
f 1171 1284 1367
f 1313 1277 1357
f 1333 1357 1277
f 1326 1333 1277
f 1334 1298 1268
f 1290 1166 1336
f 1360 1235 1236
f 1316 1360 1278
f 1388 1269 1301
f 1338 1301 1291
f 1319 1292 1245
f 1328 1260 1320
f 1356 1310 1261
f 1329 1347 1250
f 1251 1329 1250
f 1251 1340 1329
f 1253 1392 1294
f 1306 1352 1275
f 1214 1282 1254
f 1297 1383 1214
f 1276 1256 1354
f 1256 1283 1354
f 1283 1228 1367
f 1284 1312 1384
f 1257 1258 1355
f 1298 1288 1289
f 1300 1290 1372
f 1291 1259 1338
f 1317 1318 1339
f 1244 1292 1319
f 1219 1310 1320
f 1293 1250 1321
f 1347 1321 1250
f 1311 1302 1279
f 1279 1271 1311
f 1271 1280 1311
f 1349 1311 1280
f 1272 1322 1381
f 1392 1346 1294
f 1392 1253 1281
f 1323 1281 1303
f 1304 1330 1273
f 1304 1274 1366
f 1295 1305 1341
f 1305 1275 1331
f 1275 1352 1331
f 1306 1353 1324
f 1297 1255 1241
f 1384 1367 1284
f 1308 1399 1334
f 1299 1300 1327
f 1372 1327 1300
f 1318 1244 1364
f 1319 1364 1244
f 1245 1246 1319
f 1328 1319 1246
f 1320 1365 1328
f 1322 1346 1374
f 1330 1323 1303
f 1274 1295 1366
f 1324 1352 1306
f 1367 1407 1283
f 1355 1258 1325
f 1285 1325 1258
f 1285 1293 1321
f 1286 1314 1369
f 1314 1287 1315
f 1370 1315 1287
f 1267 1288 1343
f 1288 1298 1359
f 1298 1334 1359
f 1233 1371 1247
f 1233 1335 1409
f 1362 1372 1290
f 1302 1311 1348
f 1381 1349 1272
f 1281 1323 1350
f 1305 1331 1341
f 1368 1332 1313
f 1357 1368 1313
f 1286 1369 1385
f 1369 1314 1315
f 1370 1267 1343
f 1387 1399 1308
f 1247 1387 1308
f 1409 1371 1233
f 1418 1344 1265
f 1265 1309 1418
f 1309 1299 1401
f 1327 1401 1299
f 1377 1235 1363
f 1360 1363 1235
f 1360 1316 1337
f 1460 1364 1319
f 1365 1380 1328
f 1347 1329 1421
f 1404 1340 1345
f 1422 1345 1302
f 1348 1422 1302
f 1381 1322 1431
f 1350 1392 1281
f 1330 1304 1351
f 1304 1366 1351
f 1341 1366 1295
f 1424 1341 1331
f 1445 1352 1324
f 1282 1353 1296
f 1463 1354 1283
f 1283 1407 1463
f 1326 1286 1358
f 1385 1358 1286
f 1369 1315 1386
f 1288 1359 1343
f 1387 1247 1371
f 1388 1301 1420
f 1380 1319 1328
f 1310 1356 1373
f 1349 1348 1311
f 1331 1352 1424
f 1282 1214 1383
f 1376 1241 1342
f 1415 1202 1307
f 1307 1276 1435
f 1343 1359 1398
f 1400 1409 1335
f 1335 1265 1456
f 1265 1344 1456
f 1327 1372 1447
f 1338 1317 1389
f 1320 1310 1365
f 1310 1373 1365
f 1404 1329 1340
f 1350 1323 1443
f 1443 1323 1444
f 1323 1330 1375
f 1415 1376 1342
f 1342 1202 1415
f 1257 1355 1312
f 1325 1474 1355
f 1336 1362 1290
f 1337 1316 1419
f 1379 1301 1338
f 1389 1317 1339
f 1380 1391 1319
f 1332 1436 1356
f 1405 1422 1348
f 1348 1349 1405
f 1322 1374 1431
f 1375 1444 1323
f 1351 1375 1330
f 1414 1424 1352
f 1383 1462 1282
f 1241 1376 1395
f 1276 1354 1425
f 1321 1347 1411
f 1421 1411 1347
f 1329 1404 1412
f 1349 1381 1442
f 1353 1282 1462
f 1395 1297 1241
f 1425 1435 1276
f 1285 1321 1486
f 1301 1379 1378
f 1379 1338 1389
f 1429 1339 1318
f 1364 1460 1390
f 1373 1356 1436
f 1358 1385 1416
f 1369 1417 1385
f 1359 1334 1398
f 1399 1398 1334
f 1456 1400 1335
f 1363 1360 1428
f 1361 1419 1316
f 1368 1436 1332
f 1397 1386 1315
f 1315 1370 1397
f 1437 1370 1343
f 1389 1339 1440
f 1345 1422 1404
f 1442 1405 1349
f 1406 1374 1346
f 1392 1406 1346
f 1351 1366 1393
f 1353 1445 1324
f 1415 1307 1435
f 1407 1367 1451
f 1464 1367 1384
f 1486 1325 1285
f 1326 1358 1333
f 1370 1437 1397
f 1387 1371 1454
f 1409 1408 1371
f 1439 1428 1337
f 1318 1364 1390
f 1365 1373 1448
f 1373 1436 1410
f 1412 1421 1329
f 1413 1431 1374
f 1406 1483 1374
f 1366 1341 1393
f 1394 1393 1341
f 1424 1394 1341
f 1382 1353 1462
f 1383 1297 1395
f 1354 1463 1425
f 1333 1358 1453
f 1454 1399 1387
f 1401 1327 1447
f 1402 1336 1377
f 1363 1428 1488
f 1420 1378 1403
f 1459 1378 1379
f 1448 1391 1380
f 1448 1373 1410
f 1321 1411 1396
f 1430 1404 1422
f 1483 1413 1374
f 1406 1392 1449
f 1392 1350 1433
f 1423 1375 1351
f 1351 1393 1423
f 1355 1474 1312
f 1486 1321 1396
f 1357 1452 1368
f 1385 1417 1416
f 1386 1477 1369
f 1408 1454 1371
f 1377 1363 1402
f 1361 1388 1458
f 1379 1389 1440
f 1429 1318 1390
f 1468 1460 1319
f 1319 1391 1468
f 1380 1365 1448
f 1442 1381 1431
f 1413 1432 1431
f 1433 1449 1392
f 1445 1414 1352
f 1395 1376 1434
f 1376 1415 1581
f 1416 1453 1358
f 1417 1369 1477
f 1343 1398 1437
f 1399 1427 1398
f 1409 1400 1455
f 1519 1456 1344
f 1344 1418 1478
f 1447 1372 1438
f 1372 1362 1438
f 1336 1506 1362
f 1488 1402 1363
f 1420 1458 1388
f 1410 1436 1461
f 1421 1412 1494
f 1350 1443 1433
f 1444 1375 1423
f 1445 1353 1446
f 1450 1446 1353
f 1382 1450 1353
f 1451 1499 1463
f 1463 1407 1451
f 1367 1464 1451
f 1325 1552 1474
f 1552 1325 1486
f 1452 1436 1368
f 1357 1333 1452
f 1426 1452 1333
f 1453 1426 1333
f 1397 1477 1386
f 1437 1398 1427
f 1455 1408 1409
f 1478 1519 1344
f 1309 1401 1511
f 1440 1339 1429
f 1429 1390 1441
f 1390 1460 1509
f 1461 1448 1410
f 1494 1514 1421
f 1489 1422 1405
f 1442 1489 1405
f 1471 1393 1394
f 1539 1464 1384
f 1384 1312 1539
f 1474 1539 1312
f 1417 1477 1476
f 1456 1455 1400
f 1418 1309 1511
f 1438 1362 1505
f 1506 1505 1362
f 1419 1439 1337
f 1458 1420 1520
f 1420 1403 1520
f 1459 1379 1479
f 1379 1440 1479
f 1562 1433 1443
f 1423 1393 1471
f 1394 1424 1472
f 1473 1424 1414
f 1414 1445 1473
f 1581 1434 1376
f 1526 1415 1435
f 1437 1529 1397
f 1487 1454 1408
f 1478 1418 1556
f 1447 1438 1504
f 1402 1506 1336
f 1458 1419 1361
f 1378 1658 1403
f 1459 1532 1378
f 1440 1429 1480
f 1448 1461 1469
f 1432 1413 1490
f 1449 1433 1495
f 1382 1462 1450
f 1436 1452 1475
f 1500 1467 1416
f 1416 1417 1500
f 1511 1556 1418
f 1503 1511 1401
f 1658 1378 1659
f 1532 1659 1378
f 1469 1481 1448
f 1475 1461 1436
f 1514 1411 1421
f 1482 1412 1404
f 1510 1482 1404
f 1404 1430 1510
f 1489 1430 1422
f 1442 1431 1523
f 1432 1523 1431
f 1413 1483 1490
f 1449 1483 1406
f 1443 1444 1562
f 1444 1423 1465
f 1472 1471 1394
f 1473 1472 1424
f 1446 1473 1445
f 1486 1485 1552
f 1452 1426 1466
f 1453 1466 1426
f 1501 1477 1397
f 1454 1427 1399
f 1455 1487 1408
f 1557 1438 1505
f 1479 1440 1480
f 1441 1480 1429
f 1396 1411 1522
f 1482 1494 1412
f 1515 1510 1430
f 1430 1489 1470
f 1523 1489 1442
f 1491 1483 1449
f 1495 1491 1449
f 1423 1471 1516
f 1450 1462 1497
f 1434 1581 1546
f 1498 1581 1415
f 1415 1526 1498
f 1451 1464 1499
f 1464 1539 1547
f 1518 1475 1452
f 1466 1518 1452
f 1453 1416 1467
f 1397 1529 1501
f 1487 1455 1502
f 1502 1455 1456
f 1504 1503 1401
f 1401 1447 1504
f 1558 1439 1419
f 1520 1492 1458
f 1507 1532 1459
f 1521 1507 1459
f 1521 1459 1479
f 1468 1391 1448
f 1481 1468 1448
f 1525 1497 1462
f 1383 1525 1462
f 1526 1435 1484
f 1435 1425 1484
f 1522 1486 1396
f 1417 1476 1500
f 1582 1427 1454
f 1519 1457 1456
f 1558 1488 1428
f 1479 1480 1508
f 1533 1508 1480
f 1509 1441 1390
f 1562 1495 1433
f 1472 1473 1517
f 1395 1525 1383
f 1547 1499 1464
f 1552 1575 1474
f 1485 1486 1588
f 1454 1487 1582
f 1402 1488 1531
f 1419 1458 1492
f 1521 1479 1508
f 1509 1460 1513
f 1460 1468 1513
f 1469 1461 1542
f 1465 1423 1496
f 1423 1516 1496
f 1446 1450 1537
f 1529 1437 1582
f 1437 1427 1582
f 1502 1456 1457
f 1504 1438 1557
f 1493 1533 1480
f 1480 1441 1493
f 1570 1481 1469
f 1475 1542 1461
f 1543 1522 1411
f 1514 1543 1411
f 1430 1470 1515
f 1523 1432 1560
f 1524 1560 1432
f 1471 1472 1517
f 1536 1517 1473
f 1497 1537 1450
f 1499 1547 1527
f 1575 1539 1474
f 1453 1467 1528
f 1566 1477 1501
f 1519 1478 1555
f 1556 1568 1478
f 1503 1504 1569
f 1592 1468 1481
f 1470 1489 1523
f 1432 1490 1524
f 1535 1490 1483
f 1491 1586 1483
f 1562 1444 1607
f 1465 1607 1444
f 1538 1525 1395
f 1395 1434 1538
f 1434 1546 1538
f 1527 1425 1463
f 1463 1499 1527
f 1475 1518 1540
f 1528 1518 1466
f 1466 1453 1528
f 1500 1553 1467
f 1577 1566 1501
f 1529 1577 1501
f 1502 1457 1548
f 1568 1555 1478
f 1569 1504 1512
f 1520 1403 1651
f 1658 1651 1403
f 1542 1549 1469
f 1482 1510 1534
f 1523 1571 1470
f 1560 1544 1523
f 1483 1586 1535
f 1491 1495 1580
f 1517 1516 1471
f 1545 1536 1473
f 1446 1545 1473
f 1537 1497 1596
f 1484 1587 1526
f 1484 1425 1610
f 1425 1527 1610
f 1527 1547 1605
f 1588 1486 1522
f 1528 1467 1553
f 1530 1582 1487
f 1487 1502 1530
f 1457 1519 1554
f 1504 1557 1649
f 1506 1402 1531
f 1419 1492 1727
f 1493 1441 1559
f 1509 1559 1441
f 1481 1570 1592
f 1624 1514 1494
f 1550 1494 1482
f 1510 1515 1534
f 1562 1580 1495
f 1546 1609 1538
f 1548 1530 1502
f 1554 1548 1457
f 1555 1554 1519
f 1541 1505 1506
f 1531 1583 1506
f 9566 1531 1488
f 1626 1492 1520
f 1651 1626 1520
f 1613 1521 1508
f 1615 1559 1509
f 1513 1615 1509
f 1468 1592 1513
f 1549 1570 1469
f 1542 1475 1540
f 1494 1550 1624
f 1482 1534 1550
f 1544 1571 1523
f 1580 1586 1491
f 1563 1545 1446
f 1537 1563 1446
f 1581 1498 1669
f 1498 1526 1587
f 1610 1631 1484
f 1552 1485 1598
f 1588 1598 1485
f 1540 1518 1576
f 1518 1528 1576
f 1553 1576 1528
f 1500 1476 1600
f 1566 1476 1477
f 1582 1577 1529
f 1649 1512 1504
f 1541 1557 1505
f 1584 1558 1419
f 1601 1613 1508
f 1508 1533 1601
f 1593 1549 1542
f 1624 1606 1514
f 1515 1470 1571
f 1544 1560 1604
f 1524 1490 1579
f 1490 1535 1579
f 1525 1596 1497
f 1587 1669 1498
f 1553 1500 1589
f 1600 1599 1500
f 1548 1554 1590
f 1555 1568 1618
f 1556 1511 1619
f 1578 1531 9566
f 1613 1507 1521
f 1533 1493 1602
f 1559 1602 1493
f 1542 1540 1593
f 1522 1543 1612
f 1606 1543 1514
f 1585 1571 1544
f 1535 1679 1579
f 1496 1516 1573
f 1516 1517 1573
f 1551 1573 1517
f 1539 1575 1670
f 1552 1565 1575
f 1599 1589 1500
f 1530 1548 1567
f 1548 1590 1567
f 1506 1583 1541
f 1513 1592 1591
f 1515 1571 1534
f 1560 1524 1572
f 1524 1561 1572
f 1579 1561 1524
f 1535 1586 1679
f 1607 1465 1660
f 1465 1496 1660
f 1551 1517 1629
f 1517 1536 1629
f 1563 1537 1595
f 1596 1595 1537
f 1631 1587 1484
f 1598 1565 1552
f 1646 1588 1522
f 1522 1612 1646
f 1619 1568 1556
f 1636 1583 1531
f 1531 1578 1636
f 1584 1419 1727
f 1727 1492 1657
f 1601 1533 1602
f 1549 1593 1622
f 1534 1594 1550
f 1572 1604 1560
f 1641 1679 1586
f 1536 1545 1644
f 1525 1538 1574
f 1655 1576 1553
f 1599 1600 1632
f 1476 1566 1600
f 1577 1690 1566
f 1582 1530 1633
f 1569 1512 1635
f 1513 1591 1615
f 1621 1592 1570
f 1639 1621 1570
f 1570 1549 1639
f 1622 1639 1549
f 1624 1550 1665
f 1585 1640 1571
f 1603 1585 1544
f 1544 1604 1603
f 1546 1581 1732
f 1610 1527 1597
f 1653 1605 1547
f 1547 1645 1653
f 1593 1540 1616
f 1589 1655 1553
f 1618 1554 1555
f 1541 1649 1557
f 1656 1578 9566
f 9566 1584 1656
f 1626 1657 1492
f 1642 1580 1562
f 1536 1644 1608
f 1563 1644 1545
f 1609 1721 1538
f 1669 1732 1581
f 1564 1597 1527
f 1605 1564 1527
f 1611 1547 1539
f 1539 1670 1611
f 1540 1576 1617
f 1576 1655 1617
f 1632 1600 1566
f 1633 1577 1582
f 1636 1541 1583
f 1637 1656 1584
f 1727 1637 1584
f 1638 1613 1601
f 1559 1614 1602
f 1687 1628 1585
f 1603 1687 1585
f 1660 1643 1607
f 1608 1629 1536
f 1574 1596 1525
f 1575 1565 1670
f 1588 1625 1598
f 1588 1646 1625
f 1530 1567 1633
f 1568 1619 1740
f 1614 1559 1615
f 1615 1591 1671
f 1621 1627 1592
f 1612 1543 1676
f 1534 1571 1691
f 1628 1640 1585
f 1580 1641 1586
f 1546 1732 1609
f 1653 1564 1605
f 1611 1645 1547
f 1589 1599 1662
f 1599 1632 1662
f 1690 1632 1566
f 1740 1618 1568
f 1511 1503 1634
f 1569 1634 1503
f 1657 1626 1650
f 1601 1602 1638
f 1707 1638 1602
f 1614 1707 1602
f 1591 1592 1627
f 1622 1593 1623
f 1593 1616 1623
f 1652 1594 1534
f 1534 1691 1652
f 1604 1678 1603
f 1604 1572 1678
f 1642 1562 1607
f 1573 1660 1496
f 1669 1587 1680
f 1675 1631 1610
f 1543 1606 1676
f 1571 1640 1691
f 1674 1572 1561
f 1579 1674 1561
f 1642 1641 1580
f 1573 1551 1629
f 1596 1574 1630
f 1646 1612 1654
f 1676 1654 1612
f 1626 1651 1684
f 1659 1714 1658
f 1671 1620 1615
f 1617 1647 1616
f 1616 1540 1617
f 1554 1734 1590
f 1554 1618 1734
f 1619 1511 1749
f 1634 1749 1511
f 1634 1569 1741
f 1635 1741 1569
f 1633 1567 1664
f 1541 1636 1697
f 1697 1636 1578
f 1727 1657 1728
f 1614 1615 1620
f 1627 1671 1591
f 1639 1622 1673
f 1702 1606 1624
f 1624 1665 1702
f 1784 1691 1640
f 1674 1678 1572
f 1668 1574 1538
f 1538 1721 1668
f 1661 1704 1625
f 1625 1646 1661
f 1662 1681 1589
f 1648 1567 1590
f 1697 1578 1656
f 1685 1507 1613
f 1616 1647 1623
f 1702 1676 1606
f 1640 1628 1693
f 1579 1679 1674
f 1587 1631 1675
f 1597 1675 1610
f 1695 1647 1617
f 1655 1589 1681
f 1690 1577 1633
f 1696 1648 1590
f 1684 1651 1764
f 1659 1532 1715
f 1532 1507 1715
f 1759 1685 1613
f 1707 1614 1735
f 1620 1735 1614
f 1621 1639 1673
f 1719 1665 1550
f 1687 1693 1628
f 1642 1607 1688
f 1643 1688 1607
f 1660 1573 1739
f 1574 1668 1630
f 1597 1564 1689
f 1653 1645 1758
f 1565 1598 1704
f 1598 1625 1704
f 1663 1662 1632
f 1512 1649 1725
f 1726 1649 1541
f 1650 1626 1684
f 1658 1764 1651
f 1729 1613 1638
f 1672 1627 1621
f 1784 1692 1691
f 1687 1603 1666
f 1773 1732 1669
f 1708 1661 1646
f 1681 1747 1655
f 1690 1663 1632
f 1567 1648 1664
f 1512 1705 1635
f 1650 1728 1657
f 1685 1716 1507
f 1613 1729 1759
f 1671 1686 1620
f 1671 1627 1672
f 1621 1673 1718
f 1678 1666 1603
f 1678 1674 1731
f 1720 1674 1679
f 1642 1756 1641
f 1629 1739 1573
f 1667 1608 1644
f 1644 1563 1667
f 1808 1667 1563
f 1595 1808 1563
f 1596 1630 1694
f 1630 1668 1762
f 1840 1680 1587
f 1587 1675 1840
f 1653 1689 1564
f 1704 1661 1736
f 1646 1654 1700
f 1676 1746 1654
f 1655 1695 1617
f 1682 1681 1662
f 1662 1663 1831
f 1649 1726 1725
f 1726 1541 1697
f 1715 1507 1716
f 1623 1647 1677
f 1756 1679 1641
f 1595 1596 1694
f 1680 1773 1669
f 1758 1689 1653
f 1670 1565 1711
f 1700 1708 1646
f 1746 1700 1654
f 1662 1831 1682
f 1663 1690 1766
f 1683 1690 1633
f 1633 1664 1683
f 1648 1683 1664
f 1590 1734 1696
f 1740 1734 1618
f 1748 1740 1619
f 1748 1619 1749
f 1715 1714 1659
f 1729 1638 1707
f 1718 1672 1621
f 1673 1622 1699
f 1622 1623 1699
f 1760 1550 1594
f 1678 1731 1710
f 1643 1660 1775
f 1739 1775 1660
f 1667 1807 1608
f 1808 1595 1694
f 1668 1721 1762
f 1746 1676 1817
f 1705 1512 1725
f 1714 1764 1658
f 1735 1620 1686
f 1623 1677 1699
f 1676 1702 1701
f 1710 1666 1678
f 1679 1756 1720
f 1756 1642 1688
f 1775 1703 1643
f 1721 1609 1798
f 1704 1711 1565
f 1701 1817 1676
f 1647 1695 1712
f 1747 1695 1655
f 1697 1706 1726
f 1697 1656 9572
f 1742 9572 1656
f 1637 1742 1656
f 1728 1650 1779
f 1750 1650 1684
f 1671 1672 1744
f 1718 1717 1672
f 1698 1718 1673
f 1709 1693 1687
f 1687 1666 1709
f 1703 1688 1643
f 1762 1721 1828
f 1766 1690 1683
f 1734 1713 1696
f 1734 1740 1778
f 1800 1778 1740
f 1716 1685 1765
f 1744 1672 1717
f 1736 1661 1708
f 1795 1702 1665
f 1665 1719 1795
f 1550 1760 1719
f 1691 1692 1652
f 1597 1689 1774
f 1723 1677 1647
f 1712 1723 1647
f 1747 1810 1695
f 1682 1747 1681
f 1831 1663 1763
f 1766 1763 1663
f 1713 1648 1696
f 1727 1742 1637
f 1743 1779 1650
f 1816 1765 1685
f 1685 1759 1816
f 1735 1768 1707
f 1686 1671 1744
f 1698 1673 1699
f 1704 1736 1730
f 1594 1652 1760
f 1731 1674 1720
f 1629 1608 1776
f 1807 1776 1608
f 1758 1774 1689
f 1611 1670 1722
f 1711 1722 1670
f 1711 1704 1730
f 1695 1810 1712
f 1831 1724 1682
f 1733 1683 1648
f 1740 1748 1833
f 1764 1714 1803
f 1729 1707 1768
f 1735 1686 1780
f 1717 1718 1751
f 1795 1754 1702
f 1709 1786 1693
f 1666 1838 1709
f 1710 1761 1666
f 1694 1630 1757
f 1829 1675 1597
f 1741 1635 1767
f 1705 1767 1635
f 1706 1813 1726
f 1650 1750 1743
f 1684 1764 1750
f 1714 1715 1815
f 1715 1716 1867
f 1765 1867 1716
f 1770 1699 1677
f 1723 1770 1677
f 1753 1700 1746
f 1737 1795 1719
f 1640 1693 1755
f 1761 1838 1666
f 1731 1720 1710
f 1688 1703 1738
f 1775 1738 1703
f 1774 1829 1597
f 1648 1713 1733
f 1813 1725 1726
f 1727 1728 1779
f 1750 1764 1848
f 1768 1824 1729
f 1744 1780 1686
f 1744 1717 1804
f 1793 1736 1708
f 1745 1752 1708
f 1708 1700 1745
f 1753 1745 1700
f 1806 1783 1719
f 1719 1760 1806
f 1755 1784 1640
f 1786 1785 1693
f 1810 1723 1712
f 1683 1733 1789
f 1749 1634 1801
f 1706 9572 1813
f 1769 1751 1718
f 1769 1718 1698
f 1699 1782 1698
f 1708 1752 1793
f 1754 1794 1701
f 1796 1710 1720
f 1738 1756 1688
f 1739 1797 1775
f 1739 1629 1797
f 1808 1807 1667
f 1808 1694 1822
f 1757 1822 1694
f 1733 1713 1799
f 1778 1713 1734
f 1875 1800 1740
f 1801 1634 1854
f 1767 1854 1634
f 1634 1741 1767
f 1790 1705 1725
f 1814 1813 9572
f 1743 1847 1779
f 1780 1744 1804
f 1782 1769 1698
f 1817 1753 1746
f 1817 1701 1818
f 1794 1818 1701
f 1756 1796 1720
f 1797 1629 1776
f 1807 1808 1772
f 1827 1630 1762
f 1798 1828 1721
f 1609 1732 1798
f 1788 1645 1611
f 1611 1722 1788
f 1724 1747 1682
f 1683 1789 1812
f 1846 1799 1713
f 1740 1833 1875
f 1749 1833 1748
f 1742 1814 9572
f 1909 1802 1742
f 1742 1727 1909
f 1779 1909 1727
f 1768 1735 1860
f 1730 1736 1805
f 1745 1793 1752
f 1719 1783 1737
f 1760 1652 1837
f 1692 1837 1652
f 1827 1757 1630
f 1918 1827 1762
f 1773 1798 1732
f 1773 1680 1884
f 1680 1840 1884
f 1788 1758 1645
f 1811 1763 1766
f 1733 1799 1789
f 1867 1815 1715
f 1824 1759 1729
f 1780 1860 1735
f 1770 1782 1699
f 1771 1745 1753
f 1692 1784 1927
f 1761 1710 1796
f 1821 1820 1756
f 1756 1738 1821
f 1840 1675 1829
f 1758 1777 1774
f 1842 1770 1723
f 1723 1810 1842
f 1812 1766 1683
f 1833 1749 1886
f 1801 1886 1749
f 1782 1781 1769
f 1805 1736 1871
f 1793 1871 1736
f 1863 1771 1753
f 1753 1817 1863
f 1754 1795 1850
f 1795 1737 1865
f 1755 1693 1878
f 1785 1878 1693
f 1761 1796 1787
f 1807 1892 1776
f 1777 1758 1809
f 1810 1747 1843
f 1724 1843 1747
f 1831 1763 1823
f 1766 1812 1811
f 1813 1790 1725
f 1814 1742 1802
f 1759 1824 1792
f 1751 1769 1861
f 1781 1861 1769
f 1819 1786 1709
f 1709 1838 1819
f 1762 1828 1918
f 1829 1774 1777
f 1812 1789 1873
f 1815 1803 1714
f 1765 1816 1791
f 1759 1792 1816
f 1892 1797 1776
f 1856 1772 1808
f 1827 1822 1757
f 1722 1711 1852
f 1730 1852 1711
f 1980 1800 1875
f 1854 1767 2050
f 1705 1887 1767
f 1909 1779 1834
f 1847 1834 1779
f 1780 1804 1891
f 1793 1745 1836
f 1817 1818 1864
f 1837 1806 1760
f 1927 1837 1692
f 1784 1902 1927
f 1784 1755 1902
f 1878 1785 1928
f 1839 1821 1738
f 1826 1839 1738
f 1775 1826 1738
f 1829 1903 1840
f 1809 1758 1885
f 1758 1788 1885
f 1788 1722 1893
f 1763 1811 1823
f 1873 1789 1799
f 1980 1874 1800
f 1887 2050 1767
f 1813 1814 1888
f 1803 1848 1764
f 1860 1897 1768
f 1717 1751 1835
f 1751 1861 1835
f 1862 1781 1782
f 1825 1836 1745
f 1795 1865 1850
f 1819 1785 1786
f 1787 1855 1761
f 1866 1787 1796
f 1820 1866 1796
f 1822 1882 1808
f 1918 1828 1868
f 1883 1868 1828
f 1913 1828 1798
f 1831 1845 1724
f 1823 1832 1831
f 1778 1800 1925
f 1874 1925 1800
f 1867 1765 1791
f 1835 1891 1804
f 1804 1717 1835
f 1770 1862 1782
f 1771 1825 1745
f 1863 1849 1771
f 1838 1761 1855
f 1821 1866 1820
f 1797 1826 1775
f 1892 1807 1881
f 1807 1772 1881
f 1882 1856 1808
f 1798 1773 1869
f 1777 1841 1829
f 1805 1852 1730
f 1810 1853 1842
f 1843 1853 1810
f 1811 1812 1873
f 1925 1713 1778
f 1705 1790 1926
f 1750 1848 1895
f 1897 1824 1768
f 1817 1864 1863
f 1856 1881 1772
f 1822 1827 1882
f 1869 1913 1798
f 1777 1809 1830
f 1885 1830 1809
f 1844 1843 1724
f 1910 1895 1848
f 1891 1860 1780
f 1755 1878 1948
f 1866 1821 1880
f 1903 1829 1841
f 1830 1841 1777
f 1852 1893 1722
f 1845 1831 1858
f 1873 1872 1811
f 1888 1915 1813
f 1802 1888 1814
f 1895 1859 1750
f 1803 1815 2025
f 1911 2025 1815
f 1906 1911 1815
f 1815 1867 1906
f 1862 1770 1900
f 1818 1850 1877
f 1948 1902 1755
f 1819 1879 1785
f 1787 1866 1916
f 1884 1840 1908
f 1908 1840 1903
f 1841 1830 1851
f 1870 1851 1830
f 1830 1885 1870
f 1770 1842 1857
f 1845 1844 1724
f 1873 1799 1923
f 1799 1846 1923
f 1846 1713 1924
f 1925 1924 1713
f 1874 1980 1968
f 1833 1937 1875
f 1859 1834 1847
f 1896 1910 1848
f 1848 1803 1896
f 2025 1896 1803
f 1824 1897 1890
f 1966 1805 1871
f 1871 1793 1931
f 1836 1931 1793
f 1921 1836 1825
f 1894 1825 1771
f 1771 1849 1894
f 1849 1863 1912
f 1877 1864 1818
f 1737 1783 1865
f 1819 1838 1941
f 1838 1855 1941
f 1880 1821 1942
f 1839 1942 1821
f 1797 1935 1826
f 1883 1828 1913
f 1884 1869 1773
f 1893 1885 1788
f 1843 1844 1951
f 1832 1858 1831
f 1872 1823 1811
f 1886 1937 1833
f 1926 1887 1705
f 1792 1824 1890
f 1835 1861 1939
f 1781 1862 1899
f 1940 1899 1862
f 1850 1865 1901
f 1879 1819 2063
f 1787 1916 1855
f 1913 1869 1996
f 1842 1853 1857
f 1853 1843 1951
f 1823 1872 1922
f 1867 1791 1938
f 1897 1860 1946
f 1899 1861 1781
f 1863 1864 1912
f 1927 2015 1837
f 1941 1929 1819
f 1866 1880 1916
f 1856 1882 1986
f 1869 1884 1963
f 1955 1931 1836
f 1924 1923 1846
f 1874 1968 1979
f 1906 1867 1938
f 1816 1792 1791
f 1860 1898 1946
f 1891 1898 1860
f 1891 1835 1939
f 1864 1877 1947
f 1877 1850 1958
f 1837 1934 1806
f 1916 1941 1855
f 1986 1917 1856
f 1920 1851 1870
f 1930 1852 1805
f 1805 1966 1930
f 1894 1921 1825
f 1923 1932 1873
f 1979 1925 1874
f 1980 1875 1981
f 1937 1981 1875
f 1887 1926 1904
f 1909 1834 1889
f 1933 1898 1891
f 1770 1857 1900
f 1864 1947 1912
f 1972 1901 1865
f 1974 1783 1806
f 1806 1934 1974
f 1879 1928 1785
f 1962 1892 1881
f 1856 1917 1881
f 1907 1882 1827
f 1827 1918 1907
f 1870 1885 1914
f 1893 1914 1885
f 1921 1955 1836
f 1832 1936 1858
f 1801 1945 1886
f 1905 1876 1888
f 1888 1802 1905
f 1909 1905 1802
f 1939 1861 1899
f 1862 1900 1940
f 1912 1894 1849
f 1783 1974 1973
f 2063 1819 1929
f 1880 1942 1960
f 1797 1892 1962
f 1986 1882 1907
f 1919 1903 1841
f 1841 1851 1964
f 1914 1920 1870
f 1852 1965 1893
f 1931 1966 1871
f 1921 1894 2008
f 1932 1872 1873
f 1932 1923 2000
f 1854 2050 1801
f 1910 1859 1895
f 1956 1791 1792
f 1890 1956 1792
f 1934 1837 2015
f 1959 1927 1902
f 1902 1948 1959
f 1916 1880 1953
f 1920 1964 1851
f 1832 1823 1989
f 1970 1890 1897
f 2011 1946 1898
f 1947 1877 1958
f 1880 1960 1953
f 1935 1839 1826
f 1962 1935 1797
f 1943 1963 1884
f 1920 1914 1944
f 1965 1914 1893
f 1951 1857 1853
f 1989 1936 1832
f 1922 1989 1823
f 2050 1945 1801
f 1926 1915 2002
f 1905 1909 2033
f 1889 2033 1909
f 1834 1859 2004
f 1890 1970 1969
f 1933 1891 1939
f 1881 1917 1950
f 1963 1996 1869
f 1908 1943 1884
f 1987 1908 1903
f 1841 1964 1919
f 1923 1924 2000
f 1904 1983 1887
f 1876 2002 1915
f 1906 1938 2010
f 1933 2011 1898
f 1939 1899 2006
f 1947 2052 1912
f 1992 1958 1850
f 1850 1901 1992
f 1928 1879 2044
f 1953 1941 1916
f 1942 1839 1961
f 1949 1961 1839
f 1935 1949 1839
f 2022 1944 1914
f 2008 1967 1921
f 2032 1857 1951
f 1977 1951 1844
f 1845 1977 1844
f 1999 1922 1872
f 2000 1978 1932
f 2001 1924 1925
f 1979 2001 1925
f 2004 1889 1834
f 1957 1956 1890
f 1897 1946 1971
f 1952 1894 1912
f 1959 1993 1927
f 1879 2063 2029
f 1907 1918 2030
f 1868 2030 1918
f 1919 1987 1903
f 1965 2022 1914
f 1858 1977 1845
f 1872 1932 1978
f 1968 1980 2024
f 1887 1982 2050
f 1859 1910 2082
f 1984 1896 2025
f 1971 1970 1897
f 1783 1973 1865
f 1950 1962 1881
f 1996 1883 1913
f 1943 1908 2106
f 1987 2106 1908
f 1919 1964 1997
f 1944 1976 1920
f 1965 1852 2067
f 2057 2067 1852
f 1852 1930 2057
f 1931 2013 1966
f 1931 1955 2108
f 1955 1921 1967
f 1924 2001 2058
f 2002 1904 1926
f 1876 1905 2009
f 1910 1896 1990
f 2051 2010 1938
f 1938 1791 2051
f 1890 1969 1957
f 1933 1939 2006
f 2052 1952 1912
f 1964 1920 1976
f 1944 2022 2045
f 1998 2008 1894
f 1983 1982 1887
f 2033 2009 1905
f 2078 2033 1889
f 1889 2004 2078
f 1990 2082 1910
f 2011 1971 1946
f 1952 1998 1894
f 1992 1901 2043
f 1993 2015 1927
f 1948 1878 1975
f 1975 1878 1928
f 2044 1975 1928
f 2018 1935 1962
f 1883 1996 1954
f 1930 1966 2057
f 1951 1977 2074
f 2002 1876 2003
f 2009 2003 1876
f 1933 2006 2097
f 2007 1940 1900
f 1958 1992 2028
f 1959 1948 1994
f 1948 1975 2012
f 1929 1941 2016
f 1985 2016 1941
f 1941 1953 1985
f 1953 1960 1985
f 1960 1942 2054
f 1961 2054 1942
f 1935 2018 2017
f 1907 2065 1986
f 2030 1868 1954
f 1868 1883 1954
f 1997 1964 2090
f 1857 2032 1988
f 2032 1951 2074
f 1858 1936 2139
f 1979 1968 2001
f 1984 1990 1896
f 1969 2005 1957
f 2052 1947 2042
f 2028 2042 1947
f 1947 1958 2028
f 1901 1972 2043
f 2021 1973 1974
f 2014 1974 1934
f 2015 2014 1934
f 2012 1994 1948
f 1995 2018 1962
f 1986 2065 2019
f 2116 1987 1919
f 1964 1976 2090
f 2067 2022 1965
f 2013 1931 2108
f 2037 1999 1872
f 2024 2001 1968
f 1937 1886 2060
f 1945 2060 1886
f 1956 2051 1791
f 1899 1991 2006
f 1940 1991 1899
f 1900 1857 2007
f 1988 2007 1857
f 1952 2027 1998
f 2044 1879 2029
f 2016 2035 1929
f 1985 1960 2053
f 1962 1950 1995
f 1976 1944 2020
f 1955 1967 2072
f 1998 2046 2008
f 2024 1980 2059
f 1981 2059 1980
f 1969 1970 2026
f 1971 2011 2040
f 2062 1972 1865
f 1865 1973 2062
f 2063 1929 2035
f 2081 2016 1985
f 2053 1960 2054
f 1950 1917 1995
f 1944 2045 2020
f 2031 2057 1966
f 1966 2013 2031
f 1936 1989 2075
f 2050 2180 1945
f 2026 2005 1969
f 2097 2011 1933
f 2097 2006 1991
f 1991 1940 2007
f 2017 1949 1935
f 2030 2065 1907
f 1963 1943 2055
f 2038 1978 2000
f 2000 1924 2038
f 2001 2024 2023
f 2049 1945 2180
f 2033 2077 2009
f 2004 1859 2208
f 2079 2082 1990
f 2040 2026 1970
f 1970 1971 2040
f 2104 2028 1992
f 1992 2043 2104
f 1974 2014 2021
f 1995 1917 2019
f 1986 2019 1917
f 1954 1996 2036
f 1943 2106 2055
f 2046 1967 2008
f 1983 1904 2039
f 2002 2039 1904
f 2003 2009 2077
f 2025 2141 1984
f 2015 1993 2113
f 1954 2036 2115
f 2090 1976 2117
f 2056 2020 2045
f 2022 2067 2118
f 2132 2031 2013
f 2108 2132 2013
f 1967 2046 2073
f 2046 1998 2027
f 2007 1988 2084
f 2048 2075 1989
f 1989 1922 2048
f 1872 1978 2037
f 2058 2038 1924
f 1937 2076 1981
f 2208 2078 2004
f 2082 2208 1859
f 1990 1984 2061
f 1957 2111 1956
f 2042 2028 2034
f 1996 1963 2036
f 2022 2131 2045
f 2072 2108 1955
f 2076 2059 1981
f 1982 1983 2039
f 2095 2079 1990
f 1984 2141 2061
f 1957 2005 2111
f 2011 2097 2126
f 1952 2052 2080
f 2113 1993 2088
f 1993 1959 2088
f 1994 2088 1959
f 1954 2115 2030
f 2086 2117 1976
f 1858 2093 1977
f 2139 1936 2075
f 2023 2058 2001
f 2076 1937 2060
f 2095 1990 2061
f 2051 2142 2010
f 2097 1991 2041
f 2084 2098 2007
f 2027 1952 2071
f 2104 2034 2028
f 1972 2105 2043
f 2062 2105 1972
f 1973 2021 2062
f 2014 2015 2113
f 2054 1961 2064
f 1961 1949 2064
f 1919 1997 2116
f 2086 1976 2020
f 2118 2131 2022
f 2032 2074 2047
f 1922 1999 2048
f 2094 2037 1978
f 2049 2060 1945
f 2003 2039 2002
f 2033 2078 2069
f 1906 2010 2142
f 2081 2146 2035
f 2016 2081 2035
f 2081 1985 2122
f 2053 2122 1985
f 2114 1949 2017
f 2019 2100 1995
f 2139 2093 1858
f 2110 2023 2024
f 2039 2003 2133
f 2003 2077 2133
f 2025 1911 2141
f 1991 2007 2098
f 1994 2012 2099
f 2018 1995 2100
f 2089 2123 2065
f 2065 2030 2089
f 2036 1963 2066
f 2055 2066 1963
f 2106 1987 2191
f 2107 2056 2045
f 2046 2027 2071
f 2075 2048 2124
f 1982 2180 2050
f 2135 2082 2079
f 1911 1906 2246
f 2070 2051 1956
f 1956 2111 2070
f 2143 2165 2026
f 2026 2040 2143
f 2011 2126 2136
f 1991 2098 2041
f 2137 2080 2052
f 2052 2042 2137
f 2112 2104 2043
f 2043 2105 2112
f 2088 1994 2155
f 2012 1975 2099
f 2054 2200 2053
f 1987 2116 2191
f 2131 2107 2045
f 2072 1967 2073
f 2024 2059 2110
f 2077 2033 2069
f 2111 2005 2096
f 2005 2026 2096
f 2040 2011 2103
f 2034 2137 2042
f 1975 2044 2129
f 2029 2129 2044
f 2200 2054 2157
f 2054 2064 2211
f 1949 2114 2064
f 2019 2065 2123
f 2067 2057 2171
f 2057 2031 2171
f 2073 2068 2072
f 2092 2084 1988
f 1988 2032 2092
f 2074 1977 2093
f 2125 2094 1978
f 2060 2049 2121
f 2180 2121 2049
f 2180 1982 2101
f 2102 2079 2095
f 2142 2051 2087
f 2083 2087 2051
f 2051 2070 2083
f 2103 2011 2136
f 1952 2080 2162
f 2085 2021 2014
f 2099 2155 1994
f 2063 2035 2146
f 2158 2100 2019
f 2192 2191 2116
f 2116 1997 2218
f 2020 2056 2091
f 2047 2092 2032
f 2038 2125 1978
f 2119 2038 2058
f 2058 2023 2119
f 2023 2110 2119
f 2110 2059 2140
f 2059 2076 2140
f 1982 2039 2101
f 2133 2101 2039
f 2078 2208 2284
f 2273 2102 2095
f 2165 2096 2026
f 2040 2103 2143
f 2014 2113 2085
f 2211 2157 2054
f 2089 2030 2138
f 2115 2138 2030
f 2066 2055 2169
f 2106 2169 2055
f 2171 2118 2067
f 2073 2046 2174
f 2060 2121 2120
f 2133 2077 2181
f 2069 2078 2196
f 2098 2084 2127
f 2071 1952 2162
f 2144 2105 2062
f 2029 2063 2168
f 2146 2168 2063
f 2158 2019 2123
f 2090 2218 1997
f 2132 2171 2031
f 2074 2093 2159
f 2139 2075 2124
f 1999 2037 2048
f 2134 2181 2077
f 2077 2069 2134
f 2208 2082 2135
f 2246 2141 1911
f 2034 2104 2167
f 2274 2113 2088
f 2155 2274 2088
f 2129 2099 1975
f 2017 2203 2114
f 2018 2100 2182
f 2090 2117 2173
f 2091 2086 2020
f 2131 2118 2193
f 2109 2147 2068
f 2068 2073 2109
f 2073 2174 2109
f 2092 2127 2084
f 2148 2047 2074
f 2069 2196 2134
f 2095 2061 2273
f 2165 2186 2096
f 2041 2098 2209
f 2099 2129 2216
f 2129 2029 2168
f 2122 2053 2200
f 2068 2108 2072
f 2093 2139 2149
f 2120 2121 2179
f 2180 2179 2121
f 2133 2164 2101
f 2284 2196 2078
f 2102 2135 2079
f 2041 2166 2097
f 2162 2153 2071
f 2162 2080 2238
f 2137 2238 2080
f 2167 2137 2034
f 2112 2167 2104
f 2182 2017 2018
f 2158 2182 2100
f 2089 2138 2190
f 2173 2218 2090
f 2086 2275 2117
f 2108 2068 2147
f 2109 2174 2213
f 2163 2037 2094
f 2094 2125 2163
f 2038 2119 2125
f 2101 2150 2180
f 2246 1906 2160
f 2142 2160 1906
f 2070 2111 2228
f 2209 2098 2152
f 2127 2152 2098
f 2128 2062 2021
f 2085 2128 2021
f 2146 2081 2156
f 2192 2116 2218
f 2275 2173 2117
f 2275 2086 2091
f 2130 2091 2056
f 2118 2171 2193
f 2132 2108 2183
f 2244 2163 2125
f 2184 2125 2119
f 2257 2083 2070
f 2197 2103 2136
f 2166 2136 2126
f 2209 2166 2041
f 2154 2112 2105
f 2144 2154 2105
f 2113 2274 2145
f 2081 2122 2156
f 2122 2200 2210
f 2066 2223 2036
f 2169 2106 2191
f 2174 2046 2306
f 2175 2306 2046
f 2047 2214 2092
f 2125 2184 2244
f 2176 2184 2119
f 2119 2110 2176
f 2140 2076 2177
f 2060 2177 2076
f 2142 2087 2151
f 2185 2228 2111
f 2111 2096 2185
f 2186 2165 2229
f 2197 2143 2103
f 2126 2097 2166
f 2062 2128 2144
f 2145 2085 2113
f 2190 2123 2089
f 2223 2233 2115
f 2115 2036 2223
f 2132 2183 2171
f 2153 2175 2046
f 2046 2071 2153
f 2139 2124 2205
f 2124 2048 2205
f 2048 2037 2262
f 2120 2177 2060
f 2164 2133 2181
f 2186 2215 2096
f 2210 2156 2122
f 2064 2114 2202
f 2115 2233 2138
f 2241 2130 2056
f 2056 2107 2241
f 2219 2262 2037
f 2140 2176 2110
f 2179 2178 2120
f 2160 2142 2151
f 2087 2083 2265
f 2187 2154 2144
f 2301 2128 2085
f 2155 2099 2198
f 2099 2216 2198
f 2107 2131 2212
f 2193 2212 2131
f 2183 2108 2242
f 2108 2147 2242
f 2127 2092 2161
f 2148 2074 2159
f 2257 2070 2228
f 2172 2152 2127
f 2162 2230 2153
f 2145 2274 2239
f 2287 2274 2155
f 2198 2287 2155
f 2200 2157 2201
f 2318 2201 2157
f 2202 2211 2064
f 2217 2158 2123
f 2190 2217 2123
f 2091 2130 2170
f 2214 2161 2092
f 2243 2214 2047
f 2148 2243 2047
f 2159 2243 2148
f 2093 2261 2159
f 2226 2273 2061
f 2061 2141 2226
f 2246 2227 2141
f 2215 2185 2096
f 2136 2166 2197
f 2167 2112 2232
f 2168 2146 2199
f 2156 2199 2146
f 2066 2169 2251
f 2194 2147 2109
f 2109 2213 2194
f 2149 2139 2308
f 2205 2308 2139
f 2163 2219 2037
f 2177 2120 2178
f 2101 2164 2220
f 2227 2226 2141
f 2257 2265 2083
f 2229 2165 2247
f 2165 2143 2247
f 2161 2172 2127
f 2129 2168 2199
f 2203 2202 2114
f 2182 2203 2017
f 2183 2193 2171
f 2207 2181 2134
f 2134 2196 2207
f 2256 2207 2196
f 2238 2231 2162
f 2232 2112 2267
f 2301 2187 2144
f 2144 2128 2301
f 2173 2275 2320
f 2194 2242 2147
f 2271 2213 2174
f 2306 2271 2174
f 2338 2205 2048
f 2048 2262 2338
f 2163 2244 2254
f 2177 2178 2206
f 2220 2195 2101
f 2263 2208 2135
f 2263 2135 2102
f 2102 2273 2263
f 2215 2186 2229
f 2143 2197 2247
f 2231 2230 2162
f 2154 2187 2221
f 2289 2199 2156
f 2188 2289 2156
f 2211 2318 2157
f 2203 2182 2204
f 2189 2204 2182
f 2182 2158 2189
f 2191 2329 2169
f 2149 2261 2093
f 2244 2184 2236
f 2176 2236 2184
f 2177 2206 2140
f 2263 2280 2208
f 2265 2151 2087
f 2238 2137 2259
f 2137 2167 2259
f 2232 2259 2167
f 2267 2112 2154
f 2154 2221 2267
f 2198 2216 2240
f 2216 2129 2288
f 2199 2288 2129
f 2188 2156 2210
f 2251 2223 2066
f 2091 2252 2275
f 2130 2241 2276
f 2243 2159 2261
f 2176 2140 2224
f 2179 2245 2178
f 2297 2256 2196
f 2196 2284 2297
f 2226 2227 2264
f 2215 2401 2185
f 2229 2258 2215
f 2197 2166 2248
f 2249 2248 2166
f 2166 2209 2249
f 2298 2209 2152
f 2161 2214 2172
f 2240 2287 2198
f 2289 2302 2199
f 2200 2201 2210
f 2303 2211 2202
f 2158 2217 2189
f 2091 2170 2252
f 2170 2130 2270
f 2276 2270 2130
f 2212 2241 2107
f 2175 2153 2299
f 2153 2230 2299
f 2219 2163 2254
f 2206 2224 2140
f 2179 2180 2150
f 2181 2207 2225
f 2280 2284 2208
f 2248 2247 2197
f 2152 2172 2298
f 2315 2221 2187
f 2301 2085 2327
f 2302 2260 2199
f 2303 2318 2211
f 2268 2202 2203
f 2251 2169 2329
f 2192 2218 2269
f 2234 2212 2193
f 2193 2183 2234
f 2183 2242 2234
f 2194 2213 2235
f 2150 2101 2195
f 2164 2181 2225
f 2215 2258 2266
f 2209 2298 2249
f 2085 2145 2327
f 2288 2240 2216
f 2288 2199 2260
f 2188 2210 2369
f 2204 2268 2203
f 2222 2189 2217
f 2190 2138 2250
f 2233 2250 2138
f 2218 2173 2269
f 2242 2194 2253
f 2271 2306 2383
f 2236 2176 2224
f 2245 2309 2178
f 2164 2399 2220
f 2172 2214 2314
f 2187 2301 2315
f 2329 2191 2358
f 2191 2192 2358
f 2235 2213 2295
f 2213 2271 2295
f 2309 2206 2178
f 2245 2179 2279
f 2256 2225 2207
f 2264 2273 2226
f 2160 2151 2312
f 2237 2257 2228
f 2228 2185 2400
f 2401 2400 2185
f 2281 2232 2267
f 2321 2252 2170
f 2170 2270 2321
f 2299 2230 2342
f 2244 2236 2345
f 2272 2345 2236
f 2224 2255 2236
f 2150 2279 2179
f 2256 2297 2311
f 2246 2160 2341
f 2312 2151 2455
f 2265 2455 2151
f 2354 2258 2229
f 2231 2238 2355
f 2259 2355 2238
f 2145 2239 2373
f 2250 2217 2190
f 2223 2251 2233
f 2269 2358 2192
f 2241 2212 2294
f 2277 2294 2212
f 2234 2277 2212
f 2235 2253 2194
f 2299 2306 2175
f 2243 2261 2282
f 2378 2254 2244
f 2345 2378 2244
f 2224 2206 2339
f 2225 2399 2164
f 2264 2227 2323
f 2340 2323 2227
f 2227 2246 2340
f 2341 2340 2246
f 2333 2237 2228
f 2401 2215 2266
f 2248 2249 2368
f 2286 2298 2172
f 2314 2286 2172
f 2259 2232 2355
f 2301 2327 2335
f 2373 2327 2145
f 2290 2303 2202
f 2202 2268 2290
f 2204 2189 2319
f 2292 2319 2189
f 2217 2250 2222
f 2352 2233 2251
f 2275 2252 2344
f 2242 2277 2234
f 2253 2235 2360
f 2296 2314 2214
f 2261 2149 2278
f 2308 2278 2149
f 2308 2205 2338
f 2236 2255 2272
f 2150 2195 2310
f 2273 2264 2353
f 2237 2265 2257
f 2228 2400 2333
f 2229 2247 2334
f 2285 2334 2247
f 2247 2248 2285
f 2230 2231 2342
f 2324 2355 2232
f 2325 2324 2232
f 2326 2267 2221
f 2239 2274 2350
f 2288 2260 2328
f 2189 2222 2292
f 2329 2352 2251
f 2173 2320 2330
f 2235 2295 2336
f 2243 2296 2214
f 2219 2254 2410
f 2279 2438 2245
f 2399 2332 2220
f 2311 2346 2256
f 2415 2280 2263
f 2248 2368 2285
f 2300 2342 2231
f 2355 2300 2231
f 2267 2326 2281
f 2201 2369 2210
f 2268 2204 2291
f 2269 2173 2330
f 2293 2276 2241
f 2294 2293 2241
f 2253 2277 2242
f 2282 2296 2243
f 2384 2338 2262
f 2262 2219 2384
f 2225 2256 2346
f 2297 2284 2283
f 2274 2287 2350
f 2318 2317 2201
f 2291 2290 2268
f 2252 2321 2344
f 2305 2270 2276
f 2293 2305 2276
f 2363 2295 2271
f 2378 2331 2254
f 2264 2323 2366
f 2312 2341 2160
f 2258 2459 2266
f 2334 2354 2229
f 2249 2298 2388
f 2302 2289 2442
f 2222 2250 2371
f 2321 2270 2359
f 2305 2359 2270
f 2336 2360 2235
f 2282 2261 2307
f 2206 2309 2380
f 2309 2245 2438
f 2195 2220 2310
f 2332 2310 2220
f 2284 2280 2283
f 2263 2273 2415
f 2273 2353 2415
f 2264 2366 2353
f 2265 2237 2313
f 2354 2459 2258
f 2298 2286 2348
f 2397 2348 2286
f 2286 2314 2397
f 2232 2281 2325
f 2315 2326 2221
f 2316 2350 2287
f 2287 2240 2316
f 2351 2240 2288
f 2288 2328 2351
f 2343 2442 2289
f 2304 2292 2222
f 2371 2304 2222
f 2250 2233 2357
f 2322 2293 2294
f 2277 2322 2294
f 2306 2299 2417
f 2255 2224 2364
f 2339 2206 2398
f 2438 2279 2385
f 2280 2415 2283
f 2388 2298 2348
f 2315 2301 2372
f 2335 2372 2301
f 2260 2302 2442
f 2304 2371 2374
f 2277 2253 2389
f 2360 2389 2253
f 2383 2363 2271
f 2417 2383 2306
f 2410 2384 2219
f 2410 2254 2331
f 2380 2398 2206
f 2150 2365 2279
f 2414 2346 2311
f 2297 2414 2311
f 2265 2313 2455
f 2334 2285 2347
f 2349 2417 2299
f 2342 2349 2299
f 2289 2188 2343
f 2317 2318 2433
f 2405 2357 2233
f 2233 2352 2405
f 9711 2344 2321
f 2322 2277 2389
f 2295 2363 2362
f 2278 2337 2261
f 2379 2345 2272
f 2272 2255 2379
f 2339 2364 2224
f 2399 2225 2391
f 2459 2401 2266
f 2347 2402 2334
f 2285 2368 2347
f 2404 2325 2281
f 2370 2319 2292
f 2352 2329 2436
f 2448 2269 2330
f 2320 2275 2406
f 2344 2406 2275
f 2336 2295 2361
f 2337 2307 2261
f 2225 2346 2454
f 2387 2283 2415
f 2400 2505 2333
f 2354 2334 2402
f 2457 2327 2373
f 2328 2260 2430
f 2442 2430 2260
f 2201 2317 2431
f 2292 2304 2370
f 2436 2329 2471
f 2329 2358 2471
f 2360 2336 2361
f 2362 2361 2295
f 2409 2308 2338
f 2338 2384 2409
f 2364 2339 2398
f 2438 2380 2309
f 2365 2385 2279
f 2283 2414 2297
f 2353 2439 2415
f 2340 2488 2323
f 2249 2388 2368
f 2296 2397 2314
f 2349 2342 2403
f 2457 2335 2327
f 2343 2188 2356
f 2431 2317 2432
f 2433 2432 2317
f 2357 2381 2250
f 2330 2320 2448
f 2406 2344 2443
f 2344 9711 2443
f 2445 2359 2305
f 2296 2282 2377
f 2411 2378 2345
f 2379 2411 2345
f 2364 2452 2255
f 2150 2310 2386
f 2414 2283 2426
f 2340 2341 2367
f 2300 2403 2342
f 2404 2324 2325
f 2356 2188 2369
f 2369 2201 2431
f 2470 2434 2290
f 2290 2291 2470
f 2319 2291 2204
f 2374 2370 2304
f 2381 2371 2250
f 2381 2357 2375
f 2305 2293 2445
f 2382 2445 2293
f 2293 2322 2382
f 2424 2296 2377
f 2408 2278 2308
f 2386 2365 2150
f 2391 2487 2399
f 2454 2391 2225
f 2454 2346 2414
f 2488 2366 2323
f 2367 2341 2474
f 2341 2312 2474
f 2455 2474 2312
f 2468 2313 2237
f 2237 2333 2468
f 2505 2468 2333
f 2388 2428 2368
f 2315 2372 2573
f 2239 2350 2421
f 2350 2316 2393
f 2442 2343 2394
f 2462 2394 2343
f 2434 2303 2290
f 2405 2375 2357
f 2359 2445 2422
f 2389 2360 2361
f 2390 2376 2362
f 2407 2362 2363
f 2383 2407 2363
f 2397 2296 2424
f 2308 2409 2408
f 2387 2426 2283
f 2353 2366 2439
f 2402 2392 2354
f 2347 2368 2440
f 2388 2348 2428
f 2423 2428 2348
f 2417 2349 2456
f 2315 2573 2420
f 2421 2373 2239
f 2350 2393 2421
f 2446 2316 2240
f 2240 2351 2446
f 2356 2369 2431
f 2303 2433 2318
f 2381 2396 2371
f 2405 2352 2436
f 2376 2361 2362
f 2282 2307 2377
f 2379 2255 2452
f 2380 2425 2398
f 2392 2459 2354
f 2348 2397 2423
f 2419 2281 2326
f 2356 2462 2343
f 2396 2395 2374
f 2374 2371 2396
f 2322 2389 2522
f 2407 2390 2362
f 2450 2331 2378
f 2378 2411 2450
f 2452 2364 2453
f 2444 2425 2380
f 2413 2454 2414
f 2456 2349 2551
f 2300 2355 2418
f 2355 2324 2418
f 2420 2326 2315
f 2481 2573 2372
f 2372 2335 2481
f 2416 2522 2389
f 2389 2361 2416
f 2376 2416 2361
f 2417 2407 2383
f 2307 2337 2449
f 2364 2398 2486
f 2380 2438 2444
f 2438 2385 2502
f 2412 2502 2385
f 2488 2340 2367
f 2313 2494 2455
f 2459 2427 2401
f 2368 2428 2440
f 2403 2551 2349
f 2418 2429 2300
f 2419 2404 2281
f 2351 2328 2490
f 2430 2490 2328
f 2470 2291 2319
f 2395 2370 2374
f 2358 2269 2471
f 2376 2390 2441
f 2397 2424 2460
f 2377 2307 2449
f 2453 2364 2486
f 2365 2560 2385
f 2487 2391 2466
f 2454 2466 2391
f 2421 2457 2373
f 2574 2393 2316
f 2434 2433 2303
f 2375 2405 2447
f 2269 2448 2471
f 2522 2382 2322
f 2423 2397 2460
f 2492 2449 2337
f 2337 2278 2492
f 2410 2331 2501
f 2451 2411 2379
f 2425 2486 2398
f 2529 2438 2502
f 2412 2385 2560
f 2386 2310 2465
f 2332 2465 2310
f 2476 2505 2400
f 2402 2347 2489
f 2300 2541 2403
f 2495 2418 2324
f 2404 2495 2324
f 2335 2457 2481
f 2316 2446 2574
f 2442 2394 2496
f 2370 2395 2483
f 2381 2435 2396
f 2447 2405 2517
f 2436 2517 2405
f 2320 2406 2437
f 2458 2437 2406
f 2443 2458 2406
f 2445 2484 2422
f 2416 2376 2478
f 2441 2478 2376
f 2441 2390 2499
f 2390 2407 2499
f 2407 2417 2480
f 2408 2492 2278
f 2409 2558 2408
f 2409 2384 2485
f 2384 2410 2485
f 2452 2451 2379
f 2452 2453 2464
f 2413 2414 2562
f 2467 2426 2387
f 2493 2387 2415
f 2439 2493 2415
f 2521 2392 2402
f 2478 2461 2416
f 2429 2541 2300
f 2514 2421 2393
f 2490 2430 2482
f 2496 2394 2462
f 2395 2396 2435
f 2473 2377 2449
f 2386 2510 2365
f 2387 2493 2467
f 2313 2468 2504
f 2400 2401 2476
f 2427 2476 2401
f 2440 2489 2347
f 2428 2423 2477
f 2441 2499 2479
f 2490 2446 2351
f 2430 2442 2482
f 2460 2424 2463
f 2579 2473 2449
f 2501 2485 2410
f 2529 2444 2438
f 2465 2510 2386
f 2520 2562 2414
f 2414 2426 2520
f 2439 2366 2515
f 2366 2488 2515
f 2428 2506 2440
f 2420 2419 2326
f 2574 2514 2393
f 2496 2482 2442
f 2462 2356 2614
f 2470 2319 2507
f 2435 2483 2395
f 2560 2365 2510
f 2515 2503 2439
f 2468 2505 2512
f 2427 2459 2570
f 2489 2521 2402
f 2489 2440 2506
f 2484 2445 2469
f 2445 2382 2469
f 2382 2522 2469
f 2461 2522 2416
f 2480 2417 2456
f 2525 2541 2429
f 2404 2530 2495
f 2421 2514 2516
f 2614 2531 2462
f 2319 2370 2507
f 2370 2483 2507
f 2435 2381 2532
f 2375 2532 2381
f 2528 2448 2320
f 2437 2528 2320
f 2449 2492 2579
f 2509 2501 2331
f 2503 2493 2439
f 2504 2494 2313
f 2500 2499 2407
f 2407 2480 2500
f 2404 2419 2542
f 2481 2457 2513
f 2555 2457 2421
f 2421 2516 2555
f 2434 2526 2433
f 2508 2458 2443
f 2508 2443 9710
f 2463 2536 2460
f 2558 2492 2408
f 2409 2485 2596
f 2331 2450 2509
f 2486 2425 2597
f 2537 2597 2425
f 2465 2332 2511
f 2426 2467 2520
f 2474 2455 2475
f 2423 2460 2557
f 2536 2557 2460
f 2479 2491 2478
f 2478 2441 2479
f 2600 2479 2499
f 2541 2551 2403
f 2418 2525 2429
f 2572 2542 2419
f 2419 2420 2572
f 2447 2498 2375
f 2517 2436 2518
f 2436 2471 2518
f 2528 2471 2448
f 2451 2450 2411
f 2451 2452 2580
f 2452 2464 2580
f 2425 2444 2537
f 2560 2559 2412
f 2332 2399 2511
f 2413 2562 2553
f 2494 2475 2455
f 2613 2504 2468
f 2506 2428 2477
f 2404 2542 2530
f 2457 2543 2513
f 2457 2555 2543
f 2433 2545 2432
f 2483 2435 2497
f 2458 2533 2437
f 2464 2453 2581
f 2620 2529 2502
f 2559 2502 2412
f 2487 2511 2399
f 2553 2454 2413
f 2367 2564 2488
f 2459 2392 2578
f 2521 2578 2392
f 2489 2534 2521
f 2557 2477 2423
f 2491 2548 2478
f 2495 2525 2418
f 2573 2481 2513
f 2490 2482 2584
f 2531 2496 2462
f 2431 2432 2544
f 2526 2545 2433
f 2434 2470 2546
f 2497 2507 2483
f 2532 2375 2498
f 2453 2486 2597
f 2589 2493 2503
f 2564 2515 2488
f 2512 2613 2468
f 2505 2476 2554
f 2578 2570 2459
f 2590 2446 2490
f 2356 2431 2544
f 2526 2434 2605
f 2507 2497 2527
f 2498 2447 2517
f 2522 2461 2523
f 2461 2478 2548
f 2499 2500 2576
f 2577 2480 2456
f 2537 2444 2538
f 2444 2529 2538
f 2553 2466 2454
f 2474 2475 2612
f 2570 2540 2427
f 2535 2506 2477
f 2584 2590 2490
f 2458 2508 2607
f 2548 2523 2461
f 2491 2479 2549
f 2576 2600 2499
f 2551 2577 2456
f 2587 2596 2485
f 2485 2501 2587
f 2502 2559 2620
f 2465 2539 2510
f 2511 2582 2465
f 2511 2487 2672
f 2466 2672 2487
f 2467 2493 2589
f 2554 2512 2505
f 2476 2427 2540
f 2547 2519 2472
f 2472 2469 2547
f 2469 2522 2547
f 2549 2479 2600
f 2480 2577 2550
f 2551 2541 2571
f 2525 2567 2541
f 2446 2556 2574
f 2585 2496 2604
f 2496 2531 2604
f 2614 2356 2544
f 2434 2546 2605
f 2568 2546 2470
f 2470 2507 2568
f 2592 2568 2507
f 2497 2435 2622
f 2471 2528 2518
f 2596 2558 2409
f 2552 2581 2453
f 2582 2539 2465
f 2367 2474 2699
f 2612 2699 2474
f 2512 2554 2613
f 2540 2554 2476
f 2495 2530 2665
f 2420 2573 2572
f 2622 2527 2497
f 2532 2622 2435
f 2533 2528 2437
f 2607 2533 2458
f 2579 2492 2632
f 2515 2598 2503
f 2564 2661 2515
f 2521 2534 2578
f 2536 2623 2557
f 9591 2536 2463
f 2524 2576 2500
f 2500 2480 2524
f 2446 2590 2556
f 2507 2527 2592
f 2532 2498 2617
f 2498 2517 2617
f 2575 2617 2517
f 9707 2472 2519
f 2509 2588 2501
f 2597 2552 2453
f 2560 2510 2539
f 2672 2466 2561
f 2553 2561 2466
f 2598 2589 2503
f 2661 2598 2515
f 2570 2569 2540
f 2489 2506 2619
f 2557 2535 2477
f 2565 2547 2522
f 2522 2523 2565
f 2662 2548 2491
f 2628 2567 2525
f 2525 2495 2628
f 2590 2584 2646
f 2591 2584 2482
f 2482 2496 2591
f 2585 2591 2496
f 2544 2432 2545
f 2632 2492 2558
f 2641 2450 2451
f 2464 2581 2580
f 2535 2619 2506
f 2549 2662 2491
f 2480 2550 2524
f 2594 2550 2577
f 2602 2572 2573
f 2574 2516 2514
f 2533 2618 2528
f 2473 2579 2609
f 2580 2641 2451
f 2597 2537 2690
f 2529 2652 2538
f 2562 2520 2583
f 2569 2570 2626
f 2567 2571 2541
f 2705 2530 2542
f 2542 2572 2683
f 2602 2573 2513
f 2614 2604 2531
f 2545 2526 2616
f 2605 2616 2526
f 2518 2575 2517
f 2565 2523 2648
f 2548 2648 2523
f 2566 2524 2550
f 2577 2551 2595
f 2580 2581 2633
f 2529 2620 2652
f 2553 2562 2610
f 2589 2563 2467
f 2635 2598 2661
f 2475 2494 2625
f 2700 2613 2554
f 2540 2569 2554
f 2683 2705 2542
f 2555 2516 2629
f 2586 2605 2546
f 2622 2606 2527
f 2593 2622 2532
f 2518 2639 2575
f 2528 2639 2518
f 2547 2599 2519
f 2549 2600 2663
f 2594 2566 2550
f 2619 2534 2489
f 2641 2509 2450
f 2537 2538 2651
f 2583 2610 2562
f 2520 2467 2583
f 2467 2563 2583
f 2565 2599 2547
f 2571 2595 2551
f 2571 2567 2601
f 2543 2555 2603
f 2555 2629 2603
f 2604 2614 2647
f 2544 2545 2615
f 2616 2615 2545
f 2546 2568 2586
f 2592 2527 2606
f 2533 2607 2631
f 2536 9591 2608
f 2588 2587 2501
f 2580 2633 2624
f 2552 2633 2581
f 2494 2504 2625
f 2570 2578 2644
f 2623 2535 2557
f 2574 2556 2637
f 2614 2544 2615
f 2548 2662 2657
f 2600 2576 2649
f 2601 2595 2571
f 2623 2536 2650
f 2651 2690 2537
f 2559 2560 2634
f 2560 2539 2634
f 2553 2673 2561
f 2589 2611 2563
f 2598 2611 2589
f 2747 2661 2564
f 2367 2747 2564
f 2636 2625 2504
f 2730 2683 2572
f 9708 2519 2627
f 2599 2627 2519
f 2663 2677 2549
f 2524 2649 2576
f 2594 2577 2640
f 2632 2709 2579
f 2710 2687 2587
f 2587 2588 2710
f 2652 2651 2538
f 2652 2620 2671
f 2672 2561 2673
f 2504 2613 2636
f 2644 2626 2570
f 2665 2628 2495
f 2602 2730 2572
f 2684 2556 2590
f 2590 2646 2684
f 2585 2604 2638
f 2667 2617 2575
f 2639 2667 2575
f 2640 2566 2594
f 2595 2640 2577
f 2619 2535 2675
f 2650 2536 2658
f 2608 2658 2536
f 2609 2579 2709
f 2596 2587 2687
f 2552 2597 2670
f 2672 2582 2511
f 2553 2610 2642
f 2635 2611 2598
f 2554 2569 2653
f 2657 2648 2548
f 2662 2549 2677
f 2663 2600 2713
f 2649 2713 2600
f 2516 2574 2629
f 2574 2637 2629
f 2616 2605 2666
f 2568 2592 2586
f 2593 2617 2685
f 9709 2631 2607
f 2675 2535 2623
f 2632 2558 2698
f 2558 2596 2698
f 2624 2641 2580
f 2633 2552 2670
f 2652 2671 2712
f 2621 2642 2610
f 2610 2583 2621
f 2643 2563 2611
f 2699 2747 2367
f 2700 2636 2613
f 2601 2567 2654
f 2567 2628 2654
f 2774 2602 2513
f 2603 2513 2543
f 2584 2591 2646
f 2585 2731 2591
f 2615 2647 2614
f 2592 2606 2695
f 2667 2630 2617
f 2639 2528 2618
f 2644 2578 2682
f 2578 2534 2682
f 2509 2641 2659
f 2620 2559 2671
f 2768 2671 2559
f 2539 2582 2660
f 2673 2553 2642
f 2643 2611 2635
f 2627 2668 9708
f 2599 2565 2676
f 2649 2524 2664
f 2530 2705 2749
f 2513 2603 2774
f 2586 2666 2605
f 2696 2606 2622
f 2593 2696 2622
f 2685 2617 2630
f 2733 2618 2533
f 2533 2631 2733
f 2709 2608 2609
f 2641 2624 2688
f 2670 2597 2690
f 2583 2563 2680
f 2700 2554 2653
f 2653 2569 2701
f 2627 2599 2656
f 2676 2656 2599
f 2524 2566 2664
f 2691 2566 2640
f 2628 2665 2704
f 2749 2665 2530
f 2655 2603 2629
f 2679 2631 9709
f 2588 2509 2717
f 2509 2659 2717
f 2634 2768 2559
f 2634 2539 2660
f 2720 2680 2563
f 2563 2643 2720
f 2720 2643 2635
f 2612 2475 2721
f 2625 2721 2475
f 2569 2626 2701
f 2637 2655 2629
f 2645 2637 2556
f 2592 2695 2586
f 2668 2679 9708
f 2656 2668 2627
f 2565 2648 2676
f 2722 2664 2566
f 2534 2619 2674
f 2650 2658 2727
f 2717 2710 2588
f 2688 2659 2641
f 2689 2688 2624
f 2624 2633 2760
f 2673 2642 2746
f 2583 2680 2719
f 2625 2636 2773
f 2654 2628 2704
f 2645 2556 2684
f 2647 2615 2706
f 2615 2616 2678
f 2657 2676 2648
f 2682 2534 2674
f 2687 2698 2596
f 2624 2760 2689
f 2821 2760 2633
f 2670 2669 2633
f 2729 2690 2651
f 2651 2652 2729
f 2652 2712 2711
f 2642 2621 2746
f 2661 2681 2635
f 2701 2801 2653
f 2626 2644 2762
f 2682 2762 2644
f 2750 2602 2774
f 2666 2707 2616
f 2696 2695 2606
f 2697 2732 2667
f 2667 2639 2697
f 2639 2618 2697
f 2595 2702 2640
f 2601 2703 2595
f 2675 2623 2650
f 2673 2739 2672
f 2681 2720 2635
f 2636 2700 2692
f 2694 2676 2657
f 2662 2694 2657
f 2703 2714 2595
f 2774 2603 2771
f 2603 2763 2771
f 2775 2655 2637
f 2637 2645 2775
f 2591 2731 2646
f 2752 2604 2647
f 2706 2725 2647
f 2678 2706 2615
f 2668 2656 2755
f 2718 2669 2670
f 2711 2729 2652
f 2582 2738 2660
f 2582 2672 2761
f 2719 2823 2583
f 2773 2721 2625
f 2674 2619 2726
f 2675 2726 2619
f 2566 2691 2722
f 2691 2640 2781
f 2781 2640 2702
f 2702 2595 2714
f 2749 2705 2770
f 2603 2655 2763
f 2638 2731 2585
f 2638 2604 2765
f 2604 2752 2765
f 2586 2742 2666
f 2695 2802 2586
f 2679 2668 2686
f 2708 2675 2650
f 2650 2727 2708
f 2717 2659 2688
f 2669 2821 2633
f 2761 2738 2582
f 2746 2739 2673
f 2823 2621 2583
f 2747 2681 2661
f 2654 2703 2601
f 2741 2705 2683
f 2715 2741 2683
f 2707 2796 2616
f 2593 2685 2716
f 2630 2667 2810
f 2618 2733 2753
f 2631 2679 2734
f 2791 2658 2608
f 2709 2632 2798
f 2728 2718 2670
f 2670 2690 2728
f 2773 2636 2692
f 2744 2677 2663
f 2713 2744 2663
f 2683 2730 2715
f 2750 2730 2602
f 2645 2684 2772
f 2647 2725 2752
f 2678 2616 2796
f 2666 2742 2776
f 2732 2810 2667
f 2679 2686 2734
f 2668 2755 2686
f 2799 2698 2687
f 2710 2717 2759
f 2660 2784 2634
f 2699 2612 2911
f 2721 2911 2612
f 2736 2682 2674
f 2755 2656 2756
f 2656 2693 2756
f 2735 9590 2676
f 2676 2694 2735
f 2694 2662 2926
f 2743 2926 2662
f 2662 2677 2743
f 2677 2744 2743
f 2713 2649 2780
f 2664 2780 2649
f 2722 2691 2767
f 2704 2665 2740
f 2705 2741 2723
f 2742 2586 2802
f 2716 2696 2593
f 2727 2658 2758
f 2737 2759 2717
f 2729 2728 2690
f 2712 2671 2794
f 2818 2780 2664
f 2757 2767 2691
f 2703 2654 2782
f 2705 2723 2770
f 2724 2715 2730
f 2638 2765 2809
f 2776 2707 2666
f 2753 2697 2618
f 2698 2798 2632
f 2745 2717 2688
f 2794 2711 2712
f 2784 2660 2785
f 2739 2832 2672
f 2762 2682 2736
f 2807 2740 2665
f 2665 2749 2807
f 2646 2731 2815
f 2731 2638 2764
f 2788 2685 2630
f 2810 2788 2630
f 2753 2733 2899
f 2734 2733 2631
f 2675 2708 2726
f 2745 2737 2717
f 2875 2671 2768
f 2768 2634 2784
f 2832 2761 2672
f 2800 2692 2813
f 2748 2813 2692
f 2692 2700 2748
f 2700 2653 2748
f 2801 2748 2653
f 2626 2801 2701
f 2755 2754 2686
f 2735 2693 9590
f 2735 2694 9580
f 2704 2834 2654
f 2751 2772 2684
f 2684 2646 2751
f 2815 2751 2646
f 2809 2764 2638
f 2674 2726 2833
f 2726 2708 2833
f 2804 2833 2708
f 2758 2843 2727
f 2658 2791 2758
f 2792 2608 2709
f 2825 2681 2747
f 2773 2692 2800
f 2750 2724 2730
f 2734 2686 2754
f 2756 2693 2779
f 2766 2743 2744
f 2664 2722 2818
f 2852 2818 2722
f 2722 2767 2852
f 2714 2881 2702
f 2843 2804 2708
f 2708 2727 2843
f 2846 2687 2710
f 2710 2759 2846
f 2660 2738 2785
f 2823 2746 2621
f 2720 2681 2769
f 2654 2834 2782
f 2772 2775 2645
f 2716 2685 2788
f 2732 2697 2777
f 2753 2777 2697
f 9580 2694 2803
f 2744 2713 2790
f 2703 2881 2714
f 2736 2674 2783
f 2792 2791 2608
f 2689 2886 2688
f 2728 2729 2831
f 2729 2711 2831
f 2784 2785 2876
f 2822 2746 2823
f 2769 2805 2720
f 2747 2699 2842
f 2786 2842 2699
f 2911 2786 2699
f 2704 2740 2834
f 2859 2807 2749
f 2749 2770 2859
f 2723 2741 2913
f 2750 2774 2844
f 2775 2808 2655
f 2765 2752 2862
f 2696 2716 2787
f 2754 2755 2892
f 2756 2892 2755
f 2780 2790 2713
f 2819 2852 2767
f 2691 2781 2757
f 2833 2783 2674
f 2798 2698 2793
f 2846 2799 2687
f 2689 2760 2873
f 2821 2873 2760
f 2785 2738 2877
f 2680 2720 2805
f 2825 2769 2681
f 2814 2801 2626
f 2762 2814 2626
f 2763 2655 2845
f 2862 2809 2765
f 2678 2725 2706
f 2810 2732 2908
f 2893 2819 2767
f 2757 2893 2767
f 2793 2883 2798
f 2886 2745 2688
f 2821 2669 2865
f 2831 2718 2728
f 2671 2875 2841
f 2823 2719 2812
f 2719 2680 2812
f 2844 2724 2750
f 2867 2774 2771
f 2867 2771 2763
f 2775 2772 2827
f 2879 2815 2731
f 2764 2879 2731
f 2862 2752 2916
f 2725 2678 2816
f 2695 2835 2802
f 2696 2835 2695
f 2777 2836 2732
f 2733 2734 2899
f 2756 2779 2778
f 2926 2817 2694
f 2926 2743 2838
f 2820 2843 2758
f 2711 2794 2847
f 2794 2671 2841
f 2738 2761 2902
f 2832 2903 2761
f 2795 2832 2739
f 2739 2746 2795
f 2848 2812 2680
f 2769 2825 2948
f 2842 2825 2747
f 2721 2773 2806
f 2860 2844 2774
f 2845 2867 2763
f 2835 2696 2828
f 2797 2787 2716
f 2788 2797 2716
f 2836 2908 2732
f 2803 2694 2817
f 2799 2793 2698
f 2759 2737 2846
f 2768 2784 2921
f 2876 2785 3023
f 2877 3023 2785
f 2902 2877 2738
f 2806 2911 2721
f 2813 2957 2800
f 2826 2850 2762
f 2762 2736 2826
f 2774 2867 2860
f 2827 2772 2868
f 2751 2868 2772
f 2678 2796 2863
f 2734 2789 2899
f 2781 2702 2880
f 2881 2880 2702
f 2873 2864 2689
f 2840 2669 2718
f 2847 2831 2711
f 2901 2847 2794
f 2875 2768 2921
f 2876 2921 2784
f 2795 2746 2822
f 2680 2805 2848
f 2824 2805 2769
f 2813 2748 2855
f 2850 2856 2762
f 2913 2770 2723
f 2808 2845 2655
f 2827 2808 2775
f 2751 2815 2868
f 2879 2764 2890
f 2809 2890 2764
f 2707 2863 2796
f 2742 2802 2776
f 2899 2777 2753
f 2811 2789 2754
f 2778 2892 2756
f 2837 2779 9580
f 2743 2766 2838
f 2791 2820 2758
f 2791 2792 2872
f 2709 2798 2883
f 2864 2886 2689
f 2865 2669 2840
f 2825 2842 2878
f 2748 2801 2855
f 2801 2849 2855
f 2801 2814 2849
f 2783 2826 2736
f 2890 2809 2907
f 2725 2891 2752
f 2678 2863 2816
f 2776 2863 2707
f 2787 2828 2696
f 2857 2766 2744
f 2790 2857 2744
f 2790 2780 2935
f 2757 2781 2839
f 2881 2703 2830
f 2782 2830 2703
f 2820 2791 2872
f 2709 2882 2792
f 2884 2883 2793
f 2831 2840 2718
f 2841 2901 2794
f 2931 2805 2824
f 2800 2806 2773
f 2814 2762 2856
f 2834 2858 2782
f 2907 2809 2862
f 2917 2891 2725
f 2816 2917 2725
f 2788 2810 2953
f 2908 2953 2810
f 9755 2899 2789
f 2829 9755 2789
f 2789 2811 2829
f 2892 2811 2754
f 2778 2779 2851
f 2871 2837 9580
f 9580 2803 2871
f 2853 2893 2757
f 2880 2839 2781
f 2783 2833 2896
f 2833 2804 2964
f 2843 2964 2804
f 2900 2793 2799
f 2856 2849 2814
f 2752 2891 2916
f 2835 2979 2802
f 2892 2778 2851
f 2803 2817 2871
f 2926 2871 2817
f 2780 2818 2909
f 2818 2852 2909
f 2895 2783 2896
f 2873 2821 2938
f 2903 2902 2761
f 2823 2812 2887
f 2878 2948 2825
f 2878 2842 2854
f 2826 2783 2895
f 2740 2912 2834
f 2951 2859 2770
f 2770 2913 2951
f 2827 2868 2889
f 2776 2802 2962
f 2802 2979 2962
f 2883 2882 2709
f 2874 2847 2901
f 2866 2901 2841
f 2887 2822 2823
f 2812 2848 2894
f 2948 2824 2769
f 2905 2957 2813
f 2855 2905 2813
f 2896 2833 2964
f 2912 2858 2834
f 2898 2815 2879
f 2777 2899 2945
f 2811 2924 2829
f 2779 2837 2870
f 2935 2780 2909
f 2920 2737 2745
f 2864 2873 2928
f 2865 2938 2821
f 2875 2866 2841
f 2903 2832 2904
f 2832 2974 2904
f 2812 2894 2887
f 2805 2931 2848
f 2786 2854 2842
f 2888 2806 2800
f 2892 2924 2811
f 2927 2830 2782
f 2858 2927 2782
f 2941 2741 2715
f 2861 2867 2845
f 2952 2845 2808
f 2934 2917 2816
f 2863 2934 2816
f 2777 2919 2836
f 2900 2884 2793
f 2846 2737 2972
f 2831 2847 2874
f 2800 2957 2888
f 2933 2964 2843
f 2914 2724 2844
f 2860 2914 2844
f 2868 2815 2915
f 2898 2915 2815
f 2863 2776 2869
f 2962 2869 2776
f 2835 2828 2979
f 2874 2840 2831
f 2910 2894 2848
f 2855 2849 2949
f 2964 2963 2896
f 2820 2933 2843
f 2851 2779 2870
f 2870 2837 2925
f 2925 2837 2871
f 2766 2857 2969
f 2909 2852 2819
f 2906 2807 2859
f 2859 2951 2906
f 2860 2867 2943
f 2919 2908 2836
f 2885 2900 2799
f 2799 2846 2885
f 2745 2886 3074
f 2937 2886 2864
f 2929 2865 3002
f 2865 2840 3002
f 2956 2931 2824
f 2855 2949 2905
f 2856 2949 2849
f 2895 3009 2826
f 2807 2912 2740
f 2913 2741 3100
f 2715 2724 2941
f 2918 2828 2787
f 2953 2797 2788
f 2777 2945 2919
f 2839 2853 2757
f 2936 2933 2820
f 2872 2936 2820
f 2872 2792 2965
f 2882 2965 2792
f 3034 2885 2846
f 2920 2972 2737
f 2920 2745 3074
f 2938 2928 2873
f 2921 3004 2875
f 2904 2973 2903
f 2974 2832 2975
f 2795 2975 2832
f 2795 2822 2939
f 2887 2993 2822
f 2848 2931 2910
f 2932 2911 2806
f 2806 2888 2932
f 2850 2826 3009
f 2858 2912 2897
f 2944 2861 2845
f 2808 2827 2952
f 2869 2934 2863
f 2892 2851 2998
f 2969 2838 2766
f 3022 2839 2880
f 2927 2858 3064
f 2965 2882 3092
f 2846 2972 3034
f 2901 2866 2930
f 2887 2894 2947
f 2941 3100 2741
f 2724 2914 2960
f 2861 2943 2867
f 2862 2916 3010
f 2967 3031 2891
f 2891 2917 2967
f 2787 2797 2918
f 2899 9755 3045
f 2819 2893 2989
f 2853 2989 2893
f 2880 2881 3000
f 2881 2830 2959
f 2965 2936 2872
f 2928 2938 3057
f 2840 2874 3003
f 2903 2973 2902
f 2894 2910 2947
f 2923 2888 2957
f 2912 2807 2985
f 2860 2943 2914
f 2890 2898 2879
f 2907 2862 3010
f 3010 2916 2987
f 2916 2891 3031
f 3045 2945 2899
f 2926 2838 2950
f 2959 3000 2881
f 2959 2830 2927
f 2895 2896 2963
f 2928 2937 2864
f 2929 2938 2865
f 2874 2901 2930
f 2866 2875 3048
f 2877 2902 2922
f 2973 2922 2902
f 2958 2905 2949
f 2856 2850 2940
f 2897 3064 2858
f 2861 2944 3138
f 2917 2934 2978
f 2980 2908 2919
f 3081 9754 2924
f 2870 2925 3046
f 2969 2950 2838
f 2857 2790 3063
f 2895 2963 3040
f 2930 2991 2874
f 2875 3004 3048
f 2922 3023 2877
f 2939 2975 2795
f 2993 2939 2822
f 2955 2993 2887
f 2948 2956 2824
f 2940 2949 2856
f 2960 2941 2724
f 2943 2942 2914
f 3051 2952 2827
f 2827 2889 3051
f 2898 2890 3019
f 2987 2916 3087
f 3031 3087 2916
f 2918 3052 2828
f 2945 3045 3114
f 2851 2870 2968
f 3092 2882 3001
f 2883 3001 2882
f 2885 2884 2900
f 2982 2972 2920
f 2920 3074 2982
f 3003 3002 2840
f 2921 2876 3005
f 3023 3005 2876
f 2973 2904 2974
f 2887 2947 2955
f 3076 2932 2888
f 2942 2960 2914
f 2978 2967 2917
f 3039 2953 2908
f 2871 2981 2925
f 3054 2989 2853
f 2853 2839 2946
f 2970 2959 2927
f 2884 3001 2883
f 3074 2886 3012
f 2886 2937 3012
f 3057 3117 2928
f 2984 2947 2910
f 2854 2994 2878
f 2786 3068 2854
f 2786 2911 3025
f 2932 3025 2911
f 3037 3076 2888
f 2888 2923 3037
f 2957 2905 2976
f 2906 2951 2986
f 3099 2951 2913
f 2913 3100 3099
f 2943 2861 3029
f 2961 2944 2845
f 2845 2952 2961
f 2907 3010 3070
f 2797 2953 3020
f 9754 3081 2988
f 2924 2892 2998
f 2926 2981 2871
f 2819 2989 2999
f 2933 2936 3041
f 2937 2928 3066
f 3117 3066 2928
f 3003 2874 2991
f 2992 2930 2866
f 2866 3048 2992
f 2939 2993 2954
f 2948 2878 3042
f 2994 3042 2878
f 3068 2994 2854
f 2958 2949 3026
f 2940 3026 2949
f 3009 2895 3040
f 2897 3027 3064
f 2807 2906 2985
f 3029 3017 2943
f 2890 2907 3030
f 3052 2979 2828
f 3060 3052 2918
f 2997 2918 2797
f 3020 2997 2797
f 2919 2945 2980
f 3114 2980 2945
f 2968 2998 2851
f 2981 2926 2950
f 2857 3103 2969
f 3063 2790 3011
f 2935 3011 2790
f 2935 2909 3011
f 2999 3011 2909
f 2909 2819 2999
f 2946 3054 2853
f 2971 2964 2933
f 3005 2966 2921
f 2954 2975 2939
f 2984 2955 2947
f 2931 2956 3014
f 3008 3085 2948
f 3042 3008 2948
f 2958 2976 2905
f 3046 2968 2870
f 2951 3099 2986
f 2941 3059 3100
f 3017 2942 2943
f 3138 3029 2861
f 2889 2868 3038
f 2915 3038 2868
f 2869 2978 2934
f 2953 3039 3020
f 2908 2980 3101
f 2964 2971 2963
f 2929 3067 2938
f 3004 2921 2966
f 2922 3006 3023
f 3085 3014 2956
f 2956 2948 3085
f 2976 2923 2957
f 3015 2976 2958
f 2940 2850 3009
f 3053 3081 2924
f 2924 2998 3053
f 2925 2981 3046
f 3022 2880 3000
f 3038 3051 2889
f 2915 2898 3018
f 2898 3019 3018
f 2967 2978 3044
f 2997 3060 2918
f 3039 2908 3101
f 2988 3045 9754
f 3040 2963 3089
f 2971 3089 2963
f 2936 2965 3033
f 3067 3057 2938
f 3067 2929 3075
f 3002 3075 2929
f 2930 2992 2983
f 3007 2984 2910
f 2931 3014 3007
f 3016 2985 2906
f 2906 2986 3016
f 2996 2962 2979
f 2959 2970 3047
f 3035 3034 2972
f 3065 3035 2972
f 2972 2982 3065
f 3066 3012 2937
f 2983 2991 2930
f 2993 2955 3013
f 2910 2931 3007
f 2923 2976 3037
f 3030 3019 2890
f 3030 2907 3070
f 2967 2977 3031
f 2977 2967 3044
f 2869 2962 2996
f 2998 2968 3115
f 2946 2839 3088
f 3047 3000 2959
f 3064 2970 2927
f 2971 2933 3041
f 2884 2885 2990
f 2990 2885 3034
f 2973 3006 2922
f 2975 3084 2974
f 3036 3013 2955
f 3028 3027 2897
f 2995 3028 2897
f 2897 2912 2995
f 2942 3017 3050
f 3051 2961 2952
f 3018 3038 2915
f 2978 2869 3113
f 3103 2857 3140
f 3063 3140 2857
f 3054 3021 2989
f 3003 2991 3118
f 2992 3048 3263
f 2954 2993 3013
f 2955 2984 3036
f 3008 3042 3160
f 3068 2786 3025
f 2941 2960 3059
f 3051 3199 2961
f 3069 3018 3019
f 2979 3052 3072
f 2997 3020 3061
f 2998 3115 3126
f 3046 2981 3073
f 2950 3073 2981
f 2969 3103 2950
f 2999 3116 3011
f 2999 2989 3021
f 3047 2970 3147
f 3064 3027 3032
f 3033 3041 2936
f 3002 3003 3075
f 3150 3075 3003
f 3109 3048 3004
f 2975 2954 3024
f 3096 3058 2984
f 2984 3007 3096
f 3007 3014 3110
f 3135 3015 2958
f 3026 3135 2958
f 2940 3049 3026
f 2996 2979 3072
f 3021 3116 2999
f 3141 3054 2946
f 2946 3088 3141
f 3083 2983 2992
f 2992 3263 3083
f 3004 2966 3093
f 3023 3006 3095
f 2973 2974 3084
f 3160 3133 3008
f 2912 2985 2995
f 3016 2986 3043
f 3111 3100 3059
f 3199 2944 2961
f 3019 3030 3069
f 3113 3044 2978
f 3060 2997 3155
f 3061 3155 2997
f 3039 3061 3020
f 3114 3080 2980
f 3102 3045 2988
f 3164 3115 2968
f 3046 3164 2968
f 2839 3022 3104
f 3022 3000 3105
f 3047 3105 3000
f 2971 3041 3055
f 3005 3023 3095
f 3084 3159 2973
f 3145 3084 2975
f 3133 3085 3008
f 3068 3025 3120
f 2940 3009 3121
f 3028 3032 3027
f 3181 3017 3029
f 3051 3038 3163
f 3031 2977 3087
f 2869 2996 3071
f 3063 3011 3167
f 3116 3167 3011
f 3092 3091 2965
f 3172 3001 2884
f 2884 2990 3172
f 3118 3150 3003
f 3006 2973 3159
f 2975 3024 3119
f 2995 2985 3146
f 2985 3016 3146
f 3112 2960 2942
f 3029 3138 3181
f 3030 3070 3184
f 3061 3039 3079
f 3101 3079 3039
f 3080 3101 2980
f 2950 3103 3129
f 3104 3022 3105
f 3091 3033 2965
f 3056 3012 3066
f 3093 3109 3004
f 3119 3176 2975
f 3013 3036 3131
f 2994 3160 3042
f 3015 3097 2976
f 3049 2940 3152
f 3121 3152 2940
f 3137 3059 2960
f 3112 2942 3154
f 2942 3050 3154
f 2977 3044 3207
f 3113 2869 3071
f 3125 3114 3045
f 3102 3125 3045
f 3073 3164 3046
f 3104 3088 2839
f 3147 3156 3047
f 3089 2971 3082
f 2990 3034 3173
f 3118 2991 3108
f 3093 2966 3094
f 3005 3094 2966
f 3159 3095 3006
f 3131 3024 3013
f 3058 3036 2984
f 3007 3110 3178
f 3040 3121 3009
f 3146 3153 2995
f 3181 3050 3017
f 3163 3199 3051
f 3038 3018 3077
f 3070 3010 3185
f 2987 3185 3010
f 2987 3087 3078
f 3072 3071 2996
f 3122 3072 3052
f 3052 3060 3122
f 3102 3081 3062
f 3073 2950 3129
f 3105 3047 3156
f 2971 3055 3082
f 3055 3041 3090
f 3033 3090 3041
f 3074 3191 2982
f 3117 3057 3107
f 3057 3067 3107
f 3095 3144 3005
f 3084 3220 3159
f 3120 3025 3190
f 2932 3190 3025
f 3135 3026 3049
f 3086 3163 3038
f 3123 3155 3061
f 3140 3063 3166
f 3167 3166 3063
f 3168 3021 3054
f 3147 2970 3197
f 3130 3197 2970
f 2970 3064 3130
f 3032 3130 3064
f 3001 3172 3106
f 3173 3172 2990
f 3035 3173 3034
f 3191 3074 3012
f 3067 3075 3149
f 2991 2983 3108
f 3143 3108 2983
f 3281 3263 3048
f 3048 3109 3281
f 3145 2975 3176
f 3007 3178 3096
f 3132 3110 3014
f 3014 3085 3132
f 3037 2976 3180
f 3135 3097 3015
f 3121 3040 3098
f 3077 3086 3038
f 3069 3030 3223
f 3185 3184 3070
f 3060 3155 3122
f 3126 3115 3127
f 3166 3165 3140
f 3141 3168 3054
f 3040 3089 3098
f 3083 3143 2983
f 3190 2932 3278
f 2932 3076 3278
f 3134 3076 3037
f 3028 2995 3157
f 2995 3153 3157
f 3264 3111 3059
f 3059 3137 3264
f 2960 3112 3137
f 3162 3154 3050
f 3050 3181 3162
f 3222 3138 2944
f 3079 3101 3124
f 9753 3062 3081
f 3166 3167 3247
f 3116 3021 3182
f 3021 3168 3182
f 3202 3130 3032
f 3082 3170 3089
f 3144 3094 3005
f 3145 3220 3084
f 3258 3132 3085
f 3133 3258 3085
f 2994 3068 3179
f 3120 3179 3068
f 3037 3180 3134
f 3097 3180 2976
f 3032 3028 3157
f 3043 3146 3016
f 3113 3207 3044
f 3124 3123 3061
f 3061 3079 3124
f 3140 3165 3103
f 3188 3141 3088
f 3211 3170 3082
f 3055 3090 3142
f 3091 3092 3171
f 3203 3171 3092
f 3092 3001 3203
f 3106 3203 3001
f 3191 3012 3158
f 3012 3056 3158
f 3174 3149 3075
f 3075 3150 3174
f 3134 3278 3076
f 3218 3180 3097
f 2944 3199 3222
f 3266 3018 3069
f 3223 3266 3069
f 3101 3080 3237
f 3062 3125 3102
f 3088 3104 3188
f 3105 3156 3169
f 3157 3202 3032
f 3082 3055 3211
f 2982 3288 3065
f 3056 3066 3117
f 3118 3108 3175
f 3189 3131 3036
f 3152 3121 3098
f 3136 3043 2986
f 2986 3099 3136
f 3077 3018 3205
f 3266 3205 3018
f 3207 3235 2977
f 3080 3200 3237
f 3193 3200 3080
f 3080 3114 3193
f 3114 3125 3193
f 3267 3164 3128
f 3164 3073 3128
f 3167 3116 3182
f 3105 3169 3104
f 3170 3098 3089
f 3142 3211 3055
f 3191 3288 2982
f 3144 3095 3192
f 3159 3192 3095
f 3177 3231 3119
f 3036 3058 3189
f 3099 3100 3136
f 3100 3111 3136
f 3161 3264 3137
f 3223 3030 3184
f 3255 3087 2977
f 3207 3113 3139
f 3113 3071 3139
f 3071 3072 3244
f 3125 3062 3285
f 3073 3129 3194
f 3165 3194 3103
f 3195 3188 3104
f 3065 3173 3035
f 3056 3117 3148
f 3107 3067 3204
f 3143 3175 3108
f 3360 3109 3093
f 3094 3360 3093
f 3176 3119 3231
f 3151 3189 3058
f 3058 3096 3151
f 3198 3097 3135
f 3135 3049 3152
f 3331 3161 3137
f 3137 3112 3331
f 3162 3221 3154
f 3181 3138 3213
f 3185 2987 3206
f 3078 3206 2987
f 3078 3087 3255
f 3129 3103 3194
f 3148 3158 3056
f 3149 3204 3067
f 3175 3150 3118
f 3220 3145 3243
f 3176 3243 3145
f 3131 3189 3177
f 3122 3155 3236
f 3237 3124 3101
f 3356 3127 3115
f 3115 3164 3356
f 3194 3128 3073
f 3156 3147 3196
f 3197 3196 3147
f 3142 3090 3262
f 3258 3178 3110
f 3110 3132 3258
f 3198 3135 3152
f 3183 3146 3043
f 3136 3183 3043
f 3323 3136 3111
f 3111 3264 3323
f 3112 3154 3254
f 3234 3254 3154
f 3221 3234 3154
f 3182 3168 3187
f 3168 3141 3201
f 3169 3195 3104
f 9559 3262 3090
f 3090 3033 9559
f 3091 9559 3033
f 3173 3065 3240
f 3158 3148 3241
f 3270 3143 3083
f 3192 3159 3242
f 3189 3209 3177
f 2994 3229 3160
f 3152 3098 3259
f 3254 3331 3112
f 3222 3199 3214
f 3215 3199 3163
f 3255 3206 3078
f 3236 3245 3122
f 3186 3236 3155
f 3155 3123 3186
f 3182 3247 3167
f 3168 3201 3187
f 3188 3201 3141
f 3202 3157 3226
f 3232 3226 3157
f 3098 3170 3219
f 3211 3219 3170
f 3212 3106 3172
f 3172 3173 3212
f 3117 3107 3204
f 3204 3149 3397
f 3243 3176 3231
f 3177 3209 9932
f 3178 3258 3228
f 3179 3277 2994
f 3198 3218 3097
f 3162 3181 3284
f 3181 3213 3284
f 3332 3086 3077
f 3185 3224 3184
f 2977 3235 3255
f 3225 3072 3122
f 3122 3245 3225
f 3267 3293 3164
f 3216 3156 3196
f 3283 3232 3153
f 3153 3146 3283
f 3146 3183 3283
f 3136 3233 3183
f 3323 3233 3136
f 3222 3213 3138
f 3086 3215 3163
f 3301 3223 3184
f 3224 3301 3184
f 3206 3224 3185
f 3225 3244 3072
f 3272 3123 3124
f 3285 3193 3125
f 3165 3208 3194
f 3166 3305 3165
f 3195 3169 3248
f 3217 3096 3178
f 3228 3217 3178
f 3160 3229 3249
f 3262 3287 3142
f 3240 3212 3173
f 3337 3349 3191
f 3158 3337 3191
f 3149 3174 3230
f 3094 3144 3282
f 3220 3242 3159
f 3243 3271 3220
f 9932 3231 3177
f 3273 3246 3126
f 3126 3127 3273
f 3293 3356 3164
f 3208 3304 3194
f 3182 3187 3247
f 3295 3188 3195
f 3297 3189 3151
f 3239 3151 3096
f 3258 3133 3276
f 3133 3249 3276
f 3133 3160 3249
f 3179 3120 3250
f 3190 3250 3120
f 3279 3134 3180
f 3210 3279 3180
f 3198 3152 3310
f 3259 3098 3268
f 3211 3142 3261
f 3287 3261 3142
f 3288 3191 3349
f 3337 3158 3241
f 3148 3117 3378
f 3280 3174 3150
f 3150 3175 3280
f 3175 3143 3350
f 3083 3263 3270
f 3192 3282 3144
f 3205 3332 3077
f 3236 3186 3256
f 3292 3285 3062
f 3062 9753 3292
f 3294 3187 3201
f 3201 3188 3294
f 3216 3248 3169
f 3156 3216 3169
f 3202 3226 3286
f 3217 3239 3096
f 3218 3210 3180
f 3171 3203 3251
f 3280 3230 3174
f 3360 3094 3282
f 3284 3221 3162
f 3215 3214 3199
f 3086 3332 3265
f 3128 3194 3274
f 3130 3202 3286
f 3226 3232 9929
f 3298 3297 3151
f 3239 3298 3151
f 3277 3229 2994
f 3171 9559 3091
f 3288 3240 3065
f 3117 3204 3378
f 3397 3149 3328
f 3270 3252 3143
f 3213 3222 3364
f 3235 3207 3139
f 3186 3123 3257
f 3272 3257 3123
f 3237 3272 3124
f 3194 3304 3274
f 3208 3165 3305
f 3306 3247 3187
f 3187 3294 3306
f 3295 3195 3248
f 3197 3130 3238
f 3297 3227 3189
f 3252 3350 3143
f 3367 3270 3263
f 3282 3192 3368
f 3242 3220 3313
f 3183 3233 3315
f 3254 3234 3340
f 3222 3214 3364
f 3215 3086 3289
f 3266 3223 3290
f 3317 3139 3071
f 3071 3244 3317
f 3356 3273 3127
f 3286 3238 3130
f 3286 3226 9929
f 3366 3318 3249
f 3249 3229 3366
f 3259 3310 3152
f 3336 3219 3211
f 3106 3251 3203
f 3241 3148 3321
f 3378 3321 3148
f 3282 3329 3360
f 3271 3243 3330
f 9940 3243 3231
f 9932 9940 3231
f 3283 3253 3232
f 3214 3215 3300
f 3289 3300 3215
f 3332 3205 3369
f 3224 3206 3341
f 3302 3255 3235
f 3236 3256 3245
f 3365 3272 3237
f 3291 3365 3237
f 3237 3200 3291
f 3200 3193 3291
f 3285 3291 3193
f 3248 3216 3275
f 3419 3298 3239
f 3260 3268 3219
f 3211 3261 3459
f 3251 3106 3312
f 3106 3212 3312
f 3230 3328 3149
f 3175 3350 3280
f 3271 3313 3220
f 3265 3289 3086
f 3266 3369 3205
f 3301 3224 3341
f 3317 3303 3139
f 3306 3405 3247
f 3276 3249 3318
f 3190 3278 3481
f 3278 3134 3393
f 3218 3198 3310
f 3230 3280 3398
f 3281 3109 3448
f 3424 3283 3183
f 3183 3315 3424
f 3340 3363 3254
f 3214 3300 3364
f 3305 3166 3372
f 3247 3372 3166
f 3405 3335 3247
f 3307 3306 3294
f 3308 3294 3188
f 3188 3295 3308
f 3216 3196 3275
f 3309 3343 3196
f 3196 3197 3309
f 3197 3238 3309
f 3228 3258 3276
f 3366 3229 3277
f 3277 3179 3358
f 3250 3358 3179
f 3134 3279 3393
f 3269 3262 9559
f 3311 3269 9559
f 9559 3171 3311
f 3251 3375 3171
f 3288 3299 3240
f 3270 3367 3379
f 3242 3313 3380
f 3330 3243 3338
f 9940 3338 3243
f 3362 3323 3264
f 3264 3161 3362
f 3221 3340 3234
f 3290 3463 3266
f 3206 3255 3342
f 3235 3139 3303
f 3225 3317 3244
f 3333 3256 3186
f 3186 3257 3333
f 3267 3128 3325
f 3274 3325 3128
f 3227 3297 3296
f 3228 3276 3217
f 3327 3276 3318
f 3346 3279 3210
f 3259 3268 3319
f 3459 3336 3211
f 3375 3311 3171
f 3240 3312 3212
f 3321 3337 3241
f 3368 3192 3380
f 3192 3242 3380
f 3330 3382 3271
f 3233 3323 3315
f 3401 3284 3213
f 3213 3364 3401
f 3255 3302 3342
f 3246 3273 3387
f 3293 3267 3325
f 3372 3247 3335
f 3326 3295 3248
f 3275 3326 3248
f 3259 3395 3310
f 3261 3320 3459
f 3379 3422 3270
f 3263 3281 3367
f 3448 3367 3281
f 3381 3313 3361
f 3313 3271 3361
f 3382 3361 3271
f 3314 3322 3253
f 3253 3283 3314
f 3290 3223 3301
f 3341 3206 3435
f 3342 3435 3206
f 3404 3370 3285
f 3356 3293 3334
f 3304 3208 3456
f 3305 3456 3208
f 3275 3196 3343
f 3344 3238 3286
f 9929 3344 3286
f 3239 3217 3419
f 3391 3419 3217
f 3217 3276 3327
f 3218 3310 3347
f 3260 3319 3268
f 3287 3320 3261
f 3299 3288 3412
f 3349 3412 3288
f 3422 3252 3270
f 3338 9940 3339
f 3369 3266 3316
f 3463 3316 3266
f 3301 3341 3384
f 3285 3292 3404
f 3427 3325 3274
f 3308 3307 3294
f 3344 9929 9918
f 3366 3277 3374
f 3319 3395 3259
f 3287 3262 3269
f 3337 3321 3396
f 3350 3252 3414
f 3329 3282 3368
f 3283 3424 3314
f 3340 3221 3324
f 3352 3324 3221
f 3221 3284 3352
f 3401 3352 3284
f 3353 3289 3265
f 3384 3354 3301
f 3225 3245 3355
f 3428 3456 3305
f 3372 3428 3305
f 3306 3307 3373
f 3308 3295 3523
f 3327 3318 3468
f 3392 3358 3250
f 3250 3190 3392
f 3481 3392 3190
f 3278 3393 3481
f 3393 3279 3345
f 3346 3345 3279
f 3260 3219 3348
f 3336 3348 3219
f 3375 3251 3411
f 3240 3299 3376
f 3397 3378 3204
f 3433 3414 3252
f 3380 3313 3381
f 3315 3323 3400
f 3475 3331 3254
f 3363 3475 3254
f 3303 3302 3235
f 3370 3291 3285
f 3334 3293 3325
f 3371 3427 3274
f 3274 3304 3371
f 3373 3405 3306
f 3488 3295 3326
f 3298 3419 3297
f 3374 3277 3358
f 3320 3287 3420
f 3269 3420 3287
f 3312 3411 3251
f 3422 3433 3252
f 3360 3448 3109
f 3339 3351 3338
f 3323 3362 3400
f 3362 3161 3485
f 3363 3340 3425
f 3300 3289 3402
f 3296 3297 9938
f 3357 3217 3327
f 3210 3218 3347
f 3410 3420 3269
f 3269 3311 3410
f 3376 3312 3240
f 3349 3337 3377
f 3432 3378 3397
f 3444 3328 3230
f 3230 3398 3444
f 3280 3350 3398
f 3338 3382 3330
f 3400 3383 3315
f 3475 3161 3331
f 3342 3302 3385
f 3389 3303 3317
f 3256 3333 3386
f 3272 3333 3257
f 3438 3334 3325
f 3523 3307 3308
f 3275 3343 3417
f 3457 3345 3346
f 3347 3346 3210
f 3395 3347 3310
f 3260 3442 3319
f 3411 3312 3376
f 3396 3377 3337
f 3413 3396 3321
f 3359 3413 3321
f 3321 3378 3359
f 3449 3448 3360
f 3338 3351 3451
f 3161 3475 3485
f 3324 3425 3340
f 3353 3402 3289
f 3353 3265 3453
f 3265 3332 3453
f 3354 3403 3301
f 3291 3390 3365
f 3456 3371 3304
f 3442 3458 3319
f 3431 3348 3336
f 3414 3398 3350
f 3360 3329 3399
f 3423 3322 3314
f 3364 3300 3402
f 3369 3453 3332
f 3317 3225 3476
f 3225 3355 3476
f 3355 3245 3386
f 3245 3256 3386
f 3415 3386 3333
f 3333 3272 3455
f 3272 3365 3455
f 3291 3370 3390
f 3273 3356 3426
f 3334 3426 3356
f 3488 3523 3295
f 3326 3275 3416
f 3275 3417 3416
f 3217 3357 3391
f 3457 3346 3408
f 3348 3442 3260
f 3399 3329 3560
f 3368 3560 3329
f 3368 3380 3450
f 3485 3400 3362
f 3364 3402 3401
f 3290 3464 3463
f 3435 3384 3341
f 3303 3506 3302
f 3389 3317 3476
f 3488 3326 3406
f 3406 3326 3416
f 3238 3344 3430
f 9919 3430 3344
f 9925 9919 3344
f 3327 3468 3497
f 3407 3468 3318
f 3490 3318 3366
f 3366 3374 3490
f 3347 3408 3346
f 3388 3347 3395
f 3319 3458 3395
f 3412 3349 3377
f 3450 3503 3368
f 3361 3445 3381
f 3383 3424 3315
f 3437 3365 3390
f 3387 3273 3467
f 3438 3325 3427
f 3335 3428 3372
f 3335 3405 3478
f 3405 3373 3429
f 3343 3496 3417
f 3343 3309 3479
f 3480 3479 3309
f 3309 3238 3480
f 3297 3419 3418
f 3327 3497 3357
f 3394 3408 3347
f 3409 3394 3347
f 3432 3359 3378
f 3422 3379 3434
f 3382 3445 3361
f 3301 3403 3290
f 3342 3385 3436
f 3437 3455 3365
f 3467 3404 3387
f 3392 3491 3358
f 3388 3409 3347
f 3399 3474 3360
f 3381 3450 3380
f 3382 3338 3451
f 3314 3424 3461
f 3370 3404 3466
f 3438 3495 3334
f 3371 3456 3549
f 3496 3343 3479
f 3418 9938 3297
f 3357 3440 3391
f 3374 3358 3491
f 3420 3410 3421
f 3410 3375 3443
f 3411 3443 3375
f 3377 3511 3412
f 3432 3397 3328
f 3474 3449 3360
f 3586 3450 3381
f 3445 3586 3381
f 3436 3385 3506
f 3385 3302 3506
f 3427 3549 3439
f 3427 3371 3549
f 3594 3373 3307
f 3419 3391 3440
f 3491 3527 3374
f 3392 3481 3441
f 3469 3481 3393
f 3393 3345 3469
f 3345 3457 3469
f 3408 3394 3457
f 3482 3457 3394
f 3409 3446 3394
f 3409 3388 3517
f 3459 3431 3336
f 3443 3421 3410
f 3299 3412 3511
f 3353 3453 3487
f 3463 3547 3316
f 3384 3435 3513
f 3436 3435 3342
f 3465 3303 3389
f 3415 3355 3386
f 3507 3467 3273
f 3426 3507 3273
f 3478 3428 3335
f 3307 3523 3594
f 3416 3417 3543
f 3418 9939 9938
f 3491 3392 3611
f 3643 3611 3392
f 3441 3643 3392
f 3442 3348 3447
f 3431 3447 3348
f 3377 3396 3501
f 3413 3501 3396
f 3432 3328 3532
f 3434 3433 3422
f 3379 3367 3460
f 3561 3445 3382
f 3451 3561 3382
f 3461 3423 3314
f 3452 3461 3424
f 3424 3383 3452
f 3363 3425 3546
f 3462 3425 3324
f 3464 3290 3521
f 3403 3521 3290
f 3506 3303 3465
f 3355 3415 3454
f 3415 3333 3455
f 3390 3370 3437
f 3467 3466 3404
f 3439 3438 3427
f 3428 3477 3456
f 3405 3508 3478
f 3496 3543 3417
f 3430 3480 3238
f 3418 3419 3524
f 3394 3446 3537
f 3395 3458 3388
f 3431 3459 3572
f 3421 3470 3420
f 3443 3411 3518
f 3376 3518 3411
f 3376 3299 3472
f 3511 3377 3473
f 3475 3363 3546
f 3352 3401 3486
f 3402 3353 3563
f 3513 3435 3609
f 3455 3454 3415
f 3455 3437 3514
f 3478 3477 3428
f 3429 3508 3405
f 3509 3429 3373
f 3357 3525 3440
f 3318 3490 3407
f 3527 3490 3374
f 3482 3556 3457
f 3394 3537 3482
f 3446 3409 3517
f 3458 3442 3499
f 3447 3499 3442
f 3320 3420 3470
f 3471 3421 3443
f 3518 3471 3443
f 3518 3376 3492
f 3299 3511 3472
f 3413 3359 3483
f 3585 3328 3444
f 3538 3444 3398
f 3414 3538 3398
f 3367 3448 3460
f 3560 3474 3399
f 3451 3351 9935
f 3461 3484 3423
f 3462 3324 3577
f 3352 3577 3324
f 3402 3563 3512
f 3640 3563 3353
f 3466 3437 3370
f 3495 3426 3334
f 3373 3594 3509
f 3419 3440 3524
f 3376 3472 3492
f 3501 3473 3377
f 3532 3359 3432
f 3414 3433 3434
f 3449 3460 3448
f 3505 3383 3590
f 3546 3425 3462
f 3512 3486 3401
f 3401 3402 3512
f 3487 3640 3353
f 3436 3609 3435
f 3389 3476 3548
f 3581 3466 3467
f 3549 3456 3477
f 3429 3509 3522
f 3480 3430 3544
f 3489 9939 3418
f 3418 3524 3489
f 3526 3407 3490
f 3556 3469 3457
f 3498 3388 3458
f 3499 3498 3458
f 3447 3431 3614
f 3572 3614 3431
f 3434 3379 3615
f 3560 3368 3503
f 3586 3503 3450
f 3505 3452 3383
f 3383 3400 3545
f 3400 3591 3545
f 3400 3485 3591
f 3369 3316 3578
f 3547 3578 3316
f 3354 3384 3602
f 3355 3454 3619
f 3440 3525 3604
f 3550 3497 3468
f 3468 3407 3550
f 3536 3482 3537
f 3388 3498 3510
f 3530 3511 3473
f 3473 3501 3531
f 3538 3414 3539
f 3533 3615 3379
f 3379 3460 3533
f 3474 3519 3449
f 3560 3519 3474
f 3561 3451 3493
f 3451 9935 3493
f 3590 3383 3545
f 3486 3577 3352
f 3487 3453 3592
f 3369 3592 3453
f 3513 3602 3384
f 3436 3506 3610
f 3476 3355 3548
f 3507 3426 3494
f 3438 3439 3495
f 3479 3480 3516
f 3544 3516 3480
f 3481 3469 3634
f 3517 3388 3510
f 3470 3421 3500
f 3471 3500 3421
f 3434 3539 3414
f 3504 3484 3461
f 3461 3452 3504
f 3452 3505 3504
f 3475 3546 3617
f 3577 3698 3462
f 3547 3463 3540
f 3464 3540 3463
f 3465 3389 3603
f 3507 3581 3467
f 3426 3495 3494
f 3508 3429 3522
f 3583 3543 3496
f 3622 3604 3525
f 3517 3510 3605
f 3518 3558 3471
f 3531 3530 3473
f 3502 3501 3483
f 3561 3588 3445
f 3484 3504 3562
f 3592 3369 3578
f 3579 3403 3354
f 3602 3579 3354
f 3506 3465 3603
f 3619 3548 3355
f 3514 3542 3455
f 3514 3437 3515
f 3495 3439 3631
f 3477 3478 3743
f 3406 3621 3488
f 3479 3583 3496
f 3441 3481 3634
f 3537 3446 3553
f 3446 3517 3553
f 3558 3500 3471
f 3502 3531 3501
f 3532 3328 3574
f 3519 3560 3534
f 3671 3591 3485
f 3485 3475 3671
f 3602 3513 3609
f 3610 3506 3618
f 3389 3548 3603
f 3541 3619 3454
f 3542 3454 3455
f 3437 3466 3515
f 3508 3743 3478
f 3508 3522 3567
f 3595 3523 3488
f 3621 3595 3488
f 3416 3543 3621
f 3526 3550 3407
f 3527 3526 3490
f 3611 3649 3491
f 3556 3528 3469
f 3529 3572 3459
f 3459 3320 3529
f 3470 3529 3320
f 3472 3511 3559
f 3573 3624 3483
f 3483 3359 3573
f 3679 3539 3434
f 3636 3505 3590
f 3637 3545 3591
f 3475 3617 3608
f 3512 3520 3486
f 3540 3464 3521
f 3542 3541 3454
f 3515 3542 3514
f 3494 3675 3507
f 3549 3477 3565
f 3684 3565 3477
f 3406 3416 3621
f 3489 3524 3569
f 3550 3357 3497
f 3571 3528 3556
f 3553 3517 3613
f 3605 3613 3517
f 3518 3492 3635
f 3492 3472 3635
f 3559 3511 3530
f 3328 3585 3574
f 3533 3460 3748
f 3493 9935 3555
f 3577 3486 3629
f 3520 3629 3486
f 3609 3436 3610
f 3743 3508 3566
f 3535 3600 3524
f 3524 3440 3535
f 3527 3491 3551
f 3649 3551 3491
f 3528 3634 3469
f 3612 3482 3536
f 3702 3510 3498
f 3557 3702 3498
f 3498 3499 3557
f 3558 3554 3500
f 3559 3635 3472
f 3359 3532 3573
f 3434 3615 3679
f 3722 3460 3449
f 3534 3625 3519
f 3604 3535 3440
f 3528 3571 3570
f 3536 3537 3552
f 3553 3552 3537
f 3470 3500 3554
f 3558 3518 3685
f 3587 3685 3518
f 3444 3538 3585
f 3625 3722 3449
f 3449 3519 3625
f 3560 3503 3616
f 3555 9933 3576
f 3475 3608 3671
f 3546 3462 3617
f 3564 3563 3640
f 3743 3684 3477
f 3567 3566 3508
f 3568 3522 3509
f 3516 3544 3598
f 9921 3598 3544
f 3589 3562 3504
f 3627 3504 3505
f 3505 3636 3627
f 3512 3563 3639
f 3579 3521 3403
f 3603 3618 3506
f 3541 3674 3619
f 9571 3515 3466
f 3675 3581 3507
f 3621 3543 3646
f 3543 3583 3646
f 3583 3479 3596
f 3516 3596 3479
f 3598 3597 3516
f 3600 3569 3524
f 3584 3556 3482
f 3612 3584 3482
f 3613 3552 3553
f 3575 3585 3538
f 3538 3539 3575
f 3748 3615 3533
f 3588 3561 3626
f 3493 3555 3576
f 3601 3526 3527
f 3584 3571 3556
f 3668 3584 3612
f 3499 3447 3614
f 3657 3572 3529
f 3470 3657 3529
f 3679 3575 3539
f 3503 3586 3616
f 3561 3493 3626
f 3607 3576 3562
f 3589 3607 3562
f 3504 3627 3589
f 3724 3547 3540
f 3580 3542 3515
f 9571 3580 3515
f 3597 3596 3516
f 3622 3525 3623
f 3525 3357 3623
f 3550 3623 3357
f 3612 3536 3552
f 3470 3554 3657
f 3635 3587 3518
f 3530 3531 3694
f 3532 3574 3721
f 3585 3575 3644
f 3645 3625 3534
f 3606 3616 3586
f 3626 3493 3661
f 3576 3661 3493
f 3545 3637 3628
f 3617 3462 3662
f 3698 3662 3462
f 3698 3577 3629
f 3592 3578 3663
f 3547 3663 3578
f 3675 3582 3581
f 3632 3439 3549
f 3549 3565 3632
f 3567 3522 3593
f 3641 3568 3509
f 3509 3594 3641
f 3633 3594 3523
f 3523 3595 3633
f 3540 3521 3724
f 3580 3620 3542
f 3632 3631 3439
f 3566 3567 3725
f 3693 3593 3522
f 3522 3568 3693
f 3646 3583 3708
f 3583 3700 3708
f 3599 3598 9916
f 9916 3569 3599
f 3600 3599 3569
f 3441 3634 3650
f 3570 3634 3528
f 3613 3605 3709
f 3702 3605 3510
f 3534 3560 3687
f 3616 3687 3560
f 3586 3445 3606
f 3588 3606 3445
f 3607 3661 3576
f 3614 3557 3499
f 3652 3624 3573
f 3573 3532 3652
f 3585 3644 3574
f 3545 3636 3590
f 3591 3671 3637
f 3512 3639 3520
f 3723 3640 3487
f 3592 3723 3487
f 3521 3579 3733
f 3494 3495 3664
f 3631 3682 3495
f 3633 3641 3594
f 3583 3596 3700
f 3604 3600 3535
f 3551 3601 3527
f 3685 3587 3686
f 9617 3531 3502
f 3575 3679 3670
f 3626 3660 3588
f 3579 3602 3740
f 3602 3609 3740
f 3620 3541 3542
f 3682 3664 3495
f 3550 3526 3648
f 3526 3601 3648
f 3767 3709 3605
f 3757 3559 3530
f 3530 3694 3757
f 3721 3652 3532
f 3687 3659 3534
f 3606 3588 3660
f 3654 3661 3607
f 3629 3520 3689
f 3638 3689 3520
f 3656 3674 3541
f 3720 3632 3565
f 3595 3621 3642
f 3599 3597 3598
f 3767 3605 3702
f 3557 3614 3669
f 3614 3572 3703
f 3670 3679 3696
f 3615 3748 3779
f 3659 3645 3534
f 3589 3654 3607
f 3627 3636 3655
f 3628 3636 3545
f 3689 3672 3629
f 3690 3639 3563
f 3563 3564 3690
f 3547 3724 3705
f 3618 3603 3715
f 3741 3548 3619
f 3619 3674 3741
f 3541 3620 3716
f 3682 3631 3630
f 3642 3621 3646
f 3708 3700 3699
f 3552 3613 3677
f 3657 3554 3728
f 3554 3558 3658
f 3635 3686 3587
f 3729 3694 3531
f 3531 9617 3729
f 3652 9616 3624
f 3661 3660 3626
f 3520 3639 3638
f 3609 3610 3809
f 3494 3664 3752
f 3631 3632 3683
f 3743 3566 3707
f 3596 3597 3665
f 3666 3599 3600
f 3600 3604 3666
f 3622 3623 3647
f 3550 3647 3623
f 3651 3668 3612
f 3612 3552 3651
f 3557 3669 3702
f 3644 3575 3653
f 3687 3616 3697
f 3655 3654 3589
f 3589 3627 3655
f 3628 3771 3636
f 3671 3608 3819
f 3723 3564 3640
f 3663 3547 3681
f 3705 3681 3547
f 3733 3739 3521
f 3740 3673 3579
f 3716 3656 3541
f 3580 9571 3620
f 3717 3620 9571
f 3675 3717 3582
f 3683 3630 3631
f 3684 3720 3565
f 3593 3725 3567
f 3595 3642 3735
f 3700 3596 3665
f 3597 3599 3665
f 3667 3622 3647
f 3611 3643 3800
f 3441 3800 3643
f 3709 3677 3613
f 3657 3703 3572
f 3685 3658 3558
f 3679 3615 3779
f 3460 3722 3738
f 3711 3645 3659
f 3660 3712 3606
f 3759 3690 3564
f 3739 3724 3521
f 3809 3610 3773
f 3707 3566 3692
f 3744 3708 3699
f 3667 3604 3622
f 3648 3754 3550
f 3649 3611 3800
f 3570 3650 3634
f 3584 3668 3676
f 3614 3745 3669
f 3635 3704 3686
f 3653 3575 3678
f 3678 3575 3670
f 3697 3616 3712
f 3616 3606 3712
f 3771 3655 3636
f 3714 3628 3637
f 3637 3671 3714
f 3706 3603 3548
f 3548 3741 3706
f 3620 3717 3761
f 3752 3675 3494
f 3683 3632 3719
f 3720 3719 3632
f 3566 3725 3692
f 3726 3641 3633
f 3667 3647 3753
f 3647 3550 3754
f 3676 3571 3584
f 3668 3651 3766
f 3745 3614 3803
f 3559 3704 3635
f 3738 3748 3460
f 3780 3722 3625
f 3660 3661 3688
f 3661 3654 3688
f 3608 3617 3680
f 3732 3617 3662
f 3698 3732 3662
f 3672 3698 3629
f 3639 3690 3638
f 3723 3592 3856
f 3663 3856 3592
f 3673 3733 3579
f 3809 3740 3609
f 3762 3726 3633
f 3633 3595 3762
f 3595 3735 3762
f 3735 3642 3646
f 3599 3736 3665
f 3552 3677 3651
f 3645 3780 3625
f 3645 3711 3780
f 3819 3714 3671
f 3750 3773 3610
f 3610 3618 3750
f 3741 3674 3656
f 3716 3691 3656
f 3752 3664 3774
f 3666 3736 3599
f 3765 3666 3604
f 3604 3667 3765
f 3703 3803 3614
f 3652 3721 3695
f 3721 3574 3746
f 3722 3780 3804
f 3712 3660 3730
f 3714 3771 3628
f 3732 3698 3772
f 3783 3772 3698
f 3618 3715 3760
f 3664 3682 3774
f 3630 3774 3682
f 3683 3719 3630
f 3800 3441 3650
f 3554 3710 3728
f 3554 3658 3710
f 3757 3704 3559
f 3794 3729 9617
f 3795 3794 9616
f 3652 3795 9616
f 3818 3644 3653
f 3678 3818 3653
f 3660 3688 3730
f 3713 3730 3688
f 3856 3663 3681
f 3760 3750 3618
f 3706 3715 3603
f 3717 3675 3718
f 3707 3775 3743
f 3708 3735 3646
f 3676 3668 3766
f 3727 3703 3657
f 3657 3728 3727
f 3729 3757 3694
f 3574 3644 3747
f 3679 3737 3696
f 3781 3711 3659
f 3655 3771 3713
f 3819 3608 3731
f 3680 3731 3608
f 3672 3783 3698
f 3733 3673 3840
f 3742 3718 3675
f 3742 3675 3752
f 3725 3593 3811
f 3693 3811 3593
f 3764 3744 3699
f 3699 3700 3764
f 3701 3765 3667
f 3753 3701 3667
f 3753 3647 3822
f 3754 3822 3647
f 3650 3570 3801
f 3570 3571 3755
f 3651 3677 3793
f 3710 3658 3756
f 3658 3685 3756
f 3685 3686 3756
f 3850 3756 3686
f 3686 3704 3850
f 3574 3747 3746
f 3697 3781 3659
f 3659 3687 3697
f 3564 3723 3759
f 3706 3741 3830
f 3601 3551 3786
f 3649 3786 3551
f 3891 3801 3570
f 3755 3891 3570
f 3676 3755 3571
f 3709 3793 3677
f 3767 3702 3787
f 3757 3729 3827
f 3729 3794 3788
f 3818 3747 3644
f 3711 3781 3838
f 3697 3712 3758
f 3730 3758 3712
f 3732 3680 3617
f 3807 3681 3705
f 3715 3706 3760
f 3734 3691 3716
f 3751 3734 3716
f 3620 3751 3716
f 3620 3761 3751
f 3791 3761 3717
f 3718 3791 3717
f 3720 3684 3862
f 3684 3743 3862
f 3798 3735 3708
f 3708 3744 3798
f 3700 3665 3764
f 3702 3669 3825
f 3745 3825 3669
f 3727 3803 3703
f 3850 3704 3768
f 3746 3695 3721
f 3779 3737 3679
f 3782 3713 3771
f 3749 3690 3759
f 3723 3856 3759
f 3884 3705 3724
f 3724 3739 3884
f 3811 3810 3725
f 3843 3811 3693
f 3736 3764 3665
f 3836 3648 3601
f 3800 3786 3649
f 3815 3755 3676
f 3802 3793 3709
f 3704 3757 3769
f 3788 3827 3729
f 3670 3818 3678
f 3730 3713 3770
f 3782 3770 3713
f 3741 3656 3820
f 3774 3630 3859
f 3744 3764 3812
f 3701 3753 3799
f 3836 3601 3932
f 3793 3792 3651
f 3787 3702 3825
f 3756 3845 3710
f 3778 3818 3670
f 3696 3778 3670
f 3714 3819 3771
f 3691 3820 3656
f 3821 3719 3720
f 3842 3775 3707
f 3707 3692 3842
f 3692 3725 3833
f 3833 3725 3810
f 3736 3666 3813
f 3765 3813 3666
f 3767 3802 3709
f 3825 3745 3849
f 3873 3745 3803
f 3728 3710 3826
f 3769 3768 3704
f 3777 3795 3652
f 3652 3695 3777
f 3731 3680 3882
f 3672 3689 3783
f 3749 3638 3690
f 3807 3705 3789
f 3840 3739 3733
f 3840 3673 3808
f 3752 3774 3832
f 3863 3843 3693
f 3693 3568 3863
f 3763 3762 3735
f 3798 3763 3735
f 3764 3736 3776
f 3813 3776 3736
f 3765 3701 3848
f 3799 3848 3701
f 3822 3754 3814
f 3792 3766 3651
f 3727 3728 3826
f 3827 3769 3757
f 3737 3829 3696
f 3838 3805 3711
f 3782 3771 3854
f 3732 3772 3847
f 3749 3759 3866
f 3673 3740 3808
f 3809 3808 3740
f 3830 3760 3706
f 3691 3734 3784
f 3742 3791 3718
f 3742 3752 3797
f 3862 3743 3785
f 3775 3785 3743
f 3813 3765 3835
f 3648 3836 3814
f 3786 3932 3601
f 3676 3766 3823
f 3766 3792 3823
f 3844 3802 3767
f 3767 3787 3844
f 3849 3745 3873
f 3788 3794 3828
f 3747 3881 3746
f 3829 3737 3852
f 3779 3748 3877
f 3738 3877 3748
f 3781 3697 3806
f 3730 3770 3796
f 3771 3819 3854
f 3882 3680 3855
f 3866 3879 3749
f 3856 3681 3867
f 3681 3807 3867
f 3705 3884 3789
f 3773 3750 3914
f 3841 3750 3760
f 3862 3821 3720
f 3799 3753 3822
f 3754 3648 3814
f 3800 3650 4000
f 3920 4000 3650
f 3650 3801 3920
f 3676 3823 3815
f 3873 3803 3817
f 3837 3778 3696
f 3829 3837 3696
f 3877 3738 3864
f 3861 3758 3730
f 3730 3796 3861
f 3759 3856 3866
f 3741 3820 3830
f 3691 3784 3820
f 3790 3784 3734
f 3831 3790 3751
f 3791 3831 3761
f 3832 3797 3752
f 3774 3859 3947
f 3719 3859 3630
f 3955 3568 3641
f 3641 3726 3955
f 3918 3812 3764
f 3764 3776 3918
f 3765 3848 3835
f 3793 3816 3792
f 3802 3824 3793
f 3845 3826 3710
f 3894 3852 3737
f 3737 3779 3894
f 3806 3697 3758
f 3846 3796 3770
f 3770 3782 3846
f 3854 3846 3782
f 3882 3819 3731
f 3680 3732 3847
f 3689 3638 3878
f 3749 3878 3638
f 3841 3914 3750
f 3831 3751 3761
f 3812 3798 3744
f 3799 3822 3889
f 3755 3815 3892
f 3816 3823 3792
f 3816 3793 3824
f 3802 3844 3860
f 3894 3779 3895
f 3877 3895 3779
f 3738 3722 3864
f 3722 3804 3864
f 3805 3780 3711
f 3805 3838 3959
f 3847 3855 3680
f 3783 3689 3878
f 3809 3773 3945
f 3830 3820 3857
f 3832 3774 3947
f 3776 3834 3918
f 3848 3799 3888
f 3786 3800 3890
f 4000 3890 3800
f 3920 3801 3891
f 3788 3828 3875
f 3970 3959 3838
f 3806 3758 3853
f 3865 3853 3758
f 3861 3865 3758
f 3839 3884 3739
f 3927 3840 3808
f 3808 3809 3885
f 3830 3841 3760
f 3830 3857 4007
f 3831 3791 3900
f 3869 3791 3742
f 3797 3869 3742
f 3568 3955 3863
f 3763 3798 3986
f 3918 3871 3812
f 3813 3834 3776
f 3888 3799 3889
f 3816 3824 3910
f 3802 3860 3824
f 3787 3825 3844
f 3817 3803 3967
f 3803 3727 3967
f 3826 3967 3727
f 3769 3827 3905
f 3827 3851 3905
f 3851 3827 3788
f 3788 3875 3851
f 3852 3912 3829
f 3879 3866 3898
f 3807 3789 3867
f 3868 3857 3820
f 3820 3784 3868
f 3901 3842 3692
f 3833 3901 3692
f 3823 3892 3815
f 3823 3816 3909
f 3849 3844 3825
f 3873 3817 3989
f 3893 3922 3826
f 3826 3845 3893
f 3695 3746 3968
f 3942 3864 3804
f 3805 3942 3804
f 3804 3780 3805
f 3908 3878 3749
f 3749 3879 3908
f 3739 3840 3839
f 3914 3945 3773
f 3832 3953 3797
f 3726 3762 3955
f 3870 3798 3812
f 3812 3871 3870
f 3835 3848 3872
f 3889 3822 3931
f 3814 3931 3822
f 3903 3823 3909
f 3910 3909 3816
f 3849 3860 3844
f 3845 3756 3904
f 3850 3904 3756
f 3876 3828 3795
f 3795 3777 3876
f 3968 3777 3695
f 3818 3778 3958
f 3924 3970 3838
f 3781 3806 3853
f 3853 3865 3896
f 3882 3854 3819
f 3847 3772 3951
f 3831 3858 3790
f 3887 4037 3719
f 3719 3821 3887
f 3997 3955 3762
f 3870 3986 3798
f 3967 3826 3922
f 3850 3768 3874
f 3876 3875 3828
f 3846 3854 3913
f 3783 3883 3772
f 3840 3880 3839
f 3945 3885 3809
f 3858 3868 3784
f 3859 3719 4037
f 3810 3811 3843
f 3762 3763 3997
f 3986 3997 3763
f 3933 3920 3891
f 3892 3823 3903
f 3860 3910 3824
f 3845 3904 3893
f 3905 3768 3769
f 3818 3958 3747
f 3838 3781 3924
f 3853 3924 3781
f 3854 3882 3943
f 3883 3951 3772
f 3926 3866 3856
f 3867 3789 3899
f 3880 3840 3927
f 3858 3831 3886
f 3831 3900 3886
f 3869 3900 3791
f 3775 3842 3985
f 3872 3813 3835
f 3932 3786 3919
f 3873 3921 3849
f 3989 3817 3966
f 3907 3876 3777
f 3746 3881 3968
f 3912 3837 3829
f 3861 3796 3897
f 3796 3846 3897
f 3913 3897 3846
f 3882 3855 3936
f 3855 3847 3944
f 3884 4043 3789
f 3928 3914 3841
f 3841 3830 3928
f 4007 3928 3830
f 3960 3886 3900
f 3821 3862 3961
f 3842 3901 3985
f 3833 3810 3954
f 3863 3955 3939
f 3870 3871 3917
f 3872 3834 3813
f 3963 3872 3848
f 3888 3963 3848
f 3910 3860 3911
f 3941 3911 3860
f 3935 3905 3851
f 3837 3958 3778
f 3943 3913 3854
f 3936 3855 3944
f 3925 3883 3783
f 3783 3878 3925
f 3908 3925 3878
f 3885 3927 3808
f 3915 4007 3857
f 3937 3900 3869
f 3887 3821 3961
f 3871 3918 3902
f 3931 3814 3948
f 3860 3849 3941
f 3921 3941 3849
f 3921 3873 3989
f 3905 3874 3768
f 3896 3924 3853
f 3897 3865 3861
f 3879 3898 3908
f 3926 3856 3978
f 3856 3867 3978
f 3899 3978 3867
f 4043 3899 3789
f 3839 3880 4006
f 3901 3833 3954
f 3902 3917 3871
f 3872 3956 3834
f 3904 3850 3975
f 3850 3874 3975
f 3875 3935 3851
f 3907 3923 3876
f 3968 3907 3777
f 4012 3881 3747
f 3837 3912 4021
f 3896 3865 3977
f 3944 3847 4031
f 3951 4031 3847
f 3952 3915 3857
f 3857 3868 3952
f 3858 3886 3916
f 3938 3937 3869
f 3929 3961 3862
f 3785 3929 3862
f 3810 3843 3930
f 3956 3918 3834
f 3963 3888 3957
f 3889 3957 3888
f 3814 3836 3948
f 3891 3755 3933
f 3940 3933 3755
f 3755 3892 3940
f 3903 3965 3892
f 3817 3967 3966
f 3935 3875 3906
f 3881 4012 3969
f 3747 3958 4012
f 3852 3894 4093
f 3895 4093 3894
f 3936 3943 3882
f 4043 4042 3899
f 4014 3884 3839
f 3945 3914 3983
f 3937 3960 3900
f 3797 3938 3869
f 3953 3938 3797
f 3947 3953 3832
f 3947 3859 4037
f 3980 3929 3785
f 3785 3775 3980
f 3985 3980 3775
f 3954 3810 3930
f 4008 3986 3870
f 3956 3902 3918
f 3965 3903 3972
f 3949 3972 3903
f 3909 3949 3903
f 3969 3968 3881
f 3959 3970 3993
f 3865 3897 3977
f 3866 3926 3898
f 3880 3927 3996
f 4037 3979 3947
f 4055 3870 3917
f 3964 3889 3931
f 3940 3892 4009
f 3965 4009 3892
f 3910 3949 3909
f 3910 3911 3973
f 3934 3973 3911
f 3874 3905 4011
f 3905 3935 4011
f 4004 4021 3912
f 3982 4004 3912
f 3852 3982 3912
f 3959 3942 3805
f 3976 3924 3896
f 4042 3978 3899
f 4014 4043 3884
f 3932 3948 3836
f 3987 3919 3786
f 3786 3890 3987
f 4009 3933 3940
f 3910 3973 3949
f 3893 3904 3974
f 3975 3974 3904
f 4030 3994 3943
f 3914 3928 4033
f 3868 3858 3984
f 3916 3984 3858
f 3890 4000 3987
f 4000 3920 4114
f 3975 3874 3950
f 4011 3950 3874
f 4027 3864 3942
f 3976 3896 3977
f 3897 3913 4029
f 3943 3994 3913
f 3883 3925 3995
f 4044 3952 3868
f 3868 3984 4044
f 3886 3960 3916
f 3938 3953 3946
f 3843 3863 3930
f 3963 3971 3872
f 3932 3919 3999
f 3919 3987 3999
f 3933 4114 3920
f 3934 3941 3988
f 3941 4010 3988
f 4010 3941 3921
f 4057 3989 3966
f 3958 3837 3992
f 4021 3992 3837
f 3942 3959 4027
f 3936 4030 3943
f 4006 4014 3839
f 3996 4006 3880
f 3983 3885 3945
f 3946 3953 4025
f 3953 3947 4015
f 3979 4015 3947
f 3962 3954 3930
f 4113 4008 3870
f 3870 4055 4113
f 3902 3956 4017
f 3971 3956 3872
f 3964 3957 3889
f 3998 3964 3931
f 3931 3948 3998
f 3967 3922 4018
f 4005 3993 3970
f 4033 3983 3914
f 3971 3963 4026
f 3963 3957 4026
f 4114 3933 4064
f 4001 3973 3934
f 3934 3988 4001
f 3935 3906 4067
f 3923 3907 4003
f 3968 3969 3991
f 4020 4012 3958
f 3877 3864 4155
f 3977 3897 4029
f 3913 3994 4029
f 4013 3995 3925
f 3928 4007 4024
f 4015 4025 3953
f 3979 4037 4016
f 3961 3929 4075
f 3954 3985 3901
f 3998 4099 3964
f 4071 3966 3967
f 3967 4018 4071
f 4002 3922 3893
f 3893 3974 4002
f 3990 3974 3975
f 3981 3991 3969
f 3969 4012 3981
f 4093 3982 3852
f 3970 3924 4005
f 3924 3976 4005
f 4059 4022 3977
f 4030 3936 4023
f 3944 4023 3936
f 3883 4178 3951
f 3995 4060 3883
f 3983 3927 3885
f 4024 4033 3928
f 4134 4044 3984
f 3960 4045 3916
f 3960 3937 4070
f 4037 3887 4053
f 3961 4053 3887
f 4017 3917 3902
f 4062 3998 3948
f 4056 4064 3933
f 3933 4009 4056
f 4010 3921 4066
f 3922 4002 4018
f 4020 3958 3992
f 3993 4027 3959
f 3976 3977 4022
f 3944 4031 4023
f 4178 4031 3951
f 3925 3908 4013
f 4107 3996 3927
f 4034 4024 4007
f 4035 4007 3915
f 3937 3938 4109
f 3961 4075 4053
f 4038 3929 3980
f 3980 3985 4038
f 4039 4026 3957
f 3948 3932 4062
f 3999 4062 3932
f 3949 3973 4065
f 3921 3989 4032
f 4002 3974 3990
f 4011 3935 4067
f 4003 3907 4041
f 4041 3907 3968
f 3968 3991 4041
f 4027 3993 4028
f 4029 4059 3977
f 4006 3996 4085
f 4036 3915 3952
f 3984 3916 4134
f 3946 4109 3938
f 3997 3986 4008
f 3964 4039 3957
f 3972 3949 4079
f 3949 4065 4079
f 4032 4066 3921
f 3950 4011 4139
f 4093 3895 4083
f 3877 4083 3895
f 4084 4029 3994
f 3996 4107 4141
f 4046 3960 4070
f 4047 3985 3954
f 3954 3962 4047
f 4054 3962 3930
f 3930 3863 4097
f 3939 4097 3863
f 3939 3955 4098
f 3998 4062 4078
f 4009 3965 4103
f 3965 3972 4103
f 4079 4103 3972
f 4001 3988 4080
f 4072 3990 3975
f 3975 3950 4072
f 3981 4012 4154
f 4083 3877 4130
f 4155 4130 3877
f 3976 4022 4005
f 4118 4005 4022
f 4084 3994 4105
f 4007 4035 4034
f 4044 4036 3952
f 4016 4015 3979
f 4097 4054 3930
f 4048 4098 3955
f 3955 3997 4048
f 4008 4113 4112
f 4017 4055 3917
f 4017 3956 3971
f 4078 4099 3998
f 3987 4000 4101
f 4040 4056 4009
f 4155 3864 4131
f 4027 4131 3864
f 3995 4013 4051
f 4014 4006 4106
f 4086 3927 3983
f 3937 4109 4070
f 4038 4120 3929
f 4096 4047 3962
f 4111 4048 3997
f 4008 4111 3997
f 4063 4101 4000
f 4114 4063 4000
f 4057 4032 3989
f 4071 4057 3966
f 4041 4058 4003
f 4030 4105 3994
f 4051 4060 3995
f 4013 3908 4074
f 3996 4141 4085
f 3927 4086 4107
f 3915 4036 4035
f 4046 4045 3960
f 4075 3929 4120
f 4098 4097 3939
f 4124 4040 4009
f 4103 4124 4009
f 4019 4139 4011
f 4067 4003 4068
f 4049 4041 3991
f 3981 4049 3991
f 4027 4028 4131
f 4145 4028 3993
f 3993 4005 4145
f 4059 4118 4022
f 4023 4031 4133
f 4178 4133 4031
f 3926 3978 4069
f 3978 4042 4069
f 4106 4043 4014
f 4033 4024 4061
f 3985 4047 4038
f 4026 4039 4077
f 4089 3988 4010
f 4010 4066 4089
f 4071 4018 4189
f 4138 4189 4018
f 4067 4019 4011
f 4058 4068 4003
f 4050 4145 4005
f 4005 4157 4050
f 4118 4157 4005
f 4105 4030 4073
f 4074 3908 3898
f 3898 3926 4074
f 4069 4074 3926
f 3983 4033 4061
f 3946 4025 4109
f 4109 4025 4052
f 4025 4015 4052
f 3962 4054 4214
f 4122 4054 4097
f 3971 4026 4077
f 4101 3999 3987
f 4080 3973 4001
f 3988 4089 4115
f 4002 4072 4081
f 4072 3950 4165
f 4139 4165 3950
f 4049 4058 4041
f 4012 4020 4129
f 4116 3992 4021
f 4021 4004 4116
f 3982 4117 4004
f 4118 4059 4168
f 4084 4059 4029
f 4030 4023 4073
f 4042 4043 4269
f 4061 4086 3983
f 4034 4061 4024
f 4015 4016 4095
f 4175 4113 4055
f 4077 4017 3971
f 4078 4062 4100
f 4080 3988 4115
f 4091 4066 4032
f 4032 4057 4091
f 4018 4002 4126
f 4081 4126 4002
f 4067 4184 4019
f 4020 3992 4167
f 4093 4092 3982
f 4084 4105 4190
f 4060 4178 3883
f 4094 4134 3916
f 4110 4015 4095
f 4053 4095 4016
f 4016 4037 4053
f 4038 4047 4076
f 4071 4091 4057
f 4152 4081 4072
f 4058 4049 4082
f 4129 4154 4012
f 4070 4142 4046
f 4214 4096 3962
f 4112 4111 4008
f 4055 4017 4175
f 4087 4077 4039
f 4039 3964 4088
f 4099 4088 3964
f 4101 4163 3999
f 4149 4114 4064
f 4064 4056 4149
f 4102 4056 4040
f 4079 4065 4104
f 4065 3973 4104
f 4080 4104 3973
f 4126 4138 4018
f 4082 4049 4128
f 4049 3981 4128
f 4268 4116 4004
f 4117 4268 4004
f 4028 4145 4131
f 4179 4269 4043
f 4141 4180 4085
f 4044 4134 4036
f 4108 4142 4070
f 4109 4108 4070
f 4076 4120 4038
f 4121 4076 4047
f 4047 4096 4121
f 4222 4214 4054
f 4098 4048 4136
f 4111 4136 4048
f 4039 4088 4087
f 4091 4071 4125
f 4152 4072 4165
f 4058 4082 4204
f 3981 4154 4153
f 4117 3982 4092
f 4051 4160 4060
f 4074 4051 4013
f 4069 4042 4140
f 4106 4179 4043
f 4006 4085 4209
f 4061 4034 4210
f 4222 4054 4122
f 4100 4187 4078
f 4100 4062 3999
f 4102 4123 4056
f 4164 4104 4080
f 4090 4089 4066
f 4189 4125 4071
f 4128 3981 4153
f 4059 4084 4132
f 4190 4132 4084
f 4178 4060 4185
f 4185 4060 4160
f 4119 4074 4069
f 4269 4140 4042
f 4209 4106 4006
f 4180 4209 4085
f 4094 4045 4171
f 4045 4046 4171
f 4142 4171 4046
f 4052 4015 4110
f 4124 4181 4040
f 4066 4091 4090
f 4196 4115 4089
f 4089 4090 4196
f 4146 4090 4091
f 4068 4058 4127
f 4204 4127 4058
f 4050 4157 4148
f 4132 4168 4059
f 4113 4175 4174
f 4017 4077 4223
f 4143 4223 4077
f 4187 4099 4078
f 4063 4226 4101
f 4123 4149 4056
f 4124 4103 4137
f 4103 4079 4150
f 4091 4125 4146
f 4152 4126 4081
f 4167 4129 4020
f 3992 4116 4167
f 4159 4190 4105
f 4105 4073 4159
f 4133 4073 4023
f 4051 4074 4119
f 4141 4107 4169
f 4053 4075 4135
f 4120 4135 4075
f 4193 4121 4096
f 4096 4214 4193
f 4111 4112 4215
f 4194 4215 4112
f 4112 4113 4194
f 4174 4194 4113
f 4188 4100 3999
f 4163 4188 3999
f 4149 4063 4114
f 4115 4164 4080
f 4189 4151 4125
f 4184 4067 4250
f 4147 4250 4067
f 4127 4147 4068
f 4116 4268 4198
f 4092 4310 4117
f 4177 4157 4118
f 4168 4177 4118
f 4170 4278 4134
f 4094 4170 4134
f 4095 4053 4201
f 4097 4098 4173
f 4136 4173 4098
f 4175 4017 4195
f 4087 4143 4077
f 4088 4099 4144
f 4187 4144 4099
f 4226 4163 4101
f 4150 4079 4104
f 4146 4125 4151
f 4082 4128 4166
f 4198 4167 4116
f 4093 4083 4233
f 4234 4233 4083
f 4083 4130 4234
f 4155 4234 4130
f 4119 4160 4051
f 4119 4069 4140
f 4162 4179 4106
f 4171 4170 4094
f 4240 4076 4121
f 4122 4097 4279
f 4173 4279 4097
f 4136 4111 4215
f 4181 4102 4040
f 4150 4137 4103
f 4189 4138 4249
f 4166 4128 4197
f 4233 4092 4093
f 4155 4131 4156
f 4131 4145 4156
f 4205 4156 4145
f 4141 4169 4270
f 4107 4086 4169
f 4108 4109 4261
f 4135 4201 4053
f 4192 4135 4120
f 4120 4076 4192
f 4195 4017 4223
f 4090 4146 4264
f 4139 4203 4165
f 4139 4019 4329
f 4184 4329 4019
f 4153 4197 4128
f 4145 4050 4148
f 4157 4177 4199
f 4132 4190 4158
f 4185 4160 4208
f 4161 4160 4119
f 4106 4209 4162
f 4270 4180 4141
f 4278 4036 4134
f 4171 4142 4172
f 4212 4172 4142
f 4142 4108 4212
f 4191 4052 4110
f 4095 4191 4110
f 4095 4201 4186
f 4264 4196 4090
f 4183 4264 4146
f 4152 4266 4126
f 4152 4165 4230
f 4168 4132 4207
f 4159 4236 4190
f 4159 4073 4244
f 4133 4244 4073
f 4219 4119 4140
f 4140 4269 4219
f 4052 4261 4109
f 4076 4240 4192
f 4173 4136 4263
f 4137 4150 4182
f 4126 4266 4217
f 4230 4266 4152
f 4197 4153 4176
f 4153 4154 4176
f 4154 4129 4176
f 4148 4205 4145
f 4148 4157 4199
f 4207 4206 4168
f 4158 4207 4132
f 4180 4270 4260
f 4175 4195 4273
f 4217 4138 4126
f 4165 4203 4230
f 4166 4289 4082
f 4197 4276 4166
f 4092 4233 4232
f 4206 4177 4168
f 4244 4236 4159
f 4180 4260 4209
f 4220 4086 4061
f 4061 4210 4220
f 4300 4210 4034
f 4300 4034 4035
f 4172 4212 4200
f 4221 4240 4121
f 4193 4221 4121
f 4174 4175 4313
f 4273 4313 4175
f 4241 4143 4087
f 4246 4241 4087
f 4087 4088 4246
f 4224 4246 4088
f 4088 4144 4224
f 4137 4182 4247
f 4217 4249 4138
f 4329 4203 4139
f 4289 4166 4276
f 4304 4234 4155
f 4155 4156 4304
f 4185 4208 4341
f 4238 4208 4160
f 4160 4161 4238
f 4219 4161 4119
f 4035 4036 4211
f 4172 4239 4171
f 4261 4212 4108
f 4252 4052 4191
f 4149 4216 4063
f 4149 4123 4227
f 4287 4254 4102
f 4102 4181 4287
f 4124 4137 4255
f 4247 4255 4137
f 4164 4115 4288
f 4151 4183 4146
f 4127 4243 4147
f 4258 4176 4129
f 4129 4167 4258
f 4199 4177 4206
f 4133 4178 4237
f 4291 4169 4086
f 4220 4291 4086
f 4251 4170 4171
f 4171 4239 4251
f 4172 4200 4239
f 4201 4213 4186
f 4313 4194 4174
f 4144 4187 4225
f 4307 4225 4187
f 4187 4100 4307
f 4163 4202 4188
f 4216 4226 4063
f 4115 4196 4288
f 4151 4189 4249
f 4167 4198 4231
f 4205 4148 4297
f 4158 4190 4218
f 4178 4185 4341
f 4211 4300 4035
f 4214 4222 4352
f 4194 4313 4365
f 4273 4195 4325
f 4223 4325 4195
f 4242 4307 4100
f 4188 4242 4100
f 4216 4149 4227
f 4254 4123 4102
f 4255 4287 4181
f 4181 4124 4255
f 4288 4196 4248
f 4264 4248 4196
f 4329 4184 9675
f 4250 9675 4184
f 4204 4082 4267
f 4289 4267 4082
f 4231 4258 4167
f 4234 4304 4339
f 4218 4190 4235
f 4269 4179 4281
f 4179 4162 4281
f 4282 4162 4209
f 4210 4300 4292
f 4200 4212 4284
f 4186 4191 4095
f 4275 4254 4287
f 4104 4164 4228
f 4183 4151 4256
f 4229 4265 4151
f 4151 4249 4229
f 4199 4297 4148
f 4236 4235 4190
f 4292 4220 4210
f 4284 4239 4200
f 4261 4052 4252
f 4262 4135 4192
f 4192 4240 4262
f 4352 4193 4214
f 4272 4222 4122
f 4279 4272 4122
f 4365 4215 4194
f 4223 4143 4245
f 4202 4242 4188
f 4226 4216 4274
f 4247 4182 4295
f 4104 4182 4150
f 4219 4269 4311
f 4320 4311 4269
f 4209 4260 4282
f 4278 4211 4036
f 4186 4213 4323
f 4135 4213 4201
f 4313 4273 4302
f 4254 4227 4123
f 4264 4183 4296
f 4256 4151 4265
f 4276 4197 4257
f 4310 4092 4232
f 4156 4205 4304
f 4297 4304 4205
f 4299 4206 4207
f 4207 4218 4299
f 4244 4340 4236
f 4343 4270 4169
f 4278 4170 4318
f 4284 4251 4239
f 4284 4212 4261
f 4285 4262 4240
f 4301 4240 4221
f 4263 4136 4253
f 4136 4215 4253
f 4215 4365 4253
f 4241 4245 4143
f 4144 4225 4286
f 4289 4276 4379
f 4233 4234 4319
f 4298 4297 4199
f 4259 4199 4206
f 4235 4236 4305
f 4300 4211 4271
f 4170 4251 9589
f 4191 4186 4322
f 4186 4323 4322
f 4280 4229 4249
f 4280 4249 4217
f 4395 4204 4267
f 4303 4231 4198
f 4244 4133 4237
f 4237 4178 4341
f 4283 4291 4220
f 4170 9589 4318
f 4279 4173 4372
f 4263 4372 4173
f 4241 4246 4373
f 4163 4226 4274
f 4228 4164 4361
f 4164 4288 4361
f 4296 4183 4256
f 4127 4204 4395
f 4339 4319 4234
f 4304 4297 4290
f 4299 4218 4277
f 4218 4235 4277
f 4270 4343 4348
f 4349 4169 4291
f 4252 4334 4261
f 4322 4252 4191
f 4301 4285 4240
f 4307 4374 4225
f 4228 4182 4104
f 4288 4248 4308
f 4248 4264 4296
f 4309 4217 4266
f 4230 4309 4266
f 4232 4233 4319
f 4199 4259 4298
f 4206 4299 4259
f 4269 4281 4320
f 4312 4271 4211
f 4261 4321 4284
f 4213 4135 4345
f 4352 4222 4388
f 4272 4388 4222
f 4294 4325 4223
f 4223 4245 4294
f 4373 4245 4241
f 4202 4163 4274
f 4254 4275 4360
f 4182 4228 4314
f 4328 4280 4217
f 4243 4127 4362
f 4395 4362 4127
f 4231 4303 4338
f 4198 4268 4303
f 4346 4290 4297
f 4237 4340 4244
f 4278 4318 4350
f 4293 9589 4251
f 4251 4284 4293
f 4334 4321 4261
f 4193 4301 4221
f 4272 4279 4337
f 4372 4337 4279
f 4372 4263 4413
f 4373 4367 4245
f 4224 4144 4286
f 4360 4227 4254
f 4377 4256 4265
f 4329 9675 9674
f 4289 4330 4267
f 4268 4117 4331
f 4317 4298 4259
f 4347 4238 4161
f 4282 4281 4162
f 4260 4270 4358
f 4349 4343 4169
f 4410 4349 4291
f 4193 4352 4336
f 4413 4263 4393
f 4253 4393 4263
f 4313 4302 4366
f 4225 4374 4394
f 4202 4432 4242
f 4361 4375 4228
f 4288 4308 4361
f 4217 4309 9579
f 4330 4289 4396
f 4379 4396 4289
f 4338 4176 4258
f 4258 4231 4338
f 4277 4235 4305
f 4342 4347 4311
f 4392 4320 4281
f 4282 4260 4358
f 4348 4358 4270
f 4291 4283 4410
f 4306 4283 4220
f 4220 4292 4306
f 4292 4300 4384
f 4211 4278 4312
f 4387 4252 4322
f 4274 4216 4326
f 4216 4227 4457
f 4360 4275 4390
f 4247 4295 4391
f 4308 4248 4376
f 4296 4376 4248
f 4280 4328 4327
f 4362 9676 4243
f 4330 4395 4267
f 4257 4379 4276
f 4331 4303 4268
f 4117 4310 4331
f 4297 4298 4346
f 4208 4238 4357
f 4281 4282 4490
f 4292 4384 4306
f 4271 4384 4300
f 4278 4350 4312
f 4412 4318 9589
f 4262 4285 4403
f 4285 4301 4364
f 4367 4294 4245
f 4286 4225 4394
f 4287 4255 4370
f 4399 4370 4255
f 4247 4399 4255
f 4295 4182 4434
f 4314 4434 4182
f 4228 4375 4315
f 4265 4229 4377
f 4280 4327 9599
f 9579 4328 4217
f 4230 4203 4316
f 4379 4257 4371
f 4423 4310 4232
f 4299 4277 4332
f 4305 4332 4277
f 4305 4236 4340
f 4490 4392 4281
f 4252 4335 4334
f 4135 4262 4345
f 4262 4403 4345
f 4246 4224 4389
f 4286 4389 4224
f 4242 4374 4307
f 4457 4326 4216
f 4314 4228 4315
f 4256 4377 4353
f 4316 9579 4309
f 4309 4230 4316
f 4423 4331 4310
f 4487 4423 4232
f 4320 4342 4311
f 4283 4306 4333
f 4318 4412 4350
f 4364 4193 4336
f 4227 4360 4457
f 4449 4275 4287
f 4370 4449 4287
f 4316 4203 4440
f 4329 4440 4203
f 4197 4371 4257
f 4303 4331 4354
f 4339 4304 4290
f 4298 4317 4346
f 4417 4317 4259
f 4259 4299 4417
f 4332 4417 4299
f 4344 9589 4293
f 4387 4335 4252
f 4324 4403 4285
f 4365 4393 4253
f 4367 4373 4368
f 4389 4373 4246
f 4399 4247 4391
f 9674 4440 4329
f 4354 4338 4303
f 4319 4339 4380
f 4332 4305 4402
f 4305 4340 4363
f 4381 4340 4237
f 4341 4208 4357
f 4333 4410 4283
f 4412 9589 4344
f 4321 4334 4386
f 4213 4398 4323
f 4364 4324 4285
f 4193 4364 4301
f 4366 4365 4313
f 4394 4369 4286
f 4456 4202 4274
f 4274 4326 4456
f 4353 4376 4296
f 4296 4256 4353
f 4328 9579 4438
f 4422 4354 4331
f 4319 4442 4232
f 4346 4401 4290
f 4417 4332 4356
f 4332 4402 4356
f 4446 4282 4358
f 4271 4312 4418
f 4336 4352 4430
f 4272 4337 4388
f 4373 4389 4431
f 4361 4308 4376
f 4438 4327 4328
f 4354 4400 4338
f 4232 4442 4487
f 4339 4290 4380
f 4346 4317 4397
f 4363 4402 4305
f 4381 4363 4340
f 4426 4357 4238
f 4238 4347 4426
f 4387 4322 4351
f 4322 4323 4398
f 4398 4213 4345
f 4325 4294 4273
f 4353 4377 4436
f 4378 4438 9579
f 4440 9674 9677
f 4396 4450 4330
f 4371 4197 4407
f 4197 4176 4407
f 4355 4422 4331
f 4401 4380 4290
f 4346 4397 4401
f 4317 4409 4397
f 4341 4382 4237
f 4347 4342 4426
f 4335 4386 4334
f 4352 4388 4359
f 4388 4337 4469
f 4432 4374 4242
f 4176 4338 4407
f 4381 4237 4382
f 4343 4349 4383
f 4271 4418 4384
f 4350 4418 4312
f 4398 4351 4322
f 4413 4393 4404
f 4458 4457 4360
f 4360 4390 4458
f 4391 4295 4434
f 4375 4361 4421
f 4436 4377 4405
f 9676 4362 4406
f 4441 4416 4379
f 4371 4441 4379
f 4331 4423 4355
f 4317 4417 4409
f 4392 4342 4320
f 4349 4410 4383
f 4385 4412 4344
f 4398 4345 4479
f 4368 4420 4367
f 4390 4275 4433
f 4338 4400 4407
f 4442 4319 4451
f 4408 4451 4319
f 4381 4425 4363
f 4382 4489 4381
f 4357 4426 4499
f 4348 4343 4383
f 4352 4359 4430
f 4448 4393 4365
f 4376 4353 4435
f 4377 9563 4405
f 9599 4327 9563
f 4395 4406 4362
f 4396 4379 4462
f 4416 4462 4379
f 4380 4408 4319
f 4401 4424 4380
f 4489 4425 4381
f 4341 4357 4382
f 4499 4382 4357
f 4383 4358 4348
f 4350 4412 4478
f 4386 4335 4428
f 4345 4403 4429
f 4359 4388 4469
f 4365 4366 4448
f 4503 4420 4368
f 4431 4389 4505
f 4286 4505 4389
f 4361 4376 4435
f 4438 4378 4460
f 4406 4395 4483
f 4483 4395 4330
f 4450 4483 4330
f 4408 4380 4463
f 4424 4463 4380
f 4401 4397 4443
f 4363 4445 4402
f 4475 4342 4392
f 4350 4478 4418
f 4345 4429 4479
f 4364 4336 4419
f 4431 4368 4373
f 4369 4505 4286
f 4374 4522 4394
f 4436 4435 4353
f 4327 4438 9563
f 4378 4316 4460
f 4316 4440 4439
f 4450 4396 4462
f 4397 4409 4443
f 4444 4417 4356
f 4356 4402 4444
f 4446 4490 4282
f 4411 4410 4333
f 4333 4306 4411
f 4447 4411 4306
f 4306 4384 4447
f 4335 4387 4466
f 4324 4468 4403
f 4364 4468 4324
f 4337 4372 4470
f 4520 4470 4372
f 4372 4413 4520
f 4453 4302 4273
f 4431 4503 4368
f 4369 4394 4522
f 4432 4202 4414
f 4456 4414 4202
f 4415 4433 4275
f 4275 4449 4415
f 4434 4314 4496
f 4315 4496 4314
f 4375 4421 4315
f 4435 4421 4361
f 4439 4460 4316
f 4409 4417 4488
f 4392 4490 4475
f 4428 4427 4386
f 4466 4387 4351
f 4351 4398 4452
f 4336 4430 4419
f 4469 4337 4470
f 4393 4448 4404
f 4273 4294 4453
f 4505 4454 4431
f 4523 4458 4390
f 4390 4433 4523
f 4400 4354 4422
f 4443 4424 4401
f 4564 4445 4363
f 4425 4564 4363
f 4411 4383 4410
f 4501 4478 4412
f 4412 4385 4501
f 4480 4468 4364
f 4364 4419 4480
f 4404 4520 4413
f 4522 4374 4506
f 4432 4506 4374
f 4436 4405 4437
f 9563 4438 4459
f 4423 4514 4355
f 4444 4402 4445
f 4490 4446 4540
f 4491 4446 4358
f 4491 4358 4383
f 4411 4464 4383
f 4428 4335 4466
f 4403 4468 4467
f 4419 4430 4519
f 4521 4453 4294
f 4522 4481 4369
f 4414 4455 4432
f 4545 4421 4435
f 4459 4437 4405
f 4498 4440 9596
f 4371 4407 4484
f 4400 4484 4407
f 4514 4422 4355
f 4516 4408 4463
f 4409 4488 4443
f 4426 4342 4475
f 4464 4491 4383
f 4466 4465 4428
f 4466 4351 4452
f 4467 4502 4429
f 4429 4403 4467
f 4505 4369 4481
f 4455 4506 4432
f 4613 4523 4433
f 4433 4415 4613
f 4391 4434 4507
f 4496 4507 4434
f 4460 4439 4510
f 4498 4510 4439
f 4439 4440 4498
f 4485 4484 4400
f 4400 4422 4485
f 4486 4485 4422
f 4487 4442 4515
f 4442 4451 4515
f 4451 4408 4516
f 4424 4443 4527
f 4417 4444 4488
f 4382 4499 4473
f 4474 4499 4426
f 4478 4492 4418
f 4494 4501 4385
f 4427 4428 4465
f 4404 4471 4520
f 4495 4448 4366
f 4366 4302 4495
f 4583 4415 4449
f 4370 4399 4534
f 4399 4391 4534
f 4545 4315 4421
f 4497 4546 4436
f 4436 4437 4497
f 4459 4438 4524
f 4483 4461 4406
f 4441 4371 4484
f 4514 4486 4422
f 4423 4487 4514
f 4411 4447 4476
f 4447 4384 4477
f 4479 4530 4398
f 4502 4479 4429
f 4560 4480 4419
f 4419 4519 4560
f 4552 4519 4430
f 4430 4359 4552
f 4532 4302 4453
f 4458 4523 4553
f 4507 4534 4391
f 4545 4482 4315
f 4524 4508 4459
f 4438 4460 4524
f 4510 4509 4460
f 4472 4416 4441
f 4484 4472 4441
f 4463 4424 4527
f 4547 4527 4443
f 4489 4382 4473
f 4475 4474 4426
f 4446 4491 4540
f 4500 4477 4384
f 4384 4418 4500
f 4418 4492 4500
f 4478 4501 4493
f 4465 4494 4427
f 4465 4466 4542
f 4466 4452 4530
f 4359 4469 4552
f 4453 4521 4573
f 4521 4294 4367
f 4367 4420 4521
f 4533 4521 4420
f 4503 4533 4420
f 4454 4503 4431
f 4457 4600 4326
f 4437 4459 4535
f 4508 4535 4459
f 4509 4524 4460
f 4483 4450 4512
f 4462 4512 4450
f 4462 4416 4472
f 4514 4487 4526
f 4443 4488 4538
f 4539 4488 4444
f 4445 4539 4444
f 4564 4557 4445
f 4540 4475 4490
f 4411 4518 4464
f 4476 4518 4411
f 4477 4476 4447
f 4492 4478 4493
f 4398 4530 4452
f 4530 4479 4502
f 4467 4468 4550
f 4532 4495 4302
f 4454 4504 4503
f 4544 4454 4505
f 4414 4456 4599
f 4456 4326 4600
f 4600 4457 4553
f 4457 4458 4553
f 4546 4545 4435
f 4435 4436 4546
f 4498 4461 4511
f 4483 4511 4461
f 4472 4512 4462
f 4472 4484 4513
f 4537 4513 4484
f 4484 4485 4537
f 4485 4486 4537
f 4487 4515 4526
f 4516 4515 4451
f 4547 4443 4538
f 4557 4539 4445
f 4473 4565 4489
f 4474 4528 4499
f 4475 4540 4568
f 4464 4518 4491
f 4466 4530 4542
f 4467 4550 4502
f 4532 4453 4573
f 4544 4504 4454
f 4510 4498 4525
f 4486 4514 4555
f 4488 4539 4538
f 4517 4540 4491
f 4518 4517 4491
f 4500 4492 4529
f 4493 4529 4492
f 4559 4493 4501
f 4494 4559 4501
f 4581 4469 4470
f 4470 4520 4581
f 4520 4471 4531
f 4448 4495 4610
f 4533 4503 4504
f 4505 4481 4544
f 4481 4522 4544
f 4415 4583 4613
f 4615 4315 4482
f 4509 4510 4536
f 4525 4536 4510
f 4498 4511 4525
f 4512 4511 4483
f 4512 4472 4513
f 4555 4537 4486
f 4558 4564 4425
f 4425 4489 4565
f 4499 4566 4473
f 4474 4475 4568
f 4494 4465 4569
f 4520 4531 4581
f 4506 4544 4522
f 4370 4534 4597
f 4507 4496 4601
f 4546 4598 4545
f 4437 4535 4497
f 4617 4508 4524
f 4554 4525 4511
f 4512 4554 4511
f 4514 4526 4555
f 4526 4515 4586
f 4516 4586 4515
f 4565 4558 4425
f 4528 4566 4499
f 4517 4576 4540
f 4518 4476 4549
f 4477 4656 4476
f 4477 4500 4577
f 4529 4577 4500
f 4569 4559 4494
f 4465 4542 4541
f 4530 4502 4571
f 4404 4448 4610
f 4543 4533 4504
f 4456 4600 4599
f 4597 4534 4584
f 4507 4584 4534
f 4601 4584 4507
f 4535 4508 4603
f 4524 4509 4644
f 4536 4644 4509
f 4586 4555 4526
f 4547 4538 4548
f 4538 4539 4563
f 4566 4565 4473
f 4568 4528 4474
f 4577 4656 4477
f 4529 4493 4578
f 4541 4569 4465
f 4570 4541 4542
f 4542 4530 4570
f 4530 4571 4570
f 4579 4502 4550
f 4550 4468 4551
f 4468 4480 4551
f 4560 4551 4480
f 4561 4552 4469
f 4469 4581 4561
f 4574 4533 4543
f 4543 4544 4562
f 4506 4562 4544
f 4449 4370 4597
f 4496 4315 4615
f 4598 4482 4545
f 4535 4603 4497
f 4617 4603 4508
f 4524 4644 4617
f 4537 4627 4513
f 4587 4516 4463
f 4556 4587 4463
f 4527 4556 4463
f 4527 4547 4556
f 4548 4556 4547
f 4628 4548 4538
f 4557 4563 4539
f 4568 4540 4576
f 4549 4622 4518
f 4578 4577 4529
f 4559 4578 4493
f 4560 4519 4572
f 4552 4572 4519
f 4404 4593 4471
f 4574 4521 4533
f 4562 4595 4543
f 4583 4449 4597
f 4602 4546 4497
f 4512 4513 4585
f 4604 4627 4537
f 4647 4604 4537
f 4537 4555 4647
f 4586 4516 4670
f 4670 4516 4587
f 4538 4563 4628
f 4557 4564 4589
f 4564 4558 4589
f 4517 4518 4621
f 4518 4622 4621
f 4656 4549 4476
f 4571 4502 4579
f 4591 4579 4550
f 4550 4551 4591
f 4572 4580 4560
f 4552 4561 4572
f 4593 4531 4471
f 4594 4573 4521
f 4521 4574 4594
f 4506 4582 4562
f 4599 4455 4414
f 4611 4553 4523
f 4615 4601 4496
f 4598 4615 4482
f 4602 4616 4546
f 4497 4603 4602
f 4536 4525 4618
f 4554 4625 4525
f 4627 4585 4513
f 4555 4586 4669
f 4556 4548 4575
f 4548 4628 4575
f 4589 4628 4563
f 4563 4557 4589
f 4605 4589 4558
f 4605 4558 4565
f 4565 4566 4606
f 4566 4528 4607
f 4567 4528 4568
f 4632 4567 4568
f 4568 4576 4632
f 4541 4608 4569
f 4580 4591 4551
f 4572 4561 4592
f 4561 4581 4592
f 4610 4593 4404
f 4543 4595 4574
f 4595 4562 4596
f 4613 4611 4523
f 4598 4546 4616
f 4618 4525 4625
f 4668 4646 4554
f 4554 4512 4668
f 4512 4585 4668
f 4587 4556 4588
f 4575 4588 4556
f 4606 4605 4565
f 4567 4607 4528
f 4576 4517 4649
f 4517 4621 4649
f 4559 4569 4608
f 4579 4591 4590
f 4531 4592 4581
f 9714 4596 4562
f 4562 4582 9714
f 4455 4582 4506
f 4647 4555 4669
f 4619 4669 4586
f 4586 4670 4619
f 4684 4628 4589
f 4605 4684 4589
f 4607 4606 4566
f 4567 4632 4631
f 4541 4570 4650
f 4570 4571 4657
f 4590 4571 4579
f 4652 4591 4580
f 4580 9598 4652
f 9715 9598 4592
f 4609 9715 4592
f 4592 4531 4609
f 4531 4593 4609
f 4636 4574 4595
f 4595 4596 4636
f 4614 4583 4597
f 4597 4584 4614
f 4615 4598 4677
f 4662 4603 4617
f 9714 4582 4455
f 4611 4613 4612
f 4584 4601 4643
f 4601 4615 4643
f 4616 4677 4598
f 4637 4616 4602
f 4602 4603 4637
f 4644 4536 4618
f 4625 4554 4646
f 4626 4668 4585
f 4585 4627 4626
f 4620 4588 4575
f 4575 4628 4620
f 4606 4684 4605
f 4606 4607 4629
f 4630 4629 4607
f 4607 4567 4630
f 4632 4576 4633
f 4648 4633 4576
f 4576 4649 4648
f 4622 4655 4621
f 4671 4656 4577
f 4577 4578 4671
f 4591 4651 4590
f 4609 4593 4623
f 4593 4610 4623
f 4624 4623 4610
f 4610 4495 4624
f 4495 4532 4624
f 4573 4624 4532
f 4638 4639 4680
f 9714 4455 9712
f 4641 9712 4455
f 4455 4599 4641
f 4600 4553 4660
f 4553 4611 4660
f 4611 4612 4660
f 4583 4614 9587
f 4677 4643 4615
f 4617 4644 4662
f 4588 4620 4683
f 4629 4721 4606
f 4578 4559 4685
f 4650 4608 4541
f 4650 4570 4657
f 4590 4657 4571
f 4698 4652 9598
f 4634 4698 9598
f 9598 9715 4634
f 4653 4634 9715
f 4623 4624 9713
f 4624 4573 4635
f 4594 4635 4573
f 4618 4625 4788
f 4645 4788 4625
f 4625 4646 4645
f 4627 4604 4626
f 4647 4626 4604
f 4683 4620 4736
f 4684 4620 4628
f 4721 4684 4606
f 4567 4631 4654
f 4632 4633 4631
f 4655 4649 4621
f 4578 4685 4694
f 4559 4608 4685
f 4739 4685 4608
f 4695 4739 4608
f 4652 4651 4591
f 4641 4599 4659
f 4661 4660 4612
f 4612 9587 4661
f 9587 4614 4642
f 4643 4642 4614
f 4614 4584 4643
f 4677 4616 4726
f 4678 4639 4638
f 4663 4678 4638
f 4666 9993 4681
f 4678 4702 4639
f 4640 4680 4688
f 4599 4600 4659
f 4660 4659 4600
f 4637 4726 4616
f 4662 4637 4603
f 4662 4644 4667
f 4692 4667 4644
f 4644 4618 4692
f 4788 4692 4618
f 4668 4626 4682
f 4619 4670 4796
f 4630 4567 4654
f 4656 4693 4549
f 4671 4578 4694
f 4650 4695 4608
f 4657 4740 4650
f 4672 4634 4653
f 4667 4700 4662
f 4626 4647 4706
f 4720 4706 4647
f 4647 4669 4720
f 4633 4648 4790
f 4622 4549 4722
f 4693 4722 4549
f 4723 4693 4656
f 4671 4723 4656
f 4671 4694 4738
f 4740 4657 4708
f 4696 4651 4652
f 4652 4698 4697
f 4673 4672 4653
f 9721 4659 4742
f 4675 4742 4659
f 4659 4660 4675
f 4676 4675 4660
f 4660 4661 4676
f 4642 4676 4661
f 4637 4662 4700
f 4702 9697 4639
f 4691 4678 4663
f 4663 4664 4691
f 4728 4691 4664
f 4679 4664 4663
f 4705 9993 4666
f 4668 4682 4734
f 4706 4682 4626
f 4670 4587 4796
f 4620 4684 4737
f 4633 4790 4631
f 4649 4655 4707
f 4655 4622 4722
f 4740 4695 4650
f 4768 4708 4657
f 4590 4768 4657
f 4697 4696 4652
f 4672 4673 4710
f 4673 9718 4752
f 9718 4674 4752
f 4686 4752 4674
f 4711 4686 4674
f 4674 4658 4711
f 4785 4711 4658
f 4658 9721 4785
f 4712 4785 9721
f 9721 4742 4712
f 4742 4675 4687
f 4699 4687 4675
f 4675 4676 4699
f 4676 4642 4725
f 4643 4725 4642
f 4643 4677 4725
f 4677 4713 4787
f 4677 4726 4713
f 4700 4754 4637
f 4802 4728 4664
f 4679 4780 4664
f 4688 4703 4640
f 4729 4688 4680
f 4680 4704 4729
f 4665 4717 4681
f 4705 4778 9993
f 4645 4646 4733
f 4789 4733 4646
f 4682 4706 4719
f 4588 4796 4587
f 4808 4588 4683
f 4629 4630 4759
f 4790 4654 4631
f 4707 4648 4649
f 4724 4694 4685
f 4685 4739 4750
f 4695 4740 4767
f 4798 4768 4590
f 4590 4651 4798
f 4751 4697 4698
f 4709 4698 4634
f 4754 4726 4637
f 4704 4716 4781
f 4681 4717 9999
f 4718 9990 4689
f 4773 4718 4689
f 4689 10001 4773
f 4727 4690 4714
f 4715 4714 4690
f 9697 4702 4715
f 4788 4645 4756
f 4668 4789 4646
f 4735 4706 4720
f 4720 4669 4757
f 4669 4619 4757
f 4808 4683 4736
f 4737 4736 4620
f 4797 4721 4629
f 4759 4797 4629
f 4630 4654 4759
f 4655 4722 4760
f 4722 4693 4829
f 4723 4671 4738
f 4724 4738 4694
f 4696 4798 4651
f 4634 4672 4709
f 4710 4709 4672
f 4752 4741 4673
f 4711 4753 4686
f 4800 4715 4702
f 4702 4743 4800
f 4678 4691 4743
f 4729 4747 4688
f 4704 4781 4729
f 4781 4716 4744
f 4840 4705 4666
f 4719 4734 4682
f 4795 4619 4796
f 4795 4796 4856
f 4684 4721 4797
f 4707 4810 4648
f 4850 4707 4655
f 4791 4850 4655
f 4749 4724 4685
f 4767 4739 4695
f 4708 4831 4740
f 4741 4710 4673
f 4784 4753 4711
f 4711 4785 4784
f 4687 4699 4769
f 4699 4676 4786
f 4786 4676 4725
f 4725 4677 4787
f 4700 4667 4770
f 4714 4715 4765
f 4743 4691 4766
f 4691 4728 4766
f 4780 4802 4664
f 4718 4773 4851
f 4773 10001 4775
f 10001 4746 4775
f 4701 4727 4748
f 4692 4770 4667
f 4734 4789 4668
f 4757 4735 4720
f 4797 4737 4684
f 4723 4738 9568
f 4724 4749 4860
f 4685 4750 4749
f 4844 4750 4739
f 4709 4751 4698
f 4752 4686 4753
f 4699 4786 4769
f 4713 4726 4787
f 4754 4700 4755
f 4779 4766 4728
f 4803 4802 4780
f 4703 4688 4819
f 4747 4819 4688
f 4805 4716 4730
f 4730 9696 4805
f 4748 4805 9696
f 9696 4701 4748
f 4748 4727 4764
f 4731 9989 4777
f 4761 4745 9990
f 9990 4718 4761
f 4851 4761 4718
f 4732 9996 4763
f 4734 4719 4825
f 4619 4758 4757
f 4808 4736 4827
f 4736 4737 4857
f 4738 4724 4812
f 4739 4767 4844
f 4813 4831 4708
f 4708 4768 4813
f 4696 4697 4832
f 4709 4710 4929
f 4845 4710 4741
f 4712 4742 4687
f 4786 4725 4816
f 4787 4816 4725
f 4770 4755 4700
f 4800 4765 4715
f 4766 4800 4743
f 4819 4818 4703
f 4781 4744 4888
f 4716 4838 4744
f 4761 4772 4745
f 4746 9991 4776
f 4792 4776 9991
f 4762 9994 4793
f 4732 4763 4777
f 4778 4763 9996
f 9992 4840 4666
f 4779 4728 4817
f 4780 4679 4836
f 4679 4703 4836
f 4818 4836 4703
f 4819 4747 4876
f 4729 4876 4747
f 4804 4838 4716
f 4805 4804 4716
f 4805 4748 4782
f 4749 4750 4885
f 4831 4767 4740
f 4798 4696 4814
f 4751 4832 4697
f 4710 4845 4929
f 4741 4752 4783
f 4752 4753 4783
f 4785 4712 4886
f 4769 4799 4687
f 4873 4787 4726
f 4726 4754 4873
f 4756 4733 4847
f 4794 4825 4719
f 4719 4706 4826
f 4706 4735 4826
f 4882 4796 4588
f 4737 4797 4858
f 4654 4987 4759
f 4648 4810 4790
f 4707 4850 4928
f 4760 4791 4655
f 4760 4722 4829
f 4693 4723 4811
f 4820 9987 4717
f 4772 4821 4745
f 4774 4773 4775
f 4775 4746 4881
f 4793 4792 4762
f 4777 10002 4731
f 4801 4800 4766
f 4802 4817 4728
f 4802 4803 4835
f 4744 4838 4837
f 4884 4738 4812
f 4750 4844 4885
f 4768 4798 4870
f 4832 4751 4917
f 4687 4833 4712
f 4873 4754 4906
f 4754 4755 4906
f 4755 4770 4846
f 4770 4692 4913
f 4692 4788 4913
f 4719 4826 4794
f 4795 4758 4619
f 4808 4882 4588
f 4857 4827 4736
f 4858 4857 4737
f 4829 4693 4830
f 4820 4717 4806
f 4771 4745 4806
f 4851 4773 4909
f 4773 4774 4909
f 4881 4774 4775
f 4746 4776 4881
f 10002 4777 4853
f 4777 4763 4853
f 4705 4854 4778
f 9992 4912 4840
f 4764 4714 4841
f 4714 4765 4841
f 4765 4800 4801
f 4779 4864 4766
f 4888 4729 4781
f 4782 4804 4805
f 4724 4860 4812
f 4813 4868 4831
f 4870 4813 4768
f 4901 4814 4696
f 4832 4901 4696
f 4946 4917 4751
f 4751 4709 4946
f 4741 4815 4845
f 4741 4783 4815
f 4902 4783 4753
f 4871 4753 4784
f 4886 4871 4784
f 4784 4785 4886
f 4886 4712 4833
f 4687 4799 4833
f 4834 4799 4769
f 4769 4786 4834
f 4816 4834 4786
f 4788 4756 4913
f 4825 4789 4734
f 4849 4735 4757
f 4849 4757 4758
f 4828 4797 4987
f 4797 4759 4987
f 4654 4790 4867
f 4810 4809 4790
f 4830 4693 4811
f 4717 4771 4806
f 4821 4806 4745
f 4761 4822 4772
f 4890 4776 4792
f 4793 10002 4823
f 4853 4763 4824
f 4778 4824 4763
f 4913 4756 4847
f 4895 4758 4795
f 4883 4808 4827
f 4896 4883 4827
f 4828 4858 4797
f 4867 4987 4654
f 4809 4867 4790
f 4915 4811 4723
f 4844 4767 4861
f 4767 4831 4861
f 4798 4814 4870
f 4976 4946 4709
f 4709 4929 4976
f 4871 4902 4753
f 4872 4816 4787
f 4873 4906 4905
f 4817 4802 4842
f 4802 4835 4842
f 4836 4803 4780
f 4837 4888 4744
f 4878 4804 4782
f 4822 4880 4772
f 4761 4851 4889
f 4792 4793 4852
f 4853 4823 10002
f 4853 4824 4839
f 4778 4854 4824
f 4854 4705 4840
f 4807 4789 4848
f 4866 4848 4789
f 4894 4825 4794
f 4794 4826 4894
f 4941 4849 4758
f 4758 4895 4942
f 4795 4856 4895
f 4883 4882 4808
f 4859 4850 4791
f 4900 4870 4814
f 5026 4901 4832
f 4862 4799 4834
f 4904 4834 4816
f 4787 4863 4872
f 4863 4787 4873
f 4893 4906 4755
f 4755 4846 4893
f 4766 4864 4801
f 4876 4729 4877
f 4888 4877 4729
f 4838 4804 4843
f 4880 4821 4772
f 4852 4890 4792
f 4823 4891 4793
f 4770 4913 4855
f 4789 4825 4866
f 4849 4826 4735
f 4897 4896 4827
f 4857 4897 4827
f 4828 4987 4927
f 4914 4928 4850
f 5022 4859 4791
f 4760 5022 4791
f 4830 4944 4829
f 4723 9568 4915
f 4898 4915 9568
f 4901 4900 4814
f 4917 5026 4832
f 4833 4799 4956
f 4887 4956 4799
f 4904 4862 4834
f 4846 4770 4855
f 4841 4919 4764
f 4874 4841 4765
f 4864 4933 4801
f 4779 4817 4864
f 4818 4819 4993
f 4819 4876 4993
f 4837 4838 4907
f 4820 4806 4908
f 4889 4822 4761
f 4852 4793 4891
f 4854 4840 4892
f 4865 4875 4817
f 4817 4842 4865
f 4843 4804 4964
f 4878 4964 4804
f 4884 4812 4916
f 5025 4812 4860
f 4885 4860 4749
f 4861 4988 4844
f 4945 4813 4870
f 5027 4929 4845
f 4845 4815 4977
f 4930 4871 4886
f 4862 4887 4799
f 4991 4904 4816
f 4872 4991 4816
f 4947 4893 4846
f 4846 4855 4947
f 4856 4796 4986
f 5074 4867 4809
f 4914 4850 4859
f 4829 4944 4760
f 4995 4879 4820
f 4806 4821 4908
f 4880 4822 4966
f 4881 4951 4774
f 4823 4853 4911
f 4824 4854 4940
f 4891 4823 4953
f 4939 4911 4853
f 4853 4839 4939
f 4839 4824 4940
f 4840 4912 4892
f 4913 4847 5008
f 4825 4894 4925
f 4973 4986 4796
f 4796 4882 4973
f 4828 4975 4858
f 5074 4809 4810
f 4944 5022 4760
f 4988 4885 4844
f 4831 4868 4861
f 4869 4813 5045
f 4815 4783 5046
f 4931 4903 4833
f 4958 4872 4863
f 4873 4958 4863
f 4765 4801 4874
f 4864 4817 4875
f 4865 4842 4935
f 4803 4836 4937
f 4888 4837 4920
f 4843 4907 4838
f 4995 4820 4908
f 4966 4965 4880
f 4951 4909 4774
f 4825 4925 4866
f 4826 4849 4941
f 4758 4942 4941
f 4942 4895 4955
f 4986 4955 4856
f 4858 4974 4857
f 4987 4867 5096
f 5074 5096 4867
f 4884 4899 4898
f 4868 4813 4869
f 4900 4945 4870
f 4977 5027 4845
f 5046 4977 4815
f 4783 4902 5046
f 4903 4886 4833
f 4956 4931 4833
f 4957 4887 4862
f 4906 4893 4924
f 4979 4841 4874
f 4874 4801 4933
f 4836 4818 4937
f 4877 4962 4876
f 4782 4938 4878
f 4821 4922 4908
f 4821 4880 4996
f 4965 4996 4880
f 4852 4891 4910
f 4911 4953 4823
f 4854 4892 4940
f 4947 4855 4948
f 4826 4941 4926
f 4895 4856 4955
f 4883 4973 4882
f 4707 4928 4810
f 4945 5045 4813
f 4902 4871 4989
f 5083 4930 4886
f 4886 4903 5083
f 4957 4862 4904
f 4874 4933 4961
f 4935 5009 4865
f 4980 4835 4803
f 4962 4993 4876
f 4920 4877 4888
f 4964 4878 4938
f 4921 4938 4782
f 4922 5052 4908
f 4966 4822 4997
f 4822 4889 4997
f 4951 4881 4967
f 4881 4776 4967
f 4981 4967 4776
f 4776 4890 4981
f 4953 4910 4891
f 4947 4948 4960
f 4954 4925 4894
f 4894 4826 4954
f 4971 4954 4826
f 4926 4971 4826
f 4943 4896 4897
f 4897 4857 5059
f 4898 4899 9627
f 5025 4916 4812
f 5026 4900 4901
f 5046 4902 4989
f 4918 4957 4904
f 4905 4958 4873
f 4905 4906 5028
f 4949 4919 4841
f 4934 4933 4864
f 4936 4835 4950
f 4980 4950 4835
f 4920 4837 5012
f 4837 4907 5012
f 4843 5012 4907
f 5052 4995 4908
f 4996 4922 4821
f 4889 4909 4923
f 4909 4951 4923
f 4952 4890 4852
f 4970 4892 4912
f 4939 4839 4998
f 4969 4998 4839
f 4839 4940 4969
f 4970 4912 9986
f 5007 4855 4913
f 4913 5008 5007
f 4883 4896 5058
f 4943 5002 4896
f 4974 5059 4857
f 4927 4987 5021
f 5023 5022 4944
f 4811 4915 5004
f 5044 4899 4884
f 4884 4916 5044
f 5097 5025 4860
f 4860 4885 5097
f 4988 5097 4885
f 4930 4989 4871
f 5101 4918 4904
f 4958 4991 4872
f 4924 4893 4960
f 4841 4979 4949
f 4934 4864 4875
f 4875 4865 4934
f 4803 4937 4980
f 5011 4937 4818
f 4962 4877 4994
f 4877 4920 4994
f 4843 4964 4963
f 4893 4947 4960
f 5040 4848 4866
f 4941 4942 4972
f 5002 5058 4896
f 5042 4810 4928
f 4928 4914 5042
f 5024 4944 4830
f 4830 4811 5024
f 4811 5004 5078
f 5061 5004 4915
f 4976 4929 5006
f 5080 5006 4929
f 5027 5080 4929
f 5082 4989 4930
f 5083 5082 4930
f 4931 5083 4903
f 4887 4957 4990
f 4904 4991 5101
f 4958 4905 4959
f 5028 4959 4905
f 4924 5028 4906
f 4978 4932 4919
f 4961 4979 4874
f 4992 4961 4933
f 5050 4934 4865
f 4865 5009 5050
f 5032 5009 4935
f 4936 5032 4935
f 5011 4980 4937
f 4993 5011 4818
f 4963 5012 4843
f 5052 4922 5015
f 4997 4889 5037
f 4852 4910 4952
f 4982 5016 4910
f 4910 4953 4982
f 4911 4939 4968
f 4984 4969 4940
f 4940 4892 4984
f 4970 4984 4892
f 4866 4925 4999
f 5001 4926 4941
f 4972 5001 4941
f 4942 4955 4972
f 5059 4943 4897
f 4975 4828 4927
f 5078 5024 4811
f 9627 4899 5160
f 4916 5025 5127
f 5098 4945 4900
f 5026 5098 4900
f 5005 4917 4946
f 4946 4976 5005
f 5027 4977 5130
f 5047 4956 4887
f 4932 4978 9689
f 4919 4949 4978
f 5030 4992 4933
f 4933 4934 5030
f 5013 4963 4964
f 4964 4938 5013
f 4995 5035 4879
f 4890 4952 4981
f 5068 4952 4910
f 5016 5068 4910
f 5000 4999 4925
f 4925 4954 5000
f 5019 4973 4883
f 5020 5059 4974
f 4974 4858 4975
f 5074 4810 5075
f 4810 5042 5075
f 4859 5042 4914
f 4869 4861 4868
f 4917 5063 5026
f 5006 5005 4976
f 5046 4989 5165
f 4931 4956 5047
f 4990 5047 4887
f 4991 4958 4959
f 4948 4855 5048
f 5007 5048 4855
f 4992 4979 4961
f 4993 4962 5051
f 5051 4962 4994
f 5036 4965 4966
f 4966 4997 5036
f 5122 4923 4951
f 4953 5053 5070
f 4953 4968 5053
f 4998 4968 4939
f 4998 4969 4983
f 4984 4983 4969
f 4984 4970 5017
f 9986 5106 4970
f 4999 5040 4866
f 5057 4985 4971
f 4971 4926 5057
f 4926 5001 5057
f 4975 5020 4974
f 5024 5023 4944
f 5003 5024 5078
f 5044 5043 4899
f 4945 5183 5045
f 5063 5143 5026
f 5081 5130 4977
f 4989 5082 5165
f 4959 5201 4991
f 9689 4978 5085
f 5065 4949 4979
f 4934 5050 5031
f 5009 5117 5050
f 4950 4980 5010
f 4920 5012 5188
f 5013 4938 5136
f 4921 5137 4938
f 5035 5014 4879
f 5035 4995 5066
f 5066 4995 5052
f 4965 5090 4996
f 4951 4967 5038
f 5038 4967 4981
f 4999 5000 5041
f 5072 5000 4954
f 4971 4985 4954
f 4972 4955 5226
f 5058 5019 4883
f 5058 5002 5073
f 4943 5073 5002
f 5096 5021 4987
f 5043 5160 4899
f 5163 5097 4988
f 5062 5114 4861
f 5062 4861 4869
f 5045 5062 4869
f 5005 5063 4917
f 5081 4977 5046
f 5083 4931 5084
f 4931 5047 5084
f 4990 4957 5115
f 4918 5115 4957
f 5028 4924 5116
f 4924 4960 5102
f 4948 5132 4960
f 5029 4978 4949
f 4979 4992 5065
f 4934 5031 5030
f 5032 4936 5033
f 4980 5011 5010
f 5173 5011 4993
f 5051 5173 4993
f 5118 5051 4994
f 4994 4920 5088
f 5188 5088 4920
f 5034 5012 4963
f 5013 5034 4963
f 4922 4996 5090
f 5037 5121 4997
f 5038 5122 4951
f 4981 4952 5039
f 4968 4998 5054
f 4998 4983 5054
f 4983 4984 5054
f 5055 5054 4984
f 4984 5017 5071
f 5017 4970 5106
f 4848 5040 5056
f 5041 5040 4999
f 5018 5057 5001
f 5001 4972 5018
f 5042 4859 5076
f 5181 5004 5061
f 5114 5163 4988
f 4988 4861 5114
f 5098 5183 4945
f 5027 5130 5129
f 5084 5047 5218
f 5101 4991 5201
f 5102 5116 4924
f 5007 5008 5048
f 5108 5048 5008
f 5008 9704 5108
f 5086 5085 4978
f 4978 5029 5086
f 5064 5029 4949
f 5065 5064 4949
f 5087 5117 5009
f 4936 4950 5033
f 5147 5033 4950
f 5089 5188 5012
f 5034 5089 5012
f 5136 4938 5137
f 5137 4921 5145
f 5035 9998 5014
f 5090 5015 4922
f 5036 4997 5121
f 4923 5122 5037
f 5039 5091 4981
f 4984 5071 5055
f 5093 5071 5017
f 5106 5093 5017
f 5106 9986 5194
f 5041 5000 5094
f 4954 4985 5072
f 4986 4973 5110
f 5059 5020 5180
f 4927 5021 5198
f 5125 5076 4859
f 4859 5022 5112
f 5022 5023 5112
f 5126 5112 5023
f 5060 5078 5004
f 5160 5061 9627
f 5183 5128 5045
f 5143 5216 5098
f 5026 5143 5098
f 5185 5080 5027
f 5028 5166 4959
f 5168 5132 4948
f 5168 4948 5048
f 5146 5086 5029
f 5049 5065 4992
f 4992 5030 5049
f 5031 5049 5030
f 5032 5087 5009
f 5134 5147 4950
f 4950 5010 5134
f 5011 5134 5010
f 5118 5173 5051
f 9998 5035 5104
f 5052 5149 5066
f 5208 4965 5036
f 5121 5208 5036
f 5122 5067 5037
f 4981 5091 5038
f 5016 4982 5123
f 5072 5109 5000
f 5212 4955 4986
f 4973 5019 5178
f 5180 4943 5059
f 5021 5096 5159
f 5024 5003 5077
f 5181 5060 5004
f 5141 5127 5025
f 5062 5045 5128
f 5005 5006 5079
f 5027 5129 5185
f 5100 5047 4990
f 5100 4990 5115
f 5132 5102 4960
f 5204 5031 5050
f 5050 5117 5204
f 5088 5118 4994
f 5034 5013 5119
f 5052 5015 5149
f 4965 5208 5189
f 5150 5121 5037
f 5123 5068 5016
f 4982 5070 5069
f 5070 5053 5105
f 5053 5092 5105
f 5055 5092 5054
f 9706 5056 9705
f 5041 5094 5138
f 5094 5000 5095
f 5109 5095 5000
f 4985 5057 5177
f 5018 5177 5057
f 5226 5018 4972
f 5110 5212 4986
f 5178 5110 4973
f 4943 5180 5197
f 5075 5111 5074
f 5076 5075 5042
f 5077 5023 5024
f 5061 5160 5140
f 5182 5043 5044
f 5097 5163 5142
f 5128 5253 5062
f 5255 5079 5006
f 5165 5099 5046
f 5083 5084 5322
f 5200 5131 4918
f 4918 5101 5200
f 5166 5201 4959
f 5064 5146 5029
f 5064 5065 5049
f 5087 5032 5172
f 5120 5104 5035
f 5035 5066 5120
f 5207 5149 5015
f 5015 5090 5207
f 5090 4965 5189
f 5037 5067 5150
f 5190 5122 5038
f 5038 5091 5190
f 5069 5070 5152
f 5105 5152 5070
f 5092 5055 5107
f 5055 5071 5153
f 5072 4985 5156
f 5058 5073 5179
f 5198 5021 5159
f 5111 5096 5074
f 5112 5125 4859
f 5003 5078 5113
f 5060 5113 5078
f 5272 5114 5062
f 5253 5272 5062
f 5099 5081 5046
f 5100 5218 5047
f 5132 5221 5102
f 5103 5085 5170
f 5172 5187 5087
f 5134 5011 5233
f 5118 5088 5148
f 5089 5034 5135
f 5013 5136 5119
f 5120 5066 5149
f 5151 5039 4952
f 5107 5105 5092
f 5153 5107 5055
f 5041 5154 5040
f 5138 5094 5124
f 5094 5095 5124
f 5177 5156 4985
f 5019 5058 5157
f 5139 5157 5058
f 5198 4975 4927
f 5061 5140 5181
f 5161 5182 5127
f 5162 5141 5025
f 5025 5097 5162
f 5097 5142 5162
f 5183 5098 5403
f 5216 5403 5098
f 5131 5115 4918
f 5101 5201 5220
f 5028 5116 5186
f 5132 5168 5133
f 5170 5145 5103
f 5146 5064 5171
f 5117 5087 5187
f 5188 5148 5088
f 4952 5068 5151
f 5068 5123 5209
f 5153 5071 5175
f 5093 5106 5193
f 5194 5193 5106
f 5093 5175 5071
f 5108 9705 5144
f 5056 5040 5154
f 5138 5211 5041
f 5124 5095 5155
f 5058 5179 5139
f 5073 4943 5158
f 5043 5182 5215
f 5080 5255 5006
f 5116 5102 5167
f 5221 5167 5102
f 5132 5133 5323
f 5086 5170 5085
f 5172 5032 5033
f 5189 5207 5090
f 5189 5208 5297
f 5224 5208 5121
f 5150 5224 5121
f 5151 5235 5039
f 5174 5068 5209
f 5209 5123 5210
f 5123 5069 5191
f 5152 5191 5069
f 5158 5179 5073
f 5158 4943 5197
f 5076 5111 5075
f 5126 5023 5250
f 5023 5077 5250
f 5060 5181 5229
f 5127 5141 5161
f 5164 5143 5063
f 5130 5185 5129
f 5256 5099 5165
f 5082 5083 5199
f 5322 5199 5083
f 5115 5131 5274
f 5220 5200 5101
f 5166 5028 5186
f 5186 5116 5167
f 5168 5048 5169
f 5187 5204 5117
f 5033 5147 5232
f 5134 5205 5147
f 5011 5173 5233
f 5089 5135 5188
f 5119 5136 5206
f 5235 5091 5039
f 5152 5107 5192
f 5107 5153 5192
f 5211 5138 5267
f 5195 5267 5138
f 5239 5195 5138
f 5124 5239 5138
f 5155 5176 5124
f 5177 5018 5247
f 4955 5212 5226
f 5019 5157 5268
f 4975 5213 5020
f 5159 5096 5333
f 5111 5333 5096
f 5125 5228 5076
f 5112 5214 5125
f 5304 5077 5003
f 5003 5113 5304
f 5160 5043 5215
f 5141 5162 5161
f 5143 5184 5216
f 5164 5184 5143
f 5164 5063 5005
f 5256 5081 5099
f 5165 5082 5217
f 5218 5241 5084
f 5100 5115 5274
f 5048 5108 5169
f 5203 5169 5108
f 5294 5258 5145
f 5145 5170 5294
f 5146 5171 5278
f 5172 5033 5326
f 5205 5232 5147
f 5233 5173 5296
f 5148 5173 5118
f 5148 5188 5222
f 5206 5135 5034
f 5034 5119 5206
f 5206 5136 5137
f 5120 5149 5261
f 5207 5261 5149
f 5150 5067 5224
f 5174 5151 5068
f 5192 5153 5175
f 5193 5236 5093
f 5154 5041 5211
f 5239 5124 5176
f 5176 5155 5196
f 5072 5156 5240
f 5247 5018 5226
f 5212 5110 5288
f 5214 5228 5125
f 5140 5160 5291
f 5215 5291 5160
f 5163 5114 5272
f 5273 5253 5128
f 5255 5309 5079
f 5322 5084 5241
f 5131 5200 5257
f 5201 5166 5202
f 5166 5186 5276
f 5167 5221 5242
f 5323 5221 5132
f 5133 5168 5169
f 5108 5144 5203
f 5294 5170 5231
f 5170 5086 5231
f 5259 5231 5086
f 5086 5146 5259
f 5204 5278 5171
f 5326 5033 5232
f 5205 5134 5295
f 5233 5295 5134
f 5148 5296 5173
f 5135 5206 5243
f 5145 5223 5137
f 5120 9995 5104
f 5298 5224 5067
f 5067 5122 5298
f 5122 5190 5298
f 5244 5192 5175
f 5175 5093 5244
f 5193 5194 5266
f 9705 5056 5324
f 5154 5324 5056
f 5211 5324 5154
f 5225 5196 5155
f 5240 5155 5095
f 5095 5109 5240
f 5156 5177 5247
f 5178 5019 5331
f 5139 5179 5227
f 4975 5198 5213
f 5251 5250 5077
f 5229 5181 5305
f 5181 5140 5305
f 5182 5161 5270
f 5128 5183 5273
f 5309 5005 5079
f 5419 5080 5185
f 5185 5130 5419
f 5292 5130 5081
f 5217 5082 5199
f 5218 5100 5219
f 5274 5219 5100
f 5220 5275 5200
f 5166 5276 5202
f 5167 5276 5186
f 5187 5172 5313
f 5172 5326 5279
f 5188 5135 5222
f 5206 5137 5223
f 5258 5223 5145
f 9995 5120 5282
f 5207 5189 5234
f 5190 5091 5298
f 5262 5298 5091
f 5235 5262 5091
f 5299 5235 5151
f 5209 5210 5263
f 5210 5191 5264
f 5244 5264 5191
f 5191 5192 5244
f 5236 5244 5093
f 5072 5240 5109
f 5268 5331 5019
f 5157 5139 5268
f 5227 5268 5139
f 5249 5179 5158
f 5369 5289 5197
f 5180 5369 5197
f 5159 5333 5446
f 5112 5126 5303
f 5060 5229 5113
f 5335 5305 5140
f 5162 5142 5307
f 5308 5142 5163
f 5273 5183 5403
f 5131 5257 5274
f 5275 5257 5200
f 5202 5220 5201
f 5167 5242 5277
f 5203 5144 5349
f 5238 5349 5144
f 5259 5146 5377
f 5278 5377 5146
f 5279 5313 5172
f 5261 5282 5120
f 5208 5224 5283
f 5284 5174 5209
f 5209 5263 5284
f 5264 5263 5210
f 5236 5193 5237
f 5266 5237 5193
f 5239 5351 5195
f 5245 5176 5196
f 5196 5225 5245
f 5248 5247 5226
f 5368 5249 5158
f 5158 5197 5401
f 5289 5401 5197
f 5213 5180 5020
f 5303 5214 5112
f 5077 5304 5251
f 5161 5162 5307
f 5163 5272 5308
f 5184 5254 5216
f 5419 5130 5292
f 5218 5219 5241
f 5310 5242 5221
f 5323 5310 5221
f 5133 5169 5230
f 5204 5187 5278
f 5232 5205 5260
f 5148 5222 5280
f 5222 5135 5243
f 5314 5281 5223
f 5258 5314 5223
f 5234 5261 5207
f 5234 5189 5297
f 5283 5297 5208
f 5302 5245 5225
f 5246 5302 5225
f 5225 5155 5246
f 5155 5240 5246
f 5288 5248 5226
f 5226 5212 5288
f 5227 5179 5344
f 5249 5344 5179
f 5333 5111 5318
f 5111 5076 5318
f 5290 5113 5229
f 5252 5335 5140
f 5140 5291 5252
f 5306 5215 5182
f 5182 5270 5306
f 5403 5216 5418
f 5309 5164 5005
f 5420 5292 5081
f 5081 5256 5388
f 5293 5220 5202
f 5260 5326 5232
f 5297 5283 5354
f 5235 5299 5262
f 5244 5236 5301
f 5237 5301 5236
f 5324 5349 5238
f 5324 5211 5350
f 5267 5350 5211
f 5287 5240 5156
f 5110 5178 5429
f 5076 5228 5318
f 5305 5290 5229
f 5291 5215 5269
f 5215 5306 5269
f 5308 5307 5142
f 5273 5336 5253
f 5164 5309 5373
f 5241 5219 5449
f 5276 5167 5347
f 5310 5277 5242
f 5323 5133 5311
f 5133 5230 5311
f 5313 5353 5187
f 5280 5296 5148
f 5281 5243 5206
f 5206 5223 5281
f 5330 5283 5224
f 5330 5224 5362
f 5151 5174 5299
f 5301 5264 5244
f 5266 5265 5237
f 5169 5203 5230
f 5339 5230 5203
f 5349 5339 5203
f 5239 5176 5341
f 5176 5245 5341
f 5285 9607 5245
f 5245 5302 5285
f 5246 5240 5286
f 5156 5247 5287
f 5247 5248 5316
f 5248 5288 5316
f 5178 5331 5429
f 5268 5227 5344
f 5400 5368 5158
f 5158 5401 5400
f 5332 5369 5180
f 5213 5332 5180
f 5446 5198 5159
f 5319 5250 5251
f 5290 5304 5113
f 5309 5255 5387
f 5255 5080 5387
f 5358 5387 5080
f 5256 5165 5337
f 5450 5449 5219
f 5293 5202 5347
f 5202 5276 5347
f 5277 5347 5167
f 5258 5294 5312
f 5294 5231 5352
f 5231 5259 5352
f 5278 5187 5353
f 5280 5222 5327
f 5243 5327 5222
f 5314 5258 5312
f 5282 5261 5380
f 5234 5297 5328
f 5298 5362 5224
f 5356 5284 5263
f 5300 5356 5263
f 5264 5300 5263
f 5351 5454 5195
f 5351 5239 5340
f 5239 5341 5340
f 5240 5287 5286
f 5316 5287 5247
f 5288 5110 5398
f 5345 5318 5228
f 5413 5303 5126
f 5126 5250 5413
f 5290 5305 5334
f 5164 5254 5184
f 5277 5310 5359
f 5311 5230 5338
f 5278 5353 5377
f 5380 5261 5234
f 5283 5330 5329
f 5174 5284 5355
f 5264 5301 5300
f 5301 5237 5397
f 5265 5397 5237
f 5267 5195 5350
f 5454 5350 5195
f 5316 5286 5287
f 5344 5249 5317
f 5249 5368 5317
f 5251 5304 5370
f 5507 5252 5291
f 5271 5306 5270
f 5272 5253 5321
f 5469 5253 5336
f 5080 5419 5358
f 5081 5388 5420
f 5374 5337 5165
f 5322 5241 5404
f 5257 5389 5274
f 5377 5393 5259
f 5205 5378 5260
f 5205 5295 5379
f 9995 5282 5443
f 5380 5443 5282
f 5328 5380 5234
f 5328 5297 5354
f 5356 5355 5284
f 5397 5300 5301
f 5266 9997 5265
f 5343 5285 5302
f 5286 5343 5302
f 5302 5246 5286
f 5286 5316 5315
f 5110 5429 5398
f 5228 5214 5345
f 5304 5290 5370
f 5305 5335 5334
f 5269 5507 5291
f 5415 5271 5307
f 5307 5308 5320
f 5308 5272 5321
f 5469 5321 5253
f 5254 5418 5216
f 5386 5373 5309
f 5217 5374 5165
f 5449 5404 5241
f 5257 5275 5500
f 5220 5500 5275
f 5312 5294 5325
f 5313 5279 5360
f 5279 5326 5360
f 5260 5394 5326
f 5312 5281 5314
f 5362 5298 5427
f 5396 5355 5356
f 5265 5428 5397
f 9607 5285 5342
f 5343 5342 5285
f 5366 5315 5316
f 5316 5288 5366
f 5398 5366 5288
f 5214 5303 5402
f 5303 5413 5402
f 5319 5413 5250
f 5319 5251 5385
f 5251 5370 5385
f 5435 5335 5252
f 5309 5387 5386
f 5581 5374 5217
f 5199 5581 5217
f 5219 5274 5375
f 5389 5375 5274
f 5257 5500 5389
f 5348 5438 5323
f 5323 5311 5348
f 5339 5338 5230
f 5453 5349 5324
f 5350 5492 5324
f 5351 5421 5454
f 5312 5325 5392
f 5294 5352 5325
f 5393 5352 5259
f 5326 5394 5360
f 5378 5394 5260
f 5443 5425 9995
f 5380 5328 5361
f 5410 5262 5299
f 5268 5399 5331
f 5317 5368 5367
f 5333 5318 5446
f 5346 5370 5290
f 5371 5346 5290
f 5334 5371 5290
f 5320 5415 5307
f 5256 5337 5388
f 5450 5219 5375
f 5347 5277 5451
f 5359 5451 5277
f 5438 5405 5310
f 5310 5323 5438
f 5339 5349 5390
f 5341 9607 5363
f 5295 5233 5379
f 5424 5233 5296
f 5424 5296 5514
f 5408 5243 5281
f 5361 5328 5395
f 5328 5354 5395
f 5329 5354 5283
f 5362 5329 5330
f 5545 5298 5262
f 5299 5174 5473
f 5174 5355 5473
f 5397 5381 5300
f 5364 5382 5342
f 5342 5343 5364
f 5383 5364 5343
f 5286 5383 5343
f 5286 5315 5365
f 5331 5399 5429
f 5268 5344 5399
f 5431 5332 5213
f 5384 5431 5213
f 5213 5198 5384
f 5446 5384 5198
f 5345 5214 5402
f 5465 5413 5319
f 5319 5385 5465
f 5269 5306 5468
f 5271 5415 5372
f 5320 5308 5416
f 5308 5321 5416
f 5417 5416 5321
f 5373 5254 5164
f 5322 5404 5569
f 5293 5347 5595
f 5557 5595 5347
f 5451 5557 5347
f 5311 5338 5570
f 5390 5349 5453
f 5453 5324 5492
f 5350 5454 5357
f 5340 5422 5421
f 5421 5351 5340
f 5325 5352 5440
f 5352 5393 5440
f 5360 5441 5313
f 5423 5394 5378
f 5233 5424 5379
f 5296 5280 5514
f 5281 5312 5408
f 5354 5409 5395
f 5354 5329 5409
f 5473 5410 5299
f 5396 5356 5474
f 5357 5492 5350
f 5391 5341 5363
f 9607 5342 5363
f 5382 5363 5342
f 5365 5383 5286
f 5344 5317 5445
f 5317 5367 5445
f 5370 5346 5467
f 5484 5371 5334
f 5435 5484 5334
f 5334 5335 5435
f 5468 5507 5269
f 5306 5436 5468
f 5321 5469 5417
f 5273 5508 5336
f 5418 5254 5470
f 5387 5358 5437
f 5488 5358 5419
f 5471 5420 5388
f 5359 5310 5376
f 5310 5405 5376
f 5510 5348 5311
f 5392 5408 5312
f 5393 5377 5490
f 5441 5353 5313
f 5458 5378 5205
f 5379 5458 5205
f 5456 5514 5280
f 5280 5327 5459
f 5408 5327 5243
f 5356 5300 5381
f 5452 5570 5338
f 5339 5452 5338
f 5463 5365 5315
f 5315 5366 5444
f 5399 5344 5445
f 5368 5400 5430
f 5412 5401 5289
f 5289 5369 5412
f 5369 5332 5412
f 5446 5318 5432
f 5432 5318 5464
f 5370 5434 5385
f 5370 5467 5434
f 5346 5414 5467
f 5346 5371 5414
f 5507 5435 5252
f 5508 5469 5336
f 5254 5373 5470
f 5569 5404 5509
f 5375 5389 5499
f 5472 5451 5359
f 5359 5376 5472
f 5440 5392 5325
f 5490 5377 5406
f 5377 5353 5406
f 5406 5353 5491
f 5407 5441 5360
f 5456 5280 5459
f 5327 5408 5459
f 5443 5380 5426
f 5262 5410 5545
f 5526 5473 5355
f 5355 5396 5526
f 5381 5474 5356
f 9997 5428 5265
f 5365 5364 5383
f 5398 5444 5366
f 5430 5367 5368
f 5332 5431 5412
f 5318 5345 5464
f 5414 5371 5538
f 5320 5416 5608
f 5273 5403 5508
f 5437 5386 5387
f 5388 5337 5542
f 5337 5374 5645
f 5581 5199 5582
f 5448 5322 5569
f 5390 5452 5339
f 5363 5439 5391
f 5360 5394 5407
f 5423 5407 5394
f 5361 5426 5380
f 5545 5427 5298
f 5474 5526 5396
f 5381 5397 5442
f 5397 5428 5442
f 5428 9997 9985
f 5315 5444 5463
f 5411 5429 5399
f 5445 5411 5399
f 5400 5401 5535
f 5401 5412 5535
f 5496 5431 5384
f 5433 5464 5345
f 5345 5402 5433
f 5465 5385 5466
f 5538 5371 5484
f 5579 5468 5436
f 5518 5508 5403
f 5418 5518 5403
f 5373 5386 5470
f 5489 5488 5419
f 5489 5419 5292
f 5471 5292 5420
f 5448 5582 5199
f 5322 5448 5199
f 5404 5449 5509
f 5220 5293 5648
f 5595 5648 5293
f 5491 5353 5441
f 5423 5378 9558
f 5458 9558 5378
f 5515 5459 5408
f 5502 5409 5329
f 5329 5362 5502
f 5382 5364 5493
f 5364 5365 5462
f 5481 5535 5412
f 5412 5431 5481
f 5402 5413 5433
f 5447 5433 5413
f 5465 5447 5413
f 5434 5466 5385
f 5483 5467 5414
f 5435 5507 5485
f 5608 5415 5320
f 5610 5471 5388
f 5542 5610 5388
f 5570 5510 5311
f 5363 5455 5461
f 5490 5530 5440
f 5440 5393 5490
f 5407 5423 5457
f 5424 5458 5379
f 5443 5477 5425
f 5427 5502 5362
f 5442 5428 5476
f 9985 5476 5428
f 5462 5493 5364
f 5365 5463 5462
f 5479 5444 5398
f 5494 5479 5398
f 5429 5494 5398
f 5495 5400 5535
f 5496 5481 5431
f 5482 5447 5465
f 5483 5414 5538
f 5485 5484 5435
f 5486 5579 5436
f 5436 5372 5486
f 5517 5608 5416
f 5555 5417 5469
f 5437 5358 5594
f 5684 5449 5450
f 5389 5500 5556
f 5452 5390 5562
f 5563 5422 5340
f 5439 5563 5340
f 5363 5461 5439
f 5458 5424 5512
f 5460 5515 5408
f 5443 5426 5618
f 5474 5381 5475
f 5381 5442 5475
f 5604 5475 5442
f 5476 5604 5442
f 5477 5443 5618
f 5529 5426 5361
f 5361 5395 5529
f 5478 5529 5395
f 5493 5504 5382
f 5522 5462 5463
f 5367 5430 5524
f 5495 5430 5400
f 5384 5446 5506
f 5432 5506 5446
f 5567 5434 5467
f 5485 5507 5712
f 5372 5415 5626
f 5498 5416 5417
f 5470 5487 5418
f 5389 5556 5499
f 5562 5570 5452
f 5520 5453 5492
f 5521 5357 5454
f 5421 5521 5454
f 5422 5584 5421
f 5455 5677 5461
f 5392 5460 5408
f 5490 5406 5501
f 5395 5409 5478
f 5577 5410 5473
f 5392 5440 5511
f 5440 5530 5511
f 5491 5501 5406
f 5407 5457 5559
f 9558 5559 5457
f 5456 5459 5770
f 5515 5770 5459
f 5503 5455 5504
f 5547 5504 5493
f 5534 5494 5429
f 5523 5534 5429
f 5429 5411 5523
f 5480 5411 5445
f 5524 5480 5445
f 5524 5445 5367
f 5432 5464 5497
f 5567 5467 5483
f 5484 5485 5525
f 5508 5555 5469
f 5487 5518 5418
f 5437 5519 5386
f 5645 5542 5337
f 5684 5509 5449
f 5648 5500 5220
f 5628 5405 5438
f 5438 5348 5596
f 5475 5560 5474
f 5528 5604 5476
f 5409 5502 5633
f 5427 5545 5676
f 5533 5547 5493
f 5463 5444 5522
f 5411 5480 5523
f 5535 5481 5505
f 5481 5496 5505
f 5506 5496 5384
f 5432 5497 5506
f 5464 5433 9646
f 5558 9646 5433
f 5485 5712 5539
f 5579 5486 5540
f 5486 5372 5607
f 5372 5626 5607
f 5626 5415 5608
f 5555 5498 5417
f 5541 5487 5470
f 5471 5489 5292
f 5450 5375 5684
f 5375 5499 5776
f 5472 5557 5451
f 5405 5472 5376
f 5596 5628 5438
f 5501 5530 5490
f 5491 5441 5602
f 5770 5514 5456
f 5453 5520 5390
f 5520 5492 5752
f 5357 5752 5492
f 5521 5421 5584
f 5546 5677 5455
f 5531 5546 5455
f 5455 5503 5531
f 5504 5547 5532
f 5480 5524 5549
f 5495 5524 5430
f 5505 5496 5551
f 5506 5551 5496
f 9646 5497 5464
f 5447 5558 5433
f 5466 5434 5553
f 5538 5484 5525
f 5539 5525 5485
f 5697 5507 5468
f 5508 5518 5627
f 5580 5488 5489
f 5569 5583 5448
f 5647 5776 5499
f 5500 5648 5556
f 5597 5596 5348
f 5348 5510 5597
f 5562 5390 5520
f 5573 5460 5392
f 5511 5573 5392
f 5602 5501 5491
f 5512 5424 5513
f 5424 5514 5513
f 5618 5561 5477
f 5427 5633 5502
f 5661 5545 5410
f 5577 5661 5410
f 5543 5473 5526
f 5527 5526 5474
f 5560 5527 5474
f 5476 9985 5528
f 5584 5422 5611
f 5563 5611 5422
f 5563 5439 5564
f 5461 5564 5439
f 5503 5504 5532
f 5493 5462 5533
f 5462 5522 5533
f 5479 5522 5444
f 5590 5589 5535
f 5535 5505 5590
f 5550 5590 5505
f 5551 5550 5505
f 5506 5497 5552
f 5606 5447 5482
f 5466 5606 5482
f 5567 5553 5434
f 5507 5697 5712
f 5644 5518 5487
f 5489 5471 5580
f 5581 5645 5374
f 5562 5629 5570
f 9558 5458 5614
f 5614 5458 5512
f 5516 5515 5460
f 5633 5478 5409
f 5577 5473 5543
f 5560 5475 5616
f 5475 5604 5616
f 5528 9985 5544
f 5511 5530 5574
f 5441 5407 5688
f 5603 5559 9558
f 5770 5515 5516
f 5471 5610 5580
f 5509 5646 5569
f 5684 5375 5776
f 5595 5557 5739
f 5557 5472 5650
f 5565 5533 5522
f 5522 5479 5565
f 5479 5494 5565
f 5534 5523 5548
f 5549 5523 5480
f 5552 5551 5506
f 5497 9646 5536
f 5567 5483 5554
f 5711 5554 5483
f 5538 5711 5483
f 5579 5697 5468
f 5579 5540 5625
f 5527 5575 5526
f 5426 5529 5719
f 5529 5478 5719
f 5676 5633 5427
f 5530 5501 5652
f 5688 5602 5441
f 5654 5407 5559
f 5614 5603 9558
f 5564 5461 5586
f 5677 5586 5461
f 5531 5503 5679
f 5533 5565 5598
f 5534 5587 5494
f 5534 5548 5566
f 5523 5549 5548
f 5549 5524 5588
f 5524 5495 5589
f 5495 5535 5589
f 5590 5550 5591
f 5550 5551 5601
f 5536 5552 5497
f 5578 5537 5447
f 5606 5578 5447
f 5711 5538 5525
f 5607 5540 5486
f 5608 5517 5672
f 5517 5416 5498
f 5508 5627 5555
f 5568 5627 5518
f 5714 5541 5470
f 5519 5714 5470
f 5470 5386 5519
f 5519 5437 5593
f 5488 5594 5358
f 5582 5448 5583
f 5646 5509 5715
f 5556 5648 5699
f 5405 5650 5472
f 5675 5597 5510
f 5575 5543 5526
f 5604 5528 5617
f 5544 5617 5528
f 5605 5576 5544
f 5544 5561 5605
f 5618 5426 5703
f 5719 5703 5426
f 5752 5705 5520
f 5565 5494 5587
f 5566 5587 5534
f 9612 5548 5549
f 5549 5588 9612
f 5622 5588 5524
f 5524 5589 5622
f 5590 5591 5641
f 5591 5550 5601
f 5552 5601 5551
f 5568 5518 5644
f 5628 5596 5716
f 5716 5596 5597
f 5570 5675 5510
f 5537 5572 5558
f 5573 5511 5574
f 5501 5602 5613
f 5688 5407 5654
f 5603 5654 5559
f 5513 5514 5656
f 5516 5460 5657
f 5577 5543 5658
f 5560 5616 5615
f 5576 5617 5544
f 5752 5357 5521
f 5781 5752 5521
f 5584 5634 5521
f 5533 5598 5547
f 9612 5566 5548
f 9612 5588 9614
f 5592 5606 5466
f 5553 5592 5466
f 5758 5553 5567
f 5525 5539 5682
f 5437 5594 5593
f 5738 5715 5509
f 5684 5738 5509
f 5499 5556 5647
f 5674 5650 5405
f 5571 5572 5668
f 5572 5537 5668
f 5652 5574 5530
f 5585 5652 5501
f 5585 5501 5613
f 5602 5688 5653
f 5513 5614 5512
f 5631 5527 5560
f 5615 5631 5560
f 5618 5686 5561
f 5719 5478 5704
f 5661 5676 5545
f 5687 5661 5577
f 5668 9647 5571
f 5592 5553 5643
f 5554 5758 5567
f 5712 5671 5539
f 5517 5498 5672
f 5609 5487 5541
f 5519 5593 5673
f 5818 5580 5610
f 5582 5583 5751
f 5628 5674 5405
f 5675 5570 5629
f 5611 5634 5584
f 5513 5656 5769
f 5770 5656 5514
f 5532 5689 5503
f 5587 5566 5599
f 5566 9612 5600
f 5622 9614 5588
f 5641 5589 5590
f 5591 5601 5623
f 5601 5552 5624
f 5617 5632 5604
f 5605 5561 5686
f 5633 5704 5478
f 5658 5687 5577
f 5669 5668 5537
f 5606 5592 5696
f 5670 5682 5539
f 5593 5594 5737
f 5488 5737 5594
f 5646 5583 5569
f 5699 5647 5556
f 5629 5562 5651
f 5520 5651 5562
f 5546 5531 5612
f 5689 5679 5503
f 5532 5547 5619
f 5636 5619 5547
f 5636 5547 5598
f 5587 5598 5565
f 5600 5599 5566
f 5621 9613 9614
f 5622 5621 9614
f 5589 5641 5664
f 5623 5666 5641
f 5641 5591 5623
f 5653 5613 5602
f 5654 5603 5655
f 5630 5657 5573
f 5616 5604 5660
f 5632 5660 5604
f 5668 5667 9647
f 5669 5537 5578
f 5578 5606 5696
f 5758 5733 5553
f 5758 5554 5734
f 5554 5711 5734
f 5670 5539 5671
f 5579 5625 5697
f 5713 5625 5540
f 5773 5713 5607
f 5607 5626 5773
f 5608 5672 5683
f 5555 5672 5498
f 5644 5487 5609
f 5609 5541 5698
f 5542 5645 5793
f 5583 5646 5760
f 5649 5648 5595
f 5595 5739 5649
f 5650 5739 5557
f 5597 5675 5761
f 5705 5651 5520
f 5781 5521 5753
f 5634 5753 5521
f 9739 5634 5611
f 5564 5586 5782
f 5677 5546 5706
f 5689 5532 5635
f 5532 5619 5635
f 5620 5598 5587
f 5587 5599 5620
f 5621 5637 9613
f 5621 5622 5640
f 5622 5589 5664
f 5624 5623 5601
f 5574 5630 5573
f 5527 5631 5575
f 5659 5742 5615
f 5615 5616 5659
f 5616 5660 5659
f 5797 5632 5617
f 5686 5618 5703
f 5676 5812 5633
f 5612 5706 5546
f 5678 5612 5531
f 5531 5679 5678
f 5620 5636 5598
f 5620 5599 5662
f 5599 5600 9593
f 5600 5680 9593
f 5680 9613 5637
f 5637 5621 5638
f 5639 5638 5621
f 5621 5640 5639
f 5664 5640 5622
f 5624 5642 5623
f 5624 9647 5667
f 5694 5668 5669
f 5669 5578 5695
f 5643 5696 5592
f 5643 5553 5733
f 5626 5608 5773
f 5555 5627 5807
f 5644 5749 5568
f 5541 5714 5698
f 5580 5737 5488
f 5740 5674 5628
f 5761 5716 5597
f 5675 5629 5700
f 5651 5700 5629
f 5652 5585 5722
f 5585 5613 5723
f 5654 5767 5688
f 5657 5770 5516
f 5765 5658 5543
f 5543 5575 5765
f 5685 5575 5631
f 5576 5797 5617
f 5812 5720 5633
f 5676 5661 5812
f 5705 5701 5651
f 5782 9739 5564
f 5782 5586 5725
f 5677 5725 5586
f 5662 5636 5620
f 9593 5662 5599
f 5637 5726 5680
f 5637 5638 5690
f 5663 5638 5639
f 5664 5641 5665
f 5666 5665 5641
f 5692 5665 5666
f 5666 5623 5692
f 5642 5692 5623
f 5693 5642 5624
f 5710 5694 5669
f 5734 5711 5805
f 5711 5525 5759
f 5525 5682 5759
f 5682 5670 5806
f 5671 5712 5791
f 5697 5625 5735
f 5608 5683 5773
f 5749 5644 5736
f 5673 5714 5519
f 5715 5760 5646
f 5826 5699 5648
f 5648 5649 5826
f 5716 5740 5628
f 5723 5613 5743
f 5653 5743 5613
f 5811 5631 5615
f 5615 5742 5811
f 5720 5704 5633
f 5687 5812 5661
f 5630 5574 5800
f 5721 5800 5574
f 5574 5652 5721
f 5723 5763 5585
f 5688 5813 5653
f 5654 5655 5767
f 5717 5767 5655
f 5513 5769 5718
f 5770 5657 5724
f 5679 5689 5744
f 5636 5662 5707
f 5624 5667 5693
f 5681 5693 5667
f 5667 5668 5681
f 5694 5710 5772
f 5695 5710 5669
f 5696 5695 5578
f 5696 5643 5748
f 5733 5748 5643
f 5774 5807 5627
f 5737 5580 5775
f 5818 5610 5542
f 5581 5582 5853
f 5650 5674 5933
f 5701 5700 5651
f 9737 5753 5634
f 5575 5685 5765
f 5631 5811 5685
f 5659 5660 5702
f 5652 5722 5721
f 5614 5513 5764
f 5718 5764 5513
f 5656 5770 5796
f 5657 5630 5799
f 9594 5635 5619
f 5707 5619 5636
f 9593 5680 5708
f 5726 5708 5680
f 5690 5726 5637
f 5690 5638 5709
f 5638 5663 5709
f 5691 5709 5663
f 5692 5642 5730
f 5731 5730 5642
f 5693 5731 5642
f 5681 5694 5747
f 5671 5791 5670
f 5712 5697 5735
f 5807 5842 5555
f 5609 5736 5644
f 5750 5673 5593
f 5737 5750 5593
f 5775 5580 5948
f 5853 5582 5751
f 5776 5738 5684
f 5753 9737 5741
f 5585 5763 5762
f 5813 5688 5767
f 5799 5724 5657
f 9737 9739 9740
f 5725 5677 5756
f 5706 5756 5677
f 5679 5744 5823
f 5726 5690 5727
f 5690 5709 5745
f 5691 5665 5728
f 5665 5692 5729
f 5730 5729 5692
f 5681 5732 5693
f 5694 5772 5747
f 5625 5713 5841
f 5842 5672 5555
f 5627 5568 5774
f 5645 5581 5809
f 5933 5739 5650
f 5740 5933 5674
f 5754 5765 5685
f 5778 5742 5659
f 5702 5778 5659
f 5660 5632 5830
f 5797 5830 5632
f 5704 5720 5861
f 5701 5705 5819
f 5705 5752 5822
f 5782 9740 9739
f 5679 5823 5678
f 5708 9594 9593
f 5757 5745 5709
f 5728 5757 5709
f 5709 5691 5728
f 5729 5728 5665
f 5732 5731 5693
f 5747 5732 5681
f 5772 5710 5849
f 5695 5849 5710
f 5695 5696 5748
f 5805 5711 5882
f 5759 5882 5711
f 5851 5791 5712
f 5712 5735 5851
f 5749 5774 5568
f 5818 5542 5886
f 5751 5583 5845
f 5738 5760 5715
f 5716 5761 5856
f 5777 5761 5675
f 5762 5722 5585
f 5743 5653 5801
f 5813 5801 5653
f 5767 5717 5877
f 5768 5877 5717
f 5796 5769 5656
f 5858 5685 5811
f 5723 5743 5763
f 5764 5768 5717
f 5847 5783 5706
f 5612 5847 5706
f 5814 5744 5689
f 5689 5635 5814
f 5745 5727 5690
f 5804 5729 5730
f 5746 5804 5730
f 5731 5746 5730
f 5747 5772 5787
f 5695 5748 5946
f 5733 5758 5840
f 5734 5789 5758
f 5749 5736 5843
f 5844 5792 5609
f 5609 5698 5844
f 5714 5844 5698
f 5775 5750 5737
f 5776 5647 5810
f 5647 5699 5854
f 5649 5739 5903
f 5740 5716 5794
f 5777 5675 5700
f 5700 5701 5795
f 5811 5742 5829
f 5797 5576 5766
f 5576 5605 5766
f 5686 5703 5936
f 5779 5936 5703
f 5703 5719 5779
f 5704 5779 5719
f 5658 5765 5780
f 5764 5718 5802
f 5831 5799 5630
f 5756 5706 5783
f 5708 5771 9594
f 5727 5745 5816
f 5745 5757 5784
f 5785 5757 5728
f 5728 5729 5785
f 5787 5732 5747
f 5849 5695 5788
f 5946 5788 5695
f 5670 5791 5953
f 5713 5773 5884
f 5867 5683 5672
f 5672 5842 5867
f 5933 5740 5855
f 5781 5822 5752
f 5829 5742 5778
f 5778 5702 5821
f 5658 5780 5687
f 5819 5795 5701
f 5847 5612 5912
f 5612 5678 5835
f 5771 5814 5635
f 5635 9594 5771
f 5815 5771 5708
f 5708 5726 5815
f 5825 5815 5726
f 5726 5727 5825
f 5816 5745 5784
f 5746 5731 5786
f 5732 5786 5731
f 5789 5840 5758
f 5789 5734 5805
f 5735 5625 5851
f 5749 5843 5774
f 5736 5609 5792
f 5673 5750 5974
f 5809 5793 5645
f 5845 5583 5760
f 5738 5776 5920
f 5854 5810 5647
f 5855 5740 5794
f 5761 5777 5846
f 5762 5763 5832
f 5763 5743 5833
f 5768 5764 5802
f 5828 5780 5765
f 5858 5754 5685
f 5873 5821 5702
f 5797 5859 5830
f 5766 5605 5686
f 5720 5812 5798
f 5969 5798 5812
f 5743 5875 5833
f 5876 5767 5877
f 5958 5718 5769
f 5834 5958 5769
f 5724 5796 5770
f 5724 5799 5827
f 5678 5823 5835
f 5757 5785 5817
f 5785 5729 5803
f 5786 5804 5746
f 5839 5732 5787
f 5682 5790 5759
f 5682 5806 5866
f 5953 5806 5670
f 5683 5884 5773
f 5843 5736 5870
f 5844 5714 5808
f 5580 5818 5948
f 5853 5809 5581
f 5776 5810 5955
f 5903 5739 5888
f 5819 5705 5905
f 5822 5905 5705
f 5781 5755 5822
f 5781 5753 5741
f 5977 5828 5765
f 5765 5754 5977
f 5829 5778 5820
f 5821 5820 5778
f 5890 5873 5702
f 5702 5660 5890
f 5830 5890 5660
f 5766 5860 5797
f 5741 5755 5781
f 9740 5782 5894
f 5725 5894 5782
f 5835 5912 5612
f 5823 5744 5970
f 5836 5970 5744
f 5814 5836 5744
f 5815 5814 5771
f 5784 5757 5896
f 5804 5803 5729
f 5772 5839 5787
f 5849 5848 5772
f 5748 5733 5880
f 5931 5840 5789
f 5789 5805 5931
f 5882 5898 5805
f 5759 5790 5883
f 5843 5869 5774
f 5736 5792 5870
f 5974 5808 5714
f 5714 5673 5974
f 5760 5738 5902
f 5738 5920 5902
f 5826 5854 5699
f 5933 5888 5739
f 5856 5794 5716
f 5700 5795 5777
f 5967 5800 5721
f 5833 5857 5763
f 5801 5875 5743
f 5813 5767 5876
f 5766 5686 5874
f 5798 5861 5720
f 5832 5722 5762
f 5802 5718 5958
f 5831 5827 5799
f 5725 5756 5894
f 5756 5783 5895
f 5847 5862 5783
f 5878 5825 5727
f 5727 5816 5878
f 5817 5896 5757
f 5785 5803 5864
f 5804 5786 5838
f 5840 5880 5733
f 5931 5805 5898
f 5866 5790 5682
f 5850 5953 5791
f 5791 5851 5850
f 5776 5955 5920
f 5887 5955 5810
f 5810 5854 5887
f 5856 5761 5889
f 5761 5846 5889
f 5926 5811 5829
f 5812 5687 5969
f 5801 5813 5909
f 5802 5939 5877
f 5769 5796 5834
f 5796 5724 5893
f 5862 5895 5783
f 5824 5836 5814
f 5814 5815 5824
f 5944 5824 5815
f 5913 5944 5815
f 5815 5825 5913
f 5817 5785 5864
f 5837 5865 5804
f 5839 5772 5848
f 5848 5849 5879
f 5986 5946 5748
f 5882 5759 5883
f 5841 5851 5625
f 5844 5870 5792
f 5750 5775 5900
f 5885 5900 5775
f 5794 5956 5855
f 5905 5991 5819
f 5926 5858 5811
f 5860 5859 5797
f 5686 5936 5874
f 5979 5779 5704
f 5687 5780 5969
f 5963 5822 5755
f 5755 5741 5925
f 5865 5864 5803
f 5803 5804 5865
f 5804 5838 5837
f 5915 5986 5748
f 5748 5880 5915
f 5790 5866 5899
f 5853 5919 5809
f 5871 5845 5760
f 5760 5902 5871
f 5826 5649 5922
f 5903 5922 5649
f 5856 5956 5794
f 5967 5831 5800
f 5909 5813 5876
f 5724 5827 5893
f 5858 5926 5906
f 5890 5830 5891
f 5859 5891 5830
f 5861 5979 5704
f 5967 5892 5831
f 5975 5722 5832
f 5857 5833 5976
f 5833 5875 5976
f 5802 5958 5957
f 5893 5834 5796
f 5910 9741 9740
f 5894 5910 9740
f 5894 5756 5895
f 5847 6025 5862
f 5878 6009 5825
f 5878 5816 5863
f 5816 5784 5863
f 5784 5896 5863
f 5838 5839 5837
f 5848 5837 5839
f 5840 5931 5881
f 5953 5866 5806
f 5851 5841 5916
f 5884 5852 5841
f 5683 5867 5966
f 5774 5868 5807
f 5775 5948 5885
f 5854 5826 5921
f 5922 5921 5826
f 5872 5795 5819
f 5819 5991 5872
f 5820 5821 5907
f 5873 5907 5821
f 5969 5780 5992
f 5949 5863 5896
f 5897 5896 5817
f 5837 5848 5914
f 5879 5849 6011
f 6012 6011 5849
f 5849 5788 6012
f 5840 5881 5880
f 5916 5850 5851
f 5683 5932 5884
f 5868 5842 5807
f 5870 5869 5843
f 5900 5974 5750
f 5886 5542 5901
f 5542 5793 5901
f 5919 5853 5751
f 6016 5990 5751
f 5751 5845 6016
f 5892 5940 5831
f 5927 5721 5722
f 5857 5832 5763
f 5909 5876 6036
f 5827 5831 5940
f 5967 5721 5927
f 5976 5875 5937
f 5875 5801 5938
f 5939 5802 6087
f 5895 5862 6025
f 6025 5847 5911
f 5912 5911 5847
f 5912 5835 5929
f 6066 5970 5836
f 5836 5824 5943
f 5930 5865 5837
f 5881 5915 5880
f 5852 5916 5841
f 5947 5867 5842
f 6016 5845 5871
f 5777 5795 5904
f 5872 5904 5795
f 5963 5905 5822
f 5829 5820 5934
f 5820 5907 5934
f 6062 5992 5780
f 5780 5828 6062
f 5908 5937 5875
f 5938 5908 5875
f 5909 5938 5801
f 5876 5877 5978
f 5939 5978 5877
f 5957 6087 5802
f 5944 5943 5824
f 5825 6009 5913
f 5817 5864 5897
f 5930 5864 5865
f 5914 5930 5837
f 5945 5914 5848
f 5848 5879 5945
f 5882 5883 5965
f 5852 5884 5917
f 5884 5932 5917
f 5947 5842 5868
f 5869 5868 5774
f 5818 5886 6002
f 5793 5809 5918
f 5919 5918 5809
f 5887 5854 5921
f 5889 5923 5856
f 5846 5777 6003
f 5777 5904 6003
f 5963 5755 5924
f 5925 9736 5755
f 6006 5754 5858
f 5858 5906 6006
f 5934 5926 5829
f 5907 5873 5960
f 5873 5890 5961
f 5891 5961 5890
f 5859 5860 6022
f 5766 6022 5860
f 5892 5967 5981
f 5975 5927 5722
f 5941 5895 5928
f 5895 6025 5928
f 5950 5949 5896
f 5896 5897 5950
f 6011 6128 5879
f 5952 5931 5898
f 5899 5883 5790
f 5899 5866 6000
f 5973 5916 5852
f 6013 5870 5844
f 6002 5948 5818
f 6145 6002 5886
f 5855 6103 5933
f 5923 5956 5856
f 5926 5934 6117
f 5874 5935 5766
f 5980 5979 5861
f 5861 5798 5980
f 5938 5909 5982
f 6036 5982 5909
f 5978 5939 6087
f 5834 5893 6065
f 5894 5895 5941
f 5835 5823 5942
f 5897 5864 5951
f 5930 5914 5951
f 6111 5945 5879
f 5987 5952 5898
f 5898 5882 5987
f 5965 5987 5882
f 5953 6000 5866
f 5808 6043 5844
f 5948 6069 5885
f 5901 6145 5886
f 5751 5990 5919
f 5922 5903 6116
f 5963 5991 5905
f 5754 6006 5977
f 6085 5934 5907
f 5961 5960 5873
f 5936 5968 5874
f 6072 5993 5832
f 5832 5857 6072
f 6009 5878 6049
f 5985 5949 5950
f 5897 5951 5950
f 5864 5930 5951
f 6128 6111 5879
f 6040 6012 5788
f 5952 5881 5931
f 5954 5953 5850
f 5916 5954 5850
f 5966 5932 5683
f 6013 5844 6043
f 5974 5900 6014
f 5955 5887 6173
f 5888 5933 6054
f 6103 6054 5933
f 5991 5904 5872
f 9736 5924 5755
f 5977 5959 5828
f 5926 6117 5906
f 5891 5859 6021
f 6022 6021 5859
f 5935 5962 5766
f 5975 5832 5993
f 5908 5994 5937
f 6036 5876 5978
f 6065 5958 5834
f 5940 5892 5995
f 9741 5910 5997
f 5928 6047 5941
f 5911 5912 5983
f 5912 5929 5983
f 5943 6066 5836
f 5863 5949 5971
f 5788 5946 6129
f 5868 5869 6001
f 5808 5974 6051
f 5901 5793 6044
f 9734 5924 9736
f 5960 6085 5907
f 5962 6022 5766
f 6024 5980 5798
f 5969 6024 5798
f 5959 6062 5828
f 5997 5910 5998
f 5970 5942 5823
f 5944 6126 5943
f 5878 5863 6049
f 5984 5971 5949
f 5949 5985 5984
f 6089 5972 5951
f 5951 5914 6089
f 5914 5945 6089
f 6129 6040 5788
f 5915 5881 6027
f 5852 5917 5989
f 6051 6043 5808
f 6069 5948 6015
f 5918 6044 5793
f 5920 6102 5902
f 5920 5955 6052
f 5955 6173 6052
f 5956 6032 5855
f 6019 5923 5889
f 5994 5976 5937
f 5908 5938 6055
f 5982 6055 5938
f 5957 5958 6123
f 6065 6037 5958
f 6083 5977 6006
f 5934 6070 6117
f 5960 5961 6060
f 5968 5936 6071
f 5936 5779 6071
f 5991 6004 5904
f 5963 5924 6005
f 6005 5924 9734
f 9741 5997 5996
f 5964 5998 5910
f 6047 5964 5941
f 6047 5928 6048
f 5944 5913 5999
f 5971 6049 5863
f 6026 5985 5950
f 5950 5951 5972
f 5946 5986 6129
f 5987 5965 6028
f 5965 5883 6028
f 5883 5899 6068
f 5899 6000 6029
f 5973 5852 5989
f 5966 5867 6080
f 6002 6015 5948
f 5919 6081 5918
f 5871 5902 6186
f 6102 6186 5902
f 6052 6102 5920
f 6017 6173 5887
f 6017 5887 5921
f 5921 5922 6133
f 6046 6019 5889
f 5889 5846 6046
f 6003 6046 5846
f 5967 5927 5981
f 6036 5978 6056
f 5893 5827 6008
f 5827 5940 6008
f 5940 5995 6008
f 6060 5961 6020
f 6137 6071 5779
f 5779 5979 6137
f 5984 5985 6067
f 5950 5972 6026
f 5881 6041 6027
f 5899 6029 6068
f 5988 6000 5953
f 5954 5988 5953
f 5916 5973 6030
f 5932 5966 6132
f 6001 6042 5868
f 6013 6113 5870
f 6051 5974 6014
f 6069 5900 5885
f 6044 6145 5901
f 6053 5903 5888
f 6054 6053 5888
f 6003 5904 6033
f 6087 5957 6123
f 6037 6123 5958
f 6075 6065 5893
f 6058 6070 5934
f 5934 6085 6058
f 6060 6059 5960
f 6020 5961 6136
f 5891 6136 5961
f 5983 6038 5911
f 6140 5999 5913
f 5881 5952 6041
f 5987 6028 6050
f 6068 6028 5883
f 5988 5954 6030
f 5916 6030 5954
f 6080 6132 5966
f 5867 5947 6031
f 6113 5869 5870
f 5990 6081 5919
f 6053 6116 5903
f 5855 6032 6103
f 6004 6033 5904
f 5975 5993 6035
f 5978 6087 6064
f 6008 6075 5893
f 5959 5977 6231
f 6085 5960 6059
f 5968 5935 5874
f 5892 5981 6063
f 6072 5857 6007
f 5857 5976 6007
f 5976 5994 6007
f 5994 5908 6055
f 6064 6056 5978
f 6065 6075 6074
f 6047 5998 5964
f 6039 6078 5929
f 5929 5835 6039
f 6208 6140 5913
f 5913 6009 6208
f 5984 6067 6088
f 6090 6129 5986
f 5986 5915 6090
f 6050 5952 5987
f 6013 6043 6114
f 6016 5871 6199
f 6018 6017 5921
f 5921 6133 6018
f 5923 6032 5956
f 6059 6060 6104
f 5891 6021 6061
f 5962 5935 6023
f 5980 6137 5979
f 5969 5992 6024
f 5992 6062 6167
f 6035 5927 5975
f 6007 5994 6122
f 5983 5929 6078
f 5942 5970 6066
f 5943 6193 6066
f 6009 6049 6168
f 6067 5985 6010
f 6079 6029 6000
f 6092 6079 6000
f 6000 5988 6092
f 5917 5932 6132
f 6031 6080 5867
f 5947 6042 6031
f 6113 6093 5869
f 6045 6103 6032
f 6033 6046 6003
f 6096 5963 6005
f 6006 5906 6084
f 6084 5906 6117
f 6063 5981 6034
f 5981 5927 6034
f 5993 6072 6213
f 6138 6008 5995
f 5996 5997 9742
f 6038 5983 6139
f 5944 5999 6126
f 5971 5984 6088
f 6112 6128 6011
f 6011 6012 6112
f 6040 6112 6012
f 6050 6041 5952
f 5917 6132 6131
f 6001 5869 6093
f 5922 6116 6133
f 6095 5923 6019
f 5991 5963 6163
f 5977 6083 6231
f 6084 6083 6006
f 6022 6061 6021
f 5980 6024 6206
f 6121 6062 5959
f 6231 6121 5959
f 5892 6063 6109
f 6055 5982 6107
f 6109 5995 5892
f 6077 9742 5997
f 6124 6077 5997
f 5998 6124 5997
f 6025 5911 6099
f 6038 6099 5911
f 5835 5942 6039
f 5942 6066 6125
f 6009 6168 6208
f 6067 6010 6169
f 5985 6026 6010
f 6050 6028 6171
f 6221 6171 6028
f 5988 6030 6092
f 6158 6092 6030
f 6016 6210 5990
f 6032 5923 6045
f 6163 6004 5991
f 6005 9738 6096
f 6231 6083 6097
f 6071 6120 5968
f 6200 6034 5927
f 6072 6007 6202
f 6036 6056 6073
f 6138 6075 6008
f 6154 6153 5998
f 6047 6154 5998
f 6049 5971 6253
f 5972 6142 6026
f 6089 5945 6143
f 5945 6111 6143
f 5915 6027 6090
f 6281 6090 6027
f 6027 6041 6100
f 6326 6100 6041
f 6028 6068 6221
f 6158 6030 6130
f 5973 6130 6030
f 6159 6113 6013
f 6114 6043 6256
f 6043 6051 6256
f 5900 6069 6160
f 6307 6145 6044
f 5918 6307 6044
f 6211 6173 6017
f 6018 6211 6017
f 6212 6054 6103
f 5923 6095 6187
f 6070 6058 6057
f 6136 5891 6178
f 6061 6178 5891
f 6061 6022 6086
f 5935 5968 6120
f 5992 6167 6024
f 9742 6077 6076
f 6124 5998 6153
f 6219 6154 6047
f 6047 6048 6219
f 6099 6038 6207
f 6126 6193 5943
f 6168 6049 6194
f 6141 6010 6026
f 6142 6141 6026
f 6100 6281 6027
f 6041 6050 6183
f 6001 6031 6042
f 6051 6014 6101
f 6210 6016 6199
f 6199 5871 6186
f 6053 6054 6146
f 6033 6004 6082
f 5927 6035 6200
f 6271 6035 5993
f 5993 6213 6271
f 6122 5994 6105
f 6055 6106 5994
f 5982 6036 6227
f 6073 6227 6036
f 6251 6073 6056
f 6056 6064 6251
f 6057 6117 6070
f 6085 6059 6205
f 6059 6104 6205
f 6104 6060 6098
f 6020 6098 6060
f 6023 6022 5962
f 6121 6167 6062
f 6122 6189 6007
f 6106 6055 6107
f 6107 5982 6227
f 6087 6123 6150
f 6204 6037 6065
f 6074 6204 6065
f 5928 6025 6099
f 6078 6139 5983
f 6126 5999 6180
f 6169 6088 6067
f 6170 6169 6010
f 6040 6129 6182
f 6221 6068 6091
f 6068 6029 6091
f 6114 6159 6013
f 5918 6081 6267
f 5990 6210 6081
f 6102 6052 6115
f 6116 6053 6094
f 6053 6146 6094
f 6019 6046 6095
f 6033 6095 6046
f 9738 6218 6096
f 6023 6086 6022
f 5935 6229 6023
f 6166 6120 6071
f 6137 6166 6071
f 6202 6007 6189
f 6106 6105 5994
f 6227 6073 6108
f 6123 6037 6204
f 6151 6138 5995
f 5995 6109 6151
f 6155 6219 6048
f 6048 5928 6155
f 5999 6140 6180
f 6194 6049 6253
f 6088 6169 6235
f 6182 6112 6040
f 6029 6079 6184
f 5989 6130 5973
f 5989 6131 6209
f 6114 6256 6159
f 6282 6256 6051
f 6212 6146 6054
f 6096 6163 5963
f 6176 6084 6117
f 6058 6085 6228
f 6205 6228 6085
f 6061 6086 6178
f 6206 6137 5980
f 6109 6063 6152
f 6174 6152 6063
f 6063 6034 6174
f 6213 6072 6201
f 6251 6108 6073
f 6099 6155 5928
f 6141 6170 6010
f 6089 6143 6127
f 6158 6157 6092
f 6093 6113 6237
f 6014 5900 6283
f 5900 6160 6283
f 6188 6187 6095
f 6033 6082 6162
f 6082 6004 6134
f 6163 6134 6004
f 6164 6083 6084
f 6176 6164 6084
f 6098 6118 6104
f 6206 6024 6230
f 6139 6207 6038
f 6110 6125 6066
f 6066 6193 6110
f 6156 6253 5971
f 5971 6088 6156
f 5972 6089 6127
f 6029 6184 6091
f 6157 6079 6092
f 6185 6130 5989
f 6001 6144 6031
f 6238 6282 6051
f 6101 6014 6283
f 6437 6307 5918
f 5918 6267 6437
f 6186 6102 6115
f 6133 6116 6357
f 6103 6045 6161
f 6045 5923 6187
f 6216 6074 6075
f 6075 6138 6216
f 6119 6086 6023
f 6119 6023 6229
f 6270 6229 5935
f 6120 6270 5935
f 6202 6201 6072
f 6108 6251 6149
f 6064 6087 6150
f 6245 6151 6109
f 6152 6245 6109
f 6235 6156 6088
f 6127 6142 5972
f 6209 6185 5989
f 6001 6093 6144
f 6222 6144 6093
f 6018 6133 6211
f 6094 6357 6116
f 6095 6033 6162
f 6135 6163 6096
f 6096 6218 6135
f 6020 6136 6165
f 6229 6269 6119
f 6166 6270 6120
f 6244 6189 6122
f 6122 6105 6244
f 6106 6175 6105
f 6106 6107 6361
f 6203 6150 6123
f 6123 6204 6203
f 6216 6204 6074
f 6124 6153 6263
f 6139 6078 6191
f 6274 6078 6039
f 6192 6274 6039
f 6039 5942 6192
f 5942 6125 6192
f 6129 6090 6220
f 6131 6132 6197
f 6051 6101 6238
f 6015 6002 6172
f 6357 6211 6133
f 6103 6308 6212
f 6148 6117 6057
f 6057 6058 6228
f 6217 6205 6104
f 6104 6118 6217
f 6178 6165 6136
f 6178 6086 6190
f 6167 6230 6024
f 6150 6251 6064
f 6151 6216 6138
f 6125 6110 6313
f 6169 6170 6278
f 6170 6141 6195
f 6141 6142 6279
f 6143 6111 6325
f 6128 6325 6111
f 6182 6129 6220
f 6281 6100 6378
f 6183 6326 6041
f 6289 6183 6050
f 6171 6289 6050
f 6132 6080 6197
f 6222 6093 6237
f 6159 6237 6113
f 6015 6160 6069
f 6002 6145 6172
f 6095 6162 6188
f 6284 6176 6117
f 6117 6148 6284
f 6098 6020 6177
f 6166 6137 6206
f 6200 6241 6034
f 6202 6189 6243
f 6215 6227 6108
f 6149 6215 6108
f 6077 6232 6076
f 6154 6263 6153
f 6099 6219 6155
f 6207 6139 6252
f 6252 6139 6179
f 6191 6179 6139
f 6143 6254 6127
f 6325 6128 6364
f 6128 6112 6364
f 6112 6182 6181
f 6290 6221 6091
f 6157 6158 6292
f 6158 6130 6185
f 6147 6308 6103
f 6187 6161 6045
f 6163 6135 6268
f 6098 6248 6118
f 6177 6020 6165
f 6086 6119 6249
f 6269 6249 6119
f 6134 6163 6268
f 6218 6268 6135
f 6193 6126 6447
f 6528 6208 6168
f 6156 6235 6266
f 6169 6278 6235
f 6195 6141 6279
f 6196 6171 6221
f 6304 6079 6157
f 6185 6292 6158
f 6185 6209 6293
f 6080 6031 6198
f 6306 6198 6031
f 6380 6238 6101
f 6240 6295 6052
f 6052 6173 6240
f 6211 6240 6173
f 6187 6188 6224
f 6174 6034 6260
f 6242 6200 6035
f 6035 6271 6242
f 6175 6106 6361
f 6361 6107 6226
f 6399 6251 6150
f 6203 6399 6150
f 6228 6205 6247
f 6177 6248 6098
f 6165 6178 6190
f 6249 6190 6086
f 6274 6191 6078
f 6180 6447 6126
f 6314 6326 6183
f 6198 6197 6080
f 6031 6144 6306
f 6256 6282 6257
f 6145 6307 6368
f 6239 6186 6223
f 6186 6115 6223
f 6244 6105 6214
f 6226 6107 6227
f 6310 6203 6204
f 6261 6310 6204
f 6097 6083 6246
f 6164 6246 6083
f 6190 6249 6340
f 6343 6230 6167
f 6167 6121 6343
f 6259 6121 6231
f 6231 6097 6312
f 6219 6099 6234
f 6192 6125 6376
f 6313 6376 6125
f 6168 6194 6275
f 6195 6278 6170
f 6142 6127 6254
f 6181 6364 6112
f 6220 6181 6182
f 6335 6289 6171
f 6290 6091 6236
f 6292 6304 6157
f 6327 6237 6159
f 6368 6172 6145
f 6186 6337 6199
f 6295 6115 6052
f 6161 6147 6103
f 6224 6161 6187
f 6268 6322 6134
f 6241 6260 6034
f 6200 6242 6241
f 6271 6213 6225
f 6213 6201 6250
f 6201 6202 6250
f 6243 6250 6202
f 6189 6244 6243
f 6175 6214 6105
f 6297 6215 6149
f 6149 6251 6298
f 6204 6216 6261
f 6248 6217 6118
f 6269 6229 6342
f 6121 6299 6343
f 6121 6259 6299
f 6134 6258 6082
f 6077 6124 6233
f 6124 6263 6233
f 6263 6154 6363
f 6264 6363 6154
f 6154 6219 6264
f 6099 6207 6265
f 6110 6193 6313
f 6194 6253 6275
f 6303 6254 6143
f 6220 6090 6288
f 6090 6281 6288
f 6183 6289 6314
f 6091 6184 6236
f 6255 6184 6079
f 6079 6304 6255
f 6305 6294 6209
f 6209 6197 6305
f 6199 6356 6210
f 6295 6223 6115
f 6345 6261 6216
f 6216 6151 6262
f 6151 6245 6262
f 6245 6152 6311
f 6057 6228 6429
f 6360 6270 6166
f 9574 6268 6218
f 6218 6232 9574
f 6265 6234 6099
f 6207 6324 6265
f 6447 6313 6193
f 6180 6140 6391
f 6143 6325 6303
f 6220 6288 6424
f 6290 6196 6221
f 6144 6222 6306
f 6210 6267 6081
f 6224 6188 6369
f 6262 6345 6216
f 6097 6246 6312
f 6331 6246 6164
f 6176 6331 6164
f 6057 6429 6148
f 6247 6429 6228
f 6217 6247 6205
f 6248 6177 6319
f 6342 6229 6359
f 6270 6359 6229
f 6166 6206 6402
f 6231 6312 6259
f 6232 6077 6333
f 6191 6274 6348
f 6302 6140 6208
f 6253 6156 6276
f 6235 6278 6277
f 6236 6184 6291
f 6336 6304 6292
f 6294 6293 6209
f 6198 6353 6197
f 6380 6282 6238
f 6239 6337 6186
f 6211 6357 6468
f 6188 6162 6309
f 6258 6309 6162
f 6339 6241 6242
f 6242 6271 6339
f 6227 6215 6272
f 6297 6149 6298
f 6245 6311 6419
f 6165 6319 6177
f 6190 6320 6165
f 6342 6341 6269
f 6402 6360 6166
f 6214 6318 6244
f 6175 6329 6214
f 6226 6227 6272
f 6399 6203 6344
f 6419 6262 6245
f 6264 6219 6300
f 6234 6265 6273
f 6265 6324 6301
f 6389 6324 6207
f 6346 6389 6207
f 6207 6252 6346
f 6302 6391 6140
f 6275 6253 6276
f 6156 6266 6349
f 6277 6266 6235
f 6279 6142 6280
f 6142 6254 6280
f 6100 6326 6378
f 6171 6196 6315
f 6353 6305 6197
f 6237 6379 6222
f 6159 6256 6327
f 6257 6327 6256
f 6101 6283 6380
f 6368 6307 6381
f 6267 6210 6356
f 6356 6199 6337
f 6146 6357 6094
f 6308 6147 6317
f 6188 6309 6369
f 6258 6134 6322
f 6217 6248 6401
f 6319 6165 6472
f 6320 6472 6165
f 6249 6269 6321
f 6206 6230 6402
f 6339 6271 6225
f 6250 6225 6213
f 6318 6433 6243
f 6243 6244 6318
f 6404 6345 6262
f 6419 6404 6262
f 6174 6311 6152
f 9574 6232 6285
f 6232 6333 6285
f 6233 6286 6077
f 6233 6263 6287
f 6363 6287 6263
f 6234 6300 6219
f 6348 6179 6191
f 6352 6181 6220
f 6315 6335 6171
f 6292 6185 6463
f 6367 6463 6185
f 6306 6222 6379
f 6327 6466 6237
f 6015 6172 6160
f 6211 6296 6240
f 6212 6438 6146
f 6358 6247 6217
f 6217 6401 6358
f 6319 6371 6248
f 6340 6320 6190
f 6321 6340 6249
f 6269 6341 6321
f 6360 6359 6270
f 6174 6260 6328
f 6243 6398 6250
f 6399 6298 6251
f 6310 6344 6203
f 6286 6333 6077
f 6301 6375 6265
f 6447 6180 6391
f 6208 6528 6302
f 6413 6528 6168
f 6168 6377 6413
f 6275 6377 6168
f 6156 6349 6276
f 6424 6352 6220
f 6378 6288 6281
f 6185 6293 6367
f 6355 6257 6282
f 6380 6355 6282
f 6296 6211 6468
f 6357 6146 6382
f 6308 6438 6212
f 6470 6312 6246
f 6246 6331 6470
f 6370 6247 6358
f 6362 6323 9574
f 6285 6362 9574
f 6287 6286 6233
f 6363 6264 6334
f 6300 6334 6264
f 6273 6300 6234
f 6273 6265 6375
f 6346 6252 6347
f 6179 6347 6252
f 6348 6274 6446
f 6274 6192 6446
f 6376 6446 6192
f 6254 6303 6414
f 6289 6335 6314
f 6236 6316 6290
f 6255 6291 6184
f 6354 6379 6237
f 6466 6354 6237
f 6356 6437 6267
f 6239 6406 6337
f 6174 6328 6420
f 6418 6250 6398
f 6297 6272 6215
f 6298 6435 6297
f 6456 6284 6148
f 6332 6429 6247
f 6370 6332 6247
f 6360 6402 6492
f 6322 6268 6323
f 6285 6333 6474
f 6277 6278 6422
f 6477 6422 6278
f 6195 6279 6449
f 6280 6351 6279
f 6394 6255 6304
f 6353 6294 6305
f 6580 6381 6307
f 6307 6437 6580
f 6454 6382 6146
f 6438 6454 6146
f 6438 6308 6519
f 6317 6519 6308
f 6369 6309 6396
f 6258 6396 6309
f 6260 6241 6338
f 6241 6339 6338
f 6433 6398 6243
f 6329 6175 6361
f 6311 6174 6420
f 6400 6176 6284
f 6230 6343 6372
f 6412 6376 6313
f 6447 6412 6313
f 6276 6377 6275
f 6350 6278 6195
f 6195 6449 6350
f 6537 6424 6288
f 6288 6378 6537
f 6378 6326 6496
f 6393 6326 6314
f 6335 6479 6314
f 6335 6315 6366
f 6316 6196 6290
f 6463 6336 6292
f 6223 6406 6239
f 6468 6357 6382
f 6147 6161 6317
f 6418 6225 6250
f 6399 6532 6298
f 6310 6261 6385
f 6443 6419 6311
f 6400 6331 6176
f 6284 6456 6400
f 6371 6401 6248
f 6472 6320 6430
f 6473 6430 6320
f 6320 6340 6473
f 6431 6340 6321
f 6230 6372 6417
f 6373 6258 6322
f 6273 6334 6300
f 6375 6301 6410
f 6301 6324 6411
f 6278 6350 6477
f 6280 6254 6414
f 6303 6478 6414
f 6393 6496 6326
f 6452 6293 6294
f 6488 6198 6306
f 6466 6327 6467
f 6327 6257 6516
f 6407 6317 6161
f 6161 6224 6407
f 6397 6339 6225
f 6318 6214 6403
f 6361 6483 6329
f 6226 6272 6434
f 6330 6434 6272
f 6341 6431 6321
f 6373 6322 6387
f 6322 6323 6428
f 6323 6362 6428
f 6374 6474 6333
f 6286 6374 6333
f 6390 6347 6179
f 6348 6390 6179
f 6392 6377 6276
f 6279 6351 6449
f 6325 6364 6436
f 6352 6364 6181
f 6426 6479 6335
f 6335 6366 6426
f 6236 6415 6316
f 6236 6291 6427
f 6294 6353 6395
f 6464 6488 6306
f 6379 6464 6306
f 6160 6380 6283
f 6172 6368 6453
f 6356 6337 6406
f 6406 6223 6489
f 6418 6397 6225
f 6403 6481 6318
f 6329 6403 6214
f 6383 6330 6272
f 6297 6383 6272
f 6385 6344 6310
f 6441 6148 6429
f 6431 6473 6340
f 6343 6299 6372
f 6481 6433 6318
f 6329 6586 6403
f 6226 6483 6361
f 6384 6383 6297
f 6435 6384 6297
f 6435 6298 6532
f 6388 6362 6285
f 6392 6276 6349
f 6424 6537 6365
f 6425 6393 6314
f 6314 6479 6425
f 6451 6394 6304
f 6304 6336 6451
f 6497 6367 6293
f 6353 6198 6416
f 6408 6407 6224
f 6373 6396 6258
f 6485 6470 6331
f 6400 6485 6331
f 6441 6456 6148
f 6544 6542 6358
f 6358 6401 6544
f 6342 6386 6341
f 6402 6230 6417
f 6299 6259 6459
f 6338 6328 6260
f 6338 6339 6531
f 6339 6397 6531
f 6404 6494 6345
f 6420 6443 6311
f 6285 6474 6388
f 6287 6421 6286
f 6287 6363 6460
f 6334 6460 6363
f 6301 6411 6410
f 6390 6348 6462
f 6446 6462 6348
f 6303 6325 6436
f 6316 6315 6196
f 6463 6451 6336
f 6452 6497 6293
f 6395 6452 6294
f 6160 6172 6453
f 6381 6453 6368
f 6437 6356 6405
f 6295 6489 6223
f 6439 6224 6369
f 6396 6439 6369
f 6387 6322 6428
f 6370 6358 6559
f 6542 6559 6358
f 6319 6490 6371
f 6386 6342 6432
f 6359 6432 6342
f 6545 6372 6299
f 6259 6312 6459
f 6460 6421 6287
f 6273 6375 6409
f 6324 6389 6411
f 6389 6535 6526
f 6461 6389 6346
f 6508 6346 6347
f 6643 6392 6349
f 6349 6266 6448
f 6266 6277 6448
f 6364 6352 6423
f 6496 6537 6378
f 6415 6236 6427
f 6427 6291 6450
f 6394 6450 6255
f 6394 6451 6514
f 6497 6463 6367
f 6488 6416 6198
f 6257 6355 6516
f 6296 6295 6240
f 6493 6330 6383
f 6385 6261 6602
f 6429 6332 6572
f 6559 6332 6370
f 6490 6503 6371
f 6471 6490 6319
f 6319 6472 6471
f 6299 6459 6545
f 6423 6436 6364
f 6415 6512 6316
f 6296 6468 6498
f 6522 6531 6397
f 6397 6418 6522
f 6433 6486 6398
f 6385 6602 6505
f 6400 6456 6440
f 6503 6544 6401
f 6401 6371 6503
f 6359 6360 6492
f 6312 6470 6459
f 6483 6482 6329
f 6344 6385 6505
f 6602 6261 6345
f 6345 6494 6602
f 6516 6467 6327
f 6380 6160 6529
f 6160 6453 6529
f 6453 6381 6517
f 6580 6517 6381
f 6406 6405 6356
f 6500 6396 6373
f 6375 6410 6445
f 6461 6535 6389
f 6446 6376 6510
f 6376 6412 6510
f 6447 6391 6609
f 6302 6528 6527
f 6277 6422 6448
f 6414 6351 6280
f 6366 6315 6553
f 6427 6480 6415
f 6386 6431 6341
f 6492 6432 6359
f 6328 6548 6420
f 6614 6522 6418
f 6442 6493 6383
f 6383 6384 6442
f 6435 6442 6384
f 6399 6344 6484
f 6505 6484 6344
f 6404 6419 6506
f 6443 6506 6419
f 6409 6375 6475
f 6445 6475 6375
f 6526 6411 6389
f 6366 6553 6426
f 6315 6316 6553
f 6514 6450 6394
f 6295 6296 6518
f 6317 6407 6455
f 6439 6408 6224
f 6387 6428 9761
f 6456 6441 6457
f 6648 6441 6429
f 6429 6572 6648
f 6492 6402 6458
f 6402 6417 6458
f 6531 6584 6328
f 6328 6338 6531
f 6418 6398 6585
f 6486 6585 6398
f 6532 6399 6484
f 6506 6494 6404
f 6507 9761 6362
f 6362 6388 6507
f 6334 6273 6444
f 6409 6444 6273
f 6508 6461 6346
f 6412 6447 6476
f 6495 6609 6391
f 6391 6302 6495
f 6511 6413 6377
f 6392 6511 6377
f 6551 6422 6477
f 6512 6553 6316
f 6512 6415 6577
f 6480 6577 6415
f 6623 6452 6395
f 6465 6464 6354
f 6354 6466 6465
f 6580 6437 6540
f 6405 6593 6437
f 6489 6295 6518
f 6382 6454 6469
f 6407 6408 6499
f 6440 6485 6400
f 6472 6430 6530
f 6586 6481 6403
f 6586 6329 6482
f 6443 6420 6547
f 6444 6460 6334
f 6510 6462 6446
f 6609 6476 6447
f 6449 6351 6596
f 6352 6424 6552
f 6591 6496 6393
f 6425 6479 6611
f 6480 6427 6513
f 6427 6450 6513
f 6623 6395 6487
f 6416 6487 6395
f 6557 6516 6355
f 6592 6529 6453
f 6438 6660 6454
f 6558 6499 6408
f 6408 6439 6558
f 6457 6440 6456
f 6502 6572 6332
f 6332 6559 6502
f 6459 6470 6504
f 6500 6387 9757
f 6387 9761 9757
f 6444 6421 6460
f 6525 6410 6411
f 6411 6526 6525
f 6347 6390 6509
f 6462 6509 6390
f 6393 6425 6591
f 6451 6463 6539
f 6463 6497 6579
f 6515 6488 6464
f 6464 6465 6515
f 6466 6467 6556
f 6516 6556 6467
f 6674 6557 6355
f 6355 6380 6674
f 6517 6592 6453
f 6593 6540 6437
f 6518 6296 6688
f 6469 6498 6468
f 6468 6382 6469
f 6660 6469 6454
f 6455 6519 6317
f 6499 6455 6407
f 6567 6439 6396
f 6520 6567 6396
f 6548 6328 6584
f 6600 6486 6433
f 6433 6481 6600
f 6548 6547 6420
f 6470 6485 6501
f 6441 6648 6457
f 6503 6490 6560
f 6471 6472 6530
f 6473 6521 6430
f 6562 6473 6431
f 6431 6386 6582
f 6535 6461 6719
f 6756 6349 6448
f 6477 6350 6551
f 6303 6436 6727
f 6552 6424 6365
f 6553 6512 6565
f 6613 6674 6380
f 6380 6529 6613
f 6569 6531 6522
f 6614 6418 6585
f 6571 6483 6226
f 6226 6434 6571
f 6330 6493 6574
f 6442 6435 6532
f 6432 6491 6386
f 6569 6667 6531
f 6434 6330 6575
f 6374 6523 6474
f 6409 6475 6524
f 6525 6564 6410
f 6462 6510 6550
f 6590 6350 6449
f 6449 6596 6590
f 6536 6596 6351
f 6351 6414 6536
f 6673 6591 6425
f 6425 6611 6673
f 6513 6577 6480
f 6623 6497 6452
f 6406 6541 6405
f 6406 6489 6676
f 6489 6518 6626
f 6438 6566 6660
f 6566 6438 6519
f 9757 6520 6500
f 6470 6501 6583
f 6544 6503 6632
f 6490 6471 6573
f 6530 6573 6471
f 6562 6561 6473
f 6695 6562 6431
f 6582 6695 6431
f 6491 6582 6386
f 6432 6492 6629
f 6504 6545 6459
f 6583 6504 6470
f 6482 6483 6601
f 6574 6575 6330
f 6546 6574 6493
f 6493 6442 6546
f 6533 6506 6443
f 6443 6547 6533
f 6444 6409 6524
f 6564 6445 6410
f 6719 6461 6549
f 6461 6508 6549
f 6508 6347 6509
f 6509 6462 6550
f 6302 6527 6495
f 6589 6643 6349
f 6349 6756 6589
f 6414 6478 6536
f 6727 6478 6303
f 6552 6423 6352
f 6513 6450 6554
f 6514 6554 6450
f 6579 6539 6463
f 6556 6599 6465
f 6465 6466 6556
f 6516 6557 6659
f 6498 6688 6296
f 6503 6560 6632
f 6573 6560 6490
f 6473 6561 6521
f 6417 6372 6651
f 6372 6545 6651
f 6522 6614 6570
f 6571 6434 6575
f 6494 6506 6533
f 6563 6388 6474
f 6523 6563 6474
f 6421 6444 6576
f 6524 6475 6608
f 6475 6445 6608
f 6594 6564 6525
f 6719 6772 6535
f 6588 6550 6510
f 6510 6412 6588
f 6476 6588 6412
f 6620 6422 6551
f 6350 6590 6621
f 6478 6727 6622
f 6553 6565 6656
f 6577 6685 6512
f 6514 6451 6538
f 6487 6416 6612
f 6416 6488 6612
f 6659 6556 6516
f 6676 6489 6626
f 6518 6581 6626
f 6688 6581 6518
f 6567 6558 6439
f 6485 6440 6669
f 6544 6543 6542
f 6570 6569 6522
f 6532 6546 6442
f 6724 6620 6551
f 6551 6350 6621
f 6622 6536 6478
f 6553 6656 6426
f 6515 6612 6488
f 6592 6613 6529
f 6676 6541 6406
f 6499 6558 6647
f 6733 6558 6567
f 6669 6501 6485
f 6440 6457 6669
f 6714 6683 6572
f 6572 6502 6714
f 6573 6530 6605
f 6432 6629 6491
f 6492 6458 6629
f 6668 6545 6504
f 6667 6584 6531
f 6585 6708 6614
f 6571 6601 6483
f 6799 6533 6547
f 6534 6799 6547
f 6606 6640 6507
f 6507 6388 6606
f 6643 6589 6863
f 6727 6436 6728
f 6611 6479 6655
f 6426 6655 6479
f 6565 6512 6597
f 6538 6451 6539
f 6497 6623 6555
f 6543 6559 6542
f 6530 6521 6605
f 6548 6584 6747
f 6634 6575 6574
f 6574 6546 6634
f 6532 6616 6546
f 6484 6616 6532
f 6617 6505 6602
f 6547 6548 6534
f 6525 6526 6594
f 6642 6594 6526
f 6526 6535 6642
f 6595 6549 6508
f 6508 6509 6595
f 6528 6413 6741
f 6620 6448 6422
f 6725 6724 6551
f 6621 6725 6551
f 6597 6512 6685
f 6554 6514 6578
f 6515 6465 6646
f 6599 6646 6465
f 6659 6599 6556
f 6816 6674 6613
f 6593 6405 6541
f 6455 6499 6786
f 6631 6633 6560
f 6560 6573 6631
f 6629 6458 6650
f 6417 6650 6458
f 6563 6606 6388
f 6564 6594 6703
f 6392 6643 6831
f 6610 6365 6537
f 6537 6496 6610
f 6758 6610 6496
f 6496 6591 6758
f 6597 6656 6565
f 6539 6579 6687
f 6598 6579 6497
f 6497 6555 6598
f 6469 6660 6744
f 6566 6519 6627
f 6567 6568 6733
f 6585 6486 6615
f 6583 6501 6750
f 6648 6572 6670
f 6559 6543 6630
f 6632 6560 6633
f 6521 6561 6605
f 6491 6825 6582
f 6747 6534 6548
f 6569 6570 6662
f 6600 6663 6486
f 6634 6546 6628
f 6616 6628 6546
f 6484 6505 6635
f 6617 6635 6505
f 6494 6533 6636
f 6618 6587 9974
f 6523 9652 6912
f 6619 6444 6524
f 6607 6619 6524
f 6524 6608 6684
f 6509 6550 6654
f 6550 6588 6654
f 6511 6741 6413
f 6511 6392 6831
f 6365 6881 6552
f 6655 6645 6611
f 6685 6577 6705
f 6554 6657 6513
f 6578 6514 6658
f 6487 6624 6623
f 6599 6659 6782
f 6803 6517 6580
f 6558 6733 6647
f 6669 6604 6501
f 6714 6502 6630
f 6502 6559 6630
f 6632 6543 6544
f 6573 6605 6631
f 6605 6561 6682
f 6825 6695 6582
f 6652 6668 6504
f 6504 6583 6652
f 6662 6667 6569
f 6840 6570 6614
f 6708 6585 6615
f 6615 6486 6663
f 6523 6738 6563
f 6576 6444 6641
f 6445 6564 6702
f 6423 6728 6436
f 6423 6552 6742
f 6656 6655 6426
f 6646 6612 6515
f 6519 6455 6627
f 6786 6627 6455
f 9759 6568 9757
f 6572 6683 6670
f 6633 6631 6672
f 6561 6562 6682
f 6677 6639 9974
f 6639 9767 6618
f 6563 6738 6818
f 6738 6523 6912
f 6608 6445 6700
f 6642 6703 6594
f 6753 6535 6772
f 6719 6549 6773
f 6721 6773 6549
f 6549 6595 6721
f 6704 6527 6528
f 6528 6741 6704
f 6590 6596 6726
f 6577 6513 6705
f 6657 6705 6513
f 6625 6624 6487
f 6541 6760 6593
f 6732 6498 6469
f 6469 6744 6732
f 6566 6837 6660
f 6481 6586 6710
f 6586 6482 6664
f 6601 6664 6482
f 6617 6602 6679
f 6636 6679 6602
f 6602 6494 6636
f 6534 6763 6799
f 6631 6605 9964
f 6695 6682 6562
f 6651 6650 6417
f 6698 6651 6545
f 6750 6652 6583
f 9981 6677 9974
f 6700 6445 6702
f 6535 6753 6642
f 6595 6509 6653
f 6654 6588 6849
f 6704 6495 6527
f 6832 6756 6448
f 6644 6448 6620
f 6821 6621 6590
f 6726 6821 6590
f 6727 6728 6757
f 6742 6552 6881
f 6591 6673 6758
f 6656 6597 6729
f 6554 6578 6657
f 6538 6658 6514
f 6759 6598 6555
f 6647 6733 6661
f 9758 6733 6568
f 6840 6662 6570
f 6708 6840 6614
f 6710 6600 6481
f 6484 6635 6693
f 6617 6679 6843
f 6618 6765 6587
f 6563 6818 6606
f 6912 9652 6717
f 6619 6641 6444
f 6654 6653 6509
f 6448 6644 6832
f 6611 6645 6673
f 6775 6729 6597
f 6685 6775 6597
f 6578 6658 6686
f 6623 6624 6555
f 6923 6555 6624
f 6624 6625 6781
f 6852 6613 6592
f 6803 6580 6675
f 6580 6540 6675
f 6688 6498 6732
f 6744 6660 6761
f 6710 6709 6600
f 6664 6710 6586
f 6799 6712 6533
f 6534 6747 6763
f 6638 6765 6618
f 6545 6668 6698
f 6501 6604 6750
f 6714 6630 6649
f 6630 6543 6715
f 6633 6770 6632
f 9767 6639 6665
f 6457 6648 6699
f 6671 6543 6632
f 6632 6770 6671
f 9964 6605 6713
f 6605 6682 6713
f 6491 6749 6825
f 6691 6778 6747
f 6747 6584 6691
f 6667 6691 6584
f 6666 6707 6667
f 6663 6796 6615
f 6780 6678 6575
f 6575 6634 6780
f 6746 6780 6634
f 6628 6746 6634
f 6693 6616 6484
f 6843 6635 6617
f 6636 6533 6712
f 6681 6637 6603
f 6735 6681 6603
f 6603 6587 6735
f 6689 6665 6639
f 6640 6606 6737
f 6755 6723 6476
f 6476 6609 6755
f 6863 6831 6643
f 6742 6728 6423
f 6687 6538 6539
f 6598 6687 6579
f 6625 6612 6706
f 6612 6646 6706
f 6835 6557 6674
f 6803 6592 6517
f 6760 6540 6593
f 6676 6626 6743
f 6626 6581 6743
f 6761 6785 6744
f 6911 6786 6499
f 6499 6647 6911
f 6457 6699 6669
f 6648 6670 6699
f 6671 6715 6543
f 6770 6633 6672
f 6650 6651 6697
f 6737 6771 6640
f 6716 6737 6606
f 6654 6754 6653
f 6723 6588 6476
f 6495 6755 6609
f 6794 6644 6620
f 6724 6794 6620
f 6766 6705 6657
f 6730 6686 6658
f 6802 6646 6599
f 6599 6782 6802
f 6782 6659 6731
f 6659 6557 6731
f 6966 6743 6581
f 6691 6667 6707
f 6796 6692 6615
f 6600 6709 6663
f 6601 6571 6779
f 6765 6694 6587
f 6690 6665 6689
f 6662 6666 6667
f 6692 6708 6615
f 6575 6779 6571
f 6682 6695 6895
f 6805 6604 6669
f 6699 6805 6669
f 6751 6683 6714
f 6606 6818 6716
f 6607 6641 6619
f 6739 6684 6752
f 6700 6752 6684
f 6702 6564 6703
f 6703 6642 6819
f 6862 6819 6642
f 6723 6849 6588
f 6755 6495 7072
f 6536 6726 6596
f 6536 6622 6864
f 6880 6864 6622
f 6727 6880 6622
f 6610 6881 6365
f 6658 6538 6730
f 6687 6730 6538
f 6783 6731 6557
f 6557 6835 6783
f 6836 6676 6743
f 6689 6639 6734
f 6690 6762 6665
f 6664 6601 6779
f 6678 6780 6869
f 6843 6693 6635
f 6712 6711 6636
f 6680 6637 6764
f 6808 6764 6637
f 6637 6681 6808
f 6694 6735 6587
f 6713 6682 6844
f 6491 6629 6696
f 6650 6696 6629
f 6715 6649 6630
f 6739 6792 6607
f 6700 6702 6701
f 6722 6754 6654
f 6849 6722 6654
f 6741 6511 6831
f 6831 6863 7073
f 6657 6578 6800
f 6965 6852 6592
f 6966 6581 6885
f 6817 6885 6581
f 6581 6688 6817
f 6688 6732 6817
f 6744 6785 6784
f 6837 6761 6660
f 6838 6911 6647
f 6734 6777 6689
f 6662 6840 6891
f 6796 6663 6811
f 6664 6745 6710
f 6678 6779 6575
f 6843 6814 6693
f 6825 6895 6695
f 6696 6749 6491
f 6697 6651 6896
f 6651 6698 6896
f 7002 6698 6668
f 6792 6641 6607
f 6752 6793 6739
f 6701 6752 6700
f 6703 6718 6702
f 6642 6753 6977
f 6741 6831 6830
f 6673 6645 6822
f 6800 6766 6657
f 6686 6730 6801
f 6598 6815 6687
f 6816 6835 6674
f 6613 6852 6816
f 6592 6803 6965
f 6760 6675 6540
f 6541 6676 6836
f 6627 6837 6566
f 6786 6949 6627
f 6661 6838 6647
f 6762 6776 9769
f 6798 6663 6709
f 6745 6798 6709
f 6709 6710 6745
f 6616 6693 6947
f 6814 6947 6693
f 6711 6679 6636
f 6898 6765 6638
f 6736 6898 6638
f 9964 6713 6748
f 6826 6750 6604
f 6751 6670 6683
f 6769 6751 6649
f 6649 6715 6769
f 9976 6770 6672
f 6701 6702 6718
f 6773 6720 6719
f 6849 6723 6740
f 6724 6725 6820
f 6902 6758 6673
f 6822 6902 6673
f 6645 6833 6822
f 6578 6686 6800
f 6815 6730 6687
f 6884 6923 6624
f 6624 6781 6884
f 6802 6706 6646
f 6783 7044 6731
f 6837 6627 6949
f 6776 9774 9769
f 6807 6777 6734
f 6762 6690 6824
f 6690 6777 6861
f 6691 6707 6906
f 6708 6692 6840
f 6745 6664 6841
f 6779 6841 6664
f 6767 6748 6713
f 6713 6844 6767
f 6805 6826 6604
f 6714 6649 6751
f 6788 6912 6717
f 6717 6641 6788
f 6718 6703 6790
f 6642 6977 6862
f 6720 6773 6991
f 6829 6704 6741
f 6741 6830 6829
f 6645 6655 6833
f 6598 6759 6866
f 6555 6923 6759
f 6836 6760 6541
f 6796 6919 6692
f 6779 6678 6812
f 6780 6746 6842
f 6746 6628 6842
f 6905 6711 6712
f 6712 6799 6905
f 6778 6763 6747
f 6809 6681 6735
f 6735 6694 6809
f 6810 6809 6694
f 6765 6810 6694
f 6844 6682 6768
f 6652 7002 6668
f 6845 6652 6750
f 6750 6826 6845
f 6805 6699 6915
f 6846 6715 6671
f 6827 6846 6671
f 6671 6770 6827
f 6716 6818 7065
f 6793 6752 6789
f 6719 6720 6978
f 6722 6917 6754
f 7072 6723 6755
f 6832 6589 6756
f 6794 6724 6820
f 6791 6621 6821
f 6757 6728 6774
f 6728 6742 6774
f 7028 6881 6610
f 6729 6775 6850
f 6851 9727 6685
f 6685 6705 6851
f 6759 6923 6834
f 6733 9758 6968
f 6861 6824 6690
f 6778 6691 6906
f 6906 6707 6854
f 6870 6854 6707
f 6707 6666 6870
f 6853 6870 6666
f 6666 6662 6853
f 6662 6891 6853
f 6919 6840 6692
f 6843 6679 7013
f 6679 6711 7013
f 6680 6764 9966
f 6810 6765 6898
f 6848 6898 6736
f 9582 6766 6800
f 6815 6883 6730
f 6866 6815 6598
f 6803 6675 6924
f 6743 6983 6836
f 6784 6732 6744
f 6925 6661 6733
f 6733 6968 6925
f 6895 6768 6682
f 6896 6857 6697
f 6897 6699 6670
f 6670 6751 6897
f 6846 6769 6715
f 6827 6770 9976
f 6787 6839 6771
f 6771 6737 6787
f 6788 6926 6912
f 6739 6793 6792
f 6701 6789 6752
f 6773 6721 6991
f 6653 6721 6595
f 6828 6495 6704
f 6878 6863 6589
f 6589 6832 6878
f 6725 6621 6879
f 6621 6791 6879
f 6864 6726 6536
f 6727 6757 7026
f 6959 7028 6610
f 6775 6685 6850
f 9727 6850 6685
f 9582 6851 6705
f 9774 6776 6875
f 6776 6888 6823
f 6776 6762 6888
f 6762 6824 6804
f 6861 6777 6806
f 6807 6806 6777
f 6811 6663 6797
f 6798 6797 6663
f 6841 6798 6745
f 6812 6841 6779
f 6812 6678 6962
f 6869 6962 6678
f 6628 6616 6813
f 6947 6813 6616
f 6963 6799 6763
f 6847 6808 6681
f 6924 6965 6803
f 7035 6818 6738
f 6912 7035 6738
f 6641 6792 6788
f 6819 6790 6703
f 6772 6719 6978
f 6653 6754 6917
f 7072 6495 6828
f 6880 6727 7026
f 6742 6881 6774
f 6610 6758 6959
f 6902 6959 6758
f 6850 6795 6729
f 6823 6875 6776
f 6804 6888 6762
f 6748 6767 6856
f 6650 6697 6929
f 9610 6788 6792
f 6753 6772 6978
f 6829 6828 6704
f 7027 6774 6881
f 6902 6822 6960
f 6833 6940 6822
f 6841 6868 6798
f 6799 6963 6905
f 6964 6963 6763
f 6763 6778 6964
f 6681 6809 6847
f 6908 6800 6686
f 6801 6908 6686
f 6834 6922 6759
f 6706 6802 7017
f 7104 7017 6802
f 6948 7104 6802
f 6802 6782 6948
f 6969 6787 6737
f 6737 6716 6969
f 6767 6844 6856
f 6873 6844 6768
f 6895 6825 6928
f 6696 6650 6929
f 6857 6929 6697
f 6848 6899 6898
f 6842 6869 6780
f 9582 6800 6865
f 6908 6865 6800
f 6884 6781 7016
f 6782 6731 6948
f 6981 7044 6783
f 6783 6835 6981
f 7018 6885 6817
f 6817 6732 7018
f 6784 7018 6732
f 7034 6949 6786
f 6701 6718 6877
f 6862 6901 6819
f 6644 6794 6832
f 6794 6820 6957
f 6940 6960 6822
f 6861 9984 6890
f 6768 6895 6927
f 6928 6825 6749
f 6929 6749 6696
f 6897 6915 6699
f 6769 6931 6751
f 6809 6810 6933
f 6871 6894 6848
f 9610 6792 6867
f 6876 6789 6701
f 6701 6877 6876
f 6790 6877 6718
f 6916 6862 6977
f 6978 6977 6753
f 6829 6830 6938
f 6820 6725 7222
f 6879 7222 6725
f 6908 6801 6909
f 6801 6883 6909
f 6999 6982 6852
f 6852 6965 6999
f 6887 6911 6838
f 6838 6661 6887
f 6787 9760 6839
f 6891 6840 6903
f 6840 6919 6903
f 6919 6796 6942
f 6811 6942 6796
f 6868 6841 6944
f 6842 6628 6813
f 6814 6843 6994
f 7013 6994 6843
f 6856 6844 6873
f 6845 6826 6951
f 6915 6826 6805
f 6952 6931 6769
f 6846 6952 6769
f 6846 6827 6874
f 9966 7047 6893
f 6764 6808 7047
f 6847 6809 7025
f 6898 6933 6810
f 6894 6899 6848
f 6872 9771 6934
f 6901 6790 6819
f 6991 6721 7070
f 6722 6849 6937
f 7222 6957 6820
f 6958 6791 6821
f 6821 6726 6958
f 6864 6958 6726
f 6655 6795 6882
f 6866 6883 6815
f 6922 6866 6759
f 7017 7016 6706
f 6835 6816 7171
f 6982 6816 6852
f 6761 6837 6886
f 6818 7035 7065
f 6792 6793 6867
f 6797 6798 6943
f 6868 6943 6798
f 6945 6944 6841
f 6841 6812 6945
f 6962 6869 6946
f 6778 6906 6892
f 6855 9794 9792
f 9794 6855 9784
f 6856 6873 9967
f 6927 6873 6768
f 6749 6929 6971
f 6915 7004 6826
f 6931 6986 6751
f 6858 9778 6935
f 9943 6935 9778
f 6859 6860 9763
f 6890 6824 6861
f 6916 6901 6862
f 7048 7070 6721
f 6721 6653 7048
f 6917 7048 6653
f 6849 6740 6937
f 6830 6831 7049
f 6831 7073 7049
f 6940 6833 7075
f 6833 6655 7075
f 6882 7075 6655
f 9582 6865 6921
f 7016 7084 6884
f 6948 6731 7032
f 7171 6981 6835
f 6743 6966 7173
f 6967 7018 6784
f 6785 6761 7061
f 7062 7061 6761
f 6661 6925 7112
f 6789 7021 6793
f 6876 9765 6789
f 6941 7011 6855
f 6855 9792 6941
f 6942 7012 6919
f 7077 6946 6869
f 6869 6842 7077
f 6906 6854 6907
f 9791 6907 6854
f 6854 6870 9791
f 7039 6808 6847
f 7025 7039 6847
f 6871 6872 6934
f 9771 9766 6934
f 6824 7024 6804
f 6913 6890 9984
f 7002 6652 7003
f 6897 6985 6915
f 6897 6751 6986
f 6935 7001 6858
f 7066 6860 6875
f 6900 6876 6877
f 6877 6790 6936
f 6829 6938 7258
f 6939 6863 6878
f 6757 6774 7074
f 7027 6881 6992
f 7028 6992 6881
f 6909 6980 6908
f 6883 6866 6998
f 7084 6923 6884
f 6966 6885 7033
f 6886 7062 6761
f 6786 6911 7063
f 7000 6887 6661
f 6661 7112 7000
f 6787 6969 7086
f 6912 6926 6970
f 6867 7020 9610
f 6789 9765 6950
f 6823 7066 6875
f 6853 6891 6918
f 6996 6918 6891
f 6891 6903 6996
f 6904 6811 6943
f 6811 6797 6943
f 6943 6868 6920
f 6962 6945 6812
f 6892 6964 6778
f 6894 6871 6954
f 6873 6914 9967
f 6927 6895 6928
f 6896 6698 6930
f 6698 7002 6930
f 6951 7003 6652
f 6652 6845 6951
f 7004 6951 6826
f 6972 6985 6897
f 6986 6972 6897
f 6953 6952 6846
f 6846 6874 6953
f 6874 9963 6953
f 7039 6987 6808
f 6933 6975 6809
f 6933 6898 6989
f 6898 6899 6989
f 6955 6954 6871
f 6900 6877 7007
f 6937 7071 6722
f 6828 6829 7008
f 7258 7008 6829
f 7073 6863 7221
f 7161 6958 6864
f 7040 6941 9792
f 6903 6919 6961
f 6942 6811 6904
f 6892 6906 7099
f 6907 7099 6906
f 6932 6893 7047
f 6921 6865 7030
f 6865 6908 6980
f 7044 7032 6731
f 6983 6910 6836
f 6743 7173 7045
f 7035 6912 6970
f 7009 9949 9958
f 7001 7015 6976
f 6976 6858 7001
f 6935 9943 9944
f 6823 6888 6984
f 6857 6896 6930
f 6931 6952 6973
f 6936 7007 6877
f 6790 6901 6990
f 7008 7072 6828
f 6939 7221 6863
f 7095 6832 6794
f 6864 6880 7202
f 7026 7202 6880
f 7040 6993 6941
f 6996 6903 6961
f 6919 7012 6961
f 6907 9791 9780
f 6921 9724 9582
f 7030 6865 6980
f 6883 7014 6909
f 6923 7084 6834
f 7104 7152 7017
f 7297 6675 6760
f 6836 7297 6760
f 6983 6743 7045
f 6785 6967 6784
f 6886 6837 6949
f 7063 7034 6786
f 7019 7063 6911
f 6911 6887 7019
f 9626 7112 6925
f 6925 6968 9626
f 9625 9760 7086
f 9760 6787 7086
f 6716 7065 6969
f 7020 6867 7021
f 6867 6793 7021
f 7037 6890 6913
f 9968 7037 6913
f 7046 6914 6873
f 6873 6927 7046
f 6928 7046 6927
f 6929 6857 7118
f 6857 6930 7118
f 6985 7004 6915
f 6931 6973 6986
f 7005 6973 6952
f 6974 7047 6808
f 6989 6975 6933
f 6899 6894 6989
f 7122 6989 6894
f 6901 6916 6990
f 7071 7048 6917
f 6878 6832 6939
f 7052 6939 6832
f 6957 7222 7050
f 7053 6960 6940
f 9945 7011 7010
f 6993 7011 6941
f 7040 9779 9789
f 7029 7012 6942
f 6904 7029 6942
f 6868 6944 6920
f 6813 6947 7165
f 6963 6995 6905
f 6979 6963 6964
f 7014 6883 6997
f 6816 6982 7171
f 6836 6910 7297
f 6949 7034 6886
f 6789 6950 7022
f 6950 9777 7022
f 6888 6889 6984
f 7024 6889 6804
f 6971 6928 6749
f 7118 6971 6929
f 7025 6809 6975
f 6954 7122 6894
f 6955 7091 6954
f 7001 6935 7057
f 6900 9770 6876
f 7093 6936 6790
f 6790 6990 7093
f 6916 6977 7069
f 7324 6991 7070
f 6938 6830 7049
f 7339 6794 6957
f 6959 6902 7108
f 6945 6962 7041
f 6946 7041 6962
f 6842 6813 7042
f 6711 6905 7078
f 6995 7078 6905
f 6979 6995 6963
f 6964 6892 6979
f 7099 6979 6892
f 7146 7099 6907
f 7033 7173 6966
f 6968 9625 9626
f 7086 7064 9625
f 7066 6823 7036
f 6984 7036 6823
f 6889 7024 7023
f 6890 7024 6824
f 6952 6953 7005
f 7006 7005 6953
f 6974 6808 6987
f 7122 6954 7091
f 6976 7015 6956
f 9944 7057 6935
f 7069 6990 6916
f 6977 6978 7069
f 6978 6720 7200
f 6991 7200 6720
f 7218 7070 7048
f 6740 7178 6937
f 7095 7052 6832
f 7139 7161 6864
f 7026 6757 7096
f 7074 7096 6757
f 7009 9945 7010
f 9788 6996 6961
f 6904 6943 7144
f 7129 7110 6943
f 6943 6920 7129
f 7042 6813 7165
f 6921 7079 9724
f 6980 6909 7126
f 7014 7126 6909
f 7060 6998 6866
f 6866 6922 7060
f 6922 6834 7060
f 7044 6981 7085
f 7033 6885 7018
f 7019 6887 7195
f 6887 7000 7195
f 7021 6789 7115
f 7022 7115 6789
f 7015 7001 7080
f 6914 7037 9968
f 6951 7004 7088
f 7004 6985 7089
f 6986 6973 7120
f 7177 6973 7005
f 7025 6975 7106
f 6989 7122 9578
f 7091 6955 7107
f 7047 7038 6932
f 6975 6989 7106
f 7200 7128 6978
f 7071 6937 7138
f 7028 6959 7051
f 6940 7075 7053
f 7097 9953 7009
f 7009 7010 7098
f 7144 6943 7110
f 7041 6944 6945
f 7077 6842 7042
f 7165 6947 7111
f 6814 7111 6947
f 6814 6994 7111
f 7078 7013 6711
f 7126 7124 6980
f 7102 6997 6998
f 6834 7084 7103
f 7087 7022 9777
f 9777 9768 7087
f 6956 7015 7192
f 9954 9948 7058
f 9770 6900 7127
f 7007 7127 6900
f 6936 7092 7007
f 7217 7069 6978
f 7128 7217 6978
f 6991 7324 7200
f 7027 7074 6774
f 7097 7009 7098
f 7011 6993 7109
f 7029 6904 7144
f 6920 6944 7129
f 7076 7129 6944
f 6946 7077 7183
f 7078 6994 7013
f 7030 6980 7123
f 7152 7130 7016
f 7016 7017 7152
f 7194 7085 6981
f 7269 7171 6982
f 7210 6982 6999
f 6999 6965 7210
f 7020 7021 7176
f 7023 7024 7117
f 7157 7117 7024
f 7024 6890 7157
f 7120 7189 6972
f 6972 6986 7120
f 7005 7006 7121
f 7038 7159 7006
f 7039 7025 7090
f 7305 7090 7025
f 7050 7222 7477
f 7053 7203 6960
f 7223 7140 7075
f 6882 7223 7075
f 7041 7076 6944
f 6994 7078 7145
f 7055 6995 6979
f 6979 7099 7055
f 7079 6921 7123
f 6921 7030 7123
f 9950 7126 7031
f 7192 7043 6956
f 7100 7015 7080
f 7056 7080 7001
f 7057 7056 7001
f 7193 7104 6948
f 7131 7230 6924
f 6924 6675 7131
f 6886 7034 7249
f 7063 7249 7034
f 7035 6970 7133
f 6984 7067 7036
f 6890 7037 7157
f 7068 7037 6914
f 6914 7046 7068
f 7046 6928 7068
f 6971 7118 7136
f 7119 7089 6985
f 6985 6972 7119
f 7189 7119 6972
f 7158 7120 6973
f 6973 7177 7158
f 6987 7039 7090
f 7025 6988 7305
f 7097 7142 9953
f 6993 7040 7162
f 7054 7162 7012
f 7012 7029 7054
f 7183 7041 6946
f 7100 7192 7015
f 7101 7056 7057
f 7149 7058 9948
f 7081 7149 9948
f 7060 7102 6998
f 7170 7060 6834
f 7130 7084 7016
f 7085 7032 7044
f 7154 7020 7114
f 7176 7114 7020
f 7066 7036 7134
f 6889 7023 7156
f 7135 7068 6928
f 6928 6971 7135
f 7234 7003 6951
f 7089 7088 7004
f 7159 7121 7006
f 7025 7106 6988
f 7106 6989 9578
f 7127 7007 7092
f 7069 7094 6990
f 7138 6937 7257
f 7178 7257 6937
f 7072 7008 7179
f 7050 7339 6957
f 6864 7202 7139
f 7027 6992 7309
f 7108 7051 6959
f 7203 6902 6960
f 9729 7223 6882
f 7216 7255 6936
f 7093 7216 6936
f 7094 7093 6990
f 7201 6740 6723
f 6723 7072 7201
f 6794 7339 7095
f 6879 6791 7259
f 6791 6958 7259
f 7202 7026 7096
f 7010 7011 7109
f 7144 7054 7029
f 7057 7058 7101
f 6997 7102 7169
f 6834 7103 7170
f 6675 7297 7131
f 7231 7033 7018
f 7153 7113 7086
f 7086 6969 7153
f 6969 7065 7212
f 7065 7035 7212
f 7133 7212 7035
f 7133 6970 7175
f 7067 6984 7155
f 7117 7156 7023
f 7136 7135 6971
f 7105 6930 7002
f 7002 7003 7105
f 7160 7159 7038
f 7038 7047 7160
f 7047 6974 7160
f 6987 7215 6974
f 7091 7107 7254
f 7092 6936 7255
f 7200 7238 7128
f 7218 7324 7070
f 7218 7048 7239
f 7071 7239 7048
f 7178 6740 7394
f 7201 7394 6740
f 7072 7179 7201
f 7073 7221 7476
f 7221 6939 7241
f 7339 7050 7477
f 7074 7275 7096
f 7261 6992 7028
f 7028 7051 7261
f 7203 7108 6902
f 7180 7203 7053
f 7140 7053 7075
f 7142 7141 9953
f 7109 7098 7010
f 6993 7162 7143
f 7184 7099 7146
f 7079 7123 7181
f 7124 7123 6980
f 7124 7126 7125
f 9782 7043 7265
f 7101 7058 7149
f 7082 7167 7081
f 6997 7169 7059
f 7151 7103 7084
f 7193 6948 7032
f 7173 7172 7045
f 7173 7033 7248
f 7018 6967 7231
f 7064 7086 7113
f 7115 7022 7087
f 7087 9768 7116
f 7067 7134 7036
f 7156 7155 6984
f 6984 6889 7156
f 7068 7197 7037
f 6951 7088 7234
f 7122 7091 7191
f 7069 7217 7290
f 7476 7049 7073
f 6939 7052 7241
f 7309 7074 7027
f 7141 7142 7182
f 7143 7109 6993
f 7054 7163 7162
f 7129 7076 7207
f 7041 7183 7263
f 7184 7055 7099
f 7185 9785 7166
f 7149 7148 7101
f 7167 7149 7081
f 7102 7060 7247
f 7151 7187 7103
f 7152 7104 7268
f 7193 7268 7104
f 7193 7032 7370
f 7085 7370 7032
f 7211 7210 6965
f 6965 6924 7211
f 7230 7211 6924
f 6910 6983 7132
f 6983 7045 7132
f 7045 7172 7132
f 6785 7188 6967
f 6785 7061 7188
f 7000 7112 7279
f 9747 7116 9764
f 9764 7134 9747
f 7136 7251 7135
f 7121 7177 7005
f 7236 7121 7159
f 7199 6987 7090
f 7090 7305 7199
f 7254 7191 7091
f 7340 7259 6958
f 7097 7098 7205
f 7144 7110 7164
f 7246 7183 7077
f 7042 7246 7077
f 7145 7165 7111
f 7111 6994 7145
f 6995 7055 7225
f 7186 7166 9782
f 7265 7186 9782
f 7265 7043 7226
f 7056 7101 7147
f 7083 7059 7168
f 7059 7169 7168
f 6981 7171 7194
f 7061 7062 7188
f 7232 7112 9626
f 6970 7154 7175
f 7176 7299 7114
f 7176 7021 7213
f 7021 7115 7213
f 7087 7213 7115
f 7117 7157 7196
f 7157 7037 7272
f 7197 7272 7037
f 7135 7197 7068
f 7136 7118 7214
f 7119 7088 7089
f 7160 6974 7215
f 7191 7137 7122
f 9723 7079 7181
f 7123 7124 7224
f 7125 7126 9950
f 7092 7323 7127
f 7093 7094 7216
f 7217 7128 7238
f 7222 6879 7422
f 7259 7422 6879
f 7621 7340 6958
f 6958 7161 7621
f 7096 7503 7202
f 7074 7309 7260
f 7261 7309 6992
f 7051 7108 7242
f 7053 7140 7180
f 7245 7054 7144
f 7164 7110 7206
f 7129 7206 7110
f 7225 7078 6995
f 7055 7184 7225
f 7147 7101 7148
f 7150 7167 7082
f 7168 7150 7082
f 7102 7247 7278
f 7229 7247 7060
f 7187 7170 7103
f 7297 7495 7131
f 7248 7033 7231
f 7188 7231 6967
f 7174 7064 7113
f 6969 7212 7153
f 7067 9747 7134
f 7214 7251 7136
f 7118 6930 7214
f 7236 7177 7121
f 6987 7199 7237
f 7254 9772 7289
f 7123 7327 7181
f 7224 7124 7125
f 7472 7216 7094
f 7094 7069 7290
f 7220 7258 6938
f 6938 7049 7220
f 7275 7503 7096
f 7223 7341 7140
f 9960 7125 9950
f 7205 7182 7142
f 7142 7097 7205
f 7098 7109 7243
f 7109 7143 7244
f 7144 7164 7245
f 7076 7041 7347
f 7263 7347 7041
f 7042 7165 7246
f 7208 7100 7080
f 7056 7208 7080
f 7148 7149 7294
f 7102 7278 7169
f 7060 7170 7229
f 7084 7130 7151
f 7173 7352 7172
f 7112 7232 7279
f 7175 7154 7281
f 7155 7156 7328
f 7196 7233 7117
f 6930 7105 7214
f 7252 7234 7088
f 7088 7119 7285
f 7119 7189 7335
f 7160 7236 7159
f 7160 7215 7321
f 7237 7215 6987
f 7092 7255 7362
f 7408 7291 7095
f 7095 7339 7408
f 7108 7203 7325
f 7181 7271 9723
f 7271 7181 7327
f 7224 7327 7123
f 7182 7204 7141
f 7143 7162 7311
f 7163 7311 7162
f 7347 7207 7076
f 7184 7146 7276
f 7192 7226 7043
f 7209 7149 7167
f 7150 7295 7167
f 7495 7230 7131
f 7248 7352 7173
f 7249 7062 6886
f 7249 7063 7354
f 7250 7063 7019
f 7019 7195 7250
f 7195 7000 7371
f 7279 7371 7000
f 7213 7087 9744
f 7155 7328 7067
f 7233 7156 7117
f 7272 7196 7157
f 7329 7105 7003
f 7003 7234 7329
f 7285 7252 7088
f 7189 7120 7287
f 7158 7287 7120
f 7158 7177 7287
f 6988 7106 7190
f 7106 9578 7190
f 9602 7190 9578
f 9578 7137 9602
f 7094 7290 7307
f 7238 7200 7380
f 7179 7008 7240
f 7052 7095 7291
f 7242 7108 7325
f 7180 7292 7203
f 7365 7292 7180
f 7205 7098 7243
f 7245 7163 7054
f 7206 7129 7207
f 7183 7246 7348
f 7264 7145 7078
f 7078 7225 7264
f 7276 7225 7184
f 7208 7192 7100
f 7294 7147 7148
f 7295 7209 7167
f 7295 7150 7227
f 7150 7168 7228
f 7169 7228 7168
f 7266 7169 7278
f 7267 7151 7130
f 7194 7171 7411
f 7171 7269 7411
f 7188 7062 7413
f 7174 7113 7270
f 7356 7212 7133
f 7287 7286 7189
f 7287 7177 7235
f 7236 7235 7177
f 7274 7236 7160
f 7306 7199 7305
f 9602 7137 7322
f 7345 7245 7164
f 7206 7345 7164
f 7263 7183 7348
f 7276 7146 7185
f 7277 7166 7186
f 7150 7228 7227
f 7266 7228 7169
f 7388 7231 7188
f 7250 7354 7063
f 7371 7250 7195
f 7283 7328 7156
f 7156 7233 7283
f 7198 7272 7197
f 7197 7135 7198
f 7135 7251 7198
f 7214 7273 7251
f 7252 7285 7303
f 7335 7285 7119
f 7335 7189 7286
f 7218 7239 7219
f 7008 7258 7240
f 7490 7220 7049
f 7242 7261 7051
f 9959 7224 7125
f 7204 7182 7310
f 7243 7109 7366
f 7109 7244 7366
f 7185 7166 7277
f 7208 7056 7147
f 7149 7209 7333
f 7130 7152 7268
f 7387 7132 7172
f 7352 7387 7172
f 7133 7175 7280
f 7196 7300 7233
f 7302 7273 7214
f 7214 7105 7302
f 7237 7288 7215
f 7378 7237 7199
f 7199 7306 7378
f 7253 7322 7137
f 7137 7191 7253
f 7254 7253 7191
f 7362 7323 7092
f 7255 7216 7256
f 7308 7290 7217
f 7238 7308 7217
f 7364 7238 7380
f 7239 7071 7474
f 7138 7474 7071
f 7337 7476 7221
f 7221 7241 7337
f 7291 7241 7052
f 7140 7365 7180
f 7223 9722 7341
f 7182 7205 7395
f 7243 7262 7205
f 7311 7244 7143
f 7344 7311 7163
f 7246 7165 7368
f 7145 7264 7331
f 7192 7208 7385
f 7315 7247 7229
f 7229 7170 7315
f 7267 7187 7151
f 7268 7267 7130
f 7463 7085 7194
f 7355 7279 7232
f 7280 7356 7133
f 7281 7280 7175
f 7400 7317 7213
f 9744 7400 7213
f 7067 7328 7416
f 7300 7484 7233
f 7196 7272 7320
f 7198 7251 7301
f 7252 7329 7234
f 7274 7235 7236
f 6988 7190 7360
f 7253 7254 7336
f 7307 7472 7094
f 7308 7238 7435
f 7364 7435 7238
f 7219 7239 7474
f 7477 7222 7422
f 7341 7365 7140
f 7395 7310 7182
f 7395 7205 7262
f 7293 7344 7163
f 7163 7245 7293
f 7206 7207 7424
f 7276 7264 7225
f 7277 7276 7185
f 7186 7265 7332
f 7208 7147 7313
f 7333 7294 7149
f 7278 7247 7314
f 7396 7314 7247
f 7396 7247 7315
f 7170 7316 7315
f 7268 7193 7462
f 7386 7269 6982
f 6982 7210 7386
f 7334 7386 7210
f 7210 7211 7334
f 7353 7413 7062
f 7270 7113 7483
f 7299 7176 7317
f 7176 7213 7317
f 7282 7318 9747
f 9747 7067 7282
f 7416 7282 7067
f 7272 7198 7357
f 7251 7273 7301
f 7284 7329 7252
f 7303 7284 7252
f 7287 7235 7376
f 7274 7160 7321
f 7304 7321 7215
f 7487 7305 6988
f 7289 7336 7254
f 7256 7362 7255
f 7472 7256 7216
f 7453 7200 7420
f 7324 7420 7200
f 7324 7218 7330
f 7260 7275 7074
f 7424 7345 7206
f 7346 7424 7207
f 7207 7347 7346
f 7348 7347 7263
f 7349 7368 7165
f 7165 7145 7349
f 7331 7349 7145
f 7265 7226 7332
f 7385 7312 7226
f 7226 7192 7385
f 7227 7460 7295
f 7428 7187 7267
f 7462 7410 7268
f 7411 7463 7194
f 7211 7230 7334
f 7298 7397 6910
f 7132 7298 6910
f 7532 7387 7352
f 7062 7249 7353
f 7373 7153 7212
f 7212 7356 7373
f 7224 9959 7342
f 7283 7233 7484
f 7320 7300 7196
f 7302 7301 7273
f 7329 7302 7105
f 7288 7304 7215
f 7237 7378 7377
f 7487 7306 7305
f 7360 7487 6988
f 7380 7200 7453
f 7219 7330 7218
f 7474 7138 7525
f 7257 7525 7138
f 7475 7201 7179
f 7179 7240 7475
f 7476 7490 7049
f 7622 7139 7202
f 7202 7503 7622
f 7366 7262 7243
f 7383 7293 7245
f 7345 7383 7245
f 7384 7348 7246
f 7368 7384 7246
f 7542 7333 7209
f 7227 7228 7296
f 7228 7266 7296
f 7314 7266 7278
f 7398 7248 7231
f 7388 7398 7231
f 7465 7353 7249
f 7113 7153 7414
f 7373 7446 7153
f 7317 7399 7299
f 7320 7272 7468
f 7303 7285 7335
f 7286 7287 7376
f 7235 7274 7359
f 7304 7288 7402
f 7190 9603 7360
f 7289 7323 7336
f 7290 7308 7363
f 7257 7178 7551
f 7394 7551 7178
f 7240 7258 7501
f 7220 7501 7258
f 7635 7621 7161
f 7161 7139 7635
f 7327 7224 7342
f 7310 7395 7440
f 7366 7244 7367
f 7369 7331 7264
f 7264 7276 7369
f 7332 7277 7186
f 7208 7313 7385
f 7313 7147 7426
f 7294 7333 9609
f 7460 7209 7295
f 7444 7296 7266
f 7266 7314 7444
f 7481 7316 7170
f 7187 7481 7170
f 7267 7268 7410
f 7370 7085 7482
f 6910 7495 7297
f 7328 7283 7319
f 7301 7302 7392
f 7237 7377 7288
f 7336 7323 7379
f 7434 7472 7307
f 7338 7337 7241
f 7241 7291 7338
f 7552 7309 7261
f 7242 7552 7261
f 7203 7292 7608
f 7343 9951 7204
f 7204 7310 7343
f 7382 7343 7310
f 7311 7367 7244
f 7460 7227 7351
f 7412 7352 7248
f 7413 7388 7188
f 7413 7353 7496
f 7249 7354 7465
f 7371 7279 7389
f 7355 7389 7279
f 7483 7372 7270
f 7153 7446 7414
f 7429 7356 7280
f 7282 7431 7318
f 7416 7328 7515
f 7357 7468 7272
f 7393 7392 7302
f 7376 7335 7286
f 7362 7379 7323
f 7472 7407 7256
f 7363 7307 7290
f 7330 7420 7324
f 7475 7394 7201
f 7325 7203 7437
f 7439 7438 7365
f 7365 7341 7439
f 7478 7326 7271
f 7271 7327 7409
f 7327 7342 7409
f 7328 7319 7515
f 7302 7329 7393
f 7329 7284 7375
f 7376 7432 7335
f 7359 7376 7235
f 7377 7402 7288
f 7404 9603 7322
f 7322 7253 7404
f 7253 7336 7361
f 7407 7362 7256
f 7307 7363 7434
f 7476 7337 7454
f 7291 7408 7421
f 7552 7260 7309
f 7478 9728 7326
f 7409 7478 7271
f 9951 7343 7381
f 7311 7344 7455
f 7350 7369 7276
f 7276 7277 7350
f 7277 7332 7350
f 7332 7226 7312
f 7147 7294 7426
f 7542 9609 7333
f 7398 7412 7248
f 7250 7535 7354
f 7399 7430 7281
f 7431 7282 9748
f 7320 7468 7374
f 7468 7357 7390
f 7357 7198 7391
f 7301 7391 7198
f 7301 7392 7358
f 7375 7393 7329
f 7284 7303 7449
f 7303 7335 7401
f 7335 7432 7401
f 7274 7321 7486
f 7419 7486 7321
f 7321 7304 7419
f 7402 7377 7606
f 7361 7404 7253
f 7361 7336 7379
f 7525 7257 7500
f 7551 7500 7257
f 7526 7475 7240
f 7608 7437 7203
f 7455 7367 7311
f 7425 7346 7347
f 7347 7348 7425
f 7384 7479 7348
f 7458 7350 7332
f 7209 7460 7459
f 7427 7444 7314
f 7314 7396 7427
f 7428 7481 7187
f 7577 7462 7193
f 7193 7370 7577
f 7352 7412 7532
f 7414 7483 7113
f 7430 7467 7281
f 7484 7319 7283
f 7300 7320 7374
f 7391 7390 7357
f 7449 7375 7284
f 7401 7449 7303
f 7274 7486 7359
f 7487 7360 7433
f 7360 9603 7433
f 7379 7406 7361
f 7362 7406 7379
f 7491 7552 7242
f 7538 7242 7325
f 7438 7292 7365
f 7409 7342 7554
f 7395 7262 7440
f 7262 7366 7440
f 7293 7571 7344
f 7441 7571 7293
f 7293 7383 7441
f 7479 7425 7348
f 7349 7331 7457
f 7331 7369 7457
f 7542 7209 7459
f 7315 7316 7494
f 7410 7461 7267
f 7482 7577 7370
f 7463 7482 7085
f 7495 6910 7397
f 7467 7429 7280
f 7280 7281 7467
f 9748 7282 7447
f 7416 7447 7282
f 7391 7301 7358
f 7448 7393 7375
f 9603 7404 7403
f 7551 7394 7436
f 7421 7338 7291
f 7341 9726 7439
f 9725 7439 9726
f 7381 7343 9570
f 7343 7382 9570
f 7440 7382 7310
f 7383 7345 7456
f 7424 7456 7345
f 7368 7349 7493
f 7350 7457 7369
f 7413 7398 7388
f 7465 7496 7353
f 7250 7371 7535
f 7372 7466 7355
f 7429 7373 7356
f 7417 7515 7319
f 7319 7484 7417
f 7468 7390 7485
f 7393 7358 7392
f 7450 7432 7376
f 7376 7359 7450
f 7359 7418 7546
f 7359 7486 7418
f 7402 7419 7304
f 7565 7378 7306
f 9603 7403 7433
f 7406 7405 7361
f 7406 7362 7452
f 7407 7452 7362
f 7435 7364 7550
f 7330 7219 7489
f 7474 7489 7219
f 7342 7492 7554
f 7455 7440 7366
f 7367 7455 7366
f 7571 7423 7344
f 7456 7424 7541
f 7457 7493 7349
f 7385 7313 7442
f 7427 7396 7445
f 7396 7315 7445
f 7386 7334 7464
f 7230 7543 7334
f 7132 7387 7531
f 7535 7465 7354
f 7355 7579 7389
f 7497 7414 7446
f 7467 7430 7537
f 7430 7399 7563
f 7317 7400 7415
f 7400 9752 7415
f 7515 7545 7416
f 7516 7484 7300
f 7300 7374 7516
f 7469 7485 7390
f 7390 7391 7469
f 7449 7448 7375
f 7432 7450 7471
f 7377 7378 7498
f 7565 7498 7378
f 7405 7404 7361
f 7405 7406 7451
f 7473 7363 7308
f 7435 7473 7308
f 7502 7421 7408
f 7408 7339 7502
f 7339 7477 7648
f 7538 7491 7242
f 7382 7440 7505
f 7441 7383 7456
f 7384 7368 7493
f 7507 7458 7332
f 7332 7312 7507
f 7312 7385 7480
f 7313 7426 7443
f 7509 7351 7296
f 7296 7444 7509
f 7462 7461 7410
f 7512 7411 7269
f 7269 7386 7512
f 7543 7464 7334
f 7298 7132 7641
f 7531 7641 7132
f 7532 7531 7387
f 7372 7483 7466
f 7536 7466 7483
f 7483 7414 7497
f 7317 7563 7399
f 7545 7447 7416
f 7519 7358 7393
f 7647 7306 7487
f 7433 7403 7566
f 7473 7434 7363
f 7420 7330 7489
f 7648 7502 7339
f 7259 7583 7422
f 7503 7275 7504
f 7275 7260 7567
f 7608 7292 7636
f 7346 7541 7424
f 7457 7350 7573
f 7350 7458 7558
f 7442 7480 7385
f 7443 7442 7313
f 7528 9609 7529
f 9609 7542 7529
f 7315 7494 7445
f 7316 7481 7494
f 7428 7267 7510
f 7511 7510 7267
f 7267 7461 7511
f 7495 7543 7230
f 7398 7533 7412
f 7371 7389 7514
f 7355 7466 7579
f 7563 7537 7430
f 7358 7469 7391
f 7393 7448 7519
f 7470 7449 7401
f 7547 7402 7606
f 7647 7565 7306
f 7404 7405 7488
f 7451 7488 7405
f 7451 7406 7452
f 7473 9592 7434
f 7727 7394 7475
f 7337 7338 7774
f 7597 7635 7139
f 7139 7622 7597
f 7325 7437 7538
f 7438 7439 7568
f 9728 7478 7539
f 9570 7555 7381
f 7609 9570 7382
f 7540 7440 7455
f 7455 7344 7423
f 7493 7479 7384
f 7480 7507 7312
f 7351 7508 7460
f 7444 7427 7509
f 7481 7428 7494
f 7482 7463 7613
f 7535 7371 7513
f 7514 7513 7371
f 7389 7579 7514
f 7616 7497 7446
f 7446 7373 7616
f 7415 7563 7317
f 7520 7516 7374
f 7374 7468 7520
f 7485 7469 7518
f 7448 7449 7470
f 7401 7432 7470
f 7471 7470 7432
f 7546 7450 7359
f 7486 7546 7418
f 7407 7524 7452
f 7499 7434 9592
f 7380 7453 7620
f 7501 7526 7240
f 7490 7476 7634
f 7552 7567 7260
f 7505 7609 7382
f 7541 7586 7456
f 7541 7346 7527
f 7346 7425 7527
f 7425 7479 7527
f 7507 7558 7458
f 7459 7460 7508
f 7600 7445 7494
f 7461 7462 7576
f 7462 7577 7576
f 7639 7386 7464
f 7397 7626 7495
f 7533 7532 7412
f 7534 7398 7413
f 7413 7560 7534
f 7615 7496 7465
f 7561 7579 7466
f 7536 7580 7466
f 7429 7467 7660
f 9743 7563 7415
f 7517 7520 7468
f 7485 7517 7468
f 7519 7448 7521
f 7448 7470 7521
f 7471 7593 7470
f 7471 7450 7522
f 7498 7606 7377
f 7566 7487 7433
f 7581 7403 7404
f 7488 7581 7404
f 7407 7472 7524
f 7472 7434 7524
f 7499 7524 7434
f 7620 7364 7380
f 7740 7436 7394
f 7394 7727 7740
f 7706 7501 7220
f 7490 7706 7220
f 7774 7454 7337
f 7568 7636 7292
f 7292 7438 7568
f 7570 7539 7478
f 7478 7409 7570
f 7556 7505 7440
f 7440 7540 7556
f 7423 7540 7455
f 7506 7527 7479
f 7479 7493 7506
f 7442 7443 7681
f 7589 7508 7351
f 7509 7427 7599
f 7427 7445 7638
f 7669 7600 7494
f 7510 7494 7428
f 7613 7577 7482
f 7639 7512 7386
f 7640 7639 7464
f 7495 7625 7543
f 7397 7298 7626
f 7513 7602 7535
f 7616 7373 7698
f 7373 7429 7698
f 7545 7515 7594
f 7515 7417 7591
f 7417 7484 7617
f 7484 7516 7617
f 7592 7517 7485
f 7592 7485 7518
f 7469 7358 7564
f 7546 7522 7450
f 7546 7486 7523
f 7673 7473 7435
f 7550 7673 7435
f 7453 7420 7633
f 7489 7633 7420
f 7489 7474 7819
f 7774 7687 7454
f 7477 7422 7583
f 7583 7259 7666
f 7259 7340 7666
f 7568 7439 7569
f 7555 9570 7585
f 7441 7456 7586
f 7598 7506 7493
f 7572 7598 7493
f 7493 7457 7572
f 7573 7572 7457
f 7759 7480 7442
f 7530 7542 7459
f 7509 7589 7351
f 7599 7624 7509
f 7638 7599 7427
f 7511 7461 7576
f 7626 7625 7495
f 7580 7561 7466
f 7497 7536 7483
f 7522 7618 7471
f 7566 7403 7549
f 7403 7581 7549
f 7550 7364 7632
f 7525 7819 7474
f 7475 7526 7727
f 7741 7634 7476
f 7476 7454 7741
f 7338 7421 7607
f 7340 7621 7666
f 9725 7569 7439
f 7539 7553 9728
f 7554 7584 7409
f 7652 7540 7423
f 7557 7573 7350
f 7350 7558 7557
f 7528 7681 7443
f 7508 7530 7459
f 7624 7589 7509
f 7613 7463 7614
f 7559 7614 7463
f 7463 7411 7559
f 7411 7512 7559
f 7641 7531 7578
f 7534 7533 7398
f 7537 7660 7467
f 7604 7537 7563
f 9748 7447 7735
f 7515 7591 7594
f 7358 7519 7564
f 7735 7447 7544
f 7545 7544 7447
f 7595 7564 7519
f 7519 7521 7595
f 7546 7523 7646
f 7486 7419 7703
f 7547 7419 7402
f 7547 7606 7671
f 7452 7524 7631
f 7473 7673 7619
f 7454 7687 7741
f 7583 7648 7477
f 7504 7275 7567
f 7552 7491 7675
f 7528 7529 7575
f 7542 7575 7529
f 7532 7578 7531
f 7413 7496 7560
f 7536 7497 7603
f 7617 7591 7417
f 7564 7518 7469
f 7593 7702 7521
f 7593 7471 7618
f 7487 7566 7548
f 7620 7664 7364
f 7633 7620 7453
f 7665 7727 7526
f 7706 7526 7501
f 7421 7502 7607
f 7491 7538 7709
f 7691 7538 7437
f 7437 7608 7691
f 7650 7555 7585
f 7651 7585 9570
f 7441 7586 7653
f 7654 7586 7541
f 7541 7527 7654
f 7587 7612 7527
f 7527 7506 7587
f 7574 7558 7507
f 7507 7480 7574
f 7480 7759 7680
f 7530 7575 7542
f 7638 7445 7600
f 7576 7577 7590
f 7464 7543 7640
f 7626 7298 7753
f 7641 7753 7298
f 7615 7560 7496
f 7603 7580 7536
f 7702 7595 7521
f 7522 7546 7646
f 7486 7703 7523
f 7628 7703 7419
f 7419 7547 7628
f 7548 7647 7487
f 7499 7631 7524
f 7632 7364 7664
f 7633 7489 7818
f 7489 7819 7818
f 7500 7551 7674
f 7436 7674 7551
f 7538 7691 7676
f 7649 7569 9725
f 7554 7677 7584
f 7650 7677 7555
f 7556 7540 7610
f 7571 7611 7423
f 7441 7678 7571
f 7527 7612 7654
f 7598 7587 7506
f 7530 7508 7731
f 7508 7589 7658
f 7600 7669 7761
f 7715 7578 7532
f 7465 7535 7601
f 7602 7601 7535
f 7660 7537 7562
f 7544 7545 7627
f 7594 7627 7545
f 7564 7595 7644
f 7723 7498 7565
f 7566 7549 7548
f 7663 7488 7451
f 7451 7452 7663
f 7631 7663 7452
f 7704 7819 7525
f 7525 7500 7704
f 7674 7704 7500
f 7490 7582 7706
f 7338 7793 7774
f 7338 7607 7793
f 7688 7502 7648
f 7504 7622 7503
f 7552 7675 7567
f 7609 7651 9570
f 7540 7652 7610
f 7572 7573 7679
f 7573 7557 7679
f 7695 7557 7558
f 7748 7558 7574
f 7680 7574 7480
f 7759 7442 7656
f 7696 7658 7589
f 7494 7510 7750
f 7577 7613 7733
f 7465 7601 7615
f 7579 7561 7717
f 7547 7671 7628
f 7671 7606 7763
f 7606 7498 7763
f 7549 7581 7629
f 7666 7689 7583
f 7743 7691 7608
f 7569 7649 7710
f 7623 7553 7539
f 7539 7570 7623
f 7678 7611 7571
f 7678 7441 7653
f 7587 7598 7612
f 7748 7695 7558
f 7637 7588 7575
f 7575 7530 7637
f 7799 7511 7576
f 7590 7577 7733
f 7514 7579 7814
f 7579 7717 7845
f 7580 7717 7561
f 7683 7594 7591
f 7592 7518 7643
f 7596 7702 7593
f 7683 7627 7594
f 7516 7520 7701
f 7564 7644 7643
f 7702 7644 7595
f 7548 7549 7629
f 7581 7488 7630
f 7663 7630 7488
f 7582 7490 7707
f 7634 7707 7490
f 7607 7502 7688
f 7767 7570 7409
f 7584 7767 7409
f 7505 7556 7758
f 7610 7758 7556
f 7744 7610 7652
f 7611 7652 7423
f 7746 7612 7598
f 7598 7572 7746
f 7624 7599 7697
f 7750 7669 7494
f 7590 7799 7576
f 7640 7543 7682
f 7785 7682 7543
f 7532 7533 7715
f 7659 7560 7615
f 7845 7814 7579
f 7698 7718 7616
f 7618 7522 7645
f 7646 7645 7522
f 7763 7498 7723
f 7565 7647 7723
f 7647 7548 7755
f 7739 7499 9592
f 9592 7619 7739
f 7636 7743 7608
f 7668 7636 7568
f 9569 7651 7609
f 7609 7505 9569
f 7586 7654 7653
f 7442 7681 7656
f 7624 7696 7589
f 7559 7512 7857
f 7625 7785 7543
f 7578 7715 7822
f 7560 7659 7716
f 7513 7514 7814
f 7717 7580 7786
f 7603 7786 7580
f 7762 7698 7429
f 7591 7617 7683
f 7661 7701 7520
f 7662 7661 7520
f 7520 7517 7662
f 7517 7592 7662
f 7643 7662 7592
f 7518 7564 7643
f 7605 7618 7645
f 7581 7630 9618
f 7673 7550 7726
f 7632 7726 7550
f 7688 7648 7742
f 7709 7675 7491
f 7709 7538 7676
f 9606 7649 9725
f 7767 7623 7570
f 7692 7650 7585
f 7585 7651 7692
f 7655 7746 7572
f 7679 7655 7572
f 7681 7588 7657
f 7530 7731 7713
f 7731 7508 7784
f 7658 7784 7508
f 7697 7696 7624
f 7761 7638 7600
f 7714 7510 7511
f 7642 7602 7513
f 7660 7762 7429
f 7537 7604 7562
f 7699 7562 7604
f 7604 9750 7699
f 7702 7596 7605
f 7646 7523 7738
f 7703 7738 7523
f 7724 7755 7548
f 7548 7629 7724
f 7705 7665 7526
f 7526 7706 7705
f 7634 7741 7792
f 7689 7648 7583
f 7667 7621 7635
f 7635 7597 7667
f 7569 7668 7568
f 7553 7623 7711
f 7612 7746 7693
f 7679 7557 7694
f 7588 7637 7730
f 7713 7730 7637
f 7637 7530 7713
f 7714 7511 7799
f 7752 7639 7640
f 7682 7752 7640
f 7682 7785 7871
f 7626 7913 7625
f 7641 7578 7753
f 7534 7560 7716
f 7615 7601 7659
f 7642 7513 7814
f 7720 7735 7544
f 7544 7627 7720
f 7837 7684 7617
f 7617 7516 7837
f 7701 7837 7516
f 7645 7646 7827
f 7738 7827 7646
f 7670 7738 7703
f 7628 7671 7722
f 7755 7723 7647
f 7663 7631 7672
f 7725 7739 7619
f 7619 7673 7725
f 7620 7633 7904
f 7792 7707 7634
f 7906 7622 7504
f 7649 9606 7778
f 7830 7711 7623
f 7767 7830 7623
f 7745 7653 7654
f 7654 7612 7745
f 7693 7745 7612
f 7557 7695 7694
f 7574 7680 7749
f 7730 7657 7588
f 7658 7696 7844
f 7761 7760 7638
f 7714 7750 7510
f 7733 7613 7614
f 7559 7857 7614
f 7533 7534 7715
f 7601 7602 7659
f 7627 7683 7700
f 7721 7661 7662
f 7643 7644 7736
f 7644 7702 7737
f 7722 7703 7628
f 7685 9618 7630
f 7663 7686 7630
f 7818 7904 7633
f 7741 7687 7708
f 7766 7504 7567
f 7690 7766 7567
f 7776 7743 7636
f 7636 7668 7776
f 7584 7728 7767
f 7779 7712 7650
f 7759 7656 7821
f 7760 7697 7599
f 7599 7638 7760
f 7822 7753 7578
f 7642 7659 7602
f 7786 7603 7787
f 7603 7497 7754
f 7718 7754 7497
f 7497 7616 7718
f 7660 7562 7834
f 7562 7699 7719
f 9745 7699 9750
f 7684 7700 7683
f 7643 7721 7662
f 7671 7763 7862
f 9618 7685 7764
f 7686 7685 7630
f 7672 7686 7663
f 7739 7672 7631
f 7631 7499 7739
f 7688 7742 7943
f 7765 7666 7621
f 7621 7667 7765
f 7675 7690 7567
f 7584 7677 7728
f 7712 7728 7677
f 7779 7650 7692
f 7692 7651 9569
f 7678 7820 7611
f 7678 7653 7768
f 7655 7679 7747
f 7679 7694 7747
f 7574 7749 7748
f 7783 7656 7681
f 7657 7783 7681
f 7752 7857 7512
f 7512 7639 7752
f 7626 7753 7913
f 7858 7913 7753
f 7716 7813 7534
f 7700 7720 7627
f 7683 7617 7684
f 7788 7701 7661
f 7605 7645 7790
f 7771 7670 7703
f 7671 7862 7722
f 7708 7687 7829
f 7689 7742 7648
f 7757 7676 7691
f 7691 7743 7757
f 7710 7668 7569
f 7778 7710 7649
f 7711 7778 9606
f 7744 7797 7610
f 7611 7744 7652
f 7820 7678 7768
f 7866 7809 7653
f 7745 7866 7653
f 7769 7746 7655
f 7781 7747 7694
f 7729 7781 7694
f 7694 7695 7729
f 7695 7748 7729
f 7732 7761 7669
f 7736 7721 7643
f 7737 7736 7644
f 7702 7605 7737
f 7827 7790 7645
f 7703 7722 7771
f 7801 7722 7862
f 7763 7723 7918
f 7793 7607 7756
f 7607 7688 7756
f 7689 7666 7765
f 7794 7675 7709
f 7832 7748 7749
f 7782 7749 7680
f 7680 7759 7782
f 7844 7784 7658
f 7669 7750 7732
f 7751 7750 7714
f 7799 7751 7714
f 7799 7590 7812
f 7857 7733 7614
f 7682 7871 7752
f 7625 7913 7928
f 7800 7915 7715
f 7715 7534 7800
f 7734 7813 7716
f 7716 7659 7734
f 7754 7787 7603
f 7872 7719 7699
f 7699 9745 7872
f 7825 7735 7720
f 7700 7684 7770
f 7661 7721 7898
f 7905 7740 7727
f 7774 7829 7687
f 7906 7597 7622
f 7766 7906 7504
f 7775 7794 7709
f 7709 7676 7775
f 7797 7796 7610
f 7809 7768 7653
f 7693 7746 7769
f 7747 7769 7655
f 7735 7825 7816
f 7720 7700 7825
f 7898 7789 7661
f 7790 7737 7605
f 7790 7827 7817
f 7738 7670 7828
f 7723 7802 7918
f 7723 7755 7802
f 7839 7802 7755
f 7674 7436 7942
f 7436 7740 7942
f 7792 7741 7708
f 7676 7757 7795
f 7711 7830 7842
f 7729 7748 7832
f 7749 7782 7832
f 7730 7783 7657
f 7811 7844 7696
f 7590 7733 7812
f 7823 7734 7659
f 7659 7642 7823
f 7786 7787 7988
f 7736 7898 7721
f 7883 7764 7685
f 7726 7632 7873
f 7664 7873 7632
f 7664 7620 7805
f 7904 7805 7620
f 7665 7905 7727
f 7705 7706 7791
f 7806 7791 7706
f 7706 7582 7806
f 7707 7806 7582
f 7766 7690 7969
f 7795 7775 7676
f 7777 7668 7710
f 7710 7778 7777
f 7728 7712 7808
f 7779 7808 7712
f 7745 7693 7850
f 7769 7780 7693
f 7869 7782 7759
f 7821 7869 7759
f 7783 7730 7810
f 7730 7713 7810
f 7876 7713 7731
f 7784 7876 7731
f 7856 7761 7732
f 7733 7857 7926
f 7915 7822 7715
f 7813 7800 7534
f 7845 7717 7824
f 7834 7762 7660
f 7834 7562 7719
f 7825 7700 7916
f 7700 7770 7916
f 7789 7788 7661
f 7738 7828 7827
f 7900 7862 7763
f 7918 7900 7763
f 7685 7686 9585
f 7772 9585 7686
f 7804 7772 7672
f 7672 7739 7804
f 7739 7725 7804
f 7704 7674 7848
f 7942 7848 7674
f 7665 7705 7773
f 7791 7773 7705
f 7943 7968 7688
f 7690 7675 7969
f 7864 7830 7767
f 7956 7779 7692
f 7831 7956 7692
f 7692 9569 7831
f 7758 7610 7874
f 7798 7797 7744
f 7744 7611 7798
f 7611 7820 7798
f 7780 7850 7693
f 7888 7769 7747
f 7832 7781 7729
f 7876 7810 7713
f 7760 7854 7697
f 7878 7812 7733
f 7733 7926 7878
f 7785 7625 7928
f 7786 7824 7717
f 7787 7754 7815
f 7754 7718 7815
f 7718 7698 7815
f 7837 7846 7684
f 7839 7755 7724
f 7903 7725 7673
f 7726 7903 7673
f 7840 7819 7704
f 7793 7829 7774
f 7793 7756 7884
f 7841 7743 7776
f 7711 7842 7863
f 7767 7728 7808
f 7874 9569 7758
f 7850 7866 7745
f 7843 7780 7769
f 7891 7821 7656
f 7656 7783 7851
f 7854 7811 7696
f 7696 7697 7854
f 7854 7760 7855
f 7760 7761 7856
f 7642 7814 7823
f 7824 7786 7988
f 7815 7833 7787
f 7846 7770 7684
f 7898 7736 7826
f 7736 7737 7826
f 7801 7771 7722
f 7804 7803 7772
f 7829 7793 7807
f 7884 7807 7793
f 7756 7688 7968
f 7969 7906 7766
f 7775 7795 7954
f 7795 7757 7954
f 7743 7841 7757
f 7874 7831 9569
f 7796 7874 7610
f 7798 7820 7887
f 7889 7888 7747
f 7889 7747 7781
f 7750 7751 7732
f 7734 7879 7813
f 7988 7787 7833
f 7815 7698 7979
f 7698 7762 7979
f 7762 7834 7979
f 7898 7880 7789
f 7817 7838 7737
f 7724 7764 7963
f 7883 7963 7764
f 7903 7726 7873
f 7689 7991 7742
f 7797 7798 7965
f 7888 7843 7769
f 7891 7656 7851
f 7876 7784 7853
f 7760 7856 7855
f 7799 7893 7751
f 7799 7812 7893
f 7857 7752 7927
f 7871 7894 7752
f 7753 7822 7858
f 7996 7800 7813
f 7734 7823 7859
f 7929 7835 7834
f 7834 7719 7929
f 7933 7788 7789
f 7827 7939 7817
f 7847 7939 7827
f 7827 7828 7847
f 7801 7862 7899
f 7935 7904 7818
f 7818 7819 7935
f 7819 7840 7935
f 7848 7840 7704
f 7708 7921 7792
f 7991 7943 7742
f 7922 7906 7969
f 7675 7794 7969
f 7907 7777 7778
f 7863 7907 7778
f 7863 7842 7886
f 7808 7864 7767
f 7796 7797 7924
f 7965 7798 7887
f 7843 7867 7780
f 7781 7832 7868
f 7875 7890 7821
f 7821 7891 7875
f 7876 7870 7810
f 7928 7871 7785
f 7996 7915 7800
f 7813 7879 7996
f 7896 7895 7823
f 7814 7896 7823
f 7701 7788 7897
f 7789 7880 7933
f 7737 7838 7881
f 7940 7771 7801
f 7803 9585 7772
f 7805 7904 7985
f 7936 7942 7740
f 7740 7905 7936
f 7707 7792 7921
f 7849 7841 7776
f 7776 7668 7849
f 7668 7777 7849
f 7908 7830 7864
f 7971 7956 7831
f 7820 7768 7947
f 7809 7866 7865
f 7867 7850 7780
f 7832 7782 7925
f 7783 7810 7852
f 7870 7852 7810
f 7853 7784 7877
f 7784 7844 7877
f 7859 7879 7734
f 7845 7896 7814
f 7988 7860 7824
f 7835 7979 7834
f 7719 7872 7929
f 7836 7816 7861
f 7816 7825 7930
f 7770 7931 7916
f 7837 7701 8015
f 7897 8015 7701
f 7881 7826 7737
f 7838 7817 7939
f 7801 7899 7940
f 7963 7839 7724
f 7803 7804 7902
f 7804 7725 7902
f 7903 7902 7725
f 7873 7664 7920
f 7805 7920 7664
f 7791 7806 8043
f 7806 7707 7921
f 7765 7991 7689
f 7965 7924 7797
f 7768 7809 7947
f 7972 7865 7866
f 7869 7821 7890
f 7877 7844 7912
f 7844 7811 7912
f 7894 7927 7752
f 7915 7858 7822
f 7895 7859 7823
f 7846 7931 7770
f 7847 7828 7934
f 7828 7670 7917
f 9585 7901 7685
f 7849 7777 7993
f 7907 7993 7777
f 7874 7971 7831
f 7865 7947 7809
f 7925 7868 7832
f 7869 7925 7782
f 7851 7783 7949
f 7870 7876 7975
f 7877 7911 7853
f 7912 7811 7959
f 7854 7959 7811
f 7960 7855 7856
f 7892 7856 7732
f 7732 7751 7892
f 7927 7926 7857
f 7928 8013 7871
f 7913 7858 7978
f 7914 7978 7858
f 7915 7914 7858
f 7845 7824 7896
f 7966 7930 7825
f 7825 7916 7966
f 7846 7837 8015
f 7933 7897 7788
f 7917 7934 7828
f 7917 7670 7999
f 7670 7771 7999
f 7901 9585 8042
f 7902 8019 7803
f 7773 7905 7665
f 7921 8043 7806
f 7885 7969 7794
f 7794 7775 7885
f 7886 7907 7863
f 7908 7842 7830
f 7946 7808 7779
f 7867 7843 7948
f 7889 7781 7958
f 7781 7868 7958
f 7852 7949 7783
f 7824 7860 7896
f 7979 7835 7952
f 7989 7929 7872
f 7872 7836 7989
f 7836 7861 7989
f 7932 7931 7846
f 7881 7982 7826
f 7862 7900 7899
f 7882 7918 7802
f 7802 7839 7882
f 7963 7882 7839
f 7685 7901 7883
f 7923 7954 7757
f 7757 7841 7923
f 7907 7886 7945
f 7864 7808 7909
f 7947 7887 7820
f 7910 7925 7869
f 7890 7875 8011
f 8083 7891 7851
f 7949 8083 7851
f 7975 7876 7950
f 7853 7950 7876
f 7912 7911 7877
f 7959 7854 7951
f 7854 7855 7951
f 7833 7815 7937
f 7982 7898 7826
f 7939 7881 7838
f 7985 8061 7805
f 7991 8003 7943
f 7796 7964 7874
f 7866 7850 7972
f 7867 7948 7957
f 7843 7888 7948
f 7888 7889 7958
f 7869 7890 7910
f 7893 7812 8023
f 7878 8006 7812
f 7894 7871 8051
f 7961 7937 7815
f 7815 7979 7961
f 7835 7929 7938
f 7816 7930 7990
f 7982 7880 7898
f 7934 7939 7847
f 7934 7917 7983
f 7771 7940 7999
f 7899 7900 8008
f 7901 7963 7883
f 8019 7919 7803
f 7920 7805 8061
f 7985 7904 8091
f 7935 8091 7904
f 7773 7791 8078
f 8043 8078 7791
f 8045 7667 7597
f 7597 7906 8045
f 7944 8045 7906
f 7906 7922 7944
f 7841 7849 7923
f 7993 7907 7945
f 7886 7842 7955
f 7842 7908 7955
f 7909 7908 7864
f 7956 7946 7779
f 7867 7972 7850
f 7949 7852 8049
f 7870 8049 7852
f 7911 7950 7853
f 7960 7951 7855
f 7892 7960 7856
f 7893 7892 7751
f 8006 8023 7812
f 7977 7927 7894
f 8051 7977 7894
f 7978 7928 7913
f 7861 7816 7990
f 7953 7933 7880
f 7941 7900 7918
f 7903 7873 7984
f 8046 7944 7922
f 7885 7775 7992
f 8033 7923 7849
f 7946 7909 7808
f 7964 7971 7874
f 7965 8005 7924
f 8048 7958 7868
f 7910 7890 8082
f 7959 7951 7995
f 8013 8051 7871
f 8007 7914 7915
f 7896 7860 8056
f 7938 7952 7835
f 7929 7989 7938
f 7980 7989 7861
f 7990 7980 7861
f 7880 7982 7953
f 7934 7998 7939
f 7882 7941 7918
f 8019 7902 7967
f 7967 7902 7903
f 7903 7984 7967
f 7807 8059 7829
f 7807 7884 8030
f 7756 8030 7884
f 8003 8031 7943
f 7922 7969 8046
f 7993 8033 7849
f 7971 8010 7956
f 7796 7924 8004
f 8005 8004 7924
f 7958 7948 7888
f 8048 7868 7925
f 7925 7910 8048
f 7891 8083 7875
f 7911 7912 8084
f 7959 8012 7912
f 7995 7951 7960
f 7892 7893 8036
f 7977 7926 7927
f 8071 8007 7915
f 7915 7996 8071
f 7996 7879 7987
f 7879 7859 8052
f 8027 7988 7833
f 7916 7931 8028
f 7932 7846 7997
f 8015 7997 7846
f 8015 7897 8016
f 7998 7934 7962
f 7899 8008 7940
f 8044 7921 7708
f 7954 7992 7775
f 7954 7923 7986
f 8033 7986 7923
f 7955 7970 7886
f 7909 7946 8065
f 7957 7948 7973
f 7974 7973 7948
f 7948 7958 7974
f 8036 7960 7892
f 8036 7893 8023
f 8013 7928 8024
f 7859 7895 8052
f 7966 7916 8028
f 7932 8028 7931
f 7881 7939 7998
f 7934 8018 7962
f 7983 7917 7999
f 8000 7963 7901
f 8041 8000 7901
f 7935 7840 7848
f 8104 7765 7667
f 7667 8045 8104
f 7986 7992 7954
f 7945 7886 7970
f 7957 7972 7867
f 7994 7974 7958
f 7994 7958 8048
f 8012 8084 7912
f 7995 8012 7959
f 7878 7926 7976
f 7926 7977 7976
f 7914 8007 7978
f 7987 7879 8129
f 7895 7896 8026
f 8056 8026 7896
f 7937 8027 7833
f 8115 7990 7930
f 7966 8115 7930
f 7933 7953 7981
f 7998 7982 7881
f 8018 7934 7983
f 7941 8008 7900
f 7920 7984 7873
f 7848 7942 8058
f 7942 7936 8058
f 8059 8002 7829
f 7968 7943 8155
f 7909 8064 7908
f 8122 7946 7956
f 7956 8010 8122
f 8035 8005 7965
f 7887 8035 7965
f 7950 7911 8096
f 8084 8096 7911
f 7978 8024 7928
f 8052 8129 7879
f 7860 7988 8056
f 7961 7979 8110
f 7901 8042 8118
f 8063 8058 7936
f 7936 7905 8063
f 7905 7773 8063
f 7756 7968 8155
f 8155 7943 8031
f 8079 7991 7765
f 7765 8104 8079
f 8064 7955 7908
f 7964 8010 7971
f 7964 7796 8004
f 7947 8035 7887
f 8047 7947 7865
f 8111 7875 8083
f 8021 7995 7960
f 7960 8036 8021
f 7979 7952 8110
f 8073 7952 7938
f 7938 7989 8073
f 8017 8016 7897
f 7897 7933 8017
f 7933 7981 8017
f 7940 8008 7999
f 8000 7882 7963
f 7984 7920 8061
f 8001 8061 7985
f 8043 7921 8120
f 8030 8059 7807
f 7992 7986 8060
f 7986 8033 8060
f 7993 7945 8034
f 8093 7972 7957
f 7973 8093 7957
f 8111 8011 7875
f 8049 7870 8095
f 7975 8095 7870
f 8138 8006 7878
f 7878 7976 8138
f 8053 8056 7988
f 8027 8053 7988
f 8088 8073 7989
f 7989 7980 8088
f 8115 7966 8014
f 8028 8014 7966
f 7997 8089 7932
f 7998 7953 7982
f 8008 7941 8075
f 7935 7848 8101
f 8044 7708 8002
f 7708 7829 8002
f 8080 8033 7993
f 8034 8080 7993
f 8068 7865 7972
f 8095 7975 8107
f 8055 7975 7950
f 8096 8055 7950
f 8021 8036 8022
f 8013 8024 8108
f 8024 7978 8086
f 7996 7987 8114
f 8129 8165 7987
f 7990 8037 7980
f 7953 7998 8038
f 7999 8040 7983
f 8009 7941 7882
f 7882 8000 8009
f 8057 8009 8000
f 7967 7984 8029
f 8061 8077 7984
f 8091 7935 8062
f 8101 8062 7935
f 8058 8101 7848
f 8168 8063 7773
f 7773 8078 8168
f 8030 7756 8155
f 7991 8031 8003
f 8233 8045 7944
f 8060 8033 8032
f 8004 8020 7964
f 8035 8067 8005
f 7865 8068 8047
f 7910 8082 8048
f 8049 8083 7949
f 8138 8023 8006
f 7978 8007 8071
f 8071 7996 8114
f 8165 8114 7987
f 8052 7895 8025
f 8027 7937 8140
f 7961 8140 7937
f 8115 8037 7990
f 7953 8038 8098
f 8057 8000 8041
f 8019 7967 8029
f 8077 8029 7984
f 8120 7921 8044
f 8059 8030 8143
f 8103 8031 7991
f 8079 8103 7991
f 7969 7885 8046
f 7945 7970 8034
f 7909 8065 8092
f 8010 7964 8020
f 8020 8004 8145
f 8005 8067 8004
f 7974 7994 8094
f 7994 8048 8069
f 8055 8107 7975
f 8050 8084 8012
f 7995 8050 8012
f 8113 8036 8023
f 8071 8086 7978
f 8053 8027 8140
f 8072 8110 7952
f 7980 8037 8088
f 8028 8116 8014
f 8089 7997 8142
f 7981 7953 8098
f 8039 8018 7983
f 7999 8008 8186
f 8041 7901 8118
f 8118 8042 8076
f 7919 8019 8132
f 8029 8132 8019
f 8001 7985 8090
f 8091 8090 7985
f 8155 8102 8030
f 8066 8065 7946
f 8011 8111 8070
f 7995 8021 8182
f 7977 8051 8085
f 8073 8072 7952
f 7932 8116 8028
f 8054 8038 7998
f 8040 8039 7983
f 8167 7941 8009
f 8143 8030 8102
f 8080 8032 8033
f 8122 8010 8169
f 8106 8169 8010
f 8161 8047 8068
f 8093 8068 7972
f 7973 7974 8081
f 8094 8081 7974
f 8069 8094 7994
f 8082 7890 8188
f 8011 8188 7890
f 8050 7995 8182
f 8138 8113 8023
f 8138 7976 8164
f 7977 8085 8171
f 8051 8013 8108
f 8026 8025 7895
f 8026 8056 8109
f 8116 7932 8089
f 7997 8015 8142
f 8016 8142 8015
f 8040 7999 8186
f 8074 8186 8008
f 8074 8008 8075
f 8167 8075 7941
f 8009 8057 8167
f 8119 8076 8042
f 7919 8119 8042
f 8046 8133 7944
f 7970 7955 8105
f 8122 8066 7946
f 8020 8106 8010
f 8035 7947 8178
f 7947 8047 8178
f 8093 7973 8081
f 8171 7976 7977
f 8086 8108 8024
f 8056 8053 8087
f 8098 8017 7981
f 8098 8038 8148
f 8188 8011 8070
f 8184 8140 7961
f 8110 8184 7961
f 8016 8017 8142
f 8097 8142 8017
f 8017 8098 8097
f 8054 8148 8038
f 7962 8018 8099
f 8018 8131 8099
f 8039 8131 8018
f 8119 7919 8132
f 8063 8168 8268
f 8133 8233 7944
f 8046 7885 7992
f 8080 8034 8105
f 8034 7970 8105
f 8067 8145 8004
f 8118 8100 8041
f 8077 8061 8153
f 8001 8153 8061
f 8268 8058 8063
f 8120 8078 8043
f 8060 8032 8134
f 8064 8092 8121
f 8159 8135 8020
f 8020 8145 8159
f 8145 8067 8160
f 8067 8035 8205
f 8093 8161 8068
f 8069 8136 8094
f 8082 8069 8048
f 8083 8049 8126
f 8095 8126 8049
f 8022 8036 8137
f 8108 8085 8051
f 8109 8056 8087
f 8185 8110 8072
f 8073 8088 8130
f 8132 8029 8219
f 8029 8077 8174
f 8078 8124 8168
f 8002 8120 8044
f 8156 8105 7955
f 7955 8064 8157
f 8064 8121 8157
f 8093 8081 8125
f 8136 8125 8081
f 8094 8136 8081
f 8111 8083 8196
f 8083 8126 8196
f 8055 8096 8127
f 8189 8127 8096
f 8112 8096 8084
f 8050 8112 8084
f 8022 8182 8021
f 8036 8113 8137
f 8183 8129 8052
f 8052 8025 8183
f 8072 8073 8130
f 8077 8153 8174
f 8154 8090 8091
f 8062 8154 8091
f 8079 8104 8190
f 7992 8060 8176
f 8157 8156 7955
f 8135 8106 8020
f 8067 8205 8160
f 8125 8161 8093
f 8188 8070 8224
f 8249 8224 8070
f 8070 8111 8249
f 8096 8112 8189
f 8171 8164 7976
f 8128 8171 8085
f 8109 8172 8026
f 8166 8130 8088
f 8088 8037 8166
f 8089 8142 8227
f 8099 8148 8054
f 8099 8131 8117
f 8074 8075 8151
f 8075 8167 8123
f 8120 8124 8078
f 8262 8104 8045
f 8045 8233 8262
f 8134 8176 8060
f 8134 8032 8223
f 8092 8065 8248
f 8065 8066 8248
f 8146 8136 8069
f 8069 8082 8181
f 8188 8181 8082
f 8107 8055 8127
f 8108 8128 8085
f 8114 8165 8251
f 8165 8129 8192
f 8025 8026 8172
f 8184 8110 8194
f 8130 8185 8072
f 8115 8141 8037
f 8196 8249 8111
f 8137 8182 8022
f 8210 8137 8113
f 8211 8210 8113
f 8113 8138 8211
f 8183 8280 8129
f 8172 8139 8025
f 8193 8087 8053
f 8053 8140 8193
f 8194 8110 8185
f 8131 8039 8040
f 8075 8123 8151
f 8200 8100 8118
f 8076 8200 8118
f 8174 8219 8029
f 8001 8090 8153
f 8154 8062 8202
f 8120 8002 8175
f 8059 8175 8002
f 8059 8143 8187
f 8176 8144 7992
f 8223 8032 8080
f 8100 8057 8041
f 8232 8103 8079
f 8104 8262 8190
f 8159 8145 8204
f 8170 8161 8125
f 8125 8136 8170
f 8162 8196 8126
f 8095 8162 8126
f 8164 8171 8289
f 8192 8266 8165
f 8141 8166 8037
f 8116 8089 8215
f 8173 8097 8098
f 8098 8148 8173
f 8099 8149 8148
f 8150 8117 8131
f 8229 8150 8131
f 8131 8040 8229
f 8186 8229 8040
f 8151 8186 8074
f 8167 8057 8152
f 8062 8101 8202
f 8101 8058 8202
f 8222 8155 8031
f 8031 8103 8222
f 8079 8190 8232
f 8234 8233 8133
f 8046 7992 8191
f 8144 8191 7992
f 8177 8176 8134
f 8156 8080 8105
f 8237 8157 8121
f 8273 8066 8122
f 8178 8205 8035
f 8179 8178 8047
f 8047 8161 8179
f 8107 8162 8095
f 8127 8238 8107
f 8189 8112 8163
f 8182 8209 8050
f 8172 8109 8147
f 8184 8242 8140
f 8185 8130 8166
f 8099 8117 8149
f 8174 8153 8220
f 8168 8124 8203
f 8133 8046 8234
f 8177 8134 8223
f 8121 8092 8158
f 8248 8158 8092
f 8122 8169 8273
f 8146 8069 8276
f 8180 8276 8069
f 8181 8180 8069
f 8107 8238 8162
f 8171 8128 8279
f 8212 8086 8071
f 8071 8114 8212
f 8114 8251 8225
f 8192 8129 8280
f 8183 8025 8139
f 8147 8109 8226
f 8109 8087 8226
f 8193 8226 8087
f 8141 8115 8272
f 8014 8272 8115
f 8227 8142 8216
f 8097 8216 8142
f 8148 8149 8173
f 8153 8090 8220
f 8234 8046 8191
f 8158 8237 8121
f 8135 8169 8106
f 8239 8238 8127
f 8050 8163 8112
f 8182 8137 8197
f 8240 8128 8108
f 8108 8086 8240
f 8225 8212 8114
f 8242 8193 8140
f 8184 8194 8214
f 8272 8014 8199
f 8014 8116 8199
f 8116 8215 8199
f 8097 8173 8195
f 8149 8117 8228
f 8244 8123 8167
f 8167 8152 8244
f 8057 8100 8152
f 8203 8268 8168
f 8175 8284 8120
f 8143 8102 8245
f 8160 8204 8145
f 8178 8287 8205
f 8170 8179 8161
f 8276 8136 8146
f 8209 8250 8050
f 8197 8137 8210
f 8198 8211 8138
f 8138 8164 8198
f 8171 8279 8289
f 8266 8251 8165
f 8139 8256 8183
f 8147 8213 8172
f 8194 8185 8252
f 8228 8117 8150
f 8150 8229 8217
f 8281 8186 8151
f 8151 8123 8244
f 8119 8200 8076
f 8187 8175 8059
f 8285 8102 8155
f 8176 8177 8246
f 8223 8080 8236
f 8156 8236 8080
f 8206 8179 8170
f 8250 8163 8050
f 8289 8198 8164
f 8215 8089 8227
f 8173 8149 8292
f 8149 8228 8292
f 8186 8217 8229
f 8281 8217 8186
f 8100 8200 8260
f 8218 8200 8119
f 8132 8218 8119
f 8231 8090 8154
f 8058 8268 8253
f 8285 8245 8102
f 8177 8223 8246
f 8156 8157 8304
f 8273 8169 8269
f 8135 8269 8169
f 8178 8179 8287
f 8170 8136 8206
f 8264 8206 8136
f 8276 8264 8136
f 8181 8188 8207
f 8224 8207 8188
f 8127 8189 8239
f 8209 8182 8197
f 8240 8086 8212
f 8139 8172 8213
f 8243 8252 8185
f 8185 8166 8243
f 8258 8243 8166
f 8141 8258 8166
f 8195 8216 8097
f 8152 8100 8260
f 8219 8218 8132
f 8230 8219 8174
f 8202 8231 8154
f 8245 8187 8143
f 8155 8222 8285
f 8191 8286 8394
f 8235 8286 8191
f 8191 8144 8235
f 8144 8176 8235
f 8156 8304 8247
f 8237 8304 8157
f 8269 8135 8159
f 8204 8160 8263
f 8207 8180 8181
f 8209 8208 8250
f 8280 8266 8192
f 8280 8183 8256
f 8242 8226 8193
f 8252 8214 8194
f 8201 8220 8090
f 8231 8201 8090
f 8253 8202 8058
f 8203 8124 8221
f 8124 8120 8221
f 8284 8221 8120
f 8234 8191 8394
f 8287 8179 8270
f 8249 8196 8265
f 8196 8162 8265
f 8314 8239 8189
f 8198 8289 8315
f 8128 8240 8279
f 8226 8242 8241
f 8272 8258 8141
f 8244 8152 8283
f 8261 8260 8200
f 8218 8261 8200
f 8174 8220 8230
f 8245 8349 8187
f 8263 8343 8204
f 8206 8270 8179
f 8238 8265 8162
f 8189 8163 8314
f 8209 8197 8208
f 8277 8197 8210
f 8198 8255 8211
f 8251 8297 8225
f 8242 8184 8257
f 8214 8257 8184
f 8215 8309 8199
f 8151 8244 8259
f 8152 8260 8283
f 8236 8156 8247
f 8066 8273 8248
f 8159 8204 8343
f 8239 8306 8238
f 8267 8213 8147
f 8147 8226 8267
f 8272 8199 8323
f 8215 8227 8309
f 8195 8173 8291
f 8173 8292 8291
f 8292 8228 8367
f 8150 8367 8228
f 8230 8220 8355
f 8201 8355 8220
f 8348 8268 8203
f 8103 8232 8222
f 8374 8232 8190
f 8384 8262 8233
f 8233 8234 8384
f 8176 8246 8235
f 8223 8319 8246
f 8247 8319 8236
f 8205 8263 8160
f 8264 8275 8206
f 8224 8295 8207
f 8306 8265 8238
f 8277 8208 8197
f 8212 8225 8297
f 8256 8139 8271
f 8257 8241 8242
f 8272 8300 8258
f 8216 8309 8227
f 8259 8281 8151
f 8317 8202 8253
f 8221 8348 8203
f 8284 8175 8318
f 8302 8285 8222
f 8236 8319 8223
f 8269 8159 8274
f 8287 8263 8205
f 8275 8270 8206
f 8210 8211 8278
f 8280 8336 8266
f 8139 8213 8308
f 8213 8267 8322
f 8226 8241 8267
f 8252 8243 8299
f 8291 8216 8195
f 8281 8259 8324
f 8317 8231 8202
f 8175 8187 8318
f 8303 8222 8232
f 8232 8374 8303
f 8304 8254 8247
f 8276 8364 8264
f 8265 8288 8249
f 8306 8239 8344
f 8296 8250 8208
f 8255 8278 8211
f 8351 8345 8279
f 8256 8321 8280
f 8271 8321 8256
f 8308 8271 8139
f 8298 8267 8241
f 8241 8257 8298
f 8214 8252 8299
f 8300 8299 8243
f 8243 8258 8300
f 8309 8323 8199
f 8217 8310 8150
f 8244 8282 8259
f 8316 8260 8261
f 8318 8187 8349
f 8349 8245 8311
f 8301 8311 8245
f 8245 8285 8301
f 8190 8262 8374
f 8235 8246 8370
f 8246 8319 8370
f 8273 8269 8274
f 8274 8159 8343
f 8270 8275 8320
f 8364 8275 8264
f 8224 8249 8288
f 8239 8314 8344
f 8163 8250 8314
f 8278 8277 8210
f 8289 8279 8345
f 8279 8240 8351
f 8240 8212 8334
f 8266 8297 8251
f 8283 8282 8244
f 8327 8253 8268
f 8221 8284 8368
f 8158 8248 8293
f 8248 8273 8293
f 8263 8287 8305
f 8180 8294 8276
f 8180 8207 8295
f 8288 8265 8313
f 8306 8313 8265
f 8208 8277 8296
f 8315 8255 8198
f 8212 8297 8334
f 8299 8290 8214
f 8300 8272 8323
f 8291 8292 8354
f 8361 8367 8150
f 8218 8316 8261
f 8341 8218 8219
f 8219 8230 8341
f 8230 8355 8341
f 8393 8355 8201
f 8231 8393 8201
f 8384 8374 8262
f 8363 8293 8273
f 8295 8294 8180
f 8224 8288 8295
f 8278 8255 8307
f 8289 8345 8315
f 8240 8334 8351
f 8266 8336 8335
f 8321 8336 8280
f 8322 8308 8213
f 8310 8361 8150
f 8324 8217 8281
f 8326 8317 8253
f 8253 8327 8326
f 8318 8368 8284
f 8394 8384 8234
f 8254 8319 8247
f 8274 8363 8273
f 8287 8270 8312
f 8320 8312 8270
f 8313 8295 8288
f 8331 8296 8277
f 8271 8308 8337
f 8353 8216 8291
f 8354 8360 8291
f 8367 8354 8292
f 8268 8348 8327
f 8302 8301 8285
f 8303 8302 8222
f 8304 8237 8328
f 8158 8328 8237
f 8343 8376 8274
f 8294 8364 8276
f 8350 8314 8250
f 8277 8278 8332
f 8297 8266 8346
f 8335 8346 8266
f 8214 8298 8257
f 8340 8283 8260
f 8394 8286 8420
f 8286 8235 8362
f 8254 8304 8328
f 8312 8305 8287
f 8313 8306 8365
f 8250 8296 8350
f 8333 8255 8315
f 8404 8333 8315
f 8345 8351 8357
f 8321 8271 8358
f 8407 8337 8308
f 8352 8299 8300
f 8323 8338 8300
f 8323 8309 8366
f 8309 8216 8353
f 8360 8353 8291
f 8340 8282 8283
f 8260 8316 8340
f 8349 8342 8318
f 8362 8420 8286
f 8362 8235 8370
f 8328 8158 8329
f 8158 8293 8329
f 8376 8363 8274
f 8364 8320 8275
f 8350 8344 8314
f 8277 8332 8331
f 8307 8332 8278
f 8345 8404 8315
f 8334 8297 8372
f 8358 8271 8337
f 8308 8322 8407
f 8359 8322 8267
f 8298 8359 8267
f 8290 8299 8408
f 8352 8300 8338
f 8217 8324 8339
f 8282 8373 8259
f 8325 8340 8316
f 8316 8218 8325
f 8348 8221 8368
f 8303 8374 8382
f 8343 8263 8377
f 8305 8377 8263
f 8313 8378 8295
f 8346 8372 8297
f 8346 8335 8437
f 8336 8321 8347
f 8298 8214 8391
f 8290 8391 8214
f 8408 8299 8352
f 8338 8323 8366
f 8353 8366 8309
f 8217 8339 8310
f 8341 8325 8218
f 8430 8393 8231
f 8430 8231 8317
f 8326 8430 8317
f 8410 8326 8327
f 8370 8319 8386
f 8330 8377 8305
f 8305 8312 8330
f 8294 8371 8364
f 8294 8295 8356
f 8378 8356 8295
f 8383 8306 8344
f 8388 8344 8350
f 8396 8296 8331
f 8334 8372 8351
f 8359 8407 8322
f 8259 8373 8324
f 8311 8369 8349
f 8293 8363 8329
f 8377 8376 8343
f 8344 8388 8383
f 8396 8350 8296
f 8307 8255 8389
f 8255 8333 8379
f 8345 8357 8404
f 8358 8347 8321
f 8381 8358 8337
f 8338 8446 8352
f 8413 8282 8340
f 8327 8348 8410
f 8401 8410 8348
f 8371 8403 8364
f 8395 8313 8365
f 8306 8383 8365
f 8332 8396 8331
f 8307 8389 8332
f 8379 8389 8255
f 8335 8336 8390
f 8347 8390 8336
f 8359 8298 8391
f 8408 8391 8290
f 8354 8367 8400
f 8392 8413 8340
f 8392 8340 8325
f 8393 8341 8355
f 8342 8349 8369
f 8394 8385 8384
f 8319 8254 8460
f 8328 8460 8254
f 8329 8411 8328
f 8329 8363 8402
f 8403 8312 8320
f 8320 8364 8403
f 8404 8357 8380
f 8337 8407 8381
f 8366 8353 8406
f 8400 8367 8418
f 8368 8401 8348
f 8368 8318 8342
f 8382 8374 8431
f 8375 8420 8362
f 8370 8375 8362
f 8294 8356 8387
f 8412 8383 8388
f 8437 8335 8398
f 8390 8398 8335
f 8390 8347 8416
f 8338 8366 8399
f 8366 8406 8399
f 8361 8418 8367
f 8373 8450 8324
f 8460 8386 8319
f 8371 8294 8387
f 8395 8378 8313
f 8396 8388 8350
f 8379 8333 8443
f 8414 8380 8357
f 8472 8357 8351
f 8351 8372 8472
f 8424 8472 8372
f 8372 8346 8424
f 8347 8358 8405
f 8391 8408 8483
f 8446 8338 8399
f 8448 8353 8360
f 8360 8354 8448
f 8310 8339 8428
f 8324 8450 8339
f 8411 8460 8328
f 8456 8432 8329
f 8402 8456 8329
f 8376 8402 8363
f 8376 8377 8402
f 8330 8312 8457
f 8471 8365 8383
f 8333 8463 8443
f 8346 8397 8424
f 8437 8397 8346
f 8405 8416 8347
f 8358 8381 8417
f 8445 8417 8381
f 8448 8406 8353
f 8361 8310 8428
f 8325 8341 8392
f 8386 8375 8370
f 8411 8329 8432
f 8377 8330 8433
f 8378 8387 8356
f 8400 8448 8354
f 8392 8341 8419
f 8341 8393 8419
f 8368 8342 8459
f 8477 8302 8303
f 8374 8384 8431
f 8384 8385 8431
f 8402 8377 8433
f 8457 8421 8330
f 8387 8403 8371
f 8434 8387 8378
f 8396 8332 8423
f 8333 8404 8463
f 8357 8472 8414
f 8416 8405 8426
f 8381 8407 8445
f 8359 8391 8440
f 8483 8440 8391
f 8408 8352 8446
f 8476 8446 8399
f 8428 8418 8361
f 8452 8419 8393
f 8393 8430 8452
f 8401 8368 8485
f 8342 8369 8459
f 8453 8459 8369
f 8369 8311 8454
f 8311 8301 8454
f 8303 8382 8477
f 8382 8431 8477
f 8375 8386 8469
f 8421 8433 8330
f 8458 8312 8403
f 8442 8403 8387
f 8378 8395 8434
f 8383 8412 8471
f 8388 8396 8412
f 8423 8412 8396
f 8487 8332 8389
f 8463 8404 8380
f 8435 8424 8397
f 8397 8437 8435
f 8415 8435 8437
f 8398 8390 8438
f 8416 8438 8390
f 8405 8358 8427
f 8483 8408 8441
f 8409 8476 8399
f 8399 8406 8409
f 8400 8418 8449
f 8413 8373 8282
f 8453 8369 8454
f 8510 8301 8302
f 8457 8312 8458
f 8422 8395 8365
f 8426 8405 8427
f 8484 8409 8406
f 8449 8448 8400
f 8435 8415 8444
f 8466 8445 8407
f 8407 8359 8466
f 8446 8441 8408
f 8428 8339 8467
f 8451 8413 8392
f 8420 8385 8394
f 8460 8411 8455
f 8432 8455 8411
f 8433 8421 8524
f 8442 8458 8403
f 8365 8471 8422
f 8487 8423 8332
f 8424 8464 8472
f 8429 8430 8326
f 8326 8410 8429
f 8491 8410 8401
f 8459 8485 8368
f 8460 8469 8386
f 8434 8495 8387
f 8389 8379 8487
f 8488 8463 8380
f 8380 8414 8488
f 8358 8417 8427
f 8475 8427 8417
f 8439 8475 8417
f 8417 8445 8439
f 8447 8484 8406
f 8406 8448 8447
f 8450 8467 8339
f 8392 8419 8451
f 8419 8452 8451
f 8429 8452 8430
f 8516 8429 8410
f 8491 8516 8410
f 8302 8477 8510
f 8420 8375 8468
f 8468 8375 8469
f 8433 8523 8402
f 8494 8524 8421
f 8421 8457 8494
f 8495 8442 8387
f 8434 8395 8422
f 8379 8443 8461
f 8436 8444 8415
f 8440 8466 8359
f 8521 8450 8373
f 8413 8521 8373
f 8485 8491 8401
f 8510 8454 8301
f 8385 8420 8468
f 8456 8402 8523
f 8524 8523 8433
f 8487 8379 8461
f 8463 8462 8443
f 8414 8472 8488
f 8424 8425 8464
f 8425 8435 8481
f 8435 8444 8481
f 8473 8415 8437
f 8398 8473 8437
f 8398 8438 8474
f 8438 8416 8465
f 8445 8466 8482
f 8442 8495 8470
f 8412 8423 8528
f 8529 8528 8423
f 8423 8487 8529
f 8464 9649 8472
f 8473 8436 8415
f 8496 8474 8438
f 8438 8465 8496
f 8416 8426 8465
f 8426 8427 8465
f 8497 8465 8427
f 8498 8497 8427
f 8475 8498 8427
f 8482 8439 8445
f 8447 8448 8508
f 8449 8418 8499
f 8418 8428 8499
f 8521 8413 8451
f 8501 8451 8452
f 8452 8429 8516
f 8485 8459 8492
f 8503 8494 8457
f 8457 8458 8503
f 8467 8499 8428
f 8450 8509 8467
f 8431 8385 8511
f 8469 8460 8478
f 8512 8478 8460
f 8455 8512 8460
f 8470 8458 8442
f 8517 8471 8412
f 8480 8461 8443
f 8443 8462 8480
f 8463 8488 8513
f 8534 8514 8472
f 9649 8534 8472
f 8481 8530 8425
f 8444 8436 8506
f 8436 8473 8489
f 8474 8473 8398
f 8439 8549 8475
f 8476 8531 8446
f 8448 8449 8508
f 8499 8467 8500
f 8509 8500 8467
f 8450 8521 8509
f 8452 8516 8501
f 8385 8468 8542
f 8468 8469 8478
f 8434 8422 8479
f 8517 8422 8471
f 8528 8517 8412
f 8513 8462 8463
f 8514 8488 8472
f 8444 8506 8505
f 8483 8563 8440
f 8441 8446 8531
f 8451 8501 8490
f 8492 8459 8551
f 8459 8453 8551
f 8486 8551 8453
f 8453 8454 8486
f 8511 8477 8431
f 8478 8542 8468
f 8512 8455 8493
f 8432 8493 8455
f 8432 8456 8493
f 8523 8493 8456
f 8524 8494 8525
f 8503 8458 8526
f 8470 8526 8458
f 8495 8434 8479
f 8461 8480 8519
f 8462 8519 8480
f 8505 8530 8481
f 8481 8444 8505
f 8562 8506 8436
f 8436 8489 8562
f 8489 8473 8474
f 8497 8496 8465
f 8520 8498 8475
f 8439 8482 8536
f 8466 8536 8482
f 8466 8440 8563
f 8484 8447 8507
f 8499 8508 8449
f 8565 8541 8451
f 8451 8490 8565
f 8511 8385 8542
f 8479 8422 8527
f 8518 8529 8487
f 8487 8461 8518
f 8504 8518 8461
f 8533 8462 8513
f 8489 8474 8515
f 8496 8515 8474
f 8549 8520 8475
f 8536 8549 8439
f 8441 8563 8483
f 8476 8409 8531
f 8409 8484 8507
f 8447 8508 8507
f 8521 8451 8541
f 8491 8485 8543
f 8486 8454 8510
f 8510 8477 8522
f 8511 8522 8477
f 8502 8525 8494
f 8494 8503 8502
f 8470 8495 8544
f 8479 8544 8495
f 8527 8422 8517
f 8504 8461 8519
f 8545 8513 8488
f 8515 8562 8489
f 8496 8497 8535
f 8498 8535 8497
f 8550 8507 8508
f 8508 8499 9562
f 8499 8500 9562
f 8540 8509 8521
f 8492 8543 8485
f 8526 8502 8503
f 8526 8470 8544
f 8535 8515 8496
f 8441 8574 8563
f 8531 8574 8441
f 8409 8507 8538
f 8508 9562 8550
f 8500 8509 8539
f 8569 8516 8491
f 8588 8551 8486
f 8522 8486 8510
f 8522 8511 8552
f 8527 8517 8583
f 8519 8462 8571
f 8545 8533 8513
f 8488 8546 8545
f 8488 8514 8546
f 8530 8505 8556
f 8557 8505 8506
f 8506 8562 8557
f 8547 8535 8498
f 8498 8548 8547
f 8520 8548 8498
f 8563 8536 8466
f 8531 8409 8537
f 8409 8538 8537
f 8501 8516 8490
f 8516 8569 8580
f 8511 8542 8581
f 8542 8478 8581
f 8493 8523 8570
f 8502 8582 8525
f 8479 8527 8532
f 8518 8504 8577
f 8504 8519 8577
f 8571 8577 8519
f 8514 8534 8546
f 8555 8534 9649
f 9562 8500 8539
f 8580 8490 8516
f 8543 8569 8491
f 8610 8543 8492
f 8551 8610 8492
f 8486 8522 8552
f 8493 8599 8512
f 8523 8524 8570
f 8524 8525 8582
f 8582 8502 8566
f 8502 8526 8566
f 8532 8544 8479
f 8528 8529 8584
f 8529 8518 8584
f 9651 8530 9648
f 8515 8535 8558
f 8550 8559 8507
f 8532 8567 8544
f 8517 8528 8583
f 8577 8571 8590
f 8591 8571 8462
f 8568 8462 8533
f 8533 8545 8593
f 8561 8556 8505
f 8558 8562 8515
f 8538 8507 8559
f 8539 8509 8564
f 8509 8540 8564
f 8521 8541 8540
f 8569 8543 8632
f 8478 8512 8599
f 8582 8570 8524
f 8580 8565 8490
f 8486 8552 8588
f 8599 8581 8478
f 8493 8570 8618
f 8532 8527 8553
f 8527 8583 8553
f 8568 8591 8462
f 8592 8568 8533
f 8546 8593 8545
f 8546 8534 8554
f 8555 8554 8534
f 9648 8530 8604
f 8505 8557 8561
f 8557 8562 8573
f 8535 8547 8558
f 8548 8520 8595
f 8520 8549 8607
f 8549 8536 8607
f 8596 8607 8536
f 8563 8596 8536
f 8574 8531 8586
f 8531 8537 8586
f 8559 8608 8538
f 8559 8550 8560
f 8560 9562 8579
f 8541 8565 8598
f 8588 8575 8551
f 8584 8583 8528
f 8518 8577 8585
f 8592 8533 8593
f 8593 8546 8572
f 8554 8572 8546
f 8556 8604 8530
f 8578 8561 8557
f 8557 8573 8578
f 8607 8595 8520
f 8608 8586 8537
f 8537 8538 8608
f 9650 9648 8604
f 8578 8620 8561
f 9560 8573 8562
f 8562 8558 9560
f 9562 8539 8579
f 8597 8579 8539
f 8539 8564 8597
f 8598 8540 8541
f 8552 8511 8576
f 8599 8493 8618
f 8570 8582 8613
f 8601 8600 8567
f 8567 8532 8601
f 8553 8601 8532
f 8585 8584 8518
f 8632 8580 8569
f 8611 8575 8588
f 8588 8552 8611
f 8581 8576 8511
f 8613 8618 8570
f 8623 8613 8582
f 8571 8591 8590
f 8556 8561 8605
f 8606 8605 8561
f 8620 8606 8561
f 8563 8574 8596
f 8586 8596 8574
f 8559 8560 8609
f 8609 8587 8559
f 8560 8579 8609
f 8630 8564 8540
f 8565 8580 8631
f 8575 8610 8551
f 8599 8612 8581
f 8590 8614 8577
f 8593 8572 8625
f 9650 8604 8619
f 8604 8556 8605
f 8595 8659 8548
f 8630 8597 8564
f 8540 8598 8630
f 8552 8576 8654
f 8576 8581 8643
f 8589 8623 8582
f 8582 8566 8589
f 8566 9584 8589
f 8601 8553 8635
f 8602 8635 8553
f 8553 8583 8602
f 8585 8577 8614
f 8590 8591 8657
f 8568 8657 8591
f 8603 8572 8554
f 8573 8594 8578
f 8548 8659 8547
f 8587 8608 8559
f 8565 8631 8598
f 8622 8610 8575
f 8575 8611 8617
f 8583 8584 8602
f 8614 8590 8665
f 8593 8636 8592
f 8625 8572 8603
f 8603 9650 8671
f 8619 8671 9650
f 9560 8558 8615
f 8558 8547 8659
f 8609 8579 8621
f 8579 8597 8621
f 8580 8632 8640
f 8632 8543 8616
f 8543 8610 8616
f 8617 8622 8575
f 8611 8552 8654
f 8643 8654 8576
f 8643 8581 8633
f 8581 8612 8633
f 8612 8599 8644
f 8618 8644 8599
f 8645 8589 9584
f 9584 8600 8645
f 8600 8601 8634
f 8585 8602 8584
f 8590 8657 8665
f 8626 8619 8604
f 8604 8605 8626
f 8605 8606 8658
f 8659 8615 8558
f 8595 8607 8660
f 8662 8639 8596
f 8596 8586 8662
f 8628 8662 8586
f 8586 8608 8628
f 8651 8587 8609
f 8609 8621 8651
f 8622 8616 8610
f 8644 8633 8612
f 8644 8618 8667
f 8618 8613 8667
f 8645 8623 8589
f 8634 8645 8600
f 8635 8634 8601
f 8665 8656 8614
f 8624 8657 8568
f 8636 8624 8568
f 8568 8592 8636
f 8593 8625 8636
f 8658 8626 8605
f 8620 8578 8627
f 8578 8594 8627
f 8595 8660 8659
f 8607 8596 8639
f 8629 8621 8597
f 8630 8629 8597
f 8602 8585 8655
f 8656 8655 8585
f 8585 8614 8656
f 8637 8636 8625
f 8638 8625 8603
f 8647 8606 8620
f 8620 8627 8647
f 8639 8660 8607
f 8608 8587 8628
f 8640 8631 8580
f 8616 8677 8632
f 8622 8641 8616
f 8642 8622 8617
f 8617 8611 8642
f 8653 8642 8611
f 8654 8653 8611
f 8646 8635 8602
f 8638 8637 8625
f 8603 8671 8638
f 8626 8704 8619
f 8647 8658 8606
f 8725 8647 8627
f 8683 8627 8594
f 8648 8683 8594
f 8659 8649 8615
f 8661 8639 8662
f 8651 8621 8674
f 8630 8598 8700
f 8631 8700 8598
f 8677 8640 8632
f 8652 8641 8622
f 8642 8652 8622
f 8644 8667 8718
f 8645 8634 8669
f 8634 8635 8646
f 8602 8655 8646
f 8671 8619 8710
f 8649 8648 8615
f 8659 8660 8650
f 8661 8660 8639
f 8684 8628 8587
f 8587 8651 8684
f 8616 8641 8677
f 8652 8663 8641
f 8653 8652 8642
f 8654 8643 8686
f 8643 8633 8687
f 8613 8623 8668
f 8623 8645 8668
f 8669 8668 8645
f 8665 8657 8692
f 8624 8636 8681
f 8666 8637 8638
f 8704 8710 8619
f 8721 8704 8626
f 8649 8659 8693
f 8673 8661 8662
f 8662 8628 8673
f 8651 8674 8684
f 8629 8674 8621
f 8630 8700 8699
f 8676 8700 8631
f 8701 8631 8640
f 8640 8677 8701
f 8663 8677 8641
f 8663 8652 8664
f 8652 8653 8664
f 8653 8654 8680
f 8686 8680 8654
f 8687 8686 8643
f 8687 8633 8688
f 8633 8644 8688
f 8718 8688 8644
f 8668 8689 8613
f 8634 8646 8669
f 8646 8655 8690
f 8670 8692 8657
f 8624 8670 8657
f 8626 8658 8721
f 8659 8650 8693
f 8661 8672 8660
f 8628 8684 8673
f 8675 8629 8630
f 8630 8699 8675
f 8631 8701 8676
f 8678 8663 8664
f 8664 8653 8678
f 8653 8680 8679
f 8667 8613 8689
f 8669 8646 8690
f 8691 8690 8655
f 8655 8656 8691
f 8656 8665 8692
f 8681 8636 8637
f 8658 8647 8698
f 8627 8683 8682
f 8660 8672 8650
f 8674 8629 8695
f 8675 8695 8629
f 8685 8677 8663
f 8663 8678 8685
f 8679 8678 8653
f 8680 8686 8702
f 8668 8669 8694
f 8691 8656 8707
f 8624 8719 8670
f 8720 8681 8637
f 8666 8720 8637
f 8638 8671 8751
f 8698 8647 8725
f 8693 8683 8649
f 8679 8680 8697
f 8702 8697 8680
f 8689 8718 8667
f 8692 8707 8656
f 8681 8719 8624
f 8735 8720 8666
f 8638 8709 8666
f 8658 8698 8769
f 8725 8627 8711
f 8627 8682 8711
f 8675 8714 8695
f 8715 8700 8676
f 8676 8701 8715
f 8726 8701 8677
f 8677 8685 8726
f 8696 8726 8685
f 8685 8678 8696
f 8678 8679 8696
f 8732 8696 8679
f 8679 8697 8732
f 8717 8702 8686
f 8687 8717 8686
f 8689 8668 8723
f 8708 8707 8692
f 8670 8708 8692
f 8710 8704 8703
f 8698 8725 8770
f 8682 8683 8705
f 8650 8672 8713
f 8661 8673 8752
f 8716 8727 8696
f 8696 8732 8716
f 8702 8732 8697
f 8718 8728 8688
f 8706 8694 8690
f 8690 8691 8706
f 8729 8735 8666
f 8709 8729 8666
f 8758 8769 8698
f 8682 8705 8711
f 8712 8683 8693
f 8672 8661 8752
f 8714 9597 8695
f 8675 8699 8722
f 8699 8700 8722
f 8715 8722 8700
f 8726 8696 8731
f 8727 8731 8696
f 8687 8688 8717
f 8707 8706 8691
f 8719 8708 8670
f 8721 8703 8704
f 8721 8658 8730
f 8769 8730 8658
f 8737 8711 8705
f 8713 8712 8693
f 8693 8650 8713
f 9597 8752 8673
f 8701 8726 8715
f 8747 8716 8732
f 8732 8702 8762
f 8718 8689 8728
f 8728 8689 8723
f 8733 8723 8706
f 8706 8707 8733
f 8671 8710 8751
f 8736 8751 8710
f 8710 8703 8736
f 8759 8737 8705
f 8722 8714 8675
f 8731 8727 8746
f 8748 8754 8702
f 8702 8717 8748
f 8717 8688 8728
f 8707 8708 8755
f 8708 8719 8734
f 8724 8734 8719
f 8719 8681 8724
f 8681 8720 8724
f 8735 8724 8720
f 8729 8709 8757
f 8709 8638 8750
f 8751 8750 8638
f 8703 8721 8768
f 8730 8768 8721
f 8770 8758 8698
f 8777 8725 8711
f 8705 8712 8745
f 8738 8713 8672
f 8672 8752 8738
f 9597 8714 8753
f 8739 8753 8714
f 8714 8722 8739
f 8726 8731 8760
f 8747 8727 8716
f 8754 8762 8702
f 8728 8723 8743
f 8733 8743 8723
f 8755 8708 8734
f 8735 8729 8744
f 8750 8757 8709
f 8777 8770 8725
f 8745 8759 8705
f 8712 8713 8771
f 8752 9597 8753
f 8715 8726 8741
f 8760 8741 8726
f 8762 8742 8732
f 8728 8748 8717
f 8743 8749 8728
f 8755 8733 8707
f 8744 8729 8756
f 8757 8756 8729
f 8765 8768 8730
f 8784 8737 8759
f 8771 8745 8712
f 8740 8739 8722
f 8722 8715 8740
f 8741 8740 8715
f 8772 8741 8760
f 8746 8760 8731
f 8761 8746 8727
f 8747 8761 8727
f 8742 8747 8732
f 8754 8748 8781
f 8743 8733 8755
f 8755 8734 8767
f 8724 8735 8763
f 8744 8763 8735
f 8757 8750 8764
f 8751 8736 8792
f 8730 8769 8765
f 8737 8777 8711
f 8738 8771 8713
f 8796 8738 8752
f 8785 8753 8739
f 8740 8785 8739
f 8740 8741 8779
f 8763 8767 8734
f 8734 8724 8763
f 8768 8736 8703
f 8770 8819 8758
f 8759 8745 9557
f 8752 8753 8796
f 8779 8785 8740
f 8741 8772 8779
f 8780 8760 8746
f 8766 8748 8728
f 8728 8749 8766
f 8774 8749 8743
f 8743 8755 8774
f 8818 8750 8751
f 8765 8769 8811
f 8783 8777 8737
f 8738 8796 8771
f 8761 8780 8746
f 8742 8773 8747
f 8789 8742 8762
f 8766 8781 8748
f 8767 8774 8755
f 8763 8744 8775
f 8744 8756 8775
f 8756 8757 8782
f 8764 8782 8757
f 8768 8765 8794
f 8837 8769 8758
f 8737 8784 8783
f 9853 8759 9557
f 8778 8796 8753
f 8785 8778 8753
f 8786 8772 8760
f 8787 8780 8761
f 8773 8761 8747
f 8789 8762 8798
f 8762 8754 8798
f 8767 8763 8800
f 8775 8756 8776
f 8782 8776 8756
f 8792 8818 8751
f 9557 8771 8795
f 8780 8786 8760
f 8781 8798 8754
f 8790 8766 8749
f 8749 8774 8790
f 8794 8793 8768
f 9853 8784 8759
f 8791 8790 8774
f 8803 8779 8772
f 8786 8803 8772
f 8761 8773 8787
f 8773 8742 8789
f 8781 8766 8799
f 8790 8799 8766
f 8800 8791 8774
f 8774 8767 8800
f 8801 8800 8763
f 8763 8775 8801
f 8776 8801 8775
f 8818 8764 8750
f 8736 8768 8793
f 8811 8794 8765
f 8819 8770 8869
f 8770 8777 8820
f 8777 8783 8820
f 8784 9853 9848
f 8796 8795 8771
f 8812 8796 8778
f 8785 8779 8812
f 8787 8786 8780
f 8787 8773 8788
f 8773 8789 8788
f 8799 8798 8781
f 8810 8809 8776
f 8782 8810 8776
f 8811 8769 8837
f 8805 8783 8784
f 9848 8805 8784
f 8778 8785 8812
f 8786 8787 8797
f 8788 8797 8787
f 8788 8789 9859
f 8798 9859 8789
f 8801 8776 8809
f 8817 8782 8764
f 8764 8832 8817
f 8842 8792 8736
f 8736 8793 8842
f 8812 9849 8795
f 8795 8796 8812
f 8803 8812 8779
f 8803 8786 9850
f 8786 8797 9850
f 9847 9859 8798
f 9851 9847 8798
f 8798 8799 9851
f 8799 8790 9851
f 8764 8818 8832
f 8804 8822 8793
f 8793 8794 8804
f 8819 8837 8758
f 8813 8812 8803
f 9850 8813 8803
f 8782 8817 8810
f 8826 8818 8792
f 8833 8826 8792
f 8792 8842 8833
f 8842 8793 8822
f 8794 8811 8836
f 8820 8869 8770
f 8820 8783 8851
f 8815 9844 8816
f 8836 8811 8827
f 8837 8819 8823
f 8783 8805 8851
f 8805 9848 8824
f 9849 8812 8813
f 9846 8806 8825
f 8838 8814 8807
f 8807 8815 8838
f 8815 8816 8830
f 8821 8816 9855
f 9855 8808 8821
f 8808 8809 8821
f 8817 8832 8882
f 8818 8826 8832
f 9854 8825 8829
f 8806 8814 8852
f 8831 8830 8816
f 8816 8821 8831
f 8810 8817 8841
f 8804 8794 8836
f 8837 8827 8811
f 8869 8823 8819
f 8851 8862 8820
f 8805 8824 8828
f 8834 8825 8806
f 8852 8834 8806
f 8838 8852 8814
f 8830 8838 8815
f 8809 8810 8841
f 8828 8851 8805
f 8828 8824 8850
f 8829 8850 8824
f 8825 8863 8829
f 8871 8854 8831
f 8831 8821 8871
f 8864 8809 8841
f 8822 8804 8835
f 8836 8835 8804
f 8869 8820 8862
f 8834 8863 8825
f 8854 8830 8831
f 8881 8871 8821
f 8821 8809 8881
f 8842 8822 8839
f 9631 8835 8836
f 8849 9631 8836
f 8823 8827 8837
f 8850 8829 8843
f 8863 8843 8829
f 8838 8830 8853
f 8844 8853 8830
f 8809 8864 8881
f 8832 8826 8845
f 8855 8826 8833
f 8833 8842 8855
f 8842 8839 8855
f 8850 8878 8828
f 8853 8852 8838
f 8854 8844 8830
f 8855 8839 8846
f 8839 9632 8846
f 8847 8846 9632
f 9630 8840 8860
f 8856 8860 8840
f 8856 8840 8848
f 8840 9628 8848
f 9628 8835 9631
f 8836 8827 8849
f 8878 8883 8828
f 8817 8882 8887
f 8847 9630 8859
f 8823 8858 8827
f 8848 9631 8857
f 8861 8857 9631
f 9631 8849 8861
f 8858 8849 8827
f 8916 8862 8851
f 8843 8878 8850
f 8863 8870 8843
f 8841 8817 8887
f 8845 8895 8832
f 8855 8845 8826
f 8855 8846 8875
f 8859 9630 8873
f 8876 8860 8856
f 8856 8848 8865
f 8857 8866 8848
f 8851 8828 8916
f 8895 8882 8832
f 8860 8873 9630
f 8856 8865 8876
f 8866 8865 8848
f 8858 8823 8880
f 8869 8880 8823
f 8878 8843 8870
f 8875 8868 8855
f 8872 8879 8847
f 8847 8859 8872
f 8873 8898 8859
f 8877 8861 8849
f 8849 8858 8877
f 8853 8844 8867
f 8894 8867 8844
f 8841 8887 8890
f 8845 8855 8868
f 8873 8860 8888
f 8860 8876 8888
f 8904 8876 8865
f 8866 8904 8865
f 8861 8900 8857
f 8834 8852 8874
f 8885 8874 8852
f 8852 8853 8885
f 8854 8871 8902
f 8859 8898 8872
f 8910 8877 8858
f 8883 8916 8828
f 8870 8863 8884
f 8863 8834 8884
f 8890 8864 8841
f 8845 8868 8896
f 8893 8900 8861
f 8861 8877 8893
f 8880 8910 8858
f 8869 8862 8880
f 8916 8880 8862
f 8884 8912 8870
f 8834 8874 8884
f 8854 8894 8844
f 8871 8881 8886
f 8896 8895 8845
f 8897 8896 8868
f 8868 8875 8897
f 8875 8879 8908
f 8929 8898 8873
f 8904 8899 8876
f 8904 8866 8938
f 8853 8867 8901
f 8902 8894 8854
f 8889 8886 8881
f 8908 8897 8875
f 8872 8908 8879
f 8892 8929 8873
f 8888 8876 8903
f 8915 8866 8857
f 8900 8915 8857
f 8953 8916 8883
f 8878 8911 8883
f 8886 8902 8871
f 8881 8864 8889
f 8917 8887 8882
f 8882 8895 8917
f 8873 8888 8892
f 8876 8899 8903
f 8905 8893 8877
f 8877 8910 8905
f 8911 8953 8883
f 8912 8878 8870
f 8901 8885 8853
f 8867 8894 8901
f 8907 8889 8864
f 8890 8907 8864
f 8917 8890 8887
f 8891 8908 8872
f 8866 8915 8938
f 8917 8935 8890
f 8900 8893 8905
f 8910 8880 8923
f 8916 8923 8880
f 8911 8878 8906
f 8912 8906 8878
f 8895 8896 8917
f 8897 8917 8896
f 8891 8927 8908
f 8891 8872 8909
f 8898 8909 8872
f 8933 8898 8934
f 8929 8934 8898
f 8892 8888 8920
f 8903 8920 8888
f 8899 8904 8918
f 8905 8921 8900
f 8905 8910 8922
f 8912 8884 8932
f 8913 8932 8884
f 8884 9561 8913
f 9561 8885 8919
f 8889 8907 8926
f 8920 8941 8892
f 8904 8938 8918
f 8938 8915 8930
f 8921 8915 8900
f 8885 8901 8925
f 8914 8917 8897
f 8897 8908 8914
f 8927 8914 8908
f 8937 8927 8891
f 8933 8909 8898
f 8929 8892 8941
f 8921 8905 8964
f 8923 8922 8910
f 8906 8912 8931
f 9561 8919 8924
f 8901 8894 8940
f 8894 8902 8944
f 8926 8907 8961
f 8890 8961 8907
f 8909 8937 8891
f 8903 8899 8942
f 8915 8921 8930
f 8953 8923 8916
f 8932 8931 8912
f 8947 8913 9561
f 8924 8947 9561
f 8919 8885 8925
f 8940 8925 8901
f 8886 8944 8902
f 8886 8889 8926
f 8935 8961 8890
f 8914 8935 8917
f 8914 8927 8936
f 8905 8922 8964
f 8922 8923 8943
f 8926 8948 8886
f 8929 8928 8934
f 8941 8920 8946
f 8920 8903 8946
f 8899 8918 8942
f 8930 8921 8952
f 8967 8911 8906
f 8924 8919 8968
f 8955 8940 8894
f 8936 8945 8914
f 8972 8936 8927
f 8927 8937 8972
f 8941 8928 8929
f 8918 8938 8980
f 8938 8930 8951
f 8921 8964 8952
f 8967 8953 8911
f 8931 8967 8906
f 8954 8931 8932
f 8947 8924 8963
f 8968 8963 8924
f 8940 8919 8925
f 8886 8948 8960
f 8935 8914 8945
f 8909 8933 8958
f 8959 8933 8934
f 8942 8946 8903
f 8953 8967 8966
f 8931 8975 8967
f 8940 8939 8919
f 8955 8970 8940
f 8894 8944 8955
f 8960 8944 8886
f 8972 8949 8936
f 8937 8909 8958
f 8957 8942 8918
f 8922 8943 8964
f 8923 8953 8943
f 8939 8940 8970
f 8926 8961 8971
f 8936 8949 8945
f 8962 8959 8934
f 8928 8962 8934
f 8928 8941 8950
f 8941 8946 8950
f 8946 8942 8957
f 8918 8980 8957
f 8951 8980 8938
f 8954 8975 8931
f 8939 8968 8919
f 8948 8926 8971
f 8958 8972 8937
f 8956 8950 8946
f 8946 8957 8956
f 8951 9032 8980
f 8951 8930 9012
f 9006 8943 8953
f 8970 8955 8982
f 9002 8955 8944
f 9012 8930 8974
f 8952 8974 8930
f 9017 8974 8952
f 8964 9017 8952
f 8953 8966 9006
f 8963 8996 8947
f 8944 8960 9002
f 8961 8935 9583
f 8935 8945 9583
f 8972 8958 8978
f 9010 8958 8933
f 9010 8933 8959
f 8962 8928 8950
f 8950 8956 8979
f 8956 8957 8984
f 8973 8984 8957
f 8957 8980 8973
f 8943 8965 8964
f 8943 9006 8989
f 8996 8986 8947
f 8981 8968 8939
f 8969 8981 8939
f 8960 8948 8971
f 8985 8973 8980
f 8945 8949 8977
f 8999 8977 8949
f 8949 8972 8999
f 8962 8950 8979
f 8984 8979 8956
f 8965 9017 8964
f 8989 8965 8943
f 8963 8968 8991
f 8981 8991 8968
f 8970 8982 8976
f 8955 9002 8982
f 9583 8945 8977
f 8978 8999 8972
f 9022 8959 8962
f 8962 8979 9022
f 8988 8984 8973
f 8985 8988 8973
f 9007 8966 8967
f 8967 8975 9007
f 8975 8954 9008
f 8996 8963 8990
f 8976 8982 8997
f 9062 9013 9002
f 8977 8999 9014
f 9015 8978 8958
f 9022 9010 8959
f 8985 8980 9032
f 8994 8993 8979
f 8979 8984 8994
f 8951 9012 9084
f 9008 9007 8975
f 9615 9008 8954
f 8991 8990 8963
f 9002 8960 9003
f 8961 9583 8992
f 8983 8992 9583
f 8993 9022 8979
f 8988 8994 8984
f 8985 9032 9065
f 8995 8986 9001
f 8986 8996 9001
f 8991 8981 9020
f 9003 9062 9002
f 8971 9003 8960
f 8971 8961 9039
f 8992 9039 8961
f 8999 8978 9009
f 9000 8965 8989
f 8989 9006 9018
f 8990 8991 9024
f 9020 9024 8991
f 9020 8981 9038
f 9004 8992 8983
f 8983 8998 9004
f 9014 8998 8987
f 9010 9022 9050
f 8993 8994 9016
f 8988 8985 9036
f 8965 9005 9017
f 8965 9000 9005
f 9038 8981 8969
f 9045 9007 9008
f 9636 9008 9615
f 8995 9636 9615
f 8990 9001 8996
f 9025 8997 8982
f 8978 9015 9080
f 8994 8988 9052
f 9036 9052 8988
f 9065 9036 8985
f 9005 9000 9034
f 9018 9000 8989
f 9040 9006 8966
f 9045 9040 8966
f 8966 9007 9045
f 9637 8995 9001
f 9635 9637 9001
f 9001 8990 9635
f 8990 9024 9019
f 9054 9025 8982
f 8982 9002 9054
f 9002 9013 9054
f 9003 8971 9026
f 9039 9026 8971
f 9009 9014 8999
f 9021 9015 8958
f 8958 9010 9021
f 9022 8993 9011
f 8993 9016 9011
f 9032 8951 9084
f 9005 9034 9061
f 9034 9000 9023
f 9000 9018 9023
f 9020 9038 9069
f 9004 8998 9027
f 9022 9011 9029
f 9030 9011 9016
f 9031 9016 8994
f 9052 9031 8994
f 9635 8990 9019
f 8992 9004 9079
f 9021 9080 9015
f 9033 9114 8974
f 8974 9017 9033
f 9018 9006 9067
f 9063 9079 9004
f 9004 9027 9063
f 9028 9027 8998
f 9014 9028 8998
f 9014 9009 9028
f 9022 9029 9050
f 9016 9031 9030
f 9084 9012 9066
f 9005 9061 9060
f 9008 9636 9048
f 9046 9048 9636
f 9041 9635 9019
f 9037 9041 9019
f 9035 9042 9024
f 9024 9020 9035
f 9038 8969 9053
f 8969 8997 9053
f 8997 9025 9053
f 9003 9026 9078
f 9039 9078 9026
f 8992 9055 9039
f 9029 9011 9043
f 9051 9043 9011
f 9011 9030 9051
f 9059 9030 9031
f 9065 9032 9083
f 9005 9033 9017
f 9067 9023 9018
f 9048 9045 9008
f 9069 9035 9020
f 9062 9049 9013
f 9078 9062 9003
f 8992 9079 9055
f 9010 9057 9021
f 9050 9029 9058
f 9030 9072 9071
f 9059 9072 9030
f 9059 9031 9044
f 9031 9052 9044
f 9074 9052 9036
f 8974 9066 9012
f 9033 9005 9060
f 9075 9061 9034
f 9006 9040 9067
f 9042 9041 9037
f 9053 9069 9038
f 9049 9054 9013
f 9078 9039 9055
f 9029 9043 9058
f 9051 9030 9071
f 9084 9083 9032
f 9089 9075 9034
f 9023 9089 9034
f 9635 9041 9634
f 9025 9094 9053
f 9063 9027 9064
f 9028 9070 9027
f 9058 9057 9050
f 9114 9033 9141
f 9089 9023 9047
f 9067 9047 9023
f 9045 9048 9085
f 9086 9048 9046
f 9046 9638 9086
f 9097 9060 9061
f 9099 9085 9048
f 9086 9099 9048
f 9042 9035 9068
f 9035 9069 9076
f 9070 9064 9027
f 9009 8978 9056
f 9080 9056 8978
f 9043 9051 9081
f 9071 9081 9051
f 9082 9044 9052
f 9074 9082 9052
f 9065 9074 9036
f 9114 9066 8974
f 9068 9041 9042
f 9094 9069 9053
f 9025 9054 9101
f 9077 9101 9054
f 9054 9049 9077
f 9078 9055 9092
f 9009 9123 9028
f 9081 9096 9043
f 9059 9044 9073
f 9075 9097 9061
f 9068 9035 9087
f 9076 9088 9035
f 9094 9025 9101
f 9049 9062 9116
f 9078 9116 9062
f 9010 9050 9057
f 9096 9058 9043
f 9071 9072 9106
f 9073 9072 9059
f 9074 9065 9107
f 9083 9107 9065
f 9102 9141 9033
f 9033 9060 9102
f 9085 9040 9045
f 9634 9041 9110
f 9100 9068 9090
f 9091 9076 9069
f 9092 9055 9678
f 9055 9079 9678
f 9070 9028 9105
f 9123 9105 9028
f 9124 9009 9056
f 9057 9058 9125
f 9112 9073 9044
f 9044 9082 9112
f 9111 9041 9100
f 9068 9087 9090
f 9035 9088 9087
f 9104 9116 9078
f 9104 9078 9092
f 9095 9678 9079
f 9079 9063 9095
f 9064 9095 9063
f 9127 9125 9058
f 9096 9081 9093
f 9071 9093 9081
f 9066 9083 9084
f 9075 9103 9097
f 9115 9040 9085
f 9099 9115 9085
f 9110 9041 9111
f 9087 9088 9134
f 9088 9076 9091
f 9094 9091 9069
f 9117 9095 9064
f 9064 9070 9117
f 9124 9123 9009
f 9106 9093 9071
f 9072 9073 9106
f 9082 9074 9113
f 9138 9066 9114
f 9097 9102 9060
f 9075 9089 9098
f 9047 9098 9089
f 9067 9040 9588
f 9121 9086 9638
f 9105 9117 9070
f 9056 9080 9118
f 9080 9021 9118
f 9021 9057 9125
f 9108 9103 9075
f 9040 9115 9588
f 9134 9133 9087
f 9678 9095 9679
f 9129 9113 9074
f 9107 9129 9074
f 9138 9083 9066
f 9098 9047 9109
f 9121 9099 9086
f 9132 9111 9100
f 9100 9090 9132
f 9092 9185 9104
f 9073 9112 9137
f 9102 9097 9131
f 9103 9131 9097
f 9098 9108 9075
f 9091 9094 9140
f 9094 9101 9140
f 9105 9123 9136
f 9118 9021 9119
f 9125 9119 9021
f 9093 9106 9137
f 9106 9073 9137
f 9128 9112 9082
f 9113 9128 9082
f 9114 9141 9174
f 9115 9099 9120
f 9122 9143 9110
f 9110 9111 9122
f 9132 9122 9111
f 9133 9132 9090
f 9090 9087 9133
f 9091 9134 9088
f 9127 9126 9125
f 9127 9058 9096
f 9112 9128 9157
f 9083 9129 9107
f 9138 9114 9174
f 9099 9121 9148
f 9077 9049 9154
f 9116 9104 9135
f 9185 9135 9104
f 9680 9185 9092
f 9117 9155 9095
f 9679 9095 9155
f 9117 9105 9150
f 9136 9150 9105
f 9093 9156 9096
f 9165 9128 9113
f 9145 9129 9083
f 9141 9102 9131
f 9131 9103 9130
f 9103 9108 9130
f 9109 9588 9147
f 9121 9110 9148
f 9143 9148 9110
f 9133 9134 9139
f 9101 9077 9140
f 9049 9116 9154
f 9135 9154 9116
f 9124 9136 9123
f 9119 9125 9126
f 9157 9137 9112
f 9113 9129 9165
f 9138 9145 9083
f 9108 9098 9142
f 9160 9588 9115
f 9161 9122 9132
f 9134 9091 9144
f 9091 9140 9144
f 9142 9167 9108
f 9147 9142 9098
f 9098 9109 9147
f 9147 9588 9160
f 9143 9122 9176
f 9161 9176 9122
f 9161 9132 9149
f 9132 9133 9149
f 9139 9149 9133
f 9177 9139 9134
f 9134 9144 9177
f 9056 9118 9196
f 9119 9151 9118
f 9093 9137 9156
f 9158 9157 9128
f 9196 9124 9056
f 9151 9196 9118
f 9180 9127 9096
f 9156 9180 9096
f 9186 9156 9137
f 9131 9130 9146
f 9130 9108 9167
f 9200 9160 9115
f 9115 9120 9200
f 9148 9120 9099
f 9153 9177 9144
f 9195 9140 9077
f 9077 9154 9195
f 9174 9141 9159
f 9166 9159 9141
f 9141 9131 9166
f 9146 9166 9131
f 9146 9130 9167
f 9155 9162 9680
f 9150 9155 9117
f 9136 9173 9150
f 9119 9126 9152
f 9164 9152 9126
f 9126 9127 9164
f 9180 9164 9127
f 9147 9169 9142
f 9120 9148 9170
f 9143 9176 9171
f 9161 9149 9184
f 9178 9153 9144
f 9144 9140 9178
f 9140 9195 9178
f 9680 9205 9185
f 9163 9151 9119
f 9119 9152 9163
f 9137 9157 9186
f 9165 9158 9128
f 9165 9129 9187
f 9138 9174 9189
f 9167 9142 9168
f 9142 9169 9168
f 9190 9147 9160
f 9171 9170 9148
f 9148 9143 9171
f 9184 9172 9161
f 9155 9150 9173
f 9180 9156 9181
f 9129 9145 9187
f 9145 9138 9189
f 9190 9169 9147
f 9183 9190 9160
f 9160 9200 9183
f 9176 9161 9172
f 9177 9153 9203
f 9185 9234 9135
f 9680 9162 9211
f 9155 9173 9162
f 9242 9162 9173
f 9182 9186 9157
f 9157 9158 9182
f 9188 9187 9145
f 9189 9188 9145
f 9215 9189 9174
f 9207 9166 9146
f 9146 9167 9175
f 9168 9175 9167
f 9170 9208 9120
f 9170 9171 9208
f 9171 9176 9217
f 9176 9172 9217
f 9149 9139 9201
f 9177 9201 9139
f 9177 9203 9202
f 9234 9195 9154
f 9206 9173 9136
f 9179 9136 9124
f 9124 9196 9226
f 9231 9163 9152
f 9164 9192 9152
f 9186 9181 9156
f 9158 9165 9187
f 9166 9207 9199
f 9146 9175 9207
f 9169 9190 9168
f 9120 9208 9200
f 9184 9149 9210
f 9202 9201 9177
f 9191 9203 9153
f 9153 9178 9191
f 9154 9135 9234
f 9173 9206 9242
f 9136 9179 9206
f 9151 9163 9196
f 9192 9231 9152
f 9164 9180 9212
f 9180 9181 9193
f 9159 9215 9174
f 9216 9208 9171
f 9217 9216 9171
f 9217 9172 9209
f 9220 9209 9172
f 9172 9184 9220
f 9210 9220 9184
f 9242 9211 9162
f 9124 9226 9179
f 9212 9192 9164
f 9180 9193 9212
f 9158 9187 9194
f 9214 9194 9187
f 9187 9188 9214
f 9188 9189 9197
f 9215 9197 9189
f 9166 9221 9159
f 9168 9190 9198
f 9190 9183 9246
f 9149 9201 9210
f 9178 9195 9204
f 9230 9234 9185
f 9211 9205 9680
f 9196 9163 9227
f 9182 9158 9213
f 9194 9213 9158
f 9246 9198 9190
f 9228 9219 9200
f 9200 9208 9228
f 9202 9203 9223
f 9204 9191 9178
f 9196 9227 9226
f 9193 9181 9218
f 9181 9186 9218
f 9186 9182 9213
f 9168 9198 9207
f 9198 9199 9207
f 9219 9183 9200
f 9201 9202 9223
f 9195 9224 9204
f 9225 9242 9206
f 9261 9227 9163
f 9231 9261 9163
f 9218 9186 9235
f 9186 9213 9235
f 9214 9188 9197
f 9166 9199 9221
f 9228 9208 9222
f 9217 9209 9236
f 9201 9233 9210
f 9223 9203 9191
f 9195 9234 9224
f 9205 9230 9185
f 9205 9211 9259
f 9206 9179 9225
f 9214 9197 9232
f 9209 9220 9229
f 9234 9230 9271
f 9226 9225 9179
f 9254 9192 9212
f 9193 9254 9212
f 9214 9213 9194
f 9197 9215 9239
f 9222 9208 9236
f 9216 9236 9208
f 9216 9217 9236
f 9236 9209 9229
f 9237 9229 9220
f 9220 9210 9237
f 9210 9233 9237
f 9223 9241 9201
f 9223 9191 9241
f 9204 9224 9253
f 9259 9230 9205
f 9242 9225 9279
f 9218 9254 9193
f 9232 9197 9239
f 9221 9215 9159
f 9221 9199 9245
f 9199 9198 9245
f 9225 9226 9279
f 9226 9227 9260
f 9231 9273 9261
f 9192 9247 9231
f 9238 9254 9218
f 9213 9214 9255
f 9232 9256 9214
f 9262 9239 9215
f 9198 9246 9291
f 9219 9266 9183
f 9240 9250 9229
f 9233 9201 9251
f 9234 9258 9224
f 9242 9265 9211
f 9261 9272 9227
f 9218 9235 9243
f 9235 9213 9243
f 9255 9243 9213
f 9232 9239 9244
f 9221 9262 9215
f 9228 9275 9219
f 9228 9222 9248
f 9236 9248 9222
f 9236 9229 9250
f 9229 9237 9240
f 9201 9241 9251
f 9253 9224 9258
f 9234 9271 9258
f 9265 9259 9211
f 9260 9279 9226
f 9272 9260 9227
f 9247 9273 9231
f 9254 9247 9192
f 9218 9243 9238
f 9244 9256 9232
f 9221 9245 9290
f 9291 9245 9198
f 9275 9266 9219
f 9250 9249 9236
f 9237 9233 9269
f 9233 9251 9269
f 9253 9191 9204
f 9256 9255 9214
f 9290 9262 9221
f 9248 9267 9228
f 9251 9241 9270
f 9241 9191 9252
f 9191 9253 9252
f 9262 9289 9239
f 9291 9290 9245
f 9267 9275 9228
f 9248 9236 9249
f 9250 9257 9249
f 9250 9240 9276
f 9240 9237 9264
f 9269 9264 9237
f 9253 9258 9278
f 9242 9279 9265
f 9243 9288 9238
f 9282 9256 9244
f 9246 9183 9266
f 9248 9249 9611
f 9276 9257 9250
f 9264 9276 9240
f 9251 9270 9269
f 9252 9270 9241
f 9272 9261 9280
f 9273 9309 9261
f 9254 9238 9287
f 9288 9287 9238
f 9274 9288 9243
f 9243 9255 9281
f 9256 9281 9255
f 9267 9248 9611
f 9611 9249 9263
f 9249 9257 9263
f 9270 9252 9277
f 9309 9280 9261
f 9287 9247 9254
f 9295 9282 9244
f 9289 9244 9239
f 9246 9292 9291
f 9252 9253 9278
f 9271 9230 9307
f 9265 9279 9332
f 9322 9332 9279
f 9281 9274 9243
f 9282 9281 9256
f 9298 9290 9291
f 9266 9292 9246
f 9268 9263 9257
f 9276 9268 9257
f 9283 9269 9270
f 9277 9283 9270
f 9278 9277 9252
f 9258 9312 9278
f 9230 9259 9313
f 9279 9260 9322
f 9272 9322 9260
f 9264 9269 9301
f 9258 9271 9328
f 9265 9313 9259
f 9247 9309 9273
f 9247 9287 9303
f 9244 9289 9295
f 9306 9268 9276
f 9269 9283 9294
f 9328 9312 9258
f 9230 9313 9307
f 9272 9280 9284
f 9282 9295 9310
f 9262 9290 9326
f 9267 9611 9305
f 9263 9268 9293
f 9285 9306 9276
f 9276 9264 9285
f 9264 9301 9285
f 9269 9294 9301
f 9286 9283 9277
f 9277 9278 9286
f 9312 9319 9278
f 9322 9272 9284
f 9267 9336 9275
f 9336 9267 9305
f 9294 9283 9311
f 9284 9280 9308
f 9302 9308 9280
f 9309 9302 9280
f 9309 9247 9333
f 9247 9303 9333
f 9297 9303 9287
f 9287 9288 9297
f 9324 9314 9274
f 9274 9281 9324
f 9281 9282 9310
f 9298 9291 9335
f 9291 9292 9315
f 9316 9293 9268
f 9316 9268 9306
f 9306 9285 9299
f 9286 9311 9283
f 9278 9319 9286
f 9296 9328 9271
f 9271 9307 9296
f 9265 9332 9321
f 9323 9297 9288
f 9288 9274 9323
f 9314 9323 9274
f 9281 9310 9325
f 9326 9289 9262
f 9290 9298 9351
f 9315 9335 9291
f 9292 9266 9304
f 9266 9275 9304
f 9336 9304 9275
f 9305 9611 9330
f 9299 9285 9300
f 9285 9301 9300
f 9339 9313 9265
f 9265 9321 9339
f 9325 9324 9281
f 9351 9326 9290
f 9298 9335 9351
f 9318 9300 9301
f 9301 9294 9318
f 9311 9327 9294
f 9340 9302 9309
f 9333 9340 9309
f 9306 9299 9317
f 9299 9300 9317
f 9311 9286 9338
f 9319 9338 9286
f 9312 9320 9319
f 9328 9320 9312
f 9325 9310 9356
f 9310 9295 9356
f 9326 9329 9289
f 9315 9292 9304
f 9347 9316 9306
f 9306 9317 9347
f 9327 9337 9294
f 9338 9327 9311
f 9322 9284 9308
f 9295 9289 9329
f 9330 9350 9305
f 9331 9338 9319
f 9349 9296 9307
f 9307 9313 9349
f 9332 9322 9344
f 9308 9344 9322
f 9308 9302 9345
f 9302 9340 9345
f 9342 9333 9303
f 9303 9297 9342
f 9314 9324 9325
f 9363 9356 9295
f 9351 9334 9326
f 9295 9329 9363
f 9330 9316 9358
f 9300 9318 9348
f 9304 9336 9346
f 9305 9357 9336
f 9348 9317 9300
f 9318 9337 9353
f 9327 9338 9337
f 9320 9331 9319
f 9321 9332 9371
f 9344 9371 9332
f 9345 9340 9382
f 9341 9340 9333
f 9333 9342 9341
f 9325 9343 9314
f 9334 9329 9326
f 9350 9357 9305
f 9360 9347 9317
f 9366 9328 9296
f 9349 9366 9296
f 9339 9321 9371
f 9341 9382 9340
f 9351 9335 9379
f 9315 9379 9335
f 9346 9364 9304
f 9346 9336 9357
f 9358 9316 9369
f 9316 9347 9369
f 9348 9360 9317
f 9348 9318 9353
f 9313 9339 9349
f 9355 9297 9323
f 9323 9314 9355
f 9314 9343 9355
f 9343 9325 9368
f 9375 9363 9329
f 9338 9331 9380
f 9370 9349 9339
f 9339 9371 9370
f 9344 9308 9406
f 9342 9297 9362
f 9334 9375 9329
f 9334 9351 9391
f 9347 9360 9369
f 9360 9348 9361
f 9348 9353 9361
f 9354 9338 9380
f 9331 9320 9365
f 9320 9328 9366
f 9367 9371 9344
f 9362 9341 9342
f 9355 9362 9297
f 9368 9325 9356
f 9304 9376 9315
f 9352 9357 9350
f 9358 9352 9350
f 9353 9337 9378
f 9346 9357 9364
f 9369 9359 9358
f 9378 9361 9353
f 9365 9381 9331
f 9387 9366 9349
f 9345 9406 9308
f 9362 9355 9643
f 9644 9643 9355
f 9343 9644 9355
f 9363 9375 9384
f 9379 9391 9351
f 9376 9379 9315
f 9364 9376 9304
f 9364 9357 9377
f 9359 9352 9358
f 9386 9369 9360
f 9360 9361 9386
f 9337 9354 9378
f 9380 9331 9381
f 9320 9366 9365
f 9406 9367 9344
f 9372 9406 9345
f 9382 9372 9345
f 9356 9363 9400
f 9395 9375 9334
f 9334 9391 9395
f 9400 9399 9368
f 9368 9356 9400
f 9357 9352 9377
f 9361 9378 9386
f 9378 9354 9393
f 9380 9393 9354
f 9373 9394 9362
f 9374 9343 9390
f 9343 9368 9390
f 9384 9400 9363
f 9352 9359 9385
f 9365 9366 9412
f 9387 9412 9366
f 9349 9370 9387
f 9371 9367 9388
f 9415 9388 9367
f 9406 9415 9367
f 9341 9362 9394
f 9409 9642 9374
f 9374 9390 9383
f 9384 9375 9401
f 9395 9401 9375
f 9391 9379 9419
f 9377 9396 9364
f 9377 9352 9420
f 9369 9386 9405
f 9428 9386 9378
f 9392 9428 9378
f 9378 9393 9392
f 9388 9370 9371
f 9409 9374 9383
f 9402 9395 9391
f 9379 9376 9403
f 9420 9352 9385
f 9381 9411 9380
f 9381 9365 9440
f 9412 9440 9365
f 9412 9387 9413
f 9398 9431 9372
f 9372 9382 9398
f 9341 9398 9382
f 9390 9860 9383
f 9401 9400 9384
f 9403 9419 9379
f 9376 9364 9404
f 9396 9404 9364
f 9405 9359 9369
f 9397 9392 9393
f 9411 9393 9380
f 9440 9411 9381
f 9387 9370 9413
f 9370 9388 9414
f 9431 9406 9372
f 9341 9394 9398
f 9394 9645 9416
f 9410 9645 9389
f 9408 9410 9389
f 9642 9408 9389
f 9417 9390 9368
f 9368 9399 9417
f 9419 9402 9391
f 9404 9403 9376
f 9385 9427 9420
f 9385 9359 9427
f 9433 9428 9392
f 9397 9433 9392
f 9411 9397 9393
f 9414 9441 9370
f 9415 9414 9388
f 9407 9398 9394
f 9416 9645 9410
f 9409 9408 9642
f 9409 9383 9437
f 9418 9417 9399
f 9395 9402 9426
f 9405 9427 9359
f 9405 9386 9450
f 9413 9370 9441
f 9415 9406 9423
f 9398 9407 9693
f 9442 9418 9399
f 9399 9400 9442
f 9400 9401 9442
f 9401 9395 9444
f 9396 9377 9420
f 9386 9428 9450
f 9397 9411 9421
f 9412 9413 9429
f 9431 9423 9406
f 9416 9410 9447
f 9436 9447 9410
f 9408 9409 9459
f 9437 9459 9409
f 9434 9425 9417
f 9418 9434 9417
f 9402 9419 9453
f 9404 9396 9438
f 9420 9438 9396
f 9422 9421 9411
f 9411 9440 9422
f 9440 9412 9429
f 9414 9415 9430
f 9410 9408 9436
f 9395 9426 9444
f 9453 9426 9402
f 9419 9403 9449
f 9455 9427 9405
f 9450 9455 9405
f 9445 9429 9413
f 9441 9445 9413
f 9423 9430 9415
f 9423 9431 9435
f 9431 9398 9432
f 9693 9432 9398
f 9459 9436 9408
f 9444 9442 9401
f 9428 9433 9451
f 9439 9433 9421
f 9422 9439 9421
f 9430 9441 9414
f 9432 9435 9431
f 9447 9446 9416
f 9447 9436 9481
f 9444 9426 9443
f 9453 9443 9426
f 9449 9453 9419
f 9404 9438 9464
f 9438 9420 9454
f 9427 9454 9420
f 9427 9455 9467
f 9422 9440 9457
f 9423 9435 9694
f 9436 9459 9481
f 9437 9860 9460
f 9425 9460 9860
f 9442 9444 9443
f 9403 9404 9464
f 9456 9455 9450
f 9451 9450 9428
f 9439 9451 9433
f 9439 9422 9457
f 9440 9429 9457
f 9445 9468 9429
f 9441 9430 9473
f 9452 9442 9469
f 9442 9443 9469
f 9449 9463 9453
f 9467 9454 9427
f 9468 9457 9429
f 9445 9441 9458
f 9473 9458 9441
f 9446 9447 9448
f 9481 9448 9447
f 9459 9437 9460
f 9425 9434 9461
f 9452 9461 9434
f 9452 9469 9462
f 9443 9453 9470
f 9438 9454 9465
f 9451 9456 9450
f 9461 9452 9462
f 9469 9443 9478
f 9463 9470 9453
f 9449 9403 9466
f 9403 9464 9466
f 9467 9465 9454
f 9467 9455 9499
f 9456 9499 9455
f 9490 9456 9451
f 9462 9469 9475
f 9449 9466 9463
f 9464 9438 9465
f 9451 9439 9490
f 9692 9695 9474
f 9448 9481 9485
f 9481 9459 9496
f 9459 9460 9496
f 9485 9477 9448
f 9460 9425 9486
f 9443 9470 9478
f 9465 9484 9464
f 9499 9489 9467
f 9490 9439 9479
f 9457 9479 9439
f 9468 9471 9457
f 9468 9445 9472
f 9492 9472 9445
f 9445 9458 9492
f 9476 9458 9473
f 9461 9486 9425
f 9475 9461 9462
f 9463 9466 9504
f 9466 9464 9484
f 9465 9467 9489
f 9457 9471 9479
f 9491 9471 9468
f 9472 9491 9468
f 9476 9492 9458
f 9482 9475 9469
f 9469 9478 9482
f 9478 9470 9483
f 9463 9504 9483
f 9484 9504 9466
f 9499 9456 9490
f 9694 9480 9493
f 9494 9480 9692
f 9692 9474 9494
f 9477 9494 9474
f 9486 9496 9460
f 9470 9463 9483
f 9465 9624 9484
f 9465 9489 9624
f 9471 9491 9508
f 9461 9475 9501
f 9475 9482 9501
f 9502 9482 9478
f 9478 9483 9502
f 9504 9503 9483
f 9504 9484 9497
f 9471 9508 9479
f 9491 9472 9523
f 9472 9492 9523
f 9476 9473 9493
f 9473 9694 9493
f 9494 9477 9495
f 9486 9461 9487
f 9503 9502 9483
f 9488 9497 9484
f 9623 9488 9484
f 9484 9624 9623
f 9499 9498 9489
f 9524 9523 9492
f 9509 9492 9476
f 9493 9480 9500
f 9494 9500 9480
f 9495 9510 9494
f 9481 9496 9485
f 9501 9487 9461
f 9504 9497 9505
f 9624 9489 9498
f 9490 9479 9522
f 9508 9522 9479
f 9515 9508 9491
f 9523 9515 9491
f 9524 9492 9509
f 9476 9493 9509
f 9506 9509 9493
f 9500 9506 9493
f 9500 9494 9510
f 9477 9485 9511
f 9496 9511 9485
f 9496 9486 9530
f 9511 9510 9495
f 9495 9477 9511
f 9522 9498 9499
f 9499 9490 9522
f 9487 9530 9486
f 9503 9504 9521
f 9504 9505 9521
f 9497 9488 9513
f 9525 9524 9509
f 9501 9507 9512
f 9498 9534 9623
f 9509 9506 9526
f 9500 9510 9516
f 9510 9511 9529
f 9517 9529 9511
f 9511 9496 9517
f 9530 9517 9496
f 9487 9501 9530
f 9512 9530 9501
f 9498 9522 9534
f 9509 9526 9525
f 9529 9533 9510
f 9518 9512 9507
f 9505 9514 9521
f 9505 9497 9513
f 9534 9532 9623
f 9508 9515 9528
f 9515 9523 9528
f 9533 9516 9510
f 9533 9529 9547
f 9519 9527 9518
f 9512 9518 9531
f 9527 9531 9518
f 9519 9520 9527
f 9545 9527 9520
f 9520 9521 9545
f 9521 9514 9545
f 9522 9528 9540
f 9537 9528 9523
f 9535 9537 9523
f 9523 9524 9535
f 9524 9525 9535
f 9526 9535 9525
f 9543 9517 9530
f 9514 9505 9539
f 9505 9513 9539
f 9540 9534 9522
f 9526 9516 9533
f 9529 9517 9543
f 9530 9512 9543
f 9531 9527 9538
f 9534 9536 9532
f 9526 9731 9535
f 9531 9543 9512
f 9539 9532 9536
f 9543 9547 9529
f 9546 9545 9514
f 9539 9546 9514
f 9536 9534 9552
f 9731 9526 9549
f 9542 9541 9533
f 9533 9547 9542
f 9550 9531 9538
f 9551 9546 9539
f 9552 9861 9536
f 9534 9540 9552
f 9541 9549 9526
f 9537 9535 9556
f 9732 9556 9535
f 9731 9732 9535
f 9550 9541 9542
f 9547 9550 9542
f 9544 9547 9543
f 9538 9545 9733
f 9552 9540 9555
f 9540 9548 9555
f 9541 9553 9549
f 9544 9550 9547
f 9733 9541 9550
f 9733 9545 9554
f 9546 9554 9545
f 9546 9551 9554
f 9554 9861 9732
f 9556 9732 9861
f 9861 9555 9556
f 8712 8705 8683
f 633 9622 634
f 1006 1016 990
f 4678 4743 4702
f 871 834 835
f 9433 9397 9421
f 6684 6607 6524
f 5694 5681 5668
f 1756 1820 1796
f 7909 8092 8064
f 743 760 853
f 853 760 782
f 9041 9068 9100
f 3655 3713 3688
f 4916 5127 5044
f 6998 6997 6883
f 5123 4982 5069
f 8424 8435 8425
f 6871 6934 6955
f 1170 1044 1098
f 4953 4911 4968
f 7299 7399 7281
f 3794 9617 9616
f 8771 9557 8745
f 9558 5457 5423
f 3688 3654 3655
f 9563 4377 9599
f 1558 9566 1488
f 6730 6883 6801
f 5607 5713 5540
f 3375 3410 3311
f 7711 7863 7778
f 3483 3501 3413
f 9526 9533 9541
f 9552 9555 9861
f 3734 3751 3790
f 1337 1428 1360
f 7270 7372 7355
f 6722 7071 6917
f 6291 6255 6450
f 634 680 647
f 252 280 319
f 7227 7296 7351
f 8648 8649 8683
f 1702 1754 1701
f 755 658 761
f 5877 5768 5802
f 5611 5563 9739
f 5563 5564 9739
f 9506 9500 9516
f 9508 9528 9522
f 6416 6395 6353
f 5657 5460 5573
f 6739 6607 6684
f 6197 6209 6131
f 9539 9513 9532
f 4756 4645 4733
f 4218 4207 4158
f 7168 7082 7083
f 596 567 597
f 369 368 353
f 7681 7528 7588
f 7588 7528 7575
f 8594 9560 8615
f 8594 8573 9560
f 8874 9561 8884
f 8874 8885 9561
f 7521 7470 7593
f 9562 8560 8550
f 6500 6373 6387
f 9563 4459 4405
f 463 9564 421
f 2532 2617 2593
f 7593 7618 7596
f 7605 7596 7618
f 6706 7016 6781
f 3876 3923 3906
f 8976 8997 8969
f 6530 6430 6521
f 6354 6464 6379
f 1124 1159 1053
f 499 567 473
f 596 473 567
f 9337 9318 9294
f 5917 6131 5989
f 721 736 676
f 5941 5964 5894
f 5894 5964 5910
f 9565 1112 1140
f 1128 1129 1193
f 1115 1193 1129
f 9566 1558 1584
f 789 809 771
f 771 809 9567
f 4738 4884 9568
f 4898 9568 4884
f 6082 6258 6162
f 7505 7758 9569
f 4544 4543 4504
f 4067 4068 4147
f 9024 9042 9019
f 9042 9037 9019
f 3906 3875 3876
f 3717 9571 3582
f 1378 1420 1301
f 1439 1558 1428
f 4953 5070 4982
f 1706 1697 9572
f 4807 4733 4789
f 4847 4733 4807
f 6706 6781 6625
f 6788 9610 6926
f 9573 544 519
f 3790 3858 3784
f 5439 5340 5391
f 9574 6323 6268
f 9501 9482 9507
f 9482 9502 9507
f 9337 9338 9354
f 7174 7270 7355
f 7232 7174 7355
f 9551 9536 9861
f 9539 9536 9551
f 986 891 1066
f 1066 891 906
f 4727 4714 4764
f 4909 4889 4851
f 5182 5044 5127
f 924 881 775
f 881 9575 775
f 775 9575 860
f 5171 5049 5204
f 5171 5064 5049
f 5049 5031 5204
f 6804 6889 6888
f 5037 4889 4923
f 2469 2472 2484
f 5786 5732 5838
f 5838 5732 5839
f 1075 9576 1086
f 8594 8615 8648
f 807 830 9577
f 7137 9578 7122
f 4072 4002 3990
f 1079 986 1066
f 5614 5764 5603
f 5764 5717 5603
f 5603 5717 5655
f 5210 5123 5191
f 5152 5192 5191
f 3581 9571 3466
f 3581 3582 9571
f 6684 6608 6700
f 1847 1750 1859
f 7554 7492 7677
f 7492 7555 7677
f 4161 4311 4347
f 4161 4219 4311
f 251 311 205
f 268 205 311
f 4378 9579 4316
f 2734 2754 2789
f 2779 2693 9580
f 2693 2735 9580
f 3157 3153 3232
f 5841 5713 5884
f 776 924 737
f 9350 9330 9358
f 7038 7006 6932
f 6932 7006 6953
f 9452 9418 9442
f 9418 9452 9434
f 8847 8875 8846
f 8879 8875 8847
f 7677 7650 7712
f 6766 9582 6705
f 2463 2377 2473
f 2463 2424 2377
f 5436 5271 5372
f 5271 5436 5306
f 9014 8987 8977
f 8987 9583 8977
f 8987 8998 8983
f 8987 8983 9583
f 9584 8526 8567
f 9584 8566 8526
f 8567 8526 8544
f 8042 9585 7919
f 7919 9585 7803
f 596 597 735
f 735 597 662
f 673 596 735
f 4067 3906 4003
f 3906 3923 4003
f 433 9586 432
f 432 9586 463
f 8970 8969 8939
f 8969 8970 8976
f 5382 5504 5363
f 5363 5504 5455
f 1236 1159 1278
f 9587 4642 4661
f 9587 4613 4583
f 4612 4613 9587
f 6655 6656 6795
f 6656 6729 6795
f 9109 9047 9588
f 9067 9588 9047
f 4321 4386 4344
f 4344 4386 4385
f 7686 7672 7772
f 4344 4293 4321
f 4321 4293 4284
f 2656 2676 9590
f 9590 2693 2656
f 2473 9591 2463
f 2473 2609 9591
f 2609 2608 9591
f 4427 4385 4386
f 4385 4427 4494
f 5092 5053 5054
f 4968 5054 5053
f 6487 6612 6625
f 9592 7473 7619
f 9168 9207 9175
f 5707 9594 5619
f 5707 5662 9593
f 9594 5707 9593
f 905 9595 875
f 816 9595 850
f 875 9595 816
f 1850 1794 1754
f 1794 1850 1818
f 5691 5664 5665
f 5640 5664 5691
f 5640 5691 5663
f 4440 9677 9596
f 9596 9677 4406
f 9596 4461 4498
f 4461 9596 4406
f 9425 9860 9417
f 9417 9860 9390
f 8674 8695 8684
f 8695 9597 8684
f 8684 9597 8673
f 5107 5152 5105
f 3131 3119 3024
f 3177 3119 3131
f 4560 4580 4551
f 4572 4592 9598
f 4572 9598 4580
f 4280 9599 4229
f 4229 9599 4377
f 957 9600 970
f 9600 971 9601
f 957 971 9600
f 9603 7190 9602
f 7322 9603 9602
f 627 655 592
f 3828 3794 3795
f 762 9605 761
f 879 878 9604
f 761 9605 879
f 879 9604 761
f 7711 9606 7553
f 7553 9606 9725
f 9607 5341 5245
f 5391 5340 5341
f 6689 6777 6690
f 8669 8690 8694
f 8668 8694 8723
f 8723 8694 8706
f 869 870 929
f 929 942 941
f 929 872 942
f 943 942 9608
f 7443 7426 7528
f 7426 7294 7528
f 9609 7528 7294
f 6926 7154 6970
f 6926 9610 7154
f 7154 9610 7020
f 9316 9330 9293
f 9330 9611 9293
f 9611 9263 9293
f 5600 9613 5680
f 9614 9613 9612
f 5600 9612 9613
f 8913 8954 8932
f 8913 8947 8986
f 8995 9615 8986
f 8913 8986 8954
f 9615 8954 8986
f 3483 3624 3502
f 9616 9617 3502
f 9616 3502 3624
f 5161 5307 5270
f 5307 5271 5270
f 7764 7724 9618
f 7724 7629 9618
f 7629 7581 9618
f 7281 7154 7299
f 7299 7154 7114
f 9620 9621 575
f 9621 9620 9619
f 606 9619 9620
f 9622 606 9620
f 9532 9513 9488
f 9623 9624 9498
f 9488 9623 9532
f 7174 9625 7064
f 9625 7174 9626
f 7232 9626 7174
f 9521 9520 9503
f 9502 9519 9518
f 9502 9518 9507
f 9519 9503 9520
f 9502 9503 9519
f 5061 4915 9627
f 4915 4898 9627
f 8822 8835 8839
f 8847 9632 9630
f 9630 9629 8840
f 8835 9628 9629
f 9628 8840 9629
f 9630 9632 9629
f 8835 9632 8839
f 8835 9629 9632
f 9631 8848 9628
f 633 9633 606
f 670 9633 633
f 669 668 670
f 606 9633 621
f 670 646 9633
f 621 9633 646
f 646 670 668
f 9046 9636 9638
f 9635 9634 9637
f 9634 9638 9637
f 9110 9638 9634
f 9638 9110 9121
f 9636 8995 9637
f 9636 9637 9638
f 1015 1014 9641
f 1005 9639 987
f 1005 1030 9639
f 9639 9640 975
f 1005 1014 1030
f 9641 1014 1005
f 1030 9640 9639
f 1876 1915 1888
f 1926 1790 1915
f 1813 1915 1790
f 9343 9374 9644
f 9394 9373 9645
f 9644 9374 9643
f 9643 9389 9645
f 9645 9373 9643
f 9389 9643 9642
f 9642 9643 9374
f 5552 9647 5624
f 5552 5536 9647
f 5536 9646 9647
f 9646 5558 5572
f 9646 5572 5571
f 5571 9647 9646
f 8530 9651 8425
f 9651 9648 8555
f 9651 8555 9649
f 8425 9649 8464
f 9650 8555 9648
f 8554 8555 9650
f 8603 8554 9650
f 8425 9651 9649
f 4094 3916 4045
f 6421 6374 6286
f 6576 6641 6717
f 9652 6374 6421
f 9652 6523 6374
f 6421 6576 9652
f 9652 6576 6717
f 1049 9653 1040
f 1017 1087 1049
f 1012 985 9654
f 1037 1038 9655
f 9653 9655 1038
f 985 968 9654
f 1041 1049 1040
f 1041 1012 9654
f 1041 9654 1049
f 1040 9653 1038
f 968 1049 9654
f 800 780 9658
f 9657 692 614
f 780 9656 9658
f 707 781 9659
f 9656 9660 9658
f 9659 687 707
f 9657 9661 9662
f 9657 9662 692
f 800 9658 9659
f 9662 642 9660
f 9658 9660 642
f 9658 642 687
f 687 9659 9658
f 781 800 9659
f 9656 692 9660
f 9660 692 9662
f 9661 641 9662
f 1142 1113 1128
f 1114 1128 1065
f 916 9664 9666
f 969 9663 9664
f 1119 9665 1142
f 874 9667 949
f 9665 1128 1113
f 1142 9665 1113
f 1065 1128 9663
f 9665 9664 9663
f 1128 9665 9663
f 9667 9665 949
f 9667 9666 9664
f 949 1119 963
f 949 9665 1119
f 9665 9667 9664
f 9667 825 9666
f 9670 968 9671
f 930 9668 9671
f 847 859 911
f 847 922 9668
f 9668 889 9669
f 9608 889 930
f 9668 978 9671
f 911 922 847
f 9671 978 9673
f 9673 9670 9671
f 9668 922 978
f 9668 930 889
f 847 9668 9669
f 978 9672 9673
f 9676 4406 9677
f 4147 4243 4250
f 9674 9675 9676
f 9676 4250 4243
f 9675 4250 9676
f 9674 9676 9677
f 9678 9679 9680
f 9155 9680 9679
f 9680 9092 9678
f 9681 9682 396
f 317 352 9688
f 352 396 9682
f 9685 9684 339
f 9681 9683 9684
f 339 9683 325
f 9682 9681 9684
f 352 9682 9688
f 9681 384 9683
f 9686 9683 384
f 9682 9684 9685
f 9687 352 317
f 339 9684 9683
f 9682 9685 9688
f 339 303 9685
f 4782 9690 4921
f 4919 4932 9691
f 9691 4748 4764
f 5085 5103 9689
f 4932 9690 9691
f 4782 4748 9690
f 4921 9690 4932
f 4764 4919 9691
f 5145 4921 5103
f 4921 4932 9689
f 9690 4748 9691
f 5103 4921 9689
f 9430 9694 9473
f 9416 9424 9394
f 9430 9423 9694
f 9435 9432 9480
f 9432 9693 9692
f 9407 9695 9693
f 9692 9693 9695
f 9416 9446 9424
f 9435 9480 9694
f 9692 9480 9432
f 9446 9695 9424
f 9407 9394 9424
f 9407 9424 9695
f 4663 4638 4640
f 4680 4640 4638
f 4727 9697 4690
f 4701 9697 4727
f 4690 9697 4715
f 4716 4704 4730
f 4704 4680 4639
f 9696 4639 9697
f 4704 4639 4730
f 9697 4701 9696
f 4663 4640 4679
f 4730 4639 9696
f 393 9703 427
f 9701 346 347
f 9703 9702 427
f 9701 351 9703
f 351 9701 318
f 296 9698 295
f 347 318 9701
f 9699 9700 346
f 9698 318 347
f 347 320 9698
f 9703 393 9701
f 335 9700 9699
f 9699 346 9701
f 393 9699 9701
f 5238 9705 5324
f 5144 9705 5238
f 9706 9705 5108
f 5008 4847 9704
f 9704 4807 9706
f 4848 5056 9706
f 4807 9704 4847
f 9704 9706 5108
f 4848 9706 4807
f 9707 2484 2472
f 2443 9711 9710
f 9710 9711 2422
f 9711 2359 2422
f 9708 2679 9709
f 2484 9710 2422
f 2484 9707 9710
f 2508 9710 9707
f 9709 2519 9708
f 2359 9711 2321
f 2607 2508 9709
f 2519 9709 9707
f 9707 9709 2508
f 9715 9719 4653
f 4574 4636 4594
f 4635 4594 4636
f 4659 9721 4641
f 4623 9713 9719
f 4653 9719 4673
f 4624 4635 9713
f 4636 9720 4635
f 9718 4673 9719
f 9721 9716 9712
f 9721 4658 9716
f 9717 9718 9713
f 4674 9717 9720
f 9713 9718 9719
f 9716 9720 4596
f 9715 4609 9719
f 4658 4674 9720
f 9720 9717 4635
f 9712 9716 9714
f 9721 9712 4641
f 4658 9720 9716
f 4635 9717 9713
f 4596 9714 9716
f 4609 4623 9719
f 9717 4674 9718
f 6850 9727 9730
f 7553 9725 9728
f 9726 7341 9722
f 9724 7079 9723
f 7271 7326 9723
f 9724 9729 9727
f 7326 9726 9722
f 9722 7223 9729
f 6795 6850 6882
f 9729 9723 9722
f 9727 6851 9724
f 9728 9725 9726
f 7326 9728 9726
f 6851 9582 9724
f 9723 9729 9724
f 6882 6850 9730
f 9730 9729 6882
f 9730 9727 9729
f 7326 9722 9723
f 9537 9548 9528
f 9541 9733 9553
f 9732 9553 9554
f 9554 9553 9733
f 9550 9544 9531
f 9531 9544 9543
f 9731 9553 9732
f 9550 9538 9733
f 9549 9553 9731
f 9735 6076 6232
f 6218 9735 6232
f 6218 6076 9735
f 9734 9736 5996
f 5634 9739 9737
f 9737 9740 5741
f 5996 9742 9734
f 9734 9742 6005
f 9741 9736 5925
f 9738 6005 9742
f 6076 9738 9742
f 5741 9741 5925
f 9740 9741 5741
f 6218 9738 6076
f 9741 5996 9736
f 7087 7116 9744
f 9743 9750 7563
f 7816 7836 7735
f 7563 9750 7604
f 7116 9749 9744
f 7400 9744 9749
f 7836 9745 7735
f 9752 9746 7415
f 7836 7872 9745
f 7415 9746 9743
f 9748 9743 7431
f 9751 9746 9752
f 9751 9749 7116
f 9750 9743 9748
f 9746 7431 9743
f 7431 9751 7318
f 7318 9751 9747
f 9745 9748 7735
f 7116 9747 9751
f 9749 9751 9752
f 9745 9750 9748
f 9752 7400 9749
f 7431 9746 9751
f 3404 3292 3387
f 3246 3387 3292
f 3246 3053 3126
f 2924 9755 2829
f 2988 3081 3102
f 3126 3053 2998
f 9754 3045 9755
f 3053 3246 9753
f 3053 9753 3081
f 9755 2924 9754
f 3292 9753 3246
f 6568 9759 9758
f 9760 9625 6968
f 6520 6568 6567
f 6568 6520 9757
f 9759 9757 6640
f 6507 6640 9757
f 6839 9756 6771
f 9758 6839 6968
f 6507 9757 9761
f 6771 9759 6640
f 6362 9761 6428
f 9759 6771 9756
f 9760 6968 6839
f 6839 9758 9756
f 9758 9759 9756
f 7107 9772 7254
f 9764 9763 7134
f 7134 9763 7066
f 7323 9772 7127
f 7289 9772 7323
f 6665 9769 9767
f 6618 9767 6638
f 6638 9769 9773
f 6871 6848 6872
f 9768 9764 7116
f 6875 9776 9774
f 6875 6860 9776
f 9775 9777 9766
f 7066 9763 6860
f 6934 9766 6955
f 6955 9766 9762
f 6638 9773 6736
f 6859 9776 6860
f 9769 9774 9773
f 6859 9775 9776
f 6859 9763 9764
f 9772 6955 9770
f 9777 9775 9768
f 9772 9770 7127
f 6955 9762 9770
f 9770 9762 9765
f 9767 9769 6638
f 9775 9771 9776
f 6736 9771 6872
f 6859 9764 9768
f 9766 9771 9775
f 9772 7107 6955
f 9771 9773 9774
f 9771 9774 9776
f 9777 6950 9765
f 9762 9777 9765
f 6736 6872 6848
f 9765 6876 9770
f 9777 9762 9766
f 6736 9773 9771
f 9768 9775 6859
f 6961 7012 9788
f 7162 9788 7012
f 6907 9780 7146
f 7040 9788 7162
f 7166 9785 9797
f 6956 9783 6976
f 6918 9790 6853
f 9786 6976 9796
f 6996 9781 6918
f 6858 6976 9786
f 6853 9790 6870
f 9787 9795 9786
f 9780 9791 9793
f 6996 9789 9781
f 9797 9785 9799
f 9787 9798 9799
f 9794 9779 9792
f 9787 9793 9795
f 9793 9781 9795
f 6870 9790 9791
f 9798 9796 9783
f 9798 9786 9796
f 9797 9782 7166
f 9798 9783 9797
f 9786 9778 6858
f 9790 6918 9781
f 7185 7146 9780
f 9787 9799 9780
f 9784 9947 9795
f 9789 9779 9781
f 9799 9798 9797
f 9780 9785 7185
f 9796 6976 9783
f 9789 9788 7040
f 9793 9791 9790
f 6996 9788 9789
f 9792 9779 7040
f 9947 9786 9795
f 9794 9781 9779
f 9786 9947 9778
f 9785 9780 9799
f 9781 9794 9795
f 9787 9786 9798
f 9783 9782 9797
f 9787 9780 9793
f 9790 9781 9793
f 9946 9947 9784
f 9795 9794 9784
f 65 9810 33
f 9802 33 9810
f 68 55 9812
f 9805 9841 6
f 9814 35 9825
f 7 6 9841
f 9819 9827 3
f 3 18 9819
f 26 25 9804
f 83 9803 9828
f 30 83 9828
f 9807 9839 9834
f 9831 9822 9800
f 9830 9800 26
f 9829 9832 9843
f 9834 9839 9802
f 9817 3 9827
f 18 2 9819
f 9809 9825 9829
f 9826 9807 9836
f 9824 94 9802
f 9828 9813 30
f 9811 9820 9815
f 9809 9829 9805
f 9808 9837 9816
f 9813 9822 31
f 9804 9830 26
f 9809 9812 9814
f 9816 9807 9826
f 9812 9809 9805
f 9843 9808 9816
f 9806 9832 9825
f 9826 9820 9842
f 9800 9803 26
f 9808 9843 61
f 9833 9811 9821
f 94 33 9802
f 9800 9822 9828
f 9831 9818 9823
f 9823 9818 9840
f 9832 9806 61
f 9843 9832 61
f 9814 9825 9809
f 9826 9842 9841
f 9842 7 9841
f 9811 9833 9820
f 9838 9811 9815
f 9815 9826 9836
f 9826 9815 9820
f 9818 9831 9835
f 9802 9839 9824
f 9819 9840 9827
f 23 9801 9835
f 9816 9839 9807
f 9819 9823 9840
f 9824 9839 9837
f 9816 9826 9843
f 24 9830 9804
f 9811 9838 22
f 9801 9838 9835
f 9826 9841 9829
f 9831 9830 24
f 9801 22 9838
f 9838 9840 9818
f 9835 9838 9818
f 9810 9817 9836
f 9811 22 9821
f 9823 9819 2
f 9803 9800 9828
f 9828 9822 9813
f 9829 9825 9832
f 9823 2 9831
f 2 9822 9831
f 9840 9836 9817
f 9827 9840 9817
f 68 9812 9805
f 9836 9834 9802
f 9831 24 9835
f 9841 9805 9829
f 9807 9834 9836
f 9815 9836 9840
f 9826 9829 9843
f 9810 9836 9802
f 31 9822 2
f 9800 9830 9831
f 9815 9840 9838
f 9837 9839 9816
f 9842 9820 8
f 8797 9846 9850
f 9557 9857 9853
f 8809 8808 8801
f 8806 9846 8802
f 9845 9858 9854
f 8801 9852 8800
f 8801 8808 9852
f 8800 9852 8791
f 8807 9844 8815
f 8790 9856 9851
f 8802 8797 8814
f 8814 8806 8802
f 9848 9853 9845
f 9845 9850 9858
f 8795 9857 9557
f 8813 9850 9845
f 8790 8791 9856
f 9851 9856 9855
f 9845 9853 9857
f 9844 9847 9855
f 9849 9845 9857
f 9857 8795 9849
f 9854 9858 8825
f 8814 8797 8788
f 9845 9854 9848
f 9848 9854 8829
f 9859 9847 9844
f 8797 8802 9846
f 8824 9848 8829
f 8813 9845 9849
f 9855 9856 8808
f 9852 8808 9856
f 8814 8788 8807
f 9855 9847 9851
f 9859 9844 8807
f 9859 8807 8788
f 9858 9846 8825
f 9846 9858 9850
f 8791 9852 9856
f 9855 8816 9844
f 9373 9362 9643
f 2954 3013 3024
f 6396 6500 6520
f 929 870 872
f 6042 5947 5868
f 1750 1847 1743
f 8600 9584 8567
f 7737 7790 7817
f 9698 320 295
f 4679 4640 4703
f 5482 5465 5466
f 9622 633 606
f 5630 5800 5831
f 6956 7043 9783
f 9783 7043 9782
f 9526 9506 9516
f 541 532 490
f 5663 5639 5640
f 3911 3941 3934
f 651 527 471
f 527 440 471
f 1014 1015 1046
f 9477 9474 9446
f 9448 9477 9446
f 9695 9446 9474
f 5447 5537 5558
f 780 751 9656
f 8099 8054 7962
f 8054 7998 7962
f 9556 9555 9537
f 9555 9548 9537
f 4636 4596 9720
f 3268 3098 3219
f 9528 9548 9540
f 9437 9383 9860
f 4935 4842 4936
f 4842 4835 4936
f 9527 9545 9538
f 9861 9554 9551
f 50 44 1
f 50 9874 44
f 11 53 9904
f 9884 9904 9908
f 9867 9911 10
f 9864 9900 89
f 36 9892 9882
f 13 9866 14
f 9862 51 9897
f 9881 9897 51
f 9875 9874 50
f 43 9872 9893
f 49 9899 9872
f 49 9906 9899
f 48 9906 49
f 46 41 9905
f 46 9905 9891
f 9886 9873 4
f 9870 9880 9879
f 9879 9880 9876
f 9885 9878 9905
f 9875 9877 9879
f 1 9901 9885
f 9884 9908 9910
f 9898 9895 9896
f 13 9873 9866
f 9910 9907 9884
f 44 9901 1
f 9887 9863 9895
f 9885 9905 9883
f 9870 9899 9880
f 9900 9864 9865
f 9883 9898 9896
f 41 40 9905
f 9875 9878 9874
f 9879 9878 9875
f 9885 9901 9878
f 9879 9877 9870
f 9908 9911 9867
f 9863 9869 9909
f 9896 9902 9897
f 9868 9890 9871
f 5 9888 16
f 9886 9884 9907
f 9896 9885 9883
f 9863 9887 9866
f 9873 9869 9866
f 9868 17 9888
f 9871 9890 9905
f 9906 9871 9880
f 9872 9870 9893
f 5 9868 9888
f 9882 9892 9909
f 9864 9882 9909
f 9863 9909 9902
f 9869 9907 9865
f 9903 9868 5
f 49 9872 43
f 9903 9890 9868
f 9872 9899 9870
f 9893 9870 9877
f 9867 9865 9910
f 9865 9867 9900
f 9902 9896 9895
f 9897 9902 9862
f 9907 9869 9873
f 9905 9890 9891
f 9894 9897 1
f 44 9874 9901
f 9866 9887 14
f 9876 9878 9879
f 9880 9905 9876
f 40 9883 9905
f 1 9897 9881
f 9880 9871 9905
f 17 9871 9906
f 9904 9884 9886
f 9910 9908 9867
f 9886 9907 9873
f 40 9898 9883
f 9891 9890 9889
f 9894 9896 9897
f 9896 9894 9885
f 9865 9907 9910
f 9863 9866 9869
f 9902 9909 9862
f 9874 9878 9901
f 9903 9889 9890
f 9904 53 9908
f 9892 9862 9909
f 1 9885 9894
f 9867 89 9900
f 9906 9880 9899
f 9863 9902 9895
f 53 9911 9908
f 9904 9886 12
f 9864 9909 9865
f 9905 9878 9876
f 9868 9871 17
f 9865 9909 9869
f 3576 9933 9913
f 9933 9912 9914
f 9933 9914 9913
f 9912 9915 9914
f 9912 3569 9915
f 3569 9923 9915
f 3569 9916 9923
f 3598 9923 9916
f 3598 9921 9923
f 3544 9922 9921
f 3430 9922 3544
f 9914 9924 9913
f 3430 9919 9922
f 9914 9915 9927
f 9927 9920 9917
f 9928 9922 9920
f 9924 9914 9927
f 3344 9918 9925
f 3232 3253 9929
f 3253 3322 9918
f 9915 9923 9928
f 9918 9929 3253
f 9922 9928 9921
f 9924 9917 3484
f 3562 9913 9924
f 3484 3562 9924
f 9926 3423 9917
f 9922 9919 9920
f 9925 9918 9926
f 9918 3322 9926
f 9926 3322 3423
f 9927 9928 9920
f 9928 9927 9915
f 9927 9917 9924
f 3484 9917 3423
f 9928 9923 9921
f 9917 9920 9926
f 9920 9925 9926
f 9925 9920 9919
f 3227 3209 3189
f 9933 9941 9912
f 3569 9912 9930
f 3227 3296 9936
f 3351 9937 9935
f 9941 3555 9937
f 3339 9931 9937
f 9932 9936 9934
f 9934 9936 3296
f 3296 9942 9931
f 9937 9931 9941
f 9934 9940 9932
f 9912 9941 9930
f 9940 9934 3339
f 9939 9942 9938
f 9935 9937 3555
f 9942 9930 9941
f 9933 3555 9941
f 9930 9942 9939
f 3489 9930 9939
f 9937 3351 3339
f 3296 9938 9942
f 3227 9936 3209
f 3569 9930 3489
f 3209 9936 9932
f 9934 3296 9931
f 3339 9934 9931
f 9941 9931 9942
f 6997 7059 7014
f 7342 9959 7492
f 9961 9953 7141
f 7014 7031 7126
f 7057 9944 7058
f 7082 7081 7083
f 6855 7011 9784
f 9945 9784 7011
f 9957 9953 9961
f 9950 7031 9956
f 9948 7083 7081
f 9958 9945 7009
f 9943 9958 9962
f 9954 7058 9944
f 9953 9957 9952
f 9948 9954 9955
f 9952 9955 9962
f 9961 9960 9950
f 9953 9952 9949
f 7125 9960 9959
f 9961 9956 9957
f 9950 9956 9961
f 9943 9778 9947
f 9784 9945 9946
f 9956 9952 9957
f 9955 7083 9948
f 7204 9951 7141
f 7381 7555 7492
f 9946 9958 9947
f 9949 9952 9962
f 9955 9956 7031
f 9954 9962 9955
f 9961 9959 9960
f 7059 7031 7014
f 9956 9955 9952
f 9958 9943 9947
f 7059 9955 7031
f 7009 9953 9949
f 7492 9959 9951
f 9951 7381 7492
f 9943 9962 9954
f 9943 9954 9944
f 9959 7141 9951
f 7059 7083 9955
f 9949 9962 9958
f 9946 9945 9958
f 9961 7141 9959
f 6764 7047 9966
f 9984 9967 6913
f 9981 9973 6677
f 6913 9967 9968
f 9967 9969 6856
f 9965 9983 9975
f 6861 6806 9975
f 6827 9963 6874
f 6618 9974 6639
f 6856 9972 6748
f 6893 6932 9963
f 9982 9980 9972
f 9978 9970 9981
f 9977 9983 9965
f 9969 9975 9983
f 6807 6734 6806
f 6953 9963 6932
f 6748 9980 9964
f 9968 9967 6914
f 9982 9972 9977
f 9977 9970 9982
f 9979 9966 6893
f 6603 6637 9978
f 9970 9978 6637
f 9979 6893 9963
f 9970 9973 9981
f 9969 9967 9984
f 9980 6672 9964
f 9980 6748 9972
f 6827 9976 9963
f 9972 9969 9983
f 9975 9984 6861
f 9971 9966 9979
f 9975 9969 9984
f 6637 9971 9970
f 9963 9976 9979
f 6856 9969 9972
f 9973 9970 9977
f 9977 9972 9983
f 9981 9974 6603
f 9979 9982 9970
f 9979 9970 9971
f 9980 9976 6672
f 6680 9971 6637
f 9980 9982 9976
f 6806 6734 9965
f 9981 6603 9978
f 9977 9965 9973
f 6806 9965 9975
f 9982 9979 9976
f 6672 6631 9964
f 6734 9973 9965
f 4777 9989 4732
f 4717 9987 9999
f 5266 9988 9997
f 4771 9990 4745
f 4746 10001 9989
f 9998 10000 5194
f 4912 9992 9986
f 4879 9987 4820
f 9999 9987 9992
f 4665 9993 9996
f 4732 10001 4689
f 4731 9994 9989
f 5104 9995 9998
f 4689 9990 4665
f 10000 9998 9995
f 9996 4732 4665
f 9997 9988 9985
f 9985 5477 5544
f 4665 9990 4771
f 4665 4771 4717
f 9995 5425 9988
f 4665 4681 9993
f 4778 9996 9993
f 9987 4879 9992
f 9988 5477 9985
f 9988 5425 5477
f 5194 10000 5266
f 9989 9991 4746
f 9989 9994 9991
f 4666 9999 9992
f 5561 5544 5477
f 9986 9992 5014
f 10000 9995 9988
f 9994 4762 9991
f 4879 5014 9992
f 9999 4666 4681
f 10001 4732 9989
f 9998 9986 5014
f 9988 5266 10000
f 9986 9998 5194
f 4732 4689 4665
f 4792 9991 4762
f 9887 9895 14
f 9889 46 9891
f 3562 3576 9913
f 9966 9971 6680
f 10002 4793 4731
f 9994 4731 4793
f 6587 6603 9974
f 6677 9973 6639
f 9973 6734 6639
f 9769 6665 6762

