# https://github.com/mikedh/trimesh
v -0.28662870 0.17320638 -0.17934404
v 0.15365225 0.19189181 -0.29256623
v 0.14482237 0.17508331 -0.22345275
v -0.18024707 0.12423723 -0.07626819
v -0.21302275 0.20629036 -0.26284541
v 0.17993469 0.13622883 -0.06711208
v 0.19026618 0.13855531 -0.08166661
v 0.20619657 0.14797748 -0.12269002
v -0.28766730 0.19056618 -0.22202438
v -0.25714615 0.09788730 -0.02519082
v -0.19765806 0.09328583 -0.00701977
v -0.18540322 0.10131024 -0.02786798
v -0.18912894 0.14549867 -0.12086876
v -0.20019019 0.15224700 -0.14370404
v -0.20341075 0.16316255 -0.17084441
v -0.21062531 0.20825113 -0.26448297
v -0.25289584 0.21807720 -0.27760214
v 0.14431581 0.18435022 -0.26119804
v 0.14268348 0.17737918 -0.22846781
v 0.09512639 0.14539590 -0.10563263
v 0.19953615 0.14309011 -0.09956810
v 0.20859594 0.16596216 -0.17613444
v 0.20907440 0.17944128 -0.20422357
v 0.21202131 0.19435308 -0.26448381
v 0.21226179 0.20001713 -0.30508937
v 0.20432867 0.19982628 -0.30955051
v 0.21209109 0.18965682 -0.23593851
v 0.21558420 0.19680678 -0.27096800
v 0.21625176 0.20004783 -0.29341983
v 0.17410804 0.20049524 -0.32272224
v 0.15368641 0.19441575 -0.30989801
v 0.15103807 0.19352388 -0.29809994
v 0.12667361 0.16190639 -0.17420501
v 0.09774202 0.14137900 -0.06985496
v 0.10108420 0.13648964 -0.05514734
v -0.29365276 0.14773822 -0.11266961
v -0.28978575 0.13799263 -0.09018781
v -0.17894067 0.11536967 -0.05031044
v -0.18321085 0.13813035 -0.10226907
v -0.20365381 0.17458756 -0.19491354
v -0.20370494 0.18005107 -0.20427568
v -0.20543233 0.19941128 -0.24714286
v -0.28443237 0.20750506 -0.25261477
v -0.28631329 0.18176249 -0.19354496
v -0.17957782 0.12988507 -0.08048993
v -0.20503249 0.18924775 -0.22260502
v -0.23575507 0.21928422 -0.27940953
v -0.26779721 0.21789764 -0.27397920
v -0.27859594 0.21334427 -0.26628272
v -0.28966153 0.18541122 -0.19415011
v -0.29236247 0.15442564 -0.13100512
v -0.23743469 0.09381145 -0.00915649
v -0.21640015 0.09205230 -0.00752177
v 0.12106339 0.13607320 -0.03101133
v 0.13993128 0.13498413 -0.03168223
v 0.17248870 0.13654434 -0.05461701
v 0.16334906 0.19982039 -0.31790625
v 0.14796139 0.19095566 -0.28431149
v 0.14078138 0.17244152 -0.21260403
v 0.09620154 0.14773860 -0.07518427
v 0.09533405 0.14061525 -0.08860373
v 0.20976131 0.15948731 -0.14123884
v 0.21658833 0.19941459 -0.27964531
v 0.14416630 0.18932243 -0.26070746
v 0.13290994 0.16422346 -0.18596450
v 0.09928951 0.14841074 -0.12378783
v 0.09730732 0.15785807 -0.08513074
v 0.15588451 0.13403802 -0.03849927
v -0.19884504 0.15941793 -0.15469697
v -0.21597680 0.21496011 -0.27037959
v -0.28629549 0.20638030 -0.23794585
v -0.28871638 0.19684328 -0.22499529
v 0.17966047 0.15417680 -0.06552667
v 0.21031163 0.18062949 -0.19838670
v 0.21324912 0.20134233 -0.22132376
v 0.20705579 0.20173055 -0.31160950
v 0.20064605 0.20209469 -0.31711598
v 0.15709780 0.20093835 -0.31072937
v 0.13802387 0.17791493 -0.21187883
v -0.19850545 0.17569716 -0.17309473
v -0.20558640 0.21537797 -0.25174412
v 0.20951382 0.16144505 -0.13526151
v 0.18563538 0.20123596 -0.32282840
v 0.14280288 0.18909622 -0.24993893
v -0.20020011 0.18323457 -0.18993460
v -0.28853129 0.19413578 -0.20056621
v -0.28348078 0.13469696 -0.06717121
v -0.28156719 0.11605244 -0.06300977
v -0.27502458 0.10791733 -0.05338617
v -0.24726966 0.09980544 -0.00984400
v 0.19554898 0.15204912 -0.09360956
v 0.21188368 0.17004586 -0.17289581
v 0.14237084 0.19623383 -0.26483367
v 0.11270377 0.15490049 -0.15071917
v 0.15986928 0.13881439 -0.03801125
v -0.19772544 0.16818391 -0.15718944
v -0.20336193 0.20482319 -0.23831681
v -0.22354449 0.22007205 -0.27507401
v -0.22922485 0.22872596 -0.27256606
v -0.29372388 0.16955377 -0.14325557
v -0.22602416 0.09692078 0.00002691
v 0.20256380 0.15890965 -0.10948329
v 0.21547868 0.20366557 -0.26740873
v 0.15015842 0.19741038 -0.29327950
v 0.10485422 0.16115788 -0.13025662
v 0.09710667 0.15194183 -0.05381263
v 0.10646799 0.13735685 -0.03992613
v 0.13666982 0.13967030 -0.02475922
v 0.14925924 0.14097894 -0.02830533
v -0.18230971 0.11538015 -0.03254903
v -0.21749763 0.22704668 -0.26697570
v -0.28787385 0.20457385 -0.21610825
v -0.29491879 0.16852326 -0.12686708
v -0.20710067 0.09540153 0.00195411
v -0.19530532 0.09812330 -0.00346547
v -0.18735743 0.10089371 -0.01669355
v 0.21325602 0.17370815 -0.15243680
v 0.21423911 0.18502689 -0.17167573
v 0.21351265 0.19812703 -0.24176870
v 0.21614103 0.20761637 -0.28374605
v 0.15302185 0.20765675 -0.30453170
v 0.13970968 0.18118314 -0.22139780
v 0.12113237 0.17180619 -0.17481724
v 0.11127985 0.16943370 -0.15151956
v 0.09648438 0.15367919 -0.06150011
v 0.09992063 0.14768490 -0.04727402
v 0.12151021 0.14267498 -0.02567418
v 0.17100912 0.14590323 -0.05269906
v -0.18160314 0.13784770 -0.07921731
v -0.18656121 0.15926821 -0.10408980
v -0.20166574 0.19727004 -0.22509302
v -0.27550558 0.22407284 -0.25864783
v -0.29041225 0.18997469 -0.18448728
v -0.29436737 0.18820570 -0.15480278
v -0.25960313 0.10419497 -0.02381907
v 0.18962022 0.15718036 -0.08284978
v 0.21467265 0.21341801 -0.29278860
v 0.16218078 0.21090956 -0.31699856
v 0.14720869 0.19788700 -0.28575766
v 0.10763852 0.15236448 -0.03243612
v 0.13088137 0.15578861 -0.02521420
v -0.18013427 0.12874143 -0.05990449
v -0.18693191 0.15866505 -0.11918414
v -0.19418488 0.20194740 -0.20812401
v -0.19821923 0.20977684 -0.23032310
v -0.25679288 0.23648138 -0.26609041
v 0.21266120 0.19243888 -0.19998057
v 0.12571549 0.19151609 -0.21669215
v 0.09888094 0.15924524 -0.10593773
v -0.28202104 0.21892689 -0.24636670
v -0.28602688 0.21572039 -0.23275677
v -0.29029327 0.15624042 -0.08950328
v -0.24926489 0.11248656 -0.00846401
v -0.21116334 0.10646731 0.00565838
v 0.20953085 0.16850140 -0.12990851
v 0.21556158 0.20672245 -0.24380386
v 0.21689362 0.21020721 -0.26292393
v 0.17938904 0.21708273 -0.32157895
v 0.17029066 0.20863085 -0.32141137
v 0.13653108 0.19419126 -0.24425178
v -0.18402239 0.13523834 -0.05024907
v -0.19368207 0.18245668 -0.17160404
v -0.20141944 0.21756611 -0.24206691
v -0.26919454 0.22750076 -0.26461692
v -0.29568736 0.18263137 -0.13461804
v -0.27644581 0.13143126 -0.05062799
v -0.26600281 0.11843067 -0.03086461
v -0.18921937 0.11200575 -0.00871914
v -0.18396436 0.12287545 -0.02830892
v 0.19665393 0.16465357 -0.09784432
v 0.14602873 0.21044865 -0.28908499
v 0.13966901 0.20194865 -0.26614120
v 0.14322640 0.15442186 -0.02699772
v 0.15929329 0.15370863 -0.03839111
v -0.18665460 0.14837625 -0.07845419
v -0.24404209 0.22801119 -0.27394691
v -0.28923484 0.20179410 -0.18968180
v -0.29478392 0.16564451 -0.10848284
v -0.26406281 0.12643217 -0.02855445
v -0.19840103 0.11092038 0.00206775
v 0.19449477 0.17047983 -0.09288950
v 0.20865203 0.17882404 -0.12534539
v 0.21680604 0.21383206 -0.27319833
v 0.20146458 0.21669073 -0.31419395
v 0.19116904 0.21473383 -0.31915300
v 0.11473324 0.18312852 -0.17772762
v 0.10292477 0.16747506 -0.12094383
v -0.19844537 0.21866858 -0.23409327
v -0.21246331 0.23426951 -0.26103814
v -0.23026897 0.23895070 -0.26912233
v -0.29265397 0.20426805 -0.17373351
v -0.28477738 0.14514213 -0.06662449
v -0.25755936 0.11832130 -0.01776681
v -0.20840191 0.11435376 0.00541805
v -0.18623105 0.11750731 -0.01603993
v 0.21605246 0.19647921 -0.17436642
v 0.21465338 0.21358306 -0.24716947
v 0.20998014 0.21575419 -0.30432720
v 0.09944447 0.16039683 -0.05617325
v 0.11739703 0.15473385 -0.02713314
v -0.18652779 0.14392118 -0.03680928
v -0.18718402 0.17088825 -0.13273505
v -0.18341424 0.18712659 -0.16489794
v -0.28565424 0.21628965 -0.21953905
v -0.29134024 0.21292873 -0.18564229
v -0.29471171 0.17805626 -0.11887592
v -0.23535894 0.11235370 0.00101500
v -0.22438046 0.11079402 0.00458272
v 0.21255554 0.18364132 -0.14760636
v 0.16641264 0.21503458 -0.31827922
v 0.15742242 0.21212755 -0.31151430
v 0.10305755 0.17688961 -0.13221882
v 0.09999516 0.17104440 -0.10003533
v 0.09758974 0.16740349 -0.07700088
v 0.10319006 0.15254834 -0.03831034
v 0.17273671 0.16507062 -0.06143035
v -0.18675726 0.15286467 -0.06795883
v -0.18692406 0.15488003 -0.07942262
v -0.18286353 0.20225494 -0.19216028
v -0.19551705 0.21070202 -0.22052400
v -0.27796527 0.22611131 -0.25019203
v -0.28208648 0.15225811 -0.06225058
v -0.27733732 0.13950097 -0.04776150
v -0.25267867 0.12759732 -0.01600075
v -0.24253070 0.11900865 -0.00438776
v 0.21663584 0.20608921 -0.21023677
v 0.21352015 0.20302875 -0.21313891
v 0.21592375 0.21859396 -0.25159824
v 0.21437627 0.21892617 -0.28856364
v 0.21009895 0.22106471 -0.30128136
v 0.10991348 0.18523330 -0.16484333
v 0.10458393 0.16612270 -0.04454462
v 0.14147022 0.16077462 -0.03085219
v -0.18099347 0.17565559 -0.11577614
v -0.18055928 0.17817192 -0.12702982
v -0.20717922 0.22874507 -0.25488481
v -0.27178408 0.23580194 -0.25189126
v -0.28299048 0.22384727 -0.23094930
v -0.29375630 0.19767271 -0.14525378
v 0.21184309 0.19267143 -0.14818558
v 0.21714343 0.21552831 -0.22643050
v 0.21595184 0.22112605 -0.27648313
v 0.18166121 0.22633014 -0.32199419
v 0.12098880 0.19473182 -0.21044633
v 0.10675457 0.18626826 -0.14743522
v 0.10972376 0.16414141 -0.03527294
v 0.12048372 0.16380209 -0.03005915
v -0.19232239 0.22341074 -0.22569990
v -0.24565686 0.23960314 -0.26825693
v -0.26858773 0.23273538 -0.25934428
v -0.29514195 0.20787755 -0.17158391
v -0.29515987 0.20150969 -0.14946448
v -0.28953285 0.19015483 -0.11428491
v -0.18862713 0.13894844 -0.02381259
v 0.20155354 0.22246444 -0.31315171
v 0.16188665 0.22032519 -0.31697078
v 0.11818005 0.19996270 -0.20797766
v 0.10172169 0.18007903 -0.11265787
v 0.10030064 0.16933491 -0.05701540
v 0.18459249 0.17518297 -0.08512715
v -0.28066192 0.17464283 -0.08395928
v -0.26738641 0.13733533 -0.03382523
v -0.21935037 0.12635580 -0.00002429
v -0.19391438 0.12737384 -0.00635712
v -0.18500632 0.16924676 -0.09041305
v -0.22184996 0.23771398 -0.26650129
v -0.28271274 0.22905491 -0.22388625
v -0.29144280 0.21977140 -0.19288200
v 0.20442545 0.18697059 -0.12477898
v 0.22503122 0.20588780 -0.19676807
v 0.19347504 0.22835458 -0.31892466
v 0.15153087 0.21483988 -0.30392665
v 0.12945791 0.16643129 -0.03392081
v 0.15919691 0.16562397 -0.04623045
v 0.19614760 0.18330697 -0.11221188
v -0.17723665 0.19366164 -0.16122903
v -0.28803654 0.22062374 -0.20044929
v -0.29983207 0.22682833 -0.19458942
v -0.30282317 0.21313529 -0.16650755
v -0.29251444 0.19838338 -0.13088563
v -0.28893001 0.16700509 -0.09189225
v -0.27770530 0.15227205 -0.05614749
v 0.22289622 0.20305126 -0.17265297
v 0.22635597 0.21045385 -0.18725428
v 0.23203820 0.21532714 -0.19973382
v 0.21402738 0.22481196 -0.28968622
v 0.12933610 0.20325258 -0.24744708
v 0.10335915 0.17922240 -0.07778064
v -0.18464185 0.21495874 -0.20828189
v -0.20009180 0.22884957 -0.24285193
v -0.20407942 0.23580864 -0.25239285
v -0.24308407 0.25177640 -0.26523169
v -0.26144755 0.15929890 -0.04792002
v -0.23974284 0.13571914 -0.01625076
v -0.20329661 0.13118716 -0.00200006
v -0.19710353 0.13687587 -0.01237598
v 0.22576273 0.21298792 -0.21340337
v 0.21555038 0.22461517 -0.24795207
v 0.20245381 0.22926025 -0.31270122
v 0.14787990 0.21739013 -0.29402550
v 0.10516782 0.17311312 -0.05516164
v 0.12221471 0.17227849 -0.03659291
v 0.13593299 0.17677296 -0.04656238
v 0.14873295 0.17140404 -0.04893119
v 0.20941814 0.19811697 -0.12530615
v 0.21520743 0.19904620 -0.14100661
v -0.19292730 0.15186016 -0.03786865
v -0.19180744 0.17712802 -0.07657531
v -0.17856083 0.20498331 -0.18568956
v -0.25754645 0.24318580 -0.26276806
v -0.30217072 0.22036798 -0.18464864
v -0.28564462 0.19771986 -0.11116695
v -0.26935047 0.17484097 -0.07033273
v -0.26777513 0.14904582 -0.04582561
v -0.24502650 0.14400888 -0.02580265
v 0.16970255 0.17382191 -0.06989417
v 0.16277636 0.18531690 -0.07658704
v -0.20400196 0.15393691 -0.03294073
v -0.30038856 0.20718437 -0.14871344
v -0.21735186 0.13668721 -0.00493187
v 0.22843797 0.21861338 -0.20995417
v 0.13631058 0.20963858 -0.26721286
v 0.10344242 0.18596247 -0.09426865
v 0.10758266 0.18219419 -0.07643304
v 0.11342933 0.17345047 -0.04631746
v 0.18963356 0.18991288 -0.10705624
v -0.19275616 0.16148155 -0.05513797
v -0.17779633 0.18986107 -0.13063697
v -0.17412896 0.20713613 -0.15754713
v -0.22190128 0.24574777 -0.26518802
v -0.27433491 0.23693000 -0.24243741
v -0.27933378 0.23465151 -0.21667513
v -0.28379869 0.23035694 -0.20653655
v -0.29324204 0.20864224 -0.11804273
v -0.25635428 0.17660763 -0.06366732
v -0.22827274 0.14079485 -0.01078157
v 0.11087600 0.19840725 -0.16804106
v 0.10658912 0.19052684 -0.12925546
v 0.12661540 0.17763871 -0.04614557
v 0.14515996 0.18167081 -0.06262729
v -0.18504253 0.22767341 -0.21395383
v -0.19030210 0.23672366 -0.22666450
v -0.21183118 0.24227025 -0.26034860
v -0.23255693 0.25021074 -0.26676029
v -0.30309262 0.21937253 -0.14035951
v -0.23131736 0.15009498 -0.02182401
v -0.22376484 0.14713528 -0.01506344
v -0.18142394 0.18993568 -0.11445768
v -0.28213839 0.23942289 -0.21330075
v -0.28766166 0.24158890 -0.20992297
v -0.19971606 0.16667385 -0.05050084
v 0.16131531 0.19498842 -0.09604924
v 0.22133160 0.20806024 -0.15378708
v 0.22174977 0.22467896 -0.22978603
v 0.20925081 0.22936585 -0.30277225
v 0.17256131 0.22566288 -0.32135298
v 0.13502697 0.22148440 -0.27364099
v 0.13088320 0.21695694 -0.26117512
v 0.20241141 0.20931485 -0.10814778
v 0.21299892 0.20764845 -0.12880615
v -0.17745649 0.20662140 -0.13386850
v -0.17615533 0.22710774 -0.19483210
v -0.19906409 0.23925279 -0.24237261
v -0.20513126 0.24800196 -0.25182299
v -0.24698790 0.25942445 -0.25925373
v -0.30643464 0.22665876 -0.16766336
v -0.29066121 0.21256102 -0.10887163
v 0.22194735 0.21943291 -0.14383386
v 0.22365952 0.21839930 -0.18147124
v 0.21272781 0.23045371 -0.27866995
v 0.19111970 0.23805157 -0.31756826
v 0.14915534 0.22459650 -0.29743225
v 0.11314101 0.20612955 -0.14681187
v 0.10835451 0.19505608 -0.11710290
v -0.18615931 0.19738919 -0.10565569
v -0.17319396 0.21201048 -0.15238184
v -0.17387356 0.21873021 -0.17843852
v -0.26947048 0.24648713 -0.23568528
v -0.29967758 0.23485901 -0.19323379
v -0.26235852 0.18526172 -0.07338962
v 0.21333458 0.23396534 -0.27017540
v 0.11947584 0.21513140 -0.23069954
v 0.11666036 0.21099831 -0.20987650
v 0.11217342 0.19551698 -0.10700658
v 0.19120185 0.21271424 -0.09788309
v -0.23072062 0.26130931 -0.26151623
v -0.26823491 0.25288453 -0.22971600
v -0.27467010 0.24355250 -0.22236733
v -0.30751758 0.23808613 -0.17561330
v -0.30432809 0.23153467 -0.13550179
v -0.26605640 0.19312975 -0.08141714
v -0.25037179 0.19599933 -0.07181228
v -0.22990670 0.17966410 -0.05859056
v 0.21950660 0.23205366 -0.22141207
v 0.15608239 0.22630077 -0.30730951
v 0.14632755 0.20153053 -0.10122881
v -0.30032249 0.24552901 -0.18593860
v -0.27781166 0.19426823 -0.09314326
v -0.24600530 0.18853854 -0.06965867
v 0.22465172 0.22919937 -0.16478343
v 0.23489508 0.22403957 -0.19635282
v 0.13790959 0.22930404 -0.28403057
v 0.12101846 0.22489773 -0.24305382
v 0.11553547 0.21541700 -0.18117623
v 0.11478641 0.21205290 -0.15611742
v 0.12731065 0.20525191 -0.11059177
v -0.17845809 0.23720653 -0.20927394
v -0.19820631 0.25032586 -0.24214710
v -0.28078252 0.24801208 -0.21513629
v -0.29453091 0.24205423 -0.19579223
v -0.29806304 0.22618132 -0.11591783
v -0.21349234 0.19851727 -0.07317922
v -0.18663165 0.20493315 -0.10231010
v -0.16432689 0.21889897 -0.15647504
v -0.16065455 0.22801564 -0.18026368
v 0.20459053 0.23964788 -0.30314921
v 0.18125731 0.24630515 -0.31526320
v 0.17210408 0.23900735 -0.31606421
v 0.16254804 0.23254747 -0.31263959
v 0.14841687 0.23395257 -0.29836175
v 0.11475263 0.22131776 -0.20691778
v 0.11970373 0.20900099 -0.12101905
v -0.19318775 0.24425105 -0.23331871
v -0.20764354 0.25963177 -0.25266372
v -0.26003656 0.25065412 -0.25309885
v -0.26253136 0.25289852 -0.24499854
v -0.21489324 0.18522519 -0.06509104
v -0.19579945 0.19751627 -0.08758689
v -0.16709272 0.21462580 -0.13124639
v -0.15832918 0.22882560 -0.17189803
v 0.20950930 0.23708438 -0.28975018
v 0.11263055 0.21939200 -0.19150203
v 0.11224972 0.21467056 -0.15723786
v 0.16088072 0.20420952 -0.09618096
v 0.17322007 0.19533277 -0.09590860
v -0.28834647 0.22316834 -0.09781860
v -0.20359168 0.19982397 -0.08037612
v -0.19229125 0.20157218 -0.09467247
v 0.21010129 0.22195728 -0.11252945
v 0.23689576 0.23176205 -0.19825140
v 0.21880050 0.23696892 -0.22869295
v 0.13127436 0.23318231 -0.27318145
v 0.12387041 0.22853610 -0.25744789
v -0.18207027 0.25265312 -0.22096033
v -0.31039306 0.25441828 -0.16836445
v -0.27924939 0.22230721 -0.08657712
v -0.25889563 0.20340861 -0.07358794
v -0.23089720 0.19448574 -0.07010869
v 0.22026623 0.23836652 -0.25447621
v 0.21918750 0.23700368 -0.26527301
v 0.20984932 0.24272845 -0.28817596
v 0.14179141 0.23687420 -0.28792914
v 0.10540732 0.21964476 -0.15569453
v 0.11462820 0.21444144 -0.13584536
v 0.18103149 0.21799700 -0.09512152
v -0.17806534 0.24399115 -0.21359517
v -0.19784716 0.25960111 -0.24221666
v -0.23752831 0.26875826 -0.25719099
v -0.25689374 0.26709909 -0.23935461
v -0.30026317 0.26046480 -0.18235077
v 0.22087919 0.23557118 -0.21750738
v 0.15741741 0.24092277 -0.30725109
v 0.10223605 0.22254902 -0.19270343
v 0.13969336 0.21060675 -0.10331610
v -0.21779872 0.25864081 -0.26010090
v -0.26791609 0.25953365 -0.23132859
v -0.27380442 0.25877656 -0.22669058
v -0.28463018 0.25261968 -0.19525242
v -0.27198679 0.20526787 -0.08219825
v -0.22969511 0.20793464 -0.06902877
v 0.23687759 0.24572936 -0.20813046
v 0.22848198 0.23863274 -0.20968293
v 0.21240959 0.24729352 -0.22721919
v 0.22070930 0.24784206 -0.26893813
v 0.19775440 0.24230856 -0.31195565
v 0.15170048 0.24121382 -0.29998512
v 0.10497090 0.22882399 -0.22413818
v -0.15473400 0.24377768 -0.16952393
v -0.21083781 0.26880087 -0.25129497
v -0.24976963 0.26983222 -0.24794271
v -0.27186893 0.26707583 -0.23683482
v -0.27379197 0.25939660 -0.21845653
v -0.28063499 0.25266636 -0.20534074
v -0.24304571 0.20503666 -0.06959063
v -0.19764716 0.20608349 -0.08463312
v 0.21749733 0.22547462 -0.13242966
v 0.21019847 0.23699089 -0.12858890
v 0.12523403 0.23766359 -0.27419137
v 0.12566525 0.21516613 -0.11181671
v 0.20236032 0.22546425 -0.09663809
v -0.21007135 0.21059510 -0.07569242
v 0.16543288 0.24470744 -0.31273762
v 0.09944675 0.22781312 -0.19594594
v -0.16702385 0.24833935 -0.19273317
v -0.16911014 0.24306346 -0.20253781
v -0.17163993 0.25401066 -0.21425863
v -0.30524200 0.24809453 -0.17890127
v -0.24769845 0.21932942 -0.07386055
v 0.21720171 0.24444758 -0.24138392
v 0.21811239 0.24520315 -0.28522503
v 0.15699189 0.24679821 -0.30552654
v 0.13261877 0.24227937 -0.29108531
v 0.10129020 0.22420147 -0.16963913
v 0.16828322 0.22870829 -0.10568485
v 0.18663044 0.22683066 -0.09997614
v -0.17852921 0.26685514 -0.23087275
v -0.24946623 0.27373884 -0.24859423
v -0.26214238 0.27460017 -0.24871941
v -0.26118200 0.27574108 -0.21738990
v -0.30988638 0.24705262 -0.16248017
v -0.30929799 0.24156761 -0.12167066
v -0.26687987 0.22334325 -0.07872042
v -0.17329026 0.22483503 -0.11160332
v -0.15575735 0.23822979 -0.15741442
v 0.22166067 0.22786720 -0.14191279
v 0.21463911 0.25157192 -0.29589553
v 0.17204563 0.25049358 -0.31328499
v 0.16868560 0.25579521 -0.30803656
v 0.11271063 0.23814995 -0.23964160
v 0.10056734 0.23965054 -0.17820482
v -0.19436533 0.26438828 -0.23512965
v -0.22420868 0.27178111 -0.25584303
v -0.31200707 0.25522642 -0.14450882
v -0.30734318 0.24279134 -0.10167699
v -0.19032935 0.21913276 -0.09380722
v 0.22128187 0.23655215 -0.15261755
v 0.23328756 0.23750637 -0.19174532
v 0.21844437 0.24695932 -0.21496207
v 0.20269773 0.24888496 -0.30128519
v 0.18934321 0.25199670 -0.30983052
v 0.14105159 0.22209789 -0.10778797
v 0.19663317 0.23165558 -0.09443511
v -0.19832984 0.27444940 -0.24171275
v -0.20168290 0.26918142 -0.24390450
v -0.20998635 0.27890082 -0.25165029
v -0.24003687 0.27816554 -0.25131266
v -0.27254927 0.26970905 -0.23299873
v -0.28577092 0.26291095 -0.18951670
v -0.22637035 0.21792416 -0.07181028
v -0.15912774 0.24188187 -0.13497086
v 0.20401059 0.23576222 -0.10157542
v 0.23990256 0.25725050 -0.20702329
v 0.20896867 0.25764800 -0.30058566
v 0.10086859 0.23230084 -0.21809267
v 0.11441852 0.21939805 -0.12851866
v -0.26155178 0.28295314 -0.24843590
v -0.26577812 0.26932144 -0.20777786
v -0.27218751 0.26642134 -0.19591779
v -0.31394596 0.25142918 -0.10921011
v -0.29988174 0.23782838 -0.09630888
v -0.16394935 0.22734139 -0.13081206
v 0.22544902 0.24535382 -0.16580563
v 0.23244880 0.25078525 -0.17783780
v 0.14272415 0.24584913 -0.30482950
v 0.10733271 0.22644601 -0.14671110
v 0.14388698 0.23495236 -0.11521832
v 0.17462160 0.23081036 -0.10360877
v -0.15768385 0.25027609 -0.17621182
v -0.17102370 0.25986901 -0.19048554
v -0.22103335 0.28105779 -0.25421562
v -0.26925822 0.27512034 -0.24382901
v -0.26349981 0.28382549 -0.23328312
v -0.27241721 0.27435126 -0.19431927
v -0.29594904 0.27857471 -0.18980367
v -0.31296810 0.26291613 -0.16177083
v -0.26808386 0.23311587 -0.08042189
v 0.21735460 0.25256256 -0.25041122
v 0.21868953 0.25834502 -0.27054151
v 0.18442570 0.26033200 -0.30785148
v 0.14437282 0.25809340 -0.29996792
v 0.12919158 0.24805926 -0.27870741
v -0.17069825 0.25667641 -0.20341336
v -0.30509127 0.27904524 -0.18192928
v -0.30711077 0.26427190 -0.17607031
v -0.22874805 0.23301458 -0.07991995
v -0.20261357 0.23983908 -0.08905544
v 0.09783044 0.24173187 -0.20643939
v 0.13040273 0.24041582 -0.12560273
v 0.16871674 0.23842965 -0.09716352
v 0.19596049 0.24422111 -0.10176229
v -0.18156464 0.27748210 -0.23226342
v -0.18386787 0.27172389 -0.23752501
v -0.30467491 0.24599864 -0.09825442
v -0.29171051 0.24692260 -0.09561508
v -0.16597748 0.23887236 -0.11893882
v 0.20830136 0.25883855 -0.22790607
v 0.20829165 0.26614005 -0.28895201
v 0.11494997 0.24673866 -0.23704352
v 0.10646924 0.23951961 -0.15648434
v 0.11675582 0.23973799 -0.13802742
v -0.25679999 0.28465811 -0.20924868
v 0.18902927 0.25170180 -0.10372982
v 0.20562286 0.24584990 -0.13260423
v 0.23228860 0.25922372 -0.21527414
v 0.21566299 0.26040854 -0.22232531
v 0.20578710 0.26063024 -0.23772486
v 0.21736740 0.26177459 -0.26082485
v 0.17618453 0.25797297 -0.30911653
v 0.11130812 0.25383685 -0.23631382
v 0.14572449 0.24415349 -0.10531225
v -0.17670397 0.26747880 -0.20222208
v -0.17651636 0.26865905 -0.22099985
v -0.21188448 0.28594616 -0.24722062
v -0.22332235 0.28902115 -0.24912093
v -0.30577008 0.25303458 -0.10070021
v -0.23872951 0.25411341 -0.10477794
v -0.18285736 0.22980835 -0.09955168
v -0.14630161 0.25522316 -0.16503358
v 0.12169503 0.24801454 -0.25000907
v 0.12843480 0.24589994 -0.12780985
v 0.14595456 0.23909177 -0.11208950
v 0.17773251 0.24074156 -0.09359077
v 0.22387675 0.25480906 -0.16048556
v -0.14517267 0.26130042 -0.16980098
v -0.15736119 0.25943442 -0.17380300
v -0.17986958 0.27868655 -0.22111015
v -0.25626984 0.27973502 -0.25164723
v -0.31634736 0.28064958 -0.15699015
v -0.31502556 0.26218440 -0.13433637
v -0.28122233 0.25684304 -0.10357102
v -0.25320074 0.25614123 -0.10362784
v 0.19927695 0.26782905 -0.30289077
v 0.12323064 0.25504091 -0.24976418
v 0.09808810 0.25104441 -0.20347369
v 0.11332666 0.25416201 -0.14701270
v 0.15376747 0.24797076 -0.09827951
v 0.20006436 0.25211008 -0.12140977
v 0.21550287 0.25633881 -0.14986670
v 0.24167051 0.26299670 -0.17694346
v -0.25396813 0.29962400 -0.23909116
v -0.31528335 0.26861158 -0.10181513
v -0.30485682 0.26268563 -0.10134135
v -0.23008941 0.25999707 -0.10566052
v -0.21318691 0.25311424 -0.10468790
v -0.17279526 0.24834303 -0.10586793
v 0.23627253 0.26509826 -0.16358174
v 0.18039522 0.26936649 -0.30512074
v 0.15786656 0.25968678 -0.30659417
v 0.13643774 0.26235827 -0.26877522
v 0.10371888 0.25249664 -0.22024591
v -0.17733791 0.27447997 -0.19849841
v -0.18380291 0.28550993 -0.21191335
v -0.25563836 0.29640746 -0.23291100
v -0.28356817 0.27269518 -0.19188664
v -0.31611311 0.26014220 -0.10682364
v -0.28313001 0.26100111 -0.10012227
v -0.20738205 0.26361796 -0.11246533
v -0.19394335 0.25309349 -0.10617736
v -0.18959239 0.23939981 -0.09400363
v -0.16901602 0.24461244 -0.10874324
v 0.24243092 0.24726622 -0.19830025
v 0.11537897 0.26074452 -0.24833936
v 0.10522872 0.25992732 -0.16179121
v 0.12310966 0.25183181 -0.11826518
v 0.19090014 0.25716030 -0.10852748
v -0.19330521 0.28601744 -0.24118681
v -0.26314766 0.28485935 -0.19758986
v -0.29142991 0.29479015 -0.19564261
v -0.31365740 0.28377575 -0.16951990
v -0.29600785 0.26443766 -0.09472020
v -0.14666473 0.26001876 -0.15976551
v 0.21446595 0.26875782 -0.26010795
v 0.21066662 0.26642162 -0.26720527
v 0.13583096 0.25243254 -0.29089536
v 0.17180511 0.24955243 -0.09321356
v -0.21707451 0.29272494 -0.24846497
v -0.25011106 0.30243311 -0.24179928
v -0.27551302 0.26081466 -0.08785329
v -0.26951118 0.26460883 -0.07823488
v -0.25190141 0.25759406 -0.08654227
v -0.24182597 0.26051142 -0.08903334
v -0.18010001 0.25473549 -0.10767058
v 0.20496282 0.26604832 -0.23557294
v 0.19918420 0.27346745 -0.27446871
v 0.16157751 0.26673402 -0.30351893
v 0.13540082 0.26577670 -0.26545940
v 0.11091948 0.26282046 -0.24293058
v 0.13203200 0.26030871 -0.10480462
v -0.31692687 0.27191427 -0.12802463
v -0.20097594 0.26147556 -0.11296064
v -0.16766447 0.25660531 -0.11071575
v -0.15821860 0.25810799 -0.13398989
v 0.16705884 0.27237341 -0.29828198
v 0.09912689 0.25299389 -0.18411776
v 0.20782123 0.26454170 -0.12054201
v 0.22353221 0.26807979 -0.14607123
v -0.18566582 0.28935325 -0.22057757
v -0.20490799 0.29632722 -0.24094195
v -0.22341735 0.30345787 -0.24454344
v -0.25198649 0.29255808 -0.21831564
v -0.30011014 0.26809517 -0.09105126
v -0.14628330 0.27085588 -0.18632993
v 0.24303029 0.27417098 -0.17705798
v 0.23989592 0.27027650 -0.21090803
v 0.20506601 0.27929161 -0.27315799
v 0.12990987 0.25569435 -0.10704137
v 0.17267049 0.25904280 -0.09573025
v -0.24267306 0.29600005 -0.24886498
v -0.30291364 0.29586447 -0.19183948
v -0.31672084 0.28623215 -0.14271426
v 0.20561472 0.28123139 -0.27016352
v 0.17450121 0.27617387 -0.29771740
v 0.15319369 0.27265253 -0.29338984
v 0.14654234 0.27173620 -0.28845803
v 0.10559296 0.26396934 -0.21039726
v 0.10244498 0.26354753 -0.15623817
v -0.18299906 0.29381525 -0.22850461
v -0.19019054 0.29225574 -0.23070894
v -0.30973555 0.30205331 -0.18367374
v -0.30879489 0.28687664 -0.11218091
v -0.30534434 0.27931413 -0.09675823
v -0.30481679 0.27348509 -0.09263816
v -0.26451228 0.27029301 -0.07279095
v -0.19153297 0.26775980 -0.11337061
v -0.15412731 0.26828390 -0.14987975
v 0.24406482 0.27088359 -0.19067029
v 0.23618434 0.27536640 -0.22083388
v 0.20910960 0.27294536 -0.23238255
v 0.19198798 0.28220362 -0.28935940
v 0.18747413 0.28235502 -0.29343508
v 0.11939525 0.26803283 -0.26148130
v 0.10592031 0.26152635 -0.22463164
v 0.10957150 0.27542455 -0.22348170
v 0.10507804 0.26455681 -0.16977422
v 0.14589055 0.26336655 -0.10172483
v 0.20575339 0.27174773 -0.11881912
v 0.22602820 0.27698932 -0.14355397
v -0.29766744 0.31665270 -0.20123171
v -0.31464622 0.30605443 -0.16904785
v -0.25426681 0.26936500 -0.08210592
v -0.20702459 0.26985377 -0.10683667
v -0.15930875 0.27818205 -0.15447045
v -0.14590642 0.27463170 -0.17440069
v 0.24730833 0.28303644 -0.18678148
v 0.20365531 0.27096094 -0.23900051
v 0.12296816 0.27310364 -0.27296560
v 0.08490196 0.27362119 -0.16414673
v 0.10264898 0.26219346 -0.13292803
v 0.10551487 0.26420260 -0.12208652
v 0.10463390 0.27110862 -0.11731832
v 0.18132638 0.26786042 -0.10259445
v 0.23458976 0.27978967 -0.15528367
v -0.17206973 0.30268067 -0.23837083
v -0.24694386 0.30835727 -0.23617727
v -0.24116527 0.30539643 -0.21692509
v -0.25346864 0.29436289 -0.20615732
v -0.31398387 0.28304169 -0.11953826
v -0.29695391 0.27749853 -0.08871509
v -0.25817724 0.27453606 -0.07551415
v -0.23950275 0.26860840 -0.08925532
v -0.14447271 0.28844262 -0.20429779
v 0.22828521 0.27516506 -0.22764154
v 0.17455633 0.26750238 -0.10088299
v -0.24063312 0.30607248 -0.24086403
v -0.26538943 0.29573202 -0.19678034
v -0.17011112 0.27928646 -0.13905114
v 0.19880643 0.28361485 -0.25568453
v 0.10866428 0.27279777 -0.17240257
v 0.10191075 0.26856248 -0.16702914
v -0.19392533 0.30347169 -0.23633734
v -0.26430840 0.30722732 -0.20404037
v -0.28717654 0.31352749 -0.20682216
v -0.31410876 0.29888913 -0.14620745
v -0.27194172 0.27435427 -0.07397240
v -0.20847386 0.27665159 -0.10107591
v -0.17863573 0.27028253 -0.11095676
v -0.17051399 0.26479902 -0.11126995
v -0.16289576 0.28411141 -0.16275959
v -0.15026905 0.28904900 -0.18854461
v 0.19489471 0.28879978 -0.28599186
v 0.13947883 0.28170149 -0.29503192
v 0.11869888 0.28263436 -0.26632280
v 0.11188145 0.27596478 -0.25301112
v 0.11805645 0.27810513 -0.20862051
v 0.08280455 0.28056960 -0.17591428
v 0.08825601 0.27728212 -0.13514390
v 0.11833420 0.27274469 -0.11000434
v 0.17642598 0.28253777 -0.11592244
v 0.19671035 0.27804493 -0.11897158
v -0.14428262 0.29902179 -0.21469656
v -0.16736064 0.29878627 -0.23781863
v -0.19426770 0.30819494 -0.23690409
v -0.29083412 0.28338670 -0.08672691
v -0.24045475 0.27409615 -0.09080958
v -0.18521873 0.28185194 -0.10985722
v -0.14645645 0.29374784 -0.20068687
v 0.23792022 0.29271659 -0.23182041
v 0.17261742 0.28241486 -0.29698045
v 0.14471019 0.28926470 -0.30195457
v 0.13172937 0.28578170 -0.29101278
v 0.12651793 0.27381305 -0.10962342
v 0.21703310 0.27846692 -0.13156068
v -0.28627983 0.29722636 -0.09741637
v -0.26782949 0.28245258 -0.07165622
v -0.24241041 0.28830488 -0.09997967
v -0.21828875 0.28748424 -0.10183337
v -0.18106830 0.29570391 -0.16505023
v -0.17170658 0.29725037 -0.18008499
v -0.14722339 0.30164700 -0.20913680
v -0.15828615 0.30579354 -0.23277357
v -0.20649533 0.30553076 -0.24210622
v -0.20983820 0.31446065 -0.23878404
v -0.23600440 0.31311990 -0.24012376
v 0.24306586 0.28522897 -0.17494814
v 0.24333552 0.28847951 -0.21503626
v 0.22612655 0.29168118 -0.24714305
v 0.21863365 0.28913237 -0.24799219
v 0.19855374 0.28806600 -0.25207206
v 0.16507249 0.28878642 -0.30336936
v 0.11120211 0.27147287 -0.19505833
v 0.11737118 0.28299452 -0.18547106
v -0.31126805 0.30177376 -0.14173550
v -0.29867450 0.29389513 -0.10962718
v -0.25141282 0.28604734 -0.09301464
v -0.20618886 0.28405446 -0.10255226
v -0.19136633 0.29075331 -0.11771320
v -0.17318536 0.27736927 -0.12489331
v -0.16572490 0.30085786 -0.19746599
v -0.14669824 0.30652308 -0.22183721
v -0.18422399 0.29158229 -0.14977356
v -0.18004263 0.30371923 -0.17762057
v -0.23413991 0.31683383 -0.24010202
v -0.24329865 0.30839913 -0.21126283
v -0.29806105 0.30798657 -0.12552951
v -0.25187565 0.28642291 -0.07974027
v 0.14359067 0.27737064 -0.11162913
v 0.21977315 0.28905084 -0.13802576
v 0.23072615 0.29296242 -0.15653323
v 0.24668005 0.28431630 -0.20322231
v 0.20496186 0.28712027 -0.24783572
v 0.18456917 0.28782383 -0.29487496
v 0.23400157 0.28493772 -0.23211876
v 0.19143451 0.29345258 -0.27072536
v 0.11665523 0.28266493 -0.25003989
v 0.12521028 0.28485277 -0.23061387
v 0.18615993 0.28714933 -0.12175037
v 0.21278840 0.28632179 -0.13109256
v -0.16811229 0.30349756 -0.19564480
v -0.15820852 0.30562940 -0.20429621
v -0.14668240 0.31112473 -0.21402787
v -0.23026672 0.31875513 -0.22988901
v -0.30269151 0.32071423 -0.19511838
v -0.29871869 0.31437907 -0.13337731
v -0.27793059 0.29562448 -0.08581851
v 0.13166769 0.29165195 -0.28549714
v 0.12597660 0.28535436 -0.20744659
v 0.11239828 0.28875723 -0.18597733
v 0.10900626 0.27704843 -0.11316694
v 0.22025557 0.29729911 -0.14706693
v -0.20001668 0.28975364 -0.10917470
v -0.15932433 0.31074584 -0.19026856
v -0.15046063 0.31802800 -0.23161925
v -0.18352475 0.31226305 -0.24110119
v -0.21670827 0.32258371 -0.24738420
v -0.31353513 0.31346917 -0.17555130
v -0.30979570 0.32945828 -0.17583754
v -0.26138815 0.28402020 -0.06919068
v -0.25527343 0.28303359 -0.07081269
v 0.11099206 0.28269263 -0.17406099
v 0.08592989 0.28649215 -0.18535359
v 0.09205581 0.27861493 -0.12531362
v 0.20003409 0.29670282 -0.12599634
v 0.24535054 0.28888785 -0.18449610
v 0.19247069 0.29723534 -0.27003271
v 0.18595270 0.29939861 -0.28190366
v 0.17489527 0.29283957 -0.30507151
v 0.15723436 0.29253691 -0.30510723
v 0.13645692 0.29500689 -0.29557845
v 0.13215708 0.29982905 -0.27728569
v 0.13080697 0.29367280 -0.26965136
v 0.13071499 0.29130528 -0.25612909
v 0.13384136 0.29408989 -0.25348981
v -0.25505830 0.29632124 -0.06868028
v -0.24126960 0.29711850 -0.08134365
v -0.20088202 0.30192827 -0.14138813
v -0.16462594 0.31011462 -0.23587515
v -0.22813016 0.32157297 -0.22774529
v -0.23922367 0.31927156 -0.21990086
v -0.25767144 0.32237041 -0.21965635
v -0.30800263 0.31882084 -0.15178499
v 0.07618173 0.28648443 -0.17555921
v 0.12502564 0.28764997 -0.11153192
v 0.14388122 0.28471768 -0.11335954
v 0.17334421 0.28932286 -0.11788217
v 0.24771319 0.29579495 -0.19311594
v 0.23261355 0.30086722 -0.24906384
v 0.21436325 0.30072832 -0.26608867
v 0.15047320 0.29568203 -0.30256114
v 0.12434702 0.29149955 -0.21567775
v -0.23670403 0.29763108 -0.10806007
v -0.18826369 0.31089830 -0.16211807
v -0.17273308 0.30970455 -0.17319623
v -0.17367328 0.32153867 -0.23156294
v -0.18116726 0.32051589 -0.24175741
v -0.20366115 0.32518525 -0.24926105
v -0.24259338 0.33042710 -0.22820605
v -0.31454800 0.31935210 -0.16689791
v -0.28085475 0.30532587 -0.09711405
v 0.08516861 0.28663947 -0.14555818
v 0.16849309 0.30029557 -0.11697138
v 0.23727173 0.29338340 -0.17392616
v 0.18012611 0.29848281 -0.29829775
v 0.12974081 0.29012862 -0.22776503
v -0.23383918 0.31077183 -0.12305939
v -0.21433118 0.31066869 -0.14005572
v -0.17951830 0.31371637 -0.16069798
v -0.21390218 0.32872543 -0.24199732
v -0.28572261 0.32866211 -0.21495848
v -0.27094915 0.30303091 -0.08435483
v -0.26041598 0.29726239 -0.07203191
v 0.09672277 0.29268994 -0.18639866
v 0.08472871 0.29501734 -0.13006637
v 0.11044603 0.29005642 -0.11344072
v 0.19947118 0.30646923 -0.28297951
v 0.15081978 0.30159628 -0.29585336
v -0.24588124 0.29766356 -0.10375810
v -0.19713844 0.30993230 -0.15939572
v -0.17072878 0.31367510 -0.17311136
v -0.14996602 0.32012698 -0.20664492
v -0.31247745 0.32443440 -0.16156921
v -0.28868925 0.31707518 -0.11407189
v 0.08934441 0.29961531 -0.19558897
v 0.07106727 0.30094531 -0.18492494
v 0.08004996 0.28634847 -0.16136716
v 0.20905306 0.30530937 -0.14486581
v 0.24049282 0.30529535 -0.18386286
v 0.17675936 0.30407034 -0.30050452
v 0.13601276 0.30458281 -0.28855730
v 0.13283970 0.29798655 -0.26078113
v 0.11079876 0.29818352 -0.22137707
v -0.17666238 0.31868716 -0.16224015
v -0.14567720 0.31705864 -0.21624600
v -0.19607110 0.32943210 -0.24913998
v -0.21648931 0.33425341 -0.24074737
v -0.26417123 0.32574903 -0.22013712
v -0.29835673 0.32127837 -0.13558778
v -0.28646221 0.32171966 -0.10842164
v 0.22020871 0.30735281 -0.15799570
v 0.24031067 0.30888764 -0.23770534
v 0.18675493 0.30676557 -0.29621767
v 0.12893229 0.30301343 -0.26164164
v 0.13069019 0.30053946 -0.24940631
v 0.11621517 0.30232086 -0.23285725
v -0.16277936 0.31826704 -0.18667212
v -0.15470785 0.32723584 -0.22776507
v -0.18586819 0.32880402 -0.23449479
v -0.27033496 0.31017292 -0.08475369
v -0.24005133 0.30077362 -0.07597932
v -0.22642800 0.31516266 -0.09146678
v 0.08504539 0.30028029 -0.14898662
v 0.15626826 0.30305541 -0.11616954
v 0.22907730 0.30589791 -0.17259520
v 0.24476811 0.30230928 -0.21449740
v 0.21777846 0.30479407 -0.26722285
v 0.18673560 0.31067027 -0.29555493
v 0.17398408 0.30981585 -0.28523748
v -0.15968265 0.32479767 -0.20306958
v -0.15564263 0.32349969 -0.23442443
v -0.16888559 0.33043473 -0.23863853
v -0.19588520 0.33564282 -0.24385328
v -0.26360932 0.33675357 -0.21668161
v -0.29759040 0.32886069 -0.13204259
v -0.22466745 0.32021541 -0.08664521
v 0.08425666 0.29577499 -0.15422641
v 0.20351555 0.29908621 -0.13003563
v 0.22318519 0.30826435 -0.26020031
v 0.16077955 0.30795600 -0.28245272
v 0.09455741 0.31013518 -0.23740246
v -0.23008474 0.32406592 -0.12960191
v -0.16869263 0.32304156 -0.18789080
v -0.16288680 0.33220987 -0.22499404
v -0.16465358 0.33861426 -0.23862360
v -0.18231411 0.33571924 -0.24148832
v -0.20521803 0.33753493 -0.24719232
v -0.21255821 0.33997828 -0.24270462
v -0.29248643 0.34014462 -0.20848618
v -0.30388822 0.32672810 -0.14882466
v 0.08400426 0.30736908 -0.20380005
v 0.07070810 0.30596312 -0.20198127
v 0.10459561 0.30056278 -0.11974707
v 0.17146216 0.31536115 -0.12860945
v 0.19489407 0.31262244 -0.29432492
v 0.15606983 0.31237375 -0.27697599
v 0.11987106 0.30933172 -0.24908433
v 0.11190697 0.31359857 -0.23676320
v -0.20447258 0.31972651 -0.15606295
v -0.24385599 0.33999902 -0.22211997
v -0.28430793 0.33659155 -0.21579470
v -0.28542000 0.34491687 -0.21528032
v -0.31339063 0.33502525 -0.16204182
v -0.25936760 0.30655335 -0.07071923
v -0.24500133 0.30086816 -0.07012340
v 0.12372262 0.30228966 -0.11881528
v 0.18087071 0.30405557 -0.12143069
v 0.23122451 0.31331440 -0.17475252
v 0.23629666 0.31907442 -0.17705728
v 0.24315911 0.31323079 -0.19532015
v 0.21462240 0.31704042 -0.25714747
v 0.20782123 0.31425139 -0.27905398
v 0.18243565 0.31484313 -0.29012938
v 0.12777890 0.30901246 -0.27282359
v -0.17474465 0.32302569 -0.17655480
v -0.17458385 0.34076883 -0.24585134
v -0.20297413 0.34733128 -0.25292854
v -0.24956616 0.34556895 -0.22587691
v -0.30848450 0.33844334 -0.15316297
v -0.25041943 0.30357631 -0.06668428
v 0.07816732 0.30499713 -0.13254909
v 0.09469666 0.30639336 -0.12246510
v 0.24419099 0.31542961 -0.22665647
v 0.15029444 0.31025852 -0.27754409
v 0.11690208 0.31515964 -0.23964865
v -0.21641467 0.32642204 -0.14660920
v -0.26452585 0.35188625 -0.22754509
v -0.27295285 0.35114569 -0.22288465
v -0.31141636 0.34053244 -0.16381201
v 0.09096015 0.32393439 -0.25473582
v 0.06592271 0.31373059 -0.19258918
v 0.07513500 0.30972823 -0.17688948
v 0.08667639 0.29844103 -0.12258306
v 0.12219753 0.31419635 -0.12690359
v 0.15027649 0.31767568 -0.12657667
v 0.20238041 0.31497920 -0.14638185
v 0.22176168 0.31492271 -0.16583675
v 0.19433948 0.32015516 -0.29415291
v 0.18505611 0.32145772 -0.29246192
v 0.16440912 0.31632425 -0.28132475
v -0.17468914 0.32745880 -0.16657809
v -0.17961054 0.33215418 -0.17739547
v -0.23569525 0.34937093 -0.24375399
v -0.24579612 0.35698175 -0.24261553
v -0.29664237 0.34066721 -0.20023254
v -0.28928531 0.33282845 -0.10748036
v 0.23103379 0.31447051 -0.24276719
v 0.21444060 0.32251933 -0.24850302
v 0.20871047 0.31749389 -0.27304344
v 0.16072415 0.32377633 -0.29064459
v 0.14403268 0.32043676 -0.26810602
v 0.13247103 0.31760641 -0.26714128
v 0.12967422 0.32119704 -0.26383475
v 0.12263508 0.31888535 -0.25586881
v -0.18243764 0.33185511 -0.14893035
v -0.18431481 0.34333383 -0.22494479
v -0.20785477 0.35926838 -0.25986833
v -0.21221997 0.35270517 -0.25617764
v -0.26528528 0.35702821 -0.23006402
v -0.26982285 0.36330274 -0.22215013
v 0.16452903 0.32626830 -0.29284691
v 0.10367873 0.32309145 -0.25763601
v 0.06102919 0.32415999 -0.22564305
v 0.06065459 0.31684452 -0.20829396
v 0.08260369 0.31212413 -0.16365754
v 0.08150192 0.32642044 -0.16701973
v 0.07468693 0.31715567 -0.13900756
v 0.08723786 0.31497631 -0.12399044
v 0.22764544 0.32955012 -0.16352209
v -0.18130601 0.33411921 -0.19663173
v -0.18364362 0.35055869 -0.24156669
v -0.27764126 0.32394570 -0.09013208
v -0.27511056 0.32730529 -0.08069509
v 0.23973980 0.32401650 -0.20124704
v 0.07666503 0.32334713 -0.24201752
v 0.12293607 0.32296466 -0.12956730
v 0.16889247 0.32257986 -0.13333762
v -0.22067696 0.33568314 -0.13653003
v -0.19001040 0.32670630 -0.14696070
v -0.17329985 0.33004508 -0.15790920
v -0.16812234 0.33718332 -0.16583948
v -0.20491087 0.36642434 -0.25626955
v -0.25909323 0.33625109 -0.06646592
v -0.25118531 0.33478232 -0.06625706
v -0.24420928 0.32149111 -0.06839828
v 0.23329150 0.32821983 -0.23939784
v 0.19093021 0.32591312 -0.28428045
v 0.15735289 0.33284046 -0.28992782
v 0.05906054 0.32959137 -0.22657420
v 0.05708774 0.32409843 -0.20905673
v 0.07861926 0.33461048 -0.17538693
v -0.21434438 0.33347174 -0.14309060
v -0.17646775 0.33602097 -0.17356649
v -0.30994367 0.34662460 -0.14945757
v -0.30980048 0.34953410 -0.12736303
v -0.29728990 0.33933529 -0.11596338
v -0.23491964 0.32611261 -0.07283307
v 0.23831504 0.32206781 -0.18060661
v 0.18661523 0.32597095 -0.28917385
v 0.10917458 0.33031545 -0.27165241
v 0.09716581 0.33251431 -0.26511323
v 0.05896510 0.33197102 -0.20280764
v 0.14979873 0.32332429 -0.13091919
v 0.19539165 0.32575753 -0.14628717
v 0.21731116 0.32570288 -0.15818180
v -0.18474278 0.34962929 -0.21668464
v -0.18337385 0.35101985 -0.24787649
v -0.19274295 0.35198239 -0.25393369
v -0.29857842 0.35661671 -0.17902496
v -0.27148107 0.33103323 -0.07273417
v -0.22539316 0.35919896 -0.25341946
v -0.28637249 0.35615903 -0.20928704
v -0.29235636 0.35719351 -0.19725241
v -0.30520409 0.35988523 -0.15055108
v -0.16447208 0.34767585 -0.16516472
v -0.17823785 0.34905174 -0.18798280
v -0.19627567 0.35958693 -0.24333682
v 0.21407120 0.32761240 -0.24768458
v 0.14697285 0.33247171 -0.29256247
v 0.07566805 0.33459867 -0.24304042
v 0.23263765 0.33218023 -0.18136637
v 0.24176422 0.32973512 -0.21143692
v 0.18295837 0.33017123 -0.26904525
v 0.11897558 0.33523882 -0.28215798
v 0.05724083 0.33239547 -0.22438633
v -0.20744675 0.33779604 -0.10857462
v -0.20725831 0.34196600 -0.13388472
v -0.19262624 0.35128705 -0.13139098
v -0.18227322 0.34233019 -0.19308089
v -0.19039188 0.35431974 -0.23063577
v -0.26520732 0.33180065 -0.06863865
v -0.21562907 0.33195214 -0.09101946
v 0.21172832 0.33590546 -0.25250257
v 0.17743870 0.33651664 -0.27198553
v 0.12815562 0.34026309 -0.28601382
v 0.09546097 0.33898724 -0.26306723
v 0.07077743 0.32688251 -0.14102487
v 0.07933450 0.31870779 -0.12680462
v 0.09321755 0.32031129 -0.12463427
v 0.20399928 0.32332458 -0.15071035
v -0.20602755 0.34358559 -0.12333966
v -0.20063375 0.34755492 -0.12938726
v -0.18724918 0.34135562 -0.14094956
v -0.17818122 0.34548467 -0.15016805
v -0.19803151 0.36337645 -0.23674002
v -0.27819120 0.34531330 -0.07763133
v -0.22887249 0.32226217 -0.07891929
v 0.24368221 0.32757957 -0.22114699
v 0.16518859 0.33611510 -0.28036354
v 0.11071398 0.34323316 -0.27768124
v 0.09219896 0.34476832 -0.25575141
v 0.06587594 0.34038682 -0.23146353
v 0.05432962 0.33920258 -0.21143170
v 0.17085887 0.33037227 -0.13569416
v -0.20353299 0.34261608 -0.10280656
v -0.18089792 0.36018187 -0.20553176
v -0.29075137 0.36629691 -0.19338966
v -0.29709615 0.36325097 -0.16800537
v -0.30739667 0.35243069 -0.11803186
v -0.28700557 0.35793793 -0.09103276
v 0.24068368 0.32889208 -0.23155597
v 0.18775129 0.33495968 -0.26433580
v 0.16613535 0.34484495 -0.28230546
v 0.15546470 0.34499143 -0.28679070
v 0.10113467 0.33237393 -0.12769012
v 0.22916612 0.33845983 -0.17019306
v -0.17293584 0.36396637 -0.19109624
v -0.24579558 0.37181118 -0.23931874
v -0.29398623 0.35056075 -0.10330141
v 0.22866386 0.33901209 -0.24393400
v 0.14486958 0.34097461 -0.29033624
v 0.07863132 0.33558402 -0.16525361
v -0.17181095 0.35636638 -0.14132166
v -0.16377186 0.35170219 -0.17460413
v -0.27090281 0.34611359 -0.06981734
v 0.23895776 0.33748560 -0.20368895
v 0.19030615 0.34750924 -0.27459722
v 0.14796114 0.34833164 -0.28605540
v 0.05761401 0.34806681 -0.20320944
v 0.18301595 0.33607103 -0.13905933
v 0.22346970 0.34245949 -0.16209464
v 0.23450296 0.33949731 -0.18418168
v -0.21398208 0.38148938 -0.25697196
v -0.22723862 0.35011489 -0.07619358
v -0.21063659 0.34329020 -0.09025454
v -0.16031567 0.36883025 -0.14324799
v -0.20524024 0.37811322 -0.25683115
v -0.31053657 0.35893428 -0.13276628
v -0.19528969 0.35143703 -0.10569690
v 0.06746312 0.33888625 -0.14485448
v 0.15620960 0.33155617 -0.13320303
v 0.20853184 0.34477155 -0.26044315
v 0.23697856 0.35219140 -0.22725667
v 0.16065340 0.35060426 -0.28404037
v 0.13007371 0.35100631 -0.27860642
v 0.10759873 0.35345272 -0.27015497
v 0.16516083 0.34042997 -0.13379895
v 0.20115687 0.34087132 -0.14758008
v 0.21543505 0.33858883 -0.15696002
v -0.15925666 0.35858648 -0.17210065
v -0.18443713 0.36729372 -0.21988029
v -0.18894037 0.37584429 -0.22670294
v -0.19959474 0.37151673 -0.24049731
v -0.29352760 0.37438177 -0.17924982
v -0.31269642 0.36665277 -0.12592339
v -0.18991710 0.35589958 -0.12317990
v -0.17773894 0.37109475 -0.20472714
v -0.22758960 0.38457135 -0.24978331
v -0.25616651 0.37640523 -0.22617536
v 0.07436926 0.32190792 -0.13209733
v 0.19057980 0.35594388 -0.27567398
v 0.06910637 0.34388521 -0.19029059
v -0.15527352 0.36628653 -0.16413113
v -0.16480861 0.36786045 -0.18585591
v -0.26981676 0.35931363 -0.06687561
v -0.20873184 0.36215163 -0.08745200
v 0.11919708 0.33796609 -0.13168889
v 0.22899470 0.34599999 -0.17408129
v 0.23748674 0.34559089 -0.18843445
v 0.21640630 0.34937688 -0.25654521
v 0.15267520 0.35840900 -0.27756795
v 0.07706574 0.34346946 -0.23990763
v 0.24064110 0.34806227 -0.21470539
v 0.23148998 0.34804411 -0.24093769
v -0.19208849 0.38595633 -0.24574232
v -0.28436019 0.38650678 -0.19115834
v -0.29562918 0.37360283 -0.09626941
v 0.20088664 0.35885081 -0.27241264
v 0.11857757 0.35386574 -0.27734889
v 0.10751892 0.34522557 -0.13264835
v 0.13772989 0.32892088 -0.13216766
v 0.20989483 0.35424857 -0.15050497
v 0.21775487 0.34915244 -0.15971223
v -0.17071822 0.36899411 -0.13091569
v -0.15685814 0.37156602 -0.17739146
v -0.23758255 0.38596210 -0.24057350
v -0.25533889 0.38926838 -0.21817986
v -0.28915394 0.38247429 -0.18662366
v -0.30243784 0.37263111 -0.15763644
v -0.30988803 0.37573710 -0.13729224
v -0.23537552 0.35204120 -0.07145259
v -0.17965244 0.36702884 -0.11520198
v 0.23187399 0.35859888 -0.23087993
v 0.13425365 0.35826739 -0.27720752
v 0.11182351 0.35412025 -0.27442659
v 0.10651567 0.37172650 -0.25293075
v 0.08425676 0.35752724 -0.23989752
v 0.07916830 0.35806765 -0.17893177
v 0.08054368 0.35161177 -0.17288402
v 0.07528783 0.34347285 -0.13119711
v 0.08808830 0.34238905 -0.13058423
v 0.11780042 0.34886519 -0.13342348
v -0.18355020 0.38024180 -0.22209536
v -0.28615359 0.37924717 -0.07927096
v -0.20210994 0.38696221 -0.25662424
v -0.31184974 0.36666435 -0.11461746
v 0.13160018 0.35398326 -0.13244781
v 0.15586277 0.34796312 -0.13316979
v 0.17843563 0.35228637 -0.13250184
v 0.11866264 0.37428169 -0.26955312
v 0.07873295 0.35987988 -0.23600985
v 0.06193575 0.35293762 -0.22595132
v -0.15866519 0.37955660 -0.13572292
v -0.15328662 0.37821695 -0.15586072
v -0.16365296 0.38319194 -0.20196245
v -0.22772613 0.39551300 -0.24754318
v -0.30260638 0.36193957 -0.10664019
v -0.28519409 0.36315398 -0.08594314
v -0.25683401 0.35611820 -0.06548141
v -0.19923956 0.36774510 -0.09351199
v -0.18518368 0.37083043 -0.10559739
v 0.07744823 0.34993453 -0.13296979
v 0.19323970 0.34874949 -0.13964481
v 0.22231791 0.35505125 -0.16796994
v 0.23456152 0.35055830 -0.18013845
v 0.20244728 0.36434861 -0.27069044
v 0.17208366 0.36123058 -0.27646215
v 0.08483984 0.36742084 -0.23956063
v 0.21639744 0.36064530 -0.25361971
v 0.18980780 0.37364881 -0.27839778
v 0.13267898 0.36865617 -0.27883623
v 0.06438384 0.34104311 -0.13775112
v -0.16526926 0.37758395 -0.12634366
v -0.17154672 0.39362724 -0.22799396
v -0.18979091 0.40024566 -0.25144635
v -0.24756114 0.39606014 -0.21619471
v -0.27564352 0.39206446 -0.19533156
v -0.30679566 0.38621126 -0.15582224
v -0.25439708 0.37459054 -0.06519882
v 0.24008001 0.35765171 -0.20955380
v 0.07306900 0.34861000 -0.15664125
v -0.15929830 0.38988745 -0.20145267
v -0.18059380 0.39390630 -0.23919603
v -0.22653296 0.40793655 -0.24660373
v -0.30312189 0.38638851 -0.10069468
v -0.24134517 0.36434725 -0.06892716
v -0.21672787 0.36497455 -0.08118532
v -0.16782986 0.38926636 -0.11279590
v 0.21356663 0.36994672 -0.23871295
v 0.19745344 0.37365465 -0.27150948
v 0.18023985 0.37371270 -0.28105338
v 0.16043836 0.36589820 -0.27519856
v 0.05453017 0.36332370 -0.21111445
v 0.06855675 0.34615059 -0.13322067
v 0.15098735 0.35586363 -0.13273789
v -0.16723558 0.37874373 -0.11955173
v -0.21783788 0.39568149 -0.25338794
v -0.28966222 0.39329847 -0.18078311
v -0.31278466 0.38262424 -0.11020668
v -0.28860690 0.37297641 -0.08935802
v 0.14984682 0.37580653 -0.28016577
v 0.06152029 0.36675742 -0.22824193
v 0.05509952 0.36651983 -0.22066607
v 0.06501322 0.36366587 -0.13447966
v -0.15384166 0.39344930 -0.19222175
v -0.23969236 0.39839863 -0.22536723
v -0.26467342 0.39884670 -0.19780774
v -0.30501801 0.38742713 -0.16081035
v -0.31383291 0.38423677 -0.12344289
v -0.26545226 0.37741445 -0.06560914
v 0.12463000 0.37327820 -0.27576483
v 0.07093115 0.37404753 -0.23610104
v 0.21902250 0.36457982 -0.15758493
v -0.17141923 0.40092345 -0.23623381
v -0.20571870 0.39046029 -0.08423217
v 0.23900792 0.36045341 -0.18502797
v 0.20345544 0.37271211 -0.25568047
v 0.19559308 0.38299217 -0.26529087
v 0.06740141 0.36173217 -0.15405250
v 0.09399453 0.35505354 -0.13346273
v 0.12272599 0.36050687 -0.13126571
v 0.16872302 0.36815287 -0.13070084
v 0.20837906 0.36543272 -0.14660315
v -0.16359984 0.39428257 -0.11552377
v -0.20317549 0.39748131 -0.25558008
v -0.24375025 0.40541147 -0.21991202
v -0.31528972 0.38992221 -0.11820865
v -0.18198365 0.39455690 -0.10095271
v 0.23103473 0.37062271 -0.21502900
v 0.05649017 0.37913989 -0.22568547
v 0.19129355 0.35940625 -0.13433122
v -0.15513606 0.38994357 -0.14459589
v -0.25075412 0.40282112 -0.20849140
v -0.30541262 0.39372283 -0.15519860
v 0.23709299 0.36866943 -0.17454388
v 0.23381509 0.37810354 -0.20132136
v 0.14348118 0.37996699 -0.28116165
v 0.10334927 0.37721157 -0.24862269
v 0.06033203 0.37571032 -0.20254193
v 0.07155619 0.37634747 -0.16274862
v 0.07958103 0.36141671 -0.12797321
v 0.11151235 0.36373138 -0.13056181
v -0.15240504 0.39406282 -0.16978183
v -0.28803297 0.40187338 -0.17238782
v -0.27793873 0.37042901 -0.06937674
v 0.17932881 0.38811327 -0.28198868
v 0.09559885 0.39313871 -0.24547303
v -0.15218674 0.39078254 -0.17888703
v -0.21399170 0.41363778 -0.25076300
v -0.15929243 0.38901346 -0.12995715
v -0.15681234 0.40672024 -0.20843809
v -0.17055187 0.40858285 -0.23653100
v -0.23374285 0.41768299 -0.24162301
v -0.27010260 0.41006130 -0.18796074
v -0.31137159 0.39470613 -0.14445565
v -0.31439323 0.39262203 -0.11122819
v -0.24814592 0.37603272 -0.06581519
v -0.19243817 0.39133084 -0.09429119
v 0.23168535 0.36722078 -0.16314774
v 0.23548411 0.37821878 -0.19137030
v 0.21680755 0.37924157 -0.22731700
v 0.16678400 0.38191522 -0.28324672
v 0.07736506 0.36761148 -0.16873169
v 0.06463813 0.35921986 -0.14820923
v 0.05706304 0.39108937 -0.20733931
v 0.07625002 0.38007099 -0.18405070
v 0.14313392 0.36376041 -0.13058743
v 0.20415491 0.37339757 -0.14301972
v -0.27746029 0.40493072 -0.18353424
v -0.22360949 0.38308310 -0.07543164
v 0.23554582 0.38012365 -0.17776645
v 0.20634775 0.37673320 -0.24778537
v 0.19023467 0.38151752 -0.27679787
v 0.12999202 0.38766990 -0.26992160
v 0.05370792 0.38075849 -0.21595813
v 0.22321849 0.37492961 -0.15241718
v -0.19586906 0.41881314 -0.24749769
v -0.25874843 0.41774057 -0.19885956
v -0.28342809 0.39105662 -0.07107459
v 0.07053840 0.36598451 -0.19184564
v 0.07408846 0.37351027 -0.12728426
v 0.08424895 0.37123880 -0.12479275
v 0.19757931 0.37643571 -0.13909555
v -0.17897296 0.41428002 -0.24452553
v -0.31245305 0.40639018 -0.10552859
v -0.29425434 0.40235967 -0.08664805
v -0.21187766 0.39099174 -0.08039557
v 0.21306657 0.37843568 -0.23583405
v 0.19834568 0.39073231 -0.25824926
v 0.14101324 0.39022327 -0.27781794
v 0.06151673 0.36476269 -0.14266962
v 0.09921586 0.37129723 -0.12541154
v 0.15239295 0.37848585 -0.12536358
v 0.17789720 0.37592475 -0.13313752
v -0.22410504 0.42063261 -0.24923913
v -0.27819899 0.41708463 -0.17698970
v -0.28952474 0.41633030 -0.16338780
v -0.29077026 0.40131733 -0.08301833
v -0.16509049 0.41216952 -0.11035308
v 0.18455688 0.40392149 -0.27487250
v 0.16828455 0.39602785 -0.28410139
v 0.15088348 0.39218418 -0.28178969
v 0.11203201 0.38978476 -0.25155277
v 0.06295926 0.39328175 -0.23388087
v 0.06986789 0.40032386 -0.18955236
v 0.06367550 0.38111539 -0.13359892
v -0.15133018 0.40975941 -0.17425247
v -0.16283330 0.41917779 -0.22158685
v -0.21803582 0.42768272 -0.24402946
v -0.23364411 0.38817854 -0.07055392
v 0.13734939 0.39937188 -0.26361027
v 0.12405186 0.39221420 -0.25808035
v 0.22550034 0.38261746 -0.15406925
v -0.16216527 0.41730308 -0.11638693
v -0.15462360 0.40955633 -0.15771857
v -0.19103345 0.42837200 -0.24261955
v -0.31120700 0.41160531 -0.13849065
v -0.27533711 0.38984613 -0.06533971
v 0.21279426 0.39565869 -0.23980977
v 0.21029901 0.39126812 -0.24553113
v 0.07501064 0.39050419 -0.24034070
v 0.06202725 0.39757129 -0.15914686
v 0.06045252 0.37393564 -0.14143267
v -0.15980400 0.40243597 -0.13004060
v -0.15457441 0.42059041 -0.20400827
v -0.26546857 0.42456578 -0.18839216
v -0.30418250 0.41024629 -0.15231642
v -0.25038819 0.40041569 -0.06340409
v 0.22847042 0.39408011 -0.20192155
v 0.16887407 0.40734224 -0.28195499
v 0.07449909 0.38609222 -0.17406817
v 0.12774166 0.38459638 -0.12097402
v -0.15326038 0.42857289 -0.19314467
v -0.18054377 0.42170520 -0.24371409
v -0.17950515 0.43579483 -0.23447711
v -0.24719493 0.43439226 -0.22654045
v -0.28667283 0.40259133 -0.07540594
v -0.25876533 0.39421061 -0.06365872
v 0.23268852 0.38166446 -0.16135564
v 0.17702083 0.40798126 -0.28128699
v 0.05430904 0.39611497 -0.21921736
v 0.07103766 0.39070699 -0.16719476
v 0.11136035 0.38039976 -0.12259977
v 0.14468556 0.39005442 -0.11822654
v -0.16656999 0.42646974 -0.22527392
v -0.24871333 0.42024294 -0.22384441
v -0.25642331 0.42529137 -0.21326749
v -0.31612966 0.40744843 -0.11783177
v -0.31763344 0.42122900 -0.11373277
v 0.05405803 0.39377433 -0.22177986
v 0.19681255 0.38377565 -0.13847258
v -0.22987412 0.43207578 -0.23727656
v -0.31428310 0.41732151 -0.10634101
v -0.22409326 0.40208900 -0.07161473
v 0.23289711 0.39300159 -0.18282718
v 0.21881042 0.40286769 -0.21595289
v 0.15972072 0.40796276 -0.27740444
v 0.13874737 0.40814303 -0.26123083
v 0.10842125 0.40049825 -0.25018915
v 0.13822927 0.41991232 -0.26196382
v 0.05929788 0.39163659 -0.15163671
v 0.08381015 0.38416918 -0.12156559
v 0.16131131 0.37196903 -0.12957328
v 0.22789889 0.39068405 -0.15352483
v -0.30436652 0.40797566 -0.09555093
v -0.24123054 0.38657510 -0.06731794
v -0.21006918 0.41222950 -0.07531861
v -0.27106978 0.44329175 -0.19684094
v 0.22388121 0.40378329 -0.20005051
v 0.21732021 0.41189573 -0.23184436
v 0.17971053 0.39895861 -0.13032220
v 0.21182878 0.39706711 -0.14461688
v -0.15475407 0.44364146 -0.19784571
v -0.28390142 0.42696758 -0.16967928
v -0.30174558 0.42481847 -0.14640455
v -0.31690939 0.42495419 -0.12644348
v -0.19556286 0.40708963 -0.08533576
v 0.23376295 0.40421904 -0.16484030
v 0.21056607 0.41997445 -0.24864821
v 0.20559387 0.41110399 -0.25378028
v 0.08859229 0.41366279 -0.24822544
v 0.09638058 0.38615262 -0.12061439
v 0.12129350 0.39007504 -0.11934088
v 0.19746650 0.39856069 -0.13751455
v -0.15762624 0.42534031 -0.15661277
v -0.20174794 0.43751462 -0.23560691
v -0.25884204 0.41446567 -0.06028064
v -0.17733080 0.42253224 -0.09434397
v -0.17223941 0.41382037 -0.10319300
v 0.15317814 0.41292776 -0.26790168
v 0.07280233 0.40063767 -0.18304736
v -0.15650212 0.43651159 -0.20749249
v -0.18972326 0.44367226 -0.23300760
v -0.23445234 0.44737736 -0.22184011
v 0.05503872 0.40297493 -0.15025636
v 0.13572629 0.39938738 -0.11569543
v -0.15976943 0.42084051 -0.14115816
v -0.25275094 0.44624305 -0.21822564
v -0.28322306 0.45254087 -0.17482231
v -0.30230432 0.42450831 -0.09347107
v -0.27424496 0.40697876 -0.06357400
v -0.23727004 0.40918096 -0.06621708
v 0.21509122 0.41786637 -0.24068112
v 0.19096917 0.42201013 -0.27399839
v 0.14854603 0.41846042 -0.26500504
v 0.06034585 0.41620526 -0.23501281
v 0.05432395 0.40863150 -0.22630034
v 0.05339618 0.40465956 -0.21168149
v 0.06043485 0.40566809 -0.19880323
v 0.08942184 0.40811722 -0.11485559
v 0.10792197 0.39955300 -0.11530969
v 0.16133609 0.39877751 -0.12361804
v -0.15483581 0.43505524 -0.17866651
v 0.06501223 0.41895330 -0.23917586
v 0.04968337 0.43486897 -0.21664654
v 0.17429940 0.40222953 -0.12791648
v -0.16018661 0.43288856 -0.12445194
v -0.15461691 0.44611119 -0.18917025
v -0.28190157 0.44098448 -0.17223568
v -0.30489166 0.43881214 -0.14692071
v 0.23345385 0.40642666 -0.17641131
v 0.10670974 0.41711453 -0.25255241
v 0.05909478 0.39317751 -0.14132583
v 0.09077905 0.39370843 -0.11740506
v -0.16604075 0.43578352 -0.10587901
v -0.15944780 0.44235328 -0.20870200
v -0.18370518 0.44997479 -0.22601554
v -0.29500225 0.42299899 -0.08614132
v -0.26731103 0.40858646 -0.06146188
v -0.24182666 0.42404629 -0.06322527
v 0.22790269 0.41534771 -0.19508604
v 0.18274147 0.41843619 -0.27887694
v 0.16148471 0.43467224 -0.26729174
v 0.06803555 0.41654700 -0.18547742
v 0.08043895 0.40325690 -0.11906585
v 0.11920111 0.39777687 -0.11580905
v -0.15726416 0.45476741 -0.18194027
v -0.20500115 0.45515612 -0.22766704
v -0.31535438 0.43597916 -0.13038839
v -0.31417975 0.43121024 -0.10301188
v -0.29304295 0.43301986 -0.07626215
v -0.20367747 0.41262589 -0.07784320
v 0.23197886 0.41413643 -0.16896427
v 0.04883907 0.43646822 -0.20286227
v 0.22914058 0.40673949 -0.15739505
v -0.16020919 0.44687317 -0.11498852
v -0.16160197 0.45004418 -0.20244478
v -0.31749689 0.43589570 -0.11618900
v -0.28410590 0.41772310 -0.06963381
v -0.21194586 0.41746860 -0.07360308
v 0.15041562 0.42656758 -0.26543276
v 0.21669927 0.41400927 -0.14946436
v -0.16399233 0.44865656 -0.14658476
v -0.30208558 0.44872535 -0.15201415
v -0.18329684 0.41947810 -0.09071668
v 0.22638166 0.42375399 -0.21207369
v 0.13178910 0.43140438 -0.26424202
v 0.10715761 0.43030280 -0.25619194
v 0.06958926 0.41246991 -0.24097933
v 0.05088289 0.42066410 -0.21102856
v 0.06836455 0.40339377 -0.16784554
v 0.15269523 0.40688630 -0.11940160
v -0.16566780 0.44584814 -0.21202169
v -0.19875978 0.46324354 -0.22065859
v -0.26512166 0.44713164 -0.20834870
v -0.31759811 0.44819686 -0.10935144
v -0.22591326 0.44453595 -0.06194442
v -0.19034726 0.45297503 -0.06870529
v 0.19773117 0.43535046 -0.26870227
v 0.16030472 0.44677146 -0.26467984
v 0.08649143 0.42622455 -0.25030204
v 0.05651488 0.42185927 -0.23041060
v 0.20619380 0.41051516 -0.14178320
v -0.15745783 0.45758260 -0.19225207
v -0.18993506 0.46444378 -0.21022324
v -0.29051189 0.46070907 -0.16560874
v -0.29736744 0.44307293 -0.08449429
v -0.19365163 0.42907888 -0.07668430
v 0.23082237 0.41959067 -0.18401289
v 0.18911256 0.44219013 -0.27384361
v 0.06704841 0.42813945 -0.17964395
v -0.20870051 0.46661837 -0.22130979
v -0.25507915 0.45847117 -0.21076418
v -0.28005503 0.41401617 -0.06384151
v 0.17152723 0.42533085 -0.27672074
v 0.05868819 0.42477062 -0.19388606
v 0.06243478 0.42032168 -0.16814411
v -0.16279621 0.45680476 -0.19905321
v -0.22401734 0.45308308 -0.22363985
v -0.26492454 0.43174638 -0.05637568
v -0.17340540 0.43778782 -0.09476274
v 0.22287501 0.43313664 -0.22304403
v 0.13429432 0.44600415 -0.26539703
v 0.17685808 0.41794427 -0.12633897
v 0.19349277 0.41529313 -0.13423302
v 0.22896256 0.41739838 -0.15519915
v -0.16447324 0.46517690 -0.16050651
v -0.31504524 0.45166485 -0.10469652
v -0.30514628 0.44253521 -0.09483869
v -0.24116376 0.44986584 -0.05568517
v -0.18404172 0.44308481 -0.08002045
v 0.21584165 0.43339711 -0.23721088
v 0.20621971 0.43600211 -0.25412490
v 0.12111006 0.41166814 -0.11104672
v 0.13669140 0.41277653 -0.11041057
v -0.18426877 0.46899345 -0.20251400
v -0.18137122 0.46124836 -0.20699625
v -0.22482908 0.43577441 -0.06453328
v -0.15998396 0.44490708 -0.12226592
v -0.27304315 0.45575348 -0.19999952
v -0.31045878 0.46943180 -0.13816967
v -0.28118315 0.45462738 -0.06358825
v -0.24968933 0.42158957 -0.06145238
v -0.20254565 0.45334186 -0.06152475
v -0.16376286 0.44728589 -0.10865839
v 0.10523479 0.41458465 -0.11110764
v 0.14143679 0.42134310 -0.11108716
v 0.15739870 0.41405697 -0.12023857
v 0.23179725 0.42897172 -0.16473936
v 0.23109626 0.43586882 -0.18845334
v 0.09746245 0.44821979 -0.25652710
v 0.07104372 0.44437523 -0.24427786
v 0.15498814 0.42623695 -0.11484596
v 0.20124774 0.42784823 -0.13692202
v 0.21901008 0.42549769 -0.14910327
v 0.23047243 0.43828503 -0.16096366
v -0.16321899 0.44334373 -0.13689281
v -0.17813607 0.44934453 -0.08986786
v 0.05856461 0.41510688 -0.13681596
v 0.18373080 0.42758914 -0.12901023
v -0.16829189 0.47008465 -0.19726112
v -0.30720812 0.46788173 -0.14598885
v -0.30489845 0.46606356 -0.08827033
v -0.25790380 0.42700568 -0.05779305
v 0.20151135 0.44842149 -0.26211240
v 0.17972534 0.45267790 -0.26904225
v 0.05794386 0.45647524 -0.23456273
v 0.05146262 0.45340262 -0.22559673
v 0.06511695 0.43152252 -0.18479497
v 0.05585458 0.42794718 -0.16388961
v 0.12084484 0.42873131 -0.10673283
v 0.21186462 0.42573212 -0.14400019
v -0.16573434 0.47911721 -0.19319594
v -0.23884967 0.47297289 -0.21490349
v -0.26405879 0.47643866 -0.20473900
v -0.27910110 0.46893914 -0.19145229
v -0.31727366 0.45447063 -0.12031839
v -0.20636781 0.46177120 -0.05650478
v -0.17025567 0.45547353 -0.10030819
v 0.23362960 0.43754355 -0.17350707
v 0.15657032 0.46434558 -0.26848399
v 0.04823089 0.43707537 -0.20859069
v 0.05021839 0.43623707 -0.14778910
v 0.06328163 0.40976653 -0.13064182
v -0.16729567 0.49092545 -0.17112502
v -0.21552420 0.44500671 -0.06242148
v -0.16413841 0.46390050 -0.10590459
v 0.22810301 0.43411741 -0.20666896
v 0.06162121 0.43253429 -0.17036516
v 0.05138241 0.42201136 -0.15195405
v 0.06865476 0.40858862 -0.12628747
v 0.07637473 0.41135035 -0.12033763
v -0.28246117 0.46235728 -0.18426989
v -0.18029984 0.46146284 -0.08930152
v 0.20751630 0.45016420 -0.24720412
v 0.20113764 0.46123761 -0.26307984
v 0.17721722 0.45973709 -0.26794732
v -0.16449407 0.45572735 -0.13551767
v -0.20785976 0.48397593 -0.20335958
v -0.31687861 0.46935910 -0.11516376
v -0.29316789 0.45220770 -0.07374245
v -0.27449744 0.43483442 -0.05702039
v -0.19519634 0.45079104 -0.06596664
v 0.16902728 0.42326121 -0.12202721
v 0.18232863 0.44234945 -0.12511086
v 0.20919038 0.43928074 -0.14099957
v -0.23965722 0.48869360 -0.20669064
v -0.25445825 0.45293239 -0.05124328
v -0.15890808 0.46742482 -0.11248247
v 0.23247339 0.44835507 -0.16466852
v -0.20900381 0.47769316 -0.20501038
v -0.22306948 0.46967880 -0.22020543
v -0.27053573 0.45700251 -0.05064583
v 0.21781149 0.45392719 -0.22590409
v 0.21499884 0.46596689 -0.23166438
v 0.18448215 0.47090110 -0.26911908
v 0.06093261 0.43460786 -0.13171496
v 0.10166085 0.43456624 -0.10656290
v 0.15879597 0.43919827 -0.11353388
v -0.18144309 0.47251000 -0.20056228
v -0.27140310 0.49341474 -0.19845103
v -0.22394200 0.45643376 -0.05839261
v 0.19591065 0.45617773 -0.26975857
v -0.15984586 0.46799699 -0.18551119
v -0.16707724 0.49367626 -0.17925166
v -0.17462760 0.48953788 -0.19768484
v -0.31133418 0.47336211 -0.09640794
v 0.23268362 0.45172857 -0.18311349
v 0.13674439 0.46550942 -0.26706464
v 0.06222039 0.44623961 -0.18278314
v 0.21286875 0.45442142 -0.14235130
v 0.22866122 0.45315753 -0.15977042
v -0.17412230 0.47120457 -0.09822301
v -0.15870782 0.48108349 -0.11244590
v -0.16009245 0.47498080 -0.12330785
v -0.28404565 0.49212566 -0.18429565
v -0.18839668 0.46429976 -0.06723020
v 0.04731534 0.47271878 -0.21819590
v 0.06018444 0.45336296 -0.18379954
v 0.13350530 0.42881273 -0.10713400
v -0.18488814 0.47627990 -0.08865896
v -0.20091751 0.49566076 -0.20380896
v -0.24061132 0.49848984 -0.19859323
v -0.19297804 0.47440878 -0.05656579
v 0.23329083 0.45944027 -0.18044934
v 0.13320359 0.48657849 -0.26693370
v 0.07592503 0.44183648 -0.11724746
v 0.08683683 0.44089791 -0.11092172
v 0.09254746 0.43071646 -0.10961203
v 0.18219116 0.44819186 -0.12442501
v 0.20057577 0.44590400 -0.13486553
v -0.16990698 0.48017272 -0.13721300
v -0.25452777 0.49594670 -0.20271506
v -0.28534346 0.45514217 -0.06713702
v -0.19619339 0.48121597 -0.05031329
v 0.23294288 0.45863642 -0.17050198
v 0.21624824 0.48233335 -0.23098887
v 0.04451771 0.46178913 -0.20598114
v 0.04760839 0.45419782 -0.19776954
v 0.05370743 0.42882895 -0.16168038
v 0.04736025 0.44466953 -0.15641177
v 0.12408533 0.43996653 -0.10316781
v -0.19064723 0.48145247 -0.05869989
v -0.23381777 0.49062914 -0.20174890
v -0.27710510 0.44499455 -0.05797785
v 0.15826550 0.47327706 -0.26780435
v 0.11362145 0.45582905 -0.26300052
v 0.13916030 0.44203278 -0.10438628
v -0.18754005 0.47141454 -0.07274325
v -0.17079475 0.49692091 -0.12910955
v -0.28623245 0.50858376 -0.18347174
v -0.29616981 0.48313105 -0.16031119
v 0.08348193 0.46698288 -0.25247783
v 0.05366956 0.45660759 -0.22983070
v 0.05588102 0.45450806 -0.17002977
v 0.04639762 0.45766248 -0.14940401
v 0.17292160 0.44726836 -0.11958551
v -0.18196888 0.49028636 -0.09026616
v -0.16265090 0.47752897 -0.10525988
v 0.22469012 0.46481160 -0.20540673
v 0.07003777 0.46199967 -0.24518503
v 0.06360229 0.46548976 -0.24021541
v 0.05136068 0.46162113 -0.14216200
v 0.19436604 0.45365372 -0.13129905
v -0.18711843 0.48704574 -0.08586342
v -0.17346331 0.48870946 -0.09652925
v -0.16077825 0.49019750 -0.12007673
v -0.17728895 0.50929692 -0.19147565
v -0.26647757 0.49727763 -0.20052618
v -0.30855274 0.48548075 -0.09067131
v -0.21219533 0.46553582 -0.05417364
v 0.11169649 0.44494160 -0.10275099
v -0.17282998 0.49619826 -0.14880205
v -0.23245739 0.50073593 -0.19911803
v -0.30009895 0.46782692 -0.07684627
v 0.20129736 0.47679235 -0.26120554
v 0.06595019 0.44679892 -0.12515923
v 0.09815963 0.45084671 -0.10487624
v 0.19436200 0.47307814 -0.26684073
v 0.05100543 0.48038987 -0.22725843
v 0.13544426 0.45170368 -0.10134252
v 0.20069058 0.46201028 -0.13375971
v 0.22842961 0.47315582 -0.15939936
v -0.17605237 0.49775247 -0.08956160
v -0.31434729 0.49449320 -0.11764223
v -0.27573737 0.46962778 -0.05152170
v -0.23004966 0.47704154 -0.05011510
v -0.29060364 0.49652120 -0.17291611
v -0.30917244 0.49091237 -0.13999036
v -0.22949241 0.48623260 -0.04509694
v 0.11110959 0.47878384 -0.26213043
v 0.04594948 0.45195840 -0.15564379
v 0.16343268 0.46043577 -0.10643679
v 0.21129033 0.47128078 -0.14093987
v 0.22369922 0.46568966 -0.14971804
v -0.17514165 0.50886094 -0.13085536
v -0.16797331 0.49350885 -0.18650833
v -0.18975580 0.51127818 -0.19941561
v -0.19324187 0.50575324 -0.20139094
v -0.24914451 0.51552237 -0.19340152
v -0.19958570 0.49272206 -0.04203646
v 0.16620070 0.48702184 -0.26480586
v 0.04406213 0.47570371 -0.20256278
v 0.10780177 0.49184711 -0.09363182
v 0.11612806 0.47503152 -0.09586582
v -0.19265816 0.49598169 -0.07628582
v -0.15817298 0.49375636 -0.11173513
v -0.16503414 0.49306688 -0.12415226
v -0.25982552 0.51166192 -0.19221486
v -0.29962577 0.51419951 -0.15332322
v -0.28211165 0.47443294 -0.06057077
v 0.14524408 0.48576165 -0.26676703
v 0.09216372 0.48284443 -0.25635626
v 0.05902487 0.49481038 -0.23755200
v 0.05012919 0.47860118 -0.17126824
v 0.07367376 0.46843173 -0.11518506
v 0.18160764 0.45785361 -0.12107810
v -0.19186795 0.49756929 -0.05386836
v -0.17595396 0.50666710 -0.14070224
v -0.31471459 0.48856750 -0.12387356
v -0.31465037 0.48248111 -0.10501850
v -0.21328348 0.48694731 -0.04314125
v 0.23108928 0.46886179 -0.18483022
v 0.19349358 0.49660165 -0.26113877
v 0.18195565 0.49132796 -0.26388059
v 0.04917929 0.47645923 -0.18859089
v 0.05249266 0.47564633 -0.17538818
v 0.08254244 0.46390422 -0.10921396
v 0.11089582 0.47182279 -0.09717905
v -0.16191200 0.48950698 -0.10413240
v -0.15950843 0.50288053 -0.10507736
v -0.21514110 0.52705286 -0.20088591
v -0.27204014 0.51611660 -0.18960193
v -0.28105291 0.51558779 -0.18681510
v -0.31016037 0.49179233 -0.09309313
v 0.20167855 0.49742783 -0.25611896
v 0.12089333 0.46844903 -0.09699460
v -0.17847863 0.50976123 -0.07701524
v -0.29381927 0.52105789 -0.16911653
v -0.30596810 0.50102965 -0.08312255
v -0.29113652 0.47899475 -0.06674655
v -0.24661134 0.47973443 -0.04590572
v -0.21337173 0.49261969 -0.04090376
v 0.20576537 0.47699480 -0.25305193
v 0.20620738 0.50286723 -0.24798578
v 0.07196763 0.48615449 -0.24761270
v 0.03974224 0.48521779 -0.15451591
v 0.19412717 0.47865059 -0.12535597
v -0.18872313 0.50401934 -0.07639508
v -0.17727527 0.52303702 -0.15798774
v -0.22162754 0.52005677 -0.20113863
v -0.29055617 0.52663467 -0.17530352
v -0.26497131 0.46748818 -0.04697550
v -0.23829923 0.49423965 -0.04272838
v 0.23195033 0.47942241 -0.17289768
v 0.22646134 0.49278438 -0.20265393
v 0.22108453 0.49847094 -0.21772781
v 0.21420330 0.50229583 -0.23407914
v 0.13964191 0.49732618 -0.26749512
v 0.04334138 0.46680582 -0.15270605
v 0.06255285 0.46070271 -0.12787754
v -0.17341579 0.50888143 -0.08555397
v -0.16068388 0.50954080 -0.11400976
v -0.22496043 0.49876690 -0.04171669
v -0.19230188 0.50946430 -0.04123712
v 0.23214222 0.49131814 -0.18218725
v 0.05553567 0.48160782 -0.23293494
v -0.23924252 0.52755133 -0.19655937
v -0.31221117 0.50183199 -0.10495932
v 0.23208427 0.51283500 -0.17641170
v 0.21444850 0.52447456 -0.23039896
v 0.04373956 0.49163926 -0.14642135
v 0.15131662 0.46751973 -0.10054839
v 0.20358052 0.48241402 -0.13278967
v 0.22182707 0.48440722 -0.15307220
v -0.17084149 0.50478816 -0.09279506
v -0.16434376 0.51634541 -0.09654842
v -0.17465203 0.52314007 -0.12346584
v -0.26765532 0.52598519 -0.18645322
v 0.08933557 0.45973584 -0.10660458
v -0.29772554 0.50696507 -0.06912089
v -0.28087767 0.49730738 -0.05091210
v -0.20920584 0.49973682 -0.04000991
v -0.19503069 0.50251454 -0.06792205
v 0.18657477 0.52294766 -0.25794788
v 0.18158965 0.50549272 -0.26312708
v 0.10383993 0.50649946 -0.26095965
v 0.08048172 0.49313107 -0.25311797
v 0.04534227 0.50215166 -0.17861741
v -0.15882886 0.51977134 -0.10494679
v -0.19139298 0.53563850 -0.19226707
v -0.20309207 0.53737845 -0.19696128
v -0.27931288 0.53189710 -0.18244583
v -0.31108728 0.51422691 -0.12934730
v -0.31111710 0.50471087 -0.09433353
v -0.28952443 0.51398216 -0.06240651
v -0.27418067 0.49281360 -0.04475987
v -0.20547696 0.49429162 -0.04005454
v 0.06807805 0.50429846 -0.24676863
v 0.04624395 0.50076839 -0.21770545
v 0.04874470 0.48822708 -0.17707320
v 0.03758874 0.49839338 -0.15638111
v 0.12163675 0.48213805 -0.09598595
v 0.17882352 0.47500572 -0.10994039
v -0.30847783 0.50837116 -0.13814188
v -0.19546031 0.50734414 -0.03701381
v -0.17250318 0.51869340 -0.07728481
v 0.05595093 0.48068249 -0.13503917
v 0.06739004 0.49335813 -0.11858460
v 0.13607697 0.47260392 -0.09905707
v 0.17266628 0.49002283 -0.10449278
v 0.20599587 0.50294160 -0.13163933
v 0.22899828 0.50859196 -0.16253162
v -0.16731087 0.53010990 -0.11387844
v -0.17956641 0.52615736 -0.18248835
v -0.25585414 0.49907673 -0.03975129
v 0.04219473 0.51311382 -0.20620617
v 0.04379044 0.50386205 -0.17179375
v 0.08885990 0.50435294 -0.09826143
v -0.30834179 0.52332020 -0.08555481
v -0.26729394 0.49812400 -0.04109085
v 0.04303045 0.48278228 -0.16282849
v 0.06003185 0.48922739 -0.12834504
v 0.08325881 0.50799071 -0.10144586
v -0.17110423 0.52137885 -0.08581890
v -0.28689661 0.50380694 -0.06073516
v -0.20028419 0.51167977 -0.03595680
v 0.04327487 0.49774979 -0.19067432
v -0.25309745 0.54011690 -0.19135547
v -0.31007863 0.52782185 -0.10627127
v -0.30188802 0.49941603 -0.07396824
v -0.24904082 0.51723391 -0.03694971
v -0.21552730 0.51467670 -0.04366239
v -0.17961610 0.51918325 -0.07019860
v 0.19776190 0.53041234 -0.25068068
v 0.15306886 0.50931489 -0.26728345
v 0.13973187 0.52334590 -0.26771972
v 0.12621063 0.51443037 -0.26650573
v 0.04238263 0.49795939 -0.20115553
v -0.17636965 0.52247051 -0.17165652
v -0.19709672 0.54109245 -0.19392472
v -0.23370950 0.55704071 -0.19242297
v -0.19388483 0.51690074 -0.04637789
v -0.19563045 0.52061334 -0.06248571
v 0.16924084 0.51724082 -0.26453246
v 0.18764161 0.50152093 -0.11213935
v -0.18145566 0.53254555 -0.14007836
v -0.29726667 0.53822690 -0.16102858
v 0.20865560 0.52750713 -0.23884010
v 0.07771545 0.52494108 -0.25535887
v 0.09749729 0.48914097 -0.09714625
v 0.19725184 0.48986704 -0.12528948
v 0.22332870 0.50345655 -0.15334375
v -0.24247824 0.54230417 -0.19421129
v -0.28616608 0.53430692 -0.17854261
v -0.27373809 0.51403133 -0.04010022
v -0.20705032 0.51919249 -0.03907738
v 0.06602774 0.53247771 -0.24693604
v 0.15411945 0.48627894 -0.10067656
v -0.16274250 0.53493085 -0.09378529
v -0.18763553 0.54182784 -0.18605505
v -0.29491527 0.55555759 -0.16176343
v -0.30959070 0.54018013 -0.12127801
v 0.22830138 0.50568254 -0.19996998
v -0.16717203 0.54768699 -0.07579677
v -0.26809614 0.54424018 -0.18545262
v -0.29012051 0.53214709 -0.05939579
v -0.19064607 0.52161937 -0.06612904
v 0.11338907 0.50875279 -0.08978294
v 0.12092159 0.50602784 -0.09161049
v -0.15989159 0.52952793 -0.10382616
v -0.18954769 0.55642727 -0.17500378
v -0.27846689 0.54392686 -0.18148438
v -0.29145877 0.55555813 -0.16785639
v -0.30786927 0.53603015 -0.13295494
v -0.28027290 0.52552153 -0.04285791
v -0.23194054 0.51543877 -0.04101604
v -0.19529486 0.51924138 -0.03277962
v -0.19638312 0.52437724 -0.05309054
v -0.17558572 0.53958363 -0.06030493
v 0.09384710 0.51713510 -0.26067132
v 0.12832286 0.49788640 -0.09645075
v 0.13745686 0.49892109 -0.09913404
v 0.14842303 0.50610694 -0.10103877
v -0.17354228 0.53452776 -0.11888031
v -0.18127756 0.54271442 -0.12415145
v -0.18156743 0.53556723 -0.12952844
v -0.20190291 0.56154047 -0.19046674
v -0.21815853 0.53265690 -0.04194791
v 0.21911312 0.52571396 -0.22135374
v 0.16503431 0.54737341 -0.26416824
v 0.11228756 0.51984940 -0.26330094
v 0.08671552 0.50598894 -0.25726616
v 0.08415126 0.52905248 -0.25920520
v 0.04634427 0.52937708 -0.21999439
v 0.04330250 0.52580626 -0.21217551
v 0.06929616 0.51518097 -0.11204761
v -0.26414592 0.56536021 -0.18378732
v -0.31081199 0.52009026 -0.09633220
v -0.26339997 0.52867028 -0.03493711
v 0.22852320 0.53141125 -0.17361464
v 0.20321834 0.53260780 -0.24483581
v 0.06142851 0.51458990 -0.12159694
v 0.21384614 0.52483964 -0.13506243
v -0.16303385 0.54355931 -0.10459878
v -0.18931244 0.55717216 -0.16802627
v -0.19576566 0.56751328 -0.17864502
v -0.30979275 0.55035778 -0.12220127
v -0.28508846 0.51818880 -0.05560372
v -0.24282216 0.53054949 -0.03615396
v -0.16725557 0.54253956 -0.06711234
v 0.19096530 0.53924646 -0.25352298
v 0.15584589 0.53054908 -0.26693329
v 0.12421353 0.54236855 -0.26581527
v 0.03989189 0.51252036 -0.19509121
v 0.03826766 0.52193152 -0.19067814
v 0.03810563 0.51106151 -0.15073415
v 0.12711029 0.50946256 -0.09378912
v 0.19903126 0.50856974 -0.12371358
v 0.22398858 0.52408271 -0.14961492
v -0.17049174 0.53433872 -0.06619524
v 0.04036726 0.51661648 -0.17227299
v 0.09680953 0.50699479 -0.09408600
v 0.17780395 0.50817902 -0.10532528
v -0.20034348 0.56818255 -0.18567381
v -0.19723987 0.53727507 -0.05167791
v -0.18880125 0.56230138 -0.13281681
v -0.18569876 0.54800695 -0.15167418
v -0.24906856 0.56274348 -0.18878059
v -0.30524501 0.57398012 -0.13506021
v -0.30779750 0.55985465 -0.13116638
v -0.31167114 0.55169508 -0.09945266
v -0.21522655 0.54259987 -0.03584367
v -0.18799859 0.56545465 -0.12613445
v -0.20158344 0.53157342 -0.02640243
v 0.12290019 0.55293092 -0.26651100
v 0.09976014 0.54216734 -0.26461710
v 0.07698017 0.50558162 -0.10625665
v 0.13768547 0.52183124 -0.09799475
v -0.16557417 0.55007713 -0.06636359
v -0.16014420 0.54785859 -0.09591637
v -0.21644379 0.57558513 -0.19058618
v -0.29880282 0.53590343 -0.06667223
v -0.19866630 0.55893348 -0.03754245
v 0.22714993 0.53390783 -0.19016456
v 0.03523859 0.51871654 -0.16129907
v -0.16030990 0.56823565 -0.08856985
v -0.23177299 0.56834896 -0.19023575
v -0.28622697 0.54871602 -0.05087691
v 0.17986747 0.56644468 -0.25685438
v 0.14555136 0.56251873 -0.26643405
v 0.03909359 0.54323504 -0.20475024
v 0.15493332 0.52254715 -0.10330187
v 0.20509620 0.54149350 -0.12773614
v -0.16154829 0.54861616 -0.09051336
v -0.16723914 0.54998268 -0.10756840
v -0.20816941 0.56635784 -0.19129283
v -0.20847159 0.53473922 -0.02900465
v -0.16474507 0.56619125 -0.05110568
v 0.22314789 0.55686570 -0.19489448
v 0.19194937 0.56831741 -0.24905623
v 0.06269717 0.54829196 -0.24471864
v 0.05127158 0.52279234 -0.22874902
v 0.10490812 0.52073672 -0.08828128
v -0.16563438 0.54513110 -0.08315565
v -0.26948381 0.58334050 -0.17836961
v -0.28421327 0.57137762 -0.17204983
v -0.27490113 0.54009233 -0.03681085
v -0.21409583 0.55838158 -0.02032367
v -0.19716775 0.54966667 -0.03312229
v 0.13430496 0.55584245 -0.26691582
v 0.09222103 0.55315785 -0.26511224
v 0.07568165 0.55596104 -0.25740257
v 0.06874057 0.53348824 -0.11147126
v -0.18317732 0.56681326 -0.11804847
v -0.21890515 0.56430963 -0.19260950
v -0.29351466 0.58657642 -0.15592097
v -0.30903473 0.54194394 -0.08532614
v -0.27983115 0.55480471 -0.03939263
v -0.19517219 0.53349035 -0.03024966
v -0.18825639 0.57001270 -0.04585174
v 0.03196606 0.54304057 -0.16215554
v 0.11715729 0.53472970 -0.08405907
v -0.16238472 0.57159534 -0.05669735
v -0.18989396 0.55104197 -0.05411407
v -0.17178095 0.56498187 -0.04828191
v 0.22263944 0.53595796 -0.20956713
v 0.20470723 0.55449122 -0.23866164
v 0.08870807 0.56631668 -0.26571958
v 0.03686918 0.53333399 -0.17513830
v 0.03350464 0.53121145 -0.15445241
v 0.05167381 0.53101864 -0.13253527
v -0.16548834 0.56882785 -0.07527717
v -0.24719901 0.58836842 -0.18458437
v 0.04552493 0.51626598 -0.14038330
v 0.11050554 0.54923047 -0.08143263
v 0.22428395 0.53965571 -0.15688742
v -0.19636632 0.58592430 -0.13260776
v -0.21888422 0.55348751 -0.03611829
v 0.09915770 0.53787000 -0.08582442
v -0.19780490 0.57697786 -0.16753153
v -0.30050962 0.55917193 -0.06928001
v -0.22586948 0.53695021 -0.04016536
v -0.21713751 0.57055732 -0.02855348
v 0.22666419 0.55713924 -0.17237595
v 0.21111125 0.56536184 -0.22264965
v 0.17122213 0.55825534 -0.26090340
v 0.06124040 0.52873109 -0.12118187
v 0.13226734 0.53622386 -0.08924151
v 0.19837506 0.52381390 -0.12264576
v 0.22010807 0.54225461 -0.14732457
v -0.20649843 0.58995320 -0.18109649
v -0.31047736 0.56714154 -0.11517240
v 0.04333495 0.56110081 -0.21931853
v 0.05447598 0.55619708 -0.12638998
v 0.16114786 0.53725762 -0.10525978
v -0.16166899 0.56729049 -0.09518904
v -0.17133583 0.57425861 -0.10455308
v -0.26851701 0.52880536 -0.03564482
v -0.21280907 0.57320962 -0.00782586
v -0.19562422 0.56252685 -0.04505128
v -0.17806308 0.57500481 -0.04178964
v 0.10748492 0.56720016 -0.27049682
v 0.12292873 0.53201555 -0.08566328
v -0.16526464 0.58259000 -0.09579356
v -0.19585068 0.57428182 -0.14403770
v -0.29852735 0.58726663 -0.14565840
v -0.28931256 0.55239091 -0.05545413
v -0.25254658 0.54063043 -0.03295005
v -0.22427139 0.55569944 -0.03677305
v -0.19945732 0.55011176 -0.02057982
v 0.13521730 0.56795618 -0.26843643
v 0.07454672 0.56997107 -0.25558086
v 0.05870023 0.55849761 -0.23973114
v -0.26402554 0.59161566 -0.17925240
v -0.30703275 0.56464742 -0.08176705
v 0.19929389 0.56463063 -0.24312756
v 0.15897386 0.56958619 -0.26393006
v 0.18442351 0.53421460 -0.11324409
v 0.22316755 0.55424905 -0.15194031
v -0.19131246 0.58708222 -0.12284269
v -0.21789206 0.59716943 -0.18767988
v -0.21715206 0.57676861 -0.01228622
v -0.20630885 0.55591558 -0.01519779
v -0.19794048 0.56326187 -0.04121297
v 0.03366206 0.55266377 -0.19116682
v 0.03031332 0.56286766 -0.17136367
v 0.04342285 0.54658554 -0.13844190
v 0.17168236 0.53413685 -0.10744152
v -0.16083606 0.58083449 -0.08126211
v -0.29238623 0.58152751 -0.05744881
v 0.20647293 0.56413062 -0.23298129
v 0.09539602 0.58082973 -0.27047940
v 0.07878803 0.54460722 -0.09842792
v 0.09614459 0.53061452 -0.08884938
v 0.15822666 0.54551150 -0.10445307
v -0.18377439 0.58156451 -0.11553607
v -0.20282551 0.59824737 -0.14159659
v -0.23709260 0.59059210 -0.18665649
v -0.19200858 0.58153953 -0.03757887
v 0.22051810 0.56777157 -0.20009446
v 0.20541404 0.58339066 -0.22865359
v 0.04636581 0.59140312 -0.23054584
v 0.09509643 0.55769528 -0.08297315
v 0.21373519 0.56827365 -0.13843538
v -0.16089378 0.58339992 -0.04890130
v -0.17145775 0.59066236 -0.10047788
v -0.20372680 0.59104033 -0.17254153
v -0.24586617 0.60086149 -0.18279245
v -0.28604988 0.59461814 -0.16553668
v -0.30883130 0.58277332 -0.11139784
v 0.21575256 0.57916621 -0.20690916
v 0.08838123 0.56245757 -0.08468438
v 0.22369143 0.57106616 -0.16374321
v -0.16464507 0.58558259 -0.06471828
v 0.16796761 0.58567138 -0.25958282
v 0.03337695 0.57647636 -0.19744393
v 0.15088460 0.54539915 -0.10093420
v 0.18921246 0.56323848 -0.11571035
v -0.16080296 0.58155915 -0.08670981
v -0.22540316 0.59700500 -0.18863111
v -0.27589722 0.56891879 -0.03448132
v -0.21741564 0.59056593 -0.02104347
v -0.20042892 0.57672100 -0.01928012
v 0.21610152 0.58199798 -0.14730203
v -0.23871747 0.58290477 -0.02877499
v -0.16737837 0.58115056 -0.03718555
v -0.16171886 0.58976060 -0.03874154
v 0.10884914 0.58764664 -0.27367832
v 0.08683852 0.58000600 -0.26631015
v 0.07841474 0.58601827 -0.25889133
v 0.06105820 0.56926978 -0.24282296
v 0.05005613 0.55564377 -0.22972303
v 0.03037321 0.56415788 -0.18645729
v -0.30837683 0.58429812 -0.11874749
v -0.20040779 0.58883026 -0.02196493
v 0.12402961 0.58108795 -0.27140481
v 0.13511755 0.56091163 -0.08059609
v 0.14785747 0.55428105 -0.09537914
v -0.18087025 0.59490785 -0.11125807
v -0.25465844 0.61790161 -0.17571160
v -0.30757726 0.59733436 -0.11057713
v -0.30153076 0.58785162 -0.06831264
v -0.26691049 0.56520469 -0.03156499
v -0.25929433 0.56312071 -0.03042989
v -0.20354236 0.57990359 -0.00966292
v -0.19256394 0.59637720 -0.02599144
v 0.04127987 0.58903616 -0.22195481
v 0.02880122 0.56124944 -0.15904137
v 0.17318474 0.55949601 -0.10933307
v -0.21113476 0.60537144 -0.17824507
v -0.23191800 0.61410776 -0.18772894
v -0.27688249 0.59344738 -0.17303698
v -0.28013221 0.61841174 -0.16610231
v -0.29637380 0.60489756 -0.14693932
v -0.30232003 0.59598186 -0.13417465
v -0.30327229 0.61388456 -0.12609121
v 0.19597732 0.58798035 -0.24087284
v 0.09441905 0.60561020 -0.27332002
v 0.02925165 0.57286870 -0.17096985
v 0.03643579 0.53853554 -0.14667271
v 0.20245702 0.56378270 -0.12536818
v -0.27178575 0.61706970 -0.17079833
v -0.29127396 0.59624353 -0.15823744
v -0.21184992 0.59200250 0.00096569
v -0.17458464 0.59037890 -0.02876765
v 0.22370525 0.58171029 -0.17271616
v 0.14197537 0.56105578 -0.08525736
v -0.21442306 0.60246003 -0.18389689
v -0.30657102 0.58656818 -0.08015100
v -0.24448501 0.56356321 -0.03009836
v 0.17601352 0.59381372 -0.25487520
v 0.03780745 0.58490014 -0.21261383
v -0.17194196 0.60612154 -0.09929026
v -0.30673528 0.60061975 -0.07998766
v -0.28407296 0.58146359 -0.04753732
v 0.10474563 0.60631862 -0.27532419
v 0.02600233 0.58547611 -0.18246881
v 0.07014103 0.56777785 -0.10297014
v 0.07598367 0.56969826 -0.09218296
v 0.12663828 0.56367558 -0.07758912
v 0.15767117 0.56843225 -0.09995676
v -0.16004621 0.60096958 -0.04703677
v -0.16318701 0.60657447 -0.05957068
v -0.16057368 0.60511132 -0.08569990
v -0.28579849 0.60257015 -0.04875476
v -0.20632194 0.59892405 -0.00571782
v -0.18530162 0.61026059 -0.01311994
v 0.12710533 0.59549702 -0.26768892
v 0.11947870 0.59054198 -0.07160954
v -0.16321205 0.59626853 -0.06917938
v -0.21116875 0.62095791 -0.15153393
v -0.21940876 0.62853813 -0.17796539
v -0.21646343 0.58821414 -0.00177590
v -0.19921837 0.59455915 -0.02384880
v 0.22129780 0.58524883 -0.18211023
v 0.14992893 0.58413181 -0.26568565
v 0.06483623 0.59222958 -0.24738461
v 0.08585845 0.54809579 -0.09017862
v 0.16775604 0.57421495 -0.10711597
v 0.17881839 0.57800200 -0.11318685
v 0.19608726 0.58347275 -0.12261386
v -0.29903729 0.60367405 -0.06331687
v -0.27834706 0.58362543 -0.03669540
v -0.21980136 0.59406902 -0.02506238
v -0.20131535 0.60937803 -0.00971174
v 0.16638443 0.60174764 -0.25675596
v 0.11855815 0.61252708 -0.26866647
v 0.02669224 0.57951280 -0.15778607
v 0.11623871 0.56227203 -0.07822733
v 0.15329616 0.58127578 -0.08908953
v -0.16093135 0.60746485 -0.07486785
v -0.23513979 0.62856596 -0.18779352
v 0.20830463 0.59595549 -0.21556075
v 0.18423553 0.58600229 -0.25160642
v 0.04378451 0.57442263 -0.13087943
v 0.06833930 0.58185209 -0.09810740
v 0.10671713 0.57135941 -0.07763507
v 0.14665987 0.58302465 -0.08249059
v -0.16667134 0.60857020 -0.09324315
v -0.30081441 0.61305189 -0.13547047
v -0.26007878 0.60747329 -0.02876365
v -0.22004894 0.59801346 -0.00665530
v -0.16738998 0.60111004 -0.02279008
v 0.12665816 0.61045082 -0.26428449
v 0.06344599 0.56852234 -0.11279980
v -0.20373233 0.59501905 -0.16441688
v -0.22560514 0.58974057 -0.02757210
v -0.22018383 0.59736389 -0.00179012
v -0.20891952 0.61076552 0.00231648
v 0.20200991 0.61482593 -0.22600571
v 0.05116099 0.60191639 -0.23677184
v 0.03523485 0.57921965 -0.13972274
v -0.16832306 0.63700580 -0.09486602
v 0.21541874 0.60481171 -0.18771920
v 0.02897903 0.59647336 -0.14086736
v 0.03233115 0.55658105 -0.15010969
v 0.17238287 0.59173373 -0.11023704
v 0.21716792 0.59362114 -0.14857946
v -0.21169534 0.61357286 -0.17291738
v -0.22181416 0.62160774 -0.18422385
v -0.24726766 0.61803444 -0.17994082
v -0.29780315 0.62410564 -0.13996249
v -0.30110629 0.62721251 -0.12870429
v -0.30538358 0.61412869 -0.10763715
v -0.21969233 0.61372226 0.00724707
v -0.21445943 0.60578576 0.00606446
v -0.17799286 0.61991109 -0.00554962
v 0.22035032 0.60649656 -0.16721617
v 0.02600143 0.59422818 -0.14819644
v 0.20994018 0.58908971 -0.13963346
v -0.15905463 0.61400747 -0.03161841
v -0.15852299 0.62965558 -0.05526521
v -0.19482174 0.60672841 -0.12326090
v -0.23997819 0.62500049 -0.18607675
v -0.29406738 0.62874876 -0.14690610
v -0.30601039 0.61327229 -0.08854133
v -0.22350859 0.61476465 0.00204631
v -0.16256635 0.59435644 -0.03239583
v 0.20857439 0.61245586 -0.20846263
v 0.19996150 0.60841624 -0.23131557
v 0.07874737 0.60818820 -0.25898601
v 0.03995274 0.60329055 -0.22337457
v 0.02440330 0.59250833 -0.15581865
v 0.09284986 0.59174085 -0.07577086
v 0.11038892 0.60610468 -0.06963544
v 0.22187937 0.59591150 -0.15936977
v -0.18049506 0.62688665 -0.10787330
v -0.22154175 0.64281658 -0.17269316
v -0.28407424 0.63361846 -0.15834234
v -0.28870884 0.61898160 -0.15824335
v -0.30333207 0.63199253 -0.11670730
v -0.23455667 0.61437631 -0.02711401
v -0.21908075 0.60895586 -0.01722954
v -0.21550829 0.61920518 0.01091057
v 0.07390664 0.59383095 -0.08560495
v -0.15879625 0.62973357 -0.07864433
v -0.16217775 0.62886291 -0.08559156
v -0.17542253 0.63171166 -0.10197656
v -0.20250821 0.61221802 -0.13200559
v -0.23109203 0.63361436 -0.18693618
v -0.27242113 0.59610273 -0.03190000
v -0.23840115 0.60460508 -0.02770654
v 0.16352648 0.63484767 -0.24946911
v 0.03478206 0.61374246 -0.21462733
v 0.12611811 0.59043147 -0.07168606
v 0.16545586 0.59027218 -0.10344300
v -0.20041192 0.63193091 -0.12560146
v -0.18796507 0.62003254 -0.00257676
v 0.20463629 0.62127244 -0.21902789
v 0.19168468 0.60619159 -0.24099805
v 0.10045929 0.61762123 -0.27619452
v 0.07854174 0.59394802 -0.08134838
v 0.08409076 0.59605004 -0.07766933
v -0.15784566 0.62455948 -0.04220979
v -0.25387665 0.64410345 -0.17138765
v -0.22152795 0.61176868 -0.02299922
v 0.13827872 0.61054261 -0.26103406
v 0.02347190 0.59907826 -0.17122962
v 0.17392255 0.61282155 -0.11253494
v 0.21194549 0.60307267 -0.13949179
v -0.15481265 0.63775310 -0.02481043
v -0.21870333 0.63965816 -0.16548476
v -0.22980685 0.64506519 -0.18485998
v -0.27853183 0.60045216 -0.03633954
v 0.06085156 0.59430599 -0.10247222
v 0.15902123 0.59490532 -0.09137586
v -0.15893584 0.62442591 -0.07298856
v -0.26327619 0.65954664 -0.16237445
v -0.28752542 0.61181133 -0.05148733
v -0.26646821 0.60231306 -0.02991747
v -0.22447060 0.62161792 -0.00292991
v -0.19893270 0.62362875 0.00371546
v -0.19644894 0.63189416 0.00636645
v -0.17069594 0.62964626 -0.00385948
v -0.16596324 0.62414398 -0.00935759
v 0.10705846 0.62354787 -0.27699943
v 0.04653287 0.62509376 -0.23608368
v 0.06809446 0.60860635 -0.08740566
v 0.07823366 0.63069232 -0.07041555
v 0.18342391 0.60044619 -0.11715717
v -0.26834798 0.63751461 -0.16560523
v -0.30400773 0.63526011 -0.10640072
v -0.30231081 0.61538713 -0.07031922
v -0.19504503 0.63189243 -0.11964433
v -0.20953602 0.62525817 -0.14114412
v -0.30328357 0.62129594 -0.08089583
v -0.28862645 0.62687815 -0.05308281
v -0.18310952 0.63582443 -0.00102466
v 0.21143760 0.62855006 -0.19024666
v 0.15447775 0.61539175 -0.25619690
v 0.12624656 0.62775000 -0.26164994
v 0.08773077 0.61887289 -0.26689575
v -0.29621678 0.62861694 -0.06201055
v -0.22235684 0.64038062 0.01264485
v -0.15949310 0.63526382 -0.00862006
v 0.18654264 0.62177730 -0.24144301
v 0.05759361 0.61946516 -0.24349483
v 0.04116024 0.62508480 -0.22953855
v 0.03722830 0.61194115 -0.12580460
v 0.19903243 0.59895138 -0.12681473
v -0.20710541 0.62477874 0.01015646
v -0.17113153 0.63822974 -0.00309116
v 0.02198139 0.61694242 -0.18171329
v 0.16404249 0.61937190 -0.09252890
v -0.22076852 0.64997328 -0.16588066
v -0.24856509 0.64739209 -0.18031894
v -0.30234531 0.63333486 -0.08750739
v -0.30173895 0.63103007 -0.07101508
v 0.22025595 0.60778137 -0.15069948
v 0.10109079 0.62959023 -0.27782061
v 0.02996080 0.60116900 -0.19672099
v 0.13510901 0.59169732 -0.07260135
v 0.14049020 0.59200322 -0.07415161
v 0.16817409 0.61129849 -0.10455800
v -0.15533171 0.63714506 -0.03915464
v -0.16276046 0.64232479 -0.08957262
v -0.27896340 0.62014567 -0.03940976
v -0.22708783 0.62796923 -0.02472448
v -0.15986395 0.64562528 -0.00376249
v 0.19840617 0.63207925 -0.22897511
v 0.19223293 0.63346391 -0.23470559
v 0.17815936 0.62653873 -0.24505034
v 0.13745836 0.64057953 -0.25516337
v 0.05904818 0.63219800 -0.24673600
v 0.02142228 0.62061183 -0.15721414
v 0.02406358 0.60513826 -0.15110897
v 0.04530478 0.60220209 -0.11915615
v -0.20580669 0.64157742 0.01014457
v -0.15541204 0.64656782 -0.00846377
v -0.15321365 0.65381073 -0.06917106
v -0.17064737 0.65143067 -0.10287246
v -0.17790970 0.64994053 -0.10969247
v -0.21682661 0.64926812 -0.14994410
v -0.22821924 0.63486678 0.00076617
v 0.20999536 0.62753113 -0.13667409
v 0.21597947 0.62599253 -0.16791016
v 0.09808762 0.63406946 -0.27547588
v 0.02637429 0.61970580 -0.13894847
v 0.15272789 0.61548985 -0.07575294
v 0.19438397 0.62832438 -0.12578141
v -0.15295512 0.65133762 -0.05714683
v -0.24152470 0.64321530 -0.18654294
v -0.27617450 0.64868814 -0.15867886
v -0.28259161 0.66043279 -0.14934274
v -0.29136778 0.64962426 -0.14493793
v -0.29666422 0.65422032 -0.13395991
v -0.29882121 0.64407895 -0.07078140
v -0.27255201 0.62623610 -0.03552801
v -0.23139396 0.64328617 -0.02694670
v 0.06940241 0.61240508 -0.25030158
v 0.05975405 0.61492233 -0.09593447
v 0.18106616 0.62002657 -0.11828509
v -0.18413074 0.64870667 -0.00444406
v -0.24519629 0.63891630 -0.18321189
v -0.22164099 0.63381100 -0.01899170
v 0.08339931 0.64576895 -0.25998786
v -0.22596308 0.63773169 0.00820999
v -0.23049029 0.65969831 -0.18223623
v -0.27826062 0.64278462 -0.04400597
v -0.24745219 0.62924103 -0.03006950
v 0.20712434 0.62898790 -0.21004041
v 0.14657559 0.65223309 -0.25028090
v 0.13337105 0.65617174 -0.25306507
v 0.11926095 0.62872239 -0.26720589
v 0.11229727 0.64152091 -0.27571020
v 0.02009552 0.62076488 -0.17335193
v 0.09744396 0.60337854 -0.07183746
v -0.15008506 0.65970389 -0.01439798
v -0.21098662 0.64667913 -0.13801367
v -0.22652701 0.64565540 -0.02339627
v 0.15532864 0.60474935 -0.08117417
v 0.21359159 0.62895801 -0.15668990
v -0.21064814 0.65233863 0.00932993
v -0.25518005 0.65660627 -0.16981950
v 0.21548001 0.63749138 -0.16676306
v 0.12047976 0.64659626 -0.26504369
v 0.03742496 0.63752986 -0.22493500
v 0.01960155 0.63909505 -0.18223976
v 0.03352325 0.62472474 -0.12509254
v 0.11957099 0.62022947 -0.06669646
v -0.22802208 0.65152112 0.01275928
v -0.30067962 0.65007742 -0.12378364
v -0.26229672 0.64028443 -0.03389033
v -0.23317924 0.65708358 0.00524903
v 0.20976742 0.64206548 -0.19258141
v 0.08812181 0.61991476 -0.06903674
v 0.09314643 0.64034288 -0.06166765
v 0.14321625 0.62471000 -0.06948963
v 0.19306810 0.64077178 -0.12842518
v -0.19614839 0.65216226 -0.00005082
v -0.18128392 0.65656840 -0.00283185
v -0.15586058 0.66067555 -0.00285134
v -0.20394612 0.65217738 -0.13025956
v -0.24721177 0.66335968 -0.18714800
v -0.29944850 0.64574024 -0.09184102
v -0.23033423 0.64158454 0.00443456
v 0.18587695 0.64392287 -0.23586788
v 0.10640186 0.64108154 -0.27834205
v 0.02672465 0.62990165 -0.19630594
v 0.07278425 0.62123368 -0.07733812
v 0.17678739 0.64580797 -0.11382565
v -0.23876516 0.65986732 -0.18804119
v -0.19505301 0.66477115 -0.00137581
v 0.20302400 0.64797628 -0.21904452
v 0.03943625 0.63319405 -0.11260856
v 0.09940519 0.63917165 -0.06137521
v -0.15248997 0.66210089 -0.07677783
v -0.25097697 0.66402057 -0.18215953
v -0.29809586 0.65356339 -0.08887996
v -0.28635310 0.65423590 -0.05568493
v -0.16595304 0.65132777 -0.00224042
v -0.16160000 0.66316880 0.00205492
v 0.17392482 0.64922225 -0.23998218
v 0.07167123 0.63731685 -0.25348492
v 0.05636695 0.63253591 -0.09095834
v 0.10670837 0.63416697 -0.06309739
v 0.13218706 0.61072221 -0.06911019
v 0.18167258 0.63621639 -0.11888668
v -0.30167893 0.65170410 -0.10983676
v -0.22366058 0.65848166 -0.01604383
v 0.15574365 0.66998319 -0.24198145
v 0.04512127 0.63711358 -0.23609982
v 0.03248044 0.64868986 -0.21772101
v 0.12629264 0.63561292 -0.06542964
v -0.20432427 0.66964163 -0.13684046
v -0.22261158 0.66265450 -0.16439201
v 0.06436520 0.63301343 -0.08046138
v -0.22202460 0.67398706 -0.16169039
v -0.27477571 0.64435247 -0.04104856
v -0.26267417 0.65628960 -0.03745379
v -0.23601618 0.66999873 0.00424055
v 0.02274511 0.63654161 -0.14022306
v 0.16912107 0.62887890 -0.10309633
v -0.21789330 0.64950862 0.01336042
v -0.21874527 0.66695334 0.01100837
v -0.16685405 0.68678585 0.00701868
v -0.14934011 0.66336502 -0.06157572
v -0.29233520 0.66366616 -0.13696490
v -0.29969870 0.66302675 -0.10330247
v -0.24074541 0.66020762 -0.03218060
v 0.07727896 0.64644915 -0.25598330
v -0.15731590 0.67228959 -0.08881486
v -0.25580157 0.67171898 -0.16769952
v -0.29596477 0.64799107 -0.06527787
v -0.23026696 0.66813407 -0.02670365
v 0.17824893 0.66188399 -0.11240188
v 0.19093268 0.65820228 -0.12977992
v 0.21127654 0.65094612 -0.15619149
v 0.09764201 0.65613425 -0.27232389
v 0.08549752 0.66085308 -0.26221570
v 0.04155634 0.65922913 -0.23689223
v 0.15107824 0.64251685 -0.07214560
v -0.14805132 0.66075629 -0.03976523
v -0.16656887 0.67123300 -0.10592144
v -0.21150721 0.66894104 -0.14224480
v -0.26687368 0.67836779 -0.15399408
v -0.28227338 0.67549116 -0.14337363
v -0.29772470 0.66593027 -0.12717974
v -0.23054985 0.66706055 0.01293450
v -0.20688959 0.66954494 0.00278392
v -0.18877608 0.66909679 0.00148921
v -0.15250509 0.67282117 -0.00987134
v -0.14494613 0.67114630 -0.02367323
v 0.11273723 0.66779632 -0.27884674
v 0.01593154 0.65063874 -0.16776951
v 0.14059953 0.65124194 -0.06610956
v -0.21788733 0.66893392 -0.15258712
v -0.23273918 0.67941779 -0.18519906
v 0.20018602 0.64651665 -0.14200670
v 0.19835706 0.65825127 -0.22178203
v 0.05845285 0.66197164 -0.25233420
v 0.05040063 0.64687798 -0.24398002
v 0.01675126 0.64972617 -0.17889275
v 0.01905994 0.64292605 -0.14878463
v 0.03102421 0.65799109 -0.11493696
v 0.07345781 0.64376003 -0.06919716
v -0.22750354 0.68305403 0.01244653
v -0.16058120 0.69023235 -0.00505322
v -0.14389471 0.67775982 -0.05342357
v -0.29821261 0.67557862 -0.11881548
v 0.15247492 0.65568410 -0.06980631
v 0.16052729 0.64142145 -0.08084370
v -0.14030251 0.68099648 -0.03538151
v -0.17198706 0.67049644 -0.11353647
v -0.18837829 0.64830019 -0.11768078
v -0.22885041 0.66922883 -0.17798945
v -0.27090237 0.66887142 -0.04515556
v -0.16988676 0.67611527 0.00890423
v -0.14627833 0.67368318 -0.01824349
v 0.17350963 0.65822939 -0.09725516
v 0.20766596 0.66139737 -0.20516410
v 0.12728248 0.66587068 -0.25739785
v 0.11868280 0.66139958 -0.27180829
v 0.03218820 0.66704260 -0.22296007
v 0.02377102 0.65879173 -0.12691234
v -0.24543532 0.66954979 -0.18938896
v -0.25333550 0.68305137 -0.18107377
v -0.29597229 0.68390238 -0.11986679
v 0.18340803 0.66345164 -0.23096487
v 0.16627645 0.66714578 -0.23734528
v 0.04318151 0.64131219 -0.10576133
v -0.23947202 0.67916333 -0.19031286
v -0.25111289 0.68611184 -0.18686163
v -0.29947858 0.67038365 -0.11246550
v -0.29373914 0.67584025 -0.07460688
v -0.14780273 0.68241381 -0.01594509
v -0.13983389 0.69086824 -0.02593743
v 0.19211697 0.66841478 -0.22421348
v 0.10518481 0.65582941 -0.27786235
v 0.05820963 0.64931362 -0.08337609
v -0.23525257 0.68172579 0.00797275
v -0.17878494 0.67531451 0.00890522
v -0.13746892 0.69039706 -0.03631996
v -0.17632137 0.68670703 -0.12445308
v -0.21311493 0.68898168 -0.15018434
v -0.25621902 0.68384040 -0.16567341
v -0.29388048 0.67301649 -0.13203031
v -0.29864260 0.67374053 -0.09712679
v -0.22527736 0.66651096 -0.01981104
v 0.21054068 0.67176327 -0.16789712
v 0.20936243 0.66572925 -0.18581207
v 0.01704090 0.65554878 -0.15076880
v 0.04958186 0.65472041 -0.09330206
v 0.08877423 0.65529381 -0.05903621
v 0.12050610 0.64968931 -0.06234477
v -0.26020233 0.67581508 -0.16005261
v -0.26659222 0.69185229 -0.14952504
v -0.28083462 0.69019584 -0.14017637
v -0.28588674 0.66812425 -0.05883185
v -0.24185618 0.68360282 -0.03618597
v 0.18370023 0.65705585 -0.12192042
v 0.07123371 0.66025046 -0.25709021
v 0.01667518 0.66290748 -0.14122690
v -0.29740426 0.66507946 -0.08255105
v 0.20225757 0.66666951 -0.14255065
v 0.12801142 0.67877409 -0.25635381
v 0.10219875 0.65578909 -0.05766797
v 0.16545295 0.68520239 -0.08555010
v -0.23780248 0.68606536 0.00197151
v -0.14146229 0.68634782 -0.06618939
v -0.22175186 0.68818569 -0.16271268
v -0.28216789 0.68573897 -0.05984563
v -0.22997376 0.68743067 -0.02580869
v 0.20370632 0.67886575 -0.20968009
v 0.12071082 0.67924706 -0.27436083
v 0.04703257 0.68120884 -0.24722668
v 0.06066853 0.66213474 -0.07550187
v 0.11159968 0.65875735 -0.05842890
v -0.22724997 0.69066041 -0.17642045
v -0.25509489 0.69670566 -0.17372301
v -0.25898695 0.66961615 -0.03894174
v -0.14596184 0.69194052 -0.01699754
v 0.13861093 0.67550636 -0.24759791
v 0.01387057 0.66113158 -0.16662885
v 0.04283117 0.66155573 -0.09841959
v 0.17208031 0.66400531 -0.09424901
v -0.23326895 0.69772999 -0.18603623
v -0.24661134 0.69233863 -0.19135406
v -0.25843814 0.69027799 -0.15789570
v -0.22339474 0.68720544 0.01072189
v -0.18071757 0.70560858 0.01876653
v 0.20201602 0.67508830 -0.14353714
v 0.09713211 0.67670673 -0.27140034
v 0.08843777 0.67741338 -0.26438478
v 0.14236362 0.67413747 -0.06623142
v -0.13493660 0.70428656 -0.04266903
v -0.22073849 0.69762532 -0.16151876
v -0.24149638 0.69597049 0.00537028
v -0.21355131 0.69204962 0.00415106
v 0.20807121 0.67745723 -0.15854691
v 0.14910582 0.68465022 -0.24105673
v 0.03642246 0.68042775 -0.23497851
v 0.06893703 0.65725198 -0.06856662
v -0.20462010 0.68794619 0.00318133
v -0.19092048 0.70675927 0.01751707
v -0.17472735 0.70983540 0.01408211
v -0.14699275 0.68693106 -0.08107307
v -0.29106707 0.68853689 -0.12737567
v -0.26572301 0.68454263 -0.04517033
v -0.23563073 0.69468807 -0.00916600
v 0.11841041 0.70392594 -0.27621543
v 0.11236270 0.68269611 -0.27853540
v 0.06637052 0.68532516 -0.25964086
v 0.02108655 0.66281158 -0.19399049
v 0.01460005 0.66368748 -0.17831946
v 0.18001746 0.68492116 -0.11790557
v 0.18773168 0.68185824 -0.12940054
v -0.23162634 0.69775259 0.01327857
v -0.19813568 0.69833306 0.00909733
v -0.26954485 0.71444201 -0.13904157
v -0.22940133 0.69141809 -0.01984028
v 0.02437018 0.68022386 -0.11169403
v 0.06340226 0.67298279 -0.06689097
v 0.17575394 0.67847968 -0.10189300
v -0.16471461 0.68887397 -0.11216900
v -0.24038227 0.69430918 -0.19108084
v -0.28943591 0.68227894 -0.06859478
v -0.23750907 0.70610812 -0.01123567
v 0.18738536 0.68367786 -0.22208104
v 0.13557222 0.69633758 -0.24693822
v 0.12930346 0.69497995 -0.25466611
v 0.10241387 0.68800904 -0.27489227
v -0.15640350 0.70198792 -0.00702791
v 0.11513288 0.67996920 -0.05739006
v -0.24106421 0.71419104 0.00873229
v -0.21375698 0.70892294 0.00592104
v -0.29428281 0.69938051 -0.10842959
v -0.29415980 0.70470629 -0.09661194
v -0.25833572 0.70228336 -0.04482730
v 0.19576752 0.69220567 -0.21394714
v 0.08079383 0.66792813 -0.05683636
v 0.13464087 0.67248909 -0.06424016
v 0.15707773 0.68152987 -0.07562034
v -0.14181251 0.71115707 -0.01659550
v -0.13607154 0.71397720 -0.02536116
v -0.13547171 0.70715492 -0.06565673
v -0.15687847 0.68953394 -0.09513483
v -0.26486833 0.70658108 -0.14561557
v -0.28123164 0.70639655 -0.13299710
v 0.19431818 0.69121078 -0.14403225
v 0.20514878 0.68889568 -0.19581059
v 0.17248835 0.67793560 -0.23022711
v 0.09080303 0.69821485 -0.26827367
v 0.08174586 0.68614480 -0.26355345
v -0.18582449 0.71006932 0.02032112
v -0.13839072 0.71170230 -0.02152217
v -0.16313866 0.71854707 -0.12118389
v -0.28907990 0.70370829 -0.07748336
v 0.15988020 0.68550873 -0.23393227
v 0.11255301 0.70326718 -0.27790814
v 0.01666393 0.68093028 -0.12577189
v 0.04317567 0.67896148 -0.08681007
v 0.09452774 0.68300838 -0.05191568
v -0.16940874 0.71405804 0.00403113
v -0.15489162 0.70789892 -0.10067664
v -0.16805195 0.72475750 -0.12988253
v -0.26129964 0.71271953 -0.14702378
v 0.18153248 0.69019870 -0.12284094
v 0.20321713 0.68938858 -0.15642659
v 0.10669312 0.70380877 -0.27702659
v 0.09994179 0.69873492 -0.27333286
v -0.17045854 0.68818840 -0.11954574
v -0.25294633 0.70178474 -0.18773684
v -0.26523965 0.70892088 -0.05014050
v -0.23490450 0.69741338 -0.03114903
v -0.23190256 0.70969534 -0.02588565
v -0.23159514 0.71756972 0.01202258
v 0.17196931 0.70037396 -0.09856734
v 0.15413848 0.71711487 -0.22310722
v 0.02736009 0.68859235 -0.22325393
v 0.01026708 0.68309508 -0.17838072
v -0.13580079 0.72286789 -0.08275471
v -0.15926797 0.72297751 -0.11669382
v -0.28804635 0.70444515 -0.12428201
v -0.20515643 0.71966324 0.01119328
v -0.19550001 0.72730975 0.02135739
v 0.14085220 0.71448876 -0.23575711
v 0.00627355 0.68540439 -0.16452558
v 0.07346415 0.66443866 -0.06141836
v 0.14201141 0.69608831 -0.06920294
v -0.14939380 0.69335382 -0.08756520
v -0.17987288 0.70536263 -0.13369730
v -0.24233958 0.71147703 -0.19252389
v -0.25613520 0.71577237 -0.15392036
v -0.24335219 0.70292058 -0.03870090
v -0.24031250 0.72102044 -0.01100949
v -0.24099100 0.70568809 -0.00167997
v -0.24365128 0.71438422 0.00237020
v -0.15421283 0.73719168 -0.00050337
v 0.20433097 0.69768827 -0.16218386
v 0.16507142 0.69905794 -0.22485990
v 0.12535994 0.69664666 -0.26743635
v 0.02051535 0.68726926 -0.20588492
v 0.16914841 0.68880721 -0.09143616
v -0.21401835 0.70086933 -0.15365832
v -0.25594512 0.71382666 -0.18096274
v -0.25528088 0.70590350 -0.16353202
v -0.20220316 0.74236265 0.02060485
v -0.16604658 0.72050122 0.00237008
v 0.05557001 0.68137615 -0.25400656
v 0.04713036 0.69630153 -0.07044045
v -0.15052850 0.71014713 -0.09541816
v -0.20706300 0.69990703 -0.14758700
v -0.23610044 0.71158699 -0.19047190
v 0.10122006 0.69029926 -0.05195685
v -0.19253927 0.69689721 -0.13962212
v -0.22893354 0.70213718 -0.18145099
v -0.28327110 0.71625231 -0.12634439
v -0.24913522 0.72374893 -0.04418219
v -0.24566319 0.72757279 0.00538930
v -0.24251820 0.73018805 0.01045747
v -0.18403502 0.72854681 0.02216714
v -0.14755054 0.71075189 -0.01122675
v -0.12648491 0.73287367 -0.04314432
v 0.17613822 0.70386727 -0.11447389
v 0.04255510 0.69418997 -0.24693446
v 0.03303024 0.69645570 -0.23627728
v 0.07893043 0.71065162 -0.04726255
v -0.29109762 0.72308253 -0.09053189
v -0.28141842 0.71396226 -0.06671253
v -0.23517829 0.72453371 -0.02794699
v -0.19222924 0.74011671 0.02576209
v 0.20417180 0.70415376 -0.17117437
v 0.19979403 0.72118007 -0.18474407
v 0.19497854 0.70606503 -0.20928110
v 0.07452134 0.70361943 -0.26659729
v 0.00256900 0.70170639 -0.16988248
v -0.27735884 0.70559722 -0.13701804
v -0.28461100 0.73707808 -0.07863997
v 0.20080283 0.70106229 -0.20293902
v 0.18501215 0.71369344 -0.21265515
v 0.10839975 0.69732656 -0.05453487
v 0.15274183 0.69838881 -0.07483091
v -0.28703500 0.71514803 -0.11982861
v -0.22154864 0.72804972 0.00957940
v 0.18941837 0.70068928 -0.13965162
v 0.03063793 0.69704828 -0.09114037
v 0.09467743 0.70846695 -0.04796321
v -0.13615673 0.72797846 -0.08749004
v -0.22859315 0.72639049 -0.18280057
v -0.25639619 0.71396099 -0.17453246
v -0.27648170 0.71086559 -0.05977804
v -0.24359693 0.73241820 -0.01157431
v 0.00932342 0.69823716 -0.12488021
v 0.12115459 0.70534711 -0.06136200
v 0.15657744 0.70728086 -0.08094726
v -0.24862094 0.71787602 -0.19251664
v -0.26769257 0.72651322 -0.13562391
v -0.21569466 0.73687022 0.01053789
v -0.17994461 0.73052888 0.01773796
v -0.17560967 0.76457355 0.01505877
v 0.19929027 0.71966474 -0.15989268
v 0.12382419 0.70376539 -0.27129101
v 0.00098397 0.70319074 -0.15913672
v 0.00933584 0.68600544 -0.13707091
v 0.04411121 0.70475656 -0.07045164
v 0.06253925 0.69578263 -0.05752721
v 0.17145346 0.71949382 -0.10067149
v -0.23333928 0.72635354 -0.19072083
v -0.29210520 0.72712318 -0.10119172
v -0.23815884 0.73548475 -0.02354227
v -0.13228968 0.74057730 -0.02472049
v 0.10099118 0.71826499 -0.27509833
v 0.01045479 0.69811187 -0.18581898
v 0.18065830 0.70456653 -0.12616310
v -0.12898843 0.72667870 -0.05863359
v -0.29218764 0.71385445 -0.10682495
v -0.26160590 0.72553026 -0.05151000
v -0.23580555 0.74096496 0.01353048
v -0.20926210 0.74914955 0.01524759
v -0.14631644 0.77193543 0.00194923
v 0.11044094 0.72718961 -0.27619199
v 0.06556853 0.71168089 -0.26691098
v 0.07138364 0.69932443 -0.05162934
v 0.19626931 0.71156871 -0.15080784
v -0.17644805 0.72593582 -0.13698905
v -0.22013528 0.72439593 -0.16553065
v 0.16602943 0.71380979 -0.21830500
v 0.09133719 0.71925208 -0.27228149
v 0.01790676 0.70335838 -0.10366218
v 0.15322814 0.71314899 -0.07927258
v 0.16595173 0.72207814 -0.09244035
v -0.24752472 0.74621630 0.00274630
v -0.17593549 0.73941957 0.01260533
v -0.15543869 0.76139346 0.00476476
v 0.07207635 0.71700328 -0.04876558
v 0.13361026 0.71200268 -0.06812241
v 0.15936614 0.72831325 -0.08621346
v -0.20050075 0.75776680 0.02618357
v -0.12257907 0.74216791 -0.04748835
v -0.14132357 0.72618345 -0.09266732
v -0.19044857 0.72563619 -0.14544294
v -0.20870837 0.73953882 -0.16090447
v -0.25521872 0.72896992 -0.16080633
v -0.27781251 0.72894538 -0.12756893
v 0.13138499 0.71750864 -0.24704574
v 0.12006977 0.72100198 -0.27330543
v 0.06122396 0.72459789 -0.26719414
v -0.20483348 0.71977972 -0.15159838
v -0.24055800 0.73564137 -0.19617313
v -0.27725592 0.74745269 -0.12371289
v -0.24174414 0.75504005 0.01064019
v -0.22031680 0.75055297 0.01101929
v 0.19938537 0.72529653 -0.17368213
v 0.12721182 0.72116414 -0.26329362
v 0.09420029 0.73217802 -0.27436956
v 0.05734523 0.70998079 -0.26281988
v 0.03514733 0.71687564 -0.24531870
v 0.02448389 0.70804320 -0.22740922
v 0.06399891 0.71817942 -0.05145594
v -0.25212460 0.73549953 -0.19044710
v -0.14023152 0.75009448 -0.00959063
v -0.13670333 0.74066668 -0.01677276
v 0.19735630 0.72727124 -0.19439675
v 0.19449959 0.72268475 -0.20265410
v 0.18735298 0.73655565 -0.20378454
v 0.17489207 0.74163450 -0.20717309
v 0.13494744 0.71370589 -0.24202674
v 0.00214513 0.71375481 -0.12913597
v 0.09860273 0.72777316 -0.04877631
v -0.23472929 0.73497472 -0.19391449
v -0.25465742 0.73802767 -0.18330920
v -0.25776751 0.72912055 -0.14746121
v -0.24708765 0.73762245 -0.00419442
v -0.16589109 0.74703876 0.00677653
v 0.00824483 0.71332102 -0.11330212
v 0.17371247 0.73416351 -0.10782213
v 0.17724571 0.72175300 -0.12319702
v -0.12038447 0.75686455 -0.07303218
v -0.24889807 0.73969855 -0.19488832
v -0.23867326 0.72358362 -0.03577279
v 0.18312613 0.73030790 -0.20849384
v 0.07674769 0.72096112 -0.27128092
v 0.02059189 0.71426380 -0.22117362
v 0.01643051 0.70765160 -0.20459279
v 0.01178274 0.71329698 -0.19531067
v 0.12510568 0.72875250 -0.06581119
v -0.13600591 0.73965559 -0.09508191
v -0.25531781 0.73785245 -0.17640230
v -0.27083046 0.73397411 -0.05893203
v -0.18709152 0.75843054 0.02365727
v 0.01515005 0.71876587 -0.09822183
v 0.08499576 0.71213591 -0.04628503
v -0.12600631 0.74695230 -0.08382163
v -0.15339185 0.73217244 -0.10803418
v -0.17426929 0.73535773 -0.13921046
v -0.24336686 0.74289479 -0.19748860
v -0.25505077 0.73475124 -0.15211721
v -0.26225254 0.73961234 -0.13841851
v -0.28856297 0.74609824 -0.09536036
v -0.25512581 0.74258222 -0.05033919
v 0.15044544 0.73638472 -0.21774490
v 0.04428856 0.71415070 -0.25398115
v 0.01884440 0.73020904 -0.22556009
v 0.10923277 0.73588851 -0.05471594
v -0.24599024 0.74920635 -0.01515850
v -0.23593901 0.76295278 0.01120275
v -0.21171106 0.73723592 0.01171135
v -0.12310658 0.74973172 -0.04157390
v 0.13064513 0.73253916 -0.25233280
v 0.11948726 0.73943464 -0.27225850
v 0.06903658 0.73294299 -0.26899922
v 0.03137534 0.71586411 -0.08168494
v 0.08901146 0.75900147 -0.04436432
v 0.19513746 0.73455932 -0.15295858
v -0.27141768 0.73591893 -0.13052088
v -0.19171972 0.76574055 0.02650031
v 0.19525476 0.74453528 -0.16067528
v 0.13359486 0.74439317 -0.23734867
v 0.12551981 0.73488398 -0.26638404
v -0.00570997 0.72237268 -0.16056496
v 0.16459635 0.75077630 -0.09294140
v -0.15809860 0.73964927 -0.12741245
v -0.16807441 0.75109189 -0.14290522
v -0.19196493 0.74048425 -0.15128786
v -0.21236110 0.75951129 -0.17226356
v -0.24540167 0.73897776 -0.04313577
v -0.15244842 0.77634702 0.00703901
v 0.00409097 0.72112837 -0.11583662
v 0.05144739 0.72143347 -0.05691146
v 0.15237707 0.73425177 -0.08193849
v -0.22279644 0.77973886 0.01370747
v -0.14896629 0.73391428 -0.10324497
v -0.22559652 0.74459824 -0.18570969
v -0.28030959 0.73997577 -0.06824099
v -0.00910025 0.73231632 -0.15572462
v -0.00092650 0.72803488 -0.12651442
v 0.03757754 0.72863547 -0.07062414
v 0.10963910 0.71055142 -0.05530969
v 0.14182998 0.74086716 -0.07716445
v -0.12745244 0.76438795 -0.02565974
v -0.16174539 0.74990852 -0.13864725
v -0.21727244 0.75419165 -0.17691458
v -0.28267063 0.73170299 -0.12183218
v 0.17563759 0.73838465 -0.12445250
v 0.18382674 0.73269286 -0.13648656
v 0.19558176 0.74672526 -0.18251694
v 0.03941637 0.74266849 -0.25675283
v -0.25930775 0.75088632 -0.13991607
v -0.24819865 0.77245053 0.00537015
v -0.21183867 0.77759882 0.02334835
v -0.11416924 0.77819043 -0.04402362
v 0.17611571 0.75980857 -0.13159271
v 0.15726227 0.73118397 -0.21568254
v 0.01364148 0.73702723 -0.21096713
v 0.00891731 0.72742024 -0.19535733
v -0.00534665 0.73139734 -0.17168132
v 0.11825366 0.75060939 -0.05902412
v -0.25728002 0.77429362 -0.14033618
v -0.26765381 0.75703474 -0.12957333
v -0.28659174 0.74003495 -0.11176652
v -0.25893912 0.76107821 -0.05459968
v -0.22641689 0.77316633 0.01076110
v 0.14696813 0.75836334 -0.21288141
v 0.07798064 0.75696763 -0.27052160
v -0.00007223 0.73577785 -0.10991897
v -0.12303996 0.76214974 -0.09657659
v -0.14174246 0.75615511 -0.11115308
v -0.25217136 0.76363874 -0.15619368
v -0.24315142 0.76754834 -0.03319597
v -0.17380262 0.78025155 0.01684924
v 0.17487938 0.75990858 -0.20188421
v 0.08612666 0.74301736 -0.27080997
v 0.06418002 0.74029505 -0.26848332
v -0.00235525 0.72317498 -0.14286761
v 0.06676944 0.73925128 -0.04625295
v -0.11607765 0.77185852 -0.09493724
v -0.27963495 0.76087601 -0.11892977
v -0.28548100 0.75547529 -0.08345100
v -0.25244848 0.77062436 -0.00516475
v -0.18423672 0.78056543 0.02240308
v -0.13343698 0.77578027 -0.01227296
v 0.18749164 0.75663025 -0.19539891
v 0.11546240 0.74373786 -0.27408259
v 0.10849241 0.75229538 -0.27423077
v 0.04792461 0.73811120 -0.26337258
v 0.03181337 0.73780422 -0.24742731
v 0.01880315 0.74342591 -0.22883683
v 0.00780122 0.73799494 -0.09562284
v 0.05041629 0.74150353 -0.05380623
v 0.17021574 0.74995472 -0.10168088
v -0.25315338 0.75738005 -0.16173364
v -0.19347962 0.78176876 0.02757983
v 0.13718055 0.75856995 -0.22520613
v -0.00761937 0.74194406 -0.13932425
v 0.02617246 0.73889982 -0.07869124
v 0.13026869 0.76022409 -0.06895398
v -0.12834920 0.75955196 -0.10088921
v -0.18239513 0.75306473 -0.15009967
v -0.24407784 0.75956023 -0.19851988
v -0.25238906 0.74617209 -0.18981423
v -0.28314052 0.75836681 -0.07482493
v -0.18039042 0.79854883 0.02117998
v -0.13901873 0.77499385 -0.00522857
v 0.02455212 0.73172747 -0.23625775
v -0.01301399 0.74518102 -0.15096214
v 0.08169714 0.74856332 -0.04431826
v 0.15250204 0.74978120 -0.08403526
v -0.11670825 0.76422066 -0.05492911
v -0.11623124 0.77250103 -0.07842230
v -0.19789338 0.74688535 -0.15681070
v -0.25423069 0.75614030 -0.18113953
v -0.25536669 0.75826374 -0.14463433
v -0.11206695 0.78258143 -0.05697332
v 0.19375951 0.76276641 -0.16625547
v 0.16421773 0.75733106 -0.20499230
v 0.15626875 0.76716703 -0.20448763
v -0.00675102 0.74577217 -0.12225248
v 0.10596781 0.76534304 -0.05085590
v -0.23373338 0.75920474 -0.19884976
v -0.27999599 0.76088531 -0.06968394
v 0.17226676 0.75514721 -0.11082473
v 0.19167326 0.75473153 -0.15629301
v 0.05769205 0.73955441 -0.04942628
v -0.12373285 0.78113942 -0.11618221
v -0.26312733 0.76231845 -0.13365432
v -0.24299253 0.76192726 -0.03988732
v -0.24482736 0.78626933 0.00810656
v -0.12073127 0.77617276 -0.03247234
v 0.05240875 0.74754536 -0.26787280
v 0.16044405 0.77983360 -0.09060307
v -0.17918864 0.76314568 -0.15213558
v -0.22741214 0.75239666 -0.19193287
v -0.28667969 0.75920956 -0.10461463
v -0.25326861 0.78811669 -0.01711344
v -0.16031146 0.77917820 0.01120815
v 0.18124375 0.77010671 -0.14365816
v 0.13303571 0.77273578 -0.23295860
v 0.12848880 0.75085418 -0.26112585
v -0.00413314 0.75109084 -0.10697441
v -0.15156896 0.76157008 -0.13744046
v -0.28793378 0.75994286 -0.09934263
v -0.28479614 0.77478584 -0.08007630
v -0.25246555 0.80309236 -0.03998771
v -0.20099994 0.78229194 0.02857132
v -0.12111128 0.74924771 -0.05060475
v 0.15061867 0.77332518 -0.20490863
v 0.13286563 0.75800173 -0.23848801
v 0.12394218 0.76503627 -0.26736469
v 0.07309803 0.74420724 -0.04517096
v -0.24945685 0.76428860 -0.19323780
v -0.25398490 0.76072992 -0.17584852
v -0.27542100 0.78845715 -0.12167730
v -0.28150351 0.77981982 -0.11327400
v -0.24121503 0.80248304 0.01072032
v 0.14316241 0.74518389 -0.22141181
v 0.11762751 0.76108502 -0.27195261
v 0.09808545 0.76514299 -0.04701759
v -0.23535860 0.77321416 -0.20194133
v -0.25205855 0.77941648 -0.15088030
v -0.28067913 0.77687205 -0.07318600
v -0.26299604 0.77982220 -0.05916943
v -0.24721301 0.77323241 -0.02538738
v 0.17317162 0.77482773 -0.13071018
v 0.06450826 0.77577105 -0.27285367
v 0.00736315 0.74900593 -0.20208826
v 0.04501870 0.73823821 -0.05895194
v -0.22689149 0.77658731 -0.20072707
v -0.25334260 0.76690195 -0.14779418
v -0.14629688 0.79785231 0.00569996
v 0.17227366 0.76595096 -0.12181179
v 0.18947588 0.77663690 -0.15584292
v 0.18902924 0.78363446 -0.17402820
v 0.19247911 0.75073098 -0.19046787
v 0.04047427 0.76327531 -0.26290803
v 0.03308384 0.77017181 -0.25605818
v 0.02114269 0.75390390 -0.23659942
v -0.00178731 0.76159327 -0.09270727
v 0.13150466 0.77677616 -0.06639762
v 0.16882364 0.78997578 -0.10395424
v -0.14733107 0.75225567 -0.11373661
v -0.15068353 0.74970639 -0.11749507
v -0.27263124 0.77239240 -0.06552700
v -0.24785315 0.78236903 -0.03972192
v -0.21627763 0.79684873 0.02518466
v -0.13538190 0.80574622 -0.00275205
v -0.12992180 0.79945420 -0.01145513
v 0.17729137 0.78206560 -0.19348277
v 0.12705081 0.77767452 -0.26061723
v 0.09372675 0.77153461 -0.27010473
v 0.04436317 0.77519264 -0.26709974
v 0.01866323 0.75774564 -0.07769803
v -0.14544922 0.77211895 -0.13616187
v -0.15599446 0.77816734 -0.15213884
v -0.26998244 0.77424496 -0.12725113
v -0.24977550 0.77297132 -0.04844293
v -0.25224164 0.78899555 -0.00001782
v -0.19188345 0.79932894 0.02587613
v 0.12990509 0.77975466 -0.25207206
v 0.10466758 0.77264796 -0.27100714
v -0.01400289 0.75026493 -0.15957384
v 0.07582190 0.77748465 -0.04012027
v 0.16875066 0.77109453 -0.09957071
v -0.28391424 0.78209136 -0.10697836
v -0.28586800 0.78465027 -0.08156059
v -0.28204111 0.79293377 -0.07474200
v -0.25174466 0.78967973 -0.04905354
v -0.25492592 0.79214945 -0.00984997
v -0.25761940 0.80977664 -0.00773965
v -0.24278883 0.81803705 0.01233656
v -0.22867800 0.80510345 0.01894456
v -0.10741977 0.79890289 -0.04954814
v -0.01203499 0.75542166 -0.13465664
v 0.02630342 0.76430424 -0.06712361
v 0.04104988 0.76358470 -0.05533038
v 0.10607754 0.77666027 -0.05007931
v 0.14529174 0.77625897 -0.07977270
v -0.13587604 0.78346207 -0.12795586
v -0.15325030 0.77232024 -0.14664529
v -0.20382514 0.76691619 -0.16761699
v -0.27060960 0.79815594 -0.12679082
v -0.21213021 0.80555021 0.02828217
v -0.15302958 0.81096874 0.01229002
v 0.18400279 0.78317218 -0.14994633
v 0.08367252 0.77730437 -0.27054297
v 0.02238655 0.76781131 -0.24223226
v -0.00473693 0.75829318 -0.18588770
v -0.11507695 0.78101099 -0.10657924
v -0.11283302 0.78888503 -0.03943672
v 0.13117839 0.78723583 -0.23966091
v 0.11829280 0.78218483 -0.26866842
v 0.11000924 0.77436106 -0.27163520
v -0.00994175 0.76675539 -0.10332559
v 0.16493762 0.78318248 -0.09464337
v -0.11235557 0.78134816 -0.10200647
v -0.16757651 0.76885343 -0.15124998
v -0.28705147 0.78021086 -0.08846382
v -0.11382073 0.79766789 -0.03284930
v -0.11214965 0.78249243 -0.08764586
v 0.13419055 0.78289447 -0.22214844
v 0.01411725 0.76236399 -0.22527882
v 0.05565042 0.76384624 -0.04674303
v -0.14383131 0.79690279 -0.15436669
v -0.18097305 0.78184753 -0.15944554
v -0.22146740 0.77605727 -0.19659490
v -0.24914580 0.79475608 0.00497483
v -0.21541193 0.82435681 0.02937641
v -0.20770438 0.81443969 0.02989836
v -0.20054555 0.80812457 0.02877006
v -0.16746179 0.81229475 0.01840840
v -0.11774334 0.81216599 -0.02061624
v 0.17116793 0.78328854 -0.12472243
v 0.18341559 0.79821166 -0.17603328
v 0.17579841 0.77288021 -0.19780952
v 0.16257650 0.78575189 -0.19742999
v 0.11293049 0.78265916 -0.27031082
v 0.09538304 0.78897044 -0.26859750
v -0.01132173 0.76106290 -0.17359680
v -0.01973096 0.76629878 -0.14669064
v 0.00795381 0.75870554 -0.08577655
v 0.06922451 0.79764856 -0.03711437
v 0.12523198 0.79147584 -0.06033490
v -0.19027533 0.77070866 -0.16003185
v -0.18609135 0.81625698 0.02403395
v -0.10953468 0.79868936 -0.11872917
v -0.25161529 0.78245314 -0.18247603
v -0.25075127 0.78661143 -0.16430218
v -0.28711179 0.80252795 -0.08630543
v -0.17106690 0.82739163 0.02152220
v -0.14169639 0.82211782 0.00655670
v -0.01668032 0.77196031 -0.11551218
v 0.08097633 0.78556461 -0.04014065
v 0.13907149 0.78716593 -0.21023764
v 0.01502001 0.78278766 -0.23495685
v -0.25838478 0.80223079 -0.05696039
v -0.22818716 0.82340690 0.02261303
v -0.13098536 0.81486813 -0.00460317
v -0.10436492 0.82429396 -0.03409710
v -0.10749139 0.80337014 -0.04320750
v 0.15041722 0.79659006 -0.07833307
v -0.21183709 0.77989811 -0.18531173
v -0.26338900 0.80054528 -0.06117217
v -0.15508763 0.82649740 0.01522134
v -0.10454123 0.80054327 -0.06642021
v 0.18288071 0.77778353 -0.18989818
v 0.12503222 0.80176096 -0.25829861
v -0.24017994 0.78541946 -0.20248718
v -0.25048096 0.79366188 -0.15922863
v -0.26279969 0.78123407 -0.13301913
v -0.22174340 0.83936262 0.02871246
v -0.02499121 0.77764909 -0.12686733
v 0.13374043 0.81717757 -0.06377353
v 0.17279818 0.79736230 -0.13553624
v 0.16751727 0.79597537 -0.19326286
v -0.19530025 0.78731716 -0.16850508
v -0.20466516 0.79456897 -0.18116980
v -0.21625476 0.79017699 -0.19660779
v -0.10952430 0.82372328 -0.02449926
v -0.00430943 0.79569291 -0.07367190
v 0.14230631 0.80997171 -0.06969289
v 0.16747435 0.80778842 -0.12431111
v 0.00185373 0.77006168 -0.20323755
v -0.17395646 0.78676665 -0.15963753
v -0.20554637 0.78114454 -0.17551601
v -0.24927979 0.77831136 -0.19318355
v -0.25114380 0.79165940 -0.17842371
v -0.28189581 0.80698249 -0.11140373
v -0.10204249 0.80081101 -0.08511636
v -0.02288213 0.78363748 -0.11707879
v 0.01211782 0.78772415 -0.06911074
v 0.05807866 0.79591823 -0.03996641
v 0.11335236 0.80390789 -0.26537412
v -0.02166125 0.77580000 -0.15373962
v -0.10435981 0.79461321 -0.10232253
v -0.13124439 0.79568699 -0.13322837
v -0.16158615 0.79105902 -0.15932695
v -0.25977012 0.80728349 -0.13724132
v -0.28733829 0.79815925 -0.09559806
v -0.27547895 0.80668961 -0.06917664
v -0.09979850 0.82316129 -0.05359881
v -0.00987707 0.78185716 -0.08755099
v 0.15351634 0.80684976 -0.19284542
v 0.13146450 0.80177185 -0.21984837
v 0.01101331 0.77960167 -0.22647346
v -0.01004050 0.77425886 -0.18304059
v -0.27760020 0.80425437 -0.11881410
v -0.28541840 0.81380056 -0.10429064
v -0.26088432 0.82651687 -0.02165652
v -0.20450929 0.83729762 0.02991340
v -0.11708992 0.82762987 -0.01369363
v 0.04293935 0.78875874 -0.04866348
v 0.07504835 0.80569276 -0.03591794
v 0.17352445 0.80958265 -0.18343106
v 0.08390477 0.80154635 -0.26943622
v -0.09433015 0.81137233 -0.10880158
v -0.14905011 0.79813860 -0.15917819
v -0.25361548 0.80004120 -0.14504256
v -0.28691598 0.82026267 -0.09695233
v -0.28496991 0.81997230 -0.08177630
v 0.01942822 0.77904677 -0.06777761
v 0.16386796 0.80785215 -0.09225552
v 0.16304492 0.82382196 -0.11586692
v 0.17900335 0.80541831 -0.14603420
v 0.18695911 0.80087124 -0.15726038
v 0.05772578 0.76700870 -0.27151205
v -0.14504742 0.78664802 -0.14728275
v -0.21832463 0.80840702 -0.20595842
v -0.24556411 0.78370448 -0.19906055
v -0.25031661 0.82420885 0.00661689
v 0.16459008 0.80958548 -0.09979660
v 0.18518858 0.81609663 -0.16025231
v 0.06540715 0.79421755 -0.27361846
v -0.00885860 0.78098663 -0.19052999
v -0.28207449 0.81790736 -0.07626330
v -0.26550926 0.84903176 -0.01515880
v -0.24110732 0.84365178 0.01529301
v -0.10901124 0.83235475 -0.02204959
v 0.02203005 0.79743445 -0.06002821
v 0.06344463 0.80337847 -0.03743232
v 0.09260254 0.78817225 -0.04298762
v 0.11701461 0.80602939 -0.05373257
v 0.10414157 0.81003971 -0.26546112
v 0.04895320 0.78547213 -0.27030389
v 0.02072603 0.78509439 -0.24434152
v -0.10113868 0.80750574 -0.11934583
v -0.18586394 0.79987485 -0.16770145
v -0.25875083 0.82697979 -0.05219566
v -0.09876023 0.81216906 -0.07601350
v 0.18417609 0.80244888 -0.15232046
v 0.14506226 0.79183829 -0.20227550
v -0.21455688 0.79896179 -0.19926410
v -0.24585560 0.81292771 -0.19883224
v -0.26410872 0.82416924 -0.06278641
v -0.25652396 0.82420921 -0.03990244
v -0.25563451 0.83231622 0.00168554
v -0.15630966 0.83552806 0.01785677
v -0.12807424 0.84198466 0.00130490
v -0.03167378 0.80524613 -0.11308362
v -0.02706119 0.80603321 -0.09577391
v -0.01798679 0.79172048 -0.09206628
v 0.14787511 0.83332776 -0.18941278
v -0.20276891 0.80424332 -0.18436907
v -0.24906078 0.80968780 -0.19160890
v -0.25738439 0.83092562 -0.14176807
v -0.26814635 0.82311832 -0.13246141
v -0.22925736 0.84722366 0.02560259
v -0.21636289 0.84443094 0.03080800
v -0.17350320 0.85247860 0.02602111
v -0.15460596 0.85366763 0.01935182
v -0.13797709 0.85001627 0.00968512
v -0.09976901 0.83048151 -0.04341376
v 0.15921615 0.81623286 -0.08214942
v 0.18381666 0.81974842 -0.16608033
v 0.16684959 0.81263797 -0.18740476
v -0.00311863 0.78963463 -0.20431732
v -0.09320850 0.81790924 -0.12400898
v -0.11521278 0.80810137 -0.13295403
v -0.23451387 0.81687733 -0.20812049
v -0.27387904 0.81935834 -0.12542696
v 0.04107436 0.80920860 -0.04591391
v 0.16447317 0.82687481 -0.09486161
v 0.17307640 0.83713758 -0.14225766
v 0.13023583 0.80909519 -0.23759385
v -0.08527356 0.82086843 -0.11628106
v -0.13619040 0.79938439 -0.14029686
v -0.16863173 0.82972405 -0.17520898
v -0.24998695 0.85093750 0.00805060
v -0.11835438 0.84310708 -0.00849124
v 0.01818313 0.80798357 -0.06051849
v 0.11736972 0.82549715 -0.25974543
v 0.02239043 0.79815250 -0.24928130
v -0.01509978 0.78624094 -0.17956401
v -0.14579545 0.79875525 -0.15759029
v -0.22748241 0.79896438 -0.20636578
v -0.28544629 0.84074821 -0.08570879
v -0.26131351 0.85797677 -0.00396685
v -0.20758657 0.86416003 0.03261954
v 0.16890290 0.82375271 -0.13336613
v 0.13276681 0.80593927 -0.21178678
v -0.02282806 0.79899667 -0.16843242
v -0.03172845 0.80440879 -0.14526208
v -0.15529932 0.81010236 -0.16631614
v -0.25000907 0.80466831 -0.16313358
v -0.25090297 0.82786848 -0.15153264
v -0.09933139 0.83870418 -0.03728444
v -0.09172468 0.83115503 -0.07598977
v 0.10480155 0.83106976 -0.04341091
v 0.11887110 0.82063307 -0.05426626
v 0.15873654 0.83587688 -0.07930881
v 0.16265486 0.83319862 -0.11840528
v 0.13797260 0.80498383 -0.20434530
v 0.09387672 0.81240425 -0.26614694
v -0.03603742 0.82189356 -0.14997705
v -0.17593528 0.83159456 -0.17698850
v -0.20931548 0.82659395 -0.20548227
v -0.24855663 0.82809112 -0.18898012
v -0.28239155 0.84821301 -0.11180823
v -0.26097642 0.83725614 -0.00551622
v 0.00785409 0.83276130 -0.05793990
v 0.07111550 0.82455334 -0.03314202
v 0.12750225 0.84077917 -0.24372837
v 0.03746103 0.78646199 -0.26283433
v -0.01267394 0.79972685 -0.19397244
v -0.13280302 0.81616722 -0.15529056
v -0.14316458 0.82704728 -0.17156234
v -0.19467864 0.80752606 -0.17719999
v -0.27859315 0.82789206 -0.07245184
v 0.05289519 0.80823580 -0.04067089
v 0.05141922 0.81690842 -0.27363654
v 0.01375292 0.79618551 -0.23820948
v -0.22929922 0.81641949 -0.20932268
v -0.26725049 0.85557080 -0.05940452
v -0.23295430 0.86793237 0.02726030
v -0.21269628 0.85760238 0.03250449
v -0.16532335 0.86601015 0.02575698
v 0.05842136 0.81914790 -0.03657680
v 0.17829448 0.82629605 -0.17199599
v 0.15979129 0.83512968 -0.18368114
v 0.13215130 0.82881378 -0.20469853
v 0.12891147 0.81102521 -0.24746103
v 0.05735160 0.81735845 -0.27455293
v 0.00303546 0.80348535 -0.22461016
v -0.00598283 0.80300827 -0.20624316
v -0.02121225 0.81175885 -0.18499086
v -0.10014005 0.82783083 -0.14329584
v -0.24903657 0.83291519 -0.18275124
v -0.25352960 0.83020652 -0.14581523
v -0.28653825 0.83194247 -0.10084479
v -0.26593448 0.85083213 -0.02399630
v 0.16570115 0.85208183 -0.08946379
v -0.27359002 0.84104985 -0.12797335
v -0.26902174 0.84701102 -0.06498613
v -0.01051516 0.81919127 -0.06899432
v 0.08093537 0.82560274 -0.03408032
v 0.09757725 0.82627995 -0.03925238
v 0.14089658 0.84188068 -0.06891575
v 0.16372612 0.83159598 -0.08889672
v 0.12870642 0.82986979 -0.21648870
v 0.12187269 0.81439385 -0.25905670
v 0.10228055 0.83132480 -0.26173206
v 0.02266780 0.82386726 -0.25304854
v -0.12285100 0.82819456 -0.15286994
v -0.18372396 0.82851256 -0.17891359
v -0.19722634 0.82630405 -0.18888836
v -0.24678345 0.83382448 -0.19511312
v -0.26310164 0.84688156 -0.04458609
v -0.18609622 0.86618187 0.02960271
v -0.12016627 0.87003050 -0.00352809
v 0.03941569 0.84098280 -0.04099679
v 0.12941016 0.83557103 -0.06219586
v 0.15915850 0.84694240 -0.08005834
v 0.18286899 0.82890619 -0.16223225
v 0.16884672 0.83013216 -0.17957345
v 0.14239009 0.82332703 -0.19578367
v 0.12897716 0.83235755 -0.23476804
v 0.08647665 0.82905152 -0.26642638
v -0.28576196 0.84615727 -0.09192513
v -0.11145369 0.86927034 -0.01458405
v -0.10381700 0.84799967 -0.02835157
v -0.03478564 0.82862478 -0.08551362
v -0.02077112 0.81655540 -0.07704524
v 0.17830143 0.83719073 -0.15083406
v 0.18035010 0.84366239 -0.15798677
v 0.06543563 0.81944716 -0.27394466
v -0.07853575 0.83379603 -0.12542421
v -0.10217822 0.81347648 -0.12835717
v -0.14989520 0.82659064 -0.17283801
v -0.26813997 0.87174164 -0.01577374
v -0.24553119 0.86875010 0.01704223
v -0.21751592 0.87415945 0.03330699
v -0.16898420 0.87944636 0.02846261
v -0.08390558 0.84994820 -0.07035122
v 0.16421376 0.84226900 -0.12594938
v 0.12395006 0.83037685 -0.25270320
v 0.07669271 0.82125875 -0.27060483
v 0.06563252 0.84702591 -0.27510025
v -0.25016996 0.82989431 -0.15970809
v -0.25243051 0.84462790 -0.15327220
v -0.27310301 0.86507514 -0.06861724
v -0.25407020 0.86368037 0.00510812
v -0.25080542 0.89080829 0.01186659
v -0.01332493 0.83325570 -0.06437699
v 0.08547411 0.86592961 -0.02968840
v 0.16287399 0.84156538 -0.11504322
v 0.17706354 0.84084449 -0.16917462
v 0.10905032 0.84189387 -0.25940263
v -0.02506196 0.83554425 -0.19205813
v 0.15461820 0.85145016 -0.07558696
v 0.16398311 0.85608198 -0.12415786
v 0.04459637 0.81781244 -0.27093175
v 0.04018485 0.83815018 -0.27031724
v -0.00158271 0.82087674 -0.22421253
v -0.03034187 0.82078592 -0.16810811
v -0.08511766 0.83990753 -0.14793923
v -0.21846576 0.82250865 -0.20984551
v -0.28715789 0.85667258 -0.09503115
v -0.28551589 0.85708633 -0.08288548
v -0.22417862 0.86907368 0.03151789
v 0.11736834 0.84198412 -0.05357745
v 0.16581805 0.84676963 -0.09882409
v 0.17072166 0.82762924 -0.13808668
v 0.04815770 0.84096464 -0.27489510
v -0.08039399 0.83876547 -0.14113795
v -0.14856965 0.84270199 -0.18151976
v -0.24131341 0.81463287 -0.20365736
v -0.24010851 0.83107444 -0.20573464
v -0.26920888 0.84739150 -0.13587848
v -0.27069849 0.87248490 -0.05803207
v -0.27021451 0.86730564 -0.03129936
v 0.03051119 0.82786881 -0.04897046
v 0.10165580 0.85563573 -0.03856303
v 0.17634831 0.85780434 -0.14861974
v 0.17796664 0.85051081 -0.16310689
v 0.14863644 0.84975981 -0.18416621
v 0.13177436 0.84405986 -0.20143948
v 0.03186008 0.83209453 -0.26302060
v -0.13681703 0.82833539 -0.16997387
v -0.27808882 0.83946586 -0.11944675
v -0.22591067 0.89283680 0.03212759
v -0.21027150 0.88692833 0.03285888
v -0.08977875 0.85955528 -0.04038769
v -0.08702472 0.85350048 -0.05175927
v 0.09056232 0.82672600 -0.03621217
v 0.12791928 0.85475365 -0.05892975
v 0.12957740 0.85054970 -0.23425462
v -0.07133894 0.84578877 -0.13820423
v -0.13091235 0.83012668 -0.16693909
v -0.17412556 0.84526380 -0.18327824
v -0.21287773 0.83745609 -0.21308589
v -0.12776125 0.86258934 0.00445271
v -0.04972339 0.85281425 -0.08269280
v 0.04888605 0.84034945 -0.03660895
v 0.06829349 0.84575036 -0.03100314
v 0.15863550 0.85195502 -0.17847940
v -0.03785544 0.84668803 -0.16778915
v -0.27144550 0.89465698 -0.01839271
v -0.26391553 0.89870293 -0.00659719
v -0.09610765 0.85675033 -0.03404614
v 0.02135850 0.83815579 -0.05182574
v 0.16953993 0.86047486 -0.10151412
v 0.16467770 0.85649137 -0.11858621
v 0.17765567 0.85759626 -0.15479592
v 0.12845685 0.84604998 -0.21163136
v 0.12745578 0.86120341 -0.21179336
v 0.00004071 0.83591140 -0.23064765
v -0.07617748 0.85039449 -0.15403830
v -0.08543802 0.85043819 -0.16005121
v -0.25828124 0.84974595 -0.14621115
v -0.27221102 0.87812274 -0.02774861
v -0.19517738 0.89649156 0.03179021
v -0.15288852 0.88473364 0.02348742
v 0.16881206 0.86436486 -0.09366889
v 0.14021079 0.84288182 -0.19192561
v -0.18667581 0.84131411 -0.18832083
v -0.24979022 0.84505400 -0.16916121
v -0.28185100 0.86624071 -0.07910641
v -0.27494433 0.87683795 -0.06967956
v -0.08136549 0.86992979 -0.04751742
v 0.16261771 0.85561537 -0.08357748
v 0.16972297 0.84708469 -0.17344076
v 0.03238847 0.84601869 -0.26370774
v -0.17458987 0.86324639 -0.19154032
v -0.24022481 0.85703808 -0.20597911
v -0.16778357 0.89186943 0.02844375
v -0.13583308 0.86686633 0.01169259
v -0.03864100 0.85488710 -0.06892529
v -0.00909594 0.84065055 -0.06062390
v 0.04554874 0.86389447 -0.03456994
v 0.05996891 0.86317584 -0.02935950
v 0.10180876 0.86855316 -0.03724549
v 0.17265308 0.86460282 -0.14239298
v 0.13456627 0.85977101 -0.19424162
v 0.12890455 0.85794235 -0.20389614
v 0.12185416 0.86137284 -0.24964459
v 0.05371708 0.84785905 -0.27642560
v 0.01404703 0.84621147 -0.24685463
v -0.03403829 0.86785126 -0.06059393
v 0.13854919 0.86738017 -0.06052342
v 0.14748252 0.85768675 -0.06730165
v 0.08851836 0.85358785 -0.26368708
v 0.07859716 0.85392555 -0.26849253
v -0.23207821 0.85096405 -0.21377846
v -0.28833169 0.87555313 -0.10016720
v -0.28641667 0.87587318 -0.08698009
v -0.10395089 0.86933293 -0.02281923
v -0.07896640 0.86045157 -0.06867550
v -0.10727263 0.84802393 -0.16424635
v -0.13934418 0.84204962 -0.17952688
v -0.22658221 0.84763545 -0.21664266
v -0.27549562 0.86982732 -0.12881286
v -0.23228604 0.88288816 0.02870607
v 0.02773303 0.87679662 -0.04217435
v 0.06366745 0.88029543 -0.02629761
v 0.14829158 0.88170645 -0.06532591
v 0.15886760 0.86887399 -0.07509463
v 0.17423870 0.88483408 -0.15405048
v -0.04379202 0.84455898 -0.14782280
v 0.11376264 0.86076198 -0.05034216
v 0.16585532 0.87782992 -0.11186465
v 0.17340389 0.86318615 -0.16466496
v 0.14249010 0.87509800 -0.18345368
v 0.00836648 0.83888105 -0.24048136
v -0.03289690 0.84445326 -0.18119611
v -0.06507931 0.85545715 -0.15059670
v -0.19424295 0.84810152 -0.19981792
v -0.19327621 0.86987594 -0.21274768
v -0.23479386 0.91280371 0.02974796
v -0.19650321 0.91509169 0.03231641
v -0.18078780 0.90250396 0.02941129
v -0.15185802 0.92194849 0.02757353
v -0.05681247 0.86562175 -0.07053366
v 0.10162080 0.88851812 -0.03577294
v 0.11149621 0.88138476 -0.04638237
v 0.16587173 0.87331071 -0.13316636
v 0.12687566 0.86315116 -0.24289811
v 0.11283998 0.88305019 -0.25040143
v 0.08314297 0.87085947 -0.26069211
v -0.05026209 0.85509755 -0.15568530
v -0.16346845 0.84754814 -0.18339469
v -0.22066688 0.84574440 -0.21721941
v -0.24622444 0.86360490 -0.19309368
v -0.27701321 0.88922519 -0.07055583
v -0.27458505 0.88167412 -0.04037304
v -0.27862411 0.89761644 -0.04689235
v -0.09096801 0.88309708 -0.03107499
v 0.11678174 0.87981361 -0.04939933
v 0.10622332 0.86366837 -0.25721532
v -0.01441760 0.84166751 -0.21291540
v 0.16628230 0.86512387 -0.17158141
v -0.03327667 0.85846463 -0.19097024
v -0.06753600 0.86402819 -0.15968745
v -0.09182122 0.84749484 -0.15952019
v -0.11470638 0.84894577 -0.16931078
v -0.21072423 0.85624542 -0.21898412
v -0.16699588 0.91740691 0.02928269
v -0.14322380 0.89386836 0.02008189
v -0.13032233 0.90097366 0.01084123
v -0.07512698 0.89093535 -0.04331805
v -0.07032853 0.88402491 -0.05622947
v -0.07241947 0.87479306 -0.06119553
v -0.05824178 0.88312923 -0.06063759
v -0.04716634 0.87525932 -0.06473248
v 0.05617235 0.88835418 -0.02726187
v -0.24837634 0.85325237 -0.18433795
v -0.27076314 0.86567502 -0.13716887
v -0.03030146 0.86973387 -0.05808913
v 0.16686427 0.87637456 -0.08523128
v -0.02943340 0.86432377 -0.20194623
v -0.06018790 0.86264543 -0.15826032
v -0.11857372 0.86808025 -0.18824092
v -0.24995514 0.87134094 -0.17076454
v -0.25371348 0.87201438 -0.15838648
v 0.07422378 0.87102261 -0.02720887
v 0.13391732 0.87842764 -0.05442922
v 0.16219661 0.88132815 -0.07362566
v 0.16360407 0.88081021 -0.12504445
v 0.05764964 0.85426308 -0.27656090
v -0.01624057 0.86517233 -0.21978170
v -0.12984636 0.86466741 -0.18991538
v -0.26021128 0.88035015 -0.15160222
v -0.28212357 0.87038138 -0.11435532
v -0.28387686 0.90372133 -0.08218598
v -0.11589021 0.89228293 -0.00574613
v -0.01541601 0.86940444 -0.05438524
v 0.01859159 0.87933358 -0.04454921
v 0.12938741 0.86561197 -0.23134078
v 0.03129944 0.86291396 -0.26396411
v -0.04075317 0.86091166 -0.17462429
v -0.07669677 0.86466138 -0.16812636
v -0.09527831 0.87103522 -0.17871087
v -0.16657310 0.86165087 -0.18956179
v -0.25792591 0.93095997 0.00687559
v -0.25641456 0.90901325 0.00831459
v -0.24478841 0.91646235 0.02297228
v -0.13884681 0.90948186 0.01904097
v 0.09377991 0.87174316 -0.03169812
v 0.14795488 0.87547000 -0.17930717
v -0.08464396 0.86513830 -0.17223273
v -0.10284567 0.86639333 -0.17779553
v -0.17667352 0.88955691 -0.20522442
v -0.18224452 0.86748448 -0.19841242
v -0.20404544 0.84426823 -0.20961589
v -0.14642016 0.92661136 0.02573780
v -0.11835954 0.91277707 -0.00060643
v 0.07968473 0.86878944 -0.02821018
v 0.09973573 0.88126597 -0.25440149
v 0.01560325 0.87296697 -0.25085443
v -0.10436800 0.89138597 -0.01761005
v 0.01934529 0.89203017 -0.04046005
v 0.04497508 0.88789107 -0.03118957
v 0.06828826 0.88349728 -0.02528890
v 0.08623674 0.91376521 -0.02328508
v 0.14359006 0.90236958 -0.05856407
v 0.12606927 0.89132833 -0.23918452
v 0.08875214 0.87979608 -0.25780465
v -0.05929122 0.87701988 -0.17020231
v -0.06724036 0.87892377 -0.17595949
v -0.28787000 0.90113391 -0.11117008
v 0.17297147 0.87813586 -0.14441932
v 0.17086164 0.89113176 -0.16344588
v 0.00196324 0.86685524 -0.23997449
v -0.04266618 0.87256828 -0.18473891
v -0.04918414 0.86704235 -0.16873067
v -0.14304999 0.86545999 -0.19187138
v -0.21111925 0.86884653 -0.22346536
v -0.26747006 0.91279577 -0.01286098
v -0.06563438 0.90047482 -0.04696812
v -0.04810716 0.89764371 -0.05457351
v -0.01863434 0.88702125 -0.04839647
v 0.13124512 0.88619190 -0.05249063
v 0.16418563 0.89285968 -0.11339003
v 0.07662038 0.88615909 -0.26373865
v -0.10876844 0.86952558 -0.18483777
v -0.16072011 0.88478126 -0.20035277
v -0.24596420 0.88994963 -0.19334626
v -0.28616560 0.88627859 -0.11374267
v -0.27897130 0.90945688 -0.03630998
v 0.11503036 0.91659202 -0.04554959
v 0.16080624 0.89763574 -0.07123779
v 0.08466951 0.89037552 -0.25836981
v 0.06279148 0.86234452 -0.27416088
v -0.12254794 0.89424860 -0.20463611
v -0.21024192 0.88237051 -0.22816193
v -0.26105259 0.91941453 0.00140580
v -0.24940058 0.92439720 0.01752739
v -0.22588680 0.91546764 0.03298328
v 0.16679570 0.88168032 -0.16846301
v 0.16318017 0.88346575 -0.17054754
v -0.00630941 0.86457636 -0.23123712
v -0.05426016 0.87927991 -0.17927840
v -0.16847234 0.89502361 -0.20543780
v -0.18275975 0.88086643 -0.20649681
v -0.28953013 0.91381780 -0.11287382
v -0.18945949 0.94067639 0.02958307
v -0.15752825 0.92759320 0.02948154
v 0.13285531 0.88723779 -0.19499329
v 0.12275740 0.90953852 -0.24027576
v 0.06482037 0.90019060 -0.27090300
v -0.02316028 0.88478406 -0.21892579
v -0.15254446 0.86073993 -0.18974898
v -0.08398844 0.90241367 -0.03174262
v -0.07855079 0.89786207 -0.03682388
v -0.02532872 0.91197809 -0.04271626
v 0.16671504 0.89319466 -0.09713735
v 0.16709115 0.89628742 -0.13420350
v 0.15054783 0.89419058 -0.17408482
v -0.22264164 0.87689845 -0.22365295
v -0.27337974 0.90080567 -0.14162572
v -0.20489417 0.93974245 0.03180476
v -0.10055492 0.89629862 -0.02024624
v 0.16643577 0.88875300 -0.07988960
v 0.17397832 0.90610868 -0.15814083
v 0.00705598 0.87994299 -0.24589092
v -0.03337243 0.87827859 -0.20486871
v -0.06163006 0.88750472 -0.18531371
v -0.09452630 0.88304277 -0.18724910
v -0.26801367 0.88518151 -0.14505675
v -0.28980225 0.90675807 -0.09626665
v -0.28278332 0.91439703 -0.05360898
v -0.28305713 0.92523833 -0.04719044
v -0.25258547 0.95591940 0.01113033
v -0.23588020 0.93661256 0.02491143
v 0.12041465 0.88312306 -0.24650953
v 0.03977077 0.88358047 -0.27134172
v -0.19815265 0.87812851 -0.22177653
v -0.23097338 0.86250432 -0.21616045
v -0.17609591 0.92642985 0.02961510
v -0.14093314 0.93431606 0.02335079
v 0.16717801 0.91771720 -0.13752193
v 0.17257670 0.90133040 -0.14859737
v 0.12827730 0.89432656 -0.20729971
v -0.04408029 0.89275754 -0.20297303
v -0.10884185 0.89423350 -0.20118298
v -0.13260480 0.88826233 -0.20278830
v -0.24139634 0.88384490 -0.20315701
v -0.29090643 0.91702601 -0.10714328
v -0.11662862 0.92771756 -0.00044187
v -0.05747628 0.90786271 -0.04858309
v 0.05817929 0.90207801 -0.27459567
v 0.04429609 0.88967358 -0.27396187
v -0.23547777 0.89046784 -0.21179390
v -0.24811984 0.88351430 -0.18509120
v -0.27857446 0.90238521 -0.12861229
v -0.28005729 0.93244336 -0.03896244
v -0.21666434 0.91287325 0.03430115
v -0.09939262 0.92052210 -0.01696176
v 0.16482506 0.91583917 -0.11116789
v 0.11569047 0.90986298 -0.24480891
v 0.09825914 0.91841445 -0.24940867
v 0.05047538 0.87012547 -0.27636750
v -0.18092020 0.90044288 -0.21197658
v -0.25795322 0.90014366 -0.15911548
v -0.28677772 0.92736376 -0.09265595
v -0.27353705 0.93009217 -0.02704889
v -0.00340048 0.89931600 -0.04277984
v 0.02659316 0.89231375 -0.03840932
v 0.10600453 0.92137616 -0.03854650
v 0.16850250 0.90845602 -0.16581347
v 0.14042764 0.89986041 -0.18257315
v -0.03243105 0.89458991 -0.21470751
v -0.19171235 0.89070119 -0.22161824
v -0.26910427 0.91215693 -0.15044745
v -0.28315715 0.91860930 -0.07730726
v -0.13272381 0.93607544 0.01726083
v -0.12377933 0.95144871 0.01227491
v -0.07353811 0.92325068 -0.03191344
v -0.03896059 0.91741018 -0.04435503
v 0.13222014 0.91512803 -0.05063543
v 0.16714388 0.90677663 -0.08768474
v 0.15033442 0.92331150 -0.17140702
v 0.14267679 0.91850592 -0.17814597
v -0.05780527 0.89637489 -0.19590920
v -0.07967114 0.88429648 -0.18492667
v -0.14060382 0.90642330 -0.21153259
v -0.25505040 0.90796896 -0.16629028
v -0.26656419 0.94241824 -0.00873449
v -0.21248321 0.95799230 0.02942450
v -0.06179201 0.92441398 -0.03895672
v 0.12665610 0.91941085 -0.23416723
v 0.07950647 0.91793008 -0.25935110
v 0.05359591 0.89009424 -0.27605862
v 0.02303271 0.89758451 -0.25921958
v -0.00686968 0.88999882 -0.23819916
v -0.07244855 0.89713044 -0.19314138
v -0.16253314 0.91624999 -0.21394630
v -0.28988255 0.93274721 -0.11515049
v -0.22136666 0.96327199 0.02736909
v 0.06223673 0.93011711 -0.01854381
v 0.16748158 0.92330758 -0.09314288
v 0.12856660 0.90835768 -0.20792491
v -0.21684747 0.90807214 -0.23020537
v -0.28892931 0.93472451 -0.09868448
v -0.28645898 0.94431219 -0.05867900
v 0.14412539 0.92414329 -0.05535824
v 0.15978829 0.91846127 -0.06866640
v 0.12741937 0.89823150 -0.21569183
v 0.12821970 0.91045726 -0.22801210
v -0.05789702 0.90925970 -0.20467411
v -0.27621155 0.95985018 -0.03156099
v -0.10920059 0.94029579 -0.00552848
v -0.00694877 0.92178809 -0.03952915
v 0.07311462 0.92103212 -0.01955565
v 0.09280085 0.91812084 -0.02652738
v 0.16333718 0.92103949 -0.07398399
v 0.16613068 0.90623995 -0.13073386
v 0.03027791 0.90703643 -0.26551430
v 0.01573852 0.92695763 -0.25856684
v -0.01590904 0.90562128 -0.23487772
v -0.21373244 0.89734865 -0.23039693
v -0.24695015 0.91498998 -0.19278716
v -0.25157832 0.90057680 -0.17395629
v -0.17856234 0.96756485 0.02840723
v -0.16322901 0.94740664 0.03040961
v -0.09202191 0.93537118 -0.01839442
v -0.05339324 0.93549939 -0.03645679
v 0.02286079 0.92944194 -0.03274324
v 0.11272371 0.92775245 -0.04355424
v 0.14960097 0.93330944 -0.05965787
v 0.16575953 0.93193980 -0.12976470
v 0.08802924 0.91349924 -0.25370710
v -0.08962095 0.90321179 -0.19996026
v -0.28002913 0.92105923 -0.13146748
v -0.23833907 0.96954259 0.01911853
v 0.01321928 0.91992379 -0.03612310
v 0.12910364 0.92934119 -0.04782769
v 0.15970294 0.93163693 -0.06883665
v 0.16548765 0.92935507 -0.10374292
v 0.17181143 0.92025255 -0.15141983
v 0.13390689 0.91002757 -0.19763234
v 0.12685568 0.92012677 -0.21440020
v 0.06377642 0.91178783 -0.27052871
v -0.27384781 0.92037344 -0.14589063
v -0.28723778 0.93899850 -0.08326539
v -0.27073166 0.96024857 -0.02063758
v -0.18595509 0.95958816 0.02818432
v -0.05871345 0.94382923 -0.03090877
v -0.04369451 0.93512168 -0.03707968
v 0.03974157 0.93964388 -0.02305993
v 0.07163285 0.92565806 -0.26292844
v -0.00083172 0.89781324 -0.24457645
v -0.23177691 0.92537977 -0.21662918
v -0.24071275 0.90942296 -0.20462525
v -0.26717634 0.92697761 -0.15700530
v -0.20094120 0.96411650 0.02829772
v -0.15629689 0.97129945 0.03069150
v 0.16749923 0.93135015 -0.08784727
v 0.17215049 0.92982661 -0.15897035
v -0.06999317 0.91092355 -0.20211018
v -0.13590331 0.90604550 -0.21128626
v -0.02665530 0.92883202 -0.03827861
v 0.16480598 0.93314697 -0.10773916
v 0.15996818 0.91125376 -0.16896291
v 0.13780091 0.93084041 -0.19235716
v 0.05808112 0.92835610 -0.27410512
v -0.02207022 0.92044225 -0.23513231
v -0.08045887 0.91291820 -0.20330928
v -0.12307484 0.91177916 -0.21192980
v -0.19848453 0.89223286 -0.22806614
v -0.28027612 0.93647349 -0.13526656
v -0.29024076 0.94711318 -0.10801843
v -0.25769878 0.96044236 0.00467698
v 0.16528814 0.93822900 -0.08401961
v -0.05048217 0.91093419 -0.21024097
v -0.22862913 0.96390234 0.02505224
v -0.14567962 0.97953087 0.02963957
v 0.03875774 0.92558076 -0.27219486
v -0.04323403 0.91983696 -0.22085773
v -0.19260864 0.90575236 -0.22757613
v -0.20519450 0.90765201 -0.23337374
v -0.28793071 0.94846130 -0.12393021
v -0.28757341 0.95948794 -0.04992834
v -0.10207303 0.95874485 -0.00784972
v -0.08746813 0.94731453 -0.01721737
v -0.04045855 0.95449018 -0.02971746
v 0.16582842 0.93286816 -0.11680538
v 0.15343006 0.94150441 -0.16848705
v 0.12845652 0.92969216 -0.20736366
v 0.12776865 0.93341421 -0.22377365
v 0.04465705 0.93438680 -0.27540045
v -0.17340828 0.91307319 -0.21304325
v -0.18427513 0.91117258 -0.21857908
v -0.24198867 0.93422183 -0.20430978
v 0.10801140 0.93321387 -0.24262921
v -0.10299767 0.91483843 -0.20965846
v -0.14900725 0.92870299 -0.21955014
v -0.22438458 0.90976081 -0.22362540
v -0.25543389 0.95252893 -0.18719063
v -0.29190626 0.95688194 -0.09412446
v -0.24589567 0.98024135 0.01161004
v -0.01106539 0.94093039 -0.03653314
v -0.00506262 0.94453255 -0.03496359
v 0.07063795 0.94512422 -0.01642415
v 0.09620383 0.92761145 -0.02882482
v 0.11041138 0.94063604 -0.04268383
v 0.17176099 0.93697399 -0.15505305
v 0.05292134 0.93053218 -0.27603839
v 0.04867787 0.93628171 -0.27630318
v -0.02553735 0.92725060 -0.23525670
v -0.05647217 0.93417255 -0.22034709
v -0.18655551 0.94894241 -0.23569403
v -0.20865099 0.92776577 -0.23831365
v -0.28785120 0.95356097 -0.07356932
v -0.19455095 0.97453581 0.02678805
v -0.07601709 0.96406278 -0.01401755
v 0.13032579 0.94904165 -0.04683820
v 0.16820177 0.93657963 -0.16216355
v 0.14513862 0.94106718 -0.17607141
v 0.12910772 0.94968810 -0.20467176
v 0.12537747 0.94711595 -0.22983059
v -0.17927553 0.94248613 -0.22479213
v 0.14071941 0.94619844 -0.05150589
v 0.15646481 0.94448377 -0.06432341
v 0.15968907 0.95060375 -0.07021023
v 0.06245076 0.93146609 -0.27122734
v -0.07352418 0.93192447 -0.21615687
v -0.25887463 0.92481443 -0.16594999
v -0.27915108 0.96060214 -0.14013142
v -0.29346446 0.96866674 -0.10138682
v -0.09186990 0.96460541 -0.01051251
v -0.07618900 0.94207841 -0.02338217
v 0.05753284 0.95499460 -0.01598598
v 0.08687290 0.94353628 -0.02222659
v 0.16465673 0.95724584 -0.10237882
v 0.16960919 0.94459684 -0.14810215
v 0.12858377 0.94873651 -0.22280552
v -0.01132671 0.93050781 -0.24709785
v -0.17299479 0.93231953 -0.21883536
v -0.19079711 0.95005450 -0.23969773
v -0.24951997 0.94601861 -0.19556186
v -0.27022359 0.95260127 -0.16008202
v -0.22861319 0.99258697 0.02154193
v -0.15749709 0.98332996 0.02905625
v 0.00564771 0.94688528 -0.03123971
v 0.04945840 0.95813540 -0.01721080
v 0.09386403 0.96226438 -0.02801501
v 0.15687693 0.95955287 -0.06937596
v 0.13917745 0.94312337 -0.18942110
v -0.11122140 0.94046576 -0.22303445
v -0.28889796 0.97037681 -0.05922125
v -0.28498007 0.98041614 -0.04795330
v -0.13924103 0.98397902 0.02811282
v 0.10474568 0.95676485 -0.03955248
v 0.16426688 0.95188925 -0.08707994
v 0.02962317 0.92469354 -0.26761023
v -0.09128519 0.92588761 -0.21218028
v -0.12226487 0.93286339 -0.22190225
v -0.25729204 0.94018946 -0.17519183
v -0.28053345 0.99311786 -0.03960947
v -0.26161542 0.96406497 -0.00252311
v 0.02704253 0.96610083 -0.02088698
v 0.14075248 0.96155553 -0.05236368
v 0.15333974 0.96513020 -0.16728067
v -0.13584496 0.93319696 -0.22252463
v -0.28355771 0.96121140 -0.13224784
v -0.27101263 0.97533524 -0.02304842
v -0.18793579 0.98997915 0.02554405
v -0.13549251 0.97367733 0.02539975
v -0.05612960 0.97242205 -0.01712678
v -0.01411143 0.96515848 -0.03176372
v 0.08273166 0.93821684 -0.25519743
v 0.01186901 0.93386342 -0.25755988
v -0.28922550 0.96828402 -0.08133250
v -0.23559422 0.98966981 0.01944595
v -0.16606832 0.99480246 0.02583218
v -0.02450400 0.95502576 -0.03209903
v -0.00760462 0.97417946 -0.03052027
v 0.11370186 0.95180437 -0.04441791
v 0.16464702 0.95218253 -0.12986406
v 0.16617920 0.93538713 -0.13666866
v 0.11988677 0.94072817 -0.23570722
v 0.10467569 0.94877477 -0.24144576
v -0.00093801 0.92703911 -0.25088623
v -0.04818186 0.98357406 -0.01419167
v 0.12742670 0.95828682 -0.04776011
v 0.14996423 0.96748578 -0.06041312
v 0.17003359 0.96148871 -0.15613408
v 0.16577293 0.96138061 -0.16134516
v -0.02298496 0.94796868 -0.24591457
v -0.04621242 0.93632397 -0.22744948
v -0.19765590 0.93851096 -0.23997100
v -0.26129093 0.99016230 -0.00784680
v -0.22246455 0.99190859 0.02294637
v 0.10394916 0.96740720 -0.23958961
v 0.05885048 0.96198979 -0.27318694
v -0.26425247 0.98017205 -0.18058873
v -0.29143980 0.97073232 -0.11548325
v -0.20745433 0.99216841 0.02403739
v -0.10984483 0.95563928 -0.00218970
v 0.06519578 0.96949350 -0.01473196
v 0.15987782 0.97515590 -0.07845293
v 0.16583101 0.95307804 -0.11527934
v 0.16649490 0.96613792 -0.15881203
v 0.11291593 0.96121186 -0.23424387
v 0.07645540 0.96744300 -0.25506682
v 0.00690874 0.94744180 -0.25776530
v -0.08807745 0.94337419 -0.22109068
v -0.15884101 0.93990794 -0.22298705
v -0.24523462 0.95340494 -0.20222645
v -0.12156670 0.98290880 0.01716091
v 0.00703682 0.96841057 -0.02557627
v 0.05077960 0.98880363 -0.01383793
v 0.07867293 0.95089491 -0.01821226
v 0.15603886 0.97436487 -0.06859873
v 0.16891331 0.97323463 -0.15208951
v 0.12888463 0.96636124 -0.21849374
v 0.06584266 0.96761190 -0.26699259
v -0.01078757 0.95388540 -0.25546731
v -0.22883819 0.96460919 -0.22426852
v -0.27537630 0.93926485 -0.14649060
v -0.10354249 0.98695462 0.00167223
v 0.10842527 0.97399730 -0.04310536
v 0.16245070 0.96819572 -0.08782939
v 0.14637808 0.95074843 -0.17480893
v 0.09282850 0.94481232 -0.24986397
v -0.17323216 0.96100259 -0.22947033
v -0.21693323 0.94591047 -0.23418754
v -0.26708361 0.99805421 -0.02175860
v -0.25535374 1.00065081 -0.00274846
v -0.05272135 0.99421756 -0.00946210
v 0.16792640 0.97805529 -0.14675206
v 0.14005607 0.98470992 -0.17752973
v 0.08450317 0.97288203 -0.25122494
v 0.07183885 0.95803366 -0.25984928
v -0.03824598 0.95001696 -0.23821490
v -0.11831739 0.96143140 -0.23431911
v -0.27276674 0.97644720 -0.16198555
v -0.27288071 0.99548564 -0.02923854
v -0.02704204 0.97109545 -0.02621226
v 0.02267480 0.95018115 -0.26683855
v 0.01625959 0.96152510 -0.26499116
v -0.06027919 0.95376155 -0.22734090
v -0.10011984 0.95228582 -0.22674995
v -0.12709885 0.94783248 -0.22898174
v 0.16288551 0.97857910 -0.11290333
v -0.26711140 0.96754132 -0.16864677
v -0.27574071 0.99267045 -0.15904421
v -0.27958785 1.00101537 -0.14534961
v -0.28208707 1.00543465 -0.13961939
v -0.25199088 0.99222133 0.00367632
v -0.21799653 1.01465968 0.02025719
v -0.01885699 0.98335198 -0.02750654
v 0.10120681 0.99324506 -0.04012492
v 0.12441635 0.96602967 -0.22587203
v -0.20558963 0.94949488 -0.24232464
v -0.21125923 0.95150470 -0.24005111
v -0.28838155 0.97480281 -0.12491028
v -0.29121441 1.00180487 -0.09489454
v -0.28751933 1.00606271 -0.07885092
v -0.19245035 1.01229253 0.02178869
v -0.12123809 1.00149965 0.01995910
v 0.11232470 0.97633855 -0.23193179
v -0.00768794 0.97460232 -0.26352275
v -0.16924753 0.97021421 -0.23355287
v -0.26872210 1.02433625 -0.03111373
v -0.24024603 1.02613430 0.00966734
v -0.15710635 1.00575883 0.02506604
v -0.08378084 0.99137314 -0.00600001
v 0.09116770 0.97862996 -0.02837237
v 0.16257687 0.97473898 -0.12707705
v 0.12747939 0.97903895 -0.22019151
v -0.04890922 0.96624910 -0.23685082
v -0.15163759 0.96003177 -0.23231535
v -0.26751333 0.98868065 -0.17756027
v 0.02965047 0.98222638 -0.01712454
v 0.07007631 1.01224159 -0.01484228
v 0.08460489 0.97589899 -0.02238897
v 0.14410829 0.98125203 -0.05332083
v 0.16064515 0.98683818 -0.09739727
v 0.13022451 0.97195258 -0.19909328
v 0.13076972 0.98295220 -0.21339691
v -0.19201578 0.96853271 -0.24504425
v -0.28635060 1.00162484 -0.05857952
v 0.16218647 0.98643838 -0.13221226
v 0.16225687 0.97711983 -0.16185075
v -0.11175190 0.98410455 -0.24293536
v -0.17903434 0.97465198 -0.23784507
v -0.23344217 1.01498520 0.01633022
v -0.22131152 1.03018927 0.01704693
v -0.03521342 0.99837226 -0.01511510
v 0.01304954 0.98437277 -0.02245310
v 0.13774466 0.98792624 -0.05027604
v 0.15348751 0.99628659 -0.06382785
v 0.16873301 0.98723057 -0.15521422
v 0.11648239 0.98627631 -0.22641076
v 0.04668922 0.97368451 -0.27801886
v -0.06505530 0.96417249 -0.23270106
v -0.23122884 0.97029584 -0.22204618
v -0.25672009 0.99692715 -0.19468204
v -0.01463933 1.01343128 -0.02530818
v -0.00558997 1.01203787 -0.02855330
v 0.15885884 0.99387899 -0.08507977
v 0.15962933 1.00525430 -0.09385851
v 0.16190369 0.99564201 -0.10879614
v 0.05529678 0.98888566 -0.27461539
v 0.05021960 0.97111030 -0.27720033
v -0.29272535 1.00801367 -0.10658803
v -0.25148675 1.02692075 -0.00551556
v -0.17061719 1.01792317 0.02023652
v -0.13724319 1.01097977 0.02653720
v -0.13020860 1.00924618 0.02483065
v -0.00131947 0.99180356 -0.02801728
v 0.03219673 1.00770277 -0.01445052
v 0.06402716 0.99411433 -0.01348849
v 0.09296040 1.00746995 -0.03484342
v 0.11586075 0.99054782 -0.04683099
v 0.14454136 1.00710831 -0.05124509
v -0.08988277 0.96726184 -0.23368018
v -0.21713250 0.97596218 -0.23923466
v -0.25031384 0.98541063 -0.20111337
v -0.28355138 1.02698366 -0.05428629
v -0.28038626 1.01608224 -0.04186681
v -0.26135014 1.02351127 -0.02021544
v -0.11258854 1.00717939 0.01357241
v -0.09889235 1.00527343 0.00255232
v -0.09501176 0.98959618 -0.00284924
v 0.07762705 0.98490972 -0.01808952
v 0.15457916 1.00834121 -0.06938447
v 0.07191109 0.98187263 -0.25794207
v 0.06384064 1.00111255 -0.26828311
v -0.03295983 0.97157341 -0.25159672
v -0.17773901 0.98713730 -0.24200485
v -0.22493739 1.01734969 0.01886425
v -0.19499493 1.02559837 0.01969428
v -0.14316361 1.02370537 0.02484010
v 0.08414924 1.01084789 -0.02475006
v 0.10746750 0.99606603 -0.04391316
v 0.16095455 0.99667829 -0.11892282
v 0.16817408 1.00628196 -0.15025992
v 0.12991146 1.00645222 -0.21049773
v 0.10620017 0.98525984 -0.23634686
v 0.08784972 0.99910218 -0.24828331
v 0.04322568 0.96751338 -0.27791818
v 0.02735157 0.98174282 -0.27392922
v -0.06001867 0.98870794 -0.24246967
v -0.12624661 0.99255805 -0.24790114
v -0.29079847 1.00104752 -0.12441877
v -0.23605362 1.04901004 0.00924064
v -0.11861958 1.02879900 0.02017936
v 0.11119184 1.01191444 -0.04481019
v 0.16624502 0.99986193 -0.14260124
v 0.14440945 0.98949540 -0.17170874
v -0.19647457 0.98526816 -0.25042323
v -0.24014874 0.98465980 -0.21252985
v -0.28725267 1.01864427 -0.07917963
v -0.03357953 1.02445518 -0.01406334
v 0.00446123 1.02396895 -0.02711288
v 0.00489779 0.98202867 -0.26712671
v 0.16355560 1.00687489 -0.11079470
v 0.13217698 1.00334802 -0.20502733
v -0.01076138 0.99023063 -0.26953933
v 0.07863673 1.01272360 -0.01976536
v 0.13171738 1.01280311 -0.04711958
v 0.16652953 1.01139605 -0.12039068
v 0.16415301 1.00014622 -0.15985885
v 0.09798080 0.98751791 -0.24268771
v 0.09399629 0.98411769 -0.24573417
v 0.03570337 0.98913489 -0.27812505
v 0.01793592 0.99830314 -0.27508038
v -0.01743506 0.97543993 -0.26111793
v -0.06512368 0.99674438 -0.24568051
v -0.10193455 0.98728907 -0.24362987
v -0.15801365 0.98182864 -0.24117259
v -0.17480663 1.00115258 -0.24620919
v -0.21512013 1.00359850 -0.24551893
v 0.05177341 1.01716656 -0.01134021
v 0.15087763 1.01916347 -0.05788462
v 0.14895375 0.99287443 -0.16787511
v 0.11008085 0.99825669 -0.23027298
v 0.07682499 0.99631548 -0.25180003
v -0.04717598 0.98309755 -0.24601884
v -0.24300269 1.00333320 -0.21137069
v -0.29100351 1.02797043 -0.10795291
v -0.29222404 1.02688925 -0.09460518
v -0.28592130 1.03046307 -0.07920151
v -0.12676714 1.03557158 0.02317700
v -0.08642976 1.02063023 -0.00029193
v -0.07329997 1.01492242 -0.00485892
v 0.09486049 1.02973633 -0.24100961
v -0.03182388 0.99063871 -0.26111633
v -0.13250285 0.98631684 -0.24519105
v -0.21017228 0.99758314 -0.24938367
v -0.22860521 0.99709886 -0.22953957
v 0.09997014 1.01166152 -0.04114933
v 0.13122331 1.03086659 -0.04668969
v 0.16198982 1.02797051 -0.10326893
v 0.13591027 0.99640808 -0.18463943
v -0.14627249 0.97890633 -0.24104249
v -0.24563691 1.04451228 -0.00158708
v 0.01898145 1.02068366 -0.01745531
v 0.04119629 1.01854609 -0.01178030
v 0.16267796 1.00114061 -0.13416910
v -0.08037011 0.98866171 -0.24688852
v -0.25386881 1.05138042 -0.01888349
v -0.22912760 1.04385302 0.01285849
v -0.16753761 1.04538228 0.01521285
v -0.09333708 1.02194805 0.00322317
v -0.05587190 1.02138188 -0.00617253
v 0.15515645 1.02036245 -0.08121064
v 0.09921440 1.02942496 -0.23767440
v 0.07451324 1.00884385 -0.25337918
v -0.02684769 1.00188663 -0.26872635
v -0.28506906 1.04013728 -0.06494411
v -0.24014726 1.04335413 0.00715020
v 0.04644283 1.04672683 -0.01021529
v 0.14481385 1.02609811 -0.16895127
v 0.12357615 1.00977832 -0.21457978
v 0.00851610 1.00400265 -0.27553100
v -0.04297255 1.00775551 -0.26163921
v -0.05508968 1.00425459 -0.25058915
v -0.15545191 1.02235011 -0.25923989
v -0.22035076 0.99914986 -0.23954670
v -0.26867989 1.01543703 -0.17583926
v -0.27664085 1.03499908 -0.14583249
v -0.28157416 1.03774124 -0.05650203
v -0.24215704 1.06607849 0.00024067
v -0.16171734 1.02467492 0.01962027
v -0.10341087 1.03408090 0.01176553
v 0.07034707 1.03449069 -0.01467722
v 0.16511421 1.03088325 -0.14729920
v -0.06343013 1.01076295 -0.25191961
v -0.19268483 1.00709688 -0.25466567
v -0.26518260 1.03579281 -0.18411020
v -0.18801153 1.05091176 0.01466609
v -0.14829060 1.04036545 0.01816497
v -0.04576404 1.03108087 -0.00782609
v 0.00031586 1.03468988 -0.02904072
v 0.01819886 1.03234703 -0.01887961
v 0.06285103 1.01804674 -0.01227908
v 0.07681792 1.03636788 -0.01940494
v 0.14044710 1.04075807 -0.05190815
v 0.16565133 1.03518070 -0.12398625
v 0.15725340 1.02654073 -0.16285682
v 0.08262967 1.02480545 -0.24596705
v 0.05264375 1.02312730 -0.27534976
v 0.04654251 1.00462361 -0.27837471
v 0.03888593 1.00544712 -0.28021125
v -0.07774614 1.01723060 -0.25889373
v -0.09669489 1.01019407 -0.25570424
v -0.12215232 1.03167266 -0.26622905
v -0.17324833 1.03206999 -0.25887671
v -0.28890350 1.03851378 -0.08586209
v -0.20295671 1.04361083 0.01561997
v -0.02054975 1.03621448 -0.02248205
v 0.03795099 1.04118809 -0.01102950
v 0.13284650 1.01912161 -0.20313012
v -0.11714099 1.00932129 -0.25572897
v -0.03567532 1.04181858 -0.01120355
v -0.00766839 1.03749614 -0.02887617
v 0.10929181 1.03917269 -0.04590518
v 0.15590882 1.04191490 -0.08530791
v 0.16136586 1.02130705 -0.13728829
v 0.13361697 1.00961275 -0.18942990
v -0.28777655 1.05210104 -0.09186402
v -0.26351188 1.05923292 -0.03656981
v -0.10103437 1.05984540 0.01288665
v 0.08644087 1.03014833 -0.02995919
v 0.10246154 1.03722478 -0.04482482
v 0.16290193 1.04388164 -0.10714044
v 0.10356389 1.03132749 -0.23212776
v 0.08919402 1.01872315 -0.24495972
v -0.04603533 1.01882557 -0.26570894
v -0.23103614 1.02178652 -0.23003723
v -0.27335154 1.05569747 -0.04781150
v -0.22106315 1.06044717 0.00879199
v -0.12038200 1.04098957 0.02130461
v 0.15630917 1.02624055 -0.08903389
v 0.16650100 1.03896937 -0.11722136
v 0.16512067 1.02353199 -0.15552607
v 0.11873474 1.02815934 -0.21300851
v 0.06782699 1.00752687 -0.26353602
v -0.20442300 0.99709476 -0.25268810
v -0.23848842 1.01497946 -0.21808505
v -0.27209959 1.05416368 -0.15645580
v -0.13353126 1.06006254 0.01960101
v -0.06165775 1.05342541 -0.00422767
v 0.05888306 1.04438434 -0.01147448
v 0.08752565 1.05764237 -0.03921812
v 0.11022817 1.01677959 -0.22537360
v -0.06614874 1.02365267 -0.25911987
v -0.28880395 1.01755221 -0.12702203
v -0.13142509 1.03823849 0.02382855
v 0.16005855 1.04024498 -0.13456327
v -0.20820983 1.02539135 -0.25484133
v -0.22308185 1.03237726 -0.24155042
v -0.26144028 1.04504576 -0.18832176
v -0.28702418 1.05516895 -0.07081450
v -0.20348999 1.06885082 0.01069417
v 0.00728381 1.06178806 -0.02766571
v 0.09517962 1.04470860 -0.04282061
v 0.15401967 1.03656770 -0.06637171
v 0.11380584 1.01813949 -0.21994116
v 0.00266871 1.03229899 -0.28407392
v -0.25776017 1.03078075 -0.19543759
v -0.26947696 1.04429335 -0.17227229
v -0.28495937 1.06477650 -0.08758193
v -0.04081342 1.07174116 -0.00544473
v 0.12386613 1.05470261 -0.04599934
v 0.15946307 1.05557382 -0.09445950
v -0.00294855 1.00750734 -0.27646095
v -0.02247169 1.02651474 -0.27939485
v -0.05714264 1.02317086 -0.26105217
v -0.27293659 1.03656409 -0.16374759
v -0.18952363 1.05972911 0.01359748
v -0.06007870 1.09155132 -0.00290031
v 0.07657779 1.03384024 -0.25153000
v 0.02213414 1.01542455 -0.27964837
v -0.08274743 1.02730682 -0.26417948
v -0.26276658 1.07319180 -0.17912783
v 0.02846909 1.02810413 -0.01411262
v 0.15550102 1.05738333 -0.07959413
v 0.16103517 1.04443066 -0.15751936
v 0.06225104 1.01908126 -0.26936884
v -0.19573635 1.01966076 -0.25856088
v -0.27333682 1.06484285 -0.14240299
v -0.07506204 1.04385528 -0.00179797
v 0.13168932 1.06056347 -0.04836115
v 0.13260111 1.08349537 -0.05191161
v 0.15082742 1.05895019 -0.16222297
v -0.04660582 1.03830297 -0.27357681
v -0.28363284 1.05725306 -0.11542924
v 0.03760616 1.03483851 -0.28256593
v -0.20142981 1.03529702 -0.26138935
v -0.28182005 1.07563774 -0.06961423
v -0.25096094 1.07627443 -0.02577097
v -0.24498779 1.07168558 -0.00548256
v -0.19632095 1.08010528 0.01006115
v -0.04696708 1.05644258 -0.00508520
v 0.06600634 1.05985152 -0.01410990
v 0.15843614 1.05788124 -0.13791810
v 0.16187509 1.05144511 -0.14514141
v 0.13819049 1.02991344 -0.17399684
v 0.11347952 1.04059327 -0.21359434
v 0.06805558 1.04040213 -0.26439572
v -0.06676705 1.03400673 -0.26226029
v -0.25829943 1.07293549 -0.18922660
v -0.27546436 1.07230647 -0.05737633
v -0.26686896 1.08864826 -0.05119678
v -0.15666997 1.06643721 0.01236329
v -0.12751900 1.07361260 0.01912379
v 0.08551242 1.04587756 -0.24194127
v 0.02584551 1.02852251 -0.28252686
v -0.09968891 1.03283783 -0.26637091
v -0.13878496 1.03096808 -0.26495085
v -0.19262385 1.05466511 -0.26603372
v -0.24144057 1.05326768 -0.21484094
v -0.28078012 1.07675402 -0.08679181
v -0.23667383 1.08350940 -0.00179695
v -0.01964265 1.03582627 -0.28329151
v -0.17975770 1.03224939 -0.25863453
v -0.23764302 1.05272964 -0.22101659
v -0.24575738 1.05451872 -0.20917716
v -0.27883991 1.07155971 -0.12315608
v -0.25385408 1.09223798 -0.03473842
v -0.14763562 1.06297164 0.01273601
v 0.16101860 1.05993404 -0.10549632
v 0.07894180 1.05328265 -0.24896098
v 0.06701348 1.06293469 -0.26450552
v -0.06323939 1.04510203 -0.26755893
v -0.15908053 1.04011721 -0.26536637
v -0.23069473 1.07221621 -0.23537481
v -0.13905328 1.08823332 0.00882040
v 0.07760534 1.05553584 -0.02340059
v 0.15294733 1.05112453 -0.06519092
v 0.12612031 1.05196131 -0.20237343
v -0.08776390 1.05023340 -0.27274937
v -0.17867967 1.08170768 0.01237075
v -0.08779604 1.06083127 0.00599155
v -0.06874152 1.07552018 -0.00157691
v -0.03573882 1.07275123 -0.00799264
v -0.01811915 1.07232760 -0.02275896
v 0.01342029 1.07625954 -0.02354539
v 0.08887290 1.08999854 -0.04759932
v 0.09839207 1.06017967 -0.23060545
v -0.12244499 1.06967653 0.01986055
v -0.01401945 1.05998401 -0.02591687
v 0.02826239 1.06956941 -0.01233211
v 0.14130672 1.06516895 -0.05691117
v 0.15620471 1.06773682 -0.08431225
v 0.16604175 1.05907320 -0.11783767
v 0.15797112 1.06260606 -0.15308918
v 0.10781626 1.04225892 -0.21913217
v 0.01265084 1.04788154 -0.28737514
v -0.11373233 1.04851846 -0.27238062
v -0.13232190 1.06108574 -0.27554736
v -0.23987634 1.07688722 -0.21542357
v -0.26353952 1.09123503 -0.16686108
v -0.27838518 1.09239597 -0.09025960
v -0.28074643 1.08714483 -0.06853134
v -0.25682138 1.08999404 -0.03865838
v -0.14087436 1.06765641 0.01358474
v 0.00177322 1.06258741 -0.03001637
v 0.08099620 1.06134488 -0.03039360
v 0.10918788 1.07301025 -0.04678241
v -0.20727081 1.05519458 -0.25915542
v -0.10328842 1.06922195 0.01465416
v 0.02351479 1.06356812 -0.01479048
v 0.12249082 1.04763846 -0.20656989
v 0.10845591 1.05269860 -0.21398779
v -0.03231635 1.04707916 -0.28159948
v -0.24638192 1.08809393 -0.01215186
v 0.09784106 1.07283299 -0.04679101
v 0.08601288 1.07063406 -0.23912779
v -0.01489392 1.05174786 -0.28791648
v -0.07374607 1.04325657 -0.26852535
v -0.20487078 1.09035409 0.00577542
v -0.08359516 1.10523027 0.00854201
v 0.15987579 1.07813368 -0.11723519
v 0.12467969 1.06948319 -0.19671636
v 0.09244320 1.06806248 -0.23464392
v 0.02085074 1.05841520 -0.28757034
v -0.04573643 1.05497998 -0.27964225
v -0.25361747 1.07572506 -0.19703493
v -0.25530073 1.09144184 -0.19389694
v -0.28346604 1.08027180 -0.10717793
v -0.11263142 1.07651618 0.01770995
v 0.04698971 1.08557621 -0.01005079
v 0.08028951 1.08392053 -0.04117126
v 0.09837421 1.08122235 -0.21592215
v -0.05752166 1.04371628 -0.26979424
v -0.26643413 1.09389265 -0.14112355
v -0.16998312 1.09670445 0.00944369
v -0.03038506 1.08500872 -0.01068704
v 0.14367021 1.07549146 -0.06241331
v 0.07750520 1.07334592 -0.25019925
v 0.06124277 1.06365581 -0.26988499
v -0.01135985 1.06678428 -0.29071502
v -0.09986614 1.06305287 -0.27617721
v -0.17966121 1.06651452 -0.26848120
v -0.27485682 1.10043841 -0.07025743
v -0.27171150 1.10043010 -0.06255384
v -0.22457657 1.09945152 -0.00395567
v -0.14870747 1.09178256 0.00598969
v -0.00706617 1.08640518 -0.03016560
v 0.03612763 1.07263970 -0.01078061
v 0.07874441 1.07770894 -0.03523133
v 0.12286004 1.07433097 -0.04692528
v 0.15034803 1.08812720 -0.08040058
v 0.15413063 1.07751193 -0.10187889
v 0.15672135 1.08735546 -0.11502822
v 0.15785735 1.07001948 -0.14596973
v 0.14593210 1.07878628 -0.16084646
v 0.13132430 1.06658651 -0.17301539
v 0.09618730 1.07939571 -0.22555490
v 0.04163213 1.05622280 -0.28108813
v -0.03577609 1.06115356 -0.28416619
v -0.06823731 1.07106969 -0.27213300
v -0.08193462 1.07066941 -0.27788452
v -0.22570333 1.07655180 -0.24239289
v -0.25991460 1.08994641 -0.18155450
v -0.07302607 1.09815389 0.00286079
v 0.08537363 1.08290686 -0.04462180
v 0.10631792 1.08309753 -0.20570972
v 0.03032759 1.06882886 -0.28588629
v -0.25053227 1.10317948 -0.02929386
v -0.04997184 1.09363545 -0.00360005
v -0.00289384 1.09950231 -0.03068117
v 0.03471396 1.11885096 -0.01059303
v 0.05460587 1.08160958 -0.01116900
v 0.07116203 1.06226525 -0.01782468
v 0.07077691 1.08246017 -0.02135556
v 0.15127085 1.08675618 -0.13244397
v 0.15247494 1.08294666 -0.15331412
v 0.12151675 1.08670972 -0.18877608
v 0.10128595 1.08295997 -0.20941768
v -0.00291635 1.08272145 -0.29216701
v -0.24115444 1.09047764 -0.21332296
v -0.26930545 1.11502109 -0.06533692
v -0.25926601 1.10682703 -0.04872804
v -0.20515478 1.10563456 0.00315976
v -0.18445962 1.11317989 0.00766131
v -0.12666693 1.10240810 0.01407105
v -0.12071512 1.09365337 0.01693133
v -0.09531842 1.10345340 0.01137067
v 0.09816880 1.08660702 -0.22112929
v -0.13262499 1.08034681 -0.27940287
v -0.17663064 1.08256089 -0.27119655
v -0.19714618 1.07070413 -0.26736607
v -0.25774201 1.09983405 -0.19241407
v -0.26469338 1.10030335 -0.17247690
v -0.27531340 1.10139138 -0.11872246
v -0.23637016 1.10090448 -0.00893225
v -0.17171042 1.11347002 0.00749396
v 0.01335664 1.09555429 -0.02533293
v 0.13918429 1.10256591 -0.07083549
v 0.11704197 1.08544503 -0.19913414
v 0.09270240 1.08256020 -0.23097359
v 0.08519037 1.08207626 -0.23804325
v 0.07747794 1.08325211 -0.24729124
v 0.04918467 1.06064482 -0.27652962
v -0.05616455 1.07393620 -0.27936894
v -0.11890431 1.06447577 -0.27659629
v -0.21629625 1.05759958 -0.25088980
v -0.23001690 1.09146168 -0.23684222
v -0.27463923 1.10492739 -0.12517205
v -0.27719079 1.11168150 -0.11157015
v -0.27275228 1.10754973 -0.08783336
v -0.05634190 1.12188962 -0.00195224
v 0.12424100 1.09584496 -0.04949345
v 0.14528675 1.10358106 -0.10658428
v 0.12707757 1.08863535 -0.17055066
v -0.15803577 1.06795952 -0.27390975
v -0.26876750 1.10258642 -0.15456561
v -0.27605473 1.10546902 -0.10347745
v -0.22837736 1.11862118 -0.00955547
v -0.01524908 1.09859124 -0.02516320
v -0.01629479 1.10256667 -0.02026928
v 0.00448631 1.09660937 -0.03022020
v 0.02752757 1.10959811 -0.01165503
v 0.11183482 1.09887588 -0.04760560
v 0.14718605 1.09918870 -0.12898303
v 0.14699135 1.09529072 -0.15225619
v 0.13988288 1.09314535 -0.16188411
v 0.12506174 1.09374276 -0.18736477
v 0.11465309 1.09346435 -0.20295638
v 0.09839161 1.09173380 -0.22489872
v 0.06143531 1.08245562 -0.26743496
v 0.03888214 1.08391545 -0.28241772
v 0.01578795 1.08378833 -0.29026614
v -0.23211987 1.10272908 -0.24013964
v -0.24418293 1.10050436 -0.21906483
v -0.14571094 1.11314670 0.00295306
v -0.11057075 1.09580903 0.01606288
v -0.03501475 1.10888911 -0.00523908
v 0.02331053 1.09908893 -0.01447104
v 0.07257663 1.09707730 -0.03162986
v 0.14955772 1.09657931 -0.14204962
v 0.13325446 1.09781837 -0.17359265
v 0.05145942 1.08311563 -0.27361768
v -0.01360178 1.08306976 -0.29172569
v -0.16234228 1.09475400 -0.27629123
v -0.27237073 1.11328884 -0.13909046
v -0.24147427 1.11904026 -0.02057676
v -0.10507084 1.11917629 0.01074026
v -0.05036129 1.12090862 -0.00332528
v -0.02727357 1.10752889 -0.01142605
v 0.09600008 1.09171657 -0.04819953
v 0.14924217 1.10081598 -0.11831499
v 0.14232881 1.09874512 -0.15924116
v 0.08268511 1.09170434 -0.24358578
v -0.05508803 1.08451908 -0.28244231
v -0.07064244 1.08477167 -0.27732667
v -0.22195621 1.09399621 -0.24723930
v -0.26407262 1.12410702 -0.05154715
v -0.25741820 1.11605832 -0.05064240
v -0.00711060 1.10579021 -0.01443243
v 0.01091559 1.10146478 -0.02107499
v 0.14486204 1.09830859 -0.07850984
v 0.14002719 1.10684222 -0.09330117
v -0.03118361 1.08235053 -0.28833080
v -0.03746788 1.09109789 -0.29267282
v -0.25939772 1.12370266 -0.18489041
v -0.19648101 1.11556604 0.00372578
v -0.18164560 1.11854165 0.01084144
v -0.13764417 1.11432391 0.00375920
v 0.06406996 1.11597951 -0.02091824
v 0.12154633 1.10148002 -0.19013861
v 0.06168439 1.08873866 -0.26876480
v -0.01173611 1.09184517 -0.29535234
v -0.08172533 1.08960453 -0.28266503
v -0.10609328 1.09155308 -0.28136020
v -0.27640117 1.12431115 -0.09746474
v -0.15709369 1.11602492 0.00493804
v -0.12688315 1.11722728 0.01250387
v 0.00409020 1.11136937 -0.00619874
v -0.06610837 1.09168337 -0.28654986
v -0.08818132 1.08877253 -0.28349427
v -0.12579739 1.09287339 -0.28177975
v -0.14928398 1.09459577 -0.27948931
v -0.19062064 1.10398481 -0.27263031
v -0.19544346 1.09542742 -0.26720817
v -0.27149911 1.12337314 -0.06540297
v -0.24866313 1.12676246 -0.02522569
v -0.23269166 1.12554966 -0.00847659
v -0.14247150 1.11727685 0.00582948
v -0.03898422 1.12282287 -0.00347665
v -0.01878698 1.11740494 -0.01053283
v -0.04178464 1.09649775 -0.29484956
v -0.22187300 1.10330180 -0.25257225
v -0.27025292 1.12215990 -0.15948711
v -0.27381628 1.12603761 -0.12962650
v -0.20837190 1.12360375 0.00538364
v -0.16677506 1.12174452 0.02018815
v -0.11645082 1.11727791 0.01321501
v 0.02114251 1.11535426 -0.01211392
v 0.07657308 1.11747149 -0.04868954
v 0.10832834 1.11425049 -0.04932067
v 0.10169093 1.10759687 -0.21665881
v 0.03828850 1.09139239 -0.28480510
v 0.00265726 1.09648744 -0.29633965
v -0.00721031 1.10189010 -0.29710476
v -0.08819452 1.09795420 -0.29025818
v -0.20859751 1.13513813 0.00572074
v -0.17936214 1.12411436 0.02024179
v -0.12442527 1.12046391 0.01710940
v -0.08347013 1.12166266 0.00854525
v -0.02873559 1.12273320 -0.00508157
v -0.00726799 1.11420667 -0.00385003
v -0.00331905 1.11902585 -0.00375594
v 0.08335833 1.11420022 -0.05146751
v 0.13599276 1.11162914 -0.07279439
v 0.04914745 1.11799343 -0.01157590
v 0.05665558 1.11861923 -0.01473741
v 0.11682250 1.11480864 -0.05016315
v 0.14778399 1.11273715 -0.10155655
v 0.15057795 1.10944606 -0.11808288
v 0.08000757 1.10569764 -0.24383818
v -0.11236049 1.10187960 -0.28788372
v -0.13530716 1.10471633 -0.28641325
v -0.15983702 1.10290357 -0.28074256
v -0.26812267 1.13447226 -0.06471870
v -0.10012165 1.12332298 0.01409906
v -0.06944698 1.12111505 0.00386185
v 0.06796165 1.11644604 -0.02689662
v 0.07151780 1.11883001 -0.03042472
v 0.07252991 1.11693819 -0.04414514
v 0.10385184 1.11752893 -0.04642605
v 0.12580570 1.11429146 -0.05504893
v 0.14416910 1.11596362 -0.08617983
v 0.14959557 1.10669406 -0.13484530
v 0.13786251 1.11748591 -0.15801122
v 0.03465630 1.11597518 -0.28530039
v -0.06052614 1.10789799 -0.29446028
v -0.23820530 1.11480994 -0.22301012
v -0.24989977 1.12244610 -0.20050366
v -0.07973501 1.12637341 0.01297577
v -0.05135109 1.12586507 -0.00107059
v 0.12647639 1.10998784 -0.17766223
v 0.08713939 1.11490703 -0.23174852
v 0.09050750 1.10507099 -0.23128908
v -0.06462547 1.09665469 -0.29358867
v -0.14799235 1.11013987 -0.28451555
v -0.16804036 1.11215642 -0.27896881
v -0.19477321 1.11608592 -0.26799186
v -0.20983909 1.10518184 -0.26157602
v -0.20898182 1.11868368 -0.25883000
v -0.11441213 1.12815586 0.03051059
v -0.01863960 1.12521428 0.00094017
v -0.01390338 1.12260899 -0.00264006
v 0.14297178 1.12504905 -0.09698582
v -0.46634664 1.34008492 0.24998965
v -0.44599379 1.33886715 0.25791020
v -0.46435561 1.34751272 0.25356196
v 0.03584991 1.12166421 -0.00632079
v 0.10034916 1.12323293 -0.03794727
v 0.11350703 1.12241794 -0.04599351
v 0.14543117 1.11283395 -0.14456331
v 0.12300426 1.12091698 -0.17488735
v 0.11658422 1.11694255 -0.19093855
v 0.06270549 1.10784052 -0.26501130
v -0.21973449 1.12660072 -0.24646039
v -0.22671301 1.12119929 -0.24034924
v -0.24563743 1.13756387 -0.02707590
v -0.18219178 1.13589962 0.01777537
v -0.14859744 1.12642432 0.02893612
v -0.09394202 1.12838037 0.03021880
v -0.18030329 1.12771160 -0.27109781
v -0.23417267 1.12915640 -0.21939883
v -0.26762033 1.12253429 -0.16833038
v -0.22687788 1.13589588 -0.00705797
v -0.00525911 1.12651589 0.02517324
v 0.04652949 1.12448184 -0.00362282
v 0.06726776 1.12339112 -0.01862393
v 0.08432074 1.12334036 -0.02996361
v 0.14624975 1.12059756 -0.12576192
v -0.48394705 1.33492083 0.23773927
v -0.49341611 1.33889465 0.23718238
v 0.33326626 1.21362003 -0.60742157
v 0.31233861 1.20687160 -0.59022732
v 0.14171649 1.12470439 -0.13838033
v 0.10711267 1.11622037 -0.20611856
v 0.05463940 1.11186239 -0.27325615
v 0.01382239 1.09550101 -0.29410842
v -0.27155057 1.13394348 -0.15725058
v -0.09893877 1.13027748 0.03092246
v -0.07554068 1.13075910 0.03554370
v -0.03009553 1.12909248 0.03000749
v 0.04721201 1.12634740 -0.00277250
v 0.08422262 1.12633755 -0.02926180
v 0.12696044 1.12074047 -0.05488295
v -0.46871758 1.33461611 0.24102224
v -0.47408365 1.34879668 0.24498766
v -0.44575809 1.34629051 0.26302838
v 0.32439789 1.20266048 -0.59989502
v 0.09561742 1.11982874 -0.22006735
v -0.03149608 1.11101335 -0.29511889
v -0.10177436 1.10635167 -0.29096052
v -0.27180664 1.13881497 -0.09783403
v -0.03480269 1.13173146 0.03538150
v 0.04233287 1.13358703 0.00097496
v -0.44638590 1.35598265 0.26247578
v 0.34566344 1.22366832 -0.62557962
v -0.44028922 1.31630857 0.23785104
v -0.48551490 1.32903574 0.22578903
v 0.13740137 1.12235225 -0.15399847
v -0.26690663 1.14054641 -0.17721504
v -0.27102881 1.13890371 -0.12354699
v -0.25291674 1.14450750 -0.04406952
v -0.16116397 1.14338872 0.02156894
v -0.13696297 1.14207073 0.02709184
v -0.13169131 1.12979449 0.03109491
v 0.06184676 1.12923965 -0.01392340
v 0.14199210 1.12962967 -0.11668060
v -0.43314667 1.32123462 0.23938810
v -0.45599927 1.33457862 0.24005766
v -0.46484055 1.35727693 0.25084952
v -0.43022462 1.35635291 0.26524883
v 0.31162513 1.21760053 -0.59118330
v 0.07699283 1.12162523 -0.24423558
v -0.22226579 1.14085974 -0.23854488
v -0.22318659 1.14397495 -0.00873454
v -0.11360603 1.14476561 0.02667568
v -0.09935601 1.13889275 0.02877979
v -0.01386133 1.13107427 0.03036844
v 0.02379418 1.13338109 0.01430342
v 0.12513515 1.13279465 -0.06067248
v -0.43793658 1.31673255 0.22676309
v -0.44681532 1.33153568 0.24147655
v -0.41859438 1.35927031 0.26754909
v 0.33203768 1.21334365 -0.59057638
v 0.35096151 1.22625402 -0.62438588
v 0.08400411 1.12660350 -0.23574820
v 0.05791117 1.12035102 -0.26876102
v -0.13576198 1.11165486 -0.28619362
v -0.25214588 1.13955532 -0.20238110
v -0.26941253 1.14631652 -0.16857803
v -0.26956665 1.14878355 -0.11042918
v 0.11427596 1.13411556 -0.04975252
v 0.13122782 1.13578066 -0.07703382
v -0.43426547 1.31446918 0.23560120
v -0.49225704 1.33201431 0.22401672
v -0.43388023 1.37193967 0.26522405
v -0.42798445 1.34846692 0.25674528
v 0.30312760 1.24545041 -0.63652546
v 0.32701583 1.23170933 -0.61996849
v 0.12198063 1.12753041 -0.17939256
v 0.11287785 1.12961574 -0.20092975
v 0.06701345 1.13182923 -0.25945809
v -0.06153902 1.11994299 -0.29404460
v -0.10030635 1.12396963 -0.28908264
v -0.26302912 1.14971425 -0.13508644
v -0.26444733 1.14409291 -0.06611173
v -0.24040630 1.14428302 -0.02523802
v -0.06841521 1.14075789 0.03491304
v 0.03269976 1.12746429 0.00917418
v -0.46805144 1.33323978 0.22909188
v -0.41596186 1.37020740 0.27159817
v 0.35858058 1.21449704 -0.59779563
v 0.32724434 1.25157071 -0.64536015
v -0.44482076 1.37096302 0.26093979
v -0.42075571 1.32872984 0.23469450
v -0.26891242 1.15731931 -0.08389709
v -0.26654609 1.15465356 -0.07059545
v -0.12994211 1.14418271 0.02743815
v -0.04363709 1.13260366 0.03594110
v -0.02977995 1.14102871 0.03509664
v 0.13666543 1.13444760 -0.09283581
v 0.14054696 1.14067607 -0.11604523
v 0.12619025 1.13047227 -0.16729385
v 0.05496545 1.12407232 -0.27294475
v 0.04812598 1.13186443 -0.27892474
v -0.16635836 1.12645391 -0.27647932
v -0.24891689 1.14703655 -0.20624052
v 0.35653134 1.22781415 -0.61496261
v 0.31049403 1.26140734 -0.65248398
v 0.31683946 1.23434116 -0.60982416
v -0.43000202 1.31947501 0.22309353
v -0.43912462 1.33036257 0.22441924
v -0.47765583 1.32872555 0.21623203
v -0.24999441 1.15581744 -0.03489596
v -0.20656395 1.14311565 0.00498280
v 0.06750977 1.14083613 -0.02187015
v 0.14190048 1.13829195 -0.14114808
v 0.34282479 1.21429994 -0.59571006
v 0.36359431 1.21990195 -0.60024310
v 0.34304968 1.23563800 -0.63333918
v 0.33946290 1.26157965 -0.63789567
v 0.33654677 1.24715135 -0.64077237
v 0.32278019 1.27402827 -0.65107006
v 0.31226411 1.24247163 -0.62325995
v 0.31784713 1.22567202 -0.60058010
v -0.48717876 1.33178260 0.21685566
v -0.48774126 1.35123015 0.23710899
v -0.42310526 1.36935846 0.27207552
v -0.40932683 1.33459741 0.23305297
v -0.04261958 1.15057784 0.03407287
v -0.00426815 1.14085804 0.02694571
v 0.00877876 1.13281872 0.02260268
v 0.09021396 1.13929678 -0.03875501
v 0.11770467 1.14094914 -0.05500121
v 0.13267776 1.12478553 -0.16033356
v 0.12059018 1.13624974 -0.19136374
v -0.20224511 1.12800448 -0.25992255
v -0.23197340 1.14881729 -0.21316049
v 0.31167966 1.27238745 -0.65664172
v 0.29804210 1.26583396 -0.64237176
v 0.09372914 1.13937272 -0.22826165
v 0.02897461 1.13258452 -0.28770617
v 0.00718714 1.11438475 -0.29539047
v -0.13949687 1.12774156 -0.28361433
v -0.19252566 1.14346778 0.01204186
v 0.06077470 1.14488544 -0.01717371
v -0.45428698 1.33229435 0.22415674
v -0.44891867 1.33523344 0.21858505
v -0.49929601 1.34823317 0.22305408
v -0.49016635 1.37124038 0.22661380
v -0.41299695 1.35388016 0.24411310
v -0.41890673 1.34687484 0.24437952
v 0.33787436 1.21901227 -0.58208213
v 0.12362231 1.14520578 -0.18027402
v -0.01938651 1.12860909 -0.29626882
v -0.20154862 1.14918993 -0.25632679
v -0.21157899 1.14691251 -0.24898454
v -0.26469706 1.17126524 -0.17776327
v -0.25816598 1.16049123 -0.11711444
v -0.22563088 1.15700764 -0.00702378
v -0.17986399 1.15352984 0.01792023
v -0.05939478 1.14917927 0.03417788
v 0.09528046 1.14276899 -0.04395015
v -0.49352028 1.34446657 0.21511366
v -0.46964508 1.38153371 0.24275323
v -0.45434870 1.36820741 0.25422505
v 0.33053359 1.21317434 -0.56793610
v 0.35587929 1.22048661 -0.58740758
v 0.36201364 1.23200177 -0.60388151
v 0.29621640 1.26494021 -0.62312540
v 0.31372229 1.23582510 -0.59873467
v 0.10982778 1.14337446 -0.20735704
v 0.08674322 1.14879797 -0.24465635
v -0.05678872 1.13197371 -0.29577830
v -0.13941720 1.14174579 -0.28218629
v -0.25425562 1.15061686 -0.20121810
v -0.25984363 1.16846225 -0.19036668
v -0.24067556 1.15512969 -0.02053920
v -0.14539042 1.14754345 0.02650384
v 0.03090081 1.14804560 0.00571103
v 0.08078857 1.14458485 -0.03351474
v -0.49721828 1.35873188 0.22046453
v -0.47696458 1.36629632 0.23777409
v -0.41322516 1.38421765 0.26567356
v -0.40877793 1.37215842 0.26214609
v 0.30520849 1.24956554 -0.60589859
v 0.30993524 1.21911694 -0.58369380
v -0.42337018 1.33243227 0.21448817
v -0.49641157 1.34944960 0.21541404
v -0.41207703 1.36493258 0.24605637
v -0.25993980 1.15961470 -0.05415000
v -0.07192266 1.14812899 0.03274960
v 0.14069095 1.14169867 -0.13379742
v 0.12543443 1.14333270 -0.16806102
v 0.12503141 1.15670044 -0.18635148
v 0.06342946 1.14472088 -0.26595136
v -0.22604301 1.14803267 -0.22153864
v 0.35432945 1.23626660 -0.62463527
v 0.30603969 1.28556781 -0.65362190
v 0.29975994 1.25359331 -0.62416037
v 0.31546554 1.22790622 -0.59181598
v 0.13769612 1.15252197 -0.14249206
v 0.01667539 1.12845688 -0.29252466
v -0.09527569 1.14062145 -0.29073682
v -0.11585372 1.13856052 -0.28566746
v -0.22903592 1.16922621 -0.20983514
v -0.26673599 1.16054300 -0.09445590
v -0.24821627 1.17253832 -0.03023829
v 0.07942006 1.14937544 -0.03076369
v 0.11766841 1.14814207 -0.05729587
v -0.47215192 1.33641366 0.20751142
v -0.48959611 1.34610705 0.20458102
v 0.11672516 1.15274550 -0.19959524
v -0.18236131 1.14503319 -0.26798195
v -0.24135214 1.16726519 -0.02135943
v -0.23148484 1.17289044 -0.01359180
v -0.20135969 1.16035376 0.01105858
v -0.00296917 1.14858449 0.02567497
v 0.11081164 1.15385926 -0.05314788
v 0.12809312 1.15084895 -0.07793016
v -0.42948444 1.34552522 0.21955551
v -0.48126191 1.34383566 0.20616345
v -0.44609928 1.38436828 0.25545243
v -0.43408098 1.39204798 0.25621565
v -0.40955349 1.34669769 0.23755316
v 0.31797251 1.22023174 -0.55154573
v 0.36401783 1.22549267 -0.59386092
v 0.32861041 1.26870483 -0.64410659
v -0.00245308 1.14241789 -0.29633485
v -0.01840070 1.14007830 -0.29662732
v -0.25679253 1.16215799 -0.12981368
v -0.26508759 1.17074433 -0.06868856
v 0.01346701 1.14743826 0.01686994
v 0.06797533 1.15924174 -0.01708784
v -0.42157247 1.38771864 0.26623566
v 0.35634272 1.25236243 -0.61852612
v 0.31252815 1.29019579 -0.65212155
v 0.29995220 1.27493763 -0.64107260
v 0.30916763 1.23183859 -0.57007324
v 0.13598798 1.14971983 -0.11413580
v 0.09046796 1.15030419 -0.24039990
v 0.03261775 1.14015590 -0.28546030
v -0.05430595 1.14799650 -0.29572784
v -0.07847240 1.14753793 -0.29314973
v -0.26375919 1.17117861 -0.14302251
v -0.25506243 1.17844144 -0.12775198
v -0.19439283 1.16851563 0.01439512
v -0.16594627 1.15811648 0.02187739
v -0.02919209 1.15106555 0.03351303
v 0.02538751 1.15789757 0.01265104
v 0.08943554 1.14969111 -0.03806880
v 0.12701157 1.15631915 -0.07963203
v 0.13497520 1.14752179 -0.09659046
v -0.40965166 1.38567026 0.25736489
v 0.33774852 1.22499667 -0.57940719
v 0.34575855 1.25495564 -0.63035547
v 0.29816671 1.28666072 -0.63830837
v 0.29614317 1.26649135 -0.61288351
v 0.30755926 1.22587933 -0.56218912
v 0.13810461 1.14961813 -0.15090618
v -0.22128861 1.16730885 -0.22546224
v -0.26848416 1.16992872 -0.16212365
v -0.25031813 1.17784299 -0.10798536
v -0.13168048 1.16034435 0.03405524
v 0.08738105 1.16315519 -0.03401634
v -0.41747534 1.33132192 0.21389498
v -0.41961030 1.40038492 0.26031238
v -0.39965883 1.34377901 0.21174425
v 0.34104179 1.23483825 -0.58028448
v 0.34688011 1.27033782 -0.62472604
v 0.12558072 1.16759878 -0.10055839
v 0.10387106 1.15921663 -0.22535581
v 0.07568097 1.15925931 -0.25290692
v -0.14718100 1.16056194 -0.27760644
v -0.21871679 1.15411299 -0.23599276
v -0.09220139 1.14755070 0.02700137
v 0.00511173 1.15670921 0.02583893
v 0.03554473 1.16331736 0.00908907
v -0.40855958 1.33017484 0.21371440
v -0.45672337 1.33830432 0.21037069
v -0.47525964 1.35013753 0.19924581
v -0.49715104 1.35159306 0.20325609
v -0.49968390 1.36140788 0.20636360
v -0.48168799 1.38447935 0.22960498
v -0.40355612 1.35490704 0.22691256
v 0.29866830 1.26194272 -0.60506004
v 0.31852223 1.23761853 -0.58130329
v 0.05845513 1.15128698 -0.27007563
v 0.04234962 1.14967766 -0.27886750
v -0.08249671 1.16463058 -0.28958798
v -0.25170303 1.16844600 -0.20078679
v -0.20435001 1.16881139 0.00836112
v -0.12131967 1.15549753 0.03206894
v 0.13019213 1.15688974 -0.12760369
v 0.13316995 1.16072817 -0.13560263
v -0.42451315 1.34191835 0.20860863
v -0.49802691 1.37350936 0.21004569
v 0.33926799 1.27426174 -0.63445066
v 0.30127476 1.30332975 -0.64506773
v 0.31168525 1.27092668 -0.61794356
v 0.09460458 1.16297942 -0.23946960
v 0.02942861 1.16128216 -0.28776739
v 0.05175019 1.15824960 -0.00473700
v 0.08199026 1.16042313 -0.03122028
v 0.11584539 1.16055058 -0.05606415
v 0.11289496 1.16763536 -0.05371736
v 0.12423773 1.16637044 -0.12361335
v -0.44191137 1.35039159 0.21273911
v -0.44851135 1.40471285 0.25026558
v -0.41689188 1.38087479 0.23588647
v -0.41368003 1.36615617 0.23648156
v 0.36138946 1.24233287 -0.58502021
v 0.36411569 1.24087327 -0.59545899
v 0.32625532 1.28274837 -0.63926561
v 0.30172246 1.26604776 -0.59826769
v 0.31489049 1.24658752 -0.57592514
v 0.30149551 1.23958246 -0.55945354
v 0.08265924 1.16168705 -0.24719411
v 0.04503868 1.16559996 -0.27360941
v 0.00364455 1.15399041 -0.29640165
v -0.10536994 1.15608803 -0.28764735
v -0.13198816 1.18011456 -0.27701453
v -0.10476717 1.15284567 0.02773740
v -0.05904895 1.16513866 0.03645210
v -0.41853152 1.33947306 0.20442207
v -0.42681534 1.34836481 0.21580558
v -0.49195316 1.38148778 0.22012375
v 0.31804445 1.29927618 -0.64429814
v 0.29567825 1.28785482 -0.61859653
v 0.30960731 1.25738774 -0.58014585
v 0.31215554 1.24692104 -0.56994124
v 0.07195217 1.17257193 -0.25653732
v 0.01336855 1.15627027 -0.29528066
v -0.16801109 1.14203599 -0.27504411
v -0.25532663 1.18100584 -0.05325720
v -0.00420447 1.16556865 0.03204801
v 0.07403454 1.16654037 -0.02333987
v 0.10431191 1.16466534 -0.04186271
v -0.44454861 1.35705981 0.20631138
v -0.46104184 1.40234328 0.24124417
v -0.43096348 1.41246165 0.25172726
v 0.32777128 1.22796471 -0.56204666
v 0.35729604 1.23549988 -0.58316447
v 0.35705689 1.25777496 -0.60821408
v 0.30144396 1.26091442 -0.59029086
v 0.11467105 1.16724895 -0.20876216
v 0.10245906 1.16903507 -0.23006684
v 0.05562871 1.16554755 -0.26615913
v -0.06353294 1.16189707 -0.29268324
v -0.25244395 1.19029699 -0.17843524
v -0.26345375 1.18304681 -0.16230779
v -0.12775958 1.17811047 0.03937777
v -0.09968439 1.17544064 0.02953900
v 0.13582642 1.16195782 -0.14630112
v 0.12658391 1.16298923 -0.15924397
v -0.49512596 1.34757894 0.19432652
v -0.48836953 1.38782269 0.21475351
v -0.46999948 1.40105030 0.23484061
v -0.41173764 1.39984707 0.25180154
v -0.41531475 1.37289317 0.22776032
v 0.30942702 1.23158186 -0.54398089
v 0.32886026 1.24523328 -0.57512223
v 0.28663250 1.29853062 -0.62816538
v 0.29939453 1.24666087 -0.56244991
v 0.05127969 1.17589087 -0.26938424
v -0.01694612 1.17113510 -0.29528685
v -0.11894855 1.18222657 -0.27959687
v -0.15729804 1.17491167 -0.27173557
v -0.23476221 1.16938292 -0.20580169
v -0.24348674 1.19439407 -0.20062057
v -0.25204300 1.18560890 -0.19452972
v -0.25516709 1.18055079 -0.08466715
v -0.16643194 1.17041883 0.02320527
v -0.06911056 1.16492684 0.03331872
v 0.12195475 1.16732206 -0.08064811
v -0.43531954 1.33966710 0.19051602
v -0.45510175 1.35392540 0.20125884
v -0.46402860 1.35753804 0.19610610
v -0.49742209 1.35369397 0.18450455
v -0.49790619 1.35998566 0.17868932
v -0.40835973 1.38958517 0.22703714
v 0.32068625 1.23575862 -0.54882924
v 0.36286662 1.25266512 -0.59163869
v 0.35623778 1.26918051 -0.61581712
v 0.32771458 1.29923763 -0.63457886
v 0.30590544 1.31251423 -0.64100708
v 0.12177254 1.17481544 -0.19635120
v 0.11015855 1.17390211 -0.21580080
v -0.21124763 1.17675610 -0.23746112
v -0.24939136 1.19765443 -0.11769163
v -0.24641759 1.18690313 -0.11290625
v -0.21684025 1.17635996 -0.00304189
v -0.03202782 1.16744568 0.03711757
v 0.05861262 1.17049498 -0.00842033
v 0.13494845 1.17494711 -0.13884836
v -0.45238868 1.35464387 0.19581287
v -0.48110626 1.34949220 0.19574555
v -0.44845592 1.41217574 0.24639937
v 0.32553746 1.24626853 -0.57144503
v 0.32000635 1.26923834 -0.59591511
v 0.31377373 1.26230447 -0.58112715
v 0.30613649 1.26111751 -0.57385427
v 0.12762562 1.18030189 -0.18421096
v 0.06462923 1.16957539 -0.25975230
v -0.04224293 1.16717642 -0.29214391
v -0.09694997 1.16119687 -0.28914936
v -0.24967879 1.20258312 -0.15734458
v -0.26565723 1.18854203 -0.14608765
v -0.23702573 1.19083081 -0.01245358
v -0.13814221 1.17777925 0.03699647
v -0.44534763 1.34468032 0.18743260
v -0.44122468 1.35453554 0.20292295
v 0.32375369 1.24090242 -0.55371526
v 0.34610595 1.29535898 -0.61638449
v 0.28761132 1.30665414 -0.63518223
v 0.28476020 1.29445263 -0.60830237
v 0.31389299 1.27688363 -0.59925122
v 0.28652740 1.26252245 -0.56496627
v 0.08731410 1.17500415 -0.24988390
v -0.06584760 1.17453177 -0.29079426
v -0.18838305 1.17206594 -0.25794545
v -0.20090098 1.19127963 -0.24144054
v -0.20326231 1.19574551 -0.23660368
v -0.24618196 1.20163933 -0.18890928
v -0.25983608 1.17981600 -0.17854181
v -0.11719787 1.18638626 0.03985410
v -0.08460867 1.18826435 0.03091367
v -0.04954099 1.18149187 0.03670643
v 0.00601677 1.16988431 0.02881539
v 0.01611453 1.16704395 0.02156457
v 0.03698809 1.17820643 0.01070977
v -0.41343799 1.34052136 0.19769767
v -0.42912388 1.33777286 0.17997399
v -0.48982688 1.34619821 0.17857413
v -0.41974977 1.41666303 0.24931711
v -0.40912458 1.40505884 0.23975216
v 0.35106605 1.25237721 -0.57231495
v 0.31636983 1.31278679 -0.63638196
v 0.32134938 1.26459465 -0.57963167
v 0.27331452 1.26597880 -0.55743150
v 0.10053608 1.17542022 -0.22809389
v 0.09262494 1.18163575 -0.23990586
v -0.17042650 1.17695920 -0.26652404
v -0.25915611 1.18215219 -0.07046774
v -0.19455121 1.17838197 0.01634963
v -0.02433129 1.18482870 0.03741073
v 0.05850668 1.18851417 -0.01290024
v 0.09691871 1.17316645 -0.03484620
v 0.11795792 1.17583947 -0.11345568
v -0.40069558 1.34349281 0.19566628
v 0.31167516 1.23944231 -0.53417279
v 0.31892142 1.27315397 -0.58491657
v 0.29461171 1.24230847 -0.54856156
v 0.31462891 1.27173410 -0.57766457
v 0.12613109 1.17853022 -0.15603206
v 0.08645163 1.18465372 -0.25081038
v 0.01363475 1.19336861 -0.29623152
v -0.19151503 1.20615304 -0.24260198
v -0.22422770 1.20100494 -0.20446116
v -0.23968295 1.21598461 -0.15708666
v -0.24453618 1.19186045 -0.02449676
v 0.07459851 1.17674475 -0.02517308
v 0.11427420 1.18144545 -0.09144914
v -0.47658966 1.34522420 0.17742536
v -0.42973624 1.41881104 0.24135596
v -0.40416474 1.38573346 0.21862090
v 0.32010124 1.24683459 -0.54041567
v 0.36012382 1.27227561 -0.59749073
v 0.33922397 1.29956767 -0.62583940
v 0.27820688 1.30221017 -0.61665210
v 0.09375982 1.18495159 -0.22244763
v -0.22242078 1.18570740 -0.21020109
v -0.23383385 1.21392272 -0.20080936
v -0.24801502 1.19171064 -0.09051920
v -0.21423540 1.19298382 0.00240202
v -0.06766007 1.17809022 0.03438896
v -0.05776198 1.18979922 0.03721507
v 0.07870671 1.18246072 -0.02656736
v 0.11947762 1.18071139 -0.12129763
v 0.12853466 1.18719704 -0.12516316
v -0.48382673 1.39275760 0.20350092
v -0.40822051 1.40650049 0.22884652
v -0.39766163 1.37628060 0.21626275
v -0.39312500 1.37269431 0.21031381
v 0.10106362 1.18491681 -0.21405962
v -0.03956925 1.18158466 -0.28829743
v -0.26105606 1.20811672 -0.12984428
v -0.24367584 1.20365797 -0.07523872
v -0.24666124 1.20873092 -0.04538344
v -0.16990219 1.18069548 0.02526820
v 0.12847730 1.18574174 -0.16184165
v -0.39097167 1.35644208 0.19677308
v -0.44116140 1.33810189 0.17520618
v -0.49287829 1.37936196 0.19430038
v -0.42194803 1.42002286 0.24011231
v 0.32781713 1.25231702 -0.55960534
v 0.35826663 1.28540739 -0.60867622
v 0.28734344 1.32340960 -0.62790757
v 0.30186325 1.28404938 -0.59124728
v 0.28644206 1.27709420 -0.57283843
v 0.12483015 1.18750984 -0.18805081
v 0.08748778 1.18915120 -0.23938056
v 0.06613731 1.19961503 -0.27142267
v -0.02746431 1.18521247 -0.28919684
v -0.07566670 1.19055903 -0.28372800
v -0.15835572 1.20175369 -0.26263917
v -0.25912185 1.20566272 -0.12452880
v -0.24314886 1.21016694 -0.07796252
v -0.24809761 1.20591516 -0.06094467
v -0.24698348 1.19987184 -0.03644590
v -0.13061656 1.20263650 0.04539316
v -0.00135223 1.18562799 0.03462028
v 0.10535437 1.18377161 -0.05753051
v 0.11159567 1.18855551 -0.09101525
v 0.13247893 1.17951542 -0.13056317
v 0.13067977 1.19125469 -0.12944696
v -0.40526985 1.34764716 0.18738723
v -0.45556920 1.34432617 0.17522400
v -0.49282344 1.34927346 0.16517361
v -0.44649151 1.41615639 0.23554404
v 0.26961218 1.32936183 -0.61630279
v 0.27416390 1.28487234 -0.57123085
v 0.08276004 1.19465479 -0.21811600
v 0.05672945 1.18373618 -0.26890680
v 0.00058462 1.18872919 -0.29665797
v -0.05340195 1.19434025 -0.28585800
v -0.11177636 1.18698585 -0.27985917
v -0.26165942 1.20112789 -0.14373943
v -0.24334966 1.20274401 -0.10617596
v -0.20086064 1.18729840 0.01197146
v -0.15795044 1.19571346 0.03336418
v -0.07560537 1.18832914 0.03239693
v 0.10446411 1.18929129 -0.07065905
v -0.48190050 1.34318069 0.15887303
v -0.41380659 1.41448480 0.24515881
v 0.35790867 1.25889979 -0.57230491
v 0.32747071 1.30841233 -0.62836112
v 0.26922676 1.29791052 -0.58872084
v 0.28325684 1.28826045 -0.57980140
v 0.27009852 1.26612962 -0.54405475
v 0.29052513 1.24736450 -0.53433137
v 0.10065107 1.19753822 -0.19527224
v 0.08154785 1.19554345 -0.22855769
v -0.09573234 1.19298201 -0.27650317
v -0.14479054 1.20552526 -0.26594639
v 0.01535927 1.20090957 0.03065281
v 0.09001817 1.18559624 -0.02924830
v 0.09967028 1.17937370 -0.03827413
v 0.10017640 1.19390999 -0.04635521
v 0.12710805 1.19548315 -0.14370966
v -0.46444515 1.34601709 0.17203666
v -0.48695547 1.39089898 0.18714412
v -0.40114785 1.39392288 0.20983202
v 0.33549624 1.26017815 -0.55621118
v 0.36348124 1.26784368 -0.58251056
v 0.26869292 1.31555785 -0.61795266
v 0.26540829 1.30881066 -0.60626590
v 0.11815602 1.19169167 -0.19442867
v 0.02163485 1.18978686 -0.29399106
v -0.12818908 1.20567228 -0.26955671
v -0.21090041 1.21810955 -0.20801324
v -0.24483781 1.21181284 -0.11005889
v -0.18110802 1.19597398 0.02491599
v 0.00664918 1.20061760 0.03500818
v 0.04769908 1.18253529 0.00143695
v 0.05711431 1.19841719 -0.00968670
v 0.09189835 1.19859840 -0.03062942
v 0.11469866 1.18692874 -0.11530825
v -0.41469148 1.41755459 0.22712344
v -0.39333353 1.37857006 0.20403487
v 0.35591217 1.28937785 -0.60443391
v 0.07993303 1.19835311 -0.24168325
v 0.03541829 1.18903443 -0.28483796
v -0.03799120 1.19885823 -0.28506557
v -0.20086556 1.21609541 -0.22387410
v -0.24591791 1.21302313 -0.15213146
v 0.12982427 1.20047051 -0.12367188
v -0.41432482 1.34872612 0.16923265
v -0.49655387 1.37232714 0.17335227
v -0.46197802 1.41247548 0.20616957
v 0.34391787 1.27031431 -0.55832794
v 0.30171012 1.32301330 -0.63062973
v 0.26459345 1.27730461 -0.55274920
v 0.26400290 1.27908971 -0.54394751
v 0.13366396 1.19515923 -0.16609772
v 0.08837961 1.19419610 -0.20832156
v 0.07084451 1.20334540 -0.26953727
v 0.04330743 1.19559127 0.00876663
v 0.10918102 1.19445310 -0.10585864
v -0.40544326 1.40789792 0.21382175
v 0.26354225 1.29264266 -0.56693886
v 0.08398486 1.20098833 -0.23124307
v 0.07279275 1.20604275 -0.26342991
v 0.04728547 1.19981465 -0.27909151
v 0.03513887 1.20024888 -0.28669088
v -0.06359496 1.20127738 -0.28088417
v -0.23897465 1.21491510 -0.19695042
v -0.23769112 1.21818804 -0.17213850
v -0.25896448 1.23152075 -0.11454952
v -0.23153023 1.20269121 -0.00570150
v -0.14357588 1.20911141 0.04419134
v -0.09627367 1.19337031 0.03358991
v -0.01660200 1.19970669 0.04050805
v 0.08165872 1.19789053 -0.02163289
v -0.38993205 1.36004743 0.18951051
v -0.42556465 1.34809000 0.15953274
v -0.49311561 1.38009904 0.16422316
v 0.32386828 1.26246608 -0.54388340
v 0.30296831 1.32946014 -0.62256148
v 0.25249771 1.31825710 -0.59363325
v 0.25679993 1.30141451 -0.57012867
v 0.26481724 1.29025255 -0.53604138
v 0.27374851 1.26475403 -0.52759070
v 0.11671815 1.19798820 -0.18744460
v -0.02568042 1.20841836 -0.28571910
v -0.24055475 1.22862594 -0.10046653
v -0.23877649 1.21857483 -0.08255111
v -0.23526860 1.22428151 -0.06937862
v -0.23815305 1.21014914 -0.01201803
v -0.19732653 1.21626757 0.01718827
v 0.06520266 1.19571032 -0.01671746
v 0.08844367 1.19843692 -0.02587342
v 0.10031795 1.19645460 -0.06643923
v 0.10082761 1.20080803 -0.07953560
v -0.45190018 1.34447490 0.16062905
v -0.48785720 1.35478491 0.14852223
v -0.42310596 1.42414448 0.20781701
v -0.39859242 1.39006932 0.19391030
v 0.31320089 1.26122973 -0.53370872
v 0.35174440 1.28804102 -0.57839778
v 0.25742399 1.32471055 -0.60517912
v 0.09001773 1.21295223 -0.24548500
v 0.06989502 1.21443479 -0.26945446
v 0.05581409 1.20646618 -0.27732801
v 0.02423410 1.20513442 -0.29246169
v -0.09793488 1.21204872 -0.26847169
v -0.23805965 1.22620552 -0.14664515
v -0.25687101 1.21851090 -0.11590592
v -0.05457832 1.20567246 0.04179294
v 0.09281707 1.20348646 -0.03876525
v -0.40089399 1.35486532 0.17965517
v -0.47881908 1.39919966 0.19091164
v -0.44179837 1.42360605 0.20749005
v 0.35849267 1.26892018 -0.57279352
v 0.32895974 1.32109395 -0.60701107
v 0.27831713 1.33785057 -0.61344116
v 0.24999096 1.31594820 -0.57216311
v 0.25908695 1.29443390 -0.55394513
v 0.07586372 1.20639610 -0.25422603
v -0.21815028 1.21881789 -0.20439696
v -0.23543978 1.22159287 -0.15879615
v -0.25774824 1.22016940 -0.13613675
v -0.23589061 1.22680266 -0.09298488
v -0.24305403 1.21672871 -0.05913723
v -0.24211594 1.21971727 -0.02849578
v -0.11711743 1.19987126 0.04561410
v 0.10535052 1.20505278 -0.10495610
v 0.12271325 1.20820160 -0.11598185
v -0.39519575 1.36948193 0.18246082
v -0.48205727 1.34873415 0.14600468
v -0.39456165 1.37639888 0.19005568
v 0.05181447 1.21974085 -0.27373501
v 0.04272360 1.21209480 -0.28201140
v -0.05533476 1.21305138 -0.27439898
v -0.18554186 1.22408939 -0.23649772
v -0.23446509 1.22866378 -0.19506823
v -0.24336428 1.22767625 -0.03788777
v -0.23185148 1.22260623 -0.00551212
v 0.03263954 1.19702690 0.01874175
v 0.11204503 1.20041743 -0.11522911
v 0.13121125 1.20243400 -0.16893335
v -0.40529473 1.36870643 0.16201874
v -0.49260849 1.36264992 0.15477467
v -0.41277516 1.41670703 0.19947031
v 0.33855714 1.28361701 -0.55562055
v 0.33242919 1.31452929 -0.57351953
v 0.34448511 1.30233453 -0.58818734
v -0.01494158 1.21082878 -0.29055197
v -0.11614789 1.22319159 -0.26108422
v -0.17220861 1.21307568 -0.25158606
v -0.25637418 1.23374662 -0.12698441
v -0.25945849 1.22677622 -0.12404144
v -0.21599580 1.21908721 0.00773662
v -0.00950810 1.21465451 0.04271409
v 0.12623647 1.21175983 -0.11931414
v 0.12779555 1.20794008 -0.13572276
v 0.09125160 1.22150983 -0.20107614
v 0.08804737 1.20833456 -0.21617840
v 0.09438095 1.22018554 -0.24344584
v 0.07701337 1.21712476 -0.26244959
v -0.03471700 1.20820762 -0.28201328
v -0.19809184 1.23573640 -0.21377379
v -0.23744539 1.23318885 -0.14600257
v 0.09063506 1.20769768 -0.05717962
v 0.10928554 1.21394419 -0.11135027
v 0.13332251 1.20125366 -0.15583866
v 0.12313584 1.20632972 -0.17370918
v 0.09551467 1.20727831 -0.19418623
v -0.41292388 1.35731748 0.15962904
v -0.47224465 1.34756405 0.14044786
v 0.34464655 1.29136915 -0.56616438
v 0.25768489 1.33532441 -0.60182568
v 0.24904220 1.32462037 -0.58583496
v 0.12201861 1.22575648 -0.15960061
v -0.08435858 1.21683965 0.03825167
v 0.09999524 1.20869063 -0.08639559
v -0.48431179 1.36690346 0.14192455
v 0.32390644 1.29693836 -0.54685221
v 0.32668690 1.32471351 -0.58618763
v 0.10136792 1.22564344 -0.23584043
v 0.08588767 1.22679020 -0.24688185
v 0.05971589 1.22823283 -0.26687286
v 0.03667868 1.21815683 -0.28208508
v -0.06033692 1.22920047 -0.26613140
v -0.07344531 1.20604121 -0.27793626
v -0.10959895 1.21852390 -0.26408257
v -0.22598039 1.23438412 -0.15993425
v -0.25301797 1.23966920 -0.12971825
v -0.23103951 1.23796803 -0.05566482
v -0.12881921 1.21423290 0.04837111
v 0.00313225 1.22220370 0.04082152
v 0.06008809 1.21315087 -0.01128815
v 0.09235573 1.22088393 -0.08976690
v -0.44402745 1.35019424 0.14735024
v -0.48259376 1.39417793 0.16116671
v -0.46546929 1.41301639 0.17357214
v 0.31866452 1.28082721 -0.53887854
v 0.24806719 1.32731337 -0.56201519
v 0.09428134 1.22623813 -0.24251972
v 0.07474851 1.22220886 -0.26187821
v -0.15583746 1.23254142 -0.24721092
v -0.22511345 1.23804123 -0.17231310
v -0.11725154 1.21692081 0.04682436
v -0.09692727 1.20919236 0.03839211
v -0.02570490 1.20962267 0.04265823
v 0.07818759 1.20894849 -0.01930690
v 0.13304670 1.21507632 -0.14501520
v 0.09190922 1.22240902 -0.21137355
v -0.40783372 1.38411168 0.15415120
v -0.43084376 1.35822799 0.14595269
v -0.48697314 1.37972659 0.14963771
v 0.32662163 1.30608230 -0.55337915
v 0.25128517 1.33576035 -0.58843614
v 0.25661240 1.30471879 -0.54831636
v 0.01074470 1.22309346 -0.29213068
v -0.03021699 1.22441048 -0.28036640
v -0.07941174 1.22383357 -0.27155759
v -0.08515808 1.22070807 -0.27144084
v -0.21003305 1.23382164 -0.20648580
v -0.18411908 1.21566393 0.02583433
v 0.04159051 1.21234653 0.01078701
v 0.09481079 1.22152723 -0.09640936
v -0.44675549 1.36211573 0.13009957
v -0.47923106 1.38301048 0.12874878
v -0.40475411 1.39969537 0.17390674
v 0.32587453 1.31903560 -0.56526296
v 0.27815366 1.35314731 -0.59265915
v -0.02466888 1.23336225 -0.27910782
v -0.11483390 1.22974756 -0.25926826
v -0.22653624 1.23448009 -0.20463967
v -0.24476148 1.24618081 -0.14362531
v -0.23974174 1.23381118 -0.03891610
v -0.23921454 1.23162506 -0.01948922
v -0.23461417 1.23271416 -0.00834072
v -0.16667260 1.21561173 0.03547324
v -0.07246769 1.20726718 0.03731200
v -0.04279182 1.20685359 0.04292686
v 0.10119269 1.21894024 -0.17950220
v 0.09465137 1.23642932 -0.18543064
v -0.48397284 1.39197937 0.14902813
v -0.44736398 1.42413659 0.17921568
v 0.29091635 1.28208085 -0.51998494
v 0.30665394 1.31704333 -0.53484371
v 0.30470764 1.34415611 -0.58213163
v 0.25969980 1.30348958 -0.53807943
v -0.00639297 1.22588150 -0.29119745
v -0.07558440 1.23347027 -0.26774717
v -0.13835815 1.22853014 -0.25289597
v -0.17206597 1.23750730 -0.23436762
v -0.20298531 1.24723502 -0.21028385
v -0.22131281 1.24303387 -0.15975176
v -0.25935679 1.24168761 -0.11551908
v -0.23226249 1.23735345 -0.07727810
v -0.09602795 1.22629034 0.04270035
v 0.10259249 1.21667170 -0.10721065
v 0.09495058 1.23576499 -0.21015706
v -0.41774279 1.37088269 0.14604575
v -0.47162326 1.37531134 0.12010107
v 0.24983738 1.32059241 -0.54082945
v 0.30459504 1.29085041 -0.52921149
v 0.02995879 1.23128067 -0.27649276
v -0.05234473 1.22763817 -0.26860274
v -0.16402260 1.22807911 -0.24741203
v -0.21510641 1.25459070 -0.21037386
v 0.02162935 1.22295182 0.02880360
v 0.04744479 1.21084845 0.00464793
v 0.05519456 1.21056198 -0.00581140
v 0.08511547 1.21889986 -0.05973747
v 0.12719488 1.22141645 -0.12790331
v 0.13336733 1.22181501 -0.14826933
v 0.10833452 1.21876727 -0.17181103
v 0.10417452 1.23392711 -0.23899681
v -0.42712826 1.42437512 0.18698092
v -0.47977270 1.39574151 0.14353422
v -0.46710899 1.41240107 0.15926422
v -0.41694233 1.41748430 0.18291108
v -0.41033983 1.40477671 0.16411322
v 0.10393673 1.24129024 -0.22325001
v 0.06046974 1.23905342 -0.25441664
v 0.04483190 1.23481779 -0.26921337
v -0.19177302 1.24434000 -0.21426895
v -0.22855746 1.24250673 -0.19938603
v -0.20881998 1.25768106 -0.18047345
v -0.23358821 1.24057212 -0.15053802
v -0.23767693 1.23913552 -0.08824280
v -0.22475747 1.22888165 0.00364757
v -0.12975857 1.22205211 0.04946496
v -0.03841960 1.22465307 0.04728783
v 0.08615658 1.22399420 -0.07126646
v 0.26546126 1.35276367 -0.59162000
v 0.24784320 1.33940160 -0.57126263
v 0.24565442 1.33208329 -0.54748371
v 0.25747022 1.31337313 -0.53061287
v 0.28251843 1.30417809 -0.52127174
v 0.31191759 1.33045348 -0.55007591
v 0.02080603 1.24081018 -0.27489047
v -0.04480880 1.23987718 -0.26349396
v -0.12033051 1.23753816 -0.25576199
v -0.21916523 1.25300188 -0.20080144
v -0.23947180 1.25447694 -0.14947736
v -0.25647979 1.24719051 -0.12522746
v -0.26001741 1.24979354 -0.11455858
v -0.22798141 1.24464984 -0.06468704
v -0.15692454 1.22890162 0.04133450
v -0.06981312 1.23649617 0.04399279
v -0.05773559 1.22661560 0.04456468
v -0.43252667 1.36554392 0.13445934
v -0.45763508 1.36575830 0.12485645
v 0.12842848 1.21977263 -0.15855404
v 0.07531871 1.23973284 -0.24818412
v 0.00680062 1.24038322 -0.27760091
v -0.09192778 1.24507993 -0.26243357
v -0.14910357 1.24099306 -0.24411546
v -0.16960894 1.25167212 -0.22077247
v -0.23065461 1.25180660 -0.00648560
v 0.06931602 1.22482462 -0.01311148
v 0.08359368 1.21189350 -0.02167787
v -0.43906810 1.37057734 0.11562123
v 0.31555500 1.33544687 -0.57137002
v 0.09448891 1.24843085 -0.25101841
v 0.09748723 1.23648734 -0.24487184
v -0.12030022 1.24286003 -0.25278177
v -0.15526064 1.24850641 -0.23471194
v -0.25594860 1.23922255 -0.10741294
v -0.21725948 1.22958856 0.00953326
v 0.04543870 1.22268879 0.00903805
v 0.11829582 1.22445018 -0.10933786
v -0.41447915 1.38443642 0.13854512
v -0.45571925 1.41982729 0.15987269
v -0.44392300 1.42659453 0.15637976
v -0.43553009 1.42677594 0.18093676
v -0.41306672 1.41226291 0.17265866
v -0.41563690 1.41807950 0.15804451
v -0.23622730 1.24573367 -0.01802531
v -0.20352590 1.23417010 0.01853678
v -0.11276469 1.23741751 0.05147713
v 0.13010307 1.24024712 -0.13848314
v 0.10308532 1.24061847 -0.16161430
v 0.03772914 1.24610922 -0.26225171
v -0.02625641 1.24604248 -0.26830265
v -0.06587680 1.24339137 -0.25640633
v -0.24799982 1.26889931 -0.14084412
v 0.25361934 1.34811026 -0.58146731
v 0.24479943 1.35569347 -0.56424451
v 0.25656149 1.32241265 -0.52185616
v 0.31261244 1.32147792 -0.54336080
v -0.42551648 1.37473133 0.13113976
v 0.10061339 1.25455132 -0.25037896
v 0.07880127 1.25479974 -0.25693816
v 0.05926731 1.24838990 -0.25296504
v -0.00987194 1.24435909 -0.27276616
v -0.10344137 1.24096723 -0.26231979
v -0.17034343 1.25830541 -0.21792903
v -0.19589982 1.26597365 -0.21510173
v -0.24818793 1.25118507 -0.14056982
v -0.25749155 1.25676372 -0.10953858
v -0.22715156 1.25571385 -0.06450348
v -0.12651658 1.24039562 0.05268404
v -0.01176977 1.24023035 0.04889879
v 0.25752198 1.36109667 -0.57913307
v 0.27306039 1.31918854 -0.51731516
v 0.29187915 1.35074867 -0.58970250
v 0.10482383 1.25400834 -0.24323572
v 0.06180487 1.25471259 -0.25497873
v -0.03161701 1.25251488 -0.26256963
v -0.04908691 1.24608638 -0.25905901
v -0.12618723 1.24822600 -0.24292744
v -0.14167124 1.24919611 -0.23947520
v -0.15661069 1.25603019 -0.22291398
v -0.21022005 1.26645815 -0.16224966
v -0.23309984 1.26540254 -0.15385751
v -0.22453055 1.24958296 0.00126930
v 0.07770005 1.23183619 -0.01591352
v 0.07803161 1.23372781 -0.05518984
v -0.19925268 1.25781268 -0.21173940
v -0.48074623 1.39574232 0.13523800
v 0.24254469 1.34559179 -0.55587150
v 0.28842484 1.31700250 -0.52252939
v 0.13050632 1.23725222 -0.12831830
v 0.09462592 1.24567540 -0.19342888
v 0.10035655 1.25503148 -0.19525545
v 0.02344198 1.25580813 -0.26309270
v -0.01278932 1.25508171 -0.26356037
v -0.21770793 1.26524623 -0.15646954
v -0.19401443 1.24655970 0.02397175
v 0.03459491 1.22592314 0.01673762
v 0.12276681 1.23135482 -0.11378304
v -0.18277443 1.26072559 -0.20658709
v -0.19292593 1.25969316 -0.20692345
v -0.41174995 1.39983071 0.14246848
v -0.41622699 1.38926493 0.12468626
v 0.24673246 1.36674450 -0.56489790
v 0.26922278 1.32932937 -0.51130312
v 0.27043099 1.35912325 -0.58786853
v -0.19844573 1.26804131 -0.21384651
v -0.23203325 1.24426524 -0.07946242
v -0.04383239 1.24124607 0.05039887
v 0.00616195 1.24437354 0.04203037
v 0.01461760 1.23446805 0.03497210
v 0.02471054 1.24558858 0.02459553
v 0.09698417 1.24246743 -0.17313789
v -0.43385694 1.37692577 0.09972503
v 0.10905311 1.25777337 -0.21060133
v 0.01922199 1.25909972 -0.26182787
v -0.06467215 1.25039060 -0.25736245
v -0.08843448 1.25574400 -0.25535142
v -0.11070785 1.24695479 -0.25257163
v -0.11105076 1.25361102 -0.23396720
v -0.19809251 1.26671538 -0.18265928
v -0.08863426 1.24941410 0.04823408
v -0.08252163 1.23585636 0.04313211
v 0.08499775 1.22420890 -0.03584262
v 0.09850061 1.23669366 -0.10045353
v 0.11312826 1.24306281 -0.10288818
v 0.03417198 1.26037288 -0.25716685
v -0.00677073 1.25933822 -0.26264863
v -0.01280437 1.26097669 -0.26634619
v -0.14035873 1.25804065 -0.22431759
v -0.46454636 1.37414701 0.11061075
v -0.47109789 1.41368589 0.13635228
v 0.24635418 1.32774914 -0.52595940
v 0.27850572 1.32851160 -0.51326031
v -0.20253390 1.26560843 -0.20738870
v -0.22422980 1.25719789 -0.04437714
v -0.23527307 1.24693081 -0.02667418
v -0.15278895 1.25307227 0.04329772
v -0.02157651 1.23442293 0.04878773
v 0.09343659 1.24754933 -0.18148621
v 0.09851271 1.27321472 -0.25338631
v -0.45709845 1.37765974 0.09236562
v -0.46293448 1.42028827 0.14466487
v 0.23327897 1.35701793 -0.54556618
v 0.23432771 1.34368089 -0.52792168
v 0.25436383 1.33269119 -0.51244278
v 0.29823042 1.31686136 -0.52951205
v 0.05749104 1.27296984 -0.26618400
v 0.01686127 1.26539076 -0.26040643
v -0.04860812 1.26329643 -0.26744576
v -0.07944903 1.25796347 -0.25558658
v -0.11564890 1.25979932 -0.22433602
v -0.14575029 1.26687986 -0.21592701
v -0.22860489 1.27561830 -0.06069783
v -0.22668517 1.25338243 -0.03793154
v -0.20774077 1.25251409 0.01693278
v 0.08944688 1.24104305 -0.09163776
v 0.12874097 1.24534578 -0.11971589
v -0.40928866 1.40658079 0.13141084
v 0.23607588 1.36433414 -0.55396459
v 0.24001054 1.34520623 -0.50704094
v 0.30680520 1.34264501 -0.55894958
v 0.09543765 1.25650753 -0.16318863
v 0.06109031 1.27959543 -0.27184707
v 0.03385824 1.27048643 -0.25878294
v -0.01287730 1.27306025 -0.27835612
v -0.03418257 1.26944177 -0.26803482
v -0.06119300 1.26518126 -0.25915969
v -0.07124507 1.26779974 -0.25317046
v -0.09459447 1.25762761 -0.23625556
v -0.12009147 1.26664722 -0.22067041
v -0.19333429 1.27354922 -0.17581191
v -0.16842711 1.24649936 0.03577887
v -0.00335103 1.23942259 0.04661276
v 0.03918850 1.24023416 0.01549281
v 0.07132584 1.24830045 -0.00858905
v 0.08244702 1.23254346 -0.02614464
v 0.07706489 1.25315391 -0.02984006
v 0.07699664 1.24300078 -0.06504302
v 0.12961564 1.25110150 -0.12227956
v -0.42511524 1.38018677 0.11241575
v -0.46474295 1.38281544 0.09209587
v -0.47585070 1.39304487 0.11726718
v -0.47639913 1.40965413 0.12276905
v -0.43364627 1.42935108 0.15503430
v -0.41349760 1.41516713 0.15121843
v 0.26210865 1.37425080 -0.57529301
v 0.22647353 1.35439646 -0.52094472
v 0.23041750 1.35144831 -0.50889219
v 0.28057757 1.36415840 -0.57816091
v 0.01492385 1.27072961 -0.26401308
v -0.05736734 1.26893585 -0.25210115
v -0.07715164 1.26422120 -0.24964771
v -0.07476405 1.26810468 -0.23481596
v -0.08978836 1.26172251 -0.23118379
v -0.16234395 1.27012361 -0.20966264
v -0.18000896 1.26728310 -0.20871384
v -0.18200589 1.27464432 -0.21928564
v -0.24890799 1.27550217 -0.11342361
v -0.25138288 1.27343088 -0.09820775
v -0.22767201 1.26371799 -0.00753634
v -0.10649672 1.25214959 0.05494807
v 0.07780504 1.25214560 -0.07148287
v 0.12077961 1.25158552 -0.10513410
v 0.29307159 1.35503288 -0.57421186
v 0.10879320 1.26130352 -0.22472735
v 0.08921318 1.28403894 -0.26547903
v 0.09061346 1.26636184 -0.26173753
v -0.00308928 1.27258713 -0.27603822
v -0.16225990 1.27373273 -0.21190085
v -0.24474196 1.28095276 -0.13859300
v -0.22121087 1.27891028 -0.00943445
v 0.05469864 1.23712492 0.00005260
v 0.23645012 1.37271972 -0.55508446
v 0.28130289 1.34044115 -0.51115327
v 0.27318174 1.37661113 -0.56758473
v -0.47241495 1.38664437 0.10944510
v 0.07885031 1.27122071 -0.26738231
v -0.01360282 1.27638120 -0.27469826
v -0.06826186 1.26919041 -0.23829802
v -0.09734964 1.26729377 -0.22665551
v -0.14154521 1.27285464 -0.21304553
v -0.16752806 1.27983594 -0.22266473
v -0.17073494 1.28685394 -0.22187806
v -0.18070439 1.28029351 -0.19722626
v -0.24509876 1.26408158 -0.08124980
v -0.12661131 1.24894123 0.05286069
v 0.07764296 1.25057910 -0.01455373
v 0.12558187 1.25667870 -0.11121786
v 0.12806593 1.25916034 -0.12412082
v 0.21673411 1.36488062 -0.50598810
v 0.29473182 1.33410858 -0.52461812
v 0.29097997 1.35832901 -0.52957024
v 0.12348772 1.26100084 -0.13457152
v 0.10625290 1.27271547 -0.23490943
v 0.03112867 1.27522526 -0.26344986
v 0.01875231 1.28777171 -0.28103696
v -0.03289790 1.27525773 -0.25604746
v -0.17121215 1.28394757 -0.22654267
v -0.23865822 1.27781952 -0.15462726
v -0.25086903 1.26498971 -0.08977035
v -0.22146477 1.26948226 -0.04675185
v -0.11555393 1.25394097 0.05601510
v 0.04402052 1.24024926 0.01171357
v 0.09498905 1.25398982 -0.09277809
v -0.47145998 1.41610477 0.12203998
v -0.45426457 1.43005512 0.13119611
v 0.29834566 1.33985520 -0.53082702
v 0.29057857 1.36254222 -0.54729318
v -0.41432812 1.39406241 0.08936472
v -0.41915559 1.38857400 0.08584475
v -0.44758096 1.37887971 0.08507711
v -0.41465221 1.42724573 0.13351781
v 0.11349100 1.27486002 -0.20197725
v 0.00273110 1.28204570 -0.28065045
v 0.00400155 1.28993287 -0.27734228
v -0.05972611 1.27519606 -0.23957461
v -0.08202080 1.27526336 -0.23599002
v -0.10799264 1.27230743 -0.22424814
v -0.12153804 1.27702150 -0.21690736
v -0.13302287 1.28422133 -0.21820503
v -0.19212868 1.27891679 -0.17121444
v -0.22619562 1.28249704 -0.16029000
v -0.24323685 1.27927837 -0.07288974
v -0.16751139 1.26180529 0.03704062
v -0.07593593 1.24870195 0.04709405
v 0.04932140 1.25671754 0.00829813
v 0.07142536 1.25464726 -0.05234955
v 0.08366103 1.25619795 -0.08109431
v 0.09594681 1.27403506 -0.15512726
v 0.22199383 1.36511294 -0.53011473
v -0.45445571 1.38311187 0.07030476
v 0.07151400 1.28810682 -0.27555804
v -0.01652048 1.28096052 -0.25971067
v -0.10724315 1.28056917 -0.22388290
v -0.14938566 1.28701677 -0.22458646
v -0.17314651 1.28905867 -0.19344263
v -0.18774486 1.26092945 0.02905588
v -0.08550102 1.26380068 0.05001875
v 0.01714121 1.26559929 0.03214021
v 0.11888237 1.24879927 -0.14743127
v 0.09677354 1.26541004 -0.15539589
v 0.23314620 1.39048769 -0.54946963
v 0.10226055 1.28117223 -0.14200140
v 0.11512703 1.28438684 -0.20668917
v -0.02762176 1.28216712 -0.25262682
v -0.20720481 1.27636558 -0.16095393
v -0.24194398 1.28716146 -0.14783180
v 0.03993236 1.26120776 0.01838258
v 0.11380378 1.25655698 -0.09978047
v -0.42538943 1.38550509 0.07938592
v -0.43774384 1.38227886 0.07016635
v -0.46062097 1.42720121 0.12944656
v 0.25366216 1.37889491 -0.56688218
v 0.26196479 1.36116904 -0.49307742
v -0.47237423 1.39882446 0.10043767
v -0.46850315 1.42129993 0.11412562
v -0.43865679 1.43225837 0.14255449
v -0.42321116 1.42589701 0.15545493
v 0.03643077 1.29476933 -0.28135272
v -0.15096849 1.29408845 -0.23221740
v -0.21936189 1.27298004 -0.02972113
v -0.20469793 1.27014241 0.02125580
v -0.06995839 1.26268200 0.04942994
v 0.05728329 1.25119741 -0.00002256
v 0.12242911 1.27642305 -0.10094119
v 0.21243980 1.37049519 -0.51173259
v 0.28601275 1.36122420 -0.51511149
v 0.26426355 1.38517305 -0.56027669
v 0.10239987 1.26300173 -0.14994954
v 0.11100774 1.27207885 -0.19287071
v 0.10635628 1.28321349 -0.23178733
v -0.01307667 1.29015994 -0.25577884
v -0.06208911 1.28110567 -0.24034317
v -0.11539261 1.28773621 -0.22405861
v -0.13735467 1.29361572 -0.22978064
v -0.16168955 1.30419867 -0.22326657
v -0.19983603 1.29241507 -0.16796572
v -0.23891457 1.30271971 -0.14315832
v -0.24927088 1.28384654 -0.08717187
v -0.14424194 1.26448785 0.04633767
v -0.00516800 1.26324592 0.05123971
v 0.08757666 1.26704374 -0.08296611
v 0.12567828 1.27616946 -0.11132586
v -0.42544444 1.43289661 0.13529476
v 0.24547104 1.35332147 -0.49614790
v 0.27964939 1.38008200 -0.53887057
v -0.40840185 1.41978800 0.12625147
v -0.40815894 1.40522608 0.10384952
v -0.46118304 1.39571612 0.06028865
v -0.45904232 1.43147979 0.10850055
v -0.07858754 1.28690004 -0.24174751
v -0.10132699 1.28577583 -0.22977328
v -0.22252918 1.29547352 -0.16502994
v -0.24306652 1.28823108 -0.11708683
v -0.21447955 1.26895310 0.01385734
v -0.11812396 1.27192744 0.05644620
v -0.00052791 1.27110081 0.04969361
v 0.06995453 1.26198802 -0.00343260
v 0.21991471 1.37852427 -0.53747523
v 0.28046108 1.37432016 -0.56174209
v -0.46582560 1.39389788 0.07795151
v 0.05419513 1.29677958 -0.28096894
v 0.02007539 1.29748622 -0.28270568
v -0.00401648 1.29342485 -0.26117024
v -0.04142869 1.29403021 -0.25074533
v -0.03235751 1.26224663 0.05216089
v 0.12496779 1.27303898 -0.12251074
v 0.20702864 1.38208495 -0.51367390
v 0.20779904 1.37617699 -0.50294936
v 0.11508718 1.27003169 -0.13817366
v 0.07915805 1.29450167 -0.27500546
v 0.03620000 1.30875811 -0.28142964
v 0.01234948 1.29775049 -0.28109053
v 0.07798076 1.25829556 -0.02005465
v -0.40893258 1.42871228 0.11375844
v 0.24909576 1.39573515 -0.55381079
v 0.21068129 1.38445476 -0.52547363
v 0.22628166 1.36245469 -0.49498304
v -0.40568704 1.41381409 0.10685402
v -0.42178422 1.39348789 0.04731687
v -0.44557661 1.38678440 0.05398675
v -0.42946707 1.43876072 0.11993017
v 0.08015218 1.30802728 -0.27157236
v 0.05655464 1.30464457 -0.28080181
v -0.10194709 1.30414721 -0.24146584
v -0.11050924 1.29706167 -0.23495410
v -0.12889058 1.29882337 -0.23569692
v -0.18797609 1.29626337 -0.17269503
v -0.22111642 1.28843701 -0.04383519
v -0.22049972 1.27689327 0.00600103
v -0.18374058 1.27075526 0.03082902
v -0.12330394 1.26961341 0.05536058
v 0.02369744 1.26484655 0.02644242
v 0.11700679 1.27904432 -0.09420939
v 0.09882740 1.29072150 -0.24309177
v -0.14206158 1.30513570 -0.23798138
v -0.16219034 1.29317376 -0.23131295
v -0.24407185 1.29868794 -0.07037943
v -0.23993300 1.29238179 -0.06261277
v -0.21777677 1.29907734 -0.03608656
v 0.01062579 1.25543279 0.03896738
v 0.07584731 1.26498948 -0.00813313
v 0.07679901 1.27382288 -0.06670951
v 0.09650761 1.27460559 -0.08920803
v -0.43024619 1.39544101 0.02884529
v 0.22279281 1.38823043 -0.54195586
v 0.22920532 1.37148524 -0.48250504
v 0.24967152 1.36104845 -0.49089785
v 0.28529308 1.37159738 -0.53305660
v 0.10895241 1.29251137 -0.22011060
v -0.00569800 1.30863470 -0.25056510
v -0.05970980 1.30082836 -0.24892553
v -0.08506014 1.30288861 -0.24558457
v -0.24090135 1.29873903 -0.11746786
v -0.21115753 1.29857510 0.00757409
v -0.19980295 1.28730641 0.02431699
v -0.18305234 1.29781801 0.03493332
v -0.15878802 1.28510739 0.04104006
v 0.03589117 1.28913165 0.02553881
v 0.12398146 1.28370065 -0.11627512
v 0.20736056 1.37762095 -0.49253222
v 0.27133014 1.36788625 -0.49491402
v -0.45292362 1.39213273 0.04448976
v -0.46748521 1.41475102 0.07291455
v -0.46993770 1.41666571 0.09606578
v 0.00190677 1.30514581 -0.26139572
v -0.14930908 1.31128434 -0.23468863
v -0.17797042 1.30312641 -0.18111584
v -0.18702936 1.31961429 -0.17571777
v -0.23172501 1.29900467 -0.16117254
v -0.23329480 1.32008851 -0.15545667
v -0.21494856 1.28794909 -0.02413466
v -0.06577424 1.27358007 0.05274254
v -0.02160980 1.26957292 0.05406493
v 0.07106474 1.27341606 -0.00025531
v 0.06973040 1.27882953 -0.04840555
v 0.10980507 1.28414095 -0.08951498
v 0.21406895 1.37256468 -0.49199593
v 0.21071769 1.38941637 -0.46689181
v -0.40150282 1.42359115 0.07945592
v -0.41660351 1.43962147 0.10848583
v 0.11721108 1.29742235 -0.19107404
v 0.11479205 1.29581517 -0.20682759
v -0.01821381 1.29463910 -0.25262093
v -0.04649725 1.30795724 -0.25077520
v -0.21589246 1.30720158 -0.16814632
v -0.23524994 1.31887943 -0.13293635
v -0.07621843 1.28341421 0.05462656
v -0.01547416 1.28108163 0.05612562
v 0.04409626 1.27274773 0.01783317
v 0.07019056 1.27417967 -0.03843201
v 0.12453402 1.28950627 -0.10617526
v 0.11886559 1.27662585 -0.13125813
v 0.20923177 1.40494857 -0.52791339
v 0.19742381 1.38967122 -0.49475357
v -0.45660027 1.40480605 0.02924597
v -0.46413344 1.40728557 0.05789611
v 0.11654514 1.30278157 -0.18155851
v 0.09461229 1.30975440 -0.23613585
v 0.08625909 1.30292290 -0.26286207
v 0.01528360 1.30335221 -0.28093877
v -0.11870966 1.31450198 -0.24273610
v -0.17223468 1.30959218 -0.18421936
v -0.23623639 1.30313558 -0.05202374
v -0.21263011 1.30238069 -0.02281375
v -0.00598126 1.29397834 0.05458328
v 0.00419720 1.28570557 0.04692036
v 0.05410339 1.27328077 0.00842074
v 0.07563476 1.28023824 -0.00573852
v 0.07573588 1.27900467 -0.01522601
v 0.09705242 1.29079033 -0.08326622
v 0.10254113 1.30027596 -0.13321229
v 0.09765250 1.28951505 -0.14808484
v 0.20711922 1.39753441 -0.52564802
v -0.40274987 1.41163204 0.04581401
v 0.10132102 1.32810634 -0.21223236
v 0.08374562 1.31083584 -0.26355752
v -0.09149783 1.30962682 -0.24630072
v -0.19462107 1.30327750 -0.17084003
v -0.21112782 1.30047921 -0.01330701
v 0.07247456 1.26373653 -0.06310565
v 0.19828144 1.39928311 -0.51178061
v 0.25939191 1.38773352 -0.47753102
v 0.28181089 1.36174105 -0.50690173
v -0.44933134 1.39742461 0.02812276
v -0.46087640 1.40636844 0.04077530
v -0.46677339 1.42468625 0.09520381
v -0.40490626 1.42799551 0.10200275
v 0.11461339 1.30698316 -0.20215320
v 0.06979316 1.33580778 -0.27078991
v 0.03812644 1.32315826 -0.27747761
v 0.02383990 1.30939155 -0.28117436
v -0.12651135 1.32423600 -0.23964682
v -0.16749769 1.29675230 -0.20247195
v -0.20816542 1.29568027 0.01651768
v -0.05060876 1.26656973 0.05289067
v -0.01581104 1.30742560 -0.24955966
v -0.04145954 1.31404297 -0.25080126
v -0.08776451 1.31493772 -0.24760020
v -0.20620816 1.33307024 -0.17236368
v -0.24043056 1.31320525 -0.08250349
v -0.23707859 1.31209765 -0.05821549
v 0.05950121 1.27110500 0.00390019
v 0.09215268 1.28432576 -0.08133385
v -0.45356622 1.43783380 0.10312869
v -0.44181081 1.44127728 0.10942375
v 0.24528908 1.41126450 -0.53956876
v 0.19056543 1.39614112 -0.47755164
v 0.20258574 1.38885039 -0.47273031
v 0.25107634 1.38159883 -0.47604490
v 0.11038955 1.30004181 -0.12815634
v 0.11749597 1.31185118 -0.19260148
v -0.22781656 1.32409037 -0.16365188
v -0.21150043 1.30094582 -0.00077835
v -0.40689961 1.40582045 0.08130660
v 0.27128859 1.38312114 -0.49003013
v 0.27220428 1.38732188 -0.54513840
v 0.06919175 1.30480531 -0.27803849
v -0.00846976 1.32392108 -0.24204863
v -0.08625002 1.32626399 -0.24583306
v -0.23003130 1.31318362 -0.04354742
v -0.10429263 1.27219023 0.05565368
v -0.41133061 1.40147938 0.04481493
v -0.44251695 1.39611361 0.02619200
v 0.23694329 1.40124071 -0.54737132
v -0.46457583 1.43241047 0.07282006
v 0.27938239 1.38274820 -0.51267553
v 0.27161332 1.40169054 -0.51071298
v -0.39997409 1.42042618 0.06013247
v -0.46377161 1.41768340 0.04215072
v 0.08541992 1.32532058 -0.24795436
v -0.01683762 1.32009082 -0.24431172
v -0.04471070 1.32358028 -0.24713138
v -0.16612490 1.31177087 -0.19053915
v -0.21926243 1.32930713 -0.16960784
v -0.23820743 1.32160010 -0.07167983
v -0.21419967 1.31217410 -0.03064781
v 0.01602581 1.28729137 0.03588346
v 0.11943460 1.29039980 -0.12239320
v 0.26303053 1.40381374 -0.53429146
v -0.41067561 1.40553023 0.02006740
v -0.44995997 1.40759744 0.00874785
v -0.40251181 1.43776770 0.08066650
v 0.10360604 1.31134243 -0.15840115
v 0.11392628 1.31378383 -0.16942383
v 0.11905207 1.31914295 -0.17995733
v 0.02138304 1.33596974 -0.27078671
v -0.24071316 1.31945753 -0.10172873
v -0.18697134 1.31061192 0.03415441
v -0.03368523 1.30534895 0.05780797
v 0.12183353 1.28913358 -0.09712700
v 0.12088995 1.31160198 -0.10810410
v 0.09878472 1.31035175 -0.13214015
v 0.21488170 1.40942505 -0.53184390
v -0.43583765 1.40448342 0.00104838
v -0.40817705 1.44223973 0.09417303
v 0.00920401 1.31338132 -0.27098619
v -0.05452189 1.33431805 -0.24270331
v -0.15258187 1.31871537 -0.22784968
v -0.15310645 1.32617781 -0.22120336
v -0.14475313 1.29275206 0.04616993
v -0.08123688 1.29256523 0.05675890
v -0.04863810 1.32139422 0.05920681
v 0.02060826 1.28083714 0.03125794
v 0.07074550 1.29364550 0.00412785
v 0.07393988 1.30083972 0.00139466
v 0.11242233 1.30091791 -0.08693942
v 0.19577522 1.39971782 -0.45820614
v 0.22272754 1.38620193 -0.46828111
v 0.23393879 1.38572198 -0.46979131
v 0.24863375 1.39265840 -0.46662734
v 0.26534820 1.41033507 -0.51988113
v 0.10079896 1.30628753 -0.22542158
v -0.06751029 1.32963520 -0.24543623
v -0.17415905 1.32684038 -0.17883885
v -0.22674413 1.33554133 -0.16244972
v -0.23925585 1.32610604 -0.11239040
v -0.23399477 1.32248048 -0.04969606
v -0.19977222 1.31877932 0.01864680
v 0.08771101 1.29847532 -0.07261039
v 0.12154035 1.31034677 -0.09360542
v -0.39292752 1.43019093 0.03525697
v -0.40250162 1.41248833 0.01999629
v -0.46554947 1.42037296 0.05712881
v -0.43746222 1.45156198 0.09241735
v 0.08787424 1.33278713 -0.23499541
v 0.07177870 1.34647150 -0.26436177
v -0.15479027 1.33081181 -0.21114802
v -0.19064455 1.33253061 -0.17499867
v -0.19640689 1.30709712 0.02726177
v -0.12305771 1.28641007 0.05593446
v -0.01332338 1.29126369 0.05679231
v 0.09088927 1.31135045 -0.07062271
v 0.11795083 1.30759841 -0.08812772
v 0.11480323 1.31999830 -0.19347945
v 0.10423794 1.32953577 -0.20569684
v -0.00431031 1.32625400 -0.24617947
v -0.21626281 1.34328537 -0.17009030
v -0.10571965 1.29652072 0.06036817
v 0.05661412 1.29802141 0.01277645
v 0.06953402 1.29930591 -0.03696425
v 0.07125660 1.29778794 -0.05078799
v -0.45950566 1.41434812 0.02509565
v -0.46553164 1.43279402 0.06204469
v 0.17445645 1.43703555 -0.48352363
v 0.18075375 1.41834312 -0.48806590
v 0.18398171 1.40554743 -0.47286884
v 0.18993881 1.40014428 -0.46625297
v 0.21580877 1.39704029 -0.45632805
v 0.25455271 1.40429327 -0.54213069
v -0.39627334 1.43042497 0.05258785
v -0.45667557 1.44706453 0.07235449
v -0.42829475 1.44738654 0.09988979
v 0.05760348 1.33720509 -0.27325779
v -0.02843283 1.32493440 -0.24305265
v -0.22973119 1.33695061 -0.14641454
v -0.05697894 1.28967714 0.05533064
v 0.18746060 1.41758042 -0.50179780
v 0.27221440 1.39161578 -0.49125319
v -0.41989876 1.40313765 0.01247408
v -0.46426717 1.43951521 0.04700503
v -0.42122751 1.45864927 0.08190970
v -0.41393690 1.45107473 0.08918903
v 0.10306362 1.33033174 -0.14448319
v 0.11520036 1.33754310 -0.15444196
v 0.07738776 1.34249137 -0.25622890
v -0.23816799 1.35141921 -0.09240887
v -0.20087601 1.32178278 0.00884171
v -0.00037434 1.29986188 0.05191358
v 0.12251326 1.32639260 -0.09740856
v 0.21926686 1.42554606 -0.52821140
v 0.20640713 1.42455112 -0.52215187
v 0.18426547 1.40819675 -0.48439975
v 0.22851066 1.40235500 -0.45238973
v -0.45654152 1.44263582 0.08377854
v -0.02292941 1.33627630 -0.23261891
v -0.11529908 1.32610570 -0.24197890
v -0.15791478 1.34555661 -0.18468605
v -0.23410661 1.34533675 -0.12783147
v -0.24097625 1.33127763 -0.08062963
v -0.17941276 1.31485125 0.03875716
v 0.07072633 1.31695925 -0.02428407
v 0.11652574 1.31740594 -0.08300577
v 0.10403287 1.31736739 -0.12606968
v 0.22337757 1.43228067 -0.52600381
v 0.17854045 1.41559013 -0.44093408
v 0.08654953 1.35359276 -0.22318189
v -0.17549332 1.34961638 -0.17423821
v -0.08132351 1.31542360 0.06031967
v 0.05256596 1.29061679 0.01359703
v 0.07719529 1.30497430 -0.06235109
v 0.17935886 1.41130947 -0.46002972
v -0.44694264 1.41597043 -0.01265085
v -0.45417980 1.42380117 -0.00403426
v -0.46042562 1.42845359 0.01376936
v -0.46434091 1.44454783 0.04262550
v -0.39733479 1.44208944 0.05980048
v 0.04864065 1.35910141 -0.26713888
v -0.13629554 1.34012919 -0.23037941
v -0.14452522 1.35189335 -0.21416068
v -0.16020598 1.30698070 0.04157281
v -0.12974358 1.30538953 0.05255002
v 0.05343200 1.31306958 0.01932434
v 0.07169623 1.29927794 -0.02185243
v 0.19089296 1.42433791 -0.50801439
v 0.17037886 1.42317508 -0.43783755
v 0.24332184 1.40126577 -0.45821682
v 0.26343402 1.40045282 -0.47762491
v 0.24632883 1.43103986 -0.52078791
v -0.44096863 1.41016856 -0.01264459
v -0.44353881 1.45417721 0.08387531
v 0.11790207 1.33391054 -0.16504951
v 0.05921129 1.35727969 -0.26738519
v 0.03170334 1.34397071 -0.27009291
v -0.09788559 1.35136794 -0.23446307
v -0.14227632 1.34224307 -0.22544807
v -0.15564654 1.34182901 -0.19177194
v -0.23316276 1.33841318 -0.04414244
v -0.20631004 1.32433638 -0.01812560
v -0.20267688 1.32062544 -0.00558634
v 0.07518189 1.29949698 -0.00578186
v 0.11933449 1.32956418 -0.10373807
v 0.10507062 1.33355274 -0.11774432
v 0.20096931 1.40113304 -0.45240397
v 0.27225932 1.39839157 -0.49757173
v -0.40479328 1.45139971 0.07118948
v 0.08128801 1.34382353 -0.24136193
v 0.01409960 1.34734875 -0.26228961
v -0.07644645 1.34934396 -0.23654716
v -0.08960710 1.35881064 -0.23229103
v -0.12483156 1.35340488 -0.22811559
v -0.18975231 1.32924857 0.03001233
v -0.01875279 1.29255451 0.05724667
v 0.07082409 1.32172838 -0.03054657
v 0.08199965 1.33135831 -0.05764822
v 0.17181050 1.45571954 -0.47982700
v -0.45646770 1.45930534 0.04644799
v -0.44774116 1.45909096 0.07042174
v -0.40021544 1.45295827 0.05970578
v -0.39095156 1.44620263 0.04209407
v 0.11902500 1.33312062 -0.17744146
v 0.11593585 1.33727180 -0.18664838
v 0.09587956 1.34553337 -0.21140529
v -0.01866529 1.34804658 -0.22575811
v -0.24096517 1.33901712 -0.07677655
v -0.23773692 1.34259874 -0.05444379
v -0.14243665 1.32050071 0.04690798
v -0.05704903 1.33066589 0.06016099
v 0.08765289 1.33454113 -0.06297509
v 0.12130931 1.32921578 -0.08623297
v 0.11334927 1.32730903 -0.11277143
v 0.20198859 1.44228954 -0.51324273
v 0.18631825 1.42151873 -0.41991005
v 0.26604735 1.40796772 -0.48459987
v 0.25506702 1.42228814 -0.52059185
v 0.00135845 1.35021200 -0.25102360
v -0.04426036 1.33713052 -0.23824866
v -0.05983161 1.34859761 -0.23487957
v -0.22385493 1.35575557 -0.16146470
v -0.03613600 1.32736874 0.06041971
v 0.06656426 1.30024993 0.00850778
v -0.38789735 1.44369957 0.03039519
v -0.44843593 1.43320869 -0.03055108
v 0.19104006 1.44966071 -0.50300741
v 0.17561313 1.42461398 -0.42054005
v 0.20678731 1.40680870 -0.44268316
v 0.06812788 1.37289127 -0.23889892
v 0.02201330 1.36078361 -0.26161793
v -0.14122476 1.36820304 -0.20634363
v -0.14977806 1.34734221 -0.20472418
v -0.20635812 1.36473393 -0.16994994
v -0.23505129 1.36008363 -0.10242842
v -0.23333421 1.35191327 -0.04185185
v 0.03860727 1.29721903 0.02601935
v 0.10067235 1.32244249 -0.07529429
v 0.11680772 1.32850584 -0.07844231
v -0.42947229 1.41201741 -0.02181112
v 0.20438543 1.41882266 -0.42583124
v 0.07461872 1.35643416 -0.24856076
v 0.06264586 1.36526130 -0.26352046
v 0.04262084 1.34548279 -0.27096934
v -0.00309596 1.34891081 -0.24495099
v -0.06653046 1.36076523 -0.22957470
v -0.23069629 1.37762636 -0.14019670
v -0.19611658 1.33738056 -0.00253690
v -0.19156162 1.33981073 0.01625442
v 0.02412421 1.30547576 0.03441283
v -0.39422277 1.42238117 0.01674137
v -0.40758697 1.41624293 -0.02710935
v -0.41771249 1.41254119 -0.02209066
v -0.43967296 1.46975941 0.06114971
v -0.42932044 1.46428053 0.07388849
v 0.16883615 1.42563232 -0.45364300
v 0.26820931 1.41062174 -0.50523239
v 0.08121553 1.35709974 -0.22768557
v 0.00757239 1.35374742 -0.25566325
v -0.20767856 1.33664932 -0.02046088
v 0.01093177 1.31451193 0.04451305
v 0.07404719 1.32099775 0.00783197
v 0.07306337 1.32435648 -0.03865942
v -0.39489246 1.42195228 -0.03210680
v -0.43958015 1.43193704 -0.04838533
v -0.46121414 1.46150094 0.02175190
v -0.41147189 1.46131362 0.06932691
v 0.16017564 1.43756791 -0.42769196
v 0.10295137 1.33613833 -0.12161211
v 0.10045181 1.35671391 -0.19874060
v -0.14836458 1.36385345 -0.18720008
v -0.22635248 1.34678213 -0.15693737
v -0.17600629 1.33076381 0.04147687
v 0.05042838 1.33287553 0.02586948
v 0.10095198 1.34017745 -0.06783714
v -0.38703624 1.42865506 -0.04191042
v -0.45649031 1.44978934 -0.01829307
v -0.46237693 1.44343427 0.01544268
v 0.16688029 1.43950133 -0.46840807
v 0.25265484 1.40640209 -0.46230792
v 0.25831322 1.43228484 -0.49734284
v 0.23249859 1.43261035 -0.52475727
v 0.10569930 1.34401471 -0.13851462
v 0.12063206 1.35526462 -0.15794820
v 0.09547447 1.36576332 -0.20391865
v -0.03167756 1.35103649 -0.22249611
v -0.23228099 1.37114012 -0.11951317
v -0.16329812 1.32950901 0.04440087
v -0.09546421 1.31978230 0.06122083
v 0.03960577 1.32759310 0.03167446
v 0.06950978 1.33457188 0.01760792
v -0.38174582 1.43576925 -0.01033023
v -0.38716827 1.42726903 -0.01153525
v -0.41894691 1.42204070 -0.05013773
v -0.43427344 1.42127308 -0.04090481
v -0.39411996 1.45558869 0.04695907
v 0.20990898 1.45388632 -0.50976139
v 0.16117726 1.44454266 -0.45313015
v 0.16477283 1.43318755 -0.41833567
v 0.22971167 1.41370957 -0.44041254
v -0.39955147 1.42368678 -0.04988199
v -0.45544025 1.45435063 0.06280540
v 0.07346951 1.36471563 -0.23411238
v -0.00986942 1.34671819 -0.23464577
v -0.11067150 1.36825923 -0.22498920
v -0.23562101 1.37215721 -0.09042830
v -0.11943765 1.31803087 0.05704227
v -0.11475954 1.33351225 0.05858225
v 0.12418590 1.34814356 -0.08669290
v 0.23139405 1.45775659 -0.50388294
v -0.37758952 1.44621477 -0.00876700
v -0.42029826 1.47776372 0.05182721
v -0.40119632 1.46643076 0.05117777
v 0.12002222 1.35389029 -0.16625524
v 0.10780016 1.36475303 -0.18432697
v 0.08783413 1.36580415 -0.22151590
v -0.02962433 1.36007425 -0.21607869
v -0.00274335 1.31957039 0.05537747
v 0.10894559 1.34635285 -0.10980684
v 0.24189541 1.41325573 -0.44800095
v 0.25725744 1.41482039 -0.46546523
v -0.38932205 1.42443842 -0.02390270
v -0.45963546 1.45958369 0.00186454
v 0.10382966 1.38442946 -0.18815253
v 0.06476511 1.37225553 -0.25753678
v -0.00880362 1.36620686 -0.23480738
v -0.01803513 1.36987780 -0.22072065
v -0.04191124 1.37034842 -0.21132626
v -0.05699822 1.36568239 -0.22254066
v -0.08044737 1.37168425 -0.22736143
v -0.09250534 1.38405344 -0.22144347
v -0.16125277 1.35382959 -0.17906178
v -0.10571573 1.33207128 0.06025728
v -0.06454666 1.32818909 0.06024646
v 0.18111871 1.45273753 -0.49224200
v 0.10600945 1.35745771 -0.13157057
v 0.12171727 1.37108852 -0.14959411
v 0.11909663 1.37333849 -0.16131293
v -0.15182159 1.37233968 -0.17914911
v -0.21461619 1.37178403 -0.16621503
v -0.23225441 1.36320981 -0.13165281
v -0.22945460 1.37936961 -0.10710901
v -0.23964602 1.35477600 -0.05339060
v -0.21673018 1.35475773 -0.02433061
v -0.19852046 1.35952266 -0.00831060
v 0.05835137 1.33682168 0.02253429
v 0.07232768 1.34634819 0.01809352
v -0.45656650 1.46968821 0.02404097
v -0.45047715 1.47272796 0.03884489
v 0.24207262 1.45094078 -0.50181890
v 0.10253115 1.37524200 -0.18981885
v 0.09114958 1.38048681 -0.22263239
v 0.00479359 1.38068047 -0.24631113
v -0.12073497 1.38899980 -0.21661466
v -0.24126854 1.36447621 -0.07281819
v -0.19525537 1.35066462 -0.00353891
v -0.18522755 1.34527178 0.03064070
v -0.01406550 1.31854299 0.05907859
v 0.07837786 1.33014719 -0.05010618
v 0.12355574 1.34106358 -0.08172978
v -0.43043857 1.47573562 0.05494312
v -0.38802613 1.46080601 0.03446571
v 0.21980296 1.45862386 -0.50692268
v 0.04352146 1.37638322 -0.26226224
v -0.20435858 1.38109541 -0.16794774
v -0.22462212 1.38862607 -0.14809159
v -0.23181461 1.39055457 -0.12992763
v 0.08844215 1.35816641 -0.05261543
v -0.42705096 1.43178646 -0.06303670
v 0.17115421 1.43686968 -0.40309558
v 0.19053210 1.42992120 -0.41052628
v 0.23084443 1.42513610 -0.42993007
v 0.11988106 1.35521871 -0.09540684
v 0.10801864 1.35533475 -0.10962926
v 0.08280493 1.36840427 -0.22729181
v -0.12809761 1.37543242 -0.21915990
v -0.18133825 1.37575117 -0.16887447
v -0.13192957 1.34820643 0.05295095
v -0.37523265 1.45627191 -0.00733019
v -0.44251251 1.43989578 -0.05095535
v -0.45423187 1.47361708 -0.02835292
v 0.19695559 1.46471105 -0.49910790
v 0.15491742 1.46435282 -0.44170119
v 0.11714974 1.36211768 -0.14024480
v 0.10865689 1.38045602 -0.17493350
v -0.21889704 1.38156659 -0.15976941
v -0.24066801 1.36838405 -0.05243670
v 0.02270023 1.33337177 0.04211763
v -0.37458749 1.44582628 -0.02469816
v -0.38062591 1.43366494 -0.03381264
v 0.21120845 1.42432444 -0.42126107
v 0.23908734 1.42741284 -0.43475491
v 0.24595795 1.42399587 -0.44528726
v 0.25091691 1.44181050 -0.50025098
v -0.43784233 1.48346039 0.04105530
v -0.41167065 1.47175067 0.05551552
v 0.07019029 1.38310246 -0.23228900
v 0.05922793 1.39542987 -0.23517148
v 0.06201902 1.38203437 -0.25102611
v -0.02974324 1.37548947 -0.20879405
v -0.07139853 1.39092064 -0.21425807
v -0.08431388 1.38544838 -0.22065098
v -0.13630499 1.39916584 -0.19260250
v -0.18892060 1.35457471 0.00606031
v -0.16443200 1.35517897 0.04818077
v -0.09820518 1.34793030 0.06133583
v 0.00927674 1.33867007 0.05040681
v 0.07302238 1.33020747 -0.00647706
v 0.15470551 1.44914335 -0.41773989
v 0.25151437 1.42928166 -0.45081596
v 0.25643303 1.43042872 -0.46396060
v -0.45339100 1.44128586 -0.02498486
v 0.10439697 1.36949577 -0.12071839
v 0.11614469 1.36849820 -0.16963637
v -0.13608237 1.36735663 -0.21638248
v -0.14504846 1.41065477 -0.17359078
v -0.22182407 1.39269833 -0.15299916
v -0.22836555 1.36586801 -0.03205685
v -0.03115060 1.33865978 0.06185679
v 0.11879838 1.34898204 -0.06988992
v 0.15440040 1.45718980 -0.43121954
v 0.16083662 1.44384410 -0.40216031
v 0.24574212 1.46474637 -0.47833984
v 0.12403099 1.35916596 -0.08630605
v 0.12262363 1.38137661 -0.14198770
v 0.09718488 1.38020608 -0.20454069
v 0.05392847 1.38293258 -0.25931907
v -0.01106428 1.38276118 -0.23092975
v -0.16624764 1.37283698 -0.17254376
v -0.17113378 1.34686690 0.04295128
v -0.07512935 1.34294779 0.06312006
v -0.01862000 1.33699964 0.06152626
v 0.07205242 1.35041039 -0.00477389
v -0.45682530 1.47655365 -0.00042492
v -0.45447059 1.48204113 0.00430317
v -0.42753572 1.48828251 0.03969139
v 0.23942165 1.44342893 -0.42490830
v 0.11833689 1.36897170 -0.09201801
v 0.10727700 1.37552665 -0.12510445
v 0.07828897 1.37701973 -0.23030820
v 0.05791023 1.39331927 -0.24077269
v 0.01947849 1.38290088 -0.25395834
v -0.02598295 1.39259983 -0.20845550
v -0.18908103 1.39581159 -0.16816591
v -0.23962850 1.37879603 -0.07674972
v -0.18995282 1.36657014 0.00126842
v 0.12453115 1.36305503 -0.07132771
v -0.37756312 1.43849461 -0.04725963
v -0.40436017 1.43300591 -0.06949399
v -0.44487859 1.47555483 0.04532508
v 0.18354609 1.47305492 -0.48584716
v 0.15825236 1.44256151 -0.41388856
v 0.25737008 1.43646070 -0.47488497
v -0.43182220 1.44108447 -0.06847508
v -0.39931686 1.47676438 0.04183805
v 0.01244605 1.36001280 0.05263929
v 0.02897403 1.35284380 0.04316314
v 0.09472059 1.35960473 -0.05845111
v 0.10542319 1.35892652 -0.06291225
v 0.10639851 1.39861343 -0.18400383
v 0.10463148 1.41003028 -0.21444069
v 0.09465801 1.40247194 -0.22578905
v 0.03766078 1.39997797 -0.25706475
v -0.00865755 1.39689292 -0.23295025
v -0.10083107 1.39868132 -0.21504724
v -0.23085825 1.38880040 -0.12382200
v -0.18025611 1.37267525 0.01694844
v 0.24982780 1.46369159 -0.46370559
v -0.38853824 1.43360238 -0.06238526
v -0.39348549 1.47024652 0.03937327
v -0.37794714 1.46658913 0.00954589
v 0.12052347 1.39320458 -0.14983503
v -0.04801256 1.38546402 -0.20395274
v -0.13266527 1.39786050 -0.20190223
v -0.14287835 1.39024006 -0.18106420
v -0.20080612 1.39860205 -0.16606711
v -0.21529764 1.40313799 -0.15637703
v -0.22538677 1.39119645 -0.11016154
v 0.11352252 1.36416246 -0.09992856
v 0.16066961 1.46495237 -0.45815469
v 0.19031844 1.44361916 -0.39757234
v 0.22308805 1.44059946 -0.41279482
v 0.24755487 1.44524727 -0.43552672
v -0.41728370 1.43159345 -0.06721725
v -0.45388844 1.46707321 -0.03256380
v -0.44892496 1.48848289 0.01224318
v -0.12800613 1.40248112 -0.20741019
v -0.00769069 1.32724507 0.05847545
v 0.07651183 1.35382231 -0.02304194
v 0.12041892 1.36625048 -0.06414260
v 0.17899776 1.48809639 -0.47235747
v 0.16411380 1.47730126 -0.46204946
v -0.45201699 1.48947626 -0.00737009
v -0.38470538 1.47849954 0.02134610
v 0.11128487 1.40853212 -0.16502638
v 0.10966798 1.42318149 -0.20603283
v 0.05499431 1.39006104 -0.25454688
v 0.03207040 1.38651245 -0.25895148
v -0.04407654 1.39648535 -0.19695701
v -0.07785942 1.39063870 -0.21694480
v -0.22706216 1.39342906 -0.10259834
v -0.24075235 1.38622797 -0.04972738
v -0.20342090 1.37437239 -0.01001646
v -0.04945683 1.35518223 0.06408666
v 0.07326167 1.35661022 -0.00965570
v 0.09283107 1.37473245 -0.04938791
v 0.17195772 1.47210641 -0.47576841
v 0.16741039 1.49764882 -0.45344293
v 0.25070973 1.46193053 -0.45292357
v 0.22734298 1.47256388 -0.49203537
v 0.11411285 1.39314204 -0.16151954
v 0.06826302 1.40159025 -0.23000744
v 0.04909928 1.40508590 -0.24785838
v -0.23628301 1.37660029 -0.03978354
v -0.17572803 1.36344570 0.04017190
v -0.15504088 1.36743634 0.05326316
v -0.15273441 1.35606831 0.05138546
v -0.13771105 1.35573231 0.05300777
v 0.07413416 1.34096237 0.00901752
v 0.07317943 1.37156919 0.00391277
v 0.20857064 1.47773193 -0.49296732
v 0.16756152 1.45665745 -0.37885644
v 0.18221435 1.43316985 -0.40539895
v 0.20485528 1.44309962 -0.40172054
v 0.12096834 1.38386558 -0.13254752
v 0.10737807 1.40880991 -0.19014524
v 0.02519004 1.41635938 -0.25247380
v -0.05903181 1.37870831 -0.21514742
v -0.11444130 1.40529755 -0.21208769
v -0.21041628 1.39622036 -0.16278255
v -0.22495669 1.40132719 -0.11652531
v -0.42378918 1.45212808 -0.08800988
v -0.44011029 1.46522003 -0.07567952
v -0.44750101 1.46031351 -0.05413557
v -0.43652728 1.50715721 0.00623509
v 0.19740971 1.47861933 -0.49000730
v -0.40283990 1.44880493 -0.09085783
v -0.18114391 1.38370850 0.01262286
v -0.17433770 1.37376698 0.03553424
v 0.04740371 1.35331203 0.03142620
v 0.16087254 1.45614175 -0.38283072
v 0.23901358 1.46677095 -0.41322427
v 0.25249504 1.44956224 -0.44927715
v -0.45412888 1.47862517 -0.01975180
v -0.40188942 1.49884241 0.02560867
v 0.00568517 1.42372621 -0.24322617
v -0.16279648 1.40645051 -0.16900416
v -0.21592141 1.38585997 -0.01694264
v 0.07364306 1.36555466 0.01552014
v 0.09995380 1.37945460 -0.05339076
v 0.12332336 1.37224223 -0.08420925
v 0.19892265 1.49312125 -0.47782630
v 0.14386879 1.48657332 -0.41139265
v 0.15407044 1.45746954 -0.38973459
v 0.22292306 1.48431003 -0.48077282
v -0.42676195 1.50487312 0.02000235
v -0.38951193 1.48941232 0.02177267
v 0.10408965 1.38570008 -0.11707793
v 0.05769997 1.40957754 -0.23059128
v 0.05020347 1.41144521 -0.23562036
v 0.04218111 1.40619941 -0.25309692
v -0.01831807 1.40980363 -0.21800877
v -0.22895761 1.40638184 -0.12784099
v -0.22371193 1.41176528 -0.11391008
v -0.23399601 1.40841852 -0.08193172
v -0.16631672 1.37530862 0.04641616
v -0.11582357 1.35783657 0.05874131
v -0.02499824 1.36314170 0.06539980
v 0.06646561 1.35743605 0.02460763
v 0.08520645 1.35956493 -0.04482642
v 0.12513409 1.37710086 -0.07690136
v 0.19215246 1.46258317 -0.38059301
v -0.37574369 1.44504426 -0.06010644
v 0.12677237 1.40359035 -0.13447701
v 0.10964787 1.41288851 -0.17349437
v 0.09500570 1.41332496 -0.22581849
v 0.08861508 1.41152054 -0.22968242
v -0.00285168 1.41566515 -0.23807571
v -0.00339038 1.39306997 -0.23889859
v -0.05587910 1.35539648 0.06427231
v 0.17196653 1.46143881 -0.37349297
v -0.36985748 1.45200094 -0.04186454
v -0.44266055 1.50154701 0.00403914
v -0.38550914 1.50536863 0.00408207
v -0.37510500 1.49244239 -0.00482584
v 0.08154289 1.41209146 -0.23130294
v -0.10482901 1.42329902 -0.20673212
v -0.15173470 1.40509501 -0.17054405
v -0.23628421 1.41851475 -0.05638985
v -0.23645972 1.40663621 -0.04400019
v -0.00741011 1.37369089 0.06379786
v 0.01432633 1.38122765 0.05433934
v 0.14810759 1.46540935 -0.40680128
v 0.13641752 1.48885178 -0.38065358
v 0.14892694 1.46409786 -0.39337310
v 0.23742602 1.47580114 -0.47737902
v -0.45118510 1.49521660 -0.02031144
v -0.37810923 1.48598853 0.00327041
v -0.37303645 1.47704854 -0.00911176
v 0.05767615 1.42212932 -0.22772166
v 0.04200219 1.41679521 -0.24489765
v -0.06697388 1.39706910 -0.20784941
v -0.13907050 1.41378746 -0.18151267
v -0.22474278 1.40410385 -0.14351635
v -0.22809988 1.41148085 -0.10269347
v -0.20718248 1.40194259 -0.00701471
v -0.13702366 1.37163963 0.05676223
v -0.09782449 1.38514837 0.06331699
v 0.12026444 1.38035779 -0.05796220
v 0.14652039 1.47409405 -0.41307020
v 0.15270909 1.46659524 -0.37504045
v 0.20359799 1.46760439 -0.38093294
v 0.21620088 1.46380054 -0.39034599
v 0.12320432 1.40542281 -0.12771168
v 0.10459523 1.42011429 -0.21522001
v -0.22744225 1.41702371 -0.13466432
v 0.08417878 1.38112358 -0.02282139
v 0.12478622 1.37610525 -0.06685294
v 0.12593043 1.38820030 -0.07360295
v -0.36785930 1.46053079 -0.06304231
v -0.37015702 1.46030143 -0.07457876
v -0.44650433 1.48226596 -0.06906388
v 0.15343252 1.48293008 -0.43767985
v 0.15895324 1.47061496 -0.36586893
v -0.45185526 1.48590090 -0.03526544
v -0.44578179 1.49308697 -0.07228470
v 0.12179373 1.40753285 -0.14959629
v -0.22433180 1.41103405 -0.11806725
v -0.23336256 1.41886569 -0.09395506
v -0.22294741 1.40344950 -0.02146319
v -0.01487259 1.36227028 0.06406375
v 0.06794807 1.38123414 0.02949134
v 0.23203555 1.45525998 -0.40993067
v 0.20912121 1.49361279 -0.47602093
v -0.36934934 1.46991139 -0.02476776
v -0.38902178 1.45058188 -0.08900086
v -0.43209626 1.46243419 -0.08772637
v 0.13913296 1.51193294 -0.28740842
v 0.03171536 1.42467175 -0.25050444
v -0.03747333 1.41093289 -0.19334738
v -0.08250524 1.41508461 -0.20798829
v -0.17976476 1.41828268 -0.16857451
v -0.04451216 1.38044150 0.06669000
v 0.00034327 1.36937765 0.06021517
v 0.09495896 1.42536809 -0.22366710
v 0.04448377 1.43466317 -0.22898155
v -0.09465946 1.41721379 -0.20878467
v -0.22566123 1.42874930 -0.13147421
v -0.21776804 1.41627365 -0.01493015
v -0.14580180 1.38533378 0.05797497
v -0.41696473 1.45445670 -0.09485940
v -0.44282442 1.48099814 -0.07976650
v -0.41223870 1.50373392 0.02447822
v 0.13163531 1.51091183 -0.29874527
v 0.18469339 1.50895053 -0.45669957
v 0.17778720 1.47640960 -0.36090645
v 0.10931475 1.40124822 -0.11722227
v 0.11331074 1.43660357 -0.16833240
v 0.11343700 1.43512125 -0.19659777
v 0.01638126 1.41724346 -0.24923588
v -0.15277986 1.43452087 -0.16757193
v -0.20212025 1.41866647 -0.16240492
v -0.16780113 1.38629396 0.04171212
v -0.06582192 1.37668528 0.06714053
v -0.37995997 1.45200925 -0.08170335
v -0.38528872 1.46165824 -0.10490153
v -0.43914212 1.50960426 -0.00915953
v -0.41885790 1.51519081 0.00787126
v 0.15507976 1.50294020 -0.28438130
v 0.11408706 1.42872297 -0.16290533
v -0.05905569 1.41234365 -0.19242108
v -0.07693044 1.41981720 -0.20385731
v -0.11593955 1.42357580 -0.20537694
v -0.18953650 1.38798666 0.00311834
v -0.17898037 1.40301055 0.01473105
v -0.17004255 1.39718101 0.02793299
v 0.05291414 1.37655687 0.03268984
v 0.09083728 1.39573317 -0.03203936
v -0.43314904 1.52164020 -0.03313516
v 0.24459466 1.47454414 -0.42613247
v 0.13744148 1.49375222 -0.39535837
v 0.15754939 1.48605151 -0.35178606
v 0.13882338 1.48599247 -0.37044963
v 0.14418062 1.48671842 -0.36037126
v -0.44698365 1.50059140 -0.03283734
v -0.42514843 1.51661299 0.00138313
v -0.39632140 1.51393632 0.00482528
v 0.12570909 1.51509772 -0.30710501
v 0.15174905 1.51396097 -0.26477536
v 0.15740888 1.50931658 -0.28571708
v 0.10608413 1.40097490 -0.11048875
v 0.12464243 1.44003522 -0.14833685
v 0.08345917 1.44622699 -0.22785655
v -0.02991746 1.39635777 -0.20269739
v -0.05635170 1.42119734 -0.18796322
v -0.20166454 1.43753212 -0.15813916
v -0.15337411 1.38954855 0.05564592
v 0.11874418 1.38826251 -0.05368874
v 0.15946562 1.49371256 -0.44679499
v 0.13621565 1.50401301 -0.39452838
v 0.24469298 1.48267573 -0.43189003
v 0.24225030 1.48583381 -0.44989621
v 0.21470304 1.51246769 -0.44828606
v 0.03858613 1.44041483 -0.23072162
v 0.03408060 1.43198611 -0.24245244
v -0.21042769 1.44633995 -0.14836194
v -0.21981118 1.43256810 -0.14299914
v -0.22014517 1.42358945 -0.10798870
v -0.23454314 1.42214156 -0.07314545
v -0.11479145 1.37860738 0.06150028
v 0.07490691 1.37056581 -0.00628015
v 0.12615442 1.40497374 -0.05155176
v -0.36076967 1.47342888 -0.07395702
v -0.39760999 1.46648804 -0.11794494
v -0.43342127 1.48883632 -0.10745450
v 0.16132091 1.51043389 -0.28122076
v -0.35933243 1.47901705 -0.06425808
v -0.36421652 1.46985224 -0.05485104
v 0.22517496 1.49630089 -0.46180054
v 0.17489517 1.50703295 -0.45431090
v 0.15272613 1.51462401 -0.42875072
v 0.13370903 1.50293768 -0.36558862
v 0.15155154 1.49591754 -0.34574313
v -0.18191912 1.44182712 -0.16614596
v -0.08311291 1.37653179 0.06486958
v -0.00991146 1.40084179 0.06825490
v 0.04625679 1.37410110 0.03594264
v 0.14891411 1.51290310 -0.28301788
v -0.44261620 1.50102806 -0.08269888
v -0.40430651 1.52195897 -0.00221618
v 0.12405492 1.51781078 -0.30836092
v 0.12288083 1.52727115 -0.29089380
v 0.19457962 1.47965615 -0.36801449
v 0.14585823 1.50625518 -0.41921925
v 0.11571143 1.44146307 -0.18949285
v -0.22444283 1.42666370 -0.12422697
v -0.23663488 1.43196171 -0.08031237
v -0.23022892 1.42205743 -0.03749424
v 0.07199057 1.37191552 0.02409767
v 0.17125661 1.50760326 -0.29037481
v 0.17499430 1.50907873 -0.28917039
v -0.36412973 1.48311727 -0.04780523
v -0.37338494 1.47586403 -0.11261624
v -0.42918673 1.51728842 -0.00479927
v 0.13369746 1.52434845 -0.27727123
v 0.21972979 1.47305637 -0.38712205
v 0.23658375 1.49259443 -0.40535336
v 0.24117379 1.49453673 -0.43057990
v 0.23023711 1.50477201 -0.44279235
v 0.15913145 1.52182660 -0.43362509
v 0.11459729 1.44849772 -0.19749765
v 0.11669420 1.47152550 -0.19632477
v 0.10963785 1.44826384 -0.20362227
v 0.09792167 1.44691129 -0.21177482
v -0.00589045 1.43158002 -0.23425383
v -0.21284421 1.44292887 -0.11546476
v -0.15652388 1.40535927 0.05125589
v -0.35968137 1.48492646 -0.05586135
v -0.37263577 1.46690538 -0.09805591
v -0.41324883 1.47685634 -0.12124897
v -0.42205789 1.47961209 -0.11486087
v -0.39494803 1.52771305 -0.01056768
v -0.38678205 1.51420832 -0.00151339
v 0.17480204 1.49246430 -0.35014947
v 0.14046311 1.50488067 -0.40751994
v 0.13341772 1.50074513 -0.38031974
v 0.12105326 1.44272591 -0.10825918
v 0.12996998 1.43120908 -0.13886112
v 0.10600093 1.46429427 -0.20092019
v 0.06359465 1.42610171 -0.22778300
v 0.05412028 1.46063928 -0.22377054
v 0.04057199 1.45420550 -0.22445067
v 0.02781148 1.45274868 -0.23998594
v 0.01220648 1.45928245 -0.24340623
v -0.06507407 1.41927912 -0.19324248
v -0.07662737 1.43662063 -0.19612224
v -0.09274317 1.43818783 -0.20253738
v -0.12129728 1.42276765 -0.20437861
v -0.12841540 1.43265764 -0.19527330
v -0.22354797 1.44309211 -0.13442437
v -0.23419423 1.43662124 -0.05135586
v -0.11826839 1.40065020 0.06470970
v 0.07334414 1.39240834 0.02222389
v 0.12716744 1.39672848 -0.06043165
v 0.16563432 1.51451813 -0.28648339
v 0.12720528 1.52593997 -0.28436657
v 0.13527473 1.52212783 -0.24860205
v 0.10963082 1.41714926 -0.10741945
v 0.13027601 1.42868761 -0.12648251
v 0.11444022 1.44933848 -0.17558871
v 0.01579595 1.46340433 -0.24283845
v -0.01107928 1.43129691 -0.22768390
v -0.13280836 1.43119914 -0.18858783
v 0.04927038 1.39902669 0.03790160
v 0.07393585 1.38727144 0.00767704
v -0.42217849 1.48981559 -0.12735240
v -0.43915464 1.51304456 -0.03789579
v -0.36990282 1.48986122 -0.02015169
v 0.16914362 1.50464585 -0.33929687
v 0.23022925 1.49472769 -0.39144782
v 0.20428370 1.50964634 -0.45715576
v 0.13352755 1.52337345 -0.40276936
v 0.11853565 1.46288685 -0.19316538
v 0.07433859 1.45646122 -0.22868109
v 0.03423536 1.44326317 -0.23370277
v 0.01084648 1.43899201 -0.24478533
v -0.04200754 1.40875639 -0.19302336
v -0.12508502 1.44662738 -0.19409949
v -0.17268820 1.43968678 -0.16752628
v -0.20790168 1.42275840 -0.00379565
v -0.00075547 1.39951619 0.06424702
v 0.07917282 1.40053778 -0.00163709
v 0.16572160 1.51631774 -0.27296574
v -0.37382350 1.50866793 -0.01519500
v 0.11804457 1.52793519 -0.30615655
v 0.14602535 1.51829964 -0.27139544
v -0.21594336 1.44217013 -0.10475839
v 0.17699531 1.50425321 -0.34236440
v 0.19672779 1.50400196 -0.36071007
v 0.12967293 1.51870612 -0.38404136
v 0.13805689 1.50604251 -0.35330029
v 0.10959737 1.41777764 -0.09443263
v 0.07446662 1.43081106 -0.22996802
v 0.05378128 1.43828354 -0.22556831
v -0.12864374 1.45499551 -0.18679244
v -0.22354453 1.44116191 -0.12824833
v 0.16203120 1.51549950 -0.26352092
v 0.17555314 1.51424623 -0.29534856
v -0.36935610 1.51069589 -0.03205331
v -0.43920865 1.49503900 -0.09886573
v -0.44268583 1.50529940 -0.05910796
v -0.16696978 1.40906354 0.02880387
v -0.13908435 1.38888714 0.05992508
v -0.09664670 1.39588535 0.06426282
v 0.07488938 1.40461637 0.01075458
v 0.07688087 1.41259199 0.00873120
v 0.09789984 1.40524506 -0.03917973
v 0.11282424 1.43245317 -0.10042127
v 0.12813913 1.45214801 -0.14838326
v 0.11888528 1.48757903 -0.19419789
v 0.08999655 1.47995657 -0.20576051
v -0.08611452 1.45761998 -0.19574061
v 0.11624539 1.45606820 -0.16727078
v 0.11656318 1.47227078 -0.18040912
v -0.06334829 1.44223770 -0.18205835
v -0.21674403 1.45657772 -0.13792992
v -0.37876779 1.48052846 -0.12243711
v -0.39463933 1.49289571 -0.13718019
v -0.41194245 1.49213270 -0.13718675
v -0.38023212 1.51040883 -0.00496703
v -0.22340453 1.44808489 -0.08971629
v -0.23770268 1.44368542 -0.06711455
v -0.14421257 1.40470696 0.06137016
v -0.02121961 1.39039673 0.06821564
v 0.17039878 1.52602836 -0.26749910
v 0.17027088 1.52226793 -0.43981374
v 0.17115235 1.51966733 -0.29057693
v 0.17152420 1.52173611 -0.28235206
v 0.11430625 1.53983917 -0.29176835
v 0.11978354 1.53755648 -0.27040354
v 0.13108209 1.53502817 -0.26310981
v -0.38357019 1.49002313 -0.13313462
v -0.43367857 1.50741413 -0.11394841
v -0.42477209 1.53248832 -0.04302316
v -0.41570596 1.53152192 -0.02224170
v -0.22690655 1.43744031 -0.03404920
v -0.06983214 1.39848857 0.06975890
v 0.07241252 1.39355563 0.02675939
v 0.12664098 1.42403692 -0.12348073
v 0.09101276 1.46513788 -0.21015286
v -0.06979518 1.43643552 -0.18872158
v -0.08735967 1.44177614 -0.20125434
v -0.19223473 1.44961217 -0.15889779
v 0.16938554 1.52125364 -0.24361611
v 0.18258701 1.52237700 -0.28490831
v 0.22918030 1.47732224 -0.39437642
v 0.17790695 1.52787198 -0.43670900
v 0.13076056 1.51991411 -0.34509979
v -0.00585335 1.45385578 -0.23384237
v -0.01089578 1.45117501 -0.22845337
v -0.01904567 1.44223911 -0.21400490
v -0.02805888 1.42190868 -0.20192846
v -0.05115877 1.43647629 -0.18320034
v -0.20289619 1.45533731 -0.15030196
v -0.19392251 1.43782892 0.01132500
v -0.09114671 1.39562089 0.06472493
v 0.03265730 1.40385669 0.04661624
v 0.08685851 1.39959734 -0.01825784
v 0.12028622 1.40923300 -0.04471551
v 0.11328522 1.42292087 -0.08826990
v -0.35903955 1.47870307 -0.09470927
v -0.42594815 1.49845116 -0.12898536
v -0.43131777 1.52608806 -0.05498764
v -0.41314312 1.52658932 -0.01027747
v 0.18274444 1.49845096 -0.35239114
v 0.20202942 1.52323110 -0.43940405
v 0.12711423 1.51809446 -0.36187737
v 0.11622082 1.53788119 -0.28010198
v 0.12637634 1.52549821 -0.24511529
v 0.02608299 1.44453234 -0.24538814
v -0.21911937 1.45483730 -0.12676777
v -0.20662638 1.45973158 -0.11545207
v -0.04870985 1.38527296 0.06732444
v -0.34408425 1.49472106 -0.07256197
v -0.35690392 1.49651367 -0.05187526
v -0.30408564 1.48944463 -0.08725836
v 0.17659708 1.50864436 -0.33647472
v 0.23501494 1.51113070 -0.41560939
v -0.30891878 1.48912335 -0.02407222
v 0.15200246 1.51643954 -0.21783398
v 0.16323099 1.51876244 -0.22676870
v 0.18241933 1.51534086 -0.29422199
v 0.08365319 1.46267584 -0.22169362
v -0.03410828 1.42534963 -0.19329878
v -0.10773268 1.45273491 -0.19848327
v -0.22103469 1.45836299 -0.08881123
v -0.21319000 1.44827496 -0.01066068
v 0.11892660 1.47740830 -0.16976932
v -0.41445304 1.50142108 -0.13929566
v -0.43977466 1.50872833 -0.07731203
v -0.34820290 1.49602473 -0.05869888
v 0.12009201 1.53037124 -0.24056274
v 0.13349547 1.52827492 -0.23754797
v 0.19539302 1.51571885 -0.35184693
v 0.12776069 1.52695733 -0.34583058
v 0.16835704 1.51763004 -0.23947425
v 0.11471655 1.49091049 -0.19961951
v 0.10001439 1.48225515 -0.20339190
v -0.04290524 1.44101708 -0.18467650
v -0.08298110 1.45749443 -0.19351687
v -0.11535140 1.45077401 -0.19801977
v -0.14035951 1.43630799 -0.17211590
v -0.21512178 1.46905260 -0.13527154
v -0.23378143 1.44951392 -0.04841936
v -0.16773991 1.41950314 0.02831168
v 0.07001938 1.40079544 0.03260009
v 0.09323349 1.43689577 -0.00992476
v 0.12230671 1.42141423 -0.03974366
v 0.16484815 1.52219749 -0.26139217
v 0.17132324 1.53256384 -0.25147843
v 0.19505625 1.52448194 -0.30426868
v -0.35149387 1.48605088 -0.08936296
v -0.36805695 1.51879068 -0.03581694
v 0.11611296 1.53387707 -0.32353185
v 0.11698673 1.53300490 -0.24345406
v 0.21563562 1.49436321 -0.37615247
v 0.23213581 1.51249647 -0.42316199
v 0.14144937 1.53134618 -0.41394428
v 0.13550799 1.53147630 -0.25930286
v 0.12489825 1.53922919 -0.25200375
v 0.10493384 1.50460078 -0.20699086
v 0.08279043 1.48166237 -0.21071190
v -0.17593305 1.46284279 -0.16522013
v -0.34880183 1.49551460 -0.10316598
v -0.36554848 1.50538427 -0.13523224
v -0.38555963 1.52870462 -0.01751380
v -0.36421301 1.50354490 -0.04542281
v -0.35805293 1.51101069 -0.04410320
v -0.23358903 1.45653119 -0.07114440
v -0.23744588 1.45958328 -0.06153284
v 0.03487691 1.43327556 0.04921412
v 0.10502870 1.41132779 -0.04062054
v 0.13263029 1.43334081 -0.13191899
v 0.19396600 1.51852182 -0.31542269
v 0.19696771 1.52286699 -0.34428149
v 0.16034803 1.53397311 -0.42566645
v 0.07643662 1.47897873 -0.22229183
v 0.02975388 1.46391867 -0.22878595
v -0.33738798 1.49931511 -0.07531799
v -0.36239359 1.48918885 -0.11803920
v -0.40831907 1.51006124 -0.14019391
v -0.21105462 1.46947546 -0.10022924
v -0.19976805 1.45162950 0.00677219
v -0.18123081 1.41946764 0.01662442
v -0.01511142 1.41423899 0.07188201
v 0.13122452 1.42621796 -0.05515739
v 0.13554835 1.45053683 -0.13630216
v 0.20679265 1.51193157 -0.36255139
v 0.21563452 1.52322033 -0.36607949
v 0.23344131 1.51214846 -0.39979949
v 0.22346913 1.52878743 -0.41348382
v 0.13046027 1.53106161 -0.39201670
v 0.11817816 1.53801995 -0.32895014
v 0.12476556 1.54109060 -0.25877911
v 0.12996403 1.52885908 -0.23073829
v -0.29630064 1.49230640 -0.03174208
v 0.08827201 1.49525607 -0.20555572
v 0.02230391 1.46586264 -0.24019708
v -0.01793241 1.47019638 -0.21766682
v -0.04500581 1.46215655 -0.18105351
v -0.19013726 1.46620786 -0.15258665
v -0.30344988 1.49666242 -0.09603309
v -0.36057042 1.49990758 -0.12950588
v -0.38718757 1.50633657 -0.14136784
v -0.41945724 1.51109194 -0.13539037
v -0.42664070 1.51557704 -0.12492889
v -0.42803510 1.52763562 -0.09886858
v -0.42075146 1.53297769 -0.03331291
v -0.12996986 1.42618714 0.06947926
v 0.09324702 1.41707549 -0.02362701
v 0.12185190 1.50069371 -0.19970987
v 0.19971063 1.53671692 -0.42381134
v 0.12667475 1.52926484 -0.36451749
v 0.12606324 1.53342195 -0.34489614
v 0.11514297 1.53150998 -0.23629532
v 0.12347140 1.52926907 -0.22157171
v -0.32327750 1.50361089 -0.00594015
v -0.06962180 1.45435640 -0.18080541
v -0.09289960 1.47606421 -0.19311801
v -0.15292358 1.46369013 -0.16536555
v -0.18107601 1.46783022 -0.16020721
v -0.33881971 1.50672033 -0.11093545
v -0.43240741 1.51691499 -0.10965742
v -0.37648766 1.52387779 -0.02408219
v -0.37260836 1.52233792 -0.02930774
v -0.02515776 1.40449301 0.07058686
v 0.06446078 1.39947027 0.03510600
v 0.07486348 1.42468710 0.02075802
v 0.12781589 1.42754484 -0.06514936
v 0.12224470 1.45438289 -0.10309434
v 0.14201435 1.46895515 -0.12822447
v 0.22823922 1.51883556 -0.38793178
v 0.14086477 1.54125483 -0.40377286
v 0.13057395 1.53884340 -0.37425046
v 0.11147476 1.55213954 -0.30787487
v 0.11628222 1.54740051 -0.25652578
v -0.31672816 1.49191796 -0.01715718
v 0.07315688 1.47597955 -0.22608935
v 0.06490720 1.47389371 -0.22687801
v -0.37476533 1.53120720 -0.03136635
v -0.23007571 1.47423413 -0.08095626
v -0.09015137 1.41415450 0.06815824
v -0.04983570 1.41861976 0.07428926
v 0.03929226 1.41621163 0.04485553
v 0.16994687 1.53246194 -0.24457591
v 0.15190310 1.54281242 -0.41055086
v 0.13358270 1.53728842 -0.39791195
v 0.10658971 1.55887862 -0.29533394
v 0.10274139 1.55874776 -0.26024890
v 0.11882511 1.54576038 -0.25037784
v 0.07971292 1.49300280 -0.20965398
v 0.04938217 1.45494961 -0.22325073
v -0.13865753 1.46921771 -0.16852785
v -0.30088507 1.51331031 -0.10525112
v -0.40369029 1.54314652 -0.03204857
v -0.38203599 1.54271727 -0.03419173
v -0.33462823 1.50559671 -0.09145531
v -0.23223083 1.47967410 -0.04115750
v -0.22640822 1.46626818 -0.03440901
v -0.03804638 1.41863675 0.07336984
v 0.13014475 1.43915703 -0.04077567
v -0.30659744 1.49969839 -0.01259853
v 0.21656656 1.53224446 -0.41868608
v 0.21029148 1.53650858 -0.41806529
v 0.17187113 1.54174264 -0.42192607
v 0.12454106 1.54785093 -0.34588181
v 0.12499322 1.54329433 -0.33246084
v 0.09684380 1.50140944 -0.20796164
v -0.00884304 1.48034062 -0.22989838
v -0.27488533 1.49580192 -0.07889269
v -0.28718419 1.50640444 -0.08636942
v -0.29093387 1.50330700 -0.08582009
v -0.33687886 1.51399487 -0.12127443
v -0.40113105 1.53564854 -0.01991673
v -0.23539414 1.47782582 -0.05250917
v -0.31286241 1.50243490 -0.00727661
v -0.15708857 1.43003598 0.04144614
v -0.14723397 1.42395328 0.06009462
v 0.07239084 1.42127348 0.03029925
v 0.12030332 1.43713043 -0.03144391
v 0.12679816 1.48679414 -0.15488531
v 0.11910642 1.49130224 -0.17558417
v 0.12679797 1.51198566 -0.19078840
v 0.18317959 1.53365744 -0.26549682
v 0.18395437 1.52974893 -0.27727334
v 0.10938419 1.54805188 -0.27006544
v -0.11998742 1.46250200 -0.19256520
v -0.13460106 1.46010049 -0.17590438
v -0.14555846 1.46277674 -0.16639580
v -0.35149149 1.51172461 -0.13131731
v -0.22014977 1.47602439 -0.09324893
v -0.23987408 1.48665733 -0.05711119
v -0.11848058 1.43493104 0.07332004
v 0.06899991 1.42163475 0.03760373
v 0.09773777 1.42532157 -0.02659745
v 0.13963953 1.46555437 -0.12065802
v 0.17391163 1.52975038 -0.23271914
v 0.20362480 1.52893428 -0.32084064
v 0.11652390 1.54902211 -0.32530290
v 0.11007130 1.54802804 -0.27963413
v -0.31393980 1.50862166 -0.11163602
v -0.41747615 1.53264664 -0.11983912
v -0.41953527 1.54403188 -0.06978954
v -0.32819796 1.51612128 -0.00381088
v -0.11231804 1.42006845 0.06896443
v 0.04940749 1.41892383 0.04114568
v 0.20482288 1.52449418 -0.35278230
v 0.11392173 1.53719797 -0.31751126
v 0.02974061 1.47138384 -0.22499949
v -0.02589090 1.46235362 -0.20026479
v -0.07369160 1.46329134 -0.18190786
v -0.15042362 1.48169324 -0.16260185
v -0.05288353 1.46604276 -0.17565888
v -0.18493761 1.48414187 -0.14916172
v -0.33561426 1.52623620 -0.13218671
v -0.37289939 1.53845986 -0.03366496
v -0.29524274 1.51651824 -0.00745703
v -0.29151992 1.50890859 -0.02629121
v -0.27501607 1.50580722 -0.02806807
v -0.23699448 1.48769961 -0.04147411
v -0.20217331 1.46870702 0.00527540
v 0.08031348 1.42678333 0.00950283
v 0.08763433 1.43606403 0.00225128
v 0.10430116 1.43594674 -0.02672562
v 0.11694958 1.45052852 -0.08223162
v 0.13455203 1.46127133 -0.11434007
v 0.16992225 1.52424616 -0.22797562
v 0.17786835 1.53811801 -0.22252943
v 0.20849687 1.53078617 -0.35063307
v 0.06989923 1.49602988 -0.22425955
v 0.03428400 1.47546797 -0.22009895
v 0.02440233 1.47903111 -0.23353362
v 0.00458460 1.46524993 -0.23987316
v -0.02937212 1.46208910 -0.19582336
v -0.12711228 1.47968261 -0.17903096
v -0.20590717 1.47758980 -0.14176939
v -0.40829613 1.53408109 -0.12853643
v -0.42500393 1.53510555 -0.08242797
v -0.38660704 1.54992053 -0.04008915
v -0.20324053 1.48426510 -0.10829224
v -0.30184898 1.51193867 -0.00740202
v -0.26302121 1.49881905 -0.02075669
v -0.25530650 1.49934182 -0.01865195
v -0.24642758 1.49312304 -0.03157333
v -0.16129809 1.44185745 0.03777816
v -0.09748073 1.43451180 0.07279057
v 0.11712887 1.45247744 -0.09387636
v 0.13284371 1.52172724 -0.18748141
v 0.17636482 1.55542046 -0.40207879
v 0.16977041 1.55270853 -0.40443224
v 0.10334713 1.55716598 -0.27838711
v 0.10703538 1.53697832 -0.23309817
v 0.09463765 1.52311002 -0.21212460
v 0.08295262 1.50014417 -0.20562670
v 0.07442537 1.51117043 -0.20819847
v -0.06113766 1.46895027 -0.17383995
v -0.12104251 1.48029700 -0.18534192
v -0.26904931 1.50970990 -0.09127977
v -0.28101083 1.51879084 -0.09599414
v -0.36456226 1.52687253 -0.03544071
v -0.30781144 1.51751772 -0.00192371
v -0.28817542 1.51418739 -0.02567362
v -0.22269145 1.47891392 -0.02635422
v -0.17822305 1.45294395 0.02754027
v -0.13923384 1.42326512 0.06609486
v 0.20304995 1.55907450 -0.38164086
v 0.10868566 1.55583356 -0.25047629
v 0.11420710 1.53522251 -0.22142265
v -0.16571976 1.48544191 -0.16334287
v -0.29201282 1.51867129 -0.10065619
v -0.38007043 1.52183856 -0.14133972
v -0.40710957 1.54893760 -0.04599673
v 0.13155011 1.43302017 -0.04811533
v 0.12477364 1.47721687 -0.07980617
v 0.13073686 1.49496055 -0.15358048
v 0.12537786 1.50922361 -0.18224554
v 0.14624445 1.52742992 -0.19547805
v 0.19377328 1.53870740 -0.27322863
v 0.22467940 1.53285150 -0.39636105
v 0.15693179 1.55453986 -0.39277537
v 0.13856050 1.54986038 -0.37726473
v 0.12288150 1.55079516 -0.33859698
v 0.10436872 1.54083607 -0.23826815
v -0.21674147 1.49204748 -0.09870272
v -0.22824533 1.49151460 -0.08102187
v -0.22932899 1.50057244 -0.07969992
v -0.23335488 1.48302208 -0.06789698
v 0.10501833 1.52186924 -0.21149281
v 0.06024026 1.49112442 -0.22557412
v -0.39528261 1.52461854 -0.13921844
v -0.14594305 1.45398400 0.05574731
v -0.00042358 1.43277584 0.07074340
v 0.04339064 1.44925476 0.04925578
v 0.14493106 1.48084581 -0.11912995
v 0.17426330 1.53338402 -0.22038751
v 0.21159876 1.53767419 -0.35465752
v 0.21856460 1.53926653 -0.37708049
v 0.09669547 1.54833224 -0.23729541
v 0.02073783 1.49045937 -0.23284744
v -0.10489226 1.47853177 -0.19214587
v -0.19916666 1.50058411 -0.14027380
v -0.24394086 1.51593403 -0.09456434
v -0.26039162 1.51068035 -0.09108868
v -0.30158691 1.52456847 -0.11377502
v -0.36523283 1.51902862 -0.14025490
v -0.39519269 1.55726222 -0.05170674
v -0.35605725 1.52723361 -0.03497130
v -0.28446123 1.52319860 -0.00965378
v -0.28112928 1.51770833 -0.01923752
v -0.26663376 1.51508847 -0.01652643
v -0.24789890 1.50378395 -0.01305599
v -0.15379472 1.45921161 0.04862222
v -0.14146910 1.43789861 0.06465654
v 0.13128336 1.48193510 -0.09229720
v 0.13986279 1.47590516 -0.13653901
v 0.17361050 1.53858955 -0.23700769
v 0.17706057 1.54281308 -0.24278760
v 0.20009453 1.53663334 -0.29703553
v 0.13197957 1.55273866 -0.36409752
v 0.11856948 1.55362565 -0.33186292
v 0.11559691 1.56011214 -0.32052713
v -0.09874495 1.47522930 -0.19357929
v -0.31849446 1.51973583 -0.12059770
v -0.32746591 1.53778465 -0.13632871
v -0.35841362 1.53529492 -0.14166658
v -0.40888615 1.55350644 -0.06290694
v -0.34011291 1.53208022 -0.02327092
v -0.25952811 1.50396914 -0.01393980
v -0.23276224 1.49625108 -0.02825978
v -0.22289406 1.49156501 -0.02637232
v -0.18437187 1.46943228 0.02535856
v -0.06156103 1.43323752 0.07758112
v 0.04829469 1.43674185 0.04484517
v 0.06152563 1.42729908 0.04228088
v 0.12536638 1.46380532 -0.06800384
v 0.14787906 1.48887628 -0.12954916
v 0.13113524 1.50967835 -0.16058833
v 0.12841340 1.55607983 -0.35218743
v 0.01502360 1.48766032 -0.23668879
v -0.00140866 1.48924017 -0.23383495
v -0.18226316 1.49589462 -0.14749889
v -0.20314347 1.49425923 -0.11021243
v -0.25719890 1.51910650 -0.09577213
v -0.41511677 1.54698696 -0.10366326
v -0.36220633 1.53828265 -0.03334387
v -0.34364127 1.53257706 -0.02785879
v -0.34230501 1.53566174 -0.01107046
v -0.16470464 1.47323463 0.04442959
v 0.07759376 1.44339477 0.02149618
v 0.14903819 1.55488052 -0.38397141
v 0.10368541 1.56294656 -0.24677408
v 0.09710283 1.54551584 -0.23161657
v -0.31281324 1.52789051 0.00222623
v -0.12230164 1.45362507 0.07694078
v -0.08062870 1.43807586 0.07566426
v 0.12517929 1.44092313 -0.03285748
v 0.20351583 1.54352889 -0.28316723
v 0.21009428 1.53778848 -0.32988578
v 0.21407569 1.55263249 -0.33450590
v 0.10056140 1.56634021 -0.27735244
v 0.04206408 1.48747060 -0.21841620
v 0.00588121 1.49582764 -0.23560497
v -0.11434604 1.47546467 -0.19136066
v -0.17251456 1.49824537 -0.15907259
v -0.24380408 1.52195326 -0.09988476
v -0.26815999 1.52478930 -0.10279198
v -0.37123356 1.54312047 -0.14156686
v -0.38991892 1.54409628 -0.13712275
v -0.29489213 1.52774692 0.00511404
v -0.25210247 1.52040402 0.00264472
v -0.03340575 1.44051771 0.07824219
v -0.01657445 1.44331211 0.07847244
v 0.14124017 1.48113808 -0.11097315
v 0.13347795 1.52271275 -0.17314973
v 0.21261913 1.55070061 -0.37763921
v 0.10848837 1.56468297 -0.30657047
v 0.08218696 1.51606499 -0.20488116
v 0.06504237 1.49243323 -0.22633107
v 0.02771464 1.49159207 -0.21879263
v 0.02252465 1.50781469 -0.21670434
v -0.01998152 1.50394387 -0.21440274
v -0.03431933 1.46656716 -0.19016875
v -0.07998921 1.46002598 -0.19035405
v -0.20649102 1.49379298 -0.13663493
v -0.22433963 1.50341182 -0.08520737
v -0.37086998 1.54811125 -0.03618508
v -0.32061319 1.53525443 0.00066674
v -0.24200047 1.51040964 -0.00114768
v -0.22633795 1.50268579 -0.01553432
v -0.20007624 1.47834258 0.01323655
v -0.00541077 1.45133517 0.07758443
v 0.07195738 1.44165800 0.03715056
v 0.13279130 1.45616504 -0.05523593
v 0.18923650 1.54688739 -0.25365215
v 0.19542756 1.55615192 -0.39377085
v 0.12898305 1.56808249 -0.34940041
v 0.12185122 1.56004278 -0.33767845
v 0.10170608 1.57187378 -0.28842895
v 0.05777464 1.50441426 -0.22454840
v 0.02519813 1.49071386 -0.22309894
v -0.00892314 1.50633778 -0.22704867
v -0.04779164 1.48378900 -0.17653390
v -0.14776419 1.49971478 -0.15681245
v -0.28192098 1.53203072 -0.10723436
v -0.29268273 1.53877583 -0.12137478
v -0.34160631 1.54035041 -0.13962577
v -0.41104652 1.55480696 -0.08201181
v -0.21203563 1.48235518 -0.00179423
v 0.06705588 1.44598179 0.04562919
v 0.09895109 1.44770202 -0.01035444
v 0.12294180 1.45684884 -0.01824676
v 0.21266786 1.54595407 -0.35853607
v 0.17859977 1.56332625 -0.38876230
v 0.08279254 1.55962637 -0.23300413
v 0.10014600 1.54580955 -0.22451059
v 0.08890585 1.51921863 -0.20896213
v 0.08132560 1.52633944 -0.20639516
v 0.01594355 1.50664076 -0.23070672
v -0.01449314 1.48037328 -0.22398149
v -0.08774939 1.49474229 -0.18572695
v -0.12635871 1.51353618 -0.16763384
v -0.14122665 1.49359794 -0.15882901
v -0.27527497 1.54284151 -0.11507337
v -0.40967083 1.54867812 -0.11484025
v -0.37519788 1.55595615 -0.04101625
v -0.33695638 1.53137317 -0.00700959
v -0.21408407 1.50502687 -0.01150922
v -0.14280066 1.47529150 0.06030056
v -0.13313276 1.45770469 0.07205689
v -0.05180013 1.45067440 0.08205730
v 0.12500628 1.47424926 -0.06861937
v -0.20016749 1.50508639 -0.11001071
v 0.20923450 1.54594072 -0.30956752
v 0.21028883 1.55726579 -0.36440422
v 0.12241175 1.57265035 -0.32763746
v -0.11932327 1.50412918 -0.17878188
v -0.35822423 1.55274823 -0.03051115
v -0.34946248 1.54879599 -0.01839928
v -0.21622860 1.49171342 -0.01501862
v 0.13399899 1.46335276 -0.04425308
v 0.15157599 1.50042303 -0.12464655
v 0.15077775 1.50497516 -0.13464415
v 0.18166560 1.54431443 -0.20407605
v 0.18166788 1.54923002 -0.23620797
v 0.17909977 1.57295461 -0.37478027
v 0.16209473 1.56427426 -0.38392029
v 0.14660276 1.57051932 -0.36575535
v 0.13746222 1.56556222 -0.36192371
v 0.10271481 1.57980013 -0.29397417
v 0.09649610 1.54614552 -0.22050364
v 0.06618595 1.50974319 -0.22233825
v -0.05926394 1.48595683 -0.16950909
v -0.17388440 1.51971188 -0.14635449
v -0.33408151 1.55415960 -0.14291353
v -0.27243261 1.52324993 -0.01265896
v -0.24881758 1.51144302 -0.00080109
v -0.21492620 1.51351296 -0.00257617
v 0.01986988 1.43735645 0.05999932
v 0.03761012 1.46893711 0.05604358
v 0.13881506 1.51331849 -0.15040273
v 0.20842118 1.56023499 -0.26770199
v 0.21355506 1.55912639 -0.35043338
v 0.20356836 1.56435835 -0.36849852
v 0.16652090 1.57588327 -0.37126354
v 0.10801559 1.58328585 -0.30419638
v 0.10142447 1.55932675 -0.26950090
v 0.09359166 1.58017700 -0.26282512
v 0.07051143 1.52386641 -0.20892135
v 0.05886257 1.53199716 -0.22361694
v -0.13628351 1.48606554 -0.16510575
v -0.25203058 1.53193736 -0.10041208
v -0.31144914 1.54474215 -0.13247911
v -0.31334381 1.54763920 0.00543351
v -0.28785698 1.53899859 0.01060077
v -0.20499933 1.50612805 -0.00098259
v -0.19538293 1.49331816 0.02128622
v -0.17679828 1.48958332 0.03466693
v 0.14197905 1.53248012 -0.16244839
v 0.17254129 1.53995292 -0.19770004
v 0.18114483 1.55485652 -0.22730614
v 0.20949453 1.55093728 -0.28875025
v 0.11442806 1.58178942 -0.31558273
v 0.08987306 1.55899333 -0.23830854
v 0.09220029 1.53942918 -0.21552843
v 0.03452360 1.49104883 -0.21672517
v -0.16344973 1.51080079 -0.16056090
v -0.19179346 1.51365297 -0.11357113
v -0.20832644 1.50425909 -0.10528579
v 0.17765680 1.54752117 -0.22617200
v 0.19310010 1.56882301 -0.37346555
v 0.02426426 1.51678245 -0.21291235
v -0.38206686 1.56274587 -0.05087175
v -0.33191618 1.55391287 -0.00682807
v -0.25962971 1.52615421 -0.00770816
v -0.01469470 1.45721504 0.08080742
v 0.15631697 1.57504618 -0.36793539
v 0.09449765 1.55123691 -0.22129177
v -0.04232941 1.49565388 -0.17970539
v -0.05264980 1.50945770 -0.16868840
v -0.07044021 1.48585858 -0.17191121
v -0.09074005 1.50131672 -0.18556689
v -0.19806652 1.51337605 -0.13803396
v -0.21453872 1.52216450 -0.09347162
v -0.23784267 1.53292383 -0.10286917
v -0.31227540 1.55776258 -0.13822832
v -0.35335145 1.55633715 -0.14026404
v -0.36777832 1.57200993 -0.12853639
v -0.39911245 1.55092472 -0.12647033
v -0.39722587 1.56038986 -0.10831833
v -0.38844429 1.56731946 -0.06603492
v -0.35870596 1.56841204 -0.03083419
v -0.22508702 1.52556751 0.01684006
v 0.06045993 1.44648014 0.04857978
v 0.09245184 1.45780832 0.01231001
v 0.10736544 1.46048585 -0.00765393
v 0.13568079 1.47491058 -0.04790552
v 0.14871032 1.49654110 -0.11568584
v 0.21257354 1.55911207 -0.32083108
v 0.20757005 1.57854829 -0.33702463
v 0.13124657 1.58207923 -0.34245710
v 0.09752986 1.57312120 -0.24576853
v 0.08191557 1.56220156 -0.22933815
v 0.08351374 1.54522317 -0.21392564
v 0.06129791 1.53507938 -0.22049988
v 0.04668994 1.53331309 -0.21945696
v -0.17922193 1.51263036 -0.14415823
v -0.28071519 1.54760754 -0.12049549
v -0.28777658 1.55136866 -0.12750501
v -0.38998093 1.56908851 -0.07581308
v -0.36463442 1.56395178 -0.03939313
v -0.11048268 1.45715634 0.07947870
v 0.12848103 1.46443044 -0.02047389
v 0.13109549 1.48641920 -0.06042049
v 0.14734115 1.50179309 -0.10925724
v 0.21149758 1.56354004 -0.27264333
v 0.19083052 1.57752555 -0.36672422
v 0.13910536 1.57581296 -0.35626224
v 0.09608319 1.58432558 -0.27998808
v 0.09488905 1.58061950 -0.27010046
v 0.08817388 1.55509882 -0.22063072
v 0.04707903 1.51698518 -0.21951806
v -0.22963653 1.54206776 -0.10761426
v -0.24540275 1.54386873 -0.10295108
v -0.34268989 1.56012789 -0.14303392
v -0.38632965 1.57269769 -0.08954658
v -0.29676127 1.54384483 0.01166726
v -0.04102349 1.46203491 0.08415879
v 0.05041023 1.46386631 0.05228897
v 0.07693602 1.45460901 0.03163371
v 0.13451433 1.47390363 -0.03700262
v 0.21330332 1.56514418 -0.31261566
v 0.21178956 1.56883256 -0.33144107
v 0.20929339 1.56687573 -0.35718358
v 0.20140562 1.57451483 -0.36134325
v 0.00766631 1.51284872 -0.23208869
v -0.26480711 1.53776733 -0.10927196
v -0.20110064 1.49895207 0.01190265
v 0.03178295 1.46487216 0.05805371
v 0.07685714 1.47113361 0.04131061
v 0.14542801 1.52612002 -0.15104423
v 0.13925897 1.53454963 -0.17229128
v 0.16404218 1.58454951 -0.36529338
v 0.10347918 1.59196929 -0.29995503
v 0.08850670 1.57633758 -0.23739751
v 0.08358190 1.56933243 -0.23658807
v 0.07694601 1.56872752 -0.23124298
v 0.08459495 1.56025834 -0.22021928
v 0.07431614 1.54572178 -0.20607768
v -0.06685903 1.49238041 -0.16833954
v -0.20195431 1.54096150 -0.10776095
v -0.13080451 1.47457758 0.07317729
v -0.06288347 1.46768104 0.08591171
v 0.06986065 1.46169190 0.04912531
v 0.08617885 1.45831560 0.02104395
v 0.13571221 1.49610551 -0.08693449
v 0.14571495 1.54285138 -0.16874933
v 0.18379155 1.54875069 -0.20870996
v 0.18794613 1.56578145 -0.22271851
v 0.12530969 1.58944214 -0.33135030
v 0.10948712 1.59851207 -0.30908575
v 0.03126937 1.51578467 -0.21280345
v -0.06435567 1.50430486 -0.16562494
v -0.08340363 1.49889294 -0.18102654
v -0.30849936 1.57326648 -0.13995201
v -0.36262826 1.56654327 -0.13473774
v -0.37163641 1.57738448 -0.11720906
v -0.26874000 1.54407266 0.00357811
v -0.19667430 1.51913099 0.01378118
v -0.15643433 1.48577535 0.05362533
v 0.15840442 1.52131781 -0.11810298
v 0.15215754 1.52679708 -0.14278428
v 0.17289554 1.54567778 -0.18896897
v 0.15422473 1.58370854 -0.36196410
v 0.09588674 1.57712432 -0.24227428
v 0.06916445 1.53690235 -0.20649938
v 0.05565219 1.53424673 -0.22397415
v 0.00437992 1.55019668 -0.22421139
v -0.16466676 1.52855956 -0.15930706
v -0.17525067 1.52790760 -0.14210444
v -0.19106503 1.53034471 -0.13905074
v -0.26615533 1.55297531 -0.11688421
v -0.33104565 1.57842439 -0.13921968
v -0.28807372 1.55917564 0.01754991
v -0.27647705 1.55263970 0.01409666
v -0.20635247 1.51408281 0.00031127
v -0.19160838 1.50856817 0.02963856
v 0.13924610 1.49647820 -0.09676587
v 0.18706332 1.55619140 -0.19560231
v 0.19005215 1.58385727 -0.35729503
v 0.17299727 1.58320214 -0.36642265
v 0.14034455 1.58828198 -0.34674615
v 0.07717797 1.56925841 -0.22543263
v 0.07828808 1.56261342 -0.21640065
v 0.03719263 1.52002128 -0.21446958
v -0.04247626 1.51002588 -0.17791280
v -0.28615028 1.56368884 -0.13239057
v -0.35073075 1.57067661 -0.14005269
v -0.37171087 1.57360893 -0.05544456
v -0.33552286 1.56308088 -0.01273885
v -0.24350796 1.53739918 0.01633186
v -0.23719009 1.52331128 0.01272904
v -0.13522755 1.48602277 0.07062376
v -0.12326510 1.47370524 0.07993566
v -0.08646382 1.46672891 0.08175398
v -0.02456580 1.47504713 0.08582303
v 0.10301645 1.46791624 0.00392616
v 0.13585274 1.49199949 -0.05523988
v 0.15525733 1.51644005 -0.13156473
v 0.21265415 1.55801503 -0.29398893
v 0.21039372 1.57895086 -0.32613531
v 0.16527035 1.59070710 -0.35727539
v 0.14905582 1.59265634 -0.34952826
v 0.07403610 1.53131880 -0.20430574
v 0.05768835 1.54425863 -0.22152036
v 0.01803988 1.52238303 -0.21909711
v -0.00079861 1.51773771 -0.22954689
v -0.02988245 1.49849072 -0.19353070
v -0.07554697 1.49952756 -0.17218850
v -0.19745375 1.52747248 -0.11041121
v -0.37654446 1.57816791 -0.10008723
v -0.30706743 1.55891044 0.00591620
v -0.16813490 1.48786160 0.04191991
v -0.09499328 1.46689692 0.08124296
v 0.13199427 1.49343903 -0.06661782
v 0.20116177 1.56038131 -0.25448620
v 0.21249410 1.56990209 -0.29602303
v 0.11918656 1.59241134 -0.32234201
v 0.09475302 1.57634447 -0.25560828
v 0.07190755 1.57945019 -0.23240381
v 0.02125300 1.53128959 -0.21021455
v -0.02630302 1.51245819 -0.19987962
v -0.14323054 1.52527508 -0.15411051
v -0.21593321 1.53658717 -0.09719714
v -0.37439641 1.58075596 -0.07824808
v -0.16625114 1.50090220 0.04881099
v 0.01286602 1.46199559 0.06931180
v 0.09802902 1.47814106 0.02270838
v 0.14421052 1.51479430 -0.08910312
v 0.08929948 1.59676822 -0.27145335
v 0.06415530 1.56321890 -0.20645946
v 0.01342340 1.52606926 -0.22674186
v -0.01699292 1.51524870 -0.21874216
v -0.06968108 1.51425181 -0.16431900
v -0.11234070 1.51814563 -0.17831843
v -0.11150256 1.53835084 -0.17371716
v -0.24892792 1.57253764 -0.11592091
v -0.37087897 1.58779859 -0.09379675
v -0.32702704 1.57266841 -0.00894431
v -0.23394178 1.53906846 0.02280838
v -0.20442495 1.52323246 0.01145684
v -0.14752946 1.50626457 0.06918068
v -0.13754333 1.49566288 0.07156412
v -0.05059522 1.48239425 0.09033732
v 0.12883024 1.48839040 -0.00581382
v 0.13439481 1.48829849 -0.02169107
v 0.18007509 1.55565836 -0.21755361
v 0.21280761 1.57259055 -0.26203508
v 0.21323240 1.58074243 -0.28505353
v 0.20818796 1.58350410 -0.31284005
v 0.19897143 1.58474609 -0.34342083
v 0.21470511 1.57846604 -0.27090368
v 0.18786561 1.58910570 -0.34864111
v 0.14263413 1.59823450 -0.34021209
v 0.12813352 1.60190839 -0.32536161
v 0.07033083 1.55677614 -0.20634216
v 0.01541482 1.52671052 -0.22296211
v -0.01131068 1.53131336 -0.22152758
v -0.36577530 1.58401597 -0.11981045
v -0.25572089 1.54971920 0.00553059
v -0.25034532 1.54667125 0.00510338
v -0.24110766 1.55440535 0.02340409
v 0.04856523 1.46977130 0.05433875
v 0.06261742 1.47070586 0.05545697
v 0.07222095 1.48316224 0.05282045
v 0.08120006 1.49472551 0.04896151
v 0.11993029 1.48133652 0.00092789
v 0.13698400 1.50195309 -0.06346216
v 0.15599068 1.53314920 -0.13933325
v -0.15845142 1.53899924 -0.15850729
v -0.18763638 1.54149954 -0.11400083
v -0.28254437 1.57153068 -0.13386665
v -0.35904676 1.57939659 -0.13290994
v -0.24934268 1.53783748 0.01115177
v -0.00356398 1.47060167 0.08057223
v 0.19055437 1.56697132 -0.18725758
v 0.18933554 1.56452729 -0.19682430
v 0.13047400 1.59491557 -0.33355468
v 0.10345395 1.60091300 -0.29867742
v 0.08660314 1.59455081 -0.24312165
v 0.08649486 1.58731165 -0.23662267
v 0.04946398 1.54879698 -0.22194843
v 0.01069207 1.52633107 -0.22838989
v -0.13513233 1.51896634 -0.15736527
v -0.18398682 1.54445900 -0.11799770
v -0.20953542 1.53712375 -0.09692821
v -0.22237294 1.54775223 -0.10582525
v -0.26607578 1.56922906 -0.12415056
v -0.34969709 1.59186156 -0.04337498
v -0.34349110 1.58007927 -0.02834323
v -0.06507176 1.48809374 0.09137452
v 0.09214818 1.48011337 0.03099712
v 0.13973605 1.50087200 -0.04249669
v 0.16272196 1.55795465 -0.13193744
v 0.14765877 1.54763931 -0.15854728
v 0.20543644 1.58671352 -0.33066980
v 0.08516640 1.59823322 -0.26105544
v 0.09296275 1.58259952 -0.23991861
v -0.11982897 1.53872092 -0.16909571
v -0.17024672 1.54091749 -0.14144106
v -0.18243534 1.54312413 -0.13997043
v -0.19611354 1.55068017 -0.11226808
v -0.32446625 1.57223703 -0.14109965
v -0.36686507 1.58913379 -0.06719611
v -0.36558649 1.58241051 -0.05287466
v -0.32308652 1.58875475 -0.01119341
v -0.24636188 1.55495755 0.00821650
v -0.12336371 1.49404247 0.08277810
v -0.10951167 1.48225883 0.08783669
v 0.04971548 1.49144866 0.06051009
v 0.14070660 1.49235463 -0.03363715
v 0.13728246 1.50489424 -0.05563162
v 0.07407749 1.58431431 -0.23513340
v -0.02361860 1.53810871 -0.20868156
v -0.08434996 1.52332789 -0.17517461
v -0.20521337 1.55726807 -0.10683870
v -0.22985630 1.55809247 -0.10813582
v -0.33994678 1.58760879 -0.13310701
v -0.36039114 1.59454494 -0.10275025
v -0.24784308 1.56316301 0.01325984
v -0.21606647 1.53986800 0.02918534
v -0.11227954 1.50223622 0.09148031
v 0.18823812 1.57100203 -0.21396039
v 0.20977560 1.58226897 -0.29927063
v 0.16436511 1.59708617 -0.34998334
v 0.18601337 1.56866582 -0.20612025
v 0.19406084 1.59352999 -0.33729705
v 0.16768499 1.60356075 -0.34597568
v -0.10010811 1.54447208 -0.17511237
v -0.37078120 1.59132388 -0.08361296
v -0.19339070 1.53091919 0.02220857
v -0.18244119 1.51908971 0.04206568
v 0.11647966 1.49262453 0.01216788
v 0.12304123 1.49387594 0.00541714
v 0.14389263 1.51836520 -0.07575839
v 0.14981888 1.55374710 -0.15263145
v 0.16644342 1.61051426 -0.33619254
v 0.09899745 1.59207360 -0.29035356
v -0.06348401 1.52682726 -0.16383246
v -0.16895459 1.52346793 -0.15609959
v -0.23924496 1.56489216 -0.10698864
v -0.26009990 1.59102326 -0.12798683
v -0.29048035 1.60039261 -0.13465022
v -0.35038803 1.60068788 -0.10609308
v -0.08871779 1.49224114 0.08981107
v -0.08048116 1.50149511 0.09358885
v 0.10638568 1.48741780 0.01939636
v 0.15000646 1.52087958 -0.09882259
v 0.20180496 1.57529493 -0.23952712
v 0.15562457 1.60215116 -0.34321627
v 0.05406926 1.56191922 -0.21940966
v 0.03070270 1.56145983 -0.20952288
v -0.09353025 1.52238926 -0.18090948
v -0.10593037 1.52609375 -0.17837341
v -0.18575828 1.55763093 -0.11593596
v -0.19896268 1.53702527 0.02552003
v 0.01395541 1.48974286 0.07435029
v 0.03035293 1.48464904 0.06433774
v 0.19226114 1.57187391 -0.19570840
v 0.10485159 1.61097546 -0.29748077
v 0.08497296 1.59113367 -0.23741152
v 0.06695796 1.58665100 -0.23366946
v 0.06598978 1.57122359 -0.20877301
v 0.04362491 1.56183244 -0.21934411
v 0.02439812 1.54560508 -0.20881559
v -0.02919350 1.52796496 -0.19432572
v -0.09692987 1.52720108 -0.17973465
v -0.16566948 1.54420444 -0.14606254
v -0.24299516 1.55964934 0.01636141
v -0.18781949 1.52977709 0.02743991
v -0.03857440 1.49264087 0.09231756
v -0.02352187 1.48435504 0.08761745
v 0.04371943 1.47792784 0.05718891
v 0.12943539 1.50423197 0.00432023
v 0.20074751 1.59770364 -0.31571023
v 0.19398348 1.60015867 -0.32553673
v 0.15516925 1.61070287 -0.33195836
v 0.13658844 1.60477911 -0.33013792
v 0.08420961 1.59801263 -0.25201916
v -0.07511912 1.52220484 -0.16551309
v -0.18402716 1.55750819 -0.13895111
v -0.22373561 1.56328779 -0.11266570
v -0.23082229 1.57059755 -0.10600170
v -0.28413808 1.58673309 -0.13626590
v -0.33373724 1.59732945 -0.12938876
v -0.34515385 1.59629176 -0.12145196
v -0.35250334 1.60483666 -0.07230547
v -0.27475004 1.58259817 0.02356558
v -0.24595246 1.57300750 0.01697033
v -0.22396228 1.55258387 0.02918586
v 0.11376507 1.50163308 0.02365628
v 0.16340328 1.54061495 -0.12301543
v 0.20661836 1.59398126 -0.28085313
v 0.20761021 1.59172517 -0.29176052
v 0.06654384 1.57935546 -0.21831011
v 0.03768448 1.55871210 -0.21395421
v -0.01018555 1.55545703 -0.21801367
v -0.08853956 1.53271103 -0.17585907
v -0.09581742 1.56437568 -0.17069138
v -0.16348144 1.56884527 -0.14030432
v -0.16578665 1.52346928 0.05815305
v 0.11860156 1.62097292 -0.30334302
v 0.09468698 1.60879049 -0.28399783
v 0.06321181 1.58039870 -0.20965296
v 0.04926293 1.56650644 -0.22194484
v 0.00688957 1.55034098 -0.22282799
v -0.13139512 1.55172079 -0.15859890
v -0.15481962 1.55999563 -0.15651355
v -0.21058467 1.55649287 -0.10548185
v -0.31170522 1.59727903 -0.13479011
v -0.35185119 1.59799131 -0.05703878
v -0.30750097 1.58299543 -0.00022441
v -0.27373732 1.56640050 0.01972733
v -0.01440120 1.49356916 0.08726226
v 0.19077250 1.57506712 -0.20944899
v 0.20135137 1.58778357 -0.23045757
v 0.06409537 1.60145358 -0.23213155
v 0.06378968 1.59114594 -0.22995815
v -0.04359954 1.52966310 -0.17370859
v -0.07129615 1.54058565 -0.16042520
v -0.08499913 1.55483479 -0.16683155
v -0.12251312 1.55658630 -0.16328353
v -0.16196407 1.54733585 -0.15639204
v -0.22197044 1.58406466 -0.10856586
v -0.34583146 1.61268174 -0.09255566
v -0.34059197 1.60356919 -0.04276522
v -0.34111152 1.59580821 -0.03383751
v -0.20652555 1.55102423 0.03554345
v -0.19056992 1.55104875 0.03766450
v 0.16129195 1.53821984 -0.10796958
v 0.15429164 1.56081858 -0.14870818
v 0.19033151 1.57991128 -0.20148444
v 0.21317004 1.59572520 -0.25737395
v 0.17600625 1.60038704 -0.33935139
v 0.11695243 1.61059277 -0.31033269
v 0.00702649 1.56205693 -0.21657787
v -0.01780910 1.55632468 -0.21240391
v -0.02130546 1.53742353 -0.21237375
v -0.02807534 1.54940322 -0.19788099
v -0.03840419 1.57293741 -0.17806019
v -0.14131634 1.54741012 -0.15461222
v -0.17668406 1.56606566 -0.14019870
v -0.18059463 1.56756288 -0.12005515
v -0.21152807 1.58035747 -0.11505652
v -0.23776190 1.56842783 0.02762428
v -0.13857211 1.51505008 0.07852656
v 0.06637046 1.49125592 0.05861305
v 0.09861779 1.49600149 0.03588301
v 0.14403851 1.51435504 -0.03722433
v 0.15608279 1.54024037 -0.09578884
v 0.15691504 1.56476001 -0.14378034
v 0.19469406 1.57635474 -0.18902732
v 0.20065247 1.60156482 -0.29864268
v 0.10170748 1.61980424 -0.29035668
v 0.08129184 1.60963310 -0.25621752
v 0.08067397 1.61111832 -0.23712785
v 0.04884494 1.59021086 -0.21725831
v 0.04468665 1.57565131 -0.22065181
v -0.00340943 1.54683378 -0.22337678
v -0.20176166 1.57623620 -0.11324273
v -0.32801698 1.60954041 -0.03216449
v -0.23956390 1.57188238 0.01853643
v -0.23624565 1.56362970 0.02972120
v -0.16115579 1.54591814 0.07173565
v -0.10434036 1.50145871 0.09285813
v 0.11484420 1.50991965 0.02853990
v 0.18801744 1.56626775 -0.18353791
v 0.19363691 1.60723558 -0.31056624
v 0.17702326 1.61872389 -0.31173585
v 0.12771604 1.61706938 -0.31316261
v 0.05979060 1.57686015 -0.20883646
v 0.00096685 1.55199976 -0.22374545
v -0.03709407 1.52649104 -0.18313652
v -0.07782196 1.54548237 -0.16268824
v -0.15956644 1.56292345 -0.15050771
v -0.27113687 1.59982354 -0.13174593
v -0.33831054 1.61033479 -0.10771155
v -0.35488563 1.60721468 -0.08249452
v -0.33953120 1.61249112 -0.06036626
v -0.32869913 1.59447829 -0.02096780
v -0.31513557 1.59617574 -0.00940449
v -0.14866141 1.52980104 0.07443099
v -0.14130344 1.53552279 0.08315968
v -0.04110427 1.51011945 0.09700514
v 0.04330917 1.49619807 0.06319665
v 0.15432864 1.53947130 -0.08745261
v 0.08026764 1.60881862 -0.24737404
v -0.06091057 1.55733713 -0.16145149
v -0.15522165 1.57571317 -0.15184731
v -0.24278723 1.58960272 -0.11881564
v -0.29425370 1.57822949 0.01094980
v -0.18145035 1.54656258 0.04017256
v -0.17276906 1.53704186 0.05616793
v 0.16580261 1.54717590 -0.11332434
v 0.08933911 1.61243040 -0.27373414
v 0.07553190 1.60716681 -0.23453497
v -0.09228838 1.57098775 -0.16826962
v -0.11287292 1.56189068 -0.16691906
v -0.19429914 1.57718034 -0.11859125
v -0.30403238 1.61220505 -0.12815248
v -0.34937761 1.61853244 -0.07938158
v 0.19554107 1.58797892 -0.20939042
v 0.10641090 1.62869705 -0.28933623
v 0.05919904 1.59738133 -0.21810371
v -0.01086381 1.58828524 -0.21021256
v -0.04722324 1.53278831 -0.16893918
v -0.13929496 1.57157347 -0.15253133
v -0.15987364 1.56712337 -0.14339649
v -0.17129299 1.58025930 -0.13919588
v -0.18036539 1.57045929 -0.13780095
v -0.21109447 1.59644515 -0.11831106
v -0.33823112 1.62096491 -0.08756862
v -0.32496583 1.61683020 -0.03560010
v -0.30086388 1.60928362 -0.00527924
v -0.24814622 1.58898508 0.02311180
v -0.22898004 1.56467010 0.03261122
v 0.00227086 1.50168010 0.08249999
v 0.14848583 1.52373727 -0.05028221
v 0.15172128 1.53342165 -0.07029670
v 0.20888405 1.60116175 -0.26094771
v 0.20029789 1.60626459 -0.27331673
v 0.16357842 1.61676166 -0.32910844
v -0.02247901 1.57764817 -0.20383874
v -0.03159787 1.55430894 -0.19044350
v -0.05124873 1.54036430 -0.16502589
v -0.13403514 1.56995275 -0.15341477
v -0.15365233 1.57026298 -0.15530291
v -0.24507237 1.61326994 -0.12197718
v -0.25812550 1.60897287 -0.12654352
v -0.27703047 1.61430893 -0.12963541
v -0.12803104 1.51504756 0.08466792
v 0.08314742 1.50697939 0.05345613
v 0.09660781 1.62985437 -0.27899398
v 0.07820652 1.62172422 -0.24712574
v 0.05795972 1.60030281 -0.21263108
v 0.05696658 1.59133278 -0.21007133
v 0.02953094 1.58353068 -0.20910031
v -0.02581815 1.56301452 -0.20247720
v -0.04852615 1.56337108 -0.16285927
v -0.20101804 1.59580930 -0.11843256
v -0.30887731 1.61804922 -0.12144906
v -0.23786351 1.58159160 0.02220564
v -0.19994114 1.56997010 0.04473212
v -0.11224626 1.52401756 0.09506422
v 0.09781936 1.50650777 0.04370553
v 0.13669004 1.51075462 -0.00781081
v 0.16401532 1.56246665 -0.09126698
v 0.19733669 1.58745211 -0.17559207
v 0.15997546 1.62206610 -0.31871589
v 0.01671034 1.55563287 -0.20742764
v 0.01406492 1.54938123 -0.21042039
v -0.29372456 1.61401944 -0.12890067
v -0.27976765 1.59214579 0.01909514
v 0.05738721 1.50707342 0.06296124
v 0.12922100 1.51288966 0.01112820
v 0.15220447 1.53133666 -0.03093622
v 0.20025586 1.58816828 -0.18385160
v 0.17959848 1.62023332 -0.29898796
v 0.13820952 1.62042602 -0.31343713
v 0.12800282 1.62360007 -0.30518429
v -0.04425094 1.56789209 -0.16757159
v -0.18479851 1.57311642 -0.11849313
v -0.22030919 1.59835354 -0.10838246
v -0.31075941 1.61514484 -0.01433138
v 0.16448473 1.55648694 -0.07306065
v 0.16907492 1.56223484 -0.12124354
v 0.17236449 1.57389713 -0.12379112
v 0.17336261 1.57874170 -0.15741731
v 0.21124378 1.59720453 -0.24688548
v 0.16191120 1.62985243 -0.30926169
v 0.07883796 1.61952161 -0.23957001
v 0.00566003 1.58945536 -0.20764819
v -0.15519256 1.58253753 -0.14380419
v -0.17967941 1.58091347 -0.11899505
v -0.33847266 1.62944243 -0.07818172
v -0.21172964 1.56722611 0.03577305
v 0.14615546 1.51776604 -0.02144141
v 0.20097792 1.60204913 -0.22422909
v 0.14089732 1.63205298 -0.29917644
v 0.00149469 1.58933357 -0.21182473
v -0.15852009 1.58810873 -0.13871061
v -0.32605434 1.62379404 -0.09631026
v -0.26046601 1.60002406 0.02713369
v -0.23845305 1.59511322 0.02515542
v -0.22805086 1.58840302 0.04111015
v -0.18943052 1.56859234 0.04951721
v -0.17800812 1.56373258 0.05567003
v -0.16556583 1.55709497 0.07074613
v -0.06423647 1.51480130 0.09930163
v 0.04255576 1.51211647 0.06829247
v 0.12776017 1.52717404 0.02162785
v 0.16190276 1.54959206 -0.04026062
v 0.18462330 1.58941560 -0.16104799
v 0.09191816 1.62085162 -0.27601620
v -0.17656905 1.58144798 -0.12316332
v -0.19185803 1.58869368 -0.12020769
v -0.28875171 1.63809621 -0.10990204
v -0.31449266 1.62095160 -0.11484473
v -0.31527786 1.63529419 -0.09023738
v -0.30949120 1.62756245 -0.02392731
v -0.29408148 1.61237896 -0.00072256
v -0.23385659 1.59826976 0.02834976
v -0.02327511 1.51617268 0.09394469
v 0.16248927 1.57207963 -0.14818343
v 0.03977306 1.59744462 -0.21774277
v -0.23238592 1.60740809 -0.11692835
v -0.27262149 1.61476922 0.02302827
v -0.23321487 1.58442082 0.03664976
v -0.21113291 1.58182650 0.04019879
v -0.09755049 1.54086672 0.10163239
v 0.11463805 1.52302029 0.03468805
v 0.19102344 1.62013931 -0.27346168
v 0.16982013 1.62783186 -0.30223554
v 0.07598370 1.63459267 -0.24290739
v 0.06907772 1.61111398 -0.23292911
v -0.05271127 1.56182539 -0.16175530
v -0.13001415 1.60320901 -0.15014514
v -0.17518190 1.59373306 -0.12197826
v -0.27432434 1.63059621 -0.12178987
v -0.33648484 1.62700547 -0.06884301
v -0.32554300 1.62437839 -0.04703918
v -0.28188836 1.61792518 0.01040635
v -0.27049455 1.60358589 0.02535913
v -0.15828471 1.56305744 0.07976244
v -0.13547476 1.54353916 0.08978451
v -0.03563113 1.52152161 0.09760146
v 0.14778615 1.54200156 -0.00228023
v 0.15053777 1.53185904 -0.01673808
v 0.20675310 1.61653180 -0.24788100
v 0.19355791 1.61063688 -0.29006096
v 0.09390747 1.63618854 -0.27122853
v 0.08465734 1.63541422 -0.25736488
v 0.06049993 1.62578145 -0.22977875
v 0.05426332 1.59770999 -0.21024920
v 0.04302830 1.59936808 -0.21876918
v 0.02159953 1.56661769 -0.20721921
v -0.00660254 1.58311522 -0.21419484
v -0.10545670 1.56483081 -0.16909139
v -0.17406640 1.58717482 -0.13588512
v -0.17971559 1.60754980 -0.11833668
v -0.19258422 1.61496572 -0.12318120
v -0.29240452 1.62411462 -0.00414583
v -0.22289383 1.59314345 0.04468418
v -0.20378828 1.58678037 0.04357729
v 0.02811046 1.51349764 0.07369767
v 0.05368956 1.52519218 0.06778227
v 0.07967112 1.51839472 0.05811010
v 0.19452378 1.59129534 -0.19694402
v 0.11897567 1.63566204 -0.28961832
v 0.07968226 1.62834024 -0.25144172
v 0.05558895 1.61612195 -0.21561939
v 0.03421291 1.59822374 -0.21135937
v -0.03036531 1.58448603 -0.19066011
v -0.10977199 1.57721693 -0.16456606
v -0.15035645 1.59656937 -0.14671385
v -0.25059569 1.62112323 -0.12213383
v -0.30251208 1.62545914 -0.01545846
v -0.07780936 1.53088617 0.10192204
v -0.05610168 1.52810563 0.10132789
v 0.01169622 1.51874979 0.07987272
v 0.16594302 1.57969187 -0.13756290
v 0.20266823 1.59753012 -0.18142437
v 0.19848683 1.60428216 -0.20709523
v 0.19990194 1.61697120 -0.21616772
v 0.19496487 1.62587115 -0.25622114
v 0.13774542 1.63929943 -0.28908742
v 0.00776773 1.59363905 -0.20529684
v -0.00470831 1.59305232 -0.21246230
v 0.16922298 1.57432277 -0.08885728
v 0.17476524 1.59018082 -0.13612342
v 0.15846928 1.63571703 -0.30326102
v 0.09982758 1.63964188 -0.27552908
v 0.07961477 1.64313930 -0.24631409
v -0.00035775 1.58249107 -0.21555792
v -0.07588839 1.55557545 -0.15947415
v -0.10412594 1.59624624 -0.16279709
v -0.16951688 1.60300234 -0.13350086
v -0.20317957 1.61546015 -0.12107776
v -0.27750997 1.63613843 -0.11709629
v -0.32682035 1.63986561 -0.07633246
v -0.25011469 1.61627708 0.03147236
v -0.22893626 1.60030490 0.04330372
v -0.18436827 1.57661704 0.05654688
v 0.17926625 1.58585468 -0.12269311
v 0.18166787 1.63379599 -0.27040692
v -0.14758731 1.58968875 -0.15118794
v -0.17515018 1.61532708 -0.11816485
v -0.21206507 1.60779833 -0.10893402
v -0.30889188 1.64455716 -0.08427155
v -0.31617290 1.63706678 -0.04625597
v -0.19581662 1.58227299 0.04939689
v -0.16791338 1.57112958 0.07219539
v 0.17215195 1.58040048 -0.09504602
v 0.15303421 1.64965623 -0.28510533
v 0.07442872 1.62321919 -0.23385526
v -0.22290545 1.62785956 -0.11258295
v -0.26262388 1.62516833 -0.12240131
v 0.19954264 1.59858253 -0.18846790
v 0.05108626 1.61334818 -0.21216329
v -0.07014574 1.56394670 -0.15716554
v -0.12083606 1.57909941 -0.15939567
v -0.17112545 1.61604876 -0.12203596
v -0.21622103 1.61326680 -0.10949670
v -0.29273399 1.64651261 -0.09584270
v -0.31184590 1.64918113 -0.07305923
v -0.31415040 1.64592485 -0.06018482
v -0.23127436 1.60294833 0.03230402
v -0.08215699 1.55315147 0.10347129
v -0.05110310 1.53984421 0.10139472
v 0.03860574 1.53348102 0.07381901
v 0.17379035 1.56915994 -0.10887445
v 0.18914842 1.60172513 -0.15570973
v 0.19163717 1.63336579 -0.25235437
v 0.17577764 1.63187920 -0.28730213
v 0.12321614 1.64732615 -0.27595626
v 0.03906319 1.61582026 -0.21625301
v 0.02256052 1.60550283 -0.20849945
v -0.14898819 1.60289297 -0.14926329
v 0.10622784 1.53665250 0.04366114
v 0.16467044 1.55158740 -0.05440468
v 0.17410565 1.58986180 -0.14409750
v 0.20075745 1.59975319 -0.17426248
v -0.08700796 1.58881233 -0.16111974
v -0.13478799 1.60789409 -0.14780127
v -0.16589529 1.60107165 -0.13666431
v -0.30494575 1.64687485 -0.03978377
v -0.18529871 1.58668906 0.05949774
v 0.09562500 1.52422141 0.05003958
v 0.20134673 1.62645820 -0.22404461
v 0.15806526 1.64736397 -0.28959023
v 0.10500851 1.64989733 -0.26973690
v 0.07000703 1.63261237 -0.22965119
v 0.03031545 1.61657322 -0.20778160
v -0.04296597 1.60218739 -0.16207767
v -0.07845697 1.57807709 -0.15775861
v -0.24408555 1.63628918 -0.11576254
v -0.25215768 1.63362589 -0.11727987
v -0.11675191 1.55518393 0.09933777
v 0.06434624 1.53512312 0.06567200
v 0.09454198 1.64593392 -0.26501087
v 0.07500260 1.64396542 -0.24016425
v -0.20806348 1.62325608 -0.10685458
v -0.27319626 1.62648476 0.01852832
v -0.19459134 1.60076311 0.05067189
v -0.00585254 1.53745313 0.08909408
v 0.20924644 1.62459355 -0.17719547
v 0.20824586 1.61325811 -0.24066798
v 0.20381426 1.63255754 -0.23696201
v 0.20092831 1.63628853 -0.23987393
v 0.13737666 1.64875071 -0.27780079
v 0.05490890 1.61315489 -0.21295554
v -0.21684371 1.63908185 -0.10847776
v -0.17217784 1.58798961 0.07235683
v -0.16310626 1.58931926 0.07898521
v -0.13196062 1.56082280 0.09493609
v 0.01784823 1.53931598 0.08093408
v 0.15518913 1.56586563 -0.00612522
v 0.16237001 1.56507911 -0.02070315
v 0.17308819 1.57318680 -0.07302341
v 0.20004699 1.61007877 -0.19301737
v 0.04857118 1.63183998 -0.21018870
v -0.05526942 1.58333135 -0.15672102
v -0.07336011 1.59887063 -0.15277693
v -0.15105708 1.61554477 -0.13556214
v -0.15293566 1.60488903 -0.13701342
v -0.16513099 1.61808749 -0.13045171
v -0.25946454 1.65584097 -0.10210110
v -0.15160480 1.57263986 0.08644624
v 0.19931745 1.61581494 -0.15836873
v 0.16882880 1.64653836 -0.27127036
v 0.12956301 1.65474854 -0.26779330
v 0.11623287 1.65657057 -0.26285110
v 0.06356635 1.63934589 -0.22852735
v 0.05671536 1.62424576 -0.22558634
v -0.02734920 1.58738358 -0.19512583
v -0.03531865 1.59973817 -0.17805984
v -0.09822133 1.59777035 -0.16334956
v -0.12042588 1.61301535 -0.15319354
v -0.27207543 1.65760343 -0.09823232
v -0.29834275 1.64908621 -0.02515488
v -0.23981040 1.62227564 0.03430033
v -0.19167797 1.61345691 0.05376680
v -0.02861408 1.53355327 0.09646436
v 0.13831122 1.54640239 0.01389869
v 0.18045430 1.58433435 -0.06531445
v 0.15641389 1.65694535 -0.27470892
v -0.22660390 1.61587755 0.04792702
v 0.16693173 1.56189449 -0.03694791
v 0.06762330 1.64477426 -0.22869583
v -0.00455844 1.62323223 -0.20142446
v -0.04671630 1.59307346 -0.15848516
v -0.14691822 1.61319616 -0.14714190
v 0.03186252 1.61324455 -0.20893626
v 0.00802337 1.62110974 -0.20096802
v -0.00880059 1.60850360 -0.20552578
v -0.17891868 1.62028243 -0.11707160
v -0.19766728 1.62198236 -0.12337049
v -0.19478612 1.64224787 -0.11580308
v -0.24472995 1.65079118 -0.10791713
v -0.28263424 1.65442631 -0.09247372
v -0.29384604 1.65829675 -0.02763883
v -0.26802220 1.64186449 0.01669832
v 0.06463349 1.55205752 0.06585289
v 0.18961240 1.60504945 -0.12489429
v 0.18517643 1.60473840 -0.13783922
v 0.09406485 1.65647978 -0.25334407
v 0.08496247 1.65268236 -0.24723223
v 0.05558358 1.64643482 -0.22135194
v 0.03934306 1.62584015 -0.21339200
v -0.02510428 1.59512199 -0.19533717
v -0.08879271 1.60519573 -0.15945558
v -0.15660517 1.63245012 -0.12937628
v -0.29447089 1.66233810 -0.06952211
v -0.28454166 1.64433078 -0.00683320
v -0.25627291 1.62298624 0.03094200
v -0.20240697 1.60294794 0.04901776
v -0.04441244 1.55580684 0.09943488
v 0.03250354 1.55944436 0.07797139
v 0.18132007 1.58785829 -0.05949973
v 0.19582604 1.61521895 -0.14872564
v 0.20093050 1.63397554 -0.21333771
v 0.02295807 1.63285664 -0.20368925
v 0.01078230 1.60571943 -0.20470369
v -0.19121144 1.63204816 -0.12161667
v -0.29310782 1.66018569 -0.08034926
v -0.29415292 1.65939157 -0.04764010
v -0.23446535 1.62965759 0.03761051
v -0.21997227 1.61251650 0.05217768
v 0.19676533 1.64873835 -0.23276446
v 0.18581016 1.64524129 -0.24808431
v 0.15352250 1.66112624 -0.27110891
v 0.05987294 1.65231603 -0.22510508
v 0.00013084 1.61704208 -0.20256627
v -0.05833549 1.60628386 -0.15083072
v -0.07616367 1.60818987 -0.15266261
v -0.09464168 1.60181341 -0.16217479
v -0.16191144 1.63303772 -0.12519104
v -0.20308553 1.64736028 -0.10417289
v -0.23067985 1.62372114 0.03885979
v -0.00179588 1.55744187 0.08925917
v 0.17347779 1.58125344 -0.03972324
v 0.18385553 1.59557126 -0.11107951
v -0.25819488 1.63546802 0.02747539
v -0.19793690 1.62006318 0.05312169
v -0.13370634 1.58225889 0.09487139
v 0.07976769 1.55767934 0.06014175
v 0.20755169 1.61517130 -0.17493685
v 0.20458992 1.63105943 -0.18751117
v 0.14376371 1.66582997 -0.26111060
v 0.05701660 1.64080910 -0.22655634
v 0.05446697 1.64409042 -0.21294219
v -0.03273945 1.61286480 -0.17846288
v -0.18375700 1.64444782 -0.11730568
v -0.20220927 1.62958247 -0.10889448
v 0.07948083 1.66165167 -0.23670875
v -0.02438329 1.62865676 -0.18175304
v -0.28894039 1.66700158 -0.07185550
v -0.24166662 1.64095820 0.03627192
v -0.22217478 1.63025753 0.05346248
v -0.02231109 1.56732801 0.09410425
v 0.12328760 1.54714050 0.02920954
v 0.19338648 1.61554233 -0.13577636
v 0.13572302 1.66209474 -0.26241129
v 0.05333165 1.64435790 -0.20926526
v -0.10489135 1.61385631 -0.15887454
v -0.14401209 1.63046106 -0.14079043
v -0.20812749 1.65660648 -0.10255426
v -0.28443767 1.67041188 -0.05400321
v -0.14838328 1.59333040 0.08828130
v -0.11322423 1.57373680 0.10111634
v 0.15863278 1.58609562 -0.01012414
v 0.18099653 1.59428127 -0.08743008
v 0.20347093 1.63414965 -0.15189564
v 0.20026208 1.64315288 -0.22763211
v -0.05131055 1.60536885 -0.15203389
v -0.13285955 1.62873052 -0.14317691
v -0.22905281 1.65268645 -0.10553465
v -0.28769543 1.66728482 -0.03368967
v 0.17614869 1.59305629 -0.04423729
v 0.17378617 1.65453513 -0.25417325
v 0.15744265 1.66647553 -0.25738262
v 0.14259413 1.67382559 -0.25191484
v 0.08958759 1.66470862 -0.23933175
v 0.06917158 1.66216556 -0.22517818
v 0.03221730 1.63497290 -0.20379475
v 0.01405299 1.63061506 -0.20029482
v -0.06695377 1.59769183 -0.15187508
v -0.16342950 1.63910013 -0.12208169
v -0.17439090 1.64094515 -0.11516382
v -0.18212660 1.67180100 -0.11117488
v -0.21542961 1.66645222 -0.09927728
v -0.23699463 1.67119239 -0.09471302
v -0.27612088 1.66983663 -0.07858581
v -0.23061714 1.64762139 0.04264921
v -0.19715909 1.63804175 0.05771259
v -0.09939822 1.57477609 0.10268251
v 0.10632394 1.55682688 0.04381822
v 0.19925598 1.62616928 -0.13645041
v 0.07522181 1.65400359 -0.23663502
v -0.01461425 1.61972458 -0.19694556
v -0.19884764 1.65084890 -0.10468943
v -0.28298932 1.67117629 -0.06374470
v -0.06661669 1.56646719 0.10197121
v 0.16673934 1.58216761 -0.02382862
v 0.17946391 1.66143287 -0.23837185
v 0.04022768 1.63740275 -0.20901380
v -0.04076333 1.62273215 -0.15894641
v -0.13915049 1.63600729 -0.14142061
v -0.14429256 1.63471863 -0.14114292
v -0.26055315 1.67575753 -0.08478035
v -0.26462683 1.67807769 -0.07941139
v -0.27755646 1.67260456 -0.01949761
v -0.27584478 1.66716833 -0.01174358
v -0.17255014 1.61234757 0.07241292
v 0.14690945 1.57279800 0.00627096
v 0.18555141 1.60592127 -0.09779346
v 0.19782247 1.61869497 -0.12248721
v 0.10331724 1.66325504 -0.25100854
v -0.04917483 1.62144233 -0.14908195
v -0.27335970 1.65823574 -0.00106205
v -0.21429580 1.63276013 0.05627167
v -0.09247923 1.62878817 -0.15496512
v -0.12540041 1.63211674 -0.14529124
v 0.11533339 1.56913758 0.03648752
v 0.18620583 1.60249567 -0.06928420
v 0.19012169 1.61271250 -0.10789899
v 0.19295505 1.65932013 -0.22544787
v -0.24356706 1.65308044 0.03520367
v -0.16348488 1.62596500 0.07607956
v -0.10941846 1.59674772 0.10057919
v 0.20996097 1.64501009 -0.17145162
v 0.05656972 1.65808932 -0.22006563
v 0.02427428 1.65073239 -0.19807365
v 0.00662889 1.63722927 -0.19578005
v -0.01782923 1.63531426 -0.18512027
v -0.22396704 1.66661595 -0.09860885
v -0.25052514 1.66450647 -0.09660362
v -0.27331392 1.68021709 -0.05216785
v -0.26020201 1.67893684 0.00149151
v -0.17740366 1.64098455 0.06542464
v -0.17601528 1.62744555 0.06770548
v -0.14318741 1.61170477 0.08922020
v -0.12219967 1.59923936 0.09785861
v 0.02175310 1.57391792 0.08229302
v 0.16871434 1.60265217 -0.02941977
v 0.19075475 1.63035711 -0.09894443
v 0.20420222 1.64795216 -0.18492090
v 0.19577195 1.66083669 -0.21022172
v 0.12357696 1.68667279 -0.23506362
v 0.05317638 1.65725865 -0.20559168
v 0.04956861 1.64699363 -0.20661192
v 0.03254255 1.63969968 -0.20156721
v -0.02603951 1.63772790 -0.17372553
v -0.07409139 1.62885000 -0.14456067
v -0.14716782 1.64135279 -0.13285091
v -0.25759326 1.67135565 0.01050501
v 0.05960186 1.57212670 0.06747452
v 0.18498932 1.60316494 -0.06250590
v 0.19919935 1.64913834 -0.21174855
v 0.15338093 1.67263191 -0.25144908
v 0.12557272 1.66763728 -0.25419597
v 0.04155478 1.65595209 -0.20022472
v 0.01749404 1.65510957 -0.19224018
v -0.08605159 1.62925645 -0.15208560
v -0.10133682 1.60936620 -0.16070076
v -0.11074419 1.64153415 -0.14907914
v -0.12936863 1.65408699 -0.13638109
v -0.15244710 1.64968068 -0.12531848
v -0.17682574 1.66327954 -0.11220120
v -0.22528103 1.64920220 0.04813825
v -0.21930679 1.64678755 0.05583520
v -0.00201269 1.57777072 0.08939143
v 0.18606013 1.61433369 -0.06863967
v 0.18711168 1.61878260 -0.08374147
v 0.20256247 1.63725950 -0.13621037
v 0.07638144 1.66869261 -0.22683611
v -0.05527219 1.62456708 -0.14595660
v -0.14118313 1.65143470 -0.13651242
v -0.16157671 1.65882111 -0.11819604
v -0.18741950 1.66395398 -0.11240030
v -0.25577436 1.65602777 0.02109201
v -0.18462606 1.63967095 0.06167271
v 0.07627207 1.57201409 0.06060818
v 0.20287798 1.63132022 -0.12071977
v -0.00105789 1.64731324 -0.19047383
v -0.15873884 1.67232955 -0.11576735
v -0.12130366 1.62982153 0.09255049
v 0.14349316 1.59242080 0.00934682
v 0.18736856 1.62695400 -0.08716019
v 0.20353753 1.64160523 -0.14847708
v 0.09350198 1.68085893 -0.22393108
v 0.06057176 1.67064024 -0.21763707
v 0.05660730 1.66522715 -0.21450834
v -0.09723877 1.63235963 -0.15484454
v -0.22875675 1.68635824 -0.08649863
v -0.26790717 1.68668198 -0.02969551
v -0.23413465 1.66540104 0.03928859
v 0.08476434 1.58408358 0.05501468
v 0.17981025 1.62325981 -0.06237106
v -0.00906530 1.62419540 -0.19977535
v -0.19634688 1.66912726 -0.09949768
v -0.25334830 1.69096879 -0.06528945
v 0.15408747 1.60478659 -0.00598835
v 0.20981241 1.64242230 -0.16591340
v -0.19236322 1.66683404 -0.10337945
v -0.19622637 1.67983497 -0.09444098
v -0.26156201 1.68991965 -0.04791598
v -0.27368873 1.68076446 -0.02518137
v -0.15527139 1.63901506 0.07870888
v -0.13679869 1.62456758 0.08873721
v -0.02959632 1.58446616 0.09423978
v 0.13238333 1.58598221 0.02124642
v 0.11195905 1.68090650 -0.23574817
v 0.08116363 1.68732542 -0.20685925
v 0.07165412 1.67390516 -0.22023693
v -0.03374106 1.62704813 -0.16924303
v -0.06836088 1.63111931 -0.14316969
v -0.12404236 1.65614819 -0.13716893
v -0.25417315 1.68262595 -0.08003276
v -0.23996115 1.67403944 0.02753663
v -0.08612377 1.58717469 0.10187947
v 0.19197961 1.64566907 -0.09840206
v 0.18806353 1.66801972 -0.22007754
v 0.16955382 1.67216742 -0.23597935
v -0.18435415 1.67772838 -0.10699281
v -0.25145727 1.69811064 -0.00979602
v -0.24999212 1.69032378 0.00597483
v -0.17424350 1.65091638 0.06663318
v 0.04107794 1.59055598 0.07527090
v 0.18490520 1.63478638 -0.07846324
v 0.20447576 1.64065240 -0.12125001
v 0.20302637 1.65436470 -0.14359654
v -0.06430622 1.65228990 -0.13811788
v -0.07430546 1.65469730 -0.13659004
v -0.08300187 1.65246200 -0.14136673
v -0.16771693 1.66784154 -0.11174328
v -0.23552093 1.69535076 -0.07560591
v -0.21922246 1.66644868 0.05275110
v -0.12842183 1.63688579 0.08891828
v 0.16511809 1.60967639 -0.02429548
v 0.20163368 1.66299972 -0.18035951
v 0.13335477 1.69288355 -0.22811407
v -0.05702503 1.64929613 -0.14033243
v -0.23388590 1.70892473 -0.05397309
v -0.22901377 1.68205992 0.03291406
v -0.20098959 1.65935674 0.06028479
v -0.09564644 1.60946447 0.09951725
v 0.05430615 1.67335994 -0.20541273
v 0.00561854 1.65450692 -0.18838698
v -0.03641710 1.64247690 -0.15591840
v -0.14288066 1.66823834 -0.12338648
v -0.25123894 1.69621393 -0.05643418
v 0.13960162 1.60316954 0.01143380
v 0.17493708 1.62150668 -0.04853847
v 0.20781127 1.65842970 -0.16477250
v 0.11227679 1.69286933 -0.22133749
v 0.05183999 1.68136691 -0.19614422
v -0.00033448 1.66270780 -0.18197673
v -0.00650040 1.65603231 -0.18312752
v -0.16638053 1.68669672 -0.10672484
v -0.17911583 1.68618222 -0.10375094
v -0.22805787 1.70683718 -0.06451372
v -0.15883651 1.65023836 0.07377393
v -0.14534938 1.65258691 0.07687376
v -0.09433890 1.62112031 0.09618117
v 0.01716328 1.59140606 0.08343712
v 0.09483380 1.60430887 0.04355660
v 0.11043441 1.60105856 0.03407113
v 0.16348525 1.62446837 -0.02461880
v 0.20099063 1.66490128 -0.14158487
v 0.12323489 1.69832016 -0.21794047
v 0.06230001 1.67848422 -0.21016783
v 0.04511740 1.67643765 -0.19154973
v -0.03620053 1.65459649 -0.15056085
v -0.21470281 1.69054564 -0.08471244
v -0.21449647 1.66335711 0.05630431
v -0.05419713 1.60361269 0.09596803
v 0.04495119 1.60149594 0.07180967
v 0.13712470 1.61671759 0.00775652
v -0.01554254 1.65537442 -0.17600598
v -0.04723959 1.63826774 -0.14746275
v -0.17857682 1.66264420 0.06457964
v -0.00388136 1.60066433 0.08695912
v 0.20192377 1.65410722 -0.12119173
v 0.19227799 1.68041839 -0.18436749
v 0.17271574 1.68896284 -0.20788449
v 0.03274736 1.66288105 -0.19494666
v -0.24062820 1.70160520 0.00279708
v -0.02619632 1.60939593 0.08935470
v 0.14990178 1.62288307 -0.00642978
v 0.17885690 1.64665379 -0.06970715
v 0.18449715 1.68393669 -0.19772073
v 0.14245574 1.69493945 -0.22307341
v -0.12485423 1.66945112 -0.13104244
v -0.19134914 1.68957775 -0.09218906
v -0.25223333 1.70152951 -0.02863023
v -0.21191775 1.68160107 0.04671639
v 0.20295547 1.66877763 -0.16332931
v 0.15486780 1.68666000 -0.22923648
v -0.02527704 1.65921293 -0.15722219
v -0.04584146 1.65999576 -0.14297077
v -0.13739857 1.66115675 -0.13409604
v -0.24326042 1.70785643 -0.01901772
v 0.03209627 1.60208166 0.07680509
v 0.09050963 1.69673932 -0.19891564
v -0.09461938 1.65863600 -0.14538696
v -0.12892899 1.68579630 -0.12154670
v -0.20712236 1.69428202 -0.08311567
v -0.21705047 1.70423777 -0.07280617
v -0.23094731 1.69920556 0.01705251
v -0.11238886 1.63973951 0.08862048
v -0.03751632 1.62663442 0.08662806
v 0.16648507 1.63938568 -0.03641737
v -0.08953949 1.66232275 -0.14129921
v -0.19875191 1.67532835 0.05624326
v -0.10200889 1.65984243 -0.14625664
v -0.10678826 1.68251079 -0.13437229
v -0.13822436 1.68303915 -0.11791156
v -0.23419016 1.70882153 -0.00073514
v -0.18180389 1.67519532 0.06151779
v -0.13184273 1.65462263 0.08207372
v 0.10400031 1.61726845 0.03126813
v 0.18647402 1.64894791 -0.08408365
v 0.05365348 1.68564437 -0.19450650
v 0.02651986 1.66873129 -0.18967644
v -0.11239779 1.66700522 -0.14014916
v -0.21124170 1.69563467 0.03723195
v -0.16320088 1.66560095 0.06840688
v 0.05460027 1.61269727 0.06850726
v 0.08899077 1.62038701 0.04073676
v 0.19593508 1.67922003 -0.15267513
v 0.16358539 1.70011082 -0.20015364
v -0.01106885 1.67306697 -0.16755809
v -0.19262852 1.70613766 -0.07988555
v -0.23525176 1.71458876 -0.02730809
v -0.06895004 1.62331561 0.09291448
v 0.13940319 1.63305117 -0.00243509
v 0.18857077 1.68896483 -0.17191030
v 0.17194839 1.64138466 -0.05403256
v 0.19434834 1.66245286 -0.10578035
v 0.18383477 1.69818345 -0.12041556
v -0.00543855 1.67321151 -0.17276674
v -0.16677437 1.69404422 -0.10289190
v -0.17643539 1.68860889 0.05877750
v 0.06759777 1.69034469 -0.19441366
v -0.02063129 1.62731198 0.08379228
v 0.06641764 1.62123197 0.06113016
v 0.11185653 1.63242423 0.01921159
v 0.15655355 1.65133941 -0.03530118
v 0.15184521 1.70474047 -0.20217883
v 0.04308743 1.68571053 -0.18282741
v -0.11999815 1.68785662 -0.12355300
v -0.21472851 1.71391299 -0.06044002
v -0.19534197 1.70248480 0.04299658
v -0.15515444 1.67500549 0.06746950
v 0.03107993 1.61630095 0.07590210
v 0.03254620 1.62620441 0.06777801
v 0.11898338 1.64145859 0.00892528
v 0.14285079 1.64839631 -0.01553789
v 0.13772613 1.70778902 -0.19976218
v 0.00679190 1.68253561 -0.16918711
v 0.01778677 1.67204303 -0.18263936
v -0.09809861 1.68761063 -0.13227312
v -0.16859174 1.70632739 -0.09080237
v -0.20352190 1.71054285 -0.07107313
v -0.20765558 1.70775951 0.02661565
v 0.05483335 1.61681910 0.06573278
v 0.07853351 1.63167121 0.05282544
v 0.06923351 1.61417784 0.05480026
v 0.09930044 1.63178772 0.02910343
v 0.17451322 1.66024524 -0.04263756
v 0.17570680 1.67229335 -0.07532416
v 0.18541337 1.68378941 -0.09620549
v -0.22566115 1.71532657 -0.00787406
v -0.10339034 1.65576678 0.08085336
v 0.05934503 1.63026996 0.05507394
v 0.16722329 1.65627380 -0.04933853
v 0.19632594 1.67366150 -0.12395247
v 0.17789321 1.70187559 -0.15862735
v 0.17632829 1.69801892 -0.18372612
v 0.15511134 1.71107708 -0.18718906
v 0.09700706 1.70269909 -0.19272486
v 0.04973235 1.69180233 -0.18132477
v 0.03133011 1.68335718 -0.17801794
v -0.04987841 1.67648587 -0.13732731
v -0.06851625 1.68359026 -0.12958936
v -0.16025960 1.70217903 -0.09909034
v -0.17925072 1.70772280 -0.08287537
v -0.22315529 1.71412803 -0.05296913
v -0.22769231 1.71821905 -0.02921680
v -0.03073891 1.67350036 -0.14606359
v -0.14812580 1.69348229 -0.10942965
v -0.11697026 1.66876301 0.07296441
v -0.08751165 1.66134501 0.08142323
v -0.07353066 1.64597723 0.08506308
v 0.01620255 1.63047852 0.08026275
v 0.11494082 1.64864955 0.00811328
v 0.16853536 1.67409839 -0.06501741
v 0.12949214 1.70862890 -0.19517876
v -0.12506232 1.69479191 -0.11710549
v -0.13299682 1.69712943 -0.11122462
v -0.20864006 1.72136381 -0.00575064
v -0.18785709 1.69410780 0.05249739
v 0.01462710 1.61571474 0.07900373
v 0.08473609 1.63714963 0.03904208
v 0.10006177 1.64468316 0.02632816
v 0.14952920 1.65442638 -0.02347453
v 0.18905553 1.68882752 -0.12097642
v -0.08812069 1.68882784 -0.12760425
v -0.13361625 1.71055507 -0.10068167
v -0.19791682 1.71949076 0.01903221
v -0.10618289 1.66388107 0.08300643
v 0.04478944 1.63044527 0.05970669
v 0.16897890 1.66898079 -0.05709009
v 0.18695791 1.67023782 -0.09145590
v 0.18303527 1.69856489 -0.14389786
v -0.01431459 1.68315975 -0.15161475
v -0.06419956 1.69417084 -0.12644080
v -0.13840922 1.67690983 0.06951229
v -0.03055877 1.63837459 0.08318362
v 0.08760299 1.63987114 0.04293351
v 0.03823755 1.69991564 -0.16356804
v -0.00417078 1.68605922 -0.16083510
v -0.02067928 1.68753928 -0.14276161
v -0.15634083 1.71520927 -0.08800202
v -0.20238721 1.72025132 -0.05336266
v -0.21026568 1.71354715 0.01382303
v 0.10997192 1.65036915 0.01262840
v 0.13187689 1.65369942 -0.00689867
v 0.13405514 1.65822025 -0.01047621
v 0.14275605 1.71544383 -0.18630889
v 0.13297739 1.71572547 -0.18430177
v 0.03448161 1.69045749 -0.17250355
v -0.19278766 1.72611046 -0.04708254
v -0.21079312 1.72261230 -0.03336850
v -0.11808866 1.68094741 0.06684613
v 0.06494393 1.64220536 0.04753841
v 0.07034231 1.63835297 0.04817607
v 0.17294663 1.71041257 -0.14761763
v 0.16291370 1.71078062 -0.16953155
v 0.10634517 1.71199567 -0.17845131
v -0.07976993 1.68712527 -0.12642253
v -0.10159153 1.70374747 -0.12105333
v -0.14401070 1.71139983 -0.09630394
v -0.05945027 1.65200228 0.08112088
v -0.01388086 1.64529354 0.08041315
v 0.10358133 1.64868946 0.03068086
v 0.00650876 1.68894083 -0.16288033
v -0.17746772 1.70212467 0.05148766
v -0.13099255 1.69075386 0.06174837
v -0.10719720 1.67221262 0.07831688
v 0.14531475 1.67431003 -0.03276329
v 0.07351772 1.70366570 -0.17543230
v -0.08495377 1.69858956 -0.12157264
v -0.17707459 1.71646183 -0.07389222
v -0.18142778 1.71977610 -0.06641638
v -0.18440211 1.72340199 -0.05836673
v -0.19946154 1.72863011 -0.02344074
v -0.18570853 1.71018342 0.04072114
v -0.16396183 1.69860119 0.05723817
v -0.14352054 1.68641561 0.06422244
v 0.03045964 1.64297186 0.06160825
v 0.17972384 1.69812430 -0.09971167
v -0.18314369 1.72048521 0.02666707
v -0.06371533 1.66140175 0.08131747
v -0.00292550 1.64215443 0.08152993
v 0.12043689 1.65767536 0.01084287
v 0.16142877 1.68253076 -0.05295286
v 0.17875669 1.70265934 -0.11058725
v 0.17333762 1.70741449 -0.12457649
v 0.12008165 1.72257518 -0.17077923
v 0.07605471 1.71216060 -0.16101516
v 0.06710724 1.70558844 -0.16860659
v -0.11455152 1.70362489 -0.11598120
v -0.00038364 1.70088972 -0.14476552
v -0.19857630 1.72674876 0.00051291
v -0.04309807 1.65557809 0.08101161
v -0.02350888 1.65751344 0.07956888
v 0.12414727 1.67095592 -0.00246083
v 0.13430036 1.67633368 -0.02162957
v 0.15364680 1.67130687 -0.03790020
v 0.16024993 1.71665545 -0.15608024
v -0.03898601 1.68462569 -0.13806999
v -0.08385201 1.71148216 -0.11412579
v -0.17159455 1.72103661 0.03472820
v -0.01545233 1.65729238 0.08642625
v 0.00065157 1.64796233 0.08423392
v 0.04833501 1.65368888 0.05166431
v 0.08036181 1.65504944 0.03107773
v 0.11770308 1.67525027 0.00186943
v 0.15820737 1.71644921 -0.13760377
v 0.13960623 1.72137219 -0.14712448
v 0.06317136 1.65396300 0.04296160
v 0.09573503 1.65390566 0.02857656
v 0.16401182 1.69680688 -0.07018339
v 0.10482897 1.72045413 -0.16464244
v 0.04668558 1.70720167 -0.15733001
v -0.17648246 1.72839060 -0.04682255
v -0.18572552 1.72836278 0.00076524
v -0.07459777 1.68307301 0.07032682
v 0.00914385 1.69697110 -0.15569102
v -0.15661032 1.72610154 -0.07275333
v -0.10477037 1.68466873 0.06976799
v -0.02637001 1.66271056 0.08733800
v 0.08996407 1.66637272 0.01644629
v 0.17286105 1.70079518 -0.08839774
v -0.03151030 1.70453438 -0.12903459
v -0.09901041 1.71623656 -0.11159572
v -0.11948179 1.70040932 0.05539007
v 0.08010110 1.66847095 0.01910913
v 0.11941878 1.72558261 -0.15831898
v 0.03383342 1.71303048 -0.14710562
v -0.10843532 1.71645008 -0.10897695
v -0.17592824 1.72648427 -0.05778261
v -0.16255613 1.71607631 0.04497609
v -0.14770673 1.71164227 0.05191889
v -0.14095522 1.71655184 0.04733480
v 0.16612559 1.71326093 -0.09528664
v 0.14775910 1.72606552 -0.11516192
v -0.05796458 1.70055683 -0.12431510
v -0.16805775 1.73479470 -0.02865307
v -0.10908178 1.69814711 0.06116312
v -0.09060765 1.68748832 0.06719692
v -0.06512412 1.67713910 0.07481705
v -0.04326930 1.66321609 0.08699863
v 0.08718071 1.68252223 -0.00158623
v 0.13753514 1.69374829 -0.03976573
v 0.15553829 1.70461390 -0.06627782
v 0.10399053 1.72287009 -0.15827277
v 0.06006089 1.71713486 -0.14955257
v -0.13805608 1.72295960 -0.08699561
v -0.17757089 1.73000222 0.00445052
v -0.17263769 1.72895366 0.01807728
v -0.15692542 1.72540669 0.03666190
v -0.01944236 1.66825614 0.07000077
v 0.02135737 1.65819131 0.05628746
v 0.04864141 1.66118295 0.04839904
v 0.06180010 1.66673651 0.03646150
v 0.14445454 1.70201381 -0.05578535
v 0.16376794 1.71813660 -0.10937195
v 0.12289602 1.72668227 -0.14228039
v -0.00782593 1.70577058 -0.13459502
v -0.07430306 1.71834511 -0.11142618
v -0.12170424 1.72734859 -0.09189633
v -0.14944922 1.73763546 -0.05279629
v -0.12294841 1.71209214 0.04585202
v 0.11865561 1.68823214 -0.00797974
v 0.00475107 1.71159867 -0.13415271
v -0.04954686 1.71753500 -0.11924605
v -0.14401394 1.72947108 -0.07315887
v 0.01032839 1.66559270 0.06037893
v 0.07289070 1.67120686 0.02273883
v 0.10159954 1.72561198 -0.13963353
v -0.02549666 1.71548553 -0.12574380
v -0.15434116 1.73982480 -0.03825063
v -0.07975540 1.70422451 0.05518445
v -0.03992496 1.67286144 0.08068684
v 0.04336641 1.66695692 0.04966511
v 0.08172958 1.68457783 0.00035977
v 0.14909708 1.72448203 -0.10136080
v 0.08885159 1.72605226 -0.13751797
v 0.08876001 1.72046451 -0.15259899
v 0.03953703 1.71802996 -0.14281948
v 0.01484762 1.70922320 -0.14359898
v -0.11616277 1.73262778 -0.08901635
v -0.16179519 1.73597728 0.01150555
v -0.16184939 1.72940501 0.02822275
v -0.05784756 1.69154817 0.06905818
v -0.04941687 1.68824087 0.06973051
v -0.02892796 1.68456600 0.06047628
v 0.14438022 1.71467318 -0.07258270
v 0.03154595 1.71837035 -0.13910928
v 0.00474805 1.71613923 -0.12933886
v -0.05589510 1.72297536 -0.11318149
v -0.10259749 1.72719292 -0.10164431
v -0.12501026 1.73422701 -0.08046467
v -0.16009735 1.74041365 -0.01137929
v -0.14600335 1.73361455 0.02370189
v 0.07236320 1.67929565 0.01907862
v 0.10138082 1.69768539 -0.01760728
v 0.11878838 1.69880228 -0.01887220
v 0.12832200 1.71339665 -0.04149584
v 0.12570297 1.72966311 -0.12505424
v -0.03679685 1.72222199 -0.11675467
v -0.06789905 1.72723955 -0.10601774
v -0.08664237 1.72605183 -0.10357144
v -0.14147381 1.72671055 0.03529342
v -0.12305476 1.72022417 0.03669184
v -0.08956239 1.70130998 0.05593396
v 0.05927316 1.67189993 0.04003463
v 0.12927827 1.70094960 -0.02584848
v 0.13622804 1.70896848 -0.05517944
v 0.13225565 1.72197861 -0.07851675
v 0.14810373 1.71795200 -0.08547467
v -0.00169146 1.71903688 -0.12317406
v -0.03646513 1.72452331 -0.11323673
v -0.11174719 1.71133866 0.05011082
v -0.04066362 1.69333041 0.05685348
v -0.13574463 1.73913860 -0.06052893
v -0.14458251 1.74424747 -0.02865687
v -0.15005403 1.74311540 -0.00112153
v -0.09950790 1.72733255 0.03034104
v -0.00827772 1.67056522 0.06545885
v 0.12533513 1.72221334 -0.06449123
v 0.11864857 1.72980080 -0.10053398
v 0.10678041 1.72973460 -0.12651511
v 0.08200261 1.73146184 -0.12386254
v 0.04254868 1.72528742 -0.13184272
v 0.02196937 1.72228900 -0.12970964
v -0.03656405 1.72882908 -0.10293642
v -0.05646038 1.73149050 -0.09684256
v -0.07810633 1.73215913 -0.09762455
v -0.07200961 1.71203714 0.05369038
v 0.09321663 1.70507788 -0.02123236
v 0.09720826 1.70381796 -0.02252899
v 0.11516250 1.73404554 -0.11605060
v -0.00415757 1.72397216 -0.11365296
v -0.09524409 1.73593964 -0.09151863
v -0.10566066 1.73988397 -0.08265783
v -0.11417469 1.74296314 -0.07164218
v -0.13055883 1.74680622 -0.04166936
v -0.13983804 1.74280374 0.00743038
v -0.13144333 1.74018283 0.00976910
v -0.10809644 1.72900647 0.02834742
v 0.12321671 1.71121645 -0.03122938
v -0.14492863 1.74668904 -0.00479886
v 0.10719035 1.73352368 -0.11822608
v -0.01237959 1.72735715 -0.10677311
v -0.07563050 1.73735923 -0.08922761
v 0.06914687 1.68267565 0.02786109
v 0.06811175 1.72915800 -0.12913586
v 0.05647182 1.72600822 -0.13384147
v 0.03182833 1.72622680 -0.12807717
v -0.08495700 1.74201764 -0.08151111
v 0.02525151 1.67951892 0.07070397
v 0.02282249 1.67041619 0.06167077
v 0.09419443 1.71911359 -0.03719975
v -0.13244598 1.74630994 -0.00451087
v -0.12136584 1.74194276 0.00681580
v -0.10499780 1.74131859 0.01323775
v -0.03825241 1.69852461 0.05445624
v 0.00180639 1.67613424 0.06788968
v 0.08539497 1.70788608 -0.01193442
v 0.11512669 1.72296851 -0.04284839
v 0.11936117 1.72596139 -0.05161328
v 0.08878500 1.73566661 -0.11247857
v 0.04259437 1.73303613 -0.11728691
v -0.03773467 1.73620359 -0.09657888
v -0.09951342 1.74865123 -0.06578452
v -0.12811902 1.74395863 -0.05727941
v -0.08985721 1.72570161 0.03491743
v -0.06531898 1.71044745 0.05489433
v 0.04261937 1.67421128 0.05588215
v 0.06949735 1.73557477 -0.11365837
v -0.12678731 1.74920576 -0.01901581
v -0.07851313 1.73118490 0.03677133
v 0.08177359 1.69841709 -0.00159365
v 0.02921150 1.73059274 -0.11640583
v -0.01064379 1.73094518 -0.10443267
v -0.10800843 1.75331943 -0.04742540
v -0.05073561 1.71367029 0.04292700
v 0.04871354 1.68078303 0.05667435
v 0.01350624 1.73166352 -0.11091872
v -0.06636872 1.73882943 -0.08931794
v -0.12058624 1.74837691 -0.00616385
v -0.09432685 1.73979328 0.01925342
v -0.06377775 1.71939781 0.04346927
v 0.01801616 1.68333282 0.07468457
v 0.08390651 1.71955667 -0.02239993
v 0.10996034 1.73549327 -0.06253076
v 0.07684688 1.73946632 -0.10594555
v 0.06338617 1.73941914 -0.10923508
v 0.04229284 1.73802016 -0.11135628
v -0.05739327 1.75794982 -0.08278522
v -0.11092568 1.75419015 -0.02131494
v -0.06092639 1.72568184 0.03375912
v 0.09678394 1.72824428 -0.04610346
v 0.00177845 1.73940888 -0.10403852
v -0.03793072 1.75082588 -0.09186039
v -0.09479862 1.75336104 -0.06226421
v -0.09907620 1.75791240 -0.03465408
v -0.02632654 1.70111455 0.06344221
v -0.01322751 1.69301035 0.06931294
v 0.11138208 1.73323159 -0.08045553
v 0.08928340 1.74084615 -0.09500502
v -0.07974736 1.75461761 -0.07265334
v -0.10340416 1.75065880 0.00024835
v -0.05551043 1.72611611 0.03242583
v -0.04227690 1.71113315 0.05023131
v 0.07085807 1.69361533 0.03102730
v 0.08493013 1.73083126 -0.04648089
v 0.01843054 1.74212005 -0.10477637
v -0.01854379 1.75325726 -0.09382957
v -0.07302448 1.74962505 -0.08088185
v -0.08240418 1.74349516 0.02581583
v -0.03258731 1.71300605 0.06086198
v 0.04822582 1.68535410 0.06285803
v -0.09419294 1.76082072 -0.04153676
v -0.09586823 1.74948686 0.00800608
v 0.03340644 1.68244201 0.07249787
v 0.06264563 1.68824404 0.04424764
v 0.08011439 1.70687378 0.00952651
v 0.10456961 1.73770924 -0.05912419
v 0.03562156 1.74438835 -0.10362244
v -0.03764958 1.75923036 -0.08646974
v -0.09698360 1.75599787 -0.00969309
v -0.06465900 1.73794097 0.02061582
v -0.05577885 1.73533160 0.02610454
v 0.08222617 1.71681723 -0.00377134
v 0.08044807 1.74652613 -0.08682133
v 0.05219234 1.74672378 -0.09917231
v 0.00598314 1.75365267 -0.09805705
v -0.08690886 1.76120346 -0.05732084
v -0.04562801 1.72350260 0.04582175
v 0.07995901 1.72994582 -0.02053299
v 0.07871792 1.73320090 -0.03904372
v 0.06864879 1.74602908 -0.09390467
v 0.02163977 1.75592196 -0.09704539
v -0.00539594 1.75791163 -0.09302756
v -0.02656720 1.76232922 -0.08176540
v -0.06373661 1.76587433 -0.07455798
v -0.08924910 1.76628169 -0.02748926
v -0.08875599 1.76170402 0.00070312
v 0.00756627 1.69238688 0.07696650
v 0.03319934 1.68699212 0.08024315
v 0.04654041 1.69002179 0.07511729
v 0.08508752 1.74859478 -0.06883886
v 0.09314452 1.74555475 -0.07268900
v 0.00252375 1.75930086 -0.08554241
v -0.07182749 1.76796855 -0.06687691
v -0.08307938 1.76827657 -0.04940697
v -0.08595613 1.75602156 0.01230187
v -0.06720939 1.75018523 0.01015228
v 0.00931921 1.75934091 -0.07094840
v 0.03824127 1.75615976 -0.09587778
v 0.04222503 1.69742247 0.08494103
v 0.06996487 1.74478253 -0.03730300
v 0.00518643 1.76112850 -0.06397940
v -0.01863031 1.76005872 -0.06453706
v -0.06397341 1.75771088 -0.00064868
v -0.05518749 1.74893756 0.01858715
v -0.05090600 1.74440981 0.02858808
v 0.05776948 1.69397387 0.05803933
v 0.07104124 1.75760241 -0.08349408
v 0.05132617 1.75784123 -0.08762133
v -0.00811037 1.75793008 -0.06743299
v -0.02693204 1.76347758 -0.05498108
v -0.04793705 1.76518625 -0.03544983
v -0.04301609 1.73010569 0.05166560
v -0.01703771 1.71036858 0.07283435
v 0.07791159 1.70999790 0.02467383
v 0.08230453 1.72367796 0.00276516
v -0.05524798 1.76196646 -0.00618563
v 0.03359355 1.69841019 0.08943594
v 0.07924312 1.72587709 0.03543716
v 0.06685881 1.75110870 -0.03973455
v 0.02360683 1.76149413 -0.05891648
v -0.00333564 1.71692333 0.08440598
v 0.06272350 1.70728913 0.06471890
v 0.07712569 1.74880685 -0.01511382
v 0.04783032 1.75956879 -0.04770210
v -0.03105402 1.76847536 -0.04429751
v -0.04723542 1.76624515 -0.02673403
v -0.02326839 1.72494744 0.07518341
v 0.01371982 1.70134563 0.08674988
v 0.01508729 1.77214945 -0.04981411
v 0.04264202 1.69752299 0.09163565
v 0.05480884 1.70199788 0.07677746
v 0.07236869 1.71295274 0.04376721
v -0.01179774 1.77169304 -0.04985537
v 0.02937088 1.69977566 0.09654461
v 0.05424883 1.68534220 0.11259675
v -0.04611870 1.75075674 0.04105189
v 0.02296575 1.70187750 0.09225912
v 0.05185301 1.76525965 -0.03699378
v -0.02745519 1.77854538 -0.03240671
v -0.01464972 1.72796001 0.08509012
v 0.02096124 1.70309910 0.10089900
v 0.02361020 1.69280590 0.11566093
v 0.06743484 1.69264200 0.10178253
v 0.06619632 1.71245155 0.07050350
v 0.06399375 1.75601568 -0.03414165
v 0.08148659 1.73497663 -0.00776872
v 0.00344233 1.77381269 -0.04844865
v -0.01016016 1.77882656 -0.04178553
v -0.03726484 1.77675973 -0.02237055
v 0.01677715 1.70696300 0.09533108
v 0.05998274 1.68477745 0.11593370
v 0.07484225 1.70228120 0.09181903
v 0.07717856 1.72780974 0.04687409
v 0.02753701 1.69080616 0.12658805
v 0.04945421 1.68468848 0.12499214
v 0.06876031 1.71084410 0.07705308
v 0.08424629 1.73748893 0.01741216
v 0.02991829 1.77149666 -0.04626139
v -0.04589122 1.76032772 0.03169639
v 0.06877784 1.69118066 0.11133379
v 0.07528772 1.69990690 0.09939286
v -0.01345896 1.78835826 -0.02959311
v -0.00823530 1.72630301 0.09285520
v 0.08331635 1.73457486 0.02445588
v 0.04525452 1.77426592 -0.03389763
v -0.04416921 1.77400399 -0.00883391
v 0.00858637 1.70540346 0.12658625
v 0.04177048 1.68990395 0.13271250
v 0.01831485 1.79041081 -0.03190655
v 0.00208605 1.71700768 0.09972689
v 0.06521488 1.69074618 0.12167469
v 0.07774525 1.72759915 0.05701419
v 0.06722861 1.76576231 -0.01989743
v 0.00800187 1.70532041 0.11790126
v 0.08555091 1.74381672 0.03007669
v -0.04539726 1.76783591 0.01741921
v -0.03442759 1.73731807 0.06930961
v 0.07558451 1.75773175 -0.01064440
v 0.02864429 1.78927889 -0.03052300
v 0.00843049 1.79390872 -0.03009674
v -0.03382112 1.79265818 0.00560401
v -0.04098124 1.74996461 0.06140754
v 0.05616328 1.69316380 0.12973061
v -0.04111970 1.77784035 0.02898348
v -0.04251500 1.76180554 0.05613438
v -0.00344780 1.71707843 0.12698400
v 0.04621347 1.70106740 0.13636420
v 0.08381897 1.73080313 0.05874438
v -0.02355140 1.79504738 -0.01447685
v -0.02823480 1.74225768 0.08151637
v -0.02180104 1.73909617 0.09055887
v -0.02086739 1.73739045 0.09569200
v 0.02274572 1.69950770 0.13234880
v 0.07370933 1.70611681 0.11559476
v 0.08743328 1.72029543 0.07616843
v -0.00979747 1.79916378 -0.02060900
v -0.03137433 1.79087077 -0.00676593
v 0.06437536 1.70483666 0.12874773
v 0.07695261 1.70322813 0.10508134
v 0.08837212 1.74090920 0.04958999
v 0.06498067 1.78034324 -0.00989009
v -0.04242401 1.76948187 0.04963606
v -0.01486907 1.72727896 0.11542123
v -0.00389578 1.72405756 0.13677733
v 0.08535398 1.74309782 0.03955594
v 0.07380522 1.77519290 -0.00327016
v 0.04146889 1.78868113 -0.02497437
v 0.03691387 1.81124213 -0.03840771
v -0.03217783 1.75100074 0.09296088
v 0.09105338 1.72123022 0.08157236
v 0.08487860 1.75364007 0.01068574
v -0.03738392 1.75572297 0.07548730
v 0.08215869 1.71764226 0.11339096
v 0.00548817 1.81040120 -0.03321850
v 0.05745405 1.70752719 0.13722174
v 0.09707944 1.73429827 0.06771360
v 0.08969274 1.75240083 0.03967951
v 0.08846707 1.76020120 0.02473758
v 0.01877572 1.80959240 -0.04143838
v 0.00220330 1.80442999 -0.02121482
v -0.04025448 1.78302827 0.03888012
v -0.01986317 1.73282778 0.11980722
v 0.03519953 1.72020284 0.14796249
v 0.03249632 1.70531551 0.13863905
v 0.09960880 1.73373754 0.07785975
v 0.04604108 1.79578398 -0.01622330
v 0.04001625 1.79661971 -0.02334918
v 0.00776469 1.72253382 0.14453353
v 0.01853562 1.71740118 0.14455970
v -0.04043985 1.76652832 0.07361523
v -0.02678791 1.74348376 0.11212307
v -0.01421081 1.73105406 0.13058848
v 0.08652520 1.71478281 0.09541431
v -0.00437508 1.81965801 -0.02755973
v -0.00444103 1.80783070 -0.01608166
v 0.04724333 1.71294882 0.14697999
v 0.06816266 1.71510027 0.13643066
v 0.09378960 1.76763807 0.03377586
v -0.02675106 1.80456032 0.00093755
v -0.03605514 1.76154414 0.09802773
v 0.05755240 1.71335634 0.14608607
v 0.03210973 1.81602939 -0.04214853
v -0.03909015 1.79222913 0.03876031
v -0.02910619 1.75249528 0.11680931
v 0.04790469 1.72015193 0.15021144
v 0.09900656 1.73352194 0.09599522
v 0.10253425 1.74373356 0.06920894
v 0.08257063 1.76903634 0.00715570
v 0.04424160 1.80984276 -0.01313524
v -0.01798991 1.81054752 -0.00527356
v 0.05767649 1.71932244 0.14788424
v 0.06771990 1.72181847 0.14172284
v -0.00698992 1.73772233 0.14447764
v 0.01727252 1.72488096 0.15017221
v -0.03433628 1.80646228 0.02203793
v -0.04288151 1.78085371 0.06186157
v 0.02730376 1.72558188 0.15310410
v 0.01864499 1.82762405 -0.03632556
v 0.09973941 1.74763386 0.05754824
v 0.10430326 1.77361679 0.04933217
v 0.08237523 1.79673426 0.00925195
v 0.07377001 1.78967957 0.00125750
v 0.00519692 1.82675476 -0.03196576
v -0.00035809 1.83318247 -0.01940979
v -0.00114001 1.81480015 -0.01374142
v -0.04350336 1.79367740 0.05504005
v -0.02163650 1.74188253 0.12812481
v 0.07350327 1.72566329 0.14243528
v 0.10752413 1.75189820 0.07928157
v 0.05149467 1.80556236 -0.00830193
v -0.00126224 1.82303051 -0.01290089
v -0.03720775 1.77153255 0.10266967
v -0.01767343 1.75175999 0.13823549
v 0.04977098 1.72564800 0.15718959
v 0.08825133 1.72504210 0.11461601
v 0.00346806 1.83550454 -0.02605688
v -0.01322691 1.82064788 -0.00350676
v -0.04391894 1.78187285 0.09102617
v 0.06773428 1.72591312 0.14898554
v 0.08606280 1.73024376 0.12804425
v 0.04115877 1.82340551 -0.03483241
v -0.04114363 1.77805050 0.10128756
v 0.07813908 1.73124104 0.14106469
v 0.09633723 1.78291175 0.03236442
v 0.02323824 1.84072756 -0.03304178
v 0.00976979 1.83699285 -0.03276641
v -0.04517072 1.79798436 0.08005036
v 0.05349596 1.73477215 0.15904843
v 0.06619664 1.73486963 0.15454998
v 0.04005429 1.83463476 -0.01878826
v 0.03011838 1.83310668 -0.03256381
v -0.00560952 1.83389020 -0.00322613
v -0.05391475 1.78530055 0.09676159
v -0.02768471 1.76316163 0.12469398
v 0.10365385 1.78554185 0.03709573
v 0.03664433 1.83588272 -0.02682983
v -0.02779840 1.81313496 0.00743160
v -0.04052991 1.82419965 0.03348841
v -0.05791917 1.80067292 0.08473176
v 0.10721532 1.78070972 0.04810615
v 0.08908580 1.79133821 0.01737669
v 0.07663800 1.80469706 0.00551175
v 0.05216533 1.82109870 -0.00595969
v -0.02635561 1.78185270 0.12924270
v 0.01172213 1.74255854 0.15945159
v 0.04650400 1.74243326 0.16055584
v 0.10541952 1.74555211 0.08928889
v -0.03227126 1.83345788 0.01835307
v -0.03769067 1.77976538 0.10683321
v -0.00783289 1.74812149 0.14825466
v 0.06308010 1.73525708 0.16158301
v 0.10717017 1.76060735 0.06528515
v 0.09852235 1.79980288 0.02998983
v 0.02520733 1.84968659 -0.03294415
v -0.00122572 1.85132584 -0.02941317
v 0.00773050 1.76738863 0.16860127
v 0.02666992 1.73510638 0.15755288
v 0.10310246 1.80252221 0.03064076
v 0.00475010 1.85145645 -0.03197598
v -0.01017765 1.84357776 0.00429992
v -0.04728322 1.81741473 0.05600893
v -0.05591641 1.80203735 0.09593985
v -0.03981990 1.79789152 0.10791883
v 0.03868681 1.74744640 0.16203073
v 0.06722495 1.73325072 0.17794260
v 0.07429598 1.74237050 0.15256617
v 0.10075409 1.74624160 0.11402825
v 0.11318821 1.78299261 0.06952738
v 0.11676149 1.79340714 0.03031949
v 0.00602154 1.86373901 -0.03015224
v 0.08858865 1.74299768 0.13287984
v 0.03001645 1.85700544 -0.03760177
v 0.00038214 1.84258328 -0.01959589
v -0.04833470 1.81526118 0.06750766
v 0.09103169 1.82191397 0.01441664
v 0.04063139 1.86049887 -0.03457677
v 0.02797017 1.86263112 -0.04006156
v 0.04433404 1.74818174 0.16499487
v 0.07812211 1.75104421 0.15243110
v 0.08451768 1.82057938 0.00934406
v 0.04818823 1.83876902 -0.00529723
v 0.10387802 1.81543626 0.02628106
v 0.06301152 1.83337325 -0.00175713
v -0.03277645 1.85759840 0.02925668
v 0.02482147 1.75004878 0.16520102
v 0.05558371 1.74059065 0.18046280
v 0.07792773 1.74464032 0.14387649
v -0.00520829 1.85006254 -0.00244080
v -0.02715156 1.84548529 0.01668423
v -0.04950058 1.81730114 0.07647398
v -0.01232119 1.78636438 0.14978907
v 0.01694939 1.76365316 0.17052271
v 0.04116383 1.75634749 0.16601344
v 0.07894900 1.74210523 0.16906841
v 0.11059955 1.79786215 0.05098606
v 0.11459828 1.79993302 0.03967159
v -0.03774668 1.83187375 0.02774355
v -0.06120821 1.81493750 0.08632919
v -0.05733978 1.81879892 0.09022582
v 0.09827268 1.74996748 0.12519211
v 0.11407599 1.77323290 0.11162806
v 0.09845398 1.81864868 0.02321118
v 0.02445453 1.86638562 -0.03394482
v -0.00770219 1.85612981 -0.01991853
v -0.04498713 1.81662388 0.09291233
v 0.06641102 1.74085857 0.18616623
v 0.07562172 1.73902532 0.17915222
v 0.07609487 1.75767428 0.17081489
v 0.09821422 1.76507848 0.13703801
v 0.11690033 1.81666898 0.02782332
v 0.00006019 1.86487163 -0.02151699
v -0.02601785 1.85922003 0.02113121
v -0.04814745 1.83170373 0.05795594
v -0.06043639 1.81942758 0.08233818
v -0.00206777 1.77186970 0.16060177
v 0.05767733 1.75167885 0.18141569
v 0.08294621 1.76211938 0.14926490
v 0.11143160 1.77323189 0.12582597
v 0.11042321 1.76643109 0.11661765
v 0.08037827 1.83421349 0.00748350
v 0.05081134 1.84688728 -0.00329232
v 0.01693657 1.87461755 -0.03091351
v 0.00092646 1.87484887 -0.02016585
v 0.11538809 1.81554262 0.02313484
v 0.02285738 1.87365462 -0.03282974
v -0.00589669 1.86992081 -0.00220603
v -0.04808165 1.83524547 0.07226843
v 0.06179119 1.76029310 0.18380209
v -0.00890962 1.86228287 0.00603938
v -0.05796178 1.82946661 0.09016474
v 0.05127054 1.76311177 0.17297322
v 0.10723121 1.81365121 0.03772491
v 0.11570892 1.83185089 0.02445175
v 0.06523167 1.84648863 0.00174792
v 0.03209037 1.86711682 -0.02463309
v -0.01409032 1.86197282 0.01265944
v 0.11279544 1.80566635 0.05997087
v 0.10780662 1.82173028 0.03929520
v -0.04706265 1.84261234 0.06122035
v -0.03779384 1.81690976 0.10812024
v 0.07146970 1.75640157 0.18190681
v 0.10759657 1.77277309 0.13185629
v 0.11599482 1.82776949 0.03465096
v 0.10457918 1.82979309 0.02551340
v 0.05238939 1.86505341 -0.01901533
v 0.04353044 1.86886881 -0.02231772
v 0.07870058 1.76623384 0.16095159
v 0.09170396 1.77318459 0.14605197
v 0.11597294 1.77988830 0.09824423
v 0.08592082 1.84304175 0.01240300
v -0.03916030 1.85401466 0.04017546
v -0.04563715 1.82840458 0.10196057
v -0.00144563 1.79020946 0.16236616
v 0.01481256 1.78786373 0.17016872
v 0.07694356 1.86072455 0.01246804
v 0.05534537 1.85965216 -0.00192224
v 0.04137045 1.87579298 -0.01740445
v -0.03048996 1.80056944 0.12269721
v -0.01786485 1.80881782 0.14455151
v 0.02346736 1.77288096 0.17177951
v 0.02888176 1.78231882 0.17701258
v 0.04711363 1.77541648 0.17196825
v 0.08051287 1.77824989 0.15767714
v 0.10399857 1.78036908 0.13900676
v 0.11285348 1.82884702 0.04776077
v 0.11182714 1.81761735 0.06127410
v 0.02946507 1.88184777 -0.02886736
v 0.01824914 1.88411777 -0.02830094
v 0.00824140 1.88111119 -0.01739950
v -0.04256382 1.86607941 0.04882414
v -0.03025315 1.82182452 0.12068886
v 0.07382422 1.77384335 0.18160208
v 0.11807296 1.79547805 0.11480620
v 0.01096787 1.89063619 -0.01858950
v -0.00927104 1.87152053 0.01290078
v 0.11709609 1.79794499 0.08190111
v 0.11893673 1.84208062 0.02489297
v 0.04978742 1.87346557 -0.01251600
v -0.00284401 1.87957436 0.00441654
v 0.11024772 1.79257456 0.13283132
v 0.11428594 1.82973306 0.06239815
v 0.10247614 1.84369061 0.03252410
v 0.05503488 1.86605646 0.00416637
v 0.02167689 1.89230919 -0.02650153
v -0.04233147 1.83327674 0.11096795
v 0.00099086 1.79839693 0.16637325
v 0.02559694 1.78957069 0.17821339
v -0.00189576 1.88567895 0.00435107
v -0.03682767 1.87338580 0.03666489
v -0.05348929 1.84348170 0.09592544
v 0.06605510 1.77922007 0.18315543
v 0.07615836 1.78123246 0.16768425
v 0.08085118 1.79049718 0.16187184
v 0.11942472 1.81955983 0.10026838
v 0.09171206 1.84872046 0.01952023
v 0.03325619 1.88251392 -0.01445298
v -0.04382958 1.84975509 0.09899198
v 0.01168359 1.79984924 0.17959661
v 0.03382844 1.78986186 0.17992786
v 0.09761671 1.78686465 0.15201580
v 0.11369803 1.82444172 0.07449501
v 0.11489265 1.83729110 0.04426375
v 0.12385881 1.84849037 0.03829456
v 0.11752630 1.84648131 0.03105707
v 0.06515394 1.87215596 0.00902822
v 0.05707426 1.88128835 -0.00553169
v 0.03582873 1.88822384 -0.01253437
v -0.03809072 1.83808195 0.11420569
v 0.11971708 1.80798884 0.10766118
v 0.12150848 1.84437771 0.04877398
v 0.05069294 1.88076940 -0.01128729
v 0.00503069 1.89075254 -0.00746254
v -0.00944486 1.88364879 0.02157326
v -0.01438441 1.82477454 0.15163957
v 0.05167514 1.78796476 0.17430446
v 0.06341516 1.78468703 0.18482177
v 0.07877836 1.78722010 0.17674190
v 0.09853796 1.86233698 0.03279252
v 0.02990414 1.89483938 -0.02457410
v -0.04673914 1.85891030 0.06150367
v 0.07278178 1.78483317 0.18293258
v 0.10205681 1.79344917 0.15162124
v 0.11290741 1.79871410 0.13787587
v 0.11806049 1.80341831 0.12369368
v 0.10670983 1.85065093 0.04465956
v -0.00491348 1.89716161 0.02356081
v 0.03203930 1.79493135 0.19264466
v 0.05836774 1.79000456 0.19318035
v 0.10474382 1.79657307 0.16686618
v -0.03106943 1.88073690 0.03329151
v -0.00447426 1.80852151 0.16326882
v 0.11959181 1.80615822 0.14358300
v 0.10987573 1.85178821 0.05220630
v 0.11452544 1.84680713 0.06667134
v 0.08964850 1.86397791 0.02155757
v 0.01671043 1.90875282 -0.01333259
v 0.01007210 1.89753380 -0.00351650
v 0.00241130 1.89297973 0.00691536
v -0.01141974 1.89237021 0.03138495
v -0.04510438 1.86300111 0.08169571
v -0.02801118 1.83473016 0.12895269
v 0.11451682 1.84663881 0.05884646
v 0.06504145 1.88139045 0.01120384
v 0.03184250 1.89584016 -0.00176515
v 0.01982974 1.90748405 -0.01552952
v -0.04322485 1.85714619 0.10108026
v 0.04429702 1.79253030 0.19340614
v 0.09496195 1.79470210 0.18029854
v 0.11373899 1.80019487 0.16061987
v 0.12259231 1.82038053 0.12398128
v 0.05937619 1.88712336 0.00047071
v 0.05363625 1.88763533 -0.00422492
v 0.06465042 1.79427629 0.19682970
v 0.09058418 1.87723844 0.03073750
v 0.02427789 1.90478587 -0.01159767
v 0.12233688 1.83449287 0.10224234
v 0.06596434 1.88921580 0.01606344
v 0.01313589 1.90075794 0.00625303
v -0.02728373 1.89211417 0.04274541
v -0.02207583 1.83940536 0.14346803
v -0.00647828 1.82453042 0.16387838
v 0.00364231 1.81781455 0.17433277
v 0.07806021 1.88361777 0.02186850
v 0.03448128 1.90399426 0.00244128
v -0.03870062 1.88954796 0.08686716
v 0.02193022 1.79899860 0.19010165
v 0.11759013 1.80574131 0.15666838
v 0.01826518 1.91416787 -0.01133862
v -0.03698036 1.88519639 0.05001539
v 0.08750294 1.79474002 0.18741801
v 0.05857591 1.90114647 0.00694907
v 0.02463110 1.91234787 -0.01141699
v 0.06430524 1.80201658 0.20029653
v 0.12228464 1.82075544 0.13642347
v 0.02733548 1.91504306 -0.00028752
v 0.01121447 1.90561836 0.01321280
v -0.03852448 1.85041560 0.11556777
v 0.09347359 1.80416558 0.18993195
v 0.11859695 1.81953004 0.15204987
v 0.11703287 1.85595713 0.07202463
v 0.10694986 1.86635967 0.04692210
v 0.04762460 1.81853775 0.20023517
v 0.06519748 1.89930977 0.02324338
v 0.05921200 1.90722503 0.00766983
v 0.03595714 1.90795855 0.00712246
v 0.01441273 1.91845102 -0.00254072
v -0.00001854 1.90976663 0.03409584
v -0.00827569 1.90338115 0.04160855
v 0.05501983 1.80206496 0.20093861
v 0.10102702 1.80382873 0.18255311
v 0.10634965 1.81093827 0.17660187
v 0.06054599 1.91172444 0.00994342
v -0.02711859 1.90121162 0.05608526
v -0.03826880 1.88125591 0.11059726
v -0.00821594 1.83812218 0.16645549
v 0.01429409 1.81391776 0.18264114
v 0.12900517 1.85023417 0.11931130
v 0.06727995 1.91316445 0.01303484
v 0.02194355 1.92370389 0.00345166
v -0.03458369 1.87956473 0.12612392
v 0.10140233 1.89196170 0.05020457
v 0.07298270 1.90325767 0.02947272
v 0.05384632 1.91945094 0.01031395
v 0.01492198 1.92571059 0.00221112
v 0.01311024 1.91542662 0.01610691
v -0.03421277 1.89737270 0.07112385
v -0.00079154 1.83842481 0.17506349
v 0.03116624 1.81561093 0.19203108
v 0.08885507 1.81833887 0.19305820
v 0.09055447 1.89784580 0.04087450
v 0.03501287 1.91539835 0.00832886
v 0.00111540 1.91639144 0.03630810
v -0.00589305 1.91253596 0.05488180
v -0.02201725 1.85293581 0.15001708
v 0.01438489 1.83673205 0.18561054
v 0.10516984 1.82067433 0.18135600
v 0.11215274 1.82029307 0.16711690
v 0.01807145 1.91937185 0.02051676
v -0.00423664 1.85662289 0.17301511
v 0.03212630 1.92862396 0.01041311
v 0.00240004 1.92084530 0.04702697
v 0.06038152 1.81760811 0.20108468
v 0.07081422 1.81547173 0.19954905
v 0.12767702 1.84705713 0.13648562
v 0.12759006 1.85570286 0.10369304
v 0.11848348 1.87518231 0.07199454
v 0.11287786 1.88643065 0.06432681
v 0.06706345 1.92135203 0.02225679
v 0.01929415 1.92881843 0.02316776
v 0.11950843 1.84130584 0.16294618
v -0.02216259 1.91345011 0.09153291
v 0.06849251 1.83412520 0.20339568
v 0.12276626 1.87258435 0.08467107
v 0.04090398 1.92966078 0.02037523
v 0.03007610 1.93662811 0.01291894
v 0.01929081 1.93135532 0.00820112
v 0.02029670 1.84983174 0.18998327
v 0.05641109 1.83250948 0.20431477
v 0.10673061 1.90545057 0.06627443
v 0.07302964 1.91428639 0.03953956
v 0.04725543 1.92548563 0.01490391
v -0.03314504 1.89981987 0.09308098
v 0.00419514 1.86666942 0.17678652
v 0.03229818 1.83589999 0.19768100
v 0.11404937 1.83621632 0.17328195
v 0.01015145 1.92419208 0.04082703
v -0.01625548 1.91154426 0.06601746
v -0.03173538 1.89809975 0.11305603
v 0.08933301 1.83539568 0.19605136
v 0.11658346 1.90101749 0.08170446
v 0.06445973 1.93141906 0.02114403
v 0.04431820 1.93721070 0.01910532
v 0.02649414 1.93913351 0.01691264
v -0.00172593 1.91927931 0.06249219
v -0.00698268 1.92527240 0.08192781
v -0.02349598 1.88987618 0.13869615
v -0.01318082 1.86372974 0.16412915
v 0.07750578 1.83464757 0.20049230
v 0.10005216 1.83156617 0.18949089
v 0.10668605 1.83850722 0.18505411
v 0.12998392 1.86319235 0.12548507
v 0.01320090 1.93128259 0.03754515
v -0.01788602 1.91692449 0.08335381
v 0.12247513 1.85820039 0.15062037
v 0.06877790 1.92023231 0.03607294
v 0.00445583 1.92713087 0.07250679
v -0.02089098 1.87561682 0.15100951
v 0.04723041 1.83390983 0.20354125
v 0.12736345 1.87446682 0.12543952
v 0.12191552 1.89024164 0.08875700
v 0.09041309 1.91449953 0.05216064
v 0.01953479 1.93979612 0.04314188
v 0.00493340 1.93069932 0.05719279
v -0.02529391 1.90275796 0.12599703
v 0.03709775 1.84328111 0.20021118
v 0.04885386 1.85625069 0.20112226
v 0.05827690 1.84292944 0.20404487
v 0.08973182 1.85502795 0.19488193
v -0.00609526 1.87777634 0.16526302
v 0.02226228 1.86216051 0.18968808
v 0.09753645 1.91422560 0.06195814
v 0.05468529 1.93595279 0.02096364
v 0.03340943 1.94469688 0.02184112
v -0.02016033 1.91518088 0.11530659
v 0.06888902 1.92514146 0.04990457
v 0.12492469 1.88789451 0.10167006
v 0.07106933 1.93174134 0.05715261
v 0.02395760 1.94522668 0.03122548
v 0.00933700 1.94380184 0.05225598
v 0.08181710 1.84984526 0.19828441
v 0.11229434 1.84882629 0.17739327
v 0.08497296 1.92209723 0.05628167
v 0.06564429 1.93644712 0.03664566
v 0.06325837 1.94420270 0.04254580
v 0.03971441 1.94081102 0.03406085
v 0.03165686 1.94589638 0.03434861
v 0.06432789 1.85541846 0.20130283
v 0.11576938 1.85732701 0.16906576
v 0.09694157 1.92291683 0.06675828
v 0.00153394 1.93244821 0.08600601
v -0.00970417 1.92639512 0.09457056
v -0.00357145 1.89608305 0.15486917
v 0.09657793 1.86069651 0.18976712
v 0.05562933 1.94533970 0.03975716
v -0.01338938 1.91566050 0.12958329
v -0.01741963 1.90285290 0.13949494
v 0.02706293 1.87340509 0.18801138
v 0.06755491 1.85722479 0.20425199
v 0.09988171 1.84375076 0.21597832
v 0.11932270 1.87325708 0.15002381
v 0.11021412 1.91565084 0.08364386
v 0.08123813 1.93316531 0.06481185
v 0.01755257 1.95092368 0.03712030
v 0.11800406 1.90651247 0.09690485
v 0.00479884 1.93996361 0.06774104
v 0.00490442 1.93548431 0.07997123
v 0.03914122 1.86050241 0.19800004
v 0.10630570 1.84993285 0.21785420
v 0.11300939 1.86938430 0.16671635
v 0.06757896 1.94475608 0.04902769
v 0.03624403 1.95114337 0.03935327
v -0.00949910 1.92775096 0.10972575
v -0.00701163 1.90990782 0.14260551
v 0.06906860 1.85094046 0.22285853
v 0.09981710 1.85662784 0.19946594
v 0.12152507 1.89189056 0.11896884
v 0.01287194 1.95698524 0.04452113
v 0.00631276 1.95018074 0.05419348
v 0.06064895 1.86562832 0.19945873
v 0.11654387 1.88946157 0.13776897
v 0.08337531 1.93683428 0.07198441
v 0.01338554 1.95678036 0.05707434
v 0.04540137 1.87783765 0.19278280
v 0.09858468 1.87062407 0.18429428
v 0.10511059 1.87093719 0.17775790
v 0.10700086 1.88344036 0.16440983
v 0.11151367 1.90509215 0.12158289
v 0.10778075 1.92162133 0.09900273
v 0.10040384 1.92786860 0.08555896
v 0.05595445 1.95347199 0.04877046
v 0.01868940 1.88703841 0.17621570
v 0.06116107 1.87592592 0.19571062
v 0.08248830 1.85254356 0.22934635
v 0.09693498 1.85200562 0.22113845
v 0.07374258 1.85419043 0.22992453
v 0.00592652 1.94970231 0.07203858
v 0.00375847 1.93684333 0.09731305
v -0.00220472 1.93295916 0.11069460
v 0.00360784 1.91785934 0.14180496
v 0.00811094 1.90757261 0.15499297
v 0.06132707 1.86502063 0.21312199
v 0.09980098 1.86815910 0.19379156
v 0.09525710 1.87983787 0.18288583
v 0.11456006 1.91254139 0.10826118
v 0.07533124 1.94256262 0.06422302
v 0.01953164 1.95451466 0.07139623
v 0.01514729 1.95294306 0.07864319
v 0.02140207 1.90463481 0.16458620
v 0.06045989 1.87189046 0.21027120
v 0.09727383 1.87554244 0.20189479
v 0.10749234 1.90366020 0.13847383
v 0.06710450 1.95157385 0.05737013
v 0.03184736 1.95840180 0.04911215
v 0.01489423 1.94251720 0.09888652
v 0.01669410 1.91630619 0.15350382
v 0.03573312 1.88671004 0.18461441
v 0.04577202 1.89412153 0.18247507
v 0.02396488 1.95867271 0.05726759
v 0.09724225 1.87934503 0.19148498
v 0.03961488 1.90381033 0.17187237
v 0.07933585 1.86001482 0.23034479
v 0.09991788 1.86165111 0.22005419
v 0.08511082 1.93993200 0.08566265
v 0.02727487 1.96649609 0.07191486
v 0.00801275 1.94129776 0.08663199
v 0.00912270 1.93118309 0.12680848
v 0.09540883 1.88755459 0.17531900
v 0.09731685 1.90498871 0.15898255
v 0.10162122 1.90189404 0.15284107
v 0.02110313 1.93988819 0.11621548
v 0.06089260 1.87943420 0.21167564
v 0.07383839 1.86678394 0.22001175
v 0.07079297 1.87812273 0.21566481
v 0.09878854 1.92622782 0.11760859
v 0.04333600 1.96116780 0.04909478
v 0.03104179 1.96667689 0.06024814
v 0.10262380 1.88457199 0.18698444
v 0.10730008 1.91424080 0.12440226
v 0.07687753 1.95114469 0.07691385
v 0.05462381 1.96044263 0.04893340
v 0.04696619 1.96996740 0.05997817
v 0.02066628 1.95785756 0.08977575
v 0.02714038 1.93494999 0.12963041
v 0.08980117 1.86259240 0.23045733
v 0.09497973 1.87304464 0.22246582
v 0.09489614 1.88526570 0.21000594
v 0.10343733 1.88764582 0.19351117
v 0.09204949 1.92527361 0.13359945
v 0.08718975 1.93964353 0.09921740
v 0.07594023 1.95648234 0.08539595
v 0.08964319 1.93462669 0.11490482
v 0.06833665 1.95878337 0.07311577
v 0.02583929 1.95036970 0.10496991
v 0.09897980 1.89618592 0.17523835
v 0.09354423 1.91685568 0.14666629
v 0.03495152 1.96330293 0.08940068
v 0.03489203 1.94673986 0.11998267
v 0.03411855 1.92032881 0.15503139
v 0.06037066 1.89361312 0.20191392
v 0.09863617 1.89696685 0.19145205
v 0.03979603 1.93233966 0.14728186
v 0.06486771 1.89454062 0.21455083
v 0.09550130 1.90794068 0.17070921
v 0.04218694 1.97181654 0.07972994
v 0.05232728 1.90954454 0.17850633
v 0.08024548 1.87124278 0.22918573
v 0.09474877 1.90439306 0.18628044
v 0.09129191 1.92375460 0.15030688
v 0.07984382 1.94900634 0.10138138
v 0.07513101 1.88662473 0.22108096
v 0.09340084 1.88432472 0.21966178
v 0.09631333 1.89244254 0.21530776
v 0.06900482 1.95941411 0.10005235
v 0.06971298 1.96416368 0.08228700
v 0.04580561 1.97346636 0.07017061
v 0.03929711 1.95542542 0.10617360
v 0.03852415 1.94386901 0.13048970
v 0.04993464 1.92523199 0.17183447
v 0.06304328 1.90446792 0.19316107
v 0.06203297 1.90142231 0.20603820
v 0.08764646 1.88455403 0.22304954
v 0.07514959 1.95109501 0.11795639
v 0.06425801 1.97262743 0.08367602
v 0.05354026 1.97172653 0.07259987
v 0.06035184 1.91884718 0.17761937
v 0.09892334 1.90128377 0.19891844
v 0.08598265 1.91640541 0.17362028
v 0.08904885 1.92747413 0.15310244
v 0.08662251 1.93888600 0.12305439
v 0.07372260 1.94836896 0.13334909
v 0.05507253 1.93005138 0.17211751
v 0.09488745 1.91122995 0.18681867
v 0.04447997 1.96827067 0.09543628
v 0.04997141 1.93913467 0.14526176
v 0.06783097 1.91075155 0.19845515
v 0.07276141 1.89973067 0.21283165
v 0.09813801 1.91081188 0.20020588
v 0.06639827 1.96004492 0.11878008
v 0.07591071 1.94656198 0.14437173
v 0.04479525 1.96454682 0.10887709
v 0.06425594 1.92538295 0.18210096
v 0.08520334 1.90478566 0.21426523
v 0.09858382 1.91681179 0.17989463
v 0.09628158 1.92797488 0.16576083
v 0.09109368 1.93413933 0.15796660
v 0.08051481 1.93553731 0.15145197
v 0.05435452 1.97514554 0.08722875
v 0.04460982 1.95735313 0.11939500
v 0.04650984 1.95230645 0.12791174
v 0.05154349 1.94589341 0.14678566
v 0.05610141 1.93826268 0.16515684
v 0.09553990 1.92684968 0.17795557
v 0.05141818 1.97218773 0.10924734
v 0.07498502 1.90618377 0.21067978
v 0.09212875 1.89932643 0.21585107
v 0.09172708 1.92234408 0.19208577
v 0.06468890 1.96789299 0.11202812
v 0.07152250 1.92838126 0.18629751
v 0.06930729 1.97596242 0.09643950
v 0.05022334 1.95694435 0.13682640
v 0.06806176 1.97238356 0.11484801
v 0.05437993 1.96860031 0.12157953
v 0.08716666 1.93611518 0.17872699
v 0.07045010 1.95782607 0.13738952
v 0.05876507 1.97881767 0.10734992
v 0.06905770 1.94414761 0.17676321
v 0.07424519 1.93513714 0.18453994
v 0.08925532 1.92274952 0.20138847
v 0.09277581 1.92768800 0.19762991
v 0.08712070 1.94360983 0.15783998
v 0.08011810 1.95506143 0.14947365
v 0.08391693 1.92928129 0.19522940
v 0.05057174 1.97904281 0.11746446
v 0.06028564 1.95145468 0.16391665
v 0.08260976 1.93722197 0.18365191
v 0.07226805 1.96424623 0.14039960
v 0.06623667 1.97644396 0.11260362
v 0.07138811 1.95620492 0.16205548
v 0.07572397 1.96162687 0.15571882
v 0.06285553 1.97656364 0.12850688
v 0.06574268 1.97083253 0.13650149
v 0.07780997 1.74021879 -0.05993265
v -0.47520393 1.40496528 0.14973570
v 0.18756047 0.79905168 -0.16356906
v 0.10740056 1.67374443 0.00627240
v 0.02213059 1.80247479 -0.04129828
v 0.13469063 1.72427104 -0.16822237
v 0.15366817 1.07687873 -0.13321386
v 0.11837264 0.22480627 -0.23192399
v 0.05754107 0.34989698 -0.22057106
v 0.06819422 0.41753241 -0.17686657
v 0.15852639 0.28153310 -0.29250746
v -0.26829463 1.15350328 -0.15456044
v -0.23033372 1.57993370 -0.10784184
v -0.23820334 1.55228796 -0.10464806
v -0.27635375 0.89324622 -0.06412494
v 0.05768483 0.45745631 -0.17543348
v 0.11179951 0.23186228 -0.24072328
v 0.10464922 1.35387033 -0.12589182
v 0.07339064 0.29236611 -0.18816789
v 0.17604109 0.33120347 -0.27883270
v 0.20100929 0.29509741 -0.26162127
v 0.10831029 1.55399254 -0.24556626
v 0.16000649 1.05199401 -0.15376114
v -0.23503239 0.72652173 0.01275134
v 0.14448939 0.27558224 -0.28949349
v -0.20582777 1.45953120 -0.11030293
v -0.04016955 1.77482124 0.09136711
v -0.17940603 1.72938640 -0.02427509
v 0.05889949 1.60803252 -0.22692125
v 0.10513320 0.21902066 -0.16995230
v 0.08102280 1.12100227 -0.03470645
v 0.09807592 1.83416511 0.02246251
v -0.28652712 1.06349291 -0.10160603
v -0.23763850 0.71097556 0.01319057
v 0.21355096 0.65574925 -0.16970932
v 0.06266392 1.55248008 -0.20920938
v 0.01630724 1.27940502 -0.27420263
v 0.03934215 1.28502408 -0.27475395
v -0.22324900 0.30273600 -0.11973840
v 0.12240173 1.08445727 -0.17867282
v 0.10557887 1.73412569 -0.10712053
v -0.13244531 1.12398887 0.02847832
v 0.15886193 1.05819401 -0.13282244
v -0.17428786 0.33014683 -0.20306386
v -0.18046478 0.33859213 -0.22333941
v 0.10064055 1.55864909 -0.24264806
v 0.09706212 1.57085337 -0.24057077
v -0.24912541 0.31076184 -0.20737403
v -0.27730852 0.31988697 -0.21587614
v -0.18414663 1.56112663 -0.13047654
v 0.09687120 1.21683431 -0.23717243
v 0.12573890 0.29728957 -0.23593554
v -0.25649255 1.53774023 -0.00320927
v 0.12627593 1.46587913 -0.15470356
v 0.06846794 1.90479978 0.02484995
v -0.03399827 1.25583419 -0.26398105
v -0.02311348 1.26629702 -0.27452884
v -0.04785810 1.26018542 -0.26694457
v 0.04499762 1.82117659 -0.01325938
v 0.12776055 0.88759552 -0.23084258
v 0.12679390 0.88827072 -0.21398133
v 0.07932646 1.59755092 -0.23637211
v -0.25887037 0.25175723 -0.10181279
v -0.23493448 0.24578735 -0.09520452
v -0.27452524 0.24242420 -0.08949175
v -0.23205869 0.25093072 -0.10260971
v 0.06931601 1.96835088 0.09157450
v 0.07579450 1.96696776 0.08307714
v 0.11889238 1.44445739 -0.07648186
v 0.13145046 1.43833327 -0.05687128
v -0.26420261 1.18442514 -0.13884417
v 0.05040415 1.69516482 0.09623186
v 0.04212970 1.68995171 0.10819064
v 0.04052652 1.68434447 0.12325622
v 0.05825074 1.70445703 0.08278694
v 0.02908527 1.69411291 0.10775046
v -0.25200926 0.25766795 -0.09891370
v 0.04945367 1.85868145 -0.02428305
v 0.04083199 1.84829864 -0.02723504
v 0.04105757 1.83414399 -0.00806353
v 0.04100700 1.84302399 -0.02279500
v 0.04601272 1.84736633 -0.01000071
v -0.23292266 0.34123411 -0.22981550
v -0.21708147 0.34555988 -0.24623294
v -0.25934342 0.34647567 -0.22023111
v 0.08702806 1.85021709 0.21972712
v 0.07526615 1.85289605 0.20428213
v 0.08502556 1.85200790 0.20078414
v 0.06557360 1.85528423 0.21733823
v -0.19029041 1.25442813 -0.21132837
v -0.16924447 1.26553932 -0.20979180
v 0.01222996 1.64940882 0.06566655
v 0.00701088 1.63985351 0.08275716
v -0.00969308 1.66045066 0.07099185
v 0.02074902 1.63882053 0.06923099
v 0.12754593 1.41256163 -0.13958561
v 0.12619015 0.32960890 -0.27888091
v 0.10879156 0.32018713 -0.25250047
v 0.14426880 0.32817474 -0.28673369
v -0.14894874 0.28416526 -0.20304035
v -0.16405346 0.26924451 -0.18433954
v -0.15535778 0.29795892 -0.21975820
v -0.16309776 0.29994857 -0.22907709
v -0.16523249 0.28925332 -0.21108616
v -0.16957531 0.26862861 -0.18565531
v -0.17253328 0.28226748 -0.20275656
v -0.22923490 0.32748677 -0.12594451
v -0.24091840 0.30941587 -0.11086888
v -0.21751556 0.32755644 -0.10160213
v -0.24683392 0.29499543 -0.09324790
v -0.23702467 0.30377587 -0.09040106
v 0.10398116 0.29627518 -0.20250035
v 0.12179127 0.28861564 -0.19914812
v 0.08599732 0.31048655 -0.23451879
v 0.09862016 0.30294433 -0.22323367
v 0.07052732 0.31429257 -0.21423671
v 0.07491263 0.31477179 -0.22442196
v 0.12950573 1.04766112 -0.18244998
v 0.13243848 1.03357840 -0.18380977
v 0.13228444 1.03695189 -0.19746143
v 0.12653676 1.06840265 -0.18363994
v -0.05132051 1.83312069 0.07893694
v -0.06230052 1.83905838 0.08689196
v -0.04792084 1.84683978 0.08208449
v 0.13282166 0.19764927 -0.10036629
v 0.14449061 0.19550957 -0.09430215
v 0.11558945 0.18431690 -0.07487950
v 0.13083267 0.18677467 -0.07535461
v 0.13700224 0.18397268 -0.06563167
v 0.10891144 0.18877831 -0.09093120
v 0.17098441 0.19028138 -0.09143150
v 0.15191700 0.18563846 -0.07010567
v -0.40588456 1.33854285 0.20550759
v -0.40822200 1.33000983 0.22557938
v -0.41757298 1.32838256 0.22210690
v 0.05011822 1.89915021 0.18990193
v 0.05452042 1.88605949 0.18994081
v 0.03454856 1.91345821 0.16387237
v 0.05839824 1.88573546 0.20350802
v -0.43826091 1.33631073 0.24878102
v -0.44363155 1.33249231 0.24580087
v -0.20638605 0.14199266 -0.01310699
v -0.23835661 0.17132292 -0.05043350
v -0.24535447 0.15548873 -0.03260262
v -0.22236589 0.15603481 -0.03027540
v -0.20076524 0.17926819 -0.06640919
v -0.21348838 0.17236338 -0.05120107
v 0.12394938 1.16469661 -0.16632752
v 0.13000025 1.18457712 -0.17325114
v 0.12712078 1.17047277 -0.17674302
v -0.22850064 0.65972942 -0.00725623
v -0.23396539 0.68557617 -0.00643281
v -0.22613115 0.67778756 -0.01791079
v -0.22352201 0.64839419 -0.01065078
v -0.21973291 0.62479645 -0.01428462
v 0.02071436 1.12286109 -0.00814480
v -0.06176959 1.12773503 0.00821511
v 0.01089507 1.12118325 -0.01284261
v -0.11563056 1.12402584 0.02457123
v 0.00606395 1.12490177 0.01495716
v -0.03309079 1.12754574 0.01585084
v -0.05279808 1.12922843 0.03082111
v -0.08758651 1.12748796 0.02634424
v -0.00656983 1.12335155 0.00911944
v 0.01737221 1.12547350 0.01524640
v -0.20248298 1.50796987 -0.13029270
v -0.20098034 1.49283183 -0.11560051
v -0.20529758 1.47205805 -0.11019049
v -0.18978278 1.54263899 -0.13400268
v -0.19822139 1.51864255 -0.12939703
v -0.21027236 1.46438613 -0.12002787
v -0.18776549 1.52784520 -0.11537321
v -0.21078528 1.48015856 -0.12889518
v -0.21319952 1.46652240 -0.12704742
v 0.05865601 1.95759368 0.15228061
v 0.06799617 1.96684852 0.14816431
v 0.08008151 1.95051315 0.16756256
v 0.09857842 1.30419074 -0.13935750
v 0.10295189 1.33858978 -0.13402094
v 0.09686478 1.29537475 -0.14269450
v 0.09474603 1.26544674 -0.16358367
v 0.10053064 1.31887772 -0.13307376
v 0.09808853 1.26080530 -0.17577197
v 0.10721746 1.27694529 -0.17934317
v 0.10231685 1.29807882 -0.16552286
v 0.10149071 1.32003024 -0.15019922
v 0.15598042 1.55279884 -0.16828187
v 0.13871346 1.52920472 -0.18194542
v 0.16899790 1.56946418 -0.16244465
v 0.15305778 1.54506529 -0.17510134
v 0.17490619 1.53737314 -0.20693960
v 0.18334071 1.55511227 -0.18919932
v 0.14314552 1.53374140 -0.18255328
v 0.15452656 1.55823594 -0.16044680
v 0.15795903 1.53519192 -0.19276638
v 0.14372270 1.54136448 -0.17317085
v -0.25513648 0.81008935 -0.03004758
v -0.24067272 0.75947319 -0.03206982
v -0.23757519 0.74053065 -0.03078124
v 0.11893623 1.40903826 -0.08382430
v 0.11279239 1.38784190 -0.09546479
v 0.12610046 1.40334577 -0.07066822
v 0.11044087 1.40071278 -0.09645118
v 0.11344324 1.43444496 -0.08560349
v 0.10623355 1.37873403 -0.11172187
v 0.12707065 1.51775282 -0.21311255
v 0.16227043 1.52118678 -0.22139535
v 0.15952531 1.52888298 -0.20893858
v 0.12033274 1.50708318 -0.20680105
v 0.13504287 1.52153921 -0.22143657
v 0.15802458 1.50772600 -0.27713622
v 0.13756308 1.51912879 -0.20344289
v 0.15825509 1.51420951 -0.26514406
v 0.11226553 1.51628581 -0.20951601
v 0.14457752 1.52518108 -0.23718234
v 0.10996905 1.53391134 -0.21678428
v 0.15333768 1.51543201 -0.25695400
v 0.16389358 1.51521707 -0.24558927
v 0.14853581 1.51666481 -0.21947256
v 0.16097133 1.51706279 -0.23422866
v 0.13041233 1.51440167 -0.20814145
v -0.30219994 1.48805557 -0.03692508
v -0.31937489 1.49946149 -0.08606540
v -0.33643991 1.50958723 -0.04132631
v -0.32736032 1.49897965 -0.07117420
v -0.33460548 1.51941050 -0.01039183
v -0.32291547 1.50190345 -0.01362895
v -0.29490564 1.48980936 -0.07359081
v -0.33589680 1.52540060 -0.02986555
v -0.31302231 1.49017990 -0.03414198
v -0.32449115 1.49843056 -0.04813608
v -0.32937480 1.51084020 -0.11164913
v -0.32180863 1.50490801 -0.09744957
v -0.33518868 1.49960261 -0.05610410
v -0.34737913 1.50256952 -0.04965843
v -0.31058989 1.49628052 -0.09662602
v -0.33195505 1.50167177 -0.05015810
v -0.30910930 1.49430524 -0.08336439
v -0.31146667 1.49287545 -0.05885738
v -0.31995293 1.49358654 -0.02244943
v -0.32758935 1.51345745 -0.02442326
v -0.32053128 1.49625324 -0.03841442
v -0.32930403 1.51193440 -0.03364153
v 0.18498621 0.19978049 -0.29028766
v 0.20604113 0.17331016 -0.19230176
v 0.12388907 0.15378150 -0.15343929
v 0.19228165 0.19964943 -0.31839001
v 0.21415068 0.19826614 -0.28568469
v 0.16264602 0.13346466 -0.05137881
v 0.10141751 0.13893391 -0.07253715
v 0.15406736 0.14273252 -0.11696056
v 0.09880418 0.14163163 -0.09633955
v 0.13183222 0.13520862 -0.05190562
v 0.13498898 0.15924652 -0.17339640
v 0.19919400 0.15782544 -0.15604451
v 0.13261036 0.13427154 -0.03633570
v 0.16233450 0.19654942 -0.31182545
v 0.11174093 0.13400453 -0.04444798
v 0.17119810 0.15628556 -0.16093006
v 0.13014396 0.14153512 -0.10009382
v 0.13840340 0.16379743 -0.19076670
v 0.19814189 0.18686316 -0.22033190
v 0.14999375 0.18514483 -0.26095767
v 0.20572171 0.15076823 -0.13704669
v 0.20911991 0.16368360 -0.16154380
v 0.17266893 0.19701658 -0.28997474
v 0.16333118 0.19367213 -0.27645373
v 0.10772789 0.14903761 -0.13257790
v 0.10600616 0.13559095 -0.05429748
v 0.18223453 0.13669817 -0.10649419
v 0.14624986 0.17165092 -0.21506839
v 0.17568260 0.19925663 -0.31564834
v 0.14043631 0.13626875 -0.06982797
v 0.20122317 0.20040782 -0.27808145
v 0.18848909 0.19696864 -0.26056991
v 0.11290055 0.13938789 -0.07714850
v 0.20794868 0.15728400 -0.14677330
v 0.14451057 0.14978477 -0.13753867
v 0.20617958 0.18300550 -0.21546362
v 0.15386376 0.16023966 -0.17385334
v 0.09881899 0.14406742 -0.11285464
v 0.19258276 0.16611616 -0.18077716
v 0.12551929 0.14689495 -0.12317001
v 0.15164422 0.17239695 -0.21659112
v 0.16756282 0.13539397 -0.06627189
v 0.19483613 0.13902305 -0.10252264
v 0.10628188 0.14071131 -0.08761301
v -0.05225450 1.76554266 -0.04615895
v 0.04887795 1.75352581 -0.07198818
v 0.02294685 1.75895400 -0.06959829
v -0.06905263 1.76929272 -0.05670444
v 0.05722141 1.74852590 -0.05735068
v 0.06872982 1.75685360 -0.07909051
v 0.03074056 1.75798573 -0.08756022
v -0.07848346 1.76940068 -0.03938225
v -0.07686132 1.75835212 0.00178184
v 0.06831275 1.74292139 -0.05947798
v 0.04450665 1.75471970 -0.06214395
v -0.05993116 1.76437933 -0.02175211
v -0.08071961 1.76582600 -0.01841732
v 0.05631749 1.75318361 -0.07347539
v 0.03665154 1.75637494 -0.07182642
v -0.05329190 1.76643038 -0.06979567
v 0.10667186 1.86162398 0.21445744
v 0.07072713 1.96950911 0.13584469
v -0.28579642 0.15278905 -0.13571106
v -0.22905292 0.13756731 -0.11890570
v -0.28616104 0.12176106 -0.08309273
v -0.25471329 0.11028861 -0.06917810
v -0.20035159 0.14108214 -0.11942858
v -0.26007667 0.09919860 -0.03585158
v -0.23563831 0.21137214 -0.26607593
v -0.22068326 0.12562205 -0.09290534
v -0.27295085 0.20161229 -0.24531309
v -0.24473566 0.20553950 -0.25225772
v -0.27951824 0.20736713 -0.25502445
v -0.18476381 0.13074737 -0.09440929
v -0.28282080 0.18489121 -0.20623011
v -0.28510670 0.18945964 -0.22395223
v -0.24301184 0.19167449 -0.22794562
v -0.28458005 0.19653259 -0.23781979
v -0.26156866 0.18427182 -0.21252731
v -0.26300753 0.19189585 -0.22894316
v -0.25910657 0.20718808 -0.25447332
v -0.29012851 0.17227735 -0.16311414
v -0.29022141 0.12862141 -0.09486060
v -0.21949953 0.17207045 -0.19132574
v -0.19734486 0.10070051 -0.03051419
v -0.24213525 0.17466216 -0.19209959
v -0.18435837 0.10753605 -0.04236993
v -0.20937673 0.15192629 -0.14884392
v -0.22566359 0.21484972 -0.27735103
v -0.20552763 0.19137533 -0.23381390
v -0.22859776 0.20002961 -0.24531935
v -0.21201199 0.18887781 -0.22427635
v -0.28690696 0.13780542 -0.11064715
v -0.28672476 0.20097950 -0.24464429
v -0.26641643 0.16720093 -0.16999912
v -0.20882607 0.16036188 -0.16937592
v -0.24709290 0.16236547 -0.16639550
v -0.28210432 0.16297002 -0.15439806
v -0.20762029 0.16880233 -0.18761114
v -0.27584650 0.21136926 -0.26265659
v -0.27320711 0.10879261 -0.05938874
v -0.27266520 0.17670709 -0.19018446
v -0.24934608 0.14305013 -0.13003518
v -0.20970012 0.19830467 -0.24856306
v -0.19573583 0.09435313 -0.01677240
v -0.21357532 0.18234764 -0.21179402
v -0.26451801 0.21619657 -0.27253981
v -0.19821237 0.11732786 -0.06826566
v -0.22943301 0.09896869 -0.03186825
v -0.27256944 0.12738702 -0.10291733
v -0.23877823 0.10534227 -0.05119969
v -0.23665962 0.09344359 -0.01561260
v -0.05860962 0.85765791 -0.11829716
v -0.06117601 0.85513781 -0.14565722
v -0.06258539 0.85702208 -0.12699349
v -0.06249934 0.86333939 -0.09389512
v -0.06292215 0.87066377 -0.06793670
v -0.07072280 0.85096844 -0.11992480
v -0.08830167 0.82410077 -0.09550162
v -0.08265054 0.84279143 -0.08328420
v -0.07890760 0.84384603 -0.09492935
v -0.07223236 0.86330607 -0.07529713
v -0.07529766 0.85330148 -0.08385463
v -0.06544000 0.86802396 -0.07388871
v -0.06620148 0.85416085 -0.13468755
v -0.08456849 0.83551480 -0.08685295
v -0.08081634 0.83428993 -0.10844358
v -0.06670375 0.85834350 -0.11207170
v -0.06626241 0.86196921 -0.09303923
v -0.09314474 0.81373646 -0.09141893
v -0.05563626 0.85777198 -0.09672041
v -0.04286571 0.83033642 -0.12581399
v -0.02765767 0.77820095 -0.13476612
v -0.05365258 0.85405328 -0.14565705
v -0.03231283 0.80329808 -0.13317198
v -0.03863479 0.83675773 -0.15090803
v -0.02978068 0.79813331 -0.12033083
v -0.04158022 0.83169695 -0.13849263
v -0.03774664 0.82213011 -0.09891758
v -0.04322820 0.83548387 -0.08802528
v -0.02968210 0.79111122 -0.14301655
v -0.05419897 0.85355545 -0.12904640
v -0.04169548 0.82774593 -0.10970000
v -0.28704244 1.49372887 -0.04110395
v -0.29041147 1.49797962 -0.03231451
v -0.28704349 1.49404245 -0.07395549
v -0.29672249 1.48417419 -0.06306949
v -0.29529982 1.48499948 -0.05489748
v -0.26991594 1.49579684 -0.03302955
v -0.26966655 1.49391130 -0.06806646
v -0.23740899 1.49314912 -0.06858998
v -0.22773365 1.52772384 -0.09928425
v -0.25612026 1.49844919 -0.07034895
v -0.25819340 1.50229894 -0.08226742
v -0.27606160 1.49371136 -0.03721581
v -0.25780633 1.49439479 -0.04738200
v -0.24521202 1.49242204 -0.06323697
v -0.24841590 1.49770669 -0.07077342
v -0.27875433 1.49174601 -0.06370360
v -0.22209035 1.51920298 -0.08932541
v -0.23273510 1.50627714 -0.08135550
v -0.24282734 1.50814184 -0.08633396
v -0.26936671 1.49583515 -0.05589281
v 0.13002111 1.52235474 -0.33435184
v 0.15896825 1.49529804 -0.34292593
v 0.16033195 1.51443586 -0.29521043
v 0.11685079 1.53251939 -0.31375127
v 0.18730424 1.51570912 -0.33373671
v 0.19741271 1.52361055 -0.32336857
v 0.17460163 1.51012433 -0.32658121
v 0.14163265 1.51664585 -0.30457757
v 0.12729546 1.52382382 -0.31327020
v 0.15908527 1.50718001 -0.32413297
v 0.15331057 1.51489839 -0.28968997
v 0.14459022 1.50490898 -0.29078831
v 0.17580733 1.51393467 -0.30674831
v 0.14506913 1.50328497 -0.34072679
v 0.15310458 1.51190241 -0.30799397
v 0.13509868 1.51606291 -0.29886308
v 0.13145089 1.52233273 -0.31734021
v 0.15276518 1.50354299 -0.33172318
v 0.13812981 1.51873763 -0.28508244
v 0.14515882 1.51317400 -0.31515573
v 0.16343680 1.50931985 -0.31222435
v 0.18660537 1.51670509 -0.30783829
v 0.27269398 1.30680338 -0.52277494
v 0.30026649 1.23177105 -0.54733321
v 0.32344268 1.20863146 -0.56646255
v 0.27387370 1.27851852 -0.51983229
v 0.32366630 1.24523061 -0.63914361
v 0.34970874 1.21866043 -0.60969874
v 0.32041702 1.25774955 -0.65313577
v 0.31220166 1.21385734 -0.56589402
v 0.32005455 1.20973645 -0.60364733
v 0.30730403 1.24857022 -0.64023607
v 0.30078988 1.25551567 -0.52474835
v 0.32491019 1.21887916 -0.60738984
v 0.27120393 1.28230234 -0.52162950
v 0.30619471 1.23689294 -0.53417392
v 0.31910858 1.20708865 -0.58510915
v 0.28960982 1.25379705 -0.52858333
v 0.33585692 1.23821750 -0.63873280
v 0.29918682 1.25299782 -0.63247069
f 9 9893 9877
f 9877 9875 9
f 9864 89 88
f 89 9867 10
f 31 2 32
f 58 32 2
f 2 18 58
f 18 3 19
f 59 19 3
f 3 9817 59
f 65 59 9817
f 9817 9810 65
f 9824 9837 66
f 20 66 9837
f 9837 9808 20
f 61 20 9808
f 9806 34 61
f 9806 9825 35
f 35 9814 107
f 54 107 9814
f 9812 54 9814
f 116 11 9904
f 12 116 9904
f 12 9886 38
f 9886 4 38
f 39 4 9873
f 13 39 9873
f 15 14 9895
f 9895 9898 15
f 40 15 9898
f 9889 9903 42
f 9903 5 42
f 16 42 5
f 56 68 9805
f 9805 6 56
f 7 9842 21
f 9842 8 21
f 9833 8 9820
f 27 23 9835
f 9835 24 27
f 28 27 24
f 9893 9 72
f 50 9 9875
f 9862 9892 51
f 36 51 9892
f 9882 9864 37
f 88 37 9864
f 89 10 135
f 52 10 9911
f 53 52 9911
f 45 38 4
f 4 39 45
f 69 13 14
f 14 15 69
f 131 46 9889
f 42 131 9889
f 9888 70 16
f 9888 17 47
f 59 65 79
f 66 94 9824
f 9806 35 34
f 55 54 9812
f 56 95 68
f 62 82 8
f 8 9833 62
f 92 9821 22
f 22 9801 92
f 74 92 9801
f 9801 23 74
f 27 74 23
f 28 24 63
f 24 9804 63
f 29 63 9804
f 9804 25 29
f 25 26 76
f 77 76 26
f 26 9803 77
f 83 77 9803
f 9833 9821 62
f 92 62 9821
f 27 28 119
f 30 9813 57
f 78 57 9813
f 9813 31 78
f 31 32 78
f 104 78 32
f 18 19 64
f 20 61 60
f 60 61 34
f 55 68 108
f 36 9882 37
f 88 87 37
f 52 90 10
f 11 114 53
f 12 38 110
f 45 142 38
f 69 15 80
f 40 80 15
f 42 16 81
f 17 9906 48
f 71 43 9893
f 50 72 9
f 50 1 9881
f 45 39 129
f 13 69 143
f 41 46 131
f 131 42 97
f 98 70 9888
f 9888 47 98
f 150 49 43
f 72 71 9893
f 133 86 50
f 9881 133 50
f 36 100 51
f 10 90 135
f 52 53 101
f 53 114 101
f 11 116 115
f 116 12 110
f 35 107 126
f 107 54 127
f 54 55 108
f 109 108 68
f 56 6 128
f 7 73 6
f 21 8 102
f 8 82 102
f 75 74 27
f 119 75 27
f 32 58 104
f 139 104 58
f 58 18 139
f 64 139 18
f 122 19 59
f 79 122 59
f 33 94 123
f 105 94 66
f 20 149 66
f 20 60 67
f 91 73 7
f 7 21 91
f 102 91 21
f 92 82 62
f 28 63 103
f 120 103 63
f 25 137 29
f 25 76 198
f 77 83 185
f 57 159 30
f 139 64 93
f 64 19 122
f 65 33 123
f 149 105 66
f 35 106 34
f 35 126 106
f 127 140 107
f 108 127 54
f 95 109 68
f 128 6 73
f 129 142 45
f 39 13 143
f 80 96 69
f 40 41 85
f 131 85 41
f 47 17 176
f 43 71 150
f 112 71 72
f 72 50 86
f 9881 51 100
f 115 114 11
f 75 147 74
f 119 28 103
f 63 29 120
f 137 25 198
f 76 77 184
f 84 93 64
f 122 84 64
f 123 79 65
f 67 149 20
f 106 60 34
f 169 110 38
f 142 169 38
f 143 129 39
f 96 143 69
f 85 80 40
f 81 97 42
f 164 48 49
f 49 150 132
f 100 36 113
f 90 52 101
f 168 115 116
f 91 136 73
f 82 92 117
f 92 74 118
f 120 29 137
f 77 185 184
f 30 158 83
f 105 124 94
f 106 125 60
f 126 107 215
f 128 95 56
f 16 70 236
f 98 47 99
f 176 99 47
f 146 176 17
f 17 48 146
f 112 151 71
f 72 86 112
f 100 133 9881
f 36 37 152
f 167 88 89
f 135 167 89
f 153 135 90
f 102 136 91
f 102 82 155
f 82 117 155
f 117 92 118
f 147 118 74
f 184 198 76
f 138 159 57
f 57 78 138
f 104 121 78
f 84 122 160
f 123 94 124
f 67 60 125
f 200 140 127
f 174 109 95
f 128 174 95
f 129 143 130
f 236 70 111
f 70 98 111
f 99 111 98
f 132 164 49
f 133 100 134
f 113 134 100
f 116 110 195
f 209 155 117
f 158 185 83
f 139 121 104
f 160 93 84
f 140 215 107
f 108 109 173
f 169 195 110
f 202 143 96
f 96 80 162
f 131 97 145
f 151 150 71
f 133 177 86
f 113 36 178
f 152 178 36
f 207 153 90
f 101 207 90
f 101 114 154
f 154 114 180
f 114 115 180
f 195 168 116
f 102 155 170
f 117 118 209
f 75 119 156
f 157 119 103
f 103 120 157
f 159 158 30
f 121 138 78
f 148 160 122
f 122 79 148
f 105 149 187
f 215 106 126
f 141 127 108
f 73 174 128
f 142 129 161
f 175 161 129
f 129 130 175
f 131 144 85
f 145 97 163
f 97 81 163
f 81 16 236
f 99 176 190
f 146 249 176
f 164 146 48
f 150 221 132
f 112 86 177
f 134 177 133
f 178 165 113
f 166 87 88
f 88 167 166
f 167 135 193
f 153 193 135
f 101 154 208
f 136 102 170
f 119 157 156
f 137 183 120
f 138 121 211
f 93 171 139
f 160 172 93
f 187 124 105
f 173 141 108
f 169 142 161
f 202 130 143
f 162 202 96
f 80 85 162
f 145 144 131
f 151 112 204
f 177 204 112
f 165 134 113
f 208 207 101
f 168 180 115
f 181 136 170
f 170 155 182
f 227 118 147
f 147 75 227
f 157 120 183
f 186 148 79
f 124 186 123
f 187 149 213
f 214 213 149
f 149 67 214
f 199 67 125
f 141 200 127
f 174 173 109
f 216 174 73
f 144 162 85
f 144 145 220
f 236 163 81
f 236 111 189
f 238 221 150
f 150 151 238
f 204 238 151
f 177 134 191
f 192 152 37
f 37 87 192
f 166 223 87
f 167 179 166
f 155 209 182
f 118 227 196
f 75 156 197
f 156 157 197
f 183 197 157
f 159 138 210
f 138 211 210
f 79 123 186
f 187 212 124
f 199 214 67
f 106 199 125
f 201 169 161
f 161 175 217
f 175 130 218
f 188 220 145
f 145 163 188
f 266 189 111
f 111 99 266
f 99 190 266
f 164 132 250
f 221 250 132
f 165 178 206
f 223 192 87
f 167 193 179
f 154 180 194
f 264 180 168
f 182 181 170
f 197 227 75
f 183 137 229
f 230 229 137
f 137 198 230
f 158 159 210
f 121 139 272
f 171 272 139
f 171 93 172
f 172 160 287
f 186 124 231
f 212 231 124
f 232 199 106
f 215 232 106
f 274 173 174
f 174 216 274
f 73 136 216
f 218 217 175
f 203 202 162
f 162 144 203
f 250 146 164
f 191 205 177
f 134 165 191
f 281 206 178
f 178 152 281
f 152 192 222
f 166 179 223
f 193 153 225
f 207 225 153
f 194 208 154
f 195 264 168
f 182 209 240
f 209 118 196
f 270 196 227
f 226 270 227
f 185 255 184
f 211 121 272
f 160 148 287
f 148 186 244
f 187 213 212
f 173 274 233
f 181 216 136
f 217 201 161
f 218 130 234
f 235 234 130
f 202 235 130
f 188 163 290
f 236 290 163
f 249 190 176
f 205 204 177
f 191 165 239
f 165 206 239
f 206 281 253
f 222 281 152
f 223 222 192
f 179 193 224
f 225 224 193
f 254 264 195
f 195 169 254
f 209 196 240
f 197 183 228
f 242 228 183
f 255 230 198
f 198 184 255
f 171 172 322
f 244 287 148
f 199 232 259
f 215 140 246
f 200 141 247
f 141 173 233
f 201 254 169
f 276 235 202
f 202 203 276
f 203 144 219
f 144 220 219
f 250 310 146
f 250 221 237
f 267 238 204
f 277 267 204
f 204 205 277
f 251 205 191
f 223 179 262
f 224 262 179
f 263 225 207
f 207 208 263
f 208 194 263
f 194 180 295
f 275 260 181
f 181 182 275
f 269 275 182
f 182 240 269
f 283 240 196
f 270 283 196
f 227 197 241
f 183 229 242
f 243 271 185
f 185 158 243
f 210 211 256
f 256 211 272
f 172 287 322
f 186 231 257
f 212 245 231
f 213 258 212
f 214 199 259
f 232 215 246
f 140 200 246
f 247 246 200
f 233 247 141
f 216 181 260
f 203 219 276
f 220 188 248
f 290 248 188
f 236 189 291
f 310 249 146
f 267 221 238
f 251 191 252
f 191 239 252
f 239 206 253
f 264 295 180
f 297 270 226
f 241 226 227
f 228 241 197
f 286 242 229
f 229 230 286
f 356 158 210
f 210 256 356
f 257 244 186
f 258 245 212
f 316 274 216
f 216 260 316
f 327 201 217
f 217 218 265
f 218 234 265
f 276 219 309
f 289 309 219
f 219 220 289
f 248 289 220
f 291 290 236
f 343 291 189
f 221 267 331
f 277 205 268
f 251 252 279
f 280 252 239
f 253 280 239
f 222 223 282
f 314 282 223
f 223 262 314
f 224 225 294
f 306 269 240
f 283 306 240
f 270 297 285
f 241 297 226
f 255 185 271
f 356 243 158
f 272 171 300
f 322 300 171
f 257 287 244
f 258 338 245
f 213 214 288
f 259 288 214
f 247 233 273
f 304 273 233
f 233 274 304
f 265 327 217
f 328 234 235
f 189 266 343
f 266 190 330
f 190 249 344
f 292 344 249
f 249 310 292
f 237 425 250
f 237 221 331
f 268 333 277
f 311 251 279
f 319 279 252
f 281 222 261
f 282 261 222
f 262 224 315
f 294 315 224
f 294 225 263
f 295 263 194
f 284 283 270
f 355 286 230
f 230 255 299
f 271 299 255
f 256 272 395
f 300 395 272
f 287 358 322
f 231 245 337
f 246 247 302
f 273 302 247
f 316 260 317
f 315 314 262
f 264 254 296
f 254 201 307
f 265 234 348
f 235 276 328
f 330 343 266
f 310 250 425
f 277 332 267
f 278 333 268
f 268 311 278
f 275 269 326
f 306 305 269
f 284 353 283
f 285 401 284
f 284 270 285
f 299 355 230
f 258 213 323
f 288 323 213
f 288 259 301
f 259 232 301
f 325 301 232
f 232 246 325
f 302 325 246
f 304 303 273
f 316 304 274
f 9687 260 275
f 201 327 307
f 308 327 265
f 329 328 276
f 248 290 342
f 330 190 344
f 333 332 277
f 253 281 398
f 261 398 281
f 282 313 261
f 314 293 282
f 264 296 295
f 306 283 353
f 354 297 241
f 241 228 298
f 338 337 245
f 303 302 273
f 9687 317 260
f 234 328 348
f 289 377 309
f 248 341 289
f 290 291 363
f 291 343 364
f 292 310 365
f 331 267 378
f 332 378 267
f 333 278 349
f 319 280 334
f 312 334 280
f 280 253 312
f 398 312 253
f 293 313 282
f 9700 314 315
f 294 263 336
f 320 336 263
f 295 320 263
f 307 296 254
f 285 297 321
f 354 321 297
f 370 228 242
f 242 286 370
f 271 243 371
f 322 372 300
f 257 231 383
f 323 338 258
f 288 301 324
f 325 324 301
f 304 316 303
f 326 9687 275
f 353 360 306
f 351 318 307
f 307 327 351
f 265 348 308
f 377 329 276
f 276 309 377
f 425 237 426
f 333 388 332
f 278 311 389
f 311 279 366
f 261 313 380
f 9700 293 314
f 336 9700 315
f 315 294 336
f 318 9698 296
f 296 307 318
f 305 306 360
f 241 298 354
f 355 431 286
f 371 299 271
f 419 356 256
f 372 395 300
f 323 374 338
f 324 323 288
f 325 302 339
f 303 339 302
f 303 316 340
f 9688 340 316
f 317 9688 316
f 9687 326 435
f 342 341 248
f 342 290 363
f 363 291 364
f 237 331 426
f 378 426 331
f 279 319 366
f 319 334 345
f 391 398 261
f 380 391 261
f 313 293 335
f 9700 335 293
f 369 353 284
f 284 401 369
f 285 321 401
f 450 354 298
f 299 371 475
f 256 395 419
f 372 322 357
f 358 357 322
f 383 231 337
f 337 338 373
f 323 324 9686
f 9683 9686 324
f 324 325 9683
f 326 269 359
f 308 351 327
f 425 365 310
f 388 378 332
f 388 333 349
f 349 278 350
f 379 350 278
f 389 379 278
f 366 389 311
f 366 319 345
f 313 335 380
f 9700 336 346
f 347 346 336
f 336 320 347
f 298 228 381
f 370 381 228
f 370 286 431
f 382 403 287
f 287 257 382
f 257 383 382
f 374 373 338
f 384 374 323
f 9686 384 323
f 303 340 9685
f 9688 9685 340
f 359 269 305
f 361 348 328
f 329 361 328
f 377 289 362
f 341 362 289
f 423 342 363
f 424 364 343
f 292 386 344
f 367 334 312
f 312 398 367
f 351 308 9702
f 375 308 348
f 348 361 375
f 344 465 330
f 388 387 378
f 388 349 409
f 350 409 349
f 350 379 410
f 510 389 366
f 366 345 390
f 345 334 411
f 9702 9703 351
f 9687 435 352
f 475 355 299
f 358 287 403
f 354 394 321
f 243 356 417
f 418 417 356
f 395 372 420
f 421 382 383
f 337 405 404
f 405 337 373
f 435 326 385
f 359 385 326
f 368 360 353
f 376 361 329
f 329 377 376
f 362 341 407
f 423 363 408
f 363 364 408
f 465 424 343
f 343 330 465
f 390 510 366
f 411 390 345
f 380 335 399
f 335 9699 393
f 461 440 401
f 401 321 461
f 394 461 321
f 298 381 450
f 381 370 431
f 356 419 418
f 420 372 402
f 372 357 402
f 403 382 9564
f 382 421 9564
f 404 383 337
f 308 375 428
f 362 415 377
f 341 342 407
f 365 386 292
f 387 426 378
f 410 409 350
f 410 379 397
f 497 397 379
f 379 389 497
f 367 411 334
f 398 391 469
f 391 380 392
f 399 392 380
f 393 399 335
f 527 369 401
f 354 450 449
f 431 355 416
f 374 384 422
f 406 422 384
f 384 9681 406
f 396 406 9681
f 434 396 352
f 435 434 352
f 305 360 439
f 413 438 375
f 361 413 375
f 414 361 376
f 376 377 414
f 415 414 377
f 426 387 459
f 387 388 467
f 388 409 467
f 397 468 410
f 399 393 448
f 427 448 393
f 368 369 400
f 394 354 441
f 475 416 355
f 417 371 243
f 357 358 443
f 403 443 358
f 404 421 383
f 373 374 422
f 359 305 439
f 362 407 415
f 423 407 342
f 386 465 344
f 386 365 458
f 482 467 409
f 483 409 410
f 447 469 391
f 391 392 447
f 448 427 412
f 427 9702 437
f 428 437 9702
f 9702 308 428
f 438 428 375
f 429 413 361
f 440 527 401
f 431 451 381
f 431 416 529
f 416 475 529
f 419 395 462
f 402 357 442
f 396 434 464
f 439 360 368
f 407 423 456
f 423 408 444
f 408 364 457
f 424 457 364
f 365 425 480
f 483 482 409
f 367 398 436
f 448 392 399
f 414 429 361
f 414 415 430
f 441 461 394
f 441 354 449
f 395 420 462
f 443 442 357
f 421 404 432
f 433 432 404
f 404 405 433
f 454 433 405
f 405 373 454
f 422 454 373
f 406 396 464
f 434 435 455
f 415 407 495
f 456 495 407
f 444 456 423
f 479 424 465
f 426 480 425
f 459 480 426
f 467 466 387
f 468 483 410
f 497 389 445
f 510 445 389
f 367 436 411
f 446 436 398
f 469 446 398
f 427 437 412
f 438 437 428
f 430 429 414
f 368 400 515
f 527 400 369
f 440 461 472
f 450 381 500
f 451 500 381
f 529 451 431
f 418 419 492
f 420 402 452
f 421 432 463
f 422 406 489
f 464 489 406
f 455 464 434
f 385 455 435
f 439 490 359
f 439 368 486
f 457 444 408
f 458 365 480
f 466 459 387
f 447 392 484
f 392 448 484
f 485 437 438
f 368 515 486
f 472 471 440
f 441 449 499
f 419 462 492
f 476 462 420
f 420 452 476
f 402 442 452
f 443 403 9573
f 9586 433 453
f 433 454 453
f 545 454 422
f 385 359 490
f 495 478 415
f 460 538 397
f 397 497 460
f 390 411 511
f 470 484 448
f 412 470 448
f 438 413 485
f 429 430 514
f 527 552 400
f 461 441 473
f 499 473 441
f 474 499 449
f 474 449 450
f 450 500 474
f 417 418 517
f 492 517 418
f 403 9564 9573
f 477 9573 9564
f 9564 463 477
f 463 9586 503
f 9586 453 503
f 545 453 454
f 489 545 422
f 455 531 464
f 430 415 478
f 496 495 456
f 479 534 457
f 457 424 479
f 466 467 481
f 483 468 547
f 538 468 397
f 510 390 523
f 511 523 390
f 485 412 437
f 485 413 525
f 413 429 513
f 551 513 429
f 515 400 526
f 528 472 461
f 473 528 461
f 442 443 488
f 9573 488 443
f 477 463 544
f 493 544 463
f 463 503 493
f 489 464 531
f 385 490 455
f 478 495 494
f 444 496 456
f 444 457 521
f 522 479 465
f 465 386 522
f 386 458 522
f 481 459 466
f 481 467 537
f 467 482 537
f 538 548 468
f 524 511 411
f 469 447 446
f 512 446 447
f 491 470 412
f 485 491 412
f 525 413 513
f 551 429 514
f 515 487 486
f 552 526 400
f 500 451 516
f 530 529 475
f 530 475 371
f 371 417 530
f 502 476 452
f 442 502 452
f 544 9573 477
f 555 503 453
f 545 555 453
f 506 496 444
f 534 521 457
f 507 480 459
f 547 482 483
f 548 547 468
f 460 497 574
f 411 436 524
f 447 484 512
f 470 498 484
f 439 486 541
f 487 541 486
f 528 471 472
f 529 516 451
f 476 501 462
f 554 501 476
f 502 554 476
f 488 502 442
f 519 488 9573
f 505 504 455
f 490 505 455
f 459 481 508
f 550 524 436
f 436 446 550
f 470 491 539
f 525 491 485
f 478 514 430
f 490 439 541
f 515 526 593
f 552 527 553
f 542 651 471
f 474 500 568
f 516 568 500
f 518 517 492
f 492 462 518
f 488 519 571
f 493 503 520
f 590 545 489
f 531 455 504
f 494 495 572
f 495 496 572
f 458 480 536
f 507 536 480
f 459 508 507
f 537 561 481
f 482 547 509
f 445 574 497
f 445 510 565
f 512 484 498
f 539 566 498
f 498 470 539
f 513 607 525
f 462 501 518
f 571 502 488
f 503 555 589
f 489 531 578
f 504 505 557
f 532 557 505
f 505 490 532
f 478 494 558
f 444 521 506
f 535 533 534
f 534 479 535
f 522 535 479
f 561 508 481
f 509 537 482
f 523 565 510
f 524 549 511
f 512 550 446
f 512 498 566
f 513 551 585
f 487 515 593
f 586 528 473
f 499 474 567
f 543 516 529
f 530 417 569
f 517 569 417
f 493 577 544
f 520 577 493
f 578 590 489
f 556 578 531
f 602 572 496
f 496 506 602
f 506 521 582
f 533 582 521
f 521 534 533
f 522 458 560
f 507 508 617
f 546 617 508
f 508 561 546
f 509 562 537
f 538 460 564
f 551 514 540
f 552 593 526
f 553 613 552
f 569 543 529
f 530 569 529
f 518 598 517
f 664 554 502
f 571 664 502
f 519 544 588
f 520 503 589
f 555 545 590
f 531 504 556
f 557 556 504
f 557 532 579
f 535 522 560
f 536 560 458
f 617 536 507
f 562 561 537
f 644 563 538
f 564 644 538
f 523 511 619
f 511 549 619
f 550 512 583
f 566 583 512
f 539 491 576
f 525 576 491
f 487 580 541
f 586 473 596
f 597 567 474
f 568 597 474
f 569 517 598
f 501 554 638
f 609 571 519
f 577 588 544
f 558 494 559
f 572 602 601
f 548 538 563
f 573 564 460
f 460 574 573
f 574 445 565
f 565 523 619
f 583 524 550
f 566 539 575
f 539 576 575
f 540 585 551
f 608 540 514
f 613 628 552
f 553 527 629
f 527 651 629
f 542 471 594
f 595 594 471
f 471 528 595
f 528 586 595
f 518 501 638
f 664 570 554
f 588 609 519
f 589 555 590
f 556 557 611
f 579 532 612
f 572 559 494
f 582 581 506
f 656 582 533
f 584 605 583
f 583 566 584
f 9621 584 566
f 575 9621 566
f 649 576 525
f 525 607 649
f 650 513 585
f 514 478 608
f 608 478 558
f 593 552 628
f 543 569 622
f 611 578 556
f 579 611 557
f 532 541 580
f 559 572 601
f 581 602 506
f 533 535 603
f 536 617 604
f 630 546 561
f 561 562 630
f 591 509 547
f 573 574 659
f 565 659 574
f 568 516 587
f 516 543 587
f 570 638 554
f 623 609 588
f 577 520 684
f 579 600 611
f 580 487 592
f 592 487 593
f 628 627 593
f 558 559 9661
f 604 535 560
f 560 536 604
f 698 617 546
f 591 562 509
f 645 619 549
f 549 524 645
f 524 583 645
f 605 645 583
f 605 584 620
f 584 9621 620
f 9619 620 9621
f 576 9620 575
f 650 607 513
f 608 661 540
f 629 636 553
f 663 597 568
f 638 598 518
f 623 588 599
f 640 599 588
f 588 577 640
f 684 624 577
f 520 589 653
f 590 578 610
f 578 611 610
f 697 665 612
f 612 532 697
f 580 697 532
f 608 558 614
f 615 614 558
f 559 601 641
f 656 581 582
f 535 604 603
f 657 591 547
f 547 548 657
f 548 563 657
f 565 619 618
f 645 679 619
f 621 620 9619
f 9619 606 621
f 682 650 585
f 585 540 682
f 627 592 593
f 613 553 636
f 629 651 716
f 673 586 596
f 663 568 587
f 637 622 569
f 598 637 569
f 638 637 598
f 624 640 577
f 653 684 520
f 589 590 625
f 600 579 626
f 9661 615 558
f 641 9661 559
f 601 602 616
f 602 581 616
f 617 698 604
f 563 644 657
f 573 699 564
f 618 659 565
f 645 605 632
f 620 632 605
f 620 621 646
f 9622 9620 634
f 9620 576 634
f 649 607 635
f 650 635 607
f 622 587 543
f 639 571 609
f 676 639 609
f 623 676 609
f 610 625 590
f 610 611 654
f 600 654 611
f 626 696 600
f 665 626 579
f 579 612 665
f 628 613 686
f 636 686 613
f 594 595 718
f 595 586 718
f 634 576 648
f 540 661 682
f 608 614 661
f 614 615 9657
f 9661 9657 615
f 642 641 601
f 601 616 642
f 533 603 656
f 666 656 603
f 630 562 643
f 679 618 619
f 631 679 645
f 646 632 620
f 663 587 674
f 637 638 675
f 652 676 623
f 623 599 652
f 640 624 722
f 653 589 625
f 696 626 678
f 592 697 580
f 627 628 686
f 616 581 687
f 603 604 666
f 698 666 604
f 690 562 591
f 699 658 644
f 644 564 699
f 679 700 618
f 633 634 647
f 576 649 648
f 733 661 614
f 685 655 627
f 594 718 752
f 673 718 586
f 597 663 662
f 638 570 675
f 705 722 624
f 684 705 624
f 654 625 610
f 654 600 696
f 687 581 708
f 581 656 708
f 698 546 667
f 630 667 546
f 690 591 746
f 657 746 591
f 657 644 755
f 644 658 755
f 659 699 573
f 632 646 660
f 668 660 646
f 670 633 671
f 634 648 680
f 672 648 649
f 649 635 672
f 681 635 650
f 650 682 681
f 694 716 651
f 651 542 694
f 717 694 542
f 542 594 717
f 570 664 704
f 599 677 652
f 599 640 677
f 640 722 677
f 653 724 684
f 725 678 626
f 626 665 725
f 655 697 592
f 686 685 627
f 687 642 616
f 562 690 643
f 699 659 709
f 645 632 691
f 660 691 632
f 648 672 680
f 635 681 767
f 682 661 715
f 752 717 594
f 718 673 735
f 675 570 703
f 664 571 704
f 639 704 571
f 705 684 810
f 738 625 654
f 696 739 654
f 697 725 665
f 636 629 693
f 629 716 693
f 708 656 688
f 690 746 745
f 679 631 747
f 691 631 645
f 660 668 691
f 669 691 668
f 713 669 670
f 731 671 633
f 767 672 635
f 715 767 682
f 733 715 661
f 614 692 733
f 587 622 719
f 720 719 622
f 637 720 622
f 637 675 683
f 703 683 675
f 676 652 721
f 810 684 724
f 741 753 697
f 697 655 741
f 642 9662 641
f 656 666 688
f 689 688 666
f 618 700 729
f 747 700 679
f 730 713 670
f 670 671 730
f 750 730 671
f 633 647 731
f 680 714 647
f 680 672 714
f 681 682 767
f 751 692 9656
f 716 694 829
f 662 663 701
f 695 701 663
f 674 695 663
f 683 702 637
f 704 703 570
f 676 704 639
f 653 625 706
f 739 738 654
f 696 740 739
f 655 685 741
f 726 741 685
f 727 685 686
f 708 707 687
f 666 698 689
f 643 690 745
f 709 659 729
f 659 618 729
f 712 711 631
f 631 691 712
f 730 750 784
f 714 672 766
f 751 733 692
f 693 716 734
f 805 829 694
f 694 717 805
f 719 674 587
f 702 720 637
f 788 702 683
f 683 703 788
f 704 676 9581
f 736 9581 676
f 652 677 773
f 677 722 773
f 706 724 653
f 706 625 738
f 725 697 753
f 686 636 727
f 742 727 636
f 636 693 742
f 688 689 801
f 754 689 698
f 667 754 698
f 630 643 744
f 745 744 643
f 746 657 755
f 728 658 699
f 709 728 699
f 747 631 710
f 711 710 631
f 764 712 691
f 691 669 764
f 713 764 669
f 672 767 766
f 701 757 735
f 735 662 701
f 703 704 9581
f 721 652 773
f 722 705 723
f 724 706 759
f 737 759 706
f 706 738 737
f 678 725 791
f 726 685 792
f 707 708 743
f 760 743 708
f 708 688 760
f 667 630 744
f 747 763 700
f 748 711 712
f 713 730 749
f 730 784 814
f 732 817 767
f 767 715 732
f 715 733 732
f 769 732 733
f 829 734 716
f 717 752 832
f 752 718 807
f 830 807 718
f 773 736 721
f 723 773 722
f 759 737 775
f 740 696 678
f 725 753 778
f 781 707 743
f 688 801 760
f 729 700 763
f 712 764 748
f 814 749 730
f 765 750 671
f 671 731 765
f 647 714 731
f 786 769 733
f 733 751 786
f 808 718 735
f 757 808 735
f 719 695 674
f 788 703 9567
f 703 9581 9567
f 736 771 9581
f 758 810 724
f 724 759 758
f 776 737 738
f 738 739 776
f 861 776 739
f 791 777 678
f 741 726 779
f 685 727 792
f 742 693 804
f 734 804 693
f 745 746 823
f 746 755 823
f 755 761 9604
f 658 728 762
f 709 729 855
f 763 747 812
f 710 812 747
f 710 711 813
f 783 711 748
f 857 764 713
f 765 784 750
f 817 732 756
f 768 756 732
f 732 769 768
f 787 805 717
f 717 832 787
f 806 832 752
f 752 807 806
f 720 702 831
f 788 831 702
f 771 9567 9581
f 773 772 736
f 774 723 705
f 705 810 774
f 759 775 860
f 861 739 740
f 777 848 740
f 740 678 777
f 826 791 725
f 778 826 725
f 741 778 753
f 726 792 837
f 801 689 802
f 803 689 754
f 9604 823 755
f 761 658 762
f 763 897 729
f 794 783 748
f 748 764 794
f 858 857 713
f 713 749 858
f 814 784 795
f 785 765 731
f 731 714 785
f 766 785 714
f 780 786 751
f 734 829 863
f 808 830 718
f 695 719 770
f 720 770 719
f 771 736 790
f 772 790 736
f 811 810 758
f 741 779 778
f 837 779 726
f 876 800 781
f 801 782 760
f 803 802 689
f 754 667 803
f 744 803 667
f 728 709 842
f 793 813 711
f 711 783 793
f 857 794 764
f 825 858 749
f 749 814 825
f 815 784 765
f 817 766 767
f 756 768 820
f 797 820 768
f 798 797 768
f 768 769 798
f 769 786 818
f 799 818 786
f 786 780 799
f 863 804 734
f 833 757 701
f 770 701 695
f 770 720 831
f 788 9567 809
f 789 771 790
f 772 773 834
f 773 723 834
f 774 810 846
f 859 758 759
f 860 859 759
f 778 779 836
f 837 836 779
f 792 727 827
f 727 742 827
f 780 800 819
f 781 743 876
f 743 853 894
f 744 745 841
f 710 824 812
f 813 824 710
f 796 795 784
f 815 796 784
f 766 817 785
f 820 817 756
f 818 798 769
f 863 829 885
f 831 788 866
f 809 866 788
f 835 723 774
f 924 775 737
f 828 827 742
f 742 804 828
f 855 842 709
f 897 855 729
f 824 843 812
f 844 783 794
f 909 844 794
f 857 909 794
f 916 814 795
f 765 785 815
f 816 785 817
f 852 819 800
f 876 852 800
f 894 876 743
f 802 853 782
f 782 801 802
f 854 802 803
f 803 744 822
f 744 841 822
f 745 823 841
f 823 9604 878
f 791 826 883
f 826 778 883
f 884 883 778
f 836 884 778
f 837 792 827
f 901 828 804
f 804 863 901
f 833 808 757
f 865 833 701
f 701 770 865
f 867 866 809
f 809 789 867
f 789 790 868
f 845 868 790
f 790 772 845
f 835 834 723
f 835 774 846
f 811 846 810
f 811 758 859
f 812 897 763
f 793 824 813
f 793 783 844
f 825 814 9666
f 916 9666 814
f 875 816 817
f 817 820 875
f 821 797 798
f 838 821 798
f 798 818 838
f 839 838 818
f 818 799 839
f 840 839 799
f 799 780 840
f 819 840 780
f 822 854 803
f 878 877 823
f 797 875 820
f 933 894 853
f 853 802 895
f 854 895 802
f 841 823 877
f 908 935 9605
f 9605 762 908
f 728 908 762
f 897 812 880
f 858 873 857
f 858 825 874
f 9667 874 825
f 916 795 890
f 795 796 890
f 850 796 815
f 815 785 850
f 924 776 899
f 791 883 882
f 829 805 953
f 805 787 953
f 830 808 9577
f 770 831 902
f 866 902 831
f 832 886 787
f 832 806 886
f 806 807 887
f 807 9577 887
f 864 9577 808
f 808 833 864
f 902 865 770
f 867 789 888
f 845 772 870
f 772 834 870
f 871 870 834
f 872 871 835
f 903 872 835
f 835 846 903
f 846 811 9669
f 847 9669 811
f 811 859 847
f 859 860 911
f 848 777 913
f 882 913 777
f 777 791 882
f 836 837 862
f 827 862 837
f 827 828 849
f 850 890 796
f 816 850 785
f 797 821 917
f 851 821 838
f 838 839 851
f 840 851 839
f 932 840 819
f 822 841 877
f 879 9605 935
f 843 880 812
f 898 824 793
f 793 844 898
f 909 898 844
f 806 887 954
f 867 927 866
f 789 868 888
f 869 868 845
f 845 870 869
f 903 846 889
f 9669 889 846
f 912 899 776
f 848 913 1020
f 884 836 862
f 890 850 9595
f 917 875 797
f 891 917 821
f 852 932 819
f 852 876 958
f 893 958 876
f 853 895 933
f 822 907 854
f 822 877 907
f 988 935 908
f 842 976 728
f 856 855 897
f 909 857 910
f 857 873 910
f 992 873 858
f 948 992 858
f 858 874 948
f 924 899 964
f 1020 912 776
f 776 861 1020
f 740 1020 861
f 862 827 965
f 827 849 965
f 938 849 828
f 901 863 952
f 926 952 863
f 863 885 926
f 953 885 829
f 954 886 806
f 914 887 9577
f 865 864 833
f 927 867 888
f 928 888 868
f 870 871 872
f 873 992 1007
f 9595 904 890
f 906 891 821
f 892 906 821
f 821 851 892
f 894 893 876
f 907 974 854
f 877 878 934
f 896 934 878
f 878 879 896
f 935 896 879
f 842 855 1032
f 880 920 897
f 923 9575 881
f 740 848 1020
f 900 882 883
f 883 884 900
f 884 862 900
f 997 926 885
f 953 997 885
f 939 953 787
f 864 914 9577
f 902 866 927
f 915 927 888
f 903 889 9608
f 904 916 890
f 917 905 875
f 892 851 918
f 851 840 919
f 840 932 919
f 974 933 895
f 895 854 974
f 976 908 728
f 856 897 920
f 880 843 936
f 843 824 921
f 824 898 921
f 911 860 922
f 979 9575 923
f 881 924 923
f 950 964 899
f 899 912 950
f 882 900 951
f 900 862 994
f 965 849 925
f 828 901 938
f 952 938 901
f 787 886 939
f 864 865 914
f 940 865 902
f 927 940 902
f 928 915 888
f 872 903 942
f 9608 942 903
f 905 904 9595
f 906 892 931
f 918 931 892
f 932 852 945
f 893 959 958
f 894 933 960
f 934 974 907
f 907 877 934
f 976 842 1032
f 856 1032 855
f 977 920 880
f 880 936 977
f 921 936 843
f 921 898 937
f 898 909 937
f 909 910 947
f 910 873 991
f 979 922 860
f 860 9575 979
f 913 882 993
f 951 993 882
f 965 994 862
f 966 939 886
f 886 954 966
f 887 914 954
f 940 914 865
f 967 927 915
f 869 928 868
f 916 904 9664
f 917 891 986
f 918 851 944
f 851 919 944
f 958 945 852
f 893 894 946
f 960 946 894
f 988 961 935
f 947 910 991
f 948 874 963
f 923 924 1019
f 1052 1019 924
f 964 1052 924
f 913 993 980
f 925 981 965
f 925 849 938
f 955 982 940
f 940 927 955
f 927 967 956
f 1001 928 869
f 869 929 941
f 9608 930 943
f 905 969 904
f 986 905 917
f 944 1002 918
f 945 919 932
f 893 946 959
f 974 960 933
f 974 934 975
f 896 935 987
f 961 987 935
f 988 908 989
f 976 989 908
f 856 920 990
f 962 977 936
f 921 962 936
f 937 909 947
f 991 873 1070
f 873 1007 1070
f 949 963 874
f 922 979 978
f 1008 950 912
f 1020 1008 912
f 980 1009 1020
f 1020 913 980
f 994 951 900
f 938 1023 925
f 938 952 1024
f 926 995 952
f 1010 953 939
f 939 966 1034
f 982 954 914
f 914 940 982
f 955 927 956
f 967 915 1011
f 869 941 1001
f 984 1001 941
f 942 984 941
f 942 943 984
f 943 930 985
f 930 9671 985
f 905 986 1013
f 1002 931 918
f 970 1002 944
f 957 970 944
f 944 919 957
f 919 945 971
f 945 958 972
f 958 959 1003
f 959 946 973
f 960 973 946
f 934 896 9639
f 987 9639 896
f 977 990 920
f 937 962 921
f 937 947 1059
f 991 1059 947
f 1134 992 948
f 963 1134 948
f 979 923 1051
f 923 1019 1018
f 1022 951 994
f 995 1024 952
f 953 1010 997
f 999 966 954
f 985 984 943
f 9671 968 985
f 9664 904 969
f 1013 969 905
f 931 1067 906
f 971 957 919
f 958 1003 972
f 9639 975 934
f 9641 987 961
f 961 988 9641
f 990 1016 856
f 978 979 9672
f 1018 1051 923
f 964 950 1052
f 994 965 981
f 981 925 1023
f 1023 938 1127
f 1034 966 998
f 982 999 954
f 955 956 1000
f 956 967 983
f 967 1011 983
f 928 1011 915
f 1017 968 9670
f 1002 1028 931
f 1057 1002 970
f 959 973 1003
f 1004 973 960
f 1004 960 974
f 974 975 1004
f 990 977 1006
f 977 962 1006
f 962 937 1033
f 1059 991 1060
f 1084 992 1134
f 1051 9672 979
f 1008 1052 950
f 1020 1125 1008
f 1021 1009 980
f 993 1021 980
f 1127 938 1024
f 926 996 995
f 1135 997 1010
f 998 1035 1034
f 1036 998 966
f 966 999 1036
f 982 955 1025
f 1000 1025 955
f 1027 1000 956
f 983 1027 956
f 1011 928 1039
f 928 1001 1039
f 1041 1001 984
f 984 985 1012
f 1079 1013 986
f 1042 1066 906
f 906 1067 1042
f 1028 1067 931
f 9600 1057 970
f 972 971 945
f 1004 1003 973
f 9640 1004 975
f 987 9641 1005
f 9641 988 1015
f 989 1015 988
f 1072 1007 992
f 992 1084 1072
f 1017 1049 968
f 1017 9670 1062
f 9673 1050 9670
f 993 951 1022
f 981 1022 994
f 926 1085 996
f 926 997 1085
f 1010 939 1148
f 939 1034 1148
f 999 982 1025
f 1025 1000 1026
f 1038 1027 983
f 1038 983 1011
f 1040 1039 1001
f 1001 1041 1040
f 1012 1041 984
f 1028 1002 1029
f 1002 1057 1029
f 972 1058 971
f 1003 1004 1095
f 1004 9640 1045
f 1030 1045 9640
f 1032 856 1100
f 856 1016 1100
f 1060 991 1097
f 1007 1072 1071
f 9670 1050 1062
f 1051 1050 9673
f 9673 9672 1051
f 1052 1008 1054
f 1022 1021 993
f 1010 1148 1135
f 1025 1036 999
f 1000 1027 1037
f 1039 1038 1011
f 1028 1029 1080
f 1116 1029 1057
f 1043 1057 9600
f 9600 9601 1043
f 9601 971 1058
f 1094 972 1003
f 1044 1095 1004
f 1004 1045 1044
f 1030 1014 1031
f 1015 989 1047
f 989 976 1099
f 1006 1081 1016
f 1033 1083 962
f 1007 1071 1070
f 1119 1134 963
f 1018 1077 1051
f 1054 1053 1052
f 1125 1020 1055
f 1020 1009 1055
f 1023 1064 981
f 1024 995 1092
f 1056 1092 995
f 995 996 1056
f 997 1135 1061
f 1035 1073 1034
f 1026 1000 1048
f 1040 1038 1039
f 1065 9663 969
f 969 1013 1065
f 1067 1028 1068
f 1094 1058 972
f 1095 1094 1003
f 1045 1030 1098
f 1030 1031 1098
f 1031 1014 1046
f 1099 1047 989
f 976 1032 1099
f 1100 1099 1032
f 1082 1006 962
f 1059 1033 937
f 1097 991 1118
f 991 1070 1118
f 997 1061 1085
f 1109 1061 1135
f 1148 1034 1073
f 1073 1035 1105
f 998 1036 1074
f 1036 1025 1074
f 1025 1026 1086
f 1037 1048 1000
f 1038 1037 1027
f 1197 1054 1008
f 1008 1125 1197
f 1009 1021 1063
f 1023 1127 1091
f 1013 1079 1065
f 1066 1042 1130
f 1080 1068 1028
f 1058 1043 9601
f 1069 1094 1095
f 1098 1044 1045
f 1100 1016 1096
f 962 1083 1082
f 1110 1035 998
f 998 1074 1110
f 1025 1086 1074
f 1048 1086 1026
f 1087 9653 1049
f 1062 1050 1076
f 1050 1051 1077
f 1089 1077 1018
f 1018 1019 1078
f 1019 1052 1053
f 1126 1055 1009
f 1009 1063 1126
f 1090 1022 981
f 1064 1090 981
f 1127 1024 1092
f 1079 1066 1114
f 1131 1042 1067
f 1068 1080 1161
f 1029 1116 1080
f 1103 1080 1116
f 1043 1093 1057
f 1046 1015 1047
f 1147 1033 1059
f 1086 1048 1075
f 1106 1048 1037
f 1037 9655 1106
f 1087 1017 1088
f 1017 1062 1088
f 1076 1088 1062
f 1076 1050 1112
f 1077 1112 1050
f 1053 1078 1019
f 1021 1022 1063
f 1090 1063 1022
f 1023 1091 1064
f 1131 1130 1042
f 1102 1131 1067
f 1067 1068 1102
f 1161 1102 1068
f 1093 1116 1057
f 1117 1093 1043
f 1094 1104 1058
f 1082 1081 1006
f 1156 1083 1033
f 1059 1060 1133
f 1149 1105 1035
f 9576 1110 1074
f 9576 1074 1086
f 1048 1106 1075
f 1111 1106 9655
f 9655 9653 1111
f 1087 1111 9653
f 1089 1018 1078
f 1053 1054 1124
f 1065 1079 1114
f 1043 1058 1117
f 1104 1117 1058
f 1094 1069 1104
f 1195 1098 1031
f 1101 1096 1016
f 1016 1081 1101
f 1082 1083 1146
f 1133 1060 1097
f 1108 1085 1061
f 1109 1108 1061
f 1148 1073 1157
f 1110 1149 1035
f 1088 1111 1087
f 1107 1123 1088
f 1088 1076 1107
f 1076 1112 1107
f 1112 1077 1140
f 1197 1124 1054
f 1218 1063 1090
f 1141 1064 1091
f 1153 1056 996
f 996 1085 1153
f 1115 1114 1066
f 1066 1130 1115
f 1143 1103 1116
f 1117 1188 1093
f 1095 1044 1069
f 1046 1155 1031
f 1101 1145 1096
f 1172 1134 1119
f 1195 1170 1098
f 1099 1100 1144
f 1100 1096 1144
f 1133 1097 1162
f 1080 1103 1154
f 1126 1125 1055
f 1152 1126 1063
f 1218 1090 1178
f 1090 1064 1178
f 1141 1178 1064
f 1091 1127 1185
f 1127 1092 1186
f 1108 1153 1085
f 1073 1105 1120
f 1149 1120 1105
f 1110 9576 1136
f 9576 1075 1136
f 1075 1106 1158
f 1122 1158 1106
f 1106 1111 1122
f 1111 1088 1137
f 1123 1137 1088
f 1089 1078 1199
f 1108 1109 1163
f 1120 1157 1073
f 1149 1110 1121
f 1110 1136 1121
f 1137 1122 1111
f 1139 1209 1107
f 1107 1112 1139
f 1167 1141 1091
f 1056 1186 1092
f 1128 1114 1129
f 1114 1115 1129
f 1102 1161 1187
f 1116 1093 1143
f 1093 1188 1143
f 1132 1188 1117
f 1117 1104 1132
f 1069 1132 1104
f 1155 1046 1196
f 1047 1196 1046
f 1145 1144 1096
f 1175 1101 1081
f 1081 1082 1175
f 1083 1156 1146
f 1097 1118 1162
f 1118 1070 1162
f 1135 1163 1109
f 1211 1148 1157
f 1123 1107 1138
f 1107 1209 1138
f 1077 1089 1140
f 1166 1089 1199
f 1159 1078 1053
f 1125 1126 1237
f 1185 1167 1091
f 1186 1185 1127
f 1142 1128 1193
f 1130 1131 1160
f 1131 1102 1200
f 1103 1143 1194
f 1069 1044 1174
f 1170 1174 1044
f 1072 1084 1228
f 1084 1134 1171
f 1119 1142 1172
f 1176 1172 1142
f 1163 1169 1108
f 1180 1135 1148
f 1157 1120 1179
f 1179 1120 1149
f 1121 1136 1150
f 1151 1150 1136
f 1136 1075 1151
f 1158 1151 1075
f 1158 1122 1165
f 1232 1122 1137
f 9565 1139 1112
f 1193 1176 1142
f 1161 1080 1201
f 1080 1154 1201
f 1132 1069 1190
f 1174 1190 1069
f 1031 1155 1195
f 1243 1082 1146
f 1146 1156 1254
f 1156 1033 1147
f 1203 1134 1172
f 1211 1180 1148
f 1149 1121 1164
f 1150 1164 1121
f 1151 1158 1165
f 1165 1122 1182
f 1138 1183 1123
f 1159 1124 1177
f 1269 1177 1124
f 1124 1197 1269
f 1197 1125 1291
f 1237 1291 1125
f 1204 1152 1063
f 1063 1218 1204
f 1186 1056 1168
f 1056 1153 1168
f 1169 1153 1108
f 1130 1160 1115
f 1200 1160 1131
f 1200 1102 1187
f 1223 1195 1155
f 1147 1059 1255
f 1133 1255 1059
f 1072 1228 1071
f 1084 1171 1228
f 1206 1169 1163
f 1210 1163 1135
f 1180 1210 1135
f 1207 1211 1157
f 1164 1179 1149
f 1232 1182 1122
f 1140 1089 1166
f 1237 1126 1238
f 1218 1178 1244
f 1160 1200 1173
f 1161 1201 1222
f 1196 1223 1155
f 1099 1144 1213
f 1144 1145 1191
f 1254 1243 1146
f 1284 1171 1134
f 1134 1203 1284
f 1150 1151 1181
f 1182 1208 1165
f 1137 1123 1183
f 1209 1139 1249
f 1177 1278 1159
f 1126 1152 1238
f 1141 1184 1178
f 1205 1168 1153
f 1169 1205 1153
f 1115 1160 1221
f 1222 1187 1161
f 1103 1194 1154
f 1189 1188 1132
f 1190 1189 1132
f 1047 1099 1213
f 1225 1213 1144
f 1191 1225 1144
f 1145 1101 1226
f 1254 1156 1214
f 1162 1070 1202
f 1188 1194 1143
f 1174 1170 1242
f 1196 1047 1213
f 1101 1175 1226
f 1192 1226 1175
f 1175 1082 1192
f 1243 1192 1082
f 1133 1162 1342
f 1257 1203 1172
f 1258 1172 1176
f 1291 1269 1197
f 1245 1244 1178
f 1184 1245 1178
f 1141 1167 1184
f 1157 1179 1207
f 1164 1207 1179
f 1164 1150 1198
f 1181 1198 1150
f 1165 1181 1151
f 1216 1182 1232
f 1183 1232 1137
f 9565 1249 1139
f 1236 1078 1159
f 1206 1163 1210
f 1264 1198 1181
f 1209 1249 1248
f 1199 1078 1235
f 1152 1204 1217
f 1204 1218 1239
f 1186 1168 1220
f 1205 1169 1262
f 1169 1206 1262
f 1221 1193 1115
f 1160 1173 1221
f 1222 1200 1187
f 1189 1194 1188
f 1190 1174 1212
f 1170 1195 1294
f 1191 1145 1305
f 1226 1305 1145
f 1226 1192 1227
f 1070 1071 1256
f 1071 1228 1283
f 1257 1172 1258
f 1176 1193 1229
f 1221 1229 1193
f 1212 1189 1190
f 1242 1212 1174
f 1223 1196 1224
f 1213 1224 1196
f 1147 1214 1156
f 1202 1070 1256
f 1217 1238 1152
f 1167 1185 1260
f 1185 1186 1219
f 1205 1220 1168
f 1207 1164 1215
f 1165 1208 1181
f 1182 1216 1231
f 1138 1209 1233
f 1166 1290 1140
f 1078 1236 1235
f 1229 1221 1270
f 1251 1173 1200
f 1200 1222 1345
f 1194 1189 1240
f 1212 1240 1189
f 1242 1170 1322
f 1241 1255 1133
f 1202 1342 1162
f 1071 1283 1256
f 1258 1176 1229
f 1204 1239 1217
f 1184 1167 1246
f 1167 1260 1246
f 1261 1220 1205
f 1262 1261 1205
f 1210 1313 1206
f 1198 1215 1164
f 1208 1264 1181
f 1248 1234 1209
f 1166 1199 1377
f 1180 1211 1230
f 1266 1230 1211
f 1211 1207 1266
f 1263 1266 1207
f 1215 1263 1207
f 1231 1208 1182
f 1247 1232 1183
f 1234 1233 1209
f 9565 1140 1290
f 1220 1219 1186
f 1221 1173 1250
f 1252 1201 1154
f 1154 1194 1252
f 1294 1195 1253
f 1195 1223 1253
f 1305 1225 1191
f 1305 1226 1275
f 1192 1243 1296
f 1254 1296 1243
f 1133 1342 1241
f 1210 1180 1277
f 1308 1268 1216
f 1232 1308 1216
f 1248 1265 1234
f 1244 1239 1218
f 1246 1245 1184
f 1185 1219 1260
f 1261 1219 1220
f 1313 1262 1206
f 1270 1293 1229
f 1250 1173 1251
f 1252 1222 1201
f 1240 1252 1194
f 1240 1212 1280
f 1322 1272 1242
f 1303 1253 1223
f 1273 1303 1223
f 1227 1275 1226
f 1255 1297 1147
f 1229 1293 1258
f 1277 1313 1210
f 1264 1208 1289
f 1231 1289 1208
f 1231 1216 1268
f 1247 1308 1232
f 1183 1138 1233
f 1177 1316 1278
f 1269 1361 1177
f 1259 1291 1237
f 1237 1238 1259
f 1238 1217 1259
f 1217 1239 1259
f 1244 1245 1292
f 1328 1246 1260
f 1250 1270 1221
f 1200 1345 1251
f 1322 1170 1346
f 1294 1346 1170
f 1223 1224 1273
f 1213 1274 1224
f 1227 1192 1306
f 1296 1306 1192
f 1214 1147 1297
f 1222 1252 1279
f 1271 1252 1240
f 1280 1271 1240
f 1212 1242 1280
f 1242 1272 1280
f 1295 1213 1225
f 1275 1227 1306
f 1296 1254 1282
f 1256 1307 1202
f 1367 1228 1171
f 1312 1284 1203
f 1203 1257 1312
f 1258 1293 1285
f 1361 1316 1177
f 1259 1239 1317
f 1267 1263 1215
f 1215 1198 1267
f 1268 1289 1231
f 1233 1247 1183
f 1233 1234 1335
f 1265 1335 1234
f 1309 1265 1248
f 1248 1249 1309
f 1299 1309 1249
f 1300 1299 1249
f 1249 9565 1300
f 9565 1290 1300
f 1377 1199 1235
f 1251 1345 1340
f 1302 1345 1222
f 1253 1303 1281
f 1303 1273 1330
f 1274 1273 1224
f 1274 1213 1295
f 1225 1305 1295
f 1276 1307 1256
f 1269 1291 1301
f 1317 1239 1244
f 1260 1219 1320
f 1261 1262 1356
f 1332 1356 1262
f 1262 1313 1332
f 1277 1180 1326
f 1230 1326 1180
f 1230 1266 1326
f 1287 1314 1266
f 1267 1287 1263
f 1288 1267 1198
f 1198 1264 1288
f 1289 1288 1264
f 1326 1266 1286
f 1314 1286 1266
f 1266 1263 1287
f 1370 1287 1267
f 1289 1268 1298
f 1308 1334 1268
f 1166 1377 1336
f 1236 1278 1360
f 1361 1269 1388
f 1317 1338 1259
f 1317 1244 1318
f 1261 1310 1219
f 1250 1293 1270
f 1222 1279 1302
f 1252 1271 1279
f 1280 1272 1349
f 1304 1273 1274
f 1353 1306 1296
f 1171 1284 1367
f 1313 1277 1357
f 1333 1357 1277
f 1326 1333 1277
f 1334 1298 1268
f 1290 1166 1336
f 1360 1235 1236
f 1316 1360 1278
f 1388 1269 1301
f 1338 1301 1291
f 1319 1292 1245
f 1328 1260 1320
f 1356 1310 1261
f 1329 1347 1250
f 1251 1329 1250
f 1251 1340 1329
f 1253 1392 1294
f 1306 1352 1275
f 1214 1282 1254
f 1297 1383 1214
f 1276 1256 1354
f 1256 1283 1354
f 1283 1228 1367
f 1284 1312 1384
f 1257 1258 1355
f 1298 1288 1289
f 1300 1290 1372
f 1291 1259 1338
f 1317 1318 1339
f 1244 1292 1319
f 1219 1310 1320
f 1293 1250 1321
f 1347 1321 1250
f 1311 1302 1279
f 1279 1271 1311
f 1271 1280 1311
f 1349 1311 1280
f 1272 1322 1381
f 1392 1346 1294
f 1392 1253 1281
f 1323 1281 1303
f 1304 1330 1273
f 1304 1274 1366
f 1295 1305 1341
f 1305 1275 1331
f 1275 1352 1331
f 1306 1353 1324
f 1297 1255 1241
f 1384 1367 1284
f 1308 1399 1334
f 1299 1300 1327
f 1372 1327 1300
f 1318 1244 1364
f 1319 1364 1244
f 1245 1246 1319
f 1328 1319 1246
f 1320 1365 1328
f 1322 1346 1374
f 1330 1323 1303
f 1274 1295 1366
f 1324 1352 1306
f 1367 1407 1283
f 1355 1258 1325
f 1285 1325 1258
f 1285 1293 1321
f 1286 1314 1369
f 1314 1287 1315
f 1370 1315 1287
f 1267 1288 1343
f 1288 1298 1359
f 1298 1334 1359
f 1233 1371 1247
f 1233 1335 1409
f 1362 1372 1290
f 1302 1311 1348
f 1381 1349 1272
f 1281 1323 1350
f 1305 1331 1341
f 1368 1332 1313
f 1357 1368 1313
f 1286 1369 1385
f 1369 1314 1315
f 1370 1267 1343
f 1387 1399 1308
f 1247 1387 1308
f 1409 1371 1233
f 1418 1344 1265
f 1265 1309 1418
f 1309 1299 1401
f 1327 1401 1299
f 1377 1235 1363
f 1360 1363 1235
f 1360 1316 1337
f 1460 1364 1319
f 1365 1380 1328
f 1347 1329 1421
f 1404 1340 1345
f 1422 1345 1302
f 1348 1422 1302
f 1381 1322 1431
f 1350 1392 1281
f 1330 1304 1351
f 1304 1366 1351
f 1341 1366 1295
f 1424 1341 1331
f 1445 1352 1324
f 1282 1353 1296
f 1463 1354 1283
f 1283 1407 1463
f 1326 1286 1358
f 1385 1358 1286
f 1369 1315 1386
f 1288 1359 1343
f 1387 1247 1371
f 1388 1301 1420
f 1380 1319 1328
f 1310 1356 1373
f 1349 1348 1311
f 1331 1352 1424
f 1282 1214 1383
f 1376 1241 1342
f 1415 1202 1307
f 1307 1276 1435
f 1343 1359 1398
f 1400 1409 1335
f 1335 1265 1456
f 1265 1344 1456
f 1327 1372 1447
f 1338 1317 1389
f 1320 1310 1365
f 1310 1373 1365
f 1404 1329 1340
f 1350 1323 1443
f 1443 1323 1444
f 1323 1330 1375
f 1415 1376 1342
f 1342 1202 1415
f 1257 1355 1312
f 1325 1474 1355
f 1336 1362 1290
f 1337 1316 1419
f 1379 1301 1338
f 1389 1317 1339
f 1380 1391 1319
f 1332 1436 1356
f 1405 1422 1348
f 1348 1349 1405
f 1322 1374 1431
f 1375 1444 1323
f 1351 1375 1330
f 1414 1424 1352
f 1383 1462 1282
f 1241 1376 1395
f 1276 1354 1425
f 1321 1347 1411
f 1421 1411 1347
f 1329 1404 1412
f 1349 1381 1442
f 1353 1282 1462
f 1395 1297 1241
f 1425 1435 1276
f 1285 1321 1486
f 1301 1379 1378
f 1379 1338 1389
f 1429 1339 1318
f 1364 1460 1390
f 1373 1356 1436
f 1358 1385 1416
f 1369 1417 1385
f 1359 1334 1398
f 1399 1398 1334
f 1456 1400 1335
f 1363 1360 1428
f 1361 1419 1316
f 1368 1436 1332
f 1397 1386 1315
f 1315 1370 1397
f 1437 1370 1343
f 1389 1339 1440
f 1345 1422 1404
f 1442 1405 1349
f 1406 1374 1346
f 1392 1406 1346
f 1351 1366 1393
f 1353 1445 1324
f 1415 1307 1435
f 1407 1367 1451
f 1464 1367 1384
f 1486 1325 1285
f 1326 1358 1333
f 1370 1437 1397
f 1387 1371 1454
f 1409 1408 1371
f 1439 1428 1337
f 1318 1364 1390
f 1365 1373 1448
f 1373 1436 1410
f 1412 1421 1329
f 1413 1431 1374
f 1406 1483 1374
f 1366 1341 1393
f 1394 1393 1341
f 1424 1394 1341
f 1382 1353 1462
f 1383 1297 1395
f 1354 1463 1425
f 1333 1358 1453
f 1454 1399 1387
f 1401 1327 1447
f 1402 1336 1377
f 1363 1428 1488
f 1420 1378 1403
f 1459 1378 1379
f 1448 1391 1380
f 1448 1373 1410
f 1321 1411 1396
f 1430 1404 1422
f 1483 1413 1374
f 1406 1392 1449
f 1392 1350 1433
f 1423 1375 1351
f 1351 1393 1423
f 1355 1474 1312
f 1486 1321 1396
f 1357 1452 1368
f 1385 1417 1416
f 1386 1477 1369
f 1408 1454 1371
f 1377 1363 1402
f 1361 1388 1458
f 1379 1389 1440
f 1429 1318 1390
f 1468 1460 1319
f 1319 1391 1468
f 1380 1365 1448
f 1442 1381 1431
f 1413 1432 1431
f 1433 1449 1392
f 1445 1414 1352
f 1395 1376 1434
f 1376 1415 1581
f 1416 1453 1358
f 1417 1369 1477
f 1343 1398 1437
f 1399 1427 1398
f 1409 1400 1455
f 1519 1456 1344
f 1344 1418 1478
f 1447 1372 1438
f 1372 1362 1438
f 1336 1506 1362
f 1488 1402 1363
f 1420 1458 1388
f 1410 1436 1461
f 1421 1412 1494
f 1350 1443 1433
f 1444 1375 1423
f 1445 1353 1446
f 1450 1446 1353
f 1382 1450 1353
f 1451 1499 1463
f 1463 1407 1451
f 1367 1464 1451
f 1325 1552 1474
f 1552 1325 1486
f 1452 1436 1368
f 1357 1333 1452
f 1426 1452 1333
f 1453 1426 1333
f 1397 1477 1386
f 1437 1398 1427
f 1455 1408 1409
f 1478 1519 1344
f 1309 1401 1511
f 1440 1339 1429
f 1429 1390 1441
f 1390 1460 1509
f 1461 1448 1410
f 1494 1514 1421
f 1489 1422 1405
f 1442 1489 1405
f 1471 1393 1394
f 1539 1464 1384
f 1384 1312 1539
f 1474 1539 1312
f 1417 1477 1476
f 1456 1455 1400
f 1418 1309 1511
f 1438 1362 1505
f 1506 1505 1362
f 1419 1439 1337
f 1458 1420 1520
f 1420 1403 1520
f 1459 1379 1479
f 1379 1440 1479
f 1562 1433 1443
f 1423 1393 1471
f 1394 1424 1472
f 1473 1424 1414
f 1414 1445 1473
f 1581 1434 1376
f 1526 1415 1435
f 1437 1529 1397
f 1487 1454 1408
f 1478 1418 1556
f 1447 1438 1504
f 1402 1506 1336
f 1458 1419 1361
f 1378 1658 1403
f 1459 1532 1378
f 1440 1429 1480
f 1448 1461 1469
f 1432 1413 1490
f 1449 1433 1495
f 1382 1462 1450
f 1436 1452 1475
f 1500 1467 1416
f 1416 1417 1500
f 1511 1556 1418
f 1503 1511 1401
f 1658 1378 1659
f 1532 1659 1378
f 1469 1481 1448
f 1475 1461 1436
f 1514 1411 1421
f 1482 1412 1404
f 1510 1482 1404
f 1404 1430 1510
f 1489 1430 1422
f 1442 1431 1523
f 1432 1523 1431
f 1413 1483 1490
f 1449 1483 1406
f 1443 1444 1562
f 1444 1423 1465
f 1472 1471 1394
f 1473 1472 1424
f 1446 1473 1445
f 1486 1485 1552
f 1452 1426 1466
f 1453 1466 1426
f 1501 1477 1397
f 1454 1427 1399
f 1455 1487 1408
f 1557 1438 1505
f 1479 1440 1480
f 1441 1480 1429
f 1396 1411 1522
f 1482 1494 1412
f 1515 1510 1430
f 1430 1489 1470
f 1523 1489 1442
f 1491 1483 1449
f 1495 1491 1449
f 1423 1471 1516
f 1450 1462 1497
f 1434 1581 1546
f 1498 1581 1415
f 1415 1526 1498
f 1451 1464 1499
f 1464 1539 1547
f 1518 1475 1452
f 1466 1518 1452
f 1453 1416 1467
f 1397 1529 1501
f 1487 1455 1502
f 1502 1455 1456
f 1504 1503 1401
f 1401 1447 1504
f 1558 1439 1419
f 1520 1492 1458
f 1507 1532 1459
f 1521 1507 1459
f 1521 1459 1479
f 1468 1391 1448
f 1481 1468 1448
f 1525 1497 1462
f 1383 1525 1462
f 1526 1435 1484
f 1435 1425 1484
f 1522 1486 1396
f 1417 1476 1500
f 1582 1427 1454
f 1519 1457 1456
f 1558 1488 1428
f 1479 1480 1508
f 1533 1508 1480
f 1509 1441 1390
f 1562 1495 1433
f 1472 1473 1517
f 1395 1525 1383
f 1547 1499 1464
f 1552 1575 1474
f 1485 1486 1588
f 1454 1487 1582
f 1402 1488 1531
f 1419 1458 1492
f 1521 1479 1508
f 1509 1460 1513
f 1460 1468 1513
f 1469 1461 1542
f 1465 1423 1496
f 1423 1516 1496
f 1446 1450 1537
f 1529 1437 1582
f 1437 1427 1582
f 1502 1456 1457
f 1504 1438 1557
f 1493 1533 1480
f 1480 1441 1493
f 1570 1481 1469
f 1475 1542 1461
f 1543 1522 1411
f 1514 1543 1411
f 1430 1470 1515
f 1523 1432 1560
f 1524 1560 1432
f 1471 1472 1517
f 1536 1517 1473
f 1497 1537 1450
f 1499 1547 1527
f 1575 1539 1474
f 1453 1467 1528
f 1566 1477 1501
f 1519 1478 1555
f 1556 1568 1478
f 1503 1504 1569
f 1592 1468 1481
f 1470 1489 1523
f 1432 1490 1524
f 1535 1490 1483
f 1491 1586 1483
f 1562 1444 1607
f 1465 1607 1444
f 1538 1525 1395
f 1395 1434 1538
f 1434 1546 1538
f 1527 1425 1463
f 1463 1499 1527
f 1475 1518 1540
f 1528 1518 1466
f 1466 1453 1528
f 1500 1553 1467
f 1577 1566 1501
f 1529 1577 1501
f 1502 1457 1548
f 1568 1555 1478
f 1569 1504 1512
f 1520 1403 1651
f 1658 1651 1403
f 1542 1549 1469
f 1482 1510 1534
f 1523 1571 1470
f 1560 1544 1523
f 1483 1586 1535
f 1491 1495 1580
f 1517 1516 1471
f 1545 1536 1473
f 1446 1545 1473
f 1537 1497 1596
f 1484 1587 1526
f 1484 1425 1610
f 1425 1527 1610
f 1527 1547 1605
f 1588 1486 1522
f 1528 1467 1553
f 1530 1582 1487
f 1487 1502 1530
f 1457 1519 1554
f 1504 1557 1649
f 1506 1402 1531
f 1419 1492 1727
f 1493 1441 1559
f 1509 1559 1441
f 1481 1570 1592
f 1624 1514 1494
f 1550 1494 1482
f 1510 1515 1534
f 1562 1580 1495
f 1546 1609 1538
f 1548 1530 1502
f 1554 1548 1457
f 1555 1554 1519
f 1541 1505 1506
f 1531 1583 1506
f 9566 1531 1488
f 1626 1492 1520
f 1651 1626 1520
f 1613 1521 1508
f 1615 1559 1509
f 1513 1615 1509
f 1468 1592 1513
f 1549 1570 1469
f 1542 1475 1540
f 1494 1550 1624
f 1482 1534 1550
f 1544 1571 1523
f 1580 1586 1491
f 1563 1545 1446
f 1537 1563 1446
f 1581 1498 1669
f 1498 1526 1587
f 1610 1631 1484
f 1552 1485 1598
f 1588 1598 1485
f 1540 1518 1576
f 1518 1528 1576
f 1553 1576 1528
f 1500 1476 1600
f 1566 1476 1477
f 1582 1577 1529
f 1649 1512 1504
f 1541 1557 1505
f 1584 1558 1419
f 1601 1613 1508
f 1508 1533 1601
f 1593 1549 1542
f 1624 1606 1514
f 1515 1470 1571
f 1544 1560 1604
f 1524 1490 1579
f 1490 1535 1579
f 1525 1596 1497
f 1587 1669 1498
f 1553 1500 1589
f 1600 1599 1500
f 1548 1554 1590
f 1555 1568 1618
f 1556 1511 1619
f 1578 1531 9566
f 1613 1507 1521
f 1533 1493 1602
f 1559 1602 1493
f 1542 1540 1593
f 1522 1543 1612
f 1606 1543 1514
f 1585 1571 1544
f 1535 1679 1579
f 1496 1516 1573
f 1516 1517 1573
f 1551 1573 1517
f 1539 1575 1670
f 1552 1565 1575
f 1599 1589 1500
f 1530 1548 1567
f 1548 1590 1567
f 1506 1583 1541
f 1513 1592 1591
f 1515 1571 1534
f 1560 1524 1572
f 1524 1561 1572
f 1579 1561 1524
f 1535 1586 1679
f 1607 1465 1660
f 1465 1496 1660
f 1551 1517 1629
f 1517 1536 1629
f 1563 1537 1595
f 1596 1595 1537
f 1631 1587 1484
f 1598 1565 1552
f 1646 1588 1522
f 1522 1612 1646
f 1619 1568 1556
f 1636 1583 1531
f 1531 1578 1636
f 1584 1419 1727
f 1727 1492 1657
f 1601 1533 1602
f 1549 1593 1622
f 1534 1594 1550
f 1572 1604 1560
f 1641 1679 1586
f 1536 1545 1644
f 1525 1538 1574
f 1655 1576 1553
f 1599 1600 1632
f 1476 1566 1600
f 1577 1690 1566
f 1582 1530 1633
f 1569 1512 1635
f 1513 1591 1615
f 1621 1592 1570
f 1639 1621 1570
f 1570 1549 1639
f 1622 1639 1549
f 1624 1550 1665
f 1585 1640 1571
f 1603 1585 1544
f 1544 1604 1603
f 1546 1581 1732
f 1610 1527 1597
f 1653 1605 1547
f 1547 1645 1653
f 1593 1540 1616
f 1589 1655 1553
f 1618 1554 1555
f 1541 1649 1557
f 1656 1578 9566
f 9566 1584 1656
f 1626 1657 1492
f 1642 1580 1562
f 1536 1644 1608
f 1563 1644 1545
f 1609 1721 1538
f 1669 1732 1581
f 1564 1597 1527
f 1605 1564 1527
f 1611 1547 1539
f 1539 1670 1611
f 1540 1576 1617
f 1576 1655 1617
f 1632 1600 1566
f 1633 1577 1582
f 1636 1541 1583
f 1637 1656 1584
f 1727 1637 1584
f 1638 1613 1601
f 1559 1614 1602
f 1687 1628 1585
f 1603 1687 1585
f 1660 1643 1607
f 1608 1629 1536
f 1574 1596 1525
f 1575 1565 1670
f 1588 1625 1598
f 1588 1646 1625
f 1530 1567 1633
f 1568 1619 1740
f 1614 1559 1615
f 1615 1591 1671
f 1621 1627 1592
f 1612 1543 1676
f 1534 1571 1691
f 1628 1640 1585
f 1580 1641 1586
f 1546 1732 1609
f 1653 1564 1605
f 1611 1645 1547
f 1589 1599 1662
f 1599 1632 1662
f 1690 1632 1566
f 1740 1618 1568
f 1511 1503 1634
f 1569 1634 1503
f 1657 1626 1650
f 1601 1602 1638
f 1707 1638 1602
f 1614 1707 1602
f 1591 1592 1627
f 1622 1593 1623
f 1593 1616 1623
f 1652 1594 1534
f 1534 1691 1652
f 1604 1678 1603
f 1604 1572 1678
f 1642 1562 1607
f 1573 1660 1496
f 1669 1587 1680
f 1675 1631 1610
f 1543 1606 1676
f 1571 1640 1691
f 1674 1572 1561
f 1579 1674 1561
f 1642 1641 1580
f 1573 1551 1629
f 1596 1574 1630
f 1646 1612 1654
f 1676 1654 1612
f 1626 1651 1684
f 1659 1714 1658
f 1671 1620 1615
f 1617 1647 1616
f 1616 1540 1617
f 1554 1734 1590
f 1554 1618 1734
f 1619 1511 1749
f 1634 1749 1511
f 1634 1569 1741
f 1635 1741 1569
f 1633 1567 1664
f 1541 1636 1697
f 1697 1636 1578
f 1727 1657 1728
f 1614 1615 1620
f 1627 1671 1591
f 1639 1622 1673
f 1702 1606 1624
f 1624 1665 1702
f 1784 1691 1640
f 1674 1678 1572
f 1668 1574 1538
f 1538 1721 1668
f 1661 1704 1625
f 1625 1646 1661
f 1662 1681 1589
f 1648 1567 1590
f 1697 1578 1656
f 1685 1507 1613
f 1616 1647 1623
f 1702 1676 1606
f 1640 1628 1693
f 1579 1679 1674
f 1587 1631 1675
f 1597 1675 1610
f 1695 1647 1617
f 1655 1589 1681
f 1690 1577 1633
f 1696 1648 1590
f 1684 1651 1764
f 1659 1532 1715
f 1532 1507 1715
f 1759 1685 1613
f 1707 1614 1735
f 1620 1735 1614
f 1621 1639 1673
f 1719 1665 1550
f 1687 1693 1628
f 1642 1607 1688
f 1643 1688 1607
f 1660 1573 1739
f 1574 1668 1630
f 1597 1564 1689
f 1653 1645 1758
f 1565 1598 1704
f 1598 1625 1704
f 1663 1662 1632
f 1512 1649 1725
f 1726 1649 1541
f 1650 1626 1684
f 1658 1764 1651
f 1729 1613 1638
f 1672 1627 1621
f 1784 1692 1691
f 1687 1603 1666
f 1773 1732 1669
f 1708 1661 1646
f 1681 1747 1655
f 1690 1663 1632
f 1567 1648 1664
f 1512 1705 1635
f 1650 1728 1657
f 1685 1716 1507
f 1613 1729 1759
f 1671 1686 1620
f 1671 1627 1672
f 1621 1673 1718
f 1678 1666 1603
f 1678 1674 1731
f 1720 1674 1679
f 1642 1756 1641
f 1629 1739 1573
f 1667 1608 1644
f 1644 1563 1667
f 1808 1667 1563
f 1595 1808 1563
f 1596 1630 1694
f 1630 1668 1762
f 1840 1680 1587
f 1587 1675 1840
f 1653 1689 1564
f 1704 1661 1736
f 1646 1654 1700
f 1676 1746 1654
f 1655 1695 1617
f 1682 1681 1662
f 1662 1663 1831
f 1649 1726 1725
f 1726 1541 1697
f 1715 1507 1716
f 1623 1647 1677
f 1756 1679 1641
f 1595 1596 1694
f 1680 1773 1669
f 1758 1689 1653
f 1670 1565 1711
f 1700 1708 1646
f 1746 1700 1654
f 1662 1831 1682
f 1663 1690 1766
f 1683 1690 1633
f 1633 1664 1683
f 1648 1683 1664
f 1590 1734 1696
f 1740 1734 1618
f 1748 1740 1619
f 1748 1619 1749
f 1715 1714 1659
f 1729 1638 1707
f 1718 1672 1621
f 1673 1622 1699
f 1622 1623 1699
f 1760 1550 1594
f 1678 1731 1710
f 1643 1660 1775
f 1739 1775 1660
f 1667 1807 1608
f 1808 1595 1694
f 1668 1721 1762
f 1746 1676 1817
f 1705 1512 1725
f 1714 1764 1658
f 1735 1620 1686
f 1623 1677 1699
f 1676 1702 1701
f 1710 1666 1678
f 1679 1756 1720
f 1756 1642 1688
f 1775 1703 1643
f 1721 1609 1798
f 1704 1711 1565
f 1701 1817 1676
f 1647 1695 1712
f 1747 1695 1655
f 1697 1706 1726
f 1697 1656 9572
f 1742 9572 1656
f 1637 1742 1656
f 1728 1650 1779
f 1750 1650 1684
f 1671 1672 1744
f 1718 1717 1672
f 1698 1718 1673
f 1709 1693 1687
f 1687 1666 1709
f 1703 1688 1643
f 1762 1721 1828
f 1766 1690 1683
f 1734 1713 1696
f 1734 1740 1778
f 1800 1778 1740
f 1716 1685 1765
f 1744 1672 1717
f 1736 1661 1708
f 1795 1702 1665
f 1665 1719 1795
f 1550 1760 1719
f 1691 1692 1652
f 1597 1689 1774
f 1723 1677 1647
f 1712 1723 1647
f 1747 1810 1695
f 1682 1747 1681
f 1831 1663 1763
f 1766 1763 1663
f 1713 1648 1696
f 1727 1742 1637
f 1743 1779 1650
f 1816 1765 1685
f 1685 1759 1816
f 1735 1768 1707
f 1686 1671 1744
f 1698 1673 1699
f 1704 1736 1730
f 1594 1652 1760
f 1731 1674 1720
f 1629 1608 1776
f 1807 1776 1608
f 1758 1774 1689
f 1611 1670 1722
f 1711 1722 1670
f 1711 1704 1730
f 1695 1810 1712
f 1831 1724 1682
f 1733 1683 1648
f 1740 1748 1833
f 1764 1714 1803
f 1729 1707 1768
f 1735 1686 1780
f 1717 1718 1751
f 1795 1754 1702
f 1709 1786 1693
f 1666 1838 1709
f 1710 1761 1666
f 1694 1630 1757
f 1829 1675 1597
f 1741 1635 1767
f 1705 1767 1635
f 1706 1813 1726
f 1650 1750 1743
f 1684 1764 1750
f 1714 1715 1815
f 1715 1716 1867
f 1765 1867 1716
f 1770 1699 1677
f 1723 1770 1677
f 1753 1700 1746
f 1737 1795 1719
f 1640 1693 1755
f 1761 1838 1666
f 1731 1720 1710
f 1688 1703 1738
f 1775 1738 1703
f 1774 1829 1597
f 1648 1713 1733
f 1813 1725 1726
f 1727 1728 1779
f 1750 1764 1848
f 1768 1824 1729
f 1744 1780 1686
f 1744 1717 1804
f 1793 1736 1708
f 1745 1752 1708
f 1708 1700 1745
f 1753 1745 1700
f 1806 1783 1719
f 1719 1760 1806
f 1755 1784 1640
f 1786 1785 1693
f 1810 1723 1712
f 1683 1733 1789
f 1749 1634 1801
f 1706 9572 1813
f 1769 1751 1718
f 1769 1718 1698
f 1699 1782 1698
f 1708 1752 1793
f 1754 1794 1701
f 1796 1710 1720
f 1738 1756 1688
f 1739 1797 1775
f 1739 1629 1797
f 1808 1807 1667
f 1808 1694 1822
f 1757 1822 1694
f 1733 1713 1799
f 1778 1713 1734
f 1875 1800 1740
f 1801 1634 1854
f 1767 1854 1634
f 1634 1741 1767
f 1790 1705 1725
f 1814 1813 9572
f 1743 1847 1779
f 1780 1744 1804
f 1782 1769 1698
f 1817 1753 1746
f 1817 1701 1818
f 1794 1818 1701
f 1756 1796 1720
f 1797 1629 1776
f 1807 1808 1772
f 1827 1630 1762
f 1798 1828 1721
f 1609 1732 1798
f 1788 1645 1611
f 1611 1722 1788
f 1724 1747 1682
f 1683 1789 1812
f 1846 1799 1713
f 1740 1833 1875
f 1749 1833 1748
f 1742 1814 9572
f 1909 1802 1742
f 1742 1727 1909
f 1779 1909 1727
f 1768 1735 1860
f 1730 1736 1805
f 1745 1793 1752
f 1719 1783 1737
f 1760 1652 1837
f 1692 1837 1652
f 1827 1757 1630
f 1918 1827 1762
f 1773 1798 1732
f 1773 1680 1884
f 1680 1840 1884
f 1788 1758 1645
f 1811 1763 1766
f 1733 1799 1789
f 1867 1815 1715
f 1824 1759 1729
f 1780 1860 1735
f 1770 1782 1699
f 1771 1745 1753
f 1692 1784 1927
f 1761 1710 1796
f 1821 1820 1756
f 1756 1738 1821
f 1840 1675 1829
f 1758 1777 1774
f 1842 1770 1723
f 1723 1810 1842
f 1812 1766 1683
f 1833 1749 1886
f 1801 1886 1749
f 1782 1781 1769
f 1805 1736 1871
f 1793 1871 1736
f 1863 1771 1753
f 1753 1817 1863
f 1754 1795 1850
f 1795 1737 1865
f 1755 1693 1878
f 1785 1878 1693
f 1761 1796 1787
f 1807 1892 1776
f 1777 1758 1809
f 1810 1747 1843
f 1724 1843 1747
f 1831 1763 1823
f 1766 1812 1811
f 1813 1790 1725
f 1814 1742 1802
f 1759 1824 1792
f 1751 1769 1861
f 1781 1861 1769
f 1819 1786 1709
f 1709 1838 1819
f 1762 1828 1918
f 1829 1774 1777
f 1812 1789 1873
f 1815 1803 1714
f 1765 1816 1791
f 1759 1792 1816
f 1892 1797 1776
f 1856 1772 1808
f 1827 1822 1757
f 1722 1711 1852
f 1730 1852 1711
f 1980 1800 1875
f 1854 1767 2050
f 1705 1887 1767
f 1909 1779 1834
f 1847 1834 1779
f 1780 1804 1891
f 1793 1745 1836
f 1817 1818 1864
f 1837 1806 1760
f 1927 1837 1692
f 1784 1902 1927
f 1784 1755 1902
f 1878 1785 1928
f 1839 1821 1738
f 1826 1839 1738
f 1775 1826 1738
f 1829 1903 1840
f 1809 1758 1885
f 1758 1788 1885
f 1788 1722 1893
f 1763 1811 1823
f 1873 1789 1799
f 1980 1874 1800
f 1887 2050 1767
f 1813 1814 1888
f 1803 1848 1764
f 1860 1897 1768
f 1717 1751 1835
f 1751 1861 1835
f 1862 1781 1782
f 1825 1836 1745
f 1795 1865 1850
f 1819 1785 1786
f 1787 1855 1761
f 1866 1787 1796
f 1820 1866 1796
f 1822 1882 1808
f 1918 1828 1868
f 1883 1868 1828
f 1913 1828 1798
f 1831 1845 1724
f 1823 1832 1831
f 1778 1800 1925
f 1874 1925 1800
f 1867 1765 1791
f 1835 1891 1804
f 1804 1717 1835
f 1770 1862 1782
f 1771 1825 1745
f 1863 1849 1771
f 1838 1761 1855
f 1821 1866 1820
f 1797 1826 1775
f 1892 1807 1881
f 1807 1772 1881
f 1882 1856 1808
f 1798 1773 1869
f 1777 1841 1829
f 1805 1852 1730
f 1810 1853 1842
f 1843 1853 1810
f 1811 1812 1873
f 1925 1713 1778
f 1705 1790 1926
f 1750 1848 1895
f 1897 1824 1768
f 1817 1864 1863
f 1856 1881 1772
f 1822 1827 1882
f 1869 1913 1798
f 1777 1809 1830
f 1885 1830 1809
f 1844 1843 1724
f 1910 1895 1848
f 1891 1860 1780
f 1755 1878 1948
f 1866 1821 1880
f 1903 1829 1841
f 1830 1841 1777
f 1852 1893 1722
f 1845 1831 1858
f 1873 1872 1811
f 1888 1915 1813
f 1802 1888 1814
f 1895 1859 1750
f 1803 1815 2025
f 1911 2025 1815
f 1906 1911 1815
f 1815 1867 1906
f 1862 1770 1900
f 1818 1850 1877
f 1948 1902 1755
f 1819 1879 1785
f 1787 1866 1916
f 1884 1840 1908
f 1908 1840 1903
f 1841 1830 1851
f 1870 1851 1830
f 1830 1885 1870
f 1770 1842 1857
f 1845 1844 1724
f 1873 1799 1923
f 1799 1846 1923
f 1846 1713 1924
f 1925 1924 1713
f 1874 1980 1968
f 1833 1937 1875
f 1859 1834 1847
f 1896 1910 1848
f 1848 1803 1896
f 2025 1896 1803
f 1824 1897 1890
f 1966 1805 1871
f 1871 1793 1931
f 1836 1931 1793
f 1921 1836 1825
f 1894 1825 1771
f 1771 1849 1894
f 1849 1863 1912
f 1877 1864 1818
f 1737 1783 1865
f 1819 1838 1941
f 1838 1855 1941
f 1880 1821 1942
f 1839 1942 1821
f 1797 1935 1826
f 1883 1828 1913
f 1884 1869 1773
f 1893 1885 1788
f 1843 1844 1951
f 1832 1858 1831
f 1872 1823 1811
f 1886 1937 1833
f 1926 1887 1705
f 1792 1824 1890
f 1835 1861 1939
f 1781 1862 1899
f 1940 1899 1862
f 1850 1865 1901
f 1879 1819 2063
f 1787 1916 1855
f 1913 1869 1996
f 1842 1853 1857
f 1853 1843 1951
f 1823 1872 1922
f 1867 1791 1938
f 1897 1860 1946
f 1899 1861 1781
f 1863 1864 1912
f 1927 2015 1837
f 1941 1929 1819
f 1866 1880 1916
f 1856 1882 1986
f 1869 1884 1963
f 1955 1931 1836
f 1924 1923 1846
f 1874 1968 1979
f 1906 1867 1938
f 1816 1792 1791
f 1860 1898 1946
f 1891 1898 1860
f 1891 1835 1939
f 1864 1877 1947
f 1877 1850 1958
f 1837 1934 1806
f 1916 1941 1855
f 1986 1917 1856
f 1920 1851 1870
f 1930 1852 1805
f 1805 1966 1930
f 1894 1921 1825
f 1923 1932 1873
f 1979 1925 1874
f 1980 1875 1981
f 1937 1981 1875
f 1887 1926 1904
f 1909 1834 1889
f 1933 1898 1891
f 1770 1857 1900
f 1864 1947 1912
f 1972 1901 1865
f 1974 1783 1806
f 1806 1934 1974
f 1879 1928 1785
f 1962 1892 1881
f 1856 1917 1881
f 1907 1882 1827
f 1827 1918 1907
f 1870 1885 1914
f 1893 1914 1885
f 1921 1955 1836
f 1832 1936 1858
f 1801 1945 1886
f 1905 1876 1888
f 1888 1802 1905
f 1909 1905 1802
f 1939 1861 1899
f 1862 1900 1940
f 1912 1894 1849
f 1783 1974 1973
f 2063 1819 1929
f 1880 1942 1960
f 1797 1892 1962
f 1986 1882 1907
f 1919 1903 1841
f 1841 1851 1964
f 1914 1920 1870
f 1852 1965 1893
f 1931 1966 1871
f 1921 1894 2008
f 1932 1872 1873
f 1932 1923 2000
f 1854 2050 1801
f 1910 1859 1895
f 1956 1791 1792
f 1890 1956 1792
f 1934 1837 2015
f 1959 1927 1902
f 1902 1948 1959
f 1916 1880 1953
f 1920 1964 1851
f 1832 1823 1989
f 1970 1890 1897
f 2011 1946 1898
f 1947 1877 1958
f 1880 1960 1953
f 1935 1839 1826
f 1962 1935 1797
f 1943 1963 1884
f 1920 1914 1944
f 1965 1914 1893
f 1951 1857 1853
f 1989 1936 1832
f 1922 1989 1823
f 2050 1945 1801
f 1926 1915 2002
f 1905 1909 2033
f 1889 2033 1909
f 1834 1859 2004
f 1890 1970 1969
f 1933 1891 1939
f 1881 1917 1950
f 1963 1996 1869
f 1908 1943 1884
f 1987 1908 1903
f 1841 1964 1919
f 1923 1924 2000
f 1904 1983 1887
f 1876 2002 1915
f 1906 1938 2010
f 1933 2011 1898
f 1939 1899 2006
f 1947 2052 1912
f 1992 1958 1850
f 1850 1901 1992
f 1928 1879 2044
f 1953 1941 1916
f 1942 1839 1961
f 1949 1961 1839
f 1935 1949 1839
f 2022 1944 1914
f 2008 1967 1921
f 2032 1857 1951
f 1977 1951 1844
f 1845 1977 1844
f 1999 1922 1872
f 2000 1978 1932
f 2001 1924 1925
f 1979 2001 1925
f 2004 1889 1834
f 1957 1956 1890
f 1897 1946 1971
f 1952 1894 1912
f 1959 1993 1927
f 1879 2063 2029
f 1907 1918 2030
f 1868 2030 1918
f 1919 1987 1903
f 1965 2022 1914
f 1858 1977 1845
f 1872 1932 1978
f 1968 1980 2024
f 1887 1982 2050
f 1859 1910 2082
f 1984 1896 2025
f 1971 1970 1897
f 1783 1973 1865
f 1950 1962 1881
f 1996 1883 1913
f 1943 1908 2106
f 1987 2106 1908
f 1919 1964 1997
f 1944 1976 1920
f 1965 1852 2067
f 2057 2067 1852
f 1852 1930 2057
f 1931 2013 1966
f 1931 1955 2108
f 1955 1921 1967
f 1924 2001 2058
f 2002 1904 1926
f 1876 1905 2009
f 1910 1896 1990
f 2051 2010 1938
f 1938 1791 2051
f 1890 1969 1957
f 1933 1939 2006
f 2052 1952 1912
f 1964 1920 1976
f 1944 2022 2045
f 1998 2008 1894
f 1983 1982 1887
f 2033 2009 1905
f 2078 2033 1889
f 1889 2004 2078
f 1990 2082 1910
f 2011 1971 1946
f 1952 1998 1894
f 1992 1901 2043
f 1993 2015 1927
f 1948 1878 1975
f 1975 1878 1928
f 2044 1975 1928
f 2018 1935 1962
f 1883 1996 1954
f 1930 1966 2057
f 1951 1977 2074
f 2002 1876 2003
f 2009 2003 1876
f 1933 2006 2097
f 2007 1940 1900
f 1958 1992 2028
f 1959 1948 1994
f 1948 1975 2012
f 1929 1941 2016
f 1985 2016 1941
f 1941 1953 1985
f 1953 1960 1985
f 1960 1942 2054
f 1961 2054 1942
f 1935 2018 2017
f 1907 2065 1986
f 2030 1868 1954
f 1868 1883 1954
f 1997 1964 2090
f 1857 2032 1988
f 2032 1951 2074
f 1858 1936 2139
f 1979 1968 2001
f 1984 1990 1896
f 1969 2005 1957
f 2052 1947 2042
f 2028 2042 1947
f 1947 1958 2028
f 1901 1972 2043
f 2021 1973 1974
f 2014 1974 1934
f 2015 2014 1934
f 2012 1994 1948
f 1995 2018 1962
f 1986 2065 2019
f 2116 1987 1919
f 1964 1976 2090
f 2067 2022 1965
f 2013 1931 2108
f 2037 1999 1872
f 2024 2001 1968
f 1937 1886 2060
f 1945 2060 1886
f 1956 2051 1791
f 1899 1991 2006
f 1940 1991 1899
f 1900 1857 2007
f 1988 2007 1857
f 1952 2027 1998
f 2044 1879 2029
f 2016 2035 1929
f 1985 1960 2053
f 1962 1950 1995
f 1976 1944 2020
f 1955 1967 2072
f 1998 2046 2008
f 2024 1980 2059
f 1981 2059 1980
f 1969 1970 2026
f 1971 2011 2040
f 2062 1972 1865
f 1865 1973 2062
f 2063 1929 2035
f 2081 2016 1985
f 2053 1960 2054
f 1950 1917 1995
f 1944 2045 2020
f 2031 2057 1966
f 1966 2013 2031
f 1936 1989 2075
f 2050 2180 1945
f 2026 2005 1969
f 2097 2011 1933
f 2097 2006 1991
f 1991 1940 2007
f 2017 1949 1935
f 2030 2065 1907
f 1963 1943 2055
f 2038 1978 2000
f 2000 1924 2038
f 2001 2024 2023
f 2049 1945 2180
f 2033 2077 2009
f 2004 1859 2208
f 2079 2082 1990
f 2040 2026 1970
f 1970 1971 2040
f 2104 2028 1992
f 1992 2043 2104
f 1974 2014 2021
f 1995 1917 2019
f 1986 2019 1917
f 1954 1996 2036
f 1943 2106 2055
f 2046 1967 2008
f 1983 1904 2039
f 2002 2039 1904
f 2003 2009 2077
f 2025 2141 1984
f 2015 1993 2113
f 1954 2036 2115
f 2090 1976 2117
f 2056 2020 2045
f 2022 2067 2118
f 2132 2031 2013
f 2108 2132 2013
f 1967 2046 2073
f 2046 1998 2027
f 2007 1988 2084
f 2048 2075 1989
f 1989 1922 2048
f 1872 1978 2037
f 2058 2038 1924
f 1937 2076 1981
f 2208 2078 2004
f 2082 2208 1859
f 1990 1984 2061
f 1957 2111 1956
f 2042 2028 2034
f 1996 1963 2036
f 2022 2131 2045
f 2072 2108 1955
f 2076 2059 1981
f 1982 1983 2039
f 2095 2079 1990
f 1984 2141 2061
f 1957 2005 2111
f 2011 2097 2126
f 1952 2052 2080
f 2113 1993 2088
f 1993 1959 2088
f 1994 2088 1959
f 1954 2115 2030
f 2086 2117 1976
f 1858 2093 1977
f 2139 1936 2075
f 2023 2058 2001
f 2076 1937 2060
f 2095 1990 2061
f 2051 2142 2010
f 2097 1991 2041
f 2084 2098 2007
f 2027 1952 2071
f 2104 2034 2028
f 1972 2105 2043
f 2062 2105 1972
f 1973 2021 2062
f 2014 2015 2113
f 2054 1961 2064
f 1961 1949 2064
f 1919 1997 2116
f 2086 1976 2020
f 2118 2131 2022
f 2032 2074 2047
f 1922 1999 2048
f 2094 2037 1978
f 2049 2060 1945
f 2003 2039 2002
f 2033 2078 2069
f 1906 2010 2142
f 2081 2146 2035
f 2016 2081 2035
f 2081 1985 2122
f 2053 2122 1985
f 2114 1949 2017
f 2019 2100 1995
f 2139 2093 1858
f 2110 2023 2024
f 2039 2003 2133
f 2003 2077 2133
f 2025 1911 2141
f 1991 2007 2098
f 1994 2012 2099
f 2018 1995 2100
f 2089 2123 2065
f 2065 2030 2089
f 2036 1963 2066
f 2055 2066 1963
f 2106 1987 2191
f 2107 2056 2045
f 2046 2027 2071
f 2075 2048 2124
f 1982 2180 2050
f 2135 2082 2079
f 1911 1906 2246
f 2070 2051 1956
f 1956 2111 2070
f 2143 2165 2026
f 2026 2040 2143
f 2011 2126 2136
f 1991 2098 2041
f 2137 2080 2052
f 2052 2042 2137
f 2112 2104 2043
f 2043 2105 2112
f 2088 1994 2155
f 2012 1975 2099
f 2054 2200 2053
f 1987 2116 2191
f 2131 2107 2045
f 2072 1967 2073
f 2024 2059 2110
f 2077 2033 2069
f 2111 2005 2096
f 2005 2026 2096
f 2040 2011 2103
f 2034 2137 2042
f 1975 2044 2129
f 2029 2129 2044
f 2200 2054 2157
f 2054 2064 2211
f 1949 2114 2064
f 2019 2065 2123
f 2067 2057 2171
f 2057 2031 2171
f 2073 2068 2072
f 2092 2084 1988
f 1988 2032 2092
f 2074 1977 2093
f 2125 2094 1978
f 2060 2049 2121
f 2180 2121 2049
f 2180 1982 2101
f 2102 2079 2095
f 2142 2051 2087
f 2083 2087 2051
f 2051 2070 2083
f 2103 2011 2136
f 1952 2080 2162
f 2085 2021 2014
f 2099 2155 1994
f 2063 2035 2146
f 2158 2100 2019
f 2192 2191 2116
f 2116 1997 2218
f 2020 2056 2091
f 2047 2092 2032
f 2038 2125 1978
f 2119 2038 2058
f 2058 2023 2119
f 2023 2110 2119
f 2110 2059 2140
f 2059 2076 2140
f 1982 2039 2101
f 2133 2101 2039
f 2078 2208 2284
f 2273 2102 2095
f 2165 2096 2026
f 2040 2103 2143
f 2014 2113 2085
f 2211 2157 2054
f 2089 2030 2138
f 2115 2138 2030
f 2066 2055 2169
f 2106 2169 2055
f 2171 2118 2067
f 2073 2046 2174
f 2060 2121 2120
f 2133 2077 2181
f 2069 2078 2196
f 2098 2084 2127
f 2071 1952 2162
f 2144 2105 2062
f 2029 2063 2168
f 2146 2168 2063
f 2158 2019 2123
f 2090 2218 1997
f 2132 2171 2031
f 2074 2093 2159
f 2139 2075 2124
f 1999 2037 2048
f 2134 2181 2077
f 2077 2069 2134
f 2208 2082 2135
f 2246 2141 1911
f 2034 2104 2167
f 2274 2113 2088
f 2155 2274 2088
f 2129 2099 1975
f 2017 2203 2114
f 2018 2100 2182
f 2090 2117 2173
f 2091 2086 2020
f 2131 2118 2193
f 2109 2147 2068
f 2068 2073 2109
f 2073 2174 2109
f 2092 2127 2084
f 2148 2047 2074
f 2069 2196 2134
f 2095 2061 2273
f 2165 2186 2096
f 2041 2098 2209
f 2099 2129 2216
f 2129 2029 2168
f 2122 2053 2200
f 2068 2108 2072
f 2093 2139 2149
f 2120 2121 2179
f 2180 2179 2121
f 2133 2164 2101
f 2284 2196 2078
f 2102 2135 2079
f 2041 2166 2097
f 2162 2153 2071
f 2162 2080 2238
f 2137 2238 2080
f 2167 2137 2034
f 2112 2167 2104
f 2182 2017 2018
f 2158 2182 2100
f 2089 2138 2190
f 2173 2218 2090
f 2086 2275 2117
f 2108 2068 2147
f 2109 2174 2213
f 2163 2037 2094
f 2094 2125 2163
f 2038 2119 2125
f 2101 2150 2180
f 2246 1906 2160
f 2142 2160 1906
f 2070 2111 2228
f 2209 2098 2152
f 2127 2152 2098
f 2128 2062 2021
f 2085 2128 2021
f 2146 2081 2156
f 2192 2116 2218
f 2275 2173 2117
f 2275 2086 2091
f 2130 2091 2056
f 2118 2171 2193
f 2132 2108 2183
f 2244 2163 2125
f 2184 2125 2119
f 2257 2083 2070
f 2197 2103 2136
f 2166 2136 2126
f 2209 2166 2041
f 2154 2112 2105
f 2144 2154 2105
f 2113 2274 2145
f 2081 2122 2156
f 2122 2200 2210
f 2066 2223 2036
f 2169 2106 2191
f 2174 2046 2306
f 2175 2306 2046
f 2047 2214 2092
f 2125 2184 2244
f 2176 2184 2119
f 2119 2110 2176
f 2140 2076 2177
f 2060 2177 2076
f 2142 2087 2151
f 2185 2228 2111
f 2111 2096 2185
f 2186 2165 2229
f 2197 2143 2103
f 2126 2097 2166
f 2062 2128 2144
f 2145 2085 2113
f 2190 2123 2089
f 2223 2233 2115
f 2115 2036 2223
f 2132 2183 2171
f 2153 2175 2046
f 2046 2071 2153
f 2139 2124 2205
f 2124 2048 2205
f 2048 2037 2262
f 2120 2177 2060
f 2164 2133 2181
f 2186 2215 2096
f 2210 2156 2122
f 2064 2114 2202
f 2115 2233 2138
f 2241 2130 2056
f 2056 2107 2241
f 2219 2262 2037
f 2140 2176 2110
f 2179 2178 2120
f 2160 2142 2151
f 2087 2083 2265
f 2187 2154 2144
f 2301 2128 2085
f 2155 2099 2198
f 2099 2216 2198
f 2107 2131 2212
f 2193 2212 2131
f 2183 2108 2242
f 2108 2147 2242
f 2127 2092 2161
f 2148 2074 2159
f 2257 2070 2228
f 2172 2152 2127
f 2162 2230 2153
f 2145 2274 2239
f 2287 2274 2155
f 2198 2287 2155
f 2200 2157 2201
f 2318 2201 2157
f 2202 2211 2064
f 2217 2158 2123
f 2190 2217 2123
f 2091 2130 2170
f 2214 2161 2092
f 2243 2214 2047
f 2148 2243 2047
f 2159 2243 2148
f 2093 2261 2159
f 2226 2273 2061
f 2061 2141 2226
f 2246 2227 2141
f 2215 2185 2096
f 2136 2166 2197
f 2167 2112 2232
f 2168 2146 2199
f 2156 2199 2146
f 2066 2169 2251
f 2194 2147 2109
f 2109 2213 2194
f 2149 2139 2308
f 2205 2308 2139
f 2163 2219 2037
f 2177 2120 2178
f 2101 2164 2220
f 2227 2226 2141
f 2257 2265 2083
f 2229 2165 2247
f 2165 2143 2247
f 2161 2172 2127
f 2129 2168 2199
f 2203 2202 2114
f 2182 2203 2017
f 2183 2193 2171
f 2207 2181 2134
f 2134 2196 2207
f 2256 2207 2196
f 2238 2231 2162
f 2232 2112 2267
f 2301 2187 2144
f 2144 2128 2301
f 2173 2275 2320
f 2194 2242 2147
f 2271 2213 2174
f 2306 2271 2174
f 2338 2205 2048
f 2048 2262 2338
f 2163 2244 2254
f 2177 2178 2206
f 2220 2195 2101
f 2263 2208 2135
f 2263 2135 2102
f 2102 2273 2263
f 2215 2186 2229
f 2143 2197 2247
f 2231 2230 2162
f 2154 2187 2221
f 2289 2199 2156
f 2188 2289 2156
f 2211 2318 2157
f 2203 2182 2204
f 2189 2204 2182
f 2182 2158 2189
f 2191 2329 2169
f 2149 2261 2093
f 2244 2184 2236
f 2176 2236 2184
f 2177 2206 2140
f 2263 2280 2208
f 2265 2151 2087
f 2238 2137 2259
f 2137 2167 2259
f 2232 2259 2167
f 2267 2112 2154
f 2154 2221 2267
f 2198 2216 2240
f 2216 2129 2288
f 2199 2288 2129
f 2188 2156 2210
f 2251 2223 2066
f 2091 2252 2275
f 2130 2241 2276
f 2243 2159 2261
f 2176 2140 2224
f 2179 2245 2178
f 2297 2256 2196
f 2196 2284 2297
f 2226 2227 2264
f 2215 2401 2185
f 2229 2258 2215
f 2197 2166 2248
f 2249 2248 2166
f 2166 2209 2249
f 2298 2209 2152
f 2161 2214 2172
f 2240 2287 2198
f 2289 2302 2199
f 2200 2201 2210
f 2303 2211 2202
f 2158 2217 2189
f 2091 2170 2252
f 2170 2130 2270
f 2276 2270 2130
f 2212 2241 2107
f 2175 2153 2299
f 2153 2230 2299
f 2219 2163 2254
f 2206 2224 2140
f 2179 2180 2150
f 2181 2207 2225
f 2280 2284 2208
f 2248 2247 2197
f 2152 2172 2298
f 2315 2221 2187
f 2301 2085 2327
f 2302 2260 2199
f 2303 2318 2211
f 2268 2202 2203
f 2251 2169 2329
f 2192 2218 2269
f 2234 2212 2193
f 2193 2183 2234
f 2183 2242 2234
f 2194 2213 2235
f 2150 2101 2195
f 2164 2181 2225
f 2215 2258 2266
f 2209 2298 2249
f 2085 2145 2327
f 2288 2240 2216
f 2288 2199 2260
f 2188 2210 2369
f 2204 2268 2203
f 2222 2189 2217
f 2190 2138 2250
f 2233 2250 2138
f 2218 2173 2269
f 2242 2194 2253
f 2271 2306 2383
f 2236 2176 2224
f 2245 2309 2178
f 2164 2399 2220
f 2172 2214 2314
f 2187 2301 2315
f 2329 2191 2358
f 2191 2192 2358
f 2235 2213 2295
f 2213 2271 2295
f 2309 2206 2178
f 2245 2179 2279
f 2256 2225 2207
f 2264 2273 2226
f 2160 2151 2312
f 2237 2257 2228
f 2228 2185 2400
f 2401 2400 2185
f 2281 2232 2267
f 2321 2252 2170
f 2170 2270 2321
f 2299 2230 2342
f 2244 2236 2345
f 2272 2345 2236
f 2224 2255 2236
f 2150 2279 2179
f 2256 2297 2311
f 2246 2160 2341
f 2312 2151 2455
f 2265 2455 2151
f 2354 2258 2229
f 2231 2238 2355
f 2259 2355 2238
f 2145 2239 2373
f 2250 2217 2190
f 2223 2251 2233
f 2269 2358 2192
f 2241 2212 2294
f 2277 2294 2212
f 2234 2277 2212
f 2235 2253 2194
f 2299 2306 2175
f 2243 2261 2282
f 2378 2254 2244
f 2345 2378 2244
f 2224 2206 2339
f 2225 2399 2164
f 2264 2227 2323
f 2340 2323 2227
f 2227 2246 2340
f 2341 2340 2246
f 2333 2237 2228
f 2401 2215 2266
f 2248 2249 2368
f 2286 2298 2172
f 2314 2286 2172
f 2259 2232 2355
f 2301 2327 2335
f 2373 2327 2145
f 2290 2303 2202
f 2202 2268 2290
f 2204 2189 2319
f 2292 2319 2189
f 2217 2250 2222
f 2352 2233 2251
f 2275 2252 2344
f 2242 2277 2234
f 2253 2235 2360
f 2296 2314 2214
f 2261 2149 2278
f 2308 2278 2149
f 2308 2205 2338
f 2236 2255 2272
f 2150 2195 2310
f 2273 2264 2353
f 2237 2265 2257
f 2228 2400 2333
f 2229 2247 2334
f 2285 2334 2247
f 2247 2248 2285
f 2230 2231 2342
f 2324 2355 2232
f 2325 2324 2232
f 2326 2267 2221
f 2239 2274 2350
f 2288 2260 2328
f 2189 2222 2292
f 2329 2352 2251
f 2173 2320 2330
f 2235 2295 2336
f 2243 2296 2214
f 2219 2254 2410
f 2279 2438 2245
f 2399 2332 2220
f 2311 2346 2256
f 2415 2280 2263
f 2248 2368 2285
f 2300 2342 2231
f 2355 2300 2231
f 2267 2326 2281
f 2201 2369 2210
f 2268 2204 2291
f 2269 2173 2330
f 2293 2276 2241
f 2294 2293 2241
f 2253 2277 2242
f 2282 2296 2243
f 2384 2338 2262
f 2262 2219 2384
f 2225 2256 2346
f 2297 2284 2283
f 2274 2287 2350
f 2318 2317 2201
f 2291 2290 2268
f 2252 2321 2344
f 2305 2270 2276
f 2293 2305 2276
f 2363 2295 2271
f 2378 2331 2254
f 2264 2323 2366
f 2312 2341 2160
f 2258 2459 2266
f 2334 2354 2229
f 2249 2298 2388
f 2302 2289 2442
f 2222 2250 2371
f 2321 2270 2359
f 2305 2359 2270
f 2336 2360 2235
f 2282 2261 2307
f 2206 2309 2380
f 2309 2245 2438
f 2195 2220 2310
f 2332 2310 2220
f 2284 2280 2283
f 2263 2273 2415
f 2273 2353 2415
f 2264 2366 2353
f 2265 2237 2313
f 2354 2459 2258
f 2298 2286 2348
f 2397 2348 2286
f 2286 2314 2397
f 2232 2281 2325
f 2315 2326 2221
f 2316 2350 2287
f 2287 2240 2316
f 2351 2240 2288
f 2288 2328 2351
f 2343 2442 2289
f 2304 2292 2222
f 2371 2304 2222
f 2250 2233 2357
f 2322 2293 2294
f 2277 2322 2294
f 2306 2299 2417
f 2255 2224 2364
f 2339 2206 2398
f 2438 2279 2385
f 2280 2415 2283
f 2388 2298 2348
f 2315 2301 2372
f 2335 2372 2301
f 2260 2302 2442
f 2304 2371 2374
f 2277 2253 2389
f 2360 2389 2253
f 2383 2363 2271
f 2417 2383 2306
f 2410 2384 2219
f 2410 2254 2331
f 2380 2398 2206
f 2150 2365 2279
f 2414 2346 2311
f 2297 2414 2311
f 2265 2313 2455
f 2334 2285 2347
f 2349 2417 2299
f 2342 2349 2299
f 2289 2188 2343
f 2317 2318 2433
f 2405 2357 2233
f 2233 2352 2405
f 9711 2344 2321
f 2322 2277 2389
f 2295 2363 2362
f 2278 2337 2261
f 2379 2345 2272
f 2272 2255 2379
f 2339 2364 2224
f 2399 2225 2391
f 2459 2401 2266
f 2347 2402 2334
f 2285 2368 2347
f 2404 2325 2281
f 2370 2319 2292
f 2352 2329 2436
f 2448 2269 2330
f 2320 2275 2406
f 2344 2406 2275
f 2336 2295 2361
f 2337 2307 2261
f 2225 2346 2454
f 2387 2283 2415
f 2400 2505 2333
f 2354 2334 2402
f 2457 2327 2373
f 2328 2260 2430
f 2442 2430 2260
f 2201 2317 2431
f 2292 2304 2370
f 2436 2329 2471
f 2329 2358 2471
f 2360 2336 2361
f 2362 2361 2295
f 2409 2308 2338
f 2338 2384 2409
f 2364 2339 2398
f 2438 2380 2309
f 2365 2385 2279
f 2283 2414 2297
f 2353 2439 2415
f 2340 2488 2323
f 2249 2388 2368
f 2296 2397 2314
f 2349 2342 2403
f 2457 2335 2327
f 2343 2188 2356
f 2431 2317 2432
f 2433 2432 2317
f 2357 2381 2250
f 2330 2320 2448
f 2406 2344 2443
f 2344 9711 2443
f 2445 2359 2305
f 2296 2282 2377
f 2411 2378 2345
f 2379 2411 2345
f 2364 2452 2255
f 2150 2310 2386
f 2414 2283 2426
f 2340 2341 2367
f 2300 2403 2342
f 2404 2324 2325
f 2356 2188 2369
f 2369 2201 2431
f 2470 2434 2290
f 2290 2291 2470
f 2319 2291 2204
f 2374 2370 2304
f 2381 2371 2250
f 2381 2357 2375
f 2305 2293 2445
f 2382 2445 2293
f 2293 2322 2382
f 2424 2296 2377
f 2408 2278 2308
f 2386 2365 2150
f 2391 2487 2399
f 2454 2391 2225
f 2454 2346 2414
f 2488 2366 2323
f 2367 2341 2474
f 2341 2312 2474
f 2455 2474 2312
f 2468 2313 2237
f 2237 2333 2468
f 2505 2468 2333
f 2388 2428 2368
f 2315 2372 2573
f 2239 2350 2421
f 2350 2316 2393
f 2442 2343 2394
f 2462 2394 2343
f 2434 2303 2290
f 2405 2375 2357
f 2359 2445 2422
f 2389 2360 2361
f 2390 2376 2362
f 2407 2362 2363
f 2383 2407 2363
f 2397 2296 2424
f 2308 2409 2408
f 2387 2426 2283
f 2353 2366 2439
f 2402 2392 2354
f 2347 2368 2440
f 2388 2348 2428
f 2423 2428 2348
f 2417 2349 2456
f 2315 2573 2420
f 2421 2373 2239
f 2350 2393 2421
f 2446 2316 2240
f 2240 2351 2446
f 2356 2369 2431
f 2303 2433 2318
f 2381 2396 2371
f 2405 2352 2436
f 2376 2361 2362
f 2282 2307 2377
f 2379 2255 2452
f 2380 2425 2398
f 2392 2459 2354
f 2348 2397 2423
f 2419 2281 2326
f 2356 2462 2343
f 2396 2395 2374
f 2374 2371 2396
f 2322 2389 2522
f 2407 2390 2362
f 2450 2331 2378
f 2378 2411 2450
f 2452 2364 2453
f 2444 2425 2380
f 2413 2454 2414
f 2456 2349 2551
f 2300 2355 2418
f 2355 2324 2418
f 2420 2326 2315
f 2481 2573 2372
f 2372 2335 2481
f 2416 2522 2389
f 2389 2361 2416
f 2376 2416 2361
f 2417 2407 2383
f 2307 2337 2449
f 2364 2398 2486
f 2380 2438 2444
f 2438 2385 2502
f 2412 2502 2385
f 2488 2340 2367
f 2313 2494 2455
f 2459 2427 2401
f 2368 2428 2440
f 2403 2551 2349
f 2418 2429 2300
f 2419 2404 2281
f 2351 2328 2490
f 2430 2490 2328
f 2470 2291 2319
f 2395 2370 2374
f 2358 2269 2471
f 2376 2390 2441
f 2397 2424 2460
f 2377 2307 2449
f 2453 2364 2486
f 2365 2560 2385
f 2487 2391 2466
f 2454 2466 2391
f 2421 2457 2373
f 2574 2393 2316
f 2434 2433 2303
f 2375 2405 2447
f 2269 2448 2471
f 2522 2382 2322
f 2423 2397 2460
f 2492 2449 2337
f 2337 2278 2492
f 2410 2331 2501
f 2451 2411 2379
f 2425 2486 2398
f 2529 2438 2502
f 2412 2385 2560
f 2386 2310 2465
f 2332 2465 2310
f 2476 2505 2400
f 2402 2347 2489
f 2300 2541 2403
f 2495 2418 2324
f 2404 2495 2324
f 2335 2457 2481
f 2316 2446 2574
f 2442 2394 2496
f 2370 2395 2483
f 2381 2435 2396
f 2447 2405 2517
f 2436 2517 2405
f 2320 2406 2437
f 2458 2437 2406
f 2443 2458 2406
f 2445 2484 2422
f 2416 2376 2478
f 2441 2478 2376
f 2441 2390 2499
f 2390 2407 2499
f 2407 2417 2480
f 2408 2492 2278
f 2409 2558 2408
f 2409 2384 2485
f 2384 2410 2485
f 2452 2451 2379
f 2452 2453 2464
f 2413 2414 2562
f 2467 2426 2387
f 2493 2387 2415
f 2439 2493 2415
f 2521 2392 2402
f 2478 2461 2416
f 2429 2541 2300
f 2514 2421 2393
f 2490 2430 2482
f 2496 2394 2462
f 2395 2396 2435
f 2473 2377 2449
f 2386 2510 2365
f 2387 2493 2467
f 2313 2468 2504
f 2400 2401 2476
f 2427 2476 2401
f 2440 2489 2347
f 2428 2423 2477
f 2441 2499 2479
f 2490 2446 2351
f 2430 2442 2482
f 2460 2424 2463
f 2579 2473 2449
f 2501 2485 2410
f 2529 2444 2438
f 2465 2510 2386
f 2520 2562 2414
f 2414 2426 2520
f 2439 2366 2515
f 2366 2488 2515
f 2428 2506 2440
f 2420 2419 2326
f 2574 2514 2393
f 2496 2482 2442
f 2462 2356 2614
f 2470 2319 2507
f 2435 2483 2395
f 2560 2365 2510
f 2515 2503 2439
f 2468 2505 2512
f 2427 2459 2570
f 2489 2521 2402
f 2489 2440 2506
f 2484 2445 2469
f 2445 2382 2469
f 2382 2522 2469
f 2461 2522 2416
f 2480 2417 2456
f 2525 2541 2429
f 2404 2530 2495
f 2421 2514 2516
f 2614 2531 2462
f 2319 2370 2507
f 2370 2483 2507
f 2435 2381 2532
f 2375 2532 2381
f 2528 2448 2320
f 2437 2528 2320
f 2449 2492 2579
f 2509 2501 2331
f 2503 2493 2439
f 2504 2494 2313
f 2500 2499 2407
f 2407 2480 2500
f 2404 2419 2542
f 2481 2457 2513
f 2555 2457 2421
f 2421 2516 2555
f 2434 2526 2433
f 2508 2458 2443
f 2508 2443 9710
f 2463 2536 2460
f 2558 2492 2408
f 2409 2485 2596
f 2331 2450 2509
f 2486 2425 2597
f 2537 2597 2425
f 2465 2332 2511
f 2426 2467 2520
f 2474 2455 2475
f 2423 2460 2557
f 2536 2557 2460
f 2479 2491 2478
f 2478 2441 2479
f 2600 2479 2499
f 2541 2551 2403
f 2418 2525 2429
f 2572 2542 2419
f 2419 2420 2572
f 2447 2498 2375
f 2517 2436 2518
f 2436 2471 2518
f 2528 2471 2448
f 2451 2450 2411
f 2451 2452 2580
f 2452 2464 2580
f 2425 2444 2537
f 2560 2559 2412
f 2332 2399 2511
f 2413 2562 2553
f 2494 2475 2455
f 2613 2504 2468
f 2506 2428 2477
f 2404 2542 2530
f 2457 2543 2513
f 2457 2555 2543
f 2433 2545 2432
f 2483 2435 2497
f 2458 2533 2437
f 2464 2453 2581
f 2620 2529 2502
f 2559 2502 2412
f 2487 2511 2399
f 2553 2454 2413
f 2367 2564 2488
f 2459 2392 2578
f 2521 2578 2392
f 2489 2534 2521
f 2557 2477 2423
f 2491 2548 2478
f 2495 2525 2418
f 2573 2481 2513
f 2490 2482 2584
f 2531 2496 2462
f 2431 2432 2544
f 2526 2545 2433
f 2434 2470 2546
f 2497 2507 2483
f 2532 2375 2498
f 2453 2486 2597
f 2589 2493 2503
f 2564 2515 2488
f 2512 2613 2468
f 2505 2476 2554
f 2578 2570 2459
f 2590 2446 2490
f 2356 2431 2544
f 2526 2434 2605
f 2507 2497 2527
f 2498 2447 2517
f 2522 2461 2523
f 2461 2478 2548
f 2499 2500 2576
f 2577 2480 2456
f 2537 2444 2538
f 2444 2529 2538
f 2553 2466 2454
f 2474 2475 2612
f 2570 2540 2427
f 2535 2506 2477
f 2584 2590 2490
f 2458 2508 2607
f 2548 2523 2461
f 2491 2479 2549
f 2576 2600 2499
f 2551 2577 2456
f 2587 2596 2485
f 2485 2501 2587
f 2502 2559 2620
f 2465 2539 2510
f 2511 2582 2465
f 2511 2487 2672
f 2466 2672 2487
f 2467 2493 2589
f 2554 2512 2505
f 2476 2427 2540
f 2547 2519 2472
f 2472 2469 2547
f 2469 2522 2547
f 2549 2479 2600
f 2480 2577 2550
f 2551 2541 2571
f 2525 2567 2541
f 2446 2556 2574
f 2585 2496 2604
f 2496 2531 2604
f 2614 2356 2544
f 2434 2546 2605
f 2568 2546 2470
f 2470 2507 2568
f 2592 2568 2507
f 2497 2435 2622
f 2471 2528 2518
f 2596 2558 2409
f 2552 2581 2453
f 2582 2539 2465
f 2367 2474 2699
f 2612 2699 2474
f 2512 2554 2613
f 2540 2554 2476
f 2495 2530 2665
f 2420 2573 2572
f 2622 2527 2497
f 2532 2622 2435
f 2533 2528 2437
f 2607 2533 2458
f 2579 2492 2632
f 2515 2598 2503
f 2564 2661 2515
f 2521 2534 2578
f 2536 2623 2557
f 9591 2536 2463
f 2524 2576 2500
f 2500 2480 2524
f 2446 2590 2556
f 2507 2527 2592
f 2532 2498 2617
f 2498 2517 2617
f 2575 2617 2517
f 9707 2472 2519
f 2509 2588 2501
f 2597 2552 2453
f 2560 2510 2539
f 2672 2466 2561
f 2553 2561 2466
f 2598 2589 2503
f 2661 2598 2515
f 2570 2569 2540
f 2489 2506 2619
f 2557 2535 2477
f 2565 2547 2522
f 2522 2523 2565
f 2662 2548 2491
f 2628 2567 2525
f 2525 2495 2628
f 2590 2584 2646
f 2591 2584 2482
f 2482 2496 2591
f 2585 2591 2496
f 2544 2432 2545
f 2632 2492 2558
f 2641 2450 2451
f 2464 2581 2580
f 2535 2619 2506
f 2549 2662 2491
f 2480 2550 2524
f 2594 2550 2577
f 2602 2572 2573
f 2574 2516 2514
f 2533 2618 2528
f 2473 2579 2609
f 2580 2641 2451
f 2597 2537 2690
f 2529 2652 2538
f 2562 2520 2583
f 2569 2570 2626
f 2567 2571 2541
f 2705 2530 2542
f 2542 2572 2683
f 2602 2573 2513
f 2614 2604 2531
f 2545 2526 2616
f 2605 2616 2526
f 2518 2575 2517
f 2565 2523 2648
f 2548 2648 2523
f 2566 2524 2550
f 2577 2551 2595
f 2580 2581 2633
f 2529 2620 2652
f 2553 2562 2610
f 2589 2563 2467
f 2635 2598 2661
f 2475 2494 2625
f 2700 2613 2554
f 2540 2569 2554
f 2683 2705 2542
f 2555 2516 2629
f 2586 2605 2546
f 2622 2606 2527
f 2593 2622 2532
f 2518 2639 2575
f 2528 2639 2518
f 2547 2599 2519
f 2549 2600 2663
f 2594 2566 2550
f 2619 2534 2489
f 2641 2509 2450
f 2537 2538 2651
f 2583 2610 2562
f 2520 2467 2583
f 2467 2563 2583
f 2565 2599 2547
f 2571 2595 2551
f 2571 2567 2601
f 2543 2555 2603
f 2555 2629 2603
f 2604 2614 2647
f 2544 2545 2615
f 2616 2615 2545
f 2546 2568 2586
f 2592 2527 2606
f 2533 2607 2631
f 2536 9591 2608
f 2588 2587 2501
f 2580 2633 2624
f 2552 2633 2581
f 2494 2504 2625
f 2570 2578 2644
f 2623 2535 2557
f 2574 2556 2637
f 2614 2544 2615
f 2548 2662 2657
f 2600 2576 2649
f 2601 2595 2571
f 2623 2536 2650
f 2651 2690 2537
f 2559 2560 2634
f 2560 2539 2634
f 2553 2673 2561
f 2589 2611 2563
f 2598 2611 2589
f 2747 2661 2564
f 2367 2747 2564
f 2636 2625 2504
f 2730 2683 2572
f 9708 2519 2627
f 2599 2627 2519
f 2663 2677 2549
f 2524 2649 2576
f 2594 2577 2640
f 2632 2709 2579
f 2710 2687 2587
f 2587 2588 2710
f 2652 2651 2538
f 2652 2620 2671
f 2672 2561 2673
f 2504 2613 2636
f 2644 2626 2570
f 2665 2628 2495
f 2602 2730 2572
f 2684 2556 2590
f 2590 2646 2684
f 2585 2604 2638
f 2667 2617 2575
f 2639 2667 2575
f 2640 2566 2594
f 2595 2640 2577
f 2619 2535 2675
f 2650 2536 2658
f 2608 2658 2536
f 2609 2579 2709
f 2596 2587 2687
f 2552 2597 2670
f 2672 2582 2511
f 2553 2610 2642
f 2635 2611 2598
f 2554 2569 2653
f 2657 2648 2548
f 2662 2549 2677
f 2663 2600 2713
f 2649 2713 2600
f 2516 2574 2629
f 2574 2637 2629
f 2616 2605 2666
f 2568 2592 2586
f 2593 2617 2685
f 9709 2631 2607
f 2675 2535 2623
f 2632 2558 2698
f 2558 2596 2698
f 2624 2641 2580
f 2633 2552 2670
f 2652 2671 2712
f 2621 2642 2610
f 2610 2583 2621
f 2643 2563 2611
f 2699 2747 2367
f 2700 2636 2613
f 2601 2567 2654
f 2567 2628 2654
f 2774 2602 2513
f 2603 2513 2543
f 2584 2591 2646
f 2585 2731 2591
f 2615 2647 2614
f 2592 2606 2695
f 2667 2630 2617
f 2639 2528 2618
f 2644 2578 2682
f 2578 2534 2682
f 2509 2641 2659
f 2620 2559 2671
f 2768 2671 2559
f 2539 2582 2660
f 2673 2553 2642
f 2643 2611 2635
f 2627 2668 9708
f 2599 2565 2676
f 2649 2524 2664
f 2530 2705 2749
f 2513 2603 2774
f 2586 2666 2605
f 2696 2606 2622
f 2593 2696 2622
f 2685 2617 2630
f 2733 2618 2533
f 2533 2631 2733
f 2709 2608 2609
f 2641 2624 2688
f 2670 2597 2690
f 2583 2563 2680
f 2700 2554 2653
f 2653 2569 2701
f 2627 2599 2656
f 2676 2656 2599
f 2524 2566 2664
f 2691 2566 2640
f 2628 2665 2704
f 2749 2665 2530
f 2655 2603 2629
f 2679 2631 9709
f 2588 2509 2717
f 2509 2659 2717
f 2634 2768 2559
f 2634 2539 2660
f 2720 2680 2563
f 2563 2643 2720
f 2720 2643 2635
f 2612 2475 2721
f 2625 2721 2475
f 2569 2626 2701
f 2637 2655 2629
f 2645 2637 2556
f 2592 2695 2586
f 2668 2679 9708
f 2656 2668 2627
f 2565 2648 2676
f 2722 2664 2566
f 2534 2619 2674
f 2650 2658 2727
f 2717 2710 2588
f 2688 2659 2641
f 2689 2688 2624
f 2624 2633 2760
f 2673 2642 2746
f 2583 2680 2719
f 2625 2636 2773
f 2654 2628 2704
f 2645 2556 2684
f 2647 2615 2706
f 2615 2616 2678
f 2657 2676 2648
f 2682 2534 2674
f 2687 2698 2596
f 2624 2760 2689
f 2821 2760 2633
f 2670 2669 2633
f 2729 2690 2651
f 2651 2652 2729
f 2652 2712 2711
f 2642 2621 2746
f 2661 2681 2635
f 2701 2801 2653
f 2626 2644 2762
f 2682 2762 2644
f 2750 2602 2774
f 2666 2707 2616
f 2696 2695 2606
f 2697 2732 2667
f 2667 2639 2697
f 2639 2618 2697
f 2595 2702 2640
f 2601 2703 2595
f 2675 2623 2650
f 2673 2739 2672
f 2681 2720 2635
f 2636 2700 2692
f 2694 2676 2657
f 2662 2694 2657
f 2703 2714 2595
f 2774 2603 2771
f 2603 2763 2771
f 2775 2655 2637
f 2637 2645 2775
f 2591 2731 2646
f 2752 2604 2647
f 2706 2725 2647
f 2678 2706 2615
f 2668 2656 2755
f 2718 2669 2670
f 2711 2729 2652
f 2582 2738 2660
f 2582 2672 2761
f 2719 2823 2583
f 2773 2721 2625
f 2674 2619 2726
f 2675 2726 2619
f 2566 2691 2722
f 2691 2640 2781
f 2781 2640 2702
f 2702 2595 2714
f 2749 2705 2770
f 2603 2655 2763
f 2638 2731 2585
f 2638 2604 2765
f 2604 2752 2765
f 2586 2742 2666
f 2695 2802 2586
f 2679 2668 2686
f 2708 2675 2650
f 2650 2727 2708
f 2717 2659 2688
f 2669 2821 2633
f 2761 2738 2582
f 2746 2739 2673
f 2823 2621 2583
f 2747 2681 2661
f 2654 2703 2601
f 2741 2705 2683
f 2715 2741 2683
f 2707 2796 2616
f 2593 2685 2716
f 2630 2667 2810
f 2618 2733 2753
f 2631 2679 2734
f 2791 2658 2608
f 2709 2632 2798
f 2728 2718 2670
f 2670 2690 2728
f 2773 2636 2692
f 2744 2677 2663
f 2713 2744 2663
f 2683 2730 2715
f 2750 2730 2602
f 2645 2684 2772
f 2647 2725 2752
f 2678 2616 2796
f 2666 2742 2776
f 2732 2810 2667
f 2679 2686 2734
f 2668 2755 2686
f 2799 2698 2687
f 2710 2717 2759
f 2660 2784 2634
f 2699 2612 2911
f 2721 2911 2612
f 2736 2682 2674
f 2755 2656 2756
f 2656 2693 2756
f 2735 9590 2676
f 2676 2694 2735
f 2694 2662 2926
f 2743 2926 2662
f 2662 2677 2743
f 2677 2744 2743
f 2713 2649 2780
f 2664 2780 2649
f 2722 2691 2767
f 2704 2665 2740
f 2705 2741 2723
f 2742 2586 2802
f 2716 2696 2593
f 2727 2658 2758
f 2737 2759 2717
f 2729 2728 2690
f 2712 2671 2794
f 2818 2780 2664
f 2757 2767 2691
f 2703 2654 2782
f 2705 2723 2770
f 2724 2715 2730
f 2638 2765 2809
f 2776 2707 2666
f 2753 2697 2618
f 2698 2798 2632
f 2745 2717 2688
f 2794 2711 2712
f 2784 2660 2785
f 2739 2832 2672
f 2762 2682 2736
f 2807 2740 2665
f 2665 2749 2807
f 2646 2731 2815
f 2731 2638 2764
f 2788 2685 2630
f 2810 2788 2630
f 2753 2733 2899
f 2734 2733 2631
f 2675 2708 2726
f 2745 2737 2717
f 2875 2671 2768
f 2768 2634 2784
f 2832 2761 2672
f 2800 2692 2813
f 2748 2813 2692
f 2692 2700 2748
f 2700 2653 2748
f 2801 2748 2653
f 2626 2801 2701
f 2755 2754 2686
f 2735 2693 9590
f 2735 2694 9580
f 2704 2834 2654
f 2751 2772 2684
f 2684 2646 2751
f 2815 2751 2646
f 2809 2764 2638
f 2674 2726 2833
f 2726 2708 2833
f 2804 2833 2708
f 2758 2843 2727
f 2658 2791 2758
f 2792 2608 2709
f 2825 2681 2747
f 2773 2692 2800
f 2750 2724 2730
f 2734 2686 2754
f 2756 2693 2779
f 2766 2743 2744
f 2664 2722 2818
f 2852 2818 2722
f 2722 2767 2852
f 2714 2881 2702
f 2843 2804 2708
f 2708 2727 2843
f 2846 2687 2710
f 2710 2759 2846
f 2660 2738 2785
f 2823 2746 2621
f 2720 2681 2769
f 2654 2834 2782
f 2772 2775 2645
f 2716 2685 2788
f 2732 2697 2777
f 2753 2777 2697
f 9580 2694 2803
f 2744 2713 2790
f 2703 2881 2714
f 2736 2674 2783
f 2792 2791 2608
f 2689 2886 2688
f 2728 2729 2831
f 2729 2711 2831
f 2784 2785 2876
f 2822 2746 2823
f 2769 2805 2720
f 2747 2699 2842
f 2786 2842 2699
f 2911 2786 2699
f 2704 2740 2834
f 2859 2807 2749
f 2749 2770 2859
f 2723 2741 2913
f 2750 2774 2844
f 2775 2808 2655
f 2765 2752 2862
f 2696 2716 2787
f 2754 2755 2892
f 2756 2892 2755
f 2780 2790 2713
f 2819 2852 2767
f 2691 2781 2757
f 2833 2783 2674
f 2798 2698 2793
f 2846 2799 2687
f 2689 2760 2873
f 2821 2873 2760
f 2785 2738 2877
f 2680 2720 2805
f 2825 2769 2681
f 2814 2801 2626
f 2762 2814 2626
f 2763 2655 2845
f 2862 2809 2765
f 2678 2725 2706
f 2810 2732 2908
f 2893 2819 2767
f 2757 2893 2767
f 2793 2883 2798
f 2886 2745 2688
f 2821 2669 2865
f 2831 2718 2728
f 2671 2875 2841
f 2823 2719 2812
f 2719 2680 2812
f 2844 2724 2750
f 2867 2774 2771
f 2867 2771 2763
f 2775 2772 2827
f 2879 2815 2731
f 2764 2879 2731
f 2862 2752 2916
f 2725 2678 2816
f 2695 2835 2802
f 2696 2835 2695
f 2777 2836 2732
f 2733 2734 2899
f 2756 2779 2778
f 2926 2817 2694
f 2926 2743 2838
f 2820 2843 2758
f 2711 2794 2847
f 2794 2671 2841
f 2738 2761 2902
f 2832 2903 2761
f 2795 2832 2739
f 2739 2746 2795
f 2848 2812 2680
f 2769 2825 2948
f 2842 2825 2747
f 2721 2773 2806
f 2860 2844 2774
f 2845 2867 2763
f 2835 2696 2828
f 2797 2787 2716
f 2788 2797 2716
f 2836 2908 2732
f 2803 2694 2817
f 2799 2793 2698
f 2759 2737 2846
f 2768 2784 2921
f 2876 2785 3023
f 2877 3023 2785
f 2902 2877 2738
f 2806 2911 2721
f 2813 2957 2800
f 2826 2850 2762
f 2762 2736 2826
f 2774 2867 2860
f 2827 2772 2868
f 2751 2868 2772
f 2678 2796 2863
f 2734 2789 2899
f 2781 2702 2880
f 2881 2880 2702
f 2873 2864 2689
f 2840 2669 2718
f 2847 2831 2711
f 2901 2847 2794
f 2875 2768 2921
f 2876 2921 2784
f 2795 2746 2822
f 2680 2805 2848
f 2824 2805 2769
f 2813 2748 2855
f 2850 2856 2762
f 2913 2770 2723
f 2808 2845 2655
f 2827 2808 2775
f 2751 2815 2868
f 2879 2764 2890
f 2809 2890 2764
f 2707 2863 2796
f 2742 2802 2776
f 2899 2777 2753
f 2811 2789 2754
f 2778 2892 2756
f 2837 2779 9580
f 2743 2766 2838
f 2791 2820 2758
f 2791 2792 2872
f 2709 2798 2883
f 2864 2886 2689
f 2865 2669 2840
f 2825 2842 2878
f 2748 2801 2855
f 2801 2849 2855
f 2801 2814 2849
f 2783 2826 2736
f 2890 2809 2907
f 2725 2891 2752
f 2678 2863 2816
f 2776 2863 2707
f 2787 2828 2696
f 2857 2766 2744
f 2790 2857 2744
f 2790 2780 2935
f 2757 2781 2839
f 2881 2703 2830
f 2782 2830 2703
f 2820 2791 2872
f 2709 2882 2792
f 2884 2883 2793
f 2831 2840 2718
f 2841 2901 2794
f 2931 2805 2824
f 2800 2806 2773
f 2814 2762 2856
f 2834 2858 2782
f 2907 2809 2862
f 2917 2891 2725
f 2816 2917 2725
f 2788 2810 2953
f 2908 2953 2810
f 9755 2899 2789
f 2829 9755 2789
f 2789 2811 2829
f 2892 2811 2754
f 2778 2779 2851
f 2871 2837 9580
f 9580 2803 2871
f 2853 2893 2757
f 2880 2839 2781
f 2783 2833 2896
f 2833 2804 2964
f 2843 2964 2804
f 2900 2793 2799
f 2856 2849 2814
f 2752 2891 2916
f 2835 2979 2802
f 2892 2778 2851
f 2803 2817 2871
f 2926 2871 2817
f 2780 2818 2909
f 2818 2852 2909
f 2895 2783 2896
f 2873 2821 2938
f 2903 2902 2761
f 2823 2812 2887
f 2878 2948 2825
f 2878 2842 2854
f 2826 2783 2895
f 2740 2912 2834
f 2951 2859 2770
f 2770 2913 2951
f 2827 2868 2889
f 2776 2802 2962
f 2802 2979 2962
f 2883 2882 2709
f 2874 2847 2901
f 2866 2901 2841
f 2887 2822 2823
f 2812 2848 2894
f 2948 2824 2769
f 2905 2957 2813
f 2855 2905 2813
f 2896 2833 2964
f 2912 2858 2834
f 2898 2815 2879
f 2777 2899 2945
f 2811 2924 2829
f 2779 2837 2870
f 2935 2780 2909
f 2920 2737 2745
f 2864 2873 2928
f 2865 2938 2821
f 2875 2866 2841
f 2903 2832 2904
f 2832 2974 2904
f 2812 2894 2887
f 2805 2931 2848
f 2786 2854 2842
f 2888 2806 2800
f 2892 2924 2811
f 2927 2830 2782
f 2858 2927 2782
f 2941 2741 2715
f 2861 2867 2845
f 2952 2845 2808
f 2934 2917 2816
f 2863 2934 2816
f 2777 2919 2836
f 2900 2884 2793
f 2846 2737 2972
f 2831 2847 2874
f 2800 2957 2888
f 2933 2964 2843
f 2914 2724 2844
f 2860 2914 2844
f 2868 2815 2915
f 2898 2915 2815
f 2863 2776 2869
f 2962 2869 2776
f 2835 2828 2979
f 2874 2840 2831
f 2910 2894 2848
f 2855 2849 2949
f 2964 2963 2896
f 2820 2933 2843
f 2851 2779 2870
f 2870 2837 2925
f 2925 2837 2871
f 2766 2857 2969
f 2909 2852 2819
f 2906 2807 2859
f 2859 2951 2906
f 2860 2867 2943
f 2919 2908 2836
f 2885 2900 2799
f 2799 2846 2885
f 2745 2886 3074
f 2937 2886 2864
f 2929 2865 3002
f 2865 2840 3002
f 2956 2931 2824
f 2855 2949 2905
f 2856 2949 2849
f 2895 3009 2826
f 2807 2912 2740
f 2913 2741 3100
f 2715 2724 2941
f 2918 2828 2787
f 2953 2797 2788
f 2777 2945 2919
f 2839 2853 2757
f 2936 2933 2820
f 2872 2936 2820
f 2872 2792 2965
f 2882 2965 2792
f 3034 2885 2846
f 2920 2972 2737
f 2920 2745 3074
f 2938 2928 2873
f 2921 3004 2875
f 2904 2973 2903
f 2974 2832 2975
f 2795 2975 2832
f 2795 2822 2939
f 2887 2993 2822
f 2848 2931 2910
f 2932 2911 2806
f 2806 2888 2932
f 2850 2826 3009
f 2858 2912 2897
f 2944 2861 2845
f 2808 2827 2952
f 2869 2934 2863
f 2892 2851 2998
f 2969 2838 2766
f 3022 2839 2880
f 2927 2858 3064
f 2965 2882 3092
f 2846 2972 3034
f 2901 2866 2930
f 2887 2894 2947
f 2941 3100 2741
f 2724 2914 2960
f 2861 2943 2867
f 2862 2916 3010
f 2967 3031 2891
f 2891 2917 2967
f 2787 2797 2918
f 2899 9755 3045
f 2819 2893 2989
f 2853 2989 2893
f 2880 2881 3000
f 2881 2830 2959
f 2965 2936 2872
f 2928 2938 3057
f 2840 2874 3003
f 2903 2973 2902
f 2894 2910 2947
f 2923 2888 2957
f 2912 2807 2985
f 2860 2943 2914
f 2890 2898 2879
f 2907 2862 3010
f 3010 2916 2987
f 2916 2891 3031
f 3045 2945 2899
f 2926 2838 2950
f 2959 3000 2881
f 2959 2830 2927
f 2895 2896 2963
f 2928 2937 2864
f 2929 2938 2865
f 2874 2901 2930
f 2866 2875 3048
f 2877 2902 2922
f 2973 2922 2902
f 2958 2905 2949
f 2856 2850 2940
f 2897 3064 2858
f 2861 2944 3138
f 2917 2934 2978
f 2980 2908 2919
f 3081 9754 2924
f 2870 2925 3046
f 2969 2950 2838
f 2857 2790 3063
f 2895 2963 3040
f 2930 2991 2874
f 2875 3004 3048
f 2922 3023 2877
f 2939 2975 2795
f 2993 2939 2822
f 2955 2993 2887
f 2948 2956 2824
f 2940 2949 2856
f 2960 2941 2724
f 2943 2942 2914
f 3051 2952 2827
f 2827 2889 3051
f 2898 2890 3019
f 2987 2916 3087
f 3031 3087 2916
f 2918 3052 2828
f 2945 3045 3114
f 2851 2870 2968
f 3092 2882 3001
f 2883 3001 2882
f 2885 2884 2900
f 2982 2972 2920
f 2920 3074 2982
f 3003 3002 2840
f 2921 2876 3005
f 3023 3005 2876
f 2973 2904 2974
f 2887 2947 2955
f 3076 2932 2888
f 2942 2960 2914
f 2978 2967 2917
f 3039 2953 2908
f 2871 2981 2925
f 3054 2989 2853
f 2853 2839 2946
f 2970 2959 2927
f 2884 3001 2883
f 3074 2886 3012
f 2886 2937 3012
f 3057 3117 2928
f 2984 2947 2910
f 2854 2994 2878
f 2786 3068 2854
f 2786 2911 3025
f 2932 3025 2911
f 3037 3076 2888
f 2888 2923 3037
f 2957 2905 2976
f 2906 2951 2986
f 3099 2951 2913
f 2913 3100 3099
f 2943 2861 3029
f 2961 2944 2845
f 2845 2952 2961
f 2907 3010 3070
f 2797 2953 3020
f 9754 3081 2988
f 2924 2892 2998
f 2926 2981 2871
f 2819 2989 2999
f 2933 2936 3041
f 2937 2928 3066
f 3117 3066 2928
f 3003 2874 2991
f 2992 2930 2866
f 2866 3048 2992
f 2939 2993 2954
f 2948 2878 3042
f 2994 3042 2878
f 3068 2994 2854
f 2958 2949 3026
f 2940 3026 2949
f 3009 2895 3040
f 2897 3027 3064
f 2807 2906 2985
f 3029 3017 2943
f 2890 2907 3030
f 3052 2979 2828
f 3060 3052 2918
f 2997 2918 2797
f 3020 2997 2797
f 2919 2945 2980
f 3114 2980 2945
f 2968 2998 2851
f 2981 2926 2950
f 2857 3103 2969
f 3063 2790 3011
f 2935 3011 2790
f 2935 2909 3011
f 2999 3011 2909
f 2909 2819 2999
f 2946 3054 2853
f 2971 2964 2933
f 3005 2966 2921
f 2954 2975 2939
f 2984 2955 2947
f 2931 2956 3014
f 3008 3085 2948
f 3042 3008 2948
f 2958 2976 2905
f 3046 2968 2870
f 2951 3099 2986
f 2941 3059 3100
f 3017 2942 2943
f 3138 3029 2861
f 2889 2868 3038
f 2915 3038 2868
f 2869 2978 2934
f 2953 3039 3020
f 2908 2980 3101
f 2964 2971 2963
f 2929 3067 2938
f 3004 2921 2966
f 2922 3006 3023
f 3085 3014 2956
f 2956 2948 3085
f 2976 2923 2957
f 3015 2976 2958
f 2940 2850 3009
f 3053 3081 2924
f 2924 2998 3053
f 2925 2981 3046
f 3022 2880 3000
f 3038 3051 2889
f 2915 2898 3018
f 2898 3019 3018
f 2967 2978 3044
f 2997 3060 2918
f 3039 2908 3101
f 2988 3045 9754
f 3040 2963 3089
f 2971 3089 2963
f 2936 2965 3033
f 3067 3057 2938
f 3067 2929 3075
f 3002 3075 2929
f 2930 2992 2983
f 3007 2984 2910
f 2931 3014 3007
f 3016 2985 2906
f 2906 2986 3016
f 2996 2962 2979
f 2959 2970 3047
f 3035 3034 2972
f 3065 3035 2972
f 2972 2982 3065
f 3066 3012 2937
f 2983 2991 2930
f 2993 2955 3013
f 2910 2931 3007
f 2923 2976 3037
f 3030 3019 2890
f 3030 2907 3070
f 2967 2977 3031
f 2977 2967 3044
f 2869 2962 2996
f 2998 2968 3115
f 2946 2839 3088
f 3047 3000 2959
f 3064 2970 2927
f 2971 2933 3041
f 2884 2885 2990
f 2990 2885 3034
f 2973 3006 2922
f 2975 3084 2974
f 3036 3013 2955
f 3028 3027 2897
f 2995 3028 2897
f 2897 2912 2995
f 2942 3017 3050
f 3051 2961 2952
f 3018 3038 2915
f 2978 2869 3113
f 3103 2857 3140
f 3063 3140 2857
f 3054 3021 2989
f 3003 2991 3118
f 2992 3048 3263
f 2954 2993 3013
f 2955 2984 3036
f 3008 3042 3160
f 3068 2786 3025
f 2941 2960 3059
f 3051 3199 2961
f 3069 3018 3019
f 2979 3052 3072
f 2997 3020 3061
f 2998 3115 3126
f 3046 2981 3073
f 2950 3073 2981
f 2969 3103 2950
f 2999 3116 3011
f 2999 2989 3021
f 3047 2970 3147
f 3064 3027 3032
f 3033 3041 2936
f 3002 3003 3075
f 3150 3075 3003
f 3109 3048 3004
f 2975 2954 3024
f 3096 3058 2984
f 2984 3007 3096
f 3007 3014 3110
f 3135 3015 2958
f 3026 3135 2958
f 2940 3049 3026
f 2996 2979 3072
f 3021 3116 2999
f 3141 3054 2946
f 2946 3088 3141
f 3083 2983 2992
f 2992 3263 3083
f 3004 2966 3093
f 3023 3006 3095
f 2973 2974 3084
f 3160 3133 3008
f 2912 2985 2995
f 3016 2986 3043
f 3111 3100 3059
f 3199 2944 2961
f 3019 3030 3069
f 3113 3044 2978
f 3060 2997 3155
f 3061 3155 2997
f 3039 3061 3020
f 3114 3080 2980
f 3102 3045 2988
f 3164 3115 2968
f 3046 3164 2968
f 2839 3022 3104
f 3022 3000 3105
f 3047 3105 3000
f 2971 3041 3055
f 3005 3023 3095
f 3084 3159 2973
f 3145 3084 2975
f 3133 3085 3008
f 3068 3025 3120
f 2940 3009 3121
f 3028 3032 3027
f 3181 3017 3029
f 3051 3038 3163
f 3031 2977 3087
f 2869 2996 3071
f 3063 3011 3167
f 3116 3167 3011
f 3092 3091 2965
f 3172 3001 2884
f 2884 2990 3172
f 3118 3150 3003
f 3006 2973 3159
f 2975 3024 3119
f 2995 2985 3146
f 2985 3016 3146
f 3112 2960 2942
f 3029 3138 3181
f 3030 3070 3184
f 3061 3039 3079
f 3101 3079 3039
f 3080 3101 2980
f 2950 3103 3129
f 3104 3022 3105
f 3091 3033 2965
f 3056 3012 3066
f 3093 3109 3004
f 3119 3176 2975
f 3013 3036 3131
f 2994 3160 3042
f 3015 3097 2976
f 3049 2940 3152
f 3121 3152 2940
f 3137 3059 2960
f 3112 2942 3154
f 2942 3050 3154
f 2977 3044 3207
f 3113 2869 3071
f 3125 3114 3045
f 3102 3125 3045
f 3073 3164 3046
f 3104 3088 2839
f 3147 3156 3047
f 3089 2971 3082
f 2990 3034 3173
f 3118 2991 3108
f 3093 2966 3094
f 3005 3094 2966
f 3159 3095 3006
f 3131 3024 3013
f 3058 3036 2984
f 3007 3110 3178
f 3040 3121 3009
f 3146 3153 2995
f 3181 3050 3017
f 3163 3199 3051
f 3038 3018 3077
f 3070 3010 3185
f 2987 3185 3010
f 2987 3087 3078
f 3072 3071 2996
f 3122 3072 3052
f 3052 3060 3122
f 3102 3081 3062
f 3073 2950 3129
f 3105 3047 3156
f 2971 3055 3082
f 3055 3041 3090
f 3033 3090 3041
f 3074 3191 2982
f 3117 3057 3107
f 3057 3067 3107
f 3095 3144 3005
f 3084 3220 3159
f 3120 3025 3190
f 2932 3190 3025
f 3135 3026 3049
f 3086 3163 3038
f 3123 3155 3061
f 3140 3063 3166
f 3167 3166 3063
f 3168 3021 3054
f 3147 2970 3197
f 3130 3197 2970
f 2970 3064 3130
f 3032 3130 3064
f 3001 3172 3106
f 3173 3172 2990
f 3035 3173 3034
f 3191 3074 3012
f 3067 3075 3149
f 2991 2983 3108
f 3143 3108 2983
f 3281 3263 3048
f 3048 3109 3281
f 3145 2975 3176
f 3007 3178 3096
f 3132 3110 3014
f 3014 3085 3132
f 3037 2976 3180
f 3135 3097 3015
f 3121 3040 3098
f 3077 3086 3038
f 3069 3030 3223
f 3185 3184 3070
f 3060 3155 3122
f 3126 3115 3127
f 3166 3165 3140
f 3141 3168 3054
f 3040 3089 3098
f 3083 3143 2983
f 3190 2932 3278
f 2932 3076 3278
f 3134 3076 3037
f 3028 2995 3157
f 2995 3153 3157
f 3264 3111 3059
f 3059 3137 3264
f 2960 3112 3137
f 3162 3154 3050
f 3050 3181 3162
f 3222 3138 2944
f 3079 3101 3124
f 9753 3062 3081
f 3166 3167 3247
f 3116 3021 3182
f 3021 3168 3182
f 3202 3130 3032
f 3082 3170 3089
f 3144 3094 3005
f 3145 3220 3084
f 3258 3132 3085
f 3133 3258 3085
f 2994 3068 3179
f 3120 3179 3068
f 3037 3180 3134
f 3097 3180 2976
f 3032 3028 3157
f 3043 3146 3016
f 3113 3207 3044
f 3124 3123 3061
f 3061 3079 3124
f 3140 3165 3103
f 3188 3141 3088
f 3211 3170 3082
f 3055 3090 3142
f 3091 3092 3171
f 3203 3171 3092
f 3092 3001 3203
f 3106 3203 3001
f 3191 3012 3158
f 3012 3056 3158
f 3174 3149 3075
f 3075 3150 3174
f 3134 3278 3076
f 3218 3180 3097
f 2944 3199 3222
f 3266 3018 3069
f 3223 3266 3069
f 3101 3080 3237
f 3062 3125 3102
f 3088 3104 3188
f 3105 3156 3169
f 3157 3202 3032
f 3082 3055 3211
f 2982 3288 3065
f 3056 3066 3117
f 3118 3108 3175
f 3189 3131 3036
f 3152 3121 3098
f 3136 3043 2986
f 2986 3099 3136
f 3077 3018 3205
f 3266 3205 3018
f 3207 3235 2977
f 3080 3200 3237
f 3193 3200 3080
f 3080 3114 3193
f 3114 3125 3193
f 3267 3164 3128
f 3164 3073 3128
f 3167 3116 3182
f 3105 3169 3104
f 3170 3098 3089
f 3142 3211 3055
f 3191 3288 2982
f 3144 3095 3192
f 3159 3192 3095
f 3177 3231 3119
f 3036 3058 3189
f 3099 3100 3136
f 3100 3111 3136
f 3161 3264 3137
f 3223 3030 3184
f 3255 3087 2977
f 3207 3113 3139
f 3113 3071 3139
f 3071 3072 3244
f 3125 3062 3285
f 3073 3129 3194
f 3165 3194 3103
f 3195 3188 3104
f 3065 3173 3035
f 3056 3117 3148
f 3107 3067 3204
f 3143 3175 3108
f 3360 3109 3093
f 3094 3360 3093
f 3176 3119 3231
f 3151 3189 3058
f 3058 3096 3151
f 3198 3097 3135
f 3135 3049 3152
f 3331 3161 3137
f 3137 3112 3331
f 3162 3221 3154
f 3181 3138 3213
f 3185 2987 3206
f 3078 3206 2987
f 3078 3087 3255
f 3129 3103 3194
f 3148 3158 3056
f 3149 3204 3067
f 3175 3150 3118
f 3220 3145 3243
f 3176 3243 3145
f 3131 3189 3177
f 3122 3155 3236
f 3237 3124 3101
f 3356 3127 3115
f 3115 3164 3356
f 3194 3128 3073
f 3156 3147 3196
f 3197 3196 3147
f 3142 3090 3262
f 3258 3178 3110
f 3110 3132 3258
f 3198 3135 3152
f 3183 3146 3043
f 3136 3183 3043
f 3323 3136 3111
f 3111 3264 3323
f 3112 3154 3254
f 3234 3254 3154
f 3221 3234 3154
f 3182 3168 3187
f 3168 3141 3201
f 3169 3195 3104
f 9559 3262 3090
f 3090 3033 9559
f 3091 9559 3033
f 3173 3065 3240
f 3158 3148 3241
f 3270 3143 3083
f 3192 3159 3242
f 3189 3209 3177
f 2994 3229 3160
f 3152 3098 3259
f 3254 3331 3112
f 3222 3199 3214
f 3215 3199 3163
f 3255 3206 3078
f 3236 3245 3122
f 3186 3236 3155
f 3155 3123 3186
f 3182 3247 3167
f 3168 3201 3187
f 3188 3201 3141
f 3202 3157 3226
f 3232 3226 3157
f 3098 3170 3219
f 3211 3219 3170
f 3212 3106 3172
f 3172 3173 3212
f 3117 3107 3204
f 3204 3149 3397
f 3243 3176 3231
f 3177 3209 9932
f 3178 3258 3228
f 3179 3277 2994
f 3198 3218 3097
f 3162 3181 3284
f 3181 3213 3284
f 3332 3086 3077
f 3185 3224 3184
f 2977 3235 3255
f 3225 3072 3122
f 3122 3245 3225
f 3267 3293 3164
f 3216 3156 3196
f 3283 3232 3153
f 3153 3146 3283
f 3146 3183 3283
f 3136 3233 3183
f 3323 3233 3136
f 3222 3213 3138
f 3086 3215 3163
f 3301 3223 3184
f 3224 3301 3184
f 3206 3224 3185
f 3225 3244 3072
f 3272 3123 3124
f 3285 3193 3125
f 3165 3208 3194
f 3166 3305 3165
f 3195 3169 3248
f 3217 3096 3178
f 3228 3217 3178
f 3160 3229 3249
f 3262 3287 3142
f 3240 3212 3173
f 3337 3349 3191
f 3158 3337 3191
f 3149 3174 3230
f 3094 3144 3282
f 3220 3242 3159
f 3243 3271 3220
f 9932 3231 3177
f 3273 3246 3126
f 3126 3127 3273
f 3293 3356 3164
f 3208 3304 3194
f 3182 3187 3247
f 3295 3188 3195
f 3297 3189 3151
f 3239 3151 3096
f 3258 3133 3276
f 3133 3249 3276
f 3133 3160 3249
f 3179 3120 3250
f 3190 3250 3120
f 3279 3134 3180
f 3210 3279 3180
f 3198 3152 3310
f 3259 3098 3268
f 3211 3142 3261
f 3287 3261 3142
f 3288 3191 3349
f 3337 3158 3241
f 3148 3117 3378
f 3280 3174 3150
f 3150 3175 3280
f 3175 3143 3350
f 3083 3263 3270
f 3192 3282 3144
f 3205 3332 3077
f 3236 3186 3256
f 3292 3285 3062
f 3062 9753 3292
f 3294 3187 3201
f 3201 3188 3294
f 3216 3248 3169
f 3156 3216 3169
f 3202 3226 3286
f 3217 3239 3096
f 3218 3210 3180
f 3171 3203 3251
f 3280 3230 3174
f 3360 3094 3282
f 3284 3221 3162
f 3215 3214 3199
f 3086 3332 3265
f 3128 3194 3274
f 3130 3202 3286
f 3226 3232 9929
f 3298 3297 3151
f 3239 3298 3151
f 3277 3229 2994
f 3171 9559 3091
f 3288 3240 3065
f 3117 3204 3378
f 3397 3149 3328
f 3270 3252 3143
f 3213 3222 3364
f 3235 3207 3139
f 3186 3123 3257
f 3272 3257 3123
f 3237 3272 3124
f 3194 3304 3274
f 3208 3165 3305
f 3306 3247 3187
f 3187 3294 3306
f 3295 3195 3248
f 3197 3130 3238
f 3297 3227 3189
f 3252 3350 3143
f 3367 3270 3263
f 3282 3192 3368
f 3242 3220 3313
f 3183 3233 3315
f 3254 3234 3340
f 3222 3214 3364
f 3215 3086 3289
f 3266 3223 3290
f 3317 3139 3071
f 3071 3244 3317
f 3356 3273 3127
f 3286 3238 3130
f 3286 3226 9929
f 3366 3318 3249
f 3249 3229 3366
f 3259 3310 3152
f 3336 3219 3211
f 3106 3251 3203
f 3241 3148 3321
f 3378 3321 3148
f 3282 3329 3360
f 3271 3243 3330
f 9940 3243 3231
f 9932 9940 3231
f 3283 3253 3232
f 3214 3215 3300
f 3289 3300 3215
f 3332 3205 3369
f 3224 3206 3341
f 3302 3255 3235
f 3236 3256 3245
f 3365 3272 3237
f 3291 3365 3237
f 3237 3200 3291
f 3200 3193 3291
f 3285 3291 3193
f 3248 3216 3275
f 3419 3298 3239
f 3260 3268 3219
f 3211 3261 3459
f 3251 3106 3312
f 3106 3212 3312
f 3230 3328 3149
f 3175 3350 3280
f 3271 3313 3220
f 3265 3289 3086
f 3266 3369 3205
f 3301 3224 3341
f 3317 3303 3139
f 3306 3405 3247
f 3276 3249 3318
f 3190 3278 3481
f 3278 3134 3393
f 3218 3198 3310
f 3230 3280 3398
f 3281 3109 3448
f 3424 3283 3183
f 3183 3315 3424
f 3340 3363 3254
f 3214 3300 3364
f 3305 3166 3372
f 3247 3372 3166
f 3405 3335 3247
f 3307 3306 3294
f 3308 3294 3188
f 3188 3295 3308
f 3216 3196 3275
f 3309 3343 3196
f 3196 3197 3309
f 3197 3238 3309
f 3228 3258 3276
f 3366 3229 3277
f 3277 3179 3358
f 3250 3358 3179
f 3134 3279 3393
f 3269 3262 9559
f 3311 3269 9559
f 9559 3171 3311
f 3251 3375 3171
f 3288 3299 3240
f 3270 3367 3379
f 3242 3313 3380
f 3330 3243 3338
f 9940 3338 3243
f 3362 3323 3264
f 3264 3161 3362
f 3221 3340 3234
f 3290 3463 3266
f 3206 3255 3342
f 3235 3139 3303
f 3225 3317 3244
f 3333 3256 3186
f 3186 3257 3333
f 3267 3128 3325
f 3274 3325 3128
f 3227 3297 3296
f 3228 3276 3217
f 3327 3276 3318
f 3346 3279 3210
f 3259 3268 3319
f 3459 3336 3211
f 3375 3311 3171
f 3240 3312 3212
f 3321 3337 3241
f 3368 3192 3380
f 3192 3242 3380
f 3330 3382 3271
f 3233 3323 3315
f 3401 3284 3213
f 3213 3364 3401
f 3255 3302 3342
f 3246 3273 3387
f 3293 3267 3325
f 3372 3247 3335
f 3326 3295 3248
f 3275 3326 3248
f 3259 3395 3310
f 3261 3320 3459
f 3379 3422 3270
f 3263 3281 3367
f 3448 3367 3281
f 3381 3313 3361
f 3313 3271 3361
f 3382 3361 3271
f 3314 3322 3253
f 3253 3283 3314
f 3290 3223 3301
f 3341 3206 3435
f 3342 3435 3206
f 3404 3370 3285
f 3356 3293 3334
f 3304 3208 3456
f 3305 3456 3208
f 3275 3196 3343
f 3344 3238 3286
f 9929 3344 3286
f 3239 3217 3419
f 3391 3419 3217
f 3217 3276 3327
f 3218 3310 3347
f 3260 3319 3268
f 3287 3320 3261
f 3299 3288 3412
f 3349 3412 3288
f 3422 3252 3270
f 3338 9940 3339
f 3369 3266 3316
f 3463 3316 3266
f 3301 3341 3384
f 3285 3292 3404
f 3427 3325 3274
f 3308 3307 3294
f 3344 9929 9918
f 3366 3277 3374
f 3319 3395 3259
f 3287 3262 3269
f 3337 3321 3396
f 3350 3252 3414
f 3329 3282 3368
f 3283 3424 3314
f 3340 3221 3324
f 3352 3324 3221
f 3221 3284 3352
f 3401 3352 3284
f 3353 3289 3265
f 3384 3354 3301
f 3225 3245 3355
f 3428 3456 3305
f 3372 3428 3305
f 3306 3307 3373
f 3308 3295 3523
f 3327 3318 3468
f 3392 3358 3250
f 3250 3190 3392
f 3481 3392 3190
f 3278 3393 3481
f 3393 3279 3345
f 3346 3345 3279
f 3260 3219 3348
f 3336 3348 3219
f 3375 3251 3411
f 3240 3299 3376
f 3397 3378 3204
f 3433 3414 3252
f 3380 3313 3381
f 3315 3323 3400
f 3475 3331 3254
f 3363 3475 3254
f 3303 3302 3235
f 3370 3291 3285
f 3334 3293 3325
f 3371 3427 3274
f 3274 3304 3371
f 3373 3405 3306
f 3488 3295 3326
f 3298 3419 3297
f 3374 3277 3358
f 3320 3287 3420
f 3269 3420 3287
f 3312 3411 3251
f 3422 3433 3252
f 3360 3448 3109
f 3339 3351 3338
f 3323 3362 3400
f 3362 3161 3485
f 3363 3340 3425
f 3300 3289 3402
f 3296 3297 9938
f 3357 3217 3327
f 3210 3218 3347
f 3410 3420 3269
f 3269 3311 3410
f 3376 3312 3240
f 3349 3337 3377
f 3432 3378 3397
f 3444 3328 3230
f 3230 3398 3444
f 3280 3350 3398
f 3338 3382 3330
f 3400 3383 3315
f 3475 3161 3331
f 3342 3302 3385
f 3389 3303 3317
f 3256 3333 3386
f 3272 3333 3257
f 3438 3334 3325
f 3523 3307 3308
f 3275 3343 3417
f 3457 3345 3346
f 3347 3346 3210
f 3395 3347 3310
f 3260 3442 3319
f 3411 3312 3376
f 3396 3377 3337
f 3413 3396 3321
f 3359 3413 3321
f 3321 3378 3359
f 3449 3448 3360
f 3338 3351 3451
f 3161 3475 3485
f 3324 3425 3340
f 3353 3402 3289
f 3353 3265 3453
f 3265 3332 3453
f 3354 3403 3301
f 3291 3390 3365
f 3456 3371 3304
f 3442 3458 3319
f 3431 3348 3336
f 3414 3398 3350
f 3360 3329 3399
f 3423 3322 3314
f 3364 3300 3402
f 3369 3453 3332
f 3317 3225 3476
f 3225 3355 3476
f 3355 3245 3386
f 3245 3256 3386
f 3415 3386 3333
f 3333 3272 3455
f 3272 3365 3455
f 3291 3370 3390
f 3273 3356 3426
f 3334 3426 3356
f 3488 3523 3295
f 3326 3275 3416
f 3275 3417 3416
f 3217 3357 3391
f 3457 3346 3408
f 3348 3442 3260
f 3399 3329 3560
f 3368 3560 3329
f 3368 3380 3450
f 3485 3400 3362
f 3364 3402 3401
f 3290 3464 3463
f 3435 3384 3341
f 3303 3506 3302
f 3389 3317 3476
f 3488 3326 3406
f 3406 3326 3416
f 3238 3344 3430
f 9919 3430 3344
f 9925 9919 3344
f 3327 3468 3497
f 3407 3468 3318
f 3490 3318 3366
f 3366 3374 3490
f 3347 3408 3346
f 3388 3347 3395
f 3319 3458 3395
f 3412 3349 3377
f 3450 3503 3368
f 3361 3445 3381
f 3383 3424 3315
f 3437 3365 3390
f 3387 3273 3467
f 3438 3325 3427
f 3335 3428 3372
f 3335 3405 3478
f 3405 3373 3429
f 3343 3496 3417
f 3343 3309 3479
f 3480 3479 3309
f 3309 3238 3480
f 3297 3419 3418
f 3327 3497 3357
f 3394 3408 3347
f 3409 3394 3347
f 3432 3359 3378
f 3422 3379 3434
f 3382 3445 3361
f 3301 3403 3290
f 3342 3385 3436
f 3437 3455 3365
f 3467 3404 3387
f 3392 3491 3358
f 3388 3409 3347
f 3399 3474 3360
f 3381 3450 3380
f 3382 3338 3451
f 3314 3424 3461
f 3370 3404 3466
f 3438 3495 3334
f 3371 3456 3549
f 3496 3343 3479
f 3418 9938 3297
f 3357 3440 3391
f 3374 3358 3491
f 3420 3410 3421
f 3410 3375 3443
f 3411 3443 3375
f 3377 3511 3412
f 3432 3397 3328
f 3474 3449 3360
f 3586 3450 3381
f 3445 3586 3381
f 3436 3385 3506
f 3385 3302 3506
f 3427 3549 3439
f 3427 3371 3549
f 3594 3373 3307
f 3419 3391 3440
f 3491 3527 3374
f 3392 3481 3441
f 3469 3481 3393
f 3393 3345 3469
f 3345 3457 3469
f 3408 3394 3457
f 3482 3457 3394
f 3409 3446 3394
f 3409 3388 3517
f 3459 3431 3336
f 3443 3421 3410
f 3299 3412 3511
f 3353 3453 3487
f 3463 3547 3316
f 3384 3435 3513
f 3436 3435 3342
f 3465 3303 3389
f 3415 3355 3386
f 3507 3467 3273
f 3426 3507 3273
f 3478 3428 3335
f 3307 3523 3594
f 3416 3417 3543
f 3418 9939 9938
f 3491 3392 3611
f 3643 3611 3392
f 3441 3643 3392
f 3442 3348 3447
f 3431 3447 3348
f 3377 3396 3501
f 3413 3501 3396
f 3432 3328 3532
f 3434 3433 3422
f 3379 3367 3460
f 3561 3445 3382
f 3451 3561 3382
f 3461 3423 3314
f 3452 3461 3424
f 3424 3383 3452
f 3363 3425 3546
f 3462 3425 3324
f 3464 3290 3521
f 3403 3521 3290
f 3506 3303 3465
f 3355 3415 3454
f 3415 3333 3455
f 3390 3370 3437
f 3467 3466 3404
f 3439 3438 3427
f 3428 3477 3456
f 3405 3508 3478
f 3496 3543 3417
f 3430 3480 3238
f 3418 3419 3524
f 3394 3446 3537
f 3395 3458 3388
f 3431 3459 3572
f 3421 3470 3420
f 3443 3411 3518
f 3376 3518 3411
f 3376 3299 3472
f 3511 3377 3473
f 3475 3363 3546
f 3352 3401 3486
f 3402 3353 3563
f 3513 3435 3609
f 3455 3454 3415
f 3455 3437 3514
f 3478 3477 3428
f 3429 3508 3405
f 3509 3429 3373
f 3357 3525 3440
f 3318 3490 3407
f 3527 3490 3374
f 3482 3556 3457
f 3394 3537 3482
f 3446 3409 3517
f 3458 3442 3499
f 3447 3499 3442
f 3320 3420 3470
f 3471 3421 3443
f 3518 3471 3443
f 3518 3376 3492
f 3299 3511 3472
f 3413 3359 3483
f 3585 3328 3444
f 3538 3444 3398
f 3414 3538 3398
f 3367 3448 3460
f 3560 3474 3399
f 3451 3351 9935
f 3461 3484 3423
f 3462 3324 3577
f 3352 3577 3324
f 3402 3563 3512
f 3640 3563 3353
f 3466 3437 3370
f 3495 3426 3334
f 3373 3594 3509
f 3419 3440 3524
f 3376 3472 3492
f 3501 3473 3377
f 3532 3359 3432
f 3414 3433 3434
f 3449 3460 3448
f 3505 3383 3590
f 3546 3425 3462
f 3512 3486 3401
f 3401 3402 3512
f 3487 3640 3353
f 3436 3609 3435
f 3389 3476 3548
f 3581 3466 3467
f 3549 3456 3477
f 3429 3509 3522
f 3480 3430 3544
f 3489 9939 3418
f 3418 3524 3489
f 3526 3407 3490
f 3556 3469 3457
f 3498 3388 3458
f 3499 3498 3458
f 3447 3431 3614
f 3572 3614 3431
f 3434 3379 3615
f 3560 3368 3503
f 3586 3503 3450
f 3505 3452 3383
f 3383 3400 3545
f 3400 3591 3545
f 3400 3485 3591
f 3369 3316 3578
f 3547 3578 3316
f 3354 3384 3602
f 3355 3454 3619
f 3440 3525 3604
f 3550 3497 3468
f 3468 3407 3550
f 3536 3482 3537
f 3388 3498 3510
f 3530 3511 3473
f 3473 3501 3531
f 3538 3414 3539
f 3533 3615 3379
f 3379 3460 3533
f 3474 3519 3449
f 3560 3519 3474
f 3561 3451 3493
f 3451 9935 3493
f 3590 3383 3545
f 3486 3577 3352
f 3487 3453 3592
f 3369 3592 3453
f 3513 3602 3384
f 3436 3506 3610
f 3476 3355 3548
f 3507 3426 3494
f 3438 3439 3495
f 3479 3480 3516
f 3544 3516 3480
f 3481 3469 3634
f 3517 3388 3510
f 3470 3421 3500
f 3471 3500 3421
f 3434 3539 3414
f 3504 3484 3461
f 3461 3452 3504
f 3452 3505 3504
f 3475 3546 3617
f 3577 3698 3462
f 3547 3463 3540
f 3464 3540 3463
f 3465 3389 3603
f 3507 3581 3467
f 3426 3495 3494
f 3508 3429 3522
f 3583 3543 3496
f 3622 3604 3525
f 3517 3510 3605
f 3518 3558 3471
f 3531 3530 3473
f 3502 3501 3483
f 3561 3588 3445
f 3484 3504 3562
f 3592 3369 3578
f 3579 3403 3354
f 3602 3579 3354
f 3506 3465 3603
f 3619 3548 3355
f 3514 3542 3455
f 3514 3437 3515
f 3495 3439 3631
f 3477 3478 3743
f 3406 3621 3488
f 3479 3583 3496
f 3441 3481 3634
f 3537 3446 3553
f 3446 3517 3553
f 3558 3500 3471
f 3502 3531 3501
f 3532 3328 3574
f 3519 3560 3534
f 3671 3591 3485
f 3485 3475 3671
f 3602 3513 3609
f 3610 3506 3618
f 3389 3548 3603
f 3541 3619 3454
f 3542 3454 3455
f 3437 3466 3515
f 3508 3743 3478
f 3508 3522 3567
f 3595 3523 3488
f 3621 3595 3488
f 3416 3543 3621
f 3526 3550 3407
f 3527 3526 3490
f 3611 3649 3491
f 3556 3528 3469
f 3529 3572 3459
f 3459 3320 3529
f 3470 3529 3320
f 3472 3511 3559
f 3573 3624 3483
f 3483 3359 3573
f 3679 3539 3434
f 3636 3505 3590
f 3637 3545 3591
f 3475 3617 3608
f 3512 3520 3486
f 3540 3464 3521
f 3542 3541 3454
f 3515 3542 3514
f 3494 3675 3507
f 3549 3477 3565
f 3684 3565 3477
f 3406 3416 3621
f 3489 3524 3569
f 3550 3357 3497
f 3571 3528 3556
f 3553 3517 3613
f 3605 3613 3517
f 3518 3492 3635
f 3492 3472 3635
f 3559 3511 3530
f 3328 3585 3574
f 3533 3460 3748
f 3493 9935 3555
f 3577 3486 3629
f 3520 3629 3486
f 3609 3436 3610
f 3743 3508 3566
f 3535 3600 3524
f 3524 3440 3535
f 3527 3491 3551
f 3649 3551 3491
f 3528 3634 3469
f 3612 3482 3536
f 3702 3510 3498
f 3557 3702 3498
f 3498 3499 3557
f 3558 3554 3500
f 3559 3635 3472
f 3359 3532 3573
f 3434 3615 3679
f 3722 3460 3449
f 3534 3625 3519
f 3604 3535 3440
f 3528 3571 3570
f 3536 3537 3552
f 3553 3552 3537
f 3470 3500 3554
f 3558 3518 3685
f 3587 3685 3518
f 3444 3538 3585
f 3625 3722 3449
f 3449 3519 3625
f 3560 3503 3616
f 3555 9933 3576
f 3475 3608 3671
f 3546 3462 3617
f 3564 3563 3640
f 3743 3684 3477
f 3567 3566 3508
f 3568 3522 3509
f 3516 3544 3598
f 9921 3598 3544
f 3589 3562 3504
f 3627 3504 3505
f 3505 3636 3627
f 3512 3563 3639
f 3579 3521 3403
f 3603 3618 3506
f 3541 3674 3619
f 9571 3515 3466
f 3675 3581 3507
f 3621 3543 3646
f 3543 3583 3646
f 3583 3479 3596
f 3516 3596 3479
f 3598 3597 3516
f 3600 3569 3524
f 3584 3556 3482
f 3612 3584 3482
f 3613 3552 3553
f 3575 3585 3538
f 3538 3539 3575
f 3748 3615 3533
f 3588 3561 3626
f 3493 3555 3576
f 3601 3526 3527
f 3584 3571 3556
f 3668 3584 3612
f 3499 3447 3614
f 3657 3572 3529
f 3470 3657 3529
f 3679 3575 3539
f 3503 3586 3616
f 3561 3493 3626
f 3607 3576 3562
f 3589 3607 3562
f 3504 3627 3589
f 3724 3547 3540
f 3580 3542 3515
f 9571 3580 3515
f 3597 3596 3516
f 3622 3525 3623
f 3525 3357 3623
f 3550 3623 3357
f 3612 3536 3552
f 3470 3554 3657
f 3635 3587 3518
f 3530 3531 3694
f 3532 3574 3721
f 3585 3575 3644
f 3645 3625 3534
f 3606 3616 3586
f 3626 3493 3661
f 3576 3661 3493
f 3545 3637 3628
f 3617 3462 3662
f 3698 3662 3462
f 3698 3577 3629
f 3592 3578 3663
f 3547 3663 3578
f 3675 3582 3581
f 3632 3439 3549
f 3549 3565 3632
f 3567 3522 3593
f 3641 3568 3509
f 3509 3594 3641
f 3633 3594 3523
f 3523 3595 3633
f 3540 3521 3724
f 3580 3620 3542
f 3632 3631 3439
f 3566 3567 3725
f 3693 3593 3522
f 3522 3568 3693
f 3646 3583 3708
f 3583 3700 3708
f 3599 3598 9916
f 9916 3569 3599
f 3600 3599 3569
f 3441 3634 3650
f 3570 3634 3528
f 3613 3605 3709
f 3702 3605 3510
f 3534 3560 3687
f 3616 3687 3560
f 3586 3445 3606
f 3588 3606 3445
f 3607 3661 3576
f 3614 3557 3499
f 3652 3624 3573
f 3573 3532 3652
f 3585 3644 3574
f 3545 3636 3590
f 3591 3671 3637
f 3512 3639 3520
f 3723 3640 3487
f 3592 3723 3487
f 3521 3579 3733
f 3494 3495 3664
f 3631 3682 3495
f 3633 3641 3594
f 3583 3596 3700
f 3604 3600 3535
f 3551 3601 3527
f 3685 3587 3686
f 9617 3531 3502
f 3575 3679 3670
f 3626 3660 3588
f 3579 3602 3740
f 3602 3609 3740
f 3620 3541 3542
f 3682 3664 3495
f 3550 3526 3648
f 3526 3601 3648
f 3767 3709 3605
f 3757 3559 3530
f 3530 3694 3757
f 3721 3652 3532
f 3687 3659 3534
f 3606 3588 3660
f 3654 3661 3607
f 3629 3520 3689
f 3638 3689 3520
f 3656 3674 3541
f 3720 3632 3565
f 3595 3621 3642
f 3599 3597 3598
f 3767 3605 3702
f 3557 3614 3669
f 3614 3572 3703
f 3670 3679 3696
f 3615 3748 3779
f 3659 3645 3534
f 3589 3654 3607
f 3627 3636 3655
f 3628 3636 3545
f 3689 3672 3629
f 3690 3639 3563
f 3563 3564 3690
f 3547 3724 3705
f 3618 3603 3715
f 3741 3548 3619
f 3619 3674 3741
f 3541 3620 3716
f 3682 3631 3630
f 3642 3621 3646
f 3708 3700 3699
f 3552 3613 3677
f 3657 3554 3728
f 3554 3558 3658
f 3635 3686 3587
f 3729 3694 3531
f 3531 9617 3729
f 3652 9616 3624
f 3661 3660 3626
f 3520 3639 3638
f 3609 3610 3809
f 3494 3664 3752
f 3631 3632 3683
f 3743 3566 3707
f 3596 3597 3665
f 3666 3599 3600
f 3600 3604 3666
f 3622 3623 3647
f 3550 3647 3623
f 3651 3668 3612
f 3612 3552 3651
f 3557 3669 3702
f 3644 3575 3653
f 3687 3616 3697
f 3655 3654 3589
f 3589 3627 3655
f 3628 3771 3636
f 3671 3608 3819
f 3723 3564 3640
f 3663 3547 3681
f 3705 3681 3547
f 3733 3739 3521
f 3740 3673 3579
f 3716 3656 3541
f 3580 9571 3620
f 3717 3620 9571
f 3675 3717 3582
f 3683 3630 3631
f 3684 3720 3565
f 3593 3725 3567
f 3595 3642 3735
f 3700 3596 3665
f 3597 3599 3665
f 3667 3622 3647
f 3611 3643 3800
f 3441 3800 3643
f 3709 3677 3613
f 3657 3703 3572
f 3685 3658 3558
f 3679 3615 3779
f 3460 3722 3738
f 3711 3645 3659
f 3660 3712 3606
f 3759 3690 3564
f 3739 3724 3521
f 3809 3610 3773
f 3707 3566 3692
f 3744 3708 3699
f 3667 3604 3622
f 3648 3754 3550
f 3649 3611 3800
f 3570 3650 3634
f 3584 3668 3676
f 3614 3745 3669
f 3635 3704 3686
f 3653 3575 3678
f 3678 3575 3670
f 3697 3616 3712
f 3616 3606 3712
f 3771 3655 3636
f 3714 3628 3637
f 3637 3671 3714
f 3706 3603 3548
f 3548 3741 3706
f 3620 3717 3761
f 3752 3675 3494
f 3683 3632 3719
f 3720 3719 3632
f 3566 3725 3692
f 3726 3641 3633
f 3667 3647 3753
f 3647 3550 3754
f 3676 3571 3584
f 3668 3651 3766
f 3745 3614 3803
f 3559 3704 3635
f 3738 3748 3460
f 3780 3722 3625
f 3660 3661 3688
f 3661 3654 3688
f 3608 3617 3680
f 3732 3617 3662
f 3698 3732 3662
f 3672 3698 3629
f 3639 3690 3638
f 3723 3592 3856
f 3663 3856 3592
f 3673 3733 3579
f 3809 3740 3609
f 3762 3726 3633
f 3633 3595 3762
f 3595 3735 3762
f 3735 3642 3646
f 3599 3736 3665
f 3552 3677 3651
f 3645 3780 3625
f 3645 3711 3780
f 3819 3714 3671
f 3750 3773 3610
f 3610 3618 3750
f 3741 3674 3656
f 3716 3691 3656
f 3752 3664 3774
f 3666 3736 3599
f 3765 3666 3604
f 3604 3667 3765
f 3703 3803 3614
f 3652 3721 3695
f 3721 3574 3746
f 3722 3780 3804
f 3712 3660 3730
f 3714 3771 3628
f 3732 3698 3772
f 3783 3772 3698
f 3618 3715 3760
f 3664 3682 3774
f 3630 3774 3682
f 3683 3719 3630
f 3800 3441 3650
f 3554 3710 3728
f 3554 3658 3710
f 3757 3704 3559
f 3794 3729 9617
f 3795 3794 9616
f 3652 3795 9616
f 3818 3644 3653
f 3678 3818 3653
f 3660 3688 3730
f 3713 3730 3688
f 3856 3663 3681
f 3760 3750 3618
f 3706 3715 3603
f 3717 3675 3718
f 3707 3775 3743
f 3708 3735 3646
f 3676 3668 3766
f 3727 3703 3657
f 3657 3728 3727
f 3729 3757 3694
f 3574 3644 3747
f 3679 3737 3696
f 3781 3711 3659
f 3655 3771 3713
f 3819 3608 3731
f 3680 3731 3608
f 3672 3783 3698
f 3733 3673 3840
f 3742 3718 3675
f 3742 3675 3752
f 3725 3593 3811
f 3693 3811 3593
f 3764 3744 3699
f 3699 3700 3764
f 3701 3765 3667
f 3753 3701 3667
f 3753 3647 3822
f 3754 3822 3647
f 3650 3570 3801
f 3570 3571 3755
f 3651 3677 3793
f 3710 3658 3756
f 3658 3685 3756
f 3685 3686 3756
f 3850 3756 3686
f 3686 3704 3850
f 3574 3747 3746
f 3697 3781 3659
f 3659 3687 3697
f 3564 3723 3759
f 3706 3741 3830
f 3601 3551 3786
f 3649 3786 3551
f 3891 3801 3570
f 3755 3891 3570
f 3676 3755 3571
f 3709 3793 3677
f 3767 3702 3787
f 3757 3729 3827
f 3729 3794 3788
f 3818 3747 3644
f 3711 3781 3838
f 3697 3712 3758
f 3730 3758 3712
f 3732 3680 3617
f 3807 3681 3705
f 3715 3706 3760
f 3734 3691 3716
f 3751 3734 3716
f 3620 3751 3716
f 3620 3761 3751
f 3791 3761 3717
f 3718 3791 3717
f 3720 3684 3862
f 3684 3743 3862
f 3798 3735 3708
f 3708 3744 3798
f 3700 3665 3764
f 3702 3669 3825
f 3745 3825 3669
f 3727 3803 3703
f 3850 3704 3768
f 3746 3695 3721
f 3779 3737 3679
f 3782 3713 3771
f 3749 3690 3759
f 3723 3856 3759
f 3884 3705 3724
f 3724 3739 3884
f 3811 3810 3725
f 3843 3811 3693
f 3736 3764 3665
f 3836 3648 3601
f 3800 3786 3649
f 3815 3755 3676
f 3802 3793 3709
f 3704 3757 3769
f 3788 3827 3729
f 3670 3818 3678
f 3730 3713 3770
f 3782 3770 3713
f 3741 3656 3820
f 3774 3630 3859
f 3744 3764 3812
f 3701 3753 3799
f 3836 3601 3932
f 3793 3792 3651
f 3787 3702 3825
f 3756 3845 3710
f 3778 3818 3670
f 3696 3778 3670
f 3714 3819 3771
f 3691 3820 3656
f 3821 3719 3720
f 3842 3775 3707
f 3707 3692 3842
f 3692 3725 3833
f 3833 3725 3810
f 3736 3666 3813
f 3765 3813 3666
f 3767 3802 3709
f 3825 3745 3849
f 3873 3745 3803
f 3728 3710 3826
f 3769 3768 3704
f 3777 3795 3652
f 3652 3695 3777
f 3731 3680 3882
f 3672 3689 3783
f 3749 3638 3690
f 3807 3705 3789
f 3840 3739 3733
f 3840 3673 3808
f 3752 3774 3832
f 3863 3843 3693
f 3693 3568 3863
f 3763 3762 3735
f 3798 3763 3735
f 3764 3736 3776
f 3813 3776 3736
f 3765 3701 3848
f 3799 3848 3701
f 3822 3754 3814
f 3792 3766 3651
f 3727 3728 3826
f 3827 3769 3757
f 3737 3829 3696
f 3838 3805 3711
f 3782 3771 3854
f 3732 3772 3847
f 3749 3759 3866
f 3673 3740 3808
f 3809 3808 3740
f 3830 3760 3706
f 3691 3734 3784
f 3742 3791 3718
f 3742 3752 3797
f 3862 3743 3785
f 3775 3785 3743
f 3813 3765 3835
f 3648 3836 3814
f 3786 3932 3601
f 3676 3766 3823
f 3766 3792 3823
f 3844 3802 3767
f 3767 3787 3844
f 3849 3745 3873
f 3788 3794 3828
f 3747 3881 3746
f 3829 3737 3852
f 3779 3748 3877
f 3738 3877 3748
f 3781 3697 3806
f 3730 3770 3796
f 3771 3819 3854
f 3882 3680 3855
f 3866 3879 3749
f 3856 3681 3867
f 3681 3807 3867
f 3705 3884 3789
f 3773 3750 3914
f 3841 3750 3760
f 3862 3821 3720
f 3799 3753 3822
f 3754 3648 3814
f 3800 3650 4000
f 3920 4000 3650
f 3650 3801 3920
f 3676 3823 3815
f 3873 3803 3817
f 3837 3778 3696
f 3829 3837 3696
f 3877 3738 3864
f 3861 3758 3730
f 3730 3796 3861
f 3759 3856 3866
f 3741 3820 3830
f 3691 3784 3820
f 3790 3784 3734
f 3831 3790 3751
f 3791 3831 3761
f 3832 3797 3752
f 3774 3859 3947
f 3719 3859 3630
f 3955 3568 3641
f 3641 3726 3955
f 3918 3812 3764
f 3764 3776 3918
f 3765 3848 3835
f 3793 3816 3792
f 3802 3824 3793
f 3845 3826 3710
f 3894 3852 3737
f 3737 3779 3894
f 3806 3697 3758
f 3846 3796 3770
f 3770 3782 3846
f 3854 3846 3782
f 3882 3819 3731
f 3680 3732 3847
f 3689 3638 3878
f 3749 3878 3638
f 3841 3914 3750
f 3831 3751 3761
f 3812 3798 3744
f 3799 3822 3889
f 3755 3815 3892
f 3816 3823 3792
f 3816 3793 3824
f 3802 3844 3860
f 3894 3779 3895
f 3877 3895 3779
f 3738 3722 3864
f 3722 3804 3864
f 3805 3780 3711
f 3805 3838 3959
f 3847 3855 3680
f 3783 3689 3878
f 3809 3773 3945
f 3830 3820 3857
f 3832 3774 3947
f 3776 3834 3918
f 3848 3799 3888
f 3786 3800 3890
f 4000 3890 3800
f 3920 3801 3891
f 3788 3828 3875
f 3970 3959 3838
f 3806 3758 3853
f 3865 3853 3758
f 3861 3865 3758
f 3839 3884 3739
f 3927 3840 3808
f 3808 3809 3885
f 3830 3841 3760
f 3830 3857 4007
f 3831 3791 3900
f 3869 3791 3742
f 3797 3869 3742
f 3568 3955 3863
f 3763 3798 3986
f 3918 3871 3812
f 3813 3834 3776
f 3888 3799 3889
f 3816 3824 3910
f 3802 3860 3824
f 3787 3825 3844
f 3817 3803 3967
f 3803 3727 3967
f 3826 3967 3727
f 3769 3827 3905
f 3827 3851 3905
f 3851 3827 3788
f 3788 3875 3851
f 3852 3912 3829
f 3879 3866 3898
f 3807 3789 3867
f 3868 3857 3820
f 3820 3784 3868
f 3901 3842 3692
f 3833 3901 3692
f 3823 3892 3815
f 3823 3816 3909
f 3849 3844 3825
f 3873 3817 3989
f 3893 3922 3826
f 3826 3845 3893
f 3695 3746 3968
f 3942 3864 3804
f 3805 3942 3804
f 3804 3780 3805
f 3908 3878 3749
f 3749 3879 3908
f 3739 3840 3839
f 3914 3945 3773
f 3832 3953 3797
f 3726 3762 3955
f 3870 3798 3812
f 3812 3871 3870
f 3835 3848 3872
f 3889 3822 3931
f 3814 3931 3822
f 3903 3823 3909
f 3910 3909 3816
f 3849 3860 3844
f 3845 3756 3904
f 3850 3904 3756
f 3876 3828 3795
f 3795 3777 3876
f 3968 3777 3695
f 3818 3778 3958
f 3924 3970 3838
f 3781 3806 3853
f 3853 3865 3896
f 3882 3854 3819
f 3847 3772 3951
f 3831 3858 3790
f 3887 4037 3719
f 3719 3821 3887
f 3997 3955 3762
f 3870 3986 3798
f 3967 3826 3922
f 3850 3768 3874
f 3876 3875 3828
f 3846 3854 3913
f 3783 3883 3772
f 3840 3880 3839
f 3945 3885 3809
f 3858 3868 3784
f 3859 3719 4037
f 3810 3811 3843
f 3762 3763 3997
f 3986 3997 3763
f 3933 3920 3891
f 3892 3823 3903
f 3860 3910 3824
f 3845 3904 3893
f 3905 3768 3769
f 3818 3958 3747
f 3838 3781 3924
f 3853 3924 3781
f 3854 3882 3943
f 3883 3951 3772
f 3926 3866 3856
f 3867 3789 3899
f 3880 3840 3927
f 3858 3831 3886
f 3831 3900 3886
f 3869 3900 3791
f 3775 3842 3985
f 3872 3813 3835
f 3932 3786 3919
f 3873 3921 3849
f 3989 3817 3966
f 3907 3876 3777
f 3746 3881 3968
f 3912 3837 3829
f 3861 3796 3897
f 3796 3846 3897
f 3913 3897 3846
f 3882 3855 3936
f 3855 3847 3944
f 3884 4043 3789
f 3928 3914 3841
f 3841 3830 3928
f 4007 3928 3830
f 3960 3886 3900
f 3821 3862 3961
f 3842 3901 3985
f 3833 3810 3954
f 3863 3955 3939
f 3870 3871 3917
f 3872 3834 3813
f 3963 3872 3848
f 3888 3963 3848
f 3910 3860 3911
f 3941 3911 3860
f 3935 3905 3851
f 3837 3958 3778
f 3943 3913 3854
f 3936 3855 3944
f 3925 3883 3783
f 3783 3878 3925
f 3908 3925 3878
f 3885 3927 3808
f 3915 4007 3857
f 3937 3900 3869
f 3887 3821 3961
f 3871 3918 3902
f 3931 3814 3948
f 3860 3849 3941
f 3921 3941 3849
f 3921 3873 3989
f 3905 3874 3768
f 3896 3924 3853
f 3897 3865 3861
f 3879 3898 3908
f 3926 3856 3978
f 3856 3867 3978
f 3899 3978 3867
f 4043 3899 3789
f 3839 3880 4006
f 3901 3833 3954
f 3902 3917 3871
f 3872 3956 3834
f 3904 3850 3975
f 3850 3874 3975
f 3875 3935 3851
f 3907 3923 3876
f 3968 3907 3777
f 4012 3881 3747
f 3837 3912 4021
f 3896 3865 3977
f 3944 3847 4031
f 3951 4031 3847
f 3952 3915 3857
f 3857 3868 3952
f 3858 3886 3916
f 3938 3937 3869
f 3929 3961 3862
f 3785 3929 3862
f 3810 3843 3930
f 3956 3918 3834
f 3963 3888 3957
f 3889 3957 3888
f 3814 3836 3948
f 3891 3755 3933
f 3940 3933 3755
f 3755 3892 3940
f 3903 3965 3892
f 3817 3967 3966
f 3935 3875 3906
f 3881 4012 3969
f 3747 3958 4012
f 3852 3894 4093
f 3895 4093 3894
f 3936 3943 3882
f 4043 4042 3899
f 4014 3884 3839
f 3945 3914 3983
f 3937 3960 3900
f 3797 3938 3869
f 3953 3938 3797
f 3947 3953 3832
f 3947 3859 4037
f 3980 3929 3785
f 3785 3775 3980
f 3985 3980 3775
f 3954 3810 3930
f 4008 3986 3870
f 3956 3902 3918
f 3965 3903 3972
f 3949 3972 3903
f 3909 3949 3903
f 3969 3968 3881
f 3959 3970 3993
f 3865 3897 3977
f 3866 3926 3898
f 3880 3927 3996
f 4037 3979 3947
f 4055 3870 3917
f 3964 3889 3931
f 3940 3892 4009
f 3965 4009 3892
f 3910 3949 3909
f 3910 3911 3973
f 3934 3973 3911
f 3874 3905 4011
f 3905 3935 4011
f 4004 4021 3912
f 3982 4004 3912
f 3852 3982 3912
f 3959 3942 3805
f 3976 3924 3896
f 4042 3978 3899
f 4014 4043 3884
f 3932 3948 3836
f 3987 3919 3786
f 3786 3890 3987
f 4009 3933 3940
f 3910 3973 3949
f 3893 3904 3974
f 3975 3974 3904
f 4030 3994 3943
f 3914 3928 4033
f 3868 3858 3984
f 3916 3984 3858
f 3890 4000 3987
f 4000 3920 4114
f 3975 3874 3950
f 4011 3950 3874
f 4027 3864 3942
f 3976 3896 3977
f 3897 3913 4029
f 3943 3994 3913
f 3883 3925 3995
f 4044 3952 3868
f 3868 3984 4044
f 3886 3960 3916
f 3938 3953 3946
f 3843 3863 3930
f 3963 3971 3872
f 3932 3919 3999
f 3919 3987 3999
f 3933 4114 3920
f 3934 3941 3988
f 3941 4010 3988
f 4010 3941 3921
f 4057 3989 3966
f 3958 3837 3992
f 4021 3992 3837
f 3942 3959 4027
f 3936 4030 3943
f 4006 4014 3839
f 3996 4006 3880
f 3983 3885 3945
f 3946 3953 4025
f 3953 3947 4015
f 3979 4015 3947
f 3962 3954 3930
f 4113 4008 3870
f 3870 4055 4113
f 3902 3956 4017
f 3971 3956 3872
f 3964 3957 3889
f 3998 3964 3931
f 3931 3948 3998
f 3967 3922 4018
f 4005 3993 3970
f 4033 3983 3914
f 3971 3963 4026
f 3963 3957 4026
f 4114 3933 4064
f 4001 3973 3934
f 3934 3988 4001
f 3935 3906 4067
f 3923 3907 4003
f 3968 3969 3991
f 4020 4012 3958
f 3877 3864 4155
f 3977 3897 4029
f 3913 3994 4029
f 4013 3995 3925
f 3928 4007 4024
f 4015 4025 3953
f 3979 4037 4016
f 3961 3929 4075
f 3954 3985 3901
f 3998 4099 3964
f 4071 3966 3967
f 3967 4018 4071
f 4002 3922 3893
f 3893 3974 4002
f 3990 3974 3975
f 3981 3991 3969
f 3969 4012 3981
f 4093 3982 3852
f 3970 3924 4005
f 3924 3976 4005
f 4059 4022 3977
f 4030 3936 4023
f 3944 4023 3936
f 3883 4178 3951
f 3995 4060 3883
f 3983 3927 3885
f 4024 4033 3928
f 4134 4044 3984
f 3960 4045 3916
f 3960 3937 4070
f 4037 3887 4053
f 3961 4053 3887
f 4017 3917 3902
f 4062 3998 3948
f 4056 4064 3933
f 3933 4009 4056
f 4010 3921 4066
f 3922 4002 4018
f 4020 3958 3992
f 3993 4027 3959
f 3976 3977 4022
f 3944 4031 4023
f 4178 4031 3951
f 3925 3908 4013
f 4107 3996 3927
f 4034 4024 4007
f 4035 4007 3915
f 3937 3938 4109
f 3961 4075 4053
f 4038 3929 3980
f 3980 3985 4038
f 4039 4026 3957
f 3948 3932 4062
f 3999 4062 3932
f 3949 3973 4065
f 3921 3989 4032
f 4002 3974 3990
f 4011 3935 4067
f 4003 3907 4041
f 4041 3907 3968
f 3968 3991 4041
f 4027 3993 4028
f 4029 4059 3977
f 4006 3996 4085
f 4036 3915 3952
f 3984 3916 4134
f 3946 4109 3938
f 3997 3986 4008
f 3964 4039 3957
f 3972 3949 4079
f 3949 4065 4079
f 4032 4066 3921
f 3950 4011 4139
f 4093 3895 4083
f 3877 4083 3895
f 4084 4029 3994
f 3996 4107 4141
f 4046 3960 4070
f 4047 3985 3954
f 3954 3962 4047
f 4054 3962 3930
f 3930 3863 4097
f 3939 4097 3863
f 3939 3955 4098
f 3998 4062 4078
f 4009 3965 4103
f 3965 3972 4103
f 4079 4103 3972
f 4001 3988 4080
f 4072 3990 3975
f 3975 3950 4072
f 3981 4012 4154
f 4083 3877 4130
f 4155 4130 3877
f 3976 4022 4005
f 4118 4005 4022
f 4084 3994 4105
f 4007 4035 4034
f 4044 4036 3952
f 4016 4015 3979
f 4097 4054 3930
f 4048 4098 3955
f 3955 3997 4048
f 4008 4113 4112
f 4017 4055 3917
f 4017 3956 3971
f 4078 4099 3998
f 3987 4000 4101
f 4040 4056 4009
f 4155 3864 4131
f 4027 4131 3864
f 3995 4013 4051
f 4014 4006 4106
f 4086 3927 3983
f 3937 4109 4070
f 4038 4120 3929
f 4096 4047 3962
f 4111 4048 3997
f 4008 4111 3997
f 4063 4101 4000
f 4114 4063 4000
f 4057 4032 3989
f 4071 4057 3966
f 4041 4058 4003
f 4030 4105 3994
f 4051 4060 3995
f 4013 3908 4074
f 3996 4141 4085
f 3927 4086 4107
f 3915 4036 4035
f 4046 4045 3960
f 4075 3929 4120
f 4098 4097 3939
f 4124 4040 4009
f 4103 4124 4009
f 4019 4139 4011
f 4067 4003 4068
f 4049 4041 3991
f 3981 4049 3991
f 4027 4028 4131
f 4145 4028 3993
f 3993 4005 4145
f 4059 4118 4022
f 4023 4031 4133
f 4178 4133 4031
f 3926 3978 4069
f 3978 4042 4069
f 4106 4043 4014
f 4033 4024 4061
f 3985 4047 4038
f 4026 4039 4077
f 4089 3988 4010
f 4010 4066 4089
f 4071 4018 4189
f 4138 4189 4018
f 4067 4019 4011
f 4058 4068 4003
f 4050 4145 4005
f 4005 4157 4050
f 4118 4157 4005
f 4105 4030 4073
f 4074 3908 3898
f 3898 3926 4074
f 4069 4074 3926
f 3983 4033 4061
f 3946 4025 4109
f 4109 4025 4052
f 4025 4015 4052
f 3962 4054 4214
f 4122 4054 4097
f 3971 4026 4077
f 4101 3999 3987
f 4080 3973 4001
f 3988 4089 4115
f 4002 4072 4081
f 4072 3950 4165
f 4139 4165 3950
f 4049 4058 4041
f 4012 4020 4129
f 4116 3992 4021
f 4021 4004 4116
f 3982 4117 4004
f 4118 4059 4168
f 4084 4059 4029
f 4030 4023 4073
f 4042 4043 4269
f 4061 4086 3983
f 4034 4061 4024
f 4015 4016 4095
f 4175 4113 4055
f 4077 4017 3971
f 4078 4062 4100
f 4080 3988 4115
f 4091 4066 4032
f 4032 4057 4091
f 4018 4002 4126
f 4081 4126 4002
f 4067 4184 4019
f 4020 3992 4167
f 4093 4092 3982
f 4084 4105 4190
f 4060 4178 3883
f 4094 4134 3916
f 4110 4015 4095
f 4053 4095 4016
f 4016 4037 4053
f 4038 4047 4076
f 4071 4091 4057
f 4152 4081 4072
f 4058 4049 4082
f 4129 4154 4012
f 4070 4142 4046
f 4214 4096 3962
f 4112 4111 4008
f 4055 4017 4175
f 4087 4077 4039
f 4039 3964 4088
f 4099 4088 3964
f 4101 4163 3999
f 4149 4114 4064
f 4064 4056 4149
f 4102 4056 4040
f 4079 4065 4104
f 4065 3973 4104
f 4080 4104 3973
f 4126 4138 4018
f 4082 4049 4128
f 4049 3981 4128
f 4268 4116 4004
f 4117 4268 4004
f 4028 4145 4131
f 4179 4269 4043
f 4141 4180 4085
f 4044 4134 4036
f 4108 4142 4070
f 4109 4108 4070
f 4076 4120 4038
f 4121 4076 4047
f 4047 4096 4121
f 4222 4214 4054
f 4098 4048 4136
f 4111 4136 4048
f 4039 4088 4087
f 4091 4071 4125
f 4152 4072 4165
f 4058 4082 4204
f 3981 4154 4153
f 4117 3982 4092
f 4051 4160 4060
f 4074 4051 4013
f 4069 4042 4140
f 4106 4179 4043
f 4006 4085 4209
f 4061 4034 4210
f 4222 4054 4122
f 4100 4187 4078
f 4100 4062 3999
f 4102 4123 4056
f 4164 4104 4080
f 4090 4089 4066
f 4189 4125 4071
f 4128 3981 4153
f 4059 4084 4132
f 4190 4132 4084
f 4178 4060 4185
f 4185 4060 4160
f 4119 4074 4069
f 4269 4140 4042
f 4209 4106 4006
f 4180 4209 4085
f 4094 4045 4171
f 4045 4046 4171
f 4142 4171 4046
f 4052 4015 4110
f 4124 4181 4040
f 4066 4091 4090
f 4196 4115 4089
f 4089 4090 4196
f 4146 4090 4091
f 4068 4058 4127
f 4204 4127 4058
f 4050 4157 4148
f 4132 4168 4059
f 4113 4175 4174
f 4017 4077 4223
f 4143 4223 4077
f 4187 4099 4078
f 4063 4226 4101
f 4123 4149 4056
f 4124 4103 4137
f 4103 4079 4150
f 4091 4125 4146
f 4152 4126 4081
f 4167 4129 4020
f 3992 4116 4167
f 4159 4190 4105
f 4105 4073 4159
f 4133 4073 4023
f 4051 4074 4119
f 4141 4107 4169
f 4053 4075 4135
f 4120 4135 4075
f 4193 4121 4096
f 4096 4214 4193
f 4111 4112 4215
f 4194 4215 4112
f 4112 4113 4194
f 4174 4194 4113
f 4188 4100 3999
f 4163 4188 3999
f 4149 4063 4114
f 4115 4164 4080
f 4189 4151 4125
f 4184 4067 4250
f 4147 4250 4067
f 4127 4147 4068
f 4116 4268 4198
f 4092 4310 4117
f 4177 4157 4118
f 4168 4177 4118
f 4170 4278 4134
f 4094 4170 4134
f 4095 4053 4201
f 4097 4098 4173
f 4136 4173 4098
f 4175 4017 4195
f 4087 4143 4077
f 4088 4099 4144
f 4187 4144 4099
f 4226 4163 4101
f 4150 4079 4104
f 4146 4125 4151
f 4082 4128 4166
f 4198 4167 4116
f 4093 4083 4233
f 4234 4233 4083
f 4083 4130 4234
f 4155 4234 4130
f 4119 4160 4051
f 4119 4069 4140
f 4162 4179 4106
f 4171 4170 4094
f 4240 4076 4121
f 4122 4097 4279
f 4173 4279 4097
f 4136 4111 4215
f 4181 4102 4040
f 4150 4137 4103
f 4189 4138 4249
f 4166 4128 4197
f 4233 4092 4093
f 4155 4131 4156
f 4131 4145 4156
f 4205 4156 4145
f 4141 4169 4270
f 4107 4086 4169
f 4108 4109 4261
f 4135 4201 4053
f 4192 4135 4120
f 4120 4076 4192
f 4195 4017 4223
f 4090 4146 4264
f 4139 4203 4165
f 4139 4019 4329
f 4184 4329 4019
f 4153 4197 4128
f 4145 4050 4148
f 4157 4177 4199
f 4132 4190 4158
f 4185 4160 4208
f 4161 4160 4119
f 4106 4209 4162
f 4270 4180 4141
f 4278 4036 4134
f 4171 4142 4172
f 4212 4172 4142
f 4142 4108 4212
f 4191 4052 4110
f 4095 4191 4110
f 4095 4201 4186
f 4264 4196 4090
f 4183 4264 4146
f 4152 4266 4126
f 4152 4165 4230
f 4168 4132 4207
f 4159 4236 4190
f 4159 4073 4244
f 4133 4244 4073
f 4219 4119 4140
f 4140 4269 4219
f 4052 4261 4109
f 4076 4240 4192
f 4173 4136 4263
f 4137 4150 4182
f 4126 4266 4217
f 4230 4266 4152
f 4197 4153 4176
f 4153 4154 4176
f 4154 4129 4176
f 4148 4205 4145
f 4148 4157 4199
f 4207 4206 4168
f 4158 4207 4132
f 4180 4270 4260
f 4175 4195 4273
f 4217 4138 4126
f 4165 4203 4230
f 4166 4289 4082
f 4197 4276 4166
f 4092 4233 4232
f 4206 4177 4168
f 4244 4236 4159
f 4180 4260 4209
f 4220 4086 4061
f 4061 4210 4220
f 4300 4210 4034
f 4300 4034 4035
f 4172 4212 4200
f 4221 4240 4121
f 4193 4221 4121
f 4174 4175 4313
f 4273 4313 4175
f 4241 4143 4087
f 4246 4241 4087
f 4087 4088 4246
f 4224 4246 4088
f 4088 4144 4224
f 4137 4182 4247
f 4217 4249 4138
f 4329 4203 4139
f 4289 4166 4276
f 4304 4234 4155
f 4155 4156 4304
f 4185 4208 4341
f 4238 4208 4160
f 4160 4161 4238
f 4219 4161 4119
f 4035 4036 4211
f 4172 4239 4171
f 4261 4212 4108
f 4252 4052 4191
f 4149 4216 4063
f 4149 4123 4227
f 4287 4254 4102
f 4102 4181 4287
f 4124 4137 4255
f 4247 4255 4137
f 4164 4115 4288
f 4151 4183 4146
f 4127 4243 4147
f 4258 4176 4129
f 4129 4167 4258
f 4199 4177 4206
f 4133 4178 4237
f 4291 4169 4086
f 4220 4291 4086
f 4251 4170 4171
f 4171 4239 4251
f 4172 4200 4239
f 4201 4213 4186
f 4313 4194 4174
f 4144 4187 4225
f 4307 4225 4187
f 4187 4100 4307
f 4163 4202 4188
f 4216 4226 4063
f 4115 4196 4288
f 4151 4189 4249
f 4167 4198 4231
f 4205 4148 4297
f 4158 4190 4218
f 4178 4185 4341
f 4211 4300 4035
f 4214 4222 4352
f 4194 4313 4365
f 4273 4195 4325
f 4223 4325 4195
f 4242 4307 4100
f 4188 4242 4100
f 4216 4149 4227
f 4254 4123 4102
f 4255 4287 4181
f 4181 4124 4255
f 4288 4196 4248
f 4264 4248 4196
f 4329 4184 9675
f 4250 9675 4184
f 4204 4082 4267
f 4289 4267 4082
f 4231 4258 4167
f 4234 4304 4339
f 4218 4190 4235
f 4269 4179 4281
f 4179 4162 4281
f 4282 4162 4209
f 4210 4300 4292
f 4200 4212 4284
f 4186 4191 4095
f 4275 4254 4287
f 4104 4164 4228
f 4183 4151 4256
f 4229 4265 4151
f 4151 4249 4229
f 4199 4297 4148
f 4236 4235 4190
f 4292 4220 4210
f 4284 4239 4200
f 4261 4052 4252
f 4262 4135 4192
f 4192 4240 4262
f 4352 4193 4214
f 4272 4222 4122
f 4279 4272 4122
f 4365 4215 4194
f 4223 4143 4245
f 4202 4242 4188
f 4226 4216 4274
f 4247 4182 4295
f 4104 4182 4150
f 4219 4269 4311
f 4320 4311 4269
f 4209 4260 4282
f 4278 4211 4036
f 4186 4213 4323
f 4135 4213 4201
f 4313 4273 4302
f 4254 4227 4123
f 4264 4183 4296
f 4256 4151 4265
f 4276 4197 4257
f 4310 4092 4232
f 4156 4205 4304
f 4297 4304 4205
f 4299 4206 4207
f 4207 4218 4299
f 4244 4340 4236
f 4343 4270 4169
f 4278 4170 4318
f 4284 4251 4239
f 4284 4212 4261
f 4285 4262 4240
f 4301 4240 4221
f 4263 4136 4253
f 4136 4215 4253
f 4215 4365 4253
f 4241 4245 4143
f 4144 4225 4286
f 4289 4276 4379
f 4233 4234 4319
f 4298 4297 4199
f 4259 4199 4206
f 4235 4236 4305
f 4300 4211 4271
f 4170 4251 9589
f 4191 4186 4322
f 4186 4323 4322
f 4280 4229 4249
f 4280 4249 4217
f 4395 4204 4267
f 4303 4231 4198
f 4244 4133 4237
f 4237 4178 4341
f 4283 4291 4220
f 4170 9589 4318
f 4279 4173 4372
f 4263 4372 4173
f 4241 4246 4373
f 4163 4226 4274
f 4228 4164 4361
f 4164 4288 4361
f 4296 4183 4256
f 4127 4204 4395
f 4339 4319 4234
f 4304 4297 4290
f 4299 4218 4277
f 4218 4235 4277
f 4270 4343 4348
f 4349 4169 4291
f 4252 4334 4261
f 4322 4252 4191
f 4301 4285 4240
f 4307 4374 4225
f 4228 4182 4104
f 4288 4248 4308
f 4248 4264 4296
f 4309 4217 4266
f 4230 4309 4266
f 4232 4233 4319
f 4199 4259 4298
f 4206 4299 4259
f 4269 4281 4320
f 4312 4271 4211
f 4261 4321 4284
f 4213 4135 4345
f 4352 4222 4388
f 4272 4388 4222
f 4294 4325 4223
f 4223 4245 4294
f 4373 4245 4241
f 4202 4163 4274
f 4254 4275 4360
f 4182 4228 4314
f 4328 4280 4217
f 4243 4127 4362
f 4395 4362 4127
f 4231 4303 4338
f 4198 4268 4303
f 4346 4290 4297
f 4237 4340 4244
f 4278 4318 4350
f 4293 9589 4251
f 4251 4284 4293
f 4334 4321 4261
f 4193 4301 4221
f 4272 4279 4337
f 4372 4337 4279
f 4372 4263 4413
f 4373 4367 4245
f 4224 4144 4286
f 4360 4227 4254
f 4377 4256 4265
f 4329 9675 9674
f 4289 4330 4267
f 4268 4117 4331
f 4317 4298 4259
f 4347 4238 4161
f 4282 4281 4162
f 4260 4270 4358
f 4349 4343 4169
f 4410 4349 4291
f 4193 4352 4336
f 4413 4263 4393
f 4253 4393 4263
f 4313 4302 4366
f 4225 4374 4394
f 4202 4432 4242
f 4361 4375 4228
f 4288 4308 4361
f 4217 4309 9579
f 4330 4289 4396
f 4379 4396 4289
f 4338 4176 4258
f 4258 4231 4338
f 4277 4235 4305
f 4342 4347 4311
f 4392 4320 4281
f 4282 4260 4358
f 4348 4358 4270
f 4291 4283 4410
f 4306 4283 4220
f 4220 4292 4306
f 4292 4300 4384
f 4211 4278 4312
f 4387 4252 4322
f 4274 4216 4326
f 4216 4227 4457
f 4360 4275 4390
f 4247 4295 4391
f 4308 4248 4376
f 4296 4376 4248
f 4280 4328 4327
f 4362 9676 4243
f 4330 4395 4267
f 4257 4379 4276
f 4331 4303 4268
f 4117 4310 4331
f 4297 4298 4346
f 4208 4238 4357
f 4281 4282 4490
f 4292 4384 4306
f 4271 4384 4300
f 4278 4350 4312
f 4412 4318 9589
f 4262 4285 4403
f 4285 4301 4364
f 4367 4294 4245
f 4286 4225 4394
f 4287 4255 4370
f 4399 4370 4255
f 4247 4399 4255
f 4295 4182 4434
f 4314 4434 4182
f 4228 4375 4315
f 4265 4229 4377
f 4280 4327 9599
f 9579 4328 4217
f 4230 4203 4316
f 4379 4257 4371
f 4423 4310 4232
f 4299 4277 4332
f 4305 4332 4277
f 4305 4236 4340
f 4490 4392 4281
f 4252 4335 4334
f 4135 4262 4345
f 4262 4403 4345
f 4246 4224 4389
f 4286 4389 4224
f 4242 4374 4307
f 4457 4326 4216
f 4314 4228 4315
f 4256 4377 4353
f 4316 9579 4309
f 4309 4230 4316
f 4423 4331 4310
f 4487 4423 4232
f 4320 4342 4311
f 4283 4306 4333
f 4318 4412 4350
f 4364 4193 4336
f 4227 4360 4457
f 4449 4275 4287
f 4370 4449 4287
f 4316 4203 4440
f 4329 4440 4203
f 4197 4371 4257
f 4303 4331 4354
f 4339 4304 4290
f 4298 4317 4346
f 4417 4317 4259
f 4259 4299 4417
f 4332 4417 4299
f 4344 9589 4293
f 4387 4335 4252
f 4324 4403 4285
f 4365 4393 4253
f 4367 4373 4368
f 4389 4373 4246
f 4399 4247 4391
f 9674 4440 4329
f 4354 4338 4303
f 4319 4339 4380
f 4332 4305 4402
f 4305 4340 4363
f 4381 4340 4237
f 4341 4208 4357
f 4333 4410 4283
f 4412 9589 4344
f 4321 4334 4386
f 4213 4398 4323
f 4364 4324 4285
f 4193 4364 4301
f 4366 4365 4313
f 4394 4369 4286
f 4456 4202 4274
f 4274 4326 4456
f 4353 4376 4296
f 4296 4256 4353
f 4328 9579 4438
f 4422 4354 4331
f 4319 4442 4232
f 4346 4401 4290
f 4417 4332 4356
f 4332 4402 4356
f 4446 4282 4358
f 4271 4312 4418
f 4336 4352 4430
f 4272 4337 4388
f 4373 4389 4431
f 4361 4308 4376
f 4438 4327 4328
f 4354 4400 4338
f 4232 4442 4487
f 4339 4290 4380
f 4346 4317 4397
f 4363 4402 4305
f 4381 4363 4340
f 4426 4357 4238
f 4238 4347 4426
f 4387 4322 4351
f 4322 4323 4398
f 4398 4213 4345
f 4325 4294 4273
f 4353 4377 4436
f 4378 4438 9579
f 4440 9674 9677
f 4396 4450 4330
f 4371 4197 4407
f 4197 4176 4407
f 4355 4422 4331
f 4401 4380 4290
f 4346 4397 4401
f 4317 4409 4397
f 4341 4382 4237
f 4347 4342 4426
f 4335 4386 4334
f 4352 4388 4359
f 4388 4337 4469
f 4432 4374 4242
f 4176 4338 4407
f 4381 4237 4382
f 4343 4349 4383
f 4271 4418 4384
f 4350 4418 4312
f 4398 4351 4322
f 4413 4393 4404
f 4458 4457 4360
f 4360 4390 4458
f 4391 4295 4434
f 4375 4361 4421
f 4436 4377 4405
f 9676 4362 4406
f 4441 4416 4379
f 4371 4441 4379
f 4331 4423 4355
f 4317 4417 4409
f 4392 4342 4320
f 4349 4410 4383
f 4385 4412 4344
f 4398 4345 4479
f 4368 4420 4367
f 4390 4275 4433
f 4338 4400 4407
f 4442 4319 4451
f 4408 4451 4319
f 4381 4425 4363
f 4382 4489 4381
f 4357 4426 4499
f 4348 4343 4383
f 4352 4359 4430
f 4448 4393 4365
f 4376 4353 4435
f 4377 9563 4405
f 9599 4327 9563
f 4395 4406 4362
f 4396 4379 4462
f 4416 4462 4379
f 4380 4408 4319
f 4401 4424 4380
f 4489 4425 4381
f 4341 4357 4382
f 4499 4382 4357
f 4383 4358 4348
f 4350 4412 4478
f 4386 4335 4428
f 4345 4403 4429
f 4359 4388 4469
f 4365 4366 4448
f 4503 4420 4368
f 4431 4389 4505
f 4286 4505 4389
f 4361 4376 4435
f 4438 4378 4460
f 4406 4395 4483
f 4483 4395 4330
f 4450 4483 4330
f 4408 4380 4463
f 4424 4463 4380
f 4401 4397 4443
f 4363 4445 4402
f 4475 4342 4392
f 4350 4478 4418
f 4345 4429 4479
f 4364 4336 4419
f 4431 4368 4373
f 4369 4505 4286
f 4374 4522 4394
f 4436 4435 4353
f 4327 4438 9563
f 4378 4316 4460
f 4316 4440 4439
f 4450 4396 4462
f 4397 4409 4443
f 4444 4417 4356
f 4356 4402 4444
f 4446 4490 4282
f 4411 4410 4333
f 4333 4306 4411
f 4447 4411 4306
f 4306 4384 4447
f 4335 4387 4466
f 4324 4468 4403
f 4364 4468 4324
f 4337 4372 4470
f 4520 4470 4372
f 4372 4413 4520
f 4453 4302 4273
f 4431 4503 4368
f 4369 4394 4522
f 4432 4202 4414
f 4456 4414 4202
f 4415 4433 4275
f 4275 4449 4415
f 4434 4314 4496
f 4315 4496 4314
f 4375 4421 4315
f 4435 4421 4361
f 4439 4460 4316
f 4409 4417 4488
f 4392 4490 4475
f 4428 4427 4386
f 4466 4387 4351
f 4351 4398 4452
f 4336 4430 4419
f 4469 4337 4470
f 4393 4448 4404
f 4273 4294 4453
f 4505 4454 4431
f 4523 4458 4390
f 4390 4433 4523
f 4400 4354 4422
f 4443 4424 4401
f 4564 4445 4363
f 4425 4564 4363
f 4411 4383 4410
f 4501 4478 4412
f 4412 4385 4501
f 4480 4468 4364
f 4364 4419 4480
f 4404 4520 4413
f 4522 4374 4506
f 4432 4506 4374
f 4436 4405 4437
f 9563 4438 4459
f 4423 4514 4355
f 4444 4402 4445
f 4490 4446 4540
f 4491 4446 4358
f 4491 4358 4383
f 4411 4464 4383
f 4428 4335 4466
f 4403 4468 4467
f 4419 4430 4519
f 4521 4453 4294
f 4522 4481 4369
f 4414 4455 4432
f 4545 4421 4435
f 4459 4437 4405
f 4498 4440 9596
f 4371 4407 4484
f 4400 4484 4407
f 4514 4422 4355
f 4516 4408 4463
f 4409 4488 4443
f 4426 4342 4475
f 4464 4491 4383
f 4466 4465 4428
f 4466 4351 4452
f 4467 4502 4429
f 4429 4403 4467
f 4505 4369 4481
f 4455 4506 4432
f 4613 4523 4433
f 4433 4415 4613
f 4391 4434 4507
f 4496 4507 4434
f 4460 4439 4510
f 4498 4510 4439
f 4439 4440 4498
f 4485 4484 4400
f 4400 4422 4485
f 4486 4485 4422
f 4487 4442 4515
f 4442 4451 4515
f 4451 4408 4516
f 4424 4443 4527
f 4417 4444 4488
f 4382 4499 4473
f 4474 4499 4426
f 4478 4492 4418
f 4494 4501 4385
f 4427 4428 4465
f 4404 4471 4520
f 4495 4448 4366
f 4366 4302 4495
f 4583 4415 4449
f 4370 4399 4534
f 4399 4391 4534
f 4545 4315 4421
f 4497 4546 4436
f 4436 4437 4497
f 4459 4438 4524
f 4483 4461 4406
f 4441 4371 4484
f 4514 4486 4422
f 4423 4487 4514
f 4411 4447 4476
f 4447 4384 4477
f 4479 4530 4398
f 4502 4479 4429
f 4560 4480 4419
f 4419 4519 4560
f 4552 4519 4430
f 4430 4359 4552
f 4532 4302 4453
f 4458 4523 4553
f 4507 4534 4391
f 4545 4482 4315
f 4524 4508 4459
f 4438 4460 4524
f 4510 4509 4460
f 4472 4416 4441
f 4484 4472 4441
f 4463 4424 4527
f 4547 4527 4443
f 4489 4382 4473
f 4475 4474 4426
f 4446 4491 4540
f 4500 4477 4384
f 4384 4418 4500
f 4418 4492 4500
f 4478 4501 4493
f 4465 4494 4427
f 4465 4466 4542
f 4466 4452 4530
f 4359 4469 4552
f 4453 4521 4573
f 4521 4294 4367
f 4367 4420 4521
f 4533 4521 4420
f 4503 4533 4420
f 4454 4503 4431
f 4457 4600 4326
f 4437 4459 4535
f 4508 4535 4459
f 4509 4524 4460
f 4483 4450 4512
f 4462 4512 4450
f 4462 4416 4472
f 4514 4487 4526
f 4443 4488 4538
f 4539 4488 4444
f 4445 4539 4444
f 4564 4557 4445
f 4540 4475 4490
f 4411 4518 4464
f 4476 4518 4411
f 4477 4476 4447
f 4492 4478 4493
f 4398 4530 4452
f 4530 4479 4502
f 4467 4468 4550
f 4532 4495 4302
f 4454 4504 4503
f 4544 4454 4505
f 4414 4456 4599
f 4456 4326 4600
f 4600 4457 4553
f 4457 4458 4553
f 4546 4545 4435
f 4435 4436 4546
f 4498 4461 4511
f 4483 4511 4461
f 4472 4512 4462
f 4472 4484 4513
f 4537 4513 4484
f 4484 4485 4537
f 4485 4486 4537
f 4487 4515 4526
f 4516 4515 4451
f 4547 4443 4538
f 4557 4539 4445
f 4473 4565 4489
f 4474 4528 4499
f 4475 4540 4568
f 4464 4518 4491
f 4466 4530 4542
f 4467 4550 4502
f 4532 4453 4573
f 4544 4504 4454
f 4510 4498 4525
f 4486 4514 4555
f 4488 4539 4538
f 4517 4540 4491
f 4518 4517 4491
f 4500 4492 4529
f 4493 4529 4492
f 4559 4493 4501
f 4494 4559 4501
f 4581 4469 4470
f 4470 4520 4581
f 4520 4471 4531
f 4448 4495 4610
f 4533 4503 4504
f 4505 4481 4544
f 4481 4522 4544
f 4415 4583 4613
f 4615 4315 4482
f 4509 4510 4536
f 4525 4536 4510
f 4498 4511 4525
f 4512 4511 4483
f 4512 4472 4513
f 4555 4537 4486
f 4558 4564 4425
f 4425 4489 4565
f 4499 4566 4473
f 4474 4475 4568
f 4494 4465 4569
f 4520 4531 4581
f 4506 4544 4522
f 4370 4534 4597
f 4507 4496 4601
f 4546 4598 4545
f 4437 4535 4497
f 4617 4508 4524
f 4554 4525 4511
f 4512 4554 4511
f 4514 4526 4555
f 4526 4515 4586
f 4516 4586 4515
f 4565 4558 4425
f 4528 4566 4499
f 4517 4576 4540
f 4518 4476 4549
f 4477 4656 4476
f 4477 4500 4577
f 4529 4577 4500
f 4569 4559 4494
f 4465 4542 4541
f 4530 4502 4571
f 4404 4448 4610
f 4543 4533 4504
f 4456 4600 4599
f 4597 4534 4584
f 4507 4584 4534
f 4601 4584 4507
f 4535 4508 4603
f 4524 4509 4644
f 4536 4644 4509
f 4586 4555 4526
f 4547 4538 4548
f 4538 4539 4563
f 4566 4565 4473
f 4568 4528 4474
f 4577 4656 4477
f 4529 4493 4578
f 4541 4569 4465
f 4570 4541 4542
f 4542 4530 4570
f 4530 4571 4570
f 4579 4502 4550
f 4550 4468 4551
f 4468 4480 4551
f 4560 4551 4480
f 4561 4552 4469
f 4469 4581 4561
f 4574 4533 4543
f 4543 4544 4562
f 4506 4562 4544
f 4449 4370 4597
f 4496 4315 4615
f 4598 4482 4545
f 4535 4603 4497
f 4617 4603 4508
f 4524 4644 4617
f 4537 4627 4513
f 4587 4516 4463
f 4556 4587 4463
f 4527 4556 4463
f 4527 4547 4556
f 4548 4556 4547
f 4628 4548 4538
f 4557 4563 4539
f 4568 4540 4576
f 4549 4622 4518
f 4578 4577 4529
f 4559 4578 4493
f 4560 4519 4572
f 4552 4572 4519
f 4404 4593 4471
f 4574 4521 4533
f 4562 4595 4543
f 4583 4449 4597
f 4602 4546 4497
f 4512 4513 4585
f 4604 4627 4537
f 4647 4604 4537
f 4537 4555 4647
f 4586 4516 4670
f 4670 4516 4587
f 4538 4563 4628
f 4557 4564 4589
f 4564 4558 4589
f 4517 4518 4621
f 4518 4622 4621
f 4656 4549 4476
f 4571 4502 4579
f 4591 4579 4550
f 4550 4551 4591
f 4572 4580 4560
f 4552 4561 4572
f 4593 4531 4471
f 4594 4573 4521
f 4521 4574 4594
f 4506 4582 4562
f 4599 4455 4414
f 4611 4553 4523
f 4615 4601 4496
f 4598 4615 4482
f 4602 4616 4546
f 4497 4603 4602
f 4536 4525 4618
f 4554 4625 4525
f 4627 4585 4513
f 4555 4586 4669
f 4556 4548 4575
f 4548 4628 4575
f 4589 4628 4563
f 4563 4557 4589
f 4605 4589 4558
f 4605 4558 4565
f 4565 4566 4606
f 4566 4528 4607
f 4567 4528 4568
f 4632 4567 4568
f 4568 4576 4632
f 4541 4608 4569
f 4580 4591 4551
f 4572 4561 4592
f 4561 4581 4592
f 4610 4593 4404
f 4543 4595 4574
f 4595 4562 4596
f 4613 4611 4523
f 4598 4546 4616
f 4618 4525 4625
f 4668 4646 4554
f 4554 4512 4668
f 4512 4585 4668
f 4587 4556 4588
f 4575 4588 4556
f 4606 4605 4565
f 4567 4607 4528
f 4576 4517 4649
f 4517 4621 4649
f 4559 4569 4608
f 4579 4591 4590
f 4531 4592 4581
f 9714 4596 4562
f 4562 4582 9714
f 4455 4582 4506
f 4647 4555 4669
f 4619 4669 4586
f 4586 4670 4619
f 4684 4628 4589
f 4605 4684 4589
f 4607 4606 4566
f 4567 4632 4631
f 4541 4570 4650
f 4570 4571 4657
f 4590 4571 4579
f 4652 4591 4580
f 4580 9598 4652
f 9715 9598 4592
f 4609 9715 4592
f 4592 4531 4609
f 4531 4593 4609
f 4636 4574 4595
f 4595 4596 4636
f 4614 4583 4597
f 4597 4584 4614
f 4615 4598 4677
f 4662 4603 4617
f 9714 4582 4455
f 4611 4613 4612
f 4584 4601 4643
f 4601 4615 4643
f 4616 4677 4598
f 4637 4616 4602
f 4602 4603 4637
f 4644 4536 4618
f 4625 4554 4646
f 4626 4668 4585
f 4585 4627 4626
f 4620 4588 4575
f 4575 4628 4620
f 4606 4684 4605
f 4606 4607 4629
f 4630 4629 4607
f 4607 4567 4630
f 4632 4576 4633
f 4648 4633 4576
f 4576 4649 4648
f 4622 4655 4621
f 4671 4656 4577
f 4577 4578 4671
f 4591 4651 4590
f 4609 4593 4623
f 4593 4610 4623
f 4624 4623 4610
f 4610 4495 4624
f 4495 4532 4624
f 4573 4624 4532
f 4638 4639 4680
f 9714 4455 9712
f 4641 9712 4455
f 4455 4599 4641
f 4600 4553 4660
f 4553 4611 4660
f 4611 4612 4660
f 4583 4614 9587
f 4677 4643 4615
f 4617 4644 4662
f 4588 4620 4683
f 4629 4721 4606
f 4578 4559 4685
f 4650 4608 4541
f 4650 4570 4657
f 4590 4657 4571
f 4698 4652 9598
f 4634 4698 9598
f 9598 9715 4634
f 4653 4634 9715
f 4623 4624 9713
f 4624 4573 4635
f 4594 4635 4573
f 4618 4625 4788
f 4645 4788 4625
f 4625 4646 4645
f 4627 4604 4626
f 4647 4626 4604
f 4683 4620 4736
f 4684 4620 4628
f 4721 4684 4606
f 4567 4631 4654
f 4632 4633 4631
f 4655 4649 4621
f 4578 4685 4694
f 4559 4608 4685
f 4739 4685 4608
f 4695 4739 4608
f 4652 4651 4591
f 4641 4599 4659
f 4661 4660 4612
f 4612 9587 4661
f 9587 4614 4642
f 4643 4642 4614
f 4614 4584 4643
f 4677 4616 4726
f 4678 4639 4638
f 4663 4678 4638
f 4666 9993 4681
f 4678 4702 4639
f 4640 4680 4688
f 4599 4600 4659
f 4660 4659 4600
f 4637 4726 4616
f 4662 4637 4603
f 4662 4644 4667
f 4692 4667 4644
f 4644 4618 4692
f 4788 4692 4618
f 4668 4626 4682
f 4619 4670 4796
f 4630 4567 4654
f 4656 4693 4549
f 4671 4578 4694
f 4650 4695 4608
f 4657 4740 4650
f 4672 4634 4653
f 4667 4700 4662
f 4626 4647 4706
f 4720 4706 4647
f 4647 4669 4720
f 4633 4648 4790
f 4622 4549 4722
f 4693 4722 4549
f 4723 4693 4656
f 4671 4723 4656
f 4671 4694 4738
f 4740 4657 4708
f 4696 4651 4652
f 4652 4698 4697
f 4673 4672 4653
f 9721 4659 4742
f 4675 4742 4659
f 4659 4660 4675
f 4676 4675 4660
f 4660 4661 4676
f 4642 4676 4661
f 4637 4662 4700
f 4702 9697 4639
f 4691 4678 4663
f 4663 4664 4691
f 4728 4691 4664
f 4679 4664 4663
f 4705 9993 4666
f 4668 4682 4734
f 4706 4682 4626
f 4670 4587 4796
f 4620 4684 4737
f 4633 4790 4631
f 4649 4655 4707
f 4655 4622 4722
f 4740 4695 4650
f 4768 4708 4657
f 4590 4768 4657
f 4697 4696 4652
f 4672 4673 4710
f 4673 9718 4752
f 9718 4674 4752
f 4686 4752 4674
f 4711 4686 4674
f 4674 4658 4711
f 4785 4711 4658
f 4658 9721 4785
f 4712 4785 9721
f 9721 4742 4712
f 4742 4675 4687
f 4699 4687 4675
f 4675 4676 4699
f 4676 4642 4725
f 4643 4725 4642
f 4643 4677 4725
f 4677 4713 4787
f 4677 4726 4713
f 4700 4754 4637
f 4802 4728 4664
f 4679 4780 4664
f 4688 4703 4640
f 4729 4688 4680
f 4680 4704 4729
f 4665 4717 4681
f 4705 4778 9993
f 4645 4646 4733
f 4789 4733 4646
f 4682 4706 4719
f 4588 4796 4587
f 4808 4588 4683
f 4629 4630 4759
f 4790 4654 4631
f 4707 4648 4649
f 4724 4694 4685
f 4685 4739 4750
f 4695 4740 4767
f 4798 4768 4590
f 4590 4651 4798
f 4751 4697 4698
f 4709 4698 4634
f 4754 4726 4637
f 4704 4716 4781
f 4681 4717 9999
f 4718 9990 4689
f 4773 4718 4689
f 4689 10001 4773
f 4727 4690 4714
f 4715 4714 4690
f 9697 4702 4715
f 4788 4645 4756
f 4668 4789 4646
f 4735 4706 4720
f 4720 4669 4757
f 4669 4619 4757
f 4808 4683 4736
f 4737 4736 4620
f 4797 4721 4629
f 4759 4797 4629
f 4630 4654 4759
f 4655 4722 4760
f 4722 4693 4829
f 4723 4671 4738
f 4724 4738 4694
f 4696 4798 4651
f 4634 4672 4709
f 4710 4709 4672
f 4752 4741 4673
f 4711 4753 4686
f 4800 4715 4702
f 4702 4743 4800
f 4678 4691 4743
f 4729 4747 4688
f 4704 4781 4729
f 4781 4716 4744
f 4840 4705 4666
f 4719 4734 4682
f 4795 4619 4796
f 4795 4796 4856
f 4684 4721 4797
f 4707 4810 4648
f 4850 4707 4655
f 4791 4850 4655
f 4749 4724 4685
f 4767 4739 4695
f 4708 4831 4740
f 4741 4710 4673
f 4784 4753 4711
f 4711 4785 4784
f 4687 4699 4769
f 4699 4676 4786
f 4786 4676 4725
f 4725 4677 4787
f 4700 4667 4770
f 4714 4715 4765
f 4743 4691 4766
f 4691 4728 4766
f 4780 4802 4664
f 4718 4773 4851
f 4773 10001 4775
f 10001 4746 4775
f 4701 4727 4748
f 4692 4770 4667
f 4734 4789 4668
f 4757 4735 4720
f 4797 4737 4684
f 4723 4738 9568
f 4724 4749 4860
f 4685 4750 4749
f 4844 4750 4739
f 4709 4751 4698
f 4752 4686 4753
f 4699 4786 4769
f 4713 4726 4787
f 4754 4700 4755
f 4779 4766 4728
f 4803 4802 4780
f 4703 4688 4819
f 4747 4819 4688
f 4805 4716 4730
f 4730 9696 4805
f 4748 4805 9696
f 9696 4701 4748
f 4748 4727 4764
f 4731 9989 4777
f 4761 4745 9990
f 9990 4718 4761
f 4851 4761 4718
f 4732 9996 4763
f 4734 4719 4825
f 4619 4758 4757
f 4808 4736 4827
f 4736 4737 4857
f 4738 4724 4812
f 4739 4767 4844
f 4813 4831 4708
f 4708 4768 4813
f 4696 4697 4832
f 4709 4710 4929
f 4845 4710 4741
f 4712 4742 4687
f 4786 4725 4816
f 4787 4816 4725
f 4770 4755 4700
f 4800 4765 4715
f 4766 4800 4743
f 4819 4818 4703
f 4781 4744 4888
f 4716 4838 4744
f 4761 4772 4745
f 4746 9991 4776
f 4792 4776 9991
f 4762 9994 4793
f 4732 4763 4777
f 4778 4763 9996
f 9992 4840 4666
f 4779 4728 4817
f 4780 4679 4836
f 4679 4703 4836
f 4818 4836 4703
f 4819 4747 4876
f 4729 4876 4747
f 4804 4838 4716
f 4805 4804 4716
f 4805 4748 4782
f 4749 4750 4885
f 4831 4767 4740
f 4798 4696 4814
f 4751 4832 4697
f 4710 4845 4929
f 4741 4752 4783
f 4752 4753 4783
f 4785 4712 4886
f 4769 4799 4687
f 4873 4787 4726
f 4726 4754 4873
f 4756 4733 4847
f 4794 4825 4719
f 4719 4706 4826
f 4706 4735 4826
f 4882 4796 4588
f 4737 4797 4858
f 4654 4987 4759
f 4648 4810 4790
f 4707 4850 4928
f 4760 4791 4655
f 4760 4722 4829
f 4693 4723 4811
f 4820 9987 4717
f 4772 4821 4745
f 4774 4773 4775
f 4775 4746 4881
f 4793 4792 4762
f 4777 10002 4731
f 4801 4800 4766
f 4802 4817 4728
f 4802 4803 4835
f 4744 4838 4837
f 4884 4738 4812
f 4750 4844 4885
f 4768 4798 4870
f 4832 4751 4917
f 4687 4833 4712
f 4873 4754 4906
f 4754 4755 4906
f 4755 4770 4846
f 4770 4692 4913
f 4692 4788 4913
f 4719 4826 4794
f 4795 4758 4619
f 4808 4882 4588
f 4857 4827 4736
f 4858 4857 4737
f 4829 4693 4830
f 4820 4717 4806
f 4771 4745 4806
f 4851 4773 4909
f 4773 4774 4909
f 4881 4774 4775
f 4746 4776 4881
f 10002 4777 4853
f 4777 4763 4853
f 4705 4854 4778
f 9992 4912 4840
f 4764 4714 4841
f 4714 4765 4841
f 4765 4800 4801
f 4779 4864 4766
f 4888 4729 4781
f 4782 4804 4805
f 4724 4860 4812
f 4813 4868 4831
f 4870 4813 4768
f 4901 4814 4696
f 4832 4901 4696
f 4946 4917 4751
f 4751 4709 4946
f 4741 4815 4845
f 4741 4783 4815
f 4902 4783 4753
f 4871 4753 4784
f 4886 4871 4784
f 4784 4785 4886
f 4886 4712 4833
f 4687 4799 4833
f 4834 4799 4769
f 4769 4786 4834
f 4816 4834 4786
f 4788 4756 4913
f 4825 4789 4734
f 4849 4735 4757
f 4849 4757 4758
f 4828 4797 4987
f 4797 4759 4987
f 4654 4790 4867
f 4810 4809 4790
f 4830 4693 4811
f 4717 4771 4806
f 4821 4806 4745
f 4761 4822 4772
f 4890 4776 4792
f 4793 10002 4823
f 4853 4763 4824
f 4778 4824 4763
f 4913 4756 4847
f 4895 4758 4795
f 4883 4808 4827
f 4896 4883 4827
f 4828 4858 4797
f 4867 4987 4654
f 4809 4867 4790
f 4915 4811 4723
f 4844 4767 4861
f 4767 4831 4861
f 4798 4814 4870
f 4976 4946 4709
f 4709 4929 4976
f 4871 4902 4753
f 4872 4816 4787
f 4873 4906 4905
f 4817 4802 4842
f 4802 4835 4842
f 4836 4803 4780
f 4837 4888 4744
f 4878 4804 4782
f 4822 4880 4772
f 4761 4851 4889
f 4792 4793 4852
f 4853 4823 10002
f 4853 4824 4839
f 4778 4854 4824
f 4854 4705 4840
f 4807 4789 4848
f 4866 4848 4789
f 4894 4825 4794
f 4794 4826 4894
f 4941 4849 4758
f 4758 4895 4942
f 4795 4856 4895
f 4883 4882 4808
f 4859 4850 4791
f 4900 4870 4814
f 5026 4901 4832
f 4862 4799 4834
f 4904 4834 4816
f 4787 4863 4872
f 4863 4787 4873
f 4893 4906 4755
f 4755 4846 4893
f 4766 4864 4801
f 4876 4729 4877
f 4888 4877 4729
f 4838 4804 4843
f 4880 4821 4772
f 4852 4890 4792
f 4823 4891 4793
f 4770 4913 4855
f 4789 4825 4866
f 4849 4826 4735
f 4897 4896 4827
f 4857 4897 4827
f 4828 4987 4927
f 4914 4928 4850
f 5022 4859 4791
f 4760 5022 4791
f 4830 4944 4829
f 4723 9568 4915
f 4898 4915 9568
f 4901 4900 4814
f 4917 5026 4832
f 4833 4799 4956
f 4887 4956 4799
f 4904 4862 4834
f 4846 4770 4855
f 4841 4919 4764
f 4874 4841 4765
f 4864 4933 4801
f 4779 4817 4864
f 4818 4819 4993
f 4819 4876 4993
f 4837 4838 4907
f 4820 4806 4908
f 4889 4822 4761
f 4852 4793 4891
f 4854 4840 4892
f 4865 4875 4817
f 4817 4842 4865
f 4843 4804 4964
f 4878 4964 4804
f 4884 4812 4916
f 5025 4812 4860
f 4885 4860 4749
f 4861 4988 4844
f 4945 4813 4870
f 5027 4929 4845
f 4845 4815 4977
f 4930 4871 4886
f 4862 4887 4799
f 4991 4904 4816
f 4872 4991 4816
f 4947 4893 4846
f 4846 4855 4947
f 4856 4796 4986
f 5074 4867 4809
f 4914 4850 4859
f 4829 4944 4760
f 4995 4879 4820
f 4806 4821 4908
f 4880 4822 4966
f 4881 4951 4774
f 4823 4853 4911
f 4824 4854 4940
f 4891 4823 4953
f 4939 4911 4853
f 4853 4839 4939
f 4839 4824 4940
f 4840 4912 4892
f 4913 4847 5008
f 4825 4894 4925
f 4973 4986 4796
f 4796 4882 4973
f 4828 4975 4858
f 5074 4809 4810
f 4944 5022 4760
f 4988 4885 4844
f 4831 4868 4861
f 4869 4813 5045
f 4815 4783 5046
f 4931 4903 4833
f 4958 4872 4863
f 4873 4958 4863
f 4765 4801 4874
f 4864 4817 4875
f 4865 4842 4935
f 4803 4836 4937
f 4888 4837 4920
f 4843 4907 4838
f 4995 4820 4908
f 4966 4965 4880
f 4951 4909 4774
f 4825 4925 4866
f 4826 4849 4941
f 4758 4942 4941
f 4942 4895 4955
f 4986 4955 4856
f 4858 4974 4857
f 4987 4867 5096
f 5074 5096 4867
f 4884 4899 4898
f 4868 4813 4869
f 4900 4945 4870
f 4977 5027 4845
f 5046 4977 4815
f 4783 4902 5046
f 4903 4886 4833
f 4956 4931 4833
f 4957 4887 4862
f 4906 4893 4924
f 4979 4841 4874
f 4874 4801 4933
f 4836 4818 4937
f 4877 4962 4876
f 4782 4938 4878
f 4821 4922 4908
f 4821 4880 4996
f 4965 4996 4880
f 4852 4891 4910
f 4911 4953 4823
f 4854 4892 4940
f 4947 4855 4948
f 4826 4941 4926
f 4895 4856 4955
f 4883 4973 4882
f 4707 4928 4810
f 4945 5045 4813
f 4902 4871 4989
f 5083 4930 4886
f 4886 4903 5083
f 4957 4862 4904
f 4874 4933 4961
f 4935 5009 4865
f 4980 4835 4803
f 4962 4993 4876
f 4920 4877 4888
f 4964 4878 4938
f 4921 4938 4782
f 4922 5052 4908
f 4966 4822 4997
f 4822 4889 4997
f 4951 4881 4967
f 4881 4776 4967
f 4981 4967 4776
f 4776 4890 4981
f 4953 4910 4891
f 4947 4948 4960
f 4954 4925 4894
f 4894 4826 4954
f 4971 4954 4826
f 4926 4971 4826
f 4943 4896 4897
f 4897 4857 5059
f 4898 4899 9627
f 5025 4916 4812
f 5026 4900 4901
f 5046 4902 4989
f 4918 4957 4904
f 4905 4958 4873
f 4905 4906 5028
f 4949 4919 4841
f 4934 4933 4864
f 4936 4835 4950
f 4980 4950 4835
f 4920 4837 5012
f 4837 4907 5012
f 4843 5012 4907
f 5052 4995 4908
f 4996 4922 4821
f 4889 4909 4923
f 4909 4951 4923
f 4952 4890 4852
f 4970 4892 4912
f 4939 4839 4998
f 4969 4998 4839
f 4839 4940 4969
f 4970 4912 9986
f 5007 4855 4913
f 4913 5008 5007
f 4883 4896 5058
f 4943 5002 4896
f 4974 5059 4857
f 4927 4987 5021
f 5023 5022 4944
f 4811 4915 5004
f 5044 4899 4884
f 4884 4916 5044
f 5097 5025 4860
f 4860 4885 5097
f 4988 5097 4885
f 4930 4989 4871
f 5101 4918 4904
f 4958 4991 4872
f 4924 4893 4960
f 4841 4979 4949
f 4934 4864 4875
f 4875 4865 4934
f 4803 4937 4980
f 5011 4937 4818
f 4962 4877 4994
f 4877 4920 4994
f 4843 4964 4963
f 4893 4947 4960
f 5040 4848 4866
f 4941 4942 4972
f 5002 5058 4896
f 5042 4810 4928
f 4928 4914 5042
f 5024 4944 4830
f 4830 4811 5024
f 4811 5004 5078
f 5061 5004 4915
f 4976 4929 5006
f 5080 5006 4929
f 5027 5080 4929
f 5082 4989 4930
f 5083 5082 4930
f 4931 5083 4903
f 4887 4957 4990
f 4904 4991 5101
f 4958 4905 4959
f 5028 4959 4905
f 4924 5028 4906
f 4978 4932 4919
f 4961 4979 4874
f 4992 4961 4933
f 5050 4934 4865
f 4865 5009 5050
f 5032 5009 4935
f 4936 5032 4935
f 5011 4980 4937
f 4993 5011 4818
f 4963 5012 4843
f 5052 4922 5015
f 4997 4889 5037
f 4852 4910 4952
f 4982 5016 4910
f 4910 4953 4982
f 4911 4939 4968
f 4984 4969 4940
f 4940 4892 4984
f 4970 4984 4892
f 4866 4925 4999
f 5001 4926 4941
f 4972 5001 4941
f 4942 4955 4972
f 5059 4943 4897
f 4975 4828 4927
f 5078 5024 4811
f 9627 4899 5160
f 4916 5025 5127
f 5098 4945 4900
f 5026 5098 4900
f 5005 4917 4946
f 4946 4976 5005
f 5027 4977 5130
f 5047 4956 4887
f 4932 4978 9689
f 4919 4949 4978
f 5030 4992 4933
f 4933 4934 5030
f 5013 4963 4964
f 4964 4938 5013
f 4995 5035 4879
f 4890 4952 4981
f 5068 4952 4910
f 5016 5068 4910
f 5000 4999 4925
f 4925 4954 5000
f 5019 4973 4883
f 5020 5059 4974
f 4974 4858 4975
f 5074 4810 5075
f 4810 5042 5075
f 4859 5042 4914
f 4869 4861 4868
f 4917 5063 5026
f 5006 5005 4976
f 5046 4989 5165
f 4931 4956 5047
f 4990 5047 4887
f 4991 4958 4959
f 4948 4855 5048
f 5007 5048 4855
f 4992 4979 4961
f 4993 4962 5051
f 5051 4962 4994
f 5036 4965 4966
f 4966 4997 5036
f 5122 4923 4951
f 4953 5053 5070
f 4953 4968 5053
f 4998 4968 4939
f 4998 4969 4983
f 4984 4983 4969
f 4984 4970 5017
f 9986 5106 4970
f 4999 5040 4866
f 5057 4985 4971
f 4971 4926 5057
f 4926 5001 5057
f 4975 5020 4974
f 5024 5023 4944
f 5003 5024 5078
f 5044 5043 4899
f 4945 5183 5045
f 5063 5143 5026
f 5081 5130 4977
f 4989 5082 5165
f 4959 5201 4991
f 9689 4978 5085
f 5065 4949 4979
f 4934 5050 5031
f 5009 5117 5050
f 4950 4980 5010
f 4920 5012 5188
f 5013 4938 5136
f 4921 5137 4938
f 5035 5014 4879
f 5035 4995 5066
f 5066 4995 5052
f 4965 5090 4996
f 4951 4967 5038
f 5038 4967 4981
f 4999 5000 5041
f 5072 5000 4954
f 4971 4985 4954
f 4972 4955 5226
f 5058 5019 4883
f 5058 5002 5073
f 4943 5073 5002
f 5096 5021 4987
f 5043 5160 4899
f 5163 5097 4988
f 5062 5114 4861
f 5062 4861 4869
f 5045 5062 4869
f 5005 5063 4917
f 5081 4977 5046
f 5083 4931 5084
f 4931 5047 5084
f 4990 4957 5115
f 4918 5115 4957
f 5028 4924 5116
f 4924 4960 5102
f 4948 5132 4960
f 5029 4978 4949
f 4979 4992 5065
f 4934 5031 5030
f 5032 4936 5033
f 4980 5011 5010
f 5173 5011 4993
f 5051 5173 4993
f 5118 5051 4994
f 4994 4920 5088
f 5188 5088 4920
f 5034 5012 4963
f 5013 5034 4963
f 4922 4996 5090
f 5037 5121 4997
f 5038 5122 4951
f 4981 4952 5039
f 4968 4998 5054
f 4998 4983 5054
f 4983 4984 5054
f 5055 5054 4984
f 4984 5017 5071
f 5017 4970 5106
f 4848 5040 5056
f 5041 5040 4999
f 5018 5057 5001
f 5001 4972 5018
f 5042 4859 5076
f 5181 5004 5061
f 5114 5163 4988
f 4988 4861 5114
f 5098 5183 4945
f 5027 5130 5129
f 5084 5047 5218
f 5101 4991 5201
f 5102 5116 4924
f 5007 5008 5048
f 5108 5048 5008
f 5008 9704 5108
f 5086 5085 4978
f 4978 5029 5086
f 5064 5029 4949
f 5065 5064 4949
f 5087 5117 5009
f 4936 4950 5033
f 5147 5033 4950
f 5089 5188 5012
f 5034 5089 5012
f 5136 4938 5137
f 5137 4921 5145
f 5035 9998 5014
f 5090 5015 4922
f 5036 4997 5121
f 4923 5122 5037
f 5039 5091 4981
f 4984 5071 5055
f 5093 5071 5017
f 5106 5093 5017
f 5106 9986 5194
f 5041 5000 5094
f 4954 4985 5072
f 4986 4973 5110
f 5059 5020 5180
f 4927 5021 5198
f 5125 5076 4859
f 4859 5022 5112
f 5022 5023 5112
f 5126 5112 5023
f 5060 5078 5004
f 5160 5061 9627
f 5183 5128 5045
f 5143 5216 5098
f 5026 5143 5098
f 5185 5080 5027
f 5028 5166 4959
f 5168 5132 4948
f 5168 4948 5048
f 5146 5086 5029
f 5049 5065 4992
f 4992 5030 5049
f 5031 5049 5030
f 5032 5087 5009
f 5134 5147 4950
f 4950 5010 5134
f 5011 5134 5010
f 5118 5173 5051
f 9998 5035 5104
f 5052 5149 5066
f 5208 4965 5036
f 5121 5208 5036
f 5122 5067 5037
f 4981 5091 5038
f 5016 4982 5123
f 5072 5109 5000
f 5212 4955 4986
f 4973 5019 5178
f 5180 4943 5059
f 5021 5096 5159
f 5024 5003 5077
f 5181 5060 5004
f 5141 5127 5025
f 5062 5045 5128
f 5005 5006 5079
f 5027 5129 5185
f 5100 5047 4990
f 5100 4990 5115
f 5132 5102 4960
f 5204 5031 5050
f 5050 5117 5204
f 5088 5118 4994
f 5034 5013 5119
f 5052 5015 5149
f 4965 5208 5189
f 5150 5121 5037
f 5123 5068 5016
f 4982 5070 5069
f 5070 5053 5105
f 5053 5092 5105
f 5055 5092 5054
f 9706 5056 9705
f 5041 5094 5138
f 5094 5000 5095
f 5109 5095 5000
f 4985 5057 5177
f 5018 5177 5057
f 5226 5018 4972
f 5110 5212 4986
f 5178 5110 4973
f 4943 5180 5197
f 5075 5111 5074
f 5076 5075 5042
f 5077 5023 5024
f 5061 5160 5140
f 5182 5043 5044
f 5097 5163 5142
f 5128 5253 5062
f 5255 5079 5006
f 5165 5099 5046
f 5083 5084 5322
f 5200 5131 4918
f 4918 5101 5200
f 5166 5201 4959
f 5064 5146 5029
f 5064 5065 5049
f 5087 5032 5172
f 5120 5104 5035
f 5035 5066 5120
f 5207 5149 5015
f 5015 5090 5207
f 5090 4965 5189
f 5037 5067 5150
f 5190 5122 5038
f 5038 5091 5190
f 5069 5070 5152
f 5105 5152 5070
f 5092 5055 5107
f 5055 5071 5153
f 5072 4985 5156
f 5058 5073 5179
f 5198 5021 5159
f 5111 5096 5074
f 5112 5125 4859
f 5003 5078 5113
f 5060 5113 5078
f 5272 5114 5062
f 5253 5272 5062
f 5099 5081 5046
f 5100 5218 5047
f 5132 5221 5102
f 5103 5085 5170
f 5172 5187 5087
f 5134 5011 5233
f 5118 5088 5148
f 5089 5034 5135
f 5013 5136 5119
f 5120 5066 5149
f 5151 5039 4952
f 5107 5105 5092
f 5153 5107 5055
f 5041 5154 5040
f 5138 5094 5124
f 5094 5095 5124
f 5177 5156 4985
f 5019 5058 5157
f 5139 5157 5058
f 5198 4975 4927
f 5061 5140 5181
f 5161 5182 5127
f 5162 5141 5025
f 5025 5097 5162
f 5097 5142 5162
f 5183 5098 5403
f 5216 5403 5098
f 5131 5115 4918
f 5101 5201 5220
f 5028 5116 5186
f 5132 5168 5133
f 5170 5145 5103
f 5146 5064 5171
f 5117 5087 5187
f 5188 5148 5088
f 4952 5068 5151
f 5068 5123 5209
f 5153 5071 5175
f 5093 5106 5193
f 5194 5193 5106
f 5093 5175 5071
f 5108 9705 5144
f 5056 5040 5154
f 5138 5211 5041
f 5124 5095 5155
f 5058 5179 5139
f 5073 4943 5158
f 5043 5182 5215
f 5080 5255 5006
f 5116 5102 5167
f 5221 5167 5102
f 5132 5133 5323
f 5086 5170 5085
f 5172 5032 5033
f 5189 5207 5090
f 5189 5208 5297
f 5224 5208 5121
f 5150 5224 5121
f 5151 5235 5039
f 5174 5068 5209
f 5209 5123 5210
f 5123 5069 5191
f 5152 5191 5069
f 5158 5179 5073
f 5158 4943 5197
f 5076 5111 5075
f 5126 5023 5250
f 5023 5077 5250
f 5060 5181 5229
f 5127 5141 5161
f 5164 5143 5063
f 5130 5185 5129
f 5256 5099 5165
f 5082 5083 5199
f 5322 5199 5083
f 5115 5131 5274
f 5220 5200 5101
f 5166 5028 5186
f 5186 5116 5167
f 5168 5048 5169
f 5187 5204 5117
f 5033 5147 5232
f 5134 5205 5147
f 5011 5173 5233
f 5089 5135 5188
f 5119 5136 5206
f 5235 5091 5039
f 5152 5107 5192
f 5107 5153 5192
f 5211 5138 5267
f 5195 5267 5138
f 5239 5195 5138
f 5124 5239 5138
f 5155 5176 5124
f 5177 5018 5247
f 4955 5212 5226
f 5019 5157 5268
f 4975 5213 5020
f 5159 5096 5333
f 5111 5333 5096
f 5125 5228 5076
f 5112 5214 5125
f 5304 5077 5003
f 5003 5113 5304
f 5160 5043 5215
f 5141 5162 5161
f 5143 5184 5216
f 5164 5184 5143
f 5164 5063 5005
f 5256 5081 5099
f 5165 5082 5217
f 5218 5241 5084
f 5100 5115 5274
f 5048 5108 5169
f 5203 5169 5108
f 5294 5258 5145
f 5145 5170 5294
f 5146 5171 5278
f 5172 5033 5326
f 5205 5232 5147
f 5233 5173 5296
f 5148 5173 5118
f 5148 5188 5222
f 5206 5135 5034
f 5034 5119 5206
f 5206 5136 5137
f 5120 5149 5261
f 5207 5261 5149
f 5150 5067 5224
f 5174 5151 5068
f 5192 5153 5175
f 5193 5236 5093
f 5154 5041 5211
f 5239 5124 5176
f 5176 5155 5196
f 5072 5156 5240
f 5247 5018 5226
f 5212 5110 5288
f 5214 5228 5125
f 5140 5160 5291
f 5215 5291 5160
f 5163 5114 5272
f 5273 5253 5128
f 5255 5309 5079
f 5322 5084 5241
f 5131 5200 5257
f 5201 5166 5202
f 5166 5186 5276
f 5167 5221 5242
f 5323 5221 5132
f 5133 5168 5169
f 5108 5144 5203
f 5294 5170 5231
f 5170 5086 5231
f 5259 5231 5086
f 5086 5146 5259
f 5204 5278 5171
f 5326 5033 5232
f 5205 5134 5295
f 5233 5295 5134
f 5148 5296 5173
f 5135 5206 5243
f 5145 5223 5137
f 5120 9995 5104
f 5298 5224 5067
f 5067 5122 5298
f 5122 5190 5298
f 5244 5192 5175
f 5175 5093 5244
f 5193 5194 5266
f 9705 5056 5324
f 5154 5324 5056
f 5211 5324 5154
f 5225 5196 5155
f 5240 5155 5095
f 5095 5109 5240
f 5156 5177 5247
f 5178 5019 5331
f 5139 5179 5227
f 4975 5198 5213
f 5251 5250 5077
f 5229 5181 5305
f 5181 5140 5305
f 5182 5161 5270
f 5128 5183 5273
f 5309 5005 5079
f 5419 5080 5185
f 5185 5130 5419
f 5292 5130 5081
f 5217 5082 5199
f 5218 5100 5219
f 5274 5219 5100
f 5220 5275 5200
f 5166 5276 5202
f 5167 5276 5186
f 5187 5172 5313
f 5172 5326 5279
f 5188 5135 5222
f 5206 5137 5223
f 5258 5223 5145
f 9995 5120 5282
f 5207 5189 5234
f 5190 5091 5298
f 5262 5298 5091
f 5235 5262 5091
f 5299 5235 5151
f 5209 5210 5263
f 5210 5191 5264
f 5244 5264 5191
f 5191 5192 5244
f 5236 5244 5093
f 5072 5240 5109
f 5268 5331 5019
f 5157 5139 5268
f 5227 5268 5139
f 5249 5179 5158
f 5369 5289 5197
f 5180 5369 5197
f 5159 5333 5446
f 5112 5126 5303
f 5060 5229 5113
f 5335 5305 5140
f 5162 5142 5307
f 5308 5142 5163
f 5273 5183 5403
f 5131 5257 5274
f 5275 5257 5200
f 5202 5220 5201
f 5167 5242 5277
f 5203 5144 5349
f 5238 5349 5144
f 5259 5146 5377
f 5278 5377 5146
f 5279 5313 5172
f 5261 5282 5120
f 5208 5224 5283
f 5284 5174 5209
f 5209 5263 5284
f 5264 5263 5210
f 5236 5193 5237
f 5266 5237 5193
f 5239 5351 5195
f 5245 5176 5196
f 5196 5225 5245
f 5248 5247 5226
f 5368 5249 5158
f 5158 5197 5401
f 5289 5401 5197
f 5213 5180 5020
f 5303 5214 5112
f 5077 5304 5251
f 5161 5162 5307
f 5163 5272 5308
f 5184 5254 5216
f 5419 5130 5292
f 5218 5219 5241
f 5310 5242 5221
f 5323 5310 5221
f 5133 5169 5230
f 5204 5187 5278
f 5232 5205 5260
f 5148 5222 5280
f 5222 5135 5243
f 5314 5281 5223
f 5258 5314 5223
f 5234 5261 5207
f 5234 5189 5297
f 5283 5297 5208
f 5302 5245 5225
f 5246 5302 5225
f 5225 5155 5246
f 5155 5240 5246
f 5288 5248 5226
f 5226 5212 5288
f 5227 5179 5344
f 5249 5344 5179
f 5333 5111 5318
f 5111 5076 5318
f 5290 5113 5229
f 5252 5335 5140
f 5140 5291 5252
f 5306 5215 5182
f 5182 5270 5306
f 5403 5216 5418
f 5309 5164 5005
f 5420 5292 5081
f 5081 5256 5388
f 5293 5220 5202
f 5260 5326 5232
f 5297 5283 5354
f 5235 5299 5262
f 5244 5236 5301
f 5237 5301 5236
f 5324 5349 5238
f 5324 5211 5350
f 5267 5350 5211
f 5287 5240 5156
f 5110 5178 5429
f 5076 5228 5318
f 5305 5290 5229
f 5291 5215 5269
f 5215 5306 5269
f 5308 5307 5142
f 5273 5336 5253
f 5164 5309 5373
f 5241 5219 5449
f 5276 5167 5347
f 5310 5277 5242
f 5323 5133 5311
f 5133 5230 5311
f 5313 5353 5187
f 5280 5296 5148
f 5281 5243 5206
f 5206 5223 5281
f 5330 5283 5224
f 5330 5224 5362
f 5151 5174 5299
f 5301 5264 5244
f 5266 5265 5237
f 5169 5203 5230
f 5339 5230 5203
f 5349 5339 5203
f 5239 5176 5341
f 5176 5245 5341
f 5285 9607 5245
f 5245 5302 5285
f 5246 5240 5286
f 5156 5247 5287
f 5247 5248 5316
f 5248 5288 5316
f 5178 5331 5429
f 5268 5227 5344
f 5400 5368 5158
f 5158 5401 5400
f 5332 5369 5180
f 5213 5332 5180
f 5446 5198 5159
f 5319 5250 5251
f 5290 5304 5113
f 5309 5255 5387
f 5255 5080 5387
f 5358 5387 5080
f 5256 5165 5337
f 5450 5449 5219
f 5293 5202 5347
f 5202 5276 5347
f 5277 5347 5167
f 5258 5294 5312
f 5294 5231 5352
f 5231 5259 5352
f 5278 5187 5353
f 5280 5222 5327
f 5243 5327 5222
f 5314 5258 5312
f 5282 5261 5380
f 5234 5297 5328
f 5298 5362 5224
f 5356 5284 5263
f 5300 5356 5263
f 5264 5300 5263
f 5351 5454 5195
f 5351 5239 5340
f 5239 5341 5340
f 5240 5287 5286
f 5316 5287 5247
f 5288 5110 5398
f 5345 5318 5228
f 5413 5303 5126
f 5126 5250 5413
f 5290 5305 5334
f 5164 5254 5184
f 5277 5310 5359
f 5311 5230 5338
f 5278 5353 5377
f 5380 5261 5234
f 5283 5330 5329
f 5174 5284 5355
f 5264 5301 5300
f 5301 5237 5397
f 5265 5397 5237
f 5267 5195 5350
f 5454 5350 5195
f 5316 5286 5287
f 5344 5249 5317
f 5249 5368 5317
f 5251 5304 5370
f 5507 5252 5291
f 5271 5306 5270
f 5272 5253 5321
f 5469 5253 5336
f 5080 5419 5358
f 5081 5388 5420
f 5374 5337 5165
f 5322 5241 5404
f 5257 5389 5274
f 5377 5393 5259
f 5205 5378 5260
f 5205 5295 5379
f 9995 5282 5443
f 5380 5443 5282
f 5328 5380 5234
f 5328 5297 5354
f 5356 5355 5284
f 5397 5300 5301
f 5266 9997 5265
f 5343 5285 5302
f 5286 5343 5302
f 5302 5246 5286
f 5286 5316 5315
f 5110 5429 5398
f 5228 5214 5345
f 5304 5290 5370
f 5305 5335 5334
f 5269 5507 5291
f 5415 5271 5307
f 5307 5308 5320
f 5308 5272 5321
f 5469 5321 5253
f 5254 5418 5216
f 5386 5373 5309
f 5217 5374 5165
f 5449 5404 5241
f 5257 5275 5500
f 5220 5500 5275
f 5312 5294 5325
f 5313 5279 5360
f 5279 5326 5360
f 5260 5394 5326
f 5312 5281 5314
f 5362 5298 5427
f 5396 5355 5356
f 5265 5428 5397
f 9607 5285 5342
f 5343 5342 5285
f 5366 5315 5316
f 5316 5288 5366
f 5398 5366 5288
f 5214 5303 5402
f 5303 5413 5402
f 5319 5413 5250
f 5319 5251 5385
f 5251 5370 5385
f 5435 5335 5252
f 5309 5387 5386
f 5581 5374 5217
f 5199 5581 5217
f 5219 5274 5375
f 5389 5375 5274
f 5257 5500 5389
f 5348 5438 5323
f 5323 5311 5348
f 5339 5338 5230
f 5453 5349 5324
f 5350 5492 5324
f 5351 5421 5454
f 5312 5325 5392
f 5294 5352 5325
f 5393 5352 5259
f 5326 5394 5360
f 5378 5394 5260
f 5443 5425 9995
f 5380 5328 5361
f 5410 5262 5299
f 5268 5399 5331
f 5317 5368 5367
f 5333 5318 5446
f 5346 5370 5290
f 5371 5346 5290
f 5334 5371 5290
f 5320 5415 5307
f 5256 5337 5388
f 5450 5219 5375
f 5347 5277 5451
f 5359 5451 5277
f 5438 5405 5310
f 5310 5323 5438
f 5339 5349 5390
f 5341 9607 5363
f 5295 5233 5379
f 5424 5233 5296
f 5424 5296 5514
f 5408 5243 5281
f 5361 5328 5395
f 5328 5354 5395
f 5329 5354 5283
f 5362 5329 5330
f 5545 5298 5262
f 5299 5174 5473
f 5174 5355 5473
f 5397 5381 5300
f 5364 5382 5342
f 5342 5343 5364
f 5383 5364 5343
f 5286 5383 5343
f 5286 5315 5365
f 5331 5399 5429
f 5268 5344 5399
f 5431 5332 5213
f 5384 5431 5213
f 5213 5198 5384
f 5446 5384 5198
f 5345 5214 5402
f 5465 5413 5319
f 5319 5385 5465
f 5269 5306 5468
f 5271 5415 5372
f 5320 5308 5416
f 5308 5321 5416
f 5417 5416 5321
f 5373 5254 5164
f 5322 5404 5569
f 5293 5347 5595
f 5557 5595 5347
f 5451 5557 5347
f 5311 5338 5570
f 5390 5349 5453
f 5453 5324 5492
f 5350 5454 5357
f 5340 5422 5421
f 5421 5351 5340
f 5325 5352 5440
f 5352 5393 5440
f 5360 5441 5313
f 5423 5394 5378
f 5233 5424 5379
f 5296 5280 5514
f 5281 5312 5408
f 5354 5409 5395
f 5354 5329 5409
f 5473 5410 5299
f 5396 5356 5474
f 5357 5492 5350
f 5391 5341 5363
f 9607 5342 5363
f 5382 5363 5342
f 5365 5383 5286
f 5344 5317 5445
f 5317 5367 5445
f 5370 5346 5467
f 5484 5371 5334
f 5435 5484 5334
f 5334 5335 5435
f 5468 5507 5269
f 5306 5436 5468
f 5321 5469 5417
f 5273 5508 5336
f 5418 5254 5470
f 5387 5358 5437
f 5488 5358 5419
f 5471 5420 5388
f 5359 5310 5376
f 5310 5405 5376
f 5510 5348 5311
f 5392 5408 5312
f 5393 5377 5490
f 5441 5353 5313
f 5458 5378 5205
f 5379 5458 5205
f 5456 5514 5280
f 5280 5327 5459
f 5408 5327 5243
f 5356 5300 5381
f 5452 5570 5338
f 5339 5452 5338
f 5463 5365 5315
f 5315 5366 5444
f 5399 5344 5445
f 5368 5400 5430
f 5412 5401 5289
f 5289 5369 5412
f 5369 5332 5412
f 5446 5318 5432
f 5432 5318 5464
f 5370 5434 5385
f 5370 5467 5434
f 5346 5414 5467
f 5346 5371 5414
f 5507 5435 5252
f 5508 5469 5336
f 5254 5373 5470
f 5569 5404 5509
f 5375 5389 5499
f 5472 5451 5359
f 5359 5376 5472
f 5440 5392 5325
f 5490 5377 5406
f 5377 5353 5406
f 5406 5353 5491
f 5407 5441 5360
f 5456 5280 5459
f 5327 5408 5459
f 5443 5380 5426
f 5262 5410 5545
f 5526 5473 5355
f 5355 5396 5526
f 5381 5474 5356
f 9997 5428 5265
f 5365 5364 5383
f 5398 5444 5366
f 5430 5367 5368
f 5332 5431 5412
f 5318 5345 5464
f 5414 5371 5538
f 5320 5416 5608
f 5273 5403 5508
f 5437 5386 5387
f 5388 5337 5542
f 5337 5374 5645
f 5581 5199 5582
f 5448 5322 5569
f 5390 5452 5339
f 5363 5439 5391
f 5360 5394 5407
f 5423 5407 5394
f 5361 5426 5380
f 5545 5427 5298
f 5474 5526 5396
f 5381 5397 5442
f 5397 5428 5442
f 5428 9997 9985
f 5315 5444 5463
f 5411 5429 5399
f 5445 5411 5399
f 5400 5401 5535
f 5401 5412 5535
f 5496 5431 5384
f 5433 5464 5345
f 5345 5402 5433
f 5465 5385 5466
f 5538 5371 5484
f 5579 5468 5436
f 5518 5508 5403
f 5418 5518 5403
f 5373 5386 5470
f 5489 5488 5419
f 5489 5419 5292
f 5471 5292 5420
f 5448 5582 5199
f 5322 5448 5199
f 5404 5449 5509
f 5220 5293 5648
f 5595 5648 5293
f 5491 5353 5441
f 5423 5378 9558
f 5458 9558 5378
f 5515 5459 5408
f 5502 5409 5329
f 5329 5362 5502
f 5382 5364 5493
f 5364 5365 5462
f 5481 5535 5412
f 5412 5431 5481
f 5402 5413 5433
f 5447 5433 5413
f 5465 5447 5413
f 5434 5466 5385
f 5483 5467 5414
f 5435 5507 5485
f 5608 5415 5320
f 5610 5471 5388
f 5542 5610 5388
f 5570 5510 5311
f 5363 5455 5461
f 5490 5530 5440
f 5440 5393 5490
f 5407 5423 5457
f 5424 5458 5379
f 5443 5477 5425
f 5427 5502 5362
f 5442 5428 5476
f 9985 5476 5428
f 5462 5493 5364
f 5365 5463 5462
f 5479 5444 5398
f 5494 5479 5398
f 5429 5494 5398
f 5495 5400 5535
f 5496 5481 5431
f 5482 5447 5465
f 5483 5414 5538
f 5485 5484 5435
f 5486 5579 5436
f 5436 5372 5486
f 5517 5608 5416
f 5555 5417 5469
f 5437 5358 5594
f 5684 5449 5450
f 5389 5500 5556
f 5452 5390 5562
f 5563 5422 5340
f 5439 5563 5340
f 5363 5461 5439
f 5458 5424 5512
f 5460 5515 5408
f 5443 5426 5618
f 5474 5381 5475
f 5381 5442 5475
f 5604 5475 5442
f 5476 5604 5442
f 5477 5443 5618
f 5529 5426 5361
f 5361 5395 5529
f 5478 5529 5395
f 5493 5504 5382
f 5522 5462 5463
f 5367 5430 5524
f 5495 5430 5400
f 5384 5446 5506
f 5432 5506 5446
f 5567 5434 5467
f 5485 5507 5712
f 5372 5415 5626
f 5498 5416 5417
f 5470 5487 5418
f 5389 5556 5499
f 5562 5570 5452
f 5520 5453 5492
f 5521 5357 5454
f 5421 5521 5454
f 5422 5584 5421
f 5455 5677 5461
f 5392 5460 5408
f 5490 5406 5501
f 5395 5409 5478
f 5577 5410 5473
f 5392 5440 5511
f 5440 5530 5511
f 5491 5501 5406
f 5407 5457 5559
f 9558 5559 5457
f 5456 5459 5770
f 5515 5770 5459
f 5503 5455 5504
f 5547 5504 5493
f 5534 5494 5429
f 5523 5534 5429
f 5429 5411 5523
f 5480 5411 5445
f 5524 5480 5445
f 5524 5445 5367
f 5432 5464 5497
f 5567 5467 5483
f 5484 5485 5525
f 5508 5555 5469
f 5487 5518 5418
f 5437 5519 5386
f 5645 5542 5337
f 5684 5509 5449
f 5648 5500 5220
f 5628 5405 5438
f 5438 5348 5596
f 5475 5560 5474
f 5528 5604 5476
f 5409 5502 5633
f 5427 5545 5676
f 5533 5547 5493
f 5463 5444 5522
f 5411 5480 5523
f 5535 5481 5505
f 5481 5496 5505
f 5506 5496 5384
f 5432 5497 5506
f 5464 5433 9646
f 5558 9646 5433
f 5485 5712 5539
f 5579 5486 5540
f 5486 5372 5607
f 5372 5626 5607
f 5626 5415 5608
f 5555 5498 5417
f 5541 5487 5470
f 5471 5489 5292
f 5450 5375 5684
f 5375 5499 5776
f 5472 5557 5451
f 5405 5472 5376
f 5596 5628 5438
f 5501 5530 5490
f 5491 5441 5602
f 5770 5514 5456
f 5453 5520 5390
f 5520 5492 5752
f 5357 5752 5492
f 5521 5421 5584
f 5546 5677 5455
f 5531 5546 5455
f 5455 5503 5531
f 5504 5547 5532
f 5480 5524 5549
f 5495 5524 5430
f 5505 5496 5551
f 5506 5551 5496
f 9646 5497 5464
f 5447 5558 5433
f 5466 5434 5553
f 5538 5484 5525
f 5539 5525 5485
f 5697 5507 5468
f 5508 5518 5627
f 5580 5488 5489
f 5569 5583 5448
f 5647 5776 5499
f 5500 5648 5556
f 5597 5596 5348
f 5348 5510 5597
f 5562 5390 5520
f 5573 5460 5392
f 5511 5573 5392
f 5602 5501 5491
f 5512 5424 5513
f 5424 5514 5513
f 5618 5561 5477
f 5427 5633 5502
f 5661 5545 5410
f 5577 5661 5410
f 5543 5473 5526
f 5527 5526 5474
f 5560 5527 5474
f 5476 9985 5528
f 5584 5422 5611
f 5563 5611 5422
f 5563 5439 5564
f 5461 5564 5439
f 5503 5504 5532
f 5493 5462 5533
f 5462 5522 5533
f 5479 5522 5444
f 5590 5589 5535
f 5535 5505 5590
f 5550 5590 5505
f 5551 5550 5505
f 5506 5497 5552
f 5606 5447 5482
f 5466 5606 5482
f 5567 5553 5434
f 5507 5697 5712
f 5644 5518 5487
f 5489 5471 5580
f 5581 5645 5374
f 5562 5629 5570
f 9558 5458 5614
f 5614 5458 5512
f 5516 5515 5460
f 5633 5478 5409
f 5577 5473 5543
f 5560 5475 5616
f 5475 5604 5616
f 5528 9985 5544
f 5511 5530 5574
f 5441 5407 5688
f 5603 5559 9558
f 5770 5515 5516
f 5471 5610 5580
f 5509 5646 5569
f 5684 5375 5776
f 5595 5557 5739
f 5557 5472 5650
f 5565 5533 5522
f 5522 5479 5565
f 5479 5494 5565
f 5534 5523 5548
f 5549 5523 5480
f 5552 5551 5506
f 5497 9646 5536
f 5567 5483 5554
f 5711 5554 5483
f 5538 5711 5483
f 5579 5697 5468
f 5579 5540 5625
f 5527 5575 5526
f 5426 5529 5719
f 5529 5478 5719
f 5676 5633 5427
f 5530 5501 5652
f 5688 5602 5441
f 5654 5407 5559
f 5614 5603 9558
f 5564 5461 5586
f 5677 5586 5461
f 5531 5503 5679
f 5533 5565 5598
f 5534 5587 5494
f 5534 5548 5566
f 5523 5549 5548
f 5549 5524 5588
f 5524 5495 5589
f 5495 5535 5589
f 5590 5550 5591
f 5550 5551 5601
f 5536 5552 5497
f 5578 5537 5447
f 5606 5578 5447
f 5711 5538 5525
f 5607 5540 5486
f 5608 5517 5672
f 5517 5416 5498
f 5508 5627 5555
f 5568 5627 5518
f 5714 5541 5470
f 5519 5714 5470
f 5470 5386 5519
f 5519 5437 5593
f 5488 5594 5358
f 5582 5448 5583
f 5646 5509 5715
f 5556 5648 5699
f 5405 5650 5472
f 5675 5597 5510
f 5575 5543 5526
f 5604 5528 5617
f 5544 5617 5528
f 5605 5576 5544
f 5544 5561 5605
f 5618 5426 5703
f 5719 5703 5426
f 5752 5705 5520
f 5565 5494 5587
f 5566 5587 5534
f 9612 5548 5549
f 5549 5588 9612
f 5622 5588 5524
f 5524 5589 5622
f 5590 5591 5641
f 5591 5550 5601
f 5552 5601 5551
f 5568 5518 5644
f 5628 5596 5716
f 5716 5596 5597
f 5570 5675 5510
f 5537 5572 5558
f 5573 5511 5574
f 5501 5602 5613
f 5688 5407 5654
f 5603 5654 5559
f 5513 5514 5656
f 5516 5460 5657
f 5577 5543 5658
f 5560 5616 5615
f 5576 5617 5544
f 5752 5357 5521
f 5781 5752 5521
f 5584 5634 5521
f 5533 5598 5547
f 9612 5566 5548
f 9612 5588 9614
f 5592 5606 5466
f 5553 5592 5466
f 5758 5553 5567
f 5525 5539 5682
f 5437 5594 5593
f 5738 5715 5509
f 5684 5738 5509
f 5499 5556 5647
f 5674 5650 5405
f 5571 5572 5668
f 5572 5537 5668
f 5652 5574 5530
f 5585 5652 5501
f 5585 5501 5613
f 5602 5688 5653
f 5513 5614 5512
f 5631 5527 5560
f 5615 5631 5560
f 5618 5686 5561
f 5719 5478 5704
f 5661 5676 5545
f 5687 5661 5577
f 5668 9647 5571
f 5592 5553 5643
f 5554 5758 5567
f 5712 5671 5539
f 5517 5498 5672
f 5609 5487 5541
f 5519 5593 5673
f 5818 5580 5610
f 5582 5583 5751
f 5628 5674 5405
f 5675 5570 5629
f 5611 5634 5584
f 5513 5656 5769
f 5770 5656 5514
f 5532 5689 5503
f 5587 5566 5599
f 5566 9612 5600
f 5622 9614 5588
f 5641 5589 5590
f 5591 5601 5623
f 5601 5552 5624
f 5617 5632 5604
f 5605 5561 5686
f 5633 5704 5478
f 5658 5687 5577
f 5669 5668 5537
f 5606 5592 5696
f 5670 5682 5539
f 5593 5594 5737
f 5488 5737 5594
f 5646 5583 5569
f 5699 5647 5556
f 5629 5562 5651
f 5520 5651 5562
f 5546 5531 5612
f 5689 5679 5503
f 5532 5547 5619
f 5636 5619 5547
f 5636 5547 5598
f 5587 5598 5565
f 5600 5599 5566
f 5621 9613 9614
f 5622 5621 9614
f 5589 5641 5664
f 5623 5666 5641
f 5641 5591 5623
f 5653 5613 5602
f 5654 5603 5655
f 5630 5657 5573
f 5616 5604 5660
f 5632 5660 5604
f 5668 5667 9647
f 5669 5537 5578
f 5578 5606 5696
f 5758 5733 5553
f 5758 5554 5734
f 5554 5711 5734
f 5670 5539 5671
f 5579 5625 5697
f 5713 5625 5540
f 5773 5713 5607
f 5607 5626 5773
f 5608 5672 5683
f 5555 5672 5498
f 5644 5487 5609
f 5609 5541 5698
f 5542 5645 5793
f 5583 5646 5760
f 5649 5648 5595
f 5595 5739 5649
f 5650 5739 5557
f 5597 5675 5761
f 5705 5651 5520
f 5781 5521 5753
f 5634 5753 5521
f 9739 5634 5611
f 5564 5586 5782
f 5677 5546 5706
f 5689 5532 5635
f 5532 5619 5635
f 5620 5598 5587
f 5587 5599 5620
f 5621 5637 9613
f 5621 5622 5640
f 5622 5589 5664
f 5624 5623 5601
f 5574 5630 5573
f 5527 5631 5575
f 5659 5742 5615
f 5615 5616 5659
f 5616 5660 5659
f 5797 5632 5617
f 5686 5618 5703
f 5676 5812 5633
f 5612 5706 5546
f 5678 5612 5531
f 5531 5679 5678
f 5620 5636 5598
f 5620 5599 5662
f 5599 5600 9593
f 5600 5680 9593
f 5680 9613 5637
f 5637 5621 5638
f 5639 5638 5621
f 5621 5640 5639
f 5664 5640 5622
f 5624 5642 5623
f 5624 9647 5667
f 5694 5668 5669
f 5669 5578 5695
f 5643 5696 5592
f 5643 5553 5733
f 5626 5608 5773
f 5555 5627 5807
f 5644 5749 5568
f 5541 5714 5698
f 5580 5737 5488
f 5740 5674 5628
f 5761 5716 5597
f 5675 5629 5700
f 5651 5700 5629
f 5652 5585 5722
f 5585 5613 5723
f 5654 5767 5688
f 5657 5770 5516
f 5765 5658 5543
f 5543 5575 5765
f 5685 5575 5631
f 5576 5797 5617
f 5812 5720 5633
f 5676 5661 5812
f 5705 5701 5651
f 5782 9739 5564
f 5782 5586 5725
f 5677 5725 5586
f 5662 5636 5620
f 9593 5662 5599
f 5637 5726 5680
f 5637 5638 5690
f 5663 5638 5639
f 5664 5641 5665
f 5666 5665 5641
f 5692 5665 5666
f 5666 5623 5692
f 5642 5692 5623
f 5693 5642 5624
f 5710 5694 5669
f 5734 5711 5805
f 5711 5525 5759
f 5525 5682 5759
f 5682 5670 5806
f 5671 5712 5791
f 5697 5625 5735
f 5608 5683 5773
f 5749 5644 5736
f 5673 5714 5519
f 5715 5760 5646
f 5826 5699 5648
f 5648 5649 5826
f 5716 5740 5628
f 5723 5613 5743
f 5653 5743 5613
f 5811 5631 5615
f 5615 5742 5811
f 5720 5704 5633
f 5687 5812 5661
f 5630 5574 5800
f 5721 5800 5574
f 5574 5652 5721
f 5723 5763 5585
f 5688 5813 5653
f 5654 5655 5767
f 5717 5767 5655
f 5513 5769 5718
f 5770 5657 5724
f 5679 5689 5744
f 5636 5662 5707
f 5624 5667 5693
f 5681 5693 5667
f 5667 5668 5681
f 5694 5710 5772
f 5695 5710 5669
f 5696 5695 5578
f 5696 5643 5748
f 5733 5748 5643
f 5774 5807 5627
f 5737 5580 5775
f 5818 5610 5542
f 5581 5582 5853
f 5650 5674 5933
f 5701 5700 5651
f 9737 5753 5634
f 5575 5685 5765
f 5631 5811 5685
f 5659 5660 5702
f 5652 5722 5721
f 5614 5513 5764
f 5718 5764 5513
f 5656 5770 5796
f 5657 5630 5799
f 9594 5635 5619
f 5707 5619 5636
f 9593 5680 5708
f 5726 5708 5680
f 5690 5726 5637
f 5690 5638 5709
f 5638 5663 5709
f 5691 5709 5663
f 5692 5642 5730
f 5731 5730 5642
f 5693 5731 5642
f 5681 5694 5747
f 5671 5791 5670
f 5712 5697 5735
f 5807 5842 5555
f 5609 5736 5644
f 5750 5673 5593
f 5737 5750 5593
f 5775 5580 5948
f 5853 5582 5751
f 5776 5738 5684
f 5753 9737 5741
f 5585 5763 5762
f 5813 5688 5767
f 5799 5724 5657
f 9737 9739 9740
f 5725 5677 5756
f 5706 5756 5677
f 5679 5744 5823
f 5726 5690 5727
f 5690 5709 5745
f 5691 5665 5728
f 5665 5692 5729
f 5730 5729 5692
f 5681 5732 5693
f 5694 5772 5747
f 5625 5713 5841
f 5842 5672 5555
f 5627 5568 5774
f 5645 5581 5809
f 5933 5739 5650
f 5740 5933 5674
f 5754 5765 5685
f 5778 5742 5659
f 5702 5778 5659
f 5660 5632 5830
f 5797 5830 5632
f 5704 5720 5861
f 5701 5705 5819
f 5705 5752 5822
f 5782 9740 9739
f 5679 5823 5678
f 5708 9594 9593
f 5757 5745 5709
f 5728 5757 5709
f 5709 5691 5728
f 5729 5728 5665
f 5732 5731 5693
f 5747 5732 5681
f 5772 5710 5849
f 5695 5849 5710
f 5695 5696 5748
f 5805 5711 5882
f 5759 5882 5711
f 5851 5791 5712
f 5712 5735 5851
f 5749 5774 5568
f 5818 5542 5886
f 5751 5583 5845
f 5738 5760 5715
f 5716 5761 5856
f 5777 5761 5675
f 5762 5722 5585
f 5743 5653 5801
f 5813 5801 5653
f 5767 5717 5877
f 5768 5877 5717
f 5796 5769 5656
f 5858 5685 5811
f 5723 5743 5763
f 5764 5768 5717
f 5847 5783 5706
f 5612 5847 5706
f 5814 5744 5689
f 5689 5635 5814
f 5745 5727 5690
f 5804 5729 5730
f 5746 5804 5730
f 5731 5746 5730
f 5747 5772 5787
f 5695 5748 5946
f 5733 5758 5840
f 5734 5789 5758
f 5749 5736 5843
f 5844 5792 5609
f 5609 5698 5844
f 5714 5844 5698
f 5775 5750 5737
f 5776 5647 5810
f 5647 5699 5854
f 5649 5739 5903
f 5740 5716 5794
f 5777 5675 5700
f 5700 5701 5795
f 5811 5742 5829
f 5797 5576 5766
f 5576 5605 5766
f 5686 5703 5936
f 5779 5936 5703
f 5703 5719 5779
f 5704 5779 5719
f 5658 5765 5780
f 5764 5718 5802
f 5831 5799 5630
f 5756 5706 5783
f 5708 5771 9594
f 5727 5745 5816
f 5745 5757 5784
f 5785 5757 5728
f 5728 5729 5785
f 5787 5732 5747
f 5849 5695 5788
f 5946 5788 5695
f 5670 5791 5953
f 5713 5773 5884
f 5867 5683 5672
f 5672 5842 5867
f 5933 5740 5855
f 5781 5822 5752
f 5829 5742 5778
f 5778 5702 5821
f 5658 5780 5687
f 5819 5795 5701
f 5847 5612 5912
f 5612 5678 5835
f 5771 5814 5635
f 5635 9594 5771
f 5815 5771 5708
f 5708 5726 5815
f 5825 5815 5726
f 5726 5727 5825
f 5816 5745 5784
f 5746 5731 5786
f 5732 5786 5731
f 5789 5840 5758
f 5789 5734 5805
f 5735 5625 5851
f 5749 5843 5774
f 5736 5609 5792
f 5673 5750 5974
f 5809 5793 5645
f 5845 5583 5760
f 5738 5776 5920
f 5854 5810 5647
f 5855 5740 5794
f 5761 5777 5846
f 5762 5763 5832
f 5763 5743 5833
f 5768 5764 5802
f 5828 5780 5765
f 5858 5754 5685
f 5873 5821 5702
f 5797 5859 5830
f 5766 5605 5686
f 5720 5812 5798
f 5969 5798 5812
f 5743 5875 5833
f 5876 5767 5877
f 5958 5718 5769
f 5834 5958 5769
f 5724 5796 5770
f 5724 5799 5827
f 5678 5823 5835
f 5757 5785 5817
f 5785 5729 5803
f 5786 5804 5746
f 5839 5732 5787
f 5682 5790 5759
f 5682 5806 5866
f 5953 5806 5670
f 5683 5884 5773
f 5843 5736 5870
f 5844 5714 5808
f 5580 5818 5948
f 5853 5809 5581
f 5776 5810 5955
f 5903 5739 5888
f 5819 5705 5905
f 5822 5905 5705
f 5781 5755 5822
f 5781 5753 5741
f 5977 5828 5765
f 5765 5754 5977
f 5829 5778 5820
f 5821 5820 5778
f 5890 5873 5702
f 5702 5660 5890
f 5830 5890 5660
f 5766 5860 5797
f 5741 5755 5781
f 9740 5782 5894
f 5725 5894 5782
f 5835 5912 5612
f 5823 5744 5970
f 5836 5970 5744
f 5814 5836 5744
f 5815 5814 5771
f 5784 5757 5896
f 5804 5803 5729
f 5772 5839 5787
f 5849 5848 5772
f 5748 5733 5880
f 5931 5840 5789
f 5789 5805 5931
f 5882 5898 5805
f 5759 5790 5883
f 5843 5869 5774
f 5736 5792 5870
f 5974 5808 5714
f 5714 5673 5974
f 5760 5738 5902
f 5738 5920 5902
f 5826 5854 5699
f 5933 5888 5739
f 5856 5794 5716
f 5700 5795 5777
f 5967 5800 5721
f 5833 5857 5763
f 5801 5875 5743
f 5813 5767 5876
f 5766 5686 5874
f 5798 5861 5720
f 5832 5722 5762
f 5802 5718 5958
f 5831 5827 5799
f 5725 5756 5894
f 5756 5783 5895
f 5847 5862 5783
f 5878 5825 5727
f 5727 5816 5878
f 5817 5896 5757
f 5785 5803 5864
f 5804 5786 5838
f 5840 5880 5733
f 5931 5805 5898
f 5866 5790 5682
f 5850 5953 5791
f 5791 5851 5850
f 5776 5955 5920
f 5887 5955 5810
f 5810 5854 5887
f 5856 5761 5889
f 5761 5846 5889
f 5926 5811 5829
f 5812 5687 5969
f 5801 5813 5909
f 5802 5939 5877
f 5769 5796 5834
f 5796 5724 5893
f 5862 5895 5783
f 5824 5836 5814
f 5814 5815 5824
f 5944 5824 5815
f 5913 5944 5815
f 5815 5825 5913
f 5817 5785 5864
f 5837 5865 5804
f 5839 5772 5848
f 5848 5849 5879
f 5986 5946 5748
f 5882 5759 5883
f 5841 5851 5625
f 5844 5870 5792
f 5750 5775 5900
f 5885 5900 5775
f 5794 5956 5855
f 5905 5991 5819
f 5926 5858 5811
f 5860 5859 5797
f 5686 5936 5874
f 5979 5779 5704
f 5687 5780 5969
f 5963 5822 5755
f 5755 5741 5925
f 5865 5864 5803
f 5803 5804 5865
f 5804 5838 5837
f 5915 5986 5748
f 5748 5880 5915
f 5790 5866 5899
f 5853 5919 5809
f 5871 5845 5760
f 5760 5902 5871
f 5826 5649 5922
f 5903 5922 5649
f 5856 5956 5794
f 5967 5831 5800
f 5909 5813 5876
f 5724 5827 5893
f 5858 5926 5906
f 5890 5830 5891
f 5859 5891 5830
f 5861 5979 5704
f 5967 5892 5831
f 5975 5722 5832
f 5857 5833 5976
f 5833 5875 5976
f 5802 5958 5957
f 5893 5834 5796
f 5910 9741 9740
f 5894 5910 9740
f 5894 5756 5895
f 5847 6025 5862
f 5878 6009 5825
f 5878 5816 5863
f 5816 5784 5863
f 5784 5896 5863
f 5838 5839 5837
f 5848 5837 5839
f 5840 5931 5881
f 5953 5866 5806
f 5851 5841 5916
f 5884 5852 5841
f 5683 5867 5966
f 5774 5868 5807
f 5775 5948 5885
f 5854 5826 5921
f 5922 5921 5826
f 5872 5795 5819
f 5819 5991 5872
f 5820 5821 5907
f 5873 5907 5821
f 5969 5780 5992
f 5949 5863 5896
f 5897 5896 5817
f 5837 5848 5914
f 5879 5849 6011
f 6012 6011 5849
f 5849 5788 6012
f 5840 5881 5880
f 5916 5850 5851
f 5683 5932 5884
f 5868 5842 5807
f 5870 5869 5843
f 5900 5974 5750
f 5886 5542 5901
f 5542 5793 5901
f 5919 5853 5751
f 6016 5990 5751
f 5751 5845 6016
f 5892 5940 5831
f 5927 5721 5722
f 5857 5832 5763
f 5909 5876 6036
f 5827 5831 5940
f 5967 5721 5927
f 5976 5875 5937
f 5875 5801 5938
f 5939 5802 6087
f 5895 5862 6025
f 6025 5847 5911
f 5912 5911 5847
f 5912 5835 5929
f 6066 5970 5836
f 5836 5824 5943
f 5930 5865 5837
f 5881 5915 5880
f 5852 5916 5841
f 5947 5867 5842
f 6016 5845 5871
f 5777 5795 5904
f 5872 5904 5795
f 5963 5905 5822
f 5829 5820 5934
f 5820 5907 5934
f 6062 5992 5780
f 5780 5828 6062
f 5908 5937 5875
f 5938 5908 5875
f 5909 5938 5801
f 5876 5877 5978
f 5939 5978 5877
f 5957 6087 5802
f 5944 5943 5824
f 5825 6009 5913
f 5817 5864 5897
f 5930 5864 5865
f 5914 5930 5837
f 5945 5914 5848
f 5848 5879 5945
f 5882 5883 5965
f 5852 5884 5917
f 5884 5932 5917
f 5947 5842 5868
f 5869 5868 5774
f 5818 5886 6002
f 5793 5809 5918
f 5919 5918 5809
f 5887 5854 5921
f 5889 5923 5856
f 5846 5777 6003
f 5777 5904 6003
f 5963 5755 5924
f 5925 9736 5755
f 6006 5754 5858
f 5858 5906 6006
f 5934 5926 5829
f 5907 5873 5960
f 5873 5890 5961
f 5891 5961 5890
f 5859 5860 6022
f 5766 6022 5860
f 5892 5967 5981
f 5975 5927 5722
f 5941 5895 5928
f 5895 6025 5928
f 5950 5949 5896
f 5896 5897 5950
f 6011 6128 5879
f 5952 5931 5898
f 5899 5883 5790
f 5899 5866 6000
f 5973 5916 5852
f 6013 5870 5844
f 6002 5948 5818
f 6145 6002 5886
f 5855 6103 5933
f 5923 5956 5856
f 5926 5934 6117
f 5874 5935 5766
f 5980 5979 5861
f 5861 5798 5980
f 5938 5909 5982
f 6036 5982 5909
f 5978 5939 6087
f 5834 5893 6065
f 5894 5895 5941
f 5835 5823 5942
f 5897 5864 5951
f 5930 5914 5951
f 6111 5945 5879
f 5987 5952 5898
f 5898 5882 5987
f 5965 5987 5882
f 5953 6000 5866
f 5808 6043 5844
f 5948 6069 5885
f 5901 6145 5886
f 5751 5990 5919
f 5922 5903 6116
f 5963 5991 5905
f 5754 6006 5977
f 6085 5934 5907
f 5961 5960 5873
f 5936 5968 5874
f 6072 5993 5832
f 5832 5857 6072
f 6009 5878 6049
f 5985 5949 5950
f 5897 5951 5950
f 5864 5930 5951
f 6128 6111 5879
f 6040 6012 5788
f 5952 5881 5931
f 5954 5953 5850
f 5916 5954 5850
f 5966 5932 5683
f 6013 5844 6043
f 5974 5900 6014
f 5955 5887 6173
f 5888 5933 6054
f 6103 6054 5933
f 5991 5904 5872
f 9736 5924 5755
f 5977 5959 5828
f 5926 6117 5906
f 5891 5859 6021
f 6022 6021 5859
f 5935 5962 5766
f 5975 5832 5993
f 5908 5994 5937
f 6036 5876 5978
f 6065 5958 5834
f 5940 5892 5995
f 9741 5910 5997
f 5928 6047 5941
f 5911 5912 5983
f 5912 5929 5983
f 5943 6066 5836
f 5863 5949 5971
f 5788 5946 6129
f 5868 5869 6001
f 5808 5974 6051
f 5901 5793 6044
f 9734 5924 9736
f 5960 6085 5907
f 5962 6022 5766
f 6024 5980 5798
f 5969 6024 5798
f 5959 6062 5828
f 5997 5910 5998
f 5970 5942 5823
f 5944 6126 5943
f 5878 5863 6049
f 5984 5971 5949
f 5949 5985 5984
f 6089 5972 5951
f 5951 5914 6089
f 5914 5945 6089
f 6129 6040 5788
f 5915 5881 6027
f 5852 5917 5989
f 6051 6043 5808
f 6069 5948 6015
f 5918 6044 5793
f 5920 6102 5902
f 5920 5955 6052
f 5955 6173 6052
f 5956 6032 5855
f 6019 5923 5889
f 5994 5976 5937
f 5908 5938 6055
f 5982 6055 5938
f 5957 5958 6123
f 6065 6037 5958
f 6083 5977 6006
f 5934 6070 6117
f 5960 5961 6060
f 5968 5936 6071
f 5936 5779 6071
f 5991 6004 5904
f 5963 5924 6005
f 6005 5924 9734
f 9741 5997 5996
f 5964 5998 5910
f 6047 5964 5941
f 6047 5928 6048
f 5944 5913 5999
f 5971 6049 5863
f 6026 5985 5950
f 5950 5951 5972
f 5946 5986 6129
f 5987 5965 6028
f 5965 5883 6028
f 5883 5899 6068
f 5899 6000 6029
f 5973 5852 5989
f 5966 5867 6080
f 6002 6015 5948
f 5919 6081 5918
f 5871 5902 6186
f 6102 6186 5902
f 6052 6102 5920
f 6017 6173 5887
f 6017 5887 5921
f 5921 5922 6133
f 6046 6019 5889
f 5889 5846 6046
f 6003 6046 5846
f 5967 5927 5981
f 6036 5978 6056
f 5893 5827 6008
f 5827 5940 6008
f 5940 5995 6008
f 6060 5961 6020
f 6137 6071 5779
f 5779 5979 6137
f 5984 5985 6067
f 5950 5972 6026
f 5881 6041 6027
f 5899 6029 6068
f 5988 6000 5953
f 5954 5988 5953
f 5916 5973 6030
f 5932 5966 6132
f 6001 6042 5868
f 6013 6113 5870
f 6051 5974 6014
f 6069 5900 5885
f 6044 6145 5901
f 6053 5903 5888
f 6054 6053 5888
f 6003 5904 6033
f 6087 5957 6123
f 6037 6123 5958
f 6075 6065 5893
f 6058 6070 5934
f 5934 6085 6058
f 6060 6059 5960
f 6020 5961 6136
f 5891 6136 5961
f 5983 6038 5911
f 6140 5999 5913
f 5881 5952 6041
f 5987 6028 6050
f 6068 6028 5883
f 5988 5954 6030
f 5916 6030 5954
f 6080 6132 5966
f 5867 5947 6031
f 6113 5869 5870
f 5990 6081 5919
f 6053 6116 5903
f 5855 6032 6103
f 6004 6033 5904
f 5975 5993 6035
f 5978 6087 6064
f 6008 6075 5893
f 5959 5977 6231
f 6085 5960 6059
f 5968 5935 5874
f 5892 5981 6063
f 6072 5857 6007
f 5857 5976 6007
f 5976 5994 6007
f 5994 5908 6055
f 6064 6056 5978
f 6065 6075 6074
f 6047 5998 5964
f 6039 6078 5929
f 5929 5835 6039
f 6208 6140 5913
f 5913 6009 6208
f 5984 6067 6088
f 6090 6129 5986
f 5986 5915 6090
f 6050 5952 5987
f 6013 6043 6114
f 6016 5871 6199
f 6018 6017 5921
f 5921 6133 6018
f 5923 6032 5956
f 6059 6060 6104
f 5891 6021 6061
f 5962 5935 6023
f 5980 6137 5979
f 5969 5992 6024
f 5992 6062 6167
f 6035 5927 5975
f 6007 5994 6122
f 5983 5929 6078
f 5942 5970 6066
f 5943 6193 6066
f 6009 6049 6168
f 6067 5985 6010
f 6079 6029 6000
f 6092 6079 6000
f 6000 5988 6092
f 5917 5932 6132
f 6031 6080 5867
f 5947 6042 6031
f 6113 6093 5869
f 6045 6103 6032
f 6033 6046 6003
f 6096 5963 6005
f 6006 5906 6084
f 6084 5906 6117
f 6063 5981 6034
f 5981 5927 6034
f 5993 6072 6213
f 6138 6008 5995
f 5996 5997 9742
f 6038 5983 6139
f 5944 5999 6126
f 5971 5984 6088
f 6112 6128 6011
f 6011 6012 6112
f 6040 6112 6012
f 6050 6041 5952
f 5917 6132 6131
f 6001 5869 6093
f 5922 6116 6133
f 6095 5923 6019
f 5991 5963 6163
f 5977 6083 6231
f 6084 6083 6006
f 6022 6061 6021
f 5980 6024 6206
f 6121 6062 5959
f 6231 6121 5959
f 5892 6063 6109
f 6055 5982 6107
f 6109 5995 5892
f 6077 9742 5997
f 6124 6077 5997
f 5998 6124 5997
f 6025 5911 6099
f 6038 6099 5911
f 5835 5942 6039
f 5942 6066 6125
f 6009 6168 6208
f 6067 6010 6169
f 5985 6026 6010
f 6050 6028 6171
f 6221 6171 6028
f 5988 6030 6092
f 6158 6092 6030
f 6016 6210 5990
f 6032 5923 6045
f 6163 6004 5991
f 6005 9738 6096
f 6231 6083 6097
f 6071 6120 5968
f 6200 6034 5927
f 6072 6007 6202
f 6036 6056 6073
f 6138 6075 6008
f 6154 6153 5998
f 6047 6154 5998
f 6049 5971 6253
f 5972 6142 6026
f 6089 5945 6143
f 5945 6111 6143
f 5915 6027 6090
f 6281 6090 6027
f 6027 6041 6100
f 6326 6100 6041
f 6028 6068 6221
f 6158 6030 6130
f 5973 6130 6030
f 6159 6113 6013
f 6114 6043 6256
f 6043 6051 6256
f 5900 6069 6160
f 6307 6145 6044
f 5918 6307 6044
f 6211 6173 6017
f 6018 6211 6017
f 6212 6054 6103
f 5923 6095 6187
f 6070 6058 6057
f 6136 5891 6178
f 6061 6178 5891
f 6061 6022 6086
f 5935 5968 6120
f 5992 6167 6024
f 9742 6077 6076
f 6124 5998 6153
f 6219 6154 6047
f 6047 6048 6219
f 6099 6038 6207
f 6126 6193 5943
f 6168 6049 6194
f 6141 6010 6026
f 6142 6141 6026
f 6100 6281 6027
f 6041 6050 6183
f 6001 6031 6042
f 6051 6014 6101
f 6210 6016 6199
f 6199 5871 6186
f 6053 6054 6146
f 6033 6004 6082
f 5927 6035 6200
f 6271 6035 5993
f 5993 6213 6271
f 6122 5994 6105
f 6055 6106 5994
f 5982 6036 6227
f 6073 6227 6036
f 6251 6073 6056
f 6056 6064 6251
f 6057 6117 6070
f 6085 6059 6205
f 6059 6104 6205
f 6104 6060 6098
f 6020 6098 6060
f 6023 6022 5962
f 6121 6167 6062
f 6122 6189 6007
f 6106 6055 6107
f 6107 5982 6227
f 6087 6123 6150
f 6204 6037 6065
f 6074 6204 6065
f 5928 6025 6099
f 6078 6139 5983
f 6126 5999 6180
f 6169 6088 6067
f 6170 6169 6010
f 6040 6129 6182
f 6221 6068 6091
f 6068 6029 6091
f 6114 6159 6013
f 5918 6081 6267
f 5990 6210 6081
f 6102 6052 6115
f 6116 6053 6094
f 6053 6146 6094
f 6019 6046 6095
f 6033 6095 6046
f 9738 6218 6096
f 6023 6086 6022
f 5935 6229 6023
f 6166 6120 6071
f 6137 6166 6071
f 6202 6007 6189
f 6106 6105 5994
f 6227 6073 6108
f 6123 6037 6204
f 6151 6138 5995
f 5995 6109 6151
f 6155 6219 6048
f 6048 5928 6155
f 5999 6140 6180
f 6194 6049 6253
f 6088 6169 6235
f 6182 6112 6040
f 6029 6079 6184
f 5989 6130 5973
f 5989 6131 6209
f 6114 6256 6159
f 6282 6256 6051
f 6212 6146 6054
f 6096 6163 5963
f 6176 6084 6117
f 6058 6085 6228
f 6205 6228 6085
f 6061 6086 6178
f 6206 6137 5980
f 6109 6063 6152
f 6174 6152 6063
f 6063 6034 6174
f 6213 6072 6201
f 6251 6108 6073
f 6099 6155 5928
f 6141 6170 6010
f 6089 6143 6127
f 6158 6157 6092
f 6093 6113 6237
f 6014 5900 6283
f 5900 6160 6283
f 6188 6187 6095
f 6033 6082 6162
f 6082 6004 6134
f 6163 6134 6004
f 6164 6083 6084
f 6176 6164 6084
f 6098 6118 6104
f 6206 6024 6230
f 6139 6207 6038
f 6110 6125 6066
f 6066 6193 6110
f 6156 6253 5971
f 5971 6088 6156
f 5972 6089 6127
f 6029 6184 6091
f 6157 6079 6092
f 6185 6130 5989
f 6001 6144 6031
f 6238 6282 6051
f 6101 6014 6283
f 6437 6307 5918
f 5918 6267 6437
f 6186 6102 6115
f 6133 6116 6357
f 6103 6045 6161
f 6045 5923 6187
f 6216 6074 6075
f 6075 6138 6216
f 6119 6086 6023
f 6119 6023 6229
f 6270 6229 5935
f 6120 6270 5935
f 6202 6201 6072
f 6108 6251 6149
f 6064 6087 6150
f 6245 6151 6109
f 6152 6245 6109
f 6235 6156 6088
f 6127 6142 5972
f 6209 6185 5989
f 6001 6093 6144
f 6222 6144 6093
f 6018 6133 6211
f 6094 6357 6116
f 6095 6033 6162
f 6135 6163 6096
f 6096 6218 6135
f 6020 6136 6165
f 6229 6269 6119
f 6166 6270 6120
f 6244 6189 6122
f 6122 6105 6244
f 6106 6175 6105
f 6106 6107 6361
f 6203 6150 6123
f 6123 6204 6203
f 6216 6204 6074
f 6124 6153 6263
f 6139 6078 6191
f 6274 6078 6039
f 6192 6274 6039
f 6039 5942 6192
f 5942 6125 6192
f 6129 6090 6220
f 6131 6132 6197
f 6051 6101 6238
f 6015 6002 6172
f 6357 6211 6133
f 6103 6308 6212
f 6148 6117 6057
f 6057 6058 6228
f 6217 6205 6104
f 6104 6118 6217
f 6178 6165 6136
f 6178 6086 6190
f 6167 6230 6024
f 6150 6251 6064
f 6151 6216 6138
f 6125 6110 6313
f 6169 6170 6278
f 6170 6141 6195
f 6141 6142 6279
f 6143 6111 6325
f 6128 6325 6111
f 6182 6129 6220
f 6281 6100 6378
f 6183 6326 6041
f 6289 6183 6050
f 6171 6289 6050
f 6132 6080 6197
f 6222 6093 6237
f 6159 6237 6113
f 6015 6160 6069
f 6002 6145 6172
f 6095 6162 6188
f 6284 6176 6117
f 6117 6148 6284
f 6098 6020 6177
f 6166 6137 6206
f 6200 6241 6034
f 6202 6189 6243
f 6215 6227 6108
f 6149 6215 6108
f 6077 6232 6076
f 6154 6263 6153
f 6099 6219 6155
f 6207 6139 6252
f 6252 6139 6179
f 6191 6179 6139
f 6143 6254 6127
f 6325 6128 6364
f 6128 6112 6364
f 6112 6182 6181
f 6290 6221 6091
f 6157 6158 6292
f 6158 6130 6185
f 6147 6308 6103
f 6187 6161 6045
f 6163 6135 6268
f 6098 6248 6118
f 6177 6020 6165
f 6086 6119 6249
f 6269 6249 6119
f 6134 6163 6268
f 6218 6268 6135
f 6193 6126 6447
f 6528 6208 6168
f 6156 6235 6266
f 6169 6278 6235
f 6195 6141 6279
f 6196 6171 6221
f 6304 6079 6157
f 6185 6292 6158
f 6185 6209 6293
f 6080 6031 6198
f 6306 6198 6031
f 6380 6238 6101
f 6240 6295 6052
f 6052 6173 6240
f 6211 6240 6173
f 6187 6188 6224
f 6174 6034 6260
f 6242 6200 6035
f 6035 6271 6242
f 6175 6106 6361
f 6361 6107 6226
f 6399 6251 6150
f 6203 6399 6150
f 6228 6205 6247
f 6177 6248 6098
f 6165 6178 6190
f 6249 6190 6086
f 6274 6191 6078
f 6180 6447 6126
f 6314 6326 6183
f 6198 6197 6080
f 6031 6144 6306
f 6256 6282 6257
f 6145 6307 6368
f 6239 6186 6223
f 6186 6115 6223
f 6244 6105 6214
f 6226 6107 6227
f 6310 6203 6204
f 6261 6310 6204
f 6097 6083 6246
f 6164 6246 6083
f 6190 6249 6340
f 6343 6230 6167
f 6167 6121 6343
f 6259 6121 6231
f 6231 6097 6312
f 6219 6099 6234
f 6192 6125 6376
f 6313 6376 6125
f 6168 6194 6275
f 6195 6278 6170
f 6142 6127 6254
f 6181 6364 6112
f 6220 6181 6182
f 6335 6289 6171
f 6290 6091 6236
f 6292 6304 6157
f 6327 6237 6159
f 6368 6172 6145
f 6186 6337 6199
f 6295 6115 6052
f 6161 6147 6103
f 6224 6161 6187
f 6268 6322 6134
f 6241 6260 6034
f 6200 6242 6241
f 6271 6213 6225
f 6213 6201 6250
f 6201 6202 6250
f 6243 6250 6202
f 6189 6244 6243
f 6175 6214 6105
f 6297 6215 6149
f 6149 6251 6298
f 6204 6216 6261
f 6248 6217 6118
f 6269 6229 6342
f 6121 6299 6343
f 6121 6259 6299
f 6134 6258 6082
f 6077 6124 6233
f 6124 6263 6233
f 6263 6154 6363
f 6264 6363 6154
f 6154 6219 6264
f 6099 6207 6265
f 6110 6193 6313
f 6194 6253 6275
f 6303 6254 6143
f 6220 6090 6288
f 6090 6281 6288
f 6183 6289 6314
f 6091 6184 6236
f 6255 6184 6079
f 6079 6304 6255
f 6305 6294 6209
f 6209 6197 6305
f 6199 6356 6210
f 6295 6223 6115
f 6345 6261 6216
f 6216 6151 6262
f 6151 6245 6262
f 6245 6152 6311
f 6057 6228 6429
f 6360 6270 6166
f 9574 6268 6218
f 6218 6232 9574
f 6265 6234 6099
f 6207 6324 6265
f 6447 6313 6193
f 6180 6140 6391
f 6143 6325 6303
f 6220 6288 6424
f 6290 6196 6221
f 6144 6222 6306
f 6210 6267 6081
f 6224 6188 6369
f 6262 6345 6216
f 6097 6246 6312
f 6331 6246 6164
f 6176 6331 6164
f 6057 6429 6148
f 6247 6429 6228
f 6217 6247 6205
f 6248 6177 6319
f 6342 6229 6359
f 6270 6359 6229
f 6166 6206 6402
f 6231 6312 6259
f 6232 6077 6333
f 6191 6274 6348
f 6302 6140 6208
f 6253 6156 6276
f 6235 6278 6277
f 6236 6184 6291
f 6336 6304 6292
f 6294 6293 6209
f 6198 6353 6197
f 6380 6282 6238
f 6239 6337 6186
f 6211 6357 6468
f 6188 6162 6309
f 6258 6309 6162
f 6339 6241 6242
f 6242 6271 6339
f 6227 6215 6272
f 6297 6149 6298
f 6245 6311 6419
f 6165 6319 6177
f 6190 6320 6165
f 6342 6341 6269
f 6402 6360 6166
f 6214 6318 6244
f 6175 6329 6214
f 6226 6227 6272
f 6399 6203 6344
f 6419 6262 6245
f 6264 6219 6300
f 6234 6265 6273
f 6265 6324 6301
f 6389 6324 6207
f 6346 6389 6207
f 6207 6252 6346
f 6302 6391 6140
f 6275 6253 6276
f 6156 6266 6349
f 6277 6266 6235
f 6279 6142 6280
f 6142 6254 6280
f 6100 6326 6378
f 6171 6196 6315
f 6353 6305 6197
f 6237 6379 6222
f 6159 6256 6327
f 6257 6327 6256
f 6101 6283 6380
f 6368 6307 6381
f 6267 6210 6356
f 6356 6199 6337
f 6146 6357 6094
f 6308 6147 6317
f 6188 6309 6369
f 6258 6134 6322
f 6217 6248 6401
f 6319 6165 6472
f 6320 6472 6165
f 6249 6269 6321
f 6206 6230 6402
f 6339 6271 6225
f 6250 6225 6213
f 6318 6433 6243
f 6243 6244 6318
f 6404 6345 6262
f 6419 6404 6262
f 6174 6311 6152
f 9574 6232 6285
f 6232 6333 6285
f 6233 6286 6077
f 6233 6263 6287
f 6363 6287 6263
f 6234 6300 6219
f 6348 6179 6191
f 6352 6181 6220
f 6315 6335 6171
f 6292 6185 6463
f 6367 6463 6185
f 6306 6222 6379
f 6327 6466 6237
f 6015 6172 6160
f 6211 6296 6240
f 6212 6438 6146
f 6358 6247 6217
f 6217 6401 6358
f 6319 6371 6248
f 6340 6320 6190
f 6321 6340 6249
f 6269 6341 6321
f 6360 6359 6270
f 6174 6260 6328
f 6243 6398 6250
f 6399 6298 6251
f 6310 6344 6203
f 6286 6333 6077
f 6301 6375 6265
f 6447 6180 6391
f 6208 6528 6302
f 6413 6528 6168
f 6168 6377 6413
f 6275 6377 6168
f 6156 6349 6276
f 6424 6352 6220
f 6378 6288 6281
f 6185 6293 6367
f 6355 6257 6282
f 6380 6355 6282
f 6296 6211 6468
f 6357 6146 6382
f 6308 6438 6212
f 6470 6312 6246
f 6246 6331 6470
f 6370 6247 6358
f 6362 6323 9574
f 6285 6362 9574
f 6287 6286 6233
f 6363 6264 6334
f 6300 6334 6264
f 6273 6300 6234
f 6273 6265 6375
f 6346 6252 6347
f 6179 6347 6252
f 6348 6274 6446
f 6274 6192 6446
f 6376 6446 6192
f 6254 6303 6414
f 6289 6335 6314
f 6236 6316 6290
f 6255 6291 6184
f 6354 6379 6237
f 6466 6354 6237
f 6356 6437 6267
f 6239 6406 6337
f 6174 6328 6420
f 6418 6250 6398
f 6297 6272 6215
f 6298 6435 6297
f 6456 6284 6148
f 6332 6429 6247
f 6370 6332 6247
f 6360 6402 6492
f 6322 6268 6323
f 6285 6333 6474
f 6277 6278 6422
f 6477 6422 6278
f 6195 6279 6449
f 6280 6351 6279
f 6394 6255 6304
f 6353 6294 6305
f 6580 6381 6307
f 6307 6437 6580
f 6454 6382 6146
f 6438 6454 6146
f 6438 6308 6519
f 6317 6519 6308
f 6369 6309 6396
f 6258 6396 6309
f 6260 6241 6338
f 6241 6339 6338
f 6433 6398 6243
f 6329 6175 6361
f 6311 6174 6420
f 6400 6176 6284
f 6230 6343 6372
f 6412 6376 6313
f 6447 6412 6313
f 6276 6377 6275
f 6350 6278 6195
f 6195 6449 6350
f 6537 6424 6288
f 6288 6378 6537
f 6378 6326 6496
f 6393 6326 6314
f 6335 6479 6314
f 6335 6315 6366
f 6316 6196 6290
f 6463 6336 6292
f 6223 6406 6239
f 6468 6357 6382
f 6147 6161 6317
f 6418 6225 6250
f 6399 6532 6298
f 6310 6261 6385
f 6443 6419 6311
f 6400 6331 6176
f 6284 6456 6400
f 6371 6401 6248
f 6472 6320 6430
f 6473 6430 6320
f 6320 6340 6473
f 6431 6340 6321
f 6230 6372 6417
f 6373 6258 6322
f 6273 6334 6300
f 6375 6301 6410
f 6301 6324 6411
f 6278 6350 6477
f 6280 6254 6414
f 6303 6478 6414
f 6393 6496 6326
f 6452 6293 6294
f 6488 6198 6306
f 6466 6327 6467
f 6327 6257 6516
f 6407 6317 6161
f 6161 6224 6407
f 6397 6339 6225
f 6318 6214 6403
f 6361 6483 6329
f 6226 6272 6434
f 6330 6434 6272
f 6341 6431 6321
f 6373 6322 6387
f 6322 6323 6428
f 6323 6362 6428
f 6374 6474 6333
f 6286 6374 6333
f 6390 6347 6179
f 6348 6390 6179
f 6392 6377 6276
f 6279 6351 6449
f 6325 6364 6436
f 6352 6364 6181
f 6426 6479 6335
f 6335 6366 6426
f 6236 6415 6316
f 6236 6291 6427
f 6294 6353 6395
f 6464 6488 6306
f 6379 6464 6306
f 6160 6380 6283
f 6172 6368 6453
f 6356 6337 6406
f 6406 6223 6489
f 6418 6397 6225
f 6403 6481 6318
f 6329 6403 6214
f 6383 6330 6272
f 6297 6383 6272
f 6385 6344 6310
f 6441 6148 6429
f 6431 6473 6340
f 6343 6299 6372
f 6481 6433 6318
f 6329 6586 6403
f 6226 6483 6361
f 6384 6383 6297
f 6435 6384 6297
f 6435 6298 6532
f 6388 6362 6285
f 6392 6276 6349
f 6424 6537 6365
f 6425 6393 6314
f 6314 6479 6425
f 6451 6394 6304
f 6304 6336 6451
f 6497 6367 6293
f 6353 6198 6416
f 6408 6407 6224
f 6373 6396 6258
f 6485 6470 6331
f 6400 6485 6331
f 6441 6456 6148
f 6544 6542 6358
f 6358 6401 6544
f 6342 6386 6341
f 6402 6230 6417
f 6299 6259 6459
f 6338 6328 6260
f 6338 6339 6531
f 6339 6397 6531
f 6404 6494 6345
f 6420 6443 6311
f 6285 6474 6388
f 6287 6421 6286
f 6287 6363 6460
f 6334 6460 6363
f 6301 6411 6410
f 6390 6348 6462
f 6446 6462 6348
f 6303 6325 6436
f 6316 6315 6196
f 6463 6451 6336
f 6452 6497 6293
f 6395 6452 6294
f 6160 6172 6453
f 6381 6453 6368
f 6437 6356 6405
f 6295 6489 6223
f 6439 6224 6369
f 6396 6439 6369
f 6387 6322 6428
f 6370 6358 6559
f 6542 6559 6358
f 6319 6490 6371
f 6386 6342 6432
f 6359 6432 6342
f 6545 6372 6299
f 6259 6312 6459
f 6460 6421 6287
f 6273 6375 6409
f 6324 6389 6411
f 6389 6535 6526
f 6461 6389 6346
f 6508 6346 6347
f 6643 6392 6349
f 6349 6266 6448
f 6266 6277 6448
f 6364 6352 6423
f 6496 6537 6378
f 6415 6236 6427
f 6427 6291 6450
f 6394 6450 6255
f 6394 6451 6514
f 6497 6463 6367
f 6488 6416 6198
f 6257 6355 6516
f 6296 6295 6240
f 6493 6330 6383
f 6385 6261 6602
f 6429 6332 6572
f 6559 6332 6370
f 6490 6503 6371
f 6471 6490 6319
f 6319 6472 6471
f 6299 6459 6545
f 6423 6436 6364
f 6415 6512 6316
f 6296 6468 6498
f 6522 6531 6397
f 6397 6418 6522
f 6433 6486 6398
f 6385 6602 6505
f 6400 6456 6440
f 6503 6544 6401
f 6401 6371 6503
f 6359 6360 6492
f 6312 6470 6459
f 6483 6482 6329
f 6344 6385 6505
f 6602 6261 6345
f 6345 6494 6602
f 6516 6467 6327
f 6380 6160 6529
f 6160 6453 6529
f 6453 6381 6517
f 6580 6517 6381
f 6406 6405 6356
f 6500 6396 6373
f 6375 6410 6445
f 6461 6535 6389
f 6446 6376 6510
f 6376 6412 6510
f 6447 6391 6609
f 6302 6528 6527
f 6277 6422 6448
f 6414 6351 6280
f 6366 6315 6553
f 6427 6480 6415
f 6386 6431 6341
f 6492 6432 6359
f 6328 6548 6420
f 6614 6522 6418
f 6442 6493 6383
f 6383 6384 6442
f 6435 6442 6384
f 6399 6344 6484
f 6505 6484 6344
f 6404 6419 6506
f 6443 6506 6419
f 6409 6375 6475
f 6445 6475 6375
f 6526 6411 6389
f 6366 6553 6426
f 6315 6316 6553
f 6514 6450 6394
f 6295 6296 6518
f 6317 6407 6455
f 6439 6408 6224
f 6387 6428 9761
f 6456 6441 6457
f 6648 6441 6429
f 6429 6572 6648
f 6492 6402 6458
f 6402 6417 6458
f 6531 6584 6328
f 6328 6338 6531
f 6418 6398 6585
f 6486 6585 6398
f 6532 6399 6484
f 6506 6494 6404
f 6507 9761 6362
f 6362 6388 6507
f 6334 6273 6444
f 6409 6444 6273
f 6508 6461 6346
f 6412 6447 6476
f 6495 6609 6391
f 6391 6302 6495
f 6511 6413 6377
f 6392 6511 6377
f 6551 6422 6477
f 6512 6553 6316
f 6512 6415 6577
f 6480 6577 6415
f 6623 6452 6395
f 6465 6464 6354
f 6354 6466 6465
f 6580 6437 6540
f 6405 6593 6437
f 6489 6295 6518
f 6382 6454 6469
f 6407 6408 6499
f 6440 6485 6400
f 6472 6430 6530
f 6586 6481 6403
f 6586 6329 6482
f 6443 6420 6547
f 6444 6460 6334
f 6510 6462 6446
f 6609 6476 6447
f 6449 6351 6596
f 6352 6424 6552
f 6591 6496 6393
f 6425 6479 6611
f 6480 6427 6513
f 6427 6450 6513
f 6623 6395 6487
f 6416 6487 6395
f 6557 6516 6355
f 6592 6529 6453
f 6438 6660 6454
f 6558 6499 6408
f 6408 6439 6558
f 6457 6440 6456
f 6502 6572 6332
f 6332 6559 6502
f 6459 6470 6504
f 6500 6387 9757
f 6387 9761 9757
f 6444 6421 6460
f 6525 6410 6411
f 6411 6526 6525
f 6347 6390 6509
f 6462 6509 6390
f 6393 6425 6591
f 6451 6463 6539
f 6463 6497 6579
f 6515 6488 6464
f 6464 6465 6515
f 6466 6467 6556
f 6516 6556 6467
f 6674 6557 6355
f 6355 6380 6674
f 6517 6592 6453
f 6593 6540 6437
f 6518 6296 6688
f 6469 6498 6468
f 6468 6382 6469
f 6660 6469 6454
f 6455 6519 6317
f 6499 6455 6407
f 6567 6439 6396
f 6520 6567 6396
f 6548 6328 6584
f 6600 6486 6433
f 6433 6481 6600
f 6548 6547 6420
f 6470 6485 6501
f 6441 6648 6457
f 6503 6490 6560
f 6471 6472 6530
f 6473 6521 6430
f 6562 6473 6431
f 6431 6386 6582
f 6535 6461 6719
f 6756 6349 6448
f 6477 6350 6551
f 6303 6436 6727
f 6552 6424 6365
f 6553 6512 6565
f 6613 6674 6380
f 6380 6529 6613
f 6569 6531 6522
f 6614 6418 6585
f 6571 6483 6226
f 6226 6434 6571
f 6330 6493 6574
f 6442 6435 6532
f 6432 6491 6386
f 6569 6667 6531
f 6434 6330 6575
f 6374 6523 6474
f 6409 6475 6524
f 6525 6564 6410
f 6462 6510 6550
f 6590 6350 6449
f 6449 6596 6590
f 6536 6596 6351
f 6351 6414 6536
f 6673 6591 6425
f 6425 6611 6673
f 6513 6577 6480
f 6623 6497 6452
f 6406 6541 6405
f 6406 6489 6676
f 6489 6518 6626
f 6438 6566 6660
f 6566 6438 6519
f 9757 6520 6500
f 6470 6501 6583
f 6544 6503 6632
f 6490 6471 6573
f 6530 6573 6471
f 6562 6561 6473
f 6695 6562 6431
f 6582 6695 6431
f 6491 6582 6386
f 6432 6492 6629
f 6504 6545 6459
f 6583 6504 6470
f 6482 6483 6601
f 6574 6575 6330
f 6546 6574 6493
f 6493 6442 6546
f 6533 6506 6443
f 6443 6547 6533
f 6444 6409 6524
f 6564 6445 6410
f 6719 6461 6549
f 6461 6508 6549
f 6508 6347 6509
f 6509 6462 6550
f 6302 6527 6495
f 6589 6643 6349
f 6349 6756 6589
f 6414 6478 6536
f 6727 6478 6303
f 6552 6423 6352
f 6513 6450 6554
f 6514 6554 6450
f 6579 6539 6463
f 6556 6599 6465
f 6465 6466 6556
f 6516 6557 6659
f 6498 6688 6296
f 6503 6560 6632
f 6573 6560 6490
f 6473 6561 6521
f 6417 6372 6651
f 6372 6545 6651
f 6522 6614 6570
f 6571 6434 6575
f 6494 6506 6533
f 6563 6388 6474
f 6523 6563 6474
f 6421 6444 6576
f 6524 6475 6608
f 6475 6445 6608
f 6594 6564 6525
f 6719 6772 6535
f 6588 6550 6510
f 6510 6412 6588
f 6476 6588 6412
f 6620 6422 6551
f 6350 6590 6621
f 6478 6727 6622
f 6553 6565 6656
f 6577 6685 6512
f 6514 6451 6538
f 6487 6416 6612
f 6416 6488 6612
f 6659 6556 6516
f 6676 6489 6626
f 6518 6581 6626
f 6688 6581 6518
f 6567 6558 6439
f 6485 6440 6669
f 6544 6543 6542
f 6570 6569 6522
f 6532 6546 6442
f 6724 6620 6551
f 6551 6350 6621
f 6622 6536 6478
f 6553 6656 6426
f 6515 6612 6488
f 6592 6613 6529
f 6676 6541 6406
f 6499 6558 6647
f 6733 6558 6567
f 6669 6501 6485
f 6440 6457 6669
f 6714 6683 6572
f 6572 6502 6714
f 6573 6530 6605
f 6432 6629 6491
f 6492 6458 6629
f 6668 6545 6504
f 6667 6584 6531
f 6585 6708 6614
f 6571 6601 6483
f 6799 6533 6547
f 6534 6799 6547
f 6606 6640 6507
f 6507 6388 6606
f 6643 6589 6863
f 6727 6436 6728
f 6611 6479 6655
f 6426 6655 6479
f 6565 6512 6597
f 6538 6451 6539
f 6497 6623 6555
f 6543 6559 6542
f 6530 6521 6605
f 6548 6584 6747
f 6634 6575 6574
f 6574 6546 6634
f 6532 6616 6546
f 6484 6616 6532
f 6617 6505 6602
f 6547 6548 6534
f 6525 6526 6594
f 6642 6594 6526
f 6526 6535 6642
f 6595 6549 6508
f 6508 6509 6595
f 6528 6413 6741
f 6620 6448 6422
f 6725 6724 6551
f 6621 6725 6551
f 6597 6512 6685
f 6554 6514 6578
f 6515 6465 6646
f 6599 6646 6465
f 6659 6599 6556
f 6816 6674 6613
f 6593 6405 6541
f 6455 6499 6786
f 6631 6633 6560
f 6560 6573 6631
f 6629 6458 6650
f 6417 6650 6458
f 6563 6606 6388
f 6564 6594 6703
f 6392 6643 6831
f 6610 6365 6537
f 6537 6496 6610
f 6758 6610 6496
f 6496 6591 6758
f 6597 6656 6565
f 6539 6579 6687
f 6598 6579 6497
f 6497 6555 6598
f 6469 6660 6744
f 6566 6519 6627
f 6567 6568 6733
f 6585 6486 6615
f 6583 6501 6750
f 6648 6572 6670
f 6559 6543 6630
f 6632 6560 6633
f 6521 6561 6605
f 6491 6825 6582
f 6747 6534 6548
f 6569 6570 6662
f 6600 6663 6486
f 6634 6546 6628
f 6616 6628 6546
f 6484 6505 6635
f 6617 6635 6505
f 6494 6533 6636
f 6618 6587 9974
f 6523 9652 6912
f 6619 6444 6524
f 6607 6619 6524
f 6524 6608 6684
f 6509 6550 6654
f 6550 6588 6654
f 6511 6741 6413
f 6511 6392 6831
f 6365 6881 6552
f 6655 6645 6611
f 6685 6577 6705
f 6554 6657 6513
f 6578 6514 6658
f 6487 6624 6623
f 6599 6659 6782
f 6803 6517 6580
f 6558 6733 6647
f 6669 6604 6501
f 6714 6502 6630
f 6502 6559 6630
f 6632 6543 6544
f 6573 6605 6631
f 6605 6561 6682
f 6825 6695 6582
f 6652 6668 6504
f 6504 6583 6652
f 6662 6667 6569
f 6840 6570 6614
f 6708 6585 6615
f 6615 6486 6663
f 6523 6738 6563
f 6576 6444 6641
f 6445 6564 6702
f 6423 6728 6436
f 6423 6552 6742
f 6656 6655 6426
f 6646 6612 6515
f 6519 6455 6627
f 6786 6627 6455
f 9759 6568 9757
f 6572 6683 6670
f 6633 6631 6672
f 6561 6562 6682
f 6677 6639 9974
f 6639 9767 6618
f 6563 6738 6818
f 6738 6523 6912
f 6608 6445 6700
f 6642 6703 6594
f 6753 6535 6772
f 6719 6549 6773
f 6721 6773 6549
f 6549 6595 6721
f 6704 6527 6528
f 6528 6741 6704
f 6590 6596 6726
f 6577 6513 6705
f 6657 6705 6513
f 6625 6624 6487
f 6541 6760 6593
f 6732 6498 6469
f 6469 6744 6732
f 6566 6837 6660
f 6481 6586 6710
f 6586 6482 6664
f 6601 6664 6482
f 6617 6602 6679
f 6636 6679 6602
f 6602 6494 6636
f 6534 6763 6799
f 6631 6605 9964
f 6695 6682 6562
f 6651 6650 6417
f 6698 6651 6545
f 6750 6652 6583
f 9981 6677 9974
f 6700 6445 6702
f 6535 6753 6642
f 6595 6509 6653
f 6654 6588 6849
f 6704 6495 6527
f 6832 6756 6448
f 6644 6448 6620
f 6821 6621 6590
f 6726 6821 6590
f 6727 6728 6757
f 6742 6552 6881
f 6591 6673 6758
f 6656 6597 6729
f 6554 6578 6657
f 6538 6658 6514
f 6759 6598 6555
f 6647 6733 6661
f 9758 6733 6568
f 6840 6662 6570
f 6708 6840 6614
f 6710 6600 6481
f 6484 6635 6693
f 6617 6679 6843
f 6618 6765 6587
f 6563 6818 6606
f 6912 9652 6717
f 6619 6641 6444
f 6654 6653 6509
f 6448 6644 6832
f 6611 6645 6673
f 6775 6729 6597
f 6685 6775 6597
f 6578 6658 6686
f 6623 6624 6555
f 6923 6555 6624
f 6624 6625 6781
f 6852 6613 6592
f 6803 6580 6675
f 6580 6540 6675
f 6688 6498 6732
f 6744 6660 6761
f 6710 6709 6600
f 6664 6710 6586
f 6799 6712 6533
f 6534 6747 6763
f 6638 6765 6618
f 6545 6668 6698
f 6501 6604 6750
f 6714 6630 6649
f 6630 6543 6715
f 6633 6770 6632
f 9767 6639 6665
f 6457 6648 6699
f 6671 6543 6632
f 6632 6770 6671
f 9964 6605 6713
f 6605 6682 6713
f 6491 6749 6825
f 6691 6778 6747
f 6747 6584 6691
f 6667 6691 6584
f 6666 6707 6667
f 6663 6796 6615
f 6780 6678 6575
f 6575 6634 6780
f 6746 6780 6634
f 6628 6746 6634
f 6693 6616 6484
f 6843 6635 6617
f 6636 6533 6712
f 6681 6637 6603
f 6735 6681 6603
f 6603 6587 6735
f 6689 6665 6639
f 6640 6606 6737
f 6755 6723 6476
f 6476 6609 6755
f 6863 6831 6643
f 6742 6728 6423
f 6687 6538 6539
f 6598 6687 6579
f 6625 6612 6706
f 6612 6646 6706
f 6835 6557 6674
f 6803 6592 6517
f 6760 6540 6593
f 6676 6626 6743
f 6626 6581 6743
f 6761 6785 6744
f 6911 6786 6499
f 6499 6647 6911
f 6457 6699 6669
f 6648 6670 6699
f 6671 6715 6543
f 6770 6633 6672
f 6650 6651 6697
f 6737 6771 6640
f 6716 6737 6606
f 6654 6754 6653
f 6723 6588 6476
f 6495 6755 6609
f 6794 6644 6620
f 6724 6794 6620
f 6766 6705 6657
f 6730 6686 6658
f 6802 6646 6599
f 6599 6782 6802
f 6782 6659 6731
f 6659 6557 6731
f 6966 6743 6581
f 6691 6667 6707
f 6796 6692 6615
f 6600 6709 6663
f 6601 6571 6779
f 6765 6694 6587
f 6690 6665 6689
f 6662 6666 6667
f 6692 6708 6615
f 6575 6779 6571
f 6682 6695 6895
f 6805 6604 6669
f 6699 6805 6669
f 6751 6683 6714
f 6606 6818 6716
f 6607 6641 6619
f 6739 6684 6752
f 6700 6752 6684
f 6702 6564 6703
f 6703 6642 6819
f 6862 6819 6642
f 6723 6849 6588
f 6755 6495 7072
f 6536 6726 6596
f 6536 6622 6864
f 6880 6864 6622
f 6727 6880 6622
f 6610 6881 6365
f 6658 6538 6730
f 6687 6730 6538
f 6783 6731 6557
f 6557 6835 6783
f 6836 6676 6743
f 6689 6639 6734
f 6690 6762 6665
f 6664 6601 6779
f 6678 6780 6869
f 6843 6693 6635
f 6712 6711 6636
f 6680 6637 6764
f 6808 6764 6637
f 6637 6681 6808
f 6694 6735 6587
f 6713 6682 6844
f 6491 6629 6696
f 6650 6696 6629
f 6715 6649 6630
f 6739 6792 6607
f 6700 6702 6701
f 6722 6754 6654
f 6849 6722 6654
f 6741 6511 6831
f 6831 6863 7073
f 6657 6578 6800
f 6965 6852 6592
f 6966 6581 6885
f 6817 6885 6581
f 6581 6688 6817
f 6688 6732 6817
f 6744 6785 6784
f 6837 6761 6660
f 6838 6911 6647
f 6734 6777 6689
f 6662 6840 6891
f 6796 6663 6811
f 6664 6745 6710
f 6678 6779 6575
f 6843 6814 6693
f 6825 6895 6695
f 6696 6749 6491
f 6697 6651 6896
f 6651 6698 6896
f 7002 6698 6668
f 6792 6641 6607
f 6752 6793 6739
f 6701 6752 6700
f 6703 6718 6702
f 6642 6753 6977
f 6741 6831 6830
f 6673 6645 6822
f 6800 6766 6657
f 6686 6730 6801
f 6598 6815 6687
f 6816 6835 6674
f 6613 6852 6816
f 6592 6803 6965
f 6760 6675 6540
f 6541 6676 6836
f 6627 6837 6566
f 6786 6949 6627
f 6661 6838 6647
f 6762 6776 9769
f 6798 6663 6709
f 6745 6798 6709
f 6709 6710 6745
f 6616 6693 6947
f 6814 6947 6693
f 6711 6679 6636
f 6898 6765 6638
f 6736 6898 6638
f 9964 6713 6748
f 6826 6750 6604
f 6751 6670 6683
f 6769 6751 6649
f 6649 6715 6769
f 9976 6770 6672
f 6701 6702 6718
f 6773 6720 6719
f 6849 6723 6740
f 6724 6725 6820
f 6902 6758 6673
f 6822 6902 6673
f 6645 6833 6822
f 6578 6686 6800
f 6815 6730 6687
f 6884 6923 6624
f 6624 6781 6884
f 6802 6706 6646
f 6783 7044 6731
f 6837 6627 6949
f 6776 9774 9769
f 6807 6777 6734
f 6762 6690 6824
f 6690 6777 6861
f 6691 6707 6906
f 6708 6692 6840
f 6745 6664 6841
f 6779 6841 6664
f 6767 6748 6713
f 6713 6844 6767
f 6805 6826 6604
f 6714 6649 6751
f 6788 6912 6717
f 6717 6641 6788
f 6718 6703 6790
f 6642 6977 6862
f 6720 6773 6991
f 6829 6704 6741
f 6741 6830 6829
f 6645 6655 6833
f 6598 6759 6866
f 6555 6923 6759
f 6836 6760 6541
f 6796 6919 6692
f 6779 6678 6812
f 6780 6746 6842
f 6746 6628 6842
f 6905 6711 6712
f 6712 6799 6905
f 6778 6763 6747
f 6809 6681 6735
f 6735 6694 6809
f 6810 6809 6694
f 6765 6810 6694
f 6844 6682 6768
f 6652 7002 6668
f 6845 6652 6750
f 6750 6826 6845
f 6805 6699 6915
f 6846 6715 6671
f 6827 6846 6671
f 6671 6770 6827
f 6716 6818 7065
f 6793 6752 6789
f 6719 6720 6978
f 6722 6917 6754
f 7072 6723 6755
f 6832 6589 6756
f 6794 6724 6820
f 6791 6621 6821
f 6757 6728 6774
f 6728 6742 6774
f 7028 6881 6610
f 6729 6775 6850
f 6851 9727 6685
f 6685 6705 6851
f 6759 6923 6834
f 6733 9758 6968
f 6861 6824 6690
f 6778 6691 6906
f 6906 6707 6854
f 6870 6854 6707
f 6707 6666 6870
f 6853 6870 6666
f 6666 6662 6853
f 6662 6891 6853
f 6919 6840 6692
f 6843 6679 7013
f 6679 6711 7013
f 6680 6764 9966
f 6810 6765 6898
f 6848 6898 6736
f 9582 6766 6800
f 6815 6883 6730
f 6866 6815 6598
f 6803 6675 6924
f 6743 6983 6836
f 6784 6732 6744
f 6925 6661 6733
f 6733 6968 6925
f 6895 6768 6682
f 6896 6857 6697
f 6897 6699 6670
f 6670 6751 6897
f 6846 6769 6715
f 6827 6770 9976
f 6787 6839 6771
f 6771 6737 6787
f 6788 6926 6912
f 6739 6793 6792
f 6701 6789 6752
f 6773 6721 6991
f 6653 6721 6595
f 6828 6495 6704
f 6878 6863 6589
f 6589 6832 6878
f 6725 6621 6879
f 6621 6791 6879
f 6864 6726 6536
f 6727 6757 7026
f 6959 7028 6610
f 6775 6685 6850
f 9727 6850 6685
f 9582 6851 6705
f 9774 6776 6875
f 6776 6888 6823
f 6776 6762 6888
f 6762 6824 6804
f 6861 6777 6806
f 6807 6806 6777
f 6811 6663 6797
f 6798 6797 6663
f 6841 6798 6745
f 6812 6841 6779
f 6812 6678 6962
f 6869 6962 6678
f 6628 6616 6813
f 6947 6813 6616
f 6963 6799 6763
f 6847 6808 6681
f 6924 6965 6803
f 7035 6818 6738
f 6912 7035 6738
f 6641 6792 6788
f 6819 6790 6703
f 6772 6719 6978
f 6653 6754 6917
f 7072 6495 6828
f 6880 6727 7026
f 6742 6881 6774
f 6610 6758 6959
f 6902 6959 6758
f 6850 6795 6729
f 6823 6875 6776
f 6804 6888 6762
f 6748 6767 6856
f 6650 6697 6929
f 9610 6788 6792
f 6753 6772 6978
f 6829 6828 6704
f 7027 6774 6881
f 6902 6822 6960
f 6833 6940 6822
f 6841 6868 6798
f 6799 6963 6905
f 6964 6963 6763
f 6763 6778 6964
f 6681 6809 6847
f 6908 6800 6686
f 6801 6908 6686
f 6834 6922 6759
f 6706 6802 7017
f 7104 7017 6802
f 6948 7104 6802
f 6802 6782 6948
f 6969 6787 6737
f 6737 6716 6969
f 6767 6844 6856
f 6873 6844 6768
f 6895 6825 6928
f 6696 6650 6929
f 6857 6929 6697
f 6848 6899 6898
f 6842 6869 6780
f 9582 6800 6865
f 6908 6865 6800
f 6884 6781 7016
f 6782 6731 6948
f 6981 7044 6783
f 6783 6835 6981
f 7018 6885 6817
f 6817 6732 7018
f 6784 7018 6732
f 7034 6949 6786
f 6701 6718 6877
f 6862 6901 6819
f 6644 6794 6832
f 6794 6820 6957
f 6940 6960 6822
f 6861 9984 6890
f 6768 6895 6927
f 6928 6825 6749
f 6929 6749 6696
f 6897 6915 6699
f 6769 6931 6751
f 6809 6810 6933
f 6871 6894 6848
f 9610 6792 6867
f 6876 6789 6701
f 6701 6877 6876
f 6790 6877 6718
f 6916 6862 6977
f 6978 6977 6753
f 6829 6830 6938
f 6820 6725 7222
f 6879 7222 6725
f 6908 6801 6909
f 6801 6883 6909
f 6999 6982 6852
f 6852 6965 6999
f 6887 6911 6838
f 6838 6661 6887
f 6787 9760 6839
f 6891 6840 6903
f 6840 6919 6903
f 6919 6796 6942
f 6811 6942 6796
f 6868 6841 6944
f 6842 6628 6813
f 6814 6843 6994
f 7013 6994 6843
f 6856 6844 6873
f 6845 6826 6951
f 6915 6826 6805
f 6952 6931 6769
f 6846 6952 6769
f 6846 6827 6874
f 9966 7047 6893
f 6764 6808 7047
f 6847 6809 7025
f 6898 6933 6810
f 6894 6899 6848
f 6872 9771 6934
f 6901 6790 6819
f 6991 6721 7070
f 6722 6849 6937
f 7222 6957 6820
f 6958 6791 6821
f 6821 6726 6958
f 6864 6958 6726
f 6655 6795 6882
f 6866 6883 6815
f 6922 6866 6759
f 7017 7016 6706
f 6835 6816 7171
f 6982 6816 6852
f 6761 6837 6886
f 6818 7035 7065
f 6792 6793 6867
f 6797 6798 6943
f 6868 6943 6798
f 6945 6944 6841
f 6841 6812 6945
f 6962 6869 6946
f 6778 6906 6892
f 6855 9794 9792
f 9794 6855 9784
f 6856 6873 9967
f 6927 6873 6768
f 6749 6929 6971
f 6915 7004 6826
f 6931 6986 6751
f 6858 9778 6935
f 9943 6935 9778
f 6859 6860 9763
f 6890 6824 6861
f 6916 6901 6862
f 7048 7070 6721
f 6721 6653 7048
f 6917 7048 6653
f 6849 6740 6937
f 6830 6831 7049
f 6831 7073 7049
f 6940 6833 7075
f 6833 6655 7075
f 6882 7075 6655
f 9582 6865 6921
f 7016 7084 6884
f 6948 6731 7032
f 7171 6981 6835
f 6743 6966 7173
f 6967 7018 6784
f 6785 6761 7061
f 7062 7061 6761
f 6661 6925 7112
f 6789 7021 6793
f 6876 9765 6789
f 6941 7011 6855
f 6855 9792 6941
f 6942 7012 6919
f 7077 6946 6869
f 6869 6842 7077
f 6906 6854 6907
f 9791 6907 6854
f 6854 6870 9791
f 7039 6808 6847
f 7025 7039 6847
f 6871 6872 6934
f 9771 9766 6934
f 6824 7024 6804
f 6913 6890 9984
f 7002 6652 7003
f 6897 6985 6915
f 6897 6751 6986
f 6935 7001 6858
f 7066 6860 6875
f 6900 6876 6877
f 6877 6790 6936
f 6829 6938 7258
f 6939 6863 6878
f 6757 6774 7074
f 7027 6881 6992
f 7028 6992 6881
f 6909 6980 6908
f 6883 6866 6998
f 7084 6923 6884
f 6966 6885 7033
f 6886 7062 6761
f 6786 6911 7063
f 7000 6887 6661
f 6661 7112 7000
f 6787 6969 7086
f 6912 6926 6970
f 6867 7020 9610
f 6789 9765 6950
f 6823 7066 6875
f 6853 6891 6918
f 6996 6918 6891
f 6891 6903 6996
f 6904 6811 6943
f 6811 6797 6943
f 6943 6868 6920
f 6962 6945 6812
f 6892 6964 6778
f 6894 6871 6954
f 6873 6914 9967
f 6927 6895 6928
f 6896 6698 6930
f 6698 7002 6930
f 6951 7003 6652
f 6652 6845 6951
f 7004 6951 6826
f 6972 6985 6897
f 6986 6972 6897
f 6953 6952 6846
f 6846 6874 6953
f 6874 9963 6953
f 7039 6987 6808
f 6933 6975 6809
f 6933 6898 6989
f 6898 6899 6989
f 6955 6954 6871
f 6900 6877 7007
f 6937 7071 6722
f 6828 6829 7008
f 7258 7008 6829
f 7073 6863 7221
f 7161 6958 6864
f 7040 6941 9792
f 6903 6919 6961
f 6942 6811 6904
f 6892 6906 7099
f 6907 7099 6906
f 6932 6893 7047
f 6921 6865 7030
f 6865 6908 6980
f 7044 7032 6731
f 6983 6910 6836
f 6743 7173 7045
f 7035 6912 6970
f 7009 9949 9958
f 7001 7015 6976
f 6976 6858 7001
f 6935 9943 9944
f 6823 6888 6984
f 6857 6896 6930
f 6931 6952 6973
f 6936 7007 6877
f 6790 6901 6990
f 7008 7072 6828
f 6939 7221 6863
f 7095 6832 6794
f 6864 6880 7202
f 7026 7202 6880
f 7040 6993 6941
f 6996 6903 6961
f 6919 7012 6961
f 6907 9791 9780
f 6921 9724 9582
f 7030 6865 6980
f 6883 7014 6909
f 6923 7084 6834
f 7104 7152 7017
f 7297 6675 6760
f 6836 7297 6760
f 6983 6743 7045
f 6785 6967 6784
f 6886 6837 6949
f 7063 7034 6786
f 7019 7063 6911
f 6911 6887 7019
f 9626 7112 6925
f 6925 6968 9626
f 9625 9760 7086
f 9760 6787 7086
f 6716 7065 6969
f 7020 6867 7021
f 6867 6793 7021
f 7037 6890 6913
f 9968 7037 6913
f 7046 6914 6873
f 6873 6927 7046
f 6928 7046 6927
f 6929 6857 7118
f 6857 6930 7118
f 6985 7004 6915
f 6931 6973 6986
f 7005 6973 6952
f 6974 7047 6808
f 6989 6975 6933
f 6899 6894 6989
f 7122 6989 6894
f 6901 6916 6990
f 7071 7048 6917
f 6878 6832 6939
f 7052 6939 6832
f 6957 7222 7050
f 7053 6960 6940
f 9945 7011 7010
f 6993 7011 6941
f 7040 9779 9789
f 7029 7012 6942
f 6904 7029 6942
f 6868 6944 6920
f 6813 6947 7165
f 6963 6995 6905
f 6979 6963 6964
f 7014 6883 6997
f 6816 6982 7171
f 6836 6910 7297
f 6949 7034 6886
f 6789 6950 7022
f 6950 9777 7022
f 6888 6889 6984
f 7024 6889 6804
f 6971 6928 6749
f 7118 6971 6929
f 7025 6809 6975
f 6954 7122 6894
f 6955 7091 6954
f 7001 6935 7057
f 6900 9770 6876
f 7093 6936 6790
f 6790 6990 7093
f 6916 6977 7069
f 7324 6991 7070
f 6938 6830 7049
f 7339 6794 6957
f 6959 6902 7108
f 6945 6962 7041
f 6946 7041 6962
f 6842 6813 7042
f 6711 6905 7078
f 6995 7078 6905
f 6979 6995 6963
f 6964 6892 6979
f 7099 6979 6892
f 7146 7099 6907
f 7033 7173 6966
f 6968 9625 9626
f 7086 7064 9625
f 7066 6823 7036
f 6984 7036 6823
f 6889 7024 7023
f 6890 7024 6824
f 6952 6953 7005
f 7006 7005 6953
f 6974 6808 6987
f 7122 6954 7091
f 6976 7015 6956
f 9944 7057 6935
f 7069 6990 6916
f 6977 6978 7069
f 6978 6720 7200
f 6991 7200 6720
f 7218 7070 7048
f 6740 7178 6937
f 7095 7052 6832
f 7139 7161 6864
f 7026 6757 7096
f 7074 7096 6757
f 7009 9945 7010
f 9788 6996 6961
f 6904 6943 7144
f 7129 7110 6943
f 6943 6920 7129
f 7042 6813 7165
f 6921 7079 9724
f 6980 6909 7126
f 7014 7126 6909
f 7060 6998 6866
f 6866 6922 7060
f 6922 6834 7060
f 7044 6981 7085
f 7033 6885 7018
f 7019 6887 7195
f 6887 7000 7195
f 7021 6789 7115
f 7022 7115 6789
f 7015 7001 7080
f 6914 7037 9968
f 6951 7004 7088
f 7004 6985 7089
f 6986 6973 7120
f 7177 6973 7005
f 7025 6975 7106
f 6989 7122 9578
f 7091 6955 7107
f 7047 7038 6932
f 6975 6989 7106
f 7200 7128 6978
f 7071 6937 7138
f 7028 6959 7051
f 6940 7075 7053
f 7097 9953 7009
f 7009 7010 7098
f 7144 6943 7110
f 7041 6944 6945
f 7077 6842 7042
f 7165 6947 7111
f 6814 7111 6947
f 6814 6994 7111
f 7078 7013 6711
f 7126 7124 6980
f 7102 6997 6998
f 6834 7084 7103
f 7087 7022 9777
f 9777 9768 7087
f 6956 7015 7192
f 9954 9948 7058
f 9770 6900 7127
f 7007 7127 6900
f 6936 7092 7007
f 7217 7069 6978
f 7128 7217 6978
f 6991 7324 7200
f 7027 7074 6774
f 7097 7009 7098
f 7011 6993 7109
f 7029 6904 7144
f 6920 6944 7129
f 7076 7129 6944
f 6946 7077 7183
f 7078 6994 7013
f 7030 6980 7123
f 7152 7130 7016
f 7016 7017 7152
f 7194 7085 6981
f 7269 7171 6982
f 7210 6982 6999
f 6999 6965 7210
f 7020 7021 7176
f 7023 7024 7117
f 7157 7117 7024
f 7024 6890 7157
f 7120 7189 6972
f 6972 6986 7120
f 7005 7006 7121
f 7038 7159 7006
f 7039 7025 7090
f 7305 7090 7025
f 7050 7222 7477
f 7053 7203 6960
f 7223 7140 7075
f 6882 7223 7075
f 7041 7076 6944
f 6994 7078 7145
f 7055 6995 6979
f 6979 7099 7055
f 7079 6921 7123
f 6921 7030 7123
f 9950 7126 7031
f 7192 7043 6956
f 7100 7015 7080
f 7056 7080 7001
f 7057 7056 7001
f 7193 7104 6948
f 7131 7230 6924
f 6924 6675 7131
f 6886 7034 7249
f 7063 7249 7034
f 7035 6970 7133
f 6984 7067 7036
f 6890 7037 7157
f 7068 7037 6914
f 6914 7046 7068
f 7046 6928 7068
f 6971 7118 7136
f 7119 7089 6985
f 6985 6972 7119
f 7189 7119 6972
f 7158 7120 6973
f 6973 7177 7158
f 6987 7039 7090
f 7025 6988 7305
f 7097 7142 9953
f 6993 7040 7162
f 7054 7162 7012
f 7012 7029 7054
f 7183 7041 6946
f 7100 7192 7015
f 7101 7056 7057
f 7149 7058 9948
f 7081 7149 9948
f 7060 7102 6998
f 7170 7060 6834
f 7130 7084 7016
f 7085 7032 7044
f 7154 7020 7114
f 7176 7114 7020
f 7066 7036 7134
f 6889 7023 7156
f 7135 7068 6928
f 6928 6971 7135
f 7234 7003 6951
f 7089 7088 7004
f 7159 7121 7006
f 7025 7106 6988
f 7106 6989 9578
f 7127 7007 7092
f 7069 7094 6990
f 7138 6937 7257
f 7178 7257 6937
f 7072 7008 7179
f 7050 7339 6957
f 6864 7202 7139
f 7027 6992 7309
f 7108 7051 6959
f 7203 6902 6960
f 9729 7223 6882
f 7216 7255 6936
f 7093 7216 6936
f 7094 7093 6990
f 7201 6740 6723
f 6723 7072 7201
f 6794 7339 7095
f 6879 6791 7259
f 6791 6958 7259
f 7202 7026 7096
f 7010 7011 7109
f 7144 7054 7029
f 7057 7058 7101
f 6997 7102 7169
f 6834 7103 7170
f 6675 7297 7131
f 7231 7033 7018
f 7153 7113 7086
f 7086 6969 7153
f 6969 7065 7212
f 7065 7035 7212
f 7133 7212 7035
f 7133 6970 7175
f 7067 6984 7155
f 7117 7156 7023
f 7136 7135 6971
f 7105 6930 7002
f 7002 7003 7105
f 7160 7159 7038
f 7038 7047 7160
f 7047 6974 7160
f 6987 7215 6974
f 7091 7107 7254
f 7092 6936 7255
f 7200 7238 7128
f 7218 7324 7070
f 7218 7048 7239
f 7071 7239 7048
f 7178 6740 7394
f 7201 7394 6740
f 7072 7179 7201
f 7073 7221 7476
f 7221 6939 7241
f 7339 7050 7477
f 7074 7275 7096
f 7261 6992 7028
f 7028 7051 7261
f 7203 7108 6902
f 7180 7203 7053
f 7140 7053 7075
f 7142 7141 9953
f 7109 7098 7010
f 6993 7162 7143
f 7184 7099 7146
f 7079 7123 7181
f 7124 7123 6980
f 7124 7126 7125
f 9782 7043 7265
f 7101 7058 7149
f 7082 7167 7081
f 6997 7169 7059
f 7151 7103 7084
f 7193 6948 7032
f 7173 7172 7045
f 7173 7033 7248
f 7018 6967 7231
f 7064 7086 7113
f 7115 7022 7087
f 7087 9768 7116
f 7067 7134 7036
f 7156 7155 6984
f 6984 6889 7156
f 7068 7197 7037
f 6951 7088 7234
f 7122 7091 7191
f 7069 7217 7290
f 7476 7049 7073
f 6939 7052 7241
f 7309 7074 7027
f 7141 7142 7182
f 7143 7109 6993
f 7054 7163 7162
f 7129 7076 7207
f 7041 7183 7263
f 7184 7055 7099
f 7185 9785 7166
f 7149 7148 7101
f 7167 7149 7081
f 7102 7060 7247
f 7151 7187 7103
f 7152 7104 7268
f 7193 7268 7104
f 7193 7032 7370
f 7085 7370 7032
f 7211 7210 6965
f 6965 6924 7211
f 7230 7211 6924
f 6910 6983 7132
f 6983 7045 7132
f 7045 7172 7132
f 6785 7188 6967
f 6785 7061 7188
f 7000 7112 7279
f 9747 7116 9764
f 9764 7134 9747
f 7136 7251 7135
f 7121 7177 7005
f 7236 7121 7159
f 7199 6987 7090
f 7090 7305 7199
f 7254 7191 7091
f 7340 7259 6958
f 7097 7098 7205
f 7144 7110 7164
f 7246 7183 7077
f 7042 7246 7077
f 7145 7165 7111
f 7111 6994 7145
f 6995 7055 7225
f 7186 7166 9782
f 7265 7186 9782
f 7265 7043 7226
f 7056 7101 7147
f 7083 7059 7168
f 7059 7169 7168
f 6981 7171 7194
f 7061 7062 7188
f 7232 7112 9626
f 6970 7154 7175
f 7176 7299 7114
f 7176 7021 7213
f 7021 7115 7213
f 7087 7213 7115
f 7117 7157 7196
f 7157 7037 7272
f 7197 7272 7037
f 7135 7197 7068
f 7136 7118 7214
f 7119 7088 7089
f 7160 6974 7215
f 7191 7137 7122
f 9723 7079 7181
f 7123 7124 7224
f 7125 7126 9950
f 7092 7323 7127
f 7093 7094 7216
f 7217 7128 7238
f 7222 6879 7422
f 7259 7422 6879
f 7621 7340 6958
f 6958 7161 7621
f 7096 7503 7202
f 7074 7309 7260
f 7261 7309 6992
f 7051 7108 7242
f 7053 7140 7180
f 7245 7054 7144
f 7164 7110 7206
f 7129 7206 7110
f 7225 7078 6995
f 7055 7184 7225
f 7147 7101 7148
f 7150 7167 7082
f 7168 7150 7082
f 7102 7247 7278
f 7229 7247 7060
f 7187 7170 7103
f 7297 7495 7131
f 7248 7033 7231
f 7188 7231 6967
f 7174 7064 7113
f 6969 7212 7153
f 7067 9747 7134
f 7214 7251 7136
f 7118 6930 7214
f 7236 7177 7121
f 6987 7199 7237
f 7254 9772 7289
f 7123 7327 7181
f 7224 7124 7125
f 7472 7216 7094
f 7094 7069 7290
f 7220 7258 6938
f 6938 7049 7220
f 7275 7503 7096
f 7223 7341 7140
f 9960 7125 9950
f 7205 7182 7142
f 7142 7097 7205
f 7098 7109 7243
f 7109 7143 7244
f 7144 7164 7245
f 7076 7041 7347
f 7263 7347 7041
f 7042 7165 7246
f 7208 7100 7080
f 7056 7208 7080
f 7148 7149 7294
f 7102 7278 7169
f 7060 7170 7229
f 7084 7130 7151
f 7173 7352 7172
f 7112 7232 7279
f 7175 7154 7281
f 7155 7156 7328
f 7196 7233 7117
f 6930 7105 7214
f 7252 7234 7088
f 7088 7119 7285
f 7119 7189 7335
f 7160 7236 7159
f 7160 7215 7321
f 7237 7215 6987
f 7092 7255 7362
f 7408 7291 7095
f 7095 7339 7408
f 7108 7203 7325
f 7181 7271 9723
f 7271 7181 7327
f 7224 7327 7123
f 7182 7204 7141
f 7143 7162 7311
f 7163 7311 7162
f 7347 7207 7076
f 7184 7146 7276
f 7192 7226 7043
f 7209 7149 7167
f 7150 7295 7167
f 7495 7230 7131
f 7248 7352 7173
f 7249 7062 6886
f 7249 7063 7354
f 7250 7063 7019
f 7019 7195 7250
f 7195 7000 7371
f 7279 7371 7000
f 7213 7087 9744
f 7155 7328 7067
f 7233 7156 7117
f 7272 7196 7157
f 7329 7105 7003
f 7003 7234 7329
f 7285 7252 7088
f 7189 7120 7287
f 7158 7287 7120
f 7158 7177 7287
f 6988 7106 7190
f 7106 9578 7190
f 9602 7190 9578
f 9578 7137 9602
f 7094 7290 7307
f 7238 7200 7380
f 7179 7008 7240
f 7052 7095 7291
f 7242 7108 7325
f 7180 7292 7203
f 7365 7292 7180
f 7205 7098 7243
f 7245 7163 7054
f 7206 7129 7207
f 7183 7246 7348
f 7264 7145 7078
f 7078 7225 7264
f 7276 7225 7184
f 7208 7192 7100
f 7294 7147 7148
f 7295 7209 7167
f 7295 7150 7227
f 7150 7168 7228
f 7169 7228 7168
f 7266 7169 7278
f 7267 7151 7130
f 7194 7171 7411
f 7171 7269 7411
f 7188 7062 7413
f 7174 7113 7270
f 7356 7212 7133
f 7287 7286 7189
f 7287 7177 7235
f 7236 7235 7177
f 7274 7236 7160
f 7306 7199 7305
f 9602 7137 7322
f 7345 7245 7164
f 7206 7345 7164
f 7263 7183 7348
f 7276 7146 7185
f 7277 7166 7186
f 7150 7228 7227
f 7266 7228 7169
f 7388 7231 7188
f 7250 7354 7063
f 7371 7250 7195
f 7283 7328 7156
f 7156 7233 7283
f 7198 7272 7197
f 7197 7135 7198
f 7135 7251 7198
f 7214 7273 7251
f 7252 7285 7303
f 7335 7285 7119
f 7335 7189 7286
f 7218 7239 7219
f 7008 7258 7240
f 7490 7220 7049
f 7242 7261 7051
f 9959 7224 7125
f 7204 7182 7310
f 7243 7109 7366
f 7109 7244 7366
f 7185 7166 7277
f 7208 7056 7147
f 7149 7209 7333
f 7130 7152 7268
f 7387 7132 7172
f 7352 7387 7172
f 7133 7175 7280
f 7196 7300 7233
f 7302 7273 7214
f 7214 7105 7302
f 7237 7288 7215
f 7378 7237 7199
f 7199 7306 7378
f 7253 7322 7137
f 7137 7191 7253
f 7254 7253 7191
f 7362 7323 7092
f 7255 7216 7256
f 7308 7290 7217
f 7238 7308 7217
f 7364 7238 7380
f 7239 7071 7474
f 7138 7474 7071
f 7337 7476 7221
f 7221 7241 7337
f 7291 7241 7052
f 7140 7365 7180
f 7223 9722 7341
f 7182 7205 7395
f 7243 7262 7205
f 7311 7244 7143
f 7344 7311 7163
f 7246 7165 7368
f 7145 7264 7331
f 7192 7208 7385
f 7315 7247 7229
f 7229 7170 7315
f 7267 7187 7151
f 7268 7267 7130
f 7463 7085 7194
f 7355 7279 7232
f 7280 7356 7133
f 7281 7280 7175
f 7400 7317 7213
f 9744 7400 7213
f 7067 7328 7416
f 7300 7484 7233
f 7196 7272 7320
f 7198 7251 7301
f 7252 7329 7234
f 7274 7235 7236
f 6988 7190 7360
f 7253 7254 7336
f 7307 7472 7094
f 7308 7238 7435
f 7364 7435 7238
f 7219 7239 7474
f 7477 7222 7422
f 7341 7365 7140
f 7395 7310 7182
f 7395 7205 7262
f 7293 7344 7163
f 7163 7245 7293
f 7206 7207 7424
f 7276 7264 7225
f 7277 7276 7185
f 7186 7265 7332
f 7208 7147 7313
f 7333 7294 7149
f 7278 7247 7314
f 7396 7314 7247
f 7396 7247 7315
f 7170 7316 7315
f 7268 7193 7462
f 7386 7269 6982
f 6982 7210 7386
f 7334 7386 7210
f 7210 7211 7334
f 7353 7413 7062
f 7270 7113 7483
f 7299 7176 7317
f 7176 7213 7317
f 7282 7318 9747
f 9747 7067 7282
f 7416 7282 7067
f 7272 7198 7357
f 7251 7273 7301
f 7284 7329 7252
f 7303 7284 7252
f 7287 7235 7376
f 7274 7160 7321
f 7304 7321 7215
f 7487 7305 6988
f 7289 7336 7254
f 7256 7362 7255
f 7472 7256 7216
f 7453 7200 7420
f 7324 7420 7200
f 7324 7218 7330
f 7260 7275 7074
f 7424 7345 7206
f 7346 7424 7207
f 7207 7347 7346
f 7348 7347 7263
f 7349 7368 7165
f 7165 7145 7349
f 7331 7349 7145
f 7265 7226 7332
f 7385 7312 7226
f 7226 7192 7385
f 7227 7460 7295
f 7428 7187 7267
f 7462 7410 7268
f 7411 7463 7194
f 7211 7230 7334
f 7298 7397 6910
f 7132 7298 6910
f 7532 7387 7352
f 7062 7249 7353
f 7373 7153 7212
f 7212 7356 7373
f 7224 9959 7342
f 7283 7233 7484
f 7320 7300 7196
f 7302 7301 7273
f 7329 7302 7105
f 7288 7304 7215
f 7237 7378 7377
f 7487 7306 7305
f 7360 7487 6988
f 7380 7200 7453
f 7219 7330 7218
f 7474 7138 7525
f 7257 7525 7138
f 7475 7201 7179
f 7179 7240 7475
f 7476 7490 7049
f 7622 7139 7202
f 7202 7503 7622
f 7366 7262 7243
f 7383 7293 7245
f 7345 7383 7245
f 7384 7348 7246
f 7368 7384 7246
f 7542 7333 7209
f 7227 7228 7296
f 7228 7266 7296
f 7314 7266 7278
f 7398 7248 7231
f 7388 7398 7231
f 7465 7353 7249
f 7113 7153 7414
f 7373 7446 7153
f 7317 7399 7299
f 7320 7272 7468
f 7303 7285 7335
f 7286 7287 7376
f 7235 7274 7359
f 7304 7288 7402
f 7190 9603 7360
f 7289 7323 7336
f 7290 7308 7363
f 7257 7178 7551
f 7394 7551 7178
f 7240 7258 7501
f 7220 7501 7258
f 7635 7621 7161
f 7161 7139 7635
f 7327 7224 7342
f 7310 7395 7440
f 7366 7244 7367
f 7369 7331 7264
f 7264 7276 7369
f 7332 7277 7186
f 7208 7313 7385
f 7313 7147 7426
f 7294 7333 9609
f 7460 7209 7295
f 7444 7296 7266
f 7266 7314 7444
f 7481 7316 7170
f 7187 7481 7170
f 7267 7268 7410
f 7370 7085 7482
f 6910 7495 7297
f 7328 7283 7319
f 7301 7302 7392
f 7237 7377 7288
f 7336 7323 7379
f 7434 7472 7307
f 7338 7337 7241
f 7241 7291 7338
f 7552 7309 7261
f 7242 7552 7261
f 7203 7292 7608
f 7343 9951 7204
f 7204 7310 7343
f 7382 7343 7310
f 7311 7367 7244
f 7460 7227 7351
f 7412 7352 7248
f 7413 7388 7188
f 7413 7353 7496
f 7249 7354 7465
f 7371 7279 7389
f 7355 7389 7279
f 7483 7372 7270
f 7153 7446 7414
f 7429 7356 7280
f 7282 7431 7318
f 7416 7328 7515
f 7357 7468 7272
f 7393 7392 7302
f 7376 7335 7286
f 7362 7379 7323
f 7472 7407 7256
f 7363 7307 7290
f 7330 7420 7324
f 7475 7394 7201
f 7325 7203 7437
f 7439 7438 7365
f 7365 7341 7439
f 7478 7326 7271
f 7271 7327 7409
f 7327 7342 7409
f 7328 7319 7515
f 7302 7329 7393
f 7329 7284 7375
f 7376 7432 7335
f 7359 7376 7235
f 7377 7402 7288
f 7404 9603 7322
f 7322 7253 7404
f 7253 7336 7361
f 7407 7362 7256
f 7307 7363 7434
f 7476 7337 7454
f 7291 7408 7421
f 7552 7260 7309
f 7478 9728 7326
f 7409 7478 7271
f 9951 7343 7381
f 7311 7344 7455
f 7350 7369 7276
f 7276 7277 7350
f 7277 7332 7350
f 7332 7226 7312
f 7147 7294 7426
f 7542 9609 7333
f 7398 7412 7248
f 7250 7535 7354
f 7399 7430 7281
f 7431 7282 9748
f 7320 7468 7374
f 7468 7357 7390
f 7357 7198 7391
f 7301 7391 7198
f 7301 7392 7358
f 7375 7393 7329
f 7284 7303 7449
f 7303 7335 7401
f 7335 7432 7401
f 7274 7321 7486
f 7419 7486 7321
f 7321 7304 7419
f 7402 7377 7606
f 7361 7404 7253
f 7361 7336 7379
f 7525 7257 7500
f 7551 7500 7257
f 7526 7475 7240
f 7608 7437 7203
f 7455 7367 7311
f 7425 7346 7347
f 7347 7348 7425
f 7384 7479 7348
f 7458 7350 7332
f 7209 7460 7459
f 7427 7444 7314
f 7314 7396 7427
f 7428 7481 7187
f 7577 7462 7193
f 7193 7370 7577
f 7352 7412 7532
f 7414 7483 7113
f 7430 7467 7281
f 7484 7319 7283
f 7300 7320 7374
f 7391 7390 7357
f 7449 7375 7284
f 7401 7449 7303
f 7274 7486 7359
f 7487 7360 7433
f 7360 9603 7433
f 7379 7406 7361
f 7362 7406 7379
f 7491 7552 7242
f 7538 7242 7325
f 7438 7292 7365
f 7409 7342 7554
f 7395 7262 7440
f 7262 7366 7440
f 7293 7571 7344
f 7441 7571 7293
f 7293 7383 7441
f 7479 7425 7348
f 7349 7331 7457
f 7331 7369 7457
f 7542 7209 7459
f 7315 7316 7494
f 7410 7461 7267
f 7482 7577 7370
f 7463 7482 7085
f 7495 6910 7397
f 7467 7429 7280
f 7280 7281 7467
f 9748 7282 7447
f 7416 7447 7282
f 7391 7301 7358
f 7448 7393 7375
f 9603 7404 7403
f 7551 7394 7436
f 7421 7338 7291
f 7341 9726 7439
f 9725 7439 9726
f 7381 7343 9570
f 7343 7382 9570
f 7440 7382 7310
f 7383 7345 7456
f 7424 7456 7345
f 7368 7349 7493
f 7350 7457 7369
f 7413 7398 7388
f 7465 7496 7353
f 7250 7371 7535
f 7372 7466 7355
f 7429 7373 7356
f 7417 7515 7319
f 7319 7484 7417
f 7468 7390 7485
f 7393 7358 7392
f 7450 7432 7376
f 7376 7359 7450
f 7359 7418 7546
f 7359 7486 7418
f 7402 7419 7304
f 7565 7378 7306
f 9603 7403 7433
f 7406 7405 7361
f 7406 7362 7452
f 7407 7452 7362
f 7435 7364 7550
f 7330 7219 7489
f 7474 7489 7219
f 7342 7492 7554
f 7455 7440 7366
f 7367 7455 7366
f 7571 7423 7344
f 7456 7424 7541
f 7457 7493 7349
f 7385 7313 7442
f 7427 7396 7445
f 7396 7315 7445
f 7386 7334 7464
f 7230 7543 7334
f 7132 7387 7531
f 7535 7465 7354
f 7355 7579 7389
f 7497 7414 7446
f 7467 7430 7537
f 7430 7399 7563
f 7317 7400 7415
f 7400 9752 7415
f 7515 7545 7416
f 7516 7484 7300
f 7300 7374 7516
f 7469 7485 7390
f 7390 7391 7469
f 7449 7448 7375
f 7432 7450 7471
f 7377 7378 7498
f 7565 7498 7378
f 7405 7404 7361
f 7405 7406 7451
f 7473 7363 7308
f 7435 7473 7308
f 7502 7421 7408
f 7408 7339 7502
f 7339 7477 7648
f 7538 7491 7242
f 7382 7440 7505
f 7441 7383 7456
f 7384 7368 7493
f 7507 7458 7332
f 7332 7312 7507
f 7312 7385 7480
f 7313 7426 7443
f 7509 7351 7296
f 7296 7444 7509
f 7462 7461 7410
f 7512 7411 7269
f 7269 7386 7512
f 7543 7464 7334
f 7298 7132 7641
f 7531 7641 7132
f 7532 7531 7387
f 7372 7483 7466
f 7536 7466 7483
f 7483 7414 7497
f 7317 7563 7399
f 7545 7447 7416
f 7519 7358 7393
f 7647 7306 7487
f 7433 7403 7566
f 7473 7434 7363
f 7420 7330 7489
f 7648 7502 7339
f 7259 7583 7422
f 7503 7275 7504
f 7275 7260 7567
f 7608 7292 7636
f 7346 7541 7424
f 7457 7350 7573
f 7350 7458 7558
f 7442 7480 7385
f 7443 7442 7313
f 7528 9609 7529
f 9609 7542 7529
f 7315 7494 7445
f 7316 7481 7494
f 7428 7267 7510
f 7511 7510 7267
f 7267 7461 7511
f 7495 7543 7230
f 7398 7533 7412
f 7371 7389 7514
f 7355 7466 7579
f 7563 7537 7430
f 7358 7469 7391
f 7393 7448 7519
f 7470 7449 7401
f 7547 7402 7606
f 7647 7565 7306
f 7404 7405 7488
f 7451 7488 7405
f 7451 7406 7452
f 7473 9592 7434
f 7727 7394 7475
f 7337 7338 7774
f 7597 7635 7139
f 7139 7622 7597
f 7325 7437 7538
f 7438 7439 7568
f 9728 7478 7539
f 9570 7555 7381
f 7609 9570 7382
f 7540 7440 7455
f 7455 7344 7423
f 7493 7479 7384
f 7480 7507 7312
f 7351 7508 7460
f 7444 7427 7509
f 7481 7428 7494
f 7482 7463 7613
f 7535 7371 7513
f 7514 7513 7371
f 7389 7579 7514
f 7616 7497 7446
f 7446 7373 7616
f 7415 7563 7317
f 7520 7516 7374
f 7374 7468 7520
f 7485 7469 7518
f 7448 7449 7470
f 7401 7432 7470
f 7471 7470 7432
f 7546 7450 7359
f 7486 7546 7418
f 7407 7524 7452
f 7499 7434 9592
f 7380 7453 7620
f 7501 7526 7240
f 7490 7476 7634
f 7552 7567 7260
f 7505 7609 7382
f 7541 7586 7456
f 7541 7346 7527
f 7346 7425 7527
f 7425 7479 7527
f 7507 7558 7458
f 7459 7460 7508
f 7600 7445 7494
f 7461 7462 7576
f 7462 7577 7576
f 7639 7386 7464
f 7397 7626 7495
f 7533 7532 7412
f 7534 7398 7413
f 7413 7560 7534
f 7615 7496 7465
f 7561 7579 7466
f 7536 7580 7466
f 7429 7467 7660
f 9743 7563 7415
f 7517 7520 7468
f 7485 7517 7468
f 7519 7448 7521
f 7448 7470 7521
f 7471 7593 7470
f 7471 7450 7522
f 7498 7606 7377
f 7566 7487 7433
f 7581 7403 7404
f 7488 7581 7404
f 7407 7472 7524
f 7472 7434 7524
f 7499 7524 7434
f 7620 7364 7380
f 7740 7436 7394
f 7394 7727 7740
f 7706 7501 7220
f 7490 7706 7220
f 7774 7454 7337
f 7568 7636 7292
f 7292 7438 7568
f 7570 7539 7478
f 7478 7409 7570
f 7556 7505 7440
f 7440 7540 7556
f 7423 7540 7455
f 7506 7527 7479
f 7479 7493 7506
f 7442 7443 7681
f 7589 7508 7351
f 7509 7427 7599
f 7427 7445 7638
f 7669 7600 7494
f 7510 7494 7428
f 7613 7577 7482
f 7639 7512 7386
f 7640 7639 7464
f 7495 7625 7543
f 7397 7298 7626
f 7513 7602 7535
f 7616 7373 7698
f 7373 7429 7698
f 7545 7515 7594
f 7515 7417 7591
f 7417 7484 7617
f 7484 7516 7617
f 7592 7517 7485
f 7592 7485 7518
f 7469 7358 7564
f 7546 7522 7450
f 7546 7486 7523
f 7673 7473 7435
f 7550 7673 7435
f 7453 7420 7633
f 7489 7633 7420
f 7489 7474 7819
f 7774 7687 7454
f 7477 7422 7583
f 7583 7259 7666
f 7259 7340 7666
f 7568 7439 7569
f 7555 9570 7585
f 7441 7456 7586
f 7598 7506 7493
f 7572 7598 7493
f 7493 7457 7572
f 7573 7572 7457
f 7759 7480 7442
f 7530 7542 7459
f 7509 7589 7351
f 7599 7624 7509
f 7638 7599 7427
f 7511 7461 7576
f 7626 7625 7495
f 7580 7561 7466
f 7497 7536 7483
f 7522 7618 7471
f 7566 7403 7549
f 7403 7581 7549
f 7550 7364 7632
f 7525 7819 7474
f 7475 7526 7727
f 7741 7634 7476
f 7476 7454 7741
f 7338 7421 7607
f 7340 7621 7666
f 9725 7569 7439
f 7539 7553 9728
f 7554 7584 7409
f 7652 7540 7423
f 7557 7573 7350
f 7350 7558 7557
f 7528 7681 7443
f 7508 7530 7459
f 7624 7589 7509
f 7613 7463 7614
f 7559 7614 7463
f 7463 7411 7559
f 7411 7512 7559
f 7641 7531 7578
f 7534 7533 7398
f 7537 7660 7467
f 7604 7537 7563
f 9748 7447 7735
f 7515 7591 7594
f 7358 7519 7564
f 7735 7447 7544
f 7545 7544 7447
f 7595 7564 7519
f 7519 7521 7595
f 7546 7523 7646
f 7486 7419 7703
f 7547 7419 7402
f 7547 7606 7671
f 7452 7524 7631
f 7473 7673 7619
f 7454 7687 7741
f 7583 7648 7477
f 7504 7275 7567
f 7552 7491 7675
f 7528 7529 7575
f 7542 7575 7529
f 7532 7578 7531
f 7413 7496 7560
f 7536 7497 7603
f 7617 7591 7417
f 7564 7518 7469
f 7593 7702 7521
f 7593 7471 7618
f 7487 7566 7548
f 7620 7664 7364
f 7633 7620 7453
f 7665 7727 7526
f 7706 7526 7501
f 7421 7502 7607
f 7491 7538 7709
f 7691 7538 7437
f 7437 7608 7691
f 7650 7555 7585
f 7651 7585 9570
f 7441 7586 7653
f 7654 7586 7541
f 7541 7527 7654
f 7587 7612 7527
f 7527 7506 7587
f 7574 7558 7507
f 7507 7480 7574
f 7480 7759 7680
f 7530 7575 7542
f 7638 7445 7600
f 7576 7577 7590
f 7464 7543 7640
f 7626 7298 7753
f 7641 7753 7298
f 7615 7560 7496
f 7603 7580 7536
f 7702 7595 7521
f 7522 7546 7646
f 7486 7703 7523
f 7628 7703 7419
f 7419 7547 7628
f 7548 7647 7487
f 7499 7631 7524
f 7632 7364 7664
f 7633 7489 7818
f 7489 7819 7818
f 7500 7551 7674
f 7436 7674 7551
f 7538 7691 7676
f 7649 7569 9725
f 7554 7677 7584
f 7650 7677 7555
f 7556 7540 7610
f 7571 7611 7423
f 7441 7678 7571
f 7527 7612 7654
f 7598 7587 7506
f 7530 7508 7731
f 7508 7589 7658
f 7600 7669 7761
f 7715 7578 7532
f 7465 7535 7601
f 7602 7601 7535
f 7660 7537 7562
f 7544 7545 7627
f 7594 7627 7545
f 7564 7595 7644
f 7723 7498 7565
f 7566 7549 7548
f 7663 7488 7451
f 7451 7452 7663
f 7631 7663 7452
f 7704 7819 7525
f 7525 7500 7704
f 7674 7704 7500
f 7490 7582 7706
f 7338 7793 7774
f 7338 7607 7793
f 7688 7502 7648
f 7504 7622 7503
f 7552 7675 7567
f 7609 7651 9570
f 7540 7652 7610
f 7572 7573 7679
f 7573 7557 7679
f 7695 7557 7558
f 7748 7558 7574
f 7680 7574 7480
f 7759 7442 7656
f 7696 7658 7589
f 7494 7510 7750
f 7577 7613 7733
f 7465 7601 7615
f 7579 7561 7717
f 7547 7671 7628
f 7671 7606 7763
f 7606 7498 7763
f 7549 7581 7629
f 7666 7689 7583
f 7743 7691 7608
f 7569 7649 7710
f 7623 7553 7539
f 7539 7570 7623
f 7678 7611 7571
f 7678 7441 7653
f 7587 7598 7612
f 7748 7695 7558
f 7637 7588 7575
f 7575 7530 7637
f 7799 7511 7576
f 7590 7577 7733
f 7514 7579 7814
f 7579 7717 7845
f 7580 7717 7561
f 7683 7594 7591
f 7592 7518 7643
f 7596 7702 7593
f 7683 7627 7594
f 7516 7520 7701
f 7564 7644 7643
f 7702 7644 7595
f 7548 7549 7629
f 7581 7488 7630
f 7663 7630 7488
f 7582 7490 7707
f 7634 7707 7490
f 7607 7502 7688
f 7767 7570 7409
f 7584 7767 7409
f 7505 7556 7758
f 7610 7758 7556
f 7744 7610 7652
f 7611 7652 7423
f 7746 7612 7598
f 7598 7572 7746
f 7624 7599 7697
f 7750 7669 7494
f 7590 7799 7576
f 7640 7543 7682
f 7785 7682 7543
f 7532 7533 7715
f 7659 7560 7615
f 7845 7814 7579
f 7698 7718 7616
f 7618 7522 7645
f 7646 7645 7522
f 7763 7498 7723
f 7565 7647 7723
f 7647 7548 7755
f 7739 7499 9592
f 9592 7619 7739
f 7636 7743 7608
f 7668 7636 7568
f 9569 7651 7609
f 7609 7505 9569
f 7586 7654 7653
f 7442 7681 7656
f 7624 7696 7589
f 7559 7512 7857
f 7625 7785 7543
f 7578 7715 7822
f 7560 7659 7716
f 7513 7514 7814
f 7717 7580 7786
f 7603 7786 7580
f 7762 7698 7429
f 7591 7617 7683
f 7661 7701 7520
f 7662 7661 7520
f 7520 7517 7662
f 7517 7592 7662
f 7643 7662 7592
f 7518 7564 7643
f 7605 7618 7645
f 7581 7630 9618
f 7673 7550 7726
f 7632 7726 7550
f 7688 7648 7742
f 7709 7675 7491
f 7709 7538 7676
f 9606 7649 9725
f 7767 7623 7570
f 7692 7650 7585
f 7585 7651 7692
f 7655 7746 7572
f 7679 7655 7572
f 7681 7588 7657
f 7530 7731 7713
f 7731 7508 7784
f 7658 7784 7508
f 7697 7696 7624
f 7761 7638 7600
f 7714 7510 7511
f 7642 7602 7513
f 7660 7762 7429
f 7537 7604 7562
f 7699 7562 7604
f 7604 9750 7699
f 7702 7596 7605
f 7646 7523 7738
f 7703 7738 7523
f 7724 7755 7548
f 7548 7629 7724
f 7705 7665 7526
f 7526 7706 7705
f 7634 7741 7792
f 7689 7648 7583
f 7667 7621 7635
f 7635 7597 7667
f 7569 7668 7568
f 7553 7623 7711
f 7612 7746 7693
f 7679 7557 7694
f 7588 7637 7730
f 7713 7730 7637
f 7637 7530 7713
f 7714 7511 7799
f 7752 7639 7640
f 7682 7752 7640
f 7682 7785 7871
f 7626 7913 7625
f 7641 7578 7753
f 7534 7560 7716
f 7615 7601 7659
f 7642 7513 7814
f 7720 7735 7544
f 7544 7627 7720
f 7837 7684 7617
f 7617 7516 7837
f 7701 7837 7516
f 7645 7646 7827
f 7738 7827 7646
f 7670 7738 7703
f 7628 7671 7722
f 7755 7723 7647
f 7663 7631 7672
f 7725 7739 7619
f 7619 7673 7725
f 7620 7633 7904
f 7792 7707 7634
f 7906 7622 7504
f 7649 9606 7778
f 7830 7711 7623
f 7767 7830 7623
f 7745 7653 7654
f 7654 7612 7745
f 7693 7745 7612
f 7557 7695 7694
f 7574 7680 7749
f 7730 7657 7588
f 7658 7696 7844
f 7761 7760 7638
f 7714 7750 7510
f 7733 7613 7614
f 7559 7857 7614
f 7533 7534 7715
f 7601 7602 7659
f 7627 7683 7700
f 7721 7661 7662
f 7643 7644 7736
f 7644 7702 7737
f 7722 7703 7628
f 7685 9618 7630
f 7663 7686 7630
f 7818 7904 7633
f 7741 7687 7708
f 7766 7504 7567
f 7690 7766 7567
f 7776 7743 7636
f 7636 7668 7776
f 7584 7728 7767
f 7779 7712 7650
f 7759 7656 7821
f 7760 7697 7599
f 7599 7638 7760
f 7822 7753 7578
f 7642 7659 7602
f 7786 7603 7787
f 7603 7497 7754
f 7718 7754 7497
f 7497 7616 7718
f 7660 7562 7834
f 7562 7699 7719
f 9745 7699 9750
f 7684 7700 7683
f 7643 7721 7662
f 7671 7763 7862
f 9618 7685 7764
f 7686 7685 7630
f 7672 7686 7663
f 7739 7672 7631
f 7631 7499 7739
f 7688 7742 7943
f 7765 7666 7621
f 7621 7667 7765
f 7675 7690 7567
f 7584 7677 7728
f 7712 7728 7677
f 7779 7650 7692
f 7692 7651 9569
f 7678 7820 7611
f 7678 7653 7768
f 7655 7679 7747
f 7679 7694 7747
f 7574 7749 7748
f 7783 7656 7681
f 7657 7783 7681
f 7752 7857 7512
f 7512 7639 7752
f 7626 7753 7913
f 7858 7913 7753
f 7716 7813 7534
f 7700 7720 7627
f 7683 7617 7684
f 7788 7701 7661
f 7605 7645 7790
f 7771 7670 7703
f 7671 7862 7722
f 7708 7687 7829
f 7689 7742 7648
f 7757 7676 7691
f 7691 7743 7757
f 7710 7668 7569
f 7778 7710 7649
f 7711 7778 9606
f 7744 7797 7610
f 7611 7744 7652
f 7820 7678 7768
f 7866 7809 7653
f 7745 7866 7653
f 7769 7746 7655
f 7781 7747 7694
f 7729 7781 7694
f 7694 7695 7729
f 7695 7748 7729
f 7732 7761 7669
f 7736 7721 7643
f 7737 7736 7644
f 7702 7605 7737
f 7827 7790 7645
f 7703 7722 7771
f 7801 7722 7862
f 7763 7723 7918
f 7793 7607 7756
f 7607 7688 7756
f 7689 7666 7765
f 7794 7675 7709
f 7832 7748 7749
f 7782 7749 7680
f 7680 7759 7782
f 7844 7784 7658
f 7669 7750 7732
f 7751 7750 7714
f 7799 7751 7714
f 7799 7590 7812
f 7857 7733 7614
f 7682 7871 7752
f 7625 7913 7928
f 7800 7915 7715
f 7715 7534 7800
f 7734 7813 7716
f 7716 7659 7734
f 7754 7787 7603
f 7872 7719 7699
f 7699 9745 7872
f 7825 7735 7720
f 7700 7684 7770
f 7661 7721 7898
f 7905 7740 7727
f 7774 7829 7687
f 7906 7597 7622
f 7766 7906 7504
f 7775 7794 7709
f 7709 7676 7775
f 7797 7796 7610
f 7809 7768 7653
f 7693 7746 7769
f 7747 7769 7655
f 7735 7825 7816
f 7720 7700 7825
f 7898 7789 7661
f 7790 7737 7605
f 7790 7827 7817
f 7738 7670 7828
f 7723 7802 7918
f 7723 7755 7802
f 7839 7802 7755
f 7674 7436 7942
f 7436 7740 7942
f 7792 7741 7708
f 7676 7757 7795
f 7711 7830 7842
f 7729 7748 7832
f 7749 7782 7832
f 7730 7783 7657
f 7811 7844 7696
f 7590 7733 7812
f 7823 7734 7659
f 7659 7642 7823
f 7786 7787 7988
f 7736 7898 7721
f 7883 7764 7685
f 7726 7632 7873
f 7664 7873 7632
f 7664 7620 7805
f 7904 7805 7620
f 7665 7905 7727
f 7705 7706 7791
f 7806 7791 7706
f 7706 7582 7806
f 7707 7806 7582
f 7766 7690 7969
f 7795 7775 7676
f 7777 7668 7710
f 7710 7778 7777
f 7728 7712 7808
f 7779 7808 7712
f 7745 7693 7850
f 7769 7780 7693
f 7869 7782 7759
f 7821 7869 7759
f 7783 7730 7810
f 7730 7713 7810
f 7876 7713 7731
f 7784 7876 7731
f 7856 7761 7732
f 7733 7857 7926
f 7915 7822 7715
f 7813 7800 7534
f 7845 7717 7824
f 7834 7762 7660
f 7834 7562 7719
f 7825 7700 7916
f 7700 7770 7916
f 7789 7788 7661
f 7738 7828 7827
f 7900 7862 7763
f 7918 7900 7763
f 7685 7686 9585
f 7772 9585 7686
f 7804 7772 7672
f 7672 7739 7804
f 7739 7725 7804
f 7704 7674 7848
f 7942 7848 7674
f 7665 7705 7773
f 7791 7773 7705
f 7943 7968 7688
f 7690 7675 7969
f 7864 7830 7767
f 7956 7779 7692
f 7831 7956 7692
f 7692 9569 7831
f 7758 7610 7874
f 7798 7797 7744
f 7744 7611 7798
f 7611 7820 7798
f 7780 7850 7693
f 7888 7769 7747
f 7832 7781 7729
f 7876 7810 7713
f 7760 7854 7697
f 7878 7812 7733
f 7733 7926 7878
f 7785 7625 7928
f 7786 7824 7717
f 7787 7754 7815
f 7754 7718 7815
f 7718 7698 7815
f 7837 7846 7684
f 7839 7755 7724
f 7903 7725 7673
f 7726 7903 7673
f 7840 7819 7704
f 7793 7829 7774
f 7793 7756 7884
f 7841 7743 7776
f 7711 7842 7863
f 7767 7728 7808
f 7874 9569 7758
f 7850 7866 7745
f 7843 7780 7769
f 7891 7821 7656
f 7656 7783 7851
f 7854 7811 7696
f 7696 7697 7854
f 7854 7760 7855
f 7760 7761 7856
f 7642 7814 7823
f 7824 7786 7988
f 7815 7833 7787
f 7846 7770 7684
f 7898 7736 7826
f 7736 7737 7826
f 7801 7771 7722
f 7804 7803 7772
f 7829 7793 7807
f 7884 7807 7793
f 7756 7688 7968
f 7969 7906 7766
f 7775 7795 7954
f 7795 7757 7954
f 7743 7841 7757
f 7874 7831 9569
f 7796 7874 7610
f 7798 7820 7887
f 7889 7888 7747
f 7889 7747 7781
f 7750 7751 7732
f 7734 7879 7813
f 7988 7787 7833
f 7815 7698 7979
f 7698 7762 7979
f 7762 7834 7979
f 7898 7880 7789
f 7817 7838 7737
f 7724 7764 7963
f 7883 7963 7764
f 7903 7726 7873
f 7689 7991 7742
f 7797 7798 7965
f 7888 7843 7769
f 7891 7656 7851
f 7876 7784 7853
f 7760 7856 7855
f 7799 7893 7751
f 7799 7812 7893
f 7857 7752 7927
f 7871 7894 7752
f 7753 7822 7858
f 7996 7800 7813
f 7734 7823 7859
f 7929 7835 7834
f 7834 7719 7929
f 7933 7788 7789
f 7827 7939 7817
f 7847 7939 7827
f 7827 7828 7847
f 7801 7862 7899
f 7935 7904 7818
f 7818 7819 7935
f 7819 7840 7935
f 7848 7840 7704
f 7708 7921 7792
f 7991 7943 7742
f 7922 7906 7969
f 7675 7794 7969
f 7907 7777 7778
f 7863 7907 7778
f 7863 7842 7886
f 7808 7864 7767
f 7796 7797 7924
f 7965 7798 7887
f 7843 7867 7780
f 7781 7832 7868
f 7875 7890 7821
f 7821 7891 7875
f 7876 7870 7810
f 7928 7871 7785
f 7996 7915 7800
f 7813 7879 7996
f 7896 7895 7823
f 7814 7896 7823
f 7701 7788 7897
f 7789 7880 7933
f 7737 7838 7881
f 7940 7771 7801
f 7803 9585 7772
f 7805 7904 7985
f 7936 7942 7740
f 7740 7905 7936
f 7707 7792 7921
f 7849 7841 7776
f 7776 7668 7849
f 7668 7777 7849
f 7908 7830 7864
f 7971 7956 7831
f 7820 7768 7947
f 7809 7866 7865
f 7867 7850 7780
f 7832 7782 7925
f 7783 7810 7852
f 7870 7852 7810
f 7853 7784 7877
f 7784 7844 7877
f 7859 7879 7734
f 7845 7896 7814
f 7988 7860 7824
f 7835 7979 7834
f 7719 7872 7929
f 7836 7816 7861
f 7816 7825 7930
f 7770 7931 7916
f 7837 7701 8015
f 7897 8015 7701
f 7881 7826 7737
f 7838 7817 7939
f 7801 7899 7940
f 7963 7839 7724
f 7803 7804 7902
f 7804 7725 7902
f 7903 7902 7725
f 7873 7664 7920
f 7805 7920 7664
f 7791 7806 8043
f 7806 7707 7921
f 7765 7991 7689
f 7965 7924 7797
f 7768 7809 7947
f 7972 7865 7866
f 7869 7821 7890
f 7877 7844 7912
f 7844 7811 7912
f 7894 7927 7752
f 7915 7858 7822
f 7895 7859 7823
f 7846 7931 7770
f 7847 7828 7934
f 7828 7670 7917
f 9585 7901 7685
f 7849 7777 7993
f 7907 7993 7777
f 7874 7971 7831
f 7865 7947 7809
f 7925 7868 7832
f 7869 7925 7782
f 7851 7783 7949
f 7870 7876 7975
f 7877 7911 7853
f 7912 7811 7959
f 7854 7959 7811
f 7960 7855 7856
f 7892 7856 7732
f 7732 7751 7892
f 7927 7926 7857
f 7928 8013 7871
f 7913 7858 7978
f 7914 7978 7858
f 7915 7914 7858
f 7845 7824 7896
f 7966 7930 7825
f 7825 7916 7966
f 7846 7837 8015
f 7933 7897 7788
f 7917 7934 7828
f 7917 7670 7999
f 7670 7771 7999
f 7901 9585 8042
f 7902 8019 7803
f 7773 7905 7665
f 7921 8043 7806
f 7885 7969 7794
f 7794 7775 7885
f 7886 7907 7863
f 7908 7842 7830
f 7946 7808 7779
f 7867 7843 7948
f 7889 7781 7958
f 7781 7868 7958
f 7852 7949 7783
f 7824 7860 7896
f 7979 7835 7952
f 7989 7929 7872
f 7872 7836 7989
f 7836 7861 7989
f 7932 7931 7846
f 7881 7982 7826
f 7862 7900 7899
f 7882 7918 7802
f 7802 7839 7882
f 7963 7882 7839
f 7685 7901 7883
f 7923 7954 7757
f 7757 7841 7923
f 7907 7886 7945
f 7864 7808 7909
f 7947 7887 7820
f 7910 7925 7869
f 7890 7875 8011
f 8083 7891 7851
f 7949 8083 7851
f 7975 7876 7950
f 7853 7950 7876
f 7912 7911 7877
f 7959 7854 7951
f 7854 7855 7951
f 7833 7815 7937
f 7982 7898 7826
f 7939 7881 7838
f 7985 8061 7805
f 7991 8003 7943
f 7796 7964 7874
f 7866 7850 7972
f 7867 7948 7957
f 7843 7888 7948
f 7888 7889 7958
f 7869 7890 7910
f 7893 7812 8023
f 7878 8006 7812
f 7894 7871 8051
f 7961 7937 7815
f 7815 7979 7961
f 7835 7929 7938
f 7816 7930 7990
f 7982 7880 7898
f 7934 7939 7847
f 7934 7917 7983
f 7771 7940 7999
f 7899 7900 8008
f 7901 7963 7883
f 8019 7919 7803
f 7920 7805 8061
f 7985 7904 8091
f 7935 8091 7904
f 7773 7791 8078
f 8043 8078 7791
f 8045 7667 7597
f 7597 7906 8045
f 7944 8045 7906
f 7906 7922 7944
f 7841 7849 7923
f 7993 7907 7945
f 7886 7842 7955
f 7842 7908 7955
f 7909 7908 7864
f 7956 7946 7779
f 7867 7972 7850
f 7949 7852 8049
f 7870 8049 7852
f 7911 7950 7853
f 7960 7951 7855
f 7892 7960 7856
f 7893 7892 7751
f 8006 8023 7812
f 7977 7927 7894
f 8051 7977 7894
f 7978 7928 7913
f 7861 7816 7990
f 7953 7933 7880
f 7941 7900 7918
f 7903 7873 7984
f 8046 7944 7922
f 7885 7775 7992
f 8033 7923 7849
f 7946 7909 7808
f 7964 7971 7874
f 7965 8005 7924
f 8048 7958 7868
f 7910 7890 8082
f 7959 7951 7995
f 8013 8051 7871
f 8007 7914 7915
f 7896 7860 8056
f 7938 7952 7835
f 7929 7989 7938
f 7980 7989 7861
f 7990 7980 7861
f 7880 7982 7953
f 7934 7998 7939
f 7882 7941 7918
f 8019 7902 7967
f 7967 7902 7903
f 7903 7984 7967
f 7807 8059 7829
f 7807 7884 8030
f 7756 8030 7884
f 8003 8031 7943
f 7922 7969 8046
f 7993 8033 7849
f 7971 8010 7956
f 7796 7924 8004
f 8005 8004 7924
f 7958 7948 7888
f 8048 7868 7925
f 7925 7910 8048
f 7891 8083 7875
f 7911 7912 8084
f 7959 8012 7912
f 7995 7951 7960
f 7892 7893 8036
f 7977 7926 7927
f 8071 8007 7915
f 7915 7996 8071
f 7996 7879 7987
f 7879 7859 8052
f 8027 7988 7833
f 7916 7931 8028
f 7932 7846 7997
f 8015 7997 7846
f 8015 7897 8016
f 7998 7934 7962
f 7899 8008 7940
f 8044 7921 7708
f 7954 7992 7775
f 7954 7923 7986
f 8033 7986 7923
f 7955 7970 7886
f 7909 7946 8065
f 7957 7948 7973
f 7974 7973 7948
f 7948 7958 7974
f 8036 7960 7892
f 8036 7893 8023
f 8013 7928 8024
f 7859 7895 8052
f 7966 7916 8028
f 7932 8028 7931
f 7881 7939 7998
f 7934 8018 7962
f 7983 7917 7999
f 8000 7963 7901
f 8041 8000 7901
f 7935 7840 7848
f 8104 7765 7667
f 7667 8045 8104
f 7986 7992 7954
f 7945 7886 7970
f 7957 7972 7867
f 7994 7974 7958
f 7994 7958 8048
f 8012 8084 7912
f 7995 8012 7959
f 7878 7926 7976
f 7926 7977 7976
f 7914 8007 7978
f 7987 7879 8129
f 7895 7896 8026
f 8056 8026 7896
f 7937 8027 7833
f 8115 7990 7930
f 7966 8115 7930
f 7933 7953 7981
f 7998 7982 7881
f 8018 7934 7983
f 7941 8008 7900
f 7920 7984 7873
f 7848 7942 8058
f 7942 7936 8058
f 8059 8002 7829
f 7968 7943 8155
f 7909 8064 7908
f 8122 7946 7956
f 7956 8010 8122
f 8035 8005 7965
f 7887 8035 7965
f 7950 7911 8096
f 8084 8096 7911
f 7978 8024 7928
f 8052 8129 7879
f 7860 7988 8056
f 7961 7979 8110
f 7901 8042 8118
f 8063 8058 7936
f 7936 7905 8063
f 7905 7773 8063
f 7756 7968 8155
f 8155 7943 8031
f 8079 7991 7765
f 7765 8104 8079
f 8064 7955 7908
f 7964 8010 7971
f 7964 7796 8004
f 7947 8035 7887
f 8047 7947 7865
f 8111 7875 8083
f 8021 7995 7960
f 7960 8036 8021
f 7979 7952 8110
f 8073 7952 7938
f 7938 7989 8073
f 8017 8016 7897
f 7897 7933 8017
f 7933 7981 8017
f 7940 8008 7999
f 8000 7882 7963
f 7984 7920 8061
f 8001 8061 7985
f 8043 7921 8120
f 8030 8059 7807
f 7992 7986 8060
f 7986 8033 8060
f 7993 7945 8034
f 8093 7972 7957
f 7973 8093 7957
f 8111 8011 7875
f 8049 7870 8095
f 7975 8095 7870
f 8138 8006 7878
f 7878 7976 8138
f 8053 8056 7988
f 8027 8053 7988
f 8088 8073 7989
f 7989 7980 8088
f 8115 7966 8014
f 8028 8014 7966
f 7997 8089 7932
f 7998 7953 7982
f 8008 7941 8075
f 7935 7848 8101
f 8044 7708 8002
f 7708 7829 8002
f 8080 8033 7993
f 8034 8080 7993
f 8068 7865 7972
f 8095 7975 8107
f 8055 7975 7950
f 8096 8055 7950
f 8021 8036 8022
f 8013 8024 8108
f 8024 7978 8086
f 7996 7987 8114
f 8129 8165 7987
f 7990 8037 7980
f 7953 7998 8038
f 7999 8040 7983
f 8009 7941 7882
f 7882 8000 8009
f 8057 8009 8000
f 7967 7984 8029
f 8061 8077 7984
f 8091 7935 8062
f 8101 8062 7935
f 8058 8101 7848
f 8168 8063 7773
f 7773 8078 8168
f 8030 7756 8155
f 7991 8031 8003
f 8233 8045 7944
f 8060 8033 8032
f 8004 8020 7964
f 8035 8067 8005
f 7865 8068 8047
f 7910 8082 8048
f 8049 8083 7949
f 8138 8023 8006
f 7978 8007 8071
f 8071 7996 8114
f 8165 8114 7987
f 8052 7895 8025
f 8027 7937 8140
f 7961 8140 7937
f 8115 8037 7990
f 7953 8038 8098
f 8057 8000 8041
f 8019 7967 8029
f 8077 8029 7984
f 8120 7921 8044
f 8059 8030 8143
f 8103 8031 7991
f 8079 8103 7991
f 7969 7885 8046
f 7945 7970 8034
f 7909 8065 8092
f 8010 7964 8020
f 8020 8004 8145
f 8005 8067 8004
f 7974 7994 8094
f 7994 8048 8069
f 8055 8107 7975
f 8050 8084 8012
f 7995 8050 8012
f 8113 8036 8023
f 8071 8086 7978
f 8053 8027 8140
f 8072 8110 7952
f 7980 8037 8088
f 8028 8116 8014
f 8089 7997 8142
f 7981 7953 8098
f 8039 8018 7983
f 7999 8008 8186
f 8041 7901 8118
f 8118 8042 8076
f 7919 8019 8132
f 8029 8132 8019
f 8001 7985 8090
f 8091 8090 7985
f 8155 8102 8030
f 8066 8065 7946
f 8011 8111 8070
f 7995 8021 8182
f 7977 8051 8085
f 8073 8072 7952
f 7932 8116 8028
f 8054 8038 7998
f 8040 8039 7983
f 8167 7941 8009
f 8143 8030 8102
f 8080 8032 8033
f 8122 8010 8169
f 8106 8169 8010
f 8161 8047 8068
f 8093 8068 7972
f 7973 7974 8081
f 8094 8081 7974
f 8069 8094 7994
f 8082 7890 8188
f 8011 8188 7890
f 8050 7995 8182
f 8138 8113 8023
f 8138 7976 8164
f 7977 8085 8171
f 8051 8013 8108
f 8026 8025 7895
f 8026 8056 8109
f 8116 7932 8089
f 7997 8015 8142
f 8016 8142 8015
f 8040 7999 8186
f 8074 8186 8008
f 8074 8008 8075
f 8167 8075 7941
f 8009 8057 8167
f 8119 8076 8042
f 7919 8119 8042
f 8046 8133 7944
f 7970 7955 8105
f 8122 8066 7946
f 8020 8106 8010
f 8035 7947 8178
f 7947 8047 8178
f 8093 7973 8081
f 8171 7976 7977
f 8086 8108 8024
f 8056 8053 8087
f 8098 8017 7981
f 8098 8038 8148
f 8188 8011 8070
f 8184 8140 7961
f 8110 8184 7961
f 8016 8017 8142
f 8097 8142 8017
f 8017 8098 8097
f 8054 8148 8038
f 7962 8018 8099
f 8018 8131 8099
f 8039 8131 8018
f 8119 7919 8132
f 8063 8168 8268
f 8133 8233 7944
f 8046 7885 7992
f 8080 8034 8105
f 8034 7970 8105
f 8067 8145 8004
f 8118 8100 8041
f 8077 8061 8153
f 8001 8153 8061
f 8268 8058 8063
f 8120 8078 8043
f 8060 8032 8134
f 8064 8092 8121
f 8159 8135 8020
f 8020 8145 8159
f 8145 8067 8160
f 8067 8035 8205
f 8093 8161 8068
f 8069 8136 8094
f 8082 8069 8048
f 8083 8049 8126
f 8095 8126 8049
f 8022 8036 8137
f 8108 8085 8051
f 8109 8056 8087
f 8185 8110 8072
f 8073 8088 8130
f 8132 8029 8219
f 8029 8077 8174
f 8078 8124 8168
f 8002 8120 8044
f 8156 8105 7955
f 7955 8064 8157
f 8064 8121 8157
f 8093 8081 8125
f 8136 8125 8081
f 8094 8136 8081
f 8111 8083 8196
f 8083 8126 8196
f 8055 8096 8127
f 8189 8127 8096
f 8112 8096 8084
f 8050 8112 8084
f 8022 8182 8021
f 8036 8113 8137
f 8183 8129 8052
f 8052 8025 8183
f 8072 8073 8130
f 8077 8153 8174
f 8154 8090 8091
f 8062 8154 8091
f 8079 8104 8190
f 7992 8060 8176
f 8157 8156 7955
f 8135 8106 8020
f 8067 8205 8160
f 8125 8161 8093
f 8188 8070 8224
f 8249 8224 8070
f 8070 8111 8249
f 8096 8112 8189
f 8171 8164 7976
f 8128 8171 8085
f 8109 8172 8026
f 8166 8130 8088
f 8088 8037 8166
f 8089 8142 8227
f 8099 8148 8054
f 8099 8131 8117
f 8074 8075 8151
f 8075 8167 8123
f 8120 8124 8078
f 8262 8104 8045
f 8045 8233 8262
f 8134 8176 8060
f 8134 8032 8223
f 8092 8065 8248
f 8065 8066 8248
f 8146 8136 8069
f 8069 8082 8181
f 8188 8181 8082
f 8107 8055 8127
f 8108 8128 8085
f 8114 8165 8251
f 8165 8129 8192
f 8025 8026 8172
f 8184 8110 8194
f 8130 8185 8072
f 8115 8141 8037
f 8196 8249 8111
f 8137 8182 8022
f 8210 8137 8113
f 8211 8210 8113
f 8113 8138 8211
f 8183 8280 8129
f 8172 8139 8025
f 8193 8087 8053
f 8053 8140 8193
f 8194 8110 8185
f 8131 8039 8040
f 8075 8123 8151
f 8200 8100 8118
f 8076 8200 8118
f 8174 8219 8029
f 8001 8090 8153
f 8154 8062 8202
f 8120 8002 8175
f 8059 8175 8002
f 8059 8143 8187
f 8176 8144 7992
f 8223 8032 8080
f 8100 8057 8041
f 8232 8103 8079
f 8104 8262 8190
f 8159 8145 8204
f 8170 8161 8125
f 8125 8136 8170
f 8162 8196 8126
f 8095 8162 8126
f 8164 8171 8289
f 8192 8266 8165
f 8141 8166 8037
f 8116 8089 8215
f 8173 8097 8098
f 8098 8148 8173
f 8099 8149 8148
f 8150 8117 8131
f 8229 8150 8131
f 8131 8040 8229
f 8186 8229 8040
f 8151 8186 8074
f 8167 8057 8152
f 8062 8101 8202
f 8101 8058 8202
f 8222 8155 8031
f 8031 8103 8222
f 8079 8190 8232
f 8234 8233 8133
f 8046 7992 8191
f 8144 8191 7992
f 8177 8176 8134
f 8156 8080 8105
f 8237 8157 8121
f 8273 8066 8122
f 8178 8205 8035
f 8179 8178 8047
f 8047 8161 8179
f 8107 8162 8095
f 8127 8238 8107
f 8189 8112 8163
f 8182 8209 8050
f 8172 8109 8147
f 8184 8242 8140
f 8185 8130 8166
f 8099 8117 8149
f 8174 8153 8220
f 8168 8124 8203
f 8133 8046 8234
f 8177 8134 8223
f 8121 8092 8158
f 8248 8158 8092
f 8122 8169 8273
f 8146 8069 8276
f 8180 8276 8069
f 8181 8180 8069
f 8107 8238 8162
f 8171 8128 8279
f 8212 8086 8071
f 8071 8114 8212
f 8114 8251 8225
f 8192 8129 8280
f 8183 8025 8139
f 8147 8109 8226
f 8109 8087 8226
f 8193 8226 8087
f 8141 8115 8272
f 8014 8272 8115
f 8227 8142 8216
f 8097 8216 8142
f 8148 8149 8173
f 8153 8090 8220
f 8234 8046 8191
f 8158 8237 8121
f 8135 8169 8106
f 8239 8238 8127
f 8050 8163 8112
f 8182 8137 8197
f 8240 8128 8108
f 8108 8086 8240
f 8225 8212 8114
f 8242 8193 8140
f 8184 8194 8214
f 8272 8014 8199
f 8014 8116 8199
f 8116 8215 8199
f 8097 8173 8195
f 8149 8117 8228
f 8244 8123 8167
f 8167 8152 8244
f 8057 8100 8152
f 8203 8268 8168
f 8175 8284 8120
f 8143 8102 8245
f 8160 8204 8145
f 8178 8287 8205
f 8170 8179 8161
f 8276 8136 8146
f 8209 8250 8050
f 8197 8137 8210
f 8198 8211 8138
f 8138 8164 8198
f 8171 8279 8289
f 8266 8251 8165
f 8139 8256 8183
f 8147 8213 8172
f 8194 8185 8252
f 8228 8117 8150
f 8150 8229 8217
f 8281 8186 8151
f 8151 8123 8244
f 8119 8200 8076
f 8187 8175 8059
f 8285 8102 8155
f 8176 8177 8246
f 8223 8080 8236
f 8156 8236 8080
f 8206 8179 8170
f 8250 8163 8050
f 8289 8198 8164
f 8215 8089 8227
f 8173 8149 8292
f 8149 8228 8292
f 8186 8217 8229
f 8281 8217 8186
f 8100 8200 8260
f 8218 8200 8119
f 8132 8218 8119
f 8231 8090 8154
f 8058 8268 8253
f 8285 8245 8102
f 8177 8223 8246
f 8156 8157 8304
f 8273 8169 8269
f 8135 8269 8169
f 8178 8179 8287
f 8170 8136 8206
f 8264 8206 8136
f 8276 8264 8136
f 8181 8188 8207
f 8224 8207 8188
f 8127 8189 8239
f 8209 8182 8197
f 8240 8086 8212
f 8139 8172 8213
f 8243 8252 8185
f 8185 8166 8243
f 8258 8243 8166
f 8141 8258 8166
f 8195 8216 8097
f 8152 8100 8260
f 8219 8218 8132
f 8230 8219 8174
f 8202 8231 8154
f 8245 8187 8143
f 8155 8222 8285
f 8191 8286 8394
f 8235 8286 8191
f 8191 8144 8235
f 8144 8176 8235
f 8156 8304 8247
f 8237 8304 8157
f 8269 8135 8159
f 8204 8160 8263
f 8207 8180 8181
f 8209 8208 8250
f 8280 8266 8192
f 8280 8183 8256
f 8242 8226 8193
f 8252 8214 8194
f 8201 8220 8090
f 8231 8201 8090
f 8253 8202 8058
f 8203 8124 8221
f 8124 8120 8221
f 8284 8221 8120
f 8234 8191 8394
f 8287 8179 8270
f 8249 8196 8265
f 8196 8162 8265
f 8314 8239 8189
f 8198 8289 8315
f 8128 8240 8279
f 8226 8242 8241
f 8272 8258 8141
f 8244 8152 8283
f 8261 8260 8200
f 8218 8261 8200
f 8174 8220 8230
f 8245 8349 8187
f 8263 8343 8204
f 8206 8270 8179
f 8238 8265 8162
f 8189 8163 8314
f 8209 8197 8208
f 8277 8197 8210
f 8198 8255 8211
f 8251 8297 8225
f 8242 8184 8257
f 8214 8257 8184
f 8215 8309 8199
f 8151 8244 8259
f 8152 8260 8283
f 8236 8156 8247
f 8066 8273 8248
f 8159 8204 8343
f 8239 8306 8238
f 8267 8213 8147
f 8147 8226 8267
f 8272 8199 8323
f 8215 8227 8309
f 8195 8173 8291
f 8173 8292 8291
f 8292 8228 8367
f 8150 8367 8228
f 8230 8220 8355
f 8201 8355 8220
f 8348 8268 8203
f 8103 8232 8222
f 8374 8232 8190
f 8384 8262 8233
f 8233 8234 8384
f 8176 8246 8235
f 8223 8319 8246
f 8247 8319 8236
f 8205 8263 8160
f 8264 8275 8206
f 8224 8295 8207
f 8306 8265 8238
f 8277 8208 8197
f 8212 8225 8297
f 8256 8139 8271
f 8257 8241 8242
f 8272 8300 8258
f 8216 8309 8227
f 8259 8281 8151
f 8317 8202 8253
f 8221 8348 8203
f 8284 8175 8318
f 8302 8285 8222
f 8236 8319 8223
f 8269 8159 8274
f 8287 8263 8205
f 8275 8270 8206
f 8210 8211 8278
f 8280 8336 8266
f 8139 8213 8308
f 8213 8267 8322
f 8226 8241 8267
f 8252 8243 8299
f 8291 8216 8195
f 8281 8259 8324
f 8317 8231 8202
f 8175 8187 8318
f 8303 8222 8232
f 8232 8374 8303
f 8304 8254 8247
f 8276 8364 8264
f 8265 8288 8249
f 8306 8239 8344
f 8296 8250 8208
f 8255 8278 8211
f 8351 8345 8279
f 8256 8321 8280
f 8271 8321 8256
f 8308 8271 8139
f 8298 8267 8241
f 8241 8257 8298
f 8214 8252 8299
f 8300 8299 8243
f 8243 8258 8300
f 8309 8323 8199
f 8217 8310 8150
f 8244 8282 8259
f 8316 8260 8261
f 8318 8187 8349
f 8349 8245 8311
f 8301 8311 8245
f 8245 8285 8301
f 8190 8262 8374
f 8235 8246 8370
f 8246 8319 8370
f 8273 8269 8274
f 8274 8159 8343
f 8270 8275 8320
f 8364 8275 8264
f 8224 8249 8288
f 8239 8314 8344
f 8163 8250 8314
f 8278 8277 8210
f 8289 8279 8345
f 8279 8240 8351
f 8240 8212 8334
f 8266 8297 8251
f 8283 8282 8244
f 8327 8253 8268
f 8221 8284 8368
f 8158 8248 8293
f 8248 8273 8293
f 8263 8287 8305
f 8180 8294 8276
f 8180 8207 8295
f 8288 8265 8313
f 8306 8313 8265
f 8208 8277 8296
f 8315 8255 8198
f 8212 8297 8334
f 8299 8290 8214
f 8300 8272 8323
f 8291 8292 8354
f 8361 8367 8150
f 8218 8316 8261
f 8341 8218 8219
f 8219 8230 8341
f 8230 8355 8341
f 8393 8355 8201
f 8231 8393 8201
f 8384 8374 8262
f 8363 8293 8273
f 8295 8294 8180
f 8224 8288 8295
f 8278 8255 8307
f 8289 8345 8315
f 8240 8334 8351
f 8266 8336 8335
f 8321 8336 8280
f 8322 8308 8213
f 8310 8361 8150
f 8324 8217 8281
f 8326 8317 8253
f 8253 8327 8326
f 8318 8368 8284
f 8394 8384 8234
f 8254 8319 8247
f 8274 8363 8273
f 8287 8270 8312
f 8320 8312 8270
f 8313 8295 8288
f 8331 8296 8277
f 8271 8308 8337
f 8353 8216 8291
f 8354 8360 8291
f 8367 8354 8292
f 8268 8348 8327
f 8302 8301 8285
f 8303 8302 8222
f 8304 8237 8328
f 8158 8328 8237
f 8343 8376 8274
f 8294 8364 8276
f 8350 8314 8250
f 8277 8278 8332
f 8297 8266 8346
f 8335 8346 8266
f 8214 8298 8257
f 8340 8283 8260
f 8394 8286 8420
f 8286 8235 8362
f 8254 8304 8328
f 8312 8305 8287
f 8313 8306 8365
f 8250 8296 8350
f 8333 8255 8315
f 8404 8333 8315
f 8345 8351 8357
f 8321 8271 8358
f 8407 8337 8308
f 8352 8299 8300
f 8323 8338 8300
f 8323 8309 8366
f 8309 8216 8353
f 8360 8353 8291
f 8340 8282 8283
f 8260 8316 8340
f 8349 8342 8318
f 8362 8420 8286
f 8362 8235 8370
f 8328 8158 8329
f 8158 8293 8329
f 8376 8363 8274
f 8364 8320 8275
f 8350 8344 8314
f 8277 8332 8331
f 8307 8332 8278
f 8345 8404 8315
f 8334 8297 8372
f 8358 8271 8337
f 8308 8322 8407
f 8359 8322 8267
f 8298 8359 8267
f 8290 8299 8408
f 8352 8300 8338
f 8217 8324 8339
f 8282 8373 8259
f 8325 8340 8316
f 8316 8218 8325
f 8348 8221 8368
f 8303 8374 8382
f 8343 8263 8377
f 8305 8377 8263
f 8313 8378 8295
f 8346 8372 8297
f 8346 8335 8437
f 8336 8321 8347
f 8298 8214 8391
f 8290 8391 8214
f 8408 8299 8352
f 8338 8323 8366
f 8353 8366 8309
f 8217 8339 8310
f 8341 8325 8218
f 8430 8393 8231
f 8430 8231 8317
f 8326 8430 8317
f 8410 8326 8327
f 8370 8319 8386
f 8330 8377 8305
f 8305 8312 8330
f 8294 8371 8364
f 8294 8295 8356
f 8378 8356 8295
f 8383 8306 8344
f 8388 8344 8350
f 8396 8296 8331
f 8334 8372 8351
f 8359 8407 8322
f 8259 8373 8324
f 8311 8369 8349
f 8293 8363 8329
f 8377 8376 8343
f 8344 8388 8383
f 8396 8350 8296
f 8307 8255 8389
f 8255 8333 8379
f 8345 8357 8404
f 8358 8347 8321
f 8381 8358 8337
f 8338 8446 8352
f 8413 8282 8340
f 8327 8348 8410
f 8401 8410 8348
f 8371 8403 8364
f 8395 8313 8365
f 8306 8383 8365
f 8332 8396 8331
f 8307 8389 8332
f 8379 8389 8255
f 8335 8336 8390
f 8347 8390 8336
f 8359 8298 8391
f 8408 8391 8290
f 8354 8367 8400
f 8392 8413 8340
f 8392 8340 8325
f 8393 8341 8355
f 8342 8349 8369
f 8394 8385 8384
f 8319 8254 8460
f 8328 8460 8254
f 8329 8411 8328
f 8329 8363 8402
f 8403 8312 8320
f 8320 8364 8403
f 8404 8357 8380
f 8337 8407 8381
f 8366 8353 8406
f 8400 8367 8418
f 8368 8401 8348
f 8368 8318 8342
f 8382 8374 8431
f 8375 8420 8362
f 8370 8375 8362
f 8294 8356 8387
f 8412 8383 8388
f 8437 8335 8398
f 8390 8398 8335
f 8390 8347 8416
f 8338 8366 8399
f 8366 8406 8399
f 8361 8418 8367
f 8373 8450 8324
f 8460 8386 8319
f 8371 8294 8387
f 8395 8378 8313
f 8396 8388 8350
f 8379 8333 8443
f 8414 8380 8357
f 8472 8357 8351
f 8351 8372 8472
f 8424 8472 8372
f 8372 8346 8424
f 8347 8358 8405
f 8391 8408 8483
f 8446 8338 8399
f 8448 8353 8360
f 8360 8354 8448
f 8310 8339 8428
f 8324 8450 8339
f 8411 8460 8328
f 8456 8432 8329
f 8402 8456 8329
f 8376 8402 8363
f 8376 8377 8402
f 8330 8312 8457
f 8471 8365 8383
f 8333 8463 8443
f 8346 8397 8424
f 8437 8397 8346
f 8405 8416 8347
f 8358 8381 8417
f 8445 8417 8381
f 8448 8406 8353
f 8361 8310 8428
f 8325 8341 8392
f 8386 8375 8370
f 8411 8329 8432
f 8377 8330 8433
f 8378 8387 8356
f 8400 8448 8354
f 8392 8341 8419
f 8341 8393 8419
f 8368 8342 8459
f 8477 8302 8303
f 8374 8384 8431
f 8384 8385 8431
f 8402 8377 8433
f 8457 8421 8330
f 8387 8403 8371
f 8434 8387 8378
f 8396 8332 8423
f 8333 8404 8463
f 8357 8472 8414
f 8416 8405 8426
f 8381 8407 8445
f 8359 8391 8440
f 8483 8440 8391
f 8408 8352 8446
f 8476 8446 8399
f 8428 8418 8361
f 8452 8419 8393
f 8393 8430 8452
f 8401 8368 8485
f 8342 8369 8459
f 8453 8459 8369
f 8369 8311 8454
f 8311 8301 8454
f 8303 8382 8477
f 8382 8431 8477
f 8375 8386 8469
f 8421 8433 8330
f 8458 8312 8403
f 8442 8403 8387
f 8378 8395 8434
f 8383 8412 8471
f 8388 8396 8412
f 8423 8412 8396
f 8487 8332 8389
f 8463 8404 8380
f 8435 8424 8397
f 8397 8437 8435
f 8415 8435 8437
f 8398 8390 8438
f 8416 8438 8390
f 8405 8358 8427
f 8483 8408 8441
f 8409 8476 8399
f 8399 8406 8409
f 8400 8418 8449
f 8413 8373 8282
f 8453 8369 8454
f 8510 8301 8302
f 8457 8312 8458
f 8422 8395 8365
f 8426 8405 8427
f 8484 8409 8406
f 8449 8448 8400
f 8435 8415 8444
f 8466 8445 8407
f 8407 8359 8466
f 8446 8441 8408
f 8428 8339 8467
f 8451 8413 8392
f 8420 8385 8394
f 8460 8411 8455
f 8432 8455 8411
f 8433 8421 8524
f 8442 8458 8403
f 8365 8471 8422
f 8487 8423 8332
f 8424 8464 8472
f 8429 8430 8326
f 8326 8410 8429
f 8491 8410 8401
f 8459 8485 8368
f 8460 8469 8386
f 8434 8495 8387
f 8389 8379 8487
f 8488 8463 8380
f 8380 8414 8488
f 8358 8417 8427
f 8475 8427 8417
f 8439 8475 8417
f 8417 8445 8439
f 8447 8484 8406
f 8406 8448 8447
f 8450 8467 8339
f 8392 8419 8451
f 8419 8452 8451
f 8429 8452 8430
f 8516 8429 8410
f 8491 8516 8410
f 8302 8477 8510
f 8420 8375 8468
f 8468 8375 8469
f 8433 8523 8402
f 8494 8524 8421
f 8421 8457 8494
f 8495 8442 8387
f 8434 8395 8422
f 8379 8443 8461
f 8436 8444 8415
f 8440 8466 8359
f 8521 8450 8373
f 8413 8521 8373
f 8485 8491 8401
f 8510 8454 8301
f 8385 8420 8468
f 8456 8402 8523
f 8524 8523 8433
f 8487 8379 8461
f 8463 8462 8443
f 8414 8472 8488
f 8424 8425 8464
f 8425 8435 8481
f 8435 8444 8481
f 8473 8415 8437
f 8398 8473 8437
f 8398 8438 8474
f 8438 8416 8465
f 8445 8466 8482
f 8442 8495 8470
f 8412 8423 8528
f 8529 8528 8423
f 8423 8487 8529
f 8464 9649 8472
f 8473 8436 8415
f 8496 8474 8438
f 8438 8465 8496
f 8416 8426 8465
f 8426 8427 8465
f 8497 8465 8427
f 8498 8497 8427
f 8475 8498 8427
f 8482 8439 8445
f 8447 8448 8508
f 8449 8418 8499
f 8418 8428 8499
f 8521 8413 8451
f 8501 8451 8452
f 8452 8429 8516
f 8485 8459 8492
f 8503 8494 8457
f 8457 8458 8503
f 8467 8499 8428
f 8450 8509 8467
f 8431 8385 8511
f 8469 8460 8478
f 8512 8478 8460
f 8455 8512 8460
f 8470 8458 8442
f 8517 8471 8412
f 8480 8461 8443
f 8443 8462 8480
f 8463 8488 8513
f 8534 8514 8472
f 9649 8534 8472
f 8481 8530 8425
f 8444 8436 8506
f 8436 8473 8489
f 8474 8473 8398
f 8439 8549 8475
f 8476 8531 8446
f 8448 8449 8508
f 8499 8467 8500
f 8509 8500 8467
f 8450 8521 8509
f 8452 8516 8501
f 8385 8468 8542
f 8468 8469 8478
f 8434 8422 8479
f 8517 8422 8471
f 8528 8517 8412
f 8513 8462 8463
f 8514 8488 8472
f 8444 8506 8505
f 8483 8563 8440
f 8441 8446 8531
f 8451 8501 8490
f 8492 8459 8551
f 8459 8453 8551
f 8486 8551 8453
f 8453 8454 8486
f 8511 8477 8431
f 8478 8542 8468
f 8512 8455 8493
f 8432 8493 8455
f 8432 8456 8493
f 8523 8493 8456
f 8524 8494 8525
f 8503 8458 8526
f 8470 8526 8458
f 8495 8434 8479
f 8461 8480 8519
f 8462 8519 8480
f 8505 8530 8481
f 8481 8444 8505
f 8562 8506 8436
f 8436 8489 8562
f 8489 8473 8474
f 8497 8496 8465
f 8520 8498 8475
f 8439 8482 8536
f 8466 8536 8482
f 8466 8440 8563
f 8484 8447 8507
f 8499 8508 8449
f 8565 8541 8451
f 8451 8490 8565
f 8511 8385 8542
f 8479 8422 8527
f 8518 8529 8487
f 8487 8461 8518
f 8504 8518 8461
f 8533 8462 8513
f 8489 8474 8515
f 8496 8515 8474
f 8549 8520 8475
f 8536 8549 8439
f 8441 8563 8483
f 8476 8409 8531
f 8409 8484 8507
f 8447 8508 8507
f 8521 8451 8541
f 8491 8485 8543
f 8486 8454 8510
f 8510 8477 8522
f 8511 8522 8477
f 8502 8525 8494
f 8494 8503 8502
f 8470 8495 8544
f 8479 8544 8495
f 8527 8422 8517
f 8504 8461 8519
f 8545 8513 8488
f 8515 8562 8489
f 8496 8497 8535
f 8498 8535 8497
f 8550 8507 8508
f 8508 8499 9562
f 8499 8500 9562
f 8540 8509 8521
f 8492 8543 8485
f 8526 8502 8503
f 8526 8470 8544
f 8535 8515 8496
f 8441 8574 8563
f 8531 8574 8441
f 8409 8507 8538
f 8508 9562 8550
f 8500 8509 8539
f 8569 8516 8491
f 8588 8551 8486
f 8522 8486 8510
f 8522 8511 8552
f 8527 8517 8583
f 8519 8462 8571
f 8545 8533 8513
f 8488 8546 8545
f 8488 8514 8546
f 8530 8505 8556
f 8557 8505 8506
f 8506 8562 8557
f 8547 8535 8498
f 8498 8548 8547
f 8520 8548 8498
f 8563 8536 8466
f 8531 8409 8537
f 8409 8538 8537
f 8501 8516 8490
f 8516 8569 8580
f 8511 8542 8581
f 8542 8478 8581
f 8493 8523 8570
f 8502 8582 8525
f 8479 8527 8532
f 8518 8504 8577
f 8504 8519 8577
f 8571 8577 8519
f 8514 8534 8546
f 8555 8534 9649
f 9562 8500 8539
f 8580 8490 8516
f 8543 8569 8491
f 8610 8543 8492
f 8551 8610 8492
f 8486 8522 8552
f 8493 8599 8512
f 8523 8524 8570
f 8524 8525 8582
f 8582 8502 8566
f 8502 8526 8566
f 8532 8544 8479
f 8528 8529 8584
f 8529 8518 8584
f 9651 8530 9648
f 8515 8535 8558
f 8550 8559 8507
f 8532 8567 8544
f 8517 8528 8583
f 8577 8571 8590
f 8591 8571 8462
f 8568 8462 8533
f 8533 8545 8593
f 8561 8556 8505
f 8558 8562 8515
f 8538 8507 8559
f 8539 8509 8564
f 8509 8540 8564
f 8521 8541 8540
f 8569 8543 8632
f 8478 8512 8599
f 8582 8570 8524
f 8580 8565 8490
f 8486 8552 8588
f 8599 8581 8478
f 8493 8570 8618
f 8532 8527 8553
f 8527 8583 8553
f 8568 8591 8462
f 8592 8568 8533
f 8546 8593 8545
f 8546 8534 8554
f 8555 8554 8534
f 9648 8530 8604
f 8505 8557 8561
f 8557 8562 8573
f 8535 8547 8558
f 8548 8520 8595
f 8520 8549 8607
f 8549 8536 8607
f 8596 8607 8536
f 8563 8596 8536
f 8574 8531 8586
f 8531 8537 8586
f 8559 8608 8538
f 8559 8550 8560
f 8560 9562 8579
f 8541 8565 8598
f 8588 8575 8551
f 8584 8583 8528
f 8518 8577 8585
f 8592 8533 8593
f 8593 8546 8572
f 8554 8572 8546
f 8556 8604 8530
f 8578 8561 8557
f 8557 8573 8578
f 8607 8595 8520
f 8608 8586 8537
f 8537 8538 8608
f 9650 9648 8604
f 8578 8620 8561
f 9560 8573 8562
f 8562 8558 9560
f 9562 8539 8579
f 8597 8579 8539
f 8539 8564 8597
f 8598 8540 8541
f 8552 8511 8576
f 8599 8493 8618
f 8570 8582 8613
f 8601 8600 8567
f 8567 8532 8601
f 8553 8601 8532
f 8585 8584 8518
f 8632 8580 8569
f 8611 8575 8588
f 8588 8552 8611
f 8581 8576 8511
f 8613 8618 8570
f 8623 8613 8582
f 8571 8591 8590
f 8556 8561 8605
f 8606 8605 8561
f 8620 8606 8561
f 8563 8574 8596
f 8586 8596 8574
f 8559 8560 8609
f 8609 8587 8559
f 8560 8579 8609
f 8630 8564 8540
f 8565 8580 8631
f 8575 8610 8551
f 8599 8612 8581
f 8590 8614 8577
f 8593 8572 8625
f 9650 8604 8619
f 8604 8556 8605
f 8595 8659 8548
f 8630 8597 8564
f 8540 8598 8630
f 8552 8576 8654
f 8576 8581 8643
f 8589 8623 8582
f 8582 8566 8589
f 8566 9584 8589
f 8601 8553 8635
f 8602 8635 8553
f 8553 8583 8602
f 8585 8577 8614
f 8590 8591 8657
f 8568 8657 8591
f 8603 8572 8554
f 8573 8594 8578
f 8548 8659 8547
f 8587 8608 8559
f 8565 8631 8598
f 8622 8610 8575
f 8575 8611 8617
f 8583 8584 8602
f 8614 8590 8665
f 8593 8636 8592
f 8625 8572 8603
f 8603 9650 8671
f 8619 8671 9650
f 9560 8558 8615
f 8558 8547 8659
f 8609 8579 8621
f 8579 8597 8621
f 8580 8632 8640
f 8632 8543 8616
f 8543 8610 8616
f 8617 8622 8575
f 8611 8552 8654
f 8643 8654 8576
f 8643 8581 8633
f 8581 8612 8633
f 8612 8599 8644
f 8618 8644 8599
f 8645 8589 9584
f 9584 8600 8645
f 8600 8601 8634
f 8585 8602 8584
f 8590 8657 8665
f 8626 8619 8604
f 8604 8605 8626
f 8605 8606 8658
f 8659 8615 8558
f 8595 8607 8660
f 8662 8639 8596
f 8596 8586 8662
f 8628 8662 8586
f 8586 8608 8628
f 8651 8587 8609
f 8609 8621 8651
f 8622 8616 8610
f 8644 8633 8612
f 8644 8618 8667
f 8618 8613 8667
f 8645 8623 8589
f 8634 8645 8600
f 8635 8634 8601
f 8665 8656 8614
f 8624 8657 8568
f 8636 8624 8568
f 8568 8592 8636
f 8593 8625 8636
f 8658 8626 8605
f 8620 8578 8627
f 8578 8594 8627
f 8595 8660 8659
f 8607 8596 8639
f 8629 8621 8597
f 8630 8629 8597
f 8602 8585 8655
f 8656 8655 8585
f 8585 8614 8656
f 8637 8636 8625
f 8638 8625 8603
f 8647 8606 8620
f 8620 8627 8647
f 8639 8660 8607
f 8608 8587 8628
f 8640 8631 8580
f 8616 8677 8632
f 8622 8641 8616
f 8642 8622 8617
f 8617 8611 8642
f 8653 8642 8611
f 8654 8653 8611
f 8646 8635 8602
f 8638 8637 8625
f 8603 8671 8638
f 8626 8704 8619
f 8647 8658 8606
f 8725 8647 8627
f 8683 8627 8594
f 8648 8683 8594
f 8659 8649 8615
f 8661 8639 8662
f 8651 8621 8674
f 8630 8598 8700
f 8631 8700 8598
f 8677 8640 8632
f 8652 8641 8622
f 8642 8652 8622
f 8644 8667 8718
f 8645 8634 8669
f 8634 8635 8646
f 8602 8655 8646
f 8671 8619 8710
f 8649 8648 8615
f 8659 8660 8650
f 8661 8660 8639
f 8684 8628 8587
f 8587 8651 8684
f 8616 8641 8677
f 8652 8663 8641
f 8653 8652 8642
f 8654 8643 8686
f 8643 8633 8687
f 8613 8623 8668
f 8623 8645 8668
f 8669 8668 8645
f 8665 8657 8692
f 8624 8636 8681
f 8666 8637 8638
f 8704 8710 8619
f 8721 8704 8626
f 8649 8659 8693
f 8673 8661 8662
f 8662 8628 8673
f 8651 8674 8684
f 8629 8674 8621
f 8630 8700 8699
f 8676 8700 8631
f 8701 8631 8640
f 8640 8677 8701
f 8663 8677 8641
f 8663 8652 8664
f 8652 8653 8664
f 8653 8654 8680
f 8686 8680 8654
f 8687 8686 8643
f 8687 8633 8688
f 8633 8644 8688
f 8718 8688 8644
f 8668 8689 8613
f 8634 8646 8669
f 8646 8655 8690
f 8670 8692 8657
f 8624 8670 8657
f 8626 8658 8721
f 8659 8650 8693
f 8661 8672 8660
f 8628 8684 8673
f 8675 8629 8630
f 8630 8699 8675
f 8631 8701 8676
f 8678 8663 8664
f 8664 8653 8678
f 8653 8680 8679
f 8667 8613 8689
f 8669 8646 8690
f 8691 8690 8655
f 8655 8656 8691
f 8656 8665 8692
f 8681 8636 8637
f 8658 8647 8698
f 8627 8683 8682
f 8660 8672 8650
f 8674 8629 8695
f 8675 8695 8629
f 8685 8677 8663
f 8663 8678 8685
f 8679 8678 8653
f 8680 8686 8702
f 8668 8669 8694
f 8691 8656 8707
f 8624 8719 8670
f 8720 8681 8637
f 8666 8720 8637
f 8638 8671 8751
f 8698 8647 8725
f 8693 8683 8649
f 8679 8680 8697
f 8702 8697 8680
f 8689 8718 8667
f 8692 8707 8656
f 8681 8719 8624
f 8735 8720 8666
f 8638 8709 8666
f 8658 8698 8769
f 8725 8627 8711
f 8627 8682 8711
f 8675 8714 8695
f 8715 8700 8676
f 8676 8701 8715
f 8726 8701 8677
f 8677 8685 8726
f 8696 8726 8685
f 8685 8678 8696
f 8678 8679 8696
f 8732 8696 8679
f 8679 8697 8732
f 8717 8702 8686
f 8687 8717 8686
f 8689 8668 8723
f 8708 8707 8692
f 8670 8708 8692
f 8710 8704 8703
f 8698 8725 8770
f 8682 8683 8705
f 8650 8672 8713
f 8661 8673 8752
f 8716 8727 8696
f 8696 8732 8716
f 8702 8732 8697
f 8718 8728 8688
f 8706 8694 8690
f 8690 8691 8706
f 8729 8735 8666
f 8709 8729 8666
f 8758 8769 8698
f 8682 8705 8711
f 8712 8683 8693
f 8672 8661 8752
f 8714 9597 8695
f 8675 8699 8722
f 8699 8700 8722
f 8715 8722 8700
f 8726 8696 8731
f 8727 8731 8696
f 8687 8688 8717
f 8707 8706 8691
f 8719 8708 8670
f 8721 8703 8704
f 8721 8658 8730
f 8769 8730 8658
f 8737 8711 8705
f 8713 8712 8693
f 8693 8650 8713
f 9597 8752 8673
f 8701 8726 8715
f 8747 8716 8732
f 8732 8702 8762
f 8718 8689 8728
f 8728 8689 8723
f 8733 8723 8706
f 8706 8707 8733
f 8671 8710 8751
f 8736 8751 8710
f 8710 8703 8736
f 8759 8737 8705
f 8722 8714 8675
f 8731 8727 8746
f 8748 8754 8702
f 8702 8717 8748
f 8717 8688 8728
f 8707 8708 8755
f 8708 8719 8734
f 8724 8734 8719
f 8719 8681 8724
f 8681 8720 8724
f 8735 8724 8720
f 8729 8709 8757
f 8709 8638 8750
f 8751 8750 8638
f 8703 8721 8768
f 8730 8768 8721
f 8770 8758 8698
f 8777 8725 8711
f 8705 8712 8745
f 8738 8713 8672
f 8672 8752 8738
f 9597 8714 8753
f 8739 8753 8714
f 8714 8722 8739
f 8726 8731 8760
f 8747 8727 8716
f 8754 8762 8702
f 8728 8723 8743
f 8733 8743 8723
f 8755 8708 8734
f 8735 8729 8744
f 8750 8757 8709
f 8777 8770 8725
f 8745 8759 8705
f 8712 8713 8771
f 8752 9597 8753
f 8715 8726 8741
f 8760 8741 8726
f 8762 8742 8732
f 8728 8748 8717
f 8743 8749 8728
f 8755 8733 8707
f 8744 8729 8756
f 8757 8756 8729
f 8765 8768 8730
f 8784 8737 8759
f 8771 8745 8712
f 8740 8739 8722
f 8722 8715 8740
f 8741 8740 8715
f 8772 8741 8760
f 8746 8760 8731
f 8761 8746 8727
f 8747 8761 8727
f 8742 8747 8732
f 8754 8748 8781
f 8743 8733 8755
f 8755 8734 8767
f 8724 8735 8763
f 8744 8763 8735
f 8757 8750 8764
f 8751 8736 8792
f 8730 8769 8765
f 8737 8777 8711
f 8738 8771 8713
f 8796 8738 8752
f 8785 8753 8739
f 8740 8785 8739
f 8740 8741 8779
f 8763 8767 8734
f 8734 8724 8763
f 8768 8736 8703
f 8770 8819 8758
f 8759 8745 9557
f 8752 8753 8796
f 8779 8785 8740
f 8741 8772 8779
f 8780 8760 8746
f 8766 8748 8728
f 8728 8749 8766
f 8774 8749 8743
f 8743 8755 8774
f 8818 8750 8751
f 8765 8769 8811
f 8783 8777 8737
f 8738 8796 8771
f 8761 8780 8746
f 8742 8773 8747
f 8789 8742 8762
f 8766 8781 8748
f 8767 8774 8755
f 8763 8744 8775
f 8744 8756 8775
f 8756 8757 8782
f 8764 8782 8757
f 8768 8765 8794
f 8837 8769 8758
f 8737 8784 8783
f 9853 8759 9557
f 8778 8796 8753
f 8785 8778 8753
f 8786 8772 8760
f 8787 8780 8761
f 8773 8761 8747
f 8789 8762 8798
f 8762 8754 8798
f 8767 8763 8800
f 8775 8756 8776
f 8782 8776 8756
f 8792 8818 8751
f 9557 8771 8795
f 8780 8786 8760
f 8781 8798 8754
f 8790 8766 8749
f 8749 8774 8790
f 8794 8793 8768
f 9853 8784 8759
f 8791 8790 8774
f 8803 8779 8772
f 8786 8803 8772
f 8761 8773 8787
f 8773 8742 8789
f 8781 8766 8799
f 8790 8799 8766
f 8800 8791 8774
f 8774 8767 8800
f 8801 8800 8763
f 8763 8775 8801
f 8776 8801 8775
f 8818 8764 8750
f 8736 8768 8793
f 8811 8794 8765
f 8819 8770 8869
f 8770 8777 8820
f 8777 8783 8820
f 8784 9853 9848
f 8796 8795 8771
f 8812 8796 8778
f 8785 8779 8812
f 8787 8786 8780
f 8787 8773 8788
f 8773 8789 8788
f 8799 8798 8781
f 8810 8809 8776
f 8782 8810 8776
f 8811 8769 8837
f 8805 8783 8784
f 9848 8805 8784
f 8778 8785 8812
f 8786 8787 8797
f 8788 8797 8787
f 8788 8789 9859
f 8798 9859 8789
f 8801 8776 8809
f 8817 8782 8764
f 8764 8832 8817
f 8842 8792 8736
f 8736 8793 8842
f 8812 9849 8795
f 8795 8796 8812
f 8803 8812 8779
f 8803 8786 9850
f 8786 8797 9850
f 9847 9859 8798
f 9851 9847 8798
f 8798 8799 9851
f 8799 8790 9851
f 8764 8818 8832
f 8804 8822 8793
f 8793 8794 8804
f 8819 8837 8758
f 8813 8812 8803
f 9850 8813 8803
f 8782 8817 8810
f 8826 8818 8792
f 8833 8826 8792
f 8792 8842 8833
f 8842 8793 8822
f 8794 8811 8836
f 8820 8869 8770
f 8820 8783 8851
f 8815 9844 8816
f 8836 8811 8827
f 8837 8819 8823
f 8783 8805 8851
f 8805 9848 8824
f 9849 8812 8813
f 9846 8806 8825
f 8838 8814 8807
f 8807 8815 8838
f 8815 8816 8830
f 8821 8816 9855
f 9855 8808 8821
f 8808 8809 8821
f 8817 8832 8882
f 8818 8826 8832
f 9854 8825 8829
f 8806 8814 8852
f 8831 8830 8816
f 8816 8821 8831
f 8810 8817 8841
f 8804 8794 8836
f 8837 8827 8811
f 8869 8823 8819
f 8851 8862 8820
f 8805 8824 8828
f 8834 8825 8806
f 8852 8834 8806
f 8838 8852 8814
f 8830 8838 8815
f 8809 8810 8841
f 8828 8851 8805
f 8828 8824 8850
f 8829 8850 8824
f 8825 8863 8829
f 8871 8854 8831
f 8831 8821 8871
f 8864 8809 8841
f 8822 8804 8835
f 8836 8835 8804
f 8869 8820 8862
f 8834 8863 8825
f 8854 8830 8831
f 8881 8871 8821
f 8821 8809 8881
f 8842 8822 8839
f 9631 8835 8836
f 8849 9631 8836
f 8823 8827 8837
f 8850 8829 8843
f 8863 8843 8829
f 8838 8830 8853
f 8844 8853 8830
f 8809 8864 8881
f 8832 8826 8845
f 8855 8826 8833
f 8833 8842 8855
f 8842 8839 8855
f 8850 8878 8828
f 8853 8852 8838
f 8854 8844 8830
f 8855 8839 8846
f 8839 9632 8846
f 8847 8846 9632
f 9630 8840 8860
f 8856 8860 8840
f 8856 8840 8848
f 8840 9628 8848
f 9628 8835 9631
f 8836 8827 8849
f 8878 8883 8828
f 8817 8882 8887
f 8847 9630 8859
f 8823 8858 8827
f 8848 9631 8857
f 8861 8857 9631
f 9631 8849 8861
f 8858 8849 8827
f 8916 8862 8851
f 8843 8878 8850
f 8863 8870 8843
f 8841 8817 8887
f 8845 8895 8832
f 8855 8845 8826
f 8855 8846 8875
f 8859 9630 8873
f 8876 8860 8856
f 8856 8848 8865
f 8857 8866 8848
f 8851 8828 8916
f 8895 8882 8832
f 8860 8873 9630
f 8856 8865 8876
f 8866 8865 8848
f 8858 8823 8880
f 8869 8880 8823
f 8878 8843 8870
f 8875 8868 8855
f 8872 8879 8847
f 8847 8859 8872
f 8873 8898 8859
f 8877 8861 8849
f 8849 8858 8877
f 8853 8844 8867
f 8894 8867 8844
f 8841 8887 8890
f 8845 8855 8868
f 8873 8860 8888
f 8860 8876 8888
f 8904 8876 8865
f 8866 8904 8865
f 8861 8900 8857
f 8834 8852 8874
f 8885 8874 8852
f 8852 8853 8885
f 8854 8871 8902
f 8859 8898 8872
f 8910 8877 8858
f 8883 8916 8828
f 8870 8863 8884
f 8863 8834 8884
f 8890 8864 8841
f 8845 8868 8896
f 8893 8900 8861
f 8861 8877 8893
f 8880 8910 8858
f 8869 8862 8880
f 8916 8880 8862
f 8884 8912 8870
f 8834 8874 8884
f 8854 8894 8844
f 8871 8881 8886
f 8896 8895 8845
f 8897 8896 8868
f 8868 8875 8897
f 8875 8879 8908
f 8929 8898 8873
f 8904 8899 8876
f 8904 8866 8938
f 8853 8867 8901
f 8902 8894 8854
f 8889 8886 8881
f 8908 8897 8875
f 8872 8908 8879
f 8892 8929 8873
f 8888 8876 8903
f 8915 8866 8857
f 8900 8915 8857
f 8953 8916 8883
f 8878 8911 8883
f 8886 8902 8871
f 8881 8864 8889
f 8917 8887 8882
f 8882 8895 8917
f 8873 8888 8892
f 8876 8899 8903
f 8905 8893 8877
f 8877 8910 8905
f 8911 8953 8883
f 8912 8878 8870
f 8901 8885 8853
f 8867 8894 8901
f 8907 8889 8864
f 8890 8907 8864
f 8917 8890 8887
f 8891 8908 8872
f 8866 8915 8938
f 8917 8935 8890
f 8900 8893 8905
f 8910 8880 8923
f 8916 8923 8880
f 8911 8878 8906
f 8912 8906 8878
f 8895 8896 8917
f 8897 8917 8896
f 8891 8927 8908
f 8891 8872 8909
f 8898 8909 8872
f 8933 8898 8934
f 8929 8934 8898
f 8892 8888 8920
f 8903 8920 8888
f 8899 8904 8918
f 8905 8921 8900
f 8905 8910 8922
f 8912 8884 8932
f 8913 8932 8884
f 8884 9561 8913
f 9561 8885 8919
f 8889 8907 8926
f 8920 8941 8892
f 8904 8938 8918
f 8938 8915 8930
f 8921 8915 8900
f 8885 8901 8925
f 8914 8917 8897
f 8897 8908 8914
f 8927 8914 8908
f 8937 8927 8891
f 8933 8909 8898
f 8929 8892 8941
f 8921 8905 8964
f 8923 8922 8910
f 8906 8912 8931
f 9561 8919 8924
f 8901 8894 8940
f 8894 8902 8944
f 8926 8907 8961
f 8890 8961 8907
f 8909 8937 8891
f 8903 8899 8942
f 8915 8921 8930
f 8953 8923 8916
f 8932 8931 8912
f 8947 8913 9561
f 8924 8947 9561
f 8919 8885 8925
f 8940 8925 8901
f 8886 8944 8902
f 8886 8889 8926
f 8935 8961 8890
f 8914 8935 8917
f 8914 8927 8936
f 8905 8922 8964
f 8922 8923 8943
f 8926 8948 8886
f 8929 8928 8934
f 8941 8920 8946
f 8920 8903 8946
f 8899 8918 8942
f 8930 8921 8952
f 8967 8911 8906
f 8924 8919 8968
f 8955 8940 8894
f 8936 8945 8914
f 8972 8936 8927
f 8927 8937 8972
f 8941 8928 8929
f 8918 8938 8980
f 8938 8930 8951
f 8921 8964 8952
f 8967 8953 8911
f 8931 8967 8906
f 8954 8931 8932
f 8947 8924 8963
f 8968 8963 8924
f 8940 8919 8925
f 8886 8948 8960
f 8935 8914 8945
f 8909 8933 8958
f 8959 8933 8934
f 8942 8946 8903
f 8953 8967 8966
f 8931 8975 8967
f 8940 8939 8919
f 8955 8970 8940
f 8894 8944 8955
f 8960 8944 8886
f 8972 8949 8936
f 8937 8909 8958
f 8957 8942 8918
f 8922 8943 8964
f 8923 8953 8943
f 8939 8940 8970
f 8926 8961 8971
f 8936 8949 8945
f 8962 8959 8934
f 8928 8962 8934
f 8928 8941 8950
f 8941 8946 8950
f 8946 8942 8957
f 8918 8980 8957
f 8951 8980 8938
f 8954 8975 8931
f 8939 8968 8919
f 8948 8926 8971
f 8958 8972 8937
f 8956 8950 8946
f 8946 8957 8956
f 8951 9032 8980
f 8951 8930 9012
f 9006 8943 8953
f 8970 8955 8982
f 9002 8955 8944
f 9012 8930 8974
f 8952 8974 8930
f 9017 8974 8952
f 8964 9017 8952
f 8953 8966 9006
f 8963 8996 8947
f 8944 8960 9002
f 8961 8935 9583
f 8935 8945 9583
f 8972 8958 8978
f 9010 8958 8933
f 9010 8933 8959
f 8962 8928 8950
f 8950 8956 8979
f 8956 8957 8984
f 8973 8984 8957
f 8957 8980 8973
f 8943 8965 8964
f 8943 9006 8989
f 8996 8986 8947
f 8981 8968 8939
f 8969 8981 8939
f 8960 8948 8971
f 8985 8973 8980
f 8945 8949 8977
f 8999 8977 8949
f 8949 8972 8999
f 8962 8950 8979
f 8984 8979 8956
f 8965 9017 8964
f 8989 8965 8943
f 8963 8968 8991
f 8981 8991 8968
f 8970 8982 8976
f 8955 9002 8982
f 9583 8945 8977
f 8978 8999 8972
f 9022 8959 8962
f 8962 8979 9022
f 8988 8984 8973
f 8985 8988 8973
f 9007 8966 8967
f 8967 8975 9007
f 8975 8954 9008
f 8996 8963 8990
f 8976 8982 8997
f 9062 9013 9002
f 8977 8999 9014
f 9015 8978 8958
f 9022 9010 8959
f 8985 8980 9032
f 8994 8993 8979
f 8979 8984 8994
f 8951 9012 9084
f 9008 9007 8975
f 9615 9008 8954
f 8991 8990 8963
f 9002 8960 9003
f 8961 9583 8992
f 8983 8992 9583
f 8993 9022 8979
f 8988 8994 8984
f 8985 9032 9065
f 8995 8986 9001
f 8986 8996 9001
f 8991 8981 9020
f 9003 9062 9002
f 8971 9003 8960
f 8971 8961 9039
f 8992 9039 8961
f 8999 8978 9009
f 9000 8965 8989
f 8989 9006 9018
f 8990 8991 9024
f 9020 9024 8991
f 9020 8981 9038
f 9004 8992 8983
f 8983 8998 9004
f 9014 8998 8987
f 9010 9022 9050
f 8993 8994 9016
f 8988 8985 9036
f 8965 9005 9017
f 8965 9000 9005
f 9038 8981 8969
f 9045 9007 9008
f 9636 9008 9615
f 8995 9636 9615
f 8990 9001 8996
f 9025 8997 8982
f 8978 9015 9080
f 8994 8988 9052
f 9036 9052 8988
f 9065 9036 8985
f 9005 9000 9034
f 9018 9000 8989
f 9040 9006 8966
f 9045 9040 8966
f 8966 9007 9045
f 9637 8995 9001
f 9635 9637 9001
f 9001 8990 9635
f 8990 9024 9019
f 9054 9025 8982
f 8982 9002 9054
f 9002 9013 9054
f 9003 8971 9026
f 9039 9026 8971
f 9009 9014 8999
f 9021 9015 8958
f 8958 9010 9021
f 9022 8993 9011
f 8993 9016 9011
f 9032 8951 9084
f 9005 9034 9061
f 9034 9000 9023
f 9000 9018 9023
f 9020 9038 9069
f 9004 8998 9027
f 9022 9011 9029
f 9030 9011 9016
f 9031 9016 8994
f 9052 9031 8994
f 9635 8990 9019
f 8992 9004 9079
f 9021 9080 9015
f 9033 9114 8974
f 8974 9017 9033
f 9018 9006 9067
f 9063 9079 9004
f 9004 9027 9063
f 9028 9027 8998
f 9014 9028 8998
f 9014 9009 9028
f 9022 9029 9050
f 9016 9031 9030
f 9084 9012 9066
f 9005 9061 9060
f 9008 9636 9048
f 9046 9048 9636
f 9041 9635 9019
f 9037 9041 9019
f 9035 9042 9024
f 9024 9020 9035
f 9038 8969 9053
f 8969 8997 9053
f 8997 9025 9053
f 9003 9026 9078
f 9039 9078 9026
f 8992 9055 9039
f 9029 9011 9043
f 9051 9043 9011
f 9011 9030 9051
f 9059 9030 9031
f 9065 9032 9083
f 9005 9033 9017
f 9067 9023 9018
f 9048 9045 9008
f 9069 9035 9020
f 9062 9049 9013
f 9078 9062 9003
f 8992 9079 9055
f 9010 9057 9021
f 9050 9029 9058
f 9030 9072 9071
f 9059 9072 9030
f 9059 9031 9044
f 9031 9052 9044
f 9074 9052 9036
f 8974 9066 9012
f 9033 9005 9060
f 9075 9061 9034
f 9006 9040 9067
f 9042 9041 9037
f 9053 9069 9038
f 9049 9054 9013
f 9078 9039 9055
f 9029 9043 9058
f 9051 9030 9071
f 9084 9083 9032
f 9089 9075 9034
f 9023 9089 9034
f 9635 9041 9634
f 9025 9094 9053
f 9063 9027 9064
f 9028 9070 9027
f 9058 9057 9050
f 9114 9033 9141
f 9089 9023 9047
f 9067 9047 9023
f 9045 9048 9085
f 9086 9048 9046
f 9046 9638 9086
f 9097 9060 9061
f 9099 9085 9048
f 9086 9099 9048
f 9042 9035 9068
f 9035 9069 9076
f 9070 9064 9027
f 9009 8978 9056
f 9080 9056 8978
f 9043 9051 9081
f 9071 9081 9051
f 9082 9044 9052
f 9074 9082 9052
f 9065 9074 9036
f 9114 9066 8974
f 9068 9041 9042
f 9094 9069 9053
f 9025 9054 9101
f 9077 9101 9054
f 9054 9049 9077
f 9078 9055 9092
f 9009 9123 9028
f 9081 9096 9043
f 9059 9044 9073
f 9075 9097 9061
f 9068 9035 9087
f 9076 9088 9035
f 9094 9025 9101
f 9049 9062 9116
f 9078 9116 9062
f 9010 9050 9057
f 9096 9058 9043
f 9071 9072 9106
f 9073 9072 9059
f 9074 9065 9107
f 9083 9107 9065
f 9102 9141 9033
f 9033 9060 9102
f 9085 9040 9045
f 9634 9041 9110
f 9100 9068 9090
f 9091 9076 9069
f 9092 9055 9678
f 9055 9079 9678
f 9070 9028 9105
f 9123 9105 9028
f 9124 9009 9056
f 9057 9058 9125
f 9112 9073 9044
f 9044 9082 9112
f 9111 9041 9100
f 9068 9087 9090
f 9035 9088 9087
f 9104 9116 9078
f 9104 9078 9092
f 9095 9678 9079
f 9079 9063 9095
f 9064 9095 9063
f 9127 9125 9058
f 9096 9081 9093
f 9071 9093 9081
f 9066 9083 9084
f 9075 9103 9097
f 9115 9040 9085
f 9099 9115 9085
f 9110 9041 9111
f 9087 9088 9134
f 9088 9076 9091
f 9094 9091 9069
f 9117 9095 9064
f 9064 9070 9117
f 9124 9123 9009
f 9106 9093 9071
f 9072 9073 9106
f 9082 9074 9113
f 9138 9066 9114
f 9097 9102 9060
f 9075 9089 9098
f 9047 9098 9089
f 9067 9040 9588
f 9121 9086 9638
f 9105 9117 9070
f 9056 9080 9118
f 9080 9021 9118
f 9021 9057 9125
f 9108 9103 9075
f 9040 9115 9588
f 9134 9133 9087
f 9678 9095 9679
f 9129 9113 9074
f 9107 9129 9074
f 9138 9083 9066
f 9098 9047 9109
f 9121 9099 9086
f 9132 9111 9100
f 9100 9090 9132
f 9092 9185 9104
f 9073 9112 9137
f 9102 9097 9131
f 9103 9131 9097
f 9098 9108 9075
f 9091 9094 9140
f 9094 9101 9140
f 9105 9123 9136
f 9118 9021 9119
f 9125 9119 9021
f 9093 9106 9137
f 9106 9073 9137
f 9128 9112 9082
f 9113 9128 9082
f 9114 9141 9174
f 9115 9099 9120
f 9122 9143 9110
f 9110 9111 9122
f 9132 9122 9111
f 9133 9132 9090
f 9090 9087 9133
f 9091 9134 9088
f 9127 9126 9125
f 9127 9058 9096
f 9112 9128 9157
f 9083 9129 9107
f 9138 9114 9174
f 9099 9121 9148
f 9077 9049 9154
f 9116 9104 9135
f 9185 9135 9104
f 9680 9185 9092
f 9117 9155 9095
f 9679 9095 9155
f 9117 9105 9150
f 9136 9150 9105
f 9093 9156 9096
f 9165 9128 9113
f 9145 9129 9083
f 9141 9102 9131
f 9131 9103 9130
f 9103 9108 9130
f 9109 9588 9147
f 9121 9110 9148
f 9143 9148 9110
f 9133 9134 9139
f 9101 9077 9140
f 9049 9116 9154
f 9135 9154 9116
f 9124 9136 9123
f 9119 9125 9126
f 9157 9137 9112
f 9113 9129 9165
f 9138 9145 9083
f 9108 9098 9142
f 9160 9588 9115
f 9161 9122 9132
f 9134 9091 9144
f 9091 9140 9144
f 9142 9167 9108
f 9147 9142 9098
f 9098 9109 9147
f 9147 9588 9160
f 9143 9122 9176
f 9161 9176 9122
f 9161 9132 9149
f 9132 9133 9149
f 9139 9149 9133
f 9177 9139 9134
f 9134 9144 9177
f 9056 9118 9196
f 9119 9151 9118
f 9093 9137 9156
f 9158 9157 9128
f 9196 9124 9056
f 9151 9196 9118
f 9180 9127 9096
f 9156 9180 9096
f 9186 9156 9137
f 9131 9130 9146
f 9130 9108 9167
f 9200 9160 9115
f 9115 9120 9200
f 9148 9120 9099
f 9153 9177 9144
f 9195 9140 9077
f 9077 9154 9195
f 9174 9141 9159
f 9166 9159 9141
f 9141 9131 9166
f 9146 9166 9131
f 9146 9130 9167
f 9155 9162 9680
f 9150 9155 9117
f 9136 9173 9150
f 9119 9126 9152
f 9164 9152 9126
f 9126 9127 9164
f 9180 9164 9127
f 9147 9169 9142
f 9120 9148 9170
f 9143 9176 9171
f 9161 9149 9184
f 9178 9153 9144
f 9144 9140 9178
f 9140 9195 9178
f 9680 9205 9185
f 9163 9151 9119
f 9119 9152 9163
f 9137 9157 9186
f 9165 9158 9128
f 9165 9129 9187
f 9138 9174 9189
f 9167 9142 9168
f 9142 9169 9168
f 9190 9147 9160
f 9171 9170 9148
f 9148 9143 9171
f 9184 9172 9161
f 9155 9150 9173
f 9180 9156 9181
f 9129 9145 9187
f 9145 9138 9189
f 9190 9169 9147
f 9183 9190 9160
f 9160 9200 9183
f 9176 9161 9172
f 9177 9153 9203
f 9185 9234 9135
f 9680 9162 9211
f 9155 9173 9162
f 9242 9162 9173
f 9182 9186 9157
f 9157 9158 9182
f 9188 9187 9145
f 9189 9188 9145
f 9215 9189 9174
f 9207 9166 9146
f 9146 9167 9175
f 9168 9175 9167
f 9170 9208 9120
f 9170 9171 9208
f 9171 9176 9217
f 9176 9172 9217
f 9149 9139 9201
f 9177 9201 9139
f 9177 9203 9202
f 9234 9195 9154
f 9206 9173 9136
f 9179 9136 9124
f 9124 9196 9226
f 9231 9163 9152
f 9164 9192 9152
f 9186 9181 9156
f 9158 9165 9187
f 9166 9207 9199
f 9146 9175 9207
f 9169 9190 9168
f 9120 9208 9200
f 9184 9149 9210
f 9202 9201 9177
f 9191 9203 9153
f 9153 9178 9191
f 9154 9135 9234
f 9173 9206 9242
f 9136 9179 9206
f 9151 9163 9196
f 9192 9231 9152
f 9164 9180 9212
f 9180 9181 9193
f 9159 9215 9174
f 9216 9208 9171
f 9217 9216 9171
f 9217 9172 9209
f 9220 9209 9172
f 9172 9184 9220
f 9210 9220 9184
f 9242 9211 9162
f 9124 9226 9179
f 9212 9192 9164
f 9180 9193 9212
f 9158 9187 9194
f 9214 9194 9187
f 9187 9188 9214
f 9188 9189 9197
f 9215 9197 9189
f 9166 9221 9159
f 9168 9190 9198
f 9190 9183 9246
f 9149 9201 9210
f 9178 9195 9204
f 9230 9234 9185
f 9211 9205 9680
f 9196 9163 9227
f 9182 9158 9213
f 9194 9213 9158
f 9246 9198 9190
f 9228 9219 9200
f 9200 9208 9228
f 9202 9203 9223
f 9204 9191 9178
f 9196 9227 9226
f 9193 9181 9218
f 9181 9186 9218
f 9186 9182 9213
f 9168 9198 9207
f 9198 9199 9207
f 9219 9183 9200
f 9201 9202 9223
f 9195 9224 9204
f 9225 9242 9206
f 9261 9227 9163
f 9231 9261 9163
f 9218 9186 9235
f 9186 9213 9235
f 9214 9188 9197
f 9166 9199 9221
f 9228 9208 9222
f 9217 9209 9236
f 9201 9233 9210
f 9223 9203 9191
f 9195 9234 9224
f 9205 9230 9185
f 9205 9211 9259
f 9206 9179 9225
f 9214 9197 9232
f 9209 9220 9229
f 9234 9230 9271
f 9226 9225 9179
f 9254 9192 9212
f 9193 9254 9212
f 9214 9213 9194
f 9197 9215 9239
f 9222 9208 9236
f 9216 9236 9208
f 9216 9217 9236
f 9236 9209 9229
f 9237 9229 9220
f 9220 9210 9237
f 9210 9233 9237
f 9223 9241 9201
f 9223 9191 9241
f 9204 9224 9253
f 9259 9230 9205
f 9242 9225 9279
f 9218 9254 9193
f 9232 9197 9239
f 9221 9215 9159
f 9221 9199 9245
f 9199 9198 9245
f 9225 9226 9279
f 9226 9227 9260
f 9231 9273 9261
f 9192 9247 9231
f 9238 9254 9218
f 9213 9214 9255
f 9232 9256 9214
f 9262 9239 9215
f 9198 9246 9291
f 9219 9266 9183
f 9240 9250 9229
f 9233 9201 9251
f 9234 9258 9224
f 9242 9265 9211
f 9261 9272 9227
f 9218 9235 9243
f 9235 9213 9243
f 9255 9243 9213
f 9232 9239 9244
f 9221 9262 9215
f 9228 9275 9219
f 9228 9222 9248
f 9236 9248 9222
f 9236 9229 9250
f 9229 9237 9240
f 9201 9241 9251
f 9253 9224 9258
f 9234 9271 9258
f 9265 9259 9211
f 9260 9279 9226
f 9272 9260 9227
f 9247 9273 9231
f 9254 9247 9192
f 9218 9243 9238
f 9244 9256 9232
f 9221 9245 9290
f 9291 9245 9198
f 9275 9266 9219
f 9250 9249 9236
f 9237 9233 9269
f 9233 9251 9269
f 9253 9191 9204
f 9256 9255 9214
f 9290 9262 9221
f 9248 9267 9228
f 9251 9241 9270
f 9241 9191 9252
f 9191 9253 9252
f 9262 9289 9239
f 9291 9290 9245
f 9267 9275 9228
f 9248 9236 9249
f 9250 9257 9249
f 9250 9240 9276
f 9240 9237 9264
f 9269 9264 9237
f 9253 9258 9278
f 9242 9279 9265
f 9243 9288 9238
f 9282 9256 9244
f 9246 9183 9266
f 9248 9249 9611
f 9276 9257 9250
f 9264 9276 9240
f 9251 9270 9269
f 9252 9270 9241
f 9272 9261 9280
f 9273 9309 9261
f 9254 9238 9287
f 9288 9287 9238
f 9274 9288 9243
f 9243 9255 9281
f 9256 9281 9255
f 9267 9248 9611
f 9611 9249 9263
f 9249 9257 9263
f 9270 9252 9277
f 9309 9280 9261
f 9287 9247 9254
f 9295 9282 9244
f 9289 9244 9239
f 9246 9292 9291
f 9252 9253 9278
f 9271 9230 9307
f 9265 9279 9332
f 9322 9332 9279
f 9281 9274 9243
f 9282 9281 9256
f 9298 9290 9291
f 9266 9292 9246
f 9268 9263 9257
f 9276 9268 9257
f 9283 9269 9270
f 9277 9283 9270
f 9278 9277 9252
f 9258 9312 9278
f 9230 9259 9313
f 9279 9260 9322
f 9272 9322 9260
f 9264 9269 9301
f 9258 9271 9328
f 9265 9313 9259
f 9247 9309 9273
f 9247 9287 9303
f 9244 9289 9295
f 9306 9268 9276
f 9269 9283 9294
f 9328 9312 9258
f 9230 9313 9307
f 9272 9280 9284
f 9282 9295 9310
f 9262 9290 9326
f 9267 9611 9305
f 9263 9268 9293
f 9285 9306 9276
f 9276 9264 9285
f 9264 9301 9285
f 9269 9294 9301
f 9286 9283 9277
f 9277 9278 9286
f 9312 9319 9278
f 9322 9272 9284
f 9267 9336 9275
f 9336 9267 9305
f 9294 9283 9311
f 9284 9280 9308
f 9302 9308 9280
f 9309 9302 9280
f 9309 9247 9333
f 9247 9303 9333
f 9297 9303 9287
f 9287 9288 9297
f 9324 9314 9274
f 9274 9281 9324
f 9281 9282 9310
f 9298 9291 9335
f 9291 9292 9315
f 9316 9293 9268
f 9316 9268 9306
f 9306 9285 9299
f 9286 9311 9283
f 9278 9319 9286
f 9296 9328 9271
f 9271 9307 9296
f 9265 9332 9321
f 9323 9297 9288
f 9288 9274 9323
f 9314 9323 9274
f 9281 9310 9325
f 9326 9289 9262
f 9290 9298 9351
f 9315 9335 9291
f 9292 9266 9304
f 9266 9275 9304
f 9336 9304 9275
f 9305 9611 9330
f 9299 9285 9300
f 9285 9301 9300
f 9339 9313 9265
f 9265 9321 9339
f 9325 9324 9281
f 9351 9326 9290
f 9298 9335 9351
f 9318 9300 9301
f 9301 9294 9318
f 9311 9327 9294
f 9340 9302 9309
f 9333 9340 9309
f 9306 9299 9317
f 9299 9300 9317
f 9311 9286 9338
f 9319 9338 9286
f 9312 9320 9319
f 9328 9320 9312
f 9325 9310 9356
f 9310 9295 9356
f 9326 9329 9289
f 9315 9292 9304
f 9347 9316 9306
f 9306 9317 9347
f 9327 9337 9294
f 9338 9327 9311
f 9322 9284 9308
f 9295 9289 9329
f 9330 9350 9305
f 9331 9338 9319
f 9349 9296 9307
f 9307 9313 9349
f 9332 9322 9344
f 9308 9344 9322
f 9308 9302 9345
f 9302 9340 9345
f 9342 9333 9303
f 9303 9297 9342
f 9314 9324 9325
f 9363 9356 9295
f 9351 9334 9326
f 9295 9329 9363
f 9330 9316 9358
f 9300 9318 9348
f 9304 9336 9346
f 9305 9357 9336
f 9348 9317 9300
f 9318 9337 9353
f 9327 9338 9337
f 9320 9331 9319
f 9321 9332 9371
f 9344 9371 9332
f 9345 9340 9382
f 9341 9340 9333
f 9333 9342 9341
f 9325 9343 9314
f 9334 9329 9326
f 9350 9357 9305
f 9360 9347 9317
f 9366 9328 9296
f 9349 9366 9296
f 9339 9321 9371
f 9341 9382 9340
f 9351 9335 9379
f 9315 9379 9335
f 9346 9364 9304
f 9346 9336 9357
f 9358 9316 9369
f 9316 9347 9369
f 9348 9360 9317
f 9348 9318 9353
f 9313 9339 9349
f 9355 9297 9323
f 9323 9314 9355
f 9314 9343 9355
f 9343 9325 9368
f 9375 9363 9329
f 9338 9331 9380
f 9370 9349 9339
f 9339 9371 9370
f 9344 9308 9406
f 9342 9297 9362
f 9334 9375 9329
f 9334 9351 9391
f 9347 9360 9369
f 9360 9348 9361
f 9348 9353 9361
f 9354 9338 9380
f 9331 9320 9365
f 9320 9328 9366
f 9367 9371 9344
f 9362 9341 9342
f 9355 9362 9297
f 9368 9325 9356
f 9304 9376 9315
f 9352 9357 9350
f 9358 9352 9350
f 9353 9337 9378
f 9346 9357 9364
f 9369 9359 9358
f 9378 9361 9353
f 9365 9381 9331
f 9387 9366 9349
f 9345 9406 9308
f 9362 9355 9643
f 9644 9643 9355
f 9343 9644 9355
f 9363 9375 9384
f 9379 9391 9351
f 9376 9379 9315
f 9364 9376 9304
f 9364 9357 9377
f 9359 9352 9358
f 9386 9369 9360
f 9360 9361 9386
f 9337 9354 9378
f 9380 9331 9381
f 9320 9366 9365
f 9406 9367 9344
f 9372 9406 9345
f 9382 9372 9345
f 9356 9363 9400
f 9395 9375 9334
f 9334 9391 9395
f 9400 9399 9368
f 9368 9356 9400
f 9357 9352 9377
f 9361 9378 9386
f 9378 9354 9393
f 9380 9393 9354
f 9373 9394 9362
f 9374 9343 9390
f 9343 9368 9390
f 9384 9400 9363
f 9352 9359 9385
f 9365 9366 9412
f 9387 9412 9366
f 9349 9370 9387
f 9371 9367 9388
f 9415 9388 9367
f 9406 9415 9367
f 9341 9362 9394
f 9409 9642 9374
f 9374 9390 9383
f 9384 9375 9401
f 9395 9401 9375
f 9391 9379 9419
f 9377 9396 9364
f 9377 9352 9420
f 9369 9386 9405
f 9428 9386 9378
f 9392 9428 9378
f 9378 9393 9392
f 9388 9370 9371
f 9409 9374 9383
f 9402 9395 9391
f 9379 9376 9403
f 9420 9352 9385
f 9381 9411 9380
f 9381 9365 9440
f 9412 9440 9365
f 9412 9387 9413
f 9398 9431 9372
f 9372 9382 9398
f 9341 9398 9382
f 9390 9860 9383
f 9401 9400 9384
f 9403 9419 9379
f 9376 9364 9404
f 9396 9404 9364
f 9405 9359 9369
f 9397 9392 9393
f 9411 9393 9380
f 9440 9411 9381
f 9387 9370 9413
f 9370 9388 9414
f 9431 9406 9372
f 9341 9394 9398
f 9394 9645 9416
f 9410 9645 9389
f 9408 9410 9389
f 9642 9408 9389
f 9417 9390 9368
f 9368 9399 9417
f 9419 9402 9391
f 9404 9403 9376
f 9385 9427 9420
f 9385 9359 9427
f 9433 9428 9392
f 9397 9433 9392
f 9411 9397 9393
f 9414 9441 9370
f 9415 9414 9388
f 9407 9398 9394
f 9416 9645 9410
f 9409 9408 9642
f 9409 9383 9437
f 9418 9417 9399
f 9395 9402 9426
f 9405 9427 9359
f 9405 9386 9450
f 9413 9370 9441
f 9415 9406 9423
f 9398 9407 9693
f 9442 9418 9399
f 9399 9400 9442
f 9400 9401 9442
f 9401 9395 9444
f 9396 9377 9420
f 9386 9428 9450
f 9397 9411 9421
f 9412 9413 9429
f 9431 9423 9406
f 9416 9410 9447
f 9436 9447 9410
f 9408 9409 9459
f 9437 9459 9409
f 9434 9425 9417
f 9418 9434 9417
f 9402 9419 9453
f 9404 9396 9438
f 9420 9438 9396
f 9422 9421 9411
f 9411 9440 9422
f 9440 9412 9429
f 9414 9415 9430
f 9410 9408 9436
f 9395 9426 9444
f 9453 9426 9402
f 9419 9403 9449
f 9455 9427 9405
f 9450 9455 9405
f 9445 9429 9413
f 9441 9445 9413
f 9423 9430 9415
f 9423 9431 9435
f 9431 9398 9432
f 9693 9432 9398
f 9459 9436 9408
f 9444 9442 9401
f 9428 9433 9451
f 9439 9433 9421
f 9422 9439 9421
f 9430 9441 9414
f 9432 9435 9431
f 9447 9446 9416
f 9447 9436 9481
f 9444 9426 9443
f 9453 9443 9426
f 9449 9453 9419
f 9404 9438 9464
f 9438 9420 9454
f 9427 9454 9420
f 9427 9455 9467
f 9422 9440 9457
f 9423 9435 9694
f 9436 9459 9481
f 9437 9860 9460
f 9425 9460 9860
f 9442 9444 9443
f 9403 9404 9464
f 9456 9455 9450
f 9451 9450 9428
f 9439 9451 9433
f 9439 9422 9457
f 9440 9429 9457
f 9445 9468 9429
f 9441 9430 9473
f 9452 9442 9469
f 9442 9443 9469
f 9449 9463 9453
f 9467 9454 9427
f 9468 9457 9429
f 9445 9441 9458
f 9473 9458 9441
f 9446 9447 9448
f 9481 9448 9447
f 9459 9437 9460
f 9425 9434 9461
f 9452 9461 9434
f 9452 9469 9462
f 9443 9453 9470
f 9438 9454 9465
f 9451 9456 9450
f 9461 9452 9462
f 9469 9443 9478
f 9463 9470 9453
f 9449 9403 9466
f 9403 9464 9466
f 9467 9465 9454
f 9467 9455 9499
f 9456 9499 9455
f 9490 9456 9451
f 9462 9469 9475
f 9449 9466 9463
f 9464 9438 9465
f 9451 9439 9490
f 9692 9695 9474
f 9448 9481 9485
f 9481 9459 9496
f 9459 9460 9496
f 9485 9477 9448
f 9460 9425 9486
f 9443 9470 9478
f 9465 9484 9464
f 9499 9489 9467
f 9490 9439 9479
f 9457 9479 9439
f 9468 9471 9457
f 9468 9445 9472
f 9492 9472 9445
f 9445 9458 9492
f 9476 9458 9473
f 9461 9486 9425
f 9475 9461 9462
f 9463 9466 9504
f 9466 9464 9484
f 9465 9467 9489
f 9457 9471 9479
f 9491 9471 9468
f 9472 9491 9468
f 9476 9492 9458
f 9482 9475 9469
f 9469 9478 9482
f 9478 9470 9483
f 9463 9504 9483
f 9484 9504 9466
f 9499 9456 9490
f 9694 9480 9493
f 9494 9480 9692
f 9692 9474 9494
f 9477 9494 9474
f 9486 9496 9460
f 9470 9463 9483
f 9465 9624 9484
f 9465 9489 9624
f 9471 9491 9508
f 9461 9475 9501
f 9475 9482 9501
f 9502 9482 9478
f 9478 9483 9502
f 9504 9503 9483
f 9504 9484 9497
f 9471 9508 9479
f 9491 9472 9523
f 9472 9492 9523
f 9476 9473 9493
f 9473 9694 9493
f 9494 9477 9495
f 9486 9461 9487
f 9503 9502 9483
f 9488 9497 9484
f 9623 9488 9484
f 9484 9624 9623
f 9499 9498 9489
f 9524 9523 9492
f 9509 9492 9476
f 9493 9480 9500
f 9494 9500 9480
f 9495 9510 9494
f 9481 9496 9485
f 9501 9487 9461
f 9504 9497 9505
f 9624 9489 9498
f 9490 9479 9522
f 9508 9522 9479
f 9515 9508 9491
f 9523 9515 9491
f 9524 9492 9509
f 9476 9493 9509
f 9506 9509 9493
f 9500 9506 9493
f 9500 9494 9510
f 9477 9485 9511
f 9496 9511 9485
f 9496 9486 9530
f 9511 9510 9495
f 9495 9477 9511
f 9522 9498 9499
f 9499 9490 9522
f 9487 9530 9486
f 9503 9504 9521
f 9504 9505 9521
f 9497 9488 9513
f 9525 9524 9509
f 9501 9507 9512
f 9498 9534 9623
f 9509 9506 9526
f 9500 9510 9516
f 9510 9511 9529
f 9517 9529 9511
f 9511 9496 9517
f 9530 9517 9496
f 9487 9501 9530
f 9512 9530 9501
f 9498 9522 9534
f 9509 9526 9525
f 9529 9533 9510
f 9518 9512 9507
f 9505 9514 9521
f 9505 9497 9513
f 9534 9532 9623
f 9508 9515 9528
f 9515 9523 9528
f 9533 9516 9510
f 9533 9529 9547
f 9519 9527 9518
f 9512 9518 9531
f 9527 9531 9518
f 9519 9520 9527
f 9545 9527 9520
f 9520 9521 9545
f 9521 9514 9545
f 9522 9528 9540
f 9537 9528 9523
f 9535 9537 9523
f 9523 9524 9535
f 9524 9525 9535
f 9526 9535 9525
f 9543 9517 9530
f 9514 9505 9539
f 9505 9513 9539
f 9540 9534 9522
f 9526 9516 9533
f 9529 9517 9543
f 9530 9512 9543
f 9531 9527 9538
f 9534 9536 9532
f 9526 9731 9535
f 9531 9543 9512
f 9539 9532 9536
f 9543 9547 9529
f 9546 9545 9514
f 9539 9546 9514
f 9536 9534 9552
f 9731 9526 9549
f 9542 9541 9533
f 9533 9547 9542
f 9550 9531 9538
f 9551 9546 9539
f 9552 9861 9536
f 9534 9540 9552
f 9541 9549 9526
f 9537 9535 9556
f 9732 9556 9535
f 9731 9732 9535
f 9550 9541 9542
f 9547 9550 9542
f 9544 9547 9543
f 9538 9545 9733
f 9552 9540 9555
f 9540 9548 9555
f 9541 9553 9549
f 9544 9550 9547
f 9733 9541 9550
f 9733 9545 9554
f 9546 9554 9545
f 9546 9551 9554
f 9554 9861 9732
f 9556 9732 9861
f 9861 9555 9556
f 8712 8705 8683
f 633 9622 634
f 1006 1016 990
f 4678 4743 4702
f 871 834 835
f 9433 9397 9421
f 6684 6607 6524
f 5694 5681 5668
f 1756 1820 1796
f 7909 8092 8064
f 743 760 853
f 853 760 782
f 9041 9068 9100
f 3655 3713 3688
f 4916 5127 5044
f 6998 6997 6883
f 5123 4982 5069
f 8424 8435 8425
f 6871 6934 6955
f 1170 1044 1098
f 4953 4911 4968
f 7299 7399 7281
f 3794 9617 9616
f 8771 9557 8745
f 9558 5457 5423
f 3688 3654 3655
f 9563 4377 9599
f 1558 9566 1488
f 6730 6883 6801
f 5607 5713 5540
f 3375 3410 3311
f 7711 7863 7778
f 3483 3501 3413
f 9526 9533 9541
f 9552 9555 9861
f 3734 3751 3790
f 1337 1428 1360
f 7270 7372 7355
f 6722 7071 6917
f 6291 6255 6450
f 634 680 647
f 252 280 319
f 7227 7296 7351
f 8648 8649 8683
f 1702 1754 1701
f 755 658 761
f 5877 5768 5802
f 5611 5563 9739
f 5563 5564 9739
f 9506 9500 9516
f 9508 9528 9522
f 6416 6395 6353
f 5657 5460 5573
f 6739 6607 6684
f 6197 6209 6131
f 9539 9513 9532
f 4756 4645 4733
f 4218 4207 4158
f 7168 7082 7083
f 596 567 597
f 369 368 353
f 7681 7528 7588
f 7588 7528 7575
f 8594 9560 8615
f 8594 8573 9560
f 8874 9561 8884
f 8874 8885 9561
f 7521 7470 7593
f 9562 8560 8550
f 6500 6373 6387
f 9563 4459 4405
f 463 9564 421
f 2532 2617 2593
f 7593 7618 7596
f 7605 7596 7618
f 6706 7016 6781
f 3876 3923 3906
f 8976 8997 8969
f 6530 6430 6521
f 6354 6464 6379
f 1124 1159 1053
f 499 567 473
f 596 473 567
f 9337 9318 9294
f 5917 6131 5989
f 721 736 676
f 5941 5964 5894
f 5894 5964 5910
f 9565 1112 1140
f 1128 1129 1193
f 1115 1193 1129
f 9566 1558 1584
f 789 809 771
f 771 809 9567
f 4738 4884 9568
f 4898 9568 4884
f 6082 6258 6162
f 7505 7758 9569
f 4544 4543 4504
f 4067 4068 4147
f 9024 9042 9019
f 9042 9037 9019
f 3906 3875 3876
f 3717 9571 3582
f 1378 1420 1301
f 1439 1558 1428
f 4953 5070 4982
f 1706 1697 9572
f 4807 4733 4789
f 4847 4733 4807
f 6706 6781 6625
f 6788 9610 6926
f 9573 544 519
f 3790 3858 3784
f 5439 5340 5391
f 9574 6323 6268
f 9501 9482 9507
f 9482 9502 9507
f 9337 9338 9354
f 7174 7270 7355
f 7232 7174 7355
f 9551 9536 9861
f 9539 9536 9551
f 986 891 1066
f 1066 891 906
f 4727 4714 4764
f 4909 4889 4851
f 5182 5044 5127
f 924 881 775
f 881 9575 775
f 775 9575 860
f 5171 5049 5204
f 5171 5064 5049
f 5049 5031 5204
f 6804 6889 6888
f 5037 4889 4923
f 2469 2472 2484
f 5786 5732 5838
f 5838 5732 5839
f 1075 9576 1086
f 8594 8615 8648
f 807 830 9577
f 7137 9578 7122
f 4072 4002 3990
f 1079 986 1066
f 5614 5764 5603
f 5764 5717 5603
f 5603 5717 5655
f 5210 5123 5191
f 5152 5192 5191
f 3581 9571 3466
f 3581 3582 9571
f 6684 6608 6700
f 1847 1750 1859
f 7554 7492 7677
f 7492 7555 7677
f 4161 4311 4347
f 4161 4219 4311
f 251 311 205
f 268 205 311
f 4378 9579 4316
f 2734 2754 2789
f 2779 2693 9580
f 2693 2735 9580
f 3157 3153 3232
f 5841 5713 5884
f 776 924 737
f 9350 9330 9358
f 7038 7006 6932
f 6932 7006 6953
f 9452 9418 9442
f 9418 9452 9434
f 8847 8875 8846
f 8879 8875 8847
f 7677 7650 7712
f 6766 9582 6705
f 2463 2377 2473
f 2463 2424 2377
f 5436 5271 5372
f 5271 5436 5306
f 9014 8987 8977
f 8987 9583 8977
f 8987 8998 8983
f 8987 8983 9583
f 9584 8526 8567
f 9584 8566 8526
f 8567 8526 8544
f 8042 9585 7919
f 7919 9585 7803
f 596 597 735
f 735 597 662
f 673 596 735
f 4067 3906 4003
f 3906 3923 4003
f 433 9586 432
f 432 9586 463
f 8970 8969 8939
f 8969 8970 8976
f 5382 5504 5363
f 5363 5504 5455
f 1236 1159 1278
f 9587 4642 4661
f 9587 4613 4583
f 4612 4613 9587
f 6655 6656 6795
f 6656 6729 6795
f 9109 9047 9588
f 9067 9588 9047
f 4321 4386 4344
f 4344 4386 4385
f 7686 7672 7772
f 4344 4293 4321
f 4321 4293 4284
f 2656 2676 9590
f 9590 2693 2656
f 2473 9591 2463
f 2473 2609 9591
f 2609 2608 9591
f 4427 4385 4386
f 4385 4427 4494
f 5092 5053 5054
f 4968 5054 5053
f 6487 6612 6625
f 9592 7473 7619
f 9168 9207 9175
f 5707 9594 5619
f 5707 5662 9593
f 9594 5707 9593
f 905 9595 875
f 816 9595 850
f 875 9595 816
f 1850 1794 1754
f 1794 1850 1818
f 5691 5664 5665
f 5640 5664 5691
f 5640 5691 5663
f 4440 9677 9596
f 9596 9677 4406
f 9596 4461 4498
f 4461 9596 4406
f 9425 9860 9417
f 9417 9860 9390
f 8674 8695 8684
f 8695 9597 8684
f 8684 9597 8673
f 5107 5152 5105
f 3131 3119 3024
f 3177 3119 3131
f 4560 4580 4551
f 4572 4592 9598
f 4572 9598 4580
f 4280 9599 4229
f 4229 9599 4377
f 957 9600 970
f 9600 971 9601
f 957 971 9600
f 9603 7190 9602
f 7322 9603 9602
f 627 655 592
f 3828 3794 3795
f 762 9605 761
f 879 878 9604
f 761 9605 879
f 879 9604 761
f 7711 9606 7553
f 7553 9606 9725
f 9607 5341 5245
f 5391 5340 5341
f 6689 6777 6690
f 8669 8690 8694
f 8668 8694 8723
f 8723 8694 8706
f 869 870 929
f 929 942 941
f 929 872 942
f 943 942 9608
f 7443 7426 7528
f 7426 7294 7528
f 9609 7528 7294
f 6926 7154 6970
f 6926 9610 7154
f 7154 9610 7020
f 9316 9330 9293
f 9330 9611 9293
f 9611 9263 9293
f 5600 9613 5680
f 9614 9613 9612
f 5600 9612 9613
f 8913 8954 8932
f 8913 8947 8986
f 8995 9615 8986
f 8913 8986 8954
f 9615 8954 8986
f 3483 3624 3502
f 9616 9617 3502
f 9616 3502 3624
f 5161 5307 5270
f 5307 5271 5270
f 7764 7724 9618
f 7724 7629 9618
f 7629 7581 9618
f 7281 7154 7299
f 7299 7154 7114
f 9620 9621 575
f 9621 9620 9619
f 606 9619 9620
f 9622 606 9620
f 9532 9513 9488
f 9623 9624 9498
f 9488 9623 9532
f 7174 9625 7064
f 9625 7174 9626
f 7232 9626 7174
f 9521 9520 9503
f 9502 9519 9518
f 9502 9518 9507
f 9519 9503 9520
f 9502 9503 9519
f 5061 4915 9627
f 4915 4898 9627
f 8822 8835 8839
f 8847 9632 9630
f 9630 9629 8840
f 8835 9628 9629
f 9628 8840 9629
f 9630 9632 9629
f 8835 9632 8839
f 8835 9629 9632
f 9631 8848 9628
f 633 9633 606
f 670 9633 633
f 669 668 670
f 606 9633 621
f 670 646 9633
f 621 9633 646
f 646 670 668
f 9046 9636 9638
f 9635 9634 9637
f 9634 9638 9637
f 9110 9638 9634
f 9638 9110 9121
f 9636 8995 9637
f 9636 9637 9638
f 1015 1014 9641
f 1005 9639 987
f 1005 1030 9639
f 9639 9640 975
f 1005 1014 1030
f 9641 1014 1005
f 1030 9640 9639
f 1876 1915 1888
f 1926 1790 1915
f 1813 1915 1790
f 9343 9374 9644
f 9394 9373 9645
f 9644 9374 9643
f 9643 9389 9645
f 9645 9373 9643
f 9389 9643 9642
f 9642 9643 9374
f 5552 9647 5624
f 5552 5536 9647
f 5536 9646 9647
f 9646 5558 5572
f 9646 5572 5571
f 5571 9647 9646
f 8530 9651 8425
f 9651 9648 8555
f 9651 8555 9649
f 8425 9649 8464
f 9650 8555 9648
f 8554 8555 9650
f 8603 8554 9650
f 8425 9651 9649
f 4094 3916 4045
f 6421 6374 6286
f 6576 6641 6717
f 9652 6374 6421
f 9652 6523 6374
f 6421 6576 9652
f 9652 6576 6717
f 1049 9653 1040
f 1017 1087 1049
f 1012 985 9654
f 1037 1038 9655
f 9653 9655 1038
f 985 968 9654
f 1041 1049 1040
f 1041 1012 9654
f 1041 9654 1049
f 1040 9653 1038
f 968 1049 9654
f 800 780 9658
f 9657 692 614
f 780 9656 9658
f 707 781 9659
f 9656 9660 9658
f 9659 687 707
f 9657 9661 9662
f 9657 9662 692
f 800 9658 9659
f 9662 642 9660
f 9658 9660 642
f 9658 642 687
f 687 9659 9658
f 781 800 9659
f 9656 692 9660
f 9660 692 9662
f 9661 641 9662
f 1142 1113 1128
f 1114 1128 1065
f 916 9664 9666
f 969 9663 9664
f 1119 9665 1142
f 874 9667 949
f 9665 1128 1113
f 1142 9665 1113
f 1065 1128 9663
f 9665 9664 9663
f 1128 9665 9663
f 9667 9665 949
f 9667 9666 9664
f 949 1119 963
f 949 9665 1119
f 9665 9667 9664
f 9667 825 9666
f 9670 968 9671
f 930 9668 9671
f 847 859 911
f 847 922 9668
f 9668 889 9669
f 9608 889 930
f 9668 978 9671
f 911 922 847
f 9671 978 9673
f 9673 9670 9671
f 9668 922 978
f 9668 930 889
f 847 9668 9669
f 978 9672 9673
f 9676 4406 9677
f 4147 4243 4250
f 9674 9675 9676
f 9676 4250 4243
f 9675 4250 9676
f 9674 9676 9677
f 9678 9679 9680
f 9155 9680 9679
f 9680 9092 9678
f 9681 9682 396
f 317 352 9688
f 352 396 9682
f 9685 9684 339
f 9681 9683 9684
f 339 9683 325
f 9682 9681 9684
f 352 9682 9688
f 9681 384 9683
f 9686 9683 384
f 9682 9684 9685
f 9687 352 317
f 339 9684 9683
f 9682 9685 9688
f 339 303 9685
f 4782 9690 4921
f 4919 4932 9691
f 9691 4748 4764
f 5085 5103 9689
f 4932 9690 9691
f 4782 4748 9690
f 4921 9690 4932
f 4764 4919 9691
f 5145 4921 5103
f 4921 4932 9689
f 9690 4748 9691
f 5103 4921 9689
f 9430 9694 9473
f 9416 9424 9394
f 9430 9423 9694
f 9435 9432 9480
f 9432 9693 9692
f 9407 9695 9693
f 9692 9693 9695
f 9416 9446 9424
f 9435 9480 9694
f 9692 9480 9432
f 9446 9695 9424
f 9407 9394 9424
f 9407 9424 9695
f 4663 4638 4640
f 4680 4640 4638
f 4727 9697 4690
f 4701 9697 4727
f 4690 9697 4715
f 4716 4704 4730
f 4704 4680 4639
f 9696 4639 9697
f 4704 4639 4730
f 9697 4701 9696
f 4663 4640 4679
f 4730 4639 9696
f 393 9703 427
f 9701 346 347
f 9703 9702 427
f 9701 351 9703
f 351 9701 318
f 296 9698 295
f 347 318 9701
f 9699 9700 346
f 9698 318 347
f 347 320 9698
f 9703 393 9701
f 335 9700 9699
f 9699 346 9701
f 393 9699 9701
f 5238 9705 5324
f 5144 9705 5238
f 9706 9705 5108
f 5008 4847 9704
f 9704 4807 9706
f 4848 5056 9706
f 4807 9704 4847
f 9704 9706 5108
f 4848 9706 4807
f 9707 2484 2472
f 2443 9711 9710
f 9710 9711 2422
f 9711 2359 2422
f 9708 2679 9709
f 2484 9710 2422
f 2484 9707 9710
f 2508 9710 9707
f 9709 2519 9708
f 2359 9711 2321
f 2607 2508 9709
f 2519 9709 9707
f 9707 9709 2508
f 9715 9719 4653
f 4574 4636 4594
f 4635 4594 4636
f 4659 9721 4641
f 4623 9713 9719
f 4653 9719 4673
f 4624 4635 9713
f 4636 9720 4635
f 9718 4673 9719
f 9721 9716 9712
f 9721 4658 9716
f 9717 9718 9713
f 4674 9717 9720
f 9713 9718 9719
f 9716 9720 4596
f 9715 4609 9719
f 4658 4674 9720
f 9720 9717 4635
f 9712 9716 9714
f 9721 9712 4641
f 4658 9720 9716
f 4635 9717 9713
f 4596 9714 9716
f 4609 4623 9719
f 9717 4674 9718
f 6850 9727 9730
f 7553 9725 9728
f 9726 7341 9722
f 9724 7079 9723
f 7271 7326 9723
f 9724 9729 9727
f 7326 9726 9722
f 9722 7223 9729
f 6795 6850 6882
f 9729 9723 9722
f 9727 6851 9724
f 9728 9725 9726
f 7326 9728 9726
f 6851 9582 9724
f 9723 9729 9724
f 6882 6850 9730
f 9730 9729 6882
f 9730 9727 9729
f 7326 9722 9723
f 9537 9548 9528
f 9541 9733 9553
f 9732 9553 9554
f 9554 9553 9733
f 9550 9544 9531
f 9531 9544 9543
f 9731 9553 9732
f 9550 9538 9733
f 9549 9553 9731
f 9735 6076 6232
f 6218 9735 6232
f 6218 6076 9735
f 9734 9736 5996
f 5634 9739 9737
f 9737 9740 5741
f 5996 9742 9734
f 9734 9742 6005
f 9741 9736 5925
f 9738 6005 9742
f 6076 9738 9742
f 5741 9741 5925
f 9740 9741 5741
f 6218 9738 6076
f 9741 5996 9736
f 7087 7116 9744
f 9743 9750 7563
f 7816 7836 7735
f 7563 9750 7604
f 7116 9749 9744
f 7400 9744 9749
f 7836 9745 7735
f 9752 9746 7415
f 7836 7872 9745
f 7415 9746 9743
f 9748 9743 7431
f 9751 9746 9752
f 9751 9749 7116
f 9750 9743 9748
f 9746 7431 9743
f 7431 9751 7318
f 7318 9751 9747
f 9745 9748 7735
f 7116 9747 9751
f 9749 9751 9752
f 9745 9750 9748
f 9752 7400 9749
f 7431 9746 9751
f 3404 3292 3387
f 3246 3387 3292
f 3246 3053 3126
f 2924 9755 2829
f 2988 3081 3102
f 3126 3053 2998
f 9754 3045 9755
f 3053 3246 9753
f 3053 9753 3081
f 9755 2924 9754
f 3292 9753 3246
f 6568 9759 9758
f 9760 9625 6968
f 6520 6568 6567
f 6568 6520 9757
f 9759 9757 6640
f 6507 6640 9757
f 6839 9756 6771
f 9758 6839 6968
f 6507 9757 9761
f 6771 9759 6640
f 6362 9761 6428
f 9759 6771 9756
f 9760 6968 6839
f 6839 9758 9756
f 9758 9759 9756
f 7107 9772 7254
f 9764 9763 7134
f 7134 9763 7066
f 7323 9772 7127
f 7289 9772 7323
f 6665 9769 9767
f 6618 9767 6638
f 6638 9769 9773
f 6871 6848 6872
f 9768 9764 7116
f 6875 9776 9774
f 6875 6860 9776
f 9775 9777 9766
f 7066 9763 6860
f 6934 9766 6955
f 6955 9766 9762
f 6638 9773 6736
f 6859 9776 6860
f 9769 9774 9773
f 6859 9775 9776
f 6859 9763 9764
f 9772 6955 9770
f 9777 9775 9768
f 9772 9770 7127
f 6955 9762 9770
f 9770 9762 9765
f 9767 9769 6638
f 9775 9771 9776
f 6736 9771 6872
f 6859 9764 9768
f 9766 9771 9775
f 9772 7107 6955
f 9771 9773 9774
f 9771 9774 9776
f 9777 6950 9765
f 9762 9777 9765
f 6736 6872 6848
f 9765 6876 9770
f 9777 9762 9766
f 6736 9773 9771
f 9768 9775 6859
f 6961 7012 9788
f 7162 9788 7012
f 6907 9780 7146
f 7040 9788 7162
f 7166 9785 9797
f 6956 9783 6976
f 6918 9790 6853
f 9786 6976 9796
f 6996 9781 6918
f 6858 6976 9786
f 6853 9790 6870
f 9787 9795 9786
f 9780 9791 9793
f 6996 9789 9781
f 9797 9785 9799
f 9787 9798 9799
f 9794 9779 9792
f 9787 9793 9795
f 9793 9781 9795
f 6870 9790 9791
f 9798 9796 9783
f 9798 9786 9796
f 9797 9782 7166
f 9798 9783 9797
f 9786 9778 6858
f 9790 6918 9781
f 7185 7146 9780
f 9787 9799 9780
f 9784 9947 9795
f 9789 9779 9781
f 9799 9798 9797
f 9780 9785 7185
f 9796 6976 9783
f 9789 9788 7040
f 9793 9791 9790
f 6996 9788 9789
f 9792 9779 7040
f 9947 9786 9795
f 9794 9781 9779
f 9786 9947 9778
f 9785 9780 9799
f 9781 9794 9795
f 9787 9786 9798
f 9783 9782 9797
f 9787 9780 9793
f 9790 9781 9793
f 9946 9947 9784
f 9795 9794 9784
f 65 9810 33
f 9802 33 9810
f 68 55 9812
f 9805 9841 6
f 9814 35 9825
f 7 6 9841
f 9819 9827 3
f 3 18 9819
f 26 25 9804
f 83 9803 9828
f 30 83 9828
f 9807 9839 9834
f 9831 9822 9800
f 9830 9800 26
f 9829 9832 9843
f 9834 9839 9802
f 9817 3 9827
f 18 2 9819
f 9809 9825 9829
f 9826 9807 9836
f 9824 94 9802
f 9828 9813 30
f 9811 9820 9815
f 9809 9829 9805
f 9808 9837 9816
f 9813 9822 31
f 9804 9830 26
f 9809 9812 9814
f 9816 9807 9826
f 9812 9809 9805
f 9843 9808 9816
f 9806 9832 9825
f 9826 9820 9842
f 9800 9803 26
f 9808 9843 61
f 9833 9811 9821
f 94 33 9802
f 9800 9822 9828
f 9831 9818 9823
f 9823 9818 9840
f 9832 9806 61
f 9843 9832 61
f 9814 9825 9809
f 9826 9842 9841
f 9842 7 9841
f 9811 9833 9820
f 9838 9811 9815
f 9815 9826 9836
f 9826 9815 9820
f 9818 9831 9835
f 9802 9839 9824
f 9819 9840 9827
f 23 9801 9835
f 9816 9839 9807
f 9819 9823 9840
f 9824 9839 9837
f 9816 9826 9843
f 24 9830 9804
f 9811 9838 22
f 9801 9838 9835
f 9826 9841 9829
f 9831 9830 24
f 9801 22 9838
f 9838 9840 9818
f 9835 9838 9818
f 9810 9817 9836
f 9811 22 9821
f 9823 9819 2
f 9803 9800 9828
f 9828 9822 9813
f 9829 9825 9832
f 9823 2 9831
f 2 9822 9831
f 9840 9836 9817
f 9827 9840 9817
f 68 9812 9805
f 9836 9834 9802
f 9831 24 9835
f 9841 9805 9829
f 9807 9834 9836
f 9815 9836 9840
f 9826 9829 9843
f 9810 9836 9802
f 31 9822 2
f 9800 9830 9831
f 9815 9840 9838
f 9837 9839 9816
f 9842 9820 8
f 8797 9846 9850
f 9557 9857 9853
f 8809 8808 8801
f 8806 9846 8802
f 9845 9858 9854
f 8801 9852 8800
f 8801 8808 9852
f 8800 9852 8791
f 8807 9844 8815
f 8790 9856 9851
f 8802 8797 8814
f 8814 8806 8802
f 9848 9853 9845
f 9845 9850 9858
f 8795 9857 9557
f 8813 9850 9845
f 8790 8791 9856
f 9851 9856 9855
f 9845 9853 9857
f 9844 9847 9855
f 9849 9845 9857
f 9857 8795 9849
f 9854 9858 8825
f 8814 8797 8788
f 9845 9854 9848
f 9848 9854 8829
f 9859 9847 9844
f 8797 8802 9846
f 8824 9848 8829
f 8813 9845 9849
f 9855 9856 8808
f 9852 8808 9856
f 8814 8788 8807
f 9855 9847 9851
f 9859 9844 8807
f 9859 8807 8788
f 9858 9846 8825
f 9846 9858 9850
f 8791 9852 9856
f 9855 8816 9844
f 9373 9362 9643
f 2954 3013 3024
f 6396 6500 6520
f 929 870 872
f 6042 5947 5868
f 1750 1847 1743
f 8600 9584 8567
f 7737 7790 7817
f 9698 320 295
f 4679 4640 4703
f 5482 5465 5466
f 9622 633 606
f 5630 5800 5831
f 6956 7043 9783
f 9783 7043 9782
f 9526 9506 9516
f 541 532 490
f 5663 5639 5640
f 3911 3941 3934
f 651 527 471
f 527 440 471
f 1014 1015 1046
f 9477 9474 9446
f 9448 9477 9446
f 9695 9446 9474
f 5447 5537 5558
f 780 751 9656
f 8099 8054 7962
f 8054 7998 7962
f 9556 9555 9537
f 9555 9548 9537
f 4636 4596 9720
f 3268 3098 3219
f 9528 9548 9540
f 9437 9383 9860
f 4935 4842 4936
f 4842 4835 4936
f 9527 9545 9538
f 9861 9554 9551
f 50 44 1
f 50 9874 44
f 11 53 9904
f 9884 9904 9908
f 9867 9911 10
f 9864 9900 89
f 36 9892 9882
f 13 9866 14
f 9862 51 9897
f 9881 9897 51
f 9875 9874 50
f 43 9872 9893
f 49 9899 9872
f 49 9906 9899
f 48 9906 49
f 46 41 9905
f 46 9905 9891
f 9886 9873 4
f 9870 9880 9879
f 9879 9880 9876
f 9885 9878 9905
f 9875 9877 9879
f 1 9901 9885
f 9884 9908 9910
f 9898 9895 9896
f 13 9873 9866
f 9910 9907 9884
f 44 9901 1
f 9887 9863 9895
f 9885 9905 9883
f 9870 9899 9880
f 9900 9864 9865
f 9883 9898 9896
f 41 40 9905
f 9875 9878 9874
f 9879 9878 9875
f 9885 9901 9878
f 9879 9877 9870
f 9908 9911 9867
f 9863 9869 9909
f 9896 9902 9897
f 9868 9890 9871
f 5 9888 16
f 9886 9884 9907
f 9896 9885 9883
f 9863 9887 9866
f 9873 9869 9866
f 9868 17 9888
f 9871 9890 9905
f 9906 9871 9880
f 9872 9870 9893
f 5 9868 9888
f 9882 9892 9909
f 9864 9882 9909
f 9863 9909 9902
f 9869 9907 9865
f 9903 9868 5
f 49 9872 43
f 9903 9890 9868
f 9872 9899 9870
f 9893 9870 9877
f 9867 9865 9910
f 9865 9867 9900
f 9902 9896 9895
f 9897 9902 9862
f 9907 9869 9873
f 9905 9890 9891
f 9894 9897 1
f 44 9874 9901
f 9866 9887 14
f 9876 9878 9879
f 9880 9905 9876
f 40 9883 9905
f 1 9897 9881
f 9880 9871 9905
f 17 9871 9906
f 9904 9884 9886
f 9910 9908 9867
f 9886 9907 9873
f 40 9898 9883
f 9891 9890 9889
f 9894 9896 9897
f 9896 9894 9885
f 9865 9907 9910
f 9863 9866 9869
f 9902 9909 9862
f 9874 9878 9901
f 9903 9889 9890
f 9904 53 9908
f 9892 9862 9909
f 1 9885 9894
f 9867 89 9900
f 9906 9880 9899
f 9863 9902 9895
f 53 9911 9908
f 9904 9886 12
f 9864 9909 9865
f 9905 9878 9876
f 9868 9871 17
f 9865 9909 9869
f 3576 9933 9913
f 9933 9912 9914
f 9933 9914 9913
f 9912 9915 9914
f 9912 3569 9915
f 3569 9923 9915
f 3569 9916 9923
f 3598 9923 9916
f 3598 9921 9923
f 3544 9922 9921
f 3430 9922 3544
f 9914 9924 9913
f 3430 9919 9922
f 9914 9915 9927
f 9927 9920 9917
f 9928 9922 9920
f 9924 9914 9927
f 3344 9918 9925
f 3232 3253 9929
f 3253 3322 9918
f 9915 9923 9928
f 9918 9929 3253
f 9922 9928 9921
f 9924 9917 3484
f 3562 9913 9924
f 3484 3562 9924
f 9926 3423 9917
f 9922 9919 9920
f 9925 9918 9926
f 9918 3322 9926
f 9926 3322 3423
f 9927 9928 9920
f 9928 9927 9915
f 9927 9917 9924
f 3484 9917 3423
f 9928 9923 9921
f 9917 9920 9926
f 9920 9925 9926
f 9925 9920 9919
f 3227 3209 3189
f 9933 9941 9912
f 3569 9912 9930
f 3227 3296 9936
f 3351 9937 9935
f 9941 3555 9937
f 3339 9931 9937
f 9932 9936 9934
f 9934 9936 3296
f 3296 9942 9931
f 9937 9931 9941
f 9934 9940 9932
f 9912 9941 9930
f 9940 9934 3339
f 9939 9942 9938
f 9935 9937 3555
f 9942 9930 9941
f 9933 3555 9941
f 9930 9942 9939
f 3489 9930 9939
f 9937 3351 3339
f 3296 9938 9942
f 3227 9936 3209
f 3569 9930 3489
f 3209 9936 9932
f 9934 3296 9931
f 3339 9934 9931
f 9941 9931 9942
f 6997 7059 7014
f 7342 9959 7492
f 9961 9953 7141
f 7014 7031 7126
f 7057 9944 7058
f 7082 7081 7083
f 6855 7011 9784
f 9945 9784 7011
f 9957 9953 9961
f 9950 7031 9956
f 9948 7083 7081
f 9958 9945 7009
f 9943 9958 9962
f 9954 7058 9944
f 9953 9957 9952
f 9948 9954 9955
f 9952 9955 9962
f 9961 9960 9950
f 9953 9952 9949
f 7125 9960 9959
f 9961 9956 9957
f 9950 9956 9961
f 9943 9778 9947
f 9784 9945 9946
f 9956 9952 9957
f 9955 7083 9948
f 7204 9951 7141
f 7381 7555 7492
f 9946 9958 9947
f 9949 9952 9962
f 9955 9956 7031
f 9954 9962 9955
f 9961 9959 9960
f 7059 7031 7014
f 9956 9955 9952
f 9958 9943 9947
f 7059 9955 7031
f 7009 9953 9949
f 7492 9959 9951
f 9951 7381 7492
f 9943 9962 9954
f 9943 9954 9944
f 9959 7141 9951
f 7059 7083 9955
f 9949 9962 9958
f 9946 9945 9958
f 9961 7141 9959
f 6764 7047 9966
f 9984 9967 6913
f 9981 9973 6677
f 6913 9967 9968
f 9967 9969 6856
f 9965 9983 9975
f 6861 6806 9975
f 6827 9963 6874
f 6618 9974 6639
f 6856 9972 6748
f 6893 6932 9963
f 9982 9980 9972
f 9978 9970 9981
f 9977 9983 9965
f 9969 9975 9983
f 6807 6734 6806
f 6953 9963 6932
f 6748 9980 9964
f 9968 9967 6914
f 9982 9972 9977
f 9977 9970 9982
f 9979 9966 6893
f 6603 6637 9978
f 9970 9978 6637
f 9979 6893 9963
f 9970 9973 9981
f 9969 9967 9984
f 9980 6672 9964
f 9980 6748 9972
f 6827 9976 9963
f 9972 9969 9983
f 9975 9984 6861
f 9971 9966 9979
f 9975 9969 9984
f 6637 9971 9970
f 9963 9976 9979
f 6856 9969 9972
f 9973 9970 9977
f 9977 9972 9983
f 9981 9974 6603
f 9979 9982 9970
f 9979 9970 9971
f 9980 9976 6672
f 6680 9971 6637
f 9980 9982 9976
f 6806 6734 9965
f 9981 6603 9978
f 9977 9965 9973
f 6806 9965 9975
f 9982 9979 9976
f 6672 6631 9964
f 6734 9973 9965
f 4777 9989 4732
f 4717 9987 9999
f 5266 9988 9997
f 4771 9990 4745
f 4746 10001 9989
f 9998 10000 5194
f 4912 9992 9986
f 4879 9987 4820
f 9999 9987 9992
f 4665 9993 9996
f 4732 10001 4689
f 4731 9994 9989
f 5104 9995 9998
f 4689 9990 4665
f 10000 9998 9995
f 9996 4732 4665
f 9997 9988 9985
f 9985 5477 5544
f 4665 9990 4771
f 4665 4771 4717
f 9995 5425 9988
f 4665 4681 9993
f 4778 9996 9993
f 9987 4879 9992
f 9988 5477 9985
f 9988 5425 5477
f 5194 10000 5266
f 9989 9991 4746
f 9989 9994 9991
f 4666 9999 9992
f 5561 5544 5477
f 9986 9992 5014
f 10000 9995 9988
f 9994 4762 9991
f 4879 5014 9992
f 9999 4666 4681
f 10001 4732 9989
f 9998 9986 5014
f 9988 5266 10000
f 9986 9998 5194
f 4732 4689 4665
f 4792 9991 4762
f 9887 9895 14
f 9889 46 9891
f 3562 3576 9913
f 9966 9971 6680
f 10002 4793 4731
f 9994 4731 4793
f 6587 6603 9974
f 6677 9973 6639
f 9973 6734 6639
f 9769 6665 6762

