# https://github.com/mikedh/trimesh
v 0.43406899 0.55040798 -0.44132469
v 0.43626248 0.52666423 -0.43159918
v 0.41642900 0.54174623 -0.44480598
v 0.41364096 0.54438858 -0.44169729
v 0.43011738 0.53416553 -0.42670064
v 0.46736738 0.50562811 -0.41863647
v 0.48797445 0.54979968 -0.43379480
v 0.45049702 0.57312189 -0.44734905
v 0.42891726 0.56618855 -0.45526983
v 0.40121392 0.55317029 -0.46187873
v 0.39204572 0.56560249 -0.45862544
v 0.39842741 0.55731568 -0.44080212
v 0.41006002 0.54750807 -0.41735624
v 0.42979678 0.53126062 -0.41074455
v 0.46888445 0.50801689 -0.41234496
v 0.49607929 0.49003598 -0.40072907
v 0.51468537 0.49725884 -0.40741192
v 0.53078475 0.51550289 -0.41792726
v 0.50941015 0.54659313 -0.43381294
v 0.45386147 0.58597585 -0.47168951
v 0.43152788 0.58697380 -0.48610662
v 0.40505044 0.57393819 -0.48252576
v 0.39444872 0.58566933 -0.47237798
v 0.38717140 0.57096087 -0.44426148
v 0.39094902 0.56033653 -0.41075176
v 0.41664220 0.54478165 -0.38868353
v 0.44839585 0.51794402 -0.39336150
v 0.48951733 0.49351404 -0.36915534
v 0.50200343 0.48120677 -0.38577005
v 0.54240460 0.47763736 -0.37767793
v 0.56555706 0.48378876 -0.37972461
v 0.59081666 0.49788137 -0.38684228
v 0.57350991 0.52326776 -0.41081897
v 0.54697634 0.53234022 -0.42328816
v 0.53523110 0.55607101 -0.40906903
v 0.49357219 0.56909663 -0.42585605
v 0.48147523 0.56724315 -0.44778605
v 0.44995732 0.59374521 -0.46556132
v 0.43266839 0.60356711 -0.46836639
v 0.41007689 0.59860838 -0.47537851
v 0.39929829 0.60893248 -0.46796105
v 0.38011595 0.60433396 -0.45053292
v 0.37839930 0.58311564 -0.43625322
v 0.37309862 0.56756902 -0.41253060
v 0.40723017 0.54404001 -0.37674793
v 0.44147746 0.53306901 -0.35447398
v 0.44225415 0.53803404 -0.37112735
v 0.48544778 0.50083538 -0.35770000
v 0.52342332 0.46942574 -0.34531109
v 0.52800031 0.45315109 -0.35376794
v 0.56577297 0.46446760 -0.36106653
v 0.56884405 0.44482792 -0.34307228
v 0.60274185 0.44718674 -0.34284517
v 0.61564911 0.47741221 -0.36018809
v 0.59914837 0.50645724 -0.39003312
v 0.60315139 0.50363982 -0.38363838
v 0.56673718 0.53813480 -0.39632929
v 0.56042672 0.53701187 -0.37756074
v 0.54605933 0.55910874 -0.39223532
v 0.51595859 0.57474761 -0.41394337
v 0.50462199 0.58513530 -0.42390109
v 0.47337692 0.59516191 -0.43115634
v 0.46938508 0.58618474 -0.44273440
v 0.43518242 0.61095888 -0.45137002
v 0.41156648 0.61594718 -0.45852955
v 0.38491013 0.61935517 -0.44506261
v 0.37091473 0.60487789 -0.43343342
v 0.36631987 0.58361627 -0.42967137
v 0.36954710 0.60806179 -0.41135178
v 0.38090672 0.58842374 -0.39334633
v 0.39430725 0.56529521 -0.37696410
v 0.40649208 0.55804693 -0.35536897
v 0.42833555 0.55798451 -0.34215014
v 0.46478361 0.54985597 -0.33108929
v 0.48017314 0.52765031 -0.33484888
v 0.47822052 0.52651336 -0.34769045
v 0.51191860 0.48664154 -0.33522721
v 0.54727066 0.45969960 -0.32042244
v 0.55792135 0.43890870 -0.33644855
v 0.58947683 0.42934648 -0.31984329
v 0.62198472 0.44355685 -0.31879580
v 0.62440852 0.46266796 -0.34393325
v 0.61076188 0.48511862 -0.33059835
v 0.59913478 0.50910430 -0.36124955
v 0.58916302 0.51183040 -0.35101188
v 0.55345599 0.52259717 -0.34863223
v 0.54903547 0.54499532 -0.35020089
v 0.55108196 0.56164995 -0.35558912
v 0.52691427 0.58092873 -0.38458630
v 0.50623745 0.61022460 -0.41238299
v 0.48258072 0.60562120 -0.41290030
v 0.45973045 0.61497900 -0.43819014
v 0.42254021 0.62665643 -0.45942739
v 0.40517516 0.63507300 -0.44910759
v 0.39781534 0.64192177 -0.42978373
v 0.38049028 0.62279728 -0.42485429
v 0.37008532 0.63722784 -0.42666300
v 0.35244540 0.60920688 -0.40331548
v 0.36780545 0.58418559 -0.38454959
v 0.36580233 0.58849241 -0.37033118
v 0.39846202 0.57962925 -0.35164946
v 0.41304158 0.58828747 -0.34715126
v 0.43817250 0.57595975 -0.32841897
v 0.45988600 0.56692822 -0.32742740
v 0.48662284 0.55651261 -0.32655461
v 0.50629655 0.51974681 -0.32711177
v 0.52260716 0.49094357 -0.31998567
v 0.57273496 0.45992909 -0.29858968
v 0.58072872 0.44213046 -0.30417765
v 0.60880210 0.46084152 -0.30657115
v 0.58642748 0.47323748 -0.30147244
v 0.57073713 0.50280113 -0.32550570
v 0.52712028 0.51438732 -0.33158242
v 0.51956180 0.52843472 -0.32813596
v 0.53328508 0.55275910 -0.34618282
v 0.53036852 0.55929971 -0.33122518
v 0.51996851 0.57793710 -0.32606142
v 0.52561635 0.57836840 -0.35085731
v 0.52071489 0.60702794 -0.38239881
v 0.52974665 0.63642762 -0.38906638
v 0.51345669 0.67045499 -0.40748766
v 0.49756858 0.64857641 -0.41462350
v 0.49901943 0.62728620 -0.41412719
v 0.46214407 0.62875326 -0.40598676
v 0.44679975 0.63336484 -0.43568392
v 0.42666040 0.64235737 -0.42889030
v 0.40556868 0.65104924 -0.41367064
v 0.37411560 0.65073967 -0.42066473
v 0.35103965 0.62327728 -0.40561774
v 0.36124385 0.61813977 -0.38293594
v 0.38029281 0.61543723 -0.37059803
v 0.40419611 0.60702393 -0.35580035
v 0.42817585 0.59699788 -0.32821835
v 0.39866690 0.59592016 -0.31858010
v 0.41970296 0.58371290 -0.31268857
v 0.46845517 0.56901837 -0.30437830
v 0.49981220 0.56634582 -0.31027546
v 0.51278440 0.55838186 -0.32146301
v 0.50436941 0.55211656 -0.33028165
v 0.55105182 0.49049780 -0.31401453
v 0.51082238 0.60913940 -0.32820703
v 0.52974417 0.60507732 -0.34686553
v 0.53829966 0.64049021 -0.36912826
v 0.52853993 0.66831743 -0.39420585
v 0.50345043 0.70708421 -0.38339333
v 0.48715469 0.70224419 -0.40519517
v 0.46822096 0.67327435 -0.42314867
v 0.43217345 0.64724274 -0.40865873
v 0.41656585 0.67641071 -0.42321735
v 0.38729073 0.66765373 -0.41833587
v 0.38039690 0.64618353 -0.39226893
v 0.36705325 0.63202889 -0.35861163
v 0.37487880 0.62039892 -0.34499341
v 0.38785010 0.60878953 -0.34588419
v 0.39769296 0.60393212 -0.32278812
v 0.37167005 0.60972063 -0.30792283
v 0.39863158 0.60474692 -0.30495860
v 0.40799724 0.63718806 -0.29037667
v 0.43487870 0.59854821 -0.29549367
v 0.45297998 0.58021453 -0.29535340
v 0.45396595 0.60350816 -0.27327228
v 0.48377527 0.57901867 -0.29921853
v 0.49336758 0.59232940 -0.31005177
v 0.50600177 0.62458336 -0.30931806
v 0.52448601 0.63561471 -0.33572319
v 0.53512895 0.63698700 -0.35277333
v 0.52342048 0.67479328 -0.36324502
v 0.52313097 0.69086027 -0.37805467
v 0.51350548 0.70820827 -0.35537425
v 0.50765296 0.73556458 -0.34793296
v 0.48162885 0.73974532 -0.36542650
v 0.46026875 0.72259966 -0.39220951
v 0.46473937 0.69494932 -0.40419578
v 0.44143882 0.68410904 -0.41566900
v 0.38976089 0.67688535 -0.41789113
v 0.36055786 0.65807977 -0.38807630
v 0.37330189 0.64134667 -0.36932143
v 0.34798286 0.64526708 -0.36089032
v 0.36245157 0.62462847 -0.34675392
v 0.37502480 0.60726156 -0.33614871
v 0.35970776 0.61522079 -0.31010361
v 0.36727219 0.63225871 -0.28848878
v 0.38415695 0.65298939 -0.28351604
v 0.37325835 0.68870298 -0.25543155
v 0.39139232 0.67535758 -0.25493002
v 0.40653146 0.64895683 -0.25829528
v 0.42357295 0.62189846 -0.25695329
v 0.44311382 0.60630616 -0.26863138
v 0.42381648 0.63389286 -0.24094869
v 0.44409687 0.63406513 -0.25532850
v 0.46791828 0.62020984 -0.28292715
v 0.47762052 0.59491063 -0.29096281
v 0.47758606 0.63721191 -0.28462684
v 0.49316911 0.64522842 -0.30209032
v 0.51591836 0.66019838 -0.34030748
v 0.51820474 0.69574505 -0.34202628
v 0.50401475 0.71748386 -0.32908761
v 0.51007514 0.73927206 -0.31721353
v 0.48806262 0.76374446 -0.32027628
v 0.45785782 0.76480959 -0.33289408
v 0.44412600 0.73500236 -0.36131672
v 0.43048093 0.72057497 -0.38865523
v 0.43702875 0.69076944 -0.39287532
v 0.39084724 0.67434003 -0.38367623
v 0.35699015 0.66451849 -0.37854712
v 0.35592070 0.66458127 -0.35250297
v 0.34705349 0.65612567 -0.34278476
v 0.34907465 0.63192603 -0.34346058
v 0.35715745 0.61808906 -0.33416006
v 0.35861659 0.63960785 -0.30628959
v 0.35773989 0.63360980 -0.29698810
v 0.34390138 0.66362567 -0.27232460
v 0.35549588 0.67722603 -0.25828478
v 0.33085512 0.70299811 -0.22789835
v 0.35567298 0.70949865 -0.22872481
v 0.34732336 0.71567298 -0.21091608
v 0.36941444 0.68742915 -0.22348607
v 0.39442672 0.65866837 -0.22718104
v 0.41516100 0.64950504 -0.22461299
v 0.42705779 0.66138457 -0.21589261
v 0.43328059 0.65121648 -0.23659370
v 0.44927337 0.64392497 -0.25737890
v 0.45392183 0.65587728 -0.25092207
v 0.47905184 0.65735224 -0.27816652
v 0.49434375 0.67118859 -0.29191085
v 0.50570869 0.67305035 -0.32199755
v 0.50210387 0.70927880 -0.30665977
v 0.48410833 0.72225114 -0.27023984
v 0.48018520 0.74610370 -0.26423476
v 0.49553654 0.76623889 -0.30071510
v 0.47626002 0.80372842 -0.28623188
v 0.46603292 0.80361027 -0.30443315
v 0.44742808 0.80229500 -0.31992721
v 0.42145418 0.76889688 -0.34922662
v 0.40982121 0.72907604 -0.36706289
v 0.39152295 0.71942401 -0.38144625
v 0.39512194 0.69981711 -0.38676320
v 0.36943536 0.68014221 -0.37759007
v 0.37314614 0.69231136 -0.36312593
v 0.34875117 0.68861378 -0.34275428
v 0.35040200 0.68284074 -0.32875454
v 0.36037864 0.67905761 -0.30634467
v 0.34336498 0.68632951 -0.28532338
v 0.33733446 0.67548182 -0.27556283
v 0.30696247 0.72431154 -0.22488089
v 0.29745874 0.74494010 -0.18778871
v 0.31740497 0.73141147 -0.19826967
v 0.31073141 0.74296297 -0.17740387
v 0.32291409 0.72222879 -0.17237304
v 0.34742846 0.70182097 -0.19099331
v 0.37615898 0.69225446 -0.18850003
v 0.39813399 0.66066761 -0.21659886
v 0.39279807 0.69131579 -0.18433001
v 0.39542983 0.70014933 -0.17490260
v 0.40818873 0.70468863 -0.17513679
v 0.43466008 0.67714819 -0.20787250
v 0.44194061 0.66218729 -0.23089495
v 0.46422297 0.67388811 -0.24544579
v 0.47409389 0.68936306 -0.25544399
v 0.49918190 0.68924127 -0.29325093
v 0.45043443 0.73519517 -0.22074539
v 0.45166846 0.79174521 -0.22760008
v 0.47790662 0.76867610 -0.26562542
v 0.46105104 0.81445308 -0.25140681
v 0.44111399 0.84991518 -0.23547711
v 0.43652452 0.85870907 -0.26371808
v 0.42402348 0.86432272 -0.28217040
v 0.40594599 0.83372146 -0.31376458
v 0.42793300 0.79856882 -0.32925751
v 0.38095039 0.81011788 -0.33345958
v 0.36013169 0.81037763 -0.33293179
v 0.39903860 0.77223336 -0.34961926
v 0.35625282 0.74346900 -0.35119861
v 0.36012601 0.71817975 -0.36254020
v 0.35112757 0.70414616 -0.34917262
v 0.35728049 0.71660294 -0.31958262
v 0.34227181 0.72861039 -0.30291537
v 0.33138896 0.71195573 -0.27970805
v 0.29760903 0.73947104 -0.24199901
v 0.30418972 0.72600497 -0.23850252
v 0.28080178 0.75829304 -0.19181136
v 0.27161327 0.77013491 -0.14926314
v 0.29225940 0.74921899 -0.14694120
v 0.28105982 0.76658166 -0.12400504
v 0.32409399 0.72990056 -0.15734677
v 0.34177335 0.73382361 -0.14861499
v 0.34602785 0.75246128 -0.12831402
v 0.36101203 0.75248661 -0.13169189
v 0.38748950 0.73753893 -0.15049076
v 0.43285941 0.69811545 -0.19447684
v 0.44857267 0.68448412 -0.21933979
v 0.44672034 0.71184808 -0.21481156
v 0.42820333 0.74042962 -0.18295356
v 0.43150720 0.78101389 -0.18645970
v 0.43446882 0.82968014 -0.20248599
v 0.40035201 0.86606677 -0.17387667
v 0.42379242 0.86791082 -0.20894577
v 0.40526508 0.88868309 -0.22733855
v 0.38034828 0.88757425 -0.25532288
v 0.38849855 0.86363922 -0.29927859
v 0.35081364 0.86685652 -0.29427171
v 0.33271424 0.84363696 -0.30379309
v 0.32906882 0.81525218 -0.30621826
v 0.36379958 0.77657716 -0.34783873
v 0.35088943 0.78520279 -0.33054773
v 0.35018528 0.75071731 -0.31707254
v 0.33144158 0.77875455 -0.30826558
v 0.31102755 0.77450438 -0.28555719
v 0.31655745 0.74023133 -0.27623162
v 0.28628926 0.76006695 -0.24169024
v 0.25011415 0.79890388 -0.21499305
v 0.26891563 0.77349010 -0.21061294
v 0.25564955 0.78164954 -0.17502065
v 0.25017880 0.78652201 -0.14987499
v 0.24222049 0.79087081 -0.12622380
v 0.25228789 0.78895517 -0.10976495
v 0.23554699 0.81588422 -0.08103936
v 0.27194644 0.79820335 -0.08759945
v 0.30451978 0.76062386 -0.13021681
v 0.31525663 0.77750350 -0.10787644
v 0.31303779 0.81319073 -0.06277778
v 0.33859164 0.80962188 -0.08321842
v 0.36949467 0.77727048 -0.12745198
v 0.37860441 0.76537988 -0.14899605
v 0.39100531 0.76071222 -0.16087835
v 0.41778918 0.72454771 -0.17469047
v 0.38145496 0.80076201 -0.15512142
v 0.40563658 0.82647021 -0.17261030
v 0.38005739 0.83517546 -0.15263778
v 0.37024226 0.86165894 -0.14217289
v 0.36933357 0.89929158 -0.15496927
v 0.40353647 0.88288920 -0.19124123
v 0.39368949 0.89651136 -0.18735403
v 0.37807330 0.90806331 -0.19629084
v 0.36210974 0.90361134 -0.21997639
v 0.34917035 0.89520480 -0.24577572
v 0.34853904 0.88456494 -0.27204066
v 0.32945060 0.89897070 -0.24887367
v 0.31808984 0.87763123 -0.27905327
v 0.30062241 0.84979021 -0.28658643
v 0.30579925 0.80871471 -0.28770263
v 0.27772379 0.82730075 -0.26560361
v 0.27910037 0.80711882 -0.25710786
v 0.29269798 0.78340534 -0.26302334
v 0.28942435 0.76828834 -0.25102943
v 0.26482929 0.79288920 -0.23846661
v 0.24454172 0.80845539 -0.22939277
v 0.22657786 0.82376567 -0.22544040
v 0.22959909 0.81357569 -0.20049561
v 0.24659448 0.79493138 -0.19772479
v 0.23439882 0.79644318 -0.17916770
v 0.23139866 0.79624355 -0.16256400
v 0.19410904 0.82048192 -0.14484038
v 0.20928566 0.81495350 -0.12467896
v 0.20728002 0.81889105 -0.10015384
v 0.17456869 0.84106534 -0.07618885
v 0.19618074 0.84895093 -0.04856074
v 0.23116368 0.83802020 -0.04948211
v 0.26632240 0.82755744 -0.05295703
v 0.29330743 0.80944687 -0.06807978
v 0.29120979 0.84956133 -0.02357011
v 0.32218203 0.85229147 -0.03538901
v 0.35288066 0.83006087 -0.08903308
v 0.36816259 0.80989250 -0.11704533
v 0.37353637 0.82786043 -0.12610411
v 0.35820954 0.90798262 -0.10990960
v 0.36236912 0.89098661 -0.14054253
v 0.33648852 0.92720359 -0.12793865
v 0.35324659 0.92496086 -0.15525144
v 0.33346372 0.93793327 -0.17055469
v 0.35302488 0.92420405 -0.19399065
v 0.31657452 0.92086393 -0.21931493
v 0.30813814 0.91300873 -0.22997755
v 0.30711238 0.90035194 -0.24832527
v 0.29318549 0.88872038 -0.25664010
v 0.29064094 0.86880918 -0.27383334
v 0.27865743 0.84616397 -0.27069206
v 0.25621041 0.83175613 -0.25198599
v 0.25197390 0.81772053 -0.24453874
v 0.22243562 0.83283706 -0.23438750
v 0.20864421 0.83677492 -0.20566562
v 0.20473256 0.82782566 -0.19326603
v 0.21636345 0.81367342 -0.18413352
v 0.21032234 0.81035143 -0.16656037
v 0.19406873 0.81984472 -0.16913654
v 0.16752664 0.83390075 -0.15110761
v 0.15692218 0.84024193 -0.13547583
v 0.16339600 0.84070001 -0.11784045
v 0.17446707 0.83844712 -0.09453749
v 0.13121815 0.86182886 -0.06671742
v 0.13346849 0.87461502 -0.04506704
v 0.17105204 0.86947134 -0.03139606
v 0.20109424 0.87184154 -0.01693889
v 0.24706981 0.86898768 -0.00642268
v 0.27029556 0.89781211 0.01020833
v 0.29162274 0.90925424 -0.00154285
v 0.32167373 0.88447367 -0.02946019
v 0.33781021 0.90060898 -0.06207420
v 0.36138064 0.86746667 -0.09316673
v 0.33193929 0.92427904 -0.07991529
v 0.31637567 0.94780873 -0.10018135
v 0.28033291 0.96184434 -0.11572868
v 0.30494694 0.95239926 -0.14808171
v 0.29378879 0.94397494 -0.17512482
v 0.31029503 0.92895348 -0.20422107
v 0.28322514 0.93438561 -0.18936805
v 0.25814479 0.91151364 -0.18900788
v 0.28324601 0.90332091 -0.22547929
v 0.27420443 0.88790005 -0.24696491
v 0.26711322 0.86641838 -0.25654612
v 0.25077838 0.84519842 -0.24369248
v 0.23636385 0.85288682 -0.23492571
v 0.21195468 0.84700696 -0.23493447
v 0.19618008 0.85808798 -0.21755270
v 0.19041379 0.85481872 -0.20503582
v 0.18011892 0.83568802 -0.18280869
v 0.16000750 0.84115553 -0.16522613
v 0.13434193 0.85511205 -0.15286648
v 0.11867708 0.86261510 -0.13698998
v 0.13121798 0.86002252 -0.10974667
v 0.07326821 0.89067571 -0.10421465
v 0.07827719 0.88857467 -0.08151209
v 0.09602407 0.88554482 -0.05305535
v 0.07505423 0.91674868 -0.01931972
v 0.13689899 0.89274461 -0.01572057
v 0.15962276 0.90024341 -0.00108986
v 0.22123289 0.89223499 0.00259616
v 0.22826410 0.92356467 0.01562309
v 0.18960748 0.98059604 0.01596263
v 0.19254096 1.03365989 -0.00020646
v 0.24766130 0.95933011 0.00065096
v 0.26225809 0.96223878 -0.01533445
v 0.29766231 0.92807514 -0.03579356
v 0.28803620 0.96116177 -0.06726982
v 0.27589539 0.98812441 -0.08959216
v 0.22608857 1.01994757 -0.11426152
v 0.24377005 0.98859102 -0.12062942
v 0.26138843 0.97363183 -0.13926052
v 0.26536150 0.96384070 -0.15011366
v 0.26040860 0.95242887 -0.16784835
v 0.23019565 0.95325282 -0.15478647
v 0.23522865 0.93782638 -0.16085341
v 0.23547435 0.92420013 -0.16882941
v 0.22525111 0.89067119 -0.20445241
v 0.25923530 0.89334167 -0.22150825
v 0.24892524 0.87198882 -0.23832067
v 0.23271368 0.87283238 -0.22396225
v 0.20923257 0.86188969 -0.23598269
v 0.18796362 0.87225527 -0.21699657
v 0.17270237 0.87495965 -0.20484599
v 0.16717819 0.85950513 -0.19452008
v 0.15141468 0.86008650 -0.18314664
v 0.13301803 0.86696017 -0.17306983
v 0.11119077 0.87985452 -0.16726147
v 0.09659701 0.88682310 -0.15881223
v 0.06316340 0.90735746 -0.14705856
v 0.07785543 0.88917491 -0.13077209
v 0.03041854 0.92265494 -0.12487947
v -0.00744091 0.94769317 -0.11559021
v -0.01356807 0.94147753 -0.08651023
v 0.03447184 0.91219375 -0.08676578
v 0.02630529 0.91849245 -0.06627693
v 0.04434240 0.91760307 -0.03957836
v 0.07697840 0.90305897 -0.03139900
v 0.01344544 0.94580782 -0.01890510
v 0.04421006 0.95120469 0.00474314
v 0.11221635 0.93709952 0.01554948
v 0.15139773 0.95406868 0.01793241
v 0.18825690 0.91328614 0.00624051
v 0.13325807 0.99817808 0.01513824
v 0.15178954 1.04876858 0.00284983
v 0.12496744 1.10296701 -0.01117905
v 0.14885271 1.10700018 -0.02163116
v 0.20724886 1.04047641 -0.01832348
v 0.25404253 0.99742548 -0.03921596
v 0.26796331 0.98729458 -0.05317878
v 0.25473811 1.02613310 -0.08340841
v 0.23344189 1.05843997 -0.10464704
v 0.20710773 1.07484869 -0.12123267
v 0.19406846 1.06730233 -0.13919409
v 0.21741849 1.02301218 -0.13629363
v 0.22686258 1.00363085 -0.14429768
v 0.21205294 0.98322951 -0.14679075
v 0.17817825 0.99566370 -0.14197736
v 0.19884900 0.94872597 -0.14867868
v 0.20991139 0.92494671 -0.16853719
v 0.21005267 0.91531268 -0.18310162
v 0.20297436 0.90354651 -0.20337450
v 0.19597145 0.89401544 -0.21642301
v 0.20381677 0.87617292 -0.22917317
v 0.19248821 0.88442189 -0.22017866
v 0.16978589 0.90187406 -0.20225321
v 0.15599630 0.88393942 -0.18935554
v 0.11947954 0.89617422 -0.17980621
v 0.09350398 0.91880668 -0.17929573
v 0.05782640 0.93124301 -0.16965029
v 0.02872784 0.93602671 -0.14428554
v 0.00360911 0.95983520 -0.14628816
v -0.04488578 0.97773140 -0.11980167
v -0.05263573 0.97422157 -0.10238118
v -0.03610274 0.95257920 -0.07175714
v -0.00999926 0.94276657 -0.04525130
v -0.04261734 0.96002872 -0.02299659
v -0.00651810 0.97486646 0.00927404
v 0.03124793 0.99457088 0.02258346
v 0.08493376 0.96727579 0.02306547
v 0.09231982 1.05857970 -0.00016748
v 0.06300912 1.12048518 -0.00917316
v 0.08586194 1.15886016 -0.02031455
v 0.10290402 1.17732976 -0.03543862
v 0.13575403 1.13784600 -0.03826784
v 0.17108482 1.10914614 -0.05340788
v 0.22452147 1.03933947 -0.04789444
v 0.23180069 1.05586948 -0.06280392
v 0.22726633 1.08328728 -0.09315935
v 0.20154899 1.11617324 -0.11333400
v 0.18753749 1.11373342 -0.13169854
v 0.15949914 1.14919987 -0.15154906
v 0.16555355 1.11562663 -0.16894617
v 0.18873137 1.06556453 -0.16093191
v 0.19933663 1.02714259 -0.15414070
v 0.15770590 1.06880092 -0.16160997
v 0.14815178 1.01935031 -0.16551921
v 0.17310052 0.97587965 -0.14803338
v 0.17186046 0.95595605 -0.17639722
v 0.19519097 0.94184317 -0.16067250
v 0.16610143 0.94596630 -0.18780427
v 0.18782323 0.92478558 -0.19337396
v 0.17344924 0.91656541 -0.20119059
v 0.14669231 0.90565202 -0.18703517
v 0.12613151 0.93005708 -0.18079144
v 0.07230301 0.94279379 -0.18449741
v 0.04656765 0.96843022 -0.18974899
v 0.01293081 0.99502006 -0.18714782
v -0.01883227 1.02525289 -0.18941066
v -0.03388751 0.98886655 -0.14827421
v -0.09415335 1.00490560 -0.12345481
v -0.08630171 0.97836473 -0.08634281
v -0.06539293 0.96501764 -0.06683369
v -0.04701923 0.95079278 -0.04858940
v -0.06779996 0.94766289 -0.03765367
v -0.05633646 0.95780610 -0.00939318
v -0.03787063 0.97342804 0.00680179
v -0.02078179 0.98886509 0.02473630
v -0.00622379 1.00375934 0.02157470
v 0.00166269 1.03772450 0.01979338
v 0.05827297 1.03250676 0.01520671
v 0.03694121 1.06867004 0.00604231
v 0.01988867 1.09667186 0.00251991
v 0.01933913 1.14711755 -0.01562427
v 0.04947632 1.16636026 -0.01626450
v 0.05835892 1.21210440 -0.01925844
v 0.08862876 1.21325076 -0.04318673
v 0.13302795 1.16504869 -0.06908828
v 0.19050125 1.11704898 -0.06816294
v 0.21159295 1.09546070 -0.07490792
v 0.19495965 1.13342736 -0.09441269
v 0.17903941 1.16736459 -0.09130933
v 0.17349686 1.16422882 -0.11818939
v 0.17045093 1.15549860 -0.13853965
v 0.15635765 1.20578061 -0.14867788
v 0.14387170 1.19640333 -0.16217441
v 0.15599623 1.15424513 -0.16618543
v 0.14267141 1.16842192 -0.17533099
v 0.12462972 1.13340121 -0.17379643
v 0.13256957 1.05995012 -0.18054513
v 0.11833404 1.06914975 -0.20520443
v 0.13544253 1.01559845 -0.19611890
v 0.15757237 0.98523399 -0.17792037
v 0.14189323 0.99040062 -0.19131995
v 0.13134046 0.97007974 -0.18473257
v 0.14167584 0.94076126 -0.18403106
v 0.09983843 0.96911629 -0.18338478
v 0.04169799 1.00131418 -0.20470451
v -0.02269916 1.06271658 -0.21717644
v -0.04775660 1.01641009 -0.17105850
v -0.07106457 1.04129626 -0.18682948
v -0.11078385 1.03744912 -0.15258872
v -0.14495657 1.00311393 -0.10857740
v -0.11943910 0.98639271 -0.09177573
v -0.10127494 0.96147473 -0.06648237
v -0.07396035 0.95556563 -0.05079753
v -0.10620964 0.92819599 -0.03419261
v -0.09018475 0.92990790 -0.01536563
v -0.09905907 0.91867348 0.02674663
v -0.08788403 0.93509200 0.04019285
v -0.05716394 0.96629782 0.03248151
v -0.03689765 0.99605449 0.03594389
v -0.01850244 1.04819944 0.02491989
v -0.01226176 1.12084021 0.01988275
v -0.01416811 1.15781796 0.01353440
v 0.00885450 1.19379808 -0.02597635
v 0.03788758 1.23177155 -0.01757166
v 0.05908688 1.24635560 -0.02262129
v 0.07372481 1.24503371 -0.04220204
v 0.07391682 1.23860628 -0.07395294
v 0.10097096 1.20753685 -0.07203971
v 0.15117808 1.20019204 -0.08363115
v 0.16502451 1.20924190 -0.10536891
v 0.15802665 1.22151320 -0.12135291
v 0.15837577 1.20556611 -0.13679004
v 0.13391504 1.23455475 -0.13379782
v 0.13364650 1.23048385 -0.15909219
v 0.12498954 1.21097606 -0.17747316
v 0.10467686 1.18968364 -0.18151890
v 0.10781572 1.14638586 -0.20231239
v 0.09211029 1.12133217 -0.20888567
v 0.09977598 1.05936938 -0.20739229
v 0.09540803 1.01605303 -0.19617602
v 0.05896811 1.03505480 -0.20589791
v 0.01642830 1.05681252 -0.22795243
v -0.01789770 1.09732521 -0.24471051
v -0.05644430 1.08673337 -0.23014573
v -0.09889409 1.06904294 -0.19947610
v -0.12645881 1.06568937 -0.17216084
v -0.15755304 1.06592569 -0.17508063
v -0.17859230 1.02180587 -0.12332190
v -0.19104207 0.97344284 -0.07872677
v -0.17244792 0.94280159 -0.05610209
v -0.13882274 0.95545680 -0.06231362
v -0.16099844 0.91487855 -0.02477664
v -0.13271770 0.89842215 -0.00087062
v -0.11785904 0.90086354 0.01839116
v -0.15689345 0.86438111 0.04508748
v -0.12435468 0.89586879 0.07323810
v -0.09601102 0.93623531 0.09167830
v -0.07273780 0.96538469 0.06938486
v -0.04686729 1.00108189 0.05115128
v -0.05037203 1.07264008 0.04361218
v -0.06679417 1.11731102 0.04459118
v -0.05245904 1.15603754 0.03035574
v -0.01636213 1.19178028 0.01356177
v 0.00389794 1.21929531 -0.02558060
v 0.01553836 1.23480740 0.00263851
v 0.02783515 1.24461503 -0.01235868
v 0.04663136 1.25302008 0.01847963
v 0.06592621 1.25257114 -0.02162506
v 0.09559385 1.25169680 -0.06836782
v 0.11671433 1.24761889 -0.08821222
v 0.12554301 1.24753329 -0.10143981
v 0.13564312 1.24665432 -0.13242974
v 0.11770542 1.26257655 -0.12688427
v 0.11991309 1.25796243 -0.15221927
v 0.11635421 1.23801103 -0.17702112
v 0.09616895 1.19632880 -0.20231622
v 0.07358554 1.17588299 -0.20984200
v 0.06188154 1.16751828 -0.22801898
v 0.07280828 1.12236986 -0.22488511
v 0.07355663 1.06827235 -0.21551224
v 0.05299032 1.07489448 -0.21696694
v 0.02801622 1.09077609 -0.23650567
v -0.02786321 1.12358864 -0.25843805
v -0.08434506 1.10721849 -0.23986116
v -0.11383878 1.11145672 -0.22813709
v -0.13894023 1.09683291 -0.19822854
v -0.17535197 1.12179609 -0.20883505
v -0.21793099 1.10513445 -0.18659400
v -0.18776763 1.05801160 -0.15752990
v -0.22613557 1.04669431 -0.13121408
v -0.22326781 1.01177264 -0.09266729
v -0.24823380 0.99815046 -0.05562058
v -0.21128028 0.94159040 -0.04005597
v -0.19628854 0.90560388 -0.02261643
v -0.18350294 0.87578267 0.01382550
v -0.15222806 0.88256560 0.01678697
v -0.21262690 0.82959038 0.07193044
v -0.16466553 0.85333367 0.06852928
v -0.13286287 0.88960449 0.11579713
v -0.10867854 0.93318219 0.11585433
v -0.09281173 0.99193469 0.09618890
v -0.07014382 1.00566146 0.07067936
v -0.07360478 1.06093005 0.05960715
v -0.08848681 1.11644715 0.07022029
v -0.09381130 1.15078820 0.07219046
v -0.07044528 1.18734753 0.04920305
v -0.04044014 1.20460249 0.02416795
v -0.00836964 1.23913800 0.00824753
v 0.01190691 1.24490079 0.01016190
v 0.01335253 1.25380609 0.05271482
v 0.03933433 1.27361220 0.02196155
v 0.07647134 1.26457408 -0.05644091
v 0.10635286 1.26311515 -0.09274198
v 0.10076190 1.27968189 -0.10184311
v 0.08139299 1.30061663 -0.11512997
v 0.08650246 1.28989283 -0.13995346
v 0.11016137 1.26479824 -0.17604421
v 0.09707491 1.23075512 -0.19132102
v 0.08306204 1.21111823 -0.21207771
v 0.05141026 1.20758630 -0.23334604
v 0.04502922 1.16989573 -0.23928516
v 0.05171965 1.12308701 -0.22818793
v 0.02533120 1.12770281 -0.24805649
v -0.00226591 1.15593902 -0.26313218
v -0.05635367 1.15344265 -0.26944768
v -0.08294876 1.15232623 -0.26583210
v -0.11533376 1.15033129 -0.25207981
v -0.15148150 1.14282406 -0.22127700
v -0.18220739 1.15308510 -0.22430647
v -0.21706844 1.15100055 -0.20588338
v -0.26942346 1.13246863 -0.16144329
v -0.26255452 1.09422046 -0.13959303
v -0.25545893 1.05084825 -0.09877109
v -0.27565932 1.03894480 -0.08526538
v -0.27348021 0.96796273 -0.03494998
v -0.24196965 0.96585080 -0.03461561
v -0.23562547 0.92776695 -0.00835038
v -0.21147891 0.87015573 0.00928238
v -0.21118905 0.84627092 0.03514644
v -0.23493859 0.81384511 0.06734430
v -0.23348014 0.79584429 0.10924112
v -0.20476904 0.81978751 0.09585311
v -0.17593819 0.84117210 0.09523089
v -0.16666873 0.85147726 0.12871170
v -0.14413339 0.89969182 0.15055683
v -0.11911517 0.97130590 0.13425853
v -0.11751106 1.01782111 0.12404896
v -0.09531468 1.05333283 0.08824675
v -0.11353833 1.10042957 0.09596028
v -0.13131991 1.13481744 0.08218089
v -0.09170209 1.20189285 0.06123881
v -0.05523172 1.22159620 0.04127288
v -0.03853898 1.24444987 0.02920793
v -0.02119576 1.25375434 0.06826209
v -0.01252656 1.27276043 0.06024143
v 0.03077491 1.30949965 0.03935600
v 0.05425101 1.30736578 0.00199402
v 0.06850686 1.28258629 -0.03140154
v 0.07664646 1.28928432 -0.05479728
v 0.08622756 1.30060648 -0.06050006
v 0.08325695 1.30553699 -0.07946789
v 0.07159819 1.32502396 -0.07745863
v 0.06922983 1.32131121 -0.12058207
v 0.09565540 1.30161601 -0.15218750
v 0.09033947 1.27446072 -0.18466768
v 0.09005864 1.24356374 -0.21302062
v 0.04492561 1.23999621 -0.24750538
v 0.00759345 1.21775102 -0.26313023
v -0.00812713 1.18880526 -0.26912440
v -0.06065379 1.18556129 -0.27737100
v -0.07595426 1.21314504 -0.28078473
v -0.10924751 1.18648547 -0.26946938
v -0.15620027 1.15903537 -0.24433328
v -0.23211284 1.16623137 -0.21177210
v -0.26597973 1.16446801 -0.18095479
v -0.29426967 1.17013318 -0.14561301
v -0.29594377 1.12663105 -0.12574634
v -0.29273549 1.08557759 -0.10706985
v -0.29109889 1.02326765 -0.06322678
v -0.29163065 0.97932874 -0.03294873
v -0.28760154 0.92671211 -0.00021494
v -0.25780797 0.92182122 0.00252082
v -0.24842611 0.87561041 0.02888051
v -0.24088402 0.84946509 0.03891491
v -0.24083823 0.82631709 0.05403729
v -0.27187801 0.79883859 0.07711286
v -0.26532015 0.78461590 0.08849921
v -0.27014200 0.77212470 0.10376949
v -0.25128445 0.78216226 0.11531978
v -0.26206324 0.76913747 0.14205669
v -0.20960967 0.81281117 0.13195450
v -0.22048689 0.80814646 0.16362192
v -0.21094906 0.82420814 0.18248334
v -0.16966176 0.87232990 0.17103767
v -0.18059312 0.88515798 0.19358269
v -0.14960265 0.94275424 0.16576113
v -0.16230618 1.00321755 0.15464308
v -0.12873009 1.05368153 0.12031422
v -0.17829000 1.08441857 0.12777641
v -0.16044905 1.15231079 0.08702377
v -0.11860452 1.19362806 0.05777629
v -0.11606862 1.23004193 0.05399288
v -0.08763910 1.23637601 0.06003109
v -0.06588649 1.24707229 0.07473357
v -0.06695868 1.26506130 0.07149966
v -0.02696107 1.29829728 0.06539057
v 0.00313212 1.29674067 0.05540355
v -0.00582141 1.32448698 0.06211946
v 0.03032467 1.35032699 0.04860232
v 0.05933139 1.34259298 0.00213753
v 0.06344673 1.31804909 -0.02857746
v 0.08898079 1.36028012 -0.02741849
v 0.08766645 1.35444970 -0.03961058
v 0.06764904 1.36567332 -0.06307978
v 0.07338770 1.36616313 -0.09419520
v 0.10120147 1.37418768 -0.10986129
v 0.08874201 1.32884738 -0.13183789
v 0.08740823 1.31940596 -0.15227075
v 0.09004634 1.29549533 -0.19006729
v 0.08029635 1.29067050 -0.20885108
v 0.06250880 1.26059916 -0.23408324
v 0.03295925 1.26849095 -0.25212674
v 0.01871295 1.24667405 -0.25315950
v -0.01407587 1.24524950 -0.26284403
v -0.04017102 1.21712633 -0.27387161
v -0.06183584 1.27608371 -0.28739183
v -0.09510132 1.25165247 -0.28375182
v -0.13182072 1.24666518 -0.27276632
v -0.15153591 1.20476728 -0.26115598
v -0.21107498 1.19890765 -0.22681728
v -0.25148211 1.21324324 -0.20038815
v -0.27846611 1.20169293 -0.17049782
v -0.30393580 1.18206058 -0.12238989
v -0.30977928 1.17569362 -0.08181276
v -0.30531238 1.08288228 -0.06115686
v -0.30399219 1.01287320 -0.01989237
v -0.30394309 0.95525237 -0.00478355
v -0.30523838 0.91212383 0.01746806
v -0.29950361 0.88531471 0.02787508
v -0.27793591 0.88541362 0.02884972
v -0.28121797 0.86309817 0.04491535
v -0.26672262 0.82848888 0.06009558
v -0.29527103 0.81259739 0.07867817
v -0.31769499 0.77517362 0.10333070
v -0.31199968 0.75665711 0.11651102
v -0.29435258 0.74996721 0.12548856
v -0.28895039 0.74403113 0.14596156
v -0.30021822 0.73184620 0.16887305
v -0.29453443 0.74187385 0.17931750
v -0.24997246 0.78269464 0.15524624
v -0.26717524 0.77244777 0.18094229
v -0.23974186 0.79871732 0.19255716
v -0.22826272 0.84340017 0.21295504
v -0.20029503 0.89033512 0.20550275
v -0.18655766 0.93620905 0.18948956
v -0.21582415 0.97911036 0.18972470
v -0.21368388 1.04232096 0.16719827
v -0.21140569 1.10925767 0.13634691
v -0.20479440 1.15435591 0.11296084
v -0.18097901 1.18816172 0.08367546
v -0.14310089 1.20495215 0.07038355
v -0.15231846 1.23093430 0.07242470
v -0.11278290 1.24352213 0.08749045
v -0.10202364 1.26104358 0.08228953
v -0.08600736 1.28552125 0.08921989
v -0.05534493 1.30798563 0.06867417
v -0.00959418 1.34828641 0.06405589
v 0.01208077 1.39008549 0.06332920
v 0.03159422 1.38799106 0.05490094
v 0.04736764 1.38586021 0.02727389
v 0.06734657 1.38793026 0.01206623
v 0.07679591 1.37554619 -0.00618628
v 0.10328572 1.40652117 -0.00975810
v 0.08725909 1.41316609 -0.03725817
v 0.09133752 1.42725594 -0.05855716
v 0.10996793 1.45149869 -0.06061066
v 0.11572759 1.42296440 -0.08720203
v 0.09983689 1.37492767 -0.12634728
v 0.08883226 1.33661270 -0.15792465
v 0.08323474 1.31776432 -0.18097420
v 0.05661298 1.29797406 -0.19116452
v 0.05087295 1.27599257 -0.22110547
v 0.04113501 1.28806390 -0.20376192
v 0.02928555 1.28570119 -0.22825129
v 0.00046156 1.29265573 -0.26787786
v -0.01957473 1.28380177 -0.27342773
v -0.03791121 1.28691498 -0.28059229
v -0.08683847 1.30649174 -0.30520276
v -0.12878702 1.28288622 -0.28022642
v -0.16064877 1.25415937 -0.26628144
v -0.19544348 1.22307450 -0.24330522
v -0.23240643 1.25530743 -0.21971507
v -0.25040602 1.27919549 -0.19875979
v -0.27072508 1.24656177 -0.17666464
v -0.29220905 1.23271743 -0.13461196
v -0.30282909 1.21304298 -0.10015960
v -0.30177017 1.21697571 -0.06936547
v -0.31082625 1.21457383 -0.02967070
v -0.31509799 1.18667392 -0.01089932
v -0.30809365 1.17089274 -0.04992635
v -0.31422423 1.11377103 -0.03899039
v -0.31682755 1.02208986 0.01177885
v -0.31186182 0.97686310 0.01133159
v -0.32182695 0.92783114 0.04048379
v -0.32949194 0.89070852 0.05038860
v -0.32548782 0.87010715 0.04563775
v -0.31126494 0.85318907 0.04923375
v -0.29362327 0.83515484 0.06630374
v -0.31752762 0.80545103 0.08155123
v -0.33082349 0.77835700 0.09736485
v -0.34850570 0.75109474 0.11393147
v -0.35116678 0.73776151 0.12795427
v -0.34455935 0.72935111 0.13856313
v -0.35810208 0.71261694 0.15291056
v -0.32173064 0.71871566 0.15415273
v -0.33642899 0.69097409 0.16985164
v -0.34287116 0.67805182 0.17846758
v -0.33591016 0.69118510 0.19592926
v -0.29010972 0.73972707 0.19928288
v -0.25794561 0.78404752 0.21920344
v -0.24753668 0.81843961 0.23125712
v -0.23027984 0.85746136 0.23262856
v -0.21374390 0.90973657 0.21836786
v -0.23692746 0.94397580 0.20603655
v -0.24446708 0.99931307 0.18780192
v -0.24823514 1.06117783 0.16741740
v -0.24350803 1.10829998 0.14039401
v -0.24228475 1.14645740 0.11103455
v -0.21190103 1.20586948 0.08760800
v -0.20623334 1.23434039 0.07674808
v -0.15947777 1.24661097 0.08050582
v -0.14047977 1.28239328 0.08314430
v -0.07929154 1.32082481 0.09151550
v -0.05757562 1.33558558 0.07347094
v -0.04429568 1.36070123 0.07156016
v -0.02981018 1.38851890 0.07337721
v -0.01855532 1.43748311 0.08897145
v 0.02375020 1.42935366 0.07032645
v 0.05244262 1.45477846 0.05268161
v 0.08392732 1.44696125 0.02055520
v 0.10946794 1.43880892 0.00306780
v 0.10959498 1.46042585 -0.00694928
v 0.12077354 1.48834941 -0.00762462
v 0.14281342 1.52929239 -0.02301267
v 0.14519450 1.47819272 -0.06116255
v 0.13004892 1.46522204 -0.08198185
v 0.11026671 1.42709913 -0.10327801
v 0.08863473 1.38017049 -0.13292952
v 0.06291817 1.32961425 -0.16170656
v 0.04431376 1.32021055 -0.19097249
v 0.04355129 1.31470746 -0.23039720
v 0.02150317 1.32422850 -0.23554576
v -0.01236101 1.30950712 -0.26429570
v -0.05080020 1.32268017 -0.27785964
v -0.08484574 1.33324381 -0.29114668
v -0.13008934 1.34225425 -0.26752252
v -0.12175436 1.31554681 -0.28677549
v -0.15828790 1.30540617 -0.26475452
v -0.17895273 1.27318698 -0.25891925
v -0.20486752 1.27852928 -0.23627348
v -0.23293448 1.30526966 -0.20676775
v -0.26572996 1.30177493 -0.16067047
v -0.29256773 1.26176813 -0.11282379
v -0.29328728 1.26212369 -0.06971745
v -0.31298695 1.24570486 -0.04399711
v -0.31087255 1.23603779 -0.00343485
v -0.30576113 1.20512480 0.02695916
v -0.32500009 1.14528703 0.03520920
v -0.32706398 1.11414549 -0.00437472
v -0.33306596 1.09642054 0.02685068
v -0.31867419 1.03283249 0.03979816
v -0.31427071 0.98037214 0.05300700
v -0.31694603 0.95754250 0.04148200
v -0.32421265 0.91586085 0.08263658
v -0.33347564 0.89301683 0.07325658
v -0.34743846 0.86279204 0.07609265
v -0.34285106 0.85501176 0.06067338
v -0.32826027 0.84005758 0.05599931
v -0.33434252 0.80930071 0.07127376
v -0.35334379 0.78494207 0.07955064
v -0.33552582 0.78683983 0.08859088
v -0.35173108 0.76802905 0.09192287
v -0.38252370 0.71618580 0.11163337
v -0.36543614 0.71920363 0.13973585
v -0.38923197 0.68152695 0.14876329
v -0.37936940 0.68386548 0.16501628
v -0.38818323 0.65653950 0.18248036
v -0.37612615 0.64283161 0.18730077
v -0.36813293 0.64429409 0.19378966
v -0.38168759 0.64769156 0.21195874
v -0.35126867 0.67246245 0.21769978
v -0.31665759 0.70650834 0.21420972
v -0.30179509 0.73643002 0.22354530
v -0.28842696 0.76785370 0.23655019
v -0.28204994 0.79828991 0.22887217
v -0.23635970 0.86954560 0.23733251
v -0.25854389 0.90575298 0.22114909
v -0.27792046 0.94862685 0.21017631
v -0.27957446 0.99240946 0.18995070
v -0.29212599 1.01893558 0.17181144
v -0.28353061 1.08196075 0.13875662
v -0.28523579 1.13116424 0.11174852
v -0.26515604 1.18879674 0.08898669
v -0.23490982 1.19774243 0.08436429
v -0.25844349 1.22803685 0.06820814
v -0.25606147 1.23695927 0.06854426
v -0.20409527 1.25317984 0.07118398
v -0.20378552 1.27058330 0.07010324
v -0.16532939 1.28987430 0.07530494
v -0.12412893 1.32936488 0.08606170
v -0.12004472 1.30794289 0.08688494
v -0.06937224 1.37056380 0.09284868
v -0.05831026 1.41573448 0.09689072
v -0.06806425 1.45928635 0.11191146
v -0.02015193 1.47501680 0.11419152
v 0.02912845 1.47483174 0.08955766
v 0.07995277 1.51043921 0.05769649
v 0.11205323 1.47653300 0.02337171
v 0.11417847 1.51675691 0.04621365
v 0.12637619 1.53839109 0.02635235
v 0.15300051 1.57920164 0.02897374
v 0.17696055 1.58286870 -0.00299299
v 0.16872121 1.53824065 -0.03119428
v 0.16734695 1.52878285 -0.05271082
v 0.14778938 1.49584463 -0.06838696
v 0.13228287 1.50312952 -0.07726530
v 0.11213062 1.49202899 -0.09466524
v 0.10019637 1.44636977 -0.09814977
v 0.07971812 1.40824094 -0.11567575
v 0.06385886 1.36861803 -0.13502582
v 0.04964263 1.34137713 -0.16761775
v 0.05230759 1.34562601 -0.20708360
v 0.03861443 1.34502591 -0.23633437
v -0.00082121 1.33729979 -0.24058310
v -0.02876487 1.32915886 -0.26266982
v -0.05591976 1.35812072 -0.26592482
v -0.09487598 1.35237599 -0.27625863
v -0.11026876 1.36598863 -0.28307554
v -0.14048328 1.35812987 -0.27204678
v -0.16674744 1.33520424 -0.24970353
v -0.18979301 1.31177214 -0.25223189
v -0.20849912 1.32661162 -0.23484162
v -0.22897629 1.32540126 -0.20311319
v -0.24750508 1.32989369 -0.16313533
v -0.27324889 1.30798993 -0.13415209
v -0.28223098 1.29949349 -0.08722147
v -0.29805039 1.30837812 -0.06480030
v -0.30614665 1.27995423 -0.05051927
v -0.30684018 1.26854588 -0.01342357
v -0.29346170 1.26047927 0.00644888
v -0.28201739 1.25428274 0.01651240
v -0.29007611 1.23950519 0.04273821
v -0.29662854 1.21512713 0.05409615
v -0.31108413 1.18923270 0.06391514
v -0.32704242 1.13376930 0.07084986
v -0.33311104 1.07200648 0.07372651
v -0.33106724 1.03443298 0.06491367
v -0.33408222 0.98639770 0.09538889
v -0.31865896 0.94680806 0.08801173
v -0.33662942 0.89085382 0.10347771
v -0.35074172 0.86137947 0.10855882
v -0.36094968 0.83385358 0.08307484
v -0.34672274 0.83021593 0.06430968
v -0.35806209 0.81315729 0.07057260
v -0.35519223 0.79828034 0.07261653
v -0.37540572 0.79118486 0.08045246
v -0.37500656 0.76634115 0.08382512
v -0.37467741 0.75205849 0.08922269
v -0.37838754 0.73373913 0.09799859
v -0.41086394 0.69256598 0.10884604
v -0.39673918 0.68910942 0.12004325
v -0.40476138 0.65568542 0.14868758
v -0.40560256 0.64016365 0.17841711
v -0.41660787 0.59748068 0.19853558
v -0.40518261 0.59291665 0.21220022
v -0.38579575 0.62425613 0.20704274
v -0.40640847 0.59525656 0.22770007
v -0.39233400 0.64822570 0.22277108
v -0.38264677 0.66934362 0.23376037
v -0.33484402 0.71539939 0.22237574
v -0.32670473 0.74643355 0.23214415
v -0.29875704 0.78092365 0.24816470
v -0.30294296 0.81098866 0.25279140
v -0.28367114 0.84160347 0.23429550
v -0.26263850 0.85635871 0.23346416
v -0.29288686 0.88800444 0.24499876
v -0.30545689 0.89388892 0.23677262
v -0.29552888 0.94162439 0.20697838
v -0.30142088 0.96790758 0.17149379
v -0.30208624 1.04168983 0.15033577
v -0.30418344 1.09043105 0.11601908
v -0.29233118 1.15586252 0.09406527
v -0.28966684 1.19409492 0.08787595
v -0.24448195 1.25686523 0.05855407
v -0.25257926 1.27007708 0.04761723
v -0.18212264 1.31417927 0.07477646
v -0.14695381 1.34805517 0.08552923
v -0.11719734 1.36725308 0.08829261
v -0.09693867 1.40473011 0.08985803
v -0.10550135 1.44067773 0.10817304
v -0.09162346 1.48810783 0.13646275
v -0.06061108 1.50138298 0.14145465
v -0.03783704 1.50568126 0.13574820
v 0.00062757 1.54726115 0.14647076
v 0.01026824 1.51332945 0.12308369
v 0.04159847 1.53850432 0.11389432
v 0.08644260 1.55335942 0.07161595
v 0.11941890 1.56935570 0.06198224
v 0.15983491 1.60600346 0.03388714
v 0.18655520 1.62891178 0.00297606
v 0.19417544 1.61173344 -0.03183261
v 0.18061744 1.57282316 -0.04559376
v 0.15866855 1.57180007 -0.06781652
v 0.14381444 1.55099199 -0.07622722
v 0.13258714 1.52766295 -0.07960857
v 0.14745448 1.53307733 -0.11563980
v 0.13548827 1.50910224 -0.11877245
v 0.11902764 1.47874286 -0.11968228
v 0.09467060 1.45059216 -0.11033775
v 0.07651478 1.41361293 -0.12964550
v 0.06188431 1.36619253 -0.15556210
v 0.06194804 1.36236805 -0.18347846
v 0.06284965 1.38614197 -0.18462546
v 0.04495604 1.37736823 -0.20985024
v 0.02044854 1.39901500 -0.23329074
v 0.00903839 1.39082621 -0.25448741
v 0.02006864 1.36090881 -0.24841342
v -0.00910863 1.36857416 -0.25739555
v -0.03726057 1.36150381 -0.25827493
v -0.06329116 1.37947829 -0.28105475
v -0.08803362 1.37490089 -0.28511542
v -0.11216473 1.37736532 -0.25847828
v -0.17037739 1.35910566 -0.24194361
v -0.19025354 1.34528698 -0.23662760
v -0.19028115 1.35102287 -0.19677392
v -0.21020987 1.34326419 -0.17913643
v -0.24664152 1.33861201 -0.14249282
v -0.27750536 1.32272817 -0.09500666
v -0.29186957 1.33427157 -0.08264872
v -0.26799635 1.31861743 -0.02675162
v -0.27974340 1.30281020 -0.02599560
v -0.28372191 1.30384572 -0.00042938
v -0.28175016 1.29586361 0.00979011
v -0.24057538 1.30854118 0.01361844
v -0.25039813 1.27964300 0.02210214
v -0.22232418 1.30798827 0.03555353
v -0.20403296 1.31214760 0.05851262
v -0.18288109 1.34378884 0.07521194
v -0.15787907 1.37465433 0.08721094
v -0.12549127 1.40453124 0.09625256
v -0.13187339 1.42814078 0.09531734
v -0.10800649 1.46922044 0.11826015
v -0.11526552 1.49411486 0.11483360
v -0.09543879 1.52862528 0.14184663
v -0.08038858 1.51371866 0.15175495
v -0.06539963 1.54204492 0.16575276
v -0.02973222 1.56136953 0.15928109
v 0.01365259 1.59590699 0.15243780
v 0.05942006 1.58070896 0.10894908
v 0.09124257 1.59470644 0.08527340
v 0.13836062 1.63011500 0.05482659
v 0.18156342 1.68343761 0.00845478
v 0.19804042 1.65989345 -0.01482403
v 0.20368826 1.65044327 -0.05103565
v 0.18313904 1.62444834 -0.08332743
v 0.17395132 1.59176916 -0.05952104
v 0.17549085 1.59971542 -0.09532137
v 0.17175069 1.58043040 -0.11696816
v 0.14338245 1.54811995 -0.12614109
v 0.11301533 1.52181241 -0.13473231
v 0.11502360 1.49608274 -0.12866247
v 0.10468454 1.46332640 -0.13664763
v 0.08995620 1.42534233 -0.13975798
v 0.07859115 1.40431704 -0.16298346
v 0.06208031 1.43299398 -0.16325285
v 0.04587712 1.40165911 -0.18824559
v 0.03434957 1.42400067 -0.19519133
v 0.02291582 1.44034845 -0.20973992
v 0.00670222 1.43287265 -0.23809660
v -0.01000772 1.39324778 -0.26333386
v -0.03748208 1.38396859 -0.27214240
v -0.06481516 1.39975055 -0.27517452
v -0.08373046 1.39466670 -0.26053829
v -0.08761099 1.41182938 -0.23974850
v -0.13532383 1.41421757 -0.23087414
v -0.14490660 1.39511048 -0.23349939
v -0.16149733 1.36540615 -0.22347262
v -0.17524735 1.37724424 -0.21063955
v -0.20204723 1.37235116 -0.17449742
v -0.21777046 1.36652036 -0.15357468
v -0.24325040 1.35422021 -0.12606603
v -0.27000842 1.34411163 -0.10082897
v -0.28168726 1.34684386 -0.09694889
v -0.26752925 1.34656238 -0.06425772
v -0.25743065 1.35570583 -0.04068951
v -0.27323001 1.34350290 -0.01649306
v -0.26811196 1.33304141 0.01430501
v -0.20379118 1.34247875 0.03141464
v -0.19357604 1.33883291 0.04500826
v -0.19626808 1.33563663 0.06164151
v -0.17130751 1.36880288 0.07302931
v -0.15139619 1.39458968 0.08841554
v -0.14911344 1.41794799 0.07064319
v -0.13672874 1.44323179 0.08347790
v -0.12387960 1.46834748 0.09827637
v -0.15237383 1.47664214 0.09899959
v -0.16332805 1.49564905 0.10631101
v -0.15355960 1.52803139 0.12710923
v -0.12678691 1.54279602 0.14107967
v -0.10936433 1.56505414 0.15676417
v -0.08133155 1.56238601 0.16232083
v -0.05277782 1.56828879 0.17235822
v -0.03653964 1.61077380 0.17899593
v 0.00598168 1.63072831 0.16088926
v 0.06315387 1.62941980 0.12563079
v 0.08980105 1.64558764 0.11500298
v 0.14611681 1.67429883 0.04952713
v 0.17121393 1.72015665 -0.00648168
v 0.18661061 1.73279723 -0.03698678
v 0.19337049 1.70166621 -0.02452180
v 0.20707744 1.69439958 -0.06227370
v 0.19467890 1.66337455 -0.08714323
v 0.19482015 1.65619796 -0.11321635
v 0.18419850 1.61554595 -0.12337154
v 0.15937482 1.61344365 -0.14314016
v 0.14641995 1.58219877 -0.13647976
v 0.12342098 1.55374654 -0.14367071
v 0.11353464 1.54642574 -0.16868919
v 0.09550715 1.50377968 -0.14827922
v 0.07386481 1.46983525 -0.15195331
v 0.09018558 1.47308916 -0.14249824
v 0.08727232 1.42868487 -0.15245771
v 0.04912551 1.45515625 -0.17066070
v 0.03276702 1.46494402 -0.18172539
v 0.00951326 1.46614843 -0.21579320
v -0.00296908 1.44102925 -0.24119182
v -0.03692561 1.40928048 -0.26562867
v -0.04851058 1.43927745 -0.24306741
v -0.07016137 1.44443194 -0.22854202
v -0.09087467 1.44979890 -0.20243867
v -0.10516391 1.42682276 -0.22059152
v -0.14779706 1.43131497 -0.21187823
v -0.18266057 1.40754690 -0.19963716
v -0.20144536 1.39098094 -0.18011190
v -0.23490873 1.37860969 -0.14783328
v -0.26347222 1.36428632 -0.12197855
v -0.24777438 1.37265202 -0.09452202
v -0.24767552 1.36743572 -0.05855535
v -0.27051913 1.37964757 -0.03270131
v -0.26980995 1.36610305 -0.01072690
v -0.24651239 1.37407120 0.01013128
v -0.23145342 1.36535932 0.03297990
v -0.19476388 1.39537490 0.05399505
v -0.17044131 1.39177676 0.05687727
v -0.16409372 1.38117605 0.06223795
v -0.18837740 1.43294393 0.06725035
v -0.16828916 1.44619712 0.07998328
v -0.18726461 1.46205246 0.07951125
v -0.18440963 1.49780295 0.09111771
v -0.18592809 1.51632076 0.09676101
v -0.20345288 1.53059429 0.08682712
v -0.18535149 1.54945837 0.11800474
v -0.15082939 1.55216169 0.13897548
v -0.15824288 1.56455550 0.14638332
v -0.13528259 1.58957493 0.16303185
v -0.11155912 1.60918152 0.17752467
v -0.08074693 1.59979011 0.17916743
v -0.04817643 1.64028547 0.19046311
v -0.03135399 1.66415817 0.19085962
v -0.00476661 1.67913666 0.18312898
v 0.04875230 1.66864914 0.15249590
v 0.09053702 1.66241013 0.12264700
v 0.11963187 1.66627353 0.08979282
v 0.13829636 1.68799104 0.06591971
v 0.15243404 1.70512142 0.02751213
v 0.15766371 1.70523202 0.04048037
v 0.15707110 1.73584541 0.00896415
v 0.15391369 1.76463459 -0.04234037
v 0.17111084 1.76037443 -0.04975415
v 0.17927984 1.74585336 -0.05483290
v 0.19364640 1.72236098 -0.06046505
v 0.19931843 1.70937548 -0.09138517
v 0.19877815 1.68887501 -0.11142649
v 0.18571417 1.67940785 -0.13534006
v 0.17678399 1.65355792 -0.14616824
v 0.17703628 1.63220306 -0.13962486
v 0.16401142 1.63482011 -0.16342651
v 0.15473621 1.62033381 -0.17175977
v 0.13421151 1.58388947 -0.15434548
v 0.12468565 1.56802875 -0.17113034
v 0.10477334 1.56938698 -0.17410926
v 0.09009367 1.55779623 -0.17795364
v 0.09196149 1.51719016 -0.17442142
v 0.07064306 1.50975286 -0.18822130
v 0.05322207 1.51218768 -0.19500279
v 0.03303768 1.50205115 -0.18864853
v 0.01890905 1.49205421 -0.19151925
v -0.00744747 1.50958924 -0.21131053
v -0.00979094 1.48437018 -0.22338557
v -0.02364742 1.45706869 -0.23411808
v -0.05311132 1.47250567 -0.21970308
v -0.07498412 1.47783984 -0.20876597
v -0.09794529 1.47748791 -0.18174693
v -0.11092176 1.45734969 -0.18881877
v -0.13824088 1.46903088 -0.18137663
v -0.15751026 1.45002454 -0.19147822
v -0.18330120 1.45000232 -0.17137564
v -0.21444727 1.40897295 -0.16281540
v -0.24838905 1.38380442 -0.14101792
v -0.24478138 1.39792458 -0.12679781
v -0.22147736 1.42748547 -0.07936563
v -0.23835906 1.39102178 -0.08188511
v -0.23905187 1.40848201 -0.06711621
v -0.25880722 1.42217542 -0.04533009
v -0.26112540 1.42278678 -0.03135222
v -0.25227138 1.39931935 -0.00818238
v -0.22654967 1.40876405 0.01997231
v -0.20667108 1.40988985 0.04065431
v -0.20076776 1.45240328 0.04804220
v -0.20219146 1.49078196 0.04520300
v -0.20172180 1.50736666 0.06311070
v -0.20209460 1.52788232 0.05114538
v -0.21273434 1.54857293 0.05903850
v -0.21655913 1.56152038 0.07834316
v -0.20590934 1.55559503 0.10889816
v -0.18388208 1.56761727 0.12881059
v -0.16975668 1.58330285 0.14087962
v -0.15071149 1.59924779 0.15410262
v -0.12846049 1.62925953 0.17335917
v -0.09578801 1.64213272 0.19263804
v -0.08708565 1.66244846 0.19826133
v -0.07053654 1.70334548 0.20051282
v -0.04600117 1.70956092 0.20039269
v -0.02942009 1.72726616 0.18839896
v 0.00812990 1.71407479 0.17313345
v 0.04898996 1.70251326 0.15541765
v 0.07672933 1.68666854 0.14319216
v 0.08696882 1.68459455 0.11821569
v 0.11854840 1.67958248 0.08450939
v 0.12930853 1.70447508 0.05167926
v 0.12861879 1.72785146 0.01694587
v 0.14411806 1.76338220 -0.01752292
v 0.13009579 1.77381929 -0.05273588
v 0.11046778 1.78221296 -0.08600583
v 0.14817400 1.78456814 -0.08565327
v 0.16561871 1.77490609 -0.10025760
v 0.18461128 1.75743080 -0.08208871
v 0.20058032 1.73967781 -0.10895355
v 0.19989027 1.71919464 -0.12436075
v 0.19823452 1.71278066 -0.14886837
v 0.19208766 1.67987158 -0.15433866
v 0.17355697 1.64974248 -0.15883505
v 0.18552360 1.64420109 -0.19652779
v 0.16026436 1.61680168 -0.20092617
v 0.14107175 1.60227897 -0.19057235
v 0.13218395 1.58745215 -0.17753247
v 0.10590038 1.59383441 -0.18945212
v 0.08321367 1.59325970 -0.19178845
v 0.07209919 1.58490844 -0.19396883
v 0.06317069 1.54354615 -0.20173713
v 0.05115505 1.55944887 -0.21121700
v 0.02455568 1.53493435 -0.19780131
v 0.00158073 1.53998615 -0.20209714
v -0.02251200 1.53475653 -0.22261466
v -0.03992781 1.51844274 -0.22028597
v -0.06348972 1.52386977 -0.21468979
v -0.08221223 1.50371184 -0.19522128
v -0.09875285 1.50791548 -0.16845815
v -0.11608778 1.48530177 -0.16910339
v -0.15279420 1.49064049 -0.16732812
v -0.16800662 1.47446739 -0.16862145
v -0.20205301 1.45108156 -0.14693974
v -0.22438297 1.42791001 -0.13619788
v -0.22357011 1.43442562 -0.11360900
v -0.20728337 1.45954380 -0.08594455
v -0.22349764 1.45565441 -0.06013516
v -0.24869546 1.46208632 -0.03988448
v -0.24418867 1.47261220 -0.01355852
v -0.22991112 1.44707287 0.00844706
v -0.21013933 1.43888881 0.03099731
v -0.20492173 1.46701254 0.02541466
v -0.20755228 1.49092351 0.02227103
v -0.20154448 1.52485379 0.01989304
v -0.20467957 1.54968569 0.02303989
v -0.21038382 1.56494676 0.03221926
v -0.22279575 1.57712053 0.07124037
v -0.22475475 1.56731279 0.09813676
v -0.20641758 1.56947701 0.12902538
v -0.21392794 1.59915059 0.17736383
v -0.16609491 1.61987286 0.17633425
v -0.13528278 1.65381882 0.18319981
v -0.10300972 1.69140595 0.19495340
v -0.10909221 1.71705131 0.19104572
v -0.06752349 1.74307232 0.19527016
v -0.03626663 1.75193197 0.17055218
v -0.00377782 1.74482686 0.15835031
v 0.05248856 1.70709041 0.16111594
v 0.06329315 1.70777271 0.12997323
v 0.08724618 1.70032010 0.10963149
v 0.11009185 1.70068393 0.08875556
v 0.12187331 1.70651760 0.06706896
v 0.12796392 1.73609023 0.02767212
v 0.12336327 1.75860446 -0.01170929
v 0.11816695 1.78129473 -0.03537394
v 0.08806032 1.78761422 -0.05824531
v 0.08107631 1.78066027 -0.08399284
v 0.08234927 1.77112636 -0.12144115
v 0.10512364 1.77476415 -0.12223603
v 0.12928728 1.77573242 -0.11889752
v 0.14108284 1.77820031 -0.12761900
v 0.15399740 1.76896708 -0.15469383
v 0.18585439 1.75750470 -0.12539208
v 0.19628094 1.73723089 -0.13535335
v 0.20961500 1.72452019 -0.16901445
v 0.21461242 1.69409760 -0.18551486
v 0.21455300 1.67932840 -0.19619715
v 0.20624926 1.66523478 -0.19232970
v 0.21346217 1.66127446 -0.22759028
v 0.19977914 1.63764472 -0.22616471
v 0.15669638 1.62304719 -0.21743320
v 0.12120683 1.61031855 -0.19771848
v 0.09769629 1.61436306 -0.20284019
v 0.08651574 1.63290700 -0.21408113
v 0.06695034 1.62190938 -0.19810605
v 0.04579940 1.58396510 -0.21839374
v 0.01377468 1.58475391 -0.20578454
v -0.00125028 1.58422333 -0.20374122
v -0.01931934 1.59175854 -0.21666863
v -0.03902282 1.55364318 -0.22460794
v -0.06423269 1.56538264 -0.20342330
v -0.07992510 1.54292626 -0.18065778
v -0.10131311 1.53698835 -0.14689254
v -0.12480121 1.51059960 -0.15169440
v -0.14388797 1.53812456 -0.14024719
v -0.15791065 1.52168978 -0.14701466
v -0.18002255 1.50531681 -0.14283606
v -0.20697857 1.47093649 -0.13094227
v -0.20300955 1.48769170 -0.11335748
v -0.20122848 1.48785882 -0.07479467
v -0.22673746 1.48774053 -0.05389781
v -0.23818961 1.48949339 -0.04020926
v -0.22813085 1.52404328 -0.02863869
v -0.23456616 1.50675204 -0.00266707
v -0.23009690 1.47870509 0.00685129
v -0.22764940 1.51557724 0.00616290
v -0.21626306 1.54075965 0.00785272
v -0.21638364 1.58034874 -0.00881214
v -0.19638867 1.58967838 0.01223273
v -0.20508890 1.60866340 0.02308452
v -0.21686142 1.59565028 0.05101279
v -0.24463354 1.57995259 0.09064789
v -0.24194404 1.57688849 0.13846804
v -0.24437402 1.58987503 0.16408980
v -0.26323295 1.60506934 0.16329025
v -0.23879193 1.61965035 0.17129182
v -0.20961087 1.62266802 0.18360103
v -0.19633843 1.64183219 0.18608832
v -0.14735032 1.66452136 0.18039173
v -0.15751501 1.70170134 0.19552815
v -0.13289933 1.73713303 0.19248414
v -0.09448545 1.75531164 0.18466231
v -0.06726104 1.77654171 0.15305884
v -0.04381273 1.76674204 0.15063321
v -0.03124969 1.77638583 0.12747672
v -0.00275444 1.77422233 0.13207231
v 0.03368321 1.72662068 0.15778337
v 0.04056964 1.73115882 0.13362536
v 0.05542019 1.73965412 0.13533125
v 0.09730068 1.70993042 0.12515911
v 0.12677609 1.71162322 0.08636563
v 0.14025552 1.73043244 0.06794715
v 0.15085168 1.75002064 0.06472830
v 0.12521147 1.74995950 0.01737188
v 0.10917717 1.76750665 -0.01606519
v 0.08288261 1.78466950 -0.02327153
v 0.09099075 1.79645627 -0.04415973
v 0.05881842 1.79660881 -0.04597975
v 0.04946195 1.78065168 -0.06586205
v 0.04039945 1.77155478 -0.09904755
v 0.05186105 1.75927922 -0.13313620
v 0.07762329 1.75236785 -0.16222950
v 0.10231043 1.77735104 -0.14115293
v 0.11520247 1.77256093 -0.15842635
v 0.13085082 1.75965149 -0.18917694
v 0.17487676 1.75813203 -0.20768558
v 0.19001219 1.74953019 -0.17000020
v 0.19242510 1.75612978 -0.15020745
v 0.20614884 1.71378462 -0.19718033
v 0.21160008 1.69560828 -0.20627854
v 0.21114726 1.67632076 -0.22366636
v 0.21055955 1.66282658 -0.24464646
v 0.21446743 1.64434453 -0.25038106
v 0.17464230 1.63100386 -0.23790336
v 0.16384505 1.62068920 -0.24951513
v 0.12724429 1.61909521 -0.23616905
v 0.12845313 1.62237451 -0.20944804
v 0.11023252 1.62694815 -0.21649188
v 0.09661334 1.62950163 -0.23196313
v 0.07333335 1.64597404 -0.22842888
v 0.06095455 1.64596147 -0.20451148
v 0.05036391 1.65889451 -0.20080990
v 0.03456990 1.63403813 -0.21584642
v 0.03984878 1.61020002 -0.21941973
v 0.01350761 1.64529852 -0.19684552
v -0.00141950 1.62156435 -0.19533039
v -0.02559670 1.63416354 -0.20231849
v -0.04139122 1.59262540 -0.21369637
v -0.05853642 1.60606523 -0.18589201
v -0.06702989 1.59525582 -0.16167259
v -0.08191915 1.57917125 -0.14077235
v -0.09950820 1.57033000 -0.12229823
v -0.12628190 1.53634682 -0.13492945
v -0.10594950 1.58366112 -0.11086177
v -0.14349891 1.57093235 -0.12283015
v -0.17533214 1.54981555 -0.11346479
v -0.18849932 1.52705005 -0.11400661
v -0.19335794 1.51331285 -0.07531809
v -0.21621763 1.53118125 -0.05291400
v -0.21181685 1.55162107 -0.03176356
v -0.22604051 1.54559544 -0.00897407
v -0.19337227 1.59923718 -0.02711242
v -0.20394903 1.61123041 -0.01393672
v -0.18762446 1.63168181 0.00584005
v -0.20160923 1.64554594 0.01727770
v -0.21208962 1.62039227 0.03533270
v -0.23552269 1.61972466 0.04530876
v -0.24503534 1.59793153 0.05934554
v -0.26297699 1.58613781 0.09964538
v -0.28619515 1.59302289 0.11522974
v -0.27278178 1.59313130 0.15396990
v -0.30320408 1.60726701 0.16515730
v -0.28612412 1.61998237 0.16792665
v -0.27029743 1.62312433 0.17587014
v -0.23856547 1.63602800 0.17969695
v -0.21107679 1.64153397 0.17662488
v -0.17901531 1.66774498 0.19002274
v -0.18826539 1.67302008 0.17917496
v -0.16894458 1.71107111 0.18465529
v -0.16270989 1.74175354 0.17931005
v -0.12139452 1.76205024 0.16957942
v -0.08352222 1.77660612 0.15316691
v -0.10472489 1.77810894 0.12955652
v -0.07705955 1.79023689 0.10976243
v -0.06730278 1.79254003 0.09743926
v -0.03520168 1.79400642 0.10591222
v -0.02100917 1.80637982 0.10125839
v 0.00857455 1.79620598 0.09570674
v 0.01767697 1.76285762 0.11924200
v 0.03249489 1.76672680 0.12367080
v 0.06929311 1.75163462 0.14085557
v 0.10748016 1.72149511 0.14037959
v 0.11698647 1.70694225 0.11966062
v 0.13996375 1.71922785 0.11187692
v 0.15822398 1.75282297 0.07751516
v 0.15657432 1.78095096 0.05344035
v 0.12704932 1.77937778 0.02202082
v 0.11051453 1.77893150 0.00393338
v 0.09039901 1.79417828 0.00789850
v 0.06563132 1.79086686 -0.00836774
v 0.01927577 1.79575041 -0.02637172
v 0.00690006 1.76930934 -0.04099655
v 0.00940921 1.75976768 -0.08035078
v -0.01571681 1.73151963 -0.12862945
v 0.01358189 1.72895531 -0.16031965
v 0.03593269 1.74241287 -0.16223671
v 0.04280916 1.72414438 -0.18889849
v 0.06331231 1.72334071 -0.19911585
v 0.09791626 1.74960940 -0.19471766
v 0.12830693 1.74679773 -0.24097060
v 0.15167229 1.74773222 -0.23537494
v 0.17624277 1.74783816 -0.24016511
v 0.21456452 1.74274473 -0.23881177
v 0.19826851 1.73811963 -0.20819361
v 0.22815533 1.70927049 -0.24305581
v 0.22906221 1.67580605 -0.26987006
v 0.21338131 1.64726821 -0.27203438
v 0.21119769 1.63307186 -0.27913546
v 0.16350256 1.63072426 -0.25987301
v 0.13215255 1.63358398 -0.24656646
v 0.10996830 1.64505267 -0.23755758
v 0.09425152 1.65694545 -0.23255003
v 0.05821623 1.66382981 -0.22068664
v 0.04247848 1.68526101 -0.19647284
v 0.02770721 1.67787003 -0.20284209
v 0.01476881 1.67449919 -0.19148997
v -0.01309570 1.67455132 -0.18128549
v -0.02951614 1.66137586 -0.18859715
v -0.04482269 1.62619078 -0.19275964
v -0.05510928 1.64726281 -0.15905244
v -0.07353163 1.61988151 -0.11772029
v -0.09950573 1.61963285 -0.09768170
v -0.12703687 1.61818392 -0.10135932
v -0.15724467 1.59476591 -0.09087182
v -0.17267467 1.58085969 -0.06496024
v -0.18550043 1.54022050 -0.07212404
v -0.20184871 1.57030195 -0.05076958
v -0.18339831 1.61916116 -0.04862482
v -0.17418562 1.63554507 -0.02776919
v -0.19110135 1.63718187 -0.01785884
v -0.17317940 1.66552680 -0.01665855
v -0.17687820 1.66751946 0.00674524
v -0.19436444 1.68375207 0.01137015
v -0.21828109 1.65046942 0.02847140
v -0.22796794 1.64836891 0.04719918
v -0.25110140 1.62286637 0.06135469
v -0.27658961 1.59940257 0.08942514
v -0.30268365 1.61762142 0.09999747
v -0.29796052 1.59809427 0.12845060
v -0.31235048 1.60090618 0.13793195
v -0.32319607 1.62101839 0.18533129
v -0.30364026 1.63055690 0.19397998
v -0.27711670 1.64430075 0.19936569
v -0.26297573 1.65974065 0.20079157
v -0.21160563 1.67989341 0.18718336
v -0.18881384 1.71729972 0.18560434
v -0.21486765 1.73173430 0.17078920
v -0.20825611 1.75008085 0.15620045
v -0.16761668 1.76887185 0.14885760
v -0.12403614 1.77088940 0.14993513
v -0.13832613 1.77676886 0.11444121
v -0.11615263 1.77585731 0.09746253
v -0.09783749 1.78343901 0.07657773
v -0.09679479 1.78095998 0.04894332
v -0.05076171 1.80109882 0.04555728
v -0.04481901 1.80061533 0.08276528
v -0.02900502 1.81444389 0.06026218
v 0.00774997 1.80522484 0.07161443
v 0.02904684 1.79795817 0.11006611
v 0.04670338 1.77750702 0.13519118
v 0.07504063 1.75887233 0.15007605
v 0.11240555 1.70362903 0.16387823
v 0.12426293 1.71138743 0.12952955
v 0.16272837 1.71212312 0.11673845
v 0.18789442 1.75165718 0.09431290
v 0.18472311 1.79369184 0.07109828
v 0.14793375 1.80438823 0.04638334
v 0.10361371 1.81725769 0.03213257
v 0.07736338 1.81782087 0.02689965
v 0.05176761 1.80547474 0.01637329
v 0.03705991 1.79106236 -0.00377287
v -0.02080308 1.80665483 0.01399102
v -0.03257978 1.77469811 -0.01053170
v -0.02086997 1.76386805 -0.04777171
v -0.06139814 1.76886998 -0.01236706
v -0.04305766 1.73441839 -0.06131701
v -0.02237723 1.72857453 -0.09633142
v -0.04704863 1.68473210 -0.13726557
v -0.02927955 1.68802223 -0.17220901
v -0.01117292 1.70803214 -0.16243704
v 0.01430198 1.69854514 -0.18142846
v 0.03005329 1.72572845 -0.17034136
v 0.04119976 1.70704674 -0.18775213
v 0.04818864 1.69195056 -0.21008280
v 0.06488690 1.69062036 -0.21684344
v 0.06939937 1.70791617 -0.21726587
v 0.08756181 1.70678852 -0.23543785
v 0.12100152 1.72542013 -0.25351592
v 0.15142547 1.73461141 -0.29947014
v 0.16536002 1.74246778 -0.28612027
v 0.19019358 1.74231451 -0.26941685
v 0.21306023 1.73866158 -0.27052888
v 0.23130725 1.72643719 -0.27988425
v 0.24148193 1.71343934 -0.27247687
v 0.24132047 1.69004523 -0.28853494
v 0.24613761 1.67666349 -0.31411913
v 0.23565601 1.65817187 -0.30186885
v 0.22741492 1.64823115 -0.29875972
v 0.21626904 1.63045701 -0.29752142
v 0.19286891 1.61912149 -0.30669155
v 0.15952306 1.62274328 -0.28192774
v 0.13834874 1.62874823 -0.27415042
v 0.11931678 1.63993163 -0.26257002
v 0.09465108 1.65740801 -0.25133961
v 0.07987362 1.67336748 -0.22599073
v -0.06174448 1.66257264 -0.10041407
v -0.08447954 1.65891574 -0.08543394
v -0.11522267 1.65530067 -0.08605674
v -0.14235739 1.63406676 -0.07618071
v -0.16023918 1.62471478 -0.05536150
v -0.16248905 1.65910950 -0.04180976
v -0.16026887 1.66513065 -0.02565604
v -0.15221575 1.69047258 -0.01702720
v -0.16072130 1.70845130 0.00683015
v -0.16751755 1.72501888 0.01672204
v -0.17453467 1.72487285 0.03360821
v -0.20570084 1.67534627 0.03526308
v -0.24399498 1.66109246 0.04446957
v -0.28789290 1.62803923 0.07318926
v -0.30387786 1.64418168 0.06497666
v -0.32038748 1.62446466 0.09522192
v -0.32940249 1.60872855 0.11600503
v -0.33328014 1.62607463 0.15834986
v -0.32417123 1.64454538 0.20186705
v -0.29665533 1.66396218 0.20113229
v -0.27383093 1.68728172 0.18991435
v -0.24097060 1.68207669 0.19559616
v -0.22676509 1.70471446 0.18882178
v -0.26481121 1.72073202 0.16861098
v -0.26089575 1.73993972 0.14746811
v -0.22661399 1.75580194 0.13545142
v -0.17891095 1.77234806 0.12399421
v -0.18134341 1.76156766 0.07545751
v -0.13947624 1.76933575 0.07227466
v -0.11872065 1.75901747 0.02266300
v -0.08188107 1.77801308 0.01695403
v 0.01358228 1.80086976 0.03475778
v 0.02621272 1.81390736 0.05811712
v 0.04290651 1.82601795 0.06158046
v 0.04646447 1.80867514 0.12377812
v 0.05696545 1.78798197 0.14783454
v 0.08466479 1.74362274 0.17832893
v 0.12462469 1.73644380 0.19159442
v 0.14836402 1.71174909 0.17044557
v 0.13644117 1.69183300 0.16135739
v 0.15166304 1.69122285 0.14535019
v 0.17004401 1.71553099 0.13312945
v 0.19027867 1.74123174 0.14105863
v 0.21185175 1.77716574 0.14672849
v 0.20708818 1.80041969 0.09841805
v 0.19381798 1.81157525 0.07209784
v 0.19584348 1.81741643 0.05191759
v 0.18067232 1.82549460 0.06029206
v 0.16028369 1.85464940 0.04996481
v 0.11896599 1.83830628 0.04485015
v 0.10570810 1.84422722 0.01853817
v 0.08538320 1.83387941 0.01964013
v 0.06878955 1.84758445 0.03999639
v 0.07182964 1.83909241 0.05174092
v 0.05340914 1.84154650 0.07606125
v 0.05087603 1.85921849 0.09873883
v 0.05144736 1.87147892 0.13170475
v 0.05273356 1.83658044 0.14645268
v 0.06029400 1.80222978 0.16214154
v 0.08270814 1.76265433 0.18961105
v 0.12567833 1.76916874 0.21460363
v 0.15132779 1.75407295 0.19738305
v 0.16859815 1.74113423 0.18808165
v 0.16335858 1.72743461 0.18170928
v 0.18359904 1.75326025 0.17336437
v 0.19130669 1.79258489 0.19087768
v 0.20936304 1.79590481 0.17408318
v 0.22173199 1.81147329 0.13873912
v 0.20395688 1.83548647 0.09194251
v 0.18999412 1.83199654 0.06683711
v 0.20027269 1.84608298 0.06943466
v 0.20092037 1.85543938 0.05477857
v 0.18642359 1.85362338 0.06188220
v 0.20514262 1.86479556 0.08584582
v 0.18299611 1.89051835 0.06711496
v 0.13862626 1.88493069 0.05606579
v 0.11979458 1.86024862 0.04866300
v 0.11068521 1.86495188 0.03211700
v 0.07891478 1.86663998 0.03624399
v 0.07723086 1.88978584 0.07658352
v 0.06093777 1.90054794 0.10167554
v 0.07018745 1.92414042 0.12421128
v 0.07587836 1.91200603 0.18061917
v 0.05589723 1.87033001 0.14971289
v 0.04168660 1.83935350 0.15668943
v 0.04774955 1.81796623 0.16677477
v 0.07519706 1.81922306 0.18064703
v 0.11331658 1.80357184 0.21539336
v 0.14547364 1.79626760 0.21998050
v 0.16881517 1.79106625 0.21110230
v 0.17551096 1.76050064 0.21510433
v 0.17677503 1.73738781 0.21276536
v 0.18831968 1.74259416 0.20052101
v 0.18882031 1.76688022 0.20736045
v 0.18793919 1.78738702 0.21382442
v 0.21626528 1.80092269 0.20557865
v 0.22607260 1.80693305 0.17354838
v 0.23796698 1.86276346 0.14217563
v 0.21148771 1.86064503 0.07018007
v 0.22802675 1.90232577 0.11180555
v 0.20140371 1.93552750 0.10067158
v 0.16516596 1.92609202 0.08092041
v 0.15290027 1.89823603 0.06149023
v 0.13968330 1.90617819 0.04861414
v 0.12184036 1.89592847 0.03893689
v 0.12877828 1.88713073 0.03367508
v 0.10743638 1.88980772 0.02106446
v 0.09780203 1.87450999 0.03016247
v 0.07532917 1.88690974 0.03964902
v 0.08798776 1.91610672 0.05370949
v 0.08238797 1.91738543 0.08779525
v 0.09632968 1.93931505 0.11220271
v 0.09813742 1.94530054 0.15625306
v 0.10039591 1.93136255 0.19983737
v 0.10703404 1.88570887 0.22633912
v 0.06842843 1.86648882 0.17738824
v 0.04821578 1.86888726 0.16273493
v 0.05250743 1.84966059 0.16169283
v 0.08471151 1.84601199 0.18936045
v 0.12644824 1.83294352 0.23153790
v 0.14691401 1.80491810 0.23633311
v 0.18091204 1.80018749 0.23347053
v 0.18340742 1.83331230 0.24187281
v 0.20707881 1.83501120 0.22988979
v 0.23210860 1.84195688 0.20239425
v 0.23810933 1.88167196 0.16301926
v 0.22694269 1.93053081 0.13026309
v 0.18184726 1.95487131 0.10952324
v 0.16689941 1.96293868 0.09464836
v 0.16028312 1.94327962 0.07141600
v 0.14795951 1.93420341 0.06671592
v 0.12352629 1.92771654 0.06633820
v 0.11770783 1.91135587 0.04750094
v 0.10653485 1.91873905 0.03571528
v 0.09666279 1.90042614 0.03123643
v 0.10553412 1.93954725 0.05129472
v 0.10154142 1.93008981 0.07375867
v 0.11002605 1.94763510 0.08439824
v 0.11522247 1.96094519 0.11503095
v 0.11950764 1.95931812 0.15435347
v 0.11960157 1.95148113 0.18581715
v 0.15427194 1.92627671 0.21981825
v 0.13453311 1.90504065 0.22843648
v 0.16837922 1.88034381 0.24545460
v 0.15499289 1.85121219 0.24391498
v 0.19568437 1.86208190 0.24143738
v 0.21312908 1.85485857 0.22948020
v 0.22723436 1.87220662 0.21540386
v 0.22733463 1.91419351 0.16846210
v 0.20858088 1.95605443 0.15028967
v 0.19088780 1.98408678 0.13739016
v 0.16465614 1.98052172 0.10612683
v 0.12672230 1.96990132 0.09164316
v 0.13991809 1.95852947 0.07873279
v 0.12105103 1.96087898 0.07475793
v 0.10857672 1.95440681 0.06847146
v 0.11642989 1.98165637 0.11561673
v 0.11594784 1.97128212 0.13712379
v 0.13270519 1.97496162 0.15204238
v 0.15152103 1.95497420 0.18746758
v 0.17635673 1.94821627 0.20453738
v 0.19131580 1.93624068 0.22752682
v 0.17783876 1.90997333 0.23150426
v 0.19118215 1.88762177 0.23895060
v 0.19882179 1.87518404 0.25328656
v 0.20890487 1.85405287 0.26473134
v 0.23516677 1.84739038 0.24401026
v 0.23920813 1.86469518 0.24496315
v 0.22567275 1.88101825 0.21823251
v 0.22379875 1.91156685 0.19921677
v 0.21557321 1.93687667 0.19829046
v 0.18992326 1.97693746 0.16312832
v 0.19168110 1.99007353 0.15830169
v 0.16610548 1.99504295 0.13455209
v 0.13743427 1.98690579 0.12216162
v 0.16541364 1.97254978 0.17504860
v 0.19284222 1.96297765 0.21509279
v 0.21366151 1.94168565 0.23432158
v 0.20187365 1.91186104 0.24460392
v 0.19100918 1.90154612 0.24486386
v 0.20734055 1.90072835 0.25903197
v 0.22420256 1.86496040 0.26603107
v 0.23401308 1.89146991 0.25605003
v 0.23563259 1.88746063 0.22181025
v 0.23487146 1.90637864 0.23393854
v 0.21876637 1.92040918 0.21615494
v 0.23043206 1.93026806 0.20670641
v 0.20837280 1.96457500 0.19947586
v 0.20446072 1.97671577 0.19879925
v 0.18184435 1.98916498 0.17326800
v 0.22806887 1.93115233 0.23917950
v -0.08669697 1.75247106 -0.02187108
v -0.06799670 1.73384222 -0.04315439
v -0.05196404 1.70134248 -0.08028096
v -0.07773351 1.69458873 -0.06757605
v -0.11205256 1.68313739 -0.07125726
v -0.14233148 1.67250110 -0.04603290
v -0.14490988 1.69501042 -0.03357852
v -0.12994488 1.72374921 -0.01325150
v -0.13953086 1.73964150 0.00956523
v -0.14527242 1.75830205 0.04596827
v -0.17037105 1.75090632 0.05545787
v -0.21320744 1.71810871 0.04800430
v -0.19915019 1.69650754 0.03564259
v -0.24985874 1.69055620 0.04499886
v -0.27916463 1.66512850 0.04934988
v -0.32915739 1.67460669 0.06634847
v -0.34449604 1.65120924 0.07707936
v -0.33883142 1.62688610 0.09717323
v -0.34217889 1.62823964 0.13187877
v -0.34483103 1.64118937 0.16402765
v -0.33297448 1.65851451 0.17963421
v -0.33068005 1.68081502 0.19395043
v -0.30399857 1.69954415 0.18607231
v -0.30817773 1.72209236 0.15910945
v -0.32213891 1.72720153 0.13567767
v -0.32332156 1.73560999 0.12124342
v -0.29088993 1.74335978 0.11332906
v -0.26459677 1.74424388 0.12680119
v -0.24867295 1.75001066 0.10183012
v -0.20968376 1.75922507 0.10106896
v -0.24023171 1.74480237 0.08240152
v -0.22202229 1.73260716 0.06201167
v -0.11948624 1.72049396 -0.02810021
v -0.10025555 1.72071784 -0.04965605
v -0.28197467 1.69975879 0.05530180
v -0.33793944 1.70518728 0.08206033
v -0.35615550 1.67507403 0.07446243
v -0.39826661 1.64986131 0.09545626
v -0.38990741 1.63494509 0.10571775
v -0.35416399 1.63375161 0.10420429
v -0.35328817 1.63585181 0.13456996
v -0.36340997 1.64354281 0.16281353
v -0.37426395 1.65491169 0.17357497
v -0.36025343 1.68010666 0.18270248
v -0.34583017 1.69972723 0.17933701
v -0.33272148 1.70543143 0.17775511
v -0.34902077 1.71634921 0.16079747
v -0.35087025 1.72517678 0.13555523
v -0.33491798 1.72029821 0.10092451
v -0.29721402 1.73082638 0.09998709
v -0.28252892 1.71904384 0.07339742
v -0.36377818 1.70556782 0.09149448
v -0.39662923 1.67614604 0.09455445
v -0.43537581 1.66818197 0.10632837
v -0.42798802 1.63224596 0.12580508
v -0.41732551 1.61932071 0.14352896
v -0.37657209 1.62916036 0.12807994
v -0.39867004 1.62078826 0.15811151
v -0.38849964 1.63154166 0.16898633
v -0.37251918 1.67858442 0.18954306
v -0.36980855 1.70226070 0.18495670
v -0.37402405 1.71651450 0.16425695
v -0.36203527 1.71883900 0.12934050
v -0.40486520 1.70387827 0.11746552
v -0.43777607 1.69315505 0.13043513
v -0.45915009 1.67291551 0.15348949
v -0.44828295 1.64576185 0.14111276
v -0.44977453 1.62389159 0.16338629
v -0.44297293 1.60908751 0.18414694
v -0.43197205 1.60475956 0.19570376
v -0.42096345 1.61170326 0.21317805
v -0.40122569 1.64299117 0.22338183
v -0.39135943 1.67156072 0.22294205
v -0.38280537 1.68588736 0.20742668
v -0.41323584 1.68664653 0.24593789
v -0.39603411 1.71313253 0.19351990
v -0.40561312 1.71704953 0.16255790
v -0.46477275 1.68881194 0.17431494
v -0.48159584 1.63223691 0.19377661
v -0.48153823 1.61344043 0.23664506
v -0.47511086 1.60227735 0.27597968
v -0.45245061 1.60900385 0.27981218
v -0.43376265 1.62930169 0.27753531
v -0.42397410 1.65034011 0.27170832
v -0.45480537 1.66406034 0.30238571
v -0.47291298 1.67509512 0.30220937
v -0.42370826 1.70203922 0.23195223
v -0.42816858 1.70936318 0.19624716
v -0.47334677 1.69451575 0.22160525
v -0.50133456 1.65772836 0.23424869
v -0.50716934 1.62622299 0.25959519
v -0.52994857 1.61830097 0.33690589
v -0.50505457 1.59865034 0.34214973
v -0.46734445 1.60529238 0.33196431
v -0.44941647 1.63310780 0.31406880
v -0.46086626 1.64871398 0.33004405
v -0.48073407 1.65238973 0.35845591
v -0.50618307 1.66246695 0.35872480
v -0.50417489 1.67072943 0.30512305
v -0.46018710 1.69562986 0.25343755
v -0.49445131 1.68098848 0.25870880
v -0.52278413 1.64229949 0.29877451
v -0.53977855 1.63938926 0.36217343
v -0.52203789 1.59676071 0.38039052
v -0.49783819 1.59446666 0.37951969
v -0.48100782 1.60147219 0.37826668
v -0.46467351 1.62485240 0.35823815
v -0.47404140 1.62243767 0.40240853
v -0.48829666 1.64544916 0.40617506
v -0.52229641 1.65773294 0.38949980
v -0.52675034 1.65767795 0.35589801
v -0.54302200 1.65113620 0.39026593
v -0.56831167 1.63559643 0.41142250
v -0.56410403 1.61726789 0.40083318
v -0.53743541 1.59517071 0.41153866
v -0.50277520 1.57083557 0.41280953
v -0.48169242 1.58400639 0.40329554
v -0.47453274 1.56495435 0.44201601
v -0.47005319 1.59555435 0.45575956
v -0.47158116 1.62553977 0.45454481
v -0.50646020 1.65513345 0.43873266
v -0.54906086 1.65622370 0.43752349
v -0.56054348 1.64989963 0.41448874
v -0.56404530 1.65111140 0.46080976
v -0.56981383 1.62828133 0.44004736
v -0.56153444 1.62382263 0.45148328
v -0.52255360 1.60739603 0.45126851
v -0.52298472 1.57826999 0.43563929
v -0.48713363 1.56217830 0.43985294
v -0.48913766 1.56447311 0.47432006
v -0.47065516 1.57970632 0.45986628
v -0.49206792 1.59123163 0.47965091
v -0.47566874 1.61436522 0.48964294
v -0.47729911 1.62927645 0.49376550
v -0.51248024 1.64801306 0.48390553
v -0.54295948 1.63429289 0.48814465
v -0.57081334 1.61718986 0.49381555
v -0.57440557 1.63260674 0.46926225
v -0.57216220 1.60839235 0.47324117
v -0.53034800 1.58132083 0.47790746
v -0.50886621 1.58373139 0.47078974
v -0.50801876 1.56790565 0.46359142
v -0.50680974 1.55904926 0.47047006
v -0.50711077 1.56111898 0.48915586
v -0.50032871 1.57564519 0.49597134
v -0.48405275 1.59574723 0.51274055
v -0.49748196 1.59364227 0.52340480
v -0.51470979 1.61189483 0.51111524
v -0.55120660 1.61051621 0.50396695
v -0.53402605 1.58577951 0.50406408
v -0.53790664 1.56264364 0.49122451
v -0.52151546 1.59585396 0.51790054
v 0.07368666 1.68455205 -0.23087448
v 0.08757693 1.69132473 -0.24843769
v 0.10557698 1.68370833 -0.27628657
v 0.12561607 1.69359903 -0.29743006
v 0.11058658 1.71284128 -0.25647296
v 0.16413511 1.71163276 -0.33124245
v 0.19797125 1.73639396 -0.30151542
v 0.21912939 1.72552016 -0.31888028
v 0.24283421 1.70636830 -0.31468682
v 0.24535930 1.68679636 -0.34191662
v 0.23548631 1.65840425 -0.33259669
v 0.21407979 1.63691083 -0.30487083
v 0.20030013 1.62325698 -0.29732312
v 0.18675445 1.61654866 -0.32200425
v 0.16868791 1.62110603 -0.32057449
v 0.15214488 1.63136549 -0.31176708
v 0.13104278 1.64117909 -0.29369708
v 0.12229760 1.66022904 -0.29841608
v 0.10090064 1.67100737 -0.26817109
v 0.14394469 1.67001863 -0.33138726
v 0.14553193 1.68837356 -0.33047018
v 0.17477665 1.69778401 -0.36045220
v 0.19917159 1.71793938 -0.34156845
v 0.22462881 1.71865921 -0.34612029
v 0.24391774 1.70505370 -0.34431301
v 0.25664419 1.69016360 -0.35158277
v 0.23414397 1.65134897 -0.34614503
v 0.21635236 1.63270921 -0.34010939
v 0.19343683 1.62443072 -0.32539786
v 0.16293546 1.62496455 -0.33821295
v 0.15422258 1.63582423 -0.33288421
v 0.14272144 1.64929882 -0.32337163
v 0.15709881 1.66097997 -0.36141132
v 0.18852862 1.69030847 -0.38953641
v 0.21587252 1.71208374 -0.36739185
v 0.24884820 1.71449614 -0.37206063
v 0.27746893 1.71363461 -0.38385125
v 0.29787230 1.70712392 -0.38992493
v 0.28582841 1.67758445 -0.36914504
v 0.26204229 1.64262900 -0.36808312
v 0.21573351 1.62624051 -0.35653992
v 0.18362905 1.62625312 -0.35473062
v 0.17058115 1.63213007 -0.34788638
v 0.15723564 1.64252547 -0.34839701
v 0.16954617 1.64901732 -0.38595544
v 0.17817242 1.65060188 -0.41679472
v 0.22549198 1.68626511 -0.43543907
v 0.25122955 1.71091824 -0.41812010
v 0.30089218 1.71691265 -0.42955858
v 0.34559270 1.70624668 -0.43004577
v 0.32911797 1.68630581 -0.40096183
v 0.34149673 1.66510388 -0.41246513
v 0.30550034 1.62974559 -0.40920757
v 0.25098854 1.61329027 -0.38754560
v 0.21645629 1.61388569 -0.38212637
v 0.19619121 1.61936638 -0.39646702
v 0.17757502 1.62619770 -0.37874021
v 0.20894610 1.63891805 -0.42348415
v 0.20843926 1.66749412 -0.43287005
v 0.25026882 1.65046298 -0.45444342
v 0.27843440 1.66485686 -0.47321425
v 0.28444667 1.69881983 -0.46449464
v 0.32150952 1.71240006 -0.46470928
v 0.37909877 1.70983577 -0.47453189
v 0.39977703 1.70167881 -0.46178786
v 0.38893363 1.68112016 -0.44092346
v 0.36973491 1.64852185 -0.44799607
v 0.34655050 1.63223015 -0.44948391
v 0.27457681 1.60962298 -0.42220023
v 0.23479790 1.61612693 -0.41783468
v 0.24742374 1.63257479 -0.44349651
v 0.29999629 1.63283265 -0.46936129
v 0.34664794 1.65314925 -0.50020078
v 0.30704850 1.68069396 -0.48518605
v 0.33552825 1.69618937 -0.49248771
v 0.37829004 1.70599695 -0.49509334
v 0.42433136 1.70705888 -0.51259734
v 0.45960338 1.70094825 -0.48626256
v 0.46941050 1.68623403 -0.46619464
v 0.43690270 1.67207440 -0.45983709
v 0.42333559 1.64850098 -0.47274376
v 0.38838772 1.63627816 -0.47924630
v 0.31657436 1.62264370 -0.45310847
v 0.39190615 1.64173989 -0.49801650
v 0.43407680 1.67299619 -0.53244226
v 0.37038299 1.67358014 -0.51205124
v 0.40859546 1.69551903 -0.52313106
v 0.44707277 1.69942321 -0.54099988
v 0.45851221 1.71034549 -0.52143445
v 0.49852855 1.72750729 -0.51779331
v 0.51063473 1.71994947 -0.49198738
v 0.49613387 1.70019618 -0.46882927
v 0.51530844 1.67901589 -0.45337734
v 0.47579625 1.66242124 -0.46759102
v 0.45495118 1.64856406 -0.49525424
v 0.45124593 1.65905268 -0.52235827
v 0.47397260 1.67465500 -0.55832540
v 0.46541549 1.68875225 -0.56119826
v 0.47967811 1.71268670 -0.56227029
v 0.50224440 1.73169190 -0.56187206
v 0.52545922 1.73820405 -0.54174153
v 0.54373969 1.73335563 -0.50987306
v 0.53770328 1.71140966 -0.47434915
v 0.54610670 1.68300847 -0.46903308
v 0.52194452 1.65774716 -0.45890321
v 0.50889162 1.64506030 -0.47678021
v 0.48391811 1.65304993 -0.50909142
v 0.49292569 1.66615745 -0.53528847
v 0.51872646 1.70807284 -0.56880445
v 0.52578450 1.72638146 -0.57879582
v 0.52895658 1.73206180 -0.56309227
v 0.55831646 1.72813607 -0.54775900
v 0.56254308 1.72720156 -0.52530407
v 0.58400136 1.71535650 -0.50667427
v 0.55848832 1.71691886 -0.48204016
v 0.57268377 1.70769977 -0.48919324
v 0.56513164 1.68572244 -0.49839092
v 0.57018660 1.67336967 -0.48639525
v 0.56192502 1.65949071 -0.48053270
v 0.54728012 1.65027762 -0.48738121
v 0.51657468 1.65275722 -0.51546421
v 0.51412000 1.68457366 -0.53120486
v 0.54110565 1.70615820 -0.54269295
v 0.54213523 1.70431018 -0.57987615
v 0.55619137 1.71951236 -0.58147479
v 0.55117975 1.72611655 -0.56674979
v 0.57728255 1.71539112 -0.56326023
v 0.59693284 1.71106884 -0.54016804
v 0.60318760 1.70415177 -0.50750765
v 0.59551059 1.68421534 -0.51120969
v 0.59498962 1.66739389 -0.50181470
v 0.58557810 1.65810451 -0.51096718
v 0.56094082 1.66298670 -0.50766103
v 0.56096265 1.67887697 -0.51493396
v 0.54467709 1.68326828 -0.51958927
v 0.54225456 1.69749838 -0.51685256
v 0.53961009 1.68458925 -0.55157711
v 0.56150190 1.69378824 -0.57528376
v 0.57535890 1.69305549 -0.55591563
v 0.59908478 1.68632163 -0.53998398
v 0.60459875 1.67024851 -0.54052165
v 0.58162487 1.67194847 -0.53536203
v 0.56646234 1.68274629 -0.54760750
v -0.30823466 1.17002107 0.08099070
v -0.32662625 1.07812161 0.09368969
v -0.33513522 1.04612647 0.10413540
v -0.33702300 0.99966437 0.11110719
v -0.34989913 0.94276509 0.12521491
v -0.34455796 0.91065848 0.11775509
v -0.36127937 0.87573217 0.12652244
v -0.35922877 0.84987722 0.11618885
v -0.36236473 0.83203629 0.09958264
v -0.36937226 0.81240997 0.08448850
v -0.37437194 0.81172426 0.10816735
v -0.38602338 0.79453099 0.11192952
v -0.38595422 0.77624792 0.09078543
v -0.39172403 0.75360066 0.09150147
v -0.40318479 0.71993461 0.09984793
v -0.44731772 0.67740086 0.11876948
v -0.44127510 0.65646989 0.13041324
v -0.42116826 0.65100967 0.13394332
v -0.42018918 0.63635461 0.14500640
v -0.42862471 0.60250854 0.16100162
v -0.43932779 0.56879041 0.18534473
v -0.42925261 0.56203859 0.21071771
v -0.43709881 0.54637819 0.21931405
v -0.42821582 0.55349305 0.23003015
v -0.43998781 0.54727062 0.24202084
v -0.40482720 0.60712435 0.24122793
v -0.38771406 0.64135546 0.26113784
v -0.35627101 0.70343261 0.23602180
v -0.33011385 0.73377945 0.25384813
v -0.31709439 0.77555833 0.25860658
v -0.31557311 0.81643363 0.25828053
v -0.29856955 0.85392803 0.25137198
v -0.31666828 0.85138128 0.25017616
v -0.31407318 0.87957506 0.22709498
v -0.30872308 0.92055914 0.18698598
v -0.31455048 0.94956901 0.16280809
v -0.31253512 1.00706103 0.14049052
v -0.31973638 1.04913819 0.11625349
v -0.33516212 1.00173514 0.13249557
v -0.35147914 0.95411685 0.15033860
v -0.38434855 0.90688211 0.16562725
v -0.37678263 0.90845900 0.14477155
v -0.37742747 0.89105688 0.13985557
v -0.38207311 0.86161618 0.13500271
v -0.37372058 0.82770603 0.11853391
v -0.40843803 0.79309981 0.12409898
v -0.40367026 0.75888289 0.10781331
v -0.41634414 0.73561680 0.10720104
v -0.43047100 0.71085211 0.11195189
v -0.45309606 0.70493821 0.11702774
v -0.48081707 0.66694796 0.13930603
v -0.46674130 0.64623242 0.14710523
v -0.45359114 0.62985444 0.15468054
v -0.43629354 0.61534990 0.15614692
v -0.45268525 0.59356172 0.15430467
v -0.45882561 0.56471027 0.17480959
v -0.46454793 0.53626295 0.20002762
v -0.44914343 0.54036173 0.20355831
v -0.47954397 0.52238901 0.23192853
v -0.47614431 0.53494238 0.23762428
v -0.46467522 0.52745283 0.25892357
v -0.47338459 0.51650922 0.27766771
v -0.43042573 0.57933193 0.26020955
v -0.43456078 0.58413983 0.27368474
v -0.40301643 0.63430642 0.27848081
v -0.37399384 0.66718273 0.27589442
v -0.35295877 0.68634247 0.26468822
v -0.34000377 0.72776560 0.26477441
v -0.33904618 0.75053621 0.25804287
v -0.32893527 0.79728881 0.25100186
v -0.33122608 0.79827350 0.23543139
v -0.32592629 0.82665214 0.22796591
v -0.31951546 0.87772429 0.21006465
v -0.33894623 0.88188476 0.20550001
v -0.34127379 0.95155401 0.16150966
v -0.36591908 0.91477761 0.18212057
v -0.38120038 0.89233147 0.20206615
v -0.40685107 0.88110717 0.17388352
v -0.39605696 0.87440825 0.15080799
v -0.41741845 0.85484003 0.16292450
v -0.40510114 0.82827418 0.13800028
v -0.43457688 0.78837332 0.13633008
v -0.42914246 0.77256606 0.12486058
v -0.44252934 0.74722964 0.12127848
v -0.46551840 0.72030190 0.12577228
v -0.47205126 0.69499023 0.12910422
v -0.49567833 0.68190554 0.13681929
v -0.49859571 0.65385416 0.13479517
v -0.48302948 0.63090491 0.13949060
v -0.47434046 0.60783978 0.14582014
v -0.50029854 0.58086309 0.14517966
v -0.48716272 0.56980756 0.15939365
v -0.50263623 0.55456261 0.18137257
v -0.49287143 0.54943655 0.19200859
v -0.49134583 0.53708123 0.20319215
v -0.49178724 0.51253630 0.21608010
v -0.47830147 0.51149158 0.21754791
v -0.49113823 0.49641370 0.22045485
v -0.50664644 0.49862101 0.22096772
v -0.50723377 0.51851910 0.22483684
v -0.50731887 0.53018259 0.23906211
v -0.51775457 0.50418679 0.27578105
v -0.50373680 0.49916000 0.30048492
v -0.46812732 0.53026635 0.28920230
v -0.44811163 0.57606883 0.28996032
v -0.44974568 0.59108610 0.29637257
v -0.43800126 0.61797015 0.30030363
v -0.40851891 0.64560963 0.28839521
v -0.40270519 0.67174308 0.29554957
v -0.37138471 0.68241607 0.26558675
v -0.37108979 0.70113602 0.25589301
v -0.35070417 0.74789105 0.23683333
v -0.34753031 0.81240237 0.22519353
v -0.37606973 0.84414940 0.22863600
v -0.35766726 0.88162102 0.21013124
v -0.39866224 0.86053104 0.22009115
v -0.41429323 0.86036013 0.20818761
v -0.42640000 0.84349305 0.18420991
v -0.42777975 0.83164360 0.16045387
v -0.43206574 0.80631959 0.14709739
v -0.45898547 0.77028994 0.15211251
v -0.45965304 0.75190555 0.13578240
v -0.49604639 0.70756801 0.13947362
v -0.51561844 0.68328674 0.13687193
v -0.53843953 0.64792963 0.14842335
v -0.52182799 0.63345324 0.14511279
v -0.49460472 0.60603653 0.14453031
v -0.52771962 0.56723207 0.14169744
v -0.51307071 0.56421705 0.15508162
v -0.52301198 0.54930950 0.16620034
v -0.51367841 0.52933321 0.17601705
v -0.50358806 0.51701232 0.19992135
v -0.48638759 0.48970781 0.19859301
v -0.50488843 0.48485268 0.20576662
v -0.50329567 0.47894788 0.22471363
v -0.50874760 0.50178118 0.23657166
v -0.51443498 0.51036290 0.25501385
v -0.48597153 0.47091357 0.26153350
v -0.49771652 0.47773141 0.27509425
v -0.51779963 0.47885711 0.29494793
v -0.51665993 0.49123385 0.31090477
v -0.49066594 0.51697289 0.30608554
v -0.48696237 0.55677112 0.30378375
v -0.46694791 0.59592124 0.30287841
v -0.44002950 0.63380918 0.30783202
v -0.43382276 0.66058138 0.30729743
v -0.40242880 0.69701860 0.28535642
v -0.36870010 0.76284499 0.23818705
v -0.40324725 0.78177089 0.25275248
v -0.39939676 0.81992837 0.23944910
v -0.42552846 0.83338130 0.22267740
v -0.43168789 0.82820151 0.20570518
v -0.44431868 0.81407633 0.19093391
v -0.44745822 0.79984917 0.16737790
v -0.46673512 0.77292350 0.17353621
v -0.49943234 0.72294634 0.15231142
v -0.51103333 0.70628647 0.14791310
v -0.54919366 0.65854809 0.15668197
v -0.55095652 0.62159750 0.15662396
v -0.53737271 0.60362603 0.14228906
v -0.53376356 0.58689426 0.13906442
v -0.53721773 0.54226788 0.14135046
v -0.51599520 0.52813465 0.14655468
v -0.49291615 0.49289930 0.15135352
v -0.48440775 0.49143776 0.18077940
v -0.48845860 0.47342820 0.16665533
v -0.50170808 0.47927806 0.18593638
v -0.48673770 0.45269625 0.19765125
v -0.48617073 0.44684004 0.22879918
v -0.48764722 0.45923756 0.24516917
v -0.48293246 0.43696322 0.26643452
v -0.49454342 0.44074017 0.27059606
v -0.50242013 0.45607240 0.26302677
v -0.52171417 0.46658271 0.29544655
v -0.52555589 0.48908489 0.31506000
v -0.50558601 0.50641396 0.30858868
v -0.50279704 0.55321466 0.30254490
v -0.47350038 0.61960389 0.30455461
v -0.44475501 0.66572128 0.30248723
v -0.41046377 0.72333565 0.27815072
v -0.43321195 0.71565820 0.28086397
v -0.45009965 0.72527120 0.26199683
v -0.43078299 0.78105780 0.24331720
v -0.44195758 0.80311371 0.22874014
v -0.46713492 0.77990193 0.19543620
v -0.49001717 0.74898831 0.19298039
v -0.51152911 0.71596552 0.17525027
v -0.54952897 0.67522622 0.18266943
v -0.55419946 0.62883637 0.17639596
v -0.55056211 0.59905478 0.16554701
v -0.55248353 0.57838084 0.14857893
v -0.56042807 0.54955489 0.15279599
v -0.53823332 0.52840490 0.15676697
v -0.53092172 0.52172786 0.15040806
v -0.50534900 0.51038999 0.14821347
v -0.51175618 0.50095766 0.16050920
v -0.51197078 0.47306465 0.15064596
v -0.49144332 0.46519877 0.16314882
v -0.49170896 0.44573893 0.18569263
v -0.48848172 0.43066932 0.21209680
v -0.50194847 0.40449172 0.26283813
v -0.49750448 0.42764367 0.28991873
v -0.51397543 0.45604372 0.27277309
v -0.52951418 0.46082680 0.27790290
v -0.54803655 0.47272854 0.28046972
v -0.54012837 0.47651258 0.29889410
v -0.56577503 0.48510950 0.29061548
v -0.55875811 0.50019388 0.29992326
v -0.53016910 0.51412218 0.29682966
v -0.52821823 0.54272023 0.29638603
v -0.49819844 0.60867998 0.29930138
v -0.46605500 0.66759389 0.28796814
v -0.49941452 0.67428549 0.27671152
v -0.46748726 0.72919033 0.25466476
v -0.46964746 0.75591769 0.23379987
v -0.48498584 0.74937649 0.21891496
v -0.51950166 0.72098555 0.19967802
v -0.56145310 0.68350236 0.20626357
v -0.57031326 0.63213722 0.19764045
v -0.57111735 0.60940112 0.18580909
v -0.56718670 0.58948307 0.16841078
v -0.58526139 0.56670128 0.17518114
v -0.55878002 0.54505346 0.18184288
v -0.56457894 0.53091349 0.17984497
v -0.54440681 0.51234474 0.17714409
v -0.53530122 0.51196856 0.14708480
v -0.51929278 0.49092852 0.14781030
v -0.52988866 0.49339428 0.15624056
v -0.52704981 0.47124772 0.16053326
v -0.52065096 0.46518886 0.17784020
v -0.51663580 0.45225773 0.19605645
v -0.49994699 0.42411656 0.21534824
v -0.51438019 0.40280909 0.21168118
v -0.51910144 0.39143871 0.25131475
v -0.51094812 0.39388151 0.29347347
v -0.51211274 0.39894918 0.31551327
v -0.51627190 0.42577169 0.31498679
v -0.52203527 0.45419522 0.27724752
v -0.54310302 0.45017352 0.30426861
v -0.56619480 0.46699444 0.29673023
v -0.57688370 0.49043429 0.28843981
v -0.57830967 0.51076422 0.28045732
v -0.57801267 0.52237112 0.28392932
v -0.54949853 0.51676138 0.29292555
v -0.57064338 0.53950741 0.29296220
v -0.53369930 0.58689754 0.29466401
v -0.52302092 0.63899812 0.28197353
v -0.53337535 0.66320806 0.26888391
v -0.50819545 0.71861215 0.24184456
v -0.54029658 0.70500609 0.22810138
v -0.58481915 0.65584332 0.24305689
v -0.57956750 0.65220768 0.22231706
v -0.59824281 0.62133722 0.23024558
v -0.59059854 0.60423831 0.19981663
v -0.59887074 0.56002539 0.19155617
v -0.59044918 0.53522494 0.19703130
v -0.55435444 0.51118785 0.20342163
v -0.56130187 0.48751032 0.19689206
v -0.57336043 0.49433289 0.17409490
v -0.55995644 0.50837669 0.16354667
v -0.54974474 0.48097187 0.14895269
v -0.53688193 0.47510832 0.14938771
v -0.52639455 0.44251146 0.15273660
v -0.52012155 0.42185919 0.18284032
v -0.53394108 0.42198911 0.16840144
v -0.52818896 0.40027850 0.20450276
v -0.53342077 0.37707809 0.21863696
v -0.52021925 0.36874405 0.26843691
v -0.51361093 0.35142891 0.31433816
v -0.50880884 0.37591757 0.32410710
v -0.52343002 0.38817127 0.34301844
v -0.53126515 0.40911961 0.32583393
v -0.54906092 0.40999144 0.32373334
v -0.55876540 0.44194455 0.30283259
v -0.57528568 0.44717852 0.27534443
v -0.58759538 0.49227193 0.26659995
v -0.59654944 0.52531595 0.26668133
v -0.59812727 0.54705005 0.27964592
v -0.59411255 0.58284149 0.29192293
v -0.56873643 0.59583459 0.29373133
v -0.57617927 0.64282422 0.27408265
v -0.55487110 0.68229537 0.25226820
v -0.59458506 0.62798065 0.26719666
v -0.59842277 0.59116472 0.22678319
v -0.61047160 0.55944564 0.24528174
v -0.60333893 0.53554125 0.22245921
v -0.58863866 0.51524958 0.21809489
v -0.56977624 0.47799327 0.21637202
v -0.58671509 0.47104987 0.18393749
v -0.58661481 0.48232289 0.15867701
v -0.56508644 0.49093464 0.15278617
v -0.57373192 0.47089303 0.15487835
v -0.56716519 0.46242094 0.14097188
v -0.54957315 0.45563168 0.13941260
v -0.54057308 0.44840459 0.14872259
v -0.54784103 0.43093613 0.14324780
v -0.55338414 0.41039966 0.14360282
v -0.54162655 0.39845119 0.17486705
v -0.54837133 0.38508596 0.18114530
v -0.55135491 0.36628372 0.22731867
v -0.52633025 0.35275147 0.28221706
v -0.52038598 0.32130643 0.32057522
v -0.51475735 0.33013880 0.34511101
v -0.50535962 0.34436947 0.36853537
v -0.50783285 0.36081953 0.35422794
v -0.52704377 0.37285952 0.38178096
v -0.54690170 0.37857788 0.38385833
v -0.55791408 0.40127765 0.33975707
v -0.58949458 0.40088157 0.32929179
v -0.57632240 0.41637801 0.30041349
v -0.59332459 0.42928852 0.25514804
v -0.59403643 0.48948724 0.24665807
v -0.60307495 0.55225198 0.26097379
v -0.60535125 0.58165997 0.25605428
v -0.60405673 0.59164646 0.28063409
v -0.59305516 0.49163336 0.23101610
v -0.59395436 0.45998803 0.22780074
v -0.59036054 0.45708557 0.20212164
v -0.58727135 0.44778937 0.19859914
v -0.58312301 0.45958197 0.18073575
v -0.58805134 0.45451520 0.15888326
v -0.59305564 0.43782157 0.14124116
v -0.57075856 0.44285024 0.13160058
v -0.56547297 0.41300682 0.13241694
v -0.57298779 0.39045959 0.13393756
v -0.55667081 0.38958252 0.15676515
v -0.56077853 0.37132683 0.17994939
v -0.56080839 0.35901743 0.21447462
v -0.55523648 0.34766046 0.24658260
v -0.53010775 0.32767787 0.29179580
v -0.52338100 0.31497534 0.34783364
v -0.51120864 0.32404860 0.38496363
v -0.50862339 0.34617048 0.39899849
v -0.52352614 0.36156710 0.40268223
v -0.54881702 0.34932894 0.42044974
v -0.57386674 0.37273896 0.38902780
v -0.58586110 0.39004075 0.36194933
v -0.61590076 0.37416539 0.32346965
v -0.60231600 0.40354608 0.28595314
v -0.59334643 0.41861112 0.25062669
v -0.59880070 0.44136021 0.22792517
v -0.59164900 0.43262583 0.22160819
v -0.59943316 0.43294674 0.19984041
v -0.60315744 0.44174560 0.16108615
v -0.60877207 0.42008589 0.14038137
v -0.57835913 0.42132033 0.13049401
v -0.58612966 0.40256610 0.12708610
v -0.58750875 0.40181248 0.16806550
v -0.57421732 0.38621130 0.16797412
v -0.56184893 0.37316225 0.16472351
v -0.56644916 0.36853195 0.19781290
v -0.58435393 0.37129487 0.22758117
v -0.59478678 0.36965403 0.25384351
v -0.58231483 0.34847045 0.29369621
v -0.56067227 0.33520782 0.32080501
v -0.58495341 0.34105200 0.35890187
v -0.56375337 0.33137994 0.38164727
v -0.52600431 0.31043958 0.39707862
v -0.52022482 0.33074394 0.41584785
v -0.54045871 0.32213195 0.42204033
v -0.57227493 0.33496637 0.41145014
v -0.60052940 0.35570848 0.37343878
v -0.60388314 0.35951682 0.32563428
v -0.61077406 0.38679970 0.25714803
v -0.59957084 0.40866065 0.23491896
v -0.60978587 0.39688475 0.22979205
v -0.61422891 0.40498371 0.20639721
v -0.60965139 0.42401249 0.19107852
v -0.60905998 0.43367448 0.17121992
v -0.61888125 0.42265579 0.16549760
v -0.61527167 0.41140160 0.18734990
v -0.59554730 0.39017974 0.20570823
v -0.58360303 0.38643886 0.19144495
f 1 2 3
f 1 3 8
f 3 9 8
f 10 9 3
f 4 10 3
f 3 2 4
f 2460 2459 2431
f 2431 2432 2460
f 2430 2431 2459
f 2398 2432 2431
f 2431 2430 2398
f 2479 2454 2455
f 2455 2454 2426
f 2426 2454 2453
f 2454 2476 2453
f 2454 2478 2477
f 2454 2474 2476
f 2479 2478 2454
f 2454 2477 2474
f 82 54 83
f 56 84 54
f 83 54 84
f 32 55 54
f 55 56 54
f 32 54 53
f 54 82 53
f 2496 2500 2501
f 2496 2501 2495
f 2496 2497 2500
f 2472 2497 2496
f 2496 2495 2472
f 2459 2458 2430
f 2483 2458 2459
f 2483 2459 2484
f 2460 2484 2459
f 2429 2430 2458
f 2457 2429 2458
f 2457 2458 2482
f 2483 2482 2458
f 2 6 5
f 5 4 2
f 2 1 6
f 55 33 56
f 32 33 55
f 19 20 37
f 7 8 19
f 19 18 7
f 8 20 19
f 36 19 37
f 34 19 35
f 36 35 19
f 19 34 18
f 37 20 38
f 21 38 20
f 20 8 21
f 8 9 21
f 9 22 21
f 21 22 40
f 40 39 21
f 38 21 39
f 36 37 63
f 37 38 63
f 4 11 10
f 10 11 22
f 22 9 10
f 80 109 79
f 79 52 80
f 50 79 78
f 78 79 109
f 79 50 51
f 52 79 51
f 2438 2468 2467
f 2491 2466 2467
f 2466 2438 2467
f 2491 2467 2485
f 2467 2492 2485
f 2493 2467 2468
f 2493 2483 2467
f 2483 2492 2467
f 2487 2460 2461
f 2432 2461 2460
f 2486 2460 2487
f 2484 2460 2485
f 2485 2460 2486
f 2456 2429 2457
f 2456 2457 2480
f 2481 2480 2457
f 2482 2481 2457
f 2456 2479 2455
f 2456 2478 2479
f 2497 2499 2500
f 2499 2497 2498
f 2473 2474 2499
f 2498 2473 2499
f 2500 2499 2477
f 2474 2477 2499
f 2480 2478 2456
f 2456 2455 2428
f 2456 2428 2429
f 2473 2451 2474
f 2476 2474 2475
f 2451 2475 2474
f 2489 2490 2486
f 2489 2464 2490
f 2490 2465 2491
f 2465 2490 2464
f 2490 2485 2486
f 2485 2490 2491
f 2487 2489 2486
f 2489 2487 2488
f 2489 2488 2464
f 81 109 80
f 110 109 81
f 53 81 80
f 81 53 82
f 83 81 82
f 83 110 81
f 5 6 15
f 5 15 14
f 5 12 4
f 12 5 13
f 5 14 13
f 29 15 16
f 6 16 15
f 6 17 16
f 16 17 29
f 49 29 50
f 29 30 50
f 78 49 50
f 50 30 51
f 78 77 49
f 78 109 108
f 77 78 107
f 108 107 78
f 2498 2497 2472
f 28 27 15
f 15 29 28
f 27 14 15
f 2396 2430 2429
f 2429 2428 2396
f 22 23 40
f 11 23 22
f 2465 2466 2491
f 2436 2466 2465
f 2466 2437 2438
f 2436 2437 2466
f 56 33 57
f 56 57 84
f 33 34 35
f 34 33 18
f 49 28 29
f 17 30 29
f 2475 2453 2476
f 2475 2451 2452
f 2453 2475 2452
f 11 4 12
f 49 48 28
f 49 77 48
f 53 80 52
f 2433 2461 2432
f 2461 2488 2487
f 2462 2488 2461
f 2433 2462 2461
f 2472 2495 2494
f 2469 2472 2494
f 2472 2469 2471
f 2498 2472 2473
f 2471 2448 2472
f 2473 2472 2449
f 2448 2449 2472
f 2468 2438 2439
f 2469 2468 2439
f 2468 2494 2493
f 2494 2468 2469
f 33 35 57
f 57 35 58
f 59 58 35
f 60 59 35
f 61 35 36
f 61 60 35
f 11 12 24
f 24 23 11
f 109 110 108
f 85 83 84
f 83 111 110
f 83 85 111
f 2493 2494 2495
f 111 108 110
f 2398 2433 2432
f 2396 2397 2430
f 2398 2430 2397
f 2428 2455 2427
f 2396 2428 2427
f 2451 2473 2450
f 2452 2451 2422
f 2450 2422 2451
f 2438 2437 2402
f 2402 2439 2438
f 2464 2488 2463
f 2462 2463 2488
f 84 57 58
f 39 63 38
f 40 23 41
f 42 41 23
f 23 24 42
f 14 27 26
f 13 14 26
f 2426 2427 2455
f 2449 2450 2473
f 2465 2464 2436
f 58 85 84
f 13 24 12
f 2434 2433 2398
f 2398 2397 2363
f 2399 2434 2398
f 2398 2363 2399
f 27 28 47
f 47 28 48
f 2426 2453 2425
f 2423 2425 2453
f 2452 2423 2453
f 2470 2469 2440
f 2471 2469 2470
f 2469 2439 2440
f 2436 2464 2463
f 36 63 62
f 64 63 39
f 62 63 64
f 41 39 40
f 64 39 65
f 41 65 39
f 2434 2462 2433
f 2363 2397 2396
f 2395 2363 2396
f 2427 2395 2396
f 48 77 76
f 48 76 47
f 107 76 77
f 111 85 112
f 86 85 58
f 86 112 85
f 62 61 36
f 107 108 140
f 111 140 108
f 62 91 61
f 91 62 92
f 62 64 92
f 27 47 26
f 112 140 111
f 2440 2439 2404
f 2404 2439 2403
f 2402 2403 2439
f 2436 2463 2435
f 2463 2434 2435
f 2462 2434 2463
f 2470 2448 2471
f 61 90 60
f 90 61 91
f 86 58 87
f 88 87 58
f 88 58 59
f 2448 2470 2447
f 2446 2447 2470
f 2441 2446 2470
f 2470 2440 2441
f 2441 2440 2404
f 90 89 60
f 60 89 59
f 2395 2427 2394
f 2427 2426 2394
f 2394 2426 2425
f 2400 2436 2435
f 2437 2436 2400
f 88 59 89
f 2399 2400 2434
f 2435 2434 2400
f 2364 2399 2363
f 2400 2399 2365
f 2364 2365 2399
f 2400 2402 2437
f 86 113 112
f 113 140 112
f 76 107 106
f 113 106 107
f 113 107 140
f 2362 2363 2395
f 2362 2330 2363
f 2330 2364 2363
f 2449 2448 2418
f 2448 2447 2418
f 2441 2404 2405
f 2369 2370 2404
f 2404 2370 2405
f 2404 2403 2369
f 2417 2447 2446
f 2417 2418 2447
f 113 86 114
f 87 114 86
f 24 13 25
f 26 25 13
f 2395 2394 2362
f 2422 2450 2421
f 2422 2423 2452
f 2390 2423 2422
f 2422 2421 2390
f 92 64 93
f 65 93 64
f 41 42 66
f 66 65 41
f 2365 2364 2331
f 2331 2364 2330
f 2402 2400 2401
f 2368 2403 2402
f 2402 2401 2368
f 46 26 47
f 76 46 47
f 88 115 87
f 114 87 115
f 2450 2449 2421
f 2418 2421 2449
f 124 91 92
f 91 123 90
f 123 91 124
f 24 43 42
f 43 24 25
f 2445 2417 2446
f 2441 2445 2446
f 25 26 45
f 26 46 45
f 46 76 75
f 106 75 76
f 114 106 113
f 2362 2394 2393
f 2394 2425 2424
f 2392 2393 2394
f 2394 2424 2392
f 2423 2424 2425
f 2401 2400 2365
f 2365 2366 2401
f 2366 2365 2331
f 2393 2361 2362
f 2330 2362 2361
f 66 93 65
f 44 43 25
f 44 68 43
f 43 68 67
f 42 43 67
f 74 75 106
f 106 114 105
f 105 74 106
f 2424 2423 2390
f 2368 2369 2403
f 45 44 25
f 2405 2406 2441
f 2441 2406 2414
f 2441 2415 2445
f 2415 2441 2414
f 92 93 125
f 124 92 125
f 46 75 74
f 2417 2445 2415
f 139 105 114
f 114 115 139
f 2387 2418 2417
f 2421 2418 2419
f 2387 2388 2418
f 2388 2419 2418
f 2415 2416 2417
f 2417 2416 2386
f 2387 2417 2386
f 2366 2368 2401
f 2331 2367 2366
f 2367 2368 2366
f 122 90 123
f 123 124 122
f 2421 2419 2390
f 71 44 45
f 70 44 71
f 70 69 44
f 68 44 69
f 2361 2393 2360
f 2393 2392 2360
f 73 46 74
f 46 72 45
f 73 72 46
f 115 88 116
f 116 139 115
f 2369 2368 2334
f 2333 2334 2368
f 2368 2367 2333
f 119 118 89
f 90 119 89
f 88 89 118
f 125 93 94
f 93 66 94
f 67 66 42
f 72 71 45
f 73 74 103
f 73 101 72
f 101 73 102
f 102 73 103
f 2336 2370 2369
f 2336 2369 2334
f 119 90 120
f 120 90 121
f 122 121 90
f 66 95 94
f 66 67 96
f 96 95 66
f 2391 2392 2424
f 2424 2390 2391
f 2329 2330 2361
f 2330 2329 2298
f 2300 2331 2330
f 2298 2300 2330
f 118 117 88
f 116 88 117
f 2420 2419 2389
f 2419 2388 2389
f 2419 2420 2390
f 2405 2370 2371
f 2370 2336 2337
f 2337 2371 2370
f 120 143 119
f 118 119 143
f 67 68 69
f 116 138 139
f 138 105 139
f 2329 2361 2360
f 2388 2387 2354
f 2354 2389 2388
f 2367 2331 2332
f 2332 2331 2301
f 2331 2300 2301
f 71 72 100
f 101 100 72
f 105 104 74
f 105 138 137
f 136 104 105
f 137 136 105
f 2359 2392 2358
f 2392 2391 2358
f 2360 2392 2359
f 126 148 124
f 124 125 126
f 122 124 147
f 148 147 124
f 125 94 126
f 95 126 94
f 103 74 104
f 2387 2386 2354
f 143 142 118
f 118 142 117
f 138 116 137
f 2389 2390 2420
f 2391 2390 2357
f 2389 2357 2390
f 2335 2336 2334
f 2304 2336 2335
f 2304 2337 2336
f 2332 2333 2367
f 2297 2298 2329
f 2329 2328 2297
f 2360 2328 2329
f 70 71 99
f 99 71 100
f 117 137 116
f 2371 2406 2405
f 2303 2334 2333
f 2334 2303 2335
f 2303 2333 2332
f 103 104 136
f 120 121 144
f 143 120 144
f 2302 2303 2332
f 2332 2301 2302
f 69 96 67
f 99 69 70
f 2302 2301 2267
f 2303 2302 2268
f 2267 2268 2302
f 2301 2300 2267
f 2416 2415 2385
f 2386 2416 2385
f 2304 2335 2303
f 2269 2304 2303
f 2304 2269 2270
f 2270 2305 2304
f 2338 2337 2304
f 2305 2338 2304
f 2268 2269 2303
f 136 137 162
f 137 117 141
f 163 162 137
f 141 163 137
f 2298 2299 2300
f 2299 2267 2300
f 2299 2298 2264
f 2263 2264 2298
f 2298 2297 2263
f 142 143 166
f 117 142 141
f 166 141 142
f 2358 2391 2357
f 127 148 126
f 126 95 127
f 2415 2384 2385
f 2415 2414 2384
f 96 69 97
f 95 96 97
f 99 98 69
f 98 97 69
f 132 101 102
f 132 100 101
f 2326 2359 2358
f 2357 2326 2358
f 2371 2337 2372
f 2371 2372 2406
f 147 121 122
f 121 145 144
f 146 121 147
f 121 146 145
f 128 127 95
f 97 128 95
f 100 98 99
f 133 102 103
f 103 135 134
f 134 133 103
f 103 136 135
f 2297 2328 2295
f 2297 2295 2296
f 2296 2263 2297
f 168 167 144
f 145 168 144
f 143 144 167
f 136 161 160
f 136 162 161
f 160 135 136
f 167 166 143
f 2353 2322 2354
f 2353 2354 2386
f 2389 2354 2355
f 2355 2354 2322
f 2373 2337 2338
f 2373 2372 2337
f 2231 2270 2269
f 2270 2231 2232
f 2271 2305 2270
f 2232 2271 2270
f 2268 2231 2269
f 2327 2295 2328
f 2328 2359 2327
f 2360 2359 2328
f 2386 2385 2353
f 2265 2267 2299
f 2299 2264 2265
f 147 148 149
f 127 149 148
f 133 134 155
f 133 132 102
f 133 155 132
f 2326 2357 2356
f 2355 2357 2389
f 2356 2357 2355
f 2384 2353 2385
f 2372 2407 2406
f 2414 2406 2442
f 2407 2442 2406
f 2267 2231 2268
f 2265 2266 2267
f 2231 2267 2266
f 97 98 129
f 98 100 130
f 130 129 98
f 131 130 100
f 131 100 132
f 157 134 135
f 135 160 159
f 158 157 135
f 159 158 135
f 188 159 160
f 161 188 160
f 162 192 161
f 162 163 192
f 163 141 164
f 141 165 164
f 141 166 165
f 2293 2327 2326
f 2293 2295 2327
f 2359 2326 2327
f 2295 2262 2296
f 2262 2295 2294
f 2293 2294 2295
f 174 146 147
f 147 149 174
f 2372 2373 2374
f 2373 2338 2374
f 2264 2263 2228
f 2228 2265 2264
f 2262 2263 2296
f 2227 2228 2263
f 2263 2262 2227
f 2325 2293 2326
f 2356 2325 2326
f 129 128 97
f 2407 2372 2374
f 164 192 163
f 165 166 195
f 195 166 167
f 150 127 128
f 150 149 127
f 2442 2407 2443
f 2374 2408 2407
f 2444 2443 2407
f 2407 2408 2444
f 2356 2355 2323
f 2323 2325 2356
f 2322 2323 2355
f 2305 2271 2272
f 2305 2339 2338
f 2339 2305 2306
f 2306 2305 2272
f 195 194 165
f 164 165 194
f 151 128 129
f 151 129 152
f 129 130 152
f 153 130 131
f 152 130 153
f 131 154 153
f 154 131 132
f 2233 2271 2232
f 2191 2233 2232
f 2191 2232 2231
f 2265 2230 2266
f 2229 2265 2228
f 2229 2230 2265
f 2384 2352 2353
f 2322 2353 2352
f 2414 2442 2443
f 164 191 192
f 192 191 161
f 174 149 175
f 149 150 175
f 2231 2266 2230
f 2190 2231 2230
f 2190 2191 2231
f 2229 2228 2188
f 2188 2228 2227
f 2293 2325 2324
f 2323 2324 2325
f 2383 2414 2413
f 2443 2413 2414
f 2384 2414 2383
f 191 164 193
f 194 193 164
f 150 128 151
f 155 154 132
f 2227 2226 2188
f 2225 2226 2227
f 2262 2225 2227
f 2374 2338 2339
f 155 134 156
f 180 155 156
f 154 155 180
f 188 158 159
f 158 188 187
f 188 161 189
f 189 187 188
f 2294 2261 2262
f 2294 2293 2261
f 134 157 156
f 182 156 157
f 182 157 158
f 154 180 153
f 2323 2322 2291
f 2321 2291 2322
f 2321 2322 2352
f 2375 2374 2339
f 2409 2408 2374
f 2409 2374 2375
f 195 167 196
f 167 168 196
f 146 174 173
f 146 173 172
f 171 145 146
f 172 171 146
f 2261 2225 2262
f 2324 2292 2293
f 2260 2293 2292
f 2261 2293 2260
f 2193 2233 2191
f 2192 2193 2191
f 2154 2191 2190
f 2192 2191 2154
f 150 151 176
f 177 176 151
f 152 177 151
f 174 203 173
f 204 203 174
f 174 175 204
f 209 179 180
f 153 180 179
f 156 181 180
f 180 181 209
f 2189 2190 2230
f 2230 2229 2189
f 2324 2323 2292
f 2291 2292 2323
f 2351 2384 2383
f 2352 2384 2351
f 176 175 150
f 175 176 205
f 205 204 175
f 152 153 179
f 2352 2351 2321
f 169 196 168
f 169 168 145
f 170 169 145
f 170 145 171
f 2443 2444 2413
f 2229 2188 2189
f 2350 2351 2383
f 2351 2320 2321
f 2320 2351 2350
f 209 208 179
f 181 208 209
f 190 161 191
f 222 190 191
f 191 193 222
f 193 194 224
f 193 224 223
f 223 222 193
f 195 226 194
f 196 226 195
f 2226 2225 2186
f 2188 2226 2187
f 2187 2226 2186
f 2224 2225 2261
f 2186 2225 2224
f 2320 2290 2321
f 2290 2291 2321
f 203 172 173
f 178 176 177
f 152 178 177
f 179 178 152
f 2260 2222 2261
f 2259 2260 2292
f 2259 2222 2260
f 2290 2257 2291
f 2292 2291 2259
f 2257 2259 2291
f 208 178 179
f 187 186 158
f 183 158 184
f 185 184 158
f 158 186 185
f 182 158 183
f 189 161 190
f 2222 2224 2261
f 2339 2306 2340
f 2339 2340 2375
f 225 194 226
f 194 225 224
f 2271 2234 2272
f 2272 2273 2306
f 2272 2234 2235
f 2272 2235 2236
f 2236 2273 2272
f 2271 2233 2234
f 205 238 204
f 178 205 176
f 205 178 206
f 206 239 205
f 205 239 238
f 208 181 210
f 181 156 182
f 210 181 211
f 211 181 182
f 2233 2193 2234
f 178 208 207
f 208 210 242
f 207 208 242
f 225 226 260
f 226 196 227
f 226 227 260
f 2224 2222 2223
f 2258 2222 2259
f 2222 2185 2223
f 2222 2258 2221
f 2221 2185 2222
f 2383 2413 2382
f 2383 2349 2350
f 2383 2382 2348
f 2349 2383 2348
f 197 196 169
f 170 197 169
f 238 237 204
f 237 203 204
f 207 206 178
f 2190 2189 2154
f 172 203 202
f 237 202 203
f 2152 2154 2189
f 2189 2188 2152
f 2188 2187 2152
f 2259 2257 2258
f 210 211 244
f 212 244 211
f 211 182 212
f 213 212 182
f 182 183 213
f 2224 2223 2185
f 2413 2444 2412
f 2412 2382 2413
f 2444 2408 2410
f 2409 2410 2408
f 239 237 238
f 190 222 189
f 2185 2186 2224
f 2320 2350 2319
f 2320 2319 2289
f 2320 2289 2290
f 172 202 171
f 2187 2186 2150
f 2185 2150 2186
f 2307 2306 2273
f 2340 2306 2307
f 202 237 236
f 274 236 237
f 237 239 274
f 224 225 259
f 260 259 225
f 197 227 196
f 2258 2257 2221
f 2257 2220 2221
f 2257 2290 2256
f 2257 2256 2220
f 2410 2412 2444
f 218 186 187
f 187 189 219
f 218 187 219
f 223 224 259
f 206 207 240
f 240 239 206
f 242 241 207
f 241 240 207
f 2349 2319 2350
f 184 213 183
f 2187 2151 2152
f 2187 2150 2151
f 2234 2193 2235
f 2235 2193 2236
f 2236 2193 2237
f 2194 2237 2193
f 2193 2192 2156
f 2193 2156 2194
f 189 222 221
f 221 222 223
f 170 171 199
f 197 170 198
f 199 198 170
f 236 235 202
f 171 202 201
f 235 201 202
f 239 240 275
f 275 274 239
f 235 236 273
f 273 236 274
f 244 243 210
f 210 243 242
f 221 220 189
f 220 219 189
f 2375 2340 2376
f 2375 2376 2409
f 259 258 223
f 221 223 257
f 256 257 223
f 256 223 258
f 240 241 275
f 242 276 241
f 276 275 241
f 2153 2152 1044
f 2151 1044 2152
f 2152 2153 2154
f 2185 2221 2184
f 2149 2150 2185
f 2184 2149 2185
f 2376 2377 2409
f 2410 2409 2377
f 2154 2155 2192
f 2155 2156 2192
f 1046 2154 2153
f 2155 2154 1046
f 227 228 260
f 228 259 260
f 197 198 227
f 2319 2349 2348
f 2348 2318 2319
f 2289 2319 2288
f 2318 2288 2319
f 2412 2380 2382
f 2381 2348 2382
f 2382 2380 2381
f 185 186 217
f 218 217 186
f 2153 1044 1046
f 235 234 201
f 171 201 200
f 234 200 201
f 214 212 213
f 244 212 214
f 218 219 252
f 219 251 252
f 220 253 219
f 251 219 253
f 244 214 245
f 245 280 244
f 280 243 244
f 2221 2220 2184
f 234 235 272
f 273 272 235
f 220 221 257
f 227 198 228
f 200 199 171
f 2151 2150 1043
f 1043 1044 2151
f 220 257 256
f 2376 2340 2342
f 2340 2341 2342
f 2340 2307 2308
f 2340 2308 2341
f 2289 2256 2290
f 2318 2348 2317
f 2348 2381 2347
f 2347 2317 2348
f 2381 2380 2347
f 2412 2411 2380
f 2380 2411 2379
f 2380 2379 2347
f 198 199 230
f 199 200 232
f 230 199 231
f 231 199 232
f 184 214 213
f 256 258 291
f 258 259 292
f 292 291 258
f 2256 2219 2220
f 2219 2256 2218
f 2255 2256 2289
f 2255 2217 2256
f 2256 2217 2218
f 2288 2318 2287
f 2287 2318 2317
f 255 220 256
f 253 220 254
f 255 254 220
f 2219 2184 2220
f 2410 2411 2412
f 2377 2411 2410
f 251 218 252
f 217 218 250
f 251 250 218
f 2254 2255 2289
f 2289 2288 2254
f 1046 1044 1045
f 1047 2155 1046
f 1046 1045 959
f 959 1047 1046
f 273 274 275
f 275 276 273
f 278 242 243
f 278 277 242
f 276 242 277
f 1043 2150 2149
f 228 198 229
f 229 198 230
f 2149 1042 1043
f 1043 1042 956
f 957 1044 1043
f 1043 956 957
f 200 234 233
f 233 234 269
f 234 272 271
f 269 234 270
f 234 271 270
f 233 232 200
f 2184 2219 2182
f 2219 2218 2182
f 304 272 273
f 306 273 276
f 273 306 305
f 305 304 273
f 216 185 217
f 185 215 184
f 215 185 216
f 256 291 290
f 292 290 291
f 2287 2254 2288
f 277 278 309
f 276 277 306
f 307 306 277
f 308 307 277
f 277 309 308
f 259 228 261
f 259 261 292
f 230 263 229
f 229 261 228
f 229 263 262
f 262 261 229
f 271 272 304
f 243 280 279
f 279 278 243
f 256 290 255
f 2274 2273 2236
f 2274 2307 2273
f 2156 2155 1047
f 2183 2149 2184
f 2183 2184 2182
f 2254 2217 2255
f 1041 1042 2149
f 2183 2148 2149
f 2148 1041 2149
f 279 309 278
f 2376 2342 2377
f 2307 2274 2275
f 2238 2274 2236
f 2275 2274 2238
f 2237 2238 2236
f 306 307 305
f 214 184 215
f 2217 2182 2218
f 2342 2341 2311
f 2378 2377 2342
f 2343 2378 2342
f 2342 2311 2343
f 215 247 214
f 245 214 246
f 246 214 247
f 263 230 231
f 1044 957 958
f 958 1045 1044
f 2148 2183 2147
f 2182 2147 2183
f 2378 2379 2411
f 2411 2377 2378
f 268 233 269
f 232 233 267
f 268 267 233
f 292 326 290
f 326 292 293
f 261 293 292
f 2237 2194 2195
f 2195 2238 2237
f 1048 2156 1047
f 2194 2156 2195
f 2195 2156 2196
f 2157 2156 1048
f 2156 2157 2196
f 2317 2285 2287
f 2317 2316 2285
f 2317 2347 2316
f 232 266 231
f 267 266 232
f 215 216 247
f 2254 2287 2253
f 2254 2253 2217
f 2275 2308 2307
f 216 217 249
f 249 248 216
f 247 216 248
f 2217 2253 2216
f 2217 2181 2182
f 2181 2217 2180
f 2180 2217 2216
f 268 269 270
f 326 289 290
f 289 255 290
f 2146 2147 2182
f 2182 2181 2146
f 2285 2286 2287
f 2286 2253 2287
f 2379 2346 2347
f 2316 2347 2346
f 1045 958 959
f 280 312 279
f 281 312 280
f 280 245 281
f 305 307 303
f 303 304 305
f 246 281 245
f 250 249 217
f 231 264 263
f 264 262 263
f 2148 2147 1041
f 303 307 308
f 250 251 286
f 286 285 250
f 285 249 250
f 251 253 286
f 1042 1041 954
f 1040 1041 2147
f 1040 954 1041
f 2181 2145 2146
f 2180 2145 2181
f 293 261 294
f 262 294 261
f 264 231 265
f 231 266 265
f 2238 2276 2275
f 2308 2275 2309
f 2309 2275 2276
f 270 300 268
f 300 267 268
f 254 255 289
f 2253 2286 2252
f 2253 2252 2216
f 304 303 271
f 958 957 886
f 957 956 885
f 957 885 886
f 960 1048 1047
f 959 960 1047
f 2180 2216 2215
f 2215 2179 2180
f 2145 2180 2179
f 253 254 287
f 287 286 253
f 254 289 288
f 287 254 288
f 294 262 295
f 264 295 262
f 2252 2215 2216
f 2341 2308 2310
f 2310 2311 2341
f 310 309 279
f 309 310 344
f 344 308 309
f 326 293 325
f 325 289 326
f 310 279 311
f 312 311 279
f 2147 1039 1040
f 2146 1039 2147
f 954 955 1042
f 955 956 1042
f 2378 2346 2379
f 2309 2310 2308
f 2316 2346 2315
f 2378 2345 2346
f 2346 2345 2315
f 293 294 325
f 2145 1039 2146
f 2215 2252 2214
f 2214 2179 2215
f 2197 2239 2195
f 2196 2197 2195
f 2238 2195 2239
f 323 288 289
f 289 325 324
f 289 324 323
f 2315 2285 2316
f 303 308 341
f 343 308 344
f 308 343 342
f 341 308 342
f 345 344 310
f 345 310 346
f 346 310 311
f 2378 2344 2345
f 2378 2343 2344
f 303 302 271
f 270 271 301
f 302 301 271
f 341 340 303
f 302 303 340
f 248 246 247
f 958 886 959
f 1039 2145 2144
f 2179 2178 2145
f 2144 2145 2178
f 2285 2315 2284
f 2250 2285 2284
f 2285 2251 2286
f 2251 2285 2250
f 2238 2239 2240
f 2238 2240 2276
f 270 301 300
f 954 883 955
f 954 1040 953
f 883 954 953
f 2252 2286 2251
f 267 300 299
f 266 267 298
f 299 298 267
f 2198 2240 2239
f 2197 2198 2239
f 265 266 297
f 298 297 266
f 2177 2179 2214
f 2179 2177 2178
f 249 285 284
f 319 285 286
f 284 285 319
f 295 264 265
f 886 887 959
f 887 960 959
f 956 955 883
f 956 884 885
f 883 884 956
f 2344 2343 2312
f 2311 2312 2343
f 1048 960 961
f 1048 961 1049
f 1049 2157 1048
f 344 345 343
f 346 343 345
f 2144 1038 1039
f 1039 952 1040
f 952 1039 1038
f 2214 2252 2213
f 2213 2252 2251
f 284 283 249
f 248 249 283
f 2197 2196 2158
f 2196 2157 2158
f 960 887 888
f 961 960 888
f 320 319 286
f 286 287 320
f 281 246 282
f 246 248 282
f 248 283 282
f 320 287 321
f 287 288 321
f 2314 2345 2344
f 2313 2344 2312
f 2313 2314 2344
f 2311 2310 2278
f 2278 2312 2311
f 2345 2314 2315
f 2309 2276 2277
f 2240 2277 2276
f 301 302 339
f 302 340 339
f 342 340 341
f 2144 2178 2177
f 325 294 327
f 294 295 328
f 327 294 328
f 301 337 300
f 337 301 338
f 339 338 301
f 2177 2214 2213
f 953 1040 952
f 2314 2284 2315
f 2309 2278 2310
f 327 324 325
f 323 324 364
f 327 365 324
f 365 364 324
f 300 337 299
f 342 377 340
f 340 377 376
f 339 340 376
f 281 313 312
f 282 313 281
f 295 265 296
f 296 328 295
f 953 952 881
f 881 952 880
f 880 952 951
f 952 1038 951
f 379 343 346
f 343 379 342
f 296 265 297
f 2284 2314 2283
f 2283 2250 2284
f 2157 1050 2158
f 2157 1049 1050
f 316 282 283
f 283 284 316
f 886 817 887
f 886 885 817
f 1049 961 962
f 962 961 889
f 961 888 889
f 337 336 299
f 298 299 336
f 311 312 350
f 313 350 312
f 818 887 817
f 888 887 818
f 2213 2251 2212
f 2212 2177 2213
f 2211 2212 2251
f 2250 2211 2251
f 378 377 342
f 379 378 342
f 379 346 347
f 311 347 346
f 347 311 348
f 350 349 311
f 349 348 311
f 815 884 883
f 883 882 815
f 953 882 883
f 1049 962 1050
f 288 323 322
f 363 323 364
f 363 322 323
f 888 818 820
f 889 888 821
f 820 821 888
f 2176 2143 2177
f 2176 2177 2212
f 2144 2177 2143
f 298 332 297
f 332 296 297
f 882 953 881
f 322 321 288
f 2241 2277 2240
f 2240 2198 2241
f 336 337 338
f 282 314 313
f 351 313 352
f 350 313 351
f 314 352 313
f 885 884 816
f 816 817 885
f 379 347 380
f 378 379 380
f 2283 2249 2250
f 2249 2211 2250
f 377 378 411
f 410 376 377
f 411 410 377
f 329 327 328
f 296 329 328
f 882 881 814
f 815 882 814
f 1038 2144 1037
f 2143 1037 2144
f 314 282 315
f 316 315 282
f 318 284 319
f 319 320 318
f 348 380 347
f 813 881 880
f 813 814 881
f 351 352 384
f 351 349 350
f 349 351 383
f 384 383 351
f 815 816 884
f 818 817 759
f 759 819 818
f 819 820 818
f 410 409 376
f 375 376 409
f 375 339 376
f 315 354 314
f 352 314 353
f 354 353 314
f 329 365 327
f 2159 2197 2158
f 2158 1050 2159
f 2309 2277 2278
f 2277 2241 2242
f 2242 2278 2277
f 2283 2314 2282
f 2314 2313 2282
f 1050 963 1051
f 1051 2159 1050
f 1050 962 963
f 380 411 378
f 399 363 364
f 365 399 364
f 2176 2212 2175
f 2141 2176 2175
f 2143 2176 2142
f 2141 2142 2176
f 384 352 353
f 1038 1037 951
f 2212 2211 2175
f 374 338 339
f 339 375 374
f 381 380 348
f 348 349 381
f 316 284 317
f 318 317 284
f 329 296 330
f 296 331 330
f 296 332 331
f 2159 2198 2197
f 889 963 962
f 332 298 333
f 334 333 298
f 298 336 335
f 335 334 298
f 354 315 355
f 355 315 316
f 320 321 360
f 320 360 318
f 817 816 759
f 816 758 759
f 816 815 757
f 816 757 758
f 2312 2278 2279
f 2313 2312 2279
f 880 951 879
f 879 813 880
f 949 951 1037
f 1037 1036 949
f 1037 2143 1036
f 365 329 330
f 2279 2278 2243
f 2278 2242 2243
f 2242 2241 2201
f 2241 2200 2201
f 2241 2198 2200
f 380 412 411
f 446 410 411
f 412 446 411
f 365 330 366
f 366 399 365
f 1036 2143 2142
f 335 336 338
f 2248 2249 2283
f 2248 2283 2282
f 2198 2159 2160
f 2200 2198 2199
f 2160 2199 2198
f 815 814 757
f 333 331 332
f 316 317 355
f 2249 2210 2211
f 2248 2210 2249
f 2281 2282 2313
f 2281 2313 2280
f 2282 2281 2247
f 2281 2280 2246
f 2246 2247 2281
f 349 383 382
f 381 349 382
f 321 322 362
f 322 363 362
f 333 334 331
f 950 879 951
f 949 950 951
f 2175 2211 2210
f 2248 2282 2247
f 1052 2160 2159
f 2159 1051 1052
f 2142 1035 1036
f 1035 949 1036
f 446 409 410
f 409 446 445
f 409 374 375
f 374 409 408
f 445 408 409
f 756 757 814
f 756 814 813
f 372 335 338
f 338 373 372
f 374 373 338
f 821 820 761
f 819 761 820
f 1035 2142 2141
f 2140 1035 2141
f 2141 2175 2174
f 2140 2141 2174
f 360 359 318
f 321 361 360
f 361 359 360
f 964 1051 963
f 964 1052 1051
f 964 963 889
f 384 385 383
f 353 385 384
f 2175 2210 2174
f 2279 2280 2313
f 335 372 371
f 335 371 334
f 447 446 412
f 412 380 413
f 412 413 448
f 412 448 447
f 2160 2162 2199
f 2161 2160 1052
f 2161 2162 2160
f 385 416 383
f 416 382 383
f 359 358 318
f 317 318 358
f 380 381 413
f 330 367 366
f 330 331 367
f 408 373 374
f 447 445 446
f 1052 964 1053
f 1053 2161 1052
f 759 758 710
f 819 759 760
f 710 760 759
f 709 758 757
f 757 756 709
f 879 950 878
f 813 879 812
f 879 878 812
f 2200 2199 2162
f 334 369 331
f 369 334 370
f 371 370 334
f 819 760 761
f 2210 2248 2209
f 2248 2247 2209
f 2280 2279 2245
f 2280 2245 2246
f 2242 2201 2202
f 2202 2203 2242
f 2243 2242 2203
f 890 964 889
f 964 890 965
f 965 1054 964
f 1053 964 1054
f 2201 2162 2163
f 2162 2201 2200
f 2201 2163 2202
f 381 382 415
f 413 381 414
f 415 414 381
f 1034 949 1035
f 949 1034 948
f 950 949 878
f 949 948 878
f 2243 2245 2279
f 755 756 813
f 813 812 755
f 355 389 354
f 356 389 355
f 355 317 356
f 398 363 399
f 362 363 397
f 398 397 363
f 2163 2162 1056
f 2162 1055 1056
f 2162 2161 1055
f 1034 1035 1033
f 1035 2139 1033
f 2139 1035 2140
f 353 354 388
f 389 388 354
f 362 361 321
f 366 367 368
f 367 331 368
f 2245 2243 2206
f 2206 2246 2245
f 889 821 890
f 415 382 416
f 397 396 362
f 361 362 395
f 396 395 362
f 385 353 386
f 353 387 386
f 388 387 353
f 2243 2203 2244
f 2244 2206 2243
f 822 890 821
f 890 822 891
f 891 965 890
f 2209 2247 2207
f 2207 2247 2246
f 758 709 710
f 368 331 369
f 448 413 414
f 417 385 386
f 416 385 417
f 398 399 400
f 399 366 400
f 2174 2210 2173
f 2173 2137 2174
f 2137 2140 2174
f 2209 2173 2210
f 1054 966 1053
f 2161 1053 1055
f 1055 1053 966
f 761 762 821
f 822 821 762
f 948 1034 1033
f 452 416 417
f 415 416 451
f 451 416 452
f 357 317 358
f 357 356 317
f 2207 2208 2209
f 2208 2173 2209
f 762 761 713
f 761 760 713
f 401 366 368
f 401 400 366
f 2139 2140 2138
f 2138 1031 2139
f 2139 1031 1033
f 408 445 407
f 407 373 408
f 2206 2207 2246
f 406 372 373
f 407 406 373
f 755 709 756
f 812 878 877
f 755 812 811
f 877 811 812
f 2140 2137 2138
f 404 371 405
f 404 370 371
f 371 372 405
f 358 359 394
f 394 359 361
f 447 448 490
f 447 490 444
f 444 445 447
f 760 710 711
f 711 712 760
f 712 713 760
f 948 947 878
f 947 877 878
f 2164 2203 2202
f 2202 2163 2164
f 406 405 372
f 449 490 448
f 448 414 449
f 417 386 418
f 417 453 452
f 418 454 417
f 453 417 454
f 2138 2137 1030
f 1030 1031 2138
f 948 1033 1032
f 948 1032 947
f 1033 1031 1032
f 965 891 892
f 891 822 892
f 414 415 449
f 415 451 450
f 450 449 415
f 369 370 403
f 404 403 370
f 444 407 445
f 418 386 419
f 387 419 386
f 395 394 361
f 449 491 490
f 444 490 489
f 491 489 490
f 368 369 402
f 401 368 402
f 1054 965 966
f 393 357 358
f 358 394 393
f 2207 2206 2170
f 2207 2171 2208
f 2207 2170 2171
f 713 763 762
f 822 762 764
f 763 764 762
f 2137 2173 2136
f 2136 1030 2137
f 2208 2172 2173
f 2173 2172 2136
f 403 402 369
f 394 427 393
f 394 395 428
f 428 427 394
f 433 396 397
f 398 433 397
f 764 823 822
f 892 822 823
f 710 709 666
f 666 711 710
f 754 709 755
f 709 708 666
f 709 754 708
f 450 491 449
f 2203 2206 2244
f 388 389 420
f 420 389 390
f 356 390 389
f 893 966 965
f 892 893 965
f 398 400 433
f 811 754 755
f 946 1032 1031
f 947 1032 946
f 2163 1056 1057
f 1057 2164 2163
f 1056 1055 967
f 967 1057 1056
f 442 406 407
f 407 443 442
f 443 407 444
f 388 420 387
f 946 1031 945
f 945 1031 1030
f 2208 2171 2172
f 2203 2164 2165
f 2206 2203 2204
f 2165 2204 2203
f 714 763 713
f 668 714 713
f 667 713 712
f 667 668 713
f 2205 2170 2206
f 2171 2170 2134
f 2170 2205 2169
f 2170 2169 2134
f 2205 2206 2204
f 406 404 405
f 406 440 404
f 403 404 439
f 440 439 404
f 450 451 452
f 392 356 357
f 392 391 356
f 391 390 356
f 967 966 893
f 1055 966 967
f 432 431 396
f 396 433 432
f 395 396 431
f 876 877 947
f 946 875 947
f 875 876 947
f 357 393 392
f 434 433 400
f 401 435 400
f 434 400 435
f 1030 2136 1029
f 2136 2172 2135
f 2135 1029 2136
f 892 823 824
f 764 824 823
f 402 403 438
f 403 439 438
f 491 450 492
f 492 489 491
f 452 493 450
f 452 453 494
f 494 493 452
f 877 876 810
f 810 811 877
f 492 450 493
f 425 392 393
f 426 425 393
f 393 427 426
f 401 402 435
f 395 429 428
f 430 429 395
f 431 430 395
f 711 666 667
f 712 711 667
f 444 489 488
f 488 487 444
f 444 487 486
f 443 444 486
f 2172 2171 2134
f 2135 2172 2134
f 529 488 489
f 489 492 529
f 418 455 454
f 419 455 418
f 420 419 387
f 946 945 875
f 764 763 714
f 441 406 442
f 441 440 406
f 425 391 392
f 945 1030 1029
f 945 1029 944
f 874 875 945
f 945 944 874
f 390 421 420
f 421 457 420
f 419 420 457
f 486 485 443
f 443 485 442
f 455 419 456
f 457 456 419
f 476 433 434
f 432 433 475
f 476 475 433
f 528 487 488
f 488 529 528
f 427 469 426
f 428 469 427
f 486 487 528
f 390 391 423
f 422 421 390
f 423 422 390
f 753 754 811
f 707 754 753
f 707 708 754
f 752 753 811
f 811 810 752
f 765 824 764
f 714 765 764
f 876 809 810
f 876 875 808
f 808 809 876
f 714 668 669
f 715 765 714
f 715 714 669
f 455 496 454
f 454 494 453
f 494 454 495
f 496 495 454
f 1057 967 968
f 967 893 894
f 894 968 967
f 402 438 437
f 436 435 402
f 437 436 402
f 1028 1029 2135
f 1028 2135 2134
f 494 530 493
f 492 493 530
f 424 391 425
f 466 424 425
f 467 425 426
f 467 466 425
f 667 666 624
f 667 625 668
f 624 625 667
f 664 624 666
f 666 708 664
f 824 825 892
f 766 825 824
f 824 765 766
f 440 441 483
f 439 440 483
f 530 529 492
f 468 469 428
f 428 429 468
f 893 892 825
f 391 424 423
f 752 707 753
f 807 808 875
f 874 807 875
f 2169 2205 2204
f 485 441 442
f 431 432 474
f 432 475 474
f 486 528 527
f 526 486 525
f 527 525 486
f 485 486 526
f 708 707 664
f 1058 2165 2164
f 1057 1058 2164
f 528 529 527
f 571 527 529
f 529 572 571
f 529 530 572
f 873 874 944
f 873 807 874
f 1028 943 1029
f 944 1029 943
f 494 531 530
f 495 531 494
f 457 421 458
f 421 422 461
f 461 460 421
f 459 458 421
f 460 459 421
f 750 808 807
f 809 808 751
f 750 751 808
f 716 766 765
f 765 715 716
f 438 439 482
f 483 482 439
f 456 496 455
f 468 426 469
f 468 467 426
f 825 894 893
f 530 531 572
f 1058 2166 2165
f 2165 2166 2204
f 474 430 431
f 968 969 1057
f 1057 969 1058
f 625 626 668
f 669 668 626
f 434 435 477
f 476 434 477
f 752 810 751
f 810 809 751
f 437 438 481
f 482 481 438
f 624 665 622
f 625 624 585
f 622 623 624
f 624 623 585
f 664 665 624
f 525 485 526
f 457 497 456
f 497 457 458
f 664 707 663
f 707 752 706
f 706 663 707
f 752 751 706
f 485 484 441
f 441 484 483
f 424 464 423
f 463 422 423
f 464 463 423
f 430 471 429
f 472 430 473
f 471 430 472
f 474 473 430
f 665 664 621
f 621 622 665
f 873 944 943
f 424 466 465
f 463 424 465
f 464 424 463
f 485 525 524
f 484 485 524
f 873 943 942
f 1028 942 943
f 477 475 476
f 586 626 625
f 585 586 625
f 468 429 470
f 470 467 468
f 2134 2169 2133
f 2168 2133 2169
f 2169 2204 2168
f 2166 2168 2204
f 467 506 466
f 467 470 506
f 463 462 422
f 462 461 422
f 1028 2134 1027
f 2134 2133 1027
f 1059 1058 969
f 968 895 969
f 970 969 895
f 970 1059 969
f 715 669 670
f 669 626 670
f 532 531 495
f 531 573 572
f 532 573 531
f 873 806 807
f 807 749 750
f 749 807 806
f 895 968 894
f 894 825 826
f 894 826 895
f 513 474 475
f 477 513 475
f 573 571 572
f 497 496 456
f 623 622 583
f 583 622 621
f 942 872 873
f 806 873 872
f 1059 2166 1058
f 670 716 715
f 466 506 505
f 466 505 504
f 504 465 466
f 627 670 626
f 626 586 587
f 587 627 626
f 483 521 482
f 521 520 482
f 481 482 520
f 583 584 623
f 585 623 584
f 436 478 435
f 478 477 435
f 436 437 480
f 481 480 437
f 663 621 664
f 463 502 462
f 462 460 461
f 460 462 501
f 462 502 501
f 463 465 502
f 477 514 513
f 477 478 515
f 514 477 515
f 502 465 503
f 501 502 540
f 540 502 503
f 704 751 750
f 749 704 750
f 942 1028 941
f 871 872 942
f 942 941 871
f 506 470 507
f 429 471 470
f 471 507 470
f 570 525 527
f 569 525 570
f 569 524 525
f 751 705 706
f 751 704 705
f 495 496 532
f 521 483 484
f 484 524 523
f 568 523 524
f 568 524 569
f 527 571 570
f 497 458 459
f 1025 1027 2133
f 1027 1025 1026
f 1027 940 1028
f 940 1027 1026
f 474 513 512
f 512 473 474
f 513 514 512
f 716 670 717
f 717 670 671
f 671 670 627
f 481 520 480
f 585 584 542
f 584 583 541
f 541 542 584
f 766 826 825
f 587 628 627
f 628 587 588
f 588 587 544
f 543 544 587
f 543 587 586
f 479 436 480
f 478 436 479
f 941 1028 940
f 547 505 506
f 547 506 507
f 515 556 514
f 514 556 555
f 512 514 555
f 2132 2133 2168
f 2168 2167 2132
f 2166 2167 2168
f 516 478 479
f 516 515 478
f 706 662 663
f 619 663 662
f 619 621 663
f 484 522 521
f 520 521 519
f 521 522 519
f 498 496 497
f 534 533 496
f 498 534 496
f 533 532 496
f 826 766 768
f 768 827 826
f 895 826 827
f 671 627 628
f 568 569 570
f 705 662 706
f 504 505 544
f 544 503 504
f 465 504 503
f 471 472 507
f 621 581 583
f 582 541 583
f 583 581 582
f 766 767 768
f 767 766 716
f 717 767 716
f 1059 2167 2166
f 570 571 609
f 570 609 568
f 573 532 574
f 533 574 532
f 459 498 497
f 545 505 546
f 505 547 546
f 545 544 505
f 806 872 805
f 806 805 749
f 620 581 621
f 621 619 620
f 548 507 508
f 507 472 508
f 548 547 507
f 556 515 557
f 516 557 515
f 484 523 522
f 500 460 501
f 459 460 500
f 582 540 541
f 540 503 541
f 541 503 542
f 610 609 573
f 574 610 573
f 609 571 573
f 540 539 501
f 582 539 540
f 498 459 499
f 499 459 500
f 581 539 582
f 768 767 718
f 767 717 718
f 628 588 589
f 588 545 589
f 545 588 544
f 546 589 545
f 501 539 500
f 538 500 539
f 500 538 537
f 537 499 500
f 580 619 618
f 618 619 662
f 580 620 619
f 871 941 940
f 939 940 1026
f 939 871 940
f 1025 2133 2132
f 548 546 547
f 620 580 581
f 970 895 896
f 827 896 895
f 705 661 662
f 661 705 704
f 672 671 628
f 672 717 671
f 567 523 568
f 609 608 568
f 568 608 567
f 581 538 539
f 580 538 581
f 499 536 498
f 536 535 498
f 535 534 498
f 661 618 662
f 546 548 589
f 473 512 511
f 512 555 554
f 554 511 512
f 579 580 618
f 661 660 618
f 660 617 618
f 579 618 617
f 537 536 499
f 629 672 628
f 628 589 629
f 580 537 538
f 1060 2167 1059
f 970 1060 1059
f 703 704 748
f 704 749 748
f 661 704 703
f 480 520 519
f 522 523 566
f 567 566 523
f 872 871 805
f 2131 1025 2132
f 2167 2131 2132
f 549 590 589
f 590 629 589
f 589 548 549
f 971 970 897
f 970 896 897
f 970 971 1060
f 649 608 609
f 609 610 649
f 574 533 534
f 2167 1060 2131
f 1060 1024 2131
f 1025 2131 1024
f 937 1026 1025
f 1026 937 939
f 673 718 717
f 672 673 717
f 566 565 522
f 519 522 565
f 567 608 607
f 567 607 606
f 566 567 606
f 649 610 650
f 611 610 574
f 611 651 610
f 651 650 610
f 574 534 575
f 535 575 534
f 579 537 580
f 702 661 703
f 702 660 661
f 805 748 749
f 557 555 556
f 537 579 578
f 576 536 537
f 578 577 537
f 576 537 577
f 576 535 536
f 535 576 575
f 518 517 480
f 480 519 518
f 517 479 480
f 1025 1024 937
f 896 827 828
f 827 768 828
f 517 516 479
f 805 871 804
f 804 748 805
f 938 871 939
f 871 938 870
f 871 870 804
f 575 611 574
f 673 674 718
f 719 768 718
f 674 719 718
f 1061 1060 971
f 1061 1024 1060
f 630 672 629
f 673 672 630
f 590 630 629
f 606 565 566
f 508 549 548
f 472 473 509
f 510 509 473
f 511 510 473
f 555 557 558
f 558 554 555
f 557 516 558
f 578 579 617
f 509 508 472
f 516 517 559
f 560 559 517
f 517 518 560
f 937 938 939
f 554 510 511
f 1061 971 972
f 897 972 971
f 768 719 769
f 768 769 828
f 630 590 631
f 631 590 591
f 550 590 549
f 550 591 590
f 577 575 576
f 828 897 896
f 607 608 648
f 649 648 608
f 516 559 558
f 649 650 691
f 650 651 691
f 702 659 660
f 659 617 660
f 508 550 549
f 509 551 508
f 551 550 508
f 673 630 674
f 631 674 630
f 691 648 649
f 578 614 577
f 575 577 613
f 614 613 577
f 659 658 617
f 578 617 616
f 658 616 617
f 747 703 748
f 804 747 748
f 1024 1061 2130
f 1062 2130 1061
f 1062 1061 972
f 972 897 973
f 828 898 897
f 897 898 973
f 828 829 898
f 828 769 829
f 563 518 519
f 560 518 561
f 562 518 563
f 518 562 561
f 615 614 578
f 616 615 578
f 553 510 554
f 552 509 510
f 510 553 552
f 558 559 599
f 599 559 600
f 559 560 600
f 747 702 703
f 659 702 701
f 702 747 701
f 519 564 563
f 519 565 564
f 645 606 607
f 646 645 607
f 607 648 647
f 647 646 607
f 591 550 592
f 550 551 592
f 1024 2130 1023
f 1024 1023 937
f 770 769 719
f 720 719 674
f 720 770 719
f 554 597 553
f 554 558 598
f 554 598 597
f 598 558 599
f 564 562 563
f 565 606 605
f 645 605 606
f 564 565 605
f 631 591 632
f 592 632 591
f 598 599 639
f 597 598 639
f 601 560 561
f 600 560 601
f 613 612 575
f 612 611 575
f 659 701 657
f 658 659 657
f 804 870 803
f 747 804 746
f 803 746 804
f 509 552 551
f 868 870 938
f 870 868 869
f 869 803 870
f 1022 1023 2130
f 1022 2130 1062
f 720 674 675
f 675 674 631
f 631 632 676
f 676 675 631
f 648 691 647
f 653 613 614
f 655 614 615
f 654 653 614
f 655 654 614
f 592 551 552
f 972 973 974
f 974 973 899
f 898 899 973
f 615 616 655
f 700 657 701
f 746 701 747
f 701 746 700
f 938 937 868
f 829 769 830
f 830 769 770
f 601 561 602
f 561 562 603
f 561 603 602
f 691 690 647
f 692 691 651
f 690 691 692
f 651 611 612
f 652 692 651
f 612 652 651
f 616 658 657
f 616 657 656
f 656 655 616
f 1062 972 974
f 721 720 675
f 675 676 721
f 600 601 602
f 937 936 868
f 1023 936 937
f 830 831 829
f 898 829 831
f 592 552 593
f 633 592 593
f 633 632 592
f 612 613 652
f 653 652 613
f 677 676 632
f 633 677 632
f 600 639 599
f 600 640 639
f 602 640 600
f 722 676 677
f 722 721 676
f 596 597 639
f 596 639 638
f 639 640 638
f 654 655 697
f 653 654 695
f 696 695 654
f 696 654 697
f 974 1022 1062
f 868 803 869
f 803 868 867
f 935 867 868
f 868 936 935
f 657 700 699
f 656 657 699
f 746 803 745
f 700 746 745
f 1022 974 975
f 975 1021 1022
f 936 1022 1021
f 1023 1022 936
f 831 899 898
f 770 720 771
f 830 770 771
f 693 690 692
f 692 652 693
f 697 655 656
f 552 553 594
f 594 553 595
f 596 553 597
f 596 595 553
f 699 698 656
f 698 697 656
f 771 831 830
f 594 593 552
f 562 564 604
f 564 605 604
f 653 695 652
f 720 721 772
f 722 772 721
f 645 646 647
f 690 689 647
f 690 693 738
f 738 689 690
f 745 744 700
f 700 744 699
f 899 975 974
f 604 605 645
f 645 647 688
f 689 688 647
f 694 693 652
f 694 652 695
f 698 742 697
f 742 696 697
f 635 593 594
f 637 636 594
f 636 635 594
f 595 637 594
f 562 604 603
f 604 645 644
f 687 644 645
f 645 688 687
f 900 899 831
f 832 900 831
f 771 832 831
f 772 771 720
f 699 744 743
f 743 698 699
f 745 803 802
f 802 803 865
f 803 866 865
f 803 867 866
f 602 603 641
f 640 602 641
f 1021 935 936
f 634 677 633
f 593 634 633
f 634 593 635
f 641 603 642
f 643 642 603
f 603 604 644
f 603 644 643
f 693 694 738
f 742 695 696
f 935 934 867
f 866 867 934
f 695 742 741
f 695 739 694
f 740 739 695
f 741 740 695
f 743 742 698
f 1063 1021 975
f 1021 1063 1064
f 935 1021 1020
f 1064 1020 1021
f 771 772 832
f 773 832 772
f 772 722 773
f 635 678 634
f 678 677 634
f 742 743 799
f 741 742 798
f 799 798 742
f 744 745 801
f 802 801 745
f 976 1063 975
f 975 899 976
f 900 976 899
f 722 677 678
f 865 864 802
f 864 801 802
f 934 935 1018
f 935 1020 1019
f 935 1019 1018
f 595 596 638
f 688 689 735
f 735 687 688
f 738 694 739
f 640 641 642
f 743 744 801
f 801 800 743
f 800 799 743
f 638 637 595
f 638 640 682
f 640 642 682
f 794 738 739
f 738 794 793
f 738 793 737
f 737 689 738
f 934 933 866
f 932 865 866
f 932 866 933
f 722 723 773
f 678 723 722
f 774 832 773
f 773 723 774
f 678 635 636
f 679 723 678
f 679 678 636
f 642 643 684
f 684 683 642
f 683 682 642
f 637 638 681
f 681 638 682
f 643 644 686
f 644 687 686
f 686 687 734
f 734 687 735
f 977 1063 976
f 976 900 977
f 637 680 636
f 637 681 680
f 685 643 686
f 684 643 685
f 2126 2116 2127
f 2126 2114 2116
f 2125 2114 2126
f 2125 2126 2129
f 2128 2129 2126
f 2128 2126 2127
f 2118 2128 2127
f 2116 2117 2127
f 2127 2117 2118
f 1971 1984 1983
f 1984 1971 1974
f 1973 1974 1971
f 1972 1973 1971
f 1958 1972 1971
f 1971 1983 1970
f 1970 1958 1971
f 1983 1986 1982
f 1982 1970 1983
f 1983 1984 1986
f 723 679 724
f 680 724 679
f 679 636 680
f 2125 2113 2114
f 2116 2114 2115
f 2114 2100 2115
f 2099 2100 2114
f 2114 2113 2098
f 2098 2099 2114
f 833 900 832
f 900 833 901
f 834 901 833
f 774 833 832
f 833 774 834
f 1984 1985 1978
f 1985 1984 1974
f 1985 1974 1976
f 1976 1977 1985
f 1977 1978 1985
f 1986 1981 1982
f 1979 1981 1986
f 1986 1984 1979
f 689 737 736
f 736 735 689
f 932 864 865
f 724 774 723
f 775 774 724
f 775 835 774
f 835 834 774
f 1978 1979 1984
f 2104 2117 2116
f 2115 2103 2116
f 2103 2104 2116
f 1114 1020 1064
f 1114 1064 1115
f 1064 1116 1115
f 977 1064 1063
f 1065 1116 1064
f 1064 977 1065
f 2124 2113 2125
f 2111 2124 2110
f 2113 2124 2111
f 2125 2129 2124
f 2124 2129 2123
f 2110 2124 2123
f 799 860 798
f 800 861 799
f 860 799 861
f 1980 1968 1981
f 1968 1982 1981
f 1979 1980 1981
f 1968 1969 1982
f 1970 1982 1969
f 2113 2111 2112
f 2096 2112 2111
f 2111 2110 2096
f 2129 2128 2120
f 2120 2123 2129
f 1973 1972 1960
f 1960 1974 1973
f 901 977 900
f 901 978 977
f 978 1065 977
f 2100 2102 2115
f 2102 2103 2115
f 2112 2098 2113
f 2112 2096 2097
f 2098 2112 2097
f 2128 2119 2120
f 2118 2119 2128
f 1978 1964 1979
f 1964 1978 1977
f 724 680 725
f 776 724 725
f 776 775 724
f 683 681 682
f 2110 2123 2109
f 2096 2110 2095
f 2109 2095 2110
f 740 794 739
f 793 794 856
f 795 794 740
f 794 795 856
f 800 801 863
f 800 863 862
f 862 861 800
f 1975 1974 1961
f 1974 1960 1961
f 1975 1976 1974
f 1960 1972 1959
f 1959 1972 1958
f 1969 1958 1970
f 1969 1956 1958
f 1958 1947 1959
f 1956 1947 1958
f 1980 1979 1966
f 1966 1979 1964
f 734 735 788
f 735 789 788
f 735 736 790
f 790 789 735
f 741 798 797
f 796 740 741
f 797 796 741
f 864 863 801
f 932 863 864
f 1114 1019 1020
f 2104 2105 2117
f 2117 2105 2118
f 736 737 792
f 791 790 736
f 736 792 791
f 860 859 798
f 859 797 798
f 934 1018 1017
f 1017 933 934
f 728 727 681
f 729 728 681
f 683 729 681
f 680 681 727
f 1968 1980 1967
f 1966 1967 1980
f 1961 1976 1975
f 1961 1962 1976
f 1962 1963 1976
f 1976 1963 1977
f 793 792 737
f 733 685 686
f 686 734 733
f 1949 1961 1960
f 1960 1959 1949
f 1968 1955 1969
f 1954 1955 1968
f 1968 1967 1954
f 2106 2118 2105
f 2090 2105 2104
f 2090 2091 2105
f 2106 2105 2091
f 2100 2099 2088
f 2098 2087 2099
f 2099 2087 2088
f 2119 2118 2106
f 2120 2119 2107
f 2106 2107 2119
f 860 861 929
f 859 860 928
f 928 860 929
f 1018 1019 1112
f 1114 1113 1019
f 1113 1112 1019
f 726 725 680
f 680 727 726
f 2098 2097 2087
f 2123 2121 2109
f 2123 2120 2121
f 1111 1018 1112
f 1111 1110 1018
f 1017 1018 1110
f 834 835 902
f 902 901 834
f 1965 1964 1952
f 1952 1964 1963
f 1963 1964 1977
f 1966 1964 1965
f 855 793 856
f 793 854 792
f 854 793 855
f 2097 2096 2086
f 2085 2086 2096
f 2096 2095 2083
f 2084 2096 2083
f 2084 2085 2096
f 780 726 727
f 780 727 728
f 730 729 683
f 683 684 730
f 1956 1969 1955
f 1953 1967 1966
f 1966 1965 1953
f 2101 2102 2100
f 2103 2102 2090
f 2101 2090 2102
f 2088 2101 2100
f 2097 2086 2087
f 2120 2107 2121
f 796 795 740
f 777 775 776
f 835 775 777
f 2095 2109 2108
f 2108 2094 2095
f 2083 2095 2094
f 2122 2109 2121
f 2121 2107 2108
f 2108 2122 2121
f 791 792 854
f 777 776 725
f 777 725 778
f 726 778 725
f 790 791 851
f 851 789 790
f 797 859 858
f 928 858 859
f 1110 1016 1017
f 1016 933 1017
f 787 733 734
f 787 734 788
f 2103 2090 2104
f 796 797 858
f 858 857 796
f 795 796 857
f 861 930 929
f 862 930 861
f 862 863 931
f 932 931 863
f 1115 1113 1114
f 902 980 901
f 978 901 979
f 980 979 901
f 1949 1962 1961
f 2087 2086 2076
f 2074 2086 2085
f 2075 2076 2086
f 2086 2074 2075
f 1113 1166 1112
f 1167 1166 1113
f 1115 1167 1113
f 2122 2108 2109
f 788 789 849
f 850 789 851
f 789 850 849
f 1111 1109 1110
f 1016 1110 1109
f 2076 2088 2087
f 933 1015 932
f 932 1015 1014
f 931 932 1014
f 904 903 835
f 836 904 835
f 836 835 777
f 902 835 903
f 726 780 779
f 778 726 779
f 1963 1962 1950
f 1950 1962 1949
f 1959 1947 1948
f 1948 1949 1959
f 1967 1953 1954
f 791 852 851
f 852 791 853
f 853 791 854
f 1952 1963 1951
f 1963 1950 1951
f 2107 2106 2092
f 2106 2091 2092
f 857 856 795
f 933 1016 1015
f 728 729 780
f 730 684 731
f 684 685 732
f 684 732 731
f 852 850 851
f 979 1065 978
f 1952 1953 1965
f 1166 1111 1112
f 1115 1116 1169
f 1169 1116 1117
f 1116 1065 1117
f 1947 1956 1957
f 1956 1946 1957
f 1944 1946 1956
f 1956 1955 1944
f 2101 2088 2089
f 2077 2089 2088
f 2077 2088 2076
f 2085 2084 2074
f 2108 2107 2094
f 931 930 862
f 1115 1169 1168
f 1167 1115 1168
f 787 786 733
f 685 733 732
f 732 733 786
f 2071 2074 2084
f 2084 2083 2071
f 850 852 919
f 919 852 920
f 920 852 853
f 1109 1111 1166
f 902 979 980
f 730 731 782
f 729 730 782
f 2090 2101 2089
f 918 849 850
f 918 850 919
f 853 854 920
f 928 929 1010
f 930 1010 929
f 787 788 848
f 787 848 847
f 847 786 787
f 1942 1954 1953
f 1953 1952 1942
f 1015 1016 1107
f 1107 1014 1015
f 1955 1954 1943
f 1943 1954 1942
f 1951 1950 1939
f 1950 1938 1939
f 1949 1938 1950
f 1957 1946 1947
f 2079 2090 2089
f 2079 2089 2078
f 2089 2077 2078
f 2094 2107 2093
f 2092 2093 2107
f 848 788 849
f 2094 2093 2083
f 856 854 855
f 858 928 927
f 1010 927 928
f 1221 1166 1167
f 1220 1219 1166
f 1220 1166 1221
f 1109 1166 1165
f 1165 1166 1219
f 778 836 777
f 2091 2090 2079
f 2082 2071 2083
f 2093 2082 2083
f 858 926 857
f 926 858 927
f 1949 1948 1938
f 1947 1937 1948
f 1938 1948 1937
f 1164 1109 1165
f 1163 1109 1164
f 1016 1109 1108
f 1108 1109 1163
f 1944 1955 1943
f 2077 2076 2064
f 2075 2064 2076
f 2082 2093 2081
f 2093 2092 2080
f 2080 2081 2093
f 1951 1942 1952
f 854 856 922
f 922 856 923
f 922 923 1004
f 922 921 854
f 921 922 1003
f 922 1004 1003
f 857 923 856
f 1014 1013 931
f 1014 1107 1106
f 1014 1106 1013
f 1108 1107 1016
f 917 849 918
f 848 849 917
f 1951 1939 1940
f 1940 1942 1951
f 1947 1946 1937
f 2064 2078 2077
f 925 924 857
f 857 926 925
f 924 923 857
f 1010 930 1011
f 1012 1011 930
f 931 1012 930
f 837 836 778
f 778 838 837
f 838 778 839
f 779 839 778
f 920 854 921
f 921 1002 920
f 920 1001 919
f 1002 1001 920
f 785 784 732
f 732 786 785
f 732 783 731
f 784 783 732
f 903 981 902
f 981 903 904
f 1003 1002 921
f 927 1010 1009
f 925 926 927
f 1009 925 927
f 981 979 902
f 841 779 780
f 729 781 780
f 781 841 780
f 1944 1937 1946
f 2078 2065 2079
f 2079 2080 2091
f 2080 2079 2065
f 2071 2082 2070
f 2082 2081 2070
f 1012 931 1013
f 729 782 781
f 917 847 848
f 1001 1000 919
f 919 1000 918
f 1011 1009 1010
f 1162 1161 1107
f 1108 1162 1107
f 1161 1106 1107
f 1938 1937 1926
f 1926 1927 1938
f 1927 1939 1938
f 1942 1940 1941
f 1943 1942 1931
f 1941 1931 1942
f 1169 1117 1170
f 1065 1066 1117
f 1117 1066 1118
f 1118 1170 1117
f 1067 1066 979
f 1067 979 981
f 1066 1065 979
f 999 917 918
f 1000 999 918
f 2092 2091 2080
f 2070 2081 2068
f 2067 2068 2081
f 2080 2067 2081
f 1004 923 1005
f 923 924 1005
f 782 731 783
f 1000 1001 1091
f 1001 1002 1093
f 1091 1001 1092
f 1093 1092 1001
f 1005 1003 1004
f 1163 1162 1108
f 1163 1164 1217
f 1162 1163 1216
f 1217 1216 1163
f 2074 2071 2073
f 2063 2075 2074
f 2073 2063 2074
f 2059 2071 2070
f 2072 2073 2071
f 2072 2071 2059
f 2065 2078 2064
f 1012 1103 1011
f 1012 1105 1104
f 1104 1103 1012
f 1012 1013 1106
f 1105 1012 1106
f 1164 1165 1218
f 1218 1165 1219
f 904 836 905
f 836 837 905
f 924 925 1006
f 1006 1005 924
f 1009 1011 1103
f 1106 1161 1160
f 1160 1105 1106
f 839 779 840
f 841 840 779
f 785 786 847
f 1168 1169 1224
f 1169 1170 1224
f 925 1009 1008
f 1103 1008 1009
f 1940 1939 1928
f 1939 1927 1928
f 1002 1003 1096
f 1096 1003 1097
f 1149 1095 1096
f 1096 1097 1149
f 1002 1096 1095
f 1003 1005 1098
f 1098 1097 1003
f 1215 1161 1162
f 1216 1215 1162
f 1224 1167 1168
f 1223 1167 1224
f 1221 1167 1222
f 1223 1222 1167
f 2075 2063 2064
f 1093 1002 1094
f 1095 1094 1002
f 1008 1007 925
f 1006 925 1007
f 1218 1217 1164
f 1099 1005 1006
f 1006 1100 1099
f 1006 1007 1100
f 1067 1118 1066
f 1215 1160 1161
f 1928 1941 1940
f 2067 2080 2066
f 2065 2066 2080
f 1090 999 1000
f 1091 1090 1000
f 1103 1104 1102
f 1008 1103 1102
f 905 981 904
f 1937 1944 1945
f 1932 1945 1944
f 1944 1943 1932
f 2070 2068 2069
f 2058 2059 2070
f 2069 2058 2070
f 2067 2053 2068
f 2066 2053 2067
f 1098 1150 1097
f 1150 1149 1097
f 1098 1005 1099
f 1007 1008 1101
f 1008 1102 1101
f 1104 1105 1158
f 1159 1158 1105
f 1160 1159 1105
f 917 916 847
f 785 847 846
f 916 846 847
f 999 1089 998
f 1090 1089 999
f 917 999 998
f 1150 1098 1099
f 1101 1100 1007
f 1156 1101 1102
f 1102 1104 1156
f 1156 1104 1157
f 1158 1157 1104
f 981 1068 1067
f 1067 1119 1118
f 1068 1119 1067
f 782 783 843
f 844 843 783
f 784 844 783
f 1937 1936 1926
f 1936 1937 1945
f 1931 1932 1943
f 2063 2073 2062
f 2061 2073 2072
f 2062 2073 2061
f 2053 2054 2068
f 2054 2069 2068
f 1101 1156 1155
f 1156 1157 1155
f 1160 1215 1214
f 1214 1159 1160
f 1215 1278 1214
f 1278 1215 1279
f 1216 1279 1215
f 1170 1118 1171
f 1171 1224 1170
f 846 784 785
f 1220 1285 1219
f 1219 1285 1284
f 1218 1219 1284
f 1216 1217 1281
f 1279 1216 1280
f 1216 1281 1280
f 1220 1221 1287
f 1222 1287 1221
f 841 781 842
f 842 781 782
f 2051 2065 2064
f 2051 2052 2065
f 2065 2052 2066
f 1093 1145 1092
f 1094 1145 1093
f 1151 1150 1099
f 1099 1100 1151
f 1936 1945 1933
f 1945 1932 1933
f 2064 2063 2051
f 1916 1928 1927
f 1915 1916 1927
f 1926 1914 1927
f 1914 1915 1927
f 1931 1941 1930
f 1930 1941 1929
f 1941 1928 1929
f 1091 1092 1143
f 1090 1091 1143
f 1100 1101 1152
f 1152 1151 1100
f 1212 1155 1157
f 1157 1158 1212
f 1213 1212 1158
f 1158 1159 1213
f 1213 1159 1214
f 784 846 845
f 844 784 845
f 1936 1925 1926
f 1914 1926 1925
f 1149 1148 1095
f 1094 1095 1148
f 2060 2072 2059
f 2060 2061 2072
f 1143 1092 1144
f 1092 1145 1144
f 840 841 909
f 840 908 839
f 909 908 840
f 2052 2053 2066
f 1151 1149 1150
f 1278 1213 1214
f 1213 1278 1277
f 1279 1342 1278
f 1342 1277 1278
f 1224 1172 1223
f 1224 1171 1172
f 1119 1171 1118
f 837 906 905
f 982 981 905
f 982 905 906
f 1152 1101 1153
f 1154 1101 1155
f 1154 1153 1101
f 1285 1220 1286
f 1285 1286 1284
f 1932 1931 1920
f 1930 1920 1931
f 2050 2051 2063
f 2062 2050 2063
f 1928 1916 1929
f 1933 1932 1920
f 1283 1217 1218
f 1284 1283 1218
f 1287 1286 1220
f 1068 981 982
f 2047 2059 2058
f 2047 2060 2059
f 1149 1151 1206
f 1206 1205 1149
f 1148 1149 1205
f 1151 1207 1206
f 1208 1207 1151
f 1151 1152 1153
f 1151 1153 1208
f 1154 1155 1212
f 998 916 917
f 1206 1269 1205
f 1207 1269 1206
f 1915 1914 1904
f 1905 1916 1915
f 1915 1904 1905
f 1277 1212 1213
f 1217 1282 1281
f 1283 1282 1217
f 1223 1225 1222
f 1172 1225 1223
f 1225 1287 1222
f 1925 1913 1914
f 1904 1914 1903
f 1913 1903 1914
f 1171 1119 1120
f 1120 1172 1171
f 1281 1282 1280
f 1345 1280 1282
f 1282 1283 1346
f 1346 1345 1282
f 1154 1212 1211
f 1153 1154 1210
f 1210 1154 1211
f 1145 1094 1146
f 1146 1202 1145
f 1144 1145 1202
f 1148 1147 1094
f 1146 1094 1147
f 1277 1341 1276
f 1212 1277 1276
f 1277 1342 1341
f 838 907 837
f 839 907 838
f 782 843 842
f 997 998 1089
f 997 916 998
f 1929 1916 1917
f 1917 1916 1905
f 1143 1144 1199
f 1202 1199 1144
f 1212 1276 1211
f 2038 2052 2037
f 2053 2052 2038
f 2036 2052 2051
f 2036 2037 2052
f 1936 1924 1925
f 1924 1936 1935
f 1933 1935 1936
f 1204 1147 1148
f 1205 1204 1148
f 1287 1349 1286
f 1288 1349 1287
f 1225 1288 1287
f 1199 1201 1143
f 1143 1089 1090
f 1089 1143 1142
f 1142 1143 1201
f 1153 1210 1209
f 1208 1153 1209
f 1935 1933 1934
f 1920 1934 1933
f 2051 2050 2036
f 1284 1346 1283
f 2049 2050 2062
f 2050 2049 2035
f 2050 2035 2036
f 1142 1088 1089
f 997 1089 1088
f 1142 1201 1141
f 1200 1141 1201
f 1201 1199 1200
f 1284 1286 1348
f 1286 1349 1348
f 1119 1068 1069
f 1069 1120 1119
f 1210 1211 1273
f 1211 1275 1274
f 1211 1274 1273
f 1276 1275 1211
f 1343 1342 1279
f 1280 1343 1279
f 842 843 910
f 841 842 910
f 2069 2054 2055
f 2055 2054 2039
f 2054 2053 2039
f 2038 2039 2053
f 1172 1120 1173
f 1173 1120 1174
f 1121 1174 1120
f 1069 1121 1120
f 1202 1146 1203
f 1147 1203 1146
f 906 837 907
f 910 909 841
f 910 843 911
f 844 911 843
f 2055 2058 2069
f 1273 1209 1210
f 1930 1929 1918
f 1918 1919 1930
f 1919 1920 1930
f 1088 1142 1087
f 1141 1087 1142
f 1204 1203 1147
f 1348 1349 1350
f 1288 1350 1349
f 916 915 846
f 997 915 916
f 2049 2062 2061
f 2061 2060 2048
f 2061 2048 2049
f 1348 1347 1284
f 1413 1347 1348
f 1413 1348 1350
f 1202 1203 1263
f 1199 1202 1262
f 1202 1263 1262
f 1345 1344 1280
f 1343 1280 1344
f 1068 982 983
f 906 983 982
f 1924 1913 1925
f 1341 1342 1406
f 1342 1343 1406
f 1407 1343 1344
f 1407 1406 1343
f 983 1069 1068
f 1269 1268 1205
f 1204 1205 1268
f 1275 1276 1340
f 1276 1341 1340
f 1225 1172 1226
f 1173 1226 1172
f 1929 1917 1918
f 1270 1207 1208
f 1269 1207 1270
f 1341 1406 1405
f 1340 1341 1405
f 912 911 844
f 844 845 912
f 1209 1273 1272
f 1208 1209 1271
f 1272 1271 1209
f 915 914 846
f 845 846 914
f 2047 2048 2060
f 1208 1271 1270
f 1275 1340 1339
f 1339 1274 1275
f 1347 1346 1284
f 906 907 985
f 907 839 908
f 908 985 907
f 1924 1912 1913
f 1924 1935 1923
f 1924 1923 1912
f 2055 2039 2040
f 2040 2056 2055
f 2057 2058 2055
f 2057 2055 2056
f 1204 1266 1203
f 1266 1265 1203
f 1265 1264 1203
f 1264 1263 1203
f 1409 1345 1346
f 1410 1409 1346
f 1347 1410 1346
f 1226 1227 1225
f 1227 1288 1225
f 1912 1900 1913
f 1901 1902 1913
f 1900 1901 1913
f 1913 1902 1903
f 1920 1919 1909
f 1920 1909 1921
f 1921 1934 1920
f 1344 1345 1408
f 1407 1344 1408
f 1934 1923 1935
f 2057 2046 2058
f 2058 2046 2047
f 1088 1087 996
f 996 997 1088
f 1272 1273 1338
f 1273 1274 1338
f 910 987 909
f 911 987 910
f 1906 1918 1917
f 1917 1905 1906
f 1890 1904 1903
f 1903 1902 1890
f 1892 1905 1904
f 1892 1893 1905
f 1893 1906 1905
f 1918 1909 1919
f 1200 1140 1141
f 1200 1199 1139
f 1139 1140 1200
f 997 996 915
f 1198 1139 1199
f 1262 1198 1199
f 1266 1204 1267
f 1268 1267 1204
f 1272 1336 1271
f 1336 1335 1271
f 1270 1271 1335
f 1339 1338 1274
f 1339 1340 1405
f 1141 1140 1087
f 1175 1226 1173
f 1175 1227 1226
f 1934 1922 1923
f 1934 1921 1922
f 2034 2035 2049
f 2049 2048 2034
f 1269 1270 1334
f 1335 1334 1270
f 1288 1227 1289
f 1289 1350 1288
f 1174 1175 1173
f 1268 1269 1334
f 1347 1411 1410
f 1412 1411 1347
f 1347 1413 1412
f 1350 1351 1413
f 1351 1414 1413
f 1412 1413 1414
f 2025 2039 2038
f 2037 2025 2038
f 1406 1407 1485
f 1485 1405 1406
f 1409 1408 1345
f 2057 2056 2044
f 2046 2057 2045
f 2057 2044 2045
f 1086 996 1087
f 1086 1087 1140
f 1227 1175 1176
f 1176 1228 1227
f 1289 1227 1228
f 908 909 986
f 986 985 908
f 1904 1890 1892
f 1339 1405 1404
f 1402 1338 1339
f 1403 1402 1339
f 1404 1403 1339
f 984 1072 983
f 983 906 984
f 983 1070 1069
f 1070 983 1071
f 983 1072 1071
f 915 996 995
f 1086 1085 996
f 1083 1084 996
f 996 1085 1083
f 1084 995 996
f 1407 1408 1485
f 1485 1408 1486
f 1487 1486 1408
f 1408 1409 1487
f 2035 2024 2036
f 2024 2035 2023
f 2023 2035 2022
f 2035 2034 2022
f 912 987 911
f 1922 1912 1923
f 2037 2036 2024
f 2037 2024 2025
f 1267 1332 1266
f 1332 1265 1266
f 1336 1272 1337
f 1337 1272 1338
f 1487 1409 1410
f 1901 1889 1902
f 1890 1902 1889
f 2048 2047 2033
f 2047 2046 2033
f 1918 1906 1907
f 1909 1918 1907
f 913 912 845
f 845 914 913
f 1139 1198 1197
f 1198 1262 1197
f 1262 1263 1261
f 1197 1262 1261
f 1329 1263 1264
f 1329 1261 1263
f 1334 1333 1268
f 1333 1267 1268
f 1405 1485 1484
f 1484 1404 1405
f 1893 1894 1906
f 1894 1907 1906
f 1140 1139 1086
f 1401 1337 1338
f 1338 1402 1401
f 1410 1411 1487
f 1351 1350 1289
f 2046 2045 2033
f 2040 2039 2026
f 2025 2026 2039
f 1174 1122 1175
f 1175 1122 1176
f 985 984 906
f 1333 1332 1267
f 1121 1069 1070
f 2048 2033 2034
f 1398 1333 1334
f 1334 1335 1398
f 1174 1121 1122
f 1122 1121 1070
f 2027 2041 2040
f 2056 2040 2041
f 2040 2026 2027
f 912 988 987
f 986 987 988
f 909 987 986
f 915 994 914
f 994 915 995
f 2044 2056 2042
f 2041 2042 2056
f 1921 1910 1922
f 1909 1910 1921
f 1335 1336 1337
f 1414 1351 1352
f 1351 1289 1291
f 1291 1352 1351
f 2013 2026 2012
f 2025 2012 2026
f 2027 2026 2013
f 1264 1330 1329
f 1264 1265 1330
f 1908 1909 1907
f 1907 1894 1908
f 1228 1290 1289
f 1290 1228 1229
f 1176 1229 1228
f 1332 1331 1265
f 1265 1331 1330
f 1289 1290 1291
f 2012 2025 2024
f 1411 1412 1489
f 1412 1414 1489
f 914 994 993
f 994 1084 993
f 1084 994 995
f 1891 1892 1890
f 1893 1892 1875
f 1892 1891 1875
f 1086 1139 1138
f 1086 1138 1085
f 1333 1397 1332
f 1398 1397 1333
f 1484 1483 1404
f 1483 1403 1404
f 984 985 1074
f 1072 984 1073
f 984 1074 1073
f 1177 1229 1176
f 1176 1122 1177
f 1999 1638 2000
f 2000 2015 1999
f 2000 1638 2001
f 2001 2015 2000
f 1196 1138 1139
f 1196 1139 1197
f 1486 1487 1564
f 1564 1485 1486
f 1890 1873 1891
f 1889 1873 1890
f 1637 1546 1638
f 1999 1637 1638
f 1999 1998 1637
f 1998 1636 1637
f 1636 1545 1637
f 1546 1637 1545
f 1402 1403 1481
f 1402 1481 1401
f 989 912 913
f 912 989 988
f 1912 1922 1911
f 1911 1922 1910
f 2044 2042 2032
f 2043 2032 2042
f 2041 2027 2042
f 2028 2043 2042
f 2042 2027 2028
f 1909 1908 1895
f 1895 1910 1909
f 1463 1547 1546
f 1462 1546 1461
f 1463 1546 1462
f 1546 1547 1638
f 1546 1545 1461
f 1329 1328 1261
f 1330 1328 1329
f 1488 1487 1411
f 1488 1411 1489
f 2023 2012 2024
f 1290 1229 1230
f 1230 1291 1290
f 993 992 914
f 992 913 914
f 1873 1889 1872
f 1888 1889 1901
f 1888 1872 1889
f 1900 1888 1901
f 1900 1912 1899
f 1899 1888 1900
f 1894 1893 1877
f 1875 1876 1893
f 1876 1877 1893
f 2015 1998 1999
f 1639 2001 1638
f 1547 1639 1638
f 2032 2045 2044
f 1545 1636 1635
f 1636 1998 1635
f 1891 1873 1874
f 1874 1873 1851
f 1872 1851 1873
f 2032 2033 2045
f 1261 1260 1197
f 1259 1197 1260
f 1196 1197 1259
f 1259 1260 1325
f 1259 1258 1196
f 1258 1259 1325
f 1335 1337 1400
f 1399 1398 1335
f 1335 1400 1399
f 1352 1415 1414
f 1415 1352 1353
f 1352 1291 1353
f 1124 1123 1070
f 1070 1123 1122
f 1070 1071 1124
f 1083 1085 1137
f 1083 1137 1082
f 1083 1082 993
f 1084 1083 993
f 1085 1138 1137
f 1326 1325 1260
f 1260 1261 1327
f 1327 1326 1260
f 1330 1331 1395
f 1395 1331 1332
f 1396 1395 1332
f 1397 1396 1332
f 1397 1398 1476
f 1398 1399 1476
f 1564 1484 1485
f 1489 1414 1415
f 1177 1230 1229
f 1195 1138 1196
f 1195 1196 1258
f 988 1076 986
f 1075 986 1076
f 985 986 1075
f 1872 1888 1887
f 1898 1888 1899
f 1898 1887 1888
f 1395 1394 1330
f 1394 1328 1330
f 1461 1545 1460
f 1635 1544 1545
f 1544 1460 1545
f 2015 2001 2016
f 1639 2002 2001
f 2002 2016 2001
f 2013 1996 1997
f 2013 1997 2014
f 2013 2014 2027
f 1996 2013 2012
f 2011 1996 2012
f 2012 2023 2011
f 2028 2027 2015
f 2014 2015 2027
f 1911 1899 1912
f 1122 1123 1177
f 1072 1125 1071
f 1125 1072 1126
f 1073 1126 1072
f 1138 1195 1137
f 1325 1324 1257
f 1258 1325 1257
f 1326 1390 1325
f 1324 1325 1390
f 1261 1328 1327
f 1481 1403 1482
f 1482 1403 1483
f 1195 1258 1194
f 1194 1258 1257
f 1480 1401 1481
f 1481 1482 1480
f 1415 1416 1489
f 1416 1488 1489
f 1871 1851 1872
f 1887 1871 1872
f 1353 1291 1292
f 1291 1230 1292
f 1230 1177 1231
f 1231 1294 1230
f 1292 1230 1293
f 1294 1293 1230
f 2034 2033 2020
f 2033 2032 2020
f 1639 1547 1548
f 1639 1548 1640
f 2002 1639 1640
f 1460 1387 1461
f 1387 1388 1461
f 1462 1461 1388
f 2043 2028 2029
f 2029 2028 2016
f 2015 2016 2028
f 1401 1400 1337
f 1400 1401 1479
f 1401 1480 1479
f 1177 1123 1178
f 1178 1232 1177
f 1232 1231 1177
f 992 991 913
f 1081 992 993
f 992 1081 991
f 1875 1891 1874
f 2032 2043 2031
f 2030 2031 2043
f 2043 2029 2030
f 1875 1854 1876
f 1854 1875 1853
f 1875 1874 1853
f 1894 1877 1878
f 1877 1876 1854
f 1877 1854 1878
f 1660 1576 1578
f 1853 1660 1661
f 1661 1660 1578
f 1852 1659 1660
f 1659 1576 1660
f 1660 1853 1852
f 1500 1580 1579
f 1578 1579 1661
f 1579 1578 1500
f 1579 1580 1662
f 1661 1579 1662
f 1322 1388 1387
f 1388 1322 1323
f 1388 1323 1389
f 1389 1462 1388
f 1463 1462 1389
f 1464 1547 1463
f 1389 1464 1463
f 1634 1997 1996
f 1996 1995 1634
f 2011 1995 1996
f 2017 2030 2029
f 2017 2029 2016
f 913 990 989
f 989 990 1077
f 989 1077 988
f 1634 1544 1635
f 1544 1634 1633
f 1635 1997 1634
f 1633 1634 1995
f 2016 2002 2017
f 1327 1391 1326
f 1390 1326 1391
f 1393 1327 1328
f 1328 1394 1393
f 1564 1487 1565
f 1488 1565 1487
f 1075 1074 985
f 1081 993 1082
f 2022 2011 2023
f 1327 1392 1391
f 1393 1392 1327
f 1899 1911 1898
f 1324 1323 1257
f 1390 1323 1324
f 1464 1389 1465
f 1465 1389 1390
f 1389 1323 1390
f 1851 1852 1874
f 1853 1874 1852
f 1894 1895 1908
f 1077 1076 988
f 1193 1137 1194
f 1194 1137 1195
f 1193 1136 1137
f 1136 1082 1137
f 2031 2020 2032
f 2019 2031 2030
f 2020 2031 2019
f 2017 2002 2003
f 2002 1640 2003
f 1547 1464 1548
f 1894 1878 1895
f 1293 1354 1292
f 1353 1292 1354
f 1075 1073 1074
f 1563 1484 1564
f 1564 1565 1563
f 1576 1659 1658
f 1659 1852 1851
f 1851 1658 1659
f 1910 1895 1896
f 1896 1911 1910
f 1879 1895 1878
f 1879 1896 1895
f 1294 1231 1295
f 1294 1295 1357
f 1294 1356 1293
f 1357 1356 1294
f 1231 1232 1233
f 1231 1233 1295
f 2021 2022 2034
f 2034 2020 2021
f 1476 1399 1477
f 1399 1400 1477
f 1498 1577 1576
f 1577 1578 1576
f 1575 1498 1576
f 1575 1576 1657
f 1576 1658 1657
f 1123 1124 1125
f 1125 1180 1123
f 1123 1179 1178
f 1180 1179 1123
f 1125 1124 1071
f 1562 1483 1484
f 1484 1563 1562
f 1421 1420 1356
f 1357 1421 1356
f 1355 1293 1356
f 1420 1355 1356
f 1460 1459 1387
f 1387 1459 1385
f 1386 1387 1385
f 1322 1387 1386
f 2017 2003 2018
f 2018 2030 2017
f 1887 1898 1886
f 1897 1898 1911
f 1897 1886 1898
f 1856 1662 1663
f 1856 1855 1662
f 1662 1580 1663
f 1661 1662 1855
f 1478 1477 1400
f 1479 1478 1400
f 1488 1490 1565
f 1565 1490 1566
f 1566 1563 1565
f 1479 1480 1559
f 1480 1482 1559
f 1416 1490 1488
f 1871 1850 1851
f 1658 1851 1850
f 1580 1501 1502
f 1581 1580 1502
f 1581 1663 1580
f 1580 1500 1501
f 1501 1500 1423
f 1423 1502 1501
f 1499 1423 1500
f 1422 1423 1499
f 1358 1423 1422
f 1423 1358 1424
f 1424 1502 1423
f 1232 1178 1233
f 913 991 990
f 1896 1897 1911
f 1357 1422 1421
f 1422 1357 1358
f 1499 1421 1422
f 1497 1421 1498
f 1499 1498 1421
f 1420 1421 1497
f 1257 1323 1322
f 1257 1322 1256
f 1194 1257 1256
f 1641 2003 1640
f 1640 1548 1549
f 1549 1641 1640
f 1466 1391 1392
f 1391 1465 1390
f 1466 1465 1391
f 1879 1878 1855
f 1855 1878 1854
f 1178 1179 1233
f 2021 2010 2022
f 2008 2021 2020
f 2021 2008 2009
f 2009 2010 2021
f 1464 1465 1466
f 1136 1135 1082
f 1082 1135 1081
f 1256 1322 1321
f 1386 1321 1322
f 1460 1544 1459
f 1633 1632 1544
f 1632 1543 1544
f 1459 1544 1543
f 2008 2020 2019
f 1354 1293 1355
f 1354 1355 1419
f 1420 1419 1355
f 1394 1395 1472
f 1472 1393 1394
f 2022 2010 2011
f 1995 2011 2010
f 1548 1464 1467
f 1466 1467 1464
f 1483 1562 1561
f 1482 1483 1561
f 1490 1416 1491
f 1415 1353 1416
f 1417 1416 1353
f 1417 1491 1416
f 1575 1496 1497
f 1420 1497 1496
f 1420 1496 1419
f 1496 1575 1574
f 1495 1496 1574
f 1496 1495 1419
f 1657 1574 1575
f 1575 1497 1498
f 1896 1879 1881
f 1881 1897 1896
f 1424 1503 1502
f 1581 1502 1503
f 1633 1995 1632
f 2007 2008 2019
f 2019 2006 2007
f 2018 2019 2030
f 2019 2018 2006
f 1856 1879 1855
f 1661 1855 1854
f 1296 1357 1295
f 1358 1357 1296
f 1295 1233 1296
f 1256 1255 1194
f 1194 1255 1193
f 1397 1474 1396
f 1475 1474 1397
f 1397 1476 1475
f 1477 1557 1476
f 1476 1557 1475
f 1354 1417 1353
f 1856 1663 1857
f 1879 1856 1880
f 1856 1857 1880
f 1467 1549 1548
f 1663 1581 1582
f 1664 1663 1582
f 1664 1857 1663
f 1395 1396 1474
f 1472 1395 1473
f 1474 1473 1395
f 1886 1871 1887
f 1581 1503 1582
f 1477 1478 1558
f 1557 1477 1558
f 1425 1424 1358
f 1297 1358 1296
f 1359 1425 1358
f 1297 1359 1358
f 2018 2003 2004
f 2003 1641 1642
f 1642 2004 2003
f 1479 1559 1478
f 1563 1566 1648
f 1563 1648 1562
f 1657 1658 1849
f 1849 1658 1850
f 1574 1657 1656
f 1849 1656 1657
f 1296 1233 1297
f 1073 1127 1126
f 1127 1073 1075
f 1418 1417 1354
f 1354 1419 1418
f 1880 1881 1879
f 1080 1081 1135
f 1080 991 1081
f 1459 1384 1385
f 1385 1321 1386
f 1320 1385 1384
f 1320 1321 1385
f 1459 1543 1458
f 1384 1459 1458
f 1467 1466 1392
f 1491 1567 1490
f 1490 1567 1566
f 1076 1128 1075
f 1076 1129 1128
f 1076 1077 1129
f 1632 1631 1541
f 1543 1632 1541
f 1632 1995 1631
f 2009 2008 1992
f 2007 1992 2008
f 2004 2006 2018
f 1641 1549 1550
f 1550 1642 1641
f 1233 1179 1234
f 1297 1233 1234
f 1235 1234 1179
f 1236 1235 1179
f 1179 1180 1236
f 1256 1254 1255
f 1321 1254 1256
f 1503 1424 1504
f 1424 1425 1504
f 1419 1495 1494
f 1419 1494 1418
f 1886 1870 1871
f 1850 1871 1870
f 1886 1897 1883
f 1886 1883 1870
f 1858 1881 1880
f 1857 1858 1880
f 1134 1136 1192
f 1136 1193 1192
f 1135 1136 1134
f 1994 1631 1995
f 2010 1994 1995
f 1392 1468 1467
f 1468 1549 1467
f 1393 1472 1471
f 1473 1471 1472
f 1469 1468 1392
f 1392 1393 1469
f 1573 1495 1574
f 1572 1495 1573
f 1494 1495 1572
f 1897 1881 1882
f 1882 1883 1897
f 1664 1582 1665
f 1583 1665 1582
f 1504 1583 1582
f 1582 1503 1504
f 2009 1994 2010
f 1993 1994 2009
f 1631 1994 1993
f 1469 1393 1470
f 1393 1471 1470
f 1494 1493 1418
f 1417 1418 1492
f 1493 1492 1418
f 1180 1125 1181
f 1126 1181 1125
f 1078 1077 990
f 1130 1129 1077
f 1077 1078 1130
f 1320 1254 1321
f 2006 2004 1990
f 2006 1990 2007
f 1989 1990 2004
f 2004 2005 1989
f 2004 1642 2005
f 1255 1192 1193
f 1255 1254 1192
f 1549 1468 1550
f 1556 1475 1557
f 1555 1474 1475
f 1556 1555 1475
f 1869 1850 1870
f 1869 1849 1850
f 1235 1297 1234
f 1882 1881 1858
f 1667 1857 1664
f 1858 1857 1667
f 1426 1504 1425
f 1425 1359 1426
f 1236 1180 1181
f 1992 1993 2009
f 1993 1992 1628
f 1992 1627 1628
f 1992 2007 1990
f 1990 1627 1992
f 1478 1559 1558
f 1541 1457 1543
f 1458 1543 1457
f 1555 1473 1474
f 1075 1128 1127
f 1134 1192 1191
f 1134 1080 1135
f 1080 1134 1133
f 1133 1134 1191
f 1561 1560 1482
f 1559 1482 1560
f 1648 1647 1562
f 1647 1561 1562
f 1574 1656 1573
f 1848 1656 1849
f 1656 1655 1573
f 1848 1847 1656
f 1847 1655 1656
f 1298 1359 1297
f 1235 1298 1297
f 1993 1630 1631
f 1630 1541 1631
f 1558 1556 1557
f 1566 1567 1649
f 1648 1566 1649
f 1492 1491 1417
f 1383 1320 1384
f 1384 1458 1383
f 1551 1550 1468
f 1550 1551 1643
f 1643 1642 1550
f 1080 1079 991
f 1079 1080 1132
f 1133 1132 1080
f 1254 1320 1253
f 1192 1254 1253
f 2005 1642 1987
f 1643 1987 1642
f 1859 1860 1882
f 1858 1859 1882
f 1860 1883 1882
f 1572 1493 1494
f 1883 1885 1870
f 1885 1869 1870
f 1883 1860 1884
f 1884 1885 1883
f 1505 1504 1426
f 1505 1506 1504
f 1583 1504 1506
f 1426 1359 1427
f 1360 1427 1359
f 1298 1360 1359
f 1236 1181 1182
f 1127 1181 1126
f 1181 1127 1182
f 1383 1458 1457
f 1629 1993 1628
f 1630 1993 1629
f 990 991 1078
f 1079 1078 991
f 1626 1627 1990
f 1626 1538 1627
f 1628 1627 1538
f 1555 1554 1473
f 1473 1554 1471
f 1561 1647 1646
f 1561 1646 1560
f 1127 1128 1129
f 1470 1551 1468
f 1468 1469 1470
f 1553 1471 1554
f 1553 1470 1471
f 1568 1567 1491
f 1492 1568 1491
f 1567 1568 1569
f 1568 1492 1569
f 1668 1860 1859
f 1668 1859 1858
f 1666 1665 1583
f 1665 1667 1664
f 1667 1665 1666
f 1505 1426 1427
f 1540 1541 1630
f 1630 1629 1540
f 1650 1649 1567
f 1569 1650 1567
f 1987 1988 2005
f 1989 2005 1988
f 1649 1840 1648
f 1840 1647 1648
f 1858 1667 1668
f 1551 1623 1643
f 1622 1623 1551
f 1622 1551 1552
f 1552 1551 1470
f 1560 1644 1559
f 1558 1559 1644
f 1655 1572 1573
f 1861 1884 1860
f 1668 1861 1860
f 1541 1542 1457
f 1541 1540 1454
f 1542 1541 1454
f 1616 1558 1644
f 1556 1558 1617
f 1558 1616 1617
f 1571 1493 1572
f 1655 1571 1572
f 1235 1236 1299
f 1236 1182 1237
f 1299 1236 1237
f 1623 1987 1643
f 1570 1492 1493
f 1571 1570 1493
f 1298 1235 1299
f 1991 1626 1990
f 1991 1990 1625
f 1990 1989 1625
f 1646 1645 1560
f 1644 1560 1645
f 1849 1869 1848
f 1839 1646 1647
f 1647 1840 1839
f 1869 1866 1848
f 1866 1869 1865
f 1869 1885 1865
f 1989 1988 1625
f 1617 1555 1556
f 1506 1507 1583
f 1584 1666 1583
f 1507 1584 1583
f 1552 1470 1553
f 1885 1884 1865
f 1299 1360 1298
f 1300 1360 1299
f 1360 1300 1361
f 1427 1360 1361
f 1320 1383 1319
f 1457 1455 1383
f 1383 1455 1456
f 1383 1382 1319
f 1382 1383 1456
f 1629 1628 1540
f 1538 1540 1628
f 1253 1252 1192
f 1191 1192 1252
f 1320 1319 1253
f 1569 1492 1570
f 1861 1668 1862
f 1861 1863 1884
f 1861 1862 1863
f 1542 1455 1457
f 1455 1542 1454
f 1427 1428 1505
f 1506 1505 1428
f 1079 1130 1078
f 1132 1133 1190
f 1191 1190 1133
f 1382 1318 1319
f 1319 1318 1253
f 1863 1865 1884
f 1667 1666 1585
f 1667 1585 1668
f 1428 1507 1506
f 1318 1252 1253
f 1361 1362 1427
f 1428 1427 1362
f 1183 1182 1127
f 1183 1237 1182
f 1668 1863 1862
f 1669 1863 1668
f 1668 1585 1586
f 1586 1669 1668
f 1666 1584 1585
f 1987 1625 1988
f 1570 1571 1652
f 1652 1651 1570
f 1569 1570 1651
f 1552 1621 1622
f 1553 1621 1552
f 1649 1650 1841
f 1840 1649 1841
f 1252 1251 1191
f 1190 1191 1251
f 1625 1987 1624
f 1987 1623 1624
f 1651 1650 1569
f 1654 1571 1655
f 1571 1654 1653
f 1653 1652 1571
f 1584 1507 1508
f 1428 1429 1507
f 1429 1508 1507
f 1428 1362 1429
f 1251 1252 1318
f 1540 1538 1539
f 1539 1454 1540
f 1655 1847 1654
f 1300 1299 1237
f 1624 1623 1536
f 1623 1622 1536
f 1866 1865 1671
f 1865 1864 1671
f 1863 1864 1865
f 1130 1184 1129
f 1127 1129 1184
f 1625 1626 1991
f 1553 1554 1619
f 1620 1621 1553
f 1553 1619 1620
f 1555 1619 1554
f 1537 1625 1624
f 1625 1537 1626
f 1847 1848 1846
f 1866 1846 1848
f 1300 1237 1238
f 1237 1183 1238
f 1184 1183 1127
f 1839 1645 1646
f 1645 1839 1838
f 1838 1644 1645
f 1841 1650 1651
f 1538 1626 1537
f 1132 1131 1079
f 1130 1079 1131
f 1619 1555 1618
f 1555 1617 1618
f 1532 1617 1616
f 1532 1618 1617
f 1654 1847 1846
f 1654 1846 1845
f 1866 1845 1846
f 1585 1584 1508
f 1586 1585 1508
f 1536 1537 1624
f 1183 1184 1238
f 1618 1533 1619
f 1620 1619 1533
f 1536 1622 1535
f 1621 1535 1622
f 1190 1189 1132
f 1250 1189 1190
f 1190 1251 1250
f 1238 1301 1300
f 1361 1300 1301
f 1537 1453 1538
f 1539 1538 1453
f 1839 1840 1868
f 1839 1868 1838
f 1189 1131 1132
f 1455 1454 1380
f 1539 1453 1454
f 1453 1380 1454
f 1840 1841 1867
f 1840 1867 1868
f 1653 1843 1652
f 1653 1654 1845
f 1844 1843 1653
f 1845 1844 1653
f 1845 1866 1671
f 1251 1318 1317
f 1382 1317 1318
f 1669 1864 1863
f 1317 1250 1251
f 1644 1838 1837
f 1616 1644 1837
f 1301 1362 1361
f 1239 1302 1238
f 1302 1301 1238
f 1238 1184 1239
f 1620 1533 1534
f 1534 1533 1449
f 1533 1532 1449
f 1532 1533 1618
f 1586 1508 1587
f 1586 1670 1669
f 1587 1670 1586
f 1363 1362 1301
f 1430 1429 1362
f 1363 1430 1362
f 1380 1456 1455
f 1536 1450 1537
f 1450 1452 1537
f 1537 1452 1453
f 1535 1621 1534
f 1620 1534 1621
f 1532 1616 1615
f 1837 1615 1616
f 1651 1842 1841
f 1652 1842 1651
f 1184 1130 1185
f 1131 1186 1130
f 1186 1185 1130
f 1868 1867 1835
f 1867 1842 1673
f 1673 1835 1867
f 1842 1867 1841
f 1842 1652 1843
f 1184 1185 1240
f 1240 1239 1184
f 1381 1317 1382
f 1456 1381 1382
f 1535 1450 1536
f 1670 1864 1669
f 1670 1671 1864
f 1131 1189 1188
f 1131 1188 1187
f 1186 1131 1187
f 1363 1301 1302
f 1509 1508 1429
f 1509 1587 1508
f 1250 1317 1316
f 1381 1316 1317
f 1452 1380 1453
f 1587 1509 1588
f 1587 1588 1589
f 1589 1670 1587
f 1316 1249 1250
f 1189 1250 1188
f 1249 1188 1250
f 1838 1868 1836
f 1836 1837 1838
f 1429 1430 1509
f 1534 1450 1535
f 1614 1615 1837
f 1614 1837 1836
f 1456 1380 1381
f 1534 1449 1450
f 1589 1672 1671
f 1671 1670 1589
f 1845 1671 1844
f 1672 1844 1671
f 1304 1239 1240
f 1302 1239 1303
f 1239 1304 1303
f 1185 1186 1242
f 1185 1242 1241
f 1240 1185 1241
f 1532 1615 1531
f 1614 1531 1615
f 1452 1450 1451
f 1451 1450 1376
f 1450 1449 1376
f 1835 1836 1868
f 1363 1302 1303
f 1842 1843 1673
f 1363 1303 1364
f 1430 1363 1431
f 1363 1364 1431
f 1241 1242 1308
f 1243 1308 1242
f 1186 1243 1242
f 1381 1380 1315
f 1316 1381 1315
f 1448 1449 1532
f 1531 1448 1532
f 1315 1380 1379
f 1315 1248 1316
f 1248 1315 1314
f 1315 1379 1378
f 1378 1314 1315
f 1509 1430 1510
f 1431 1510 1430
f 1306 1240 1241
f 1305 1304 1240
f 1240 1306 1305
f 1186 1187 1244
f 1244 1243 1186
f 1188 1249 1248
f 1248 1187 1188
f 1380 1452 1379
f 1452 1451 1379
f 1588 1509 1510
f 1308 1307 1241
f 1241 1307 1306
f 1244 1187 1245
f 1246 1245 1187
f 1187 1248 1247
f 1247 1246 1187
f 1843 1844 1673
f 1316 1248 1249
f 1303 1304 1364
f 1307 1308 1369
f 1308 1309 1369
f 1245 1308 1243
f 1308 1245 1309
f 1614 1836 1613
f 1613 1531 1614
f 1836 1835 1613
f 1365 1364 1304
f 1304 1305 1366
f 1365 1304 1366
f 1367 1306 1307
f 1366 1306 1367
f 1305 1306 1366
f 1244 1245 1243
f 1588 1511 1589
f 1590 1589 1511
f 1590 1672 1589
f 1510 1511 1588
f 1376 1449 1448
f 1431 1364 1432
f 1364 1365 1432
f 1451 1378 1379
f 1673 1674 1835
f 1613 1835 1674
f 1592 1674 1673
f 1672 1673 1844
f 1673 1672 1592
f 1246 1309 1245
f 1591 1592 1672
f 1590 1591 1672
f 1369 1368 1307
f 1367 1307 1368
f 1376 1377 1451
f 1378 1451 1377
f 1531 1613 1612
f 1611 1531 1612
f 1530 1448 1531
f 1531 1611 1530
f 1511 1510 1431
f 1435 1366 1367
f 1366 1435 1365
f 1309 1370 1369
f 1369 1438 1368
f 1369 1370 1439
f 1439 1438 1369
f 1310 1309 1246
f 1309 1310 1370
f 1377 1314 1378
f 1314 1247 1248
f 1376 1448 1375
f 1377 1376 1313
f 1375 1313 1376
f 1365 1435 1434
f 1434 1433 1365
f 1432 1365 1433
f 1313 1314 1377
f 1247 1314 1313
f 1590 1511 1512
f 1512 1591 1590
f 1511 1431 1512
f 1367 1368 1438
f 1371 1370 1310
f 1371 1439 1370
f 1674 1593 1613
f 1592 1593 1674
f 1592 1591 1513
f 1593 1592 1513
f 1431 1432 1512
f 1512 1432 1513
f 1433 1513 1432
f 1311 1310 1246
f 1246 1247 1311
f 1591 1512 1513
f 1436 1434 1435
f 1436 1435 1367
f 1313 1312 1247
f 1247 1312 1311
f 1313 1375 1374
f 1312 1313 1374
f 1612 1613 1611
f 1593 1611 1613
f 1373 1311 1312
f 1312 1374 1373
f 1517 1434 1436
f 1437 1517 1436
f 1436 1367 1437
f 1434 1514 1433
f 1514 1513 1433
f 1438 1437 1367
f 1447 1375 1448
f 1448 1530 1447
f 1514 1434 1515
f 1516 1515 1434
f 1434 1517 1516
f 1310 1372 1371
f 1311 1372 1310
f 1529 1447 1530
f 1529 1530 1611
f 1610 1529 1611
f 1593 1610 1611
f 1438 1521 1520
f 1438 1439 1521
f 1519 1437 1438
f 1520 1519 1438
f 1442 1371 1372
f 1443 1442 1372
f 1373 1372 1311
f 1373 1443 1372
f 1593 1513 1594
f 1594 1513 1514
f 1594 1514 1515
f 1375 1447 1374
f 1529 1446 1447
f 1446 1374 1447
f 1521 1439 1522
f 1440 1522 1439
f 1371 1440 1439
f 1526 1442 1443
f 1442 1441 1371
f 1525 1442 1526
f 1524 1441 1442
f 1442 1525 1524
f 1593 1594 1595
f 1515 1595 1594
f 1610 1609 1529
f 1529 1528 1446
f 1529 1609 1528
f 1595 1610 1593
f 1444 1526 1443
f 1373 1444 1443
f 1437 1518 1517
f 1437 1519 1518
f 1440 1371 1441
f 1518 1516 1517
f 1446 1445 1374
f 1445 1373 1374
f 1518 1519 1598
f 1516 1518 1597
f 1597 1518 1598
f 1596 1595 1516
f 1515 1516 1595
f 1596 1610 1595
f 1520 1521 1601
f 1601 1521 1522
f 1444 1373 1445
f 1596 1516 1597
f 1601 1600 1520
f 1684 1601 1602
f 1522 1602 1601
f 1683 1601 1684
f 1683 1600 1601
f 1526 1444 1527
f 1527 1525 1526
f 1609 1675 1608
f 1610 1675 1609
f 1608 1528 1609
f 1446 1444 1445
f 1444 1446 1528
f 1675 1596 1676
f 1675 1610 1596
f 1676 1608 1675
f 1441 1522 1440
f 1597 1676 1596
f 1522 1441 1523
f 1524 1523 1441
f 1520 1599 1519
f 1599 1598 1519
f 1444 1528 1527
f 1608 1527 1528
f 1527 1608 1607
f 1607 1606 1527
f 1606 1525 1527
f 1608 1676 1677
f 1677 1607 1608
f 1676 1597 1677
f 1599 1600 1680
f 1600 1599 1520
f 1599 1680 1679
f 1598 1599 1679
f 1523 1602 1522
f 1602 1685 1684
f 1523 1603 1602
f 1685 1602 1603
f 1682 1600 1683
f 1682 1681 1600
f 1681 1680 1600
f 1678 1677 1597
f 1597 1598 1678
f 1683 1684 1682
f 1684 1685 1682
f 1694 1606 1607
f 1607 1695 1694
f 1695 1607 1696
f 1607 1677 1697
f 1696 1607 1697
f 1606 1605 1525
f 1605 1524 1525
f 1679 1678 1598
f 1677 1678 1698
f 1678 1699 1698
f 1699 1678 1700
f 1678 1679 1702
f 1678 1702 1701
f 1701 1700 1678
f 1707 1681 1682
f 1682 1685 1707
f 1698 1697 1677
f 1523 1524 1603
f 1606 1693 1605
f 1692 1605 1693
f 1524 1605 1604
f 1604 1605 1691
f 1605 1692 1691
f 1680 1681 1703
f 1679 1680 1703
f 1694 1693 1606
f 1694 1695 1722
f 1722 1721 1694
f 1720 1694 1721
f 1720 1693 1694
f 1679 1703 1702
f 1524 1604 1603
f 1685 1686 1707
f 1685 1603 1686
f 1695 1696 1722
f 1697 1722 1696
f 1688 1687 1603
f 1686 1603 1687
f 1604 1688 1603
f 1697 1698 1723
f 1697 1723 1722
f 1730 1702 1703
f 1730 1703 1731
f 1704 1731 1703
f 1704 1703 1681
f 1706 1681 1707
f 1706 1707 1708
f 1686 1708 1707
f 1724 1723 1698
f 1698 1699 1724
f 1681 1706 1705
f 1681 1705 1704
f 1751 1722 1752
f 1721 1722 1751
f 1723 1752 1722
f 1702 1730 1729
f 1728 1701 1702
f 1702 1729 1728
f 1687 1708 1686
f 1690 1604 1691
f 1604 1690 1689
f 1688 1604 1689
f 1750 1721 1751
f 1752 1750 1751
f 1700 1701 1727
f 1701 1728 1727
f 1735 1705 1706
f 1706 1708 1735
f 1693 1720 1692
f 1719 1692 1720
f 1749 1720 1721
f 1720 1749 1719
f 1721 1750 1749
f 1728 1729 1761
f 1730 1761 1729
f 1763 1730 1731
f 1730 1763 1762
f 1761 1730 1762
f 1704 1705 1733
f 1732 1731 1704
f 1704 1733 1732
f 1700 1724 1699
f 1750 1752 1778
f 1752 1753 1778
f 1753 1752 1723
f 1705 1735 1734
f 1734 1733 1705
f 1711 1687 1688
f 1713 1688 1689
f 1688 1713 1712
f 1712 1711 1688
f 1749 1750 1748
f 1750 1778 1748
f 1736 1708 1737
f 1709 1737 1708
f 1687 1709 1708
f 1736 1735 1708
f 1691 1715 1690
f 1715 1691 1716
f 1691 1692 1716
f 1724 1700 1725
f 1723 1724 1754
f 1724 1725 1754
f 1735 1736 1737
f 1737 1734 1735
f 1734 1738 1733
f 1732 1733 1764
f 1733 1738 1765
f 1733 1765 1764
f 1690 1713 1689
f 1761 1727 1728
f 1727 1761 1760
f 1759 1760 1761
f 1762 1759 1761
f 1710 1709 1687
f 1687 1711 1710
f 1748 1778 1777
f 1753 1777 1778
f 1714 1713 1690
f 1715 1714 1690
f 1726 1725 1700
f 1727 1726 1700
f 1734 1737 1738
f 1717 1716 1692
f 1718 1717 1692
f 1719 1718 1692
f 1754 1753 1723
f 1753 1754 1780
f 1779 1753 1780
f 1777 1753 1779
f 1712 1713 1714
f 1737 1709 1738
f 1717 1715 1716
f 1748 1719 1749
f 1776 1748 1777
f 1776 1747 1748
f 1719 1748 1747
f 1731 1764 1763
f 1731 1732 1764
f 1718 1719 1746
f 1747 1746 1719
f 1709 1710 1739
f 1738 1709 1739
f 1714 1715 1742
f 1712 1714 1742
f 1712 1717 1711
f 1712 1742 1717
f 1715 1717 1742
f 1776 1777 1779
f 1760 1759 1727
f 1727 1759 1726
f 1759 1762 1758
f 1759 1758 1726
f 1780 1754 1755
f 1754 1725 1755
f 1711 1717 1741
f 1741 1740 1711
f 1710 1711 1740
f 1747 1776 1775
f 1779 1775 1776
f 1766 1763 1764
f 1765 1766 1764
f 1740 1739 1710
f 1747 1775 1774
f 1747 1774 1746
f 1762 1763 1758
f 1765 1738 1739
f 1739 1766 1765
f 1743 1741 1717
f 1717 1718 1743
f 1718 1746 1745
f 1774 1745 1746
f 1775 1779 1799
f 1779 1780 1799
f 1740 1768 1739
f 1767 1766 1739
f 1768 1767 1739
f 1740 1741 1768
f 1799 1780 1781
f 1755 1781 1780
f 1763 1788 1758
f 1766 1788 1763
f 1798 1774 1775
f 1775 1799 1798
f 1725 1726 1756
f 1756 1755 1725
f 1799 1781 1798
f 1726 1758 1757
f 1757 1756 1726
f 1745 1774 1773
f 1797 1773 1774
f 1745 1773 1772
f 1773 1797 1772
f 1743 1718 1744
f 1745 1744 1718
f 1771 1744 1745
f 1771 1745 1772
f 1774 1798 1797
f 1755 1782 1781
f 1782 1798 1781
f 1768 1790 1767
f 1766 1767 1789
f 1790 1789 1767
f 1783 1782 1755
f 1756 1783 1755
f 1758 1788 1787
f 1787 1788 1766
f 1789 1787 1766
f 1796 1797 1798
f 1798 1782 1796
f 1744 1770 1743
f 1771 1770 1744
f 1782 1783 1801
f 1800 1782 1801
f 1782 1800 1796
f 1797 1796 1772
f 1784 1756 1757
f 1784 1783 1756
f 1787 1786 1758
f 1786 1757 1758
f 1790 1768 1791
f 1768 1741 1769
f 1768 1769 1791
f 1741 1743 1769
f 1810 1790 1791
f 1790 1810 1789
f 1807 1787 1789
f 1807 1806 1787
f 1787 1785 1786
f 1785 1787 1806
f 1769 1743 1770
f 1800 1818 1796
f 1772 1796 1795
f 1796 1818 1795
f 1800 1801 1802
f 1818 1800 1802
f 1772 1795 1771
f 1789 1809 1808
f 1807 1789 1808
f 1809 1789 1810
f 1801 1783 1802
f 1803 1783 1784
f 1803 1802 1783
f 1785 1757 1786
f 1791 1811 1810
f 1812 1811 1791
f 1791 1769 1792
f 1792 1812 1791
f 1785 1784 1757
f 1809 1810 1825
f 1811 1825 1810
f 1770 1771 1793
f 1770 1792 1769
f 1793 1792 1770
f 1793 1771 1794
f 1795 1794 1771
f 1785 1803 1784
f 1793 1813 1792
f 1812 1792 1813
f 1807 1808 1823
f 1806 1807 1823
f 1825 1808 1809
f 1804 1803 1785
f 1804 1785 1805
f 1785 1806 1805
f 1824 1823 1808
f 1808 1825 1824
f 1811 1812 1826
f 1827 1826 1812
f 1827 1812 1813
f 1822 1806 1823
f 1822 1805 1806
f 1825 1826 1824
f 1825 1811 1826
f 1794 1815 1793
f 1813 1793 1814
f 1793 1815 1814
f 1802 1817 1818
f 1818 1817 1795
f 1803 1819 1802
f 1819 1803 1804
f 1794 1795 1817
f 1827 1813 1828
f 1828 1826 1827
f 1819 1817 1802
f 1829 1828 1813
f 1813 1814 1829
f 1794 1817 1816
f 1833 1816 1817
f 1819 1833 1817
f 1824 1822 1823
f 1829 1830 1828
f 1828 1830 1834
f 1826 1828 1834
f 1824 1826 1834
f 1814 1815 1831
f 1816 1815 1794
f 1831 1815 1816
f 1805 1819 1804
f 1805 1820 1819
f 1821 1820 1805
f 1821 1805 1822
f 1824 1821 1822
f 1829 1814 1830
f 1830 1814 1831
f 1833 1819 1832
f 1820 1832 1819
f 1834 1821 1824
f 1830 1831 1834
f 1821 1832 1820
f 1832 1821 1834
f 1831 1816 1832
f 1816 1833 1832
f 1834 1831 1832
f 1854 1853 1661
f 32 31 17
f 51 31 32
f 51 30 31
f 31 30 17
f 32 53 52
f 18 32 17
f 32 18 33
f 18 17 6
f 18 6 7
f 51 32 52
f 8 7 1
f 1 7 6
f 2483 2484 2492
f 2482 2483 2493
f 2485 2492 2484
f 2477 2478 2480
f 2500 2477 2501
f 2501 2477 2502
f 2477 2480 2502
f 2493 2495 2481
f 2481 2495 2501
f 2480 2501 2502
f 2481 2501 2480
f 2493 2481 2482
f 503 544 543
f 503 543 542
f 542 543 586
f 542 586 585
f 1500 1577 1498
f 1577 1500 1578
f 1500 1498 1499
f 1997 1635 1998
f 2014 1997 1998
f 2015 2014 1998

