# https://github.com/mikedh/trimesh
v 0.04331698 0.07214429 -0.13345967
v 0.06651096 0.06479440 -0.11905436
v 0.03903311 0.07329001 -0.11788534
v 0.04206448 0.08124468 -0.11928018
v 0.06777090 0.07828826 -0.11822016
v 0.10136201 0.04969949 -0.12538713
v 0.07912694 0.07353016 -0.19292501
v 0.03507898 0.08065366 -0.17424878
v 0.02569598 0.08174520 -0.15344183
v 0.01645717 0.08164237 -0.12542576
v 0.01449499 0.10121605 -0.12948752
v 0.03703131 0.10317552 -0.12236127
v 0.06839360 0.10756770 -0.11436482
v 0.08634557 0.09048940 -0.11166501
v 0.11123557 0.05964736 -0.12805742
v 0.14747755 0.05394451 -0.13950041
v 0.15000390 0.05275745 -0.16152734
v 0.14304781 0.05688349 -0.19275871
v 0.09716354 0.07192658 -0.21065878
v 0.01899588 0.08452395 -0.19732052
v -0.00091981 0.08592984 -0.18318832
v -0.00515556 0.08656777 -0.15212393
v -0.00132544 0.11130898 -0.15186180
v 0.02912624 0.12059039 -0.12964229
v 0.06523277 0.13246713 -0.11308293
v 0.10109111 0.12409952 -0.10709520
v 0.11827565 0.08964630 -0.11451336
v 0.17143865 0.08270676 -0.13059267
v 0.16955498 0.06063766 -0.13740453
v 0.20046970 0.05845464 -0.16762465
v 0.20941065 0.05711887 -0.19544034
v 0.21179612 0.05601569 -0.23291648
v 0.17123839 0.05888635 -0.23981736
v 0.14133154 0.06365933 -0.22517394
v 0.13633831 0.09580010 -0.23240252
v 0.08529381 0.09913877 -0.21539321
v 0.05853114 0.08031526 -0.20526838
v 0.02144563 0.09948135 -0.19942446
v 0.01052525 0.11450040 -0.19318223
v -0.00280741 0.11431249 -0.17377296
v 0.00019668 0.13529987 -0.17130626
v 0.01231439 0.15186744 -0.15080633
v 0.03210136 0.14246382 -0.13255712
v 0.05548359 0.14626875 -0.11018177
v 0.10938260 0.13534185 -0.09715984
v 0.15261249 0.13132706 -0.10952205
v 0.13337493 0.12352521 -0.11649089
v 0.17636191 0.09643311 -0.13027624
v 0.21762900 0.07878383 -0.14244189
v 0.22178780 0.06252520 -0.13688615
v 0.23365151 0.05978823 -0.17721411
v 0.25857076 0.06120477 -0.16342380
v 0.27649552 0.05886041 -0.19770433
v 0.25456356 0.05659867 -0.23617911
v 0.20979621 0.05661501 -0.24663036
v 0.21820442 0.05873214 -0.24658255
v 0.17411071 0.08271093 -0.24101946
v 0.18746310 0.09795504 -0.23392281
v 0.15810676 0.10892030 -0.24088181
v 0.10939263 0.10960832 -0.23401812
v 0.08891304 0.11165705 -0.23343223
v 0.06151620 0.12119349 -0.21550370
v 0.05214870 0.10531933 -0.20865190
v 0.02573865 0.13398566 -0.19588220
v 0.01056638 0.14406672 -0.18311781
v 0.01373669 0.16722721 -0.16067962
v 0.02381795 0.16723499 -0.13925811
v 0.03304557 0.15271361 -0.12164670
v 0.04116652 0.18468872 -0.13423287
v 0.06907756 0.17392542 -0.12460763
v 0.09748821 0.15851736 -0.10799443
v 0.12643932 0.16059058 -0.09994803
v 0.15167502 0.16081494 -0.11076026
v 0.18143093 0.15201201 -0.13720552
v 0.18820224 0.13127850 -0.14012248
v 0.17551175 0.12243608 -0.13862574
v 0.21072977 0.09767492 -0.14407797
v 0.25247953 0.08516793 -0.15436919
v 0.25892544 0.06178117 -0.15020643
v 0.29335061 0.05777534 -0.17180819
v 0.30368000 0.06072387 -0.20741739
v 0.27691583 0.05696145 -0.22945920
v 0.26776352 0.08341127 -0.22792643
v 0.22987420 0.07800695 -0.24109259
v 0.23015276 0.08905264 -0.23255650
v 0.21166483 0.10884640 -0.21412151
v 0.20327659 0.12748725 -0.22801185
v 0.19440072 0.13685229 -0.24201747
v 0.14404459 0.13618764 -0.23739844
v 0.09079312 0.13864389 -0.24158216
v 0.08026548 0.14120079 -0.21890973
v 0.04703802 0.13896196 -0.21297313
v 0.01138332 0.14890829 -0.19590791
v 0.01089571 0.17012015 -0.18323519
v 0.02335757 0.19088868 -0.17201159
v 0.02809353 0.18444421 -0.15273760
v 0.01606523 0.19933047 -0.14838847
v 0.03810378 0.19724543 -0.11554024
v 0.07147060 0.18149138 -0.10887431
v 0.08041642 0.19374064 -0.10472599
v 0.11830082 0.18335720 -0.10945665
v 0.12861080 0.18702527 -0.12132188
v 0.16697836 0.17744183 -0.12340854
v 0.17998452 0.16676177 -0.14026951
v 0.19401297 0.15610006 -0.16444221
v 0.20562742 0.12608323 -0.16226526
v 0.22450592 0.10882187 -0.15645092
v 0.28245989 0.09545351 -0.17304366
v 0.29310885 0.07821531 -0.16882892
v 0.29722225 0.08363702 -0.20496456
v 0.28112215 0.10048289 -0.19444094
v 0.24197371 0.10551813 -0.20737564
v 0.21250960 0.11684572 -0.18181400
v 0.20938019 0.13054266 -0.18296150
v 0.19762848 0.13891971 -0.21848861
v 0.20821595 0.15239718 -0.21444303
v 0.20345017 0.17171388 -0.21435455
v 0.18020446 0.15864925 -0.22733296
v 0.12898901 0.15660882 -0.23708938
v 0.11529430 0.16921631 -0.24908041
v 0.08276390 0.18841913 -0.23968329
v 0.07600307 0.17215858 -0.23122446
v 0.08136421 0.15343357 -0.23527227
v 0.07361400 0.17223880 -0.20062392
v 0.04117017 0.16147871 -0.20727433
v 0.03661705 0.18135119 -0.19100889
v 0.03735152 0.20514933 -0.17134431
v 0.01758321 0.21202590 -0.15318203
v 0.03006212 0.20741445 -0.12201714
v 0.05490307 0.21212140 -0.11860937
v 0.07713299 0.20962274 -0.12709526
v 0.10818350 0.20148701 -0.13229579
v 0.15262447 0.19791277 -0.13018291
v 0.15095329 0.20850747 -0.09255144
v 0.17427453 0.19360437 -0.09946994
v 0.20767933 0.17644930 -0.13966645
v 0.21413893 0.17028330 -0.17870650
v 0.21018115 0.15796923 -0.19232585
v 0.19860781 0.14944477 -0.18334629
v 0.24291877 0.10826159 -0.18118548
v 0.18230824 0.19119919 -0.20991506
v 0.17259291 0.17615977 -0.23421363
v 0.13443492 0.18330923 -0.24650027
v 0.09994849 0.19026861 -0.24597676
v 0.08643556 0.22989212 -0.22572530
v 0.06392370 0.22082172 -0.22483689
v 0.05152282 0.19615183 -0.21321794
v 0.05459540 0.19598978 -0.18510664
v 0.02806537 0.21579534 -0.18499576
v 0.02003039 0.22178194 -0.16587799
v 0.04453571 0.22193425 -0.14930012
v 0.07050732 0.23337654 -0.11845273
v 0.09238574 0.22922049 -0.11518842
v 0.10569045 0.21458201 -0.11708335
v 0.13841264 0.21712506 -0.10773660
v 0.13347610 0.23464572 -0.07469514
v 0.15954691 0.22069409 -0.09013468
v 0.16977811 0.24306006 -0.10148499
v 0.19270701 0.20655687 -0.11241246
v 0.20677646 0.19024655 -0.12367696
v 0.21795556 0.21415261 -0.12317738
v 0.21353124 0.18448590 -0.15969820
v 0.20146808 0.18890710 -0.18095385
v 0.18662229 0.20919346 -0.20016184
v 0.16301062 0.20138260 -0.22135609
v 0.14981706 0.19139267 -0.23539989
v 0.11860519 0.21295255 -0.22267036
v 0.10378446 0.21593848 -0.23470256
v 0.11176945 0.24078759 -0.22290747
v 0.10880620 0.26380925 -0.22695323
v 0.08385039 0.26739685 -0.21700085
v 0.05772220 0.24996992 -0.21050448
v 0.05834499 0.22318524 -0.20947944
v 0.04309743 0.21716783 -0.19850317
v 0.01856758 0.22845994 -0.17065691
v 0.03431555 0.23926784 -0.13141808
v 0.06079804 0.23281827 -0.13312302
v 0.05126566 0.24752791 -0.10361643
v 0.08049737 0.23468978 -0.10184848
v 0.10720381 0.22249399 -0.09863562
v 0.11914125 0.24255619 -0.06912399
v 0.13778799 0.25981928 -0.06952327
v 0.14935906 0.26704464 -0.08588753
v 0.15048774 0.30915450 -0.08382311
v 0.17213460 0.29145926 -0.09310986
v 0.19072700 0.26509786 -0.09512577
v 0.21045447 0.24128912 -0.09772972
v 0.21634544 0.22013297 -0.11145739
v 0.21798462 0.25702308 -0.10120067
v 0.21205673 0.24558404 -0.12369643
v 0.19961986 0.22060003 -0.15049639
v 0.21303522 0.19915188 -0.15636044
v 0.18424255 0.23081200 -0.16446066
v 0.16931019 0.22684591 -0.18344687
v 0.13958500 0.21577678 -0.20827299
v 0.12696285 0.23730087 -0.21900611
v 0.12348921 0.26176574 -0.21329703
v 0.13082800 0.27963437 -0.22598105
v 0.11416719 0.30277477 -0.22361732
v 0.09426994 0.30829346 -0.20628610
v 0.07535305 0.27850259 -0.19310632
v 0.05003085 0.26002550 -0.19170661
v 0.05806388 0.23508466 -0.18906939
v 0.04908424 0.24344142 -0.15598426
v 0.03794331 0.24996060 -0.12720621
v 0.05634226 0.26303865 -0.11647238
v 0.06143197 0.26452757 -0.10045176
v 0.07089589 0.24622741 -0.09105563
v 0.09177763 0.23643908 -0.08417706
v 0.10534956 0.26320944 -0.08012195
v 0.12067495 0.26157897 -0.06856953
v 0.11865259 0.29774260 -0.05689948
v 0.13543358 0.30799940 -0.06441371
v 0.13110834 0.35128877 -0.04557698
v 0.15231226 0.34503324 -0.07377625
v 0.16253335 0.36224594 -0.06832667
v 0.18356756 0.32305879 -0.07664692
v 0.20620301 0.29085474 -0.08526171
v 0.22044858 0.27884467 -0.09924570
v 0.22610447 0.28867645 -0.12009127
v 0.21150890 0.27020541 -0.12486634
v 0.19904087 0.25242084 -0.13793651
v 0.19427281 0.26415741 -0.14972803
v 0.17564734 0.24820423 -0.17168951
v 0.16300753 0.24856365 -0.18784830
v 0.14317126 0.23451818 -0.19963072
v 0.14136239 0.26651217 -0.20713585
v 0.15664345 0.29724492 -0.20244789
v 0.15423518 0.31889515 -0.21311529
v 0.12982749 0.31151997 -0.22977982
v 0.12373901 0.35286755 -0.23424655
v 0.10870789 0.34732825 -0.22645542
v 0.09310532 0.34532256 -0.21462015
v 0.06929547 0.31647831 -0.19355384
v 0.05895312 0.28336715 -0.17619740
v 0.04072104 0.27572225 -0.16871639
v 0.04285366 0.25806492 -0.16615234
v 0.04093645 0.25743136 -0.14123469
v 0.05162751 0.27203599 -0.14476415
v 0.05416612 0.28726363 -0.11702988
v 0.06577199 0.28926312 -0.11051604
v 0.08602477 0.29298222 -0.10643073
v 0.09154519 0.31203709 -0.08282431
v 0.10234292 0.30817248 -0.06006418
v 0.10772727 0.37919275 -0.03905646
v 0.13632209 0.41938417 -0.03998463
v 0.14344957 0.39473593 -0.04836327
v 0.15998100 0.41871443 -0.05204925
v 0.18691466 0.40041401 -0.05638215
v 0.19545039 0.36189733 -0.06729495
v 0.22007459 0.34439383 -0.09242658
v 0.21539204 0.29699695 -0.09040070
v 0.23098319 0.34059525 -0.11182368
v 0.23446061 0.35420252 -0.12532966
v 0.23344108 0.35395588 -0.14320626
v 0.22235613 0.30470991 -0.14641505
v 0.21095842 0.27983538 -0.14003262
v 0.19064760 0.27773448 -0.16880083
v 0.17518201 0.28276114 -0.18176316
v 0.15650399 0.25924581 -0.19723133
v 0.18072938 0.34193141 -0.19633213
v 0.15707494 0.38213340 -0.22166478
v 0.14728495 0.33595077 -0.22207592
v 0.13785882 0.38400079 -0.23134958
v 0.12764900 0.42648507 -0.23437166
v 0.10954296 0.41973453 -0.23146512
v 0.09631760 0.41845731 -0.22239858
v 0.07960210 0.38717645 -0.20265296
v 0.08167943 0.34526045 -0.20356471
v 0.06261468 0.36902235 -0.18549995
v 0.05134987 0.37685491 -0.17585211
v 0.06120995 0.32676962 -0.18394093
v 0.04444678 0.31995129 -0.14991628
v 0.04036973 0.29472650 -0.14338158
v 0.04792435 0.29450644 -0.12785629
v 0.06950474 0.31528603 -0.13094229
v 0.07176492 0.33667552 -0.11897675
v 0.08234382 0.33809561 -0.08895312
v 0.08499900 0.38680440 -0.05782957
v 0.09386673 0.37527840 -0.04746523
v 0.11627441 0.43442651 -0.03600942
v 0.15624436 0.47423791 -0.03758251
v 0.18391465 0.45007610 -0.04707254
v 0.19788924 0.48328408 -0.05218078
v 0.20224927 0.41629684 -0.06772811
v 0.22367107 0.41916805 -0.09475959
v 0.23616859 0.44733756 -0.11702682
v 0.23767720 0.44012941 -0.13263947
v 0.23235928 0.40602647 -0.15241247
v 0.21932876 0.33069758 -0.16404364
v 0.20670029 0.30232583 -0.16475048
v 0.19437488 0.32755073 -0.18149053
v 0.20171741 0.37479815 -0.18907905
v 0.18351759 0.40420390 -0.21058799
v 0.15370214 0.43178764 -0.22669130
v 0.14521106 0.49306917 -0.21677382
v 0.12952519 0.46295784 -0.23253750
v 0.10395321 0.47668606 -0.23021946
v 0.08366283 0.47107046 -0.21594817
v 0.07600708 0.42278138 -0.20513176
v 0.06232118 0.44314598 -0.19161033
v 0.05347286 0.42739765 -0.17308347
v 0.05373371 0.40489702 -0.15643007
v 0.04642598 0.34332832 -0.16716982
v 0.05173712 0.36276361 -0.15979567
v 0.06509837 0.34396278 -0.14199264
v 0.05809718 0.37535880 -0.13980893
v 0.06189195 0.38925773 -0.11627970
v 0.07305605 0.36591081 -0.09495272
v 0.07774593 0.40790618 -0.06522938
v 0.07692286 0.46987929 -0.05693837
v 0.09065278 0.44167249 -0.04649669
v 0.11458772 0.47438953 -0.03061865
v 0.13789884 0.49621694 -0.02949434
v 0.15795735 0.51728619 -0.03181761
v 0.18242743 0.51979672 -0.04202915
v 0.18373602 0.56047145 -0.05189386
v 0.21153012 0.52987982 -0.06925087
v 0.21018779 0.46623042 -0.07380296
v 0.23048997 0.48835698 -0.09868835
v 0.24411094 0.53741361 -0.11806818
v 0.24051772 0.51895949 -0.14292294
v 0.22933488 0.46041826 -0.15916301
v 0.21439623 0.43524327 -0.16544689
v 0.20446178 0.41908094 -0.17325068
v 0.21748093 0.36993700 -0.17285563
v 0.18653483 0.45918875 -0.18361194
v 0.16770933 0.45899834 -0.20928426
v 0.17036292 0.48956625 -0.19343111
v 0.16266538 0.52302001 -0.19543308
v 0.13427052 0.55036998 -0.21019346
v 0.12657504 0.49613800 -0.22572693
v 0.11911755 0.51656453 -0.22747277
v 0.10265250 0.53070262 -0.22440902
v 0.08422688 0.51948850 -0.21694265
v 0.07275524 0.50232485 -0.20622623
v 0.06735721 0.47239656 -0.20045678
v 0.06279705 0.51557435 -0.20064630
v 0.05422624 0.47805828 -0.18309068
v 0.04998568 0.45572254 -0.15809047
v 0.05513293 0.41746991 -0.13506673
v 0.05542717 0.45731008 -0.12269929
v 0.06240748 0.44313464 -0.10574522
v 0.06590298 0.41389968 -0.10043933
v 0.07309144 0.40946407 -0.07980762
v 0.06741273 0.44598772 -0.07407366
v 0.06458674 0.47514890 -0.06882603
v 0.06093745 0.50547829 -0.07086084
v 0.08173509 0.50738681 -0.05253970
v 0.09005413 0.47850776 -0.04398318
v 0.10184611 0.49689363 -0.02951732
v 0.11649738 0.50797917 -0.02396258
v 0.11535447 0.56097392 -0.01414386
v 0.13759718 0.55674540 -0.02169688
v 0.15634929 0.56819588 -0.02774621
v 0.16079818 0.60683952 -0.02200360
v 0.18381059 0.61004710 -0.04920053
v 0.19548368 0.58926376 -0.06726941
v 0.21489711 0.56766365 -0.08765178
v 0.23166569 0.53842701 -0.09783343
v 0.23862823 0.58515759 -0.12186843
v 0.24308059 0.57502969 -0.14959177
v 0.22616257 0.52966960 -0.16861643
v 0.21888930 0.49389535 -0.17499642
v 0.19980546 0.50231292 -0.18785436
v 0.16869348 0.58663405 -0.21057672
v 0.14830585 0.55402954 -0.20215546
v 0.13701304 0.60621643 -0.20637483
v 0.11742816 0.58374016 -0.21515081
v 0.09273077 0.60142705 -0.21743200
v 0.08719561 0.56397177 -0.21972758
v 0.05987973 0.57182924 -0.20656920
v 0.05647180 0.56124566 -0.19759760
v 0.05570183 0.53132131 -0.19004438
v 0.05466165 0.51960088 -0.17530539
v 0.05032636 0.48732078 -0.16236094
v 0.05156816 0.47191130 -0.13900801
v 0.05512000 0.48099411 -0.10735835
v 0.05698644 0.47162457 -0.08841066
v 0.05299475 0.51406231 -0.07950212
v 0.07269727 0.54850175 -0.06620907
v 0.08152176 0.54603584 -0.04968302
v 0.09149848 0.52426460 -0.03788794
v 0.10441063 0.53236919 -0.02363014
v 0.09752733 0.55286292 -0.02315059
v 0.10445795 0.58875351 -0.00926236
v 0.11403615 0.60274421 -0.00337562
v 0.12793167 0.60327712 -0.00701456
v 0.14793275 0.60087118 -0.01603184
v 0.16054983 0.63944062 -0.01156742
v 0.17424455 0.65115910 -0.02862762
v 0.18925184 0.63698746 -0.04960582
v 0.20232282 0.63203163 -0.07203637
v 0.22129920 0.61851643 -0.10159601
v 0.23778410 0.63731244 -0.13753615
v 0.23740587 0.63823454 -0.15921609
v 0.23162948 0.60426732 -0.16901811
v 0.20679586 0.60462604 -0.19240602
v 0.20384084 0.55615938 -0.19400558
v 0.18478647 0.62317669 -0.20569528
v 0.15623629 0.64554588 -0.21266045
v 0.12084264 0.67391700 -0.20403154
v 0.09518818 0.64112363 -0.21520040
v 0.06930515 0.63303126 -0.21011908
v 0.06270486 0.59393322 -0.20705691
v 0.06120417 0.62462432 -0.19817101
v 0.07376825 0.61101842 -0.16700975
v 0.06111699 0.56673875 -0.17753819
v 0.05790027 0.53699302 -0.16326142
v 0.05570870 0.50967062 -0.14479510
v 0.06044450 0.50548037 -0.11554885
v 0.06046953 0.53029704 -0.11107373
v 0.04890627 0.54217487 -0.08732792
v 0.05729867 0.57984418 -0.07985813
v 0.06683931 0.58457399 -0.06780056
v 0.08320502 0.57690370 -0.03484224
v 0.09186286 0.59885517 -0.01554151
v 0.09588147 0.62722746 -0.00383159
v 0.10572359 0.64162863 0.00298888
v 0.12873395 0.63379979 -0.00345070
v 0.12441188 0.68057614 0.00363177
v 0.14182336 0.67616932 -0.00088328
v 0.16465263 0.66964189 -0.01302783
v 0.18489709 0.69983434 -0.02903796
v 0.19264866 0.66728796 -0.04870465
v 0.20304840 0.66891455 -0.06929895
v 0.21664278 0.64581806 -0.10131810
v 0.23149815 0.67015109 -0.12417267
v 0.23190474 0.72455985 -0.13088655
v 0.23164549 0.76546393 -0.15962408
v 0.22916335 0.69076291 -0.16098589
v 0.22037170 0.68809964 -0.17284392
v 0.21051168 0.64922849 -0.18121317
v 0.18205304 0.67680959 -0.20093333
v 0.15680514 0.70265651 -0.21036838
v 0.11881930 0.75527575 -0.19555939
v 0.10460274 0.71731271 -0.20157786
v 0.08404563 0.69073366 -0.21243600
v 0.07365705 0.67689343 -0.21206546
v 0.06194362 0.66447174 -0.20081993
v 0.06705947 0.68553930 -0.18180275
v 0.07280510 0.66326875 -0.17172423
v 0.07608005 0.64557950 -0.16011351
v 0.06787012 0.60227813 -0.12928008
v 0.06538784 0.57203749 -0.15621791
v 0.06218760 0.54114653 -0.13536362
v 0.06499055 0.56417936 -0.12425731
v 0.04524274 0.56663787 -0.09885455
v 0.05091543 0.60526656 -0.08431028
v 0.05780542 0.62142897 -0.06954738
v 0.06805072 0.60951409 -0.04868857
v 0.07396417 0.62153882 -0.03203473
v 0.07796664 0.63987670 -0.01969845
v 0.07827061 0.66280227 -0.01229089
v 0.08339564 0.67468082 -0.00548392
v 0.08771800 0.70331740 0.00174563
v 0.10408352 0.67983949 0.00629847
v 0.10090937 0.72138162 0.01089319
v 0.10133613 0.74988980 0.01645799
v 0.12313082 0.74183236 0.01590002
v 0.13139407 0.70715271 0.00775179
v 0.14559095 0.71238764 0.00365561
v 0.16752506 0.70671549 -0.00978567
v 0.17786702 0.68835311 -0.01717925
v 0.17918548 0.73407523 -0.01358324
v 0.19932441 0.73300988 -0.03360021
v 0.20980344 0.70912049 -0.06394922
v 0.21668237 0.71302650 -0.09445172
v 0.21273102 0.67185652 -0.09445348
v 0.22162609 0.75327700 -0.10342961
v 0.23453967 0.79252732 -0.13431695
v 0.23752298 0.85327519 -0.13312464
v 0.23139639 0.85009923 -0.15290920
v 0.22184226 0.76763700 -0.17191430
v 0.20400341 0.71856042 -0.18783619
v 0.19316461 0.70489609 -0.19569511
v 0.16747672 0.74315218 -0.20667579
v 0.14422915 0.78197753 -0.20739804
v 0.12253868 0.81367626 -0.20010834
v 0.09559914 0.81461767 -0.19792914
v 0.08784404 0.76134186 -0.20390367
v 0.07449413 0.73779627 -0.20723880
v 0.06643693 0.72713954 -0.18773381
v 0.07194383 0.75853844 -0.16375510
v 0.07303761 0.69927459 -0.15125576
v 0.07071411 0.66310725 -0.14173841
v 0.06525405 0.64871060 -0.13465448
v 0.05292077 0.63679931 -0.12122166
v 0.04410833 0.62793814 -0.10929088
v 0.04400435 0.59467755 -0.10369530
v 0.04466214 0.61719266 -0.09942467
v 0.04828977 0.65689940 -0.08905353
v 0.06593433 0.64436055 -0.05744425
v 0.06510945 0.67645154 -0.03416107
v 0.05831453 0.70992669 -0.02968091
v 0.06395730 0.73128994 -0.00954528
v 0.08424270 0.73683323 0.00651792
v 0.07701840 0.76371194 0.00966487
v 0.09009641 0.78431426 0.02569471
v 0.10256886 0.77974909 0.02751258
v 0.12978254 0.75385418 0.01595026
v 0.15474859 0.73809106 0.00055123
v 0.16673600 0.75757759 0.00352029
v 0.19877106 0.76101720 -0.01924980
v 0.21481158 0.77058063 -0.04452957
v 0.21399716 0.73718445 -0.06212985
v 0.22420699 0.81735719 -0.09975892
v 0.23667989 0.88900539 -0.08869163
v 0.24080709 0.92454584 -0.11229569
v 0.23160339 0.94111415 -0.12930589
v 0.22278551 0.88936793 -0.14895171
v 0.20320823 0.84898267 -0.17006312
v 0.19922100 0.76432574 -0.18433610
v 0.18921042 0.77650077 -0.19859064
v 0.16204474 0.80595687 -0.20959943
v 0.13998864 0.85343336 -0.20829425
v 0.11418620 0.86231549 -0.20310185
v 0.09035878 0.91330366 -0.19376540
v 0.06751120 0.87517203 -0.19555852
v 0.06961969 0.81522324 -0.20018586
v 0.06818488 0.77433644 -0.19618814
v 0.06697033 0.83580603 -0.17335255
v 0.05758120 0.79419437 -0.14353704
v 0.06893912 0.74095170 -0.14555643
v 0.04786494 0.71896420 -0.13102351
v 0.06701878 0.69202553 -0.14204858
v 0.03980797 0.71047172 -0.11877268
v 0.04672422 0.67377315 -0.12351646
v 0.04065619 0.67246667 -0.10513491
v 0.06027133 0.67287915 -0.06651178
v 0.05619629 0.70931281 -0.06532035
v 0.04862762 0.74084964 -0.02842718
v 0.04087448 0.77244092 -0.02171620
v 0.04040247 0.80314509 -0.00958490
v 0.03507340 0.83706611 0.00054950
v 0.06856862 0.79792899 0.01981012
v 0.07846451 0.81843262 0.04719344
v 0.10828954 0.78719391 0.04200647
v 0.12913182 0.77067514 0.02771723
v 0.14520049 0.75216424 0.01397419
v 0.14896759 0.75183592 0.02111815
v 0.17462598 0.75573362 0.00810483
v 0.19183046 0.76555721 -0.00538646
v 0.21019619 0.77490621 -0.01884986
v 0.21172578 0.78645656 -0.02901393
v 0.22062954 0.81638655 -0.03601229
v 0.22276465 0.80031875 -0.06897337
v 0.22586522 0.84075773 -0.06274427
v 0.23047126 0.87298978 -0.05391939
v 0.23074116 0.92838856 -0.05614155
v 0.24081009 0.94210896 -0.08127174
v 0.24921074 0.99080681 -0.09150536
v 0.22853426 0.98739938 -0.12038090
v 0.19607291 0.92490019 -0.15094431
v 0.19086956 0.85124342 -0.18947302
v 0.18252596 0.82191448 -0.19929675
v 0.16424072 0.86985815 -0.20265015
v 0.17162028 0.91182236 -0.19595487
v 0.13648645 0.91902605 -0.19759303
v 0.10847804 0.91370845 -0.20073030
v 0.10173904 0.97062042 -0.20002088
v 0.08114386 0.96833858 -0.19029232
v 0.07294342 0.91895635 -0.19478807
v 0.06179994 0.93954862 -0.18697738
v 0.05740035 0.91511688 -0.16023534
v 0.04828135 0.83951023 -0.14598629
v 0.02732183 0.85252717 -0.13565912
v 0.03312009 0.79363747 -0.12832683
v 0.04610229 0.75434693 -0.13392655
v 0.03523535 0.76643524 -0.12131161
v 0.04186951 0.75088178 -0.09809321
v 0.04868078 0.71491575 -0.08879124
v 0.04814220 0.75938776 -0.06594735
v 0.02569068 0.80698348 -0.03362416
v 0.00920300 0.87949089 -0.00708959
v 0.04748692 0.83020985 0.02132000
v 0.03112280 0.86037988 0.03044339
v 0.05399485 0.85713931 0.05288758
v 0.07760009 0.82120914 0.07653563
v 0.09653018 0.80016700 0.06023456
v 0.11912745 0.77201305 0.04631871
v 0.13833468 0.76113861 0.02848782
v 0.13893997 0.74055974 0.03483576
v 0.15734453 0.73756039 0.01875818
v 0.18526198 0.72502916 0.00938235
v 0.20094563 0.73509936 0.00349549
v 0.20727360 0.75896417 -0.00390140
v 0.21816570 0.78268454 -0.01284268
v 0.22589968 0.82910787 -0.02504318
v 0.24950371 0.90268111 -0.03002286
v 0.25382483 0.94350474 -0.02671255
v 0.23022462 0.98216160 -0.04775079
v 0.24942519 1.01791703 -0.07273743
v 0.25060057 1.03162122 -0.09406092
v 0.23164937 1.02956004 -0.11056337
v 0.19779048 1.02693752 -0.11341908
v 0.19756738 0.98313286 -0.13008680
v 0.18323909 0.95673743 -0.17501438
v 0.15831533 0.96470065 -0.19239887
v 0.13975191 0.98367936 -0.19364273
v 0.11733186 0.96980860 -0.19698645
v 0.12423450 1.01030350 -0.17947430
v 0.09060857 1.00734933 -0.18652289
v 0.06153523 0.99217687 -0.18036603
v 0.04833958 0.98167790 -0.15664548
v 0.02771638 0.93380390 -0.15113978
v 0.02050125 0.91549055 -0.12711544
v 0.02560822 0.85004596 -0.11167407
v 0.03736732 0.80848453 -0.08629876
v 0.02679259 0.83696489 -0.06144007
v 0.00166343 0.86907351 -0.03499526
v -0.01514424 0.91862130 -0.02137770
v -0.00474932 0.91015504 0.00990882
v 0.01733774 0.89378492 0.04160457
v 0.03652294 0.88970636 0.05894780
v 0.02690084 0.89379649 0.07861487
v 0.05820565 0.84448628 0.09808260
v 0.08268290 0.79206835 0.10479302
v 0.10393167 0.76121639 0.08539744
v 0.11128578 0.77028889 0.06719687
v 0.13188272 0.73441849 0.06798372
v 0.15482019 0.71616446 0.03616529
v 0.17097654 0.71426658 0.01817140
v 0.17309856 0.68520689 0.02986002
v 0.20923962 0.70337714 0.00944746
v 0.23792701 0.73345566 -0.00505921
v 0.23228831 0.75797988 -0.00858195
v 0.23028132 0.78705093 -0.01216280
v 0.24690114 0.85647043 -0.00438358
v 0.26058583 0.90464213 0.01244975
v 0.26224032 0.94569745 0.00540982
v 0.26099392 0.98075207 -0.02193930
v 0.23342967 1.01002659 -0.04300141
v 0.26341833 1.02393652 -0.04814323
v 0.25458194 1.03364280 -0.06192116
v 0.28848050 1.04059401 -0.07305661
v 0.25416072 1.03820037 -0.10086725
v 0.20613532 1.03426672 -0.13788396
v 0.18326648 1.02384875 -0.15823687
v 0.16701027 1.02244823 -0.16907571
v 0.12889517 1.02101913 -0.18480677
v 0.13730998 1.04554527 -0.17473777
v 0.10339551 1.04107935 -0.18119458
v 0.06586864 1.02440837 -0.17909131
v 0.02599234 0.99173635 -0.15454704
v 0.01620582 0.97954263 -0.12683963
v -0.00139203 0.97448216 -0.11451117
v 0.00497783 0.92336852 -0.10959398
v 0.01728937 0.86751464 -0.08921636
v 0.01531949 0.88015505 -0.07180633
v -0.00445438 0.90319016 -0.05648777
v -0.02791516 0.94925142 -0.02146970
v -0.01484627 0.93597746 0.02413333
v -0.00720062 0.94140298 0.04341117
v 0.01450961 0.92526628 0.06258219
v 0.00040603 0.95359773 0.08416141
v 0.00948193 0.93802142 0.11644706
v 0.03311376 0.88628926 0.10132487
v 0.04026580 0.87282246 0.13143517
v 0.06525422 0.83086564 0.13240773
v 0.08168957 0.80843763 0.15583148
v 0.10163373 0.75674329 0.11468211
v 0.11672618 0.72571034 0.09052376
v 0.14780697 0.69832186 0.06555707
v 0.16017659 0.70249474 0.04140717
v 0.16848992 0.64949463 0.05682837
v 0.18480957 0.67230156 0.02642303
v 0.23636611 0.69320464 0.00310695
v 0.25315218 0.72930242 -0.00166231
v 0.25782792 0.77979533 0.00683086
v 0.24484176 0.79243253 -0.00175183
v 0.25302617 0.84576940 0.01063400
v 0.27968904 0.90413780 0.02916016
v 0.29113112 0.94031140 0.04027421
v 0.28293782 0.97952932 0.02657873
v 0.26814070 0.99673809 0.00145699
v 0.26536353 1.03118269 -0.02511326
v 0.27192417 1.03552042 -0.04243340
v 0.31331177 1.04392977 -0.03406878
v 0.29510492 1.06337665 -0.06527755
v 0.22113863 1.05383880 -0.12053112
v 0.17979627 1.04729226 -0.15697956
v 0.17025129 1.06963520 -0.16263979
v 0.15313580 1.10079934 -0.16175198
v 0.11997231 1.08946151 -0.16960788
v 0.07195645 1.05526659 -0.18357349
v 0.04320158 1.02700007 -0.16338677
v 0.01519788 1.01321097 -0.14791981
v -0.00854339 1.02069548 -0.11842559
v -0.01265396 0.98260008 -0.09981173
v 0.00212269 0.93101721 -0.08900008
v -0.01690717 0.94346825 -0.06739332
v -0.03393998 0.97974847 -0.05242217
v -0.03889665 0.98385440 -0.00796071
v -0.03562311 0.98455673 0.01246033
v -0.02637642 0.98242466 0.03718839
v -0.00370679 0.97395428 0.06523648
v -0.01201709 0.98574336 0.08675479
v -0.00227266 0.98344760 0.11291980
v 0.02234754 0.96155055 0.15660648
v 0.03312061 0.92099786 0.15655976
v 0.05560122 0.86951433 0.15984430
v 0.05421432 0.85337676 0.17712159
v 0.07802476 0.77272792 0.17351745
v 0.09585052 0.77438087 0.14632026
v 0.11456171 0.73635891 0.13256421
v 0.12874411 0.69182221 0.08608095
v 0.14414345 0.66985222 0.07013894
v 0.15177074 0.63478333 0.06905534
v 0.18184177 0.60925874 0.04739990
v 0.18540037 0.63720803 0.03868522
v 0.19861649 0.65737556 0.02540455
v 0.22837389 0.65930195 0.01363148
v 0.26140278 0.69495894 0.01054266
v 0.27747888 0.75983054 0.01474724
v 0.28556467 0.80331687 0.02775370
v 0.27150061 0.83893921 0.02218141
v 0.29233905 0.88705692 0.04556246
v 0.28862363 0.92461435 0.06722016
v 0.29337817 0.99519282 0.04892090
v 0.28356384 1.01521120 0.01894379
v 0.27915440 1.03869194 0.00621866
v 0.32040377 1.04577906 0.00037578
v 0.31644472 1.06599872 -0.00697650
v 0.31714595 1.10210772 -0.05294458
v 0.28786765 1.10098511 -0.08752216
v 0.24984127 1.07391571 -0.10992446
v 0.22590991 1.08291495 -0.12653887
v 0.22209711 1.09417113 -0.14560279
v 0.19927051 1.10289951 -0.15072727
v 0.20024682 1.12973715 -0.14311043
v 0.14730338 1.12746428 -0.16517789
v 0.10552937 1.09894814 -0.18798120
v 0.05768996 1.07509631 -0.17397522
v 0.01906131 1.04545169 -0.16585800
v -0.02086434 1.05682117 -0.12561800
v -0.03669723 1.04140776 -0.08177300
v -0.04222329 1.01508702 -0.05760323
v -0.04490196 1.01719871 -0.01115838
v -0.04709720 1.04585499 -0.00395500
v -0.03794414 1.01975047 0.02760882
v -0.02460809 0.99210609 0.06626237
v -0.00989452 0.99895543 0.12316696
v 0.00954994 0.99416207 0.15274415
v 0.03270108 0.99434851 0.18079699
v 0.04205744 0.94880575 0.18438530
v 0.04504043 0.90363430 0.18766199
v 0.06150660 0.83092193 0.19252636
v 0.07465218 0.77979085 0.19169635
v 0.09184094 0.72462729 0.17918554
v 0.11021930 0.72554886 0.15079290
v 0.12928652 0.68560192 0.12209529
v 0.13520945 0.66571503 0.09993260
v 0.14208619 0.64581074 0.08490616
v 0.14114315 0.61125929 0.09311146
v 0.14951739 0.59870522 0.07448707
v 0.15769082 0.58255944 0.06680033
v 0.17777338 0.59236582 0.05363863
v 0.19585617 0.57045759 0.04966237
v 0.21271650 0.62179481 0.03055172
v 0.23604179 0.60623084 0.02905681
v 0.25668343 0.61608772 0.02597907
v 0.26433967 0.66663997 0.01763196
v 0.28201921 0.67125771 0.03020525
v 0.28656846 0.72908793 0.02766487
v 0.29698349 0.78478106 0.05777429
v 0.29291567 0.83772068 0.04613688
v 0.29921224 0.86582865 0.09375527
v 0.29217357 0.94247408 0.09563298
v 0.28383208 0.98957276 0.06894535
v 0.28419908 1.02790623 0.07514406
v 0.29641092 1.03223769 0.05318496
v 0.31566724 1.04125755 0.03980298
v 0.31303125 1.06149862 0.04327448
v 0.32021619 1.09479937 0.00956405
v 0.31986737 1.09059574 -0.02092730
v 0.32660623 1.12217458 -0.00878159
v 0.32974063 1.15050561 -0.04394557
v 0.29089306 1.14293577 -0.08689972
v 0.25796186 1.11637916 -0.10691473
v 0.26109023 1.16647849 -0.12559257
v 0.24769740 1.16005678 -0.13370173
v 0.21571134 1.17759213 -0.13087357
v 0.18206900 1.17524672 -0.16660986
v 0.16868716 1.17801071 -0.20909119
v 0.13430919 1.12979894 -0.19420003
v 0.10612421 1.12072208 -0.19347720
v 0.05500706 1.09778112 -0.18571853
v 0.03041881 1.09762164 -0.17712060
v -0.00443136 1.07357098 -0.14971074
v -0.02088526 1.08801137 -0.12337119
v -0.02440947 1.06817430 -0.10128345
v -0.03109013 1.07095704 -0.06727697
v -0.04668245 1.04720427 -0.03641828
v -0.03816931 1.10388271 -0.02793811
v -0.03658678 1.08124582 0.00713473
v -0.02776243 1.07556849 0.03876892
v -0.03329451 1.03725210 0.05841367
v -0.01639111 1.03072305 0.10625139
v -0.00118318 1.04278142 0.14029825
v 0.01781236 1.02837689 0.16505802
v 0.04847175 1.00172929 0.19457684
v 0.07813809 0.98972136 0.20478815
v 0.07669252 0.89164691 0.20357797
v 0.08663936 0.80880430 0.20937922
v 0.08771531 0.74781036 0.20127187
v 0.09610960 0.70338070 0.19261950
v 0.10148644 0.68095396 0.17604085
v 0.11425544 0.68629581 0.15497828
v 0.12339821 0.66454611 0.14694415
v 0.13660007 0.63930742 0.11096245
v 0.13636225 0.61451121 0.12621220
v 0.14226359 0.57077834 0.11920867
v 0.15174281 0.55286774 0.09642106
v 0.16240797 0.54959623 0.06972821
v 0.18161501 0.53961235 0.05698899
v 0.19849151 0.51789828 0.05732661
v 0.21649425 0.52465486 0.05776523
v 0.21678706 0.58001162 0.04403284
v 0.23483328 0.55793269 0.04778287
v 0.25639502 0.58405841 0.03439255
v 0.28081064 0.61997276 0.04710828
v 0.29027373 0.66931482 0.04767666
v 0.29683598 0.71607954 0.05478739
v 0.31104373 0.75163255 0.09431018
v 0.31014860 0.81476794 0.11164387
v 0.30518253 0.88613873 0.12791487
v 0.30275033 0.93692814 0.13455961
v 0.29249671 0.97955657 0.12212169
v 0.29168515 0.99959376 0.09379968
v 0.29310066 1.02693454 0.10958507
v 0.31710197 1.03801752 0.08223034
v 0.31559809 1.05812608 0.07604359
v 0.32570697 1.08392739 0.06805893
v 0.31451833 1.10786211 0.03814141
v 0.33005486 1.14959536 -0.00222636
v 0.33921604 1.19972780 -0.01690375
v 0.33580508 1.19779915 -0.03557647
v 0.31328476 1.19379361 -0.05484556
v 0.30100803 1.19748056 -0.07421381
v 0.28248864 1.18349923 -0.09437250
v 0.27822792 1.22332313 -0.10929263
v 0.24256572 1.22966046 -0.11164848
v 0.22117360 1.24290842 -0.13416963
v 0.22304494 1.26858656 -0.14560978
v 0.19949185 1.23243389 -0.19942940
v 0.14965003 1.17763822 -0.21821091
v 0.10184850 1.13881872 -0.20570399
v 0.06807733 1.12288912 -0.19249027
v 0.04462246 1.11344423 -0.15509025
v 0.00962421 1.09252002 -0.14285918
v 0.02797174 1.10781084 -0.13617896
v 0.00482329 1.10667038 -0.12296343
v -0.02831018 1.11677939 -0.09641213
v -0.03036799 1.10905380 -0.07200150
v -0.03223538 1.11283092 -0.05339563
v -0.01944115 1.12847976 -0.00661032
v -0.01527806 1.10723551 0.03217934
v -0.02617558 1.08315140 0.06172934
v -0.02399098 1.05421651 0.09288596
v -0.00819542 1.08391800 0.12421018
v 0.00701308 1.10573726 0.14288595
v 0.01492945 1.07231211 0.16149087
v 0.04332797 1.05476427 0.18541563
v 0.06728856 1.03004136 0.20002840
v 0.09160080 1.03080600 0.20427281
v 0.12229781 1.01995376 0.21911521
v 0.13637264 0.98672587 0.22073573
v 0.10283472 0.98032228 0.20697867
v 0.10212827 0.91876816 0.21094339
v 0.11670403 0.81031037 0.22126887
v 0.10337119 0.76319360 0.21540470
v 0.11448652 0.70756518 0.21488126
v 0.11231397 0.67139159 0.20890924
v 0.10453983 0.65727361 0.19489773
v 0.11037375 0.64759740 0.17075264
v 0.13026841 0.63530861 0.14169638
v 0.12832987 0.60121651 0.14371718
v 0.13283631 0.57113600 0.13617846
v 0.13435525 0.53749872 0.13117633
v 0.14210529 0.52054653 0.12006239
v 0.15155453 0.51185259 0.10359228
v 0.15488187 0.48804147 0.10271162
v 0.16934848 0.50430272 0.06876252
v 0.17403309 0.46972350 0.06546858
v 0.17898832 0.45317800 0.06464202
v 0.20856025 0.46043243 0.06433690
v 0.23956570 0.51796933 0.05126749
v 0.27417666 0.55945913 0.04047453
v 0.28976938 0.58958181 0.04897280
v 0.29940633 0.62794578 0.05529636
v 0.30732507 0.68184086 0.06656909
v 0.31054798 0.71246898 0.09938557
v 0.31179509 0.76657094 0.12427374
v 0.30628067 0.82835740 0.14454689
v 0.29758028 0.88082027 0.15400536
v 0.28189007 0.92743639 0.16164891
v 0.28741529 0.99437550 0.15298505
v 0.28001389 1.02823907 0.15661623
v 0.29931476 1.04265437 0.12191327
v 0.30800713 1.08379435 0.11714600
v 0.32863424 1.12338093 0.06738711
v 0.31942288 1.13870976 0.04441066
v 0.32245349 1.16649537 0.03437288
v 0.32918868 1.19840983 0.02386828
v 0.33526684 1.25842035 0.02095938
v 0.34413388 1.24880756 -0.02020191
v 0.33183607 1.27877863 -0.03982927
v 0.30650785 1.27008664 -0.06882897
v 0.29142213 1.26298107 -0.09839070
v 0.27577651 1.28653382 -0.09572071
v 0.27658511 1.31742079 -0.10042654
v 0.27092429 1.35673110 -0.12440817
v 0.23644743 1.29587620 -0.17434819
v 0.21087547 1.27646998 -0.18926491
v 0.18135197 1.23504808 -0.20829021
v 0.13783653 1.18597123 -0.21203858
v 0.08489090 1.14208164 -0.17706448
v 0.04724208 1.13970478 -0.14974814
v 0.01104435 1.13206844 -0.14546514
v 0.01108772 1.14298477 -0.12148793
v -0.01401384 1.13202189 -0.08340845
v -0.00349058 1.14222569 -0.04283890
v 0.00483095 1.14893399 -0.01062238
v 0.01888642 1.15832794 0.02875369
v -0.00440336 1.13546377 0.02288921
v 0.00050333 1.12749195 0.05531394
v -0.01647487 1.10040549 0.07547421
v -0.00454025 1.10530138 0.09864940
v 0.01424656 1.13128558 0.12576870
v 0.03071088 1.12680163 0.16480749
v 0.05944625 1.08191382 0.19379508
v 0.09444134 1.07852063 0.20291317
v 0.11128316 1.05423493 0.22482579
v 0.14856830 1.03645082 0.22812070
v 0.17563136 0.99847428 0.21949082
v 0.17514406 0.93201165 0.22957705
v 0.13128115 0.90894172 0.22490108
v 0.15759686 0.88285849 0.23022486
v 0.15156087 0.81675519 0.22140188
v 0.14682113 0.75960017 0.21787443
v 0.12505281 0.73700904 0.21862335
v 0.15471929 0.68821244 0.21361003
v 0.13430990 0.66719236 0.21361421
v 0.12761835 0.63811359 0.20961962
v 0.11234082 0.63698634 0.20134989
v 0.10781866 0.63110683 0.17930616
v 0.11312812 0.60211637 0.16399416
v 0.11019427 0.57519239 0.16687735
v 0.12487627 0.57903615 0.14805502
v 0.11784230 0.55813622 0.15233143
v 0.11332017 0.49848867 0.14317712
v 0.14254211 0.49609608 0.11881235
v 0.13322294 0.45339486 0.11857156
v 0.15332161 0.45217379 0.10555673
v 0.16272797 0.41884476 0.09699456
v 0.17314479 0.40714850 0.07687945
v 0.18519704 0.40800723 0.06839012
v 0.21252102 0.39577351 0.07622516
v 0.22987742 0.42879203 0.06430801
v 0.24217614 0.47461582 0.05629515
v 0.26332708 0.50260330 0.05677085
v 0.28473261 0.53079240 0.05837423
v 0.28073706 0.56275996 0.06863367
v 0.30524708 0.63611171 0.06632037
v 0.30292490 0.66906236 0.10094302
v 0.31346250 0.70655037 0.13658125
v 0.30762698 0.75216611 0.15360652
v 0.29593334 0.77922382 0.17359692
v 0.27938547 0.85119450 0.18115481
v 0.26448960 0.90494368 0.19631802
v 0.25698386 0.97067167 0.18889510
v 0.26972757 0.98576683 0.16737198
v 0.24434497 1.01747262 0.19321365
v 0.24794882 1.02761859 0.19557986
v 0.27502128 1.05115381 0.16073792
v 0.27496473 1.07146531 0.16728946
v 0.29213723 1.09415975 0.14014311
v 0.31024524 1.13675622 0.11084985
v 0.31437226 1.11219715 0.10384572
v 0.33191876 1.18056681 0.06553498
v 0.33213865 1.23327000 0.06248959
v 0.32501486 1.28266428 0.07932700
v 0.33442000 1.30342835 0.02856309
v 0.34536966 1.30494654 -0.01672308
v 0.32511206 1.34429343 -0.05456771
v 0.30772427 1.30865201 -0.08864970
v 0.32454586 1.35436459 -0.08397110
v 0.30987893 1.37380705 -0.09776937
v 0.32185966 1.41898007 -0.12155974
v 0.30640253 1.41532002 -0.15168648
v 0.27778676 1.36358269 -0.15621199
v 0.25662533 1.34793616 -0.17139499
v 0.23186984 1.31115896 -0.17716222
v 0.21984612 1.31355216 -0.17303517
v 0.19571419 1.29743919 -0.17457011
v 0.18439067 1.25460543 -0.19066373
v 0.15464649 1.21835534 -0.19333222
v 0.12183791 1.18180775 -0.18436443
v 0.07637901 1.15948936 -0.16216647
v 0.03871444 1.16309408 -0.16240948
v 0.01214631 1.16307044 -0.14615941
v 0.01749119 1.15533702 -0.09617282
v 0.00421477 1.14806845 -0.06614785
v 0.02161786 1.17216607 -0.03972043
v 0.01962066 1.16582410 -0.00328308
v 0.00707551 1.17856415 0.00710410
v 0.01088487 1.17366064 0.03506059
v 0.01968810 1.15465889 0.06157299
v -0.00122748 1.13588845 0.08204662
v 0.00709292 1.15112527 0.09990301
v 0.02081213 1.15114735 0.12370039
v 0.03991976 1.15594391 0.14846645
v 0.04839529 1.13148118 0.17638377
v 0.08336802 1.11971818 0.19241100
v 0.09821497 1.12501599 0.21363204
v 0.10820791 1.09247906 0.22197106
v 0.14237852 1.07415422 0.22909054
v 0.16451549 1.06420866 0.21894634
v 0.17666819 1.05727755 0.20917189
v 0.20293990 1.03139381 0.21794667
v 0.20921176 1.00130111 0.21769896
v 0.21105931 0.96956148 0.22556231
v 0.21256007 0.91012237 0.23324530
v 0.20387260 0.84664845 0.22967232
v 0.18185482 0.81038093 0.22839399
v 0.20001150 0.75275925 0.23096745
v 0.17568121 0.71817779 0.21703771
v 0.16906661 0.65869009 0.21009884
v 0.16209269 0.62934914 0.20633053
v 0.12512814 0.60991647 0.20372560
v 0.10883056 0.61610499 0.18991702
v 0.10855693 0.59818918 0.18896417
v 0.10710395 0.58709354 0.17760875
v 0.11016697 0.57339026 0.19185323
v 0.10607822 0.55250632 0.17584701
v 0.10637002 0.53917000 0.16538975
v 0.10812471 0.51957825 0.15487984
v 0.10444000 0.46990571 0.15705342
v 0.11064435 0.46773627 0.13800110
v 0.12148056 0.42711916 0.12027691
v 0.14804549 0.40201597 0.10942806
v 0.16863632 0.34990381 0.09643518
v 0.19475110 0.33856093 0.07261370
v 0.19760336 0.37625931 0.07049543
v 0.21599434 0.33083914 0.06804262
v 0.22757694 0.38593472 0.08175751
v 0.24795888 0.40491556 0.08303315
v 0.25482130 0.47126878 0.07324595
v 0.27563549 0.49931692 0.08148856
v 0.29812471 0.53584020 0.07252630
v 0.30559450 0.56046220 0.09061919
v 0.29056902 0.59985377 0.09105998
v 0.29501849 0.61914634 0.08105845
v 0.31533242 0.63567170 0.12054522
v 0.31027181 0.63989307 0.13471727
v 0.30654487 0.69583495 0.14982485
v 0.28298647 0.73019797 0.16690872
v 0.28025750 0.80471519 0.18955308
v 0.25870638 0.86190603 0.20394230
v 0.24734299 0.93282602 0.20608887
v 0.24591433 0.97043030 0.21098805
v 0.24417092 1.05464486 0.19234352
v 0.23096672 1.07103101 0.20232364
v 0.28528534 1.12124715 0.16049584
v 0.30105931 1.15785669 0.13366009
v 0.31207293 1.17869004 0.11077439
v 0.31828383 1.21978120 0.09950703
v 0.32238689 1.26069546 0.11632506
v 0.32741739 1.31471407 0.10583735
v 0.33115733 1.33127344 0.07198714
v 0.33023346 1.33666375 0.04744887
v 0.34717336 1.38517126 0.01145715
v 0.34276893 1.34809347 0.00299127
v 0.34776114 1.37721171 -0.02283996
v 0.33043516 1.39230410 -0.06097301
v 0.33500585 1.41286362 -0.08803945
v 0.32520091 1.44981611 -0.12744937
v 0.30852453 1.46461962 -0.15861307
v 0.28837015 1.43509256 -0.17671786
v 0.27227454 1.39228640 -0.17224515
v 0.24341096 1.38232141 -0.16668987
v 0.22907393 1.35854739 -0.16439963
v 0.21988502 1.33535916 -0.16580438
v 0.19725943 1.32490972 -0.19959810
v 0.18542092 1.30445894 -0.20161198
v 0.17336809 1.27866860 -0.20250022
v 0.16986903 1.25737664 -0.19052646
v 0.13779675 1.22366660 -0.19377966
v 0.09690953 1.18090447 -0.18158267
v 0.06614515 1.17810435 -0.17792800
v 0.06794138 1.20198631 -0.18171618
v 0.04001467 1.19630139 -0.15755768
v 0.02709014 1.21486668 -0.12672904
v 0.01055589 1.20554061 -0.11473042
v 0.00832875 1.17797134 -0.12540385
v 0.01087561 1.18391143 -0.09180045
v 0.02248822 1.17621074 -0.05934284
v 0.00622573 1.19063481 -0.03690341
v 0.00421111 1.18627658 -0.01392899
v 0.02822111 1.19034795 0.00979149
v 0.02445522 1.17823550 0.06424580
v 0.01945928 1.16715789 0.08275634
v 0.04826412 1.17424734 0.08888450
v 0.04944232 1.16860670 0.11092224
v 0.05432783 1.16500672 0.15186002
v 0.07822811 1.14480703 0.18761155
v 0.08362191 1.15455592 0.20438089
v 0.13658833 1.13714189 0.19136294
v 0.13607876 1.11812189 0.20307521
v 0.16233284 1.11402392 0.21467422
v 0.17357467 1.10358647 0.21514230
v 0.19055809 1.12361514 0.18470690
v 0.19646366 1.08930892 0.19140505
v 0.22352579 1.12044995 0.17895979
v 0.26008739 1.12092546 0.17450769
v 0.27932154 1.15346962 0.16165340
v 0.29597970 1.18734745 0.14687468
v 0.31341887 1.22040364 0.12633982
v 0.30507972 1.24620144 0.13500562
v 0.31856756 1.29178961 0.12069322
v 0.30223428 1.31729329 0.12147734
v 0.31678413 1.35591762 0.10053366
v 0.33218889 1.34364420 0.09151620
v 0.33977972 1.37546050 0.07350446
v 0.34301709 1.39685780 0.03645048
v 0.35426141 1.43903347 -0.00280032
v 0.34313874 1.42557882 -0.03951708
v 0.33561247 1.44306357 -0.06664971
v 0.32289707 1.48553947 -0.10914531
v 0.28649988 1.52383367 -0.16204256
v 0.29110683 1.48873119 -0.17819785
v 0.27257974 1.46503960 -0.19482822
v 0.24294333 1.42787315 -0.18971240
v 0.25739670 1.40523646 -0.17251653
v 0.23231449 1.39517114 -0.19103176
v 0.21394881 1.36542269 -0.20310014
v 0.18701541 1.33402999 -0.19841265
v 0.15946940 1.31091393 -0.19134683
v 0.16368159 1.29186489 -0.19823891
v 0.14625339 1.26455881 -0.20624744
v 0.13193096 1.23228005 -0.20605152
v 0.09798590 1.21561103 -0.19991224
v 0.09741603 1.24491814 -0.17416231
v 0.06231137 1.22080994 -0.16024988
v 0.06237109 1.23933527 -0.14119614
v 0.05326065 1.25223616 -0.12570234
v 0.02924138 1.24333997 -0.10913332
v 0.00760851 1.20626193 -0.09251475
v 0.00664720 1.19620194 -0.06298425
v 0.00499929 1.21036951 -0.03641487
v 0.02382846 1.20635567 -0.01689108
v 0.03701065 1.22462998 -0.01244198
v 0.03258818 1.22950081 0.03088669
v 0.03339774 1.21150771 0.04070764
v 0.04235007 1.18448261 0.05822702
v 0.04305973 1.19823130 0.07299866
v 0.05429430 1.19804560 0.10529506
v 0.06186084 1.19396918 0.12422717
v 0.06831007 1.18140827 0.15274354
v 0.07725306 1.16811851 0.18073733
v 0.07395489 1.16961014 0.19146794
v 0.10170693 1.17019781 0.18230291
v 0.12372671 1.17931064 0.17795817
v 0.14517581 1.16103764 0.20078699
v 0.18216080 1.14566219 0.20886954
v 0.21776752 1.16151610 0.16154762
v 0.23787267 1.15576932 0.15833108
v 0.26183786 1.14647628 0.16941190
v 0.27636011 1.18244512 0.15315958
v 0.29682768 1.20933044 0.14434627
v 0.26840929 1.23823021 0.13574349
v 0.28083725 1.26417692 0.13194956
v 0.29382480 1.29022050 0.12721253
v 0.28060013 1.29900884 0.14964466
v 0.27562276 1.31927604 0.15667778
v 0.29024786 1.35199992 0.14892576
v 0.30791038 1.36835371 0.12609177
v 0.31966808 1.39377393 0.10736897
v 0.33071187 1.39372619 0.08341211
v 0.34760459 1.40282748 0.05793852
v 0.35444013 1.44839186 0.04046356
v 0.34793902 1.47705535 0.00203359
v 0.33724511 1.49038385 -0.04428583
v 0.32904246 1.51577719 -0.06608661
v 0.29701888 1.53287352 -0.12440735
v 0.25075537 1.55648819 -0.16966881
v 0.23771120 1.55251200 -0.19557296
v 0.26411370 1.52726675 -0.18675984
v 0.25455041 1.50145495 -0.21223372
v 0.23920039 1.46607989 -0.20466600
v 0.22691228 1.44144931 -0.21638507
v 0.21790580 1.39491009 -0.21164663
v 0.18788676 1.38436993 -0.20077065
v 0.18292363 1.35869633 -0.19606175
v 0.16150060 1.33310922 -0.19153219
v 0.13493109 1.32139171 -0.19639677
v 0.13618529 1.29628339 -0.18741956
v 0.11906273 1.27317877 -0.17703891
v 0.13462066 1.27371918 -0.19080876
v 0.11612735 1.23646304 -0.20496750
v 0.09380384 1.26411091 -0.15300456
v 0.08371638 1.27274496 -0.13233757
v 0.04847109 1.27381554 -0.11227081
v 0.02658280 1.25009935 -0.09956022
v 0.00949888 1.21998584 -0.06366993
v 0.02142660 1.24927830 -0.05297905
v 0.03365253 1.25556680 -0.03092540
v 0.05944122 1.26400650 -0.00973234
v 0.04568034 1.24128834 0.00403088
v 0.03815623 1.24810124 0.04430489
v 0.03748653 1.22983234 0.08186179
v 0.04376350 1.21697750 0.10424807
v 0.04905910 1.20742827 0.14173258
v 0.05451845 1.19195134 0.17087508
v 0.07726117 1.20234868 0.16005495
v 0.10836866 1.19448576 0.16543341
v 0.12375715 1.20184574 0.19256461
v 0.14931171 1.18535791 0.19898252
v 0.17496288 1.19461982 0.18596398
v 0.20714704 1.18338818 0.18392899
v 0.23426315 1.21612345 0.16108446
v 0.24882627 1.21177080 0.14427630
v 0.26037037 1.19964650 0.14145776
v 0.24022248 1.25589911 0.16162038
v 0.26006507 1.26873312 0.15283295
v 0.24339463 1.28693740 0.16376848
v 0.24469369 1.32414799 0.16106844
v 0.24331028 1.34328076 0.15939987
v 0.21931907 1.35963075 0.16185811
v 0.25317590 1.37701972 0.15516043
v 0.29379506 1.37797168 0.14109889
v 0.29368168 1.39126018 0.14371204
v 0.31389010 1.41858044 0.12496032
v 0.33148540 1.44052911 0.10537038
v 0.34239594 1.43290801 0.08008364
v 0.35439878 1.47827121 0.05095207
v 0.34991012 1.50719703 0.03619974
v 0.34058116 1.53224744 0.01514558
v 0.32905100 1.53804752 -0.02912325
v 0.32280246 1.53852967 -0.06663690
v 0.31407405 1.53622272 -0.09650725
v 0.29532355 1.55330640 -0.12059311
v 0.26967409 1.55667828 -0.14256455
v 0.27871275 1.56293639 -0.14601267
v 0.24379565 1.58320787 -0.16263044
v 0.19890739 1.58959183 -0.18624526
v 0.20898913 1.57538286 -0.19907900
v 0.21714913 1.56002778 -0.20206677
v 0.23290232 1.53441830 -0.20580717
v 0.22652057 1.50800106 -0.22338425
v 0.22284255 1.47731251 -0.22623045
v 0.20025374 1.46056317 -0.22461739
v 0.19317732 1.42828273 -0.21371917
v 0.20124831 1.40531653 -0.21207814
v 0.17942108 1.39533126 -0.21056186
v 0.16973573 1.37431557 -0.20746231
v 0.16317073 1.35196734 -0.19484084
v 0.14364263 1.33401290 -0.20024963
v 0.13067790 1.33947610 -0.18412060
v 0.12006859 1.33473989 -0.17366850
v 0.11391998 1.30343113 -0.18780334
v 0.09626477 1.30133976 -0.16835329
v 0.08768510 1.30619216 -0.15006696
v 0.08649850 1.30198329 -0.12845792
v 0.07766857 1.29521775 -0.11595363
v 0.05339317 1.31010827 -0.09690766
v 0.03751610 1.28877610 -0.09629018
v 0.02661479 1.26528546 -0.08019345
v 0.03540226 1.28010428 -0.05150136
v 0.04730963 1.28605616 -0.03039344
v 0.07267311 1.29106906 -0.00478466
v 0.06571450 1.27260659 0.00946737
v 0.05888436 1.28450906 0.03531705
v 0.04522175 1.26751427 0.05488284
v 0.04692620 1.27199129 0.08466484
v 0.04035244 1.23775619 0.12102628
v 0.04272940 1.21374334 0.15580667
v 0.05230895 1.22861847 0.15502260
v 0.08856511 1.26156268 0.14027552
v 0.08729892 1.22189382 0.15425618
v 0.09579425 1.23954046 0.15790357
v 0.10531859 1.24939931 0.18009080
v 0.11701913 1.24906308 0.18460684
v 0.14666556 1.22323928 0.18127196
v 0.17867374 1.23359416 0.16820981
v 0.20861647 1.23349423 0.16239305
v 0.20486492 1.27952070 0.15882203
v 0.18905013 1.32150744 0.15407414
v 0.20439591 1.33711947 0.15890208
v 0.18545430 1.36270580 0.14695787
v 0.18466620 1.38347981 0.15190804
v 0.19637709 1.39419327 0.15517075
v 0.23093757 1.38286081 0.16052402
v 0.25817988 1.39600628 0.15069184
v 0.27400423 1.41309172 0.14167661
v 0.29470308 1.43013205 0.12968354
v 0.31890767 1.46272007 0.11546987
v 0.34417838 1.47630070 0.09250988
v 0.34773731 1.49858836 0.08640079
v 0.34188670 1.54771574 0.07452101
v 0.34283975 1.55761279 0.05435102
v 0.32843274 1.58283326 0.04008945
v 0.32292955 1.57840420 0.00719989
v 0.31877876 1.57726020 -0.02797469
v 0.32379046 1.56584691 -0.05366685
v 0.30807621 1.56353776 -0.06647003
v 0.30051363 1.55160096 -0.09895198
v 0.26991766 1.57269228 -0.12058820
v 0.23415554 1.58884606 -0.13514838
v 0.20734664 1.60433757 -0.17241100
v 0.17280899 1.60517985 -0.18101844
v 0.13789490 1.60650871 -0.18954207
v 0.16528212 1.59355708 -0.21674230
v 0.17410967 1.57425238 -0.23352995
v 0.20192049 1.56022895 -0.22481988
v 0.20939152 1.52800858 -0.24527442
v 0.20896742 1.50029909 -0.24491943
v 0.19893594 1.48096050 -0.25230551
v 0.19887109 1.44558184 -0.23345515
v 0.18681203 1.41402222 -0.21687397
v 0.18248527 1.37690228 -0.23054311
v 0.16024527 1.35304907 -0.21529927
v 0.14964801 1.34890792 -0.20617210
v 0.14757569 1.34458009 -0.20173395
v 0.12433180 1.35344911 -0.18614758
v 0.11474381 1.36433097 -0.16555565
v 0.10809522 1.36084057 -0.15721369
v 0.09245177 1.32879272 -0.15744081
v 0.08541785 1.34257353 -0.14765565
v 0.08481074 1.32898614 -0.12018147
v 0.07426536 1.33514819 -0.10057748
v 0.04453234 1.33005313 -0.08703782
v 0.03744223 1.31687901 -0.07119223
v 0.04402817 1.32190085 -0.04886862
v 0.06079082 1.30978105 -0.02587865
v 0.08131887 1.31991423 -0.00613292
v 0.07667916 1.30005998 0.01325556
v 0.05936985 1.30565349 0.04845268
v 0.05247484 1.29219180 0.06610630
v 0.05062383 1.27766425 0.10902779
v 0.04952072 1.25766381 0.13465480
v 0.06360435 1.26617277 0.13741408
v 0.08464570 1.29376751 0.12417203
v 0.09774967 1.28962644 0.14495317
v 0.10434953 1.29136451 0.17220197
v 0.12627497 1.30288827 0.17389680
v 0.15570604 1.27575711 0.16666911
v 0.18687890 1.26619467 0.15900995
v 0.17450044 1.29737323 0.15032600
v 0.16500317 1.32362382 0.14923262
v 0.15642874 1.36287523 0.13688658
v 0.15477583 1.39127027 0.13584718
v 0.16019712 1.40634576 0.14041966
v 0.18547067 1.41374678 0.15439577
v 0.20796573 1.39463574 0.16333529
v 0.24421959 1.39604080 0.16039763
v 0.28450128 1.41822096 0.16629614
v 0.30861563 1.44663569 0.14076059
v 0.32498582 1.48681981 0.12248727
v 0.33768121 1.53159837 0.10098916
v 0.33312877 1.56157959 0.10933281
v 0.33015429 1.59475863 0.07542692
v 0.31192961 1.61334890 0.04439250
v 0.30637059 1.61199521 0.01471159
v 0.32639430 1.58483674 -0.03017908
v 0.30324895 1.58797935 -0.04511644
v 0.29612112 1.58217944 -0.07019056
v 0.28816507 1.58176951 -0.09654542
v 0.27481010 1.58403664 -0.11261270
v 0.23528558 1.60547648 -0.13622430
v 0.20029773 1.61035864 -0.15118353
v 0.17284500 1.62436090 -0.16506179
v 0.14019179 1.62887587 -0.15073769
v 0.12185078 1.61460782 -0.16033250
v 0.10228657 1.59069827 -0.18898257
v 0.11657145 1.58690245 -0.20910485
v 0.13672679 1.58072660 -0.22426871
v 0.14092703 1.57407498 -0.24190842
v 0.14094868 1.54851138 -0.26700534
v 0.18354544 1.54271649 -0.25533410
v 0.19561420 1.51334350 -0.25749446
v 0.19956803 1.47587256 -0.27126951
v 0.20358846 1.43156486 -0.25779214
v 0.20252661 1.40814918 -0.25323338
v 0.19919155 1.39845719 -0.24243088
v 0.19299976 1.36967654 -0.25512573
v 0.18500535 1.35068887 -0.23527925
v 0.14738229 1.34945825 -0.21971620
v 0.12878355 1.35830321 -0.19865017
v 0.11264251 1.37156830 -0.18261832
v 0.09693651 1.38999661 -0.18074614
v 0.10181880 1.39666615 -0.15652461
v 0.08043551 1.36340253 -0.14570670
v 0.08093402 1.37382795 -0.11219752
v 0.07403349 1.37551517 -0.09934039
v 0.05259851 1.38221852 -0.08928100
v 0.04019140 1.34622862 -0.07336432
v 0.05071185 1.36215624 -0.04628101
v 0.07147380 1.34759962 -0.02750941
v 0.08992045 1.35197173 -0.00014849
v 0.08222021 1.32663467 0.02251446
v 0.07135382 1.35575296 0.04156806
v 0.06319857 1.33814366 0.05460646
v 0.05775200 1.32406374 0.07927961
v 0.05530669 1.29657569 0.11446629
v 0.06624562 1.31501573 0.11185706
v 0.09165187 1.32229236 0.11830593
v 0.09585923 1.32014574 0.14731804
v 0.10267467 1.32068835 0.16155837
v 0.11059822 1.35873769 0.15285954
v 0.13265185 1.34009480 0.16636172
v 0.14693451 1.31015837 0.16594779
v 0.14082683 1.35070633 0.16097150
v 0.14211000 1.37961830 0.14789251
v 0.12678514 1.42248808 0.14300670
v 0.14531421 1.43835865 0.12307388
v 0.15070436 1.45780917 0.13259702
v 0.16936300 1.43931446 0.14470541
v 0.18855646 1.40751464 0.16995266
v 0.23062048 1.39538531 0.17517756
v 0.25375351 1.40291527 0.17857532
v 0.24410457 1.41161375 0.19023939
v 0.26778762 1.43405701 0.18015361
v 0.29652357 1.44032411 0.16781845
v 0.30745262 1.46157993 0.16293397
v 0.31931008 1.49858499 0.13185206
v 0.33410153 1.53042082 0.14753688
v 0.33710691 1.57724765 0.13501812
v 0.32913374 1.61099665 0.10194622
v 0.30312069 1.64631107 0.07256710
v 0.29629625 1.63346959 0.04756650
v 0.27617850 1.64552473 0.03100033
v 0.28359496 1.64544037 0.00829301
v 0.31549654 1.60102308 -0.01580787
v 0.29679754 1.60849560 -0.02677727
v 0.30380259 1.62740334 -0.04068284
v 0.31089274 1.60715130 -0.08162154
v 0.28469473 1.60375965 -0.11810916
v 0.26633132 1.61994220 -0.13926441
v 0.25858883 1.64049471 -0.15434673
v 0.22014728 1.61827453 -0.14198791
v 0.18679646 1.62201279 -0.14221362
v 0.16417125 1.64092948 -0.12294024
v 0.14782233 1.64141699 -0.14642286
v 0.13340162 1.64678356 -0.11423719
v 0.12061857 1.62663476 -0.11666606
v 0.09643339 1.60698057 -0.12897021
v 0.08357025 1.57825615 -0.16311328
v 0.08260022 1.55292378 -0.20810263
v 0.10480145 1.57759348 -0.22536824
v 0.10803220 1.55921876 -0.24710622
v 0.10950172 1.52432824 -0.27499762
v 0.14579560 1.49118145 -0.30124279
v 0.17303171 1.50720976 -0.28048091
v 0.18185314 1.52274585 -0.27503557
v 0.18488356 1.44997969 -0.27062812
v 0.18909792 1.42385698 -0.26316077
v 0.18634593 1.39309561 -0.25856276
v 0.18208415 1.36592168 -0.25963793
v 0.18772094 1.34069800 -0.25228160
v 0.15447352 1.34242951 -0.23068958
v 0.13901620 1.33321700 -0.22102378
v 0.11174184 1.34948374 -0.20238637
v 0.12562291 1.36136351 -0.20683825
v 0.10963182 1.37095938 -0.19668833
v 0.09072437 1.37367848 -0.18931993
v 0.07469411 1.40140135 -0.18147547
v 0.08777015 1.41861611 -0.16236983
v 0.08084279 1.43663078 -0.15662035
v 0.07013833 1.41155621 -0.14417833
v 0.07553719 1.38780529 -0.14421322
v 0.07237567 1.43310188 -0.12098786
v 0.07332183 1.41297683 -0.10121367
v 0.04925150 1.42699593 -0.08534509
v 0.04383640 1.38496131 -0.06961467
v 0.05542989 1.40629184 -0.04827815
v 0.07362024 1.40484792 -0.03508053
v 0.08875011 1.39589047 -0.01639437
v 0.09800332 1.39332425 0.00463354
v 0.08688182 1.35499921 0.02640549
v 0.09930481 1.41077047 0.01364655
v 0.07256141 1.39435356 0.04568684
v 0.06829128 1.37393195 0.07915573
v 0.06700019 1.35097112 0.09334550
v 0.09131987 1.34782088 0.10822387
v 0.09498508 1.36530150 0.13501147
v 0.11163531 1.39052360 0.13467933
v 0.12568199 1.38308563 0.15460976
v 0.11810223 1.44528424 0.11639636
v 0.12471120 1.45791815 0.12971600
v 0.14207657 1.48576333 0.11692037
v 0.14653711 1.50091289 0.13317672
v 0.15762120 1.46945307 0.14067341
v 0.15487071 1.46481970 0.15963436
v 0.16145000 1.43763581 0.16498782
v 0.18318247 1.40803260 0.18005212
v 0.18001115 1.40278087 0.19472564
v 0.22652689 1.39788173 0.19167062
v 0.22124483 1.39481090 0.21034155
v 0.23978734 1.41378185 0.20628092
v 0.25616865 1.42205894 0.19786134
v 0.27921074 1.44777954 0.18313256
v 0.28979228 1.46442512 0.16822191
v 0.32021873 1.49060180 0.15599558
v 0.30602745 1.50174764 0.16046340
v 0.32266715 1.54262366 0.15711143
v 0.32312474 1.58010189 0.16012318
v 0.31980842 1.61977539 0.12696764
v 0.30490736 1.64747404 0.08929814
v 0.28370663 1.65312837 0.10461083
v 0.26284320 1.66680622 0.07210551
v 0.24837502 1.66752189 0.05728681
v 0.25497721 1.66410849 0.02899419
v 0.24941803 1.67467101 0.01551064
v 0.24825703 1.66647182 -0.00956695
v 0.27708856 1.63699373 -0.01159502
v 0.28456994 1.64767167 -0.02315222
v 0.31161075 1.65074680 -0.05420641
v 0.32464721 1.63357837 -0.09293873
v 0.31162381 1.61156214 -0.10436644
v 0.30558047 1.62942319 -0.13142334
v 0.27021150 1.64769078 -0.16029106
v 0.23991612 1.66728429 -0.16449331
v 0.21034012 1.65296864 -0.14504371
v 0.19464912 1.64434946 -0.13597973
v 0.18610855 1.66322952 -0.11482555
v 0.16698439 1.65541020 -0.09968892
v 0.13752439 1.65710894 -0.06461731
v 0.13108604 1.62949782 -0.06246657
v 0.10266094 1.60787838 -0.08567869
v 0.07188337 1.55876385 -0.08753879
v 0.06260597 1.53619729 -0.13304159
v 0.06622508 1.54619126 -0.16249576
v 0.05675226 1.51226416 -0.18061458
v 0.06260908 1.50103855 -0.20513327
v 0.08307698 1.52054296 -0.24934410
v 0.09643555 1.46639223 -0.29167964
v 0.11786543 1.46806338 -0.29751087
v 0.13935874 1.45693794 -0.30442168
v 0.17328697 1.44101173 -0.30459873
v 0.16991722 1.46709126 -0.29037587
v 0.18699558 1.40884972 -0.28578871
v 0.18855016 1.36348101 -0.28247814
v 0.17519409 1.33733041 -0.26364231
v 0.17235992 1.31884706 -0.25358408
v 0.13005731 1.33472592 -0.23201632
v 0.10699491 1.35460608 -0.21517906
v 0.09339251 1.37960456 -0.20603053
v 0.08350269 1.40094095 -0.20098482
v 0.06559779 1.42867395 -0.17719034
v 0.06964309 1.46636589 -0.16095334
v 0.06026941 1.45930764 -0.14858581
v 0.06400257 1.46379377 -0.13017698
v 0.05791791 1.47204127 -0.10004757
v 0.04829822 1.45891064 -0.08386631
v 0.04948671 1.42334005 -0.06455160
v 0.06397901 1.45696916 -0.04949609
v 0.09662704 1.44619755 -0.01922869
v 0.10191228 1.45411140 0.01142477
v 0.08487291 1.45218601 0.03688725
v 0.08411772 1.42895284 0.06788610
v 0.09916932 1.42036188 0.08861236
v 0.09375113 1.37575569 0.10023357
v 0.09901385 1.40866751 0.12043601
v 0.10340407 1.46430648 0.10369955
v 0.12142026 1.48754658 0.10027715
v 0.12382185 1.48871687 0.11838423
v 0.12929705 1.52323163 0.10582031
v 0.14668034 1.52700766 0.11346857
v 0.14504174 1.54776066 0.13487401
v 0.14983529 1.50419099 0.14966375
v 0.16115108 1.49718775 0.15829122
v 0.16132397 1.46179567 0.17345783
v 0.16709050 1.42272235 0.18914287
v 0.16335188 1.42878955 0.21334346
v 0.18600473 1.39883576 0.20450449
v 0.18678077 1.39354430 0.21339029
v 0.23672390 1.39151241 0.22510395
v 0.25710323 1.40568152 0.21609567
v 0.27974979 1.42963983 0.20479887
v 0.29345875 1.45101537 0.20131666
v 0.30797850 1.49654657 0.17748464
v 0.32089972 1.54128688 0.17356845
v 0.30366753 1.55347499 0.19649294
v 0.29575838 1.57915323 0.19746517
v 0.29891432 1.61869675 0.16934978
v 0.30314555 1.63589821 0.12797275
v 0.26894897 1.64885771 0.13652065
v 0.25072141 1.65714356 0.10675492
v 0.22941758 1.66470409 0.08248732
v 0.20037400 1.66145424 0.07256606
v 0.19436387 1.66884671 0.02489128
v 0.23110940 1.67032333 0.03072837
v 0.20724280 1.68036431 0.01071368
v 0.22320219 1.67504394 -0.01538453
v 0.26663696 1.68076799 -0.02207951
v 0.29820879 1.67191024 -0.03435611
v 0.32010952 1.66511462 -0.06007041
v 0.35328401 1.63232966 -0.10079188
v 0.32038895 1.62720832 -0.11271916
v 0.31643255 1.63034603 -0.15475489
v 0.29042099 1.65480593 -0.18827876
v 0.25805112 1.68562520 -0.18896368
v 0.22651943 1.68731972 -0.15702402
v 0.20269057 1.69423853 -0.11581015
v 0.19123696 1.69328030 -0.09041396
v 0.17851991 1.67814344 -0.07288596
v 0.16195768 1.65936838 -0.06945175
v 0.16546633 1.67228619 -0.01083977
v 0.14891515 1.64090810 -0.01192343
v 0.12078755 1.62305932 -0.03916672
v 0.14374806 1.63700522 0.01536935
v 0.11354805 1.59169006 -0.02579720
v 0.09400369 1.57211731 -0.06477620
v 0.07159657 1.50629714 -0.05592466
v 0.05179005 1.49192119 -0.08534339
v 0.05893104 1.51612328 -0.10408733
v 0.06087713 1.49312237 -0.13412809
v 0.06482615 1.52434755 -0.15482192
v 0.06573261 1.49356204 -0.16674400
v 0.05725543 1.46539033 -0.17984212
v 0.06427970 1.45466046 -0.19526047
v 0.06126836 1.47139026 -0.21209815
v 0.06573354 1.45152150 -0.23648194
v 0.08797621 1.44208295 -0.27811236
v 0.10386118 1.40177385 -0.32094062
v 0.11896436 1.41622263 -0.31959664
v 0.14296100 1.42523686 -0.31345462
v 0.16227274 1.41659731 -0.31447272
v 0.17816296 1.39883106 -0.31705053
v 0.19089918 1.39243692 -0.30669983
v 0.19197542 1.36685163 -0.30389340
v 0.19146683 1.34122293 -0.31095715
v 0.18537527 1.32978846 -0.29052686
v 0.17856772 1.32474271 -0.27989208
v 0.16980889 1.30755016 -0.26214085
v 0.13988885 1.29784659 -0.25349400
v 0.11379914 1.31909347 -0.23164021
v 0.09655511 1.33409293 -0.22405141
v 0.08459529 1.35740176 -0.21817846
v 0.06931387 1.39025317 -0.21283817
v 0.07412850 1.42646536 -0.19889384
v 0.10173048 1.49933944 -0.02698825
v 0.10683497 1.50160763 0.00116857
v 0.09452907 1.49865514 0.03105950
v 0.09552965 1.47711288 0.05881634
v 0.10640930 1.47130339 0.08045713
v 0.11277712 1.51261472 0.08918560
v 0.12575529 1.52269727 0.09149014
v 0.13410502 1.55409590 0.09042354
v 0.15196157 1.57710226 0.10814856
v 0.15959403 1.59700588 0.12191488
v 0.17187418 1.59570762 0.13205415
v 0.16035110 1.53373050 0.14454187
v 0.15376457 1.51240877 0.17491861
v 0.15150824 1.45693880 0.20346272
v 0.14229326 1.47365719 0.22182874
v 0.15295452 1.43396074 0.22912120
v 0.16183043 1.40561022 0.22858866
v 0.20549612 1.40211365 0.23404926
v 0.26177308 1.40413509 0.23416406
v 0.27958218 1.43746345 0.22271586
v 0.28779267 1.47610214 0.21699699
v 0.30486609 1.48427541 0.19559937
v 0.31013483 1.51361143 0.19488268
v 0.28256241 1.51886408 0.22436757
v 0.27063148 1.54493253 0.22848076
v 0.27273902 1.58231066 0.21048698
v 0.27366651 1.62625935 0.17700724
v 0.21920204 1.62901536 0.16441346
v 0.22325243 1.64835901 0.12304417
v 0.17330514 1.63887009 0.08382569
v 0.16832564 1.65272730 0.04728754
v 0.18987464 1.67321201 -0.03198976
v 0.20999705 1.69098373 -0.03213299
v 0.21333316 1.70897740 -0.04297402
v 0.28192131 1.70521783 -0.03471487
v 0.31129851 1.69146695 -0.04254299
v 0.35243056 1.66687003 -0.06999223
v 0.37160745 1.66982756 -0.11133502
v 0.36510144 1.64418286 -0.13714076
v 0.35945314 1.62478265 -0.12582259
v 0.34674287 1.62110173 -0.14138933
v 0.33286185 1.63908410 -0.16109899
v 0.33743407 1.66230007 -0.18260280
v 0.33879684 1.69337068 -0.20690408
v 0.28529119 1.69996517 -0.20888054
v 0.25538870 1.70264359 -0.19773339
v 0.23516890 1.70206371 -0.20145759
v 0.23840629 1.71195284 -0.18570452
v 0.21799292 1.73405026 -0.16626400
v 0.21234502 1.71730077 -0.12643289
v 0.18382551 1.71430009 -0.11425445
v 0.18342166 1.70494336 -0.09459787
v 0.19545701 1.72275772 -0.07208348
v 0.20698713 1.72017366 -0.07306473
v 0.22684096 1.72858286 -0.04826203
v 0.24620292 1.75004812 -0.04337807
v 0.27635645 1.77022403 -0.03978707
v 0.29958350 1.74097593 -0.03931982
v 0.32385347 1.71262636 -0.04468301
v 0.35871097 1.68829043 -0.06611803
v 0.38488934 1.70470361 -0.10811284
v 0.37558319 1.68745603 -0.13666772
v 0.37456617 1.67410939 -0.15533175
v 0.37412764 1.66003081 -0.15165353
v 0.36138599 1.68055997 -0.17270480
v 0.37487129 1.71874898 -0.18187331
v 0.36311486 1.71685480 -0.20314650
v 0.32567669 1.72095035 -0.22027208
v 0.26821766 1.72999459 -0.20586250
v 0.24399218 1.71941339 -0.19420944
v 0.24299996 1.73348147 -0.20429876
v 0.22598239 1.73756684 -0.20619820
v 0.23191796 1.73717181 -0.19119559
v 0.25216743 1.75465485 -0.20719622
v 0.22617290 1.77001447 -0.18586462
v 0.21377847 1.76108414 -0.14214848
v 0.21047048 1.73765697 -0.12514378
v 0.19246720 1.73634730 -0.11701814
v 0.18994085 1.73837853 -0.08220957
v 0.22231425 1.77127217 -0.07433605
v 0.24160395 1.78731533 -0.05507533
v 0.25587583 1.81733134 -0.06048303
v 0.31038936 1.82247199 -0.05913558
v 0.29415856 1.77391824 -0.04150543
v 0.30837543 1.74571201 -0.02739729
v 0.32453619 1.72903501 -0.03224330
v 0.34147904 1.73638743 -0.05428902
v 0.38206308 1.73477926 -0.09162671
v 0.39234617 1.73017792 -0.12751589
v 0.38577226 1.72389084 -0.15324911
v 0.39339764 1.69944066 -0.15848344
v 0.39645195 1.67875796 -0.16000093
v 0.38679645 1.67987207 -0.17323540
v 0.38825156 1.70302807 -0.17349005
v 0.39660070 1.72151851 -0.17486417
v 0.40285891 1.72852548 -0.21136222
v 0.36601035 1.72614424 -0.22220122
v 0.31579741 1.76962068 -0.23365496
v 0.23973754 1.74736909 -0.21500254
v 0.27069205 1.79623933 -0.22165828
v 0.25020728 1.81815971 -0.19263469
v 0.23041201 1.80237908 -0.16257515
v 0.21723343 1.77389592 -0.15537816
v 0.20150938 1.77697731 -0.14298313
v 0.19288562 1.76517940 -0.12640283
v 0.19102333 1.75610507 -0.13403393
v 0.17562087 1.75367541 -0.11375855
v 0.18630826 1.74336568 -0.10295151
v 0.18879383 1.75595777 -0.07811672
v 0.19653245 1.78680029 -0.08955561
v 0.22797253 1.79811056 -0.08035696
v 0.24550897 1.82587706 -0.09033112
v 0.28014660 1.84898636 -0.08454288
v 0.32436498 1.84834552 -0.08293743
v 0.36973593 1.81337222 -0.08404541
v 0.32376879 1.77880563 -0.04994955
v 0.30604990 1.77551064 -0.03327341
v 0.31116934 1.75742878 -0.03666768
v 0.34496590 1.76432152 -0.06252971
v 0.39655670 1.76648354 -0.10251483
v 0.40996780 1.74222793 -0.12815514
v 0.41774815 1.73732556 -0.16710783
v 0.42247710 1.76901455 -0.16901934
v 0.41834078 1.76609065 -0.19874565
v 0.39089308 1.76562562 -0.22737419
v 0.33005341 1.79421252 -0.23057874
v 0.28043108 1.82612928 -0.21499335
v 0.25176942 1.83510489 -0.17035548
v 0.23342452 1.83797193 -0.15938022
v 0.21592465 1.81478045 -0.15826867
v 0.21225948 1.80567234 -0.14754526
v 0.21047671 1.80055087 -0.12370115
v 0.19642867 1.78103242 -0.12069845
v 0.18125496 1.78386577 -0.11025465
v 0.18086188 1.76606673 -0.10132908
v 0.18952936 1.80736868 -0.10678681
v 0.21350649 1.80542255 -0.10078409
v 0.21950793 1.82397222 -0.10764168
v 0.24459267 1.84522570 -0.10813908
v 0.27798435 1.86321297 -0.10513697
v 0.30663553 1.86764016 -0.10238381
v 0.35175810 1.85570555 -0.13365094
v 0.36717030 1.83516805 -0.11299393
v 0.40062403 1.81586625 -0.14746756
v 0.40951121 1.78744992 -0.13424836
v 0.41090639 1.79539507 -0.18018053
v 0.40779690 1.78475853 -0.20250165
v 0.38604484 1.79856235 -0.21726618
v 0.32082958 1.82466967 -0.21622071
v 0.28904411 1.85185031 -0.19120886
v 0.26839254 1.87148378 -0.17293661
v 0.23839023 1.85715178 -0.15409113
v 0.22231345 1.84430468 -0.12210708
v 0.21533690 1.83064844 -0.13687819
v 0.20772434 1.83245660 -0.11897866
v 0.20172480 1.82517035 -0.10739803
v 0.23949348 1.86238518 -0.10812714
v 0.26061641 1.86391591 -0.10420830
v 0.27388079 1.87852861 -0.11679964
v 0.31111498 1.87683842 -0.13223297
v 0.33021245 1.87286690 -0.15699804
v 0.35620884 1.86640285 -0.17070972
v 0.37172709 1.84118992 -0.15733982
v 0.39264868 1.82051441 -0.17186779
v 0.41209125 1.81170497 -0.17973485
v 0.43322896 1.79468209 -0.19067298
v 0.42081905 1.78389406 -0.22050232
v 0.41516634 1.80095235 -0.22365918
v 0.38281644 1.80791699 -0.21399173
v 0.34809287 1.83265268 -0.21143377
v 0.33466851 1.85567046 -0.20051434
v 0.29158190 1.87547049 -0.17083441
v 0.28294703 1.88904675 -0.17243338
v 0.25939455 1.88178072 -0.14954939
v 0.24673842 1.87005341 -0.12629616
v 0.29749195 1.88642512 -0.14624343
v 0.33631497 1.88739013 -0.17305983
v 0.36258908 1.87289607 -0.19279995
v 0.38426871 1.84659625 -0.17992250
v 0.39019682 1.83607283 -0.17012396
v 0.40412920 1.83918634 -0.18479229
v 0.43113910 1.80630142 -0.20488910
v 0.40865728 1.83029349 -0.21331453
v 0.38171953 1.81628947 -0.22166605
v 0.38163845 1.83861411 -0.21678514
v 0.35825955 1.84575903 -0.20280235
v 0.34545216 1.85340215 -0.21482039
v 0.32446509 1.88296323 -0.19122107
v 0.31964496 1.89467747 -0.18608024
v 0.29451409 1.89474424 -0.16193443
v 0.37274613 1.86466496 -0.20714954
v 0.13549964 1.62185892 0.03589349
v 0.12498123 1.59627436 0.00618914
v 0.10804914 1.55026082 -0.02841474
v 0.11386426 1.54777165 0.00230452
v 0.10320503 1.53443062 0.03507785
v 0.11551275 1.52859213 0.07047414
v 0.12217526 1.55700552 0.07985408
v 0.14085103 1.59426186 0.07656827
v 0.15934886 1.61467208 0.09602971
v 0.19395879 1.63626679 0.11739625
v 0.19675919 1.62514526 0.14426956
v 0.17521810 1.58034764 0.16929315
v 0.16431402 1.56081510 0.14642555
v 0.15864619 1.54181665 0.18966500
v 0.14506156 1.50852465 0.20680705
v 0.14942303 1.49316791 0.25529505
v 0.14261471 1.46173862 0.26049718
v 0.14877682 1.43002518 0.24487110
v 0.17802195 1.41135005 0.24386895
v 0.21327062 1.40922333 0.24429723
v 0.23949606 1.42415888 0.24163491
v 0.26549293 1.43771434 0.25084954
v 0.27606619 1.47141783 0.24045645
v 0.25896832 1.49916484 0.25237436
v 0.23654562 1.50667141 0.26453140
v 0.22791441 1.51840806 0.27020564
v 0.23224574 1.54475514 0.24894103
v 0.25016120 1.55590634 0.23059500
v 0.23241502 1.57745117 0.21888344
v 0.24076080 1.60704780 0.19235132
v 0.21265978 1.58406117 0.20716160
v 0.19089613 1.58815411 0.18453471
v 0.13068813 1.58763667 0.06102074
v 0.11760066 1.58236368 0.03501579
v 0.16328747 1.53694888 0.22124356
v 0.17654803 1.50728842 0.27342107
v 0.15171813 1.47730507 0.27971151
v 0.15009107 1.42949974 0.30966988
v 0.15175157 1.41618480 0.29364623
v 0.15421056 1.42825664 0.26032383
v 0.18076074 1.41361357 0.25538816
v 0.20714801 1.40673411 0.25653135
v 0.21721597 1.40959592 0.26243929
v 0.24178153 1.43163586 0.26496026
v 0.25418950 1.45449276 0.26723088
v 0.26025654 1.46536622 0.26217353
v 0.24602651 1.47425316 0.27996759
v 0.22879916 1.49052769 0.28729298
v 0.20079178 1.51059896 0.27412495
v 0.21280612 1.53771616 0.24698194
v 0.18651292 1.54703088 0.22935372
v 0.18022769 1.48850008 0.29465188
v 0.16212773 1.45187748 0.31947752
v 0.16680511 1.41844613 0.35149999
v 0.16406789 1.38511543 0.32525389
v 0.17260466 1.37369422 0.29973294
v 0.16776293 1.40573193 0.27254099
v 0.18501030 1.37933121 0.27280730
v 0.19940300 1.38786315 0.26231450
v 0.24084618 1.42495796 0.26682073
v 0.25000794 1.44540170 0.28197279
v 0.24171690 1.46189850 0.29928069
v 0.21776116 1.48218353 0.29408195
v 0.19389668 1.45764326 0.33184686
v 0.19949542 1.42669064 0.35510804
v 0.21125637 1.38736714 0.35611241
v 0.18494716 1.37632322 0.34290429
v 0.19657475 1.35147649 0.31997785
v 0.20898693 1.34065988 0.29228626
v 0.21447375 1.34130422 0.27219458
v 0.22942961 1.34909118 0.25392441
v 0.24563020 1.38076235 0.24665073
v 0.25822261 1.40756641 0.25882000
v 0.25441818 1.42410889 0.26953357
v 0.28638092 1.40456874 0.27545940
v 0.25760585 1.44115190 0.30370795
v 0.23661964 1.45005257 0.32705364
v 0.23894889 1.39096057 0.35480807
v 0.23831683 1.33100030 0.32904732
v 0.27252234 1.31047515 0.29537745
v 0.30281935 1.30138942 0.26481089
v 0.30087382 1.32023445 0.24802527
v 0.30005410 1.34650629 0.24625219
v 0.29912277 1.36840317 0.25240421
v 0.34058889 1.35538135 0.26723726
v 0.34836181 1.35067951 0.28527759
v 0.28578558 1.41215164 0.30031646
v 0.26181405 1.42350995 0.32760346
v 0.28722121 1.37835511 0.33836484
v 0.29119533 1.32864942 0.33210007
v 0.30567549 1.29865794 0.30924687
v 0.37751795 1.26510540 0.28303593
v 0.37034208 1.26976848 0.25501830
v 0.35189475 1.30274474 0.23381683
v 0.33877557 1.33551399 0.24175121
v 0.36079813 1.33718353 0.24920633
v 0.39289307 1.32292489 0.25006030
v 0.40366976 1.31199188 0.27237862
v 0.35748384 1.32551188 0.30221668
v 0.31161221 1.38162776 0.31324015
v 0.32005146 1.34747326 0.32560726
v 0.34879175 1.29329657 0.30640853
v 0.40938416 1.26956581 0.28517072
v 0.40856437 1.25064039 0.24832272
v 0.40109481 1.26891440 0.23055148
v 0.39654494 1.28634599 0.22086490
v 0.38036722 1.31557139 0.22750394
v 0.42382239 1.30564997 0.21390757
v 0.43840533 1.31147331 0.23023176
v 0.43609250 1.29500943 0.26631435
v 0.40563489 1.29418281 0.28644493
v 0.44007395 1.27380275 0.27789666
v 0.46017304 1.24064635 0.27805895
v 0.44301095 1.22748869 0.27536104
v 0.43890341 1.23214810 0.24372158
v 0.42282411 1.24355476 0.20762505
v 0.41361954 1.27043180 0.20343767
v 0.43666822 1.25612465 0.17194923
v 0.45745336 1.28111008 0.17713242
v 0.46735991 1.30409615 0.19105290
v 0.47538135 1.30569514 0.23046984
v 0.48370566 1.27206661 0.25783714
v 0.46494562 1.25822876 0.27626201
v 0.50421426 1.25587484 0.25511394
v 0.48143165 1.23279573 0.26076773
v 0.48655994 1.23342315 0.24821973
v 0.47116080 1.24824300 0.21848028
v 0.44916393 1.23013925 0.21336023
v 0.43739447 1.24492049 0.17981244
v 0.46580208 1.24174525 0.16240982
v 0.45523876 1.26796996 0.16731010
v 0.48180446 1.26055755 0.17923732
v 0.49152618 1.28794068 0.17300883
v 0.50016692 1.29791199 0.17881481
v 0.50873942 1.29111811 0.21214355
v 0.51320193 1.25561394 0.22161753
v 0.52083300 1.22043403 0.22888466
v 0.50745010 1.23257055 0.25048948
v 0.50166582 1.21419707 0.23604805
v 0.48674806 1.22354848 0.19757309
v 0.47652410 1.23978084 0.18939569
v 0.46474505 1.23102395 0.18454912
v 0.46617431 1.22542485 0.17489804
v 0.48253733 1.22572607 0.16741747
v 0.49091839 1.24082312 0.16769032
v 0.50561388 1.26551575 0.15856017
v 0.51778364 1.25386942 0.16119739
v 0.51796211 1.25639201 0.18574877
v 0.52182765 1.22881896 0.20927655
v 0.51094903 1.22347283 0.18952188
v 0.49405017 1.20679358 0.18756288
v 0.52147171 1.23883848 0.17935199
v 0.06172626 1.43751414 -0.20788685
v 0.06184616 1.42661745 -0.23319337
v 0.06637290 1.39265111 -0.25526623
v 0.07821671 1.37991304 -0.28577045
v 0.07804121 1.43130501 -0.26541695
v 0.10587554 1.36204968 -0.33700949
v 0.14358471 1.39665157 -0.33301990
v 0.16116760 1.37559285 -0.34412022
v 0.18703967 1.36483521 -0.33107195
v 0.18473996 1.33668251 -0.33229072
v 0.17692971 1.32014343 -0.30791961
v 0.16262194 1.31381201 -0.27298132
v 0.15105848 1.30953304 -0.25166262
v 0.13113275 1.28643114 -0.25680083
v 0.10892117 1.29556702 -0.25777811
v 0.09318182 1.31185933 -0.25549640
v 0.08013967 1.33624531 -0.24374542
v 0.07234376 1.35271184 -0.26009531
v 0.06487999 1.38930245 -0.23710857
v 0.08410983 1.33307728 -0.30223680
v 0.08701149 1.34755113 -0.31566976
v 0.10877383 1.32813688 -0.35361833
v 0.13772167 1.35499429 -0.35396439
v 0.16233330 1.35186948 -0.35954370
v 0.18253892 1.34608006 -0.34801220
v 0.19348954 1.33470468 -0.33986313
v 0.17310809 1.30815582 -0.31000459
v 0.15385665 1.29593924 -0.29463324
v 0.13267144 1.29559154 -0.27343369
v 0.09930495 1.28990091 -0.27454295
v 0.09157116 1.30324053 -0.27825092
v 0.08338596 1.32282203 -0.27866793
v 0.09058227 1.30127958 -0.32387495
v 0.11932494 1.29724711 -0.37282888
v 0.15072906 1.33082928 -0.36938633
v 0.18177392 1.33232901 -0.37184141
v 0.20891233 1.33009124 -0.37462318
v 0.22888433 1.32789419 -0.36935821
v 0.21825104 1.32106159 -0.33626798
v 0.19828374 1.29302052 -0.31404843
v 0.15107970 1.28024236 -0.30083779
v 0.11685943 1.27899853 -0.29497295
v 0.10458824 1.28868935 -0.29241281
v 0.09235795 1.29741188 -0.29791988
v 0.10004505 1.27012158 -0.33558876
v 0.10801374 1.24441806 -0.35984850
v 0.16112942 1.26103190 -0.39572878
v 0.18473900 1.29437175 -0.39777925
v 0.23641186 1.30611903 -0.40055880
v 0.28180052 1.31442017 -0.38525159
v 0.26109429 1.31538678 -0.35392399
v 0.27700987 1.29607775 -0.34156613
v 0.24449370 1.26316949 -0.31726062
v 0.18744761 1.25528158 -0.30586065
v 0.15028441 1.25231003 -0.30676210
v 0.12737464 1.24028955 -0.32034150
v 0.10929496 1.25935503 -0.31129405
v 0.14248869 1.23449013 -0.35331456
v 0.14222172 1.24777534 -0.38225898
v 0.19377824 1.23000486 -0.37462903
v 0.22786302 1.23440228 -0.39044981
v 0.22931508 1.26365557 -0.41078502
v 0.26607388 1.28377352 -0.41475085
v 0.32623616 1.29437073 -0.41164322
v 0.34402648 1.30585004 -0.39373212
v 0.32847799 1.30233401 -0.36420817
v 0.31387986 1.26672558 -0.34493355
v 0.29309174 1.24670275 -0.33791542
v 0.21677691 1.23140415 -0.31743353
v 0.17223880 1.22937758 -0.32871236
v 0.18984726 1.22464935 -0.35458173
v 0.25186837 1.22021817 -0.35891273
v 0.30448055 1.22266640 -0.38826073
v 0.25926322 1.24344077 -0.40490040
v 0.28822014 1.25541031 -0.41852732
v 0.33125912 1.27343612 -0.42306537
v 0.38571463 1.27432124 -0.42764755
v 0.41744815 1.29626199 -0.40070051
v 0.41959616 1.30122142 -0.37435355
v 0.38238736 1.29421094 -0.36310710
v 0.37293089 1.26324592 -0.35372629
v 0.34091327 1.23883664 -0.35374487
v 0.26497853 1.22862406 -0.33835374
v 0.34920238 1.22853121 -0.37072903
v 0.39967392 1.23571949 -0.41188064
v 0.32994975 1.23394012 -0.41012693
v 0.37188133 1.25314244 -0.42820757
v 0.41790261 1.24796141 -0.43272677
v 0.42708535 1.27199387 -0.42794976
v 0.46759188 1.28768673 -0.42987367
v 0.47178838 1.30435914 -0.40285505
v 0.45042939 1.30771250 -0.37932103
v 0.45991572 1.30385673 -0.34674540
v 0.42308138 1.28041474 -0.35471709
v 0.40886749 1.24965292 -0.36452465
v 0.41209361 1.23592568 -0.38990084
v 0.44112240 1.21630605 -0.41487175
v 0.43657089 1.22246713 -0.43038904
v 0.45400091 1.23510083 -0.44505012
v 0.47687625 1.24587515 -0.45133324
v 0.49422487 1.26965382 -0.43778562
v 0.50483100 1.29926658 -0.41059284
v 0.48987273 1.31513333 -0.37374043
v 0.48747886 1.29461410 -0.34454685
v 0.46059539 1.28382374 -0.33053187
v 0.44947408 1.26097288 -0.33456126
v 0.43623363 1.24065463 -0.36688217
v 0.45123068 1.22705776 -0.38894372
v 0.48530187 1.21958669 -0.42991730
v 0.49641064 1.22316120 -0.44540482
v 0.49801186 1.24293384 -0.44099051
v 0.51810248 1.25581872 -0.41964972
v 0.51895423 1.27853736 -0.40624827
v 0.52996323 1.28485948 -0.37915245
v 0.50905675 1.31122382 -0.37586698
v 0.51743947 1.29636002 -0.36735298
v 0.50393644 1.26993302 -0.35671724
v 0.50344892 1.26856087 -0.33797252
v 0.49373855 1.26446566 -0.32531444
v 0.48151327 1.25292150 -0.32886769
v 0.46383906 1.23262812 -0.35880330
v 0.46954312 1.23658340 -0.39246668
v 0.49822006 1.23420640 -0.40613777
v 0.50360712 1.20647748 -0.42268763
v 0.52002357 1.21638531 -0.43090497
v 0.51498946 1.23471323 -0.43010090
v 0.53138392 1.23077298 -0.41038711
v 0.54168769 1.25047241 -0.38825512
v 0.54237270 1.27497709 -0.36299870
v 0.52785720 1.25492754 -0.35227278
v 0.52159909 1.24864620 -0.33386931
v 0.51209296 1.23477069 -0.33323931
v 0.49520808 1.24035142 -0.34478116
v 0.49945199 1.24215336 -0.36158133
v 0.48992306 1.24296808 -0.37301815
v 0.49107215 1.24738516 -0.38557850
v 0.48878504 1.21701895 -0.39103714
v 0.51609969 1.20393526 -0.40441683
v 0.51966059 1.21993939 -0.38874811
v 0.53395735 1.23120032 -0.36775875
v 0.53476368 1.22031973 -0.35216779
v 0.51427281 1.22259945 -0.35929400
v 0.50930012 1.21730646 -0.38035163
v 0.22996401 0.94620799 0.22196497
v 0.22806114 0.84971451 0.22376470
v 0.22968493 0.81153918 0.22855738
v 0.22376777 0.76252252 0.22932309
v 0.21927629 0.69772582 0.23403400
v 0.19518929 0.67065504 0.22092070
v 0.18790870 0.63391196 0.21713809
v 0.16566807 0.61593241 0.20636808
v 0.14160035 0.60473940 0.20226763
v 0.12035772 0.59073399 0.19844495
v 0.14350253 0.58329336 0.20052207
v 0.14138981 0.56533989 0.20239006
v 0.11495401 0.55553114 0.19261912
v 0.10857653 0.53493047 0.18420732
v 0.10547072 0.49959440 0.17129601
v 0.11510972 0.44156571 0.18108491
v 0.11004378 0.42215739 0.16046094
v 0.10677998 0.42301522 0.13752800
v 0.11117098 0.40724450 0.12788998
v 0.11504601 0.37021975 0.12091869
v 0.13852068 0.32576861 0.11100945
v 0.17827117 0.30531362 0.08131272
v 0.18236316 0.28384072 0.07469235
v 0.20016383 0.28706238 0.06792833
v 0.21000933 0.27153509 0.07101692
v 0.23444086 0.33567693 0.06813334
v 0.26402745 0.36731550 0.06828743
v 0.26335213 0.44763413 0.08241090
v 0.29203396 0.48076527 0.07718904
v 0.30656100 0.52175423 0.08573261
v 0.31111516 0.55954811 0.10383060
v 0.31074044 0.60126227 0.10803618
v 0.30849797 0.59362705 0.12201006
v 0.29703006 0.62809384 0.13435296
v 0.28068449 0.68042854 0.15302092
v 0.26851348 0.71190890 0.17474896
v 0.26201464 0.77273942 0.19253292
v 0.24687712 0.81824601 0.20996566
v 0.24804487 0.76015296 0.22068135
v 0.25072104 0.70334082 0.22667868
v 0.24526560 0.64442380 0.23252402
v 0.22466844 0.65279488 0.23580307
v 0.20975473 0.63825537 0.23134143
v 0.19001649 0.61402277 0.22367664
v 0.15903940 0.59362635 0.20669191
v 0.15382880 0.55447331 0.21899068
v 0.12642595 0.53168919 0.19948941
v 0.11975927 0.50757351 0.19591532
v 0.11796375 0.47904018 0.19010618
v 0.12521482 0.46418545 0.20468601
v 0.13147107 0.41344878 0.19662343
v 0.12289481 0.39940930 0.17384317
v 0.11772471 0.38825222 0.15435565
v 0.11325557 0.38060138 0.13241490
v 0.10259009 0.35722730 0.13787771
v 0.12050585 0.32106089 0.12905724
v 0.14822517 0.27979835 0.10845878
v 0.15739710 0.28506329 0.09161658
v 0.17950074 0.24524262 0.09499242
v 0.19180274 0.25317708 0.09602497
v 0.21561776 0.24156627 0.08640917
v 0.23026042 0.22512898 0.09623722
v 0.24089191 0.29436242 0.07467236
v 0.25357685 0.29322082 0.08131010
v 0.27243173 0.35083327 0.08070029
v 0.28401221 0.39509777 0.07516627
v 0.28358707 0.42505134 0.06869426
v 0.29943210 0.46893381 0.08324535
v 0.29993515 0.49220813 0.09407990
v 0.30064506 0.54043572 0.10691463
v 0.28628652 0.54698298 0.10942421
v 0.28410599 0.57699784 0.11728141
v 0.28143286 0.63078878 0.13743269
v 0.27771082 0.62894319 0.15801638
v 0.26417101 0.70263489 0.21032461
v 0.26655305 0.65438075 0.21222061
v 0.27247417 0.62327540 0.20599301
v 0.23805766 0.61212253 0.23451390
v 0.21215151 0.61609519 0.23387634
v 0.21508967 0.59041095 0.23790455
v 0.17933004 0.58001863 0.22723598
v 0.16669971 0.53871060 0.23468831
v 0.14996278 0.53079331 0.22645094
v 0.14069412 0.50503875 0.22387158
v 0.13904288 0.47066493 0.22380408
v 0.13456749 0.44416822 0.21003912
v 0.13789642 0.42037965 0.21553190
v 0.11919300 0.39671704 0.20011412
v 0.10717004 0.38308831 0.17794366
v 0.09847568 0.36557752 0.16174966
v 0.09027002 0.33332865 0.17422230
v 0.10197273 0.32292630 0.15947342
v 0.12506584 0.29512271 0.16635488
v 0.13674819 0.28886177 0.15154062
v 0.14787208 0.27267364 0.13971497
v 0.15691039 0.24400799 0.11997065
v 0.16007077 0.24528535 0.10067419
v 0.15681655 0.22857792 0.10852126
v 0.15747762 0.22416287 0.11996278
v 0.16898894 0.23673788 0.12380160
v 0.18736168 0.24011720 0.12508044
v 0.21710609 0.20620913 0.13892552
v 0.24407709 0.19883930 0.12860821
v 0.24831218 0.23495387 0.09924893
v 0.26382617 0.27859480 0.09736082
v 0.27041357 0.29120697 0.10908564
v 0.27405180 0.32054896 0.11549805
v 0.27639759 0.35957299 0.09952154
v 0.28215021 0.38909395 0.11765578
v 0.27792778 0.41604773 0.08746919
v 0.27225323 0.43860019 0.10130522
v 0.27556409 0.49475747 0.10555259
v 0.27727119 0.55805386 0.12872679
v 0.28416243 0.57537515 0.16819210
v 0.27810538 0.62039304 0.17370075
v 0.27483917 0.58458405 0.19871308
v 0.26182659 0.58271059 0.21757111
v 0.23224612 0.57206062 0.23295160
v 0.20420400 0.56931158 0.23947156
v 0.18284466 0.55142783 0.23761914
v 0.18001738 0.50876012 0.24102664
v 0.15866063 0.49786495 0.23616022
v 0.15026810 0.44161633 0.23314997
v 0.13868585 0.41257107 0.22820126
v 0.13128662 0.36977811 0.22078040
v 0.11897245 0.36689945 0.20459536
v 0.09770771 0.35726502 0.17650142
v 0.08771692 0.31165501 0.19262559
v 0.09868453 0.31013032 0.18054680
v 0.10830456 0.28921924 0.18533846
v 0.11708493 0.27058224 0.16904824
v 0.14025691 0.25197908 0.14511928
v 0.13501814 0.23481129 0.11452535
v 0.13886148 0.22089612 0.12324203
v 0.15421471 0.21102594 0.11305124
v 0.17399818 0.22080347 0.12118603
v 0.19685143 0.21841395 0.13169615
v 0.18674453 0.20519369 0.09744507
v 0.20479586 0.19951306 0.11265219
v 0.22965694 0.18292216 0.13994177
v 0.24971182 0.18769697 0.14202797
v 0.25847364 0.21422940 0.12014983
v 0.27098095 0.24734695 0.13296376
v 0.27563636 0.28862967 0.13212038
v 0.27682649 0.33573343 0.13166139
v 0.27780639 0.36627954 0.14440931
v 0.28295435 0.41711658 0.13041721
v 0.27950544 0.50233544 0.12834612
v 0.29334591 0.50287589 0.16673647
v 0.28775975 0.54261081 0.17927609
v 0.26871013 0.55112170 0.21426590
v 0.25009441 0.55040281 0.22416829
v 0.23098640 0.53920866 0.23631426
v 0.20308016 0.53372585 0.24115419
v 0.20328666 0.50043498 0.24220788
v 0.16887024 0.44887021 0.24261693
v 0.15782234 0.43085735 0.23998120
v 0.14501332 0.37012185 0.23048830
v 0.12635220 0.34062867 0.21794576
v 0.10218878 0.33746563 0.20663633
v 0.09139501 0.32669416 0.20114198
v 0.08283748 0.28612734 0.19591191
v 0.08909765 0.27976489 0.17457219
v 0.09259653 0.25428382 0.14090482
v 0.11989956 0.24429181 0.12246199
v 0.10232841 0.23241976 0.12267445
v 0.11988027 0.22463998 0.12753404
v 0.12286650 0.20671854 0.10194409
v 0.14612438 0.19542486 0.08908520
v 0.16635238 0.20010217 0.09419693
v 0.17929637 0.18155852 0.08314838
v 0.18565227 0.17777141 0.09860598
v 0.18491203 0.18551080 0.11414467
v 0.22602273 0.17297599 0.14311485
v 0.25220173 0.18310095 0.15276971
v 0.25429450 0.20259439 0.13510346
v 0.26932155 0.24049591 0.14859860
v 0.27480336 0.30973852 0.15421128
v 0.27172175 0.36901368 0.15616974
v 0.28644153 0.44089464 0.14946223
v 0.27754520 0.42566479 0.16727140
v 0.26563958 0.43340012 0.18756553
v 0.27619104 0.49643845 0.19479196
v 0.26694071 0.51683941 0.21768776
v 0.22704588 0.49875890 0.24042635
v 0.21464196 0.46167217 0.24148420
v 0.18718091 0.42855242 0.23903426
v 0.17564203 0.37397551 0.23174805
v 0.14860312 0.33782494 0.21546726
v 0.12567005 0.31945121 0.20897901
v 0.10106081 0.30791117 0.21269169
v 0.09668518 0.27897360 0.21453544
v 0.09676891 0.26850635 0.19411382
v 0.09069102 0.26731569 0.18699095
v 0.08974868 0.26676043 0.15852073
v 0.10104993 0.25247373 0.16273721
v 0.08582898 0.22993395 0.15082126
v 0.09692649 0.22580179 0.12370776
v 0.11009239 0.20230179 0.10778386
v 0.12571551 0.18541738 0.08991228
v 0.16385408 0.14974888 0.08867972
v 0.19947547 0.16537496 0.10019575
v 0.19594357 0.17843810 0.13308737
v 0.20568819 0.17422249 0.15951060
v 0.21355275 0.17694866 0.18919835
v 0.23220437 0.17549880 0.17198777
v 0.22498692 0.18044873 0.21128900
v 0.23593740 0.19280303 0.20200885
v 0.23843980 0.20945886 0.16540532
v 0.24903638 0.23210623 0.16997116
v 0.27135556 0.29283307 0.17122085
v 0.25955205 0.36699725 0.17343592
v 0.25294441 0.36269739 0.19947160
v 0.26141010 0.43174166 0.20545566
v 0.25609193 0.46223200 0.22385124
v 0.23987805 0.45450579 0.23417614
v 0.20919715 0.42051617 0.24128297
v 0.19757969 0.36739035 0.23981022
v 0.16643320 0.32741553 0.22506448
v 0.14594724 0.31342016 0.22419737
v 0.12302329 0.30437892 0.22261964
v 0.11943082 0.27640773 0.23668667
v 0.12173327 0.26674726 0.21368166
v 0.11495464 0.25283742 0.21680176
v 0.11062253 0.24568564 0.19714801
v 0.08570533 0.25808011 0.18820551
v 0.08642364 0.24452816 0.16627088
v 0.09371271 0.24054731 0.17829653
v 0.09455949 0.21923429 0.16420964
v 0.10927326 0.21101744 0.15081678
v 0.11959439 0.19618172 0.13510581
v 0.12445432 0.17511782 0.09662133
v 0.11203623 0.15199102 0.10275619
v 0.14894646 0.13317980 0.10215471
v 0.19380412 0.13283228 0.10098849
v 0.21780910 0.13358451 0.10880427
v 0.22514285 0.15307368 0.12824182
v 0.20091263 0.17271067 0.14392038
v 0.22926474 0.15994632 0.17560341
v 0.22825040 0.16442051 0.20837766
v 0.22409388 0.18173727 0.22567361
v 0.21203595 0.20256590 0.22560548
v 0.20847469 0.21509394 0.21185399
v 0.22785440 0.21103493 0.18465888
v 0.21799998 0.22993746 0.19768744
v 0.26044391 0.26631786 0.18850727
v 0.25251787 0.32020879 0.20059630
v 0.24435990 0.34123890 0.21542409
v 0.24391325 0.40842652 0.22837095
v 0.22513917 0.38703212 0.23937283
v 0.21268907 0.32614796 0.24090294
v 0.19438388 0.33175198 0.23605092
v 0.18463553 0.30050772 0.24144733
v 0.15231480 0.29823191 0.23746490
v 0.12883492 0.26054779 0.24719622
v 0.12717022 0.24104329 0.23786711
v 0.13063429 0.23248576 0.20839480
v 0.11966526 0.21016695 0.21088910
v 0.10225316 0.21825910 0.22443128
v 0.09771002 0.24011940 0.21467827
v 0.08144838 0.22389462 0.19530440
v 0.08377136 0.22265109 0.17869945
v 0.07786534 0.19551242 0.15142466
v 0.09487977 0.17159252 0.12657225
v 0.08230064 0.16823529 0.14554621
v 0.10337596 0.14420135 0.11806839
v 0.11183680 0.11776341 0.11340056
v 0.16313890 0.11132049 0.09900750
v 0.20802264 0.09444153 0.08951355
v 0.22123910 0.11607607 0.09564433
v 0.24360363 0.11738412 0.11755801
v 0.23325654 0.13183196 0.13710111
v 0.23438375 0.12500913 0.15857361
v 0.22643211 0.14788508 0.19008421
v 0.20183204 0.14940160 0.21877331
v 0.19442614 0.18516301 0.23841551
v 0.18928684 0.21303897 0.24106525
v 0.19452192 0.23610847 0.21898162
v 0.22140077 0.25867968 0.22117527
v 0.24359806 0.26986213 0.21152522
v 0.23687596 0.30960905 0.23134239
v 0.23465371 0.35488824 0.23609246
v 0.21974833 0.29598914 0.23645559
v 0.16751169 0.27888355 0.23579977
v 0.16973939 0.24391664 0.24852168
v 0.14541808 0.22957678 0.24946892
v 0.14021404 0.21779095 0.23817159
v 0.13508932 0.19168079 0.21948542
v 0.10522242 0.18685756 0.23149705
v 0.08539065 0.20591878 0.23341527
v 0.08383806 0.22570272 0.21544126
v 0.08160030 0.20137568 0.21648467
v 0.06887030 0.20006325 0.20585177
v 0.06864067 0.20157445 0.18460534
v 0.07589934 0.19549653 0.17020830
v 0.06472589 0.17654636 0.17098010
v 0.05609872 0.15282006 0.16788244
v 0.07683698 0.14002539 0.14142921
v 0.07599845 0.12107980 0.14130117
v 0.11888921 0.09680331 0.12926111
v 0.17619713 0.09382053 0.10054531
v 0.21098072 0.06425500 0.07897875
v 0.23651647 0.07166787 0.07407893
v 0.26232488 0.08664014 0.07160476
v 0.24930516 0.10135450 0.08618998
v 0.28275405 0.10069229 0.10869284
v 0.28770908 0.09578023 0.13095095
v 0.24719013 0.11313042 0.15958422
v 0.23860049 0.10123327 0.18911872
v 0.21681959 0.12180574 0.19492917
v 0.17257220 0.13000218 0.22949358
v 0.16838308 0.18452389 0.24703556
v 0.18199198 0.23927138 0.23401113
v 0.18705966 0.26259536 0.23744799
v 0.21103172 0.26558515 0.23129037
v 0.15036466 0.19068405 0.24320124
v 0.14512359 0.16157085 0.24110502
v 0.11871008 0.16597359 0.23385911
v 0.11357389 0.15879323 0.22838307
v 0.10043894 0.17746202 0.22414577
v 0.08103141 0.17584514 0.22348313
v 0.06101250 0.16074363 0.21881407
v 0.05607740 0.18061310 0.20076570
v 0.04648378 0.15242992 0.18244385
v 0.03647931 0.12522883 0.18132292
v 0.05551331 0.12614994 0.15965459
v 0.06864499 0.09934283 0.15107224
v 0.10365732 0.08541897 0.14009700
v 0.13814728 0.07888390 0.12685972
v 0.18333237 0.06944412 0.09554484
v 0.23653449 0.05065717 0.06877912
v 0.27797158 0.06397402 0.06087630
v 0.29673218 0.08460978 0.07211783
v 0.30503073 0.09081589 0.09559875
v 0.32660153 0.06490660 0.11099192
v 0.29444040 0.07808989 0.15120483
v 0.26788083 0.09032248 0.17400388
v 0.22823749 0.07220080 0.19556030
v 0.19797181 0.10259624 0.21303524
v 0.16431516 0.12150185 0.22370639
v 0.14304445 0.14179367 0.24136477
v 0.13404120 0.13762536 0.23059463
v 0.11034294 0.13673686 0.23613669
v 0.07780444 0.15345817 0.23291715
v 0.05200573 0.13384998 0.22593608
v 0.04686210 0.15513707 0.19850609
v 0.03479897 0.13247508 0.19895517
v 0.05723392 0.10844281 0.20648918
v 0.05625306 0.10502232 0.17976051
v 0.05286911 0.10346926 0.15896909
v 0.08543943 0.08978197 0.15281285
v 0.12154489 0.08517085 0.17508449
v 0.15244854 0.08201075 0.18222274
v 0.19099561 0.07120460 0.14850909
v 0.21452394 0.05961091 0.11854930
v 0.25782311 0.05563452 0.14104376
v 0.28335722 0.04552492 0.11330451
v 0.29090976 0.04182845 0.06266880
v 0.31483872 0.06245088 0.07184542
v 0.32358457 0.04343307 0.08553261
v 0.31719373 0.04077807 0.12667021
v 0.27640264 0.05542682 0.16669640
v 0.22668930 0.06920138 0.17158928
v 0.16322713 0.08742390 0.21562016
v 0.14357216 0.11008630 0.22571691
v 0.13415382 0.09506405 0.22522571
v 0.10920683 0.10095095 0.23486870
v 0.09859244 0.12454491 0.23820712
v 0.08291342 0.13915406 0.23760859
v 0.07310795 0.12416814 0.24084929
v 0.08933517 0.10846225 0.23744222
v 0.10096894 0.09362203 0.20502586
v 0.08225874 0.09675471 0.18739021
f 1 2 3
f 1 3 8
f 3 9 8
f 10 9 3
f 4 10 3
f 3 2 4
f 2460 2459 2431
f 2431 2432 2460
f 2430 2431 2459
f 2398 2432 2431
f 2431 2430 2398
f 2479 2454 2455
f 2455 2454 2426
f 2426 2454 2453
f 2454 2476 2453
f 2454 2478 2477
f 2454 2474 2476
f 2479 2478 2454
f 2454 2477 2474
f 82 54 83
f 56 84 54
f 83 54 84
f 32 55 54
f 55 56 54
f 32 54 53
f 54 82 53
f 2496 2500 2501
f 2496 2501 2495
f 2496 2497 2500
f 2472 2497 2496
f 2496 2495 2472
f 2459 2458 2430
f 2483 2458 2459
f 2483 2459 2484
f 2460 2484 2459
f 2429 2430 2458
f 2457 2429 2458
f 2457 2458 2482
f 2483 2482 2458
f 2 6 5
f 5 4 2
f 2 1 6
f 55 33 56
f 32 33 55
f 19 20 37
f 7 8 19
f 19 18 7
f 8 20 19
f 36 19 37
f 34 19 35
f 36 35 19
f 19 34 18
f 37 20 38
f 21 38 20
f 20 8 21
f 8 9 21
f 9 22 21
f 21 22 40
f 40 39 21
f 38 21 39
f 36 37 63
f 37 38 63
f 4 11 10
f 10 11 22
f 22 9 10
f 80 109 79
f 79 52 80
f 50 79 78
f 78 79 109
f 79 50 51
f 52 79 51
f 2438 2468 2467
f 2491 2466 2467
f 2466 2438 2467
f 2491 2467 2485
f 2467 2492 2485
f 2493 2467 2468
f 2493 2483 2467
f 2483 2492 2467
f 2487 2460 2461
f 2432 2461 2460
f 2486 2460 2487
f 2484 2460 2485
f 2485 2460 2486
f 2456 2429 2457
f 2456 2457 2480
f 2481 2480 2457
f 2482 2481 2457
f 2456 2479 2455
f 2456 2478 2479
f 2497 2499 2500
f 2499 2497 2498
f 2473 2474 2499
f 2498 2473 2499
f 2500 2499 2477
f 2474 2477 2499
f 2480 2478 2456
f 2456 2455 2428
f 2456 2428 2429
f 2473 2451 2474
f 2476 2474 2475
f 2451 2475 2474
f 2489 2490 2486
f 2489 2464 2490
f 2490 2465 2491
f 2465 2490 2464
f 2490 2485 2486
f 2485 2490 2491
f 2487 2489 2486
f 2489 2487 2488
f 2489 2488 2464
f 81 109 80
f 110 109 81
f 53 81 80
f 81 53 82
f 83 81 82
f 83 110 81
f 5 6 15
f 5 15 14
f 5 12 4
f 12 5 13
f 5 14 13
f 29 15 16
f 6 16 15
f 6 17 16
f 16 17 29
f 49 29 50
f 29 30 50
f 78 49 50
f 50 30 51
f 78 77 49
f 78 109 108
f 77 78 107
f 108 107 78
f 2498 2497 2472
f 28 27 15
f 15 29 28
f 27 14 15
f 2396 2430 2429
f 2429 2428 2396
f 22 23 40
f 11 23 22
f 2465 2466 2491
f 2436 2466 2465
f 2466 2437 2438
f 2436 2437 2466
f 56 33 57
f 56 57 84
f 33 34 35
f 34 33 18
f 49 28 29
f 17 30 29
f 2475 2453 2476
f 2475 2451 2452
f 2453 2475 2452
f 11 4 12
f 49 48 28
f 49 77 48
f 53 80 52
f 2433 2461 2432
f 2461 2488 2487
f 2462 2488 2461
f 2433 2462 2461
f 2472 2495 2494
f 2469 2472 2494
f 2472 2469 2471
f 2498 2472 2473
f 2471 2448 2472
f 2473 2472 2449
f 2448 2449 2472
f 2468 2438 2439
f 2469 2468 2439
f 2468 2494 2493
f 2494 2468 2469
f 33 35 57
f 57 35 58
f 59 58 35
f 60 59 35
f 61 35 36
f 61 60 35
f 11 12 24
f 24 23 11
f 109 110 108
f 85 83 84
f 83 111 110
f 83 85 111
f 2493 2494 2495
f 111 108 110
f 2398 2433 2432
f 2396 2397 2430
f 2398 2430 2397
f 2428 2455 2427
f 2396 2428 2427
f 2451 2473 2450
f 2452 2451 2422
f 2450 2422 2451
f 2438 2437 2402
f 2402 2439 2438
f 2464 2488 2463
f 2462 2463 2488
f 84 57 58
f 39 63 38
f 40 23 41
f 42 41 23
f 23 24 42
f 14 27 26
f 13 14 26
f 2426 2427 2455
f 2449 2450 2473
f 2465 2464 2436
f 58 85 84
f 13 24 12
f 2434 2433 2398
f 2398 2397 2363
f 2399 2434 2398
f 2398 2363 2399
f 27 28 47
f 47 28 48
f 2426 2453 2425
f 2423 2425 2453
f 2452 2423 2453
f 2470 2469 2440
f 2471 2469 2470
f 2469 2439 2440
f 2436 2464 2463
f 36 63 62
f 64 63 39
f 62 63 64
f 41 39 40
f 64 39 65
f 41 65 39
f 2434 2462 2433
f 2363 2397 2396
f 2395 2363 2396
f 2427 2395 2396
f 48 77 76
f 48 76 47
f 107 76 77
f 111 85 112
f 86 85 58
f 86 112 85
f 62 61 36
f 107 108 140
f 111 140 108
f 62 91 61
f 91 62 92
f 62 64 92
f 27 47 26
f 112 140 111
f 2440 2439 2404
f 2404 2439 2403
f 2402 2403 2439
f 2436 2463 2435
f 2463 2434 2435
f 2462 2434 2463
f 2470 2448 2471
f 61 90 60
f 90 61 91
f 86 58 87
f 88 87 58
f 88 58 59
f 2448 2470 2447
f 2446 2447 2470
f 2441 2446 2470
f 2470 2440 2441
f 2441 2440 2404
f 90 89 60
f 60 89 59
f 2395 2427 2394
f 2427 2426 2394
f 2394 2426 2425
f 2400 2436 2435
f 2437 2436 2400
f 88 59 89
f 2399 2400 2434
f 2435 2434 2400
f 2364 2399 2363
f 2400 2399 2365
f 2364 2365 2399
f 2400 2402 2437
f 86 113 112
f 113 140 112
f 76 107 106
f 113 106 107
f 113 107 140
f 2362 2363 2395
f 2362 2330 2363
f 2330 2364 2363
f 2449 2448 2418
f 2448 2447 2418
f 2441 2404 2405
f 2369 2370 2404
f 2404 2370 2405
f 2404 2403 2369
f 2417 2447 2446
f 2417 2418 2447
f 113 86 114
f 87 114 86
f 24 13 25
f 26 25 13
f 2395 2394 2362
f 2422 2450 2421
f 2422 2423 2452
f 2390 2423 2422
f 2422 2421 2390
f 92 64 93
f 65 93 64
f 41 42 66
f 66 65 41
f 2365 2364 2331
f 2331 2364 2330
f 2402 2400 2401
f 2368 2403 2402
f 2402 2401 2368
f 46 26 47
f 76 46 47
f 88 115 87
f 114 87 115
f 2450 2449 2421
f 2418 2421 2449
f 124 91 92
f 91 123 90
f 123 91 124
f 24 43 42
f 43 24 25
f 2445 2417 2446
f 2441 2445 2446
f 25 26 45
f 26 46 45
f 46 76 75
f 106 75 76
f 114 106 113
f 2362 2394 2393
f 2394 2425 2424
f 2392 2393 2394
f 2394 2424 2392
f 2423 2424 2425
f 2401 2400 2365
f 2365 2366 2401
f 2366 2365 2331
f 2393 2361 2362
f 2330 2362 2361
f 66 93 65
f 44 43 25
f 44 68 43
f 43 68 67
f 42 43 67
f 74 75 106
f 106 114 105
f 105 74 106
f 2424 2423 2390
f 2368 2369 2403
f 45 44 25
f 2405 2406 2441
f 2441 2406 2414
f 2441 2415 2445
f 2415 2441 2414
f 92 93 125
f 124 92 125
f 46 75 74
f 2417 2445 2415
f 139 105 114
f 114 115 139
f 2387 2418 2417
f 2421 2418 2419
f 2387 2388 2418
f 2388 2419 2418
f 2415 2416 2417
f 2417 2416 2386
f 2387 2417 2386
f 2366 2368 2401
f 2331 2367 2366
f 2367 2368 2366
f 122 90 123
f 123 124 122
f 2421 2419 2390
f 71 44 45
f 70 44 71
f 70 69 44
f 68 44 69
f 2361 2393 2360
f 2393 2392 2360
f 73 46 74
f 46 72 45
f 73 72 46
f 115 88 116
f 116 139 115
f 2369 2368 2334
f 2333 2334 2368
f 2368 2367 2333
f 119 118 89
f 90 119 89
f 88 89 118
f 125 93 94
f 93 66 94
f 67 66 42
f 72 71 45
f 73 74 103
f 73 101 72
f 101 73 102
f 102 73 103
f 2336 2370 2369
f 2336 2369 2334
f 119 90 120
f 120 90 121
f 122 121 90
f 66 95 94
f 66 67 96
f 96 95 66
f 2391 2392 2424
f 2424 2390 2391
f 2329 2330 2361
f 2330 2329 2298
f 2300 2331 2330
f 2298 2300 2330
f 118 117 88
f 116 88 117
f 2420 2419 2389
f 2419 2388 2389
f 2419 2420 2390
f 2405 2370 2371
f 2370 2336 2337
f 2337 2371 2370
f 120 143 119
f 118 119 143
f 67 68 69
f 116 138 139
f 138 105 139
f 2329 2361 2360
f 2388 2387 2354
f 2354 2389 2388
f 2367 2331 2332
f 2332 2331 2301
f 2331 2300 2301
f 71 72 100
f 101 100 72
f 105 104 74
f 105 138 137
f 136 104 105
f 137 136 105
f 2359 2392 2358
f 2392 2391 2358
f 2360 2392 2359
f 126 148 124
f 124 125 126
f 122 124 147
f 148 147 124
f 125 94 126
f 95 126 94
f 103 74 104
f 2387 2386 2354
f 143 142 118
f 118 142 117
f 138 116 137
f 2389 2390 2420
f 2391 2390 2357
f 2389 2357 2390
f 2335 2336 2334
f 2304 2336 2335
f 2304 2337 2336
f 2332 2333 2367
f 2297 2298 2329
f 2329 2328 2297
f 2360 2328 2329
f 70 71 99
f 99 71 100
f 117 137 116
f 2371 2406 2405
f 2303 2334 2333
f 2334 2303 2335
f 2303 2333 2332
f 103 104 136
f 120 121 144
f 143 120 144
f 2302 2303 2332
f 2332 2301 2302
f 69 96 67
f 99 69 70
f 2302 2301 2267
f 2303 2302 2268
f 2267 2268 2302
f 2301 2300 2267
f 2416 2415 2385
f 2386 2416 2385
f 2304 2335 2303
f 2269 2304 2303
f 2304 2269 2270
f 2270 2305 2304
f 2338 2337 2304
f 2305 2338 2304
f 2268 2269 2303
f 136 137 162
f 137 117 141
f 163 162 137
f 141 163 137
f 2298 2299 2300
f 2299 2267 2300
f 2299 2298 2264
f 2263 2264 2298
f 2298 2297 2263
f 142 143 166
f 117 142 141
f 166 141 142
f 2358 2391 2357
f 127 148 126
f 126 95 127
f 2415 2384 2385
f 2415 2414 2384
f 96 69 97
f 95 96 97
f 99 98 69
f 98 97 69
f 132 101 102
f 132 100 101
f 2326 2359 2358
f 2357 2326 2358
f 2371 2337 2372
f 2371 2372 2406
f 147 121 122
f 121 145 144
f 146 121 147
f 121 146 145
f 128 127 95
f 97 128 95
f 100 98 99
f 133 102 103
f 103 135 134
f 134 133 103
f 103 136 135
f 2297 2328 2295
f 2297 2295 2296
f 2296 2263 2297
f 168 167 144
f 145 168 144
f 143 144 167
f 136 161 160
f 136 162 161
f 160 135 136
f 167 166 143
f 2353 2322 2354
f 2353 2354 2386
f 2389 2354 2355
f 2355 2354 2322
f 2373 2337 2338
f 2373 2372 2337
f 2231 2270 2269
f 2270 2231 2232
f 2271 2305 2270
f 2232 2271 2270
f 2268 2231 2269
f 2327 2295 2328
f 2328 2359 2327
f 2360 2359 2328
f 2386 2385 2353
f 2265 2267 2299
f 2299 2264 2265
f 147 148 149
f 127 149 148
f 133 134 155
f 133 132 102
f 133 155 132
f 2326 2357 2356
f 2355 2357 2389
f 2356 2357 2355
f 2384 2353 2385
f 2372 2407 2406
f 2414 2406 2442
f 2407 2442 2406
f 2267 2231 2268
f 2265 2266 2267
f 2231 2267 2266
f 97 98 129
f 98 100 130
f 130 129 98
f 131 130 100
f 131 100 132
f 157 134 135
f 135 160 159
f 158 157 135
f 159 158 135
f 188 159 160
f 161 188 160
f 162 192 161
f 162 163 192
f 163 141 164
f 141 165 164
f 141 166 165
f 2293 2327 2326
f 2293 2295 2327
f 2359 2326 2327
f 2295 2262 2296
f 2262 2295 2294
f 2293 2294 2295
f 174 146 147
f 147 149 174
f 2372 2373 2374
f 2373 2338 2374
f 2264 2263 2228
f 2228 2265 2264
f 2262 2263 2296
f 2227 2228 2263
f 2263 2262 2227
f 2325 2293 2326
f 2356 2325 2326
f 129 128 97
f 2407 2372 2374
f 164 192 163
f 165 166 195
f 195 166 167
f 150 127 128
f 150 149 127
f 2442 2407 2443
f 2374 2408 2407
f 2444 2443 2407
f 2407 2408 2444
f 2356 2355 2323
f 2323 2325 2356
f 2322 2323 2355
f 2305 2271 2272
f 2305 2339 2338
f 2339 2305 2306
f 2306 2305 2272
f 195 194 165
f 164 165 194
f 151 128 129
f 151 129 152
f 129 130 152
f 153 130 131
f 152 130 153
f 131 154 153
f 154 131 132
f 2233 2271 2232
f 2191 2233 2232
f 2191 2232 2231
f 2265 2230 2266
f 2229 2265 2228
f 2229 2230 2265
f 2384 2352 2353
f 2322 2353 2352
f 2414 2442 2443
f 164 191 192
f 192 191 161
f 174 149 175
f 149 150 175
f 2231 2266 2230
f 2190 2231 2230
f 2190 2191 2231
f 2229 2228 2188
f 2188 2228 2227
f 2293 2325 2324
f 2323 2324 2325
f 2383 2414 2413
f 2443 2413 2414
f 2384 2414 2383
f 191 164 193
f 194 193 164
f 150 128 151
f 155 154 132
f 2227 2226 2188
f 2225 2226 2227
f 2262 2225 2227
f 2374 2338 2339
f 155 134 156
f 180 155 156
f 154 155 180
f 188 158 159
f 158 188 187
f 188 161 189
f 189 187 188
f 2294 2261 2262
f 2294 2293 2261
f 134 157 156
f 182 156 157
f 182 157 158
f 154 180 153
f 2323 2322 2291
f 2321 2291 2322
f 2321 2322 2352
f 2375 2374 2339
f 2409 2408 2374
f 2409 2374 2375
f 195 167 196
f 167 168 196
f 146 174 173
f 146 173 172
f 171 145 146
f 172 171 146
f 2261 2225 2262
f 2324 2292 2293
f 2260 2293 2292
f 2261 2293 2260
f 2193 2233 2191
f 2192 2193 2191
f 2154 2191 2190
f 2192 2191 2154
f 150 151 176
f 177 176 151
f 152 177 151
f 174 203 173
f 204 203 174
f 174 175 204
f 209 179 180
f 153 180 179
f 156 181 180
f 180 181 209
f 2189 2190 2230
f 2230 2229 2189
f 2324 2323 2292
f 2291 2292 2323
f 2351 2384 2383
f 2352 2384 2351
f 176 175 150
f 175 176 205
f 205 204 175
f 152 153 179
f 2352 2351 2321
f 169 196 168
f 169 168 145
f 170 169 145
f 170 145 171
f 2443 2444 2413
f 2229 2188 2189
f 2350 2351 2383
f 2351 2320 2321
f 2320 2351 2350
f 209 208 179
f 181 208 209
f 190 161 191
f 222 190 191
f 191 193 222
f 193 194 224
f 193 224 223
f 223 222 193
f 195 226 194
f 196 226 195
f 2226 2225 2186
f 2188 2226 2187
f 2187 2226 2186
f 2224 2225 2261
f 2186 2225 2224
f 2320 2290 2321
f 2290 2291 2321
f 203 172 173
f 178 176 177
f 152 178 177
f 179 178 152
f 2260 2222 2261
f 2259 2260 2292
f 2259 2222 2260
f 2290 2257 2291
f 2292 2291 2259
f 2257 2259 2291
f 208 178 179
f 187 186 158
f 183 158 184
f 185 184 158
f 158 186 185
f 182 158 183
f 189 161 190
f 2222 2224 2261
f 2339 2306 2340
f 2339 2340 2375
f 225 194 226
f 194 225 224
f 2271 2234 2272
f 2272 2273 2306
f 2272 2234 2235
f 2272 2235 2236
f 2236 2273 2272
f 2271 2233 2234
f 205 238 204
f 178 205 176
f 205 178 206
f 206 239 205
f 205 239 238
f 208 181 210
f 181 156 182
f 210 181 211
f 211 181 182
f 2233 2193 2234
f 178 208 207
f 208 210 242
f 207 208 242
f 225 226 260
f 226 196 227
f 226 227 260
f 2224 2222 2223
f 2258 2222 2259
f 2222 2185 2223
f 2222 2258 2221
f 2221 2185 2222
f 2383 2413 2382
f 2383 2349 2350
f 2383 2382 2348
f 2349 2383 2348
f 197 196 169
f 170 197 169
f 238 237 204
f 237 203 204
f 207 206 178
f 2190 2189 2154
f 172 203 202
f 237 202 203
f 2152 2154 2189
f 2189 2188 2152
f 2188 2187 2152
f 2259 2257 2258
f 210 211 244
f 212 244 211
f 211 182 212
f 213 212 182
f 182 183 213
f 2224 2223 2185
f 2413 2444 2412
f 2412 2382 2413
f 2444 2408 2410
f 2409 2410 2408
f 239 237 238
f 190 222 189
f 2185 2186 2224
f 2320 2350 2319
f 2320 2319 2289
f 2320 2289 2290
f 172 202 171
f 2187 2186 2150
f 2185 2150 2186
f 2307 2306 2273
f 2340 2306 2307
f 202 237 236
f 274 236 237
f 237 239 274
f 224 225 259
f 260 259 225
f 197 227 196
f 2258 2257 2221
f 2257 2220 2221
f 2257 2290 2256
f 2257 2256 2220
f 2410 2412 2444
f 218 186 187
f 187 189 219
f 218 187 219
f 223 224 259
f 206 207 240
f 240 239 206
f 242 241 207
f 241 240 207
f 2349 2319 2350
f 184 213 183
f 2187 2151 2152
f 2187 2150 2151
f 2234 2193 2235
f 2235 2193 2236
f 2236 2193 2237
f 2194 2237 2193
f 2193 2192 2156
f 2193 2156 2194
f 189 222 221
f 221 222 223
f 170 171 199
f 197 170 198
f 199 198 170
f 236 235 202
f 171 202 201
f 235 201 202
f 239 240 275
f 275 274 239
f 235 236 273
f 273 236 274
f 244 243 210
f 210 243 242
f 221 220 189
f 220 219 189
f 2375 2340 2376
f 2375 2376 2409
f 259 258 223
f 221 223 257
f 256 257 223
f 256 223 258
f 240 241 275
f 242 276 241
f 276 275 241
f 2153 2152 1044
f 2151 1044 2152
f 2152 2153 2154
f 2185 2221 2184
f 2149 2150 2185
f 2184 2149 2185
f 2376 2377 2409
f 2410 2409 2377
f 2154 2155 2192
f 2155 2156 2192
f 1046 2154 2153
f 2155 2154 1046
f 227 228 260
f 228 259 260
f 197 198 227
f 2319 2349 2348
f 2348 2318 2319
f 2289 2319 2288
f 2318 2288 2319
f 2412 2380 2382
f 2381 2348 2382
f 2382 2380 2381
f 185 186 217
f 218 217 186
f 2153 1044 1046
f 235 234 201
f 171 201 200
f 234 200 201
f 214 212 213
f 244 212 214
f 218 219 252
f 219 251 252
f 220 253 219
f 251 219 253
f 244 214 245
f 245 280 244
f 280 243 244
f 2221 2220 2184
f 234 235 272
f 273 272 235
f 220 221 257
f 227 198 228
f 200 199 171
f 2151 2150 1043
f 1043 1044 2151
f 220 257 256
f 2376 2340 2342
f 2340 2341 2342
f 2340 2307 2308
f 2340 2308 2341
f 2289 2256 2290
f 2318 2348 2317
f 2348 2381 2347
f 2347 2317 2348
f 2381 2380 2347
f 2412 2411 2380
f 2380 2411 2379
f 2380 2379 2347
f 198 199 230
f 199 200 232
f 230 199 231
f 231 199 232
f 184 214 213
f 256 258 291
f 258 259 292
f 292 291 258
f 2256 2219 2220
f 2219 2256 2218
f 2255 2256 2289
f 2255 2217 2256
f 2256 2217 2218
f 2288 2318 2287
f 2287 2318 2317
f 255 220 256
f 253 220 254
f 255 254 220
f 2219 2184 2220
f 2410 2411 2412
f 2377 2411 2410
f 251 218 252
f 217 218 250
f 251 250 218
f 2254 2255 2289
f 2289 2288 2254
f 1046 1044 1045
f 1047 2155 1046
f 1046 1045 959
f 959 1047 1046
f 273 274 275
f 275 276 273
f 278 242 243
f 278 277 242
f 276 242 277
f 1043 2150 2149
f 228 198 229
f 229 198 230
f 2149 1042 1043
f 1043 1042 956
f 957 1044 1043
f 1043 956 957
f 200 234 233
f 233 234 269
f 234 272 271
f 269 234 270
f 234 271 270
f 233 232 200
f 2184 2219 2182
f 2219 2218 2182
f 304 272 273
f 306 273 276
f 273 306 305
f 305 304 273
f 216 185 217
f 185 215 184
f 215 185 216
f 256 291 290
f 292 290 291
f 2287 2254 2288
f 277 278 309
f 276 277 306
f 307 306 277
f 308 307 277
f 277 309 308
f 259 228 261
f 259 261 292
f 230 263 229
f 229 261 228
f 229 263 262
f 262 261 229
f 271 272 304
f 243 280 279
f 279 278 243
f 256 290 255
f 2274 2273 2236
f 2274 2307 2273
f 2156 2155 1047
f 2183 2149 2184
f 2183 2184 2182
f 2254 2217 2255
f 1041 1042 2149
f 2183 2148 2149
f 2148 1041 2149
f 279 309 278
f 2376 2342 2377
f 2307 2274 2275
f 2238 2274 2236
f 2275 2274 2238
f 2237 2238 2236
f 306 307 305
f 214 184 215
f 2217 2182 2218
f 2342 2341 2311
f 2378 2377 2342
f 2343 2378 2342
f 2342 2311 2343
f 215 247 214
f 245 214 246
f 246 214 247
f 263 230 231
f 1044 957 958
f 958 1045 1044
f 2148 2183 2147
f 2182 2147 2183
f 2378 2379 2411
f 2411 2377 2378
f 268 233 269
f 232 233 267
f 268 267 233
f 292 326 290
f 326 292 293
f 261 293 292
f 2237 2194 2195
f 2195 2238 2237
f 1048 2156 1047
f 2194 2156 2195
f 2195 2156 2196
f 2157 2156 1048
f 2156 2157 2196
f 2317 2285 2287
f 2317 2316 2285
f 2317 2347 2316
f 232 266 231
f 267 266 232
f 215 216 247
f 2254 2287 2253
f 2254 2253 2217
f 2275 2308 2307
f 216 217 249
f 249 248 216
f 247 216 248
f 2217 2253 2216
f 2217 2181 2182
f 2181 2217 2180
f 2180 2217 2216
f 268 269 270
f 326 289 290
f 289 255 290
f 2146 2147 2182
f 2182 2181 2146
f 2285 2286 2287
f 2286 2253 2287
f 2379 2346 2347
f 2316 2347 2346
f 1045 958 959
f 280 312 279
f 281 312 280
f 280 245 281
f 305 307 303
f 303 304 305
f 246 281 245
f 250 249 217
f 231 264 263
f 264 262 263
f 2148 2147 1041
f 303 307 308
f 250 251 286
f 286 285 250
f 285 249 250
f 251 253 286
f 1042 1041 954
f 1040 1041 2147
f 1040 954 1041
f 2181 2145 2146
f 2180 2145 2181
f 293 261 294
f 262 294 261
f 264 231 265
f 231 266 265
f 2238 2276 2275
f 2308 2275 2309
f 2309 2275 2276
f 270 300 268
f 300 267 268
f 254 255 289
f 2253 2286 2252
f 2253 2252 2216
f 304 303 271
f 958 957 886
f 957 956 885
f 957 885 886
f 960 1048 1047
f 959 960 1047
f 2180 2216 2215
f 2215 2179 2180
f 2145 2180 2179
f 253 254 287
f 287 286 253
f 254 289 288
f 287 254 288
f 294 262 295
f 264 295 262
f 2252 2215 2216
f 2341 2308 2310
f 2310 2311 2341
f 310 309 279
f 309 310 344
f 344 308 309
f 326 293 325
f 325 289 326
f 310 279 311
f 312 311 279
f 2147 1039 1040
f 2146 1039 2147
f 954 955 1042
f 955 956 1042
f 2378 2346 2379
f 2309 2310 2308
f 2316 2346 2315
f 2378 2345 2346
f 2346 2345 2315
f 293 294 325
f 2145 1039 2146
f 2215 2252 2214
f 2214 2179 2215
f 2197 2239 2195
f 2196 2197 2195
f 2238 2195 2239
f 323 288 289
f 289 325 324
f 289 324 323
f 2315 2285 2316
f 303 308 341
f 343 308 344
f 308 343 342
f 341 308 342
f 345 344 310
f 345 310 346
f 346 310 311
f 2378 2344 2345
f 2378 2343 2344
f 303 302 271
f 270 271 301
f 302 301 271
f 341 340 303
f 302 303 340
f 248 246 247
f 958 886 959
f 1039 2145 2144
f 2179 2178 2145
f 2144 2145 2178
f 2285 2315 2284
f 2250 2285 2284
f 2285 2251 2286
f 2251 2285 2250
f 2238 2239 2240
f 2238 2240 2276
f 270 301 300
f 954 883 955
f 954 1040 953
f 883 954 953
f 2252 2286 2251
f 267 300 299
f 266 267 298
f 299 298 267
f 2198 2240 2239
f 2197 2198 2239
f 265 266 297
f 298 297 266
f 2177 2179 2214
f 2179 2177 2178
f 249 285 284
f 319 285 286
f 284 285 319
f 295 264 265
f 886 887 959
f 887 960 959
f 956 955 883
f 956 884 885
f 883 884 956
f 2344 2343 2312
f 2311 2312 2343
f 1048 960 961
f 1048 961 1049
f 1049 2157 1048
f 344 345 343
f 346 343 345
f 2144 1038 1039
f 1039 952 1040
f 952 1039 1038
f 2214 2252 2213
f 2213 2252 2251
f 284 283 249
f 248 249 283
f 2197 2196 2158
f 2196 2157 2158
f 960 887 888
f 961 960 888
f 320 319 286
f 286 287 320
f 281 246 282
f 246 248 282
f 248 283 282
f 320 287 321
f 287 288 321
f 2314 2345 2344
f 2313 2344 2312
f 2313 2314 2344
f 2311 2310 2278
f 2278 2312 2311
f 2345 2314 2315
f 2309 2276 2277
f 2240 2277 2276
f 301 302 339
f 302 340 339
f 342 340 341
f 2144 2178 2177
f 325 294 327
f 294 295 328
f 327 294 328
f 301 337 300
f 337 301 338
f 339 338 301
f 2177 2214 2213
f 953 1040 952
f 2314 2284 2315
f 2309 2278 2310
f 327 324 325
f 323 324 364
f 327 365 324
f 365 364 324
f 300 337 299
f 342 377 340
f 340 377 376
f 339 340 376
f 281 313 312
f 282 313 281
f 295 265 296
f 296 328 295
f 953 952 881
f 881 952 880
f 880 952 951
f 952 1038 951
f 379 343 346
f 343 379 342
f 296 265 297
f 2284 2314 2283
f 2283 2250 2284
f 2157 1050 2158
f 2157 1049 1050
f 316 282 283
f 283 284 316
f 886 817 887
f 886 885 817
f 1049 961 962
f 962 961 889
f 961 888 889
f 337 336 299
f 298 299 336
f 311 312 350
f 313 350 312
f 818 887 817
f 888 887 818
f 2213 2251 2212
f 2212 2177 2213
f 2211 2212 2251
f 2250 2211 2251
f 378 377 342
f 379 378 342
f 379 346 347
f 311 347 346
f 347 311 348
f 350 349 311
f 349 348 311
f 815 884 883
f 883 882 815
f 953 882 883
f 1049 962 1050
f 288 323 322
f 363 323 364
f 363 322 323
f 888 818 820
f 889 888 821
f 820 821 888
f 2176 2143 2177
f 2176 2177 2212
f 2144 2177 2143
f 298 332 297
f 332 296 297
f 882 953 881
f 322 321 288
f 2241 2277 2240
f 2240 2198 2241
f 336 337 338
f 282 314 313
f 351 313 352
f 350 313 351
f 314 352 313
f 885 884 816
f 816 817 885
f 379 347 380
f 378 379 380
f 2283 2249 2250
f 2249 2211 2250
f 377 378 411
f 410 376 377
f 411 410 377
f 329 327 328
f 296 329 328
f 882 881 814
f 815 882 814
f 1038 2144 1037
f 2143 1037 2144
f 314 282 315
f 316 315 282
f 318 284 319
f 319 320 318
f 348 380 347
f 813 881 880
f 813 814 881
f 351 352 384
f 351 349 350
f 349 351 383
f 384 383 351
f 815 816 884
f 818 817 759
f 759 819 818
f 819 820 818
f 410 409 376
f 375 376 409
f 375 339 376
f 315 354 314
f 352 314 353
f 354 353 314
f 329 365 327
f 2159 2197 2158
f 2158 1050 2159
f 2309 2277 2278
f 2277 2241 2242
f 2242 2278 2277
f 2283 2314 2282
f 2314 2313 2282
f 1050 963 1051
f 1051 2159 1050
f 1050 962 963
f 380 411 378
f 399 363 364
f 365 399 364
f 2176 2212 2175
f 2141 2176 2175
f 2143 2176 2142
f 2141 2142 2176
f 384 352 353
f 1038 1037 951
f 2212 2211 2175
f 374 338 339
f 339 375 374
f 381 380 348
f 348 349 381
f 316 284 317
f 318 317 284
f 329 296 330
f 296 331 330
f 296 332 331
f 2159 2198 2197
f 889 963 962
f 332 298 333
f 334 333 298
f 298 336 335
f 335 334 298
f 354 315 355
f 355 315 316
f 320 321 360
f 320 360 318
f 817 816 759
f 816 758 759
f 816 815 757
f 816 757 758
f 2312 2278 2279
f 2313 2312 2279
f 880 951 879
f 879 813 880
f 949 951 1037
f 1037 1036 949
f 1037 2143 1036
f 365 329 330
f 2279 2278 2243
f 2278 2242 2243
f 2242 2241 2201
f 2241 2200 2201
f 2241 2198 2200
f 380 412 411
f 446 410 411
f 412 446 411
f 365 330 366
f 366 399 365
f 1036 2143 2142
f 335 336 338
f 2248 2249 2283
f 2248 2283 2282
f 2198 2159 2160
f 2200 2198 2199
f 2160 2199 2198
f 815 814 757
f 333 331 332
f 316 317 355
f 2249 2210 2211
f 2248 2210 2249
f 2281 2282 2313
f 2281 2313 2280
f 2282 2281 2247
f 2281 2280 2246
f 2246 2247 2281
f 349 383 382
f 381 349 382
f 321 322 362
f 322 363 362
f 333 334 331
f 950 879 951
f 949 950 951
f 2175 2211 2210
f 2248 2282 2247
f 1052 2160 2159
f 2159 1051 1052
f 2142 1035 1036
f 1035 949 1036
f 446 409 410
f 409 446 445
f 409 374 375
f 374 409 408
f 445 408 409
f 756 757 814
f 756 814 813
f 372 335 338
f 338 373 372
f 374 373 338
f 821 820 761
f 819 761 820
f 1035 2142 2141
f 2140 1035 2141
f 2141 2175 2174
f 2140 2141 2174
f 360 359 318
f 321 361 360
f 361 359 360
f 964 1051 963
f 964 1052 1051
f 964 963 889
f 384 385 383
f 353 385 384
f 2175 2210 2174
f 2279 2280 2313
f 335 372 371
f 335 371 334
f 447 446 412
f 412 380 413
f 412 413 448
f 412 448 447
f 2160 2162 2199
f 2161 2160 1052
f 2161 2162 2160
f 385 416 383
f 416 382 383
f 359 358 318
f 317 318 358
f 380 381 413
f 330 367 366
f 330 331 367
f 408 373 374
f 447 445 446
f 1052 964 1053
f 1053 2161 1052
f 759 758 710
f 819 759 760
f 710 760 759
f 709 758 757
f 757 756 709
f 879 950 878
f 813 879 812
f 879 878 812
f 2200 2199 2162
f 334 369 331
f 369 334 370
f 371 370 334
f 819 760 761
f 2210 2248 2209
f 2248 2247 2209
f 2280 2279 2245
f 2280 2245 2246
f 2242 2201 2202
f 2202 2203 2242
f 2243 2242 2203
f 890 964 889
f 964 890 965
f 965 1054 964
f 1053 964 1054
f 2201 2162 2163
f 2162 2201 2200
f 2201 2163 2202
f 381 382 415
f 413 381 414
f 415 414 381
f 1034 949 1035
f 949 1034 948
f 950 949 878
f 949 948 878
f 2243 2245 2279
f 755 756 813
f 813 812 755
f 355 389 354
f 356 389 355
f 355 317 356
f 398 363 399
f 362 363 397
f 398 397 363
f 2163 2162 1056
f 2162 1055 1056
f 2162 2161 1055
f 1034 1035 1033
f 1035 2139 1033
f 2139 1035 2140
f 353 354 388
f 389 388 354
f 362 361 321
f 366 367 368
f 367 331 368
f 2245 2243 2206
f 2206 2246 2245
f 889 821 890
f 415 382 416
f 397 396 362
f 361 362 395
f 396 395 362
f 385 353 386
f 353 387 386
f 388 387 353
f 2243 2203 2244
f 2244 2206 2243
f 822 890 821
f 890 822 891
f 891 965 890
f 2209 2247 2207
f 2207 2247 2246
f 758 709 710
f 368 331 369
f 448 413 414
f 417 385 386
f 416 385 417
f 398 399 400
f 399 366 400
f 2174 2210 2173
f 2173 2137 2174
f 2137 2140 2174
f 2209 2173 2210
f 1054 966 1053
f 2161 1053 1055
f 1055 1053 966
f 761 762 821
f 822 821 762
f 948 1034 1033
f 452 416 417
f 415 416 451
f 451 416 452
f 357 317 358
f 357 356 317
f 2207 2208 2209
f 2208 2173 2209
f 762 761 713
f 761 760 713
f 401 366 368
f 401 400 366
f 2139 2140 2138
f 2138 1031 2139
f 2139 1031 1033
f 408 445 407
f 407 373 408
f 2206 2207 2246
f 406 372 373
f 407 406 373
f 755 709 756
f 812 878 877
f 755 812 811
f 877 811 812
f 2140 2137 2138
f 404 371 405
f 404 370 371
f 371 372 405
f 358 359 394
f 394 359 361
f 447 448 490
f 447 490 444
f 444 445 447
f 760 710 711
f 711 712 760
f 712 713 760
f 948 947 878
f 947 877 878
f 2164 2203 2202
f 2202 2163 2164
f 406 405 372
f 449 490 448
f 448 414 449
f 417 386 418
f 417 453 452
f 418 454 417
f 453 417 454
f 2138 2137 1030
f 1030 1031 2138
f 948 1033 1032
f 948 1032 947
f 1033 1031 1032
f 965 891 892
f 891 822 892
f 414 415 449
f 415 451 450
f 450 449 415
f 369 370 403
f 404 403 370
f 444 407 445
f 418 386 419
f 387 419 386
f 395 394 361
f 449 491 490
f 444 490 489
f 491 489 490
f 368 369 402
f 401 368 402
f 1054 965 966
f 393 357 358
f 358 394 393
f 2207 2206 2170
f 2207 2171 2208
f 2207 2170 2171
f 713 763 762
f 822 762 764
f 763 764 762
f 2137 2173 2136
f 2136 1030 2137
f 2208 2172 2173
f 2173 2172 2136
f 403 402 369
f 394 427 393
f 394 395 428
f 428 427 394
f 433 396 397
f 398 433 397
f 764 823 822
f 892 822 823
f 710 709 666
f 666 711 710
f 754 709 755
f 709 708 666
f 709 754 708
f 450 491 449
f 2203 2206 2244
f 388 389 420
f 420 389 390
f 356 390 389
f 893 966 965
f 892 893 965
f 398 400 433
f 811 754 755
f 946 1032 1031
f 947 1032 946
f 2163 1056 1057
f 1057 2164 2163
f 1056 1055 967
f 967 1057 1056
f 442 406 407
f 407 443 442
f 443 407 444
f 388 420 387
f 946 1031 945
f 945 1031 1030
f 2208 2171 2172
f 2203 2164 2165
f 2206 2203 2204
f 2165 2204 2203
f 714 763 713
f 668 714 713
f 667 713 712
f 667 668 713
f 2205 2170 2206
f 2171 2170 2134
f 2170 2205 2169
f 2170 2169 2134
f 2205 2206 2204
f 406 404 405
f 406 440 404
f 403 404 439
f 440 439 404
f 450 451 452
f 392 356 357
f 392 391 356
f 391 390 356
f 967 966 893
f 1055 966 967
f 432 431 396
f 396 433 432
f 395 396 431
f 876 877 947
f 946 875 947
f 875 876 947
f 357 393 392
f 434 433 400
f 401 435 400
f 434 400 435
f 1030 2136 1029
f 2136 2172 2135
f 2135 1029 2136
f 892 823 824
f 764 824 823
f 402 403 438
f 403 439 438
f 491 450 492
f 492 489 491
f 452 493 450
f 452 453 494
f 494 493 452
f 877 876 810
f 810 811 877
f 492 450 493
f 425 392 393
f 426 425 393
f 393 427 426
f 401 402 435
f 395 429 428
f 430 429 395
f 431 430 395
f 711 666 667
f 712 711 667
f 444 489 488
f 488 487 444
f 444 487 486
f 443 444 486
f 2172 2171 2134
f 2135 2172 2134
f 529 488 489
f 489 492 529
f 418 455 454
f 419 455 418
f 420 419 387
f 946 945 875
f 764 763 714
f 441 406 442
f 441 440 406
f 425 391 392
f 945 1030 1029
f 945 1029 944
f 874 875 945
f 945 944 874
f 390 421 420
f 421 457 420
f 419 420 457
f 486 485 443
f 443 485 442
f 455 419 456
f 457 456 419
f 476 433 434
f 432 433 475
f 476 475 433
f 528 487 488
f 488 529 528
f 427 469 426
f 428 469 427
f 486 487 528
f 390 391 423
f 422 421 390
f 423 422 390
f 753 754 811
f 707 754 753
f 707 708 754
f 752 753 811
f 811 810 752
f 765 824 764
f 714 765 764
f 876 809 810
f 876 875 808
f 808 809 876
f 714 668 669
f 715 765 714
f 715 714 669
f 455 496 454
f 454 494 453
f 494 454 495
f 496 495 454
f 1057 967 968
f 967 893 894
f 894 968 967
f 402 438 437
f 436 435 402
f 437 436 402
f 1028 1029 2135
f 1028 2135 2134
f 494 530 493
f 492 493 530
f 424 391 425
f 466 424 425
f 467 425 426
f 467 466 425
f 667 666 624
f 667 625 668
f 624 625 667
f 664 624 666
f 666 708 664
f 824 825 892
f 766 825 824
f 824 765 766
f 440 441 483
f 439 440 483
f 530 529 492
f 468 469 428
f 428 429 468
f 893 892 825
f 391 424 423
f 752 707 753
f 807 808 875
f 874 807 875
f 2169 2205 2204
f 485 441 442
f 431 432 474
f 432 475 474
f 486 528 527
f 526 486 525
f 527 525 486
f 485 486 526
f 708 707 664
f 1058 2165 2164
f 1057 1058 2164
f 528 529 527
f 571 527 529
f 529 572 571
f 529 530 572
f 873 874 944
f 873 807 874
f 1028 943 1029
f 944 1029 943
f 494 531 530
f 495 531 494
f 457 421 458
f 421 422 461
f 461 460 421
f 459 458 421
f 460 459 421
f 750 808 807
f 809 808 751
f 750 751 808
f 716 766 765
f 765 715 716
f 438 439 482
f 483 482 439
f 456 496 455
f 468 426 469
f 468 467 426
f 825 894 893
f 530 531 572
f 1058 2166 2165
f 2165 2166 2204
f 474 430 431
f 968 969 1057
f 1057 969 1058
f 625 626 668
f 669 668 626
f 434 435 477
f 476 434 477
f 752 810 751
f 810 809 751
f 437 438 481
f 482 481 438
f 624 665 622
f 625 624 585
f 622 623 624
f 624 623 585
f 664 665 624
f 525 485 526
f 457 497 456
f 497 457 458
f 664 707 663
f 707 752 706
f 706 663 707
f 752 751 706
f 485 484 441
f 441 484 483
f 424 464 423
f 463 422 423
f 464 463 423
f 430 471 429
f 472 430 473
f 471 430 472
f 474 473 430
f 665 664 621
f 621 622 665
f 873 944 943
f 424 466 465
f 463 424 465
f 464 424 463
f 485 525 524
f 484 485 524
f 873 943 942
f 1028 942 943
f 477 475 476
f 586 626 625
f 585 586 625
f 468 429 470
f 470 467 468
f 2134 2169 2133
f 2168 2133 2169
f 2169 2204 2168
f 2166 2168 2204
f 467 506 466
f 467 470 506
f 463 462 422
f 462 461 422
f 1028 2134 1027
f 2134 2133 1027
f 1059 1058 969
f 968 895 969
f 970 969 895
f 970 1059 969
f 715 669 670
f 669 626 670
f 532 531 495
f 531 573 572
f 532 573 531
f 873 806 807
f 807 749 750
f 749 807 806
f 895 968 894
f 894 825 826
f 894 826 895
f 513 474 475
f 477 513 475
f 573 571 572
f 497 496 456
f 623 622 583
f 583 622 621
f 942 872 873
f 806 873 872
f 1059 2166 1058
f 670 716 715
f 466 506 505
f 466 505 504
f 504 465 466
f 627 670 626
f 626 586 587
f 587 627 626
f 483 521 482
f 521 520 482
f 481 482 520
f 583 584 623
f 585 623 584
f 436 478 435
f 478 477 435
f 436 437 480
f 481 480 437
f 663 621 664
f 463 502 462
f 462 460 461
f 460 462 501
f 462 502 501
f 463 465 502
f 477 514 513
f 477 478 515
f 514 477 515
f 502 465 503
f 501 502 540
f 540 502 503
f 704 751 750
f 749 704 750
f 942 1028 941
f 871 872 942
f 942 941 871
f 506 470 507
f 429 471 470
f 471 507 470
f 570 525 527
f 569 525 570
f 569 524 525
f 751 705 706
f 751 704 705
f 495 496 532
f 521 483 484
f 484 524 523
f 568 523 524
f 568 524 569
f 527 571 570
f 497 458 459
f 1025 1027 2133
f 1027 1025 1026
f 1027 940 1028
f 940 1027 1026
f 474 513 512
f 512 473 474
f 513 514 512
f 716 670 717
f 717 670 671
f 671 670 627
f 481 520 480
f 585 584 542
f 584 583 541
f 541 542 584
f 766 826 825
f 587 628 627
f 628 587 588
f 588 587 544
f 543 544 587
f 543 587 586
f 479 436 480
f 478 436 479
f 941 1028 940
f 547 505 506
f 547 506 507
f 515 556 514
f 514 556 555
f 512 514 555
f 2132 2133 2168
f 2168 2167 2132
f 2166 2167 2168
f 516 478 479
f 516 515 478
f 706 662 663
f 619 663 662
f 619 621 663
f 484 522 521
f 520 521 519
f 521 522 519
f 498 496 497
f 534 533 496
f 498 534 496
f 533 532 496
f 826 766 768
f 768 827 826
f 895 826 827
f 671 627 628
f 568 569 570
f 705 662 706
f 504 505 544
f 544 503 504
f 465 504 503
f 471 472 507
f 621 581 583
f 582 541 583
f 583 581 582
f 766 767 768
f 767 766 716
f 717 767 716
f 1059 2167 2166
f 570 571 609
f 570 609 568
f 573 532 574
f 533 574 532
f 459 498 497
f 545 505 546
f 505 547 546
f 545 544 505
f 806 872 805
f 806 805 749
f 620 581 621
f 621 619 620
f 548 507 508
f 507 472 508
f 548 547 507
f 556 515 557
f 516 557 515
f 484 523 522
f 500 460 501
f 459 460 500
f 582 540 541
f 540 503 541
f 541 503 542
f 610 609 573
f 574 610 573
f 609 571 573
f 540 539 501
f 582 539 540
f 498 459 499
f 499 459 500
f 581 539 582
f 768 767 718
f 767 717 718
f 628 588 589
f 588 545 589
f 545 588 544
f 546 589 545
f 501 539 500
f 538 500 539
f 500 538 537
f 537 499 500
f 580 619 618
f 618 619 662
f 580 620 619
f 871 941 940
f 939 940 1026
f 939 871 940
f 1025 2133 2132
f 548 546 547
f 620 580 581
f 970 895 896
f 827 896 895
f 705 661 662
f 661 705 704
f 672 671 628
f 672 717 671
f 567 523 568
f 609 608 568
f 568 608 567
f 581 538 539
f 580 538 581
f 499 536 498
f 536 535 498
f 535 534 498
f 661 618 662
f 546 548 589
f 473 512 511
f 512 555 554
f 554 511 512
f 579 580 618
f 661 660 618
f 660 617 618
f 579 618 617
f 537 536 499
f 629 672 628
f 628 589 629
f 580 537 538
f 1060 2167 1059
f 970 1060 1059
f 703 704 748
f 704 749 748
f 661 704 703
f 480 520 519
f 522 523 566
f 567 566 523
f 872 871 805
f 2131 1025 2132
f 2167 2131 2132
f 549 590 589
f 590 629 589
f 589 548 549
f 971 970 897
f 970 896 897
f 970 971 1060
f 649 608 609
f 609 610 649
f 574 533 534
f 2167 1060 2131
f 1060 1024 2131
f 1025 2131 1024
f 937 1026 1025
f 1026 937 939
f 673 718 717
f 672 673 717
f 566 565 522
f 519 522 565
f 567 608 607
f 567 607 606
f 566 567 606
f 649 610 650
f 611 610 574
f 611 651 610
f 651 650 610
f 574 534 575
f 535 575 534
f 579 537 580
f 702 661 703
f 702 660 661
f 805 748 749
f 557 555 556
f 537 579 578
f 576 536 537
f 578 577 537
f 576 537 577
f 576 535 536
f 535 576 575
f 518 517 480
f 480 519 518
f 517 479 480
f 1025 1024 937
f 896 827 828
f 827 768 828
f 517 516 479
f 805 871 804
f 804 748 805
f 938 871 939
f 871 938 870
f 871 870 804
f 575 611 574
f 673 674 718
f 719 768 718
f 674 719 718
f 1061 1060 971
f 1061 1024 1060
f 630 672 629
f 673 672 630
f 590 630 629
f 606 565 566
f 508 549 548
f 472 473 509
f 510 509 473
f 511 510 473
f 555 557 558
f 558 554 555
f 557 516 558
f 578 579 617
f 509 508 472
f 516 517 559
f 560 559 517
f 517 518 560
f 937 938 939
f 554 510 511
f 1061 971 972
f 897 972 971
f 768 719 769
f 768 769 828
f 630 590 631
f 631 590 591
f 550 590 549
f 550 591 590
f 577 575 576
f 828 897 896
f 607 608 648
f 649 648 608
f 516 559 558
f 649 650 691
f 650 651 691
f 702 659 660
f 659 617 660
f 508 550 549
f 509 551 508
f 551 550 508
f 673 630 674
f 631 674 630
f 691 648 649
f 578 614 577
f 575 577 613
f 614 613 577
f 659 658 617
f 578 617 616
f 658 616 617
f 747 703 748
f 804 747 748
f 1024 1061 2130
f 1062 2130 1061
f 1062 1061 972
f 972 897 973
f 828 898 897
f 897 898 973
f 828 829 898
f 828 769 829
f 563 518 519
f 560 518 561
f 562 518 563
f 518 562 561
f 615 614 578
f 616 615 578
f 553 510 554
f 552 509 510
f 510 553 552
f 558 559 599
f 599 559 600
f 559 560 600
f 747 702 703
f 659 702 701
f 702 747 701
f 519 564 563
f 519 565 564
f 645 606 607
f 646 645 607
f 607 648 647
f 647 646 607
f 591 550 592
f 550 551 592
f 1024 2130 1023
f 1024 1023 937
f 770 769 719
f 720 719 674
f 720 770 719
f 554 597 553
f 554 558 598
f 554 598 597
f 598 558 599
f 564 562 563
f 565 606 605
f 645 605 606
f 564 565 605
f 631 591 632
f 592 632 591
f 598 599 639
f 597 598 639
f 601 560 561
f 600 560 601
f 613 612 575
f 612 611 575
f 659 701 657
f 658 659 657
f 804 870 803
f 747 804 746
f 803 746 804
f 509 552 551
f 868 870 938
f 870 868 869
f 869 803 870
f 1022 1023 2130
f 1022 2130 1062
f 720 674 675
f 675 674 631
f 631 632 676
f 676 675 631
f 648 691 647
f 653 613 614
f 655 614 615
f 654 653 614
f 655 654 614
f 592 551 552
f 972 973 974
f 974 973 899
f 898 899 973
f 615 616 655
f 700 657 701
f 746 701 747
f 701 746 700
f 938 937 868
f 829 769 830
f 830 769 770
f 601 561 602
f 561 562 603
f 561 603 602
f 691 690 647
f 692 691 651
f 690 691 692
f 651 611 612
f 652 692 651
f 612 652 651
f 616 658 657
f 616 657 656
f 656 655 616
f 1062 972 974
f 721 720 675
f 675 676 721
f 600 601 602
f 937 936 868
f 1023 936 937
f 830 831 829
f 898 829 831
f 592 552 593
f 633 592 593
f 633 632 592
f 612 613 652
f 653 652 613
f 677 676 632
f 633 677 632
f 600 639 599
f 600 640 639
f 602 640 600
f 722 676 677
f 722 721 676
f 596 597 639
f 596 639 638
f 639 640 638
f 654 655 697
f 653 654 695
f 696 695 654
f 696 654 697
f 974 1022 1062
f 868 803 869
f 803 868 867
f 935 867 868
f 868 936 935
f 657 700 699
f 656 657 699
f 746 803 745
f 700 746 745
f 1022 974 975
f 975 1021 1022
f 936 1022 1021
f 1023 1022 936
f 831 899 898
f 770 720 771
f 830 770 771
f 693 690 692
f 692 652 693
f 697 655 656
f 552 553 594
f 594 553 595
f 596 553 597
f 596 595 553
f 699 698 656
f 698 697 656
f 771 831 830
f 594 593 552
f 562 564 604
f 564 605 604
f 653 695 652
f 720 721 772
f 722 772 721
f 645 646 647
f 690 689 647
f 690 693 738
f 738 689 690
f 745 744 700
f 700 744 699
f 899 975 974
f 604 605 645
f 645 647 688
f 689 688 647
f 694 693 652
f 694 652 695
f 698 742 697
f 742 696 697
f 635 593 594
f 637 636 594
f 636 635 594
f 595 637 594
f 562 604 603
f 604 645 644
f 687 644 645
f 645 688 687
f 900 899 831
f 832 900 831
f 771 832 831
f 772 771 720
f 699 744 743
f 743 698 699
f 745 803 802
f 802 803 865
f 803 866 865
f 803 867 866
f 602 603 641
f 640 602 641
f 1021 935 936
f 634 677 633
f 593 634 633
f 634 593 635
f 641 603 642
f 643 642 603
f 603 604 644
f 603 644 643
f 693 694 738
f 742 695 696
f 935 934 867
f 866 867 934
f 695 742 741
f 695 739 694
f 740 739 695
f 741 740 695
f 743 742 698
f 1063 1021 975
f 1021 1063 1064
f 935 1021 1020
f 1064 1020 1021
f 771 772 832
f 773 832 772
f 772 722 773
f 635 678 634
f 678 677 634
f 742 743 799
f 741 742 798
f 799 798 742
f 744 745 801
f 802 801 745
f 976 1063 975
f 975 899 976
f 900 976 899
f 722 677 678
f 865 864 802
f 864 801 802
f 934 935 1018
f 935 1020 1019
f 935 1019 1018
f 595 596 638
f 688 689 735
f 735 687 688
f 738 694 739
f 640 641 642
f 743 744 801
f 801 800 743
f 800 799 743
f 638 637 595
f 638 640 682
f 640 642 682
f 794 738 739
f 738 794 793
f 738 793 737
f 737 689 738
f 934 933 866
f 932 865 866
f 932 866 933
f 722 723 773
f 678 723 722
f 774 832 773
f 773 723 774
f 678 635 636
f 679 723 678
f 679 678 636
f 642 643 684
f 684 683 642
f 683 682 642
f 637 638 681
f 681 638 682
f 643 644 686
f 644 687 686
f 686 687 734
f 734 687 735
f 977 1063 976
f 976 900 977
f 637 680 636
f 637 681 680
f 685 643 686
f 684 643 685
f 2126 2116 2127
f 2126 2114 2116
f 2125 2114 2126
f 2125 2126 2129
f 2128 2129 2126
f 2128 2126 2127
f 2118 2128 2127
f 2116 2117 2127
f 2127 2117 2118
f 1971 1984 1983
f 1984 1971 1974
f 1973 1974 1971
f 1972 1973 1971
f 1958 1972 1971
f 1971 1983 1970
f 1970 1958 1971
f 1983 1986 1982
f 1982 1970 1983
f 1983 1984 1986
f 723 679 724
f 680 724 679
f 679 636 680
f 2125 2113 2114
f 2116 2114 2115
f 2114 2100 2115
f 2099 2100 2114
f 2114 2113 2098
f 2098 2099 2114
f 833 900 832
f 900 833 901
f 834 901 833
f 774 833 832
f 833 774 834
f 1984 1985 1978
f 1985 1984 1974
f 1985 1974 1976
f 1976 1977 1985
f 1977 1978 1985
f 1986 1981 1982
f 1979 1981 1986
f 1986 1984 1979
f 689 737 736
f 736 735 689
f 932 864 865
f 724 774 723
f 775 774 724
f 775 835 774
f 835 834 774
f 1978 1979 1984
f 2104 2117 2116
f 2115 2103 2116
f 2103 2104 2116
f 1114 1020 1064
f 1114 1064 1115
f 1064 1116 1115
f 977 1064 1063
f 1065 1116 1064
f 1064 977 1065
f 2124 2113 2125
f 2111 2124 2110
f 2113 2124 2111
f 2125 2129 2124
f 2124 2129 2123
f 2110 2124 2123
f 799 860 798
f 800 861 799
f 860 799 861
f 1980 1968 1981
f 1968 1982 1981
f 1979 1980 1981
f 1968 1969 1982
f 1970 1982 1969
f 2113 2111 2112
f 2096 2112 2111
f 2111 2110 2096
f 2129 2128 2120
f 2120 2123 2129
f 1973 1972 1960
f 1960 1974 1973
f 901 977 900
f 901 978 977
f 978 1065 977
f 2100 2102 2115
f 2102 2103 2115
f 2112 2098 2113
f 2112 2096 2097
f 2098 2112 2097
f 2128 2119 2120
f 2118 2119 2128
f 1978 1964 1979
f 1964 1978 1977
f 724 680 725
f 776 724 725
f 776 775 724
f 683 681 682
f 2110 2123 2109
f 2096 2110 2095
f 2109 2095 2110
f 740 794 739
f 793 794 856
f 795 794 740
f 794 795 856
f 800 801 863
f 800 863 862
f 862 861 800
f 1975 1974 1961
f 1974 1960 1961
f 1975 1976 1974
f 1960 1972 1959
f 1959 1972 1958
f 1969 1958 1970
f 1969 1956 1958
f 1958 1947 1959
f 1956 1947 1958
f 1980 1979 1966
f 1966 1979 1964
f 734 735 788
f 735 789 788
f 735 736 790
f 790 789 735
f 741 798 797
f 796 740 741
f 797 796 741
f 864 863 801
f 932 863 864
f 1114 1019 1020
f 2104 2105 2117
f 2117 2105 2118
f 736 737 792
f 791 790 736
f 736 792 791
f 860 859 798
f 859 797 798
f 934 1018 1017
f 1017 933 934
f 728 727 681
f 729 728 681
f 683 729 681
f 680 681 727
f 1968 1980 1967
f 1966 1967 1980
f 1961 1976 1975
f 1961 1962 1976
f 1962 1963 1976
f 1976 1963 1977
f 793 792 737
f 733 685 686
f 686 734 733
f 1949 1961 1960
f 1960 1959 1949
f 1968 1955 1969
f 1954 1955 1968
f 1968 1967 1954
f 2106 2118 2105
f 2090 2105 2104
f 2090 2091 2105
f 2106 2105 2091
f 2100 2099 2088
f 2098 2087 2099
f 2099 2087 2088
f 2119 2118 2106
f 2120 2119 2107
f 2106 2107 2119
f 860 861 929
f 859 860 928
f 928 860 929
f 1018 1019 1112
f 1114 1113 1019
f 1113 1112 1019
f 726 725 680
f 680 727 726
f 2098 2097 2087
f 2123 2121 2109
f 2123 2120 2121
f 1111 1018 1112
f 1111 1110 1018
f 1017 1018 1110
f 834 835 902
f 902 901 834
f 1965 1964 1952
f 1952 1964 1963
f 1963 1964 1977
f 1966 1964 1965
f 855 793 856
f 793 854 792
f 854 793 855
f 2097 2096 2086
f 2085 2086 2096
f 2096 2095 2083
f 2084 2096 2083
f 2084 2085 2096
f 780 726 727
f 780 727 728
f 730 729 683
f 683 684 730
f 1956 1969 1955
f 1953 1967 1966
f 1966 1965 1953
f 2101 2102 2100
f 2103 2102 2090
f 2101 2090 2102
f 2088 2101 2100
f 2097 2086 2087
f 2120 2107 2121
f 796 795 740
f 777 775 776
f 835 775 777
f 2095 2109 2108
f 2108 2094 2095
f 2083 2095 2094
f 2122 2109 2121
f 2121 2107 2108
f 2108 2122 2121
f 791 792 854
f 777 776 725
f 777 725 778
f 726 778 725
f 790 791 851
f 851 789 790
f 797 859 858
f 928 858 859
f 1110 1016 1017
f 1016 933 1017
f 787 733 734
f 787 734 788
f 2103 2090 2104
f 796 797 858
f 858 857 796
f 795 796 857
f 861 930 929
f 862 930 861
f 862 863 931
f 932 931 863
f 1115 1113 1114
f 902 980 901
f 978 901 979
f 980 979 901
f 1949 1962 1961
f 2087 2086 2076
f 2074 2086 2085
f 2075 2076 2086
f 2086 2074 2075
f 1113 1166 1112
f 1167 1166 1113
f 1115 1167 1113
f 2122 2108 2109
f 788 789 849
f 850 789 851
f 789 850 849
f 1111 1109 1110
f 1016 1110 1109
f 2076 2088 2087
f 933 1015 932
f 932 1015 1014
f 931 932 1014
f 904 903 835
f 836 904 835
f 836 835 777
f 902 835 903
f 726 780 779
f 778 726 779
f 1963 1962 1950
f 1950 1962 1949
f 1959 1947 1948
f 1948 1949 1959
f 1967 1953 1954
f 791 852 851
f 852 791 853
f 853 791 854
f 1952 1963 1951
f 1963 1950 1951
f 2107 2106 2092
f 2106 2091 2092
f 857 856 795
f 933 1016 1015
f 728 729 780
f 730 684 731
f 684 685 732
f 684 732 731
f 852 850 851
f 979 1065 978
f 1952 1953 1965
f 1166 1111 1112
f 1115 1116 1169
f 1169 1116 1117
f 1116 1065 1117
f 1947 1956 1957
f 1956 1946 1957
f 1944 1946 1956
f 1956 1955 1944
f 2101 2088 2089
f 2077 2089 2088
f 2077 2088 2076
f 2085 2084 2074
f 2108 2107 2094
f 931 930 862
f 1115 1169 1168
f 1167 1115 1168
f 787 786 733
f 685 733 732
f 732 733 786
f 2071 2074 2084
f 2084 2083 2071
f 850 852 919
f 919 852 920
f 920 852 853
f 1109 1111 1166
f 902 979 980
f 730 731 782
f 729 730 782
f 2090 2101 2089
f 918 849 850
f 918 850 919
f 853 854 920
f 928 929 1010
f 930 1010 929
f 787 788 848
f 787 848 847
f 847 786 787
f 1942 1954 1953
f 1953 1952 1942
f 1015 1016 1107
f 1107 1014 1015
f 1955 1954 1943
f 1943 1954 1942
f 1951 1950 1939
f 1950 1938 1939
f 1949 1938 1950
f 1957 1946 1947
f 2079 2090 2089
f 2079 2089 2078
f 2089 2077 2078
f 2094 2107 2093
f 2092 2093 2107
f 848 788 849
f 2094 2093 2083
f 856 854 855
f 858 928 927
f 1010 927 928
f 1221 1166 1167
f 1220 1219 1166
f 1220 1166 1221
f 1109 1166 1165
f 1165 1166 1219
f 778 836 777
f 2091 2090 2079
f 2082 2071 2083
f 2093 2082 2083
f 858 926 857
f 926 858 927
f 1949 1948 1938
f 1947 1937 1948
f 1938 1948 1937
f 1164 1109 1165
f 1163 1109 1164
f 1016 1109 1108
f 1108 1109 1163
f 1944 1955 1943
f 2077 2076 2064
f 2075 2064 2076
f 2082 2093 2081
f 2093 2092 2080
f 2080 2081 2093
f 1951 1942 1952
f 854 856 922
f 922 856 923
f 922 923 1004
f 922 921 854
f 921 922 1003
f 922 1004 1003
f 857 923 856
f 1014 1013 931
f 1014 1107 1106
f 1014 1106 1013
f 1108 1107 1016
f 917 849 918
f 848 849 917
f 1951 1939 1940
f 1940 1942 1951
f 1947 1946 1937
f 2064 2078 2077
f 925 924 857
f 857 926 925
f 924 923 857
f 1010 930 1011
f 1012 1011 930
f 931 1012 930
f 837 836 778
f 778 838 837
f 838 778 839
f 779 839 778
f 920 854 921
f 921 1002 920
f 920 1001 919
f 1002 1001 920
f 785 784 732
f 732 786 785
f 732 783 731
f 784 783 732
f 903 981 902
f 981 903 904
f 1003 1002 921
f 927 1010 1009
f 925 926 927
f 1009 925 927
f 981 979 902
f 841 779 780
f 729 781 780
f 781 841 780
f 1944 1937 1946
f 2078 2065 2079
f 2079 2080 2091
f 2080 2079 2065
f 2071 2082 2070
f 2082 2081 2070
f 1012 931 1013
f 729 782 781
f 917 847 848
f 1001 1000 919
f 919 1000 918
f 1011 1009 1010
f 1162 1161 1107
f 1108 1162 1107
f 1161 1106 1107
f 1938 1937 1926
f 1926 1927 1938
f 1927 1939 1938
f 1942 1940 1941
f 1943 1942 1931
f 1941 1931 1942
f 1169 1117 1170
f 1065 1066 1117
f 1117 1066 1118
f 1118 1170 1117
f 1067 1066 979
f 1067 979 981
f 1066 1065 979
f 999 917 918
f 1000 999 918
f 2092 2091 2080
f 2070 2081 2068
f 2067 2068 2081
f 2080 2067 2081
f 1004 923 1005
f 923 924 1005
f 782 731 783
f 1000 1001 1091
f 1001 1002 1093
f 1091 1001 1092
f 1093 1092 1001
f 1005 1003 1004
f 1163 1162 1108
f 1163 1164 1217
f 1162 1163 1216
f 1217 1216 1163
f 2074 2071 2073
f 2063 2075 2074
f 2073 2063 2074
f 2059 2071 2070
f 2072 2073 2071
f 2072 2071 2059
f 2065 2078 2064
f 1012 1103 1011
f 1012 1105 1104
f 1104 1103 1012
f 1012 1013 1106
f 1105 1012 1106
f 1164 1165 1218
f 1218 1165 1219
f 904 836 905
f 836 837 905
f 924 925 1006
f 1006 1005 924
f 1009 1011 1103
f 1106 1161 1160
f 1160 1105 1106
f 839 779 840
f 841 840 779
f 785 786 847
f 1168 1169 1224
f 1169 1170 1224
f 925 1009 1008
f 1103 1008 1009
f 1940 1939 1928
f 1939 1927 1928
f 1002 1003 1096
f 1096 1003 1097
f 1149 1095 1096
f 1096 1097 1149
f 1002 1096 1095
f 1003 1005 1098
f 1098 1097 1003
f 1215 1161 1162
f 1216 1215 1162
f 1224 1167 1168
f 1223 1167 1224
f 1221 1167 1222
f 1223 1222 1167
f 2075 2063 2064
f 1093 1002 1094
f 1095 1094 1002
f 1008 1007 925
f 1006 925 1007
f 1218 1217 1164
f 1099 1005 1006
f 1006 1100 1099
f 1006 1007 1100
f 1067 1118 1066
f 1215 1160 1161
f 1928 1941 1940
f 2067 2080 2066
f 2065 2066 2080
f 1090 999 1000
f 1091 1090 1000
f 1103 1104 1102
f 1008 1103 1102
f 905 981 904
f 1937 1944 1945
f 1932 1945 1944
f 1944 1943 1932
f 2070 2068 2069
f 2058 2059 2070
f 2069 2058 2070
f 2067 2053 2068
f 2066 2053 2067
f 1098 1150 1097
f 1150 1149 1097
f 1098 1005 1099
f 1007 1008 1101
f 1008 1102 1101
f 1104 1105 1158
f 1159 1158 1105
f 1160 1159 1105
f 917 916 847
f 785 847 846
f 916 846 847
f 999 1089 998
f 1090 1089 999
f 917 999 998
f 1150 1098 1099
f 1101 1100 1007
f 1156 1101 1102
f 1102 1104 1156
f 1156 1104 1157
f 1158 1157 1104
f 981 1068 1067
f 1067 1119 1118
f 1068 1119 1067
f 782 783 843
f 844 843 783
f 784 844 783
f 1937 1936 1926
f 1936 1937 1945
f 1931 1932 1943
f 2063 2073 2062
f 2061 2073 2072
f 2062 2073 2061
f 2053 2054 2068
f 2054 2069 2068
f 1101 1156 1155
f 1156 1157 1155
f 1160 1215 1214
f 1214 1159 1160
f 1215 1278 1214
f 1278 1215 1279
f 1216 1279 1215
f 1170 1118 1171
f 1171 1224 1170
f 846 784 785
f 1220 1285 1219
f 1219 1285 1284
f 1218 1219 1284
f 1216 1217 1281
f 1279 1216 1280
f 1216 1281 1280
f 1220 1221 1287
f 1222 1287 1221
f 841 781 842
f 842 781 782
f 2051 2065 2064
f 2051 2052 2065
f 2065 2052 2066
f 1093 1145 1092
f 1094 1145 1093
f 1151 1150 1099
f 1099 1100 1151
f 1936 1945 1933
f 1945 1932 1933
f 2064 2063 2051
f 1916 1928 1927
f 1915 1916 1927
f 1926 1914 1927
f 1914 1915 1927
f 1931 1941 1930
f 1930 1941 1929
f 1941 1928 1929
f 1091 1092 1143
f 1090 1091 1143
f 1100 1101 1152
f 1152 1151 1100
f 1212 1155 1157
f 1157 1158 1212
f 1213 1212 1158
f 1158 1159 1213
f 1213 1159 1214
f 784 846 845
f 844 784 845
f 1936 1925 1926
f 1914 1926 1925
f 1149 1148 1095
f 1094 1095 1148
f 2060 2072 2059
f 2060 2061 2072
f 1143 1092 1144
f 1092 1145 1144
f 840 841 909
f 840 908 839
f 909 908 840
f 2052 2053 2066
f 1151 1149 1150
f 1278 1213 1214
f 1213 1278 1277
f 1279 1342 1278
f 1342 1277 1278
f 1224 1172 1223
f 1224 1171 1172
f 1119 1171 1118
f 837 906 905
f 982 981 905
f 982 905 906
f 1152 1101 1153
f 1154 1101 1155
f 1154 1153 1101
f 1285 1220 1286
f 1285 1286 1284
f 1932 1931 1920
f 1930 1920 1931
f 2050 2051 2063
f 2062 2050 2063
f 1928 1916 1929
f 1933 1932 1920
f 1283 1217 1218
f 1284 1283 1218
f 1287 1286 1220
f 1068 981 982
f 2047 2059 2058
f 2047 2060 2059
f 1149 1151 1206
f 1206 1205 1149
f 1148 1149 1205
f 1151 1207 1206
f 1208 1207 1151
f 1151 1152 1153
f 1151 1153 1208
f 1154 1155 1212
f 998 916 917
f 1206 1269 1205
f 1207 1269 1206
f 1915 1914 1904
f 1905 1916 1915
f 1915 1904 1905
f 1277 1212 1213
f 1217 1282 1281
f 1283 1282 1217
f 1223 1225 1222
f 1172 1225 1223
f 1225 1287 1222
f 1925 1913 1914
f 1904 1914 1903
f 1913 1903 1914
f 1171 1119 1120
f 1120 1172 1171
f 1281 1282 1280
f 1345 1280 1282
f 1282 1283 1346
f 1346 1345 1282
f 1154 1212 1211
f 1153 1154 1210
f 1210 1154 1211
f 1145 1094 1146
f 1146 1202 1145
f 1144 1145 1202
f 1148 1147 1094
f 1146 1094 1147
f 1277 1341 1276
f 1212 1277 1276
f 1277 1342 1341
f 838 907 837
f 839 907 838
f 782 843 842
f 997 998 1089
f 997 916 998
f 1929 1916 1917
f 1917 1916 1905
f 1143 1144 1199
f 1202 1199 1144
f 1212 1276 1211
f 2038 2052 2037
f 2053 2052 2038
f 2036 2052 2051
f 2036 2037 2052
f 1936 1924 1925
f 1924 1936 1935
f 1933 1935 1936
f 1204 1147 1148
f 1205 1204 1148
f 1287 1349 1286
f 1288 1349 1287
f 1225 1288 1287
f 1199 1201 1143
f 1143 1089 1090
f 1089 1143 1142
f 1142 1143 1201
f 1153 1210 1209
f 1208 1153 1209
f 1935 1933 1934
f 1920 1934 1933
f 2051 2050 2036
f 1284 1346 1283
f 2049 2050 2062
f 2050 2049 2035
f 2050 2035 2036
f 1142 1088 1089
f 997 1089 1088
f 1142 1201 1141
f 1200 1141 1201
f 1201 1199 1200
f 1284 1286 1348
f 1286 1349 1348
f 1119 1068 1069
f 1069 1120 1119
f 1210 1211 1273
f 1211 1275 1274
f 1211 1274 1273
f 1276 1275 1211
f 1343 1342 1279
f 1280 1343 1279
f 842 843 910
f 841 842 910
f 2069 2054 2055
f 2055 2054 2039
f 2054 2053 2039
f 2038 2039 2053
f 1172 1120 1173
f 1173 1120 1174
f 1121 1174 1120
f 1069 1121 1120
f 1202 1146 1203
f 1147 1203 1146
f 906 837 907
f 910 909 841
f 910 843 911
f 844 911 843
f 2055 2058 2069
f 1273 1209 1210
f 1930 1929 1918
f 1918 1919 1930
f 1919 1920 1930
f 1088 1142 1087
f 1141 1087 1142
f 1204 1203 1147
f 1348 1349 1350
f 1288 1350 1349
f 916 915 846
f 997 915 916
f 2049 2062 2061
f 2061 2060 2048
f 2061 2048 2049
f 1348 1347 1284
f 1413 1347 1348
f 1413 1348 1350
f 1202 1203 1263
f 1199 1202 1262
f 1202 1263 1262
f 1345 1344 1280
f 1343 1280 1344
f 1068 982 983
f 906 983 982
f 1924 1913 1925
f 1341 1342 1406
f 1342 1343 1406
f 1407 1343 1344
f 1407 1406 1343
f 983 1069 1068
f 1269 1268 1205
f 1204 1205 1268
f 1275 1276 1340
f 1276 1341 1340
f 1225 1172 1226
f 1173 1226 1172
f 1929 1917 1918
f 1270 1207 1208
f 1269 1207 1270
f 1341 1406 1405
f 1340 1341 1405
f 912 911 844
f 844 845 912
f 1209 1273 1272
f 1208 1209 1271
f 1272 1271 1209
f 915 914 846
f 845 846 914
f 2047 2048 2060
f 1208 1271 1270
f 1275 1340 1339
f 1339 1274 1275
f 1347 1346 1284
f 906 907 985
f 907 839 908
f 908 985 907
f 1924 1912 1913
f 1924 1935 1923
f 1924 1923 1912
f 2055 2039 2040
f 2040 2056 2055
f 2057 2058 2055
f 2057 2055 2056
f 1204 1266 1203
f 1266 1265 1203
f 1265 1264 1203
f 1264 1263 1203
f 1409 1345 1346
f 1410 1409 1346
f 1347 1410 1346
f 1226 1227 1225
f 1227 1288 1225
f 1912 1900 1913
f 1901 1902 1913
f 1900 1901 1913
f 1913 1902 1903
f 1920 1919 1909
f 1920 1909 1921
f 1921 1934 1920
f 1344 1345 1408
f 1407 1344 1408
f 1934 1923 1935
f 2057 2046 2058
f 2058 2046 2047
f 1088 1087 996
f 996 997 1088
f 1272 1273 1338
f 1273 1274 1338
f 910 987 909
f 911 987 910
f 1906 1918 1917
f 1917 1905 1906
f 1890 1904 1903
f 1903 1902 1890
f 1892 1905 1904
f 1892 1893 1905
f 1893 1906 1905
f 1918 1909 1919
f 1200 1140 1141
f 1200 1199 1139
f 1139 1140 1200
f 997 996 915
f 1198 1139 1199
f 1262 1198 1199
f 1266 1204 1267
f 1268 1267 1204
f 1272 1336 1271
f 1336 1335 1271
f 1270 1271 1335
f 1339 1338 1274
f 1339 1340 1405
f 1141 1140 1087
f 1175 1226 1173
f 1175 1227 1226
f 1934 1922 1923
f 1934 1921 1922
f 2034 2035 2049
f 2049 2048 2034
f 1269 1270 1334
f 1335 1334 1270
f 1288 1227 1289
f 1289 1350 1288
f 1174 1175 1173
f 1268 1269 1334
f 1347 1411 1410
f 1412 1411 1347
f 1347 1413 1412
f 1350 1351 1413
f 1351 1414 1413
f 1412 1413 1414
f 2025 2039 2038
f 2037 2025 2038
f 1406 1407 1485
f 1485 1405 1406
f 1409 1408 1345
f 2057 2056 2044
f 2046 2057 2045
f 2057 2044 2045
f 1086 996 1087
f 1086 1087 1140
f 1227 1175 1176
f 1176 1228 1227
f 1289 1227 1228
f 908 909 986
f 986 985 908
f 1904 1890 1892
f 1339 1405 1404
f 1402 1338 1339
f 1403 1402 1339
f 1404 1403 1339
f 984 1072 983
f 983 906 984
f 983 1070 1069
f 1070 983 1071
f 983 1072 1071
f 915 996 995
f 1086 1085 996
f 1083 1084 996
f 996 1085 1083
f 1084 995 996
f 1407 1408 1485
f 1485 1408 1486
f 1487 1486 1408
f 1408 1409 1487
f 2035 2024 2036
f 2024 2035 2023
f 2023 2035 2022
f 2035 2034 2022
f 912 987 911
f 1922 1912 1923
f 2037 2036 2024
f 2037 2024 2025
f 1267 1332 1266
f 1332 1265 1266
f 1336 1272 1337
f 1337 1272 1338
f 1487 1409 1410
f 1901 1889 1902
f 1890 1902 1889
f 2048 2047 2033
f 2047 2046 2033
f 1918 1906 1907
f 1909 1918 1907
f 913 912 845
f 845 914 913
f 1139 1198 1197
f 1198 1262 1197
f 1262 1263 1261
f 1197 1262 1261
f 1329 1263 1264
f 1329 1261 1263
f 1334 1333 1268
f 1333 1267 1268
f 1405 1485 1484
f 1484 1404 1405
f 1893 1894 1906
f 1894 1907 1906
f 1140 1139 1086
f 1401 1337 1338
f 1338 1402 1401
f 1410 1411 1487
f 1351 1350 1289
f 2046 2045 2033
f 2040 2039 2026
f 2025 2026 2039
f 1174 1122 1175
f 1175 1122 1176
f 985 984 906
f 1333 1332 1267
f 1121 1069 1070
f 2048 2033 2034
f 1398 1333 1334
f 1334 1335 1398
f 1174 1121 1122
f 1122 1121 1070
f 2027 2041 2040
f 2056 2040 2041
f 2040 2026 2027
f 912 988 987
f 986 987 988
f 909 987 986
f 915 994 914
f 994 915 995
f 2044 2056 2042
f 2041 2042 2056
f 1921 1910 1922
f 1909 1910 1921
f 1335 1336 1337
f 1414 1351 1352
f 1351 1289 1291
f 1291 1352 1351
f 2013 2026 2012
f 2025 2012 2026
f 2027 2026 2013
f 1264 1330 1329
f 1264 1265 1330
f 1908 1909 1907
f 1907 1894 1908
f 1228 1290 1289
f 1290 1228 1229
f 1176 1229 1228
f 1332 1331 1265
f 1265 1331 1330
f 1289 1290 1291
f 2012 2025 2024
f 1411 1412 1489
f 1412 1414 1489
f 914 994 993
f 994 1084 993
f 1084 994 995
f 1891 1892 1890
f 1893 1892 1875
f 1892 1891 1875
f 1086 1139 1138
f 1086 1138 1085
f 1333 1397 1332
f 1398 1397 1333
f 1484 1483 1404
f 1483 1403 1404
f 984 985 1074
f 1072 984 1073
f 984 1074 1073
f 1177 1229 1176
f 1176 1122 1177
f 1999 1638 2000
f 2000 2015 1999
f 2000 1638 2001
f 2001 2015 2000
f 1196 1138 1139
f 1196 1139 1197
f 1486 1487 1564
f 1564 1485 1486
f 1890 1873 1891
f 1889 1873 1890
f 1637 1546 1638
f 1999 1637 1638
f 1999 1998 1637
f 1998 1636 1637
f 1636 1545 1637
f 1546 1637 1545
f 1402 1403 1481
f 1402 1481 1401
f 989 912 913
f 912 989 988
f 1912 1922 1911
f 1911 1922 1910
f 2044 2042 2032
f 2043 2032 2042
f 2041 2027 2042
f 2028 2043 2042
f 2042 2027 2028
f 1909 1908 1895
f 1895 1910 1909
f 1463 1547 1546
f 1462 1546 1461
f 1463 1546 1462
f 1546 1547 1638
f 1546 1545 1461
f 1329 1328 1261
f 1330 1328 1329
f 1488 1487 1411
f 1488 1411 1489
f 2023 2012 2024
f 1290 1229 1230
f 1230 1291 1290
f 993 992 914
f 992 913 914
f 1873 1889 1872
f 1888 1889 1901
f 1888 1872 1889
f 1900 1888 1901
f 1900 1912 1899
f 1899 1888 1900
f 1894 1893 1877
f 1875 1876 1893
f 1876 1877 1893
f 2015 1998 1999
f 1639 2001 1638
f 1547 1639 1638
f 2032 2045 2044
f 1545 1636 1635
f 1636 1998 1635
f 1891 1873 1874
f 1874 1873 1851
f 1872 1851 1873
f 2032 2033 2045
f 1261 1260 1197
f 1259 1197 1260
f 1196 1197 1259
f 1259 1260 1325
f 1259 1258 1196
f 1258 1259 1325
f 1335 1337 1400
f 1399 1398 1335
f 1335 1400 1399
f 1352 1415 1414
f 1415 1352 1353
f 1352 1291 1353
f 1124 1123 1070
f 1070 1123 1122
f 1070 1071 1124
f 1083 1085 1137
f 1083 1137 1082
f 1083 1082 993
f 1084 1083 993
f 1085 1138 1137
f 1326 1325 1260
f 1260 1261 1327
f 1327 1326 1260
f 1330 1331 1395
f 1395 1331 1332
f 1396 1395 1332
f 1397 1396 1332
f 1397 1398 1476
f 1398 1399 1476
f 1564 1484 1485
f 1489 1414 1415
f 1177 1230 1229
f 1195 1138 1196
f 1195 1196 1258
f 988 1076 986
f 1075 986 1076
f 985 986 1075
f 1872 1888 1887
f 1898 1888 1899
f 1898 1887 1888
f 1395 1394 1330
f 1394 1328 1330
f 1461 1545 1460
f 1635 1544 1545
f 1544 1460 1545
f 2015 2001 2016
f 1639 2002 2001
f 2002 2016 2001
f 2013 1996 1997
f 2013 1997 2014
f 2013 2014 2027
f 1996 2013 2012
f 2011 1996 2012
f 2012 2023 2011
f 2028 2027 2015
f 2014 2015 2027
f 1911 1899 1912
f 1122 1123 1177
f 1072 1125 1071
f 1125 1072 1126
f 1073 1126 1072
f 1138 1195 1137
f 1325 1324 1257
f 1258 1325 1257
f 1326 1390 1325
f 1324 1325 1390
f 1261 1328 1327
f 1481 1403 1482
f 1482 1403 1483
f 1195 1258 1194
f 1194 1258 1257
f 1480 1401 1481
f 1481 1482 1480
f 1415 1416 1489
f 1416 1488 1489
f 1871 1851 1872
f 1887 1871 1872
f 1353 1291 1292
f 1291 1230 1292
f 1230 1177 1231
f 1231 1294 1230
f 1292 1230 1293
f 1294 1293 1230
f 2034 2033 2020
f 2033 2032 2020
f 1639 1547 1548
f 1639 1548 1640
f 2002 1639 1640
f 1460 1387 1461
f 1387 1388 1461
f 1462 1461 1388
f 2043 2028 2029
f 2029 2028 2016
f 2015 2016 2028
f 1401 1400 1337
f 1400 1401 1479
f 1401 1480 1479
f 1177 1123 1178
f 1178 1232 1177
f 1232 1231 1177
f 992 991 913
f 1081 992 993
f 992 1081 991
f 1875 1891 1874
f 2032 2043 2031
f 2030 2031 2043
f 2043 2029 2030
f 1875 1854 1876
f 1854 1875 1853
f 1875 1874 1853
f 1894 1877 1878
f 1877 1876 1854
f 1877 1854 1878
f 1660 1576 1578
f 1853 1660 1661
f 1661 1660 1578
f 1852 1659 1660
f 1659 1576 1660
f 1660 1853 1852
f 1500 1580 1579
f 1578 1579 1661
f 1579 1578 1500
f 1579 1580 1662
f 1661 1579 1662
f 1322 1388 1387
f 1388 1322 1323
f 1388 1323 1389
f 1389 1462 1388
f 1463 1462 1389
f 1464 1547 1463
f 1389 1464 1463
f 1634 1997 1996
f 1996 1995 1634
f 2011 1995 1996
f 2017 2030 2029
f 2017 2029 2016
f 913 990 989
f 989 990 1077
f 989 1077 988
f 1634 1544 1635
f 1544 1634 1633
f 1635 1997 1634
f 1633 1634 1995
f 2016 2002 2017
f 1327 1391 1326
f 1390 1326 1391
f 1393 1327 1328
f 1328 1394 1393
f 1564 1487 1565
f 1488 1565 1487
f 1075 1074 985
f 1081 993 1082
f 2022 2011 2023
f 1327 1392 1391
f 1393 1392 1327
f 1899 1911 1898
f 1324 1323 1257
f 1390 1323 1324
f 1464 1389 1465
f 1465 1389 1390
f 1389 1323 1390
f 1851 1852 1874
f 1853 1874 1852
f 1894 1895 1908
f 1077 1076 988
f 1193 1137 1194
f 1194 1137 1195
f 1193 1136 1137
f 1136 1082 1137
f 2031 2020 2032
f 2019 2031 2030
f 2020 2031 2019
f 2017 2002 2003
f 2002 1640 2003
f 1547 1464 1548
f 1894 1878 1895
f 1293 1354 1292
f 1353 1292 1354
f 1075 1073 1074
f 1563 1484 1564
f 1564 1565 1563
f 1576 1659 1658
f 1659 1852 1851
f 1851 1658 1659
f 1910 1895 1896
f 1896 1911 1910
f 1879 1895 1878
f 1879 1896 1895
f 1294 1231 1295
f 1294 1295 1357
f 1294 1356 1293
f 1357 1356 1294
f 1231 1232 1233
f 1231 1233 1295
f 2021 2022 2034
f 2034 2020 2021
f 1476 1399 1477
f 1399 1400 1477
f 1498 1577 1576
f 1577 1578 1576
f 1575 1498 1576
f 1575 1576 1657
f 1576 1658 1657
f 1123 1124 1125
f 1125 1180 1123
f 1123 1179 1178
f 1180 1179 1123
f 1125 1124 1071
f 1562 1483 1484
f 1484 1563 1562
f 1421 1420 1356
f 1357 1421 1356
f 1355 1293 1356
f 1420 1355 1356
f 1460 1459 1387
f 1387 1459 1385
f 1386 1387 1385
f 1322 1387 1386
f 2017 2003 2018
f 2018 2030 2017
f 1887 1898 1886
f 1897 1898 1911
f 1897 1886 1898
f 1856 1662 1663
f 1856 1855 1662
f 1662 1580 1663
f 1661 1662 1855
f 1478 1477 1400
f 1479 1478 1400
f 1488 1490 1565
f 1565 1490 1566
f 1566 1563 1565
f 1479 1480 1559
f 1480 1482 1559
f 1416 1490 1488
f 1871 1850 1851
f 1658 1851 1850
f 1580 1501 1502
f 1581 1580 1502
f 1581 1663 1580
f 1580 1500 1501
f 1501 1500 1423
f 1423 1502 1501
f 1499 1423 1500
f 1422 1423 1499
f 1358 1423 1422
f 1423 1358 1424
f 1424 1502 1423
f 1232 1178 1233
f 913 991 990
f 1896 1897 1911
f 1357 1422 1421
f 1422 1357 1358
f 1499 1421 1422
f 1497 1421 1498
f 1499 1498 1421
f 1420 1421 1497
f 1257 1323 1322
f 1257 1322 1256
f 1194 1257 1256
f 1641 2003 1640
f 1640 1548 1549
f 1549 1641 1640
f 1466 1391 1392
f 1391 1465 1390
f 1466 1465 1391
f 1879 1878 1855
f 1855 1878 1854
f 1178 1179 1233
f 2021 2010 2022
f 2008 2021 2020
f 2021 2008 2009
f 2009 2010 2021
f 1464 1465 1466
f 1136 1135 1082
f 1082 1135 1081
f 1256 1322 1321
f 1386 1321 1322
f 1460 1544 1459
f 1633 1632 1544
f 1632 1543 1544
f 1459 1544 1543
f 2008 2020 2019
f 1354 1293 1355
f 1354 1355 1419
f 1420 1419 1355
f 1394 1395 1472
f 1472 1393 1394
f 2022 2010 2011
f 1995 2011 2010
f 1548 1464 1467
f 1466 1467 1464
f 1483 1562 1561
f 1482 1483 1561
f 1490 1416 1491
f 1415 1353 1416
f 1417 1416 1353
f 1417 1491 1416
f 1575 1496 1497
f 1420 1497 1496
f 1420 1496 1419
f 1496 1575 1574
f 1495 1496 1574
f 1496 1495 1419
f 1657 1574 1575
f 1575 1497 1498
f 1896 1879 1881
f 1881 1897 1896
f 1424 1503 1502
f 1581 1502 1503
f 1633 1995 1632
f 2007 2008 2019
f 2019 2006 2007
f 2018 2019 2030
f 2019 2018 2006
f 1856 1879 1855
f 1661 1855 1854
f 1296 1357 1295
f 1358 1357 1296
f 1295 1233 1296
f 1256 1255 1194
f 1194 1255 1193
f 1397 1474 1396
f 1475 1474 1397
f 1397 1476 1475
f 1477 1557 1476
f 1476 1557 1475
f 1354 1417 1353
f 1856 1663 1857
f 1879 1856 1880
f 1856 1857 1880
f 1467 1549 1548
f 1663 1581 1582
f 1664 1663 1582
f 1664 1857 1663
f 1395 1396 1474
f 1472 1395 1473
f 1474 1473 1395
f 1886 1871 1887
f 1581 1503 1582
f 1477 1478 1558
f 1557 1477 1558
f 1425 1424 1358
f 1297 1358 1296
f 1359 1425 1358
f 1297 1359 1358
f 2018 2003 2004
f 2003 1641 1642
f 1642 2004 2003
f 1479 1559 1478
f 1563 1566 1648
f 1563 1648 1562
f 1657 1658 1849
f 1849 1658 1850
f 1574 1657 1656
f 1849 1656 1657
f 1296 1233 1297
f 1073 1127 1126
f 1127 1073 1075
f 1418 1417 1354
f 1354 1419 1418
f 1880 1881 1879
f 1080 1081 1135
f 1080 991 1081
f 1459 1384 1385
f 1385 1321 1386
f 1320 1385 1384
f 1320 1321 1385
f 1459 1543 1458
f 1384 1459 1458
f 1467 1466 1392
f 1491 1567 1490
f 1490 1567 1566
f 1076 1128 1075
f 1076 1129 1128
f 1076 1077 1129
f 1632 1631 1541
f 1543 1632 1541
f 1632 1995 1631
f 2009 2008 1992
f 2007 1992 2008
f 2004 2006 2018
f 1641 1549 1550
f 1550 1642 1641
f 1233 1179 1234
f 1297 1233 1234
f 1235 1234 1179
f 1236 1235 1179
f 1179 1180 1236
f 1256 1254 1255
f 1321 1254 1256
f 1503 1424 1504
f 1424 1425 1504
f 1419 1495 1494
f 1419 1494 1418
f 1886 1870 1871
f 1850 1871 1870
f 1886 1897 1883
f 1886 1883 1870
f 1858 1881 1880
f 1857 1858 1880
f 1134 1136 1192
f 1136 1193 1192
f 1135 1136 1134
f 1994 1631 1995
f 2010 1994 1995
f 1392 1468 1467
f 1468 1549 1467
f 1393 1472 1471
f 1473 1471 1472
f 1469 1468 1392
f 1392 1393 1469
f 1573 1495 1574
f 1572 1495 1573
f 1494 1495 1572
f 1897 1881 1882
f 1882 1883 1897
f 1664 1582 1665
f 1583 1665 1582
f 1504 1583 1582
f 1582 1503 1504
f 2009 1994 2010
f 1993 1994 2009
f 1631 1994 1993
f 1469 1393 1470
f 1393 1471 1470
f 1494 1493 1418
f 1417 1418 1492
f 1493 1492 1418
f 1180 1125 1181
f 1126 1181 1125
f 1078 1077 990
f 1130 1129 1077
f 1077 1078 1130
f 1320 1254 1321
f 2006 2004 1990
f 2006 1990 2007
f 1989 1990 2004
f 2004 2005 1989
f 2004 1642 2005
f 1255 1192 1193
f 1255 1254 1192
f 1549 1468 1550
f 1556 1475 1557
f 1555 1474 1475
f 1556 1555 1475
f 1869 1850 1870
f 1869 1849 1850
f 1235 1297 1234
f 1882 1881 1858
f 1667 1857 1664
f 1858 1857 1667
f 1426 1504 1425
f 1425 1359 1426
f 1236 1180 1181
f 1992 1993 2009
f 1993 1992 1628
f 1992 1627 1628
f 1992 2007 1990
f 1990 1627 1992
f 1478 1559 1558
f 1541 1457 1543
f 1458 1543 1457
f 1555 1473 1474
f 1075 1128 1127
f 1134 1192 1191
f 1134 1080 1135
f 1080 1134 1133
f 1133 1134 1191
f 1561 1560 1482
f 1559 1482 1560
f 1648 1647 1562
f 1647 1561 1562
f 1574 1656 1573
f 1848 1656 1849
f 1656 1655 1573
f 1848 1847 1656
f 1847 1655 1656
f 1298 1359 1297
f 1235 1298 1297
f 1993 1630 1631
f 1630 1541 1631
f 1558 1556 1557
f 1566 1567 1649
f 1648 1566 1649
f 1492 1491 1417
f 1383 1320 1384
f 1384 1458 1383
f 1551 1550 1468
f 1550 1551 1643
f 1643 1642 1550
f 1080 1079 991
f 1079 1080 1132
f 1133 1132 1080
f 1254 1320 1253
f 1192 1254 1253
f 2005 1642 1987
f 1643 1987 1642
f 1859 1860 1882
f 1858 1859 1882
f 1860 1883 1882
f 1572 1493 1494
f 1883 1885 1870
f 1885 1869 1870
f 1883 1860 1884
f 1884 1885 1883
f 1505 1504 1426
f 1505 1506 1504
f 1583 1504 1506
f 1426 1359 1427
f 1360 1427 1359
f 1298 1360 1359
f 1236 1181 1182
f 1127 1181 1126
f 1181 1127 1182
f 1383 1458 1457
f 1629 1993 1628
f 1630 1993 1629
f 990 991 1078
f 1079 1078 991
f 1626 1627 1990
f 1626 1538 1627
f 1628 1627 1538
f 1555 1554 1473
f 1473 1554 1471
f 1561 1647 1646
f 1561 1646 1560
f 1127 1128 1129
f 1470 1551 1468
f 1468 1469 1470
f 1553 1471 1554
f 1553 1470 1471
f 1568 1567 1491
f 1492 1568 1491
f 1567 1568 1569
f 1568 1492 1569
f 1668 1860 1859
f 1668 1859 1858
f 1666 1665 1583
f 1665 1667 1664
f 1667 1665 1666
f 1505 1426 1427
f 1540 1541 1630
f 1630 1629 1540
f 1650 1649 1567
f 1569 1650 1567
f 1987 1988 2005
f 1989 2005 1988
f 1649 1840 1648
f 1840 1647 1648
f 1858 1667 1668
f 1551 1623 1643
f 1622 1623 1551
f 1622 1551 1552
f 1552 1551 1470
f 1560 1644 1559
f 1558 1559 1644
f 1655 1572 1573
f 1861 1884 1860
f 1668 1861 1860
f 1541 1542 1457
f 1541 1540 1454
f 1542 1541 1454
f 1616 1558 1644
f 1556 1558 1617
f 1558 1616 1617
f 1571 1493 1572
f 1655 1571 1572
f 1235 1236 1299
f 1236 1182 1237
f 1299 1236 1237
f 1623 1987 1643
f 1570 1492 1493
f 1571 1570 1493
f 1298 1235 1299
f 1991 1626 1990
f 1991 1990 1625
f 1990 1989 1625
f 1646 1645 1560
f 1644 1560 1645
f 1849 1869 1848
f 1839 1646 1647
f 1647 1840 1839
f 1869 1866 1848
f 1866 1869 1865
f 1869 1885 1865
f 1989 1988 1625
f 1617 1555 1556
f 1506 1507 1583
f 1584 1666 1583
f 1507 1584 1583
f 1552 1470 1553
f 1885 1884 1865
f 1299 1360 1298
f 1300 1360 1299
f 1360 1300 1361
f 1427 1360 1361
f 1320 1383 1319
f 1457 1455 1383
f 1383 1455 1456
f 1383 1382 1319
f 1382 1383 1456
f 1629 1628 1540
f 1538 1540 1628
f 1253 1252 1192
f 1191 1192 1252
f 1320 1319 1253
f 1569 1492 1570
f 1861 1668 1862
f 1861 1863 1884
f 1861 1862 1863
f 1542 1455 1457
f 1455 1542 1454
f 1427 1428 1505
f 1506 1505 1428
f 1079 1130 1078
f 1132 1133 1190
f 1191 1190 1133
f 1382 1318 1319
f 1319 1318 1253
f 1863 1865 1884
f 1667 1666 1585
f 1667 1585 1668
f 1428 1507 1506
f 1318 1252 1253
f 1361 1362 1427
f 1428 1427 1362
f 1183 1182 1127
f 1183 1237 1182
f 1668 1863 1862
f 1669 1863 1668
f 1668 1585 1586
f 1586 1669 1668
f 1666 1584 1585
f 1987 1625 1988
f 1570 1571 1652
f 1652 1651 1570
f 1569 1570 1651
f 1552 1621 1622
f 1553 1621 1552
f 1649 1650 1841
f 1840 1649 1841
f 1252 1251 1191
f 1190 1191 1251
f 1625 1987 1624
f 1987 1623 1624
f 1651 1650 1569
f 1654 1571 1655
f 1571 1654 1653
f 1653 1652 1571
f 1584 1507 1508
f 1428 1429 1507
f 1429 1508 1507
f 1428 1362 1429
f 1251 1252 1318
f 1540 1538 1539
f 1539 1454 1540
f 1655 1847 1654
f 1300 1299 1237
f 1624 1623 1536
f 1623 1622 1536
f 1866 1865 1671
f 1865 1864 1671
f 1863 1864 1865
f 1130 1184 1129
f 1127 1129 1184
f 1625 1626 1991
f 1553 1554 1619
f 1620 1621 1553
f 1553 1619 1620
f 1555 1619 1554
f 1537 1625 1624
f 1625 1537 1626
f 1847 1848 1846
f 1866 1846 1848
f 1300 1237 1238
f 1237 1183 1238
f 1184 1183 1127
f 1839 1645 1646
f 1645 1839 1838
f 1838 1644 1645
f 1841 1650 1651
f 1538 1626 1537
f 1132 1131 1079
f 1130 1079 1131
f 1619 1555 1618
f 1555 1617 1618
f 1532 1617 1616
f 1532 1618 1617
f 1654 1847 1846
f 1654 1846 1845
f 1866 1845 1846
f 1585 1584 1508
f 1586 1585 1508
f 1536 1537 1624
f 1183 1184 1238
f 1618 1533 1619
f 1620 1619 1533
f 1536 1622 1535
f 1621 1535 1622
f 1190 1189 1132
f 1250 1189 1190
f 1190 1251 1250
f 1238 1301 1300
f 1361 1300 1301
f 1537 1453 1538
f 1539 1538 1453
f 1839 1840 1868
f 1839 1868 1838
f 1189 1131 1132
f 1455 1454 1380
f 1539 1453 1454
f 1453 1380 1454
f 1840 1841 1867
f 1840 1867 1868
f 1653 1843 1652
f 1653 1654 1845
f 1844 1843 1653
f 1845 1844 1653
f 1845 1866 1671
f 1251 1318 1317
f 1382 1317 1318
f 1669 1864 1863
f 1317 1250 1251
f 1644 1838 1837
f 1616 1644 1837
f 1301 1362 1361
f 1239 1302 1238
f 1302 1301 1238
f 1238 1184 1239
f 1620 1533 1534
f 1534 1533 1449
f 1533 1532 1449
f 1532 1533 1618
f 1586 1508 1587
f 1586 1670 1669
f 1587 1670 1586
f 1363 1362 1301
f 1430 1429 1362
f 1363 1430 1362
f 1380 1456 1455
f 1536 1450 1537
f 1450 1452 1537
f 1537 1452 1453
f 1535 1621 1534
f 1620 1534 1621
f 1532 1616 1615
f 1837 1615 1616
f 1651 1842 1841
f 1652 1842 1651
f 1184 1130 1185
f 1131 1186 1130
f 1186 1185 1130
f 1868 1867 1835
f 1867 1842 1673
f 1673 1835 1867
f 1842 1867 1841
f 1842 1652 1843
f 1184 1185 1240
f 1240 1239 1184
f 1381 1317 1382
f 1456 1381 1382
f 1535 1450 1536
f 1670 1864 1669
f 1670 1671 1864
f 1131 1189 1188
f 1131 1188 1187
f 1186 1131 1187
f 1363 1301 1302
f 1509 1508 1429
f 1509 1587 1508
f 1250 1317 1316
f 1381 1316 1317
f 1452 1380 1453
f 1587 1509 1588
f 1587 1588 1589
f 1589 1670 1587
f 1316 1249 1250
f 1189 1250 1188
f 1249 1188 1250
f 1838 1868 1836
f 1836 1837 1838
f 1429 1430 1509
f 1534 1450 1535
f 1614 1615 1837
f 1614 1837 1836
f 1456 1380 1381
f 1534 1449 1450
f 1589 1672 1671
f 1671 1670 1589
f 1845 1671 1844
f 1672 1844 1671
f 1304 1239 1240
f 1302 1239 1303
f 1239 1304 1303
f 1185 1186 1242
f 1185 1242 1241
f 1240 1185 1241
f 1532 1615 1531
f 1614 1531 1615
f 1452 1450 1451
f 1451 1450 1376
f 1450 1449 1376
f 1835 1836 1868
f 1363 1302 1303
f 1842 1843 1673
f 1363 1303 1364
f 1430 1363 1431
f 1363 1364 1431
f 1241 1242 1308
f 1243 1308 1242
f 1186 1243 1242
f 1381 1380 1315
f 1316 1381 1315
f 1448 1449 1532
f 1531 1448 1532
f 1315 1380 1379
f 1315 1248 1316
f 1248 1315 1314
f 1315 1379 1378
f 1378 1314 1315
f 1509 1430 1510
f 1431 1510 1430
f 1306 1240 1241
f 1305 1304 1240
f 1240 1306 1305
f 1186 1187 1244
f 1244 1243 1186
f 1188 1249 1248
f 1248 1187 1188
f 1380 1452 1379
f 1452 1451 1379
f 1588 1509 1510
f 1308 1307 1241
f 1241 1307 1306
f 1244 1187 1245
f 1246 1245 1187
f 1187 1248 1247
f 1247 1246 1187
f 1843 1844 1673
f 1316 1248 1249
f 1303 1304 1364
f 1307 1308 1369
f 1308 1309 1369
f 1245 1308 1243
f 1308 1245 1309
f 1614 1836 1613
f 1613 1531 1614
f 1836 1835 1613
f 1365 1364 1304
f 1304 1305 1366
f 1365 1304 1366
f 1367 1306 1307
f 1366 1306 1367
f 1305 1306 1366
f 1244 1245 1243
f 1588 1511 1589
f 1590 1589 1511
f 1590 1672 1589
f 1510 1511 1588
f 1376 1449 1448
f 1431 1364 1432
f 1364 1365 1432
f 1451 1378 1379
f 1673 1674 1835
f 1613 1835 1674
f 1592 1674 1673
f 1672 1673 1844
f 1673 1672 1592
f 1246 1309 1245
f 1591 1592 1672
f 1590 1591 1672
f 1369 1368 1307
f 1367 1307 1368
f 1376 1377 1451
f 1378 1451 1377
f 1531 1613 1612
f 1611 1531 1612
f 1530 1448 1531
f 1531 1611 1530
f 1511 1510 1431
f 1435 1366 1367
f 1366 1435 1365
f 1309 1370 1369
f 1369 1438 1368
f 1369 1370 1439
f 1439 1438 1369
f 1310 1309 1246
f 1309 1310 1370
f 1377 1314 1378
f 1314 1247 1248
f 1376 1448 1375
f 1377 1376 1313
f 1375 1313 1376
f 1365 1435 1434
f 1434 1433 1365
f 1432 1365 1433
f 1313 1314 1377
f 1247 1314 1313
f 1590 1511 1512
f 1512 1591 1590
f 1511 1431 1512
f 1367 1368 1438
f 1371 1370 1310
f 1371 1439 1370
f 1674 1593 1613
f 1592 1593 1674
f 1592 1591 1513
f 1593 1592 1513
f 1431 1432 1512
f 1512 1432 1513
f 1433 1513 1432
f 1311 1310 1246
f 1246 1247 1311
f 1591 1512 1513
f 1436 1434 1435
f 1436 1435 1367
f 1313 1312 1247
f 1247 1312 1311
f 1313 1375 1374
f 1312 1313 1374
f 1612 1613 1611
f 1593 1611 1613
f 1373 1311 1312
f 1312 1374 1373
f 1517 1434 1436
f 1437 1517 1436
f 1436 1367 1437
f 1434 1514 1433
f 1514 1513 1433
f 1438 1437 1367
f 1447 1375 1448
f 1448 1530 1447
f 1514 1434 1515
f 1516 1515 1434
f 1434 1517 1516
f 1310 1372 1371
f 1311 1372 1310
f 1529 1447 1530
f 1529 1530 1611
f 1610 1529 1611
f 1593 1610 1611
f 1438 1521 1520
f 1438 1439 1521
f 1519 1437 1438
f 1520 1519 1438
f 1442 1371 1372
f 1443 1442 1372
f 1373 1372 1311
f 1373 1443 1372
f 1593 1513 1594
f 1594 1513 1514
f 1594 1514 1515
f 1375 1447 1374
f 1529 1446 1447
f 1446 1374 1447
f 1521 1439 1522
f 1440 1522 1439
f 1371 1440 1439
f 1526 1442 1443
f 1442 1441 1371
f 1525 1442 1526
f 1524 1441 1442
f 1442 1525 1524
f 1593 1594 1595
f 1515 1595 1594
f 1610 1609 1529
f 1529 1528 1446
f 1529 1609 1528
f 1595 1610 1593
f 1444 1526 1443
f 1373 1444 1443
f 1437 1518 1517
f 1437 1519 1518
f 1440 1371 1441
f 1518 1516 1517
f 1446 1445 1374
f 1445 1373 1374
f 1518 1519 1598
f 1516 1518 1597
f 1597 1518 1598
f 1596 1595 1516
f 1515 1516 1595
f 1596 1610 1595
f 1520 1521 1601
f 1601 1521 1522
f 1444 1373 1445
f 1596 1516 1597
f 1601 1600 1520
f 1684 1601 1602
f 1522 1602 1601
f 1683 1601 1684
f 1683 1600 1601
f 1526 1444 1527
f 1527 1525 1526
f 1609 1675 1608
f 1610 1675 1609
f 1608 1528 1609
f 1446 1444 1445
f 1444 1446 1528
f 1675 1596 1676
f 1675 1610 1596
f 1676 1608 1675
f 1441 1522 1440
f 1597 1676 1596
f 1522 1441 1523
f 1524 1523 1441
f 1520 1599 1519
f 1599 1598 1519
f 1444 1528 1527
f 1608 1527 1528
f 1527 1608 1607
f 1607 1606 1527
f 1606 1525 1527
f 1608 1676 1677
f 1677 1607 1608
f 1676 1597 1677
f 1599 1600 1680
f 1600 1599 1520
f 1599 1680 1679
f 1598 1599 1679
f 1523 1602 1522
f 1602 1685 1684
f 1523 1603 1602
f 1685 1602 1603
f 1682 1600 1683
f 1682 1681 1600
f 1681 1680 1600
f 1678 1677 1597
f 1597 1598 1678
f 1683 1684 1682
f 1684 1685 1682
f 1694 1606 1607
f 1607 1695 1694
f 1695 1607 1696
f 1607 1677 1697
f 1696 1607 1697
f 1606 1605 1525
f 1605 1524 1525
f 1679 1678 1598
f 1677 1678 1698
f 1678 1699 1698
f 1699 1678 1700
f 1678 1679 1702
f 1678 1702 1701
f 1701 1700 1678
f 1707 1681 1682
f 1682 1685 1707
f 1698 1697 1677
f 1523 1524 1603
f 1606 1693 1605
f 1692 1605 1693
f 1524 1605 1604
f 1604 1605 1691
f 1605 1692 1691
f 1680 1681 1703
f 1679 1680 1703
f 1694 1693 1606
f 1694 1695 1722
f 1722 1721 1694
f 1720 1694 1721
f 1720 1693 1694
f 1679 1703 1702
f 1524 1604 1603
f 1685 1686 1707
f 1685 1603 1686
f 1695 1696 1722
f 1697 1722 1696
f 1688 1687 1603
f 1686 1603 1687
f 1604 1688 1603
f 1697 1698 1723
f 1697 1723 1722
f 1730 1702 1703
f 1730 1703 1731
f 1704 1731 1703
f 1704 1703 1681
f 1706 1681 1707
f 1706 1707 1708
f 1686 1708 1707
f 1724 1723 1698
f 1698 1699 1724
f 1681 1706 1705
f 1681 1705 1704
f 1751 1722 1752
f 1721 1722 1751
f 1723 1752 1722
f 1702 1730 1729
f 1728 1701 1702
f 1702 1729 1728
f 1687 1708 1686
f 1690 1604 1691
f 1604 1690 1689
f 1688 1604 1689
f 1750 1721 1751
f 1752 1750 1751
f 1700 1701 1727
f 1701 1728 1727
f 1735 1705 1706
f 1706 1708 1735
f 1693 1720 1692
f 1719 1692 1720
f 1749 1720 1721
f 1720 1749 1719
f 1721 1750 1749
f 1728 1729 1761
f 1730 1761 1729
f 1763 1730 1731
f 1730 1763 1762
f 1761 1730 1762
f 1704 1705 1733
f 1732 1731 1704
f 1704 1733 1732
f 1700 1724 1699
f 1750 1752 1778
f 1752 1753 1778
f 1753 1752 1723
f 1705 1735 1734
f 1734 1733 1705
f 1711 1687 1688
f 1713 1688 1689
f 1688 1713 1712
f 1712 1711 1688
f 1749 1750 1748
f 1750 1778 1748
f 1736 1708 1737
f 1709 1737 1708
f 1687 1709 1708
f 1736 1735 1708
f 1691 1715 1690
f 1715 1691 1716
f 1691 1692 1716
f 1724 1700 1725
f 1723 1724 1754
f 1724 1725 1754
f 1735 1736 1737
f 1737 1734 1735
f 1734 1738 1733
f 1732 1733 1764
f 1733 1738 1765
f 1733 1765 1764
f 1690 1713 1689
f 1761 1727 1728
f 1727 1761 1760
f 1759 1760 1761
f 1762 1759 1761
f 1710 1709 1687
f 1687 1711 1710
f 1748 1778 1777
f 1753 1777 1778
f 1714 1713 1690
f 1715 1714 1690
f 1726 1725 1700
f 1727 1726 1700
f 1734 1737 1738
f 1717 1716 1692
f 1718 1717 1692
f 1719 1718 1692
f 1754 1753 1723
f 1753 1754 1780
f 1779 1753 1780
f 1777 1753 1779
f 1712 1713 1714
f 1737 1709 1738
f 1717 1715 1716
f 1748 1719 1749
f 1776 1748 1777
f 1776 1747 1748
f 1719 1748 1747
f 1731 1764 1763
f 1731 1732 1764
f 1718 1719 1746
f 1747 1746 1719
f 1709 1710 1739
f 1738 1709 1739
f 1714 1715 1742
f 1712 1714 1742
f 1712 1717 1711
f 1712 1742 1717
f 1715 1717 1742
f 1776 1777 1779
f 1760 1759 1727
f 1727 1759 1726
f 1759 1762 1758
f 1759 1758 1726
f 1780 1754 1755
f 1754 1725 1755
f 1711 1717 1741
f 1741 1740 1711
f 1710 1711 1740
f 1747 1776 1775
f 1779 1775 1776
f 1766 1763 1764
f 1765 1766 1764
f 1740 1739 1710
f 1747 1775 1774
f 1747 1774 1746
f 1762 1763 1758
f 1765 1738 1739
f 1739 1766 1765
f 1743 1741 1717
f 1717 1718 1743
f 1718 1746 1745
f 1774 1745 1746
f 1775 1779 1799
f 1779 1780 1799
f 1740 1768 1739
f 1767 1766 1739
f 1768 1767 1739
f 1740 1741 1768
f 1799 1780 1781
f 1755 1781 1780
f 1763 1788 1758
f 1766 1788 1763
f 1798 1774 1775
f 1775 1799 1798
f 1725 1726 1756
f 1756 1755 1725
f 1799 1781 1798
f 1726 1758 1757
f 1757 1756 1726
f 1745 1774 1773
f 1797 1773 1774
f 1745 1773 1772
f 1773 1797 1772
f 1743 1718 1744
f 1745 1744 1718
f 1771 1744 1745
f 1771 1745 1772
f 1774 1798 1797
f 1755 1782 1781
f 1782 1798 1781
f 1768 1790 1767
f 1766 1767 1789
f 1790 1789 1767
f 1783 1782 1755
f 1756 1783 1755
f 1758 1788 1787
f 1787 1788 1766
f 1789 1787 1766
f 1796 1797 1798
f 1798 1782 1796
f 1744 1770 1743
f 1771 1770 1744
f 1782 1783 1801
f 1800 1782 1801
f 1782 1800 1796
f 1797 1796 1772
f 1784 1756 1757
f 1784 1783 1756
f 1787 1786 1758
f 1786 1757 1758
f 1790 1768 1791
f 1768 1741 1769
f 1768 1769 1791
f 1741 1743 1769
f 1810 1790 1791
f 1790 1810 1789
f 1807 1787 1789
f 1807 1806 1787
f 1787 1785 1786
f 1785 1787 1806
f 1769 1743 1770
f 1800 1818 1796
f 1772 1796 1795
f 1796 1818 1795
f 1800 1801 1802
f 1818 1800 1802
f 1772 1795 1771
f 1789 1809 1808
f 1807 1789 1808
f 1809 1789 1810
f 1801 1783 1802
f 1803 1783 1784
f 1803 1802 1783
f 1785 1757 1786
f 1791 1811 1810
f 1812 1811 1791
f 1791 1769 1792
f 1792 1812 1791
f 1785 1784 1757
f 1809 1810 1825
f 1811 1825 1810
f 1770 1771 1793
f 1770 1792 1769
f 1793 1792 1770
f 1793 1771 1794
f 1795 1794 1771
f 1785 1803 1784
f 1793 1813 1792
f 1812 1792 1813
f 1807 1808 1823
f 1806 1807 1823
f 1825 1808 1809
f 1804 1803 1785
f 1804 1785 1805
f 1785 1806 1805
f 1824 1823 1808
f 1808 1825 1824
f 1811 1812 1826
f 1827 1826 1812
f 1827 1812 1813
f 1822 1806 1823
f 1822 1805 1806
f 1825 1826 1824
f 1825 1811 1826
f 1794 1815 1793
f 1813 1793 1814
f 1793 1815 1814
f 1802 1817 1818
f 1818 1817 1795
f 1803 1819 1802
f 1819 1803 1804
f 1794 1795 1817
f 1827 1813 1828
f 1828 1826 1827
f 1819 1817 1802
f 1829 1828 1813
f 1813 1814 1829
f 1794 1817 1816
f 1833 1816 1817
f 1819 1833 1817
f 1824 1822 1823
f 1829 1830 1828
f 1828 1830 1834
f 1826 1828 1834
f 1824 1826 1834
f 1814 1815 1831
f 1816 1815 1794
f 1831 1815 1816
f 1805 1819 1804
f 1805 1820 1819
f 1821 1820 1805
f 1821 1805 1822
f 1824 1821 1822
f 1829 1814 1830
f 1830 1814 1831
f 1833 1819 1832
f 1820 1832 1819
f 1834 1821 1824
f 1830 1831 1834
f 1821 1832 1820
f 1832 1821 1834
f 1831 1816 1832
f 1816 1833 1832
f 1834 1831 1832
f 1854 1853 1661
f 32 31 17
f 51 31 32
f 51 30 31
f 31 30 17
f 32 53 52
f 18 32 17
f 32 18 33
f 18 17 6
f 18 6 7
f 51 32 52
f 8 7 1
f 1 7 6
f 2483 2484 2492
f 2482 2483 2493
f 2485 2492 2484
f 2477 2478 2480
f 2500 2477 2501
f 2501 2477 2502
f 2477 2480 2502
f 2493 2495 2481
f 2481 2495 2501
f 2480 2501 2502
f 2481 2501 2480
f 2493 2481 2482
f 503 544 543
f 503 543 542
f 542 543 586
f 542 586 585
f 1500 1577 1498
f 1577 1500 1578
f 1500 1498 1499
f 1997 1635 1998
f 2014 1997 1998
f 2015 2014 1998

