OFF
10002 20000 0
0.1516112600 0.4037923600 -0.6209932900
-0.0675482200 0.5410574800 0.0992680400
-0.1073075900 0.4919363600 0.0673452800
0.0306851200 0.3547141800 -0.6626196300
0.1384943900 0.4213338600 -0.4907805100
-0.2519579300 0.3981823600 0.0634867200
-0.2456532900 0.4115719000 0.0726279100
-0.2224556800 0.4440579500 0.0897606200
0.1710530100 0.4189682300 -0.5773162500
0.0596857700 0.3466444000 -0.7615562300
0.0131811500 0.3364153500 -0.7417787800
0.0134684500 0.3393390200 -0.7146949900
0.0584343200 0.3700376400 -0.6235780300
0.0786592700 0.3731026700 -0.6072502800
0.0950529700 0.3793675800 -0.5806150700
0.1376508400 0.4237343500 -0.4880036900
0.1711824100 0.4425616100 -0.5035885600
-0.0813158700 0.5163133400 0.0812441500
-0.1025961800 0.4953894500 0.0662484600
-0.1739791000 0.4011805400 0.0164243100
-0.2366823000 0.4276307100 0.0810899400
-0.1867451300 0.4845920700 0.1030796700
-0.1718008100 0.5120003300 0.1114782600
-0.1343296200 0.5514185800 0.1274294700
-0.1074070900 0.5754116700 0.1351071300
-0.0983884300 0.5747547200 0.1316938400
-0.1537866800 0.5360826400 0.1207551900
-0.1330500200 0.5579043200 0.1299978400
-0.1185845400 0.5708549500 0.1341388600
-0.0672919300 0.5712131400 0.1142348200
-0.0578833400 0.5524335700 0.1014342900
-0.0626580600 0.5445583000 0.0967044600
-0.1353605500 0.4539051500 0.0449785800
-0.2047128700 0.3797816100 0.0091666600
-0.2181990200 0.3693672200 0.0092113700
0.1258379400 0.3911138000 -0.6914693000
0.1117444600 0.3849374500 -0.7118407000
0.0176813700 0.3498024800 -0.6876792300
0.0444627800 0.3651250400 -0.6384912400
0.1071186200 0.3873397100 -0.5532455600
0.1106706300 0.3921920400 -0.5423035900
0.1279261400 0.4117855200 -0.4987313100
0.1845551600 0.4355071200 -0.5437425200
0.1569512800 0.4121936900 -0.6064087800
0.0305973200 0.3592510100 -0.6575281100
0.1187510800 0.3997280000 -0.5215827800
0.1611646900 0.4408361000 -0.4923400200
0.1806217100 0.4455250700 -0.5153300400
0.1866329700 0.4417607800 -0.5282136000
0.1585732700 0.4169376300 -0.6068622900
0.1335630100 0.3941408700 -0.6725885500
0.0404612800 0.3428963800 -0.7639970600
0.0283538200 0.3401024400 -0.7507940100
-0.2489902300 0.3621717800 0.0153866300
-0.2589480000 0.3662499700 0.0289183900
-0.2592213100 0.3899789400 0.0553303800
-0.0621345600 0.5649464500 0.1064181900
-0.0687066100 0.5340914300 0.0908811300
-0.1129193900 0.4837049400 0.0616242200
-0.2012515200 0.3881161900 0.0060746300
-0.1871122200 0.3873696600 0.0143972600
-0.2123856400 0.4631422300 0.0917499200
-0.1283674200 0.5639800900 0.1311521900
-0.0825006800 0.5204705800 0.0764203600
-0.1290831500 0.4627883800 0.0517836000
-0.1613092900 0.4139493100 0.0224015800
-0.1969982000 0.4035040500 0.0039540600
-0.2630780300 0.3743832700 0.0416206400
0.0833754200 0.3783505300 -0.5954777400
0.1433798000 0.4329545400 -0.4870439300
0.1782449200 0.4351001200 -0.5578278800
0.1730648500 0.4265567500 -0.5738655100
-0.2579625700 0.4142041100 0.0535270300
-0.1769166900 0.5101967300 0.1083732200
-0.1680873200 0.5391961900 0.1037068400
-0.0996785400 0.5782328100 0.1321390000
-0.0914028400 0.5787691100 0.1290386600
-0.0624400300 0.5600412800 0.0990851300
-0.1130139200 0.4875830900 0.0558887100
0.0923649200 0.3936989200 -0.5750795700
0.1293422000 0.4329015700 -0.4962775100
-0.2171724100 0.4617644300 0.0883421000
-0.0762134800 0.5758634000 0.1214327400
-0.0894506000 0.5151985800 0.0693147800
0.1010694100 0.3993302600 -0.5567438900
0.1605368400 0.4263437900 -0.5983287900
0.0940722000 0.3851040700 -0.7299421800
0.0946131900 0.3655183000 -0.7351140900
0.0862659200 0.3570526500 -0.7419129500
0.0441095400 0.3488361900 -0.7701504400
-0.2416459500 0.4311019900 0.0720970800
-0.1922311800 0.4873797100 0.1011494100
-0.0799419700 0.5280334000 0.0705489500
-0.1465284100 0.4341017100 0.0332890000
-0.2672273400 0.3800405500 0.0416303800
0.0834152400 0.3881861400 -0.5914511700
0.1231758400 0.4189312900 -0.5053751300
0.1509441600 0.4402621700 -0.4885616200
0.1542801000 0.4522080000 -0.4948095500
0.1379420200 0.4077407200 -0.6593033100
0.0283983000 0.3464816000 -0.7639701200
-0.2335539300 0.4457782900 0.0772053800
-0.1380840600 0.5624111400 0.1221763200
-0.0666551200 0.5444051900 0.0904876500
-0.1614618200 0.4291320100 0.0196913000
-0.2208315200 0.3823841300 -0.0036789100
-0.2341399900 0.3643365100 0.0070919700
-0.2636872200 0.3664930700 0.0224583100
-0.2689979800 0.3736702900 0.0308884400
0.0088297700 0.3520801300 -0.7066018500
0.1431812400 0.4490418700 -0.4918379600
0.1677329400 0.4370020600 -0.5807892700
0.1301291400 0.4102655100 -0.6753660200
0.0145547800 0.3417039900 -0.7541449000
0.0065227500 0.3397400800 -0.7435067500
0.0080014600 0.3403088000 -0.7265809200
-0.2093463300 0.4809368100 0.0900965600
-0.1986767400 0.5001944700 0.0932883400
-0.1534313100 0.5464151900 0.1171413500
-0.1280687700 0.5728648400 0.1244353000
-0.0653281200 0.5601175200 0.0876517300
-0.1072096900 0.4950830000 0.0585957600
-0.1331120300 0.4608626900 0.0349601400
-0.1471635800 0.4462042900 0.0229398300
-0.2147504000 0.3876486000 -0.0023918300
-0.2267575900 0.3759218400 -0.0013928600
-0.2551500400 0.3658930100 0.0100124200
-0.2625073600 0.3974110200 0.0491809600
0.0294468100 0.3679042200 -0.6592807900
0.0456845000 0.3878075200 -0.6381353400
0.1173436800 0.4097852900 -0.5174079200
0.1824314000 0.4560759200 -0.5337554100
0.1532969600 0.4230734600 -0.6149886500
0.1407086400 0.4266365000 -0.6451905100
0.0589073900 0.3536736800 -0.7629986300
-0.2489948000 0.4287771200 0.0627405100
-0.1233803400 0.5815933800 0.1209148300
-0.0657507000 0.5728543200 0.0959335200
-0.0695504400 0.5399001400 0.0841515400
-0.2445694500 0.3750915700 -0.0035124500
-0.2645466700 0.3806152000 0.0099200700
0.0197545700 0.3614856000 -0.6777342700
0.0554429400 0.3847034100 -0.6241499700
0.1049519200 0.4188998600 -0.5327186500
0.1166311400 0.4261448200 -0.5112801100
0.1719636100 0.4682843900 -0.5159626600
-0.1802028200 0.5210872900 0.1005463100
-0.1035859700 0.4986723200 0.0376999400
-0.1795423400 0.4153400200 0.0105746800
0.1802268300 0.4508899300 -0.5478873900
0.1753077400 0.4481479700 -0.5619480600
0.1084639300 0.4044509800 -0.7103113400
0.0411328900 0.3618099500 -0.7707738000
0.0094001400 0.3513573000 -0.7596733900
-0.2228069600 0.4648636400 0.0825384000
-0.1565270500 0.5550170200 0.1106399300
-0.1448447900 0.5664648500 0.1150801500
-0.0801201000 0.5862776800 0.1041713000
-0.0684581700 0.5758641700 0.1044865200
-0.0900824200 0.5154718200 0.0560697500
0.0148711300 0.3699307800 -0.6884138200
0.0880258300 0.4021343000 -0.5739091100
0.1229731300 0.4357000300 -0.5023792100
0.1796950000 0.4592696600 -0.5248265400
0.1318799900 0.4239329400 -0.6661223300
0.0798285100 0.3824214500 -0.7415491600
0.0638741900 0.3687318200 -0.7566853700
-0.0001155200 0.3516234900 -0.7334057000
0.0048789600 0.3600714700 -0.7106923500
-0.2418262000 0.4435495200 0.0672754300
-0.0709846100 0.5534697100 0.0735877500
-0.0789716700 0.5337395500 0.0641190000
-0.2700960300 0.3839661400 0.0194813700
-0.2704117900 0.3940751600 0.0339016200
0.0304354200 0.3796959000 -0.6621819100
0.1645931700 0.4540029000 -0.5021115100
0.1539572000 0.4361298200 -0.6070416300
0.1202721300 0.4110605300 -0.6932108000
0.0592754400 0.3768597200 -0.7562619900
0.0000085100 0.3523746600 -0.7486586500
-0.2451190200 0.4457230300 0.0610084200
-0.2274817100 0.4710289200 0.0745536800
-0.1389192700 0.5738811100 0.1152644700
-0.0995386100 0.5893563800 0.1168660000
-0.0881568200 0.5867571100 0.1130439500
-0.1284431800 0.4704585600 0.0231498200
-0.1699081000 0.4305285200 0.0121969600
0.1181640100 0.4379177600 -0.5095698000
0.1375339100 0.4581853600 -0.4946383200
0.1545301700 0.4655964100 -0.4993309900
0.1473514700 0.4414546800 -0.6232415500
0.0921355100 0.3967252700 -0.7298288500
0.0506330100 0.3683790700 -0.7649656500
0.0037772100 0.3578931300 -0.7573176800
0.0004118300 0.3564632200 -0.7243481800
-0.2007474400 0.5116117500 0.0872874700
-0.1558938200 0.5619481700 0.1050759200
-0.1128976100 0.5872556200 0.1196773500
-0.2232591600 0.3923606300 -0.0061322700
-0.2550829100 0.3771438200 0.0009382800
0.0055958500 0.3807358000 -0.7013409400
0.0626204000 0.3962429600 -0.6103251500
0.0774767300 0.4090538400 -0.5754575700
0.1674013300 0.4501115000 -0.5739922600
0.1526093300 0.4499340500 -0.6094808100
0.1233393500 0.4218336100 -0.6814888000
0.0268001500 0.3606300500 -0.7710722100
0.0173885700 0.3573940700 -0.7672966300
-0.2149695200 0.4866292300 0.0822779700
-0.0705770400 0.5783893400 0.0959129500
-0.0660168100 0.5694654300 0.0898000900
-0.1618596500 0.4437076100 0.0082693100
-0.1881394500 0.4237329600 0.0016743700
-0.2071109900 0.4088399800 -0.0045508000
-0.2372512500 0.3770603400 -0.0050421400
-0.2607595200 0.4206490700 0.0420132200
0.0229172700 0.3856772200 -0.6716790800
0.0296452500 0.3862179800 -0.6609027300
0.0903820200 0.4223697000 -0.5457363300
0.1110987600 0.4282804900 -0.5205234600
0.1798998700 0.4596286800 -0.5423843800
0.0860900200 0.4046251000 -0.7316420700
0.0767277100 0.3915196600 -0.7436360800
0.0432665500 0.3772845600 -0.7626046600
0.0323088200 0.3678609300 -0.7698751700
-0.1784329800 0.5386428900 0.0963412000
-0.1743024300 0.5367470800 0.0981824600
-0.1557914100 0.5683810600 0.1022770900
-0.1285320500 0.5841295900 0.1146788900
-0.1174257400 0.5902452200 0.1142048000
-0.1375126200 0.4659659700 0.0146648200
-0.2379973900 0.3933009400 -0.0095996800
-0.2678629600 0.3915746800 0.0159232900
0.0478532400 0.4037072600 -0.6245533100
0.0546755300 0.4049679000 -0.6135812700
0.1311323800 0.4506244100 -0.4964534000
0.1778897400 0.4712846300 -0.5377167100
0.1720919700 0.4585220300 -0.5616336500
0.1332021600 0.4383255800 -0.6524109100
-0.2153355400 0.4943847500 0.0768394800
-0.1717833000 0.5544432200 0.0947332000
-0.1396611000 0.5813069700 0.1088958300
-0.0848545200 0.5953567600 0.0983950000
-0.1063390900 0.4978802300 0.0296483200
-0.1523135700 0.4592654200 0.0077626900
-0.2476115800 0.3881608800 -0.0075485500
-0.2576141800 0.3880304600 -0.0008594100
0.1111834500 0.4450042300 -0.5163793100
0.1652918200 0.4698765200 -0.5080969900
0.1780929700 0.4663420400 -0.5292512500
0.1478911300 0.4463152200 -0.6260549500
0.1359226300 0.4421748900 -0.6482867400
0.1146613600 0.4344012900 -0.6819677000
0.0002834600 0.3777937800 -0.7154952300
-0.1026602600 0.5935095900 0.1117307300
-0.0700921700 0.5804988500 0.0874757700
-0.1078912700 0.5016438100 0.0234362500
-0.1795843200 0.4386190800 0.0005578500
-0.2262195300 0.4014355700 -0.0104583600
-0.2477442200 0.4444709600 0.0495406200
0.0946976000 0.4226966600 -0.7087983900
0.0609921500 0.3882889800 -0.7513490000
0.0106969900 0.3726427600 -0.7578554100
-0.0035791900 0.3690905900 -0.7368935300
0.0341852200 0.4005045700 -0.6501455700
0.1471274900 0.4631983600 -0.4960869200
0.1689899900 0.4652991600 -0.5672875300
0.1566682800 0.4570985700 -0.6016726000
-0.2258300600 0.4769214700 0.0670060400
-0.1922249000 0.5336750900 0.0951847700
-0.0952643300 0.5987752900 0.1034661500
-0.0671669700 0.5659036000 0.0804557900
-0.2604438500 0.3951787300 0.0051904800
-0.2669438800 0.4095300700 0.0290901700
-0.2301941200 0.4660667800 0.0598880400
0.0712703000 0.4170575600 -0.5767128900
0.1583509500 0.4568052100 -0.5923782300
0.1647722600 0.4677738300 -0.6046817900
0.1501763900 0.4547116700 -0.6337960000
0.1243468100 0.4413057900 -0.6657271900
0.1069267700 0.4150633300 -0.7057335700
0.0786994000 0.4044926900 -0.7350089100
-0.2070926100 0.5179919400 0.0863238000
-0.2004777900 0.5326862900 0.0890343600
-0.1961278100 0.5449941100 0.0933987200
-0.1304706600 0.5895549900 0.1091768900
-0.0847596800 0.5234182100 0.0438979300
-0.2126372600 0.4218722900 -0.0083048000
0.0991124500 0.4361879400 -0.5302644400
0.1220476400 0.4508847200 -0.5035906800
0.1285422200 0.4596795100 -0.4978294700
0.1644386800 0.4848426700 -0.5109211300
0.0598431800 0.4089205400 -0.7334814300
0.0312232100 0.3839769300 -0.7538527800
-0.0010177200 0.3751193800 -0.7459501600
-0.0006130600 0.3789000600 -0.7319043500
-0.1835385900 0.5482679500 0.0968675000
-0.1597144000 0.5715335900 0.0946380300
-0.1062057400 0.5995494100 0.1063898700
-0.0721260300 0.5628272600 0.0711465900
-0.2315245200 0.4054278500 -0.0102443400
-0.2562991000 0.4002416500 -0.0026343100
-0.2567152900 0.4135829000 0.0062183600
-0.2601465600 0.4134695900 0.0189012900
-0.2303844400 0.4873326200 0.0636496600
-0.2233857800 0.4968008900 0.0722875800
0.0078066800 0.3903386900 -0.7029711600
0.0283598800 0.4116588400 -0.6673932700
0.0845184700 0.4270517200 -0.5516331600
0.1724254400 0.4773158400 -0.5192062000
0.1602162200 0.4612520600 -0.6159105400
0.1092193500 0.4425481400 -0.6822084400
0.0778683700 0.4235660100 -0.7158231400
0.0651167200 0.4000228700 -0.7394428800
0.0374015700 0.3922850200 -0.7464835300
-0.2539667300 0.4325001800 0.0363157500
-0.2470890100 0.4435257500 0.0260056100
0.0114811400 0.3953459400 -0.7139312400
0.1387378300 0.4497491700 -0.6504041000
0.0087321600 0.3833962600 -0.7507156200
-0.1886870900 0.5518994500 0.0922866200
-0.0783570300 0.5412211100 0.0554891600
-0.2003006100 0.4364763600 -0.0074813000
-0.2171642300 0.4253730400 -0.0078574500
-0.2438680000 0.4038401600 -0.0070833500
-0.2325966900 0.4677437800 0.0497069900
0.0163004000 0.3979804200 -0.6863379800
0.0550116100 0.4176914900 -0.6099177600
0.0674893400 0.4337427600 -0.5812611600
0.1478234800 0.4733733400 -0.4984198200
0.1748348500 0.4734282500 -0.5470099300
0.1633623100 0.4718689200 -0.5717955600
0.1602959300 0.4679596100 -0.5840786600
0.1161991000 0.4543532000 -0.6778427900
0.0637441900 0.4239810400 -0.7151406600
0.0182739000 0.3887384300 -0.7512415000
-0.1389915500 0.4812804800 0.0083124100
-0.1695043300 0.4573550500 0.0011336000
-0.2524485500 0.4115538600 -0.0004531900
-0.2495807000 0.4286953600 0.0130696900
0.1014556100 0.4515322300 -0.5262109000
0.1096387300 0.4620807300 -0.5171370400
0.1381120600 0.4681623300 -0.4961499200
0.1568034400 0.4804397400 -0.5040701100
0.1337920400 0.4642950200 -0.6589930200
0.0237503600 0.3974957300 -0.7407717000
0.0157100300 0.3942569400 -0.7432263500
0.0469057400 0.4206243400 -0.6272231200
0.1645164500 0.4787638000 -0.5765737400
0.1670647600 0.4827976800 -0.5826770500
0.0170784700 0.4053311800 -0.6949260700
-0.2306935700 0.4600133500 0.0240274000
-0.2196898000 0.5133607000 0.0750578600
-0.1750973600 0.5647980000 0.0907259200
-0.1188283000 0.5977320500 0.1070871100
-0.0780692600 0.5916209200 0.0923189700
-0.0778172700 0.5550405700 0.0489688200
-0.0816946000 0.5445814000 0.0434521100
-0.2404534100 0.4865842800 0.0474875800
-0.2321547200 0.4974226200 0.0616952000
0.0568319500 0.4367346100 -0.6079388400
0.0861901300 0.4532361000 -0.5431975100
0.1214468200 0.4644585700 -0.5057433600
0.1306840600 0.4755939600 -0.5014417700
0.1666097000 0.4956604500 -0.5186529100
0.1528007600 0.4708029800 -0.6326016000
0.1087408700 0.4592424500 -0.6860618000
-0.2279177200 0.5224194700 0.0639647300
-0.2041219500 0.5372886000 0.0795013600
-0.1399642000 0.5891521200 0.0989587100
-0.0973058200 0.6065218500 0.0939304500
-0.0742644400 0.5714070900 0.0673894100
-0.1608397900 0.4821294400 -0.0005421300
-0.1838325800 0.4569251100 -0.0040072600
0.0441528000 0.4307230200 -0.6383822100
0.0639042200 0.4403056900 -0.5874847500
0.0770196400 0.4448667100 -0.5589406800
0.1695133800 0.4847206600 -0.5499173000
0.1645437000 0.4772870900 -0.6050202100
0.0727980300 0.4319042600 -0.7090767800
-0.1474482100 0.5885026000 0.0925895200
-0.0958594500 0.5267341600 0.0231178000
-0.1088010600 0.5135144400 0.0164553900
-0.1953156000 0.4536706000 -0.0046620100
-0.2443772500 0.4810585600 0.0341770500
0.1553828300 0.4943222100 -0.5090432600
0.1667790000 0.4927171600 -0.5541901400
0.1651485300 0.4821871800 -0.5640827000
0.1578531000 0.4834024900 -0.6243274200
0.1310462500 0.4789185400 -0.6631151300
0.0785554800 0.4389437300 -0.7027033200
0.0617836400 0.4409781000 -0.7040528800
0.0403749900 0.4225155400 -0.7055858500
-0.1809264000 0.5661639300 0.0800754700
-0.0737642400 0.5792574900 0.0754243000
-0.2201533400 0.4642479300 0.0105619400
0.1612537500 0.4901893500 -0.6109745600
0.0934754400 0.4402505100 -0.6967291000
0.0580873000 0.4327315000 -0.7037425700
-0.2173783100 0.5418187400 0.0661196600
-0.2021841400 0.5513368700 0.0868144200
-0.0764511500 0.5674254600 0.0504484900
-0.0912978700 0.5421608100 0.0233788800
-0.1340356600 0.5061697100 0.0049440100
-0.1547785100 0.4924446500 -0.0008163900
-0.2021790600 0.4679304600 -0.0014862700
0.0942977800 0.4642949100 -0.5305925000
0.1222560800 0.4788208800 -0.5076820500
0.1665991300 0.4891959000 -0.5742544000
0.1631541300 0.4848186200 -0.5993758600
0.1153520000 0.4738336300 -0.6812836100
0.0396294600 0.4384538300 -0.6827592300
0.0428439400 0.4397271100 -0.6420075500
0.0596477100 0.4470211800 -0.5800802500
0.0686420400 0.4546786500 -0.5547472300
-0.1184308600 0.6059259100 0.0960233200
-0.0932672300 0.6120483900 0.0807868400
-0.0841854100 0.6029822200 0.0805806600
-0.0771549200 0.5907399600 0.0771108300
-0.0760339200 0.5813672500 0.0608273400
-0.1135466200 0.5227410500 0.0084321700
-0.1884364300 0.4748298600 -0.0053970700
0.1144054500 0.4714176300 -0.5131801800
0.1347301500 0.4899920400 -0.5036139100
0.1714689200 0.4876898700 -0.5290789900
0.1700306800 0.4912813100 -0.5375490500
0.0351499100 0.4253583000 -0.6912031500
0.0386466100 0.4339638600 -0.6600676600
0.0487724000 0.4449825400 -0.6056328400
0.0627966100 0.4562821000 -0.5625254100
-0.1319259100 0.5989248500 0.0954293000
-0.1239473100 0.5141671700 0.0030575900
-0.1529831600 0.4952812200 -0.0038597200
-0.2310552600 0.4676556500 0.0178630100
-0.2360546900 0.4630273700 0.0320727200
0.0994246200 0.4713298200 -0.6965158900
0.0385813200 0.4378842600 -0.6707358800
0.0413277800 0.4374223000 -0.6518169700
-0.2443491600 0.5017271700 0.0462446200
-0.2037773000 0.5594263000 0.0826874800
-0.1773835600 0.5738178700 0.0783519400
-0.0801928000 0.5653326700 0.0388992600
-0.0846053700 0.5523515300 0.0293888400
0.1019913200 0.4814604700 -0.5223196500
0.1550954100 0.5033397700 -0.6302619900
0.0869867600 0.4705690900 -0.7041880800
0.0675454900 0.4497514000 -0.7069085800
0.0483042500 0.4368243300 -0.6951331200
-0.1620183000 0.5886156900 0.0882257300
-0.1547364300 0.5913202200 0.0919015200
-0.1342713600 0.6038678000 0.0905984500
-0.0788900000 0.5783580100 0.0499337900
-0.1516568200 0.4981217300 -0.0120318800
-0.1734297800 0.4857249800 -0.0078897300
-0.2429292400 0.4815893200 0.0230235300
0.0957931100 0.4719594800 -0.5269053200
0.1228777900 0.4899404600 -0.5094049100
0.1605407000 0.5054126600 -0.5170152600
0.1673881500 0.5079314300 -0.5411664700
0.1600535400 0.5080131600 -0.6124104200
-0.1851798900 0.5674958000 0.0762306400
-0.0787554400 0.5955550100 0.0657580100
-0.1185212300 0.5166965200 -0.0058841800
-0.2157173900 0.4715855700 0.0008520500
0.1448850500 0.4892589800 -0.5025617100
0.1696740400 0.5008150300 -0.5532182100
0.1717327400 0.5009938700 -0.5604464600
0.1571205000 0.4955099900 -0.5938023600
0.0814984200 0.4523168600 -0.7048532700
0.0459362500 0.4508705700 -0.6954285100
-0.2010129100 0.5755599400 0.0759935200
-0.1943479100 0.5683557600 0.0759999900
-0.1765505700 0.5801275400 0.0661173300
-0.1541049400 0.6039540700 0.0869562500
-0.1074809100 0.6098431200 0.0927773700
-0.0792779900 0.5910122600 0.0592018300
-0.0976404700 0.5358571100 0.0032166400
0.0581920900 0.4738254600 -0.5636508000
0.1377589300 0.5015946400 -0.5078563400
0.1670523900 0.5098401000 -0.5300877300
0.1786029200 0.5109108200 -0.5507869000
0.1661120000 0.5016680400 -0.5675607800
0.1606194600 0.4947129000 -0.5823114500
0.0544656900 0.4496589700 -0.7021723900
0.0376604800 0.4435494800 -0.6638440900
-0.2342847400 0.5211649100 0.0538928400
-0.2349629200 0.5252677600 0.0415873200
-0.0771209100 0.5697261700 0.0317285200
-0.2009350300 0.4774433200 -0.0081014900
-0.2522359000 0.4938761900 0.0344780600
0.0387472300 0.4504207000 -0.6785668300
-0.0823211300 0.6048865100 0.0703878900
-0.1162421000 0.5228278800 -0.0095840000
0.0778250100 0.4779239400 -0.5448314700
0.0845095500 0.4710744500 -0.5349473000
0.0918284700 0.4828499500 -0.5251610900
0.1592079700 0.4944263300 -0.6191994200
0.0591066300 0.4647092600 -0.7004260300
-0.1698496100 0.5863663700 0.0764907700
-0.1410633400 0.6081385100 0.0926903000
-0.0807148400 0.6010541800 0.0614614000
-0.0717041300 0.5836972000 0.0406167800
-0.1379531200 0.5084278900 -0.0139143700
-0.2299141100 0.4937426100 0.0119331700
-0.2427494800 0.4927736200 0.0237553600
0.1046618400 0.4965062900 -0.5131477800
0.1685951500 0.5147057300 -0.5297320400
0.1800017900 0.5183794500 -0.5361302200
0.1596058300 0.5193219800 -0.5610885000
0.1514058000 0.4953052800 -0.6363672400
0.1241927200 0.4918125400 -0.6792794600
0.0736700200 0.4710971200 -0.7061203200
0.0402913000 0.4585263400 -0.6271034200
0.0530341100 0.4687310000 -0.5756792700
-0.2300428700 0.5310071800 0.0575063400
-0.1316592200 0.6184017700 0.0904704100
-0.0886352700 0.6136974700 0.0712123400
-0.0898925000 0.6155633000 0.0649470100
-0.0943206200 0.5535007400 0.0096405900
-0.1354525900 0.5283891600 -0.0195749300
0.1177833300 0.4957995800 -0.5160026700
0.1504806800 0.5070104800 -0.5116208800
0.1404131500 0.5063466500 -0.6551056000
0.1111145500 0.4944297000 -0.7007347400
0.0391817300 0.4557345100 -0.6517404100
-0.2252733500 0.5398147400 0.0558289900
-0.2071912300 0.5602075400 0.0745877000
-0.1871797300 0.5751649800 0.0665599300
-0.1203341900 0.6136453900 0.0872062100
-0.1035470100 0.6168507900 0.0811871700
-0.2139517700 0.4844338500 -0.0028024400
-0.2523117400 0.4965101300 0.0263001700
0.1247283100 0.5080453900 -0.5131883500
0.1275996900 0.5017244900 -0.5112840300
0.1392256200 0.5140250900 -0.5090567900
0.1628146900 0.5181084800 -0.5237984800
0.1772064400 0.5141610700 -0.5543512900
0.1553009700 0.5080509000 -0.5983828200
0.0452934500 0.4604039900 -0.6907831900
0.0436758400 0.4744318000 -0.5985245300
-0.2511651400 0.5050835400 0.0310235800
-0.2064044000 0.5854519700 0.0702654600
-0.1249932400 0.6248460200 0.0850042600
-0.1011829700 0.5362669300 -0.0037015300
-0.1812790600 0.4873955100 -0.0127227500
0.1807748300 0.5279362900 -0.5366582300
0.1548495800 0.5121583500 -0.5721613500
0.1505682000 0.5095992700 -0.5856139000
0.1182070300 0.5039380000 -0.6945013700
0.1042278700 0.4886574900 -0.7036018600
0.0453793000 0.4591514000 -0.6047069700
-0.2217892100 0.5500068700 0.0574957000
-0.2198060500 0.5614930600 0.0619371900
-0.0701747200 0.5967835400 0.0508650900
-0.1628830900 0.5011644700 -0.0161897400
-0.2117245800 0.5004744000 -0.0044913400
-0.2348641100 0.4954408500 0.0145310000
0.0631231600 0.4811310500 -0.5583635200
0.0785870300 0.4922570300 -0.5517119700
0.1490872600 0.5179657600 -0.5128267900
0.1828498500 0.5202764100 -0.5437510200
0.1729373300 0.5295440900 -0.5503924600
0.1508822000 0.5187191600 -0.5864274600
0.1645164800 0.5275127700 -0.6019335800
0.1524743900 0.5140448200 -0.6366019100
0.0745203100 0.4812743900 -0.7050428900
-0.1657569100 0.5979278300 0.0741911100
-0.1537765800 0.6132289600 0.0795574300
-0.1022009700 0.6234464200 0.0723720000
-0.0772183400 0.6076874800 0.0446506400
-0.0797694600 0.5831641600 0.0305862100
0.0852953600 0.4872167300 -0.5371327200
0.1648927700 0.5298563400 -0.6136790400
0.1600959100 0.5141121200 -0.6205357700
0.0504154900 0.4764005200 -0.6856431400
0.0419423800 0.4796622600 -0.6632916100
-0.1118210100 0.5406663000 -0.0148102700
-0.1973677900 0.5080672200 -0.0127924300
-0.2379427700 0.4973868100 0.0042742900
-0.2484409500 0.5097193200 0.0213055100
0.1075738100 0.5095675700 -0.5160936500
0.1120748600 0.5029802900 -0.5101948900
0.1073147400 0.4979056800 -0.7034332700
0.0964888300 0.4978638400 -0.7014093000
0.0390867500 0.4720641000 -0.6161139400
-0.1761311000 0.5890322100 0.0544590100
-0.1341950500 0.6271118400 0.0752843400
-0.1006727200 0.5618451400 0.0058458800
-0.1577705900 0.5188782100 -0.0206966300
-0.1793146200 0.5116482900 -0.0184794900
0.1529339200 0.5291577400 -0.5643734000
-0.2448501600 0.5151497000 0.0133001900
-0.2321674600 0.5299253900 0.0352601900
-0.1970496000 0.5889308200 0.0665066500
-0.1835789300 0.5894456100 0.0569326300
-0.1684119300 0.5951069500 0.0562082900
-0.1603689700 0.6111809700 0.0728655900
-0.0950722000 0.6200123900 0.0686765100
-0.1016723000 0.5679923300 -0.0008713000
-0.2211898900 0.5037102100 -0.0105083900
0.0880725600 0.5004779500 -0.5435270500
0.0980165600 0.4996317900 -0.5233969500
0.1394928600 0.5230301400 -0.5156397900
0.1493547100 0.5279953800 -0.5198285500
0.1081574700 0.5055628200 -0.7011084100
0.0696000100 0.4986640800 -0.6692611600
0.0381409900 0.4657126700 -0.6428772600
0.0485653600 0.4861773200 -0.5639921300
-0.0959425700 0.5698952800 0.0149264600
-0.1958201300 0.5141152300 -0.0159282400
-0.2157028700 0.5028952200 -0.0060064400
-0.2452692300 0.4992229100 0.0081758400
-0.2272294900 0.5516587500 0.0496397900
0.0496163500 0.4924701600 -0.5593282300
0.0606311600 0.4916441500 -0.5617292200
0.1002199900 0.5122203200 -0.5276538700
0.1778577100 0.5234280900 -0.5314066100
0.1518788500 0.5339792600 -0.6421632300
0.1346140300 0.5151737800 -0.6670037600
0.0923242600 0.5068511500 -0.6891588900
0.0765783400 0.5026129400 -0.6771416000
-0.1176001300 0.6332035700 0.0741581800
-0.0992575900 0.5769656800 0.0121376300
-0.1176721100 0.5491453400 -0.0200823100
-0.1744587900 0.5307440200 -0.0243165300
-0.2314686800 0.5042976000 -0.0088758600
-0.2380015200 0.5256802400 0.0249097500
-0.2299507600 0.5460175600 0.0407836800
-0.2295854200 0.5736617300 0.0591401800
0.1705261300 0.5451525200 -0.5415622200
0.1121642400 0.5233885900 -0.7022553300
0.1061022600 0.5159665400 -0.7000130800
0.0657569200 0.5041558100 -0.6644010900
0.0561736000 0.4945552500 -0.6559485600
0.0343703400 0.4834794800 -0.6310534000
-0.2360851200 0.5658213400 0.0513136300
-0.1014807600 0.6309908000 0.0640684200
-0.0823811500 0.6158278600 0.0558759700
-0.0959062500 0.5942065400 0.0250581400
-0.1086674500 0.5582685000 -0.0113336400
0.0863168900 0.5096024300 -0.5498240500
0.0977015100 0.5214980000 -0.5408806100
0.1680272900 0.5422126600 -0.5473732100
0.1565273600 0.5186824800 -0.5943399200
0.1172430100 0.5139521700 -0.6976524400
0.0908814100 0.5117902000 -0.6939719300
0.0580825400 0.5045661000 -0.6452591100
0.0464885000 0.4917497400 -0.6437902500
0.0380667000 0.4769299300 -0.6512384300
0.0341711800 0.4789677400 -0.6266504700
-0.2112054700 0.5734575300 0.0754921700
-0.0978737300 0.5805850400 0.0031090000
-0.1602704600 0.5422303300 -0.0281402700
-0.2021051700 0.5143050300 -0.0240853900
-0.2434067200 0.5218053800 0.0127172100
0.1216478000 0.5216448300 -0.5139921000
0.1486394100 0.5295750700 -0.5777823700
0.1678333300 0.5446332000 -0.5939183300
0.1610043500 0.5363090100 -0.6289548400
0.0961469700 0.5172061000 -0.7040633200
0.0460585500 0.4917404900 -0.5691478000
-0.1593395400 0.6169541700 0.0656476900
-0.1514783500 0.6175782600 0.0688004500
-0.0762405000 0.5950373700 0.0380723100
-0.2442883500 0.5049851200 -0.0005239400
0.1450011500 0.5317310700 -0.5180312600
0.1691245000 0.5473916600 -0.5377013100
0.0788751600 0.5114533100 -0.7046249800
0.0692989700 0.5152744200 -0.7119565500
0.0653965400 0.5059566500 -0.6960254500
0.0618842100 0.5078429200 -0.6876994400
0.0393463600 0.4914018400 -0.6342073700
-0.1705622900 0.5982372400 0.0502171100
-0.1386871300 0.6254901500 0.0610759800
-0.0882899900 0.6229757800 0.0537170900
-0.0988917200 0.5961137100 0.0215222300
-0.1001247200 0.5792831100 -0.0031332000
-0.2190659900 0.5157818900 -0.0252117500
0.1302496900 0.5262588600 -0.6733281300
0.0548238000 0.5012991500 -0.6412189400
0.0334837200 0.4913689400 -0.6237064300
0.0412557000 0.4918680200 -0.5986242000
-0.0967404300 0.6281372800 0.0524627300
-0.1346724500 0.5444771200 -0.0251820200
-0.2475043400 0.5368177300 0.0230079900
-0.2414550800 0.5552792200 0.0379400300
0.1037152500 0.5253720900 -0.5340944700
0.1303609300 0.5348952300 -0.5213651900
0.1484426300 0.5446145400 -0.5257661900
0.1559929000 0.5369344800 -0.5563561500
0.0956778400 0.5218429700 -0.7092886900
0.0580585300 0.5024634200 -0.5465768300
-0.2339037900 0.5830465900 0.0536665000
-0.2073215600 0.5979857300 0.0632442700
-0.1441064700 0.6324015200 0.0596806600
-0.2149591900 0.5125581000 -0.0244463000
-0.2443683700 0.5142388500 -0.0037553300
0.1671321200 0.5393791800 -0.5279407700
0.1728940700 0.5476219700 -0.6028619800
0.1407946600 0.5411478300 -0.6564592000
-0.1468869300 0.6328466500 0.0575055900
-0.1027864100 0.6339410300 0.0547418300
-0.0911976300 0.6214793700 0.0421785300
-0.0899110000 0.6161990100 0.0361918000
-0.1219128400 0.5652636800 -0.0185825400
-0.1644872500 0.5429435900 -0.0325545700
0.1059468600 0.5294350300 -0.5268078600
0.1127610200 0.5286600800 -0.5262445900
0.1715495400 0.5553748000 -0.6134571800
0.1117422000 0.5413926800 -0.6857279200
0.1009200800 0.5338919100 -0.7031726500
0.0988726400 0.5278218800 -0.7085643300
0.0630143000 0.5209116900 -0.7151855600
0.0492840300 0.5068955400 -0.6348625200
0.0465934100 0.5020135800 -0.5821613200
-0.2239223500 0.5886980400 0.0596485700
-0.1986556300 0.6071749100 0.0613563000
-0.1752817600 0.6044912000 0.0483942700
-0.1217378700 0.6407835800 0.0588454300
-0.1151593200 0.6418550600 0.0578488300
-0.0933200300 0.5943712000 0.0077656300
-0.1102949000 0.5690298800 -0.0124945100
-0.1189016000 0.5827023600 -0.0166924400
-0.1552732600 0.5504472900 -0.0281146900
-0.2290681100 0.5177880900 -0.0194602900
-0.2498940500 0.5415259900 0.0182217500
-0.2478150600 0.5619241400 0.0339994300
0.1803644200 0.5683746800 -0.5930318900
0.1632333900 0.5599521500 -0.6293803000
0.0643390500 0.5188240500 -0.7007648400
0.0549769400 0.5120110400 -0.6495590400
0.0520645900 0.5136816000 -0.5822774900
0.0519310900 0.5075081700 -0.5569049400
-0.2327094600 0.5968519800 0.0537962100
-0.1677439600 0.6045594400 0.0478134000
-0.0884760200 0.6056822400 0.0125766500
-0.1560270500 0.5546827900 -0.0443618100
-0.1832977400 0.5301153900 -0.0367342900
-0.1944409600 0.5266826200 -0.0379024400
-0.2011186800 0.5302503500 -0.0432864800
-0.2466090300 0.5260242900 -0.0003482000
-0.2459991000 0.5724804200 0.0406034800
0.1032560600 0.5373340200 -0.5161728800
0.1638359400 0.5533764900 -0.5411420800
0.1485216200 0.5486569500 -0.5530458100
0.1494603800 0.5392340600 -0.5651321700
0.1211004100 0.5379866700 -0.6796166100
0.0908319600 0.5311280200 -0.7097666000
0.0613497500 0.5246377200 -0.7086203400
0.0614442900 0.5162697400 -0.6852080500
0.0640891400 0.5204479300 -0.5321223500
-0.1892133800 0.6089715200 0.0584285600
-0.2441737300 0.5236706000 -0.0048468700
0.1609494400 0.5498961400 -0.5345802300
0.1512397300 0.5422015000 -0.5787764800
0.0502290800 0.5165136400 -0.6011647000
-0.1540685800 0.6251240300 0.0461614500
-0.1576017900 0.5597999600 -0.0288782700
-0.1579392800 0.5527820000 -0.0320859300
0.1186745200 0.5411045800 -0.5248873900
0.1587554000 0.5548232700 -0.5715563600
0.1776935800 0.5637139500 -0.5837520500
0.1423280000 0.5539196800 -0.6513658700
0.0671113400 0.5255365200 -0.7167586300
0.0528116000 0.5203441000 -0.6543949600
0.0398295100 0.5080567200 -0.6292480000
0.0351206700 0.5010088200 -0.6248350200
0.0582627600 0.5205303800 -0.5779193500
0.0610021100 0.5235927300 -0.5492678800
-0.1264771000 0.6469561100 0.0556178200
-0.0836593000 0.6290520000 0.0295074100
-0.0946249400 0.6106553300 0.0019764000
-0.0984559500 0.5962623100 -0.0051515500
-0.1367891100 0.5822860100 -0.0149292000
-0.1495810800 0.5661872600 -0.0445266900
-0.1829790600 0.5439988400 -0.0511796500
-0.2140745500 0.5284074300 -0.0377418300
-0.2417058400 0.5423268000 -0.0053581000
-0.2479379200 0.5443400400 0.0098172300
0.0680637800 0.5308838800 -0.5239795300
0.0995960700 0.5327495000 -0.5142002200
0.1190878200 0.5460140300 -0.5256498300
0.0841932800 0.5358870900 -0.7098098400
0.0635353900 0.5221655800 -0.6836981900
0.0427564800 0.5219614700 -0.6336378400
0.0632793200 0.5268751500 -0.5367366900
-0.1941875800 0.6308228500 0.0569445500
-0.1016834600 0.6410460600 0.0508807300
-0.0822459800 0.6436668700 0.0322730600
-0.0834757400 0.6299597300 0.0206352200
-0.2188251300 0.5297397600 -0.0330551800
-0.2509676000 0.5550968800 0.0245719000
0.0848170700 0.5485094100 -0.6968478800
0.0616016900 0.5330714300 -0.7166691900
0.0726606900 0.5374223900 -0.6744865000
0.0596831200 0.5335310300 -0.6587790000
0.0708578800 0.5356799400 -0.5872408800
0.0720621800 0.5358033800 -0.5694834800
0.0671052700 0.5349229500 -0.5308328700
0.0888585900 0.5387271400 -0.5155694800
0.1321682000 0.5445972900 -0.5238730400
0.1335633600 0.5540977500 -0.5296859200
0.1570624500 0.5564801900 -0.5352802500
-0.2393597500 0.5905260300 0.0475711400
-0.2102516300 0.6177994900 0.0563815300
-0.1751444900 0.6363498200 0.0559258300
-0.1704492700 0.6320876400 0.0526362000
-0.1568375400 0.6275513800 0.0425021800
-0.0912788000 0.6509295400 0.0463233600
-0.1411987900 0.5686136500 -0.0203423900
-0.1553981800 0.5763909200 -0.0242114200
0.1359583500 0.5564603300 -0.6550905300
0.1020925500 0.5469627800 -0.6856751300
0.0717737300 0.5359663300 -0.6867023700
0.0522009100 0.5280232200 -0.6513322500
0.0512808600 0.5323424500 -0.6302540200
0.0440622700 0.5150566500 -0.6145646200
0.0757866200 0.5385442000 -0.5532959200
0.0731728700 0.5382525300 -0.5193321700
0.0649733400 0.5316754700 -0.6006923000
0.0752573100 0.5434565400 -0.5764207900
0.1568513800 0.5596570700 -0.5347567200
0.1465413300 0.5524544400 -0.5579181800
0.1121285700 0.5606158600 -0.6678336800
0.0610578500 0.5364290700 -0.6994425500
-0.2271677100 0.5351071300 -0.0230104400
-0.2527229600 0.5663968200 0.0218861800
-0.2478310300 0.5809169900 0.0312330500
-0.2207387600 0.6076307400 0.0565523500
-0.1631524700 0.6261132400 0.0453276300
-0.1115945300 0.6490550800 0.0545565500
-0.1901225600 0.6227992400 0.0590453000
-0.1374610000 0.6423018300 0.0450593100
-0.1061214900 0.6030790500 -0.0055260300
-0.1263319800 0.6000204600 -0.0064205200
-0.2447316500 0.5501855200 -0.0001132500
-0.2524261800 0.5595256400 0.0175430600
0.0755360800 0.5410948600 -0.5556466900
0.0721446000 0.5414590100 -0.5428757100
0.0677496200 0.5445522200 -0.5276661300
0.1489417400 0.5608248300 -0.5406558400
0.1791054600 0.5732563200 -0.6007610200
0.1190958300 0.5670791300 -0.6599941500
0.0724349900 0.5454675100 -0.7062563600
-0.0897879200 0.6330193800 0.0160002400
-0.1446906900 0.5908443800 -0.0128055400
-0.1553865700 0.5812490400 -0.0293692300
-0.2094810400 0.5335946600 -0.0447130900
-0.2499318400 0.5767635900 0.0199769500
0.0520791200 0.5328619700 -0.6423145200
0.0629321200 0.5474875300 -0.5566927400
0.0808062400 0.5502406700 -0.5137721000
0.1131825300 0.5482696400 -0.5181609700
0.1466646500 0.5623722800 -0.5256424700
0.1684887400 0.5677940200 -0.6225606100
0.1683734100 0.5833202500 -0.6212135300
0.0576633200 0.5347526800 -0.7146572000
0.0558851400 0.5331341500 -0.7102367800
-0.1615692900 0.5698728500 -0.0309290000
-0.1459166200 0.5760557800 -0.0422642100
-0.1930464900 0.5406283100 -0.0523134900
-0.2531689000 0.5613365100 0.0046873400
-0.2353327200 0.5996119700 0.0493430100
-0.1382706300 0.6466283100 0.0438747900
-0.1241380900 0.6545529000 0.0446674100
-0.0959833000 0.6596023000 0.0510521200
-0.0865911900 0.6532526500 0.0404471700
-0.0846464200 0.6433040800 0.0222567400
-0.0993469700 0.6372460500 0.0099155300
-0.1024872300 0.6270711400 0.0082484900
-0.1124373200 0.6188581900 0.0040045100
-0.1173026500 0.6216373600 0.0044006700
0.0529635700 0.5466167500 -0.7095919100
0.0552833200 0.5458144500 -0.6897094000
0.0712362900 0.5449739200 -0.6155294700
0.0951687900 0.5439255100 -0.5164681000
0.1466398100 0.5630799300 -0.5421033100
0.1507525600 0.5622823200 -0.5515509500
0.1664343000 0.5675141600 -0.5602464800
0.1437580900 0.5729419500 -0.6434887500
-0.1502455800 0.5705322300 -0.0507927600
-0.2231785500 0.5439388100 -0.0391627900
-0.2294924400 0.5423244800 -0.0258209000
-0.2422517300 0.5487090700 -0.0097375300
-0.2322481500 0.6109702100 0.0484928600
-0.1777556800 0.6484997700 0.0562536100
-0.1525451600 0.6556000600 0.0540495600
-0.0857165200 0.6526977300 0.0340142600
-0.1408727600 0.6004515200 -0.0135239900
0.0755342900 0.5465782600 -0.6635052200
0.0705141900 0.5517105000 -0.5933141700
0.0636241500 0.5487595700 -0.5773796300
0.0982473900 0.5567833500 -0.5258375400
0.1112784600 0.5560601600 -0.5183334700
0.1367495800 0.5629030700 -0.5210254500
0.1601647400 0.5728815700 -0.5500418600
0.1624475700 0.5740500600 -0.6311476400
0.0795576500 0.5553863300 -0.6953345600
-0.1777546800 0.5580449900 -0.0541418600
-0.2463851400 0.5568425400 -0.0186990700
-0.2396893600 0.5937292700 0.0394190200
-0.1055075400 0.6632920500 0.0486205000
-0.1331018400 0.6061520600 -0.0058311800
0.0825369000 0.5585363900 -0.6468284900
0.0792586500 0.5556507400 -0.6226093100
0.0607476100 0.5539785300 -0.5901812200
0.1427037200 0.5675344800 -0.5297458000
0.1864885500 0.5782003100 -0.5771756500
0.0659396300 0.5518220900 -0.7047184100
0.0564154400 0.5473850500 -0.7098038800
-0.1511287700 0.5827294600 -0.0393394400
-0.1940899400 0.5568050300 -0.0634977100
-0.2161767600 0.5464648200 -0.0490442900
-0.1302645500 0.6682209500 0.0512115200
-0.0926439900 0.6555081500 0.0300259600
0.0783238300 0.5479862200 -0.6722421900
0.0772885700 0.5517823200 -0.5992485800
0.0600449200 0.5523100500 -0.5766688800
0.0639608500 0.5545112900 -0.5375436100
0.1563912700 0.5791610100 -0.6355616200
0.0944961800 0.5679037200 -0.6789385800
-0.1446707600 0.5916276300 -0.0437100000
-0.1482775700 0.5857927700 -0.0569618100
-0.1628241700 0.5649510000 -0.0527633600
-0.2493780900 0.5775531800 0.0084410100
-0.2385732100 0.6101549300 0.0365501300
-0.1015919700 0.6706286700 0.0455192900
-0.0930548300 0.6489373500 0.0157225200
-0.1124468500 0.6286120400 0.0050191100
-0.1336435700 0.6060527300 -0.0224649900
0.0577270600 0.5585962900 -0.5867200600
0.0674202400 0.5504401600 -0.5261734900
0.1305309900 0.5658749200 -0.5192336300
0.1455048200 0.5730317300 -0.5328835500
0.1724402200 0.5717520800 -0.5633929700
0.1205425100 0.5739884000 -0.6577522700
0.0879376800 0.5721542600 -0.6850091400
-0.2464268400 0.5890124100 0.0172756200
-0.1930945500 0.6497689200 0.0517897200
-0.1121184900 0.6731807500 0.0493714200
-0.1119718800 0.6320162300 0.0008368800
-0.1218742000 0.6249223200 -0.0014167300
-0.1291073700 0.6156484000 -0.0169868900
0.0608724900 0.5556685600 -0.5627477400
0.0803178900 0.5606101000 -0.5207736600
0.1104133300 0.5650051300 -0.5294747500
0.0652857200 0.5590767500 -0.7034557300
0.0499016600 0.5492551800 -0.6931926300
0.0544968300 0.5618594800 -0.6679820400
-0.1817765200 0.5721609100 -0.0590964300
-0.2425887700 0.5586363500 -0.0277678000
-0.2404749500 0.5988750800 0.0272764400
-0.2139911600 0.6299637700 0.0495531200
-0.1531368100 0.6619564100 0.0552215800
-0.1128320400 0.6775754700 0.0485673400
-0.1150142500 0.6664578500 0.0379010000
0.0675464000 0.5608738200 -0.5478940100
0.0859876100 0.5563995800 -0.5142252500
0.0985606800 0.5647554000 -0.5188775900
0.1268737200 0.5720749900 -0.5258182500
0.1705022700 0.5823766000 -0.5674916900
0.1177329600 0.5814153000 -0.6611395500
0.0485917400 0.5662941700 -0.6702713300
-0.1750483300 0.5706578800 -0.0560007700
-0.2533072000 0.5655222700 0.0063688800
-0.1627420500 0.6619824700 0.0528251700
-0.1104223200 0.6584599700 0.0300186900
-0.1214647500 0.6204987600 -0.0296519900
0.0839857700 0.5712453500 -0.6365689600
0.0646366700 0.5615036600 -0.5662401200
0.0833493100 0.5672461100 -0.5308740300
0.0951724900 0.5721880600 -0.5188827700
0.1125507700 0.5709436600 -0.5229156300
0.1383909900 0.5745925500 -0.5259965700
0.1433553900 0.5777511600 -0.5320883300
0.1877414900 0.5903044900 -0.5861716500
0.1386142900 0.5800158200 -0.6451870200
-0.1406665100 0.6001100100 -0.0473362500
-0.1371389400 0.5963248300 -0.0541814900
-0.2140952500 0.5582490200 -0.0563936300
-0.2479637400 0.5737401200 -0.0234949800
-0.1187660500 0.6811356600 0.0521307600
-0.1141244000 0.6584068900 0.0231138000
-0.1206147400 0.6291333000 -0.0122711900
-0.1293009500 0.6254813300 -0.0227019700
0.0798596200 0.5632859100 -0.6033856800
0.1579093700 0.5824372300 -0.5566934900
0.1870424300 0.5855378800 -0.5764213700
0.1886907100 0.5934577300 -0.5786536900
0.1593163700 0.5893943900 -0.6354767000
0.0548191100 0.5567260800 -0.7094241300
0.0486858700 0.5500338800 -0.7019650700
-0.2244912600 0.5594606800 -0.0457855700
-0.2511512100 0.5628405200 -0.0123061700
-0.2428191800 0.6066779900 0.0243061100
-0.2467317500 0.6149902100 0.0233246800
-0.2328907900 0.6252339100 0.0366407900
-0.1612177200 0.6672117300 0.0429557000
-0.1385137900 0.6767501600 0.0513254800
-0.1160814600 0.6774597400 0.0430051300
-0.1039490500 0.6424760300 0.0019253000
0.0621977500 0.5628129700 -0.5770496300
0.1085526100 0.5747670600 -0.5170108300
0.1403806200 0.5822115700 -0.5236787900
0.1669155200 0.5881018300 -0.5579387100
0.1480929300 0.5919177000 -0.6424790600
0.0490171600 0.5532807500 -0.7078892300
-0.1941309300 0.5664922600 -0.0716461700
-0.2105039200 0.5640210400 -0.0651474900
-0.2055537800 0.6493950700 0.0464656800
-0.1105372100 0.6541578200 0.0197469800
-0.1295866200 0.6291566100 -0.0193988500
0.0835459500 0.5720574300 -0.6153915600
0.1816425500 0.5961259200 -0.5638698000
0.1849475900 0.5969300200 -0.5700235200
0.1608216000 0.5942116700 -0.6325961900
-0.1119824300 0.6392213900 -0.0314749200
-0.1465495800 0.5975698900 -0.0637483000
-0.1608997800 0.5911981500 -0.0606138400
-0.2028360600 0.5570133800 -0.0660303100
-0.2237254000 0.5730273700 -0.0509034000
-0.2406269200 0.5749402100 -0.0371090200
-0.2495411400 0.5832559900 -0.0005961400
-0.2448651700 0.5992204000 0.0156682600
-0.1195557900 0.6886221200 0.0490970200
-0.1164403400 0.6864267900 0.0426115700
-0.1147195600 0.6682260200 0.0287845900
0.0564653900 0.5676604900 -0.5823971400
0.0645784000 0.5729305200 -0.5791360800
0.1686242700 0.5885974000 -0.5433536100
0.1770970400 0.5969410900 -0.5488250600
0.1834377700 0.5915375000 -0.5949497200
0.0889445200 0.5836293200 -0.6863506900
-0.1835605700 0.6571495500 0.0464774700
-0.1694775600 0.6664972000 0.0361843800
-0.1446087800 0.6765293900 0.0475364000
-0.1060661700 0.6809735700 0.0272889100
-0.1185540900 0.6563595800 0.0075684700
-0.1134647800 0.6493584500 0.0001655500
-0.1161041300 0.6499899700 -0.0044837500
-0.1190656000 0.6417281900 -0.0114880000
0.0542010500 0.5731261500 -0.5955023600
0.0983600000 0.5811871700 -0.5484377100
0.1505483700 0.5919129200 -0.5235190300
0.1528631400 0.5873355300 -0.5259659500
0.1844540200 0.6007160400 -0.5631296500
0.1835321800 0.6074663600 -0.5704406800
-0.1065357200 0.6859666900 0.0291679100
-0.1135530800 0.6426746800 -0.0232789100
-0.1240848000 0.6183423200 -0.0607777100
-0.1340647200 0.6050760000 -0.0631254200
-0.1756160600 0.5893291800 -0.0608854900
-0.1800376000 0.6034364700 -0.0664517100
-0.1937078000 0.5791307900 -0.0774108100
-0.2096277600 0.5707927800 -0.0746588600
-0.2568885300 0.6120300600 0.0072696300
0.0771062200 0.5738780100 -0.5675921300
0.1111806100 0.5860455300 -0.5306310500
0.0699122000 0.5732639000 -0.7012864800
0.0626204500 0.5769462400 -0.7093074100
-0.2293456800 0.6369309500 0.0301215000
-0.1168797200 0.6292963800 -0.0443198600
-0.2262035400 0.5807679800 -0.0553452400
-0.2475549000 0.5811005700 -0.0286087300
0.0795984200 0.5813529500 -0.6230726700
0.0610395900 0.5687039800 -0.6014373600
0.0516238900 0.5701704600 -0.5854236000
0.0502896700 0.5767073400 -0.5761869400
0.1438005900 0.5986228100 -0.5269472900
0.0500039200 0.5853983000 -0.7089111700
0.0456658100 0.5833662100 -0.7039148900
0.0449213000 0.5699158000 -0.6993225100
-0.1901352800 0.6683134500 0.0390762200
-0.1256857400 0.6891892000 0.0405782500
-0.1066769900 0.6882252600 0.0207123100
-0.1252311400 0.6224712400 -0.0643480500
-0.1354386600 0.6101690500 -0.0688724400
-0.1764352400 0.6133576300 -0.0694344800
0.0785997800 0.5786238800 -0.6151346200
0.0596997400 0.5764977600 -0.5779968200
0.1471749900 0.6000377800 -0.6469300700
0.1266231000 0.6046553600 -0.6700393800
0.1044037700 0.5915896400 -0.6785378200
0.0430162300 0.5734031900 -0.6883191100
-0.2458234300 0.6203332200 0.0233670400
-0.1199256800 0.6903061600 0.0402680700
-0.1060239700 0.6586485900 -0.0167600900
-0.1088791300 0.6527098700 -0.0279171300
-0.1444406900 0.6140633900 -0.0739083200
-0.2406756500 0.5811569000 -0.0399111900
-0.2521319400 0.5907525200 -0.0114169300
-0.2533121700 0.6027028000 0.0031538400
0.0920446100 0.5877365300 -0.5550946800
0.1171374700 0.5853272800 -0.5214244500
0.1309707100 0.5859181200 -0.5198699900
0.1689902600 0.6069727100 -0.6137222100
0.0580478600 0.5811533000 -0.7132900200
0.1652123400 0.5950689200 -0.5346786600
0.1866885200 0.6042054500 -0.5841121500
0.1812799700 0.6063607800 -0.5957996100
0.1477981000 0.6124476200 -0.6431919200
0.0456186200 0.5865105100 -0.5714366400
0.0674567400 0.5897664500 -0.5698444200
0.1233533200 0.5948728600 -0.5359243300
-0.1704259500 0.6711277700 0.0331164400
-0.1000145300 0.6865229100 0.0159090600
-0.1207761300 0.6381453500 -0.0504214800
-0.2451478500 0.6279768500 0.0137447500
-0.2225902700 0.6502860700 0.0309460900
-0.1338523800 0.6835124700 0.0277159600
-0.1018141100 0.6721276700 -0.0079854900
-0.1274556600 0.6232444700 -0.0678713500
0.0523380800 0.5820455800 -0.6360947100
0.0669341200 0.5864350000 -0.6160485600
0.0520256600 0.5938095600 -0.6072153400
0.0748894400 0.5824382100 -0.5689572900
0.1070211300 0.5914486900 -0.5469642400
0.0541143100 0.5817290100 -0.7121300900
0.0445723100 0.5765631100 -0.6578155300
-0.1663676100 0.6824901600 0.0301085700
-0.1290624900 0.6909926300 0.0236348400
-0.1019660100 0.6828478500 -0.0024015100
-0.1133156100 0.6562517700 -0.0328033600
-0.1945766200 0.5861082400 -0.0850286300
-0.2054414100 0.5739795000 -0.0810387900
-0.2143567900 0.5756489100 -0.0738318500
-0.2514095700 0.5925099000 -0.0039485200
0.0595581900 0.5878425300 -0.6228207300
0.0582333000 0.5912199600 -0.6142759300
0.0526741000 0.5830536300 -0.6004909200
0.0492496900 0.5858328400 -0.5885763300
0.1184648000 0.5994663800 -0.5450056200
0.0608434000 0.5952596600 -0.7121266500
0.0445657800 0.5689284800 -0.6794913200
-0.2136345100 0.6565601200 0.0366457400
-0.1168964400 0.6906389800 0.0202605900
-0.1054956400 0.6739240600 -0.0189704900
-0.1213953700 0.6562829500 -0.0402265700
-0.1306054200 0.6342260800 -0.0637128900
-0.1394020900 0.6221506300 -0.0775425900
-0.2504077300 0.5882926700 -0.0319682400
0.0441776000 0.5858452100 -0.6370598400
0.0799171000 0.5990881400 -0.5599343000
0.1785513400 0.6146732900 -0.5985048800
0.1590656900 0.6131841800 -0.6215335400
0.1158437200 0.6065682200 -0.6787058800
0.0735270500 0.6085384100 -0.7023117100
-0.2017593100 0.6647514000 0.0397486600
-0.1416808300 0.6856688100 0.0253357500
-0.1176738100 0.7006813100 0.0174733400
-0.1099726400 0.6986132100 0.0128399800
-0.2211388900 0.5866022600 -0.0751053300
-0.2550251200 0.6242540500 0.0037698000
0.0635791800 0.6026092800 -0.5613033900
0.1746178700 0.6102248700 -0.5514411100
0.0894065600 0.6019516800 -0.6914061500
-0.1850065700 0.6813552600 0.0336793800
-0.1022829200 0.6923583300 0.0097470400
-0.1840946300 0.6090230600 -0.0742678100
0.0385361500 0.5959271900 -0.5872667300
0.0490765700 0.5908817500 -0.5653885900
0.0555988500 0.5961856100 -0.7134249200
-0.2304717000 0.6510967400 0.0217805800
-0.1360720900 0.7062687100 0.0261568400
-0.1089930600 0.6985992800 0.0067814300
-0.1515426200 0.6273176700 -0.0825067000
-0.2569877700 0.5944576200 -0.0275681600
-0.2603445700 0.6201446000 -0.0047345700
-0.2461495200 0.6361158400 0.0110682700
0.1549821400 0.6128223100 -0.5282564300
0.0373392200 0.5955742600 -0.6750921500
0.0386818100 0.5869261700 -0.6523161700
0.0285223600 0.6066766900 -0.5760164700
0.1450198400 0.6085028400 -0.5261540000
0.1342355300 0.6136180500 -0.6640944200
0.0388241800 0.5932851500 -0.6272497400
-0.1952505200 0.5971147800 -0.0928001400
-0.2457840900 0.5878191100 -0.0420076700
-0.1592725100 0.6963852600 0.0284825200
-0.2094258300 0.6836067100 0.0223217800
-0.1156618600 0.7049877500 0.0124160100
-0.1116249800 0.6894992200 -0.0086025400
-0.1153147600 0.6768514000 -0.0287346300
-0.2540442800 0.5944800300 -0.0431189300
-0.2609414300 0.6036459700 -0.0191185100
-0.2592324000 0.6121843600 -0.0075287100
0.0436571200 0.5970634600 -0.5619159900
0.0917819700 0.6044650200 -0.5525377400
0.1015293600 0.6109250500 -0.5478262900
0.1236082600 0.6056663200 -0.5412542400
0.1694313300 0.6229537500 -0.6111461300
0.1303563500 0.6214893500 -0.6714932300
0.0453326400 0.5977224200 -0.6098734800
0.0756408600 0.6090569700 -0.5565825100
0.1651265800 0.6181180100 -0.5385882000
0.1757974900 0.6166491500 -0.5638743900
-0.2005294600 0.5781655400 -0.0838618900
-0.1371986900 0.7150978900 0.0229381400
-0.1648346100 0.6231284500 -0.0763789600
0.0350398300 0.6036091200 -0.5616505500
0.0541260400 0.6056327300 -0.5572468300
0.0513010400 0.6094809300 -0.7130249200
0.0318661600 0.6047119000 -0.6486190700
-0.2294475000 0.5928522200 -0.0666290600
-0.2540340100 0.6327110600 -0.0001430100
-0.2460934000 0.6445385700 0.0107127700
-0.1687637500 0.6992348100 0.0278562400
-0.1209940900 0.7058832500 0.0017946300
-0.1295451600 0.6432831800 -0.0551106200
-0.2232573100 0.6717496800 0.0193509100
-0.1916671700 0.6881186300 0.0294973600
0.1207589900 0.6165014000 -0.5332744800
0.1752801100 0.6324911000 -0.5985878300
0.0853277700 0.6251352000 -0.6976418100
-0.1466567900 0.7176367900 0.0247094500
-0.1106744400 0.6865504300 -0.0186546900
-0.2258865600 0.5983372700 -0.0780280600
-0.2359421300 0.5861907500 -0.0499030300
-0.2678370500 0.6181690900 -0.0250367800
-0.2617172700 0.6223594000 -0.0135378500
0.0312167100 0.6081439000 -0.5897239200
0.0421582300 0.6089912400 -0.5548653200
0.1695426000 0.6213756400 -0.5485147900
0.1712167200 0.6284446100 -0.5694824400
0.1745461900 0.6297918100 -0.6037760400
0.1547066200 0.6235319800 -0.6340847900
0.1409116600 0.6286114100 -0.6577446800
0.0376412400 0.5984412900 -0.6845927400
0.0307813800 0.6064977700 -0.6062654400
-0.2048624000 0.6920108200 0.0175246300
-0.1158982900 0.6974436500 -0.0099270900
-0.1120202300 0.6819591700 -0.0247307900
-0.1396256400 0.6809005700 -0.0440549100
-0.1386853400 0.6562768500 -0.0570351600
-0.1825474700 0.6318250900 -0.0829799800
-0.1852515600 0.6250214500 -0.0801800500
-0.2112745500 0.5940689300 -0.0973622000
-0.2172157700 0.5942225400 -0.0887815700
-0.2320275300 0.6018589800 -0.0743881400
0.0923822600 0.6148285000 -0.5477383000
0.0631962500 0.6300084300 -0.7118010500
0.1413769100 0.6160016400 -0.5259132100
0.1180691100 0.6212114600 -0.6829645000
-0.2429607700 0.6049309900 -0.0712218400
-0.2526807700 0.5993577900 -0.0544427900
-0.2670819700 0.6023471700 -0.0447411800
-0.1244098500 0.7002960100 -0.0309766100
-0.1406057600 0.6544098000 -0.0638622000
-0.1381197600 0.6405021300 -0.0757326400
0.0216088900 0.6169801000 -0.5765744600
0.0268868100 0.6149079300 -0.5619934500
0.0604688100 0.6181669600 -0.5462558900
0.1631016900 0.6272972300 -0.5403043600
0.1004421300 0.6147277900 -0.6894737500
0.0685112800 0.6135473000 -0.7066023100
0.0454313300 0.6044271700 -0.7047314400
0.0289288700 0.6090799700 -0.6359080400
0.0275836700 0.6104336400 -0.6161891100
-0.2134619900 0.5998776900 -0.0996888000
-0.2670977200 0.6045675400 -0.0319437400
-0.2588334900 0.6334635700 -0.0123539900
-0.2531813900 0.6421429200 0.0029085100
-0.1503195300 0.7219669300 0.0220609200
-0.1296255600 0.7154511800 0.0113725600
-0.1424716500 0.6639604400 -0.0620686900
-0.1741341000 0.7074625600 0.0208293200
-0.1381741400 0.7336976800 0.0157588400
-0.1166311100 0.7079559300 -0.0152722500
-0.2000355200 0.5937603600 -0.0997675600
0.0227722700 0.6153837000 -0.5871224400
0.0852473700 0.6242037600 -0.5356482900
0.1236903700 0.6277295300 -0.5266281300
0.1633966500 0.6332791700 -0.5678704300
0.1717471000 0.6360024200 -0.5929801100
0.1589194900 0.6377526000 -0.6382965100
0.0403743000 0.6227883700 -0.6994610200
-0.2303563100 0.6772378300 0.0109166700
-0.1930308500 0.6132723800 -0.0897732000
0.0558270100 0.6235135200 -0.5420636500
0.1031632100 0.6233012700 -0.5326010000
0.1597126200 0.6368109800 -0.5403697200
0.0980461900 0.6391148900 -0.6933203800
0.0372901600 0.6108731800 -0.6887602000
0.0316357600 0.6081685200 -0.6591849500
0.0149519200 0.6265371900 -0.5935258300
-0.1887357000 0.7027988100 0.0069945600
-0.1479327100 0.7308967400 0.0160856500
-0.1312309600 0.7327622200 0.0120930000
-0.1274255100 0.7150761400 0.0020718400
-0.1495866300 0.6402697400 -0.0918478000
-0.2077562400 0.5960585800 -0.1024729500
-0.2534638500 0.6050818000 -0.0628469300
0.0207082100 0.6164987800 -0.5922076000
0.1563797500 0.6262789800 -0.5324897000
0.1710595300 0.6401963700 -0.6093062100
0.1166355100 0.6366958900 -0.6865588300
0.0738045000 0.6236999100 -0.7030180300
-0.1219081000 0.7234206700 -0.0070059000
-0.1412519400 0.6520818500 -0.0829995300
-0.1440338300 0.6469433500 -0.0902490300
-0.2117031000 0.6094413300 -0.1154376400
0.0448923100 0.6270970800 -0.5417540400
0.1615871200 0.6332031900 -0.5590392400
0.1642333000 0.6401745100 -0.5876058200
0.1627261900 0.6384309100 -0.6330561200
0.1315271900 0.6380006700 -0.6730923800
0.0457501000 0.6271690000 -0.7079420400
-0.1189080200 0.7067293000 -0.0242404400
-0.1427196100 0.6632984100 -0.0774077900
-0.2702469900 0.6325426800 -0.0253862500
0.0908313500 0.6291135400 -0.5301860400
0.0220906200 0.6313040200 -0.6425819900
-0.2542368200 0.6555036900 0.0009138200
-0.1658359100 0.7190148300 0.0108069100
-0.1543729100 0.7347245000 0.0075178300
-0.1972341300 0.6208646800 -0.1032583000
-0.2225400400 0.6055754800 -0.0928484300
-0.2417173200 0.6094489900 -0.0810737900
-0.2691700200 0.6115903800 -0.0636651500
-0.2747251700 0.6232432600 -0.0359963300
0.0114405700 0.6310363900 -0.5873294200
0.1416471900 0.6256785700 -0.5265809500
0.1616416600 0.6404283400 -0.5641824300
0.1281876200 0.6438457500 -0.6786586100
0.0171907600 0.6330724200 -0.6103864400
-0.2226690800 0.6904501900 0.0018404600
-0.1456612000 0.6590697200 -0.0949813300
-0.2748938400 0.6090347600 -0.0433555400
0.0201749700 0.6268072100 -0.5664053300
0.1607909500 0.6404864700 -0.5745761400
0.1586368100 0.6451703400 -0.6377322200
-0.2657070800 0.6528000900 -0.0102963900
-0.2398927700 0.6856253100 -0.0085668600
-0.1201577400 0.7252709400 -0.0126325100
-0.1450804900 0.6822066600 -0.0500825500
-0.1638025000 0.6481529700 -0.0985508700
-0.1980568900 0.6372017900 -0.1061610900
-0.2227587900 0.6064866700 -0.1087779600
-0.2374929000 0.6114546100 -0.0899646600
0.0297089600 0.6290439000 -0.5511332900
0.1625104800 0.6483497500 -0.6159833400
0.0549947700 0.6210346900 -0.7160993000
-0.1328854400 0.7470832200 0.0054876100
-0.1495435600 0.6902372600 -0.0661295500
0.0349267900 0.6259205800 -0.5472036200
0.1491742100 0.6411565100 -0.5331640300
0.0162101200 0.6259912300 -0.5773052300
0.0567271300 0.6371361000 -0.5335731900
0.0900679900 0.6357607600 -0.5275847500
0.1634598200 0.6460448300 -0.5463029400
0.1621605100 0.6518928900 -0.5969247300
0.1528337300 0.6476096800 -0.6507513400
0.1204361500 0.6467932100 -0.6851796300
0.0371081000 0.6234928600 -0.6938285800
0.0206392300 0.6309249600 -0.6248759500
-0.2734630000 0.6412510200 -0.0181006400
-0.2505282100 0.6769473100 -0.0118341100
-0.2039570100 0.7020664800 -0.0029243600
-0.1251613800 0.7381151400 0.0023477300
-0.1933003900 0.6347857000 -0.0937571700
-0.1990259500 0.6143557300 -0.1064978900
-0.1643429800 0.6600052000 -0.1091684300
-0.1856174800 0.6493673800 -0.0970408900
-0.2542585500 0.6100025700 -0.0734504400
-0.2785304200 0.6251446500 -0.0452243800
0.1645739200 0.6488343500 -0.6029086700
0.0283071600 0.6266758300 -0.6658401100
-0.2643093200 0.6648658300 -0.0176549300
-0.1759609700 0.7164154100 0.0058330000
-0.1413201000 0.7404269200 0.0115802800
-0.1295561000 0.7185121800 -0.0296068900
-0.1524624200 0.6553250300 -0.1015166600
-0.2816989500 0.6375605800 -0.0330513200
0.1266311300 0.6450859400 -0.5300002400
0.1614037000 0.6565757700 -0.5836320600
0.0554014300 0.6418220700 -0.7164431200
-0.1733693800 0.6413696900 -0.0882623100
-0.2251895600 0.6145328000 -0.1201454200
-0.2310550600 0.6129383000 -0.1142592200
-0.2796852800 0.6236511700 -0.0517110000
0.1059727400 0.6403865100 -0.5261234300
0.1147779600 0.6600370600 -0.6888281900
0.0769009900 0.6534832500 -0.7038297400
0.0230086900 0.6323508200 -0.6502560300
-0.1928169800 0.7081982000 0.0011816600
-0.1643581400 0.7372198000 0.0015446800
-0.1250980300 0.7314378700 -0.0202267200
-0.2034856500 0.6141983000 -0.1151598000
-0.2382813800 0.6142470400 -0.1047848700
-0.2670857300 0.6180743100 -0.0821958300
-0.2745373400 0.6187552900 -0.0636607200
0.1581031100 0.6466091600 -0.5377404800
0.1605348300 0.6610426100 -0.6075480900
0.1575450000 0.6637724200 -0.6233563100
0.0710129200 0.6521455300 -0.7064369500
0.0048237800 0.6483315400 -0.5861151900
-0.1445939100 0.7590568500 -0.0027275800
-0.1278863600 0.7526209300 -0.0031312700
-0.1240556500 0.7404147200 -0.0132325200
-0.1488731300 0.6968699000 -0.0497868600
-0.1474928800 0.6752991100 -0.0949550400
-0.1864614700 0.6645794700 -0.1123699400
-0.2170323700 0.6217490500 -0.1290580300
0.0268421200 0.6432598700 -0.5445591900
0.0700269200 0.6464458900 -0.5285463700
0.1476421800 0.6538230700 -0.5392990500
0.0299997500 0.6335068400 -0.6767350500
-0.1408103400 0.7280573800 -0.0331549700
-0.1438852700 0.7104821900 -0.0401556600
-0.2837361800 0.6450699100 -0.0366555800
0.0031663600 0.6531154800 -0.5785090700
0.0202243500 0.6443524700 -0.5545598600
0.1172321400 0.6538838400 -0.5321169200
0.1498399400 0.6652794800 -0.6548108800
0.0489651200 0.6407435700 -0.7136327300
-0.1934149900 0.7278402900 -0.0048209600
-0.1845841000 0.7286244400 -0.0005285300
-0.1460916000 0.6793918200 -0.0817637700
-0.2016134000 0.6487089200 -0.1307067500
-0.2076394800 0.6204594600 -0.1223628600
0.0129171300 0.6391292200 -0.5737515700
0.0483633300 0.6491405200 -0.5308742500
0.1592660100 0.6654608100 -0.5930376800
0.1583789900 0.6616552100 -0.6388316500
0.0319033800 0.6483578900 -0.6931275000
-0.2402464400 0.6962983600 -0.0205448100
-0.1325745100 0.7623191900 -0.0093203700
-0.1950596700 0.6500110900 -0.1053861100
-0.2585876200 0.6228649000 -0.1014313900
0.0375669000 0.6569382500 -0.5329136200
0.1062974900 0.6472522100 -0.5270612000
0.0965613300 0.6608516200 -0.5299428000
0.1665579100 0.6675360700 -0.5606162800
0.0613757400 0.6534408600 -0.7119029700
0.0382958500 0.6432534000 -0.7014345300
-0.2801800100 0.6522230500 -0.0288102500
-0.1361587500 0.7654704900 -0.0051389000
-0.1555148100 0.6681839200 -0.1097058700
-0.1995303200 0.6498939800 -0.1142456800
-0.2485510700 0.6208721900 -0.1057321200
-0.2688241800 0.6249361300 -0.0999325800
0.0763304400 0.6525767900 -0.5270468300
0.1665267500 0.6543821800 -0.5641997000
0.1669006500 0.6620907500 -0.5738255000
0.1314835900 0.6623315700 -0.6767076600
0.1308224200 0.6771181200 -0.6796229600
-0.1526601100 0.6675641000 -0.1073310600
-0.2823884100 0.6277856000 -0.0578204800
0.1563988500 0.6606552700 -0.5475173500
0.1191535700 0.6719597100 -0.6869163300
0.0218336800 0.6456378500 -0.6649878100
-0.2610502500 0.6804094000 -0.0266093700
-0.2229984300 0.7128564600 -0.0220713600
-0.1347166300 0.7559005800 -0.0171621500
-0.1460700400 0.7347770700 -0.0377570800
-0.1508994300 0.7036524600 -0.0594795400
-0.1471356500 0.7454193500 -0.0451276600
-0.2045024700 0.6393043000 -0.1313182400
-0.2372122600 0.6211930800 -0.1252000400
-0.2676937900 0.6139411900 -0.0708979500
-0.2875109600 0.6516561100 -0.0406620000
0.0970114400 0.6614255000 -0.6959079000
0.0323496000 0.6331870200 -0.6852997100
0.0140145100 0.6535626900 -0.6474616000
0.1700413400 0.6840591900 -0.5884325900
-0.2418896300 0.7006770800 -0.0294524700
-0.2086750900 0.7360704500 -0.0161810100
-0.2833175500 0.6354098200 -0.0818636800
-0.2886461300 0.6452228900 -0.0577642500
0.0393867700 0.6692162100 -0.5283319500
0.1595360900 0.6730306600 -0.6144003500
0.1523316200 0.6765154100 -0.6415450500
0.1444159200 0.6807427400 -0.6673017500
0.0132374700 0.6469974300 -0.6295010500
-0.2825688100 0.6738969800 -0.0405417000
-0.1896300200 0.7583724200 -0.0117662600
-0.1787213400 0.7540177800 -0.0067717100
-0.1507377100 0.7052438200 -0.0819107800
-0.2441246100 0.6235810600 -0.1198668900
-0.2576327200 0.6269928400 -0.1096387200
-0.2878599200 0.6378892900 -0.0689324900
0.0162670500 0.6588948200 -0.5524818200
0.1237956700 0.6641964000 -0.5396208300
0.0328822500 0.6642745600 -0.7000096100
0.0029780600 0.6597871500 -0.6029297100
0.0063121300 0.6505460100 -0.5952676700
-0.1434702100 0.7509937800 -0.0278480600
-0.1924564700 0.6633713600 -0.1130764100
0.0503271000 0.6624263100 -0.5271150800
0.1068979000 0.6690674300 -0.5350644000
0.1514154900 0.6797593300 -0.5590659100
-0.2060190000 0.6452715900 -0.1429286700
-0.2673723100 0.6321298400 -0.1128534700
0.0107832900 0.6559880200 -0.5624318700
0.1665403600 0.6817107200 -0.5672526700
0.1648679900 0.6985521000 -0.6073845800
0.0955146600 0.6780713300 -0.6943403400
0.0448907800 0.6578813400 -0.7115868100
0.0245972100 0.6552048400 -0.6787192500
-0.2000470600 0.7495705600 -0.0142052400
-0.1539483800 0.7765935200 -0.0085762100
-0.1462994100 0.7521600400 -0.0352781600
-0.1526479400 0.6918621800 -0.1108324500
-0.1546876200 0.6806569300 -0.1143894600
-0.1638521100 0.6707832300 -0.1189600700
-0.1772213900 0.6686021500 -0.1193674800
-0.2493153100 0.6364801400 -0.1425245400
-0.2560606900 0.6325211600 -0.1257530400
-0.2779722500 0.6333715500 -0.0944452100
0.0273758400 0.6642170100 -0.5387672800
-0.1513885900 0.6976437000 -0.1073481100
-0.1676103500 0.6937135800 -0.1391829200
-0.2826908200 0.6373104100 -0.0882686600
-0.0004533600 0.6676078200 -0.5677999200
0.0322118500 0.6722358400 -0.5313923700
0.1610223900 0.6868254500 -0.6098007200
0.1578680900 0.6915510600 -0.6407451800
-0.2708629000 0.6854575600 -0.0376859900
-0.1513014200 0.7186291400 -0.0695457100
-0.2118770700 0.6346734500 -0.1371864800
-0.2453808300 0.6272001500 -0.1300322800
-0.0037445000 0.6708104000 -0.5822890300
0.0535883900 0.6676413700 -0.5275326700
0.0931095800 0.6750516800 -0.5356362100
0.0795807600 0.6746216600 -0.7007760700
0.0394630800 0.6591140700 -0.7072476100
0.0222763400 0.6709648600 -0.6818238900
-0.2519587000 0.7070798500 -0.0369950400
-0.1437171500 0.7751460900 -0.0083873800
-0.1511786700 0.7746025900 -0.0356549400
-0.1934925200 0.6743522200 -0.1269207600
-0.2412304000 0.6342618100 -0.1425145300
-0.2603250900 0.6317771800 -0.1187107000
0.0264435100 0.6808864400 -0.5340005000
0.1204421800 0.6828342500 -0.5432712900
0.1488004900 0.6919672600 -0.6613837700
0.1178320300 0.6868329300 -0.6881744800
0.0699901000 0.6860756900 -0.7085466000
0.0116532800 0.6533397100 -0.6397818900
-0.2794212800 0.6851850900 -0.0463076500
-0.1781306400 0.6886466200 -0.1467929400
-0.2882209600 0.6685729600 -0.0475819300
-0.0083198600 0.6800539400 -0.5688029800
0.0497462100 0.6751487800 -0.5302935000
0.1358343600 0.6924917200 -0.6754817800
0.0547764400 0.6697126800 -0.7132907900
0.0129921500 0.6593094300 -0.6489926700
-0.1481959400 0.7607227600 -0.0387802500
-0.2903163100 0.6644444500 -0.0635918300
0.0083700800 0.6806216300 -0.5551766600
0.1615914000 0.7007347400 -0.6341742200
0.0055396500 0.6574126400 -0.6114709100
-0.2373253800 0.7283098400 -0.0329860300
-0.1458994800 0.7539082300 -0.0554939300
-0.1502211700 0.7328719800 -0.0754401700
-0.1500528300 0.6950299600 -0.0987781200
-0.1677717100 0.6811656900 -0.1316474900
-0.2013858700 0.6582447600 -0.1251039600
-0.2772210300 0.6390108200 -0.1075122600
0.0625859700 0.6711603800 -0.5307963400
0.1063388700 0.6901272500 -0.5438559800
0.1717892800 0.6858289800 -0.5786024700
0.1305479000 0.7055989500 -0.6800795200
0.0081735800 0.6897482000 -0.6629305000
-0.0118737300 0.6939736900 -0.6236456900
-0.1664305300 0.7861712600 -0.0151465600
-0.1561760700 0.7825916200 -0.0450209800
-0.1510528600 0.7154408800 -0.0908209500
-0.1563048500 0.6927007900 -0.1194258700
-0.2912646400 0.6520078200 -0.0712526800
0.0357008300 0.6821809100 -0.5290954100
0.0856992100 0.6906163100 -0.5464684100
0.1646542100 0.7094011700 -0.6159083600
0.0835090400 0.6968366500 -0.6990588800
0.0011307500 0.6696460700 -0.6276950500
-0.2654769400 0.7022695600 -0.0433417900
-0.1583293700 0.7942967200 -0.0209296000
-0.2005364300 0.6801758900 -0.1387296600
0.1190622700 0.6951283900 -0.5469756600
0.1633786500 0.6957004700 -0.5715980500
0.0471467900 0.6659308300 -0.7150121100
-0.1426982900 0.7766919400 -0.0195835900
-0.1856857500 0.6802934800 -0.1354624100
-0.2032609300 0.6688292800 -0.1416570500
0.0472457700 0.6814449700 -0.5313233500
0.1400232600 0.6840066400 -0.5533183000
0.0312881100 0.6832234500 -0.7042226600
-0.0038078000 0.6740101600 -0.5946181300
-0.2269540400 0.7464036000 -0.0322891500
-0.1480830600 0.7684025100 -0.0626668500
-0.2884652700 0.6497039800 -0.0998273600
-0.2913176500 0.6510000700 -0.0851870600
-0.2921490100 0.6754049300 -0.0562387000
0.0139910800 0.6933506900 -0.5453525600
0.1239893500 0.7092415300 -0.6828700800
0.1026168800 0.6975997300 -0.6907595300
0.0134593100 0.6984063700 -0.6802678500
-0.0064345900 0.6818454200 -0.6128906300
-0.2079084200 0.7600292600 -0.0255157900
-0.1853475500 0.7769180400 -0.0192438800
-0.2681892200 0.6407272100 -0.1299448500
-0.2761105500 0.6408131500 -0.1242188000
0.0719058800 0.6946114100 -0.5459516200
0.0733397300 0.6869798500 -0.5437042300
0.0109399600 0.6804593100 -0.6623993700
-0.0052096500 0.6780458100 -0.5651733800
0.1732416800 0.6965940200 -0.5860675000
0.1580068500 0.7257522900 -0.6465728700
0.0478000200 0.7085646500 -0.7099040600
0.0263327400 0.6698078000 -0.6904188500
-0.0093091700 0.6957203100 -0.6400879600
-0.0081985000 0.6810432900 -0.5751967300
-0.2606366200 0.6416583500 -0.1400453300
-0.2808384700 0.6478864100 -0.1273291100
-0.2813409700 0.6450245800 -0.1098741500
-0.2869358100 0.6937377400 -0.0577491700
-0.2655124000 0.7195273600 -0.0511412800
-0.1517288800 0.7425530000 -0.0938504600
-0.1552972900 0.7208496900 -0.1172336400
-0.2857981500 0.6526974700 -0.1221979100
-0.2953106600 0.6633619700 -0.0881639200
-0.2935245600 0.6746658500 -0.0705306900
-0.2916754100 0.6977864700 -0.0667622200
0.0041378600 0.6766402300 -0.5603542500
-0.0058491100 0.6858599700 -0.5971241900
-0.2197822600 0.6484753100 -0.1556704900
-0.2920952600 0.6592397000 -0.1021303100
0.0503211200 0.6941824500 -0.5325870400
0.1627811700 0.7227052400 -0.6380239900
0.0993297600 0.7239256200 -0.6931775900
0.0286380500 0.6771862900 -0.6985045400
-0.1777894300 0.7936663100 -0.0240805500
-0.1609020000 0.7975102300 -0.0347788700
-0.1614979800 0.7206164600 -0.1393321500
-0.1659104200 0.7115650400 -0.1460515900
-0.1969787800 0.6838730700 -0.1402185500
-0.2043484700 0.6706484900 -0.1541158500
-0.2744416800 0.6515059500 -0.1445262900
-0.2946088800 0.6684191700 -0.0773878100
0.0428219400 0.7019156000 -0.5289137000
0.1488184200 0.7071785600 -0.5615678900
0.1682925400 0.7166324800 -0.5754118200
0.1736071900 0.7125583600 -0.5917083000
0.1425404600 0.7123648300 -0.6690031000
-0.0116247800 0.7050282500 -0.6452475800
-0.0085551400 0.6898026500 -0.5820586300
-0.2812413700 0.7086522600 -0.0586198500
-0.1554430400 0.7975775500 -0.0566505300
-0.1733978400 0.6910955100 -0.1453337300
-0.2128532800 0.6661971100 -0.1714237100
-0.2251435200 0.6419508900 -0.1515295400
0.0218841500 0.7147797700 -0.5364220800
0.0016612200 0.6886731900 -0.6534014200
-0.0142629200 0.6960974900 -0.5719181000
-0.2467171700 0.7322958300 -0.0416438200
-0.2049920000 0.6777596400 -0.1498039600
-0.2074599700 0.6586826600 -0.1584652000
-0.2306084000 0.6400336600 -0.1496369200
-0.2395627100 0.6406275400 -0.1501440000
0.1711683900 0.7072153500 -0.5993793000
-0.0075834400 0.6978425000 -0.5939421700
-0.1961823900 0.7840665700 -0.0309344000
-0.1794947800 0.8059610100 -0.0309706400
-0.1628250200 0.8019671800 -0.0410029100
0.0011204100 0.6875429300 -0.5585400200
0.0991132600 0.7127193400 -0.5575846200
0.1389750000 0.7283194200 -0.6713495000
0.0693405000 0.7066196000 -0.7072368600
0.0378268300 0.6882240300 -0.7111768200
-0.0103136100 0.6922671100 -0.6302304300
-0.2884440400 0.6527010700 -0.1101486000
-0.2963421100 0.6700625500 -0.1149479100
-0.2973606300 0.6777116200 -0.0893340200
0.1423346700 0.7234711200 -0.5650393200
0.0192724600 0.7043974800 -0.6942643100
-0.0168319000 0.6977492300 -0.5631229500
-0.2913253600 0.7096336000 -0.0706187000
0.1029424300 0.7069412900 -0.5581742900
0.1352640500 0.7008822200 -0.5529839900
0.0292434500 0.7123860000 -0.7081345400
-0.2261909200 0.7658311000 -0.0452224600
-0.2211161500 0.7816481700 -0.0485991900
-0.1675657300 0.8140187200 -0.0431065500
-0.2287694600 0.6606051800 -0.1706281800
-0.2659118600 0.6542122800 -0.1585199300
-0.2897417900 0.6633494100 -0.1286874700
0.0669266600 0.6976382800 -0.5428260700
0.1711174600 0.7362332000 -0.5792693800
0.0021318300 0.7018608200 -0.6606880100
-0.1692480000 0.8052258800 -0.0273808600
0.0304644000 0.6922793000 -0.5310365600
0.0293800600 0.7162395600 -0.5322212300
0.0552121300 0.7123446900 -0.5321091500
0.1158731200 0.7332159800 -0.6853282200
-0.2753455400 0.7278784400 -0.0627571000
-0.1512701500 0.7872188900 -0.0729415000
-0.2009282800 0.6920604900 -0.1532510600
-0.3003975800 0.6924629700 -0.0966858800
-0.2942974400 0.7084339700 -0.0783229700
-0.0107691200 0.7052318200 -0.5807649400
-0.0212106500 0.7095253800 -0.5589031800
-0.0139648200 0.7040148100 -0.5556239900
0.1743229600 0.7386496100 -0.5939082500
-0.0166399000 0.7050958100 -0.6195714200
-0.1746788600 0.7200830900 -0.1649162800
-0.2008397800 0.6962930900 -0.1588511500
-0.2801886200 0.6524571100 -0.1378445100
-0.0078864700 0.7127782200 -0.5918955700
0.0895363900 0.7224698100 -0.5481262000
0.1356354600 0.7333311200 -0.5699706100
-0.0227793600 0.7169014200 -0.6288583200
-0.2798817500 0.7313098000 -0.0686496900
-0.1552873700 0.8024573500 -0.0891675600
-0.2474858500 0.6611052800 -0.1733528500
-0.2570471500 0.6587094200 -0.1696996500
-0.2588056600 0.6512855900 -0.1596626400
-0.2970104900 0.6746958500 -0.1186737900
-0.2987482400 0.6780987200 -0.1015406500
0.0002043800 0.7090694100 -0.5554043000
0.1557447300 0.7342795100 -0.5708616900
0.0552351200 0.7092588300 -0.7089250700
-0.0256323900 0.7246933100 -0.6346777300
-0.2885714700 0.7222491000 -0.0735964600
-0.2265408500 0.7939529100 -0.0577244700
-0.1802389600 0.7053297700 -0.1651117900
-0.1859395800 0.6981857500 -0.1619674800
-0.2045185500 0.6694502900 -0.1570743900
-0.2081266400 0.6755751100 -0.1751411300
-0.2798040500 0.6580406200 -0.1520005000
-0.0240971800 0.7230817400 -0.6218593500
0.1307624700 0.7241827800 -0.5668654800
0.0397275600 0.6991628900 -0.7115694900
-0.1584817900 0.8050706500 -0.0615019600
-0.1493482700 0.7626390200 -0.0839662700
-0.2866793700 0.6611663700 -0.1454042600
-0.0153627200 0.7109722200 -0.6107179100
-0.0075737300 0.7240187400 -0.5551996500
0.1751032000 0.7563650000 -0.5922857200
0.1678985300 0.7352513800 -0.6181886100
-0.1565264800 0.7472378600 -0.1192676300
-0.1641137600 0.7165491500 -0.1446281500
-0.2081238400 0.6906212200 -0.1693578400
-0.2145884600 0.6805627200 -0.1881960900
-0.2946200500 0.6715574100 -0.1245156600
-0.0134222700 0.7251449500 -0.5840478100
-0.0201920800 0.7080843400 -0.5667507700
-0.2538224700 0.7547740600 -0.0618930000
-0.1580795700 0.7342330000 -0.1293776000
-0.1606592900 0.7323888500 -0.1386064500
-0.2223796500 0.6809688800 -0.1907492900
-0.2991795800 0.6830987500 -0.1120835400
-0.0105851100 0.7238668300 -0.5913094700
-0.0178304900 0.7214418300 -0.5752489800
-0.0190617000 0.7174511100 -0.5533134400
0.0509252900 0.7311179800 -0.5302204400
0.1673970200 0.7388216100 -0.5755747800
0.1091233600 0.7463443600 -0.6879035400
-0.0099137000 0.7098783500 -0.6510618000
-0.2750470000 0.6609462600 -0.1621731700
0.0069214700 0.7226217300 -0.5481702200
0.1254407500 0.7335968200 -0.5660829700
0.0816689900 0.7252023300 -0.7036612200
-0.1848687900 0.8185029200 -0.0406839200
-0.2380526700 0.6663915900 -0.1787821500
-0.2678926300 0.6645505800 -0.1726822400
-0.1751862100 0.8171842400 -0.0397599300
-0.1710047400 0.7307374100 -0.1631192000
-0.2879266200 0.6673554300 -0.1549948000
-0.3015912300 0.6916326100 -0.1126253100
-0.2977895800 0.7232540900 -0.0907181400
-0.0211723000 0.7307867500 -0.5788586200
0.1441141200 0.7555211600 -0.6628234100
0.0340970100 0.7259651700 -0.7102964000
-0.0010052800 0.7253216600 -0.6671356600
0.1725503600 0.7459591600 -0.6035648900
0.1619668000 0.7487152600 -0.6398383500
-0.0052964300 0.7355519800 -0.6681520900
-0.1549391600 0.7778341900 -0.1009486100
-0.2095519800 0.6793811900 -0.1813349800
-0.2991781600 0.6779879500 -0.1429282500
-0.3030850900 0.7056088400 -0.1092284200
-0.3024195300 0.7087881000 -0.0945419600
-0.0044901500 0.7349078300 -0.5545412300
0.0372222000 0.7154998200 -0.5294671300
0.0712137400 0.7349192200 -0.5354487700
0.0773004400 0.7305722200 -0.5395881600
0.1407331100 0.7518930500 -0.5711651900
-0.0302072700 0.7374850800 -0.6407763400
-0.1674942000 0.8173688400 -0.0663408100
-0.1857442800 0.7122819900 -0.1757297000
-0.2849735200 0.6891470900 -0.1992707000
-0.2850977300 0.6794545400 -0.1827320300
-0.0135724600 0.7347775800 -0.6005229800
-0.0259388200 0.7204170900 -0.5551086400
-0.0140805000 0.7202548400 -0.5539759700
0.1525445000 0.7513311900 -0.5761767700
0.1681250800 0.7700967600 -0.6188783200
0.0476855600 0.7306271600 -0.7076885100
-0.1582768500 0.8080230200 -0.0800327000
-0.1577968900 0.7665096800 -0.1211251300
-0.1693298400 0.7466517500 -0.1615558700
-0.2102545700 0.7036073100 -0.1874235300
-0.2522332200 0.6771695300 -0.1931206700
-0.2993052900 0.6810252400 -0.1258756400
-0.0289262700 0.7391696500 -0.6207157300
0.0036093900 0.7327580300 -0.5513480800
0.1493826400 0.7484006400 -0.6584451500
0.1291968400 0.7433504300 -0.6770779300
-0.0193081600 0.7333541000 -0.6541519300
-0.2769627400 0.7415499300 -0.0730598700
-0.1855386400 0.8313342000 -0.0572604700
-0.1761655500 0.8260229900 -0.0596997300
-0.1985461200 0.7093677300 -0.1795372600
-0.2085138100 0.7042802600 -0.1819635300
-0.2594147900 0.6726965200 -0.1877127300
-0.2814569800 0.6775489200 -0.1827889800
-0.0249167600 0.7183853500 -0.5630795200
-0.0295227400 0.7291230500 -0.5568526900
0.1009111600 0.7547032900 -0.5484424200
0.1646363400 0.7595660500 -0.5810001000
0.1723770100 0.7618485200 -0.5863628400
0.1145530200 0.7536840900 -0.6844267900
-0.1955922000 0.8287108900 -0.0562089800
-0.2858210600 0.6756118300 -0.1754156400
-0.0283065000 0.7434361600 -0.5853583600
0.1741450500 0.7727098900 -0.6024713500
0.0999494700 0.7640529400 -0.6903614400
0.0631489300 0.7366731100 -0.7055438900
0.0083982400 0.7320550700 -0.6850189700
-0.0208753800 0.7396591300 -0.6544855700
-0.1954261100 0.8126269200 -0.0429610500
-0.2076561200 0.8264406700 -0.0617659400
-0.1619772900 0.7536546400 -0.1429233700
-0.2153998200 0.6977109000 -0.2076509900
-0.3048915300 0.7012493600 -0.1298470200
-0.0185608500 0.7411461800 -0.5943950500
0.0186725800 0.7457381400 -0.5407084900
0.1102680100 0.7496462300 -0.5547254400
0.1746268500 0.7766495800 -0.5954399100
0.0220795200 0.7232313500 -0.7032682600
-0.0013367400 0.7460198200 -0.6763102400
-0.2904848600 0.7391708200 -0.0855569900
-0.2643688600 0.7737680400 -0.0796383000
-0.2471933300 0.7929311100 -0.0747353700
-0.2266064400 0.8135553100 -0.0674811400
-0.1590145600 0.8138817900 -0.0911348900
-0.2134935100 0.6866930100 -0.1943802800
-0.2369474800 0.6761228400 -0.1886630300
-0.0281130400 0.7404380000 -0.5765164200
-0.0253729500 0.7344162400 -0.5504356000
-0.0126921800 0.7482186900 -0.6631357900
-0.0385758500 0.7525240100 -0.6289604700
-0.2850134700 0.7557245900 -0.0878416500
-0.1681137600 0.7360475900 -0.1580481700
0.1300947800 0.7603060100 -0.5619848500
0.1305724600 0.7643720200 -0.6718797700
-0.2946927600 0.7664119200 -0.1041542400
-0.2363683800 0.8259330300 -0.0833443900
-0.2233112500 0.6993944400 -0.2126891200
-0.2974439200 0.6806580100 -0.1565534100
-0.3062682000 0.7080529400 -0.1239996700
-0.3014779100 0.7255962000 -0.1047573400
-0.0257972500 0.7351161300 -0.5704415200
-0.0318087900 0.7428164000 -0.5600333500
-0.0100433600 0.7476528200 -0.5536612000
0.1566156600 0.7679044000 -0.5791210400
-0.2638834000 0.6696995400 -0.1823970400
0.0760348800 0.7699651900 -0.6989444000
0.0401939300 0.7565912400 -0.7075886300
-0.0253544400 0.7463838400 -0.6492653900
-0.0181825700 0.7425912800 -0.6070177400
-0.1912954500 0.8462069600 -0.0789959400
-0.1799812300 0.8369289200 -0.0687666300
-0.1623521800 0.7917341000 -0.1250131700
-0.1614381900 0.7649712900 -0.1384464300
-0.2090293600 0.7188216500 -0.2013162800
-0.0329043000 0.7434294300 -0.5510182800
0.0649785300 0.7576074300 -0.5302801300
0.0820774800 0.7613778200 -0.5365492900
0.1673434900 0.7774186300 -0.5840170400
0.1559802000 0.7753577300 -0.6454815600
0.1185110100 0.7681599700 -0.6804380600
0.0615814200 0.7759807600 -0.6981649600
0.0283413700 0.7515504800 -0.7081295200
-0.0275561700 0.7399691400 -0.6472081000
-0.1672951700 0.7605755200 -0.1570919600
-0.1819872700 0.7356552100 -0.1833629100
-0.2085798200 0.7111493000 -0.1913606800
-0.2159349400 0.7055445500 -0.2158906700
-0.2883434700 0.6853487800 -0.1843404300
-0.3060058000 0.6895867900 -0.1421250700
0.1617102800 0.7676077600 -0.6377120800
-0.0389961100 0.7515410500 -0.6362479400
-0.0355574800 0.7499904500 -0.5788882000
-0.2328088300 0.6909992100 -0.2033734500
-0.2515772100 0.6939196400 -0.2117655900
-0.2916174600 0.6816539800 -0.1691511200
-0.3071316500 0.6993321100 -0.1564092300
-0.3107480100 0.7228242800 -0.1341363200
-0.3021013200 0.7516155300 -0.1096914600
-0.0226856600 0.7529865900 -0.5497479100
0.0432826200 0.7471847100 -0.5304552700
0.0090848300 0.7554883300 -0.6932049300
-0.1918671400 0.7361919200 -0.1991168400
-0.2124922800 0.7164766100 -0.2065337600
-0.2756819200 0.6955735500 -0.2151676800
0.1073082900 0.7886603000 -0.6828414000
0.0197330200 0.7568126400 -0.7032410900
-0.2120697400 0.7006675200 -0.1995599000
-0.2407935800 0.6943401500 -0.2092421000
-0.2715940800 0.6981960300 -0.2194663700
-0.0324678000 0.7504415600 -0.5703967000
0.0559473700 0.7642545300 -0.7015560700
-0.0360955300 0.7567488400 -0.6400267700
-0.1993783300 0.7211686800 -0.1958717200
0.1432657300 0.7761388400 -0.5665188300
0.1325482200 0.7924186700 -0.6634028800
0.0848055900 0.7620728300 -0.6985503300
0.0011492400 0.7734325300 -0.6848264400
-0.0203452700 0.7625040200 -0.6480757400
-0.0335629400 0.7533198000 -0.5884436700
-0.2066666500 0.8474265400 -0.0815821900
-0.1666429700 0.8295115300 -0.0889743400
-0.1673115100 0.8277228700 -0.1060668500
-0.1629965000 0.8147038400 -0.1108701800
-0.1913458100 0.7253027100 -0.1917238400
0.0299082100 0.7439712800 -0.5341214900
0.0722604400 0.7635788900 -0.5316797800
0.1160390600 0.7855146100 -0.5499812700
-0.0352345600 0.7588586000 -0.6217158800
-0.0243786300 0.7603650700 -0.6048049400
-0.1767260000 0.8403817300 -0.0831409400
-0.3119169900 0.7117335100 -0.1514162100
0.0075304700 0.7561712000 -0.5489105100
0.1715941600 0.7921074600 -0.6066239400
-0.2248923600 0.8357916700 -0.0816116300
-0.1689252900 0.7802974300 -0.1581148300
-0.2779424400 0.6867764200 -0.2012586000
-0.3080591200 0.7096943300 -0.1344638000
-0.3052512400 0.7398319400 -0.1147255300
0.1312359500 0.7750068600 -0.5599826300
0.1719475800 0.7817788200 -0.5884447400
0.0254517800 0.7749266700 -0.7056411900
-0.0303442100 0.7656237700 -0.6417671200
-0.1752018700 0.7740245100 -0.1755186600
-0.2999575800 0.6941111500 -0.1665849100
-0.0378505500 0.7587189000 -0.5552194800
0.0542762300 0.7626047600 -0.5292585300
0.1712535400 0.8068176600 -0.5984877700
0.1480134500 0.8030568800 -0.6459632300
-0.2713210300 0.7812314400 -0.0883887800
-0.0468528700 0.7735917900 -0.5663483700
0.1579097500 0.7852368800 -0.5739433300
0.0610973500 0.7950410900 -0.6948894400
-0.0262353200 0.7592656600 -0.5983335100
-0.2924665300 0.6998639200 -0.2076982800
-0.2929917800 0.7002176300 -0.2016725100
-0.0339041800 0.7521813200 -0.5492306300
0.0450177000 0.7763196500 -0.5314736200
0.1658946600 0.7880918400 -0.5801852000
0.1713759800 0.8052723400 -0.5922997600
0.1576326200 0.7967422000 -0.6354266500
0.0348298600 0.7876776600 -0.7047724200
-0.0099233600 0.7672581600 -0.6659305200
-0.0434322400 0.7634926200 -0.6356581400
-0.0299975000 0.7651950300 -0.6138528300
-0.0462044700 0.7720387200 -0.5871123100
-0.1652059700 0.7899538300 -0.1389384900
-0.2917376800 0.6977540800 -0.1902970600
-0.2936425900 0.7008298100 -0.1845423100
-0.2981232000 0.7074944400 -0.1815798300
-0.0145905500 0.7575431400 -0.5517262800
-0.0047385000 0.7659694800 -0.5532626900
-0.0007810000 0.7594781000 -0.5528768600
0.0728943500 0.7823152300 -0.5284423100
-0.0219525200 0.7822303400 -0.6474892600
-0.2485631600 0.8178699700 -0.0876307500
-0.1838275500 0.8547375400 -0.1034307500
-0.1657170600 0.8063555100 -0.1254626900
-0.1633251200 0.7777777000 -0.1396382500
-0.1684412000 0.7889882200 -0.1541766700
-0.1885158000 0.7517320500 -0.1997557300
-0.1918393500 0.7454985400 -0.2032443900
-0.2600809800 0.7055112000 -0.2280071800
0.1515878600 0.8030185400 -0.5655367900
0.1219138600 0.7849140400 -0.6748631100
0.0124500000 0.7892415000 -0.6970966600
-0.2980314600 0.7763361000 -0.1148062800
-0.2167918100 0.8442138700 -0.0836145600
-0.2506284000 0.7074219900 -0.2276782300
-0.3155623100 0.7422797600 -0.1401688800
-0.0324101800 0.7645554100 -0.5466432600
0.0379552900 0.7774261400 -0.5347180500
0.0545618200 0.7865231900 -0.5294260800
0.1501499900 0.8126354700 -0.6419549200
0.0510889600 0.7802214000 -0.7000590200
-0.0052768100 0.7861960900 -0.6764089300
-0.0504259900 0.7712269700 -0.5750746400
-0.2025102600 0.8527425500 -0.0875253700
-0.1739293700 0.8430223900 -0.0994845700
-0.1730713700 0.8268230000 -0.1284918900
-0.1981715200 0.7305953800 -0.2051425400
-0.2022634200 0.7330707800 -0.2129055500
-0.2221151800 0.7108641200 -0.2258185300
-0.2938922100 0.7044665500 -0.1993973300
-0.3123735500 0.7226314200 -0.1442437600
-0.3112284000 0.7526022400 -0.1275217800
-0.0463185400 0.7651097800 -0.5810080100
-0.2136720700 0.7228174000 -0.2161255500
-0.2822477600 0.6971584000 -0.2142310400
-0.3105962900 0.7124109800 -0.1635234600
0.0658963800 0.7876168000 -0.5277949300
-0.0325006100 0.7776169100 -0.6101458300
0.0084646100 0.7840555800 -0.5498288000
0.0202000600 0.7696360000 -0.5425840600
0.1340546300 0.7952475300 -0.5570831000
0.1607300200 0.8306450700 -0.6198943400
0.1579377500 0.8193427500 -0.6296496900
0.1291912600 0.8175206100 -0.6637891900
-0.0289030100 0.7917753100 -0.6454376700
0.0022329900 0.7870205800 -0.5515151400
-0.0445201300 0.7776798900 -0.6419398100
-0.1757695400 0.8310210000 -0.1352118400
-0.1707584700 0.8087192000 -0.1470935500
-0.2652301500 0.6979452800 -0.2193854300
-0.2962946400 0.7158722900 -0.1981467200
-0.0536768400 0.7775181000 -0.5720250200
-0.0404251200 0.7686959700 -0.5485161500
0.0894343300 0.7977216000 -0.5312024600
0.0780175000 0.8006716100 -0.6917388500
-0.0441937500 0.8006374100 -0.6171039800
-0.2848812100 0.7917905500 -0.1072173200
-0.2171056200 0.7181367500 -0.2268015000
-0.0472102700 0.7868134200 -0.5474292200
0.1104910600 0.7949295200 -0.5447011500
0.0501106600 0.8118141000 -0.6939554600
-0.2024395200 0.8648345900 -0.1068165900
-0.1824164800 0.8508730500 -0.1249540300
-0.1984272400 0.7500704200 -0.2182488200
-0.3008363200 0.7198846000 -0.1855311900
-0.3171807600 0.7480885900 -0.1549070500
-0.0429283200 0.7705396400 -0.5525577600
-0.0279268500 0.7704715600 -0.5471712700
0.0808074900 0.7880664400 -0.5295747600
-0.0383583100 0.7823371100 -0.6455108500
-0.0652010000 0.7946057500 -0.5787701400
-0.2826169000 0.8106822400 -0.1148516900
-0.2174684300 0.8626437000 -0.1038908600
-0.1805437500 0.7789777200 -0.1878737700
-0.1817731000 0.7542310600 -0.1883775200
-0.2917968800 0.7054363400 -0.2207630900
-0.0434008700 0.7697990900 -0.5610076700
0.1538381200 0.8206650400 -0.5642926600
0.1661597400 0.8169887900 -0.5805623600
0.0251068000 0.8023329900 -0.7008916600
-0.0418868000 0.8087155100 -0.6502278100
-0.0466474500 0.7924861900 -0.6241967000
-0.1778762900 0.8408133200 -0.1289471000
-0.1726358700 0.8091824700 -0.1589162700
-0.1764593700 0.7951253000 -0.1766818400
-0.2622203800 0.7163252500 -0.2399067000
-0.0080230000 0.7876278600 -0.5509453400
0.0953423700 0.7883448600 -0.5372846400
0.1664267200 0.8353088100 -0.5918200700
0.1093533000 0.8090385200 -0.6784803100
0.0329750300 0.8181299900 -0.6976207000
-0.0471511400 0.7774701700 -0.6325089200
-0.0486815300 0.8064737500 -0.5989670300
-0.2199508400 0.7311279200 -0.2423133700
-0.3020821200 0.7154425800 -0.2228217200
-0.0646452400 0.7977900100 -0.5710188900
-0.0389448200 0.7880724200 -0.5987732000
-0.0610857000 0.7959768900 -0.5860785900
-0.2645878100 0.8120359000 -0.0980586200
-0.2303655800 0.8508229700 -0.0973946800
-0.1751398500 0.8123067000 -0.1684873700
-0.2136996800 0.7318750900 -0.2262001300
-0.2220539200 0.7223283400 -0.2386456300
-0.2424388900 0.7190938500 -0.2380659300
-0.0509991000 0.7908706200 -0.5594274100
0.1255940400 0.8169676800 -0.5471308600
-0.2326259500 0.7121118200 -0.2294929700
-0.3030335400 0.7227944200 -0.2372313500
-0.3086811700 0.7688701300 -0.1286807100
0.0124557600 0.8055917800 -0.5477321000
-0.0269295400 0.8049945800 -0.6487275200
-0.2934130300 0.7147655400 -0.2357733300
0.0460904000 0.7956643300 -0.5333436300
0.0851603400 0.8242555400 -0.6814668500
-0.0169026400 0.7885848700 -0.6552406100
-0.0345931000 0.8223418000 -0.6479922400
-0.3029888600 0.7916362500 -0.1254899300
-0.2530143500 0.8419911300 -0.1081728200
-0.1914936100 0.8613769600 -0.1064212100
-0.2526394700 0.7156473500 -0.2365593300
-0.3028062000 0.7217717700 -0.2132155100
-0.3140398000 0.7329066900 -0.1531902000
-0.3128479400 0.7631837500 -0.1374456700
0.0677655100 0.8070327700 -0.5244634000
0.1461187900 0.8286731700 -0.6424588300
-0.1961164400 0.7647673300 -0.2184990600
-0.2507807900 0.7323463700 -0.2547085600
-0.3036585500 0.7310926700 -0.1889711800
-0.0414358900 0.7854965400 -0.5441669000
-0.0278657300 0.7922796800 -0.5455389700
0.0176803700 0.7902384700 -0.7007742900
-0.0536202400 0.8238909100 -0.6528763600
-0.0419037000 0.8017024400 -0.6073286900
-0.0607368800 0.8089461000 -0.5933449900
-0.1751059900 0.8275430500 -0.1529055200
-0.3020974700 0.7153859600 -0.2180338700
-0.0389483200 0.7991306100 -0.5427705300
0.0215490600 0.7950613500 -0.5457629800
0.1638456600 0.8388519900 -0.6025285400
0.0583342500 0.8149726600 -0.6899071600
0.0006228000 0.7995693400 -0.6858713100
-0.0215644300 0.8084156800 -0.6522414100
-0.0529663500 0.7958403200 -0.6386955000
-0.1804175900 0.8467970800 -0.1341103000
-0.1814631200 0.8005123900 -0.1861443200
-0.1853835400 0.7794956800 -0.1978407200
0.1463487000 0.8257651200 -0.5578292600
0.1059041300 0.8294316400 -0.6711549000
-0.2263646700 0.8581538400 -0.1021863500
-0.1896099700 0.8603046900 -0.1192354400
-0.3114213900 0.7346962200 -0.1699833300
-0.3141518100 0.7749261900 -0.1369854100
0.0012030500 0.8059221400 -0.5482667900
0.0865322300 0.8151152700 -0.5230286100
-0.0467118000 0.8288964300 -0.6537337100
-0.0519446300 0.8039326200 -0.6465720000
-0.0431885900 0.8037195500 -0.6117271500
-0.2064352900 0.7478525300 -0.2322990500
-0.2175276900 0.7449817000 -0.2490142500
-0.2381205100 0.7282431500 -0.2495032500
-0.3078332000 0.7308555100 -0.1801251000
-0.0525661300 0.7985874000 -0.5491535100
0.0667127600 0.8435133700 -0.6777680000
-0.2397403700 0.8498867600 -0.1030920100
-0.1763989200 0.8241811400 -0.1689165500
-0.2764595000 0.7201998500 -0.2469575000
-0.2889559100 0.7105295800 -0.2316940400
-0.3032168800 0.7361951100 -0.1957214200
-0.0101523700 0.8004142900 -0.5483201400
0.0249925100 0.8160418900 -0.5433028300
0.1126835300 0.8157515900 -0.5392911800
-0.0529921600 0.8197335600 -0.6060925000
-0.2786434300 0.8222043000 -0.1172270800
-0.2491571700 0.8525933800 -0.1125721100
-0.1936319100 0.7853805000 -0.2262071900
-0.2959499900 0.7263300800 -0.2519725100
-0.3189120800 0.7743550100 -0.1547488100
-0.0716536900 0.8095592300 -0.5727112500
-0.0313950200 0.8065802000 -0.5428557100
0.0566221900 0.8076552500 -0.5281712700
0.1213541700 0.8260003500 -0.5420835000
0.1646892300 0.8376847700 -0.5776384600
0.1421882800 0.8423933800 -0.6386275200
-0.2729896200 0.8331178600 -0.1192366000
-0.2919464400 0.7293411500 -0.2591379400
-0.3097127900 0.7940302100 -0.1363711800
-0.0602704700 0.8077555300 -0.5619770300
-0.2030277400 0.8665736200 -0.1213845000
-0.2078618200 0.7619469900 -0.2420681200
-0.3023679400 0.7341095800 -0.2014873300
-0.3161851700 0.7560849000 -0.1794776600
-0.0493548400 0.7984026100 -0.5451465100
0.0968042200 0.8169417900 -0.5265552900
0.0254542800 0.8319659600 -0.6939292700
-0.0406177300 0.8435629900 -0.6492256100
-0.0573522700 0.8210922100 -0.6311383700
-0.3169564700 0.7882089800 -0.1522734900
-0.0160708700 0.8413244000 -0.6663211700
-0.0736482000 0.8122460600 -0.5880185300
-0.0781268400 0.8180852500 -0.5800089300
-0.1778468500 0.8364395000 -0.1605874300
-0.1778967800 0.8163846200 -0.1768256000
-0.1837804300 0.8092530500 -0.1892362000
-0.1863128300 0.7866071200 -0.2001537000
-0.1895390200 0.7699374900 -0.2068564000
-0.2106977500 0.7505542300 -0.2424996900
0.1494245100 0.8426267200 -0.6316224300
-0.0573362900 0.8318282900 -0.6251789600
-0.1804387500 0.8444042700 -0.1470289100
-0.3146302000 0.7357379300 -0.2286275000
-0.3070708800 0.7378882300 -0.2099424000
-0.0166735900 0.8111033300 -0.5438983400
0.1280873100 0.8415866300 -0.5433410200
0.1417383800 0.8536780900 -0.6326539600
0.0886110400 0.8494593500 -0.6695223500
0.0141027000 0.8273668600 -0.6909049400
0.0052433300 0.8244475800 -0.6870945600
-0.0613575600 0.8269569700 -0.6416274700
-0.0622481200 0.8359673500 -0.6128865200
-0.1972127400 0.7785526400 -0.2318324100
-0.2224055100 0.7396849200 -0.2560646000
-0.3100453300 0.7489338300 -0.1906504900
0.0698099700 0.8207108400 -0.5218857300
0.1021644200 0.8313781100 -0.5215315300
0.1589246000 0.8323295400 -0.5677622900
0.1592355500 0.8526724000 -0.5639506300
0.1640743300 0.8518237900 -0.5932725100
0.1591275900 0.8482214300 -0.6104315700
0.1542152500 0.8633906500 -0.6105016000
-0.2339858300 0.8642458800 -0.1138747500
-0.1791336400 0.8308284900 -0.1793268800
-0.2184751300 0.7503043700 -0.2552734200
-0.2289177400 0.7246201100 -0.2446956300
-0.3194173400 0.7620416200 -0.1666808400
0.1506178800 0.8479182400 -0.5563620800
0.1659350000 0.8419507000 -0.5853502000
-0.0623363700 0.8434688900 -0.6540040600
-0.0739320800 0.8251201200 -0.5978399900
-0.3055792300 0.8064092000 -0.1345921300
-0.3138727000 0.7382332500 -0.2217294200
0.0785308700 0.8186216500 -0.5210979900
0.1064354800 0.8481371900 -0.6622431800
-0.0095248600 0.8222530000 -0.6753236000
-0.2135405800 0.8690249800 -0.1212346300
-0.2017022600 0.7724763300 -0.2365425900
-0.0329376900 0.8195519100 -0.5391024700
0.1082236700 0.8600072700 -0.6562282300
0.0479769000 0.8435640200 -0.6821044900
-0.1789134800 0.8387255300 -0.1708091100
-0.2129570700 0.7594167200 -0.2585925900
-0.2723651000 0.7345203000 -0.2649352800
-0.2822293300 0.7345350200 -0.2681988500
-0.3145093000 0.7346984600 -0.2363593500
-0.3101526600 0.7499499800 -0.2083688600
-0.0756534300 0.8249031700 -0.5683469600
-0.0675093200 0.8260386400 -0.5586084000
-0.0517618900 0.8188034200 -0.5405263200
0.0544709500 0.8627321000 -0.6719588800
-0.0634889000 0.8469948300 -0.6415708900
-0.0779726300 0.8505454300 -0.6156682000
-0.1875189300 0.8483783200 -0.1518024500
-0.3193933800 0.7495602200 -0.2593522100
-0.0597402800 0.8145034000 -0.5545270100
0.0411503800 0.8343869100 -0.5323823900
0.0764943500 0.8392597500 -0.5150587000
-0.0559388500 0.8411659800 -0.6571076500
-0.0584696100 0.8364395000 -0.6203070900
-0.2980020000 0.8149298000 -0.1317763900
-0.1905035800 0.8602983400 -0.1312425700
-0.1894687300 0.7988761000 -0.2063518000
-0.2853626600 0.7212389500 -0.2490324400
-0.3104101400 0.7570625400 -0.2011564900
-0.3137846100 0.7636056400 -0.1928262600
-0.3193221000 0.7736414900 -0.1796237200
0.0831456700 0.8636169200 -0.6651602300
0.0312843500 0.8469461300 -0.6881952100
-0.0355181500 0.8482185700 -0.6498113800
-0.0664416400 0.8549621300 -0.6312360900
-0.2097122800 0.8681961200 -0.1302907800
-0.1887837500 0.8467750800 -0.1649165400
-0.2243500000 0.7491847100 -0.2679543800
-0.3095224100 0.7316799500 -0.2423159500
-0.3188118100 0.7544654200 -0.2226102200
-0.0590887000 0.8220182100 -0.5463413500
0.1051322000 0.8416706600 -0.5163666700
-0.2659099300 0.8469875700 -0.1228619100
-0.2179402800 0.8678973700 -0.1152102000
-0.2451665500 0.7425076000 -0.2693992600
-0.2764716200 0.7421246700 -0.2780781900
-0.3067089300 0.7355181400 -0.2550097600
-0.3213960000 0.7526654700 -0.2309266400
-0.0417740200 0.8216407800 -0.5389094900
0.1602700500 0.8609190900 -0.6016914600
0.0072619400 0.8678959100 -0.6742723200
-0.0487581700 0.8521968000 -0.6563469700
-0.0846924100 0.8347921700 -0.5949833500
-0.1939658700 0.8499314900 -0.1592871400
-0.2635324200 0.7368115400 -0.2640676600
0.0480575800 0.8115282000 -0.5316004700
-0.0285886900 0.8450458200 -0.6540310000
-0.0527416300 0.8514699900 -0.6580406700
-0.0678899500 0.8610055000 -0.6471889700
-0.2593715300 0.8597691800 -0.1259684100
-0.1923544200 0.7938659500 -0.2246167000
-0.2378463700 0.7457764400 -0.2724678100
-0.0413754900 0.8455015700 -0.5311343900
-0.2937279600 0.8281952000 -0.1367540400
-0.2353815500 0.7551815100 -0.2854158200
-0.2286387100 0.7349668600 -0.2560243900
-0.3144568700 0.7707450700 -0.2035430300
-0.3174865900 0.7977412700 -0.1550629800
0.0637217000 0.8265238900 -0.5222891800
0.0863754400 0.8344919800 -0.5145565300
0.1194497300 0.8389100300 -0.5356086800
0.1614542600 0.8672757700 -0.5918292700
0.1556077600 0.8720372700 -0.6015256300
0.1382216800 0.8666655200 -0.6269842100
-0.0608572400 0.8688227100 -0.6598944800
-0.0646790300 0.8589446300 -0.6568329600
-0.0893476000 0.8597860800 -0.6147272700
-0.3110071500 0.8157775300 -0.1451371100
-0.2306163000 0.7549134700 -0.2818829100
-0.3187113500 0.7873662800 -0.1625705900
-0.0863047100 0.8414747100 -0.5775141400
-0.0743647300 0.8474764200 -0.5540734600
0.0033648400 0.8228121900 -0.5435310700
0.1111350000 0.8408300000 -0.5224941400
0.1632684200 0.8682552500 -0.5821800000
0.1182878700 0.8686226800 -0.6435075600
-0.0532232300 0.8702971800 -0.6594168300
-0.0814929800 0.8249846500 -0.5854295500
-0.2758992700 0.8468331100 -0.1310788000
-0.2513765400 0.8619888500 -0.1224772200
-0.1888030200 0.8154035100 -0.1984842600
-0.1965617900 0.7855922400 -0.2383452800
-0.2261976400 0.7553322000 -0.2778221900
-0.3041044600 0.7462335900 -0.2784195100
-0.3185876200 0.7577840400 -0.2761941100
-0.3132876700 0.8079047800 -0.1474491500
-0.0218567700 0.8375352200 -0.5346894800
0.0711747600 0.8495077500 -0.5141620000
0.1598478400 0.8656772300 -0.5660004800
0.1645151100 0.8575451400 -0.5748592200
0.1468254800 0.8778457900 -0.6109273300
-0.0192640900 0.8707950200 -0.6546383200
-0.0415526200 0.8626105000 -0.6489783000
-0.0679959000 0.8733045200 -0.6577597300
-0.2884038400 0.7483584400 -0.2885138800
-0.0594534800 0.8410761800 -0.5385103800
-0.0518641600 0.8394267100 -0.5360433300
-0.0305936900 0.8410053000 -0.5326092300
0.0158725500 0.8281380100 -0.5428797400
0.0990802700 0.8439416600 -0.5121758300
0.0219019800 0.8578076000 -0.6837493500
-0.0159640900 0.8623333800 -0.6603331200
-0.2245950000 0.8674823800 -0.1471999500
-0.2008828500 0.7850979200 -0.2492658000
-0.3220946100 0.7509928600 -0.2546099900
-0.3153851600 0.7665110400 -0.2109051000
0.0082115400 0.8441125600 -0.5366440000
-0.0835266800 0.8634491700 -0.6249525000
-0.2680104500 0.8566374900 -0.1296563500
-0.2372556500 0.8665075700 -0.1219173000
-0.1794803200 0.8388879500 -0.1784335900
-0.2932226400 0.7480269500 -0.2877172900
-0.2989511800 0.7487419600 -0.2869845300
-0.0819895700 0.8471868200 -0.5650124000
0.1239558900 0.8584283100 -0.5342787400
-0.0343327100 0.8653297000 -0.6467367800
-0.1993391800 0.8562342400 -0.1522445200
-0.2185232200 0.7629108000 -0.2734082700
-0.3179622500 0.7860104000 -0.2088015800
-0.3218513000 0.7967610000 -0.1656592200
-0.0943658900 0.8653877300 -0.5743854700
0.0612516100 0.8476973200 -0.5194833100
0.0937445700 0.8506116500 -0.5079255100
0.0337928600 0.8624040700 -0.6807261700
-0.2706209700 0.7501321900 -0.2879171400
-0.3225694700 0.7650068400 -0.2233879200
-0.0626048800 0.8373875700 -0.5431358900
0.1351057200 0.8729074300 -0.5402263700
0.0605659400 0.8708566700 -0.6657740700
0.0144344700 0.8633964900 -0.6794231600
-0.0485418400 0.8771480300 -0.6571263500
-0.0784589900 0.8716284400 -0.6381279800
-0.0833031500 0.8797553800 -0.6366210400
-0.0966921000 0.8677920700 -0.6079039000
-0.0963544700 0.8599497300 -0.6002745700
-0.1819717900 0.8441206800 -0.1747105400
-0.1928915100 0.7999445700 -0.2364244900
-0.2858245400 0.7573965900 -0.3006562800
-0.3058510500 0.7735403200 -0.3154069500
-0.3184581700 0.7810716700 -0.1963885800
0.1432423900 0.8609746900 -0.5497957400
0.1382576400 0.8819396100 -0.6173646600
0.0952984300 0.8717732400 -0.6550917400
-0.0015115900 0.8438201200 -0.5361217900
0.0294598000 0.8385318300 -0.5361323800
0.1084966600 0.8747288700 -0.6438805500
0.0656460200 0.8831161600 -0.6579042100
-0.0901534100 0.8778617600 -0.6191992100
-0.2933843600 0.8401891700 -0.1424254500
-0.2087130000 0.8656642700 -0.1446715600
-0.1992768000 0.8510104300 -0.1655112700
-0.1850980800 0.8289160300 -0.1915714100
0.0826576700 0.8832456000 -0.6533178800
-0.0632387000 0.8967464300 -0.6587636300
-0.1020180600 0.8692738700 -0.5931493100
-0.2393893800 0.8681244400 -0.1303010200
-0.1926866000 0.8040819500 -0.2238025300
-0.1946419700 0.7959969500 -0.2426808200
-0.2477818700 0.7619754100 -0.2975230800
-0.3209770100 0.7858711600 -0.1798121100
-0.0758661800 0.8764658900 -0.6492997500
-0.0972501000 0.8764446400 -0.6069731100
-0.2134761200 0.7741557900 -0.2767727400
-0.3282583800 0.7836297500 -0.2258025000
0.0625239800 0.8550452900 -0.5159159600
0.1189463800 0.8574282100 -0.5223236700
0.1164165500 0.8828001100 -0.6323053300
0.0978517000 0.8837268200 -0.6472546600
-0.3183557900 0.8103566000 -0.1567294900
-0.1799143800 0.8419844900 -0.1799779200
-0.2096898100 0.7730506700 -0.2561566800
-0.3254576300 0.7529183300 -0.2487968900
-0.3267235000 0.7539012000 -0.2444400500
-0.3201872300 0.7816125800 -0.2162778000
-0.0865997000 0.8594512100 -0.5629636900
-0.0488829200 0.8501817000 -0.5298689100
0.0408460400 0.8792541300 -0.6683032800
-0.0266278100 0.8817876100 -0.6453330000
-0.1053670600 0.8805188600 -0.5952696300
-0.2593200300 0.8642630700 -0.1305883100
-0.2514647600 0.8671864000 -0.1322738700
-0.2334182900 0.8687083900 -0.1360943100
-0.2099986900 0.8564539500 -0.1641773900
-0.1916463800 0.8090449600 -0.2250602100
-0.2248672500 0.7715831300 -0.2927578500
-0.2290593000 0.7616906800 -0.2872401700
-0.2544905400 0.7555634100 -0.2911505600
-0.0781350400 0.8930235800 -0.6438165000
-0.1058511600 0.8788985200 -0.5872659400
-0.0711694000 0.8643787400 -0.5367326300
-0.0349694800 0.8565582700 -0.5228030100
-0.0247174700 0.8557590900 -0.5238503700
0.0431972800 0.8564850600 -0.5243641400
-0.0484324300 0.8912750100 -0.6582708100
-0.3242757800 0.8125040500 -0.1759550500
-0.3109745800 0.8260327700 -0.1516636100
-0.1814294400 0.8415517700 -0.1842142100
-0.2359911100 0.7683330100 -0.3004731900
-0.3342745000 0.7704110100 -0.2471797300
-0.3235116900 0.8035642100 -0.1913107900
-0.0773353500 0.8660145400 -0.5451886300
0.1119093300 0.8519615900 -0.5149571900
0.1509637800 0.8721164900 -0.5545958000
0.1546600500 0.8835234800 -0.5604006500
0.1605665200 0.8813341800 -0.5734926500
0.1573776500 0.8880980200 -0.5833924200
0.0966341300 0.8927191000 -0.6396345500
0.0306580800 0.8814652000 -0.6668137100
-0.0196177800 0.8967257300 -0.6424473500
-0.1927652200 0.8085267700 -0.2103239200
-0.2757238800 0.7623702700 -0.3046720600
-0.3193945500 0.7937627700 -0.2023657900
-0.0872157000 0.8897624900 -0.6141081700
0.1155482500 0.8508786700 -0.5217214300
-0.0359587700 0.8861009100 -0.6419038500
-0.1906647200 0.8355039600 -0.2041608400
-0.0560960200 0.8944998400 -0.6595436700
0.0881598400 0.8592613100 -0.5041271500
0.0485311300 0.8953537400 -0.6529880300
-0.0016665100 0.8845694700 -0.6558585300
-0.2770037200 0.8525114200 -0.1340669300
-0.2195765700 0.8603947200 -0.1627347600
-0.2119606500 0.8556002800 -0.1719014000
-0.1936354100 0.8489895000 -0.1693001800
-0.1864209500 0.8476468500 -0.1733578000
-0.2155745000 0.7749023600 -0.2843037900
-0.3106589700 0.7540378100 -0.2836035100
-0.1056800800 0.8887286400 -0.5746653400
0.0269603800 0.8554678300 -0.5298242000
-0.0267447700 0.8975129400 -0.6389047700
-0.3298706000 0.7674787200 -0.2350116000
-0.3164257300 0.8217019100 -0.1605840800
-0.0733825400 0.9046667900 -0.6436641000
0.1242829400 0.8664609400 -0.5308452600
-0.3130947800 0.8306280500 -0.1542346800
-0.1973240000 0.8494790900 -0.1719274000
-0.1967414800 0.7988332700 -0.2516915800
-0.2118394900 0.7860123700 -0.2874793600
-0.2462472200 0.7695795200 -0.3074396900
-0.3266081600 0.7711062600 -0.2770955400
-0.0576002000 0.9092150300 -0.6598446200
0.1522858600 0.8880702700 -0.5957271500
0.0199429100 0.8907548300 -0.6569230000
-0.0459062300 0.9138074200 -0.6553982200
-0.2926793700 0.8459200700 -0.1437343600
-0.3106482600 0.7657635200 -0.3022827500
-0.3216275400 0.7833220400 -0.3127875400
-0.3362561900 0.7725146800 -0.2621693500
-0.3228580100 0.8124819100 -0.1935858700
-0.0797324600 0.8977056300 -0.6257191400
-0.0902424400 0.8973442300 -0.6104928100
-0.1096179200 0.8948189500 -0.5882898800
0.0127846700 0.8593508000 -0.5274352400
0.1170257800 0.8632684000 -0.5106231600
0.1195898100 0.8900850900 -0.6208940500
-0.0491110300 0.8987879800 -0.6596436100
-0.2492188100 0.8674692700 -0.1385180300
-0.1819608900 0.8449399700 -0.1766993900
-0.2104305000 0.7847759700 -0.2706211800
-0.2962329700 0.7655524200 -0.3104973100
-0.3240231900 0.8095247000 -0.2138178600
0.1045808500 0.8594186200 -0.5056277600
-0.0805940600 0.9088536200 -0.6196412800
-0.2712646300 0.8623616800 -0.1339092100
-0.2569338500 0.7741485000 -0.3174529500
-0.3245276000 0.7831640700 -0.3073833900
-0.0672321300 0.8691035500 -0.5287300200
0.1216611200 0.8660628600 -0.5165304800
0.1164007300 0.8957169100 -0.6188601300
0.0708085100 0.9023636500 -0.6408793700
-0.1024048400 0.8882223400 -0.6000818100
-0.1081869300 0.9004408500 -0.5955821500
-0.2404113100 0.8673704500 -0.1466027400
-0.1925734000 0.8170999500 -0.2139770300
-0.2788146600 0.7749580900 -0.3201745100
-0.3256486700 0.7803428600 -0.2974539400
-0.3295053200 0.7635848900 -0.2627396800
-0.3219125100 0.8046786800 -0.2058075600
0.1409678300 0.8917972000 -0.6050757200
-0.0346847500 0.9096917400 -0.6370328500
-0.2333586200 0.8627318600 -0.1630554000
-0.1927625000 0.8033042800 -0.2409828700
-0.2000822800 0.7998560400 -0.2622688400
-0.3323841900 0.7848284800 -0.2766462200
0.0178471200 0.8711270600 -0.5170879500
0.0614126900 0.8631592100 -0.5124193200
-0.2903854800 0.7758707400 -0.3213560700
0.0564013900 0.8704657700 -0.5095833600
0.0418145900 0.8960020200 -0.6538960600
0.0264502000 0.9015033700 -0.6468608000
-0.0414032700 0.9260933000 -0.6509762500
-0.2341810100 0.7782972600 -0.3107897900
-0.3244777000 0.7941699200 -0.2203118300
-0.0692994900 0.9050533700 -0.6532144100
-0.0660082800 0.9209189300 -0.6446999300
-0.1076305000 0.9265449800 -0.5956535800
-0.0782505100 0.8750055800 -0.5376594400
0.1562564500 0.8915363000 -0.5744710700
0.1341300400 0.8997940700 -0.6033125100
-0.0018342500 0.9079068100 -0.6351637200
-0.1924165400 0.8271943600 -0.2107579200
-0.0540093100 0.8746432600 -0.5190819500
0.1248602300 0.8757907200 -0.5276927600
0.0889652300 0.8967819000 -0.6409216600
-0.0167032400 0.9156499900 -0.6280629800
-0.3274788300 0.8205702500 -0.2162102800
-0.3219822000 0.8241094100 -0.1963738400
-0.3178495400 0.8326454900 -0.1651949900
-0.1854245900 0.8429016300 -0.1884375300
-0.1901333100 0.8387584300 -0.2037200500
-0.1904928000 0.8098640400 -0.2495545400
-0.3401473500 0.7859189900 -0.2623381300
-0.0919605900 0.8800909000 -0.5525813500
-0.0371436600 0.8718583700 -0.5124252700
0.0290145400 0.8702651600 -0.5184554800
0.1388626400 0.8874669800 -0.5414092000
0.1521815800 0.8936838300 -0.5585831800
0.1536663400 0.8963583600 -0.5842763500
-0.0546374300 0.9244398100 -0.6548442400
-0.0721029400 0.9177335000 -0.6297127700
-0.0864550600 0.9126760200 -0.6142766000
-0.1067644800 0.9039054500 -0.5762907900
-0.1038031100 0.8954836000 -0.5605579000
-0.1860748000 0.8470535400 -0.1739573900
-0.2154906300 0.7902543200 -0.3036310800
-0.3406208800 0.7958404800 -0.2728303800
0.0448535100 0.8693220600 -0.5154221200
0.0914582800 0.8678811000 -0.4972906500
-0.3195362300 0.8227949500 -0.1810828900
-0.2690562700 0.8644210200 -0.1372831100
-0.1866751000 0.8173116600 -0.2294533200
-0.1904060100 0.8096800000 -0.2366720900
-0.2111244400 0.7912425800 -0.2959202300
-0.2279172500 0.7831358500 -0.3108763100
-0.2498384200 0.7901881200 -0.3340859400
-0.3046057300 0.7849630600 -0.3268309400
-0.0567413900 0.9385435700 -0.6447197000
-0.1031956900 0.9238403600 -0.5801026900
-0.0854618100 0.8903244400 -0.5364110100
0.1474971800 0.9031965200 -0.5863615900
-0.3435399600 0.7975335500 -0.2651107600
-0.3386112500 0.7923866400 -0.2448743400
-0.0995855300 0.8996128600 -0.5466392900
-0.0282237300 0.8706534400 -0.5105756900
-0.0100709000 0.8557889300 -0.5267686600
0.0807158200 0.8651594100 -0.5027639700
0.0454785000 0.9108339800 -0.6375477800
-0.1060800100 0.9178935100 -0.6029436500
-0.1054814900 0.9003067700 -0.5648556600
-0.3358622200 0.8142158000 -0.2272582000
-0.2856049600 0.8576037800 -0.1402373400
-0.2076618900 0.8537067400 -0.1759869700
-0.1928826000 0.8489582200 -0.1719117600
-0.1940726200 0.8087206300 -0.2647982600
-0.2395175200 0.7915276300 -0.3305960700
0.1146428600 0.8647647700 -0.5060816300
0.1232735400 0.8757991300 -0.5132121700
0.1469245900 0.9071883100 -0.5810788800
-0.2545492800 0.8665328100 -0.1451181600
-0.2413670800 0.8648171800 -0.1563743900
-0.2630161100 0.7792063400 -0.3241518600
0.1052824500 0.8673073900 -0.4986443300
0.1213754700 0.8743262400 -0.5068878600
0.1428361000 0.9019057200 -0.5936219500
0.1009354500 0.9130714100 -0.6178551300
-0.1057815800 0.9097902600 -0.5650444100
-0.1053411200 0.9126086500 -0.5503618800
-0.2652629000 0.8661838200 -0.1421034800
-0.1829771200 0.8450675400 -0.1793600500
-0.2861454200 0.7887975200 -0.3320961200
-0.0447803300 0.9377648400 -0.6479749700
-0.0994577800 0.9191984100 -0.6099854500
-0.1003625200 0.9077526100 -0.5420514700
-0.0169456100 0.8813853600 -0.4998986700
0.0379870600 0.8824480000 -0.5069783800
0.1257068800 0.8830233300 -0.5255314600
0.1544261800 0.8979973400 -0.5751825500
0.1284477300 0.9072366700 -0.6036034500
-0.0285689000 0.9155574900 -0.6312090600
-0.3106047200 0.8479107600 -0.1600803600
-0.3004727200 0.8523210500 -0.1508113800
-0.2228842400 0.7912615100 -0.3144412200
-0.2745105200 0.7911260600 -0.3338183000
-0.3226973700 0.7958601900 -0.3252844400
-0.3336107000 0.7966935300 -0.2892572600
0.1308805300 0.8818850600 -0.5341727600
0.1377808800 0.8960436300 -0.5395368800
0.1506362700 0.9018747600 -0.5549655700
0.0760568500 0.9116387800 -0.6308137100
0.0071763600 0.9248075600 -0.6190386900
-0.3228245600 0.8201105200 -0.2060021300
-0.1894076600 0.8230116700 -0.2172569900
-0.2257348000 0.7967657100 -0.3229856800
0.1112257200 0.9046867000 -0.6183306500
-0.3226335200 0.8342951700 -0.1821251700
-0.2087413200 0.8544167700 -0.1761589200
-0.3303096000 0.7984538900 -0.3134042900
-0.3417018100 0.8324822700 -0.2452513500
-0.0357645200 0.9401396600 -0.6432885100
-0.0779005600 0.8930419400 -0.5228230800
0.0548512300 0.8787920100 -0.5035831100
0.0753520500 0.9225377000 -0.6197335900
-0.0143631300 0.9306025600 -0.6178064000
-0.2815254200 0.8649165400 -0.1415346600
-0.1929890600 0.8498682600 -0.1707297100
-0.1813058800 0.8200052700 -0.2434813100
-0.2930181600 0.8001907800 -0.3411026800
-0.3335719600 0.8036764900 -0.3040543600
0.0752699400 0.8752539400 -0.4962632600
0.1262608800 0.8863644900 -0.5151744200
0.0260821500 0.9114080600 -0.6364281200
-0.1060180600 0.9182145600 -0.5601459100
-0.2207843300 0.8581431900 -0.1737744700
-0.2124609700 0.7964660400 -0.3086776100
-0.2663478300 0.7959210000 -0.3373114300
-0.3381495600 0.8174712500 -0.2307246200
0.0914343700 0.8753229400 -0.4917397900
0.1162692400 0.8737490100 -0.4992650900
0.1294026800 0.8899876600 -0.5298166200
-0.0603729700 0.9409082400 -0.6393305500
-0.1007869900 0.9524422800 -0.6053670600
-0.3225843000 0.8392600900 -0.1825958700
-0.1866231700 0.8416783200 -0.1904260500
-0.1884411500 0.8386985000 -0.2010301800
-0.3436499300 0.8170566900 -0.2767886000
-0.0945916900 0.9173418200 -0.5306953600
0.0527618100 0.8849940800 -0.5006718700
-0.0337799900 0.9502837000 -0.6423624700
-0.0666086400 0.9407024100 -0.6266028700
-0.3149663600 0.8466428600 -0.1681104800
-0.2310749000 0.8616322000 -0.1691876800
-0.1848591400 0.8155692300 -0.2580924400
-0.3029644900 0.7969111000 -0.3375904300
-0.0745223100 0.9346469600 -0.6213573500
-0.0913269800 0.9553284000 -0.6109685900
-0.1029828900 0.9531831600 -0.5966791700
-0.0653068900 0.8887702000 -0.5142767500
0.1495136100 0.9065155100 -0.5710791300
0.0417291100 0.9217842700 -0.6261869600
-0.0249368500 0.9430795700 -0.6291484300
-0.1896380000 0.8486374200 -0.1691714300
-0.1860793500 0.8471249100 -0.1744381700
-0.1825432700 0.8272852100 -0.2227582400
-0.2050003900 0.8004585100 -0.2873730600
-0.2072359700 0.7991117700 -0.3020948400
-0.3248958300 0.8377518700 -0.2138366800
-0.3216507400 0.8391340700 -0.2011916800
-0.0513669500 0.9528305200 -0.6404915800
-0.0821102300 0.9450920100 -0.6154148300
0.1401207300 0.9125587500 -0.5408428200
-0.0203642500 0.9356118800 -0.6195272200
-0.2453032400 0.8089610200 -0.3478404200
-0.3005057700 0.8121063100 -0.3479683200
-0.3356948200 0.8297779300 -0.2264488800
-0.0322130900 0.8840529900 -0.5001764700
0.1060876800 0.8732148200 -0.4945469500
0.0913432800 0.9188019700 -0.6175626200
-0.0191836600 0.9517666000 -0.6221793100
-0.2640552700 0.8685613700 -0.1474921600
-0.2191102300 0.8600202500 -0.1761150200
-0.2103499900 0.8566426700 -0.1758473400
-0.1854258700 0.8433984200 -0.1844750700
-0.1053627700 0.9333807600 -0.5719881600
-0.3382617700 0.8224824800 -0.3082774500
-0.0338846900 0.9667774400 -0.6335183700
-0.0637140200 0.9562186400 -0.6186336100
0.1378594900 0.9186652300 -0.5825436800
0.1274790000 0.9254065500 -0.5891134500
0.0361753500 0.9363900300 -0.6109897000
-0.2721919600 0.8700146500 -0.1446043300
-0.3193098300 0.8087723700 -0.3375033400
-0.3413567100 0.8173192100 -0.2816702800
-0.3429384600 0.8254400400 -0.2584608300
-0.1078167500 0.9356786200 -0.5507866300
-0.1049162200 0.9333436600 -0.5398694200
-0.0790868200 0.9111179400 -0.5133430500
-0.0483192700 0.8875279800 -0.5084582900
0.1362060000 0.9046085300 -0.5363510000
0.1475514500 0.9124148400 -0.5549227900
-0.3158466500 0.8483399700 -0.1877666100
-0.2906732700 0.8628302100 -0.1483253200
-0.2503146000 0.8662777600 -0.1552460400
-0.1843614900 0.8404243800 -0.1972691600
-0.1860493600 0.8340215800 -0.2078062800
-0.0970532700 0.9584201800 -0.6079643500
-0.1065574000 0.9334901300 -0.5448991800
-0.0220106000 0.9052912500 -0.4814090000
0.1025983100 0.9303892500 -0.6007026500
-0.2420726700 0.8650062900 -0.1646979500
-0.1858649800 0.8473457100 -0.1732174400
-0.2310153600 0.8080016500 -0.3419231800
-0.2729332500 0.8119262700 -0.3512048300
-0.3299832100 0.8253697800 -0.3307326900
-0.1012897100 0.9513605100 -0.5843061600
-0.0426261800 0.9016096800 -0.4964025000
-0.0121087700 0.9080143400 -0.4768144600
0.1338330400 0.9064990000 -0.5313415700
-0.3219710400 0.8427464200 -0.2101328600
-0.3139563000 0.8514326100 -0.1738315200
-0.1832986500 0.8463004900 -0.1782012300
-0.1843173400 0.8432680000 -0.1863584900
-0.0240764300 0.8827599900 -0.4987130200
0.1231578200 0.8807944400 -0.5033336600
0.0497673300 0.9407484600 -0.6062371500
-0.0024362400 0.9371193900 -0.6110462200
-0.0085438900 0.9480397100 -0.6062947700
-0.0470369500 0.9691041800 -0.6280839300
-0.3332818000 0.8472427400 -0.2314021100
-0.2434876500 0.8704881300 -0.1736388600
-0.1841177100 0.8175992200 -0.2713981900
-0.1999140700 0.8100622100 -0.3106916800
-0.0634210600 0.9180660300 -0.4925770100
-0.0266768600 0.9098552400 -0.4808475200
0.1459889900 0.9157984000 -0.5662825000
-0.0735455000 0.9665680900 -0.6115200300
-0.0868002400 0.9767848700 -0.6075425700
-0.2272540700 0.8659715000 -0.1772092600
-0.2030951000 0.8103214900 -0.3218540200
-0.3115196800 0.8043453700 -0.3408379400
-0.3417165900 0.8399732200 -0.2761755500
-0.0583417600 0.8924740900 -0.5085587700
-0.0049813800 0.8940314000 -0.4896896700
0.1102157200 0.8797913400 -0.4901533300
0.1289295600 0.9044076700 -0.5228157000
0.0145219300 0.9389942200 -0.6068744700
-0.0141986600 0.9642299800 -0.6154176300
-0.0257341300 0.9554527600 -0.6313162800
-0.0258856700 0.9647792600 -0.6307404100
-0.1035101400 0.9673812700 -0.5589095000
-0.3104323100 0.8578732900 -0.1697401800
-0.2504184700 0.8687199600 -0.1644505200
-0.1997670800 0.8524951200 -0.1705098200
-0.1909134300 0.8148330600 -0.2859387000
-0.3392750200 0.8371141200 -0.2382443100
0.0409353000 0.8890797600 -0.5007995400
0.1269675600 0.8900046700 -0.5063619700
0.1267248200 0.8953651600 -0.5191749300
-0.0755865100 0.9902891200 -0.6022129100
-0.1014025100 0.9556460900 -0.5778271900
-0.1819155500 0.8225356200 -0.2344434200
-0.2864890400 0.8305834900 -0.3652836800
-0.0485104900 0.9046588000 -0.4967934200
0.0290195900 0.8892530700 -0.5008848100
0.0990375600 0.8803693000 -0.4872642000
-0.3341983700 0.8326877100 -0.3269638100
0.0088649100 0.8877495900 -0.4976068400
0.0815657800 0.8789942000 -0.4908913700
0.1451998900 0.9208472400 -0.5578041700
0.0290159100 0.9527755700 -0.5945053100
-0.0242302400 0.9773360500 -0.6263975600
-0.0307424200 0.9810155100 -0.6263179500
-0.0958962100 0.9754334000 -0.5985418600
-0.1080638000 0.9383704100 -0.5592729200
-0.0936867900 0.9404565800 -0.5130767900
-0.3242496000 0.8516488500 -0.2194563300
-0.1768539800 0.8229878500 -0.2493843800
-0.1768785000 0.8221420900 -0.2612896900
-0.3226938800 0.8546034300 -0.3540419400
0.1191810700 0.9381840600 -0.5847571800
0.0847194900 0.9397385200 -0.5997273400
-0.0008058700 0.9591335700 -0.5984021200
-0.0890858500 0.9888236500 -0.6002230800
-0.3035784600 0.8632098100 -0.1641952000
-0.2891059600 0.8724700100 -0.1584499900
-0.2739563700 0.8720337100 -0.1478551900
-0.1773957700 0.8358016400 -0.2121496700
-0.1922474500 0.8217978500 -0.3237675200
0.1469800800 0.9099316700 -0.5498328800
0.1015660400 0.9509611600 -0.5829364000
-0.2824236700 0.8691187400 -0.1471683400
-0.2662417100 0.8735339800 -0.1540286500
-0.3354389700 0.8394073200 -0.3187458500
-0.3421108200 0.8426857500 -0.2631260500
0.1426043000 0.9229338900 -0.5650387200
-0.0531144200 0.9757502200 -0.6149034800
-0.3134879900 0.8540402100 -0.1938753200
-0.2595680200 0.8268554400 -0.3614865900
-0.3309917400 0.8523508100 -0.3377447800
-0.0582733700 0.9206854600 -0.4865550700
0.0824388200 0.8924627300 -0.4837342700
0.1282799000 0.8936711300 -0.5105397000
0.0720073200 0.9394297900 -0.6042273400
-0.0078608400 0.9734864500 -0.6108189200
-0.2224355300 0.8239539200 -0.3490528000
-0.3353024300 0.8480252100 -0.3014500800
-0.3393672500 0.8528075600 -0.2557333300
0.1196591100 0.8841918800 -0.4927980600
0.1383864900 0.9211165700 -0.5378935600
-0.0581162600 0.9830157900 -0.6075568100
-0.0962295800 0.9739735700 -0.5912461000
-0.0898328500 1.0012380400 -0.5689617100
-0.3049484300 0.8695517600 -0.1748687400
-0.1960066600 0.8515468600 -0.1686150100
-0.1963815200 0.8234766200 -0.3318899500
-0.2186570700 0.8126443200 -0.3381392800
-0.2824106600 0.8390999700 -0.3674966400
-0.3065922900 0.8366877600 -0.3602978200
-0.3286463300 0.8635806000 -0.2306865800
0.0957203200 0.8882049000 -0.4819321100
0.1310162000 0.9368538600 -0.5761509100
-0.0010302500 0.9694562600 -0.5969939600
-0.1014492700 0.9564967400 -0.5256792900
-0.1804108500 0.8469746200 -0.1833297000
-0.1908192900 0.8199815200 -0.3081401000
-0.3180912600 0.8532563700 -0.2092937000
-0.0830647300 0.9296546700 -0.5065137400
0.1365259000 0.9268443300 -0.5773307600
0.0495620900 0.9521152300 -0.5949709300
-0.0375345500 0.9905067100 -0.6185345600
-0.0634950400 0.9949372800 -0.5994659700
-0.1016540500 0.9971204800 -0.5380279200
-0.1823358700 0.8509766700 -0.1738358300
-0.1706931800 0.8359896300 -0.2193929900
-0.3163549200 0.8420546800 -0.3565219700
-0.3097726300 0.8618490700 -0.1825705900
-0.0005510000 0.9071441600 -0.4780556500
0.0574106500 0.9003867600 -0.4894409400
-0.2545081200 0.8711066200 -0.1669862900
-0.1780360700 0.8453279400 -0.1937409700
-0.2403621800 0.8316800800 -0.3604533700
-0.3379295100 0.8579944700 -0.2597215900
-0.3321810800 0.8654948700 -0.2405208900
-0.0152667200 0.9918756300 -0.6152431800
-0.0946863800 0.9782560900 -0.5801532300
-0.0994938700 0.9911927200 -0.5513466100
-0.3164876200 0.8611631200 -0.3595090200
-0.3358233400 0.8556265200 -0.2853473800
-0.3313934100 0.8709848200 -0.2496039500
-0.0761829500 1.0050471900 -0.5946339500
-0.0911326400 0.9459756400 -0.5036192500
-0.0520081100 0.9181022500 -0.4864400700
0.0152933900 0.9052272600 -0.4817146200
0.0445289100 0.9103539900 -0.4794884100
0.1297050300 0.9073442700 -0.5139631600
0.1433501300 0.9266523500 -0.5490533100
-0.2133432900 0.8623408800 -0.1770118500
-0.1898007800 0.8518094800 -0.1674935100
-0.1642677300 0.8399484000 -0.2223942500
0.0320064100 0.9011540300 -0.4895169400
0.1106918900 0.8902642700 -0.4805155800
0.1409790800 0.9384698600 -0.5440291500
-0.0249179500 1.0014813000 -0.6119873100
-0.0496512500 0.9958918300 -0.6027245600
-0.2956578800 0.8731396800 -0.1660332100
-0.2007559200 0.8563440900 -0.1690868700
-0.1749610400 0.8493216100 -0.1890764500
-0.1696360600 0.8332278000 -0.2287099100
-0.1646037200 0.8325782200 -0.2553145400
-0.1724903700 0.8268302800 -0.2726895300
-0.3088748500 0.8615564200 -0.3645668600
0.1264842300 0.8938770200 -0.4918341000
-0.1041153800 0.9728682200 -0.5365576900
-0.1038543900 0.9609860500 -0.5335989700
-0.2815767400 0.8765457000 -0.1546538100
-0.2762379000 0.8753862300 -0.1519601400
-0.2675494200 0.8803696600 -0.1557158300
-0.2569008400 0.8818656900 -0.1640162200
-0.2195435500 0.8640225400 -0.1783184800
-0.2097540600 0.8368169000 -0.3514864300
-0.3281287600 0.8727843000 -0.3327433600
0.1012174200 0.8909810600 -0.4782872500
0.1296287600 0.8989847700 -0.4973723600
0.1311154400 0.9149615500 -0.5236311800
-0.0112556100 0.9814599600 -0.6151432100
-0.0971693300 0.9808710800 -0.5670195500
-0.2239452900 0.8389377600 -0.3593966700
-0.3220554600 0.8755006700 -0.2250097200
-0.3141979100 0.8650314300 -0.2133545300
-0.0703961800 0.9478545200 -0.4767496800
0.1233612000 0.8929742400 -0.4856499600
0.0104327900 0.9554405700 -0.5948241300
-0.2649518300 0.8776920400 -0.1573884100
-0.1712765400 0.8417183200 -0.2072008200
-0.1703686800 0.8307853000 -0.2791753200
-0.1804740000 0.8269137900 -0.2917086700
-0.1789238900 0.8305750800 -0.3009549900
-0.3305034100 0.8717077400 -0.2954739100
-0.0503180100 0.9276029100 -0.4758147100
0.1310835600 0.9028200200 -0.5020337600
0.0671686700 0.9556457800 -0.5901717000
-0.0867279300 1.0016998400 -0.5834294700
-0.2371509300 0.8473267100 -0.3661693900
-0.3263236700 0.8564750400 -0.3486708600
-0.0620883800 0.9363264600 -0.4760006300
-0.0327677200 0.9199344100 -0.4799008700
0.0008213500 0.9126715000 -0.4717423800
0.1167326800 0.8926457100 -0.4793978100
0.1307212900 0.9151124600 -0.5173043700
0.1355856500 0.9262571200 -0.5284190100
0.1220435000 0.9502998800 -0.5702149600
0.0429431700 0.9638420000 -0.5837098700
-0.2386684700 0.8770659500 -0.1781881100
-0.1659513000 0.8326855400 -0.2435877700
-0.1590580600 0.8396970800 -0.2773983700
-0.3277759900 0.8803985300 -0.3176303100
0.0013455700 0.9852523800 -0.6003314700
-0.0297311200 1.0078757700 -0.6048012400
-0.0628295400 0.9832113200 -0.6058944000
-0.0934341700 0.9553355100 -0.5046547300
-0.2066631500 0.8630179400 -0.1723450800
-0.1865012500 0.8556901700 -0.1666456300
-0.1651751500 0.8450063700 -0.2143614500
-0.2625018200 0.8483092600 -0.3683641500
-0.3155954500 0.9084105200 -0.3393008200
-0.3036736700 0.8762480500 -0.1822490300
0.1399305700 0.9287967200 -0.5406008300
-0.0821723100 1.0102385300 -0.5840666500
-0.2963829700 0.8826085200 -0.1770692900
-0.2127157900 0.8728211600 -0.1772707000
-0.1950865900 0.8568252600 -0.1662855300
-0.1814021100 0.8376489900 -0.3359617600
-0.3226107000 0.8904503100 -0.2404514900
-0.0167647200 0.9185756600 -0.4662436000
0.0015306800 0.9209444000 -0.4590155300
0.0226740800 0.9131652900 -0.4732634900
0.0613625400 0.9161308300 -0.4681554600
0.0266144700 0.9643403300 -0.5846851100
-0.0986048000 1.0039857700 -0.5427580700
-0.2157620900 0.8454392500 -0.3595837700
-0.2942027900 0.8619226300 -0.3702469200
-0.3297806700 0.8768799500 -0.2581837500
-0.0396535900 1.0214837800 -0.5878915900
-0.0382748700 0.9224019400 -0.4800262500
0.0840228200 0.9001383600 -0.4738855500
0.0867304700 0.9567251200 -0.5853290200
-0.1767296600 0.8461190700 -0.3416981000
-0.2018800400 0.8488821600 -0.3550920100
-0.2714734000 0.8650738200 -0.3705189100
-0.3334588900 0.8531561300 -0.3176157500
-0.3272126400 0.8831781600 -0.2711635000
-0.0981495000 0.9756776000 -0.5107449600
-0.0054771800 0.9217917900 -0.4583738500
0.0696109300 0.9104438100 -0.4704272700
0.1428269800 0.9309343200 -0.5551737300
-0.3080041000 0.8769636300 -0.2133396400
-0.3049738600 0.8751098500 -0.1997307300
-0.2811607000 0.8846044000 -0.1623292500
-0.1494972100 0.8457329300 -0.2430597200
0.1339531800 0.9308392700 -0.5217735500
-0.0095739200 1.0146176800 -0.6026792500
-0.0570384800 1.0221514400 -0.5874153200
-0.0909205800 0.9758862300 -0.4830447700
-0.2971456700 0.8927793500 -0.2079748400
-0.2454363600 0.8768911300 -0.1743799500
-0.1593799500 0.8459368500 -0.2887098100
-0.1697688200 0.8405407800 -0.3028131200
-0.1707726600 0.8435207500 -0.3282123500
-0.3241248800 0.8944469500 -0.3040295600
0.1345594700 0.9427099800 -0.5114551000
0.1377997400 0.9397762400 -0.5308424000
0.1383356500 0.9392956000 -0.5613849200
0.0531494200 0.9755709400 -0.5731904700
-0.0364816800 1.0152744600 -0.5929914400
-0.2317247700 0.8859372500 -0.1809440500
-0.1603703000 0.8577372600 -0.2027759400
-0.2096117200 0.8597960300 -0.3662091400
-0.0512246100 0.9430223200 -0.4576306000
-0.0324075800 0.9366182000 -0.4605892500
0.1320181400 0.9276184100 -0.5038843000
0.0192509500 0.9902276300 -0.5752405800
-0.0875632300 1.0143995500 -0.5598615900
-0.2527211500 0.8901359600 -0.1650855400
-0.1701864000 0.8530049000 -0.1978551700
-0.1588970700 0.8477369700 -0.2167434900
-0.1933338300 0.8417836500 -0.3451913500
-0.3052729400 0.8849215800 -0.3606340800
-0.0536576300 0.9503430300 -0.4506019000
0.1394933000 0.9479144300 -0.5433263500
0.1077448600 0.9611945300 -0.5716083400
0.0022297400 1.0079802700 -0.5994286900
-0.0816589200 1.0191756100 -0.5688525200
-0.1001779200 0.9920147200 -0.5178320800
-0.2651145300 0.8883034000 -0.1586367900
-0.1816273300 0.8565237900 -0.1685365500
-0.1749087500 0.8583899700 -0.1732238300
-0.1532900900 0.8440076500 -0.2332890000
-0.1519704000 0.8433438000 -0.2550439800
-0.1502138600 0.8480083500 -0.2739705600
-0.2256128600 0.8659514500 -0.3708568500
-0.2891624900 0.8847718400 -0.3698557800
-0.3202582000 0.8888479600 -0.2307315900
0.1320981800 0.9212699900 -0.5031969800
-0.0760298900 1.0240389000 -0.5763753300
-0.2180500400 0.8807509200 -0.1799753000
-0.1818959300 0.8576802400 -0.3501262200
-0.2523997100 0.8722039900 -0.3713313900
-0.3206345700 0.9026078000 -0.2858711900
-0.0462229900 0.9405122800 -0.4586987800
0.0171795900 0.9206226600 -0.4624414100
0.1221787500 0.8994651300 -0.4744603500
0.1292224000 0.8989741600 -0.4894391800
0.0975500300 0.9667592000 -0.5742031700
-0.0782101000 1.0324627100 -0.5553866700
-0.1013819600 0.9952557000 -0.5268678700
-0.1559321100 0.8404700300 -0.2666797200
-0.1693094800 0.8583702800 -0.3453203500
-0.3149411300 0.8970638400 -0.3478255800
-0.3238292200 0.8905838400 -0.2563628000
-0.0844592000 0.9604123500 -0.4841053600
-0.0649437400 0.9574916200 -0.4622796000
0.0339006600 0.9147615200 -0.4718830100
0.1332823700 0.9093960100 -0.4927919500
0.1326186700 0.9317073600 -0.5142064300
-0.0819530600 0.9736364800 -0.4700652600
-0.2835875600 0.8927420200 -0.1732953400
-0.2463098000 0.8877843700 -0.1727387700
-0.2382759900 0.8914719600 -0.1782677400
-0.1918909600 0.8655686700 -0.3613252100
-0.3183743400 0.9129567800 -0.3191430700
0.1064144900 0.8989258900 -0.4670279900
0.0890419600 0.9703203500 -0.5738406300
-0.3129749200 0.8910038200 -0.2237059600
-0.2922281700 0.8889182600 -0.1814512100
-0.2975488100 0.8842298400 -0.3665993900
-0.0352682800 0.9511067200 -0.4357898000
0.1368966800 0.9403824500 -0.5232613200
0.0246158300 0.9827647200 -0.5732803400
-0.0114377800 1.0267118800 -0.5947192500
-0.0949947600 0.9807625100 -0.4960329700
-0.1497838400 0.8486180600 -0.2260978300
-0.3130481700 0.9162695200 -0.2445328100
0.0176002400 0.9258446500 -0.4550649100
0.0924368600 0.9003500600 -0.4687917700
0.1306844700 0.9534133600 -0.5574153900
0.0183350500 1.0158246900 -0.5820293400
-0.0944113100 1.0092382700 -0.5482482100
-0.2885503800 0.8989856600 -0.1960671200
-0.2060340600 0.8826511100 -0.1754995700
-0.1951266500 0.8644264800 -0.1657788500
-0.2019603100 0.8748165100 -0.3694197100
-0.0101763300 0.9294970500 -0.4479393700
0.1259067000 0.9569547300 -0.5609195900
0.1041815200 0.9752169100 -0.5640009600
0.0416237200 1.0149285700 -0.5580401300
-0.0698106100 1.0263684300 -0.5810760900
-0.0880311300 0.9506684800 -0.4974935600
-0.2321063800 0.8936568000 -0.1808300400
-0.2077358600 0.8757583100 -0.1747889700
-0.1832776900 0.8666933500 -0.1626471200
-0.3095596300 0.8913377500 -0.3555300800
0.1292786300 0.9061936100 -0.4802912800
0.1340972700 0.9148400000 -0.4943267400
0.1391364800 0.9617909900 -0.5266522200
0.1359065000 0.9610545700 -0.5395763100
-0.0115257800 1.0405645100 -0.5840434800
-0.2286450000 0.8781683000 -0.1802001100
-0.1781817000 0.8628590100 -0.1651639000
-0.3169048300 0.9140818400 -0.3289307100
0.1134839300 0.9047976800 -0.4621058200
0.1338966300 0.9394827000 -0.5003720700
0.0942233400 0.9797895700 -0.5640773900
0.0638864900 0.9873295600 -0.5624701800
0.0171164800 0.9992210800 -0.5802466900
-0.2913024800 0.9028638700 -0.2101324800
-0.1418224600 0.8637260900 -0.2080586300
-0.1520503300 0.8560311300 -0.2964999700
-0.2823738200 0.8792554400 -0.3711054200
0.1020537800 0.9082539400 -0.4555862300
0.1330746900 0.9344836500 -0.5079368600
-0.0953040600 1.0198779500 -0.5264067500
-0.3010098100 0.8976454700 -0.2166846300
-0.2814632700 0.9025712600 -0.1817330500
-0.2666469300 0.9041022400 -0.1699891400
-0.2734982800 0.8854737800 -0.1588062300
-0.1374029200 0.8563635100 -0.2360964700
-0.1325519700 0.8612260600 -0.2445846300
-0.1421952800 0.8539697800 -0.2658272700
-0.2110917900 0.8895040400 -0.3763042500
-0.3163589900 0.9201386100 -0.2843260100
-0.3040215100 0.9224469400 -0.2292595200
-0.0285021100 0.9331093600 -0.4637443800
-0.0247098800 0.9297400100 -0.4647824200
0.0777755400 0.9791692400 -0.5673394000
0.0327083200 0.9986394800 -0.5657874000
-0.0482268400 1.0396239600 -0.5791885300
-0.0956653900 1.0205290600 -0.5095411400
-0.0959014100 1.0105081000 -0.5035927200
-0.2500724000 0.9005830000 -0.1657527800
-0.1852759000 0.8735913100 -0.1619524600
-0.1632381600 0.8663968800 -0.1866439200
-0.1318892900 0.8626039600 -0.2277884300
-0.2399892200 0.8911465500 -0.3738683900
-0.0121723400 0.9372684500 -0.4401815600
0.0041002100 0.9336885000 -0.4342175300
0.1389898800 0.9505752600 -0.5263683800
0.0407940500 0.9871505100 -0.5657316200
0.0029147200 1.0256052100 -0.5923919600
-0.0698148800 1.0369318100 -0.5640026600
-0.1912925000 0.8778428500 -0.1645905800
-0.1678450300 0.8667033600 -0.1757076100
-0.1606622400 0.8614788600 -0.3387035300
-0.2997071400 0.9274124800 -0.3478343500
-0.3137897700 0.9074450300 -0.2325017200
0.1311637600 0.9661051300 -0.5436635400
0.1068818000 0.9811858100 -0.5588566800
0.0978846400 0.9900956800 -0.5559068200
0.0457892100 0.9993648600 -0.5576645300
0.0141196000 1.0230183900 -0.5859574000
0.0201760300 1.0382683700 -0.5792468400
-0.0050996000 1.0532338800 -0.5767288700
-0.0287467100 1.0449580500 -0.5786502000
-0.0870026100 0.9885013100 -0.4649106000
-0.1746122400 0.8714698400 -0.3530069600
-0.2515173600 0.9015915600 -0.3746012500
-0.2719067100 0.9062257300 -0.3710636500
-0.3143909600 0.9247476700 -0.3177227100
-0.3156719100 0.9157905100 -0.2639252100
-0.0200643000 0.9487876300 -0.4338293200
-0.0019924100 0.9322937600 -0.4385485600
0.0512928800 0.9224871600 -0.4621981000
0.1388609700 0.9641158900 -0.5169273900
-0.0502874000 1.0466581700 -0.5732286000
-0.0900038200 1.0344997300 -0.5275620300
-0.2796447000 0.9068535000 -0.1889804700
-0.1549078800 0.8681826800 -0.1942017700
-0.1328326400 0.8620902500 -0.2591063400
-0.1468984400 0.8632613300 -0.3142025100
-0.0459240300 0.9543438400 -0.4374366300
-0.0926637200 0.9863392600 -0.4797976700
-0.1956756600 0.8860731700 -0.1699678800
-0.1725810600 0.8719290700 -0.1626165000
-0.1696419300 0.8673138900 -0.1702265700
-0.1930682400 0.8914154200 -0.3723113400
-0.3108408400 0.9187336900 -0.2378833300
-0.0506164200 0.9554861900 -0.4390408800
0.0097009000 0.9288723000 -0.4457360600
0.1140774400 0.9750732900 -0.5575958300
-0.0942056500 0.9960811800 -0.4802307900
-0.0589163100 0.9610556900 -0.4488412000
-0.2088651000 0.8912305500 -0.1800749900
-0.1377957700 0.8615586300 -0.2759771800
-0.2876133200 0.9105042800 -0.3638330900
0.0011738300 0.9448158300 -0.4167573900
0.0270713900 0.9350941900 -0.4449514800
0.0922969900 0.9112491200 -0.4543563600
-0.0023129500 1.0326653800 -0.5904792200
-0.0402322100 1.0622563800 -0.5642801200
-0.0513010600 1.0530900800 -0.5660655900
-0.0598127200 1.0464025600 -0.5651842600
-0.0823108300 1.0403730200 -0.5386254200
-0.0956567700 1.0131496800 -0.4832131000
-0.2908580100 0.9112852100 -0.2142128400
-0.2558829700 0.9124218400 -0.1713419500
-0.2508270500 0.8953687900 -0.1655023100
-0.2381985100 0.9009565400 -0.1749105700
-0.1687393600 0.8716654700 -0.1667311100
-0.1583076600 0.8752681300 -0.1826128800
-0.1476294800 0.8679441100 -0.3254918800
-0.1554173500 0.8788842800 -0.3474131900
-0.2249789400 0.8890815600 -0.3747673100
-0.2877496800 0.9486432100 -0.3499682400
-0.3109346700 0.9361624900 -0.2910962300
0.0324782300 0.9284807800 -0.4553497100
-0.0680133900 1.0486052400 -0.5496964100
-0.0398968400 0.9605725500 -0.4164688700
0.1353143800 0.9230562800 -0.4818158200
0.1354728900 0.9351116500 -0.4894462100
0.1127400600 0.9909675700 -0.5480543700
-0.0745507000 1.0532524200 -0.5333602600
-0.0915114900 1.0384843500 -0.5107660600
-0.1750191500 0.8916989600 -0.3659788400
-0.3010536100 0.9368463100 -0.3420311800
-0.2169128100 0.8977342600 -0.1836328100
-0.1220064300 0.8741881500 -0.2660757000
0.0612311600 1.0050431400 -0.5495388700
-0.0247460800 1.0604229300 -0.5694451800
-0.0950051000 1.0250861600 -0.5003429100
-0.0949125700 1.0126829800 -0.4605486500
-0.0907738700 0.9941825100 -0.4669623500
-0.3095627000 0.9344091100 -0.2578056600
0.0738721500 0.9205239400 -0.4533871400
0.0692709600 1.0017564100 -0.5503862000
-0.0843506700 1.0481905700 -0.5216964300
-0.0759774200 0.9826746200 -0.4513096200
-0.2567968500 0.8990651100 -0.1636160700
-0.1759988800 0.8843962700 -0.1600014700
0.1231426700 0.9123315500 -0.4617990200
0.1358518600 0.9420034900 -0.4892326000
0.1373147700 0.9507782100 -0.5160047700
-0.0278722300 1.0742221200 -0.5590315700
-0.1580389800 0.8942618500 -0.3624035900
-0.3008746700 0.9586497900 -0.2771923100
-0.2764953100 0.9192729400 -0.2054406000
-0.2386013400 0.9079779400 -0.1725718200
0.0471739800 0.9348271300 -0.4477429000
0.0662754600 0.9321913100 -0.4450439400
0.0887765500 0.9196724000 -0.4459066300
-0.0964357500 1.0181140100 -0.4694681300
-0.2102717600 0.9293456600 -0.3853403300
-0.3047989300 0.9501279600 -0.2681563100
-0.2766958400 0.9310844800 -0.2135051400
-0.1347466400 0.8710825000 -0.2967191200
0.0233576500 0.9376589300 -0.4382492000
0.0607795800 0.9273987000 -0.4534274400
0.1325569300 0.9137502300 -0.4758252500
0.1369692400 0.9307457700 -0.4803414000
0.1338714000 0.9795335700 -0.5283030900
-0.0658030300 0.9746617900 -0.4363767400
-0.1630663400 0.9021062700 -0.3659820300
-0.2295990700 0.9236185400 -0.3783176400
-0.2799319000 0.9459942900 -0.3582449800
-0.1640317400 0.8839182700 -0.1639117900
-0.1435288600 0.8859037900 -0.3413839700
-0.0548604500 0.9635853500 -0.4278321500
-0.0169860400 0.9550482500 -0.4222271900
0.0150247000 0.9394763300 -0.4283866700
0.1368962900 0.9629611400 -0.5009552900
0.1220032600 0.9829358600 -0.5449399900
0.0882315100 1.0027073100 -0.5491094000
-0.0852055800 1.0026453600 -0.4460032400
-0.2009225000 0.9110712500 -0.3821872500
-0.2259189300 0.9138006100 -0.1806058600
-0.2012102200 0.8997470400 -0.1799347500
-0.1247239000 0.8738102600 -0.2746230100
-0.1349953500 0.8776056800 -0.3153831500
0.1379212300 0.9729895600 -0.5226693800
0.1287471500 0.9885627900 -0.5315071300
0.0388257300 1.0439732400 -0.5638272800
-0.0453033900 1.0702991700 -0.5505820100
-0.0964676300 1.0272768000 -0.4789396900
-0.2669693500 0.9348089500 -0.3673030300
-0.2884869600 0.9574454800 -0.3434984800
-0.2407800500 0.9180361100 -0.1721640800
-0.1449672900 0.8801424900 -0.1885289400
-0.0549741100 0.9713198300 -0.4088384800
0.0075325300 0.9429509900 -0.4169618900
0.1354688800 0.9543903800 -0.4959689600
0.1216772900 0.9973767600 -0.5337543700
0.1075572000 1.0057745100 -0.5412987400
-0.2397052000 0.9156694900 -0.3760347500
-0.3014209700 0.9410728900 -0.2372253400
-0.2732187500 0.9464260800 -0.2199610900
-0.2686577900 0.9239671000 -0.1934618300
-0.2680591400 0.9186701200 -0.1800315700
-0.1423777800 0.8583419900 -0.2161140700
-0.0036169700 0.9416654600 -0.4265373000
0.1000841000 0.9250598600 -0.4355695800
0.1289743400 0.9133972100 -0.4682387600
0.0077439600 1.0563482800 -0.5748711700
-0.2950336000 0.9398135100 -0.2318176600
-0.2590427100 0.9282797400 -0.1772683700
-0.1334729100 0.8728615700 -0.2027186600
-0.1273170400 0.8821395900 -0.3084031700
0.1005264600 1.0072196900 -0.5435861900
0.0436204000 1.0656022200 -0.5589527100
0.0008842300 1.0737577800 -0.5619428800
-0.0967272300 1.0247952700 -0.4665738200
-0.2394705100 0.9371173500 -0.3744631900
-0.2816404300 0.9545468900 -0.3534031900
-0.3057283500 0.9386463300 -0.3301994600
-0.3042842700 0.9525746300 -0.2990938400
-0.1566292200 0.8863668100 -0.1713067800
-0.1282072400 0.8673855200 -0.2198834000
-0.1209907300 0.8733317900 -0.2557084500
-0.0444971800 0.9649057400 -0.4067239800
0.0399448100 0.9430990400 -0.4364721700
0.0611445400 1.0265924400 -0.5417303700
-0.0723726900 0.9852649400 -0.4357335000
-0.2688612700 0.9208196600 -0.1854681400
-0.2226154600 0.9018372000 -0.1831666300
0.0902432700 0.9236461500 -0.4396797000
0.1338363600 0.9328855100 -0.4584817100
0.0740754700 1.0186896900 -0.5388855500
0.0494831200 1.0315880900 -0.5501880700
0.0186438100 1.0610189500 -0.5707860300
-0.0809947800 1.0559811900 -0.5184784700
-0.0929365700 1.0467440600 -0.4874734400
-0.1469627300 0.9255543300 -0.3680715200
-0.1655333700 0.9324171900 -0.3786572400
-0.1843120400 0.9194564600 -0.3804171200
-0.2129314300 0.9299503600 -0.1828068800
0.0681884600 0.9363394100 -0.4383304000
0.1375007300 0.9349411000 -0.4656176000
0.1368200200 0.9751233200 -0.4867039000
0.1396498400 0.9764651000 -0.5014369600
-0.0158235700 1.0797182200 -0.5576258400
-0.0318315700 1.0781743700 -0.5535821000
-0.0639252900 1.0736827100 -0.5221445500
-0.0763547200 1.0688691400 -0.5078330300
-0.0873936100 1.0587675200 -0.4947676300
-0.0911997500 1.0119525700 -0.4491744100
-0.3017720900 0.9508433500 -0.2454046100
-0.2531966600 0.9297415900 -0.1739426000
-0.2336228000 0.9188509200 -0.1746891100
-0.1187383500 0.8872214500 -0.2936011100
-0.0465592300 0.9684840300 -0.3935114600
-0.0267398200 0.9614979800 -0.4055611000
0.1231314100 0.9294925700 -0.4435124600
0.1390342100 0.9787581600 -0.5101732400
-0.2579751300 0.9560632400 -0.3646550600
-0.2897471600 0.9568488600 -0.2309754500
-0.2532537600 0.9483983600 -0.1950635400
-0.1882989300 0.8964752500 -0.1679792800
-0.0572150200 0.9720578800 -0.3934312600
-0.0089820900 0.9546013100 -0.4190261000
0.0387824700 0.9570393200 -0.4083398900
0.0161747300 1.0772428500 -0.5594543400
-0.0946111000 1.0407139700 -0.4750008400
-0.2308972900 0.9467443000 -0.3736102800
-0.1621082600 0.8958107300 -0.1598155700
-0.1127480700 0.8811019500 -0.2490930400
-0.1258234600 0.8895680100 -0.3175642800
0.0044966200 0.9441716200 -0.4153557300
0.1095600600 0.9185813500 -0.4459542900
0.1120592900 1.0186482200 -0.5300003300
0.0359736200 1.0780900400 -0.5567965300
-0.0325636000 1.0914957800 -0.5379001200
-0.2627581400 0.9409903900 -0.2058869100
-0.2046832800 0.9049328300 -0.1834266500
-0.1189976400 0.9042411500 -0.3262813500
-0.1237608600 0.9148285600 -0.3448667600
0.0187333200 0.9475951800 -0.4121842000
0.1368494500 0.9464180500 -0.4824241400
0.1365188400 0.9668609900 -0.4792797700
-0.0945748400 1.0195927100 -0.4488542100
-0.0768495400 0.9957959900 -0.4220197200
-0.2911630400 0.9806298300 -0.3081278500
-0.2976329400 0.9660577100 -0.2931916300
-0.2932986600 0.9693358000 -0.2436972700
-0.2661406900 0.9531985400 -0.2171765100
-0.2119141600 0.9079087700 -0.1851208300
-0.1488858800 0.8870734800 -0.1793245300
-0.1045897800 0.9326255600 -0.3380526200
0.0457068800 0.9580515200 -0.4114902800
0.0930965400 0.9369855300 -0.4220805000
0.1400293200 0.9473237500 -0.4589197100
0.1312923600 1.0079928400 -0.5094953800
0.0301166200 1.0614050500 -0.5673287100
-0.2130264000 0.9719397100 -0.3747910200
-0.2799554300 0.9779894000 -0.3441879200
-0.1716312500 0.9106811500 -0.1588703100
-0.1236183700 0.8702203000 -0.2332243900
-0.1108346600 0.8982053400 -0.3027626300
-0.0017517800 0.9566024500 -0.3999722200
0.0160854900 0.9547755700 -0.3929047000
0.0560212600 0.9428647900 -0.4345583800
0.0957401200 1.0168484000 -0.5393869500
-0.2708587600 0.9584576100 -0.3588382700
-0.1119845400 0.8846492700 -0.2073513900
-0.1120938200 0.8828154700 -0.2610376200
0.1166993800 0.9281613000 -0.4393191000
0.0781877500 1.0445869100 -0.5288452800
-0.0050165500 1.0960966600 -0.5485321000
-0.0307463200 1.0877178100 -0.5445672200
-0.0650578200 1.0821743400 -0.5096299500
-0.2721612600 0.9708741500 -0.3538869300
-0.2435443800 0.9317460400 -0.1738990500
-0.2215550500 0.9325595500 -0.1786195000
-0.1985501200 0.9204549700 -0.1840904500
-0.1811130500 0.8930431800 -0.1624003500
-0.1155894900 0.8843468600 -0.2024154700
-0.1058623700 0.8927920800 -0.2731140700
-0.1080275400 0.8979559400 -0.2893051100
-0.1020628700 0.9113537100 -0.3098401400
-0.0304202400 0.9659133300 -0.3794662600
0.1415534700 0.9533894200 -0.4602031200
0.1368861600 0.9720210000 -0.4825538600
0.1247718700 1.0032672200 -0.5259067000
0.0518506400 1.0621839500 -0.5526458900
-0.2813820300 0.9803296600 -0.2285507900
0.1390348600 0.9918515600 -0.4988433700
0.0832252200 1.0349983900 -0.5299375300
-0.1982413400 0.9546304800 -0.3859091200
-0.2857339800 0.9793383200 -0.3349860100
-0.2920697800 0.9773076100 -0.3179134000
-0.2880177100 0.9792759100 -0.2614304500
-0.2913531700 0.9626855100 -0.2345964300
-0.1900279300 0.9157132500 -0.1784352800
-0.1688388700 0.8899145000 -0.1593126200
-0.1498001600 0.8985089000 -0.1697772900
-0.0971211800 0.8973627900 -0.2384117500
-0.0083171100 0.9652165600 -0.3886208300
0.0525372200 0.9551843300 -0.4173266300
0.0700832100 0.9480446200 -0.4225478900
0.1392007100 0.9478616100 -0.4521022300
0.0627672100 1.0466722600 -0.5400555400
-0.0486158900 1.0875615500 -0.5228700200
-0.0901231700 1.0606846600 -0.4662157700
-0.2443412000 0.9875541100 -0.3582848900
-0.2899440700 0.9763382600 -0.2758352700
-0.2871085000 0.9794443000 -0.2397298400
-0.2511412100 0.9367045100 -0.1757766900
-0.2313163000 0.9314650200 -0.1756605300
-0.2108491500 0.9216806200 -0.1843409200
-0.1801193000 0.9095837400 -0.1659269900
-0.1367019300 0.8958281800 -0.1806185500
0.1175788700 1.0189637100 -0.5242074300
-0.0916471600 1.0523800600 -0.4551875400
-0.0942778900 1.0306387200 -0.4525382400
-0.1559390300 0.9582548300 -0.3849186100
-0.1840502800 0.9491777500 -0.3877363600
-0.2506730600 0.9468693600 -0.1849041400
-0.2456517600 0.9486340500 -0.1780993900
-0.1208642200 0.8862561400 -0.1957692700
-0.0560776500 0.9737642100 -0.3767508300
-0.0380875700 0.9645174800 -0.3975459300
0.0218146500 0.9544294200 -0.3972876600
0.0533050600 1.0830726400 -0.5477781300
0.0125264000 1.0938095100 -0.5513421800
-0.0202039200 1.1008062900 -0.5380328600
-0.0580209900 1.0932443000 -0.5051729600
-0.0882409800 1.0062592800 -0.4131946000
-0.2562908800 0.9581711600 -0.2101542700
-0.1678822700 0.9010357200 -0.1578869800
-0.1301194200 0.8894796500 -0.1879542000
-0.1084313700 0.9023526500 -0.1856611600
0.1374227600 0.9636838500 -0.4739401800
0.1401954400 0.9776116500 -0.4712883000
0.0914455800 1.0465923600 -0.5220286200
0.0260625800 1.0856358000 -0.5534576500
0.0280815000 1.1080266800 -0.5397444200
-0.1925335700 0.9697078500 -0.3858790100
-0.2717311800 1.0190578000 -0.3218476300
-0.2647994700 0.9613297200 -0.2176946600
-0.2381842600 0.9424388400 -0.1738653600
-0.1518046800 0.9052068800 -0.1624391500
-0.0803857800 0.9317964200 -0.2976858300
-0.2856619700 0.9857648400 -0.2446814100
-0.2509695900 0.9698061500 -0.2086037000
-0.1080167300 0.8865302000 -0.2133943900
-0.0947749200 0.8991158700 -0.2108993400
-0.0926662000 0.9068145100 -0.2702504000
-0.0989485400 0.9258656100 -0.3234873200
-0.0377869300 0.9685682900 -0.3610731000
0.1052123400 0.9314213900 -0.4284779600
0.1216110800 1.0246207100 -0.5184492100
0.1112705000 1.0323900000 -0.5244789800
-0.0152041300 1.0974638500 -0.5443015400
-0.2860749000 0.9860588700 -0.2885202700
-0.2769851000 0.9725544200 -0.2236062200
-0.2588517500 0.9425608400 -0.2007021100
-0.0974290000 0.8987550800 -0.2011716200
-0.0455770300 0.9699359600 -0.3639380400
0.0290166000 0.9601494700 -0.3838578600
0.1298530500 0.9309945500 -0.4518918600
0.1330550200 0.9405545500 -0.4425115200
0.1414797500 0.9908114300 -0.4892667300
0.0834715200 1.0587173400 -0.5234881300
0.0645071700 1.0710851400 -0.5422402200
-0.2385330200 0.9714698300 -0.3650667900
-0.2803637700 1.0056365600 -0.3067265800
-0.2419934000 0.9623830300 -0.1846875400
-0.2381903700 0.9516702600 -0.1743169300
-0.2087496000 0.9411155200 -0.1831188200
-0.1935117300 0.9302535800 -0.1835356800
-0.0951567000 0.8982856300 -0.2233498200
0.0106287400 0.9560968000 -0.3886549200
0.1355468300 0.9967829000 -0.5067255300
-0.0043439200 1.1151191800 -0.5314426900
-0.0209507900 1.1083767700 -0.5261905800
-0.0993084700 1.0279089900 -0.4307019400
-0.0963113600 1.0178589100 -0.4250009800
-0.2899420800 0.9792010400 -0.3257022900
-0.2816879500 0.9957262500 -0.2736685300
-0.1740233600 0.9212824400 -0.1613040400
-0.0542779200 0.9734283800 -0.3585221800
0.0046711700 0.9587219800 -0.3852402100
0.0510383700 0.9632592200 -0.4006748000
0.1038843800 0.9392637200 -0.4157228200
-0.0895903700 1.0620801000 -0.4787212000
-0.1279959300 0.9857119300 -0.3856720400
-0.2548378200 0.9895163500 -0.3533653300
-0.2695495000 0.9991066900 -0.3407808400
-0.2165482400 0.9458750700 -0.1787318900
-0.0762844000 0.9520357500 -0.3166567600
0.0641621500 1.0990057800 -0.5360957200
0.0528162500 1.1065245500 -0.5347160300
-0.0972599000 1.0309603900 -0.4398775900
-0.2245690300 0.9794119200 -0.3666740000
-0.2699505300 0.9831737500 -0.2170056500
-0.2553042800 0.9726648800 -0.2114265800
-0.2397481100 0.9602509500 -0.1788212600
-0.1860893300 0.9275158600 -0.1779109200
-0.1792941600 0.9376194400 -0.1741260200
-0.0827392600 0.9162260700 -0.2602642500
-0.0408305500 0.9712405800 -0.3469692900
-0.0297280900 0.9703990600 -0.3488768600
0.1402125300 0.9858415800 -0.4760423500
0.0661143600 1.0816751000 -0.5401351300
-0.0296385800 1.1117939600 -0.5117417100
-0.0689245100 1.0914738000 -0.4913144600
-0.2737150600 0.9897907000 -0.2209783400
-0.2030707800 0.9340046300 -0.1853081100
0.0632771200 0.9579250900 -0.4083630700
0.1408122200 0.9685039400 -0.4619583300
0.1063442100 1.0414561300 -0.5203165500
0.0949615100 1.0550113900 -0.5168241000
-0.1033533300 1.0280469000 -0.4176349700
-0.2820461700 0.9857858100 -0.2332500700
-0.2279211000 0.9454049400 -0.1748341300
-0.0883312300 0.9080498400 -0.2166044100
0.0609532000 0.9694017200 -0.3869571800
0.1394357400 0.9574955200 -0.4307597300
-0.0543163400 1.1016313700 -0.4974446400
-0.0844532700 1.0706825300 -0.4850774700
-0.1509082200 0.9900453200 -0.3894627100
-0.1946753100 0.9779993000 -0.3822287700
-0.2419791800 1.0119644800 -0.3491072600
-0.2564223200 1.0148410500 -0.3414327700
-0.2752915800 1.0176341600 -0.3034139700
-0.2404327800 0.9701096600 -0.1889258900
-0.1918556600 0.9434394800 -0.1828575500
-0.1850827800 0.9388054500 -0.1794741100
-0.1572721400 0.9205187700 -0.1535003600
-0.0980211400 0.9022653500 -0.1934885000
-0.0815116300 0.9163008800 -0.2386614100
-0.1551885300 1.0047802500 -0.3866841700
-0.2801139400 1.0074166800 -0.2617059600
-0.2848805900 0.9954125900 -0.2537037900
-0.1298341800 0.9105862900 -0.1734152900
-0.1196167600 0.9088493700 -0.1782376200
0.1303704300 0.9485568700 -0.4231876400
0.1274220900 1.0359307800 -0.5075020100
0.1166497800 1.0442329300 -0.5135621100
-0.0941145100 1.0463675400 -0.4454913200
-0.0938875400 1.0113320800 -0.4068116700
-0.0112011900 0.9708920600 -0.3619905300
0.0207300300 0.9600409200 -0.3785214100
0.1235642400 0.9443980800 -0.4191179900
0.1404950200 1.0123295600 -0.4862968800
-0.0004489500 1.1074076400 -0.5398416500
-0.2169856500 1.0192910500 -0.3518578900
-0.2527047100 1.0320769600 -0.3347337100
-0.2746142400 1.0182466800 -0.2477030800
-0.2794997700 1.0019049900 -0.2373322700
-0.2266052400 0.9812114300 -0.1744593100
-0.0841897800 0.9575508800 -0.3348207000
-0.2768502200 1.0045727600 -0.2876798500
-0.2513579300 0.9934081200 -0.2087317600
-0.2285503200 0.9600482400 -0.1736575300
-0.1958570000 0.9595277800 -0.1808058700
-0.0833751900 0.9136025200 -0.2489768300
-0.0743437200 0.9443480300 -0.3059891500
-0.0525689400 0.9731130200 -0.3422826200
0.0785832800 0.9554104600 -0.4044045800
0.0915528800 0.9612603300 -0.3860729700
0.0121600800 1.1297262400 -0.5248764400
-0.0215364300 1.1252240600 -0.5026885500
-0.0386907800 1.1120921500 -0.4993892200
-0.0577509000 1.1188802700 -0.4717851100
-0.1224033800 1.0034075700 -0.3926382400
-0.2666319400 1.0359420100 -0.2980448700
-0.2685600900 1.0246508900 -0.2855583100
-0.2383903000 0.9805723400 -0.1962312000
-0.1633749600 0.9246943300 -0.1541856200
-0.1429370500 0.9339017200 -0.1528398100
-0.1207401600 0.9221898600 -0.1738639300
-0.0656932100 0.9674797900 -0.3292612000
0.0432356900 0.9637979700 -0.3916822200
0.1173960700 0.9426753900 -0.4149981800
0.1448518500 0.9679571900 -0.4388614100
0.0987421800 1.0640891300 -0.5114604000
0.0773437000 1.0771618300 -0.5320321700
0.0880303800 1.0857007900 -0.5224730700
-0.1006831000 1.0471771100 -0.4270710000
-0.2704410200 1.0216904500 -0.2801248100
-0.1435189800 0.9180709700 -0.1604414500
-0.0763206300 0.9285835500 -0.2763842900
-0.2190428300 0.9581894100 -0.1744197900
-0.0624575900 0.9529011500 -0.2940483600
-0.0427972500 0.9776356700 -0.3322958500
-0.0257287800 0.9696050600 -0.3547674300
-0.0023493000 0.9692631400 -0.3634838100
0.1092325700 0.9482857300 -0.4019453500
-0.0459447400 1.1195891600 -0.4833804100
-0.0729647200 1.0943364800 -0.4792770300
-0.0778080000 1.0915851700 -0.4631806200
-0.1081117600 1.0429348300 -0.4074446300
-0.1088509500 1.0293143700 -0.4005328500
-0.1060337000 1.0206825800 -0.4028660400
-0.1202706900 1.0230393300 -0.3919166900
-0.1339518100 1.0119101200 -0.3873251700
-0.2428973300 1.0382413000 -0.3363862000
0.1431162800 0.9655721800 -0.4498669600
0.1426055700 1.0031251600 -0.4809067300
-0.1594961000 1.0072228200 -0.3852173300
-0.2726245000 1.0041312000 -0.2241784100
-0.0578368700 0.9533612800 -0.2826758500
-0.0514278500 0.9755246900 -0.3297450700
0.0160735000 0.9719030700 -0.3463418300
0.1445052200 0.9853378100 -0.4486419600
0.1444099100 0.9941277600 -0.4563830400
-0.2637890000 1.0244163500 -0.3299196800
-0.2769584300 1.0193365800 -0.2657272200
-0.2761523500 1.0139147800 -0.2327306700
-0.2391461300 0.9898437600 -0.2013008100
-0.0982599700 0.9062147900 -0.1879676400
-0.0599739100 0.9453938700 -0.2640069400
0.0244931000 0.9691456600 -0.3550310800
0.1444711600 1.0044558600 -0.4599438400
0.1327039600 1.0224275900 -0.4977008600
0.1140910600 1.0683594600 -0.5013439100
-0.0854990000 1.0736115200 -0.4506564800
-0.1769891300 1.0073152200 -0.3777524700
-0.2073403700 1.0202851200 -0.3560464800
-0.1695647100 0.9321760400 -0.1592121600
-0.0794653100 0.9197778900 -0.2094796900
-0.0617438400 0.9636717700 -0.3077115000
-0.0291890100 0.9760821700 -0.3319001700
-0.0073723600 0.9778507200 -0.3350593800
0.0530492700 0.9691659300 -0.3832469400
0.0498191100 1.1356540800 -0.5200125200
0.0413315800 1.1202028000 -0.5315104600
0.0255085300 1.1307887200 -0.5266038900
-0.0709263900 1.1035861200 -0.4675909400
-0.2724663300 1.0231211400 -0.3119229900
-0.2008467100 0.9618170700 -0.1794124500
-0.0207933800 0.9761337200 -0.3344041700
-0.0029715800 0.9757337900 -0.3427310900
0.0774831700 0.9777719800 -0.3668555200
0.0723687200 0.9680333200 -0.3862067800
0.0940799900 0.9460493500 -0.4080442400
-0.0605356800 1.1199228800 -0.4653831400
-0.0790057200 1.0912996500 -0.4436906900
-0.2677781000 1.0222997500 -0.3262252000
-0.1332804400 0.9312663500 -0.1603713000
-0.0688443800 0.9345174800 -0.2227725000
-0.0917129200 1.0635322300 -0.4380789700
-0.2044934600 1.0335662400 -0.3529086700
-0.2320587000 1.0354141800 -0.3417280900
-0.2550227300 1.0358414600 -0.3310337400
-0.2532250100 1.0641739100 -0.3091676500
-0.2672720300 1.0393235400 -0.2493584400
-0.1535737900 0.9457526100 -0.1487877200
-0.1233724300 0.9291376200 -0.1677686200
-0.0407926100 0.9831246400 -0.3151743900
-0.0299538200 0.9825807700 -0.3152246500
0.1369244900 1.0487514300 -0.4889749500
-0.2335101500 0.9799444400 -0.1841164500
-0.2162349800 0.9818465200 -0.1687542100
-0.0657581000 0.9363432800 -0.2406907100
-0.0503394900 0.9699460500 -0.2977079500
-0.0546505000 0.9734188600 -0.3143035600
0.0359359300 0.9690358500 -0.3630467300
0.1152650400 0.9541011500 -0.3936899400
0.0629574500 1.1143917700 -0.5262352100
-0.1132550200 1.0456032700 -0.3953633200
-0.1291545700 1.0361878500 -0.3828648500
-0.1681888700 1.0262264000 -0.3755872600
-0.2731362800 1.0269755100 -0.2664320000
-0.2423914800 1.0052790900 -0.2045486800
-0.1069537700 0.9319678500 -0.1696421600
0.0065688300 0.9742967700 -0.3410764800
0.0606034400 0.9771398700 -0.3606376800
0.1496287700 0.9855904100 -0.4255217900
0.1366591900 1.0354260600 -0.4932112600
0.0850065000 1.1011133200 -0.5227705100
-0.2544300700 1.0564093900 -0.2724266800
-0.2689289200 1.0298782400 -0.2306461900
-0.1155138300 0.9364487000 -0.1661790800
-0.1001585900 0.9122139900 -0.1826138500
0.0348700600 0.9789478200 -0.3268708500
0.1203150500 0.9603735800 -0.3839428100
0.0519316000 1.1251342400 -0.5254343100
0.0352301400 1.1346891400 -0.5230617400
0.0039805500 1.1316741000 -0.5191708900
-0.2145576500 0.9716926700 -0.1712393800
-0.2108313000 0.9720510400 -0.1719017000
-0.0635243900 0.9390270500 -0.2516924100
-0.0398604800 0.9800983500 -0.3053651800
0.0726466200 0.9809785100 -0.3578539900
0.0815958000 0.9715705100 -0.3757806100
0.1405010300 1.0575984400 -0.4831444700
-0.0164807300 1.1404577300 -0.4834649300
-0.0511083400 1.1248231200 -0.4725759300
-0.1797996500 0.9629016100 -0.1749418300
-0.1439008300 0.9579213300 -0.1434440400
-0.0864015000 0.9387653100 -0.1666771500
-0.0457655600 0.9622369400 -0.2601587600
0.0411401600 0.9677748800 -0.3734913500
-0.1017563200 1.0590465300 -0.4138388800
-0.1057105900 1.0522164400 -0.4101339700
-0.1529838200 1.0519830300 -0.3708028900
-0.2560257000 1.0134012700 -0.2122924000
-0.2280004800 0.9985058900 -0.1889999000
-0.1979909600 0.9786454300 -0.1748209800
0.1299147600 0.9596827900 -0.3981134800
0.1475438800 1.0269560700 -0.4630896100
-0.0042402100 1.1438385400 -0.4935965600
-0.0928470500 1.0644892300 -0.4319271900
-0.2699904700 1.0179311300 -0.2241070200
-0.2155226000 0.9960765600 -0.1656800800
-0.0612604400 0.9426075700 -0.2278273800
-0.0467285200 0.9647592300 -0.2772530700
-0.0274438500 0.9840947000 -0.3022250400
-0.0001413900 0.9816269500 -0.3239046300
0.1457086200 1.0123977000 -0.4657380400
0.1282896800 1.0625851200 -0.4959999100
0.0983826100 1.0947187000 -0.5127604500
0.0974925800 1.1071114400 -0.5113569900
0.0517264800 1.1543705600 -0.5069260800
0.0244888200 1.1446487200 -0.5118997000
-0.1496784900 0.9359477800 -0.1502394600
-0.0726494500 0.9299246600 -0.1903384000
0.1040810400 0.9609904400 -0.3808929200
0.1325338300 0.9547190400 -0.4157581100
-0.0342830600 1.1278479300 -0.4837558200
-0.0618273600 1.1228981800 -0.4570946000
-0.2177277400 1.0143255500 -0.1806681400
-0.2214740900 0.9963424900 -0.1747390700
-0.1684279700 0.9619935900 -0.1674100000
-0.0325873400 0.9776083500 -0.2785705500
0.0219806700 0.9812045900 -0.3197355000
0.0400292900 0.9765872000 -0.3380468300
0.1458204500 0.9765700800 -0.4203187800
0.1374861500 1.0639365800 -0.4859260500
-0.0761779100 1.1015912000 -0.4351686700
-0.1186576300 1.0484231100 -0.3862610600
-0.0779926800 0.9389697800 -0.1678704200
-0.0719682700 0.9325648600 -0.1831666200
0.1441263500 0.9760577400 -0.4077559400
0.1488843000 0.9856543900 -0.4342217600
0.1442036400 1.0378437500 -0.4729311100
0.0927541000 1.1169467900 -0.5100472700
-0.0057582400 1.1285579300 -0.5158324200
-0.0881292400 1.0836873600 -0.4218233100
-0.2347304600 1.0256748000 -0.1985714800
-0.1368665600 0.9555243800 -0.1455208500
-0.1198292100 0.9587739500 -0.1508901600
-0.0848359300 0.9176011400 -0.1862606100
0.0885868600 0.9809625200 -0.3607176800
0.1475906500 1.0139613500 -0.4452547100
0.1265056400 1.0807027500 -0.4863528800
0.0802711100 1.1211535200 -0.5137103200
-0.1795448900 1.0393825600 -0.3636109000
-0.2111545500 1.0350114200 -0.3487071300
-0.2517435400 1.0637156100 -0.2822195500
-0.2083462800 0.9945936100 -0.1632305000
-0.1858424300 0.9787695000 -0.1742874600
-0.0358746200 0.9723685500 -0.2639352000
0.1013657100 0.9692186600 -0.3692516100
0.1499455000 1.0292350800 -0.4504058400
0.1125946300 1.0828639000 -0.4966338200
-0.0661398600 1.1195537800 -0.4486276500
-0.0661368400 1.1272095700 -0.4342677000
-0.1046364300 1.0733052000 -0.3978577800
-0.1358747500 1.0571730600 -0.3743026900
-0.2608112000 1.0535740900 -0.2581179700
-0.2571326200 1.0301853300 -0.2132044100
-0.1885104900 1.0021065500 -0.1675064600
-0.1824681200 0.9951539800 -0.1696317100
-0.0224572700 0.9850974100 -0.2895302400
-0.0130875700 0.9826707600 -0.3147102300
0.0568058700 0.9833392700 -0.3290327900
0.1500296100 1.0150166300 -0.4360568100
0.0685385400 1.1377509600 -0.5119268300
0.0103714400 1.1571684100 -0.4882742400
-0.1130738500 1.0676129600 -0.3861966800
-0.1456152500 0.9683797100 -0.1413531100
-0.0991916500 0.9562358300 -0.1568951800
-0.0786751200 0.9307767700 -0.1754026000
-0.0590704800 0.9468966900 -0.2018099300
-0.0486133300 0.9551251400 -0.2363002300
-0.0112134800 0.9873005300 -0.2992980300
0.0792336700 0.9892783900 -0.3377139600
0.1443781800 1.0708855900 -0.4732251400
0.0208888900 1.1618725800 -0.4907641500
-0.2329356000 1.0799383200 -0.3234160100
-0.2461123500 1.0418809900 -0.2046711500
-0.1630024500 0.9720557600 -0.1617190900
0.1359947100 0.9765226500 -0.3738764900
0.1334360900 1.0830574900 -0.4810281600
0.1103663500 1.1150479700 -0.4974801000
-0.2596943800 1.0598000100 -0.2445369600
-0.2613050600 1.0492758500 -0.2265095600
-0.1625329300 0.9610467500 -0.1610799500
-0.1528072000 0.9644758000 -0.1479190600
-0.0134841700 0.9898931100 -0.2788124700
0.0938051200 1.1410513500 -0.4987938200
-0.0770814400 1.1066351500 -0.4232264000
-0.1673561300 1.0616043500 -0.3571409900
-0.2438691200 1.0719171200 -0.3185994600
-0.2531289100 1.0663908900 -0.3009604000
-0.2582778100 1.0491964100 -0.2197554500
-0.2253410200 1.0080397400 -0.1892595200
-0.0573388600 0.9497666800 -0.1891019000
-0.0409073600 0.9689053400 -0.1916615000
-0.0355336700 0.9688740700 -0.2364956600
0.1294538300 0.9691682600 -0.3774330400
0.1548697900 1.0030303800 -0.4139663100
0.1493575600 1.0046139100 -0.4336905200
-0.0158320600 1.1566616500 -0.4629974500
-0.0387856000 1.1402304700 -0.4659068700
-0.0892565900 1.0931079900 -0.4100202100
-0.1182012700 1.0772828800 -0.3788605500
-0.1943892200 1.0711591000 -0.3403422200
-0.2491876200 1.0671979300 -0.2718748900
-0.2559452400 1.0661115000 -0.2349046000
-0.2171857900 1.0306269800 -0.1816944600
-0.1117121800 0.9539531200 -0.1571191300
0.0082756600 0.9880905900 -0.3034474900
0.1479589900 1.0503491300 -0.4633797100
0.0415708700 1.1657690400 -0.4951052200
-0.1882203800 1.0610858600 -0.3476773600
-0.2542495100 1.0672315500 -0.2577418200
-0.2555191000 1.0607957700 -0.2221675300
-0.2349134400 1.0414651400 -0.1979633800
-0.2125641300 1.0102395200 -0.1674135300
-0.1706650900 0.9785684300 -0.1650781600
-0.1546046900 0.9779929900 -0.1535571900
-0.0809158100 0.9472160700 -0.1625472100
0.1517155700 1.0393041700 -0.4519720700
0.1237150900 1.0956436400 -0.4863631000
0.0839199100 1.1454922100 -0.5003308600
-0.0118771700 1.1524160200 -0.4707731900
-0.1123185700 1.0881631000 -0.3815161300
-0.1273529300 1.0761767700 -0.3734484300
-0.2087207900 1.0853519900 -0.3318968300
-0.0869220100 0.9607643200 -0.1562409100
-0.0471150800 0.9568726000 -0.2247493300
0.1511026100 0.9970039800 -0.3839334000
0.1513389400 0.9925920200 -0.4059037900
0.1548181300 1.0366937100 -0.4390700800
0.0033352900 1.1586103900 -0.4773219700
-0.0361980400 1.1557966500 -0.4501387400
-0.2465063800 1.0517447800 -0.2050883900
-0.2062113100 1.0148551300 -0.1587038500
-0.0042907400 0.9925465400 -0.2865379900
0.0528467400 0.9830261400 -0.3260662000
-0.1462364900 1.0691953600 -0.3661020800
-0.2304884500 1.0426219500 -0.1947660400
-0.2000359100 0.9944103800 -0.1662663600
-0.1677299200 0.9966188700 -0.1590492400
-0.0671708400 0.9576339000 -0.1560983100
-0.0241406100 0.9797595600 -0.2330287700
0.0060145900 0.9930741900 -0.2907852000
0.0454340000 0.9865958000 -0.3142815200
0.1117253800 0.9667510100 -0.3696731500
0.1511495900 1.0596583400 -0.4542084300
0.1425722200 1.0869626400 -0.4707805600
0.0603996200 1.1552579700 -0.5047862800
-0.2448266600 1.0597064400 -0.2065974100
-0.0166289300 0.9877313700 -0.2703557500
0.0284229900 1.1628738700 -0.4942258900
-0.0424251600 1.1592344600 -0.4400363500
-0.0529799000 0.9587782200 -0.1703076400
-0.0142648000 0.9883602400 -0.2557928800
0.1106188800 0.9760001500 -0.3577928000
0.1258024800 0.9741361900 -0.3629893200
0.1510697700 1.0773052100 -0.4596159400
0.1110451000 1.1316522500 -0.4956659100
-0.0753141200 1.1187502400 -0.4103890300
-0.0896293700 1.1026187200 -0.4027338200
-0.1260745100 1.0967018400 -0.3684176300
-0.2249463200 1.0377545100 -0.1889480400
-0.1860039700 1.0182647900 -0.1614274400
-0.1550560500 0.9881310400 -0.1546061000
-0.1459183500 0.9835412900 -0.1417602200
-0.0527316100 0.9629333700 -0.1599446800
0.0862273600 0.9882724100 -0.3475426700
0.0988767200 0.9843017900 -0.3537554200
0.1604846200 1.0107674900 -0.3934107300
-0.1241381500 0.9733350300 -0.1413953600
0.0286471200 0.9904937800 -0.3010397300
0.0765405900 0.9932333000 -0.3174758100
0.1410308100 0.9816756400 -0.3829187700
0.1668351400 1.0379845200 -0.4046658200
0.1381591300 1.1038246000 -0.4755007000
0.0545529000 1.1708138400 -0.4913101600
-0.1564855200 1.0804599200 -0.3535776300
-0.1613191700 1.0843079200 -0.3497729400
-0.2328637800 1.0943243400 -0.3142854600
-0.2491766400 1.0736956500 -0.2938711000
-0.2425770100 1.0787836100 -0.2700900200
-0.2056359900 1.0223323000 -0.1593424700
-0.0608487200 0.9587885500 -0.1565147200
-0.0549223100 0.9634165600 -0.1558618200
-0.0182534000 0.9847785600 -0.2317491700
0.0023449200 0.9993713000 -0.2571461800
0.1233417600 1.0000313800 -0.3235930100
0.1380660900 0.9848126500 -0.3512885400
0.1218473200 1.1131224900 -0.4853910300
0.0021313900 1.1640624800 -0.4684810700
-0.0954113700 1.1165113700 -0.3918437400
-0.2468787100 1.0846444600 -0.2518258200
-0.2008834900 1.0190231500 -0.1566579300
-0.1773647200 1.0136328400 -0.1619114700
-0.1500778600 1.0050792900 -0.1488115500
-0.1364461100 0.9908301400 -0.1336874900
0.1088503300 1.0020834800 -0.3285766800
-0.2506975200 1.0806409200 -0.2423693700
-0.2516632800 1.0739781300 -0.2234365200
-0.2465561700 1.0767482500 -0.2154128100
-0.0714209600 0.9610392900 -0.1540685800
0.0138311600 0.9996157900 -0.2707167600
0.1534782100 1.0280248400 -0.4305168200
0.1598887100 1.0770616000 -0.4415245200
0.1473222100 1.1093722300 -0.4680565200
-0.0812644700 1.1206047600 -0.4012671500
-0.0996779900 1.0929632300 -0.3954758900
-0.2199615800 1.1026191900 -0.3200799300
-0.2404615100 1.0905993400 -0.2997398500
-0.2252803000 1.0663457300 -0.1902161000
-0.2056808800 1.0316539200 -0.1629162900
-0.1411711300 0.9953492700 -0.1359004500
-0.0221802200 0.9797636800 -0.2134123300
0.0965619000 0.9979936900 -0.3333025000
0.1302384600 0.9987940100 -0.3239227500
0.1656495000 1.0269661800 -0.3994257300
0.1641963900 1.0563048300 -0.4277678100
0.0402187200 1.1815509700 -0.4800384200
-0.0298356600 1.1638010900 -0.4447921400
-0.1723093600 1.0877672200 -0.3451147400
-0.2115486300 1.1047296700 -0.3230537700
-0.2328388300 1.1036806100 -0.2848179600
-0.2419232100 1.0848386200 -0.2150849200
-0.1661301400 1.0078161300 -0.1559002000
0.0533821500 1.0003772400 -0.2853562000
0.1201033000 1.1347730300 -0.4870976700
0.1154645100 1.1484330800 -0.4871869500
-0.0461513700 1.1610495100 -0.4346167300
-0.2346130300 1.0937328700 -0.2713179500
-0.2370593900 1.0699777700 -0.2011934400
-0.0483591000 0.9615998800 -0.1792777900
0.0245938700 0.9970297200 -0.2864042800
0.0584948300 0.9952279100 -0.2966205800
0.1597003700 1.0350446300 -0.4178112600
0.1124274600 1.1616974100 -0.4839215700
0.0684374800 1.1550482300 -0.5017993900
-0.1882280300 1.1097530900 -0.3314247100
-0.2443044500 1.0933127900 -0.2373544100
-0.1804321700 1.0388145500 -0.1538730600
0.0695927200 0.9944493400 -0.3043980100
0.1566515400 1.0825538900 -0.4475450100
0.0906595000 1.1553991200 -0.4934623200
0.0022201100 1.1730917600 -0.4577409300
-0.0524697000 1.1513699800 -0.4359728400
-0.1100653100 1.1200164500 -0.3770865300
-0.1450742100 1.1045872000 -0.3483992000
-0.0962351900 0.9720650700 -0.1481364000
-0.0353168100 0.9747301100 -0.1909930100
0.1317702300 1.1206779900 -0.4762278500
0.0460798100 1.1797673700 -0.4846259700
-0.0161337000 1.1722245200 -0.4433619600
-0.1396878800 1.0954881700 -0.3580722700
-0.1480276700 1.1129825700 -0.3422500900
-0.2384705800 1.0875793500 -0.2635166200
-0.2109290900 1.0480570600 -0.1756234000
-0.2127518000 1.0299935800 -0.1760105600
-0.1324966600 0.9828168200 -0.1351556400
-0.1166701500 0.9851780100 -0.1371726600
-0.0305131100 0.9744798400 -0.2064664400
-0.1148165900 1.1301196300 -0.3704918300
-0.2408913500 1.0920219900 -0.2503682600
-0.2414260300 1.0953640100 -0.2235221100
-0.1966825800 1.0419675100 -0.1514278000
-0.1915916900 1.0389882100 -0.1509887800
-0.0062186200 0.9940401600 -0.2124683000
-0.0015579100 0.9970146000 -0.2450120000
0.1325622500 0.9908894900 -0.3354943700
0.0799124500 1.1713982500 -0.4883371500
0.0339218500 1.1803739500 -0.4771535000
-0.1103734900 1.0010804600 -0.1295176100
-0.0561191000 0.9833356000 -0.1380968500
0.1774299700 1.0656898400 -0.4007427600
0.1550101500 1.1019423000 -0.4581947200
0.0205799300 1.1779545700 -0.4681077800
-0.0718029300 1.1201914700 -0.4182619600
-0.2193143600 1.1160355600 -0.3112137500
-0.2326029500 1.0933574100 -0.2032986700
-0.2189236400 1.0560473900 -0.1831025000
-0.1917851800 1.0443177100 -0.1504448900
-0.1213869600 0.9987375200 -0.1314413400
-0.0802934600 0.9952760800 -0.1367229500
-0.0251306700 0.9848796700 -0.1871217300
0.0336682500 1.0043960200 -0.2704730300
0.0905791200 0.9994322500 -0.3161863900
0.1679911200 1.0284089100 -0.3880042600
-0.0580682900 1.1530950700 -0.4214752400
-0.1671017500 1.1097146400 -0.3394900500
-0.2014626200 1.1327190400 -0.3150702800
-0.2347130700 1.0987607700 -0.3059617100
-0.2366003400 1.0973487700 -0.2124719700
-0.1949102200 1.0538677900 -0.1510285600
-0.1384599100 1.0120554100 -0.1320613700
-0.0639495400 0.9905497400 -0.1350798900
-0.0088641500 0.9924404100 -0.1955630500
0.1654174500 1.0225775200 -0.3551390000
0.1576818000 1.0549915800 -0.4449434900
-0.0662931800 1.1464052700 -0.4034076900
-0.2274453500 1.1066394800 -0.2615717900
-0.2305993600 1.0831954800 -0.1972686200
-0.1764982800 1.0225149000 -0.1586582900
-0.1054698600 0.9787321100 -0.1405652100
0.1138601200 1.0121871200 -0.3110456300
0.1507965000 1.0012173500 -0.3502067800
0.0945593000 1.1717570900 -0.4824363600
0.0760875500 1.1803735600 -0.4826811800
-0.1081479900 1.1417857800 -0.3712263200
-0.1961773000 1.0610353500 -0.1537838300
-0.1630306600 1.0498392600 -0.1486542300
-0.0869419800 1.0004990000 -0.1305999700
-0.0767350500 0.9863043400 -0.1420669900
0.0030068800 1.0007553900 -0.2258527600
0.0731897000 1.0082079100 -0.2710207400
0.1727482000 1.0753357700 -0.4182867500
0.1020103300 1.1672071000 -0.4833653600
-0.1335052000 1.1126991800 -0.3565396500
-0.0330702600 0.9814114900 -0.1703989300
-0.0240094900 0.9910489300 -0.1693839100
0.0171453600 1.0094335900 -0.2448232100
0.0507800900 1.0068443200 -0.2701049100
0.0720137900 1.0011435600 -0.2872874700
-0.2118623400 1.0794912800 -0.1781369500
0.1701222100 1.0626628200 -0.4147590500
0.1776802500 1.0915262300 -0.4157602600
0.1738326800 1.1081328400 -0.4230224400
0.1728151300 1.1155418100 -0.4258218600
0.0671296000 1.1765926500 -0.4867388500
0.0390794600 1.1943709800 -0.4639286900
-0.1354067700 1.1225350600 -0.3470120400
-0.2171217300 1.1241880300 -0.2627765300
-0.1314958600 1.0077100000 -0.1291366200
0.1448023300 0.9981040800 -0.3341540400
0.1497015400 1.0013657100 -0.3388888600
0.1596638500 1.0989983800 -0.4494216200
0.1523897800 1.1400161400 -0.4577602300
0.1424680000 1.1520199000 -0.4630680600
0.0159810500 1.1882244600 -0.4493790700
-0.0527974600 1.1685295500 -0.4157639600
-0.1181262600 1.0129047400 -0.1270535600
0.0005438000 1.0035273700 -0.1775057000
0.1165436400 1.0159032400 -0.3004430600
0.1096316000 1.1874135600 -0.4692425700
0.0667592900 1.2019910000 -0.4685274800
-0.0200115100 1.1778297500 -0.4333966300
-0.0798992700 1.1441023300 -0.3883036000
-0.2241304000 1.1173707600 -0.2815141200
-0.2049232100 1.0689468800 -0.1710062500
-0.1334401300 1.0220867700 -0.1263883400
0.0175691500 1.0132443200 -0.2254139600
0.0976679500 1.0079576600 -0.2939644100
0.1804819100 1.0748746300 -0.4004170200
-0.1856159400 1.1253585800 -0.3273778300
-0.2052656000 1.1521347700 -0.2955789900
-0.2249567500 1.1178963100 -0.2908736100
-0.2381397000 1.1096403500 -0.2288714900
-0.2174262200 1.0936739100 -0.1873868100
-0.1483451900 1.0272517100 -0.1435253300
-0.1384868700 1.0290940900 -0.1280271300
0.1408997900 1.0092373000 -0.3111245100
0.1293580700 1.1593124600 -0.4747407600
-0.1988495400 1.0764824100 -0.1644110000
-0.1850408200 1.0518201000 -0.1474088600
0.0800405900 1.0209444200 -0.2486881500
0.1285259000 1.0171578300 -0.3025356000
0.0542622800 1.1960985900 -0.4716149800
0.0487894700 1.2046915000 -0.4582130100
-0.1204182300 1.1418785500 -0.3576767900
-0.1677208800 1.1250185200 -0.3322974800
-0.2338917800 1.1162735700 -0.2333809100
-0.2311403100 1.1177450600 -0.2113333100
-0.1900264600 1.0646719000 -0.1440805500
-0.1207955200 1.0245664100 -0.1245931900
-0.0386748800 0.9908564400 -0.1353390400
0.0283828300 1.0135990400 -0.2390725400
0.1692141000 1.0281786500 -0.3548984600
0.1849842900 1.0703909200 -0.3803076200
-0.1278612500 1.1497949000 -0.3351325400
-0.1352520600 1.1468454400 -0.3288658100
-0.2224121700 1.1058804900 -0.1941728200
-0.2141452400 1.1111734400 -0.1847629100
-0.2093512900 1.0961958300 -0.1761792400
-0.0430802600 1.0040116500 -0.1235787400
-0.0431877100 0.9890042200 -0.1351427300
0.1621024700 1.1384997900 -0.4499224200
0.0836027400 1.1976446800 -0.4687149100
-0.0009647200 1.1872116900 -0.4336622900
-0.0377806000 1.1808273000 -0.4243191100
-0.0441489800 1.1779377200 -0.4206370800
-0.1480001900 1.1293551300 -0.3340513500
-0.1783590900 1.1485341900 -0.3197854200
-0.2089644400 1.1374623200 -0.3054875400
-0.2093649900 1.1387379200 -0.2677440200
-0.2221700500 1.1193047500 -0.2493067500
-0.2303299200 1.1322118800 -0.2229044000
0.0511644800 1.0143995500 -0.2516730900
0.1642714900 1.0215265500 -0.3302757700
0.1802754800 1.0561243700 -0.3767598300
0.1343987800 1.1811924800 -0.4668521900
0.1215176800 1.1779072400 -0.4744172500
0.0978587200 1.1902949700 -0.4696492400
-0.0559686200 1.1687946700 -0.4069461900
-0.0639924200 1.1608040400 -0.3953076900
-0.0711097200 1.1452176600 -0.3960980600
-0.2198263700 1.1275489100 -0.2964740300
-0.2251703500 1.1252403500 -0.2035028500
-0.0701985600 1.0056147000 -0.1291163200
-0.0504350700 1.0169038200 -0.1153391000
0.0144082500 1.0088044100 -0.2025159400
0.1350155800 1.0248302400 -0.2915948800
0.0465271600 1.1971037300 -0.4665704400
0.0237494300 1.1972557900 -0.4446228600
-0.0267901700 1.1900336600 -0.4216708200
-0.2087682800 1.1462385200 -0.2797079100
-0.2172229100 1.1248700700 -0.2553272500
-0.2026812300 1.0922379200 -0.1697937900
-0.1884738500 1.0846549200 -0.1412775200
-0.1336948100 1.0510255100 -0.1210881700
-0.1088276600 1.0181285700 -0.1226023600
-0.0833880800 1.0235006600 -0.1170014400
-0.0379253600 0.9866064800 -0.1409662600
-0.0214072900 1.0010428500 -0.1460077600
0.0377601900 1.0269127200 -0.2169809100
0.0975457700 1.0238721000 -0.2493054400
0.1690196900 1.1218586900 -0.4413390400
0.0699748400 1.2183641500 -0.4582473700
-0.0456219700 1.1897545500 -0.4067250700
-0.2126332000 1.1379447500 -0.2477796100
-0.1921159000 1.0824943000 -0.1503616900
-0.1671996800 1.0571267000 -0.1479746600
0.1547418800 1.0206210200 -0.3014888200
0.1774989400 1.0471286100 -0.3614372800
0.1470985300 1.1617313600 -0.4583303400
-0.1115094900 1.1640189400 -0.3489821000
-0.1401610000 1.1576573800 -0.3208128700
-0.0057213400 1.0065032900 -0.1638154700
-0.2064948100 1.1050629100 -0.1703495800
-0.1389958000 1.0512021500 -0.1251108500
0.0120624400 1.0130619600 -0.1655194400
-0.2076236100 1.1501880200 -0.2862663600
-0.2235643800 1.1382662600 -0.2327072600
-0.2024740600 1.1042692600 -0.1611151800
-0.1824848500 1.0734217400 -0.1392679100
-0.0981020100 1.0166365300 -0.1212940100
-0.0941621600 1.0120794600 -0.1228576300
-0.0236025700 1.0038150100 -0.1334961400
-0.0068486400 1.0143244500 -0.1413060200
0.0078414200 1.0061574400 -0.1843232300
0.0465475400 1.0309918400 -0.2135807100
0.0733834100 1.0234799800 -0.2408100200
0.1159673800 1.0193178300 -0.2809528400
0.1409422500 1.0341650600 -0.2788495300
0.1767976900 1.0399491600 -0.3089136800
-0.1916951400 1.1579617200 -0.3078060400
-0.2277932300 1.1399657700 -0.2103991300
-0.1706804400 1.0620697000 -0.1463034600
-0.1112768500 1.0325668500 -0.1198050400
-0.0735152200 1.0198116400 -0.1225706800
0.0274500700 1.0213028300 -0.2088116600
0.1849076100 1.0637287000 -0.3553525200
0.1691058700 1.1544184000 -0.4416117200
0.1627171600 1.1605814600 -0.4503064600
0.1504951700 1.1712174800 -0.4536489400
-0.0374020500 1.1972549300 -0.4106123500
-0.0678952400 1.1708779700 -0.3830082800
-0.0807901800 1.1628792800 -0.3763120800
-0.0843922800 1.0536986800 -0.1043368900
0.0257880300 1.0187137800 -0.1845507400
0.0989203100 1.0199357400 -0.2584610400
0.1719626200 1.0327440000 -0.3057726200
0.1785277600 1.0450044100 -0.3340850100
-0.2081651800 1.1392360100 -0.2576477600
-0.2187328100 1.1536512700 -0.2284645000
-0.2068884300 1.1270860300 -0.1698648200
-0.1539289700 1.0557984500 -0.1421177900
0.1051855000 1.0165849400 -0.2742522300
0.0816998000 1.2117708900 -0.4611488600
-0.1604702500 1.1583963100 -0.3212683400
-0.1825950100 1.1589972800 -0.3132703700
-0.1940956400 1.0881167400 -0.1580770200
0.0577097500 1.0232459800 -0.2251522100
0.0993693100 1.2110314400 -0.4566225800
0.0612143900 1.2147833700 -0.4569992900
0.0077568000 1.2058409500 -0.4217789000
-0.0628507200 1.1742454200 -0.3877181700
-0.0949159000 1.1659912500 -0.3656538200
-0.2155901500 1.1300377600 -0.1915321300
-0.0899565400 1.0553183100 -0.1049626700
-0.0666668000 1.0298440200 -0.1163517600
0.0298620300 1.0233019400 -0.1694492200
0.1460589600 1.1865317000 -0.4581340200
0.0728170200 1.2137855300 -0.4617823500
-0.1766189700 1.1828550100 -0.3046969700
-0.1608542200 1.0908874600 -0.1363246000
-0.1259700900 1.0514607800 -0.1198928000
0.0034712300 1.0194513800 -0.1426345100
0.0413679200 1.0319810800 -0.1818389500
0.0435202500 1.0347601600 -0.2001271200
0.1412436300 1.0436772500 -0.2439572800
0.1765925000 1.0400022200 -0.3195932200
0.1879739300 1.0992052200 -0.3914147400
0.1813164500 1.1364994900 -0.4079718700
0.1378985400 1.1884118000 -0.4611391200
0.0838131400 1.2283097400 -0.4530389000
-0.0065282800 1.1905219000 -0.4266659800
-0.0533244800 1.1888135900 -0.3935863000
-0.1965988000 1.1705397900 -0.2896036200
-0.1844013500 1.1082450400 -0.1366329900
0.0534114000 1.0390011100 -0.2004354300
0.1630754300 1.0358446100 -0.2832663100
0.1966472200 1.1127606700 -0.3750049900
0.0276398600 1.2128657600 -0.4307085300
-0.0130514000 1.2007017400 -0.4161524600
-0.1001849400 1.1726296500 -0.3569234500
-0.1305348000 1.1660741300 -0.3182961900
-0.1538726600 1.1679207500 -0.3169877500
-0.1990186300 1.1581807100 -0.3000789800
-0.1972776300 1.1694739900 -0.2819385100
-0.2192544700 1.1602000200 -0.2158226400
-0.1975438200 1.1237937100 -0.1519412500
-0.1716903400 1.0952330700 -0.1323019900
-0.0730107500 1.0468531000 -0.1092197700
-0.0292105200 1.0324917100 -0.1047377200
-0.0280273900 1.0156290000 -0.1172484400
-0.0199697200 1.0159883900 -0.1204951100
0.0719138900 1.0398030500 -0.1995951800
0.0839334600 1.0352289200 -0.2167872000
0.1201632800 1.0484120000 -0.2122086900
0.1599971700 1.0532432700 -0.2519167200
0.1598670700 1.1748843300 -0.4496434800
0.0379363300 1.2104490100 -0.4415939700
-0.1139718900 1.1704105500 -0.3328888800
-0.1716618600 1.1780219200 -0.3103449000
-0.1366666900 1.0658549700 -0.1197323600
0.1009969300 1.0344764500 -0.2289407300
-0.1038471900 1.1796844900 -0.3470640300
-0.1219240600 1.1686514600 -0.3215808700
-0.2023613100 1.1597923100 -0.2412181200
-0.2111612300 1.1474410800 -0.1813789000
-0.1883011100 1.1045440900 -0.1495741500
-0.1466220400 1.0648079600 -0.1341310800
0.1670143400 1.1833011000 -0.4410523200
0.1203579500 1.2120029500 -0.4527800300
-0.0470398000 1.2091716300 -0.3877847100
-0.1992419600 1.1594650000 -0.2697990900
-0.1989318100 1.1581399200 -0.2471006200
-0.2042856400 1.1393611600 -0.1617153300
-0.0960037400 1.0601260500 -0.1064524100
-0.0806892600 1.0421054800 -0.1094296400
0.0499570200 1.0389049000 -0.1742258100
0.1888913300 1.0677526100 -0.3233090000
0.1334147900 1.2062183700 -0.4553201800
0.0609563800 1.2240734000 -0.4449570300
-0.0403253800 1.2000140800 -0.4055036600
-0.2113806500 1.1318956300 -0.1834674500
-0.2016851400 1.1307126100 -0.1545121000
-0.1807972400 1.0970768700 -0.1333459500
-0.1187708800 1.0680654400 -0.1159623300
-0.0548076700 1.0238915600 -0.1127499000
0.1682260200 1.0302706200 -0.2994860000
0.1874716800 1.0685488300 -0.3413948900
0.1901924500 1.1476811500 -0.3897806500
-0.0208903100 1.2153098300 -0.4061195800
-0.0774171500 1.1936412100 -0.3612428400
-0.1860014600 1.1803020800 -0.2965780800
-0.1848980500 1.1766822600 -0.2560300400
-0.1086685400 1.0511816400 -0.1153911700
0.0642551000 1.0455815600 -0.1890132200
0.1738477100 1.1341517700 -0.4324894600
-0.0324305400 1.1999192400 -0.4125260300
-0.1871142600 1.1228652200 -0.1457407600
0.1845481600 1.0538094000 -0.2857739900
0.1922130600 1.0706556900 -0.3032832800
0.1990838100 1.1187691700 -0.3656354200
0.1568448900 1.1964316300 -0.4525082900
0.0476436100 1.2278178300 -0.4329790000
-0.1259944700 1.1895593600 -0.3077688000
-0.1925531700 1.1645899300 -0.2516220400
-0.2208962100 1.1508355900 -0.1976806000
-0.1137622000 1.0553831400 -0.1173813000
0.0228725600 1.0393878400 -0.1229418800
0.1959480100 1.1000061500 -0.3644690300
0.1951004400 1.1286494900 -0.3819131400
0.1667405900 1.1960037000 -0.4373867200
-0.0907268000 1.2064072300 -0.3473332800
-0.2074804400 1.1732099100 -0.2278048700
-0.2069471900 1.1554268100 -0.1687853900
0.0151533700 1.0227338700 -0.1458403800
0.0403932100 1.0383457100 -0.1443937900
0.0577428500 1.0446408000 -0.1823825600
0.1899945100 1.1267449300 -0.3933272100
0.0318227300 1.2194647500 -0.4290832400
-0.0654686100 1.2245214200 -0.3549191100
-0.0618076900 1.0520499400 -0.1039010100
-0.0023216800 1.0257619200 -0.1252523000
0.0829291200 1.0464429500 -0.1932346300
0.2028214700 1.1516770600 -0.3600810100
-0.1671309700 1.1660685200 -0.3162382000
-0.2117856400 1.1635431200 -0.1809015200
-0.1737866400 1.1145810600 -0.1270970900
-0.0428965400 1.0312560500 -0.1055471900
0.1730924700 1.0448793300 -0.2763037800
0.1865194500 1.1654439400 -0.3951184500
-0.0688964900 1.1879039200 -0.3707741000
-0.2103285600 1.1775723800 -0.2197524100
-0.2030167600 1.1947108300 -0.2117902500
-0.1625280500 1.1249765100 -0.1242406000
0.0614124700 1.0511603500 -0.1572093600
0.1782182400 1.1749012200 -0.4221990500
-0.0079317800 1.0400077500 -0.1026952400
0.1859388800 1.0585218000 -0.2709032100
0.1588147900 1.2133322700 -0.4433200600
0.1080586000 1.2267988600 -0.4437300100
0.0903042900 1.2305572800 -0.4506102500
0.0448076100 1.2348922100 -0.4266389700
-0.0905796700 1.1945733200 -0.3534136700
-0.1836678200 1.1906018300 -0.2872419500
-0.1824406200 1.1369952500 -0.1379852200
-0.1812935000 1.1274961500 -0.1330115900
-0.1536446600 1.0912052100 -0.1353048400
-0.1125787000 1.0792697900 -0.1130385300
-0.0453423400 1.0518178300 -0.0954885900
0.0700114000 1.0527960900 -0.1813030300
0.2054029000 1.1445895600 -0.3501830700
0.1460855700 1.2154278500 -0.4466621400
0.1390063500 1.2295135800 -0.4362015900
0.0060630500 1.2194032000 -0.4096879000
-0.0216998600 1.2250785700 -0.4000948500
-0.0723540400 1.0675488900 -0.1008747700
0.0003080700 1.0349421100 -0.1133128900
0.1012471700 1.0496876400 -0.1985717300
0.1335134400 1.0483187000 -0.2242028500
0.1894376400 1.0727896800 -0.2506845000
0.2006437800 1.1076861600 -0.3275228200
0.1666070500 1.2062270200 -0.4306532000
0.0849543500 1.2395992200 -0.4433146900
0.0431655000 1.0442388300 -0.1343177000
0.1652168100 1.0544671200 -0.2572897100
0.2003962300 1.1032842400 -0.3199618700
0.2011610500 1.1126852600 -0.3344896800
0.1832792100 1.1829182200 -0.4083381600
0.1192176600 1.2359295100 -0.4350534500
-0.0035889000 1.2156403600 -0.4065593700
-0.2023515500 1.1542995600 -0.1589188900
-0.0608841400 1.0704325800 -0.0954262800
-0.0388487200 1.0719674400 -0.0854360600
0.0740384500 1.0599998500 -0.1693217200
0.1549477500 1.0565157500 -0.2329028800
0.2081421500 1.1145414900 -0.2938070000
-0.0012409300 1.2331402700 -0.3961389400
-0.1878312800 1.1825060200 -0.2744822900
-0.2179153700 1.1638957100 -0.1948586800
-0.1254645100 1.0957490700 -0.1102978800
0.1002840400 1.0629781000 -0.1775494700
0.0290122400 1.2338812300 -0.4181410000
-0.0553365800 1.2058386400 -0.3776169700
-0.0640367200 1.2128959300 -0.3620550900
-0.0937188200 1.2062565800 -0.3425569800
-0.1014166800 1.2005242900 -0.3218803200
-0.1278212100 1.2027564900 -0.3046541700
-0.1706530100 1.1991427000 -0.2416605700
-0.0869505300 1.0872500200 -0.0970201100
-0.0280513400 1.2218298700 -0.3991741400
-0.1078186600 1.1891246100 -0.3200648700
-0.1512767800 1.2011776100 -0.3075803400
-0.2110752500 1.1783602500 -0.2056870100
-0.2085526100 1.1707857300 -0.1738575700
-0.1990991700 1.1485071600 -0.1481000700
-0.1724471700 1.1333409500 -0.1258269800
-0.1046800400 1.0773739500 -0.1105262900
0.0210621100 1.0509399400 -0.1065551100
0.1227102900 1.0603829600 -0.1939209900
0.1455151500 1.0711198100 -0.1971268900
0.2072773500 1.1310300900 -0.3144755800
0.2017038600 1.1755141400 -0.3606541900
0.1707915000 1.2173642800 -0.4199221800
0.1601162700 1.2226933700 -0.4373520200
0.1237304000 1.2333834400 -0.4354424900
-0.0087095200 1.2191835900 -0.4033141700
-0.1190462300 1.1895013500 -0.3083078400
-0.1839261000 1.1837806700 -0.2658901400
-0.1916058800 1.1867875500 -0.2329053700
0.1977525700 1.0793850100 -0.2669605500
-0.0426351800 1.2173557000 -0.3878875700
-0.1479197700 1.1953756600 -0.3094783700
-0.1215066300 1.0895343200 -0.1107620600
-0.1061600100 1.0897356700 -0.1100944700
0.0567262100 1.0547407800 -0.1371529100
0.0995921200 1.2403838000 -0.4434161000
-0.1833382900 1.1858682200 -0.2401454200
-0.0693235100 1.0914856300 -0.0916735200
0.0466323400 1.0557744600 -0.1191705900
0.0831008600 1.0582417200 -0.1757788800
0.0567146100 1.2423640800 -0.4280083200
-0.0443765100 1.2408886400 -0.3721495100
-0.1931157200 1.1657557700 -0.1465467300
-0.1244467700 1.1151901600 -0.1082054700
-0.0781466800 1.0920337900 -0.0930295700
0.0171289100 1.0598832000 -0.0964370900
0.0698468200 1.0626996200 -0.1430645800
0.2071323700 1.1419910900 -0.3394502600
0.2111515500 1.1598835500 -0.3353623400
0.1808328600 1.1995314400 -0.4175716200
-0.0333071100 1.2251506700 -0.3923067800
-0.1607167100 1.2133214800 -0.2967104200
-0.1696899900 1.1970632900 -0.2530888200
-0.0915743100 1.1142415900 -0.1009202800
0.0700312900 1.0575323900 -0.1643354200
0.1890536000 1.1922566400 -0.3784647100
0.0274537900 1.2432096600 -0.4101553500
-0.0920446200 1.2153454300 -0.3358497900
-0.2075482700 1.1848575400 -0.1975177000
-0.0546608700 1.0879480500 -0.0861901000
-0.0300652700 1.0704421800 -0.0842094400
0.0496366500 1.0679931800 -0.1069114300
0.1175021800 1.0729848000 -0.1754750900
0.1841003900 1.0820258000 -0.2337667300
0.1588754400 1.2316585800 -0.4257552900
0.1519378700 1.2345517700 -0.4282291300
0.0796248100 1.2485950900 -0.4326449800
0.0097930100 1.2356935600 -0.3984502200
-0.1022114000 1.2097162800 -0.3073049900
-0.1582344900 1.2041536400 -0.3041620100
-0.1741570500 1.1946922500 -0.2598485900
-0.2012105300 1.1887581100 -0.2238571500
-0.2035897400 1.1896085800 -0.1757910200
-0.1978001300 1.1714298200 -0.1609502100
-0.1913313200 1.1747550800 -0.1476556500
-0.1760118600 1.1437365700 -0.1284410100
-0.1576661400 1.1437548300 -0.1213446700
-0.1431950200 1.1252196300 -0.1246321400
-0.0843933700 1.1074346300 -0.0939028200
-0.0064059600 1.0595521000 -0.0905325700
0.0655891200 1.0662819800 -0.1297933900
0.0898008600 1.0818688800 -0.1566703900
0.1051964100 1.0792334700 -0.1599746500
0.2097606700 1.1137124200 -0.2825545600
0.2071530200 1.1659172200 -0.3490021100
-0.0540701500 1.2325569000 -0.3640643800
-0.1718159400 1.1943348900 -0.2476095600
-0.1032775400 1.1220477900 -0.1048544800
0.0100440300 1.0695800500 -0.0875188300
0.1149595100 1.2453632900 -0.4324120000
-0.0734139700 1.2256433600 -0.3493502300
-0.1007274800 1.2201675900 -0.3025886900
-0.1340189100 1.2386045200 -0.2982698900
-0.1676062500 1.2092248800 -0.2920411500
-0.1844590500 1.1905456100 -0.2809696000
-0.1741920900 1.2046185100 -0.2747015900
-0.1772143900 1.1658611100 -0.1377303100
-0.1662586700 1.1516906200 -0.1219532400
-0.1237585400 1.1354610300 -0.1091820300
-0.0973237600 1.1195170700 -0.1045154700
0.0476915500 1.0814353300 -0.0928027500
0.2106477400 1.1461417600 -0.3102806700
0.1543223200 1.2443416300 -0.4176802100
0.1346697200 1.2428245400 -0.4246537300
0.0620470300 1.2527331500 -0.4249896600
0.0446682100 1.2567421600 -0.4148237200
-0.0093707800 1.2450470400 -0.3943658000
-0.0193499300 1.2388985300 -0.3939056500
-0.0357311800 1.2416450000 -0.3793717300
-0.0869915300 1.1168061900 -0.0938243000
0.1547960300 1.0888785600 -0.1849680900
0.1891552500 1.0975640500 -0.2216367800
0.2000578700 1.0894002200 -0.2456021600
0.2141594000 1.1692220300 -0.3336245500
0.2080305800 1.1811326000 -0.3523598100
0.1860429100 1.2111937100 -0.3953619000
0.0913738600 1.2494483700 -0.4353987000
0.0347864900 1.2555880800 -0.4089986400
-0.1186609300 1.2173540900 -0.3001340700
-0.1964826700 1.2042496800 -0.1883235100
-0.1148757200 1.1285074000 -0.1034532500
-0.0777791600 1.1074106100 -0.0896693500
-0.0668537900 1.1024029200 -0.0879476500
-0.0541751900 1.0985051700 -0.0842121900
-0.0153185800 1.0653143400 -0.0875946700
0.0848846700 1.0805880000 -0.1413251100
0.1354423400 1.0740388000 -0.1856443300
0.2009114200 1.0883504900 -0.2786141400
0.2148275400 1.1324501500 -0.2827025000
0.1897559100 1.2110153700 -0.3889291700
0.1850876500 1.2239598900 -0.3962046500
0.1679624400 1.2295601100 -0.4100342300
-0.0577583100 1.2488139900 -0.3502724800
-0.1952761100 1.2054028700 -0.2166584500
-0.1864259100 1.1926011100 -0.1564348700
-0.1375243900 1.1471229000 -0.1206828200
0.1694471300 1.0791620700 -0.2130014600
0.2014766000 1.1934406700 -0.3660775800
0.1784877300 1.2218641500 -0.4036670700
0.0881443400 1.2605062500 -0.4261104700
-0.0929860800 1.2215484600 -0.3139676800
-0.0926293200 1.2264605400 -0.3179030400
-0.1083693100 1.2173538000 -0.3000603500
-0.1316561600 1.2321259200 -0.3017780400
-0.1864662700 1.2076762700 -0.2254981600
-0.1746883700 1.1788058400 -0.1393642000
-0.1612259000 1.1635106600 -0.1223003800
-0.1507055500 1.1564012600 -0.1189624400
-0.1258515600 1.1429809900 -0.1053454500
-0.1092130800 1.1337075600 -0.0978581500
-0.0843757700 1.1192401300 -0.0885394500
-0.0271366300 1.0890032700 -0.0776566800
0.0034065100 1.0844886300 -0.0780299900
0.0297174500 1.0818498700 -0.0847797200
0.2221259300 1.1424972500 -0.2758978400
0.2188307900 1.1531326700 -0.3021283200
0.0159707500 1.2511249600 -0.3941101900
-0.0271757000 1.2391141100 -0.3889982600
-0.0800542200 1.2369133100 -0.3391025500
-0.1316085100 1.2235829500 -0.3030357900
-0.1644234000 1.2118636600 -0.2627607700
-0.1692807900 1.1698277600 -0.1284508900
-0.1386605500 1.1542920500 -0.1115426300
-0.0141140900 1.0873953900 -0.0785237100
0.0569142200 1.0824243300 -0.0989405700
0.1835969100 1.1074510700 -0.2017990900
0.1972573300 1.2114440900 -0.3733260000
0.1042767100 1.2586681200 -0.4266119100
-0.0202492300 1.2545894800 -0.3828960900
-0.0628143800 1.2474500700 -0.3464922600
-0.0851199300 1.2334472600 -0.3308284200
-0.1757400800 1.2007452200 -0.2363833800
-0.1826434500 1.1850898800 -0.1458948300
-0.1529907300 1.1630278500 -0.1184855800
-0.0594477800 1.1078253900 -0.0805973700
0.0890155900 1.0892828300 -0.1330080900
0.0996815300 1.0924854700 -0.1474654300
0.2159043600 1.1282903500 -0.2674658600
0.1421159600 1.2551743800 -0.4183980500
0.1353814900 1.2486610800 -0.4190029900
-0.1013554200 1.2295013900 -0.3189752700
-0.1164237500 1.2240511100 -0.3031737000
-0.1987719600 1.1983989500 -0.1793001900
-0.1883127700 1.2003919600 -0.1693005300
0.0702953900 1.0846064500 -0.1134509800
0.0813095300 1.0915144400 -0.1095594700
0.2154945200 1.1964502000 -0.3265546600
0.0566645900 1.2587507900 -0.4184508200
0.0423521000 1.2612096200 -0.4167919400
0.0090709100 1.2515124400 -0.3913706000
-0.1554147600 1.2304899900 -0.2742892800
-0.1204365800 1.1484407800 -0.1028638200
-0.0251664700 1.0940830700 -0.0736940800
0.0601400900 1.0888984200 -0.0902917700
0.1142219600 1.0959103000 -0.1474211900
0.1358967000 1.0993657300 -0.1616057100
0.1784141300 1.2402319800 -0.3980064300
0.0249778200 1.2551079800 -0.4007578600
-0.0025458500 1.2555590800 -0.3940147800
-0.1123718600 1.2352361100 -0.3198379800
0.1032973200 1.0959996200 -0.1333521300
0.1200366100 1.0953330200 -0.1509466800
0.1544776900 1.1008725100 -0.1724721400
0.1741831400 1.1049929300 -0.1899756400
0.2100317400 1.1222113600 -0.2204795000
0.2075602100 1.1162938800 -0.2326359300
0.1561375800 1.2505664000 -0.4146402200
0.1144354100 1.2633776200 -0.4246879400
0.0921871300 1.2658983900 -0.4274003700
0.0131921300 1.2546894700 -0.3955073900
-0.0717539800 1.2482732800 -0.3409371300
-0.0885045000 1.2407202300 -0.3268275100
0.0879359500 1.0962904200 -0.1081434100
0.2218093900 1.1353988300 -0.2586434600
0.2090652500 1.2094385700 -0.3519115100
0.1949273200 1.2275269300 -0.3740628600
0.0665289200 1.2658880200 -0.4243646000
0.0271018100 1.2644980600 -0.4194127300
-0.0117732600 1.2548915000 -0.3901737600
-0.1237379000 1.2365572400 -0.3036486800
-0.1506385800 1.2209460100 -0.2429393600
-0.1778819700 1.2195856100 -0.2231643100
-0.0891013100 1.1384663300 -0.0883677500
0.0069332600 1.0900907300 -0.0730313300
0.0485730500 1.0915816200 -0.0800220600
0.0589420500 1.0983453100 -0.0822657800
0.1274217400 1.1016558100 -0.1408738500
0.0682091000 1.2732598000 -0.4219421700
0.0372714700 1.2673051200 -0.4234399500
-0.0057635400 1.2589055600 -0.3975337200
-0.0377306400 1.2538271300 -0.3711277100
-0.0798350600 1.2469561000 -0.3352095000
-0.1019044800 1.2385032100 -0.3280630800
-0.1033514700 1.2421267100 -0.3249552400
-0.1560416200 1.2176741000 -0.2370570500
-0.1921712100 1.2109691000 -0.1874940800
-0.1458736500 1.2365275100 -0.2905962800
-0.1506396200 1.2351221500 -0.2835113900
-0.1845146400 1.2201842200 -0.2171792500
-0.1885701000 1.2026263800 -0.1574019700
-0.1821310700 1.1925315200 -0.1437619800
-0.0549662000 1.1214392800 -0.0775931600
0.1492624900 1.1070654100 -0.1560897700
0.1698291400 1.1115767600 -0.1705318300
0.1870191000 1.1140457900 -0.1924932000
0.1539282700 1.2585540000 -0.4074034600
-0.0241862800 1.2574923000 -0.3843607700
-0.0487928500 1.2508903100 -0.3607011000
-0.1554281600 1.2284332100 -0.2668150600
-0.1557292300 1.2288807700 -0.2615164300
-0.1501186400 1.2224506100 -0.2494844900
-0.1747891500 1.2227073800 -0.2283965100
-0.1901553600 1.2185709200 -0.2076364700
-0.1924754100 1.2110128600 -0.1711666800
-0.1721201200 1.1827285300 -0.1316549200
-0.1470126200 1.1809074400 -0.1176988000
0.0146494300 1.1129468700 -0.0652376500
0.1071667200 1.1098471800 -0.1163432900
0.2196664200 1.1649584500 -0.2876978000
0.2171189400 1.1861380500 -0.3095877300
-0.0407262900 1.2572117200 -0.3745506100
-0.0607279900 1.2516986800 -0.3484657300
-0.1293771400 1.1631655000 -0.1089641200
-0.0677963900 1.1366396500 -0.0809479700
-0.0724245600 1.1278966200 -0.0828169300
0.1076939700 1.0985291600 -0.1239104900
0.1815866200 1.1191644300 -0.1781780100
0.1962906700 1.1255135200 -0.1954389400
0.2134208500 1.1380334600 -0.2217107400
0.2184269100 1.1313450100 -0.2423358400
0.2190075900 1.1472304700 -0.2379279600
-0.0164845500 1.2652001500 -0.4071671200
-0.0890029900 1.2488139500 -0.3361338300
-0.0930945200 1.2461182700 -0.3306890800
-0.1843845600 1.2145262900 -0.1623426500
0.3473741300 1.5130724000 -0.4723472000
0.3271609600 1.5002091300 -0.4715376300
0.3433520200 1.5169427200 -0.4763868400
-0.1348918400 1.2409542700 -0.3022237600
-0.1749318400 1.2290860800 -0.2383397600
-0.1823507100 1.2266454800 -0.2230899800
-0.1615836200 1.1836011400 -0.1252677500
-0.1264595700 1.1746250500 -0.1106605000
-0.1134896700 1.1617120100 -0.1001625300
-0.0256751100 1.1133919900 -0.0692981300
0.2216223300 1.1631538000 -0.2514926500
0.2222947600 1.1614102000 -0.2635455200
0.1144038300 1.2691016000 -0.4176127400
0.0433844300 1.2744686700 -0.4211853500
0.0102193300 1.2681245200 -0.4200685200
-0.0327847000 1.2624886500 -0.3986796100
0.2069534600 1.1473349400 -0.2038520300
0.2178332400 1.1816170900 -0.2811020200
0.2119885600 1.2047121200 -0.3439138300
0.0887653100 1.2720143100 -0.4217578800
-0.1075674100 1.2509251400 -0.3542408700
-0.1437539100 1.2423019000 -0.2991820600
-0.1558162900 1.2362117300 -0.2740784800
-0.1652693600 1.2320669500 -0.2545893400
-0.1717147200 1.1993297000 -0.1383003600
0.3665722000 1.5222603600 -0.4668776100
0.3744894900 1.5291820400 -0.4707457700
-0.4330335300 1.1507708300 -0.1517081700
-0.4086715400 1.1469848400 -0.1435409800
-0.1596698600 1.1971374900 -0.1300920600
-0.0978443500 1.1523217500 -0.0915548100
-0.0126595900 1.1136122800 -0.0660367200
0.0365796100 1.0907737700 -0.0771581800
0.2108382500 1.2213704100 -0.3476335900
-0.0279985300 1.2646836300 -0.4013162100
-0.0485194700 1.2627756700 -0.3962615400
-0.0866053200 1.2552095200 -0.3709635000
-0.1438299300 1.2434579700 -0.2995726900
-0.1642377800 1.2343594500 -0.2551088700
-0.1897608200 1.2233711400 -0.2068747900
0.3519093100 1.5137378300 -0.4644041100
0.3533583400 1.5256077800 -0.4724588400
0.3247186800 1.5046672200 -0.4774453400
-0.4206160900 1.1432136200 -0.1518805300
-0.0804865600 1.1478484900 -0.0847019200
0.0825011600 1.1103922100 -0.0952087800
0.1428231200 1.1104106900 -0.1450929300
0.1760886300 1.2506805300 -0.3873447000
-0.0831379800 1.2583908000 -0.3781136200
-0.1375001000 1.2499446300 -0.3053862200
0.3230548500 1.5130504600 -0.4790733200
-0.4525055800 1.1529749900 -0.1499821700
0.3324122300 1.4871771800 -0.4501553000
0.3737541200 1.5232376900 -0.4572400300
-0.1479189300 1.1875315700 -0.1202469300
0.2198374800 1.2179058400 -0.3266332500
0.1912810600 1.2417601800 -0.3692663900
0.1305495200 1.2697372800 -0.4072422600
0.0280099400 1.2781494900 -0.4154524400
0.0074519000 1.2764959700 -0.4118403400
-0.0023603800 1.2688638700 -0.4146553600
-0.1508765100 1.2418781400 -0.2808963900
-0.1714078500 1.2111000000 -0.1464795600
0.3242896700 1.4879894400 -0.4503891400
0.3402276300 1.5086700300 -0.4598729700
0.3417304200 1.5260110800 -0.4760342500
0.3082379600 1.5062766500 -0.4758065800
-0.4111580100 1.1543049400 -0.1366998300
-0.0498432200 1.1369284700 -0.0741375700
0.2221676300 1.1828178900 -0.2527343700
0.0877122000 1.2761524800 -0.4153795700
-0.0089213200 1.2759538800 -0.4030321700
-0.0231600100 1.2705399300 -0.3996050200
-0.0999222100 1.2551079600 -0.3636074400
-0.1256261500 1.2529627200 -0.3290135900
-0.1826036800 1.2310935800 -0.2019016400
0.3317197900 1.4918085400 -0.4420231000
0.3319675800 1.5014739400 -0.4576027300
0.2966995700 1.5036746700 -0.4747421800
-0.4225660200 1.1595268500 -0.1566367700
-0.4553440900 1.1580436200 -0.1543324200
-0.0609627900 1.1459607700 -0.0762092700
-0.0172792100 1.1238455600 -0.0650917700
0.1724142600 1.1191779100 -0.1680421600
0.2228046900 1.2033339900 -0.3002690400
0.2176965000 1.2277281900 -0.3306153800
0.1834775300 1.2544803000 -0.3708654100
-0.1776687200 1.2345810900 -0.2180075400
-0.1811823600 1.2296207400 -0.1841197000
0.3282606700 1.4843000100 -0.4466464500
0.3795292600 1.5286569100 -0.4588980500
0.3071274200 1.5201455200 -0.4799307000
0.3093386700 1.5015327700 -0.4679352800
-0.4420626600 1.1478406700 -0.1082010700
-0.4406919400 1.1553736700 -0.1338953200
-0.1222586400 1.1779501600 -0.1051807800
-0.1030835300 1.1673504100 -0.0895468700
-0.0303132700 1.1397960800 -0.0656689600
0.1106011100 1.1226763200 -0.1131956300
0.1448935900 1.1301605300 -0.1397006300
0.1934150400 1.2453246300 -0.3492098100
0.1523416000 1.2643251300 -0.3995155500
0.1096962300 1.2733135500 -0.4130323400
-0.0501445400 1.2702141500 -0.3911447700
-0.1344668000 1.2470999100 -0.3193281600
0.3540144800 1.5181121500 -0.4556637900
0.2908187400 1.5101700100 -0.4785941900
-0.4424487700 1.1660663900 -0.1724935900
-0.4630350900 1.1572905200 -0.1211853200
0.3177912000 1.5249263700 -0.4800761900
0.3119632800 1.4918425600 -0.4451909600
0.1672765500 1.2694098000 -0.3825308300
0.1576604000 1.2711376400 -0.3915025400
0.0027899600 1.2772754800 -0.4093571900
-0.0751115400 1.2602865900 -0.3826784600
-0.0836177800 1.2671740000 -0.3723192600
-0.1793908800 1.2238634900 -0.1681082700
-0.1679164100 1.2208829200 -0.1468789000
-0.1308447300 1.1870937500 -0.1139773700
-0.0116441300 1.1255706900 -0.0627499900
-0.0012245800 1.1306501800 -0.0604527900
0.1978400000 1.1420264100 -0.1901838100
0.2236416600 1.2087732200 -0.2911165800
-0.4546247400 1.1665063400 -0.1605669000
-0.4608492900 1.1541684900 -0.1046554600
-0.4296726200 1.1585953600 -0.1273465700
0.3246271600 1.4919635300 -0.4376465500
0.3284588500 1.5054561900 -0.4433542000
0.3689653200 1.5238851600 -0.4479388900
0.1243760200 1.2793329300 -0.4058409600
0.0684097900 1.2778775000 -0.4182147100
-0.1473576700 1.2471306500 -0.2700039800
-0.1548924500 1.2074187700 -0.1266533900
-0.4326921300 1.1606357400 -0.1614382400
-0.4484985800 1.1710311100 -0.1733514600
-0.4595620900 1.1573953200 -0.1417384500
-0.4702213000 1.1728982800 -0.1269131700
-0.4646331000 1.1596478900 -0.1297175600
-0.4727273200 1.1691352700 -0.1078684600
-0.4374511100 1.1563393600 -0.1183381400
-0.4224253600 1.1578103000 -0.1355763200
0.3774361600 1.5295743300 -0.4514501300
0.3664343700 1.5365990600 -0.4707889000
0.2971961900 1.5120101200 -0.4813203200
0.3000120000 1.4929679200 -0.4428036000
-0.0682481100 1.2774322900 -0.3747648700
-0.1024665400 1.2622271000 -0.3546936300
-0.1157131800 1.2545265300 -0.3448064800
-0.1603952000 1.2409143000 -0.2417951500
-0.1760356200 1.2384817900 -0.2106146000
-0.1406183600 1.1861379600 -0.1170239400
-0.1133565500 1.1787750900 -0.0922885800
0.2170953200 1.1559686300 -0.2280312500
0.2158101900 1.2046895400 -0.2741792500
-0.4682270800 1.1604282800 -0.0998408100
-0.4498875300 1.1579828900 -0.0948015500
-0.0708407300 1.1619515300 -0.0756736200
0.0235350800 1.1288502400 -0.0619523300
0.0473610200 1.1090129500 -0.0710916000
0.1784380800 1.1379520200 -0.1668861900
0.0549088900 1.2786673700 -0.4185852500
-0.1412364900 1.2514941200 -0.2780752000
0.3420746200 1.5138694900 -0.4480270200
0.3370458600 1.5165975200 -0.4434188200
0.3818827200 1.5439736400 -0.4631194600
0.3666090000 1.5572596000 -0.4673438700
0.2967868400 1.5045884100 -0.4549092800
0.3036750700 1.5009727700 -0.4555155500
-0.4241752800 1.1701600000 -0.1607246100
-0.1193183200 1.1930467200 -0.1011598700
0.0757407600 1.1274772300 -0.0799008600
0.2205911800 1.1806606600 -0.2204939700
0.2229374800 1.1829438900 -0.2342527400
0.2230080300 1.2477465900 -0.3063506300
0.1795756400 1.2604488900 -0.3521657500
0.0911663800 1.2852043500 -0.4128773700
0.0453885200 1.2853680700 -0.4165897600
-0.0545192000 1.2776377600 -0.3831275000
-0.1613197200 1.2423158700 -0.2338637100
0.3799116800 1.5423644700 -0.4546924500
0.3410254400 1.5504991400 -0.4753706800
0.3285932300 1.5292171900 -0.4772157100
-0.4107482700 1.1700589500 -0.1629757500
-0.4378651200 1.1757422500 -0.1717651200
-0.4539452700 1.1779036200 -0.1662674200
-0.4363095200 1.1670283800 -0.0969707400
-0.4216485700 1.1645765600 -0.1275426300
-0.0946252100 1.1767283300 -0.0832192400
-0.0537840800 1.1628735100 -0.0648975200
0.1101290500 1.1342085900 -0.1044442700
0.1811085900 1.1537029000 -0.1632041700
0.2248695800 1.2156681700 -0.2964222000
0.2259841600 1.2390772000 -0.2966166100
0.1087195500 1.2816445600 -0.4107240800
0.0153580600 1.2806799500 -0.4133792400
-0.1219999000 1.2615234300 -0.3159690700
-0.1529466900 1.2460142200 -0.2517461100
0.3779445100 1.5526502100 -0.4622573200
0.3529510900 1.5435882500 -0.4707588000
0.2852730000 1.5218501400 -0.4759614700
0.2851250300 1.5115412000 -0.4696191000
-0.4250301100 1.1678779400 -0.1128243400
-0.4069730000 1.1583353200 -0.1367000900
0.3154652000 1.5040845500 -0.4326332400
0.3811997200 1.5471123800 -0.4565378400
0.2923993200 1.5126348700 -0.4577140300
0.1435626700 1.2783722900 -0.3959232400
-0.0438022600 1.2772042600 -0.3883336000
-0.1574103700 1.2138198300 -0.1326254200
-0.1268605600 1.1981860900 -0.1135430300
-0.1143397200 1.2000189300 -0.0943442100
-0.0218844000 1.1495545700 -0.0605743500
0.2162668800 1.1996748100 -0.2649159700
-0.4618369800 1.1663160100 -0.1521458900
-0.4681368900 1.1699101200 -0.0908358500
-0.4345165200 1.1597385200 -0.1050121000
-0.4164276500 1.1635811400 -0.1354950800
-0.1470266200 1.2186385000 -0.1275514600
0.0385008500 1.1233638800 -0.0646420600
0.1446845100 1.1470446700 -0.1292355300
0.1608065500 1.1478082000 -0.1469787400
0.2153543000 1.2265160300 -0.2635546800
0.1725463100 1.2684285500 -0.3719542300
0.1226657400 1.2919422400 -0.4001656000
-0.1513793700 1.2500152400 -0.2550918800
-0.1730151700 1.2433316700 -0.2084269100
0.3625718700 1.5318070600 -0.4427280600
0.3781355600 1.5473289900 -0.4470469400
-0.1019557700 1.1897460100 -0.0861704300
0.2116111900 1.1680413900 -0.1997387400
0.1112885800 1.2894003100 -0.4050920700
0.1014228000 1.2940577300 -0.4049840500
0.0658033700 1.2898654400 -0.4171687900
-0.0996812100 1.2695001300 -0.3508634100
-0.1673670900 1.2485549500 -0.2160922300
-0.1736721500 1.2406783800 -0.1848072700
0.3157118200 1.5177436000 -0.4427772000
0.3704695000 1.5417589700 -0.4451520900
0.3162212000 1.5382938600 -0.4784663300
0.3032157000 1.5392114600 -0.4769340200
0.2961464700 1.5001200400 -0.4484338800
-0.3976190600 1.1806053600 -0.1579824500
-0.4472636600 1.1791522400 -0.1736586100
-0.4699309800 1.1712936800 -0.1159206700
0.0609564200 1.1415114100 -0.0658255600
0.0755823000 1.1386441400 -0.0769032800
0.1864095600 1.2576178000 -0.3417613200
0.1570711600 1.2836571700 -0.3825626700
-0.1112538000 1.2648577000 -0.3361723400
-0.1429414500 1.2611993900 -0.2741556900
0.2915737500 1.5277271400 -0.4800985200
-0.4656660500 1.1827011700 -0.1493728900
-0.4730796900 1.1765638100 -0.0941119300
-0.4535983100 1.1664343100 -0.0937117000
-0.4040057100 1.1760090200 -0.1373263200
-0.1626521400 1.2285069600 -0.1518936700
-0.0592259500 1.1662609900 -0.0662827000
0.0189675700 1.1373464000 -0.0608508500
0.1104179500 1.1507716500 -0.0973372200
0.1311340800 1.1530091500 -0.1144060400
0.2014449400 1.2617498200 -0.3307911900
0.1851263000 1.2718594200 -0.3325154000
0.0608458900 1.2952374200 -0.4154605100
0.0345152300 1.2879776700 -0.4139771900
-0.0791175600 1.2768118300 -0.3678057400
-0.1157668300 1.2708885900 -0.3256059400
-0.1568529300 1.2486788000 -0.2425230100
-0.1705311400 1.2444061300 -0.1846282100
-0.1722425000 1.2329670900 -0.1661186100
0.2831122100 1.5242322700 -0.4685207400
-0.4255410100 1.1764431800 -0.1591163200
-0.4669080300 1.1743021900 -0.1366000200
-0.4561251100 1.1759837300 -0.0890378200
-0.4304524700 1.1735766500 -0.0979805600
-0.3974650700 1.1746185400 -0.1417117500
-0.1437524900 1.2122104800 -0.1202603000
0.2185014900 1.2174796700 -0.2487769400
0.2167882000 1.2535814300 -0.3201465800
0.1691308100 1.2774542100 -0.3440679100
0.0055395900 1.2906161800 -0.4149101400
-0.1530162000 1.2588184500 -0.2478552800
0.3109330600 1.5006734500 -0.4302377100
0.2873370300 1.5389220500 -0.4772811200
0.2903130100 1.5046759300 -0.4268385400
-0.4313160700 1.1854904800 -0.1578059400
-0.4704999000 1.1887628400 -0.1334070800
-0.1559197000 1.2465534100 -0.1701960700
-0.0761394200 1.1825459000 -0.0715789300
-0.0383473200 1.1693671400 -0.0640229400
0.1899399000 1.1777780600 -0.1639632200
0.2202249700 1.1981275300 -0.2459936200
-0.0249690300 1.2763010500 -0.3940347200
-0.1027085300 1.2749429000 -0.3473670500
-0.1211637000 1.2732871600 -0.3167411900
0.3030037500 1.4960619700 -0.4280308000
0.3452321400 1.5262446200 -0.4411116200
0.3633976800 1.5482322600 -0.4405978100
0.3849099200 1.5551649100 -0.4485164400
0.3836119700 1.5623597800 -0.4535276100
0.3544790700 1.5630837800 -0.4694715400
0.2886938700 1.5086043100 -0.4410910400
-0.4245139700 1.1757916500 -0.1032945800
-0.4159066000 1.1777044000 -0.1370325600
-0.0149445300 1.1540391900 -0.0594160900
0.0053597300 1.1490230600 -0.0609719100
0.1342373500 1.1731201500 -0.1136327400
0.2256366400 1.2336450700 -0.2848616900
0.0710858100 1.2947217100 -0.4143190700
-0.0025199600 1.2856411800 -0.4097662700
-0.1484464700 1.2286279300 -0.1449805000
-0.1451683400 1.2281178500 -0.1368612900
0.3139672700 1.5160930400 -0.4319308600
0.3776234600 1.5693965700 -0.4577472300
-0.4731497700 1.1834501000 -0.1231497000
-0.4675140100 1.1854003000 -0.0834363600
-0.4445967800 1.1791793500 -0.1079453100
-0.0605509200 1.1791276400 -0.0648549600
0.0243598200 1.1582857500 -0.0579815700
-0.1333209600 1.2647025800 -0.2946544100
-0.1500989500 1.2576499600 -0.2533501400
-0.1684858000 1.2527131800 -0.2105522500
-0.1649864300 1.2580439600 -0.2146709700
-0.1434065900 1.2378316000 -0.1527323400
0.3268071600 1.5299535100 -0.4415890900
0.3135231900 1.5574605800 -0.4790322000
0.2940477100 1.5313031800 -0.4540440900
0.2945886900 1.5177794000 -0.4515161300
-0.4470391500 1.1957638900 -0.1677957400
-0.4540217900 1.1901716100 -0.1669078100
-0.4711685300 1.1828334700 -0.1109617700
-0.4248317700 1.1830896300 -0.1061445200
-0.4134684400 1.1852616900 -0.1298750600
-0.3979790600 1.1850779600 -0.1333121500
-0.0472295300 1.1742139000 -0.0646442900
-0.0000743300 1.1671184300 -0.0625874600
0.0559358100 1.1530461100 -0.0596010700
0.1545971700 1.1663241500 -0.1318983400
0.1780869400 1.1995504400 -0.1467036400
-0.0137534000 1.2811237500 -0.4002083100
-0.0485308300 1.2887881100 -0.3860218800
0.3104829400 1.5124223100 -0.4255336500
0.3130278700 1.5207491500 -0.4403210400
0.3671683100 1.5687899800 -0.4649463600
-0.4757328900 1.1883013000 -0.0976628800
-0.4447784600 1.1859731000 -0.0915339800
-0.4166091700 1.1896005700 -0.1217736800
-0.4099634400 1.1882717900 -0.1316404500
-0.0321312600 1.1809373500 -0.0630873800
0.0453610900 1.1541545400 -0.0568110100
0.2029476200 1.1599235500 -0.1863920600
0.1423188700 1.2934643800 -0.3849412500
-0.0927214500 1.2838966300 -0.3567842900
-0.1438316000 1.2644707800 -0.2650113400
-0.1634851200 1.2583468900 -0.2306706000
0.3285385000 1.5395420500 -0.4391047100
0.3275151100 1.5642636200 -0.4752255900
0.2954920700 1.5559220600 -0.4764274200
-0.4117082800 1.1848245300 -0.1582895200
-0.4410920000 1.1901466800 -0.1683988200
-0.4622571400 1.1929929300 -0.1512996100
-0.4186760300 1.1834094300 -0.1099701200
-0.0912416500 1.1987374100 -0.0809459400
-0.0700601700 1.1897610900 -0.0692567800
-0.0139166800 1.1700209000 -0.0634506000
0.1183483300 1.1675391000 -0.1003441700
0.2167121700 1.2650591900 -0.2878714200
0.2145325100 1.2653426400 -0.3098908300
0.0054046500 1.3046425100 -0.4159282300
-0.0120391800 1.2977632500 -0.3978459700
-0.1411491600 1.2248174800 -0.1262805900
-0.1272653700 1.2201466200 -0.1200511000
0.3866680300 1.5556970100 -0.4408477900
0.3637851200 1.5751635800 -0.4617195800
0.3377534100 1.5695372200 -0.4731186000
0.2819411100 1.5381061900 -0.4680055000
0.2957704100 1.5275971200 -0.4463028800
-0.3925689100 1.1915142400 -0.1511463600
-0.4250906800 1.1920166300 -0.1469721300
-0.4496400800 1.1859790000 -0.0796508500
-0.4007926500 1.1880832600 -0.1277754900
-0.0076934500 1.1791480500 -0.0631379500
0.0752947400 1.1707760100 -0.0704475000
0.1672991700 1.2001793900 -0.1363135700
0.1997140300 1.1984424300 -0.1689461700
0.2167065600 1.2295383400 -0.2702716400
0.2244241100 1.2591754400 -0.2646386800
0.2251449300 1.2538085000 -0.2792119300
0.1589338600 1.2864923300 -0.3614737200
0.0371956900 1.2969054100 -0.4141247900
-0.0390256800 1.2880646700 -0.3889675700
-0.1624777200 1.2523521200 -0.1877302100
0.3284266800 1.5263938600 -0.4210409100
0.3399840400 1.5436989300 -0.4380643300
0.3511339800 1.5514178400 -0.4359388500
0.3896825500 1.5660599900 -0.4356542900
0.3897860000 1.5738494300 -0.4326414700
0.2857584700 1.5384623300 -0.4465948900
-0.4037633400 1.1959915800 -0.1554626000
-0.4548984600 1.2007202700 -0.1626446600
-0.4703753900 1.1963089900 -0.1433453700
-0.4763637500 1.1962259100 -0.1066685100
-0.4712587500 1.1943069400 -0.0842274400
-0.1012194300 1.2121721400 -0.0888822900
-0.0820271700 1.2014515000 -0.0782331000
0.2193448100 1.2210646600 -0.2289420100
0.1759287900 1.2912012900 -0.3255426800
0.1695124500 1.2831799600 -0.3335803500
0.0865010500 1.2976123000 -0.4064571900
-0.0697970700 1.2887709900 -0.3737862500
-0.1332371000 1.2723798900 -0.2876296900
-0.1409374100 1.2386038800 -0.1350120500
0.3383615300 1.5459313500 -0.4335462800
0.3712184400 1.5511414900 -0.4388474300
0.3121776600 1.5649131900 -0.4773245800
-0.4212536500 1.1936917500 -0.1458523700
-0.4359106300 1.1926592800 -0.1200644200
-0.4215365400 1.1938165600 -0.1227207900
-0.4138041100 1.1950758300 -0.1220211400
-0.1104605500 1.2232677900 -0.0978819400
-0.0245668500 1.1766598500 -0.0641047800
0.0981299200 1.1709203400 -0.0872891800
0.1476305400 1.1709319800 -0.1238587800
0.2035635700 1.2848271600 -0.2944062300
0.2072977000 1.2763533100 -0.3199201200
0.1072103500 1.3079244300 -0.4009105300
0.0137682200 1.3043486500 -0.4168265600
0.3368202200 1.5373117600 -0.4231312500
0.3267811000 1.5370115600 -0.4348724500
-0.4096496000 1.1985056300 -0.1536863700
-0.4749846900 1.2098119800 -0.1254756700
-0.4564059900 1.1885756300 -0.0753322300
-0.4366107100 1.1929190200 -0.0858935200
-0.4380321000 1.1945927600 -0.1132045000
-0.4016162500 1.1942660900 -0.1125887500
-0.0470790700 1.1862415600 -0.0608898500
0.1204629200 1.1818672800 -0.0987084300
0.2162623300 1.2042379500 -0.2004334800
0.2171226500 1.2340285400 -0.2119184800
0.2173326200 1.2412116700 -0.2146629000
0.2202287600 1.2717070300 -0.2702474800
0.2209440800 1.2555094700 -0.2981222500
0.0000538000 1.3099545800 -0.4112891300
-0.0197555900 1.3060485000 -0.3922010900
-0.0493644400 1.2984604300 -0.3836886200
-0.0983174700 1.2849273500 -0.3500202100
-0.1062104700 1.2803872800 -0.3387226200
-0.1164433800 1.2848846200 -0.3177947400
0.3065094600 1.5142559000 -0.4189941300
0.3256084300 1.5262620100 -0.4104975000
0.3860510500 1.5598774500 -0.4273731200
0.2850134400 1.5557057100 -0.4720867000
0.2804081400 1.5457023400 -0.4594482500
-0.4376701000 1.2070243500 -0.1612603900
-0.4752036200 1.1999690900 -0.0928300200
-0.4257040400 1.1987429100 -0.1272285300
-0.3934794000 1.1972041100 -0.1074916200
-0.0683940700 1.1970871900 -0.0733790700
-0.0551160300 1.1976647900 -0.0680379900
0.2088201100 1.2045638400 -0.1805309600
0.1541314500 1.2914362500 -0.3730679800
0.0623751100 1.3023061900 -0.4139333600
-0.0689726800 1.2995288700 -0.3721260500
-0.1256404700 1.2843645400 -0.2837095600
-0.1577688200 1.2655908600 -0.2417180300
-0.1411972300 1.2490941400 -0.1655033300
0.2944067800 1.5122305000 -0.4138306300
-0.3930745900 1.2037182100 -0.1528902000
-0.4311185600 1.2013807200 -0.1216053600
-0.3904580800 1.1914615500 -0.1331355400
-0.4242998600 1.2028359400 -0.1212086400
-0.1247800800 1.2344880200 -0.1252550900
-0.0443174000 1.1956671200 -0.0613340500
0.0454379100 1.1899418700 -0.0541778000
0.2149987500 1.2489564300 -0.1970209800
0.2147215900 1.2623941200 -0.2473630400
0.1979935700 1.2972375700 -0.2806652500
0.1199763600 1.3067301400 -0.3956356200
-0.1401470200 1.2714204200 -0.2631257100
-0.1472820400 1.2601095600 -0.1849400500
0.3730753400 1.5548990300 -0.4230480600
0.2951787500 1.5649267000 -0.4697474600
0.2843839900 1.5372998800 -0.4384753000
-0.4033301500 1.2092151000 -0.1533408100
-0.4629799100 1.2105904600 -0.1508154400
-0.4788034800 1.2043500200 -0.1160078300
-0.4406580400 1.1917096300 -0.0759259200
-0.0650172800 1.2089545400 -0.0864036900
0.2135993000 1.2429715600 -0.2505456100
0.2212606800 1.2793407600 -0.2483358100
0.1579529600 1.2930773300 -0.3482176300
0.0850304300 1.3104641300 -0.4035719700
-0.0357691800 1.2970808900 -0.3896866900
-0.0408420500 1.3056863200 -0.3869569100
-0.1415406900 1.2749903900 -0.2596811900
-0.1369217600 1.2503282900 -0.1591001200
-0.1396693800 1.2543187600 -0.1519384400
0.3615670900 1.5828263200 -0.4536751000
0.2816708500 1.5510569000 -0.4513165600
0.2804639600 1.5284205200 -0.4342263500
0.2782279700 1.5263760900 -0.4280277500
-0.0745459100 1.2128922300 -0.0891191500
0.0947060100 1.1870513200 -0.0844676500
0.1960973700 1.2997384000 -0.3184616200
0.1463321400 1.3055026600 -0.3521270900
0.1334098700 1.3158599600 -0.3725157000
0.0418724000 1.3051731300 -0.4148739900
-0.1210884900 1.2385654000 -0.1197737600
0.2823944100 1.5182585700 -0.4143670700
0.3388619600 1.5345425600 -0.4106964400
0.3758461500 1.5798233300 -0.4466852100
0.2882328200 1.5631365600 -0.4668833700
-0.4192093900 1.2058576800 -0.1492588500
-0.4732793200 1.2122607300 -0.1400647700
-0.4592799700 1.2026246800 -0.0709545200
-0.4305334800 1.2002047800 -0.1052541700
-0.4110379500 1.2003095800 -0.1042133300
-0.1040747100 1.2282738300 -0.0962731500
-0.0509265100 1.2054471700 -0.0749677400
-0.0169346200 1.2017810900 -0.0542531000
0.0837066200 1.1888368100 -0.0768388900
0.1299912300 1.2031325200 -0.1026016300
0.2004502900 1.2325497700 -0.1633359300
0.1905559600 1.2985069900 -0.3221428800
0.1483283700 1.3100801400 -0.3462296200
0.1425383300 1.3107723900 -0.3632081300
0.1287583500 1.3105618400 -0.3843811900
0.0122711900 1.3244517200 -0.4169922700
-0.0866279700 1.2980030200 -0.3590497100
-0.1538566300 1.2688338000 -0.2180017300
-0.1431188400 1.2655856300 -0.1875130700
-0.1418987700 1.2457932500 -0.1441958600
-0.1379960200 1.2559889300 -0.1479691200
0.2992157700 1.5213973000 -0.4090099200
0.3511711700 1.5478666800 -0.4168187000
0.3914027900 1.5696551000 -0.4192245400
0.3120584300 1.5719690300 -0.4696212000
-0.4460247800 1.2070774300 -0.0591118400
-0.4078988100 1.2025482300 -0.0941183500
-0.0585584400 1.2209102300 -0.1023705000
-0.0117994500 1.1871433700 -0.0609614200
0.0587205400 1.1862270900 -0.0591585700
0.1090083400 1.2030594700 -0.0887529200
0.1621689000 1.2044962800 -0.1289162000
0.2041206400 1.2890206100 -0.3126726200
0.1642821100 1.2987823300 -0.3274982500
0.0708909500 1.3078730800 -0.4095482700
0.0340851000 1.3173558100 -0.4149428100
-0.0267841100 1.3054274400 -0.3899467700
-0.1460018500 1.2702782000 -0.2083278300
0.3836818800 1.5633379900 -0.4102772900
0.2810898700 1.5530657600 -0.4670317800
-0.4437421000 1.2145387800 -0.1631851800
-0.4760953100 1.2049139700 -0.1040620700
-0.4200726700 1.2003929200 -0.0799158600
-0.4175266100 1.2027863100 -0.0944107500
-0.3858956900 1.2036483500 -0.1100885900
-0.3835766900 1.2024628100 -0.1348556600
-0.0822467200 1.2336652700 -0.1125126300
-0.0516984400 1.2172342100 -0.0919962500
0.1467987000 1.2107619200 -0.1184659200
0.1889323000 1.2344996200 -0.1510053900
-0.0948503700 1.3068658700 -0.3472338800
-0.1502245800 1.2758571000 -0.2511072900
-0.1570540500 1.2692723500 -0.2371629100
-0.1518067000 1.2781289700 -0.2322742400
-0.1274843600 1.2535476600 -0.1391991100
0.3617051200 1.5533579800 -0.4160042000
0.3689378100 1.5899827700 -0.4423262400
0.2817906100 1.5464692000 -0.4320855300
-0.4238120200 1.2166481900 -0.1531694700
-0.4553127800 1.2172816500 -0.1598181800
-0.4413344200 1.1969979400 -0.0634535900
-0.4311845900 1.1974628500 -0.0676807900
-0.0954924500 1.2289893700 -0.0967943600
0.0358780200 1.1862659200 -0.0535040400
0.1770794200 1.2309150100 -0.1358196200
0.2126567400 1.2781845400 -0.2275363100
0.1688926100 1.3057418600 -0.3205608900
0.0535787600 1.3166826000 -0.4129051000
-0.0886768200 1.3081658600 -0.3556269600
-0.1214801400 1.2848921900 -0.3031840900
-0.1215407100 1.2925392800 -0.2876495300
-0.1496556700 1.2846493200 -0.2510642200
-0.1352263500 1.2572357700 -0.1679397000
0.2855684500 1.5632284000 -0.4542712000
0.2786642900 1.5337963700 -0.4236004700
-0.4706305200 1.2165852500 -0.1383553400
-0.0430666100 1.2141863400 -0.0790799000
0.0177785100 1.1876712500 -0.0558233000
0.0937376200 1.2055073200 -0.0809062800
0.2143162700 1.2685278700 -0.2110237500
0.1989776600 1.2964752900 -0.2901353300
-0.1388639600 1.2651366800 -0.1563153500
0.3113926500 1.5326017000 -0.3986473600
0.3865599200 1.5860584800 -0.4315781500
0.3347770300 1.5881699900 -0.4523493500
-0.4335316700 1.2254067700 -0.1538663900
-0.4674300800 1.2052500800 -0.0803425600
-0.3910668000 1.2048328300 -0.0981985400
-0.3871957400 1.2107789200 -0.0998109800
-0.1203448200 1.2450625900 -0.1151361700
-0.0676005400 1.2246862300 -0.1079407400
-0.0214592900 1.2063059400 -0.0535854200
-0.1151039900 1.2966190700 -0.3132215400
-0.1335759300 1.2658601000 -0.1794499100
0.2820186100 1.5573660100 -0.4396727600
-0.4037922000 1.2067344700 -0.0852482800
-0.0520070800 1.2216935100 -0.0902227600
-0.0256774500 1.2119156800 -0.0593714900
0.0032946100 1.2001313500 -0.0555241100
0.0194309400 1.1985422000 -0.0533769900
0.1186618400 1.2138981900 -0.0941727100
0.2227019400 1.2825609400 -0.2533471800
0.2066897800 1.2943769600 -0.2674874300
0.1875427900 1.3247927200 -0.3143768400
0.1017945900 1.3173515100 -0.3992595700
0.0236099200 1.3294109400 -0.4171458100
-0.0109594700 1.3117500100 -0.3976835400
-0.0713818400 1.3106505700 -0.3708216000
-0.1420432700 1.2869524300 -0.2640002800
0.2823263300 1.5240278600 -0.4084448300
0.3248566700 1.5413319200 -0.3949777000
0.3825234800 1.5950709200 -0.4249155900
-0.4125007700 1.2208862400 -0.1486214100
-0.4655212900 1.2144809900 -0.0801230200
-0.4210858700 1.2068043700 -0.0590300300
-0.4053919200 1.2087720300 -0.0756445700
-0.3869418900 1.2237403000 -0.0982978200
-0.3792581000 1.2130615600 -0.1185728100
-0.0967869400 1.2378150800 -0.1069969400
0.0807662400 1.2133709300 -0.0745731300
0.1615477800 1.3226190200 -0.3172716900
0.1480060000 1.3162861200 -0.3359412700
0.1381306800 1.3233080500 -0.3426456500
0.1108412700 1.3222727300 -0.3941165000
0.0723047700 1.3309407000 -0.4051510200
-0.1276845100 1.2880569800 -0.2765040300
-0.1478528700 1.2856690100 -0.2569862800
-0.1430633000 1.2763588600 -0.2154388100
-0.1369999400 1.2771580100 -0.2049942600
0.3524004700 1.5523360100 -0.4036373500
0.3882923500 1.5789193900 -0.4055418000
0.2957763600 1.5801610700 -0.4443282300
0.2828515400 1.5496241800 -0.4191226200
-0.4016705900 1.2218436400 -0.1454120000
-0.4545573900 1.2288313900 -0.1448445000
-0.4320351100 1.2062623300 -0.0560271900
-0.0491158600 1.2276477900 -0.0758745700
-0.0198522200 1.2176255600 -0.0558052300
-0.0045039200 1.2070832200 -0.0536945300
0.0325410400 1.2022557600 -0.0527019700
0.1497793200 1.2351232600 -0.1151536600
0.1917490100 1.3103689900 -0.2819391100
0.1846696500 1.3121489900 -0.3194088500
-0.0400923500 1.3185362500 -0.3878401500
-0.1465867900 1.2866767400 -0.2441790400
0.2950751000 1.5287806000 -0.4026096000
0.3580033600 1.5913867200 -0.4439230600
0.3128598600 1.5879164900 -0.4493881800
-0.4478192100 1.2218570600 -0.1595323000
-0.4689297200 1.2252259600 -0.1062561500
-0.4518916700 1.2174869000 -0.0622883000
-0.4072137100 1.2165917400 -0.0637092000
-0.3951951200 1.2139363200 -0.0854800000
-0.0329895300 1.2166475200 -0.0689615400
0.2146483100 1.2812996200 -0.2341155700
0.1971174700 1.3020044400 -0.2731200500
0.1990694100 1.3090493900 -0.3050122800
0.1524402600 1.3217087400 -0.3216541200
0.1387359100 1.3191344300 -0.3574631400
0.1233809500 1.3279067900 -0.3796282500
0.0019056500 1.3214042400 -0.4136387500
-0.1290493300 1.2743573000 -0.1848557600
-0.1363895100 1.2733908000 -0.1689861900
0.2867033200 1.5368874200 -0.4056700700
0.3851097000 1.5729933900 -0.4008604100
0.2829697200 1.5387720300 -0.4127341000
-0.0017543300 1.2216237500 -0.0594636800
0.0104202900 1.2117423400 -0.0543062700
0.1104005300 1.2269753200 -0.0891645300
0.2125556900 1.2706851700 -0.1883146500
0.2218893900 1.2969691800 -0.2437205300
0.1298564200 1.3323573600 -0.3702049300
0.1060769100 1.3338875600 -0.3939817400
-0.1077511800 1.3005385100 -0.3274803400
-0.1300200700 1.2677179800 -0.1721818100
-0.1147675000 1.2502538700 -0.1152048600
0.3001830300 1.5491874000 -0.3925200000
0.3893099600 1.5844100600 -0.4130111900
0.2894854400 1.5738331700 -0.4325147600
-0.4339063600 1.2343902500 -0.1461718200
-0.4504144300 1.2418385600 -0.1214354900
-0.4605747700 1.2298423700 -0.1304458000
0.0705198300 1.2126023600 -0.0679239800
0.1671719700 1.2518444700 -0.1234215800
0.2079506800 1.2507957400 -0.1743269600
0.1943368800 1.3238062200 -0.3027942400
0.1935112000 1.3182430300 -0.3112541300
0.0893899700 1.3325507200 -0.4016354900
-0.0730375300 1.3209449700 -0.3699570800
-0.1366993900 1.2752056100 -0.1656481100
-0.1288675300 1.2671673200 -0.1484644800
-0.0707164400 1.2539036500 -0.1210843900
-0.0628712900 1.2352132200 -0.1063622500
-0.0536012600 1.2361854400 -0.0785769600
-0.0293330000 1.2237300400 -0.0618812200
0.0902527900 1.2158476600 -0.0784754500
0.2120234800 1.2943794800 -0.2062621200
0.1924911600 1.3171825900 -0.2771029900
-0.1372683400 1.2865540000 -0.2305425900
-0.1273514900 1.2793605100 -0.1805486200
-0.1244638500 1.2538230000 -0.1263109200
-0.1057246100 1.2513648700 -0.1173891900
-0.0782153900 1.2432035200 -0.1209063200
0.3102578900 1.5430220100 -0.3920902300
0.3765414300 1.5706596900 -0.3933734700
-0.4453449100 1.2353858100 -0.1428001000
-0.4334159000 1.2159032200 -0.0523131200
-0.4166367500 1.2149516500 -0.0549775400
-0.1109720100 1.2733577100 -0.1371547700
-0.0147347900 1.3293300800 -0.3931354400
-0.1320634500 1.2813877600 -0.2025926300
0.3819514400 1.5892318400 -0.4003331600
-0.4257230000 1.2427616600 -0.1330956300
-0.4572253900 1.2389603000 -0.1091816300
-0.0626659700 1.2447546300 -0.0858788700
-0.0443840200 1.2407925300 -0.0779134300
-0.0119233800 1.2324271400 -0.0644009100
0.0156868200 1.2179324700 -0.0562774400
0.1169848000 1.2475422800 -0.0867113300
0.1289234200 1.2221646900 -0.0974389200
0.1608961400 1.2449683200 -0.1206303000
0.1936724400 1.3137114200 -0.2596302300
0.1947156300 1.3288509300 -0.2948690000
0.1287379600 1.3374972200 -0.3448505500
0.0128667700 1.3336986300 -0.4162969000
-0.0805799800 1.3248014000 -0.3627787500
-0.1209998200 1.3021163400 -0.2861687300
-0.1227097100 1.2898272800 -0.2067578900
0.3456955200 1.5586265100 -0.3906746700
0.3687565200 1.6016439400 -0.4211236000
0.3443747900 1.6039345300 -0.4280070700
-0.4138734700 1.2348253100 -0.1402309300
-0.4031679800 1.2310196500 -0.0595585700
-0.0537004300 1.2425602300 -0.0805397200
-0.0274849000 1.2289361500 -0.0638659600
0.1979015600 1.2719913700 -0.1547958700
0.2029581800 1.3126870800 -0.2485200000
0.0058869400 1.3346120100 -0.4110349400
-0.0073510400 1.3248565300 -0.3984982100
-0.0615275700 1.3188809600 -0.3767737300
-0.1378723400 1.2954519200 -0.2696299900
-0.1272164200 1.2692957300 -0.1400941300
-0.0666968100 1.2506010900 -0.1124078900
0.3006082000 1.5660829200 -0.3890992500
0.3305956100 1.5583800800 -0.3858575900
0.3796669300 1.5973052500 -0.4107645800
-0.4331754600 1.2459873500 -0.1280151900
-0.4220496300 1.2225159100 -0.0504782200
-0.3934579000 1.2245641300 -0.0811656100
0.0432463200 1.2214636300 -0.0580741400
0.0848948700 1.2328537800 -0.0737722700
0.1375416700 1.2452563300 -0.0937372200
0.1421111500 1.2424235400 -0.0992418600
0.2148261400 1.2964198100 -0.2196247700
0.0600891100 1.3316302000 -0.4090485700
-0.1098422600 1.3090400200 -0.3175133800
-0.1217851400 1.2888919100 -0.2005766200
0.3485556300 1.5761865000 -0.3780443800
0.3739874200 1.6045495600 -0.3904574500
0.2897657400 1.5689800600 -0.4075945600
-0.4436784300 1.2473050700 -0.1172875400
-0.4444379900 1.2402670100 -0.0598876000
0.0789867000 1.2412547700 -0.0696584200
0.1673005800 1.2595847300 -0.1190995300
0.2251419500 1.2987470000 -0.2293301400
0.1983548500 1.3326193400 -0.2759056500
0.1282107700 1.3370122500 -0.3658437400
0.1199269400 1.3397196100 -0.3827985200
0.1118999100 1.3425343100 -0.3900465300
0.0444153300 1.3330898800 -0.4130687200
-0.0252602800 1.3205422700 -0.3905148900
-0.0489727000 1.3185754400 -0.3839945100
-0.0872700900 1.2594951300 -0.1353793300
-0.0791456900 1.2737111400 -0.1387079600
0.3731096200 1.6057625000 -0.4119554800
0.3231838200 1.6030674800 -0.4298918200
-0.3893126800 1.2363527800 -0.1261385500
-0.4154800400 1.2565723600 -0.1153737000
-0.4490831000 1.2473468900 -0.0858590300
-0.3888770300 1.2302998000 -0.0871391300
0.0607465200 1.2267111700 -0.0625059200
0.1352609000 1.2556367300 -0.0879405300
0.1842669200 1.2632597900 -0.1409730100
0.2060373900 1.2847539300 -0.1720285800
0.2165786200 1.3092614800 -0.2040608900
0.1925358700 1.3229422200 -0.2525567200
0.1900124200 1.3341298100 -0.3090977700
0.1412990400 1.3334793400 -0.3277694600
-0.0048040700 1.3386455400 -0.3982092200
-0.1237927900 1.2826952800 -0.1878454600
-0.0684091900 1.2638919300 -0.1156170500
0.3146948600 1.5626317300 -0.3836863700
0.3701044900 1.5990975900 -0.3797047500
-0.3898405200 1.2388541500 -0.0701072300
-0.4044111300 1.2420899200 -0.1294707400
0.0184874200 1.2331585500 -0.0641038200
0.1079009600 1.2432212900 -0.0845039000
0.2027294900 1.2681144500 -0.1642356600
0.2275774600 1.3170673500 -0.2050520700
-0.0934805400 1.3215274900 -0.3433079300
-0.1135801000 1.3058584000 -0.3081550700
-0.1175560300 1.3022629500 -0.2934506200
-0.1297581300 1.2944843600 -0.2334314200
-0.1324466700 1.2802949800 -0.1592816800
-0.1242949900 1.2738156400 -0.1389187000
-0.0953039600 1.2627388200 -0.1361726400
-0.0626823400 1.2514987700 -0.0837439000
0.3031257200 1.5914019400 -0.4299254700
0.3688230600 1.6090628500 -0.4064387100
0.3486818000 1.6101935300 -0.4169072700
0.2959135400 1.5837973400 -0.4212194100
0.2957524600 1.5797106300 -0.4022750200
-0.0688470400 1.2641558700 -0.1013778600
-0.0190622500 1.2492890500 -0.0781433800
0.0020998900 1.2387520000 -0.0658706900
0.2113272000 1.3031668900 -0.1955993300
0.2259634300 1.3079633300 -0.2288539200
0.2028643000 1.3320311400 -0.2218448800
0.1932710200 1.3239700300 -0.2678003500
0.1529782500 1.3338495300 -0.3205156200
0.0995904000 1.3409679900 -0.3983471700
0.0151319300 1.3397840500 -0.4156228500
-0.0481985200 1.3322855200 -0.3841289200
-0.1253383800 1.2961427800 -0.2246399500
-0.4373660200 1.2370529400 -0.0516006400
-0.4110569000 1.2346838900 -0.0505189000
-0.3935886500 1.2431941300 -0.0593960500
-0.3857318700 1.2416256900 -0.0827849800
-0.3912756900 1.2479861100 -0.1097109000
-0.4312042800 1.2588053000 -0.1067248700
0.0270866900 1.2441729100 -0.0659276000
0.0984399400 1.2557395500 -0.0801815500
0.1746417800 1.2697081400 -0.1181050600
0.2236401000 1.3177182300 -0.2165371100
0.1995384500 1.3399338900 -0.2644594700
0.1951157600 1.3382250800 -0.2967265700
0.1907945100 1.3428705800 -0.3055893400
0.1314652600 1.3417658600 -0.3328622400
0.0388707000 1.3439719500 -0.4129023200
-0.0219080500 1.3439505100 -0.3896074400
-0.0328787500 1.3351793000 -0.3882713200
0.3329312200 1.5706500600 -0.3778626900
0.3587169200 1.5849415900 -0.3778884300
-0.1157877900 1.2689177900 -0.1306952900
-0.0344428500 1.2530085000 -0.0812357800
0.0427824900 1.2444920000 -0.0653457300
0.1536499000 1.2720918000 -0.0902685600
0.1947124500 1.2815935200 -0.1452928100
0.2028918200 1.3058717100 -0.1690693200
0.1119358100 1.3597091200 -0.3849264500
-0.1286286600 1.3087119200 -0.2821702900
-0.1424605500 1.2963917100 -0.2653841400
0.3404446500 1.5836404300 -0.3631640100
-0.4463496400 1.2510096700 -0.1003920900
-0.0479365400 1.2610692200 -0.0767834900
-0.0543149700 1.2519490000 -0.0799241400
0.1754742000 1.2764608400 -0.1160125200
0.1983550300 1.2945274300 -0.1508315900
0.1814879200 1.3327632500 -0.3144285200
0.0923243100 1.3423150700 -0.4011843400
-0.1099552100 1.3154171800 -0.3147005300
-0.1352323800 1.2875693300 -0.1816457700
0.3094997700 1.5753362700 -0.3781637300
0.3358023800 1.6113015500 -0.4161191000
0.3231196800 1.6132926000 -0.4114500200
0.3112106200 1.5996080400 -0.4286737300
0.2950250800 1.5829400200 -0.4108417000
0.2980939300 1.5949096400 -0.4009867800
0.1188929700 1.3517114300 -0.3784714000
0.0806805000 1.3473989500 -0.4040323200
0.0063488600 1.3506403200 -0.4091390400
-0.1276071100 1.2920475900 -0.1542568800
-0.0966165900 1.2852464200 -0.1554508400
0.0059978900 1.2539891500 -0.0723177400
0.0791084300 1.2573371400 -0.0707614700
0.1228352800 1.2664339900 -0.0858465300
0.2015594900 1.3579670700 -0.2684392600
-0.4226917900 1.2366107700 -0.0477474200
-0.4087864600 1.2507056300 -0.0416178400
-0.3814214200 1.2537123300 -0.0802037100
-0.4247993300 1.2567469700 -0.1141854000
0.3240838000 1.5756097300 -0.3739643600
-0.0528628800 1.2679726400 -0.0774777700
-0.0326892000 1.2656985400 -0.0743112200
-0.0186138500 1.2597866100 -0.0801074500
0.0603804900 1.2523070200 -0.0683196900
0.1630373500 1.2695839300 -0.1001281200
0.2051724200 1.3146741100 -0.1664061300
0.2206093000 1.3299385900 -0.1790554100
0.1994948000 1.3390525500 -0.2777337100
0.1858628100 1.3503110400 -0.3050726600
0.1318515700 1.3517154600 -0.3273253600
0.0162562100 1.3540512100 -0.4134155100
-0.0664954200 1.3405619900 -0.3757168500
-0.4272404700 1.2485239200 -0.0439197100
-0.3867867700 1.2584538600 -0.0964603600
-0.4485223900 1.2437228600 -0.0716174100
-0.0595274100 1.2695833000 -0.0840458200
-0.0194875300 1.2665847500 -0.0770946400
0.0847025900 1.2667400100 -0.0714163900
0.1033242100 1.2644847200 -0.0800950500
0.1792304300 1.2865309500 -0.1223703200
0.1898771800 1.2915374500 -0.1367773300
0.1966243500 1.3081498200 -0.1550864800
0.1922956000 1.3456357900 -0.2333323200
0.1999752400 1.3501271900 -0.2516995800
0.1048420600 1.3590858500 -0.3911670600
-0.1356764100 1.3120596900 -0.2767873700
-0.1241371600 1.3070058400 -0.2427136200
0.2184644800 1.3212879200 -0.1919309600
0.3707760600 1.6125880700 -0.3997871600
-0.3998719000 1.2476069000 -0.0474202000
-0.3988544700 1.2573127700 -0.1068380200
-0.1349894500 1.2922619300 -0.1617573800
-0.0755545200 1.2793308000 -0.1349504800
-0.0794471900 1.2873612500 -0.1330235800
0.0215991500 1.2645686900 -0.0699388400
0.0627337400 1.2672294000 -0.0685097600
0.1926633900 1.3465774000 -0.2425836800
0.0748602600 1.3585654200 -0.4036363800
-0.1015339700 1.3202876100 -0.3269997400
-0.1368161800 1.2919000500 -0.1775368800
0.2061109000 1.3236097100 -0.1836057700
0.2137519200 1.3238834500 -0.1905160800
0.3019863800 1.5846650700 -0.3831751600
0.3117064900 1.5846427100 -0.3666328500
-0.4128537200 1.2587331900 -0.0361796600
-0.3828279800 1.2686128700 -0.0897731600
-0.4396931400 1.2451195800 -0.0525262700
0.2207467100 1.3332926200 -0.1808175700
0.1432492400 1.3393549400 -0.3224276300
-0.0414394900 1.3457931100 -0.3870476200
-0.0790016800 1.3402135500 -0.3638483500
-0.0860621500 1.3313254800 -0.3528995700
-0.0918364300 1.3362841000 -0.3402110500
-0.0866062000 1.2834214200 -0.1498994400
0.3354471100 1.5910314500 -0.3481397500
-0.0786473300 1.2841391300 -0.1158518800
0.0255688200 1.2688449100 -0.0705632800
0.1243933200 1.2735717500 -0.0781233100
0.1527235600 1.2843977900 -0.0828738700
0.1681249200 1.2793976100 -0.1068161900
0.1679958700 1.2925306800 -0.1110811100
0.1994326000 1.3412212900 -0.2083067600
-0.0067679300 1.3566367100 -0.3964835800
-0.0126434300 1.3446334000 -0.3929124100
-0.1372178400 1.3025430300 -0.2542044700
-0.1241528900 1.2996217700 -0.1987118200
-0.1357788000 1.3028167100 -0.1933805800
0.0091621100 1.2712036700 -0.0735345200
0.0563344400 1.2713030000 -0.0670606900
0.0658879400 1.2734529300 -0.0599376400
0.1877393600 1.3062835000 -0.1379503000
0.3647869700 1.5985599500 -0.3684555100
0.3556560000 1.6220083600 -0.3992712300
-0.3789978100 1.2532305300 -0.0682629500
-0.3900260700 1.2684911200 -0.0964757700
0.2182237800 1.3326567900 -0.1912746600
0.1198283000 1.3562750700 -0.3439688800
0.1203844700 1.3506127200 -0.3697331400
0.0407038900 1.3642325100 -0.4087096800
-0.0593696000 1.3376888300 -0.3789185700
-0.0804433800 1.2851335400 -0.1463611200
-0.0498981400 1.2868899700 -0.0771825100
0.3591306500 1.6037819000 -0.3484032200
0.3446237100 1.6206859200 -0.4055156900
-0.3889090200 1.2613829600 -0.0372258600
-0.3752321000 1.2624411500 -0.0501563500
-0.3750559900 1.2672658400 -0.0761188600
-0.4076890400 1.2568473400 -0.1116550800
-0.0087394300 1.2833574500 -0.0621649400
0.0285455600 1.2764225000 -0.0691482900
0.1143445100 1.2825963100 -0.0519821100
0.1438681200 1.2852051800 -0.0768122500
0.1716924100 1.3024808500 -0.1150763500
0.1913857000 1.3196896500 -0.1429148900
0.1324038000 1.3721685300 -0.3246011500
0.1185733100 1.3540391200 -0.3526505400
0.0878177500 1.3639385300 -0.3991638200
-0.1194974700 1.3052489000 -0.2098513000
-0.1396913400 1.3009353100 -0.1724191300
0.2986443900 1.5931187500 -0.3736098600
-0.3979740500 1.2628010800 -0.0338365500
-0.3643885600 1.2777288500 -0.0600424100
-0.4369261700 1.2602326300 -0.0943611000
-0.0913165200 1.2988866900 -0.1623250900
-0.0092038600 1.2891855200 -0.0551606400
0.0108947800 1.2813045400 -0.0689100200
0.0754978500 1.2861002900 -0.0346378200
0.0997145900 1.2871657200 -0.0424983200
0.1271017200 1.2891274100 -0.0597683100
0.1393473400 1.2954760700 -0.0628351400
0.1565073100 1.2943796100 -0.0952356600
0.1756982200 1.3122671800 -0.1172700300
0.1931979000 1.3499091300 -0.2077810600
0.0525099800 1.3586728200 -0.4072972500
-0.0726601300 1.3386465600 -0.3706762600
-0.1034072800 1.3293832100 -0.3255233000
-0.1290063900 1.3256898000 -0.2893646500
-0.1370665500 1.3103855300 -0.2653079200
-0.1292926000 1.3254816200 -0.2683396500
-0.1190127200 1.3124576100 -0.2366176200
-0.1390058600 1.3046602500 -0.1710684900
0.3244206900 1.5855696400 -0.3573926300
0.3649542900 1.6106959800 -0.3518113700
0.3691590700 1.6152382500 -0.3811915300
0.3637393000 1.6262081800 -0.3888793700
0.3121872500 1.6116070000 -0.4070680000
0.2977713100 1.5942997500 -0.3937427000
-0.4302132900 1.2617205700 -0.0404478200
-0.3671764400 1.2739854900 -0.0406781200
-0.3602297000 1.2803429500 -0.0490349300
-0.4397465000 1.2569902800 -0.0590007400
0.0338967300 1.2827378100 -0.0606091700
0.1215653900 1.2947626200 -0.0606764100
0.1433171100 1.2937846500 -0.0719967200
0.1410943000 1.3019881700 -0.0724536400
0.1534049500 1.2999031000 -0.0908929300
0.2002905000 1.3289328900 -0.1594864700
0.2085773200 1.3305716400 -0.1738173300
0.2173452200 1.3384852500 -0.1569687900
0.1828172900 1.3688581500 -0.2878174500
0.1745071600 1.3680106200 -0.3032513300
0.1113322100 1.3698523800 -0.3786614300
0.0045105100 1.3618109900 -0.4071217200
-0.1165211400 1.3181474600 -0.2328106700
-0.1410819400 1.3085934300 -0.1902536900
-0.4417835200 1.2556385400 -0.0745185800
-0.0714719500 1.2831865900 -0.1033822300
-0.0362631400 1.2955910500 -0.0633349100
-0.0397705400 1.2772410900 -0.0680940300
0.0626318700 1.2837454900 -0.0404401600
0.2016568700 1.3336059000 -0.1537836800
0.1979664100 1.3709183300 -0.2626898000
0.1079998700 1.3827665700 -0.3692995400
-0.1151789200 1.3220106200 -0.3033129100
-0.4008316500 1.2684084400 -0.0288657100
-0.3928373100 1.2791596600 -0.0925758100
-0.4323296400 1.2706234700 -0.0487206700
0.3689021000 1.6114170400 -0.3715528300
-0.0272311600 1.2807935900 -0.0627351700
0.0775962800 1.2908335000 -0.0325767200
0.1337788500 1.3005959500 -0.0674481200
0.1609613600 1.3090321500 -0.0936587000
0.1889593900 1.3263707800 -0.1379312000
0.2127398800 1.3411201800 -0.1390205700
0.2140532100 1.3515778300 -0.1374596400
0.2019923800 1.3518937300 -0.1752457200
0.1574173800 1.3595605700 -0.3185987000
0.0182671000 1.3604938600 -0.4115819500
-0.1335739400 1.3254875800 -0.2814537100
-0.1422602500 1.3115605700 -0.1842523600
-0.1367953000 1.3106279400 -0.1722733800
-0.3519923000 1.2899887500 -0.0318910600
-0.4075599600 1.2696856600 -0.1015612400
-0.4146390900 1.2839608600 -0.0837391000
-0.1276476700 1.3099562900 -0.1660672300
-0.0649360900 1.2916234100 -0.0979314000
0.0169607100 1.2864669800 -0.0605511200
0.0419730000 1.2987409600 -0.0303006000
0.0964111200 1.2968217600 -0.0464000100
0.2177979400 1.3468779500 -0.1339759500
0.2050554900 1.3647015900 -0.2467329800
0.1677310600 1.3598504300 -0.3146607200
0.1206046100 1.3668984600 -0.3369406600
0.0106698300 1.3644072000 -0.4104757400
-0.1070712100 1.3280997500 -0.3201373300
-0.1250840100 1.3147066100 -0.2092939800
0.3571063400 1.6294426200 -0.3869489700
0.3348427200 1.6299148800 -0.3930099400
-0.4154195700 1.2708713600 -0.0987521400
-0.4265466500 1.2764549300 -0.0753986400
0.3128894400 1.5989651200 -0.3343837200
0.3197065500 1.5979626400 -0.3320661400
0.3502643000 1.6026249300 -0.3388758100
0.2966841400 1.6107329600 -0.3804828300
-0.0887669100 1.3030761200 -0.1256889200
0.0604084500 1.2935913500 -0.0282647300
0.0590536900 1.3031557800 -0.0259055500
0.1277784500 1.3056173000 -0.0560827600
0.1515716900 1.3167573500 -0.0623112600
0.1698163500 1.3165855200 -0.0990224200
0.1781709300 1.3258201400 -0.1145246300
0.1894075600 1.3375875700 -0.1164134600
0.1911543600 1.3569396300 -0.2076768800
0.2015446400 1.3668976800 -0.2335000400
0.1520099200 1.3755776400 -0.3190744600
0.0548442100 1.3720266600 -0.4051727100
-0.0155901800 1.3544797500 -0.3921220400
-0.1096051000 1.3380517700 -0.3166308700
-0.1179701400 1.3238423200 -0.2514292200
-0.1190887700 1.3193193900 -0.2232652400
-0.0980074800 1.3166534600 -0.1726009800
-0.3727155100 1.2756515800 -0.0288348300
0.3575222200 1.6126288300 -0.3272702500
-0.0169500600 1.2977113600 -0.0503111700
0.0796056500 1.2998927700 -0.0375965400
0.1721437000 1.3264193600 -0.0915804800
0.2032596800 1.3455225100 -0.1195841300
0.1970524900 1.3626184300 -0.1678463000
0.0715353500 1.3717750100 -0.4030448900
-0.0074960700 1.3675913400 -0.3957010500
-0.0844591800 1.3521398200 -0.3523878900
-0.1170000800 1.2958734600 -0.1555119300
-0.0967659400 1.3089947100 -0.1711633800
-0.3985436100 1.2850895600 -0.0180189900
-0.1111950900 1.3253450800 -0.1791896200
-0.0879518700 1.3111758200 -0.1226472100
0.0929852900 1.3048900800 -0.0389795500
0.1909154900 1.3568996300 -0.2272188100
0.2028094000 1.3763186400 -0.2499806600
-0.1028884100 1.3435517700 -0.3306351700
-0.1385514200 1.3135840400 -0.1985225100
0.3273131700 1.5999590100 -0.3270746000
0.3413879500 1.6049705500 -0.3220437700
0.3420151200 1.6309755900 -0.3928081200
-0.4204035800 1.2685894400 -0.0341457700
-0.3734100600 1.3022432200 -0.0731269500
0.3662893000 1.6233455500 -0.3646225200
0.3535640300 1.6352750000 -0.3800945600
0.3174162000 1.6206455800 -0.3981050400
0.3030996400 1.6048313900 -0.4031986300
0.0228848000 1.3055539000 -0.0323552900
0.2096127200 1.3543925900 -0.1069666900
0.1112811900 1.3728190300 -0.3506813800
0.0875170700 1.3804082900 -0.3976848500
-0.0185393100 1.3648295600 -0.3912616700
-0.1161670900 1.3313905200 -0.3041008100
-0.1473860200 1.3278959600 -0.1991120100
-0.3551108000 1.2899495900 -0.0244124400
-0.4032193800 1.2935453700 -0.0829510800
-0.4240595300 1.2794609000 -0.0393213400
-0.1038424200 1.3080162400 -0.1698629200
-0.0911519400 1.3032275000 -0.1345860800
-0.0670134000 1.3032042500 -0.1029444100
0.0758106700 1.3107270000 -0.0342804500
0.1328498800 1.3138512400 -0.0491784400
0.1808996000 1.3370617700 -0.0916617300
0.1994257200 1.3502408800 -0.0993237300
0.2101297400 1.3705464800 -0.1200918700
0.1933729700 1.3739448600 -0.2070417700
0.1963448700 1.3940922600 -0.2447522200
0.1651679100 1.3795091900 -0.3069560100
0.0361244900 1.3740339700 -0.4069652300
-0.0706310500 1.3559230700 -0.3766604500
-0.1228759100 1.3271717600 -0.2221029500
-0.1446498800 1.3264016800 -0.1884790300
0.3047252600 1.6185759800 -0.3868328500
-0.3624397700 1.2914905100 -0.0636459600
-0.4190841600 1.2918392900 -0.0600475800
0.2940727000 1.6051524400 -0.3705655600
0.3018439400 1.6002162600 -0.3465377900
0.3616383100 1.6277421700 -0.3218019900
0.3417551700 1.6406451400 -0.3736201300
0.1540913300 1.3292885000 -0.0434907300
0.1714689000 1.3315558900 -0.0744996800
0.2035632500 1.3807022300 -0.2197441400
0.1809452200 1.3813977900 -0.2756503800
0.0962910800 1.3789073500 -0.3937208400
0.0160443500 1.3794061400 -0.4085109700
-0.0738193700 1.3604484800 -0.3744857700
-0.1274724800 1.3363991500 -0.2973054400
-0.3795547000 1.2817972300 -0.0191698800
-0.4320587100 1.2741389700 -0.0567847600
0.3645183700 1.6234103000 -0.3401033100
0.0026461300 1.3067166900 -0.0396151300
0.0421333700 1.3092085100 -0.0236577100
0.0657414600 1.3117716100 -0.0312251700
0.1145634800 1.3225321500 -0.0272117300
-0.0490056200 1.3590950600 -0.3855985900
-0.1374679900 1.3222217500 -0.1789532900
-0.3556487100 1.2973224600 -0.0141350900
-0.3475226600 1.2991404900 -0.0212204000
-0.1208081000 1.3163142300 -0.1715761600
-0.0233942700 1.3045043100 -0.0530690300
0.0238084600 1.3209845100 -0.0264376400
0.0501549400 1.3105642500 -0.0228100000
-0.1324194200 1.3304869300 -0.2775162800
0.2932359200 1.6164759900 -0.3603469000
-0.4130541200 1.2886392900 -0.0250978100
-0.3666671400 1.2924864300 -0.0124100700
-0.3499443100 1.2967828800 -0.0442502600
0.2960829800 1.6052767800 -0.3503783700
0.3253503600 1.6132713600 -0.2959251900
0.3498588400 1.6162316300 -0.3093196600
0.3081890800 1.6303391500 -0.3753090000
-0.0260149000 1.3199339500 -0.0566501400
0.0001368700 1.3153375600 -0.0379010400
0.1827179600 1.3535132100 -0.0464800300
0.1853225900 1.3470236200 -0.0665807800
0.1973412800 1.3544847500 -0.0808680800
0.1912825500 1.3757530400 -0.1940950000
0.1195616400 1.3861845500 -0.3326792900
0.1040548900 1.3848736400 -0.3855834700
0.0697656200 1.3807462400 -0.4014203700
0.0197036400 1.3782936400 -0.4087185600
-0.0892218000 1.3500015300 -0.3443380400
-0.1467305100 1.3311305400 -0.2074661200
-0.0554201400 1.3083201500 -0.0937877200
0.2070163300 1.3654459500 -0.0868356600
0.2156694800 1.3562750100 -0.1168875700
0.1511864600 1.3958933600 -0.3133858800
0.1443605900 1.3896757600 -0.3215949100
0.1140436900 1.3973728800 -0.3350305700
-0.0811890100 1.3468585800 -0.3603174500
-0.1325361500 1.3368406900 -0.2909318400
-0.1188589300 1.3359883400 -0.2406376200
-0.1306835700 1.3307549200 -0.2164625900
0.3353937500 1.6231338600 -0.2813633600
-0.3865362600 1.2868104200 -0.0145123000
-0.3462599900 1.3116943400 -0.0463098900
-0.3635882700 1.3015007400 -0.0646642000
-0.4166545400 1.2905576400 -0.0711327200
-0.0755552000 1.3163337800 -0.1145823300
0.0665971600 1.3325268600 -0.0279292100
0.1397727200 1.3363503200 -0.0225711900
0.1683155000 1.3491035900 -0.0289524200
0.1778915800 1.3922462800 -0.2697031400
0.0987341100 1.4054171500 -0.3787606500
0.0859214700 1.3964642700 -0.3955515200
0.0727930500 1.4066446400 -0.3989546100
0.0522793600 1.3933794700 -0.4015935200
-0.0985826600 1.3648009900 -0.3415537300
-0.1425191900 1.3316471400 -0.1867003200
-0.3399802200 1.3070035800 -0.0235619400
-0.3822610200 1.3081899900 -0.0751484500
0.3561392000 1.6251597600 -0.3030987400
0.3601579500 1.6412290800 -0.3389437600
0.3588598300 1.6372918400 -0.3620548100
0.0595455300 1.3247262800 -0.0258028000
0.2085496400 1.3746772100 -0.0949728500
0.1913350300 1.3806301400 -0.1765339800
0.1917819100 1.4009785200 -0.1791986100
0.2054659100 1.3864060600 -0.2265155400
0.2014165400 1.4112523200 -0.2218562800
0.1069607700 1.3871734600 -0.3490182600
-0.0207436200 1.3731582600 -0.3920780900
-0.0572114500 1.3629463000 -0.3842987000
-0.1286269500 1.3447316400 -0.3021104000
-0.1168109200 1.3430993400 -0.2595663900
-0.1437697800 1.3363203800 -0.2149991200
-0.3420208400 1.3049070400 -0.0312840600
-0.3280625800 1.3321581800 -0.0296660800
0.2929719800 1.6189359200 -0.3244345200
0.2973611800 1.6291480900 -0.3600047100
-0.1030304900 1.3271073600 -0.1379409400
-0.0891793500 1.3223320800 -0.1243512900
0.0827816400 1.3176419800 -0.0309845800
0.1228340100 1.3402284600 -0.0155325200
0.2015203100 1.3926712800 -0.2072852800
0.1839072500 1.4120993100 -0.2440308600
-0.0118936500 1.3826129100 -0.3953515900
-0.0618723800 1.3703772400 -0.3849396800
-0.1054291700 1.3506008300 -0.3299348000
-0.1201616500 1.3410932500 -0.2668875100
-0.1491353600 1.3371745400 -0.1968316400
-0.1281514400 1.3235908100 -0.1752897400
-0.3719486900 1.3068100300 0.0000042900
-0.3388687700 1.3135107500 -0.0095267500
0.3579003000 1.6404705600 -0.2917232600
0.3614425400 1.6385597700 -0.3221008900
-0.1090117500 1.3341421700 -0.1472924000
-0.0569579900 1.3314682600 -0.1078660600
-0.0354588900 1.3164686000 -0.0704623900
0.0470542800 1.3167181100 -0.0208450300
0.1947718300 1.3695888300 -0.0560767600
0.1892921200 1.3863989400 -0.1674630900
0.1361712100 1.4014457200 -0.3249958400
0.1059048700 1.4017038700 -0.3448905600
-0.0690627000 1.3787781900 -0.3819500700
-0.0759548700 1.3701440700 -0.3714266000
-0.1126097600 1.3489617100 -0.3167022200
-0.1320507200 1.3480227600 -0.2960709100
-0.1303877900 1.3464518900 -0.2868370800
-0.1350180000 1.3440848400 -0.2242100800
-0.1207248700 1.3431236900 -0.1881924400
-0.1069411800 1.3310894100 -0.1794335600
-0.3674284900 1.3024610700 -0.0035947900
0.3029709100 1.6209867700 -0.2907322300
-0.0819241900 1.3547385400 -0.1306167400
-0.0332932800 1.3248634100 -0.0692718700
0.1770530900 1.3577910800 -0.0277703100
0.1922841500 1.3848951200 -0.1960977700
0.1024456600 1.4016560000 -0.3550570100
-0.1154646000 1.3290160500 -0.2436468700
-0.3527871300 1.3110992500 -0.0000553000
-0.3682142200 1.3315567800 -0.0606822100
-0.3950123700 1.2984968500 -0.0821936500
0.3529538200 1.6318954600 -0.2868536400
0.3604979100 1.6408161600 -0.3045406500
0.3532159500 1.6421371700 -0.3615122800
0.2913752300 1.6174131300 -0.3478777100
-0.0951474600 1.3343561100 -0.1308366400
-0.0181394700 1.3507213900 -0.0468562500
0.0190890000 1.3378488400 -0.0253870000
0.0376454400 1.3226575600 -0.0212455100
0.1961365600 1.3835169000 -0.0634734200
0.1998404200 1.3684377000 -0.1507978900
0.0947182000 1.4042823000 -0.3884748400
-0.0337419600 1.3655898200 -0.3894789400
0.0801755200 1.3332111100 -0.0253102000
0.1152365400 1.3464884200 -0.0130722300
0.1741000600 1.3636001200 -0.0207742500
0.1973450400 1.4196425300 -0.1856826500
0.1528836200 1.4096255300 -0.2945598900
0.1392415000 1.4101284200 -0.3161587900
-0.1174619700 1.3457243700 -0.3102572600
-0.1297300100 1.3401910900 -0.2253017300
0.3348150500 1.6445173500 -0.3674381700
0.3209108100 1.6403298400 -0.3698921800
-0.4054484400 1.3090467100 -0.0181894300
-0.3242287100 1.3279128300 -0.0070204700
-0.3262847200 1.3272144800 -0.0216544900
-0.3599749800 1.3264483400 -0.0587998700
-0.1293579900 1.3430364300 -0.1883408800
-0.1055103000 1.3406834200 -0.1386354700
0.2039257700 1.4139011300 -0.2093221200
0.1006134200 1.4055341300 -0.3687165000
0.3035580300 1.6073896600 -0.3253075400
-0.3831537200 1.3223627200 -0.0676017700
-0.4200390200 1.2919917000 -0.0485705600
-0.0135108700 1.3154410100 -0.0458480300
0.0673013200 1.3532714200 -0.0258924200
0.1684859800 1.3774938700 -0.0202035700
0.1274084800 1.4119693200 -0.3269541000
0.0060869900 1.3774299200 -0.4046007400
0.3135282900 1.6162909800 -0.2909847400
0.3472241000 1.6290191600 -0.2827448600
-0.4022185400 1.2954551300 -0.0159118500
0.3513937700 1.6530118700 -0.3407467900
-0.4032573000 1.3094681900 -0.0669146600
-0.4022119300 1.3228664100 -0.0507321500
0.2957732100 1.6223281500 -0.3044616100
0.3596206700 1.6505652700 -0.3091490500
-0.0450837000 1.3451298300 -0.0930962800
0.0801959500 1.3501222700 -0.0223061000
0.1177404800 1.3605201300 -0.0115087400
0.1895509500 1.3863570300 -0.1575181400
0.2027101900 1.4178575600 -0.1964528000
0.1450849600 1.4190185100 -0.2998802000
0.1104436400 1.4109032400 -0.3350195900
-0.0828188000 1.3685814000 -0.3577090700
-0.1366459600 1.3357773000 -0.1852840700
-0.4113910300 1.3096801200 -0.0359925500
0.3150357400 1.6260323700 -0.2671921700
0.3528504600 1.6450371200 -0.2702011500
0.2891050400 1.6295784900 -0.3282197100
-0.1126848300 1.3473597600 -0.1707907800
-0.1164611400 1.3460028800 -0.1594213800
-0.1166197700 1.3482155000 -0.1494936300
0.0341978900 1.3573312900 -0.0178916800
0.1631677100 1.4151101500 -0.2739390800
0.0780647300 1.4187250800 -0.3961570200
-0.0442833500 1.3931548300 -0.3905826600
-0.1512214700 1.3379062900 -0.2059278900
-0.1506259700 1.3545734800 -0.2012497400
-0.1207012400 1.3515729600 -0.1929348800
-0.3795917200 1.3084454300 -0.0008069500
0.3412593900 1.6393445400 -0.2574803500
0.2907705100 1.6316231400 -0.3438617800
0.0523857800 1.3317753000 -0.0190594700
0.1267559900 1.3788286700 -0.0115802900
0.2063771600 1.3849281800 -0.1015110700
0.2020279000 1.3945748500 -0.1065712000
0.0423027800 1.4000435900 -0.4009879600
-0.0068833200 1.3910750800 -0.3975477300
-0.0297808400 1.4092341700 -0.3944492400
-0.0860309100 1.3623708800 -0.3516010700
-0.1282699900 1.3596964800 -0.3101129000
-0.1309328700 1.3639372300 -0.3073201100
-0.1505182600 1.3488812700 -0.2208031800
-0.3153717100 1.3430509400 -0.0164590800
-0.3361447700 1.3308080800 -0.0391035800
-0.3447605700 1.3312173500 -0.0468713000
-0.3550870100 1.3399447200 -0.0536551600
-0.4055984300 1.3235656600 -0.0383081800
-0.0677933900 1.3301398100 -0.1168327300
0.1452176900 1.3762946100 -0.0123948700
0.1856433000 1.4060433700 -0.1668695000
0.2015805300 1.4268154400 -0.2045085000
0.1684126400 1.4215192300 -0.2604961800
0.1331745200 1.4209862600 -0.3196710200
0.0917098700 1.4250395800 -0.3823004500
-0.1288956700 1.3531934900 -0.2360959100
-0.1570601400 1.3543695200 -0.2144909600
0.2903763000 1.6347776000 -0.2796836200
0.3058373300 1.6284640800 -0.2653240600
0.3584178100 1.6488439800 -0.3243244600
0.3152055800 1.6506808400 -0.3533676500
-0.0565728200 1.3563768700 -0.1094491800
-0.0247958500 1.3638205900 -0.0551376800
0.1959838000 1.4014802400 -0.1177095300
0.1913278500 1.4160809500 -0.1760780300
0.0857191600 1.4154144900 -0.3926958600
0.0228088900 1.3922256500 -0.4069639900
-0.0633303700 1.3779756400 -0.3857146000
-0.1342962900 1.3629292600 -0.2393524100
-0.1560256700 1.3531334100 -0.2198249800
-0.1047303100 1.3485868000 -0.1390702100
-0.0892700100 1.3571582100 -0.1354117100
0.0616030700 1.3549445100 -0.0248881300
0.1993083000 1.4331628800 -0.1885008000
0.0110440400 1.3981970600 -0.4063667100
-0.1153645400 1.3672709200 -0.3225479000
-0.1193510400 1.3606444900 -0.2726557900
-0.1186139300 1.3575585000 -0.2597739700
0.3587399400 1.6506252700 -0.2906151700
0.3535329500 1.6565474100 -0.3311356900
-0.3287706800 1.3547994100 0.0266328400
-0.3308216700 1.3384784800 0.0143483600
-0.3192666500 1.3374817100 0.0008749700
-0.3167574700 1.3382285500 -0.0088348800
-0.3270991000 1.3446362000 -0.0333581600
-0.4112390900 1.3034423400 -0.0271960700
0.2901455300 1.6305313800 -0.2980174200
0.3386299400 1.6607515400 -0.3402305000
0.3069667400 1.6419480900 -0.3568087800
-0.0052221300 1.3530455600 -0.0359502300
0.0951049400 1.3588781100 -0.0176880000
0.1895960200 1.4300302700 -0.2204326200
-0.0262943700 1.3846197500 -0.3923734300
-0.3438793300 1.3302489800 0.0134123000
-0.3873758700 1.3273652000 -0.0628140400
0.3250744700 1.6293586500 -0.2629526600
0.3519560800 1.6654001300 -0.3178951200
0.2991235200 1.6525147500 -0.3391337900
0.2937562800 1.6419473800 -0.3424961000
-0.1233252600 1.3656924800 -0.1843065800
-0.1318962300 1.3679923800 -0.1741135500
-0.0351250000 1.3612060100 -0.0741351400
0.1503968800 1.4500444500 -0.2684238600
0.0939593900 1.4261537700 -0.3704139300
-0.0724113600 1.3822646000 -0.3783255900
-0.1597120400 1.3663298200 -0.2142697200
-0.3845787700 1.3241227600 0.0032873700
-0.3718893000 1.3251157100 0.0093499100
-0.3282173700 1.3329669700 0.0058069400
-0.3344922900 1.3526399800 -0.0408251900
0.3385959900 1.6544273300 -0.3505570200
0.0813366900 1.3738647400 -0.0263776400
0.1892199900 1.3837184400 -0.0507246100
0.1785925100 1.4220734600 -0.1447451400
0.1758014800 1.4416424800 -0.2357995700
0.1498581500 1.4291904400 -0.2880538500
0.0728429500 1.4225038500 -0.3978938000
-0.1227125300 1.3749134100 -0.2866178600
-0.1580619800 1.3614221900 -0.2267740800
-0.1295428600 1.3575040300 -0.1969479000
-0.3876741100 1.3315595100 0.0026040800
-0.2990908300 1.3624544000 -0.0012236800
-0.0685572000 1.3807061100 -0.1222233500
0.1798113900 1.4321564800 -0.1641707800
-0.0045371200 1.4099279100 -0.4007954800
-0.1115343400 1.3626808000 -0.3237947800
-0.1227199700 1.3612070600 -0.2487410900
-0.3088808300 1.3491497800 0.0025280600
0.3505157800 1.6574594400 -0.2502236100
0.3541783100 1.6633760200 -0.2626854300
0.3567201000 1.6650588500 -0.2829098300
0.3508570800 1.6704193100 -0.3148089700
0.2865244400 1.6374129100 -0.3070115500
-0.0020168900 1.3803952000 -0.0298218700
0.1931150000 1.4054516400 -0.0782501500
0.1872600700 1.4234178700 -0.0999064200
0.0572108700 1.4138011900 -0.3976325400
0.0323109300 1.4087025500 -0.4024859200
-0.1126570300 1.3799434100 -0.3310718500
-0.1245670300 1.3616707300 -0.2857738400
-0.3521207100 1.3319303900 0.0160044800
-0.2941804900 1.3691003600 0.0075770300
-0.3482818800 1.3504609200 -0.0490755800
-0.3746390900 1.3411587300 -0.0561077100
-0.3990990500 1.3359209000 -0.0138760500
0.3464090500 1.6507197300 -0.2469108400
0.3215088000 1.6575173200 -0.3477346800
-0.1286181700 1.3632185200 -0.1639069800
-0.0131905800 1.3767515900 -0.0376407700
0.0209168200 1.3650640100 -0.0210497500
0.1643505200 1.4136770800 -0.0398550400
0.1942735000 1.4097833300 -0.0877108600
0.1817451900 1.4165529300 -0.1368938000
0.1301914200 1.4377668200 -0.3183916800
0.1019902000 1.4239971000 -0.3408123800
0.0966687000 1.4226701600 -0.3550445500
-0.1307861900 1.3622715600 -0.3000271400
-0.1547554400 1.3689069500 -0.2094659900
-0.1372969100 1.3716361000 -0.2046631000
-0.3158878000 1.3477053500 -0.0220917400
-0.3935005800 1.3283257300 -0.0573667100
0.2885738100 1.6438762300 -0.3221292900
-0.0492780300 1.3668164600 -0.1000235900
0.0395739200 1.3744071800 -0.0151931500
0.1439697900 1.4053786700 -0.0256135400
0.1525052300 1.4214968900 -0.0364838700
0.1798827900 1.4199665700 -0.0695667600
0.0843229400 1.4354725800 -0.3880696200
-0.0587112500 1.3798166400 -0.3875442600
-0.1223889100 1.3784549900 -0.2811575400
-0.1301482600 1.3817944300 -0.2553577200
-0.3298206300 1.3711998100 0.0360294100
0.3384546300 1.6782656200 -0.3180045800
0.3256970000 1.6664587100 -0.3370788600
0.2860970500 1.6469152200 -0.3096845700
0.2830395200 1.6439877900 -0.2880787800
-0.1221423400 1.3609041900 -0.1525892700
-0.1148922200 1.3645713500 -0.1457678100
-0.0822254700 1.3728217300 -0.1331251500
0.0717625900 1.3879557100 -0.0291122300
0.1473030800 1.4375810000 -0.2891513100
0.1377488600 1.4414716700 -0.3087168000
0.0456323600 1.4236884400 -0.3978717600
-0.0218124100 1.4184261800 -0.3969154800
-0.1357499600 1.3826846600 -0.2503674400
-0.1632657400 1.3693326400 -0.2250036300
-0.1456737000 1.3666677800 -0.2044226700
-0.3680753700 1.3439866100 0.0177938400
-0.2931134300 1.3781826200 -0.0116407800
-0.3831030900 1.3425645200 -0.0518949700
-0.4025582500 1.3304218400 -0.0239751800
0.0507915100 1.3829311600 -0.0162343500
0.1114658700 1.3800937300 -0.0163889200
0.1247229700 1.3998086200 -0.0201220300
0.1955789200 1.4494059600 -0.1961649000
-0.0411299000 1.4113305000 -0.3943162700
-0.1247784700 1.3660313400 -0.3162816500
0.2828836500 1.6444347100 -0.2753417300
0.3493633800 1.6773970900 -0.2370879300
-0.3561174900 1.3546276600 0.0258826500
-0.2881939300 1.3793834700 -0.0013503900
-0.3155278900 1.3578855400 -0.0269462600
-0.0464255300 1.3989674000 -0.0920375200
0.0245821500 1.3881858900 -0.0193205300
0.1733097700 1.4432324600 -0.1052818200
0.1862318900 1.4201657500 -0.1155634900
0.1895263500 1.4557935600 -0.1760680000
0.1530871400 1.4588821000 -0.2545955100
0.1303283000 1.4519589600 -0.3165019700
-0.1008405300 1.3705344200 -0.3417005800
-0.1446528800 1.3692421800 -0.2358011400
-0.1607380100 1.3703601500 -0.2325709500
0.3361776700 1.6504006600 -0.2346574300
-0.3070914600 1.3754543700 -0.0251389400
-0.0405713300 1.3783342200 -0.0834887000
-0.0217821000 1.3858883500 -0.0455301100
0.0078971600 1.3645195900 -0.0270933800
0.0558003100 1.3829858900 -0.0190631800
0.1256186000 1.4180549600 -0.0285234900
0.1808280200 1.4773184800 -0.2103029300
0.0932626600 1.4386477200 -0.3518599400
0.0882676600 1.4437019100 -0.3714265300
-0.0888552900 1.3809114000 -0.3546036700
0.2963700500 1.6342682900 -0.2609315300
0.3167359300 1.6476828300 -0.2224139500
0.3256787000 1.6467986500 -0.2302270200
0.3154837700 1.6737114300 -0.3270484400
0.3058197900 1.6619693200 -0.3350658000
-0.3033975000 1.3622471900 0.0157048700
-0.3987057400 1.3325120000 -0.0448530100
-0.0615764000 1.3838217200 -0.1157918600
0.0435785400 1.3846562800 -0.0153375000
0.1043259100 1.4364149900 -0.3355357200
-0.0791461000 1.3912510400 -0.3687377700
-0.1318832500 1.3795702300 -0.3158522200
-0.1235876300 1.3794641600 -0.2735670200
0.3051129600 1.6486687400 -0.2142491000
0.3433981800 1.6791457300 -0.2164989200
0.3449733600 1.6882987900 -0.2973978500
0.2920420000 1.6548722600 -0.3244275600
-0.2866231700 1.3844540500 0.0200739100
-0.1341466800 1.3733660700 -0.2025888800
-0.0980474800 1.3842909200 -0.1408585000
0.1690511700 1.4406950000 -0.1317745600
0.1951837900 1.4399934800 -0.2055462700
0.0731497400 1.4370839600 -0.3960407300
-0.1103373900 1.3959103100 -0.3401646200
-0.1488953700 1.3839482400 -0.2451439800
0.2980422900 1.6548622900 -0.2028174700
0.3504192400 1.6896023300 -0.2553082200
0.3530291000 1.6766216300 -0.2883497800
-0.3149848500 1.3654862600 0.0291154100
-0.3589092300 1.3533196200 -0.0515841100
-0.3923911700 1.3523317400 -0.0290578600
-0.3930919800 1.3334217100 -0.0029155000
-0.1315796000 1.3776609000 -0.1900320400
-0.1412688900 1.3822173800 -0.1709911200
-0.0926544600 1.3929953600 -0.1380445700
0.0852421300 1.3965384200 -0.0315086000
0.1636263500 1.4710044200 -0.2328659300
0.0633496700 1.4350624100 -0.3962093600
0.0068999700 1.4157225300 -0.4036366200
-0.1016419500 1.3944246900 -0.3487122400
-0.1287176600 1.3918582800 -0.3276378100
0.2857630900 1.6478159100 -0.2324240300
0.2933176800 1.6437394300 -0.2319895200
0.3284321500 1.6647288700 -0.2050806600
0.3408017500 1.6664783900 -0.2192879500
0.2822361600 1.6507269100 -0.2957288200
-0.3741198200 1.3563312000 0.0169403500
-0.3038013600 1.3772788700 0.0322358900
-0.2829862900 1.3864482800 0.0099124800
-0.3309916500 1.3677671900 -0.0401268100
0.3111567000 1.6595854700 -0.1984421900
0.3360265000 1.6681345200 -0.3318025700
-0.0527663900 1.3909517800 -0.1045439700
0.0628060000 1.3829866700 -0.0249753300
0.1608088300 1.4363096800 -0.0621264000
0.1446141300 1.4721794600 -0.2629371400
0.0260943200 1.4182629100 -0.4033512300
0.0250331500 1.4312423300 -0.4022732700
-0.1679808200 1.3834164900 -0.2268101800
-0.3850686500 1.3655692200 0.0035900500
0.2789827300 1.6539046000 -0.2341702300
0.2976861100 1.6759405800 -0.3137189300
0.2845754000 1.6604792900 -0.3047586200
-0.1360805600 1.3804871800 -0.1633500200
-0.1170378000 1.3909575000 -0.1515891200
-0.0750750900 1.3926628100 -0.1230640600
0.0780223700 1.4080484500 -0.0361511200
-0.0700106900 1.3981924200 -0.3834105600
-0.1460918700 1.3820636200 -0.2117786000
-0.3440878200 1.3649830100 -0.0460055100
-0.3663750400 1.3581469000 -0.0484895600
0.2983875400 1.6466647700 -0.2203109600
0.3472258100 1.6922792000 -0.2775584400
-0.1170212700 1.4090850600 -0.1499792300
-0.0298741800 1.3946296000 -0.0561149800
0.0541218600 1.4067951500 -0.0235807800
0.0611395000 1.4157881000 -0.0334069600
0.0864443800 1.4257583000 -0.0426197500
0.1099043100 1.4225499400 -0.0320483500
0.1329238900 1.4352916200 -0.0393086600
0.1344478000 1.4534953000 -0.0549065200
0.1748222300 1.4328341700 -0.1501501600
0.0173645800 1.4284213600 -0.4028443800
-0.0161232800 1.4176680900 -0.3982212300
-0.3432888700 1.3623041800 0.0309287600
-0.1384319300 1.3899460900 -0.1967719300
-0.1509913600 1.3965541100 -0.1792517000
-0.1434973100 1.3981084200 -0.1692059200
0.1636308500 1.4519767800 -0.1404643500
0.1893846000 1.4655430300 -0.1813763000
0.1758136900 1.4615686900 -0.2241176600
0.1485081200 1.4795072800 -0.2416969300
0.1376435700 1.4548404700 -0.3055664200
0.1130934600 1.4555883200 -0.3287260000
0.0975569600 1.4605982700 -0.3401706500
-0.1178470500 1.3967732200 -0.3351993800
-0.1316564200 1.4001883000 -0.3284180700
0.3379502600 1.6927956900 -0.2993487000
0.3293133900 1.6887296100 -0.3112598900
-0.3889731900 1.3628287700 -0.0075597800
-0.1116291400 1.4012190200 -0.1487102600
-0.0845798200 1.4057550700 -0.1180756300
0.0325615300 1.4181414200 -0.0209533600
0.1536274700 1.4649038700 -0.0789551300
0.1430539200 1.4650568100 -0.2839384500
0.0936536600 1.4519101800 -0.3462081300
0.0834749300 1.4499721200 -0.3842862600
-0.0618044900 1.3994833500 -0.3897794400
-0.1274509700 1.3821334500 -0.2626522100
-0.1679312500 1.3783075800 -0.2306596700
0.3066529300 1.6770242900 -0.3195830900
0.2774450800 1.6562529900 -0.2827958500
-0.3798812700 1.3628908800 0.0121286700
-0.0051183300 1.4012502400 -0.0288553700
0.1830917300 1.4740947900 -0.1718983100
0.1816170200 1.4881531600 -0.1973853800
0.1712447500 1.4928754100 -0.2161796400
-0.1405635000 1.4020644600 -0.2619828000
0.3339729000 1.6797979300 -0.1980187500
-0.2794730000 1.3965671700 0.0002365100
-0.2925004900 1.3898130000 -0.0155707000
-0.3289526400 1.3817676500 -0.0393271700
-0.1619801200 1.3887721500 -0.2216413800
-0.1472657100 1.3898827000 -0.2128426000
-0.0675518100 1.3952033500 -0.1154668200
0.1673278100 1.4490664000 -0.0810168500
0.1735362900 1.4630983200 -0.1633253100
0.0416508300 1.4468884600 -0.3983989200
0.2736203200 1.6600002800 -0.2371526100
0.3437413700 1.6872740600 -0.2170545200
0.3420385100 1.7114491500 -0.2499067700
-0.3616370200 1.3691838300 0.0271364900
-0.2987043400 1.3993975700 0.0442082200
-0.1478338400 1.3905154400 -0.1879695800
-0.1282190800 1.4051817300 -0.1602442800
0.1866342500 1.4780943600 -0.1855743200
0.1372881500 1.4695104600 -0.3016401600
-0.0877894200 1.4035572800 -0.3637929800
0.2788695400 1.6575801600 -0.2179726900
0.2896145200 1.6533793200 -0.2091955600
-0.3102039400 1.3829918500 -0.0285851100
-0.3382812800 1.3820154200 -0.0415352500
-0.3489111400 1.3746324600 -0.0442725100
-0.3918077300 1.3573284000 -0.0185930000
0.3134024400 1.6909368300 -0.3108756600
0.2912744200 1.6667060500 -0.3132470300
-0.0571457300 1.4105652000 -0.1019226300
-0.0478198600 1.4251634400 -0.0904891700
-0.0345926600 1.4070652200 -0.0640819500
0.0688693500 1.4285823200 -0.0458588500
0.1077654400 1.4575604700 -0.0508944100
0.1260104600 1.4536785300 -0.0505340400
0.1490718300 1.4804953500 -0.1132586900
0.0883757100 1.4563605700 -0.3554079100
0.0678992700 1.4589201000 -0.3955019100
0.0139733700 1.4411042000 -0.4018345700
-0.0778607000 1.4108000300 -0.3759817000
-0.1282840100 1.3858754200 -0.3039078700
-0.2803744100 1.3992512600 0.0274119400
-0.3577031800 1.3759809000 -0.0427380400
-0.3688460200 1.3703372900 -0.0398985600
0.3507601100 1.6837712100 -0.2460931900
-0.1436174000 1.4016858400 -0.2063237300
-0.1349714600 1.3938840000 -0.1625712300
0.1756230600 1.4408055900 -0.0900483300
0.1407440200 1.4969350000 -0.1354187900
0.1823621400 1.4922397600 -0.1895569200
0.1236475800 1.4675451400 -0.3198043500
-0.0448491900 1.4195189600 -0.3952327500
-0.1670708200 1.3862282600 -0.2433288800
-0.2901599900 1.3987742400 0.0375813900
-0.2753738000 1.4016460400 0.0104346500
-0.3811548300 1.3859609900 -0.0112849400
-0.1692986700 1.3920266000 -0.2285246400
-0.1582355400 1.4055429200 -0.1867464000
-0.1003424900 1.4061419600 -0.1349264700
-0.0215629200 1.4073244600 -0.0406985600
0.0477935800 1.4284504300 -0.0278606700
0.1682567100 1.4562575200 -0.1538973300
0.0722659300 1.4516401100 -0.3927647000
-0.0057105000 1.4324511300 -0.4015225800
-0.0564737900 1.4154460000 -0.3932738600
-0.1294630300 1.4026187600 -0.3071776100
0.3397458100 1.7058987400 -0.2777343600
0.3350919600 1.7080239400 -0.2824363100
0.3030798700 1.6909530900 -0.3073171200
-0.3382713700 1.3984137400 -0.0376803200
-0.1643264100 1.4007620100 -0.2260630400
-0.1464650200 1.4057566300 -0.2029535900
-0.0647046100 1.4034224000 -0.1081380100
-0.0415398900 1.4218854300 -0.0790168300
0.0160264200 1.4153686000 -0.0225834200
0.0553391100 1.4481292100 -0.0496731900
0.1697301600 1.4882860200 -0.1618839400
0.1420505800 1.4805981000 -0.2748518400
0.0905921200 1.4676601600 -0.3469790800
-0.1740339200 1.3956234100 -0.2434678600
0.2875813200 1.6610217900 -0.1974354600
0.3147070100 1.6756567800 -0.1837187800
0.3214463600 1.6860616900 -0.3155217700
-0.3462911100 1.3819689800 0.0366656200
-0.2789500700 1.3959183400 0.0183683400
-0.3780316100 1.3685011900 -0.0337096100
0.3358101900 1.6903999500 -0.1970361400
0.2813394700 1.6702661200 -0.2976328500
-0.0792127800 1.4274671500 -0.3778223100
-0.0929629600 1.4173974200 -0.3642129300
-0.1464206800 1.4016370000 -0.2561583500
-0.1567451100 1.3976761700 -0.2520696500
-0.1273130900 1.4214610000 -0.1524358700
-0.1173285600 1.4313861100 -0.1191186400
-0.0957367800 1.4258706900 -0.1079994400
-0.0124489500 1.4298912400 -0.0308658500
0.0365811600 1.4436450400 -0.0301880300
0.1304575800 1.4736182800 -0.0692868200
0.1648242100 1.4907528700 -0.2226576900
0.0828116600 1.4742063600 -0.3615140200
-0.3738529400 1.3939327300 -0.0185900300
0.2999331200 1.6678919800 -0.1853681200
0.2786186700 1.6639979300 -0.2918345500
0.2704269500 1.6639289800 -0.2565592600
-0.1557546600 1.4153740800 -0.1807113500
0.0835908300 1.4480481500 -0.0547445600
0.1517661800 1.4778466600 -0.1017065100
0.1520060800 1.4713030500 -0.1303373300
0.1745312700 1.4942120600 -0.1676186500
0.1776673900 1.5031684700 -0.1807823600
0.1463617700 1.4920206900 -0.2340187700
-0.1568162200 1.3970932000 -0.2201554900
-0.3120219000 1.3913137500 0.0442515800
-0.2921445700 1.4042611200 -0.0167581700
-0.3209012500 1.3988103400 -0.0343611400
-0.3503353400 1.3952258900 -0.0372142800
0.3259908800 1.6780238300 -0.1903848700
0.3439789700 1.7072793700 -0.2446194300
0.3266884300 1.7088509700 -0.2890996900
0.1480162600 1.4824809700 -0.0927477700
-0.0663131400 1.4051897700 -0.3880811900
-0.1315114800 1.4033350900 -0.2898027800
-0.1721045600 1.3994943400 -0.2510240700
-0.3403743400 1.4015048500 0.0427314800
-0.3203475500 1.3989719800 0.0474493500
0.3325396400 1.7170167300 -0.2718579700
0.2711925500 1.6722111700 -0.2734728000
-0.1456568900 1.4297232500 -0.1680856400
-0.1324659500 1.4426158800 -0.1255234300
-0.0282128600 1.4159497800 -0.0492193900
0.0008433900 1.4158749300 -0.0265468900
0.0705467700 1.4608980700 -0.0647257900
0.1156613700 1.4585894700 -0.0511506500
0.1423704600 1.4952506500 -0.2413753100
0.1358914900 1.4891639100 -0.2981038100
0.1027265600 1.4759415800 -0.3356935400
-0.0263984300 1.4373633800 -0.3994905800
-0.1305355200 1.4071895000 -0.3029210600
-0.1470547900 1.4150461600 -0.2655535800
-0.3323885600 1.3866281500 0.0419460500
-0.3242653400 1.4202122700 0.0514970700
-0.3684011300 1.3978656500 -0.0247789100
-0.3789411600 1.3832274100 0.0093043200
-0.1442152000 1.4160691200 -0.1711210100
-0.0630755300 1.4301107100 -0.0976281300
-0.0329084700 1.4340737600 -0.0560465300
0.1310297000 1.4788478800 -0.3100109300
0.0780902200 1.4674862800 -0.3873541700
0.0619964700 1.4688030600 -0.3977364700
0.0589460400 1.4577087600 -0.3974752500
0.0473669500 1.4546148200 -0.3977585500
-0.1322788100 1.3949752200 -0.3190363000
-0.1325268500 1.4199853100 -0.3167883400
-0.3686576000 1.3841081000 0.0233792300
-0.2724451600 1.4212914700 -0.0012942100
-0.2859562400 1.3937421300 -0.0094408000
-0.3032562300 1.4033645500 -0.0243033700
-0.1603748500 1.4087377200 -0.1954565900
-0.1302641500 1.4308114600 -0.1442339000
-0.0094527700 1.4520492500 -0.0301258900
0.1028955400 1.4403149100 -0.0425576200
0.1375453700 1.4841060200 -0.0803329400
0.1795812900 1.4936427900 -0.1749175700
0.1517116900 1.5034759900 -0.2246447200
0.3276398300 1.7027584100 -0.1786529100
0.3361732200 1.7148381800 -0.1989694800
0.3420730000 1.7064120100 -0.2205811600
0.3112551600 1.7214172700 -0.2835848200
-0.3596470400 1.3851615900 0.0305282100
0.3100179000 1.6950291900 -0.1676644200
0.0845068100 1.4844045800 -0.3537693200
0.0783756300 1.4765850100 -0.3799243800
-0.1078542800 1.4129118300 -0.3475741900
-0.2696842000 1.4194712500 0.0058473000
-0.3412580800 1.4191287900 -0.0321922500
-0.3632383800 1.3912924300 -0.0329904900
0.3397876900 1.7128783800 -0.2587636700
0.2798227500 1.6940369800 -0.2883562300
0.0051075200 1.4672154500 -0.0322028900
0.1512594800 1.4955737200 -0.1479039100
0.1140315900 1.4882690500 -0.3277294800
-0.1332134600 1.4154774800 -0.3271882200
-0.1542489500 1.4169681100 -0.2618460400
-0.1712845600 1.4024896800 -0.2325325700
-0.3578427100 1.4038000000 0.0318547400
-0.2802952800 1.4353045800 0.0503925700
-0.2681040900 1.4182847900 0.0176083600
-0.3734496400 1.3973629200 0.0135268600
0.3012485300 1.7109562300 -0.2927806800
0.2725362800 1.6832969800 -0.2789586100
-0.1484115200 1.4159544400 -0.2104204000
-0.0540453100 1.4404398800 -0.0912182900
-0.0443267700 1.4432626300 -0.0802601000
-0.0225499500 1.4359361500 -0.0389863400
0.0380664300 1.4641974300 -0.0454177800
0.1652844100 1.5103685200 -0.2128329000
0.1474917700 1.5150629300 -0.2233923400
0.1389146200 1.5144502200 -0.2587543100
0.0720825100 1.4778309300 -0.3900481900
0.0301276500 1.4529773000 -0.4004026800
-0.0477519300 1.4387451400 -0.3976204200
-0.1262766800 1.4110925700 -0.3369731300
-0.1381698400 1.4044685000 -0.2693407300
-0.1753601200 1.4061809300 -0.2396021700
-0.2934786000 1.4240527900 -0.0188999300
0.2851919200 1.6705478700 -0.1873917200
-0.1710084700 1.4229780300 -0.1940408100
-0.1415466400 1.4335956100 -0.1607825200
-0.1005367000 1.4362100400 -0.1045004200
-0.0906690300 1.4357750600 -0.0994127900
0.0183514600 1.4617448700 -0.0326207400
0.0337109300 1.4364246900 -0.0257462000
-0.0206293400 1.4390038400 -0.4003888600
-0.2753095100 1.4261731000 -0.0058069000
0.2753179200 1.6672613600 -0.2036863300
0.3183351900 1.7200552400 -0.2823278600
0.2673930100 1.7004641800 -0.2654352600
0.2628709700 1.6878933800 -0.2490666800
-0.0821748900 1.4383064800 -0.0959646200
0.1165582400 1.5043827900 -0.0821120300
0.1467123300 1.4917227600 -0.1419119400
0.1339222600 1.5260257600 -0.2820268000
0.1315535900 1.5118620000 -0.2978226700
-0.0619338500 1.4436658700 -0.3930691900
-0.0798927000 1.4449666400 -0.3783585100
-0.2745157800 1.4190452700 0.0349687100
-0.2602346400 1.4524852100 0.0392472100
-0.2677981200 1.4230369400 0.0276213200
-0.3776245300 1.3943984700 -0.0004474200
0.3322121600 1.7256154400 -0.2611639000
0.2660002700 1.6812134400 -0.2557779700
0.2657207000 1.6755838700 -0.2390344000
-0.0609038300 1.4534167600 -0.0909429600
-0.0322923200 1.4481770300 -0.0540258900
0.0977032100 1.4649058400 -0.0580478300
0.1379975200 1.4992424700 -0.1248180600
0.1757728100 1.5062796400 -0.1971990100
0.1429532600 1.5163838700 -0.2355740300
0.1076489900 1.5049550400 -0.3321213900
0.0486727000 1.4694208500 -0.3988512900
0.0174690700 1.4733531600 -0.4013323200
-0.1744882800 1.4112475500 -0.2580963700
-0.2794498000 1.4231828000 0.0434049400
-0.2629226900 1.4320994600 0.0132860400
-0.3029824900 1.4284240000 -0.0239857100
-0.3139325800 1.4233548100 -0.0292486100
-0.1697170100 1.4260232500 -0.2007761500
-0.1208784800 1.4409948700 -0.1153912700
0.1688806800 1.5220379400 -0.2022075000
-0.1417574100 1.4234562300 -0.2912293300
-0.1769957900 1.4059187700 -0.2493996400
-0.1787857800 1.4148093500 -0.2439589400
0.2741966900 1.6818671000 -0.1866918000
0.2772249300 1.6867856600 -0.1770285100
0.3356408400 1.7285857400 -0.2111340300
-0.3012281100 1.4171639600 0.0524035200
-0.2654692600 1.4372467000 0.0026142900
0.3367495400 1.7228576400 -0.2451242300
0.3320797100 1.7380591000 -0.2107550500
-0.1618025800 1.4269365200 -0.1810837400
0.1519631100 1.5144104300 -0.2198910800
0.1420388600 1.5274312100 -0.2426764100
0.1210175600 1.5080336000 -0.3188249100
-0.0570318700 1.4357749900 -0.3949372400
-0.1282927200 1.4304419600 -0.3427889000
-0.3308376200 1.4116553400 -0.0350440200
-0.3640623500 1.4052759900 0.0246240200
0.2671923700 1.6749568300 -0.2232223900
0.2969432600 1.6912857800 -0.1662396900
0.3314947200 1.7137274100 -0.1843746400
-0.2294820600 1.4938615800 -0.0398563600
-0.0219217600 1.4594152000 -0.0369442700
0.0540951600 1.4751704500 -0.0696872500
0.1016714800 1.4897096200 -0.0688525700
0.1570835500 1.5129770700 -0.1525163900
-0.0284142300 1.4576716900 -0.4006688700
-0.0686183400 1.4382445200 -0.3878935000
-0.1066814600 1.4478099500 -0.1041905400
-0.0521732300 1.4690060100 -0.0823953900
0.1119832400 1.4952384200 -0.0750373600
0.1631230900 1.5351308400 -0.2014872100
0.1169053000 1.5219009200 -0.3211885500
0.0569666300 1.4838736500 -0.3986960500
0.3217366200 1.7047537300 -0.1702452600
0.3340219100 1.7297741700 -0.1997964300
0.2876330300 1.7022370800 -0.2917013400
-0.2256025900 1.4938828200 -0.0254149100
-0.3419247000 1.4276872900 0.0423765100
-0.2798444100 1.4414248900 -0.0130776100
-0.1572743200 1.4272066600 -0.2109850700
-0.1570868600 1.4527229300 -0.1642114000
-0.1454930100 1.4521763400 -0.1347569400
-0.0013697500 1.4555821300 -0.0286755900
0.1330546200 1.5280233500 -0.1424155100
0.1680693600 1.5185219600 -0.1666279300
0.0743843500 1.4877895400 -0.3827628000
-0.0097366300 1.4593252000 -0.4036374500
0.2879505800 1.6861466500 -0.1706914200
0.2912106400 1.7037691000 -0.1537628400
0.3148821500 1.7297578600 -0.2712392700
0.2933861900 1.7201952100 -0.2812142700
-0.2420582200 1.4791409600 -0.0527315400
-0.1564647000 1.4461526200 -0.1697416800
0.0755585300 1.4830473600 -0.0760869700
0.0922655500 1.4937833400 -0.0710973000
0.1260652100 1.5065717900 -0.0877299700
0.0920700500 1.4887690500 -0.3443272400
0.0844654100 1.5022477700 -0.3511534700
0.0767873700 1.4968116500 -0.3654603300
-0.1130799700 1.4309815900 -0.3477675900
-0.1490005600 1.4338407600 -0.2828735700
0.3096946100 1.7454026000 -0.2505302700
-0.3549613200 1.4189119600 -0.0270012700
-0.2698064900 1.4504380900 0.0493825500
-0.2636051700 1.4545268700 -0.0005067800
-0.2562353100 1.4529074200 0.0291349700
-0.2565461700 1.4553713300 0.0171101400
0.3282385000 1.7325859300 -0.2496558000
0.2996499200 1.7262318800 -0.2775369800
0.2740097300 1.7109302300 -0.2708676500
-0.2243835900 1.4985784100 -0.0138392200
-0.2372253700 1.4918304200 -0.0702934900
-0.2489682000 1.4820369200 -0.0545046900
-0.1553203400 1.4280296400 -0.2174536000
-0.1751857800 1.4531435800 -0.1831276900
-0.1019420500 1.4708272400 -0.0911764800
0.0567423500 1.4545327600 -0.0555678300
0.0658942900 1.4927509900 -0.0829231600
0.1602305500 1.5407612100 -0.1666556300
0.0633088700 1.4890550100 -0.3964526200
-0.1741393300 1.4185834800 -0.2623648100
-0.3140072900 1.4214327400 0.0533104500
-0.2720520100 1.4599152700 0.0533711500
-0.3608072800 1.4217085200 -0.0205580500
-0.3683089000 1.4159735900 -0.0088775500
-0.3590096900 1.4345646300 0.0196947300
-0.0474978000 1.4757335900 -0.0747844200
-0.0325364400 1.4669206500 -0.0518683500
0.1587845800 1.5530379200 -0.1765257000
0.1660589300 1.5386067900 -0.1875000400
0.1398021000 1.5285821100 -0.2250679800
0.1368006200 1.5314940000 -0.2638497600
0.0310599600 1.4711354600 -0.4011676100
-0.1338056000 1.4182103800 -0.3068252200
-0.1845824600 1.4298563600 -0.2663686200
0.2646448300 1.6950580400 -0.1807308000
0.3015704900 1.7156988400 -0.1458111400
0.3257670200 1.7413820900 -0.1725656200
-0.2519026700 1.4819156000 -0.0607300100
0.2610420700 1.6958392200 -0.1910213500
0.2674843400 1.6856336400 -0.1964492400
-0.3677986000 1.4165765300 0.0109231500
-0.3334286100 1.4270278700 0.0487724200
-0.3060912800 1.4496686600 0.0617582500
-0.2555877300 1.4710720900 0.0357681700
-0.2599639800 1.4653073500 0.0028080300
0.1486670600 1.5414532400 -0.1519356100
0.0048134900 1.4625977200 -0.4028967900
-0.0589208700 1.4674299800 -0.3953153100
-0.1065098400 1.4310080800 -0.3519134400
-0.2407705300 1.4897244500 -0.0515198500
0.3277484100 1.7463538600 -0.2022029500
0.2802250700 1.7232882500 -0.2697186700
-0.2236512300 1.5025455400 -0.0095489000
-0.2207378800 1.5147934400 -0.0265749400
-0.2968339100 1.4402949100 -0.0208720200
-0.2925668200 1.4481788300 0.0599614600
-0.1535643500 1.4569234100 -0.1415172800
0.1557791800 1.5324452500 -0.2090985900
0.1402463800 1.5453180600 -0.2529015000
0.1266145800 1.5294925100 -0.2986319200
-0.1320383600 1.4214271800 -0.3360990900
-0.2614076600 1.4758651100 -0.0565398400
-0.2653537800 1.4753481600 -0.0598312400
0.2628454100 1.6940123100 -0.2069538100
0.2769036800 1.7133590300 -0.1493902200
0.3037622000 1.7305141600 -0.2735513600
-0.2250081000 1.5098002200 -0.0471008600
-0.3184149000 1.4316905000 -0.0297452000
-0.3469046200 1.4386229800 -0.0248432800
-0.3618179700 1.4302896900 -0.0133442000
-0.3637650200 1.4314669800 0.0032144100
-0.3160595400 1.4525717300 0.0605370900
-0.1521318700 1.4634858900 -0.1323477300
-0.1667162800 1.4813635900 -0.1315101200
-0.1433826200 1.4653091500 -0.1248363700
-0.1251431500 1.4679114100 -0.1144906700
0.0116206000 1.4812412200 -0.0391636300
0.1354631900 1.5491818100 -0.2106182000
0.0667989100 1.5037928400 -0.3881328000
0.2595247100 1.6980872400 -0.2008817000
0.2776887400 1.7019336300 -0.1601931900
0.3130560300 1.7294831300 -0.1497420800
0.3197117900 1.7325393700 -0.1593065200
0.2726319500 1.7280685700 -0.2637219600
0.2665768100 1.7099090600 -0.2634711900
-0.2799369400 1.4560755500 -0.0155654300
-0.2818456900 1.4536340400 0.0578407000
-0.2622420600 1.4641546500 0.0452899100
-0.1806910100 1.4579238300 -0.2209696800
-0.1807617300 1.4446891500 -0.1912367400
-0.1473652500 1.4802899400 -0.1257035500
-0.0695004300 1.4558947200 -0.0918434600
-0.0775223300 1.4928467000 -0.0862589600
-0.0590572800 1.4898135700 -0.0818671500
-0.0373013200 1.4913446000 -0.0518832100
-0.0220745100 1.5031876000 -0.0412221200
0.0776935600 1.4921221500 -0.0784814900
0.0795297000 1.5142009800 -0.0829843400
0.0958266800 1.5193090600 -0.0822533000
0.1304895800 1.5062373600 -0.0915842200
0.1268933700 1.5194901500 -0.1045407600
0.1608900700 1.5517949100 -0.1937907000
0.1312647800 1.5484516200 -0.2799460500
0.0349341800 1.4914516300 -0.4009749300
-0.1339106900 1.4378934200 -0.3352714000
-0.1833354300 1.4223237100 -0.2573187800
-0.2586688700 1.4833143700 -0.0579159000
-0.2224204600 1.5124059700 -0.0362394500
-0.2186379800 1.5099814400 -0.0786399000
-0.1632553200 1.4405045200 -0.2210233900
-0.1828981500 1.4430162600 -0.2027466400
-0.1603834400 1.4631549600 -0.1560360700
-0.0282076500 1.5063561400 -0.0436369100
0.0172200800 1.4837359600 -0.0441088000
0.1280270000 1.5189195500 -0.1133121500
-0.1095626200 1.4510943900 -0.3533669400
-0.1343035100 1.4326036200 -0.3212800400
0.3172347100 1.7443671900 -0.1497011500
0.3182463900 1.7418439700 -0.2457929200
0.2616095400 1.6898905700 -0.2340571000
-0.2760413000 1.4683260100 -0.0169997300
-0.3378520600 1.4437772800 -0.0279652700
-0.3556115700 1.4271415400 0.0285984900
-0.2809199800 1.4744192900 0.0679496300
-0.1656996700 1.4734078200 -0.1360030800
-0.0969679300 1.4838860000 -0.0859695100
-0.0424774700 1.4793027500 -0.0655939200
-0.0087252800 1.4819446000 -0.0349140100
0.0597109700 1.4742046400 -0.0716168000
0.1161270700 1.5353831600 -0.1041626400
0.1449116600 1.5370696000 -0.1470523100
0.1082479700 1.5276897300 -0.3297347800
-0.0665194100 1.4640611300 -0.3902748300
-0.1399493200 1.4418745100 -0.3122149100
-0.2564789800 1.4864747100 -0.0708530000
0.2597341500 1.7057676400 -0.2469232500
-0.2216108700 1.5151311700 -0.0079299600
-0.2348077500 1.4979105600 -0.0604559200
0.1328361400 1.5502169700 -0.2218048400
-0.2840782100 1.4651561300 -0.0215259700
-0.3066515400 1.4580474700 -0.0229535100
-0.2667470200 1.4792529200 0.0564951200
-0.2544782600 1.4763362600 0.0227325300
-0.1657679200 1.4411731200 -0.2323826700
-0.0833475800 1.4585269600 -0.0906639800
-0.0652752200 1.4705274800 -0.0886363000
0.1118343000 1.5458411500 -0.1126045400
0.1568164300 1.5490346700 -0.2005713700
-0.2497470800 1.4881925400 -0.0776801600
-0.2704667800 1.4779968500 -0.0556540400
0.2584257900 1.7132238100 -0.2338440100
0.3280078200 1.7453484700 -0.1843831100
0.3250139700 1.7430890500 -0.2251545800
0.0749998800 1.5071214200 -0.3633182100
0.0518455700 1.4857451300 -0.3995187000
0.0170595400 1.4827093100 -0.4009774000
-0.1357216200 1.4471913100 -0.3243502500
-0.1381449400 1.4535047000 -0.3219899200
-0.1561788100 1.4400279000 -0.2760950500
-0.1714208700 1.4522986400 -0.2283877000
-0.1830538600 1.4620410500 -0.1830441700
-0.1776529300 1.4937184600 -0.1334643800
-0.1317047400 1.5006349200 -0.1141191400
0.0765009400 1.5392794300 -0.0889320400
-0.1674149600 1.4680314400 -0.1644527200
-0.1713216400 1.4811346500 -0.1492858400
0.0588110500 1.5182198000 -0.0963044200
0.1546750600 1.5664703600 -0.1858145700
0.2809307000 1.7217724000 -0.1430635100
0.2927262600 1.7406875400 -0.1350393100
0.3079070800 1.7458344900 -0.1380142100
0.2628857800 1.7055990500 -0.2569595600
0.1327640100 1.5610161200 -0.2361122500
0.1363506600 1.5598431300 -0.2622392600
0.0567532000 1.5011338300 -0.3988335600
-0.0489130900 1.4608910500 -0.3987806300
-0.2649135300 1.4922852400 -0.0796623900
-0.3270002800 1.4482053100 0.0545513700
-0.2674773200 1.4847436600 -0.0577361900
-0.2669854000 1.4869894200 -0.0660130300
-0.2180281600 1.5295150500 -0.0199720300
-0.2141032300 1.5291919500 -0.0453874600
-0.2212151200 1.5236415700 -0.0596067600
0.2835846700 1.7337351200 -0.1360563400
0.3202460200 1.7576990000 -0.1714262000
0.3010685200 1.7545311900 -0.2424991000
0.2912368100 1.7431443400 -0.2584012000
0.1236282000 1.5471635600 -0.2966317900
-0.0056028700 1.4792515500 -0.4042528500
-0.1329937100 1.4393990200 -0.3396334500
-0.1787416400 1.4404315500 -0.2055625300
-0.1255012100 1.4869109800 -0.1117978100
0.0706229000 1.5131146600 -0.0890132900
0.0884591100 1.5217378800 -0.0822396800
0.1498869300 1.5529396800 -0.1609530300
-0.2564946900 1.4918047800 -0.1013022200
-0.2794036900 1.4809683400 -0.0702230500
-0.3298811400 1.4327165900 -0.0304385100
-0.3328252600 1.4534147500 0.0485165000
-0.2476572500 1.4941647100 0.0246451800
-0.0006135300 1.5048917700 -0.0453646200
0.0057448200 1.5047119900 -0.0490562000
0.0180658700 1.5006220400 -0.0593911300
0.0384057200 1.4829085600 -0.0641436000
0.0498880000 1.5086749000 -0.0914606300
0.1514635700 1.5619896800 -0.1709527200
0.0961117900 1.5415303500 -0.3400263300
0.0125119200 1.4812938700 -0.4011353500
-0.0946992500 1.4597760100 -0.3654479500
-0.1467985100 1.4384866200 -0.2962578800
-0.1795420300 1.4357322800 -0.2725114200
-0.1712567500 1.4448068500 -0.2375330000
0.2616099800 1.7058887600 -0.1658543800
0.3176492100 1.7528789600 -0.1515582700
0.3095249900 1.7550750600 -0.2317691600
0.2883867500 1.7337149500 -0.2664628700
-0.2900647000 1.4580871800 -0.0200045300
-0.3488683000 1.4471058100 0.0303781100
-0.2527831300 1.4879309000 0.0408720700
-0.2149367400 1.5289849500 -0.0335392300
-0.2092017400 1.5180117000 -0.0773278400
-0.0289049200 1.4830664900 -0.0421469600
0.1494151900 1.5648891900 -0.1972566200
0.1279632600 1.5678636500 -0.2049074800
-0.0243412700 1.4627257600 -0.4014861400
0.2408591600 1.7092436800 -0.1906320200
0.2533516000 1.7063907300 -0.2099333700
0.1992378500 1.6942372000 -0.1820918600
-0.2837471000 1.4690748900 -0.0252283300
-0.3575855700 1.4470756300 -0.0104968600
0.2123310200 1.6765407900 -0.2463327300
-0.2292334300 1.5006142200 -0.1198027900
-0.2443125500 1.4955059400 -0.1152238200
-0.2774801300 1.4751803800 -0.0608925000
-0.1119353000 1.4862855200 -0.0954408800
0.0418368600 1.4899945500 -0.0731580400
0.0992366900 1.5392047700 -0.0928396700
0.1296984800 1.5732849900 -0.2336476500
0.1118626200 1.5572881200 -0.3164269100
-0.1782056100 1.4844836000 -0.1607894500
0.3074214600 1.7547179300 -0.1392407600
0.3233195800 1.7501345300 -0.2091330600
0.2454083400 1.7067655700 -0.2040396700
-0.2037840300 1.5255677400 -0.0793259000
-0.2165149200 1.5187826200 -0.0896808700
-0.3076487900 1.4677090300 -0.0260830600
-0.2479518400 1.5009203900 0.0283441600
-0.2525133500 1.4901379300 -0.1045842500
-0.1725201900 1.4987153300 -0.1259791800
-0.1472432100 1.4980897500 -0.1194390200
0.0395704100 1.5112428400 -0.0884865200
0.0728010400 1.5390231100 -0.0906675900
0.1067229400 1.5383621000 -0.0965184200
0.1249578600 1.5280397500 -0.1339994900
0.1485520400 1.5813036200 -0.1843672700
0.1302366300 1.5654268800 -0.2784363300
0.0755693000 1.5170184700 -0.3599531100
-0.1306943800 1.4465735500 -0.3454431200
-0.1560474100 1.4694866100 -0.3040186200
-0.1840196200 1.4452351500 -0.2784151400
-0.2557373500 1.4931473600 -0.0819689500
-0.2660087300 1.4985989600 -0.0957991400
-0.3003516700 1.4739424500 -0.0622054300
0.2519709900 1.7082934400 -0.1725182000
0.2561505900 1.7217409600 -0.2344674500
-0.2291035700 1.5166455500 0.0124322800
-0.2008053800 1.5294708700 -0.0739837900
-0.3209534100 1.4483961100 -0.0277365000
-0.3598529100 1.4438796000 -0.0055182600
-0.2961333000 1.4743495800 0.0688285200
-0.2230288200 1.5187139900 -0.0658172700
-0.2123115400 1.5323963700 -0.0674962300
-0.1640518300 1.5151053800 -0.1132247200
-0.1227160700 1.5045365400 -0.1058807900
0.1360464900 1.5649958100 -0.1474305500
0.2468097600 1.7186366400 -0.1626277600
0.2624258500 1.7400089300 -0.1360471700
0.2612528700 1.7283724700 -0.2612646600
0.2575512700 1.7113348100 -0.2187165200
0.2505651900 1.7164310800 -0.2240229400
0.1333839300 1.5748694900 -0.2531997100
0.1332670100 1.5801572100 -0.2620769200
-0.0966385200 1.4844897300 -0.3648162400
-0.1639586900 1.4428179500 -0.2752371000
-0.1856113300 1.4458331800 -0.1978212100
-0.2992191000 1.4695734800 -0.0520117600
-0.3102785700 1.4723431900 -0.0320759600
-0.3164578700 1.4672878100 0.0604285500
-0.1114735100 1.5043346000 -0.0897362300
-0.0498189500 1.5027297700 -0.0708728500
0.2328637000 1.7130018800 -0.1907931000
0.2632741700 1.7220443600 -0.1477178800
0.2993746600 1.7593937600 -0.1396640100
0.1237334300 1.5821102600 -0.2181526900
0.1003242700 1.5566395700 -0.3331450100
0.0861829800 1.5201691300 -0.3489168600
-0.0543945600 1.4801827400 -0.3977002800
-0.1917149600 1.4457787800 -0.2645097400
-0.1928213600 1.4585897200 -0.1952559500
-0.3186704400 1.4616497500 -0.0268459200
-0.3317485700 1.4673406800 -0.0271908400
-0.3503673200 1.4534853500 -0.0176668100
-0.3555422000 1.4586099000 0.0025287700
-0.2757941300 1.4864711800 0.0643567000
-0.2347230800 1.5186495500 0.0182152000
-0.2152309900 1.5332264900 -0.0599024100
-0.2115204000 1.5218354200 -0.0956162700
0.1968207000 1.6764657200 -0.2437722700
-0.1356946300 1.5148887800 -0.1108109600
-0.0372439400 1.5067086300 -0.0491285600
0.0015939500 1.5289102800 -0.0634545000
0.0286918200 1.5339180700 -0.0974959300
0.1385783900 1.5717044100 -0.1629784600
0.1960963500 1.7015968400 -0.1741439300
0.2588816200 1.7324881800 -0.1395791300
0.2825569800 1.7502142200 -0.1336746100
0.3087224800 1.7625429600 -0.1473530300
0.3125087900 1.7650965300 -0.1610038900
0.3092408500 1.7677164400 -0.1906817300
0.2965209600 1.7501066200 -0.2503187200
0.0445918600 1.5176548500 -0.4015290000
-0.1543860200 1.4515885800 -0.2915434200
-0.1878246200 1.5031591700 -0.1281752100
-0.3447269500 1.4653440100 0.0288821100
-0.2579548300 1.4970540100 0.0453111300
-0.2485262100 1.5073765400 0.0290823200
-0.1967850300 1.5295327200 -0.0814067900
-0.2004285700 1.5271083000 -0.1018083300
0.2269947700 1.6888702100 -0.2665308400
0.0588331800 1.5329870100 -0.1001738500
0.0714592400 1.5605420300 -0.0948338400
0.1181771600 1.5608765100 -0.1417485400
0.1353814400 1.5718498400 -0.1524046600
0.2332168300 1.7254347800 -0.1572636200
0.3158842500 1.7635166700 -0.1779570000
0.2572507600 1.7237522400 -0.2500303600
0.2577097100 1.7232795700 -0.2419462900
-0.0453294100 1.4737910500 -0.4000517800
-0.1249187900 1.4470935800 -0.3486871800
-0.1365417400 1.4651999500 -0.3333416400
-0.1877870200 1.4468273100 -0.2566314000
-0.1864130200 1.4670524900 -0.2269378400
-0.2070946200 1.4713762900 -0.2045543300
-0.3458315500 1.4601069200 -0.0205923400
-0.2943799100 1.4876117100 0.0666299500
-0.2699181300 1.5007889900 0.0523324500
-0.2260965500 1.5375076500 0.0002078200
-0.2085889500 1.5419828500 -0.0577675600
0.2209717500 1.6798276900 -0.2520752500
-0.1061107100 1.5029780800 -0.0844701900
-0.0956409900 1.5033573600 -0.0821486700
0.2569935500 1.7323962800 -0.2459113200
0.1300353600 1.5980634000 -0.2371211500
0.0126458700 1.4977715100 -0.4024204900
-0.0234725500 1.4916979300 -0.4045685800
-0.0997962600 1.4686400900 -0.3616145400
-0.2630758500 1.5000446600 -0.1016407600
-0.3063826400 1.4833013900 0.0618604600
-0.2841499200 1.4886877600 0.0670007000
-0.2186837000 1.5478672300 -0.0093906900
-0.2024658900 1.5557226400 -0.0462187200
-0.2076528300 1.5408188400 -0.0658180100
-0.1241929500 1.5159747300 -0.1043725400
-0.0693795100 1.4883409200 -0.0868104900
0.1052573400 1.5642124500 -0.1333514100
0.1886360100 1.7144716200 -0.1680303000
0.2801257000 1.7518072700 -0.2514696400
0.2616275400 1.7451363100 -0.2486913800
0.2283083400 1.7205244600 -0.1767893400
0.1255815500 1.6032622700 -0.2754508200
0.1217451700 1.5818871900 -0.2876224900
-0.0337554800 1.4887715400 -0.4027307300
-0.1942655600 1.4573873700 -0.2791702800
0.2087484300 1.6792711400 -0.2622555700
-0.3535391300 1.4601498900 0.0125403300
-0.3505337100 1.4641347900 0.0168899300
-0.3266175100 1.4724315700 0.0501404400
-0.2545604000 1.5210773100 0.0307092800
-0.2455791600 1.5201372500 0.0179081000
-0.1505328800 1.5162509300 -0.1100055200
-0.0117594300 1.5344153300 -0.0545284800
0.1648485800 1.6803856500 -0.2039342700
0.1756199900 1.6987741900 -0.1921085200
0.1809738600 1.6985687100 -0.1902766000
0.2293452400 1.7319139800 -0.1487176800
0.2777475400 1.7401891100 -0.2589449800
0.1290740000 1.6041337300 -0.2640813300
0.2156986000 1.6827574500 -0.2671519700
0.0671347400 1.5255932200 -0.3707159700
0.0589525000 1.5194050400 -0.3924388900
-0.1334434800 1.4633103800 -0.3430352800
-0.1848081800 1.4592903000 -0.2871813700
-0.1925141100 1.4903468900 -0.1768304200
-0.1834472200 1.4955700200 -0.1542058400
-0.1999611700 1.5099248800 -0.1392206300
-0.2821146800 1.4907064600 -0.0895640400
-0.2832732400 1.4862399500 -0.0788232700
-0.2089459500 1.5422109500 -0.0396865800
0.1019815200 1.5529065500 -0.1043063600
0.1096988700 1.5528789400 -0.1259491800
0.1136875700 1.5582490300 -0.1388282100
0.2457304600 1.7375602400 -0.1396656700
0.1264897200 1.5954306300 -0.2238581200
0.1316896100 1.6215959600 -0.2537203100
0.0348762500 1.5228700500 -0.4036731000
-0.1300970300 1.4649321800 -0.3502411900
-0.1593113800 1.4574277700 -0.2888139100
-0.2049517400 1.4696396700 -0.2116298200
-0.2632483200 1.4976284200 -0.1145614300
-0.3148660600 1.4737209100 -0.0526114400
-0.2358825600 1.5301996300 0.0159547800
-0.2124292800 1.5402243100 -0.0291852600
0.2047751500 1.7175420200 -0.1572431700
0.2995161000 1.7739550200 -0.1695582700
0.2967473000 1.7700433400 -0.2215493600
0.2289719500 1.7003354800 -0.2720165900
0.0305299400 1.5077598000 -0.4021161700
-0.1099957900 1.4679931900 -0.3564514300
-0.3199810400 1.4709787500 -0.0305690700
-0.2261285800 1.5218919200 0.0071891700
-0.0548546400 1.5103960300 -0.0758659800
0.0119819600 1.5257757500 -0.0772011800
0.0578747500 1.5428491000 -0.1013426100
0.1061560900 1.5812269300 -0.1404017400
0.0335844200 1.5406166600 -0.1042858700
0.1260935400 1.5910025100 -0.1615024600
0.2246447100 1.7414818800 -0.1405203200
0.2568030200 1.7392407700 -0.2457989300
0.1931521700 1.6842473600 -0.2758603700
0.1861343200 1.6825477000 -0.2566929200
0.1684607700 1.6695193700 -0.2621270500
0.1283040400 1.6169562400 -0.2707476000
0.1011676100 1.5750046800 -0.3281854800
-0.1427310400 1.4651973900 -0.3215702200
-0.1504555200 1.4709664100 -0.3149049100
-0.1672717000 1.4643853100 -0.2894356700
-0.1818742200 1.4671188800 -0.2448664900
-0.1993937700 1.4681022500 -0.2172519800
-0.2548768600 1.4961327100 -0.1171442600
-0.2694578100 1.5040020400 -0.1257426700
-0.3254767600 1.4744731000 -0.0322042200
-0.1130053600 1.5219372800 -0.0837878300
-0.0640034100 1.5129609600 -0.0824059900
-0.0486879800 1.5198691500 -0.0607274700
-0.0171792600 1.5126702600 -0.0439059200
0.0145742800 1.5268843900 -0.0821859500
0.0929029500 1.5739720300 -0.1166148800
0.1421130000 1.5888499800 -0.1741723300
0.2918905200 1.7745786800 -0.1591534300
0.3043811800 1.7681604200 -0.2083091500
0.2665010100 1.7549574600 -0.2453642900
0.1175415400 1.5967809800 -0.2054560000
0.2016862100 1.6845443200 -0.2724302100
0.1564356200 1.6505570500 -0.2755612000
0.1477438700 1.6430116400 -0.2823200600
0.1367046400 1.6313473500 -0.2743695000
0.0703937500 1.5378039000 -0.3641804600
0.0178926400 1.5177835100 -0.4032636500
-0.1820229500 1.4675243500 -0.2356130900
-0.2117819500 1.5149546500 -0.1447304700
-0.3258523500 1.4921416200 0.0391985100
-0.3215301000 1.4892970500 0.0439881900
-0.2093620700 1.5507644500 -0.0264744800
-0.1888289700 1.5381625300 -0.0809400700
-0.1573044000 1.5360962200 -0.1022467100
-0.1316073500 1.5211887100 -0.1085646500
-0.1265161600 1.5345779800 -0.1019530800
0.0394521500 1.5453837900 -0.1088271900
0.0910335000 1.5722810000 -0.1101992600
0.1553282800 1.6878141400 -0.1956727100
0.1653233600 1.7053261300 -0.1866566400
0.2527103100 1.7282969900 -0.2388632500
0.2066681100 1.6903865500 -0.2779322500
0.1808619400 1.6839051600 -0.2601977700
0.1169219900 1.5945923900 -0.2921913400
0.0832747600 1.5528450700 -0.3526548200
0.0522600800 1.5172241200 -0.3989981200
-0.3404013000 1.4928967800 0.0043697400
-0.2021322200 1.5528737700 -0.0602435200
-0.1906052400 1.5367542300 -0.0965280400
0.1174966500 1.5891991100 -0.1431500000
0.1770212500 1.7132454200 -0.1774436500
0.2711624200 1.7593095600 -0.1367601900
0.2833648200 1.7625552600 -0.2418937900
-0.1938017300 1.4516576500 -0.2717156700
-0.1959343400 1.4865322400 -0.2483068100
-0.1999923300 1.4958776100 -0.1786304300
-0.1981622000 1.5078260500 -0.1483347900
-0.2279845200 1.5134886700 -0.1405611400
-0.2979184500 1.4887114600 -0.0880557000
-0.3510025800 1.4674769500 -0.0067944200
-0.3068523100 1.4990445000 0.0484371300
-0.2822923900 1.5072603600 0.0502497300
-0.2501454500 1.5269061200 0.0262175000
-0.1887402200 1.5419470900 -0.0736799000
0.1222807800 1.6137465700 -0.2132065400
0.1247981300 1.6203375500 -0.2309148800
0.1224392500 1.6330784300 -0.2295550700
0.1278146000 1.6113607800 -0.2468868700
-0.1711747000 1.5301386300 -0.1056156600
-0.0998110500 1.5209387600 -0.0804440900
0.2832879600 1.7657496400 -0.1423563200
0.0573988300 1.5458447400 -0.3802710900
-0.0670044300 1.4928889600 -0.3910311300
-0.1059559200 1.4964106200 -0.3614037800
-0.2144977300 1.4804265000 -0.2137879400
-0.2629642900 1.5020510900 -0.1268811600
-0.3320990400 1.4783643800 -0.0289104500
-0.3434841000 1.4759173400 -0.0147643000
-0.1824169400 1.5520161500 -0.0705820600
-0.0501976000 1.5329079500 -0.0600060900
0.0803862400 1.5663834000 -0.0999182700
0.1273918700 1.6124827700 -0.1700672300
0.1324037500 1.6714420100 -0.2020698900
0.1466548400 1.6807787000 -0.2001030400
0.1868171700 1.7241707400 -0.1610487300
0.2576928200 1.7511112100 -0.1349457200
0.2722933800 1.7681518500 -0.2387450400
0.2460992300 1.7267009700 -0.2405658200
0.1789962800 1.6837103200 -0.2792793500
0.1738630400 1.6798840600 -0.2705399800
0.1584376000 1.6672593200 -0.2792207000
0.1401578700 1.6398668100 -0.2906849400
0.0636121600 1.5522923900 -0.3721466200
0.0538244900 1.5309144200 -0.3938163800
-0.2028663900 1.4874873900 -0.2373618500
-0.2055768200 1.4774432500 -0.1963865600
-0.2685124900 1.5041341900 -0.1105421400
-0.2755323600 1.5048822800 -0.1070065100
-0.3106222400 1.4818056300 -0.0710251300
-0.2717328900 1.5173479900 0.0428022500
-0.2428177900 1.5327288600 0.0224025900
-0.2360603400 1.5419760000 0.0115787500
0.0772780500 1.5612576800 -0.0961776300
0.2070109100 1.7288919600 -0.1497462200
0.2126512200 1.7469115700 -0.1381903100
0.2451986400 1.7604464000 -0.1380324300
0.2853399600 1.7724171800 -0.2291023300
0.2325863700 1.7220515300 -0.2557568000
0.1523122300 1.6503295400 -0.2848184100
0.1236298000 1.6222824400 -0.2826866700
0.1157806900 1.6104541900 -0.2879315500
0.0870625100 1.5708590200 -0.3481033500
-0.0138085900 1.5078248700 -0.4060806200
-0.1099137600 1.4839171800 -0.3585688800
-0.1224898800 1.4720266200 -0.3557867100
-0.1938338700 1.4767094300 -0.2571045200
-0.2196315900 1.4854983400 -0.2050152900
-0.2051918100 1.5076947200 -0.1714614700
-0.2640295200 1.5259150800 0.0346128700
-0.0412286400 1.5318548000 -0.0525810300
-0.0239429300 1.5402530800 -0.0528646200
0.1189558700 1.6031868100 -0.1611626700
0.1153947300 1.6085470800 -0.2007403100
0.1426640900 1.6865838800 -0.1957339000
0.2934006700 1.7800495600 -0.1891618300
0.2493533000 1.7370156600 -0.2460495100
0.2351104400 1.7249713000 -0.2506963100
0.2352633000 1.7224135000 -0.2704327900
0.0715133000 1.5679518500 -0.3663462900
-0.1408589800 1.4810317800 -0.3327180900
-0.2958158200 1.5057476800 0.0486861600
-0.1979236000 1.5618548500 -0.0611893500
-0.1796022000 1.5507803100 -0.0772081100
0.2094687700 1.7000409600 -0.2837391700
0.0372332000 1.5409816300 -0.4038393400
0.0034086900 1.5166929700 -0.4050247900
-0.1907290900 1.4605353900 -0.2867984600
-0.3132492500 1.4879314000 -0.0832110800
-0.3265609200 1.4792573000 -0.0479113500
-0.3374122600 1.4895749400 -0.0427707000
-0.2095270700 1.5601410600 -0.0258724100
-0.0790168300 1.5230546100 -0.0857537800
-0.0352968100 1.5439329200 -0.0532180700
0.0903297200 1.5652390400 -0.1034854600
0.1154679100 1.6051461800 -0.1468416500
0.1315270200 1.6781432800 -0.1957186600
0.1513510500 1.7006224600 -0.1842478500
0.2546456600 1.7709802100 -0.1420851600
0.2723283300 1.7778861900 -0.1500312400
0.1930039400 1.6900405600 -0.2902650400
0.1445087300 1.6564004600 -0.3036796000
-0.0381408500 1.5068852800 -0.4033514100
-0.0530681400 1.5056858600 -0.3998339700
-0.2114117300 1.4823742400 -0.2210150600
-0.2130365300 1.5161583200 -0.1595694200
-0.3433951900 1.4860639300 -0.0076067600
-0.2265828900 1.5505927000 0.0013181300
-0.1377352800 1.5358195900 -0.1065551400
-0.1060587900 1.5203410700 -0.0806591500
-0.0644164100 1.5315269200 -0.0810638300
-0.0665270900 1.5497035900 -0.0808690500
-0.0138842200 1.5639222400 -0.0705848600
0.0162373200 1.5334590900 -0.0889079300
0.0680027500 1.5409108700 -0.0934735600
0.1340895800 1.6065238800 -0.1769527200
0.1199916400 1.6336887400 -0.2234021500
0.2543460400 1.7480542600 -0.2475017500
0.2152947600 1.7098835500 -0.2832859900
0.1344210100 1.6390232600 -0.3044405200
0.1183631600 1.6239618900 -0.2953207400
0.0989409100 1.5849254800 -0.3343810700
-0.0630314900 1.5102866400 -0.3953616600
-0.1344370100 1.4816394400 -0.3484917700
-0.2001984500 1.4695871500 -0.2672048200
-0.2921859900 1.5009560500 -0.1021057300
-0.3379697200 1.4891419200 0.0173716700
-0.2654822100 1.5389232400 0.0322018000
-0.2504694800 1.5365784300 0.0259574500
-0.2158860700 1.5626468900 -0.0140016000
-0.1043897700 1.5336690100 -0.0798884700
-0.0594282600 1.5316501700 -0.0752564100
-0.0252772100 1.5611525600 -0.0604677800
0.0186382000 1.5561191200 -0.1057096900
0.0906068200 1.6012003900 -0.1414425200
0.1637756500 1.7178163100 -0.1748368500
0.1745382200 1.7309291300 -0.1572480900
0.2263519800 1.7560412100 -0.1384566500
0.2871685600 1.7793042400 -0.2123166900
0.1082924900 1.5933965000 -0.3180121300
-0.1298293000 1.4871278500 -0.3562723500
-0.1630507500 1.4773134000 -0.3033144000
-0.1908094700 1.4761709100 -0.2996105100
-0.3373108600 1.4840913200 -0.0241098900
-0.3256006900 1.5013206400 0.0302611000
-0.1692406200 1.5689655100 -0.0686131300
-0.1793001600 1.5524555400 -0.0858180400
-0.1476420800 1.5353312100 -0.1041402500
-0.1423310400 1.5452385300 -0.1034458000
-0.0534100400 1.5513588400 -0.0617149600
-0.0069290800 1.5370559300 -0.0600847900
0.0549921000 1.5790151300 -0.1020754500
0.0722570900 1.6085941700 -0.1267620200
0.0891603800 1.5927092000 -0.1383193300
0.1550133000 1.7224174200 -0.1688804500
0.2884119000 1.7825628600 -0.1777994100
0.2564856000 1.7576104000 -0.2466086100
0.2318561500 1.7159147500 -0.2734394400
0.1072477900 1.6194270700 -0.3012631000
0.0534424900 1.5644269200 -0.3821094100
0.0461833100 1.5469737700 -0.3974269700
-0.0227506500 1.5206604700 -0.4072968800
-0.1961279000 1.4852173000 -0.2574215700
0.1101513800 1.6204428100 -0.1984049300
-0.3257441900 1.4862647100 -0.0633775100
-0.3410294400 1.4934707100 -0.0151003100
-0.2479407200 1.5504258000 0.0137455500
0.0764904900 1.5960741300 -0.1160339000
0.2434888200 1.7472947300 -0.2550836500
0.2376323100 1.7373834200 -0.2671216200
0.1102720300 1.6064209200 -0.3006710200
-0.2040367400 1.4760061300 -0.2771333700
-0.2274378800 1.4937784200 -0.2110313000
-0.2272422200 1.4974494600 -0.2013730400
-0.2728240200 1.5097734400 -0.1449317800
-0.2821095100 1.5092004500 -0.1143851700
-0.3230739200 1.5147413700 0.0178939400
-0.3102861200 1.5099667800 0.0380047000
-0.2907104700 1.5289355700 0.0348001500
-0.2797117000 1.5295468100 0.0376812200
-0.2208230100 1.5686536900 -0.0088322200
-0.1728979900 1.5554653800 -0.0892344900
-0.1158364200 1.5357399600 -0.0834817300
0.0276379300 1.5622839900 -0.1144310900
0.1030688500 1.6274536600 -0.1577632800
0.2141085200 1.7633271800 -0.1385526000
0.1647693100 1.6770560000 -0.2808984100
0.1417101400 1.6464418500 -0.3014180800
0.1084736500 1.6284322300 -0.3080097300
-0.0837425600 1.4917854700 -0.3767735200
-0.1022457100 1.5152800600 -0.3657285400
-0.2157184700 1.5084232400 -0.1831820000
-0.3203064500 1.5037485900 -0.0952214600
-0.3419775200 1.4946732700 -0.0271465300
-0.3396011700 1.4994754300 -0.0054919500
-0.3124055600 1.5230007100 0.0238054300
-0.2293791800 1.5686556400 -0.0017272100
-0.2059868300 1.5548628500 -0.0354861600
-0.2018290900 1.5775575100 -0.0376908300
-0.1277436000 1.5477344400 -0.0982913400
-0.1181101800 1.5591414400 -0.0788596400
0.0916097100 1.5829897000 -0.1324010700
0.1359594400 1.6937587600 -0.1925335900
0.1934945300 1.7447205600 -0.1451865500
0.2048833800 1.7147532700 -0.2921078900
0.1837448000 1.6937775800 -0.2999653000
0.0998979500 1.6159937800 -0.3134896500
0.0939753400 1.5977166300 -0.3402581700
0.0797797900 1.5874986800 -0.3544398900
-0.2263545900 1.5214522600 -0.1720232300
-0.2605962100 1.5111826900 -0.1481607500
-0.2821897200 1.5160215400 -0.1213423400
-0.3231804300 1.4923044500 -0.0796659800
-0.2365620200 1.5642117200 0.0067115300
-0.1788594600 1.5644802300 -0.0656170900
-0.1625753200 1.5514423900 -0.0954706000
-0.0729789500 1.5286430200 -0.0849224000
0.1025382400 1.6158222100 -0.1423228100
0.1027508400 1.6263252500 -0.1930122800
0.1150266900 1.6238312900 -0.2038546400
-0.2750713700 1.5113114500 -0.1215616900
-0.3336773500 1.5057178300 0.0060829600
-0.0736957800 1.5578445900 -0.0850294600
0.2610924400 1.7689791400 -0.2409773300
0.2207851000 1.7309511400 -0.2807625300
0.1510285500 1.6701123300 -0.2904945300
-0.0550089500 1.5175718800 -0.3991631900
-0.3016454700 1.5279678800 0.0293065200
-0.1734389200 1.5607948500 -0.0869584500
0.0071029000 1.5655420900 -0.1038409800
0.0091667400 1.5828980800 -0.1163925000
0.0402180100 1.5654002500 -0.1127840900
0.0545193200 1.5860284400 -0.1029563900
0.1207646400 1.6262463500 -0.1702691600
0.1107956900 1.6507300700 -0.2114880700
0.1244576900 1.6832661700 -0.1944235600
0.1907799000 1.7554426200 -0.1433757500
0.2324610500 1.7732817700 -0.1457845200
0.2409615100 1.7887281200 -0.1668672600
0.2781741200 1.7835442800 -0.1652543500
0.2737436400 1.7862394500 -0.1871091500
0.2646750400 1.7787729800 -0.2289987400
0.2401758100 1.7599308500 -0.2613417000
0.1191259600 1.6437577000 -0.3235314300
-0.1228163500 1.4893870300 -0.3594336500
-0.1575358700 1.4891640300 -0.3233818100
-0.1740422100 1.4857951800 -0.3063490800
-0.2084846800 1.4846119700 -0.2748371700
-0.2233836900 1.4920636800 -0.2183949700
-0.3359059900 1.4971150800 -0.0520337600
-0.3417796400 1.5160639600 -0.0305665300
-0.2707035600 1.5522115800 0.0227521100
-0.1943509100 1.5739003700 -0.0583562500
-0.1681737100 1.5725759200 -0.0725148200
-0.1552546400 1.5607308500 -0.0930426600
-0.1220807100 1.5612374400 -0.0822423900
-0.1058631900 1.5647176300 -0.0809061100
0.1089027000 1.6206562600 -0.1619299100
0.1598691600 1.7302679100 -0.1627613600
0.1667859600 1.7384068700 -0.1541786300
0.2647955900 1.7827774600 -0.2208871200
0.2462964800 1.7612701000 -0.2516259900
0.0272116800 1.5412341900 -0.4053779200
-0.1982685200 1.4804286500 -0.2984276100
-0.2057739600 1.4945596800 -0.2645623800
-0.2237164500 1.4972302100 -0.2241435600
-0.3257636600 1.5051552800 -0.0916651900
-0.3329247200 1.5161633200 0.0043428300
-0.2817726000 1.5399809600 0.0314882700
-0.2119114700 1.5769906000 -0.0204907400
-0.2056984100 1.5761682700 -0.0303935700
-0.1669145100 1.5671654700 -0.0850934300
-0.0992328500 1.5492962200 -0.0823603300
0.1172356500 1.6857458700 -0.1899933900
0.1281262600 1.6990954900 -0.1920149300
0.2207181200 1.7720674800 -0.1425021600
0.2599638400 1.7877011900 -0.2089173500
0.1910078600 1.7019686800 -0.3001124900
-0.0323840300 1.5281424300 -0.4059267700
-0.1142675200 1.5074893700 -0.3614750800
-0.1410723700 1.4916214500 -0.3413510500
-0.2072668700 1.4850272800 -0.2843401700
-0.3367066500 1.5033233900 -0.0574908800
-0.3409468300 1.5058671000 -0.0399409400
-0.3424420500 1.5024268700 -0.0175101400
-0.3395217300 1.5110638900 -0.0073697200
-0.0463519500 1.5609206100 -0.0586894000
0.1462764300 1.7095800600 -0.1782962800
0.0978592400 1.6059032200 -0.3292019200
-0.0967227600 1.5130991600 -0.3691036900
-0.1428633800 1.5067728600 -0.3484570600
-0.2278892700 1.5164816700 -0.1833167700
-0.2238786900 1.5227896200 -0.1624994000
-0.3103053000 1.5341247300 0.0214258800
-0.2289233300 1.5776364600 -0.0043326500
-0.1824345500 1.5815421000 -0.0646086500
-0.1747921300 1.5768056100 -0.0641232600
-0.1656258300 1.5798787800 -0.0688749100
-0.1657725100 1.5728758200 -0.0842751800
-0.1431917100 1.5660197500 -0.0995440000
0.0320305900 1.5711086600 -0.1167482800
0.0998612000 1.6635138300 -0.1944471000
0.0431676900 1.5612892100 -0.3959158600
-0.0137461500 1.5385411900 -0.4086452500
-0.1346407300 1.5005464600 -0.3574346800
-0.1511392700 1.4918084300 -0.3312792600
-0.2112597100 1.4985392100 -0.2421141600
-0.2337429500 1.5279684200 -0.1666538700
-0.2781222300 1.5119008600 -0.1407358700
-0.2926760300 1.5235125700 -0.1263798300
-0.2621952500 1.5636701000 0.0154783000
-0.2410070600 1.5802647000 0.0013211600
-0.0816730500 1.5541946000 -0.0865378000
0.0226400200 1.5823551200 -0.1202484600
0.0478202800 1.5821499500 -0.1062514700
0.1822025400 1.7657797300 -0.1473239400
0.2379375800 1.7837177600 -0.1572378300
0.2434856700 1.7919624200 -0.1809879700
0.1601821200 1.6884098100 -0.3001928700
0.0922771600 1.6242128800 -0.3262632600
0.0639504000 1.5772985600 -0.3740542000
-0.2408723900 1.5101079100 -0.2174962100
-0.2358672300 1.5151055900 -0.1926683400
-0.2632544400 1.5165182000 -0.1564098800
-0.2996814900 1.5388167400 0.0258776000
-0.1921408800 1.5789060200 -0.0610714400
-0.1320505200 1.5604164900 -0.0988642900
-0.1158123700 1.5623575300 -0.0778030600
-0.0612887300 1.6001882600 -0.0653456200
0.0960429900 1.6337418300 -0.1432295500
0.0992623100 1.6363757300 -0.1613582800
0.1088984900 1.6429230200 -0.1671760900
0.1444249200 1.7246932300 -0.1704115100
0.2031485100 1.7796876300 -0.1517097900
0.1796614400 1.7084512300 -0.3106122500
0.1684152000 1.6974781700 -0.3091852000
0.1003793200 1.6242392200 -0.3123670400
0.0891412900 1.6101566700 -0.3463474900
-0.2143522900 1.4965554700 -0.2339910200
-0.2819961700 1.5189840100 -0.1534915400
-0.3321531800 1.5242941200 -0.0020584300
-0.3186057700 1.5287783200 0.0170716500
-0.2831039800 1.5530018600 0.0202965800
-0.1629217100 1.5823280600 -0.0758472500
-0.1572034400 1.5786332600 -0.0866734100
-0.0901230900 1.5556987200 -0.0855421000
0.0000709500 1.5798113400 -0.1066990700
0.1621285100 1.7472613800 -0.1526479800
0.2250375600 1.7827238800 -0.1511060600
0.2495703400 1.7761078000 -0.2417956200
0.2218531100 1.7413781800 -0.2772927500
0.1353337500 1.6638968400 -0.3215264000
0.1304976500 1.6481349100 -0.3175546400
0.0460788400 1.5720746100 -0.3911222700
0.0364684100 1.5583595300 -0.4028708900
0.0064111000 1.5435067700 -0.4049765900
-0.0489594800 1.5354289500 -0.4022915200
-0.1699178500 1.4945493800 -0.3154660300
-0.2122247600 1.4983993200 -0.2691469900
-0.2360917800 1.5056638900 -0.2051456500
-0.3296700400 1.4977369400 -0.0752276200
-0.3421506700 1.5165530200 -0.0410641200
-0.3107063600 1.5416155300 0.0129744600
-0.2932508200 1.5523666500 0.0165886800
-0.1349892800 1.5534701500 -0.1032426300
-0.1226849800 1.5708732300 -0.0797265900
-0.0665552300 1.5658498800 -0.0754783100
-0.0396457700 1.5693174400 -0.0599775900
-0.0041752300 1.5636116600 -0.0895489600
0.0374581700 1.5807605900 -0.1148287200
0.1015812300 1.6453744700 -0.1939063400
0.2490760800 1.7911014000 -0.1992803300
0.1965509800 1.7208624800 -0.2954523500
0.0732046500 1.5826657700 -0.3620287900
0.0135582800 1.5458469000 -0.4046536600
-0.2079740900 1.4996858400 -0.2594363600
-0.3102606300 1.5082889100 -0.1040966400
-0.3336436700 1.5094737200 -0.0699623000
-0.2538295000 1.5695618100 0.0094800000
-0.1979119900 1.5754895000 -0.0460931000
-0.1651331800 1.5908673600 -0.0663808200
-0.0771692800 1.5731592800 -0.0863672300
-0.0140371200 1.5758790100 -0.0854133500
0.0752310700 1.6255066300 -0.1424837700
0.1082482000 1.6684312100 -0.2049264700
0.2481104800 1.7879278300 -0.2220899600
0.0703237500 1.5937471600 -0.3672986200
-0.0796429200 1.5151763600 -0.3830794600
-0.1660124800 1.5058882900 -0.3319798500
-0.2252269300 1.5117704900 -0.2407353700
-0.2065354500 1.5916688900 -0.0269775100
-0.1381425200 1.5859366700 -0.0951889000
-0.0603117100 1.5720446400 -0.0652206300
-0.0222660200 1.5737947800 -0.0684018900
0.0234398900 1.5938895000 -0.1221680800
0.0642555900 1.6084116300 -0.1146881600
0.0531457100 1.6277068900 -0.1191591600
0.1252356500 1.7287290600 -0.1783293600
0.2412964500 1.7954017400 -0.2084157400
0.2118085700 1.7443110000 -0.2840749400
0.1268708500 1.6596834900 -0.3294684700
0.0990591900 1.6322518600 -0.3213390500
0.0537393500 1.5928654000 -0.3870126500
0.0467609100 1.5811416600 -0.3908407300
-0.0269379500 1.5481500300 -0.4096437700
-0.2024586400 1.5021223200 -0.3113535900
-0.2091601400 1.4988477500 -0.2977641200
-0.2793769500 1.5186452100 -0.1296801600
-0.3270204200 1.5158675800 -0.0995725500
-0.3352198100 1.5210277700 -0.0767612000
-0.3381258600 1.5232362000 -0.0505753900
-0.3373394900 1.5241055900 -0.0191213300
-0.3323040100 1.5204048700 -0.0910569000
-0.3292375500 1.5321278900 -0.0082858200
-0.2857298400 1.5628634500 0.0121213400
-0.2674483600 1.5750918700 0.0066203900
-0.1436726400 1.5774855500 -0.0973482800
-0.0640977400 1.5715167800 -0.0700073200
-0.0353419100 1.5877969700 -0.0662788800
0.2358286000 1.7954625800 -0.1799948900
0.1453581400 1.6853776800 -0.3062192600
0.1402390000 1.6799451200 -0.3066939200
0.1312359900 1.6772853000 -0.3303324100
-0.1129790600 1.5132914700 -0.3627955700
-0.1278202300 1.5106573600 -0.3627054700
-0.1395793500 1.5191986100 -0.3580930400
-0.1506380600 1.5266862300 -0.3539182900
-0.1910786300 1.4998695600 -0.3157671700
-0.2154300700 1.5058056100 -0.2623473800
-0.2417152900 1.5197254800 -0.1961958700
0.0854089100 1.6426457200 -0.1418006500
0.0913474300 1.6556031200 -0.1888982000
0.1563794900 1.7515336500 -0.1537992600
0.2300382400 1.7914546600 -0.1635634400
0.1407835700 1.6692854400 -0.3142722500
-0.0665650600 1.5267719900 -0.3949451300
-0.2887408100 1.5288932200 -0.1599279500
-0.2881464800 1.5256795000 -0.1508953700
-0.2701278300 1.5663460700 0.0140562700
-0.2326519300 1.5854510100 -0.0064911600
-0.1896377700 1.5971357900 -0.0567468400
-0.1843244300 1.5920874500 -0.0649691100
-0.1158458900 1.5780072500 -0.0774176000
-0.0567931100 1.5734669700 -0.0627950400
0.0724455500 1.6169663200 -0.1378664800
0.0892698800 1.6561912700 -0.1853939300
0.1038120700 1.6645320800 -0.2061959200
0.1108323600 1.6852659900 -0.1931294200
0.1403170100 1.7389006600 -0.1662270500
0.2247099300 1.7789490100 -0.2570108300
0.2231407100 1.7625019200 -0.2670546400
-0.0149710200 1.5567589200 -0.4096114500
-0.1601365000 1.5097164100 -0.3392369600
-0.2182347600 1.5065005800 -0.2798770000
-0.2559027300 1.5406729000 -0.2022132200
-0.2370436400 1.5331079100 -0.1751410900
-0.3408409700 1.5257919000 -0.0332615200
-0.1993841500 1.5961880800 -0.0359486400
-0.1898113100 1.5853251100 -0.0626047400
0.0586875500 1.6304243400 -0.1257748800
0.0896949300 1.6479452500 -0.1612533400
0.0974262100 1.6541887400 -0.1644911900
0.0938866000 1.6701280300 -0.1895813100
0.1986847900 1.7725576900 -0.1463998100
0.2392415700 1.7900349100 -0.2352068200
0.2419879600 1.7804368200 -0.2471778400
0.2031025200 1.7561015400 -0.2866676200
0.1354216200 1.6844985300 -0.3111112200
0.0344566200 1.5754350900 -0.4020350100
0.0240046800 1.5619464200 -0.4086701400
-0.1181597900 1.5324813000 -0.3658251100
-0.2174444000 1.4995523200 -0.2875236500
-0.2163806300 1.5092923700 -0.2687533100
-0.1695191100 1.5941740900 -0.0636067200
-0.0268177000 1.5994798900 -0.0772889700
0.0359888200 1.6062429700 -0.1124257400
0.0969409500 1.6818326600 -0.1951280200
0.1140615300 1.7003644000 -0.1895846400
0.2088296600 1.7894326100 -0.1631221900
0.2288330000 1.7983833100 -0.2005347300
0.1363076600 1.6913038800 -0.3162174800
0.1108744700 1.6511616500 -0.3379141000
0.0235982600 1.5795589200 -0.4088493700
-0.2933367300 1.5293160200 -0.1334075600
-0.3359145900 1.5225085200 -0.0629443400
-0.3093157900 1.5500843700 0.0068446300
-0.2883739400 1.5294410100 -0.1403282600
-0.3336754500 1.5357560000 -0.0205579600
-0.3128257500 1.5562312100 0.0024102900
0.0407124400 1.6306561800 -0.1151998800
0.2406019200 1.7969145400 -0.2199365300
0.0888290800 1.6336444800 -0.3329335600
0.0808228100 1.6161852800 -0.3576788900
-0.1887209500 1.5115697300 -0.3247706400
-0.1965807200 1.5098030700 -0.3201764300
-0.2266130900 1.5165014400 -0.2521450500
-0.2413369400 1.5386302500 -0.1802189500
-0.3111480700 1.5655677500 -0.0055653400
-0.2214524900 1.5808265300 -0.0119583700
0.0115160800 1.6037969600 -0.1224683400
0.1009903300 1.6301624100 -0.1469188700
0.1188462400 1.7133889500 -0.1903818800
0.1299684800 1.7533724200 -0.1676430200
0.1563753800 1.7775853200 -0.1627533600
0.2172963000 1.8000098100 -0.1982717700
0.0048380900 1.5657319100 -0.4079120600
-0.0043686200 1.5714576100 -0.4095809400
-0.1762275400 1.5112337700 -0.3291692100
-0.2325780700 1.5142981300 -0.2328531300
-0.3129398400 1.5253937300 -0.1152355100
-0.3000616800 1.5605340000 0.0066903400
-0.1273363500 1.5882049500 -0.0797887600
-0.1014034600 1.5967944000 -0.0860675100
0.0462103300 1.6072550100 -0.1082615300
0.0551084500 1.6144232000 -0.1130877700
0.0856148700 1.6709696200 -0.1866989500
0.0942173800 1.6415026300 -0.3358476400
-0.0847041700 1.5395356200 -0.3835681500
-0.0981856200 1.5310164600 -0.3723545000
-0.2934722700 1.5319796700 -0.1513866800
-0.2370099300 1.5946690600 -0.0086223700
-0.1835458800 1.5961780900 -0.0631443000
-0.1622443300 1.5991287300 -0.0634313400
-0.1447983700 1.5919990100 -0.0922811800
-0.1158074000 1.5921186000 -0.0780065100
-0.0874060900 1.5850742800 -0.0872192800
-0.0187720600 1.5924644700 -0.0906259400
0.0469094500 1.6129581300 -0.1099199500
0.0859939500 1.6497471200 -0.1558185100
0.1319610900 1.6846357300 -0.3209270100
0.0842653800 1.6302635300 -0.3389881600
-0.0396308500 1.5539600100 -0.4076728100
-0.0516172900 1.5431502500 -0.4021352900
-0.1093108300 1.5218550700 -0.3647999000
-0.2055527800 1.5170865700 -0.3188919100
-0.3359044500 1.5405812300 -0.0423258200
-0.3325388600 1.5444638500 -0.0298204700
-0.2991302000 1.5709752100 -0.0042452700
-0.2784003900 1.5732929800 0.0056202300
-0.1937502100 1.5985165600 -0.0454886000
0.0250698300 1.6027400900 -0.1220033400
0.0925896600 1.6693001800 -0.1659460300
0.1084882700 1.7011549400 -0.1862897600
0.1119856800 1.7114634900 -0.1931157300
0.1538526600 1.7639987900 -0.1563555900
0.1995945900 1.7933702500 -0.1703249700
0.2118804600 1.7965602900 -0.1797469100
0.2199293000 1.7974134100 -0.2337386400
0.1600804100 1.7193049300 -0.3244199000
0.1321588900 1.6977423600 -0.3221438700
0.1163359500 1.6668129500 -0.3384251900
-0.1865796300 1.5215109900 -0.3330792100
-0.2517577500 1.5253027900 -0.2127530300
-0.3319329200 1.5378190300 -0.0757202300
-0.3348310600 1.5339343200 -0.0667273500
-0.1526645100 1.5967703300 -0.0811270200
-0.1074255000 1.5917267100 -0.0828497700
-0.0477392800 1.6113437900 -0.0685348000
0.0357571400 1.6162852200 -0.1123919300
0.0272054400 1.6480059500 -0.1197287300
0.0720696800 1.6724237100 -0.1622151900
0.0674740300 1.6140604900 -0.3738789300
-0.2564757200 1.5992722900 -0.0108544800
-0.2218043100 1.5978608200 -0.0171995600
-0.1454589700 1.6011463100 -0.0897924600
-0.1245294400 1.5939307600 -0.0759817400
-0.0646408300 1.5992403600 -0.0673864900
0.0595705700 1.6470067200 -0.1380467200
0.0737671200 1.6619644600 -0.1438199400
0.1005457000 1.6847997400 -0.1957439300
0.1782908000 1.7847725900 -0.1622571500
0.2232299100 1.7882957600 -0.2457835700
0.1909854200 1.7417869300 -0.2956855100
0.1632041900 1.7065017600 -0.3172382800
-0.0609630700 1.5492079200 -0.3991034400
-0.2960075400 1.5337959400 -0.1373675900
-0.3135227500 1.5412791300 -0.1207729400
-0.1642182400 1.6141475800 -0.0635611000
-0.1584935500 1.6055433700 -0.0663985500
-0.0081946000 1.5994582400 -0.1112833500
0.0134443200 1.6188376300 -0.1269525700
0.0211523300 1.6360715000 -0.1220331300
0.0513386800 1.6485497200 -0.1319528600
0.0846736500 1.6518488600 -0.1444411400
0.1025339700 1.7173233700 -0.1930065900
0.2096869200 1.8050653000 -0.2157123600
0.2124730800 1.7844266900 -0.2598902100
0.2160093700 1.7759263900 -0.2660269400
0.1008587600 1.6567141500 -0.3456983900
0.0859116200 1.6507006900 -0.3486777800
-0.2491504800 1.5251504100 -0.2259094700
-0.2478313400 1.5446051800 -0.1839909100
-0.2946352700 1.5412710400 -0.1438372900
-0.3321980000 1.5414690600 -0.0995679100
-0.3185233900 1.5503627600 -0.0086460900
-0.2533176900 1.5895566300 -0.0020570500
-0.0712151700 1.6099181300 -0.0729672100
-0.0401918300 1.6154180400 -0.0729009800
-0.0284290800 1.5979676100 -0.0739308600
-0.0282840200 1.6126188700 -0.0861694700
-0.0302710300 1.6388242500 -0.1056454800
0.0669403400 1.6461716800 -0.1427038100
0.0838103100 1.6751341200 -0.1636625300
0.0802742700 1.6778379500 -0.1829726600
0.0953423900 1.7082209700 -0.1879476700
0.1255938100 1.6876383000 -0.3361511700
0.0449040000 1.5981884900 -0.3952489200
-0.1347488500 1.5281065800 -0.3629118500
-0.1689091400 1.5220713400 -0.3428661800
-0.2255029900 1.5176212200 -0.2845125800
-0.2443875600 1.5303168000 -0.2351775800
-0.2515169700 1.5485679800 -0.1886568300
-0.2951876800 1.5378164200 -0.1576824100
-0.3327630600 1.5463229500 -0.0563928000
-0.2347541600 1.6045898600 -0.0145352200
-0.1973716200 1.6083586800 -0.0396834600
-0.1862330900 1.6146999500 -0.0611533600
-0.1339171200 1.6150950500 -0.0781087500
-0.1229454000 1.6041790200 -0.0751246400
-0.0508048300 1.6001964800 -0.0648314300
0.0893602600 1.6986443600 -0.1900724100
0.1993459900 1.7809588600 -0.2720084500
0.1263102400 1.6937345200 -0.3247356100
0.1253743100 1.6823156600 -0.3392863800
0.0595970000 1.6320312100 -0.3863573100
0.0166267700 1.5768738300 -0.4099447800
-0.1888496900 1.5291882500 -0.3359312900
-0.2856368600 1.5301190700 -0.1626047900
-0.3302072900 1.5541624400 -0.0422223800
-0.3168859900 1.5733780400 -0.0322526600
-0.2677497200 1.5914821700 -0.0060900200
-0.1392775500 1.5995414800 -0.0904122800
-0.0581408600 1.6035168200 -0.0650318500
-0.0118549500 1.5941182800 -0.1019482000
0.0177047200 1.6252188600 -0.1255596500
0.0744418000 1.6658460600 -0.1506165300
0.1372811700 1.7674002000 -0.1659374300
0.2026231900 1.8027875500 -0.1987201400
0.2203826300 1.8027633400 -0.2249129800
0.2062511500 1.7948534800 -0.2470055900
0.2059184700 1.7659574700 -0.2784627000
0.1931313700 1.7581474900 -0.2908704500
0.0514824800 1.6142628900 -0.3897573000
0.0438401800 1.6167819500 -0.3977287000
-0.0405925900 1.5695686900 -0.4094038100
-0.1127743100 1.5383671500 -0.3682153700
-0.2419550700 1.5316117400 -0.2415447100
-0.1909898000 1.6102327900 -0.0491368700
-0.0035362100 1.6315559100 -0.1245433500
0.0663148500 1.6769672600 -0.1497825400
0.1161037700 1.7395046700 -0.1786247700
0.1802994200 1.7288242000 -0.3067080300
0.0777136600 1.6427517700 -0.3520743700
0.0719095400 1.6291705200 -0.3698874700
-0.2563238300 1.5311855300 -0.2215245500
-0.2140875900 1.6047440100 -0.0251790300
-0.1788680000 1.6140176800 -0.0632481100
0.0208681000 1.6530172100 -0.1221513300
0.0417792000 1.6505314600 -0.1266203100
0.0850965800 1.6952287800 -0.1847657100
0.1661925200 1.7917684600 -0.1751902400
0.2117243300 1.8086191100 -0.2311971900
-0.3036793100 1.5476347600 -0.1369633700
-0.2414019200 1.6111277500 -0.0183155400
-0.1509996200 1.6158209400 -0.0780901200
-0.0618110700 1.6422955800 -0.0725254100
-0.0066119900 1.6038015400 -0.1160042800
0.0559632000 1.6685161600 -0.1463023400
0.0709053300 1.6696678300 -0.1584402500
0.0739570800 1.6872965400 -0.1644585600
0.0845723200 1.6813532800 -0.1662773800
0.0906985900 1.7229397100 -0.1860774600
0.2001748800 1.8070977800 -0.2231926700
0.1932268800 1.7861932500 -0.2716319000
0.1753645100 1.7613444400 -0.2993896200
0.1311319700 1.7113184900 -0.3304134500
0.1189127800 1.6796889300 -0.3423793900
-0.0764691800 1.5527785900 -0.3911467100
-0.2323807200 1.5229902300 -0.2736562000
-0.2378571500 1.5287877300 -0.2565629600
-0.3307296400 1.5480510300 -0.0937009500
-0.3264368100 1.5546601400 -0.0776348100
-0.3088998900 1.5743694300 -0.0107966700
-0.0451385600 1.6374822300 -0.0786571600
-0.0280798400 1.6187860300 -0.0934621500
-0.0065415200 1.6127118500 -0.1202847900
0.0527375300 1.6649625900 -0.1444698000
0.0683859900 1.6714710100 -0.1455997900
0.1119937600 1.7611084700 -0.1813136700
0.1237417700 1.7668580700 -0.1743829200
0.1392588400 1.7813036300 -0.1731365300
0.0356447600 1.5952477800 -0.4008784200
-0.1549645800 1.5375677300 -0.3562776200
-0.2281298200 1.6166918900 -0.0238278500
-0.1930069800 1.6220614500 -0.0486765600
-0.1485295800 1.6200980200 -0.0832790700
-0.1422594400 1.6133706100 -0.0868999000
-0.1089820700 1.6178954000 -0.0835653700
-0.0356569700 1.6248388700 -0.0812448800
-0.0184210500 1.6334386200 -0.1218959300
0.0832865600 1.7168686300 -0.1868004900
0.1697735700 1.7977232300 -0.1839726500
0.1228345000 1.7008134300 -0.3298427600
0.0914732300 1.6702616600 -0.3563218400
0.0206535500 1.5989731800 -0.4084967700
-0.1697886200 1.5323477500 -0.3481696500
-0.2155423400 1.5196196600 -0.3088808800
-0.2563905500 1.5508747200 -0.2362705000
-0.2980030700 1.5533353800 -0.1683822500
-0.3049558700 1.5828941900 -0.0192241300
-0.0825818300 1.5981936000 -0.0858765700
-0.0762634600 1.5939949900 -0.0830828000
0.1555926400 1.7888248300 -0.1743313600
0.1618910600 1.7307673700 -0.3216588000
-0.1291895300 1.5445370300 -0.3657195700
-0.2063931300 1.5258262800 -0.3230879200
-0.2372719200 1.5319404600 -0.2892433900
-0.3018827500 1.5512817500 -0.1617365100
-0.3165305000 1.5754825100 -0.0447987400
-0.2800546300 1.5907353300 -0.0116930300
-0.2670555500 1.5987177700 -0.0130929800
-0.0239885400 1.6360523300 -0.1170149600
0.0805567700 1.6859346400 -0.1844742400
0.0973570700 1.7290776900 -0.1944231200
0.1822701200 1.7729244000 -0.2919057600
-0.2553383200 1.5472922300 -0.2526291300
-0.2630429100 1.5445537600 -0.2130482200
-0.2679618400 1.5560278300 -0.2093818000
-0.2722376500 1.5547336100 -0.1794378700
-0.3285124800 1.5450970700 -0.1080357600
-0.3056322700 1.5912103300 -0.0276202700
-0.1887448200 1.6218380700 -0.0576332000
-0.0820769400 1.6353600000 -0.0777250200
0.0610638100 1.6830990100 -0.1584296900
0.0747294400 1.6902777800 -0.1844663000
0.1978246400 1.8121845200 -0.2361934900
0.1028684700 1.6738901400 -0.3464370000
-0.2280627200 1.5217033000 -0.2977752000
-0.3149842700 1.5585192200 -0.1233593300
-0.2804506100 1.6023794800 -0.0253009200
-0.0763417200 1.6375424400 -0.0727676200
0.0605997100 1.6891287300 -0.1641420300
0.1876485300 1.8054087500 -0.2145863800
0.1406211200 1.7255758600 -0.3348738500
0.1207119300 1.7124362800 -0.3343835100
0.1125802400 1.6981750200 -0.3541753800
0.0821150200 1.6646768400 -0.3616183300
0.0723943000 1.6556680500 -0.3682267600
0.0615454000 1.6434561000 -0.3848062700
-0.0211023100 1.5789401100 -0.4120256300
-0.1154677500 1.5528254000 -0.3711485800
-0.2066541700 1.5405186400 -0.3293150800
-0.2508341200 1.5455913200 -0.2809562500
-0.2848873200 1.5626634900 -0.1772040700
-0.2203260700 1.6106988100 -0.0242764700
0.0731137500 1.6898363400 -0.1802511500
0.0798916700 1.7048367300 -0.1838892900
0.1451487600 1.8030668100 -0.2014445800
0.1751066700 1.8016805400 -0.1922210300
0.1740395900 1.8084276600 -0.2240889100
0.1755142300 1.7847201400 -0.2871864600
0.1679133800 1.7593701400 -0.3060357200
0.1157618500 1.7126499900 -0.3387932500
-0.0569952700 1.5708931100 -0.4030656000
-0.2591793500 1.5536418200 -0.1850298600
-0.1267947500 1.6254901000 -0.0747718100
0.1033481600 1.7473084900 -0.1852078900
0.1481294700 1.7455403700 -0.3323131100
0.1179817700 1.6977032200 -0.3482477700
0.0999044100 1.6864787400 -0.3516814900
0.0048822500 1.6100352200 -0.4115712000
-0.1905598100 1.5418042000 -0.3390236300
-0.3201580000 1.5737020600 -0.0702456500
-0.3098705500 1.5869914200 -0.0372176400
-0.1948294300 1.6347642400 -0.0521250600
-0.1733756600 1.6202596400 -0.0631206500
-0.0137150800 1.6332147100 -0.1235150300
0.0354437000 1.6937179800 -0.1502054400
0.0675586500 1.7003315000 -0.1824021400
0.1333803900 1.7915164800 -0.1861438200
0.1972131100 1.8071249200 -0.2443653300
0.1896960500 1.7949197500 -0.2640722900
0.1552445800 1.7557146500 -0.3196118500
0.1495223700 1.7342307100 -0.3322912200
0.0535810400 1.6457257000 -0.3941577300
0.0372715400 1.6220424000 -0.4027356200
-0.0474156300 1.5782349400 -0.4073104400
-0.2327370900 1.5464134800 -0.3099171100
-0.2348130100 1.5345312200 -0.2999436400
-0.3278471000 1.5679729300 -0.1010774300
-0.3255932900 1.5601369900 -0.0587124600
-0.2240970600 1.6239712800 -0.0305682100
-0.2086644000 1.6292095800 -0.0409643800
-0.1702373900 1.6367752600 -0.0622066400
-0.1423663900 1.6199572000 -0.0856319500
-0.1321675400 1.6252289300 -0.0746740200
-0.0931565800 1.6058811500 -0.0860633900
-0.0640180700 1.6356417200 -0.0699852200
0.0348498300 1.6513348400 -0.1227588500
0.0727348000 1.6949614500 -0.1684609700
0.0651059500 1.7148655200 -0.1871809700
0.0718932100 1.7291270800 -0.1844212000
0.1624380700 1.7695512600 -0.3056805400
0.1071219000 1.7000023200 -0.3580929400
0.0924924600 1.6872149900 -0.3556769200
-0.1022616100 1.5574185500 -0.3779158200
-0.1293279700 1.5617890100 -0.3685077200
-0.1539345000 1.5491275700 -0.3590367800
-0.3003457100 1.5542627400 -0.1472656100
-0.2557957100 1.6135679800 -0.0236374400
-0.1991619400 1.6261830200 -0.0449546800
-0.1528493800 1.6346178200 -0.0774905800
-0.1197122500 1.6296740700 -0.0797861400
-0.0408213300 1.6471260800 -0.0909003400
0.0322097600 1.6639362300 -0.1289738900
0.0527354200 1.6952920400 -0.1560114300
0.1144232900 1.7714908600 -0.1831073700
0.1705045400 1.7778003800 -0.2946539800
-0.0109796900 1.5964925200 -0.4123328800
-0.0304185600 1.5887053800 -0.4114081800
-0.0889945200 1.5655826600 -0.3851023500
-0.2642977800 1.5623219000 -0.1942885200
-0.3056212900 1.5622315000 -0.1629196100
-0.3091173000 1.5653664300 -0.1362826900
-0.3147517800 1.5770777500 -0.1259943900
-0.3197031100 1.5811324000 -0.0865484300
-0.2750258500 1.6116456700 -0.0319924300
-0.0867388500 1.6379131900 -0.0798368100
-0.0705422300 1.6439860200 -0.0706213000
-0.2628805900 1.5623950400 -0.2369455700
-0.2736917100 1.5712140500 -0.1956049200
-0.3013427000 1.5989987200 -0.0305395700
-0.2327363200 1.6238485400 -0.0289106700
-0.2015687900 1.6399029200 -0.0502819100
-0.0708027200 1.6323523100 -0.0697616200
0.0114083800 1.6340730300 -0.1287985700
0.0205051500 1.6799149000 -0.1316200300
0.0624060300 1.7078523900 -0.1714163600
0.0792502700 1.7354109900 -0.1863110300
0.1346331600 1.7970545700 -0.1930855300
0.1834451800 1.8149017900 -0.2417657500
0.1258492200 1.7348707600 -0.3434373800
0.1103937800 1.7093864400 -0.3571046200
0.0756066400 1.6694511900 -0.3694743500
-0.2758280600 1.5672867300 -0.2097693300
-0.3122394900 1.5928274300 -0.0676513100
0.0545647100 1.6882202200 -0.1505644800
0.0594030200 1.7193344700 -0.1879999600
0.0886450000 1.7319284600 -0.1959221000
0.1646252000 1.8120663600 -0.2329825600
0.1759972300 1.8006144500 -0.2697270500
0.0855542000 1.6793360100 -0.3618575500
0.0610348500 1.6570292500 -0.3860834200
-0.2665555600 1.5673702600 -0.2316333400
-0.2920203400 1.6168823300 -0.0418075300
-0.1862961100 1.6281631400 -0.0608438200
0.0907687900 1.7579935700 -0.1947098500
0.1241476800 1.7811801900 -0.1840108200
-0.3046878200 1.5630275500 -0.1552594300
-0.1450335200 1.6349908700 -0.0808273800
0.0026456900 1.6400685600 -0.1303205800
0.0394678100 1.6688795100 -0.1368645600
0.0568315500 1.7188220300 -0.1841126800
0.0898818800 1.7403387200 -0.1952474200
0.1479499200 1.8089637000 -0.2197423800
0.1659761100 1.8151425000 -0.2471436000
0.1703588300 1.8103714900 -0.2590487600
0.1121552000 1.7152699600 -0.3438893700
-0.0124916300 1.6165940700 -0.4113440400
-0.0380496800 1.5974778800 -0.4098187300
-0.1178853700 1.5728890700 -0.3745233800
-0.2674740600 1.5525260500 -0.2231990600
-0.2907192300 1.5761708500 -0.1803842000
-0.3165678900 1.5913587500 -0.0869301000
-0.3113700200 1.5907663800 -0.0514991100
-0.2578486200 1.6245515900 -0.0375727000
-0.1347245300 1.6415477000 -0.0746225200
-0.1084283300 1.6418727300 -0.0785950700
0.0500575600 1.7010430200 -0.1535716100
-0.1845791100 1.5574008600 -0.3445650800
-0.2543921400 1.5447911500 -0.2694915200
-0.2740864300 1.5698529200 -0.1886387500
-0.3033127300 1.5671455100 -0.1684532200
0.0075377700 1.6678427200 -0.1296135000
0.0368091500 1.6997304100 -0.1538570900
0.0610595100 1.7045760900 -0.1678454500
0.1624879700 1.8020694700 -0.2789939300
0.0742806900 1.6789803900 -0.3725057400
-0.1711707600 1.5494930800 -0.3513951200
-0.3191086700 1.5855240300 -0.1173299900
-0.2982264600 1.6123196300 -0.0403907700
-0.2383392300 1.6317796600 -0.0370171000
-0.1873037600 1.6385049700 -0.0628767700
-0.1222223400 1.6482746100 -0.0799699200
-0.0378350800 1.6671523700 -0.1207186800
0.0040990100 1.6554168300 -0.1316299700
0.1056368000 1.7790346900 -0.1933690300
0.1130821100 1.7816187400 -0.1914426000
0.0187948100 1.6272776200 -0.4090937900
-0.1421854400 1.5680287100 -0.3650613800
-0.2250187900 1.6323843400 -0.0371802800
-0.1966198800 1.6441156800 -0.0539654300
0.0811210700 1.7430381100 -0.2005053200
0.1449095800 1.7572138000 -0.3303946200
0.0803686700 1.6962265600 -0.3637296900
-0.0792716800 1.5862319300 -0.3938097200
-0.3151760200 1.5914267300 -0.1620079100
-0.3273451200 1.5651522800 -0.1089579200
-0.3246165100 1.5889182800 -0.1056467000
-0.3230025800 1.5935878900 -0.1008322900
-0.2725958300 1.6222453400 -0.0408285500
-0.1491563000 1.6330939300 -0.0803776100
0.0831087100 1.7632262200 -0.2017867200
0.0618208500 1.6749197200 -0.3857316700
0.0530686000 1.6727939300 -0.3925748800
0.0309812900 1.6362131500 -0.4058716900
-0.1011311600 1.5827977600 -0.3829803900
-0.2446697500 1.5677712600 -0.3039385800
-0.2527511800 1.5632321700 -0.2936174900
-0.2658240300 1.5625714300 -0.2516142500
-0.3076612200 1.5746270800 -0.1480778200
-0.1494743100 1.6529503500 -0.0796032800
-0.0190685900 1.6535502000 -0.1282236200
-0.0094093700 1.6728840200 -0.1365933900
0.0446545100 1.7118205600 -0.1687912500
0.0500891700 1.7029008500 -0.1663800500
0.0532199900 1.7191495500 -0.1757340800
0.1146774700 1.8010547600 -0.2137028500
0.0459599500 1.6526189200 -0.3995340300
-0.3024406100 1.5877620900 -0.1776537100
-0.3023653000 1.6098594200 -0.0604810800
-0.2629765700 1.6312897800 -0.0464779100
-0.2486321200 1.6365106200 -0.0465681900
-0.1799997700 1.6472133200 -0.0621843300
-0.1618753600 1.6381830700 -0.0665009000
-0.0446320200 1.6486632200 -0.0855093000
-0.0426412300 1.6630027100 -0.1025087800
0.0145050700 1.6795224000 -0.1297925900
0.0251451000 1.6999767700 -0.1462741100
0.1245495200 1.8088593100 -0.2195600700
0.1568910200 1.7975265400 -0.2940060200
0.1141802000 1.7360347500 -0.3478056100
0.0737794200 1.7068127800 -0.3677190600
-0.0575852500 1.5876089600 -0.4040009500
-0.2226885900 1.5545481100 -0.3217434400
-0.2735656000 1.5740226300 -0.2579572400
-0.2933900700 1.6241299500 -0.0515549600
0.1045577000 1.7223691900 -0.3628695700
-0.2574744100 1.5569264700 -0.2823388900
-0.1866069200 1.6505313600 -0.0621734000
-0.0832832900 1.6716601600 -0.0762123600
-0.0311957400 1.6598192100 -0.1255869300
0.0445105000 1.7092648400 -0.1567801500
-0.1233202100 1.6441470200 -0.0799875200
-0.0966273000 1.6639488500 -0.0802090800
-0.0729028300 1.6598499700 -0.0738117800
0.0600551300 1.7259479600 -0.1905887800
0.0730530600 1.7384383000 -0.1854673800
0.0651308500 1.7536089400 -0.1967195200
0.1030535300 1.7898340100 -0.2054468500
0.1358972000 1.8103529600 -0.2252823400
0.1494845100 1.8040213300 -0.2942319800
0.1351054900 1.7689869700 -0.3324674200
-0.1477548400 1.5830117300 -0.3640296900
-0.2876760300 1.5844807700 -0.2063001900
-0.2850855200 1.5834583600 -0.1937160700
-0.2237359800 1.6438206000 -0.0486171000
-0.2113125900 1.6455337000 -0.0516192900
-0.1672996900 1.6591666700 -0.0675246500
-0.1373750000 1.6515940100 -0.0753311300
-0.0500879700 1.6548558200 -0.0842661800
0.0031223300 1.6835437800 -0.1328749400
0.0418051100 1.7279230600 -0.1782908200
0.1446405400 1.8174720000 -0.2532576500
0.1479474600 1.7838045000 -0.3094768200
0.1299113200 1.7436551200 -0.3437669400
0.0869845500 1.7009456100 -0.3625726000
-0.0485638300 1.6100689400 -0.4051737000
-0.1210466100 1.5974579800 -0.3771418600
-0.2744550800 1.5785944200 -0.2626988200
-0.2977842600 1.5898066400 -0.1850001800
-0.3168583000 1.5964270000 -0.1246971100
-0.1184007200 1.6676235300 -0.0790354000
-0.0950864200 1.6477191200 -0.0795475300
0.0650189300 1.7437026300 -0.1889161100
0.1442325800 1.8171650500 -0.2408555700
0.1471292300 1.8095528000 -0.2743921400
0.1069652400 1.7400088700 -0.3529373000
0.0997070600 1.7157779600 -0.3674919900
-0.3190096100 1.6102609000 -0.1025292400
-0.3115400000 1.6071026200 -0.0860281300
-0.2900297400 1.6297551400 -0.0527401500
-0.1756140800 1.6615217800 -0.0643486300
-0.0863860200 1.6636104200 -0.0771069900
-0.0259595800 1.6751136300 -0.1357705600
-0.0098216800 1.6824138000 -0.1378866100
0.0095339800 1.6821131600 -0.1308877700
0.0449993200 1.7299263100 -0.1827047400
0.0704866900 1.7609572000 -0.2083482700
0.1054496900 1.7328876100 -0.3537478000
-0.0894029100 1.6035974300 -0.3912302500
-0.2656298400 1.5756085500 -0.2779417800
-0.2800145500 1.5783905900 -0.2186752600
0.1279674100 1.7566319300 -0.3426043400
0.0774841100 1.7152252100 -0.3679259800
0.0275901900 1.6562361000 -0.4054186800
-0.1633797300 1.5842899500 -0.3572739900
-0.3120725900 1.5820066100 -0.1662865500
-0.3131633600 1.5978420200 -0.1491943300
-0.2779494700 1.6385491300 -0.0572446300
-0.1696789800 1.6513774200 -0.0638368000
-0.1615975700 1.6602406100 -0.0756818900
-0.0499044000 1.6748452900 -0.0995042300
0.0560114100 1.7499380600 -0.1952428400
0.0747850200 1.7455631500 -0.2003144900
-0.2051849900 1.6583875200 -0.0589364900
-0.0636761300 1.6866724800 -0.0945792600
0.1374978300 1.8192885800 -0.2517975600
0.1104174100 1.7531559200 -0.3534279400
0.0963913500 1.7331888200 -0.3704585000
-0.0728111400 1.6162109400 -0.3964246900
-0.2061343500 1.5607293300 -0.3330968300
-0.2935864000 1.5929062100 -0.1953816600
-0.2691600500 1.6373637200 -0.0528951300
-0.1582564400 1.6625104800 -0.0787538400
0.0144803500 1.6964039900 -0.1380714400
0.0351222800 1.7229907100 -0.1649725000
0.0719009200 1.7720781100 -0.2119493500
0.1338692700 1.8162850300 -0.2708661700
0.0380479000 1.6710921500 -0.4007735900
0.0109331000 1.6422468000 -0.4089867900
-0.2512702400 1.5869016600 -0.2980726200
-0.2759189700 1.5813744600 -0.2369603900
-0.3079212800 1.6070535000 -0.1797610000
-0.3206298700 1.6037951700 -0.1096657100
-0.0319507200 1.6722791900 -0.1329146000
0.0272615100 1.7173218800 -0.1607058300
0.0896797000 1.7818922000 -0.2078176900
0.1401765900 1.8104535000 -0.2906822000
-0.2696045700 1.5868278300 -0.2728306700
-0.3025837500 1.6197258200 -0.0745944700
-0.2906909500 1.6362695900 -0.0651303200
-0.2757526400 1.6476748000 -0.0643837000
-0.2164769800 1.6571662900 -0.0593676100
-0.1895851800 1.6662703500 -0.0658208100
-0.1307774900 1.6649511000 -0.0813593200
-0.1069466700 1.6700892800 -0.0809287500
-0.0146864300 1.6699252200 -0.1362426200
0.0439862800 1.7353591100 -0.1873293400
0.0506123300 1.7412106000 -0.1960818500
0.0475644100 1.7722583300 -0.2064332200
0.0752643600 1.7847732200 -0.2175572700
0.0919672400 1.8001668900 -0.2243088700
0.1250836500 1.8173151100 -0.2447378700
0.0977163000 1.7543934100 -0.3608970000
0.0711187300 1.7314874300 -0.3740733000
-0.0024204300 1.6393385300 -0.4096369800
-0.1899276500 1.5756062800 -0.3430407900
-0.3005866900 1.6023395700 -0.1936724900
-0.1991099700 1.6537434000 -0.0569023400
-0.0714889400 1.6729054300 -0.0799105700
0.0664751700 1.7615125900 -0.2089099600
0.1312204600 1.8184232800 -0.2609721800
-0.0306236000 1.6240247100 -0.4079669700
-0.2588116900 1.5797774900 -0.2890000300
-0.3053023800 1.6278629900 -0.0891897700
-0.1411194300 1.6630221500 -0.0775119100
-0.0472107800 1.6856972000 -0.1229697000
0.0294292600 1.7261112500 -0.1643700600
0.0340723600 1.7268721000 -0.1649932200
0.1100049100 1.8155106300 -0.2382744000
0.1125816600 1.8188757700 -0.2449435200
0.1307872100 1.8075648800 -0.3059349200
0.1318996200 1.8005147900 -0.3118893900
0.0558422700 1.6978387500 -0.3863981500
-0.2364931100 1.5779948400 -0.3125568400
-0.2818207200 1.5913707000 -0.2270461700
-0.2967103400 1.5972481800 -0.2066108100
-0.2337368600 1.6475844800 -0.0527371400
-0.0388727400 1.6867536100 -0.1354671000
0.1336536600 1.7895088200 -0.3192699400
0.0884895300 1.7324475100 -0.3731750600
-0.0018459100 1.7063189600 -0.1406737100
0.0210057400 1.7179879000 -0.1577879700
-0.2019395800 1.5847091300 -0.3360767700
-0.2809065800 1.5917165900 -0.2524535700
-0.2876307300 1.5957127600 -0.2183541100
-0.3150695100 1.6238538200 -0.1054398900
0.1080786800 1.7653014200 -0.3543196100
0.0432071900 1.7074894300 -0.3894885400
0.0000634200 1.6609649800 -0.4072302300
-0.3179390900 1.6144386900 -0.1624888800
-0.1718060700 1.6701496200 -0.0674180700
-0.1244881300 1.6850848900 -0.0822306300
-0.0999184300 1.6804018200 -0.0829258500
-0.0725508100 1.6901715700 -0.0912209300
0.0819633600 1.7897715900 -0.2181860800
0.1050743300 1.8024051300 -0.2214581200
0.1207697900 1.8191699600 -0.2743973200
0.1143334200 1.8019741500 -0.3272102300
0.0519112800 1.7268964700 -0.3810918600
0.0547869600 1.7135656600 -0.3824826600
0.0277177400 1.6865796900 -0.4006193400
0.0114595700 1.6675224600 -0.4062761700
-0.1169210300 1.6130646000 -0.3808422000
-0.2634431900 1.5996769000 -0.2813405800
-0.2894100200 1.6155864300 -0.2219117300
-0.3143227400 1.6169819400 -0.1472219900
-0.3145846700 1.6274160400 -0.1190790500
-0.2538160000 1.6673580300 -0.0707383000
-0.1617588500 1.6756802500 -0.0800079800
-0.1546501900 1.6674510700 -0.0802588900
-0.1322903200 1.6696738800 -0.0827378000
-0.0647980100 1.6964056100 -0.1028647900
-0.0198695900 1.6999034900 -0.1463021200
0.0323588100 1.7326403700 -0.1749930000
0.1146138100 1.7923753800 -0.3341735200
-0.1507014800 1.6021716300 -0.3644757500
-0.2795660200 1.5936245200 -0.2577256000
-0.3163103500 1.6142322300 -0.1219010300
-0.2860499500 1.6443427700 -0.0680457000
-0.2576054000 1.6462477300 -0.0561223000
-0.1471085200 1.6815866800 -0.0829624800
-0.1175942900 1.6930650000 -0.0862760300
-0.0080324300 1.7045723400 -0.1416383600
0.0132420400 1.6912087800 -0.1348398500
0.0078417100 1.7222431800 -0.1526566600
0.0165816900 1.7376807400 -0.1704234900
0.0330893100 1.7408336300 -0.1846395300
0.0458361400 1.7619417800 -0.2034962800
0.0925158600 1.7532797200 -0.3663130100
0.0882086200 1.7476476000 -0.3740696300
-0.0960935700 1.6219833400 -0.3892450900
-0.2819223100 1.6043934300 -0.2496736800
-0.2839354800 1.6068232100 -0.2360648400
-0.3050824300 1.6132391900 -0.1919992600
-0.2008149900 1.6687945900 -0.0650857600
-0.0353682500 1.6908041400 -0.1408310000
0.0259030100 1.7400722300 -0.1716465600
0.0365992200 1.7512518200 -0.1947628300
0.0537356600 1.7682675300 -0.2039673200
0.1185910400 1.7761456900 -0.3400810500
0.0591952200 1.7281932900 -0.3774750700
-0.1658890500 1.5979848500 -0.3569066400
-0.3024435500 1.6095199200 -0.2063776700
-0.0941555700 1.6940944500 -0.0862350400
0.0308905100 1.7622260900 -0.1987891000
0.0010337300 1.6970643000 -0.4017841600
-0.2361267100 1.5987780800 -0.3122575300
-0.2851916900 1.6148167600 -0.2313718700
-0.3083911700 1.6157084900 -0.1807690300
-0.2200232400 1.6745204700 -0.0719710600
-0.1796332000 1.6808328000 -0.0692640700
-0.1720469800 1.6785970200 -0.0718303400
0.0010143500 1.7108661100 -0.1428106400
0.0806484000 1.8072951500 -0.2361461900
0.1161094100 1.8182630400 -0.2987600300
0.0948216200 1.7726647800 -0.3605709700
-0.1779840500 1.6070459100 -0.3509160800
-0.2767082500 1.6161629300 -0.2515269200
-0.0788625400 1.6746558700 -0.0771698700
0.0593202200 1.7757330000 -0.2180129900
0.0989627000 1.8213252700 -0.2618043000
-0.2491884200 1.6072867700 -0.2985966000
-0.3168220000 1.6124529100 -0.1680127000
0.0567926900 1.7720346200 -0.2139826500
0.0562211600 1.7845015800 -0.2256312100
0.1073824700 1.8213183400 -0.2802539400
0.1238862300 1.8143878700 -0.3022507100
0.0310284900 1.7170846200 -0.3917385600
0.0178443800 1.6967487000 -0.3991030300
-0.0722397200 1.6337353000 -0.3955011600
-0.2230499500 1.5960299100 -0.3222724800
-0.2411015700 1.6655485500 -0.0672676600
-0.2049996000 1.6888352400 -0.0814427000
-0.1945676100 1.6775952500 -0.0696865500
-0.0547161200 1.6881054800 -0.1096763400
-0.0262140500 1.7001113000 -0.1466879500
0.0120113800 1.7378185800 -0.1691818000
0.1023466300 1.8171863700 -0.2444209200
0.0971365500 1.7849904800 -0.3508127400
-0.0189597900 1.6466125800 -0.4070038600
-0.2923224000 1.6312086400 -0.2189647100
-0.3103381000 1.6352597100 -0.1065645500
-0.2966124700 1.6423444700 -0.0859304000
0.0477372500 1.7779877100 -0.2119118500
0.0990753300 1.8180034000 -0.3198678800
0.1008755000 1.8079358700 -0.3333229200
0.0454390700 1.7353728200 -0.3825027800
-0.1424901200 1.6234263400 -0.3714456400
-0.2832903700 1.6249461000 -0.2361256600
-0.3048731100 1.6188959300 -0.2043086300
-0.3079939500 1.6307568600 -0.1811934700
-0.0366584500 1.7180845600 -0.1518613900
-0.0289008700 1.7222704300 -0.1560669200
-0.0199754500 1.7232458400 -0.1542551800
0.0379725600 1.7611867400 -0.2038863000
0.0826487200 1.8170557200 -0.2503552700
0.0813252300 1.7667789800 -0.3730902900
0.0056953200 1.7062864800 -0.3991715600
-0.2607989500 1.6081651700 -0.2834826700
-0.3135916500 1.6338764300 -0.1465626700
-0.2627656600 1.6721984000 -0.0792969200
-0.0416930900 1.7141134000 -0.1473171500
0.0774383400 1.8248839000 -0.2761092200
0.0842265500 1.7880636000 -0.3563498400
0.0674401900 1.7527700900 -0.3788522400
-0.0182356900 1.6703891600 -0.4047599500
-0.1691135600 1.6903294200 -0.0780551900
-0.1037717800 1.6981788400 -0.0887444400
-0.0577510700 1.7031486200 -0.1253624200
0.0212510300 1.7539759200 -0.1878183100
0.0956000100 1.8231991000 -0.2721058300
-0.2338853500 1.6106723800 -0.3123494000
-0.2718085500 1.6163338400 -0.2627530200
-0.3167695000 1.6304766900 -0.1643562100
-0.2406125400 1.6798302500 -0.0781463700
-0.1662686800 1.7019925800 -0.0843007200
-0.0994303800 1.7093235900 -0.0945915600
-0.0906959800 1.7055542500 -0.0932756200
0.0316223200 1.7785785900 -0.2118394800
0.0411567400 1.7834263900 -0.2160658100
0.0725891100 1.8212250500 -0.2642461100
0.0302591000 1.7298467300 -0.3880893200
0.0159461200 1.7282751700 -0.3901296400
-0.0236418700 1.6820747500 -0.4016325000
-0.1205775100 1.6297701500 -0.3809453600
-0.1942445600 1.6232407300 -0.3394177800
-0.2068152600 1.6163372800 -0.3312462400
-0.2614327000 1.6235802100 -0.2807977800
-0.3065307200 1.6433002800 -0.1796267900
-0.2521257000 1.6820135400 -0.0838659500
-0.1817022700 1.6893611700 -0.0752396500
-0.1560815600 1.7013598900 -0.0883749600
-0.0616029100 1.7148017200 -0.1308277900
0.0677217000 1.8031170300 -0.2382338500
0.0781886100 1.7617998400 -0.3758975900
-0.0565225300 1.6565977100 -0.3980629200
-0.1501414700 1.6325008100 -0.3677649800
-0.2359156200 1.6242380100 -0.3079577200
-0.0807190900 1.7093033100 -0.1000635500
-0.0462692600 1.7018586400 -0.1368973500
0.0452097800 1.7485110700 -0.3820673600
-0.1041010500 1.6425933200 -0.3858678800
-0.3040874000 1.6340865400 -0.2000914100
-0.3082143000 1.6533692200 -0.1354296600
-0.2956719100 1.6636406500 -0.1077932400
-0.1377669600 1.6932951800 -0.0852020100
0.0880701400 1.8155648100 -0.3319541800
-0.0861242500 1.6553454900 -0.3896262700
-0.2483593500 1.6267041300 -0.2953261200
-0.2788817800 1.6400242100 -0.2392840200
-0.3043166600 1.6567168700 -0.1208477200
-0.2708550300 1.6732877800 -0.0856510900
0.0079636200 1.7491551100 -0.1774756200
0.0493348100 1.7907650800 -0.2297449100
0.0970078900 1.8247681000 -0.3022284100
0.0690344500 1.7801317500 -0.3682474000
-0.3131008300 1.6426702200 -0.1607485400
-0.2831318700 1.6617559700 -0.0850725200
-0.0730625000 1.7167433400 -0.1209653700
-0.0543089700 1.7215982100 -0.1413557800
0.0202762700 1.7468520100 -0.1747513700
0.0875182800 1.8251640600 -0.3126686500
-0.1388419300 1.6358046300 -0.3728130200
-0.2158522200 1.6950026200 -0.0890949600
-0.0107997100 1.7321800300 -0.1549826700
0.0058023300 1.7642936100 -0.1901616800
0.0603324500 1.8019260000 -0.2404526300
0.0648387300 1.8142656000 -0.2541945900
0.0800450400 1.8077743600 -0.3442132500
-0.0114290900 1.7054661100 -0.3974242600
-0.0811762200 1.6739700000 -0.3877737700
-0.2671672700 1.6371795200 -0.2688126100
-0.0171389300 1.7336081400 -0.1579056200
0.0590817800 1.7686553900 -0.3763421400
-0.0047452900 1.7353403000 -0.1569272400
-0.0092981800 1.7552234000 -0.1726950900
0.0133618000 1.7650862900 -0.1950570100
0.0799425900 1.8203957100 -0.3292211900
0.0433528900 1.7624976100 -0.3806363100
0.0023167000 1.7258745800 -0.3940642500
-0.2068959400 1.6329438200 -0.3278764800
-0.2867867200 1.6383504700 -0.2283684900
-0.1693992900 1.7055208200 -0.0855608200
-0.1314898500 1.7026151100 -0.0886834700
0.0002753900 1.7440804800 -0.1658005200
0.0631219200 1.7950985200 -0.3603881100
0.0286802900 1.7470133000 -0.3844490000
-0.1631644200 1.6401860300 -0.3637916500
-0.1953609900 1.6392890300 -0.3367431100
-0.3058193200 1.6571679400 -0.1644314100
-0.2883578100 1.6777591200 -0.1103742100
-0.0910959900 1.7247230500 -0.1091178700
0.0453294500 1.8057933400 -0.2447785200
0.0780667900 1.8291214600 -0.3047381700
-0.0494679300 1.6781213000 -0.3959560600
-0.2426625900 1.6397321200 -0.2972996300
-0.3036952900 1.6654408900 -0.1430490300
-0.2721676400 1.6371614200 -0.2537464900
-0.2970459700 1.6468879400 -0.2089861200
-0.2938681100 1.6837516800 -0.1839176200
-0.0969542300 1.7224354200 -0.1036380500
0.0298062700 1.7854348100 -0.2168177500
0.0329027700 1.7748127500 -0.3789553200
-0.1867073400 1.7023748000 -0.0884725900
-0.0978560700 1.6700205800 -0.3837285700
-0.1769462900 1.6450763300 -0.3561208000
-0.2187468400 1.6458525600 -0.3160510000
-0.2611984500 1.6519440900 -0.2674864600
-0.2790004100 1.6844719500 -0.1051151600
-0.1547234800 1.7134581800 -0.0941437100
-0.0017926200 1.7628874900 -0.1862982900
0.0599159700 1.8220595600 -0.2675895800
0.0460484900 1.7961283900 -0.3654712200
0.0169629100 1.7544969200 -0.3836303500
-0.1430491100 1.6482498800 -0.3712278200
-0.1473769500 1.6566557000 -0.3634887600
-0.2278476900 1.6529515900 -0.3063392400
-0.2499197000 1.6537960100 -0.2842999200
-0.2656806400 1.6909269500 -0.1027703800
-0.1126628700 1.7272990300 -0.1062266500
-0.1225803900 1.7104051100 -0.0949359100
-0.0181544300 1.7567981300 -0.1727163500
0.0272175900 1.7969766100 -0.2310136400
0.0521317700 1.8145431200 -0.2554708700
0.0557775100 1.8069854400 -0.3515913800
-0.1647229100 1.6438020800 -0.3610942600
-0.1918355200 1.6515661100 -0.3475093600
-0.1759787400 1.6383046500 -0.3506802600
-0.2085075500 1.6477750500 -0.3254329100
-0.2787593300 1.6559733800 -0.2603037800
-0.2805139200 1.6657273800 -0.2284641300
-0.2912876400 1.6725631700 -0.2089866600
0.0703876300 1.8243876900 -0.3223937700
-0.0257753100 1.7203813800 -0.3900281100
-0.1735003100 1.6542477400 -0.3501106800
-0.2710144600 1.6533636400 -0.2550723700
-0.3018126800 1.6559925700 -0.1908530700
-0.2945972100 1.6825658600 -0.1488546700
-0.2963905900 1.6752424400 -0.1279209800
-0.2808470400 1.6921832900 -0.1179102700
-0.2228589500 1.6991476000 -0.0954461700
-0.1640029800 1.7168599300 -0.0952827800
-0.1401998000 1.7170365700 -0.0980875800
-0.0561224700 1.7359415800 -0.1493008000
-0.0430437200 1.7452788000 -0.1640757200
0.0226068400 1.7898948500 -0.2211577200
0.0342900400 1.8024794800 -0.2403631300
0.0667810000 1.8252211100 -0.2766914900
0.0704498800 1.8297687800 -0.3022606500
-0.0728064400 1.7309644100 -0.1347172100
0.0170481100 1.7776655700 -0.2072196200
-0.0166736800 1.7375827900 -0.3846481600
-0.0427758000 1.7205487700 -0.3885131300
-0.0515866400 1.7011894300 -0.3894315900
-0.1340608100 1.6636597900 -0.3766384500
-0.2274630300 1.6608602700 -0.3054680700
-0.2744486100 1.6702527400 -0.2359264100
-0.2568782800 1.6950690200 -0.1035784600
-0.0002124700 1.7704794000 -0.1949790700
0.0048932400 1.7751811500 -0.2033084100
0.0534433200 1.8238462500 -0.3231207000
0.0417629300 1.7844461400 -0.3738924400
-0.1274212700 1.6515060800 -0.3755035700
-0.1987614700 1.6553877900 -0.3349747300
-0.2144968500 1.6597292800 -0.3225112400
-0.2570202200 1.6576711200 -0.2770330800
-0.2972284500 1.6731677800 -0.1873138900
-0.0279495600 1.7545354600 -0.1736950000
0.0006013200 1.7866112100 -0.2161296300
0.0435381200 1.8155272800 -0.3444478100
-0.0256547100 1.7288185500 -0.3928453200
-0.1600275400 1.6576297400 -0.3551794100
-0.2743558600 1.6653620000 -0.2447398200
-0.2903088200 1.6592193900 -0.2168516800
-0.2965293100 1.6805970600 -0.1632239700
-0.0908218900 1.7353125600 -0.1261353500
-0.0500926700 1.7529308500 -0.1667727600
0.0005327300 1.7516746900 -0.3839773500
-0.0915537400 1.6827274500 -0.3841175600
-0.2029324200 1.6570496000 -0.3380355400
-0.1516918000 1.7325643600 -0.1104118800
-0.1013178100 1.7343090800 -0.1154114200
-0.0861759100 1.7407470600 -0.1367274700
0.0156539300 1.7992036100 -0.2338509800
0.0485267000 1.8228762300 -0.2737321400
0.0565036500 1.8147986500 -0.3404937000
-0.2244829200 1.6634457100 -0.3098368200
-0.2427920300 1.6618173300 -0.2914242600
-0.2462012400 1.6653415600 -0.2882056700
-0.2702954900 1.6997579500 -0.1144793400
-0.2604589100 1.7032306500 -0.1125879800
-0.1453419100 1.7237078200 -0.1025272000
0.0394600300 1.8243293800 -0.2794111800
0.0544218200 1.8278407000 -0.2963062700
-0.0188926500 1.7503152500 -0.3793807800
-0.1823887200 1.6635626600 -0.3418490700
-0.1865987500 1.6590550800 -0.3432186800
-0.2901710900 1.6936818900 -0.1552044200
-0.2847493300 1.6928737700 -0.1345361500
-0.2323950300 1.7090966600 -0.1092132800
-0.0348585800 1.7505813200 -0.1712191900
-0.0210738500 1.7704032200 -0.1865080800
0.0083052400 1.7909508900 -0.2230450600
-0.0671316800 1.7034540400 -0.3847449100
-0.1098724400 1.6842602900 -0.3801160900
-0.2204990700 1.6622062700 -0.3270406700
-0.1134982300 1.7337729200 -0.1121142000
0.0297238600 1.7895475600 -0.3726065000
-0.0097929600 1.7641267400 -0.3761678300
-0.0269709900 1.7376095800 -0.3887953100
-0.2564025200 1.6781733600 -0.2631201500
-0.1941656200 1.7169856100 -0.1043123400
-0.0340305900 1.7611845500 -0.1790674800
0.0300796800 1.8092766100 -0.2501869300
0.0324261100 1.8141424400 -0.2581647900
0.0336634900 1.8186908300 -0.2665751400
0.0438615400 1.8287075100 -0.3055531800
0.0352051500 1.8013429800 -0.3627015500
0.0181816400 1.7818865100 -0.3761713300
0.0026662600 1.7632103500 -0.3796771700
-0.1504680000 1.6718988600 -0.3580283100
-0.2891487200 1.6873510600 -0.2011221600
0.0299325900 1.8119171500 -0.3499073600
-0.0658846100 1.7129065100 -0.3853660700
-0.1196874400 1.6783488000 -0.3801970000
-0.2372043900 1.6673751100 -0.3087797800
-0.2701355200 1.6811605100 -0.2443391500
-0.2894175300 1.6906915700 -0.1901635500
-0.2861875100 1.6949036700 -0.1753835500
-0.2476165300 1.7170097600 -0.1180602300
-0.1968511800 1.7288574100 -0.1156670100
-0.1864947200 1.7241449700 -0.1082434800
-0.0111825600 1.7742195100 -0.1947454800
-0.1092512300 1.7464130800 -0.1323087100
0.0428391600 1.8247728500 -0.3281749900
-0.0844525400 1.7017842400 -0.3833170600
-0.1042356300 1.6976089700 -0.3801416600
-0.2415704600 1.6793369500 -0.2939914200
-0.2488391000 1.6824727700 -0.2740056800
-0.2627619700 1.6727714800 -0.2603147400
-0.2812464500 1.7016192300 -0.1435065800
-0.0690571400 1.7410072200 -0.1463831400
-0.0392333600 1.7706231600 -0.1877854100
0.0193955400 1.8087474600 -0.3561910700
-0.1126388100 1.6942759500 -0.3857797900
-0.1251525300 1.6821547700 -0.3821988300
-0.1702687600 1.6766717000 -0.3449889000
-0.1997996000 1.6725686400 -0.3257058800
-0.2373177800 1.6846512100 -0.2973820100
-0.2749626000 1.7058969300 -0.1583286000
-0.2596552600 1.7139698200 -0.1433266400
-0.1838309300 1.6742585700 -0.3361907100
-0.2147277700 1.6685254600 -0.3248340500
-0.2740910700 1.6933529900 -0.2251822400
-0.2304146200 1.7230889900 -0.1186230500
-0.1627352300 1.7365097900 -0.1165067000
0.0259596000 1.8198691900 -0.2772817700
0.0315477400 1.8222464400 -0.3262000300
-0.0591467000 1.7386003000 -0.3760849100
-0.1181571400 1.7404642600 -0.1191472500
0.0126170500 1.8088175800 -0.2495249500
-0.0325166800 1.7496327400 -0.3806235300
-0.1039679600 1.7018216500 -0.3878357400
-0.2104653600 1.6814198700 -0.3109549500
-0.2832168500 1.6929461700 -0.2092725900
-0.0821112400 1.7556118000 -0.1563298900
-0.0278704600 1.7789377600 -0.1964684400
-0.0226181400 1.7711053800 -0.3686991100
-0.2014295700 1.6852647600 -0.3118977700
-0.2441506900 1.7225654400 -0.1265346300
-0.1491145800 1.7472041600 -0.1264319700
-0.0201039800 1.7826248800 -0.2019364100
0.0265251100 1.8176991300 -0.2662931100
0.0123889100 1.8003928700 -0.3648117400
-0.0002043000 1.7915732700 -0.3688739500
-0.0075790800 1.7951322700 -0.3637760300
-0.2791951600 1.7061448400 -0.1983656800
-0.2652158900 1.7212027000 -0.1723404800
-0.0576588800 1.7568066500 -0.1680346300
0.0178631500 1.8218230700 -0.2947863000
-0.0313340300 1.7649912500 -0.3727818000
-0.0454032100 1.7482292600 -0.3756167400
-0.0676617900 1.7292720300 -0.3794557600
-0.0872527800 1.7075457400 -0.3889809100
-0.2073924200 1.6982919200 -0.2891635200
-0.2527004200 1.6983465300 -0.2519001300
-0.2679835200 1.7035976300 -0.2251900300
-0.2291174100 1.7279794400 -0.1234330200
-0.1792761700 1.7414554100 -0.1248851800
-0.0004183600 1.7982518900 -0.2327055700
0.0242509300 1.8206183100 -0.3281936700
0.0193553500 1.8174178100 -0.3405631300
0.0049235400 1.8091050800 -0.3561823900
-0.1094215100 1.7061593100 -0.3690097000
-0.1454012200 1.6869295700 -0.3522191600
-0.1725809400 1.6829914800 -0.3407253300
-0.1856938800 1.6858634300 -0.3285385900
-0.2581727500 1.7046648300 -0.2340330400
-0.2782016100 1.7098884000 -0.1841016400
-0.2440026600 1.7243732800 -0.1401102900
-0.1033954900 1.7527427900 -0.1442719700
-0.0498955100 1.7740781000 -0.1887735000
-0.0138509600 1.7959258600 -0.2238745900
0.0030777600 1.8159920600 -0.2681719800
-0.0221851500 1.7848062700 -0.3588219400
-0.2390778800 1.6969646700 -0.2851042700
-0.1175588200 1.7544465700 -0.1431816700
-0.0709016900 1.7694209700 -0.1733213100
0.0020366100 1.8062392200 -0.2475896900
-0.1368966800 1.6955721500 -0.3562617900
-0.1955440100 1.6886357300 -0.3144836900
-0.2245501400 1.7350256400 -0.1388008600
-0.0911858200 1.7636506700 -0.1596029900
0.0056867100 1.8209222500 -0.2839009800
-0.0568614900 1.7610563900 -0.3623312600
-0.0924181500 1.7159001900 -0.3826403800
-0.1692115300 1.6887079800 -0.3413737600
-0.2026811300 1.7010542700 -0.2901191200
-0.2658899800 1.7216342900 -0.1865977700
-0.2112729800 1.7405161400 -0.1391536500
-0.2115137700 1.7340137500 -0.1242474200
-0.1565848200 1.7499382800 -0.1306029200
-0.1274357200 1.7497553000 -0.1315419100
-0.0197522500 1.7980935900 -0.2258978500
0.0085203300 1.8209523400 -0.3332931600
0.0089339700 1.8146021800 -0.3487810300
-0.0772531600 1.7401208600 -0.3732418700
-0.0845764900 1.7339468900 -0.3727545900
-0.1007423900 1.7246417100 -0.3601534500
-0.2599077000 1.7159207300 -0.2149398100
-0.1476812500 1.7531295700 -0.1346560500
-0.1190239700 1.7578300600 -0.1485061000
-0.0663302700 1.7747378900 -0.1815018700
-0.0285317700 1.7888808900 -0.2084201400
-0.0138697900 1.8026159200 -0.2368211100
0.0080707000 1.8247395000 -0.3113506200
-0.0058747500 1.8138914100 -0.3427522100
-0.1957961500 1.6963131100 -0.3087592100
-0.2217681300 1.7100682700 -0.2710744700
-0.2394787700 1.7070965600 -0.2716470100
-0.2479534900 1.7189296100 -0.2458588200
-0.2464567700 1.7304713700 -0.1571419200
-0.0822708300 1.7704601100 -0.1717629900
-0.0576485600 1.7796743600 -0.1929421400
-0.0420897600 1.7823722300 -0.2017002300
-0.0090235200 1.8057793400 -0.3524417100
-0.0233688400 1.7928345100 -0.3503684900
-0.0482932100 1.7622569800 -0.3642457300
-0.1849083500 1.6902479900 -0.3298402900
-0.2488836000 1.7068711300 -0.2645619900
-0.2524183600 1.7130340200 -0.2330183200
-0.2503865500 1.7268640300 -0.2048382200
-0.2638116900 1.7167713400 -0.2029613000
-0.1134103100 1.7612020400 -0.1561786100
-0.0838532800 1.7715982400 -0.1758035400
-0.0317734400 1.7800114600 -0.3611677600
-0.0907412000 1.7367328200 -0.3583107300
-0.0075776800 1.8112187700 -0.2585952800
-0.0039446700 1.8217150400 -0.2927660100
-0.0025741200 1.8240763400 -0.3204454700
-0.0419712200 1.7912211300 -0.3423897600
-0.1199105300 1.7047298600 -0.3619383000
-0.2445827400 1.7289568000 -0.2186200900
-0.2397414400 1.7372919200 -0.1797206700
-0.2295622300 1.7388278100 -0.1520504300
-0.2033924000 1.7492709400 -0.1512586700
-0.1604793900 1.7561424800 -0.1417672700
-0.1390698900 1.7581834100 -0.1462625500
-0.0852028100 1.7740485200 -0.1869668200
-0.0693037600 1.7791365700 -0.1995292200
-0.0509357900 1.7845548500 -0.2053223700
-0.0653910300 1.7650275600 -0.3602291700
-0.2139685500 1.7190010000 -0.2646263000
-0.2178157900 1.7168880000 -0.2641999500
-0.2375852400 1.7410036300 -0.1630562000
-0.1130437700 1.7645807400 -0.1675115200
-0.0375063300 1.7930185200 -0.2177407500
-0.0303690200 1.7999985900 -0.2303852000
-0.0247748300 1.8056949900 -0.2442892100
-0.0149279800 1.8173541900 -0.2776677200
-0.0121953900 1.8203808200 -0.3273048400
-0.0184372600 1.8149602500 -0.3283034500
-0.0355352500 1.7959122800 -0.3416898400
-0.2443788200 1.7179117500 -0.2567021100
-0.0074266900 1.8254765500 -0.3165006800
-0.2298610800 1.7434951000 -0.1596680200
-0.1056201200 1.7688178300 -0.1761155400
-0.0544633100 1.7881335200 -0.2138260000
-0.1943920100 1.6989048100 -0.3154044900
-0.1884321800 1.7515855200 -0.1451208300
-0.1757602600 1.7522448100 -0.1401165000
-0.1493763800 1.7594582100 -0.1467050300
-0.0477810300 1.7947736700 -0.2256525600
-0.1566050100 1.6992660100 -0.3578698400
-0.1508284700 1.6947906600 -0.3536950400
-0.2151922600 1.7321849500 -0.2460818800
-0.0175839600 1.8212525300 -0.3157400800
-0.0262120200 1.8131518600 -0.3246315000
-0.0389064500 1.8055664000 -0.3281256000
-0.0925864700 1.7408131900 -0.3549808400
-0.1316193200 1.7050490100 -0.3606724000
-0.2071398600 1.7226518300 -0.2728684600
-0.2366534200 1.7310191000 -0.2415367500
-0.2407937400 1.7333307200 -0.2315947400
-0.2103524200 1.7516232900 -0.1632800600
-0.1609209300 1.7624938200 -0.1578894900
-0.0854412300 1.7802267300 -0.1941215400
-0.0377854900 1.8048223900 -0.2478661600
-0.0147042600 1.8122198400 -0.2610508600
-0.0502985700 1.7855414400 -0.3450938300
-0.0717253500 1.7608719600 -0.3606672400
-0.1708566500 1.6935520300 -0.3442246200
-0.1898836400 1.7574431000 -0.1607655000
-0.0209406500 1.8205484600 -0.3006937200
-0.0610048600 1.7853861900 -0.3452248700
-0.2037773900 1.7140009300 -0.2849084000
-0.1469371900 1.7633512600 -0.1601508300
-0.1076875800 1.7715860400 -0.1783194000
-0.0331828900 1.8126352100 -0.2689921100
-0.0813358900 1.7600121700 -0.3452242100
-0.1784185000 1.6973730600 -0.3414773600
-0.1314692000 1.7675095300 -0.1679790200
-0.0624920900 1.7868223900 -0.2106980900
-0.0269777400 1.8183065600 -0.3128068300
-0.0477045200 1.7995280100 -0.3319522600
-0.0720442000 1.7695325000 -0.3486608400
-0.1505705800 1.7037450900 -0.3614262800
-0.2063435500 1.7339093400 -0.2594429900
-0.2318610800 1.7448726700 -0.2173480600
-0.1983165200 1.7586570600 -0.1684789000
-0.1837905400 1.7626262700 -0.1650494500
-0.1609230900 1.7670254600 -0.1640016700
-0.0725753000 1.8028084500 -0.2160853500
-0.0338164200 1.8174561600 -0.2964553300
-0.0730820000 1.7749300500 -0.3380562300
-0.2183261200 1.7404033200 -0.2352705500
-0.1208323700 1.7766558800 -0.1769717100
-0.0873401200 1.7931802400 -0.1995813600
-0.0425255800 1.8071189100 -0.2505722900
-0.0421899200 1.8139390000 -0.2810871500
-0.1050093800 1.7378227900 -0.3608692600
-0.1179664400 1.7252459900 -0.3641372500
-0.2320300200 1.7436392800 -0.1979829200
-0.2112284400 1.7560991700 -0.1809751400
-0.0544104600 1.8044160500 -0.2341338800
-0.0407459700 1.8123717300 -0.3162275900
-0.0768579700 1.7735747100 -0.3355079400
-0.0896077200 1.7539184600 -0.3506575400
-0.1981812000 1.7074995700 -0.3136169900
-0.2057924600 1.7453163200 -0.2345521500
-0.1375291400 1.7755864500 -0.1741109800
-0.1036323300 1.7924303700 -0.1917679100
-0.0587992500 1.7982403300 -0.2225747700
-0.0587381200 1.7973906700 -0.3360414100
-0.0996958400 1.7510918900 -0.3587739600
-0.1799385700 1.6996926300 -0.3444799700
-0.0459540200 1.8139948500 -0.2726930500
-0.0472234300 1.8082754700 -0.3220660500
-0.1657536500 1.6990948800 -0.3563473900
-0.1918772300 1.7024199300 -0.3266033500
-0.2054506600 1.7207916200 -0.2913393100
-0.2269958400 1.7478845000 -0.2206105700
-0.1553632300 1.7737327300 -0.1736424800
-0.0889320600 1.8007961500 -0.2059930800
-0.0461353200 1.8133505700 -0.3056735300
-0.0700970300 1.7875906900 -0.3261365900
-0.0766550200 1.7821513800 -0.3294029500
-0.2067468000 1.7309976400 -0.2766911700
-0.2029082700 1.7636945500 -0.1879488900
-0.1732266800 1.7715687000 -0.1765972800
-0.1270222200 1.7882002800 -0.1831797200
-0.0504800900 1.8121446300 -0.2538274900
-0.0867017600 1.7669948600 -0.3461134100
-0.2036966200 1.7446411400 -0.2583375100
-0.2004902900 1.7485427800 -0.2408203100
-0.1907057500 1.7663911200 -0.1809277700
-0.1433257500 1.7867551500 -0.1827549300
-0.1165780200 1.7940319100 -0.1903426000
-0.0986178900 1.8019764900 -0.2074781500
-0.0688289200 1.8109989200 -0.2277508300
-0.0522193700 1.8181615200 -0.2855644800
-0.0544964800 1.8150837100 -0.3138343900
-0.1406579400 1.7153470500 -0.3655396400
-0.1680145100 1.7005528500 -0.3599576700
-0.1819135800 1.7004100700 -0.3513030100
-0.2083138800 1.7633203900 -0.2083517100
-0.2159252000 1.7587420700 -0.2038824700
-0.1249189700 1.7935405900 -0.1973455200
-0.0629736900 1.8146961800 -0.2386687700
-0.0553664300 1.8174886600 -0.2608705300
-0.0567578100 1.8094195500 -0.3243338800
-0.0684323500 1.7993200500 -0.3168472500
-0.1316690500 1.7923782300 -0.2111789700
-0.1604075300 1.7831424700 -0.1823761800
-0.1812795700 1.7048696100 -0.3563869900
-0.1933662800 1.7620930500 -0.2416257800
-0.1275194800 1.7956324400 -0.2181982800
-0.1052615100 1.7990115900 -0.2225537600
-0.0699895700 1.8050816100 -0.3051159500
-0.0767289000 1.7948327500 -0.3223446000
-0.0805370600 1.7891063600 -0.3313126900
-0.1910753700 1.7053986900 -0.3356619800
-0.1954791300 1.7759206400 -0.1917073600
-0.1747151800 1.7810972100 -0.1896314400
-0.1139004500 1.7952718700 -0.2161559800
-0.0983788900 1.8039296500 -0.2351047700
-0.0815360000 1.8093442700 -0.2630139800
-0.0900836900 1.7711490200 -0.3511489200
-0.1160253700 1.7413612300 -0.3669833400
-0.2073175300 1.7225190000 -0.3020876000
-0.2095591800 1.7369357100 -0.2792733400
-0.0759788300 1.8080756500 -0.2968413900
-0.1722613100 1.7077666200 -0.3632000300
-0.2137765200 1.7365975500 -0.3050577700
-0.1907364400 1.7692359800 -0.2385252100
-0.1470952100 1.7912589700 -0.2231339700
-0.1327111900 1.7397846100 -0.3720062500
-0.2004998800 1.7141264200 -0.3351943400
-0.2037572400 1.7649195800 -0.2600406000
-0.1713772000 1.7826749300 -0.2325201100
-0.0963244600 1.8097158100 -0.2488824700
-0.0822955100 1.8104885700 -0.2724130500
-0.1113715600 1.7559679600 -0.3696996200
-0.1498216500 1.7187429500 -0.3695293500
-0.1400941700 1.8043137800 -0.2341049800
-0.1832459300 1.7028766300 -0.3595354600
-0.1937849500 1.7081170600 -0.3470249800
-0.2065967800 1.7230081600 -0.3163126000
-0.1142658500 1.8099463600 -0.2381485100
-0.1691673700 1.7083246300 -0.3689326400
-0.1969971700 1.6857205400 -0.3675076000
-0.0839019000 1.7932696600 -0.3436912800
-0.1610892700 1.7143248600 -0.3695947200
-0.1763303600 1.7875155300 -0.2423736800
-0.1001269800 1.8191620200 -0.2623833000
-0.1226989900 1.7536795400 -0.3758597500
-0.1610153300 1.7133401600 -0.3749733500
-0.1656655200 1.6977739500 -0.3827095700
-0.2104137000 1.6919715500 -0.3541729700
-0.2062233600 1.7169890600 -0.3365631500
-0.1886439000 1.7750443900 -0.2437795900
-0.2082106200 1.7493127800 -0.2681352000
-0.1293168200 1.8091303000 -0.2371041200
-0.1165458000 1.8167958800 -0.2478035200
-0.0910075500 1.8187162600 -0.2760247000
-0.1556453000 1.7203163400 -0.3734250000
-0.2037380700 1.6835965300 -0.3664170200
-0.2183023800 1.7013400500 -0.3437918900
-0.2145343800 1.7361444300 -0.3133057800
-0.1716565200 1.6931697300 -0.3887762200
-0.1941872700 1.6837368300 -0.3770221700
-0.2102282300 1.7136322500 -0.3385260400
-0.2166028900 1.7495764600 -0.2871760300
-0.1543210100 1.7995739200 -0.2362413700
-0.0821858000 1.8039501800 -0.3355672700
-0.2130996200 1.6891937000 -0.3600286700
-0.2194243600 1.6981428700 -0.3491989800
-0.1142161800 1.8265359500 -0.2640195700
-0.1313339200 1.7477333600 -0.3795194000
-0.2168821900 1.7460578100 -0.2933275000
-0.1713158800 1.7984275700 -0.2470535200
-0.0845208400 1.8174355100 -0.2921959000
-0.1545617900 1.7118355200 -0.3974882600
-0.1878429400 1.6894045600 -0.3880463600
-0.1467339300 1.8222947700 -0.2550728600
-0.1426631800 1.7331716400 -0.3801868300
-0.2108577500 1.6881985500 -0.3703492800
-0.2173770900 1.7336462200 -0.3199799400
-0.1947583500 1.7849369900 -0.2562584000
-0.1515714200 1.7141187500 -0.3905101700
-0.2213833700 1.7547250800 -0.2957549500
-0.0827163600 1.8116778600 -0.3207946000
-0.1011870600 1.7711028200 -0.3664671100
-0.2041512900 1.7743887600 -0.2626024600
-0.1571453700 1.8185875600 -0.2538946800
-0.1369612700 1.8276996900 -0.2595177000
-0.0967852900 1.8324351200 -0.3070468100
-0.0939932900 1.7863138700 -0.3610676000
-0.2033719300 1.6908813200 -0.3802130700
-0.0897278600 1.8182813400 -0.3316706200
-0.0915714400 1.7993146500 -0.3574015000
-0.1440892400 1.7264260900 -0.4036789900
-0.1952248400 1.6995064400 -0.3906604200
-0.2244784000 1.7359230300 -0.3172538200
-0.1054221300 1.8343866700 -0.2845255500
-0.1109335100 1.7711221600 -0.3753748300
-0.1188588100 1.7643362500 -0.3816170000
-0.1209234300 1.7607434200 -0.3854581800
-0.1699465100 1.7021130300 -0.3960739000
-0.2208139300 1.7031700900 -0.3642132900
-0.2303413400 1.7214596700 -0.3278397300
-0.1196489500 1.8358930000 -0.2750218000
-0.0974816600 1.8316190300 -0.2940364100
-0.2133355600 1.7016127500 -0.3784056800
-0.2221734100 1.7009093400 -0.3537007900
-0.2283031200 1.7479540100 -0.3090224700
-0.1962182800 1.8006005700 -0.2656618100
-0.0903997800 1.8080750200 -0.3519275500
-0.1306056300 1.7430751700 -0.3996245300
-0.1475916600 1.7326245500 -0.4125676600
-0.2233497400 1.7520332800 -0.3028638600
-0.2058053300 1.7931008500 -0.2696468200
-0.1707393200 1.8145016000 -0.2570082900
-0.1657575200 1.8405199500 -0.2492765100
-0.1114147500 1.7770286200 -0.3860462800
-0.2350480200 1.7214429700 -0.3302408300
-0.2175633200 1.7673704200 -0.2796099800
-0.1023575400 1.7875622300 -0.3726782700
-0.2308942200 1.7145470600 -0.3600304500
-0.1350715900 1.8451392900 -0.2621748400
-0.2083114200 1.7042763100 -0.3879840500
-0.2398645000 1.7372387700 -0.3181167800
-0.2285874300 1.7617326700 -0.2996673400
-0.2249067600 1.7723055900 -0.2883464400
-0.1468042500 1.8434315300 -0.2512235700
-0.1329782500 1.8383455100 -0.2721962600
-0.0928005400 1.8213815700 -0.3413543400
-0.1279066600 1.7484991200 -0.4047930500
-0.1908201700 1.7195158300 -0.4059905300
-0.1827012900 1.7057802600 -0.3980465900
-0.2441519400 1.7350850200 -0.3244338200
-0.1778005600 1.8205933700 -0.2652042600
-0.1703894700 1.8232558700 -0.2599731100
-0.1618515600 1.7275403300 -0.4140213100
-0.1724814600 1.7198557100 -0.4090918400
-0.0995570700 1.7991414000 -0.3723770800
-0.1209190700 1.7634125000 -0.4008482500
-0.1366747200 1.7428367100 -0.4120598800
-0.2317262500 1.7131840900 -0.3433679100
-0.1269913100 1.8556603000 -0.2711202000
-0.1271069700 1.8425961300 -0.2798716500
-0.2010278200 1.7102467800 -0.4004021200
-0.2205291700 1.7104373400 -0.3846276400
-0.2326430900 1.7787496200 -0.2938762300
-0.1056088800 1.8424863700 -0.3018282500
-0.1116236600 1.7869706200 -0.3921072700
-0.2111228900 1.7090335500 -0.3960655900
-0.1606207500 1.8470570300 -0.2483082400
-0.0963864300 1.8292788500 -0.3415959100
-0.1222133600 1.7718523600 -0.4061135300
-0.2037757100 1.7170560900 -0.4035871200
-0.2467304400 1.7326187900 -0.3399154400
-0.2467569200 1.7469835300 -0.3166286700
-0.2161308000 1.7843876400 -0.2757354500
-0.1782370300 1.8346904500 -0.2716841200
-0.1147944300 1.8469586000 -0.2940945000
-0.2128111600 1.7148725700 -0.3980602400
-0.2221955600 1.7169539800 -0.3895372600
-0.1494840900 1.7465988000 -0.4210099500
-0.1741546100 1.7271870000 -0.4148260400
-0.1019146300 1.8431429600 -0.3247925600
-0.0955048400 1.8159160400 -0.3635896100
-0.1851338900 1.7258091400 -0.4134755700
-0.1496883800 1.8610041400 -0.2590418100
-0.2418676900 1.7530796900 -0.3088386900
-0.2466414200 1.7820508100 -0.3033915100
-0.2190660900 1.8134467900 -0.2797415400
-0.2083052500 1.8083584600 -0.2740322800
-0.1369236000 1.8621531900 -0.2665257500
-0.1346316100 1.8673264200 -0.2796774500
-0.1321063400 1.8482428100 -0.2823374700
-0.0963613200 1.8284470300 -0.3582583400
-0.1307562400 1.7566338800 -0.4132472500
-0.2286972500 1.7204329200 -0.3881604500
-0.2547255900 1.7535604500 -0.3244321200
-0.1859876500 1.8287199300 -0.2736405500
-0.1334577700 1.8561372400 -0.2842786500
-0.1145060400 1.7951949300 -0.3968542000
-0.1391359800 1.7639422700 -0.4214804700
-0.2081014000 1.7218256100 -0.4089241200
-0.2382767200 1.7219244000 -0.3590720700
-0.1375019800 1.8704695600 -0.2734338400
-0.1220053800 1.8550485900 -0.2957208300
-0.1061890600 1.8094221300 -0.3892477800
-0.2243467000 1.7202164700 -0.3957582600
-0.2392535400 1.7261517900 -0.3714723300
-0.1720655300 1.8515159100 -0.2542569900
-0.1115425300 1.8027856000 -0.3971395200
-0.2342316800 1.7258602200 -0.3853136000
-0.2361278800 1.7950715400 -0.2930155800
-0.1561160500 1.8730402600 -0.2624194900
-0.1425915400 1.8720141600 -0.2658634300
-0.1047228700 1.8274043600 -0.3812581000
-0.2139126100 1.7307675900 -0.4091492300
-0.2257989900 1.7291825500 -0.4008437000
-0.1758341600 1.8609346800 -0.2714590700
-0.1622812300 1.8636655200 -0.2602801800
-0.1326538900 1.8655923700 -0.2955070800
-0.0992757100 1.8130909900 -0.3972450600
-0.1284734700 1.7796592900 -0.4132618300
-0.2444810000 1.7963388700 -0.2950056200
-0.1702155600 1.8643295100 -0.2644480700
-0.1073112200 1.8498344000 -0.3092708300
-0.1041326700 1.8575645600 -0.3383270300
-0.0950559100 1.8305116300 -0.3895385300
-0.2497610600 1.7895276200 -0.3022737200
-0.2268367300 1.8062511600 -0.2837204400
-0.2133549300 1.8226601900 -0.2793800500
-0.1887547000 1.8439740700 -0.2782678900
-0.1343939500 1.7971784800 -0.4179550900
-0.1729458000 1.7458076900 -0.4265277900
-0.2083954100 1.7399561100 -0.4133627600
-0.2539331400 1.7455899600 -0.3330884300
-0.1105551800 1.8669197000 -0.3227157700
-0.1169656700 1.8023116200 -0.4012402300
-0.1509667800 1.7571727300 -0.4255000200
-0.2243968900 1.7291500300 -0.4076593300
-0.2517969700 1.7652478400 -0.3137287900
-0.2395666300 1.8122727600 -0.2926153400
-0.1589047200 1.8819000200 -0.2632165400
-0.1346151100 1.8874348700 -0.2732002900
-0.1741726300 1.7708591400 -0.4386010600
-0.1868055200 1.7355705000 -0.4180875500
-0.2443838700 1.8144063300 -0.2920221800
-0.1398380600 1.8869069800 -0.2692212900
-0.1308533600 1.8746626900 -0.3049478400
-0.1004643900 1.8489906100 -0.3608706400
-0.1011502700 1.8284823000 -0.3983756600
-0.1194277900 1.8192418600 -0.4041823600
-0.2015756800 1.7463130800 -0.4180728000
-0.2327635100 1.7235476400 -0.4190545000
-0.2353267200 1.7358878500 -0.3961366600
-0.2541650900 1.7432901800 -0.3560136300
-0.2603670500 1.7879403200 -0.3178322800
-0.2559622700 1.8038498400 -0.2852980000
-0.1427288100 1.8985515100 -0.2719450600
-0.2454446500 1.7381077200 -0.3749231900
-0.1632685500 1.8894465800 -0.2582326900
-0.1368274100 1.8765101900 -0.2808245200
-0.1021686200 1.8457221400 -0.3717206500
-0.2309304800 1.8372307300 -0.2848134200
-0.1744523200 1.8910429100 -0.2587979000
-0.1614242600 1.8958092700 -0.2567906000
-0.2080401600 1.7455516200 -0.4185294100
-0.2408018000 1.7439734100 -0.3958477900
-0.2233029200 1.8372281600 -0.2824434100
-0.1874392400 1.8619210900 -0.2828302300
-0.2457721400 1.8278571200 -0.2898034900
-0.2015489000 1.8542032100 -0.2807189700
-0.1182918900 1.8867871500 -0.3356907200
-0.1885750900 1.7508111400 -0.4267000300
-0.2223609300 1.7328538000 -0.4265978400
-0.2375055700 1.7390018000 -0.3878333700
-0.1358464000 1.8810938100 -0.2983859500
-0.1175229700 1.8772455600 -0.3211226500
-0.1039108600 1.8465606000 -0.3806075500
-0.1528098500 1.7961222100 -0.4318766300
-0.1836077300 1.7650479400 -0.4364966500
-0.2060646300 1.7541647600 -0.4217863500
-0.2433230700 1.7327344500 -0.4085348200
-0.2554105000 1.8066549800 -0.3052457700
-0.2565940100 1.8100660100 -0.2943741500
-0.1076972900 1.8647492000 -0.3327740100
-0.0955747400 1.8435139800 -0.3927988300
-0.1013504000 1.8453006200 -0.3952560400
-0.2546444300 1.7456587500 -0.3667962000
-0.2708905300 1.7703059900 -0.3531704000
-0.2400041800 1.8320867000 -0.2894678000
-0.1597071700 1.8991146900 -0.2641967100
-0.1307863700 1.8909444700 -0.2834260900
-0.1137900200 1.8405309600 -0.3942157600
-0.2351842800 1.7298885500 -0.4276963200
-0.2419001000 1.7283748800 -0.4180575400
-0.2439022200 1.7478853300 -0.4144513100
-0.2598987700 1.7590497700 -0.3789317600
-0.2579676700 1.8282359200 -0.2857823300
-0.1390476000 1.8986937400 -0.2816202200
-0.1228010000 1.8886886300 -0.3264697100
-0.1047417300 1.8607570500 -0.3633960000
-0.0960628200 1.8484314900 -0.3892473600
-0.1628987300 1.7781881100 -0.4363641800
-0.2264813400 1.7432882600 -0.4285223600
-0.2464792300 1.7549872900 -0.3938238300
-0.2719576600 1.7681733700 -0.3666131700
-0.2680886500 1.7625568800 -0.3580486800
-0.2201109900 1.8517110400 -0.2841302100
-0.1910876900 1.8696110900 -0.2854846000
-0.1540720900 1.9075932200 -0.2697215000
-0.1412114200 1.9077520000 -0.2835760800
-0.2554542100 1.8275082600 -0.2822842000
-0.1593250100 1.9063004300 -0.2666006000
-0.1377050400 1.9003135600 -0.3008977000
-0.1091133800 1.8621920600 -0.3771162100
-0.2325158000 1.7507059200 -0.4310490400
-0.1356564300 1.8918035300 -0.3083450900
-0.1031112500 1.8548008800 -0.3965931700
-0.2189715100 1.7577407400 -0.4250213700
-0.2515680400 1.8253499100 -0.2977350000
-0.2588172300 1.8434157100 -0.2859581300
-0.2057053500 1.8667785700 -0.2857303900
-0.1693993400 1.8970380900 -0.2716453100
-0.1324203300 1.8909599800 -0.3157666600
-0.2607904800 1.8130329100 -0.3133048900
-0.2537794100 1.8330473000 -0.3003592200
-0.1099278600 1.8693525000 -0.3667651200
-0.1246168500 1.8370092000 -0.4057676200
-0.2416707600 1.7453746200 -0.4255843100
-0.2694655700 1.7669235800 -0.3730932800
-0.2609913400 1.8384057100 -0.2941942900
-0.2480607500 1.8423590100 -0.2907747400
-0.1898899800 1.8913973800 -0.2717655200
-0.1812455500 1.8967066400 -0.2712932700
-0.2453859100 1.7573950800 -0.4064684400
-0.2562969600 1.7658783600 -0.3906413800
-0.2698248100 1.7795134700 -0.3414064500
-0.2281758300 1.8593643800 -0.2880048500
-0.1143938800 1.8824059400 -0.3467602700
-0.1173818800 1.8505168000 -0.4036849500
-0.1665497200 1.7960885000 -0.4399018100
-0.1845049000 1.7893895600 -0.4408329500
-0.2219732000 1.8785233600 -0.2938707000
-0.1967297100 1.8820226200 -0.2877836300
-0.1812624600 1.9028288500 -0.2777892000
-0.1324163900 1.8176116300 -0.4149814100
-0.1499910700 1.8201259600 -0.4320251900
-0.1917296900 1.7727134800 -0.4367103400
-0.1995155600 1.7801936500 -0.4408074300
-0.2158554000 1.7711670600 -0.4273822600
-0.2480440200 1.7695672900 -0.4054608700
-0.2681687300 1.7733626900 -0.3826570400
-0.2616757800 1.8379071100 -0.3073409400
-0.2621340000 1.8246647900 -0.3175659700
-0.1678176500 1.9126301700 -0.2704090200
-0.1572193300 1.9161139100 -0.2734400500
-0.1495120900 1.9122269300 -0.2853037400
-0.1156376000 1.8924190100 -0.3564838300
-0.1356609100 1.8386123000 -0.4155451000
-0.2462143500 1.7626262400 -0.4290008900
-0.2771324800 1.7919241600 -0.3595619800
-0.1533845500 1.9211432300 -0.2850456300
-0.1383822000 1.8991186900 -0.3158834700
-0.2685860900 1.8008810700 -0.3296848400
-0.2637306900 1.8531278500 -0.2868702000
-0.1909245700 1.8984459800 -0.2802678500
-0.1437207500 1.9076823300 -0.3076684500
-0.2736934400 1.7861837100 -0.3781449400
-0.2667493200 1.8360793700 -0.3202268500
-0.2499866200 1.8556352500 -0.2999955100
-0.1988660600 1.8875840400 -0.2943485600
-0.1623517800 1.9231640100 -0.2759498700
-0.1235387100 1.8533755800 -0.4114765500
-0.1709167300 1.8030875100 -0.4441803100
-0.1976678500 1.7877536500 -0.4448099600
-0.1455454100 1.9133150100 -0.3081145700
-0.1195052600 1.9004063000 -0.3448539900
-0.1115803700 1.8662819300 -0.4023280800
-0.2390049400 1.7693043900 -0.4337642600
-0.2464098000 1.7714873200 -0.4166271400
-0.2508967800 1.7811786400 -0.4125371000
-0.2784064100 1.8184629900 -0.3511455800
-0.2367493300 1.8635666000 -0.2932015300
-0.1748561900 1.9099885600 -0.2837551600
-0.1223482900 1.8707699400 -0.4030621200
-0.1850796900 1.8004758600 -0.4528598700
-0.2064519500 1.7863706300 -0.4431472100
-0.2650937100 1.7777190900 -0.3979755300
-0.2680366800 1.8287405600 -0.3304152200
-0.2639739500 1.8463611900 -0.3052209900
-0.2728913100 1.8569920100 -0.2991507200
-0.2647930900 1.8568825400 -0.2937085700
-0.2112479100 1.8916696200 -0.2965328000
-0.2017451100 1.9037874900 -0.2864672000
-0.1787312500 1.9146081500 -0.2859831600
-0.1293387900 1.8567128400 -0.4139825200
-0.2783341600 1.8055606100 -0.3554820100
-0.2725452600 1.8516638400 -0.3087133700
-0.1935752100 1.9052041600 -0.2823067300
-0.1500704200 1.9196789100 -0.2961995100
-0.1424336400 1.9088752000 -0.3256309000
-0.1574518400 1.8338232100 -0.4394133900
-0.2230222600 1.7823091000 -0.4310106000
-0.2372121300 1.7750776100 -0.4374660500
-0.2515946400 1.7760572300 -0.4268013300
-0.2492279100 1.8749831800 -0.3047951000
-0.1713658500 1.9239891900 -0.2765847600
-0.1133115200 1.8842955300 -0.3686404700
-0.2467469000 1.7737662900 -0.4338625900
-0.2700636800 1.7839868900 -0.3985051700
-0.2777239100 1.7909611400 -0.3835855400
-0.2798623100 1.7980834800 -0.3698368600
-0.2587039900 1.8605891100 -0.3105806600
-0.1494207700 1.9207301200 -0.3278358000
-0.2084300200 1.7897833800 -0.4573552500
-0.2343921300 1.7800127500 -0.4487519900
-0.2760712000 1.7841914300 -0.4137818900
-0.1252372200 1.9070023200 -0.3411059200
-0.1664321000 1.8145554800 -0.4447973000
-0.2862323600 1.7966409200 -0.3893201800
-0.2640163100 1.8603875300 -0.3164060400
-0.2709556400 1.8524651900 -0.3271982600
-0.2376147000 1.8791307700 -0.2981897700
-0.1641912700 1.9360274300 -0.2920772700
-0.1572800300 1.9245778900 -0.2999330900
-0.1515096600 1.9191218400 -0.3104202400
-0.1447003700 1.9156092300 -0.3360854800
-0.1200355400 1.8847017100 -0.3888599100
-0.1419455200 1.8490254400 -0.4243463600
-0.2692942300 1.8536706200 -0.3198563800
-0.2131708300 1.9001876200 -0.2999474000
-0.1795359100 1.9198728400 -0.2983505300
-0.1666033400 1.9349392100 -0.2895323900
-0.1247832300 1.8769682600 -0.4060454700
-0.2205453000 1.7850740000 -0.4537659500
-0.2690496600 1.7809887500 -0.4289536600
-0.2838026500 1.7879232600 -0.4059940800
-0.2863537000 1.8147828700 -0.3730027100
-0.2060243400 1.9080327600 -0.2923430300
-0.1996243500 1.9099400200 -0.2895302500
-0.2423107800 1.7825846600 -0.4526129000
-0.2429278800 1.8910749400 -0.3084608700
-0.1714022900 1.9310652100 -0.2919813000
-0.2836460600 1.8330073700 -0.3557473400
-0.2160836200 1.9068253600 -0.3056044800
-0.1631369600 1.9252981600 -0.3087299600
-0.1331278300 1.9153883900 -0.3499817500
-0.1516007200 1.8497807000 -0.4367228000
-0.1673287100 1.8302546900 -0.4482471800
-0.1778393500 1.8205235300 -0.4538719600
-0.2288823400 1.8995283000 -0.3058413500
-0.1850484800 1.9260154100 -0.3032507500
-0.1321253900 1.9074847300 -0.3954677400
-0.1980207400 1.7960682100 -0.4588724300
-0.2873740600 1.7937736700 -0.4024525300
-0.1669640900 1.9407168400 -0.2946786600
-0.1248101200 1.9090561700 -0.3581932800
-0.2631368300 1.7811667900 -0.4379463100
-0.2081444400 1.9201946000 -0.3009606800
-0.1732262500 1.9379998600 -0.2932568700
-0.2439520900 1.7896262800 -0.4578097200
-0.2890545800 1.8126877400 -0.3851976400
-0.1785687800 1.9383178100 -0.3036847800
-0.1637820500 1.9289093100 -0.3161842600
-0.1314402500 1.8678496400 -0.4173182100
-0.2711576200 1.7890369100 -0.4413647900
-0.2891217300 1.8086084200 -0.4010186000
-0.2757540900 1.8606685400 -0.3337456800
-0.2618680400 1.8762877800 -0.3156501600
-0.2300655600 1.8084227600 -0.4657446900
-0.2181846000 1.9154535200 -0.3142284400
-0.2095645500 1.9257060000 -0.3024686200
-0.1877602200 1.9291018600 -0.3076559000
-0.1652471300 1.9438407000 -0.3038308500
-0.1591890100 1.9303847800 -0.3381159800
-0.1523091800 1.9239600800 -0.3461728400
-0.2348085000 1.7910676200 -0.4608127200
-0.2767646700 1.7891260800 -0.4322226300
-0.2816975300 1.7966279600 -0.4264054000
-0.2118733200 1.9294476200 -0.3050494500
-0.1383305400 1.9217604900 -0.3637226000
-0.1362679300 1.8961757800 -0.4175408400
-0.1690199400 1.8424927200 -0.4534319100
-0.1901760300 1.8133530100 -0.4574586400
-0.2954725600 1.8454129600 -0.3739210600
-0.2193950400 1.9296954700 -0.3065783800
-0.1748616000 1.9470478800 -0.3093771800
-0.1429815600 1.8913845600 -0.4305073900
-0.2610685600 1.9022232400 -0.3261828100
-0.2277227000 1.9175946100 -0.3184689800
-0.2066410100 1.9376029000 -0.3080488400
-0.1677796600 1.9500767500 -0.3095418100
-0.1680843200 1.9378015400 -0.3205370800
-0.1343301800 1.9166915800 -0.3797637600
-0.1780939200 1.8401369200 -0.4593458800
-0.2103902000 1.8101501700 -0.4619402600
-0.2703934600 1.8023660200 -0.4493918900
-0.2486293300 1.9100961800 -0.3221302700
-0.1879273700 1.9363724000 -0.3098685900
-0.1619870200 1.9363467900 -0.3412340800
-0.1594866400 1.9302575800 -0.3597283100
-0.1557069200 1.8610365800 -0.4449719400
-0.1954210700 1.8345140200 -0.4649977400
-0.2831538600 1.8055191200 -0.4335494900
-0.2866774400 1.8069507700 -0.4175200400
-0.1747723800 1.9404192300 -0.3247856500
-0.1786203200 1.8577076800 -0.4618674700
-0.1870306400 1.9494964500 -0.3139728300
-0.1665360400 1.9388739200 -0.3522359300
-0.2429772000 1.8051549100 -0.4630003800
-0.2526308900 1.8017781100 -0.4584515000
-0.2977520300 1.8388652600 -0.3899880700
-0.2917993500 1.8538257200 -0.3607683200
-0.2809047800 1.8806268200 -0.3373752400
-0.2749786200 1.8937258400 -0.3347057700
-0.2226132000 1.9359609400 -0.3171527500
-0.1778733000 1.9491065000 -0.3286209100
-0.2956016000 1.8282788800 -0.4162682100
-0.1528676700 1.9274483200 -0.4003045000
-0.2553705600 1.8188753800 -0.4676662400
-0.2868679900 1.8752630400 -0.3476554400
-0.1982658800 1.9476690700 -0.3218614200
-0.1867946800 1.9571828200 -0.3178889300
-0.1744001800 1.9540679200 -0.3148783700
-0.2053408200 1.8450040500 -0.4702014500
-0.2424937200 1.8195311600 -0.4704344400
-0.2725773300 1.9130136500 -0.3422845800
-0.2324344700 1.9272983600 -0.3298683100
-0.2023599000 1.9435930600 -0.3146767000
-0.1404678000 1.9155918900 -0.4020486100
-0.1897780800 1.8652248800 -0.4654245800
-0.2164123900 1.8286029200 -0.4713199700
-0.2922266600 1.8214927800 -0.4265353400
-0.1728935600 1.9425487500 -0.3461089500
-0.1523749900 1.9288070600 -0.3730306600
-0.1465337200 1.9100780200 -0.4209635500
-0.2747226300 1.8182423000 -0.4561079600
-0.2856249600 1.9053620300 -0.3529529200
-0.2215400900 1.9460937100 -0.3181373400
-0.2024518900 1.9546295100 -0.3210036900
-0.1846665700 1.9595629900 -0.3228713700
-0.1662783300 1.9351990200 -0.3675847100
-0.1669613500 1.9385727900 -0.3892806200
-0.1589269900 1.8968017300 -0.4411618800
-0.1693416000 1.8670475400 -0.4573038700
-0.2641889000 1.8181692800 -0.4633517000
-0.2822320000 1.8149743600 -0.4454831700
-0.2885506100 1.8220471500 -0.4406998800
-0.3002871700 1.8570557000 -0.3828441300
-0.1759218300 1.9498144800 -0.3440338600
-0.1557624700 1.9314841000 -0.3917358600
-0.2989016500 1.8473443400 -0.4079468600
-0.2281064000 1.9334532900 -0.3288175900
-0.1758004400 1.9407395100 -0.3778262600
-0.1612988600 1.8813235600 -0.4493099100
-0.2328767900 1.8227942900 -0.4723244600
-0.3009744000 1.8683847700 -0.3864055900
-0.2905189400 1.8928784900 -0.3557223800
-0.2539984600 1.9251264200 -0.3361251800
-0.1846981800 1.9568960100 -0.3497586000
-0.1728152700 1.9467268800 -0.3637736300
-0.1569838000 1.9109732900 -0.4322353500
-0.2232725300 1.8342873200 -0.4739963000
-0.2382894000 1.8441522400 -0.4749250300
-0.2467471700 1.8290965100 -0.4724128400
-0.2801679500 1.8366035700 -0.4600502600
-0.1789967800 1.8788360300 -0.4593480900
-0.2094435600 1.8563238300 -0.4720816200
-0.2639024600 1.9231353800 -0.3428991100
-0.2128212100 1.9517682400 -0.3204868100
-0.1935458200 1.9633102700 -0.3270533100
-0.1615204300 1.9239006100 -0.4228020800
-0.2331882900 1.9369145400 -0.3424402400
-0.2960989200 1.8873446200 -0.3669440100
-0.2386150300 1.9425075300 -0.3497560100
-0.1867330800 1.9637959200 -0.3382875200
-0.1777694100 1.9605288600 -0.3613353700
-0.2719419800 1.8320297000 -0.4641406800
-0.2943300300 1.8330984100 -0.4341816600
-0.2508830400 1.9324279400 -0.3430289700
-0.2278972900 1.9488494100 -0.3327975700
-0.2285639600 1.9559203000 -0.3401255500
-0.2023899900 1.9568870900 -0.3368795700
-0.1952691900 1.9630484400 -0.3397966800
-0.2554844300 1.8402861700 -0.4716973700
-0.2975487400 1.8428699100 -0.4274321400
-0.2661462700 1.9308667300 -0.3495025300
-0.1770977600 1.9440874800 -0.3927361500
-0.1678994100 1.9374277700 -0.4022810100
-0.1826883500 1.8969764900 -0.4525033500
-0.2865454000 1.8426370200 -0.4542298200
-0.2204009900 1.9582995400 -0.3394312100
-0.1718066800 1.9207238100 -0.4348465200
-0.1676357300 1.9076103800 -0.4427756200
-0.2158184700 1.8663895400 -0.4717178500
-0.2603968100 1.8406709800 -0.4744153100
-0.2946389200 1.8184961700 -0.4766663500
-0.2998752700 1.8622565800 -0.4123627300
-0.2828342600 1.9198228600 -0.3601709900
-0.2513373900 1.9422228100 -0.3543134200
-0.1829257900 1.9694915200 -0.3463396000
-0.2922105600 1.9075798100 -0.3685824600
-0.1766529400 1.9541925700 -0.3761226400
-0.1791690200 1.9477045400 -0.3866297800
-0.2277968800 1.8506892100 -0.4752462700
-0.3025249400 1.8234088600 -0.4779887900
-0.2975968600 1.8551161500 -0.4291779600
-0.2349206100 1.9559355500 -0.3451829200
-0.2019405000 1.9669428800 -0.3445089600
-0.1723319400 1.9355423400 -0.4168608100
-0.1797529600 1.9123087000 -0.4444938100
-0.2668591400 1.8309083800 -0.4912287400
-0.2923383600 1.8352624300 -0.4627911100
-0.2979936200 1.8876487700 -0.3859161700
-0.1811999100 1.9752222300 -0.3556508900
-0.1763771700 1.9670433700 -0.3650333100
-0.2528047500 1.8511249700 -0.4724341500
-0.2971934700 1.8815029200 -0.4049732500
-0.2562285600 1.9447801700 -0.3614687200
-0.1849364200 1.9727133600 -0.3677620000
-0.2367103100 1.8669630400 -0.4720893400
-0.2892542400 1.8534231800 -0.4504942400
-0.2937202300 1.8546151900 -0.4424723900
-0.2943475400 1.8700758200 -0.4318585000
-0.2915232600 1.9012389300 -0.3941091100
-0.2857988100 1.9233067300 -0.3770912100
-0.2757125600 1.9322951500 -0.3676078500
-0.2246030200 1.9651591400 -0.3493782400
-0.2072516500 1.8821171100 -0.4653191600
-0.2543262700 1.8616276100 -0.4703151700
-0.2823868500 1.8281979900 -0.4951152700
-0.2948937200 1.8257339900 -0.4843225500
-0.2741598400 1.8316759200 -0.4977734100
-0.1805127600 1.9630168800 -0.3823734700
-0.1828817200 1.9457135900 -0.4037346200
-0.1804022000 1.9394529400 -0.4169432200
-0.1913073600 1.9186858100 -0.4425439000
-0.1964861600 1.9062327900 -0.4519744400
-0.2585947700 1.8469609000 -0.4856834500
-0.2926468400 1.8485107500 -0.4590950100
-0.2877444800 1.8633665200 -0.4521209000
-0.2928888000 1.9113557900 -0.3820181100
-0.2468229600 1.9519490400 -0.3573535500
-0.1941915800 1.9669079600 -0.3799351500
-0.1917129600 1.9640305700 -0.3874681100
-0.2109032300 1.9002701400 -0.4571842700
-0.2583579100 1.8540405400 -0.4843132100
-0.2942016500 1.8544797100 -0.4690063400
-0.2914727900 1.8964480700 -0.4111195800
-0.2380467500 1.9617920600 -0.3544337900
-0.2007303700 1.9738368100 -0.3565527100
-0.1947825600 1.9495992800 -0.4040741800
-0.2063278800 1.9136515700 -0.4501245800
-0.2264311400 1.8782255700 -0.4688819500
-0.2387582500 1.8839480000 -0.4653264000
-0.1950989400 1.9739064500 -0.3663228000
-0.2921620400 1.8607115900 -0.4597308000
-0.2317436900 1.8957676900 -0.4590097500
-0.2804088500 1.8359406000 -0.4980143700
-0.2986429900 1.8359067800 -0.4837195900
-0.2625688700 1.9460728700 -0.3750095400
-0.2034960700 1.9780686000 -0.3810727000
-0.1847818400 1.9519715100 -0.3937834000
-0.1950259500 1.9333212400 -0.4293063000
-0.2872639900 1.8727711300 -0.4462365800
-0.2879151600 1.8936642900 -0.4331898800
-0.2896690600 1.8917579400 -0.4259016300
-0.2049214700 1.9423870200 -0.4184527800
-0.2606935300 1.8610925300 -0.4867602600
-0.2735412600 1.8450897900 -0.4902646700
-0.2716793100 1.8574946900 -0.4884251100
-0.2821767800 1.9252473200 -0.3987777300
-0.2129407600 1.9746845700 -0.3541525800
-0.2038325900 1.9807232800 -0.3692249100
-0.2970325600 1.8661769200 -0.4549556300
-0.2898722400 1.9103766800 -0.4000048300
-0.2535497500 1.9583047800 -0.3708325900
-0.2244628900 1.9720443300 -0.3510345800
-0.2207683100 1.9811442500 -0.3656008000
-0.2007543700 1.9659298800 -0.3979171500
-0.2134175100 1.9343360600 -0.4288556300
-0.2910147000 1.8364077300 -0.4962307800
-0.2968031000 1.8478635800 -0.4886921300
-0.2964664900 1.8629412300 -0.4785191900
-0.3003450000 1.8676971600 -0.4614042300
-0.2799570100 1.9210397600 -0.4153545500
-0.2685787800 1.9438626800 -0.3875597900
-0.2559511500 1.9622057000 -0.3802714600
-0.2742895000 1.9354113900 -0.4006883300
-0.2450267000 1.9663309600 -0.3707263200
-0.2084585900 1.9546527600 -0.4094519900
-0.2924407400 1.8808455400 -0.4466579800
-0.2833065200 1.9090633600 -0.4252129000
-0.2156870800 1.9700496700 -0.3955892800
-0.2206884200 1.9469301000 -0.4208746100
-0.2246718000 1.9154031000 -0.4482846400
-0.2595110000 1.8775463200 -0.4797349100
-0.2970290800 1.8779233400 -0.4625026400
-0.2306029900 1.9276899000 -0.4420243700
-0.2686838200 1.8747436100 -0.4909898300
-0.2901786400 1.8940721400 -0.4453991400
-0.2215446500 1.9798453400 -0.3862928900
-0.2479973600 1.8985978400 -0.4629556200
-0.2828364500 1.8467121500 -0.4984053600
-0.2932107100 1.8869751100 -0.4599011600
-0.2836405600 1.9154647500 -0.4311103400
-0.2632942700 1.9528346700 -0.3934589500
-0.2791673000 1.8642566300 -0.4938773500
-0.2973930700 1.8600588500 -0.4878735700
-0.3009336400 1.8688324900 -0.4842829200
-0.2534861400 1.9631446000 -0.3970376000
-0.2499431900 1.9700585800 -0.3802576800
-0.2227576700 1.9832062600 -0.3766016500
-0.2233148200 1.9583448500 -0.4092119300
-0.2267742500 1.9418250900 -0.4290589700
-0.2465868000 1.9153085500 -0.4606838000
-0.2620402900 1.8897305100 -0.4725996800
-0.2641654100 1.8840245100 -0.4844707200
-0.2923466000 1.8603810200 -0.4925183100
-0.2634454200 1.9514920300 -0.4110624600
-0.2456474400 1.9783817400 -0.3845163300
-0.2313069400 1.9801461300 -0.3766145100
-0.2578434400 1.9069485900 -0.4621888400
-0.3005134500 1.8805727900 -0.4703256300
-0.2830558000 1.9035263000 -0.4524937400
-0.2830421400 1.9188092400 -0.4353848500
-0.2745276900 1.9380043500 -0.4102842500
-0.2656011700 1.9448918000 -0.4251400500
-0.2529083700 1.9193821600 -0.4606539800
-0.2949342000 1.8937632100 -0.4618902000
-0.2275258300 1.9727017800 -0.4003260300
-0.2419174700 1.9337554500 -0.4392116000
-0.2698047200 1.8939328900 -0.4781688300
-0.2773614000 1.8792201300 -0.4885456600
-0.3016427700 1.8898120600 -0.4733742900
-0.2559993800 1.9599771500 -0.4156496500
-0.2704429600 1.9403049500 -0.4343126500
-0.2310418100 1.9661757900 -0.4124355700
-0.2641371600 1.9119651200 -0.4668315400
-0.2912784300 1.8824955400 -0.4879973500
-0.2978486900 1.9003871400 -0.4555779600
-0.2936463500 1.9149972900 -0.4450426600
-0.2874962800 1.9235790700 -0.4405417600
-0.2752136600 1.9276052800 -0.4375919700
-0.2364877200 1.9807120200 -0.3909519400
-0.2324386700 1.9569772900 -0.4209469200
-0.2358650500 1.9502356600 -0.4271732900
-0.2450798500 1.9400685400 -0.4417964100
-0.2534780300 1.9288062000 -0.4558107900
-0.2956650900 1.9110656500 -0.4561599000
-0.2395438300 1.9734411200 -0.4122851200
-0.2800104600 1.8857625500 -0.4872209700
-0.2980110400 1.8759944600 -0.4869813000
-0.2945761600 1.9036321900 -0.4693430700
-0.2531217400 1.9684505700 -0.4106794100
-0.2731331600 1.9132363600 -0.4699686000
-0.2544588800 1.9787255700 -0.3957269400
-0.2428303300 1.9530911400 -0.4353734400
-0.2576776500 1.9715743700 -0.4128489100
-0.2453240700 1.9672374400 -0.4224968000
-0.2887714500 1.9207818000 -0.4607309900
-0.2646603000 1.9530621800 -0.4312062000
-0.2474342000 1.9799035400 -0.4094876000
-0.2707126800 1.9309268500 -0.4651883900
-0.2766018900 1.9197905500 -0.4694183900
-0.2945221900 1.9023331900 -0.4784493000
-0.2978529800 1.9076264000 -0.4750562800
-0.2849023200 1.9330782000 -0.4431411700
-0.2776133100 1.9470292100 -0.4395237200
-0.2883801000 1.9106255400 -0.4753768400
-0.2420281000 1.9785054600 -0.4212706300
-0.2595527300 1.9419719900 -0.4565968400
-0.2853622200 1.9211228600 -0.4666576900
-0.2682327100 1.9583923500 -0.4345145500
-0.2558639100 1.9760764900 -0.4119155100
-0.2714733200 1.9458999600 -0.4532981000
-0.2753220700 1.9522447600 -0.4472769100
-0.2573269400 1.9733479600 -0.4279876700
-0.2615653700 1.9660129900 -0.4337836300
-0.1993122100 1.7564092700 -0.2195137900
0.3604953000 1.6118142600 -0.4112351000
-0.2655193800 0.9162854500 -0.1756344000
-0.2275478800 1.6851322600 -0.3010854600
-0.1496240100 1.8353269300 -0.2484841500
-0.2618192600 1.7142264200 -0.1244558100
-0.1795912900 1.1565616300 -0.1384622200
-0.0978451400 0.5371338700 0.0175826100
-0.1388989400 0.6348498800 -0.0788422500
-0.1999591300 0.6719554000 -0.1313533400
-0.0960602500 0.6333582800 0.0413298400
0.2096828100 1.2407326700 -0.3354105200
0.1094365000 1.7196585600 -0.1920343600
0.1209940100 1.7012347600 -0.1919101000
0.0952030400 1.0712257900 -0.5129230100
-0.2066619500 0.6953257000 -0.1675506800
-0.0907692900 0.5469733800 0.0127895800
-0.1382606200 1.3877648300 -0.2011142600
-0.1423016900 0.5811329000 -0.0505781200
-0.1225427800 0.6883276800 0.0280995900
-0.1501859400 0.6420453500 0.0454188100
-0.1989206300 1.5521856300 -0.0656234000
-0.1745697100 1.1233802500 -0.1277814100
-0.0413684300 0.9778199900 -0.6254674700
-0.0890740800 0.6204195000 0.0334038900
0.1239898400 1.5676264200 -0.2099405800
-0.1084466300 1.8019471300 -0.3880117400
0.0279724600 1.8214252600 -0.3006008800
-0.1587870400 1.6233738400 -0.0674377400
-0.1385274200 0.5041291300 -0.0082803100
-0.1609702000 1.2287841400 -0.2523893000
-0.2413543800 1.8478870500 -0.2909972200
0.1752600100 1.1881430700 -0.4299069800
-0.0420332500 0.9651901100 -0.6363822600
-0.3114909700 0.8410561600 -0.1558816000
-0.1323201600 1.5769110300 -0.0933198600
0.0396885600 1.2908167500 -0.0429863600
0.0153619400 1.2955537500 -0.0450435500
0.0742137900 0.5492129500 -0.6451250200
-0.1308664500 1.1384953100 -0.1180585800
-0.2276849700 1.7446565500 -0.1712945800
-0.0030552000 1.2643323100 -0.4124040300
-0.1855433300 1.1399357600 -0.1414403700
0.0765597200 0.5686024400 -0.5587233300
0.0952156600 0.5758123600 -0.5450219000
-0.1918577500 1.5594955900 -0.0652424900
-0.1905750700 1.5729007900 -0.0643077800
0.1489022500 0.5557775700 -0.5632749000
0.1791180000 0.5684133700 -0.5721808600
0.0888015400 1.6727855000 -0.1736151200
-0.0590848200 1.2356418800 -0.0839083900
-0.1288344000 0.6150984100 -0.0077645600
0.1470149600 1.6775779000 -0.2961995000
-0.1844265100 1.4734181200 -0.1770166500
-0.2223105400 1.9201226300 -0.3158775800
0.0892937000 1.2713389700 -0.0657729500
0.0841248800 1.2803015900 -0.0441382700
0.1122029600 1.2790196000 -0.0551855100
-0.1803937000 1.8458879100 -0.2735463200
-0.1600692000 0.9469030700 -0.1541980800
-0.1668880400 0.9549683500 -0.1655710700
-0.1794542600 1.6043418200 -0.0624414900
0.0791727800 0.4986698500 -0.6810343200
0.0620950200 0.4899310400 -0.6761304900
0.0822692500 0.4915139700 -0.6997554600
0.0648246000 0.4945105300 -0.6679684700
-0.2525772300 1.9725204700 -0.3900351800
-0.2568620700 1.9724881700 -0.3799315900
-0.1825436200 1.4621830400 -0.2489922000
-0.1941504600 1.4554279700 -0.2643568000
0.2011696600 1.2753563100 -0.3267230500
-0.1918675200 1.6984537700 -0.3587486100
-0.1841656600 1.6928992400 -0.3703053100
-0.1840173600 1.6852348300 -0.3803952800
-0.1993244100 1.7080251300 -0.3475032400
-0.1705293800 1.6993689100 -0.3755418800
0.0726156200 0.5048352500 -0.6823692400
-0.1849088400 1.8864165300 -0.2663237000
-0.1751607500 1.8769229000 -0.2643708100
-0.1793461400 1.8587406300 -0.2815149200
-0.1760706200 1.8704987000 -0.2680515700
-0.1847804500 1.8720802500 -0.2801741400
0.1535444400 0.5818893700 -0.5481105000
0.1509194100 0.5827461500 -0.5329035000
0.1708817300 0.5906815000 -0.5653296400
-0.2844105200 1.8265273000 -0.4846712400
-0.2674524900 1.8348452300 -0.4720702200
-0.2766791000 1.8327520900 -0.4665937900
-0.2622671300 1.8366094000 -0.4872298200
0.2136551300 1.3157142700 -0.1888298900
0.2025453200 1.3251316200 -0.1677577100
-0.1347653800 1.6818535800 -0.3630162300
-0.1285948200 1.6737541200 -0.3802136800
-0.1168383900 1.6965846400 -0.3693237000
-0.1402930000 1.6703933200 -0.3659384100
-0.1727814300 1.4299137000 -0.1897732900
-0.1055100100 0.6666401600 -0.0027183200
-0.1182128500 0.6385581500 -0.0212806900
-0.1037723400 0.6772635800 0.0133137100
0.0673446300 0.5162707600 -0.5344892100
0.0696832500 0.5027423500 -0.5561973800
0.0795334400 0.5306428400 -0.5241563400
0.0909558000 0.5335132500 -0.5203422300
0.0831361400 0.5234987900 -0.5347796000
0.0742985200 0.5026063300 -0.5575100100
0.0847978000 0.5174716200 -0.5447447500
0.0805340600 0.5745647300 -0.6381017900
0.0782713900 0.5583264000 -0.6608060500
0.0548508300 0.5731607400 -0.6500905200
0.0696540900 0.5450068400 -0.6826989400
0.0606923200 0.5521684900 -0.6776259200
-0.1436811500 0.5944236900 -0.0320502900
-0.1503651500 0.5891055900 -0.0192201700
-0.1208394000 0.6174792500 -0.0358197600
-0.1302797200 0.6085939300 -0.0298776700
-0.1318939800 0.6075856400 -0.0542251200
-0.1263544700 0.6136051200 -0.0481463700
-0.1400115200 1.1025621700 -0.1263726000
-0.1436620700 1.0889578600 -0.1294815500
-0.1349813400 1.0843747000 -0.1172292000
-0.1338149100 1.1207831700 -0.1184789900
-0.1070145800 1.8599448100 -0.3843760700
-0.0999918600 1.8648842700 -0.3956211500
-0.1138654100 1.8713172900 -0.3875152400
-0.2143303800 0.4569945300 0.0036272000
-0.2249069400 0.4553404800 0.0112326900
-0.2241656600 0.4293604000 -0.0043306100
-0.2328888400 0.4360784600 0.0039368500
-0.2435607400 0.4303136300 0.0071690800
-0.2072934200 0.4392514900 -0.0067484200
-0.2383554700 0.4564922000 0.0325244500
-0.2477863500 0.4378885600 0.0167732500
0.2995847200 1.5055899800 -0.4217533100
0.3011112600 1.4916901500 -0.4365665000
0.3112713000 1.4948809400 -0.4350951700
-0.2462435600 1.8867969400 -0.4717524500
-0.2477097100 1.8735628600 -0.4681954900
-0.2262490300 1.9070625700 -0.4548838700
-0.2564058500 1.8696899000 -0.4804404800
0.3223178900 1.4982187400 -0.4612749300
0.3288000800 1.4985925400 -0.4594839300
0.0045248700 0.3859532400 -0.7359558500
0.0424673000 0.4164733400 -0.7181337900
0.0382569000 0.4033740800 -0.7391435700
0.0214344600 0.4011162100 -0.7267738900
0.0269174400 0.4165058000 -0.6819660800
0.0254605400 0.4132568600 -0.7026343700
-0.1214211100 1.2181035200 -0.1152218500
-0.1163953300 1.2325074000 -0.1079393300
-0.1166357800 1.2176404900 -0.1042749800
-0.0384183900 0.9136912100 -0.6445951900
-0.0308668200 0.9364345300 -0.6352594900
-0.0278423400 0.9249953900 -0.6265105600
-0.0408823500 0.9016487100 -0.6438733100
-0.0426584600 0.8783567900 -0.6472042000
-0.1212387300 1.2423791300 -0.3074466500
-0.0538349100 1.2552843500 -0.3622308100
-0.1120417100 1.2407641200 -0.3082983400
-0.0145931600 1.2614359700 -0.4016049700
-0.1145555200 1.2480211200 -0.3387384800
-0.0799614600 1.2535461000 -0.3580023700
-0.0667511900 1.2581749900 -0.3823060500
-0.0374253000 1.2606634000 -0.3918099300
-0.1027112200 1.2473939100 -0.3387445700
-0.1239720100 1.2475605400 -0.3337083100
0.1219131300 1.6216660300 -0.1793102900
0.1169908700 1.6049976900 -0.1963363900
0.1216812600 1.5825301300 -0.2065494900
0.1005015400 1.6563044600 -0.1709518600
0.1145995500 1.6327156800 -0.1777394700
0.1345413300 1.5745555500 -0.1996422800
0.0961974700 1.6413113600 -0.1878673500
0.1372683300 1.5927928600 -0.1875277200
0.1424037600 1.5777365400 -0.1929403800
-0.2558577000 1.9505157300 -0.4475306600
-0.2662021100 1.9597881900 -0.4431867000
-0.2809429400 1.9381395200 -0.4549029900
-0.1158712200 1.3451416600 -0.1875550300
-0.1295941400 1.3740340500 -0.1932690100
-0.1103916200 1.3372389800 -0.1841180700
-0.0913971200 1.3067512200 -0.1643024100
-0.1235637500 1.3579563000 -0.1930220300
-0.0877958400 1.2986655800 -0.1525922900
-0.0960087600 1.3120281000 -0.1490028300
-0.1044293600 1.3342035200 -0.1636112900
-0.1168224100 1.3563776200 -0.1786258300
-0.2481002200 1.5330330700 -0.1691680100
-0.2209608700 1.5183688000 -0.1524256500
-0.2660643400 1.5453927700 -0.1755551500
-0.2423992000 1.5264893300 -0.1625201100
-0.2633666200 1.5067215100 -0.1401130500
-0.2773406400 1.5208760200 -0.1582072500
-0.2274260000 1.5200222400 -0.1532521900
-0.2478845300 1.5400155400 -0.1745719200
-0.2432098800 1.5149303900 -0.1469047000
-0.2312280100 1.5269583300 -0.1623224600
0.0367186000 1.0260364800 -0.5632135600
0.0141726300 0.9842442400 -0.5789927600
0.0068802200 0.9701735600 -0.5887494100
-0.1747123400 1.4324016400 -0.2391793700
-0.1618763200 1.4167101200 -0.2274588800
-0.1819640700 1.4270235600 -0.2485110100
-0.1620052300 1.4273141400 -0.2292015000
-0.1741102400 1.4545334300 -0.2408292000
-0.1502289700 1.4100387200 -0.2134775800
-0.2004135500 1.5154914600 -0.1145221600
-0.2434191500 1.4986175600 -0.1203199100
-0.2432764900 1.5074622400 -0.1316506900
-0.1879634300 1.5094908000 -0.1192598200
-0.2116044900 1.5143529400 -0.1079829900
-0.2461602100 1.4814205200 -0.0625845200
-0.2144948300 1.5111046400 -0.1297489100
-0.2454148000 1.4882461400 -0.0740155300
-0.1794890900 1.5216763500 -0.1111561100
-0.2274167200 1.5106607900 -0.0957252000
-0.1826759100 1.5384486900 -0.0999546600
-0.2380412400 1.4935263600 -0.0796383700
-0.2475835800 1.4896933000 -0.0961793000
-0.2253309200 1.5026577800 -0.1165263600
-0.2425430600 1.4944288900 -0.1066086100
-0.2045063200 1.5106512100 -0.1227408100
0.2036158300 1.6777610500 -0.2346820600
0.2129924300 1.7095563300 -0.1818402700
0.2320121200 1.7095549700 -0.2294576000
0.2224963500 1.7084682400 -0.1961415800
0.2331383700 1.7070546100 -0.2656789700
0.2264087200 1.6906538300 -0.2578092900
0.1905915000 1.6886517300 -0.1983169000
0.2296425600 1.7170699700 -0.2464856000
0.2147536100 1.6835900400 -0.2347548100
0.2210071200 1.7001773300 -0.2211774300
0.2217551500 1.7254880700 -0.1572476700
0.2143999200 1.7161812000 -0.1704174300
0.2318571900 1.7063512200 -0.2107928400
0.2428768400 1.7091320900 -0.2163286100
0.2042111600 1.7044891200 -0.1717708300
0.2284565900 1.7053082300 -0.2183285400
0.2034515500 1.7000938200 -0.1857209500
0.2078300800 1.6941867700 -0.2110602600
0.2229504400 1.6850554300 -0.2465264600
0.2258255700 1.7043068200 -0.2494883600
0.2195138200 1.6939419100 -0.2312059300
0.2253908800 1.7065171300 -0.2391518300
-0.0976650800 0.5573967500 0.1177722800
-0.1761902700 0.4991376100 0.1063215200
-0.1495633600 0.4367388600 0.0421830900
-0.0835105100 0.5746015200 0.1261229600
-0.1217201400 0.5648424100 0.1333666100
-0.2560891200 0.3820637300 0.0497991500
-0.2039892700 0.3793392700 0.0141759100
-0.1945002300 0.4209494100 0.0583917100
-0.1826145100 0.3934058600 0.0183320500
-0.2381906600 0.3729354500 0.0291706900
-0.1399192200 0.4534468700 0.0525350600
-0.1933764500 0.4648363000 0.0917596000
-0.2507344000 0.3652115300 0.0258186500
-0.0644070500 0.5590233500 0.1075215200
-0.2326783000 0.3643974000 0.0142072100
-0.1710216500 0.4569393500 0.0762631300
-0.1958070300 0.4036840700 0.0393707100
-0.1279368900 0.4659925400 0.0576534900
-0.1538185000 0.5232329200 0.1113495000
-0.0849717000 0.5186559900 0.0866266200
-0.2108999900 0.4528553000 0.0926043800
-0.1968586400 0.4753416900 0.0972229800
-0.0872459500 0.5501796900 0.1107815700
-0.0835559100 0.5371692000 0.1033449100
-0.1581426700 0.4200879400 0.0296277000
-0.2215843000 0.3690236100 0.0127346400
-0.2167521200 0.4222918500 0.0756858800
-0.1141071700 0.4856011400 0.0672195300
-0.0729475000 0.5672430200 0.1152330900
-0.2278884200 0.3856363100 0.0393071800
-0.1179015100 0.5588430100 0.1259717800
-0.1189793900 0.5436248700 0.1171680100
-0.2067914700 0.3838369000 0.0231542600
-0.2062690700 0.4632105600 0.0942138200
-0.1732694200 0.4321715400 0.0552880100
-0.1623642800 0.5187714300 0.1133106800
-0.1504330100 0.4597029300 0.0668033300
-0.1692709700 0.4046618900 0.0217416100
-0.1729687900 0.4818211600 0.0943451300
-0.1746549600 0.4179491600 0.0405115100
-0.1168777000 0.4889704900 0.0718660400
-0.2456306300 0.3926103000 0.0559303600
-0.2296301900 0.4248328200 0.0809977600
-0.1938621500 0.3895102700 0.0211998000
-0.0781347200 1.8099073900 -0.2534048500
-0.1719026600 1.7771724400 -0.2059421700
-0.1457753800 1.7887938400 -0.2117544400
-0.0657545500 1.8155701700 -0.2484144900
-0.1801383900 1.7696422000 -0.2214056300
-0.1930153700 1.7755883200 -0.1967632200
-0.1532228000 1.7863338900 -0.1921209500
-0.0597839000 1.8176679200 -0.2698742600
-0.0621827900 1.8087839000 -0.3114237500
-0.1899492100 1.7614125300 -0.2197663300
-0.1675990700 1.7791855900 -0.2171873500
-0.0726915700 1.8108771100 -0.2819129600
-0.0588861100 1.8153736800 -0.2922108900
-0.1797422100 1.7749642700 -0.2038549500
-0.1595230800 1.7830518100 -0.2077435900
-0.0774868800 1.8100526600 -0.2291550600
-0.3038455500 1.8361894800 -0.4765089900
-0.2661379600 1.9645604300 -0.4315111000
0.1322533700 0.3900929300 -0.6647828900
0.0884076500 0.3658144900 -0.6485779900
0.1086174200 0.3683340500 -0.7183162400
0.0787703500 0.3548728400 -0.7124101800
0.0663961300 0.3665648400 -0.6315004200
0.0673138000 0.3474363800 -0.7521199100
0.1534732100 0.4281240600 -0.4996077100
0.0694343700 0.3605289400 -0.6680630100
0.1703186000 0.4210764700 -0.5398034800
0.1520091800 0.4159120100 -0.5113999300
0.1815685200 0.4327104300 -0.5374805800
0.0428602000 0.3592688700 -0.6473948200
0.1602618200 0.4123684200 -0.5908074600
0.1702183000 0.4160267600 -0.5735510100
0.1442281400 0.4042551300 -0.5380820700
0.1765311900 0.4217117800 -0.5578709800
0.1491620600 0.4025902900 -0.5697127300
0.1564110400 0.4082544700 -0.5517889200
0.1628135100 0.4201342900 -0.5182089300
0.1457713200 0.4059977700 -0.6385122900
0.1170250200 0.3739424500 -0.7088924200
0.1154418200 0.3860936500 -0.5665890600
0.0232862900 0.3404900600 -0.7192990300
0.1287887200 0.3905074100 -0.5790188700
0.0195345100 0.3438944900 -0.6994506100
0.0885578300 0.3723564200 -0.6075290200
0.1532915600 0.4335707200 -0.4876034900
0.1232134000 0.4012613300 -0.5102400100
0.1402534200 0.4102789900 -0.5101824600
0.1237084100 0.3984582800 -0.5231671600
0.1224583000 0.3795764900 -0.6910660600
0.1815902600 0.4271210100 -0.5519367500
0.1351027500 0.3925762900 -0.6178103500
0.0980138400 0.3769518500 -0.5854698300
0.1213919000 0.3840672400 -0.6103500100
0.1379207900 0.3962074600 -0.6435892500
0.1065567100 0.3822886300 -0.5639274200
0.1823758700 0.4374526200 -0.5288480200
0.0878669500 0.3571161500 -0.7343501100
0.1472400000 0.4023493200 -0.6009738400
0.1077746600 0.3721697400 -0.6494429000
0.1309837400 0.4102745000 -0.4998118600
0.0161804900 0.3353302200 -0.7322922100
0.1204460300 0.3913440400 -0.5370928700
0.1768620500 0.4418522900 -0.5140876500
0.0412642600 0.3525390600 -0.6807332800
0.0465824000 0.3446834100 -0.7363823800
0.1097662700 0.3661456700 -0.6886389600
0.0605298500 0.3496558300 -0.7224962700
0.0436603600 0.3417921700 -0.7573321000
-0.0831420100 0.9825735600 -0.3607983700
-0.0598684300 0.9734017000 -0.3439634200
-0.0718804400 0.9812179600 -0.3572038000
-0.0963883300 0.9960539200 -0.3788693200
-0.1146563000 1.0103505200 -0.3952274400
-0.0688606500 0.9828154700 -0.3695802000
-0.0665578700 0.9833012600 -0.4090751300
-0.0809801300 0.9963884800 -0.4065143100
-0.0775165000 0.9910572300 -0.3955797900
-0.0977718700 1.0073032500 -0.3977998500
-0.0888746000 0.9990369600 -0.3975687200
-0.1070643700 1.0077643400 -0.3932551600
-0.0627817200 0.9778995500 -0.3554306000
-0.0768407000 0.9914731700 -0.4081361300
-0.0651143900 0.9817383700 -0.3906254600
-0.0787634200 0.9885091400 -0.3700743300
-0.0923586300 0.9971181100 -0.3822003000
-0.0672974000 0.9787617300 -0.4200756200
-0.1062140000 0.9876926500 -0.3757593300
-0.1112139200 0.9487735600 -0.3564821900
-0.1500864300 0.8929370000 -0.3575565100
-0.0693296500 0.9703750300 -0.3390918400
-0.1326056800 0.9171606200 -0.3539289600
-0.0922157700 0.9476312800 -0.3327845900
-0.1467190000 0.9158473800 -0.3635151100
-0.1012323000 0.9465538000 -0.3455395800
-0.1447054400 0.9477106200 -0.3783518000
-0.1404883400 0.9655379200 -0.3849854400
-0.1349916300 0.9026578100 -0.3491945100
-0.0816344700 0.9742478100 -0.3515537000
-0.1278615200 0.9506135700 -0.3695750600
0.1846630200 1.6749274800 -0.2381085800
0.1880040800 1.6768889400 -0.2475322800
0.1799315200 1.6869770000 -0.2028267400
0.1945925500 1.6813985800 -0.2084997800
0.1941930700 1.6786649900 -0.2174990000
0.1645438200 1.6590614300 -0.2569528200
0.1602604000 1.6714041200 -0.2179713100
0.1292235200 1.6300890400 -0.2404265000
0.1182975000 1.6699538400 -0.2006318500
0.1443839000 1.6601510600 -0.2257763300
0.1458661100 1.6691376000 -0.2112697900
0.1718639000 1.6640465400 -0.2486067800
0.1471445900 1.6506302600 -0.2501291200
0.1354607300 1.6365735600 -0.2426950300
0.1372013700 1.6490701700 -0.2315130700
0.1722001500 1.6756603400 -0.2174591600
0.1154297800 1.6528057900 -0.2150440100
0.1240248700 1.6450122400 -0.2243935800
0.1316698200 1.6590204000 -0.2145480900
0.1610746500 1.6680164900 -0.2317478000
-0.2425604400 1.4995329200 0.0156201200
-0.2645105500 1.4638059000 -0.0051268200
-0.2556900700 1.4863381300 -0.0466452900
-0.2256569500 1.5178092700 0.0010826800
-0.2956147700 1.4708904300 -0.0341893700
-0.3071520700 1.4716028500 -0.0482881100
-0.2788428700 1.4723034100 -0.0305958600
-0.2405385700 1.4948972200 -0.0233402100
-0.2319642500 1.5058359900 -0.0051412400
-0.2619669300 1.4759663400 -0.0196101600
-0.2474495800 1.4900992200 -0.0474014100
-0.2329635500 1.4858485000 -0.0385937900
-0.2746545300 1.4767560300 -0.0473959100
-0.2537790700 1.4754542500 0.0067992900
-0.2518474100 1.4852657400 -0.0292239600
-0.2324188900 1.4970192800 -0.0267406800
-0.2372971400 1.5018231600 -0.0034117100
-0.2576615500 1.4740108300 -0.0080364500
-0.2320295100 1.5002425000 -0.0423978500
-0.2466318900 1.4886124600 -0.0163297300
-0.2624972000 1.4783085700 -0.0337681000
-0.2875442800 1.4727558700 -0.0532365300
-0.3880141100 1.2451934200 -0.1005424800
-0.3888822300 1.1860890300 -0.1424013900
-0.4038046300 1.1644589400 -0.1600013000
-0.3797780600 1.2276222600 -0.1157064500
-0.4549125100 1.1545749300 -0.1223593000
-0.4448477200 1.1593506800 -0.1606397600
-0.4657758000 1.1548443200 -0.1126244100
-0.3974300900 1.1649050500 -0.1497579500
-0.4216239700 1.1449084900 -0.1436749300
-0.4473244700 1.1501851100 -0.1098691300
-0.3885469600 1.2177918000 -0.1426027300
-0.4292688200 1.1515454100 -0.1424785800
-0.3804456600 1.2282364000 -0.1113461000
-0.3887702900 1.1998549700 -0.1502311000
-0.4095948600 1.1530920900 -0.1524067900
-0.3832011300 1.2102354800 -0.1337509700
-0.4596445800 1.1537171900 -0.1332353800
-0.4394294500 1.1545340000 -0.1034673500
3 8 9892 9876
3 9876 9874 8
3 9863 88 87
3 88 9866 9
3 30 1 31
3 57 31 1
3 1 17 57
3 17 2 18
3 58 18 2
3 2 9816 58
3 64 58 9816
3 9816 9809 64
3 9823 9836 65
3 19 65 9836
3 9836 9807 19
3 60 19 9807
3 9805 33 60
3 9805 9824 34
3 34 9813 106
3 53 106 9813
3 9811 53 9813
3 115 10 9903
3 11 115 9903
3 11 9885 37
3 9885 3 37
3 38 3 9872
3 12 38 9872
3 14 13 9894
3 9894 9897 14
3 39 14 9897
3 9888 9902 41
3 9902 4 41
3 15 41 4
3 55 67 9804
3 9804 5 55
3 6 9841 20
3 9841 7 20
3 9832 7 9819
3 26 22 9834
3 9834 23 26
3 27 26 23
3 9892 8 71
3 49 8 9874
3 9861 9891 50
3 35 50 9891
3 9881 9863 36
3 87 36 9863
3 88 9 134
3 51 9 9910
3 52 51 9910
3 44 37 3
3 3 38 44
3 68 12 13
3 13 14 68
3 130 45 9888
3 41 130 9888
3 9887 69 15
3 9887 16 46
3 58 64 78
3 65 93 9823
3 9805 34 33
3 54 53 9811
3 55 94 67
3 61 81 7
3 7 9832 61
3 91 9820 21
3 21 9800 91
3 73 91 9800
3 9800 22 73
3 26 73 22
3 27 23 62
3 23 9803 62
3 28 62 9803
3 9803 24 28
3 24 25 75
3 76 75 25
3 25 9802 76
3 82 76 9802
3 9832 9820 61
3 91 61 9820
3 26 27 118
3 29 9812 56
3 77 56 9812
3 9812 30 77
3 30 31 77
3 103 77 31
3 17 18 63
3 19 60 59
3 59 60 33
3 54 67 107
3 35 9881 36
3 87 86 36
3 51 89 9
3 10 113 52
3 11 37 109
3 44 141 37
3 68 14 79
3 39 79 14
3 41 15 80
3 16 9905 47
3 70 42 9892
3 49 71 8
3 49 0 9880
3 44 38 128
3 12 68 142
3 40 45 130
3 130 41 96
3 97 69 9887
3 9887 46 97
3 149 48 42
3 71 70 9892
3 132 85 49
3 9880 132 49
3 35 99 50
3 9 89 134
3 51 52 100
3 52 113 100
3 10 115 114
3 115 11 109
3 34 106 125
3 106 53 126
3 53 54 107
3 108 107 67
3 55 5 127
3 6 72 5
3 20 7 101
3 7 81 101
3 74 73 26
3 118 74 26
3 31 57 103
3 138 103 57
3 57 17 138
3 63 138 17
3 121 18 58
3 78 121 58
3 32 93 122
3 104 93 65
3 19 148 65
3 19 59 66
3 90 72 6
3 6 20 90
3 101 90 20
3 91 81 61
3 27 62 102
3 119 102 62
3 24 136 28
3 24 75 197
3 76 82 184
3 56 158 29
3 138 63 92
3 63 18 121
3 64 32 122
3 148 104 65
3 34 105 33
3 34 125 105
3 126 139 106
3 107 126 53
3 94 108 67
3 127 5 72
3 128 141 44
3 38 12 142
3 79 95 68
3 39 40 84
3 130 84 40
3 46 16 175
3 42 70 149
3 111 70 71
3 71 49 85
3 9880 50 99
3 114 113 10
3 74 146 73
3 118 27 102
3 62 28 119
3 136 24 197
3 75 76 183
3 83 92 63
3 121 83 63
3 122 78 64
3 66 148 19
3 105 59 33
3 168 109 37
3 141 168 37
3 142 128 38
3 95 142 68
3 84 79 39
3 80 96 41
3 163 47 48
3 48 149 131
3 99 35 112
3 89 51 100
3 167 114 115
3 90 135 72
3 81 91 116
3 91 73 117
3 119 28 136
3 76 184 183
3 29 157 82
3 104 123 93
3 105 124 59
3 125 106 214
3 127 94 55
3 15 69 235
3 97 46 98
3 175 98 46
3 145 175 16
3 16 47 145
3 111 150 70
3 71 85 111
3 99 132 9880
3 35 36 151
3 166 87 88
3 134 166 88
3 152 134 89
3 101 135 90
3 101 81 154
3 81 116 154
3 116 91 117
3 146 117 73
3 183 197 75
3 137 158 56
3 56 77 137
3 103 120 77
3 83 121 159
3 122 93 123
3 66 59 124
3 199 139 126
3 173 108 94
3 127 173 94
3 128 142 129
3 235 69 110
3 69 97 110
3 98 110 97
3 131 163 48
3 132 99 133
3 112 133 99
3 115 109 194
3 208 154 116
3 157 184 82
3 138 120 103
3 159 92 83
3 139 214 106
3 107 108 172
3 168 194 109
3 201 142 95
3 95 79 161
3 130 96 144
3 150 149 70
3 132 176 85
3 112 35 177
3 151 177 35
3 206 152 89
3 100 206 89
3 100 113 153
3 153 113 179
3 113 114 179
3 194 167 115
3 101 154 169
3 116 117 208
3 74 118 155
3 156 118 102
3 102 119 156
3 158 157 29
3 120 137 77
3 147 159 121
3 121 78 147
3 104 148 186
3 214 105 125
3 140 126 107
3 72 173 127
3 141 128 160
3 174 160 128
3 128 129 174
3 130 143 84
3 144 96 162
3 96 80 162
3 80 15 235
3 98 175 189
3 145 248 175
3 163 145 47
3 149 220 131
3 111 85 176
3 133 176 132
3 177 164 112
3 165 86 87
3 87 166 165
3 166 134 192
3 152 192 134
3 100 153 207
3 135 101 169
3 118 156 155
3 136 182 119
3 137 120 210
3 92 170 138
3 159 171 92
3 186 123 104
3 172 140 107
3 168 141 160
3 201 129 142
3 161 201 95
3 79 84 161
3 144 143 130
3 150 111 203
3 176 203 111
3 164 133 112
3 207 206 100
3 167 179 114
3 180 135 169
3 169 154 181
3 226 117 146
3 146 74 226
3 156 119 182
3 185 147 78
3 123 185 122
3 186 148 212
3 213 212 148
3 148 66 213
3 198 66 124
3 140 199 126
3 173 172 108
3 215 173 72
3 143 161 84
3 143 144 219
3 235 162 80
3 235 110 188
3 237 220 149
3 149 150 237
3 203 237 150
3 176 133 190
3 191 151 36
3 36 86 191
3 165 222 86
3 166 178 165
3 154 208 181
3 117 226 195
3 74 155 196
3 155 156 196
3 182 196 156
3 158 137 209
3 137 210 209
3 78 122 185
3 186 211 123
3 198 213 66
3 105 198 124
3 200 168 160
3 160 174 216
3 174 129 217
3 187 219 144
3 144 162 187
3 265 188 110
3 110 98 265
3 98 189 265
3 163 131 249
3 220 249 131
3 164 177 205
3 222 191 86
3 166 192 178
3 153 179 193
3 263 179 167
3 181 180 169
3 196 226 74
3 182 136 228
3 229 228 136
3 136 197 229
3 157 158 209
3 120 138 271
3 170 271 138
3 170 92 171
3 171 159 286
3 185 123 230
3 211 230 123
3 231 198 105
3 214 231 105
3 273 172 173
3 173 215 273
3 72 135 215
3 217 216 174
3 202 201 161
3 161 143 202
3 249 145 163
3 190 204 176
3 133 164 190
3 280 205 177
3 177 151 280
3 151 191 221
3 165 178 222
3 192 152 224
3 206 224 152
3 193 207 153
3 194 263 167
3 181 208 239
3 208 117 195
3 269 195 226
3 225 269 226
3 184 254 183
3 210 120 271
3 159 147 286
3 147 185 243
3 186 212 211
3 172 273 232
3 180 215 135
3 216 200 160
3 217 129 233
3 234 233 129
3 201 234 129
3 187 162 289
3 235 289 162
3 248 189 175
3 204 203 176
3 190 164 238
3 164 205 238
3 205 280 252
3 221 280 151
3 222 221 191
3 178 192 223
3 224 223 192
3 253 263 194
3 194 168 253
3 208 195 239
3 196 182 227
3 241 227 182
3 254 229 197
3 197 183 254
3 170 171 321
3 243 286 147
3 198 231 258
3 214 139 245
3 199 140 246
3 140 172 232
3 200 253 168
3 275 234 201
3 201 202 275
3 202 143 218
3 143 219 218
3 249 309 145
3 249 220 236
3 266 237 203
3 276 266 203
3 203 204 276
3 250 204 190
3 222 178 261
3 223 261 178
3 262 224 206
3 206 207 262
3 207 193 262
3 193 179 294
3 274 259 180
3 180 181 274
3 268 274 181
3 181 239 268
3 282 239 195
3 269 282 195
3 226 196 240
3 182 228 241
3 242 270 184
3 184 157 242
3 209 210 255
3 255 210 271
3 171 286 321
3 185 230 256
3 211 244 230
3 212 257 211
3 213 198 258
3 231 214 245
3 139 199 245
3 246 245 199
3 232 246 140
3 215 180 259
3 202 218 275
3 219 187 247
3 289 247 187
3 235 188 290
3 309 248 145
3 266 220 237
3 250 190 251
3 190 238 251
3 238 205 252
3 263 294 179
3 296 269 225
3 240 225 226
3 227 240 196
3 285 241 228
3 228 229 285
3 355 157 209
3 209 255 355
3 256 243 185
3 257 244 211
3 315 273 215
3 215 259 315
3 326 200 216
3 216 217 264
3 217 233 264
3 275 218 308
3 288 308 218
3 218 219 288
3 247 288 219
3 290 289 235
3 342 290 188
3 220 266 330
3 276 204 267
3 250 251 278
3 279 251 238
3 252 279 238
3 221 222 281
3 313 281 222
3 222 261 313
3 223 224 293
3 305 268 239
3 282 305 239
3 269 296 284
3 240 296 225
3 254 184 270
3 355 242 157
3 271 170 299
3 321 299 170
3 256 286 243
3 257 337 244
3 212 213 287
3 258 287 213
3 246 232 272
3 303 272 232
3 232 273 303
3 264 326 216
3 327 233 234
3 188 265 342
3 265 189 329
3 189 248 343
3 291 343 248
3 248 309 291
3 236 424 249
3 236 220 330
3 267 332 276
3 310 250 278
3 318 278 251
3 280 221 260
3 281 260 221
3 261 223 314
3 293 314 223
3 293 224 262
3 294 262 193
3 283 282 269
3 354 285 229
3 229 254 298
3 270 298 254
3 255 271 394
3 299 394 271
3 286 357 321
3 230 244 336
3 245 246 301
3 272 301 246
3 315 259 316
3 314 313 261
3 263 253 295
3 253 200 306
3 264 233 347
3 234 275 327
3 329 342 265
3 309 249 424
3 276 331 266
3 277 332 267
3 267 310 277
3 274 268 325
3 305 304 268
3 283 352 282
3 284 400 283
3 283 269 284
3 298 354 229
3 257 212 322
3 287 322 212
3 287 258 300
3 258 231 300
3 324 300 231
3 231 245 324
3 301 324 245
3 303 302 272
3 315 303 273
3 9686 259 274
3 200 326 306
3 307 326 264
3 328 327 275
3 247 289 341
3 329 189 343
3 332 331 276
3 252 280 397
3 260 397 280
3 281 312 260
3 313 292 281
3 263 295 294
3 305 282 352
3 353 296 240
3 240 227 297
3 337 336 244
3 302 301 272
3 9686 316 259
3 233 327 347
3 288 376 308
3 247 340 288
3 289 290 362
3 290 342 363
3 291 309 364
3 330 266 377
3 331 377 266
3 332 277 348
3 318 279 333
3 311 333 279
3 279 252 311
3 397 311 252
3 292 312 281
3 9699 313 314
3 293 262 335
3 319 335 262
3 294 319 262
3 306 295 253
3 284 296 320
3 353 320 296
3 369 227 241
3 241 285 369
3 270 242 370
3 321 371 299
3 256 230 382
3 322 337 257
3 287 300 323
3 324 323 300
3 303 315 302
3 325 9686 274
3 352 359 305
3 350 317 306
3 306 326 350
3 264 347 307
3 376 328 275
3 275 308 376
3 424 236 425
3 332 387 331
3 277 310 388
3 310 278 365
3 260 312 379
3 9699 292 313
3 335 9699 314
3 314 293 335
3 317 9697 295
3 295 306 317
3 304 305 359
3 240 297 353
3 354 430 285
3 370 298 270
3 418 355 255
3 371 394 299
3 322 373 337
3 323 322 287
3 324 301 338
3 302 338 301
3 302 315 339
3 9687 339 315
3 316 9687 315
3 9686 325 434
3 341 340 247
3 341 289 362
3 362 290 363
3 236 330 425
3 377 425 330
3 278 318 365
3 318 333 344
3 390 397 260
3 379 390 260
3 312 292 334
3 9699 334 292
3 368 352 283
3 283 400 368
3 284 320 400
3 449 353 297
3 298 370 474
3 255 394 418
3 371 321 356
3 357 356 321
3 382 230 336
3 336 337 372
3 322 323 9685
3 9682 9685 323
3 323 324 9682
3 325 268 358
3 307 350 326
3 424 364 309
3 387 377 331
3 387 332 348
3 348 277 349
3 378 349 277
3 388 378 277
3 365 388 310
3 365 318 344
3 312 334 379
3 9699 335 345
3 346 345 335
3 335 319 346
3 297 227 380
3 369 380 227
3 369 285 430
3 381 402 286
3 286 256 381
3 256 382 381
3 373 372 337
3 383 373 322
3 9685 383 322
3 302 339 9684
3 9687 9684 339
3 358 268 304
3 360 347 327
3 328 360 327
3 376 288 361
3 340 361 288
3 422 341 362
3 423 363 342
3 291 385 343
3 366 333 311
3 311 397 366
3 350 307 9701
3 374 307 347
3 347 360 374
3 343 464 329
3 387 386 377
3 387 348 408
3 349 408 348
3 349 378 409
3 509 388 365
3 365 344 389
3 344 333 410
3 9701 9702 350
3 9686 434 351
3 474 354 298
3 357 286 402
3 353 393 320
3 242 355 416
3 417 416 355
3 394 371 419
3 420 381 382
3 336 404 403
3 404 336 372
3 434 325 384
3 358 384 325
3 367 359 352
3 375 360 328
3 328 376 375
3 361 340 406
3 422 362 407
3 362 363 407
3 464 423 342
3 342 329 464
3 389 509 365
3 410 389 344
3 379 334 398
3 334 9698 392
3 460 439 400
3 400 320 460
3 393 460 320
3 297 380 449
3 380 369 430
3 355 418 417
3 419 371 401
3 371 356 401
3 402 381 9563
3 381 420 9563
3 403 382 336
3 307 374 427
3 361 414 376
3 340 341 406
3 364 385 291
3 386 425 377
3 409 408 349
3 409 378 396
3 496 396 378
3 378 388 496
3 366 410 333
3 397 390 468
3 390 379 391
3 398 391 379
3 392 398 334
3 526 368 400
3 353 449 448
3 430 354 415
3 373 383 421
3 405 421 383
3 383 9680 405
3 395 405 9680
3 433 395 351
3 434 433 351
3 304 359 438
3 412 437 374
3 360 412 374
3 413 360 375
3 375 376 413
3 414 413 376
3 425 386 458
3 386 387 466
3 387 408 466
3 396 467 409
3 398 392 447
3 426 447 392
3 367 368 399
3 393 353 440
3 474 415 354
3 416 370 242
3 356 357 442
3 402 442 357
3 403 420 382
3 372 373 421
3 358 304 438
3 361 406 414
3 422 406 341
3 385 464 343
3 385 364 457
3 481 466 408
3 482 408 409
3 446 468 390
3 390 391 446
3 447 426 411
3 426 9701 436
3 427 436 9701
3 9701 307 427
3 437 427 374
3 428 412 360
3 439 526 400
3 430 450 380
3 430 415 528
3 415 474 528
3 418 394 461
3 401 356 441
3 395 433 463
3 438 359 367
3 406 422 455
3 422 407 443
3 407 363 456
3 423 456 363
3 364 424 479
3 482 481 408
3 366 397 435
3 447 391 398
3 413 428 360
3 413 414 429
3 440 460 393
3 440 353 448
3 394 419 461
3 442 441 356
3 420 403 431
3 432 431 403
3 403 404 432
3 453 432 404
3 404 372 453
3 421 453 372
3 405 395 463
3 433 434 454
3 414 406 494
3 455 494 406
3 443 455 422
3 478 423 464
3 425 479 424
3 458 479 425
3 466 465 386
3 467 482 409
3 496 388 444
3 509 444 388
3 366 435 410
3 445 435 397
3 468 445 397
3 426 436 411
3 437 436 427
3 429 428 413
3 367 399 514
3 526 399 368
3 439 460 471
3 449 380 499
3 450 499 380
3 528 450 430
3 417 418 491
3 419 401 451
3 420 431 462
3 421 405 488
3 463 488 405
3 454 463 433
3 384 454 434
3 438 489 358
3 438 367 485
3 456 443 407
3 457 364 479
3 465 458 386
3 446 391 483
3 391 447 483
3 484 436 437
3 367 514 485
3 471 470 439
3 440 448 498
3 418 461 491
3 475 461 419
3 419 451 475
3 401 441 451
3 442 402 9572
3 9585 432 452
3 432 453 452
3 544 453 421
3 384 358 489
3 494 477 414
3 459 537 396
3 396 496 459
3 389 410 510
3 469 483 447
3 411 469 447
3 437 412 484
3 428 429 513
3 526 551 399
3 460 440 472
3 498 472 440
3 473 498 448
3 473 448 449
3 449 499 473
3 416 417 516
3 491 516 417
3 402 9563 9572
3 476 9572 9563
3 9563 462 476
3 462 9585 502
3 9585 452 502
3 544 452 453
3 488 544 421
3 454 530 463
3 429 414 477
3 495 494 455
3 478 533 456
3 456 423 478
3 465 466 480
3 482 467 546
3 537 467 396
3 509 389 522
3 510 522 389
3 484 411 436
3 484 412 524
3 412 428 512
3 550 512 428
3 514 399 525
3 527 471 460
3 472 527 460
3 441 442 487
3 9572 487 442
3 476 462 543
3 492 543 462
3 462 502 492
3 488 463 530
3 384 489 454
3 477 494 493
3 443 495 455
3 443 456 520
3 521 478 464
3 464 385 521
3 385 457 521
3 480 458 465
3 480 466 536
3 466 481 536
3 537 547 467
3 523 510 410
3 468 446 445
3 511 445 446
3 490 469 411
3 484 490 411
3 524 412 512
3 550 428 513
3 514 486 485
3 551 525 399
3 499 450 515
3 529 528 474
3 529 474 370
3 370 416 529
3 501 475 451
3 441 501 451
3 543 9572 476
3 554 502 452
3 544 554 452
3 505 495 443
3 533 520 456
3 506 479 458
3 546 481 482
3 547 546 467
3 459 496 573
3 410 435 523
3 446 483 511
3 469 497 483
3 438 485 540
3 486 540 485
3 527 470 471
3 528 515 450
3 475 500 461
3 553 500 475
3 501 553 475
3 487 501 441
3 518 487 9572
3 504 503 454
3 489 504 454
3 458 480 507
3 549 523 435
3 435 445 549
3 469 490 538
3 524 490 484
3 477 513 429
3 489 438 540
3 514 525 592
3 551 526 552
3 541 650 470
3 473 499 567
3 515 567 499
3 517 516 491
3 491 461 517
3 487 518 570
3 492 502 519
3 589 544 488
3 530 454 503
3 493 494 571
3 494 495 571
3 457 479 535
3 506 535 479
3 458 507 506
3 536 560 480
3 481 546 508
3 444 573 496
3 444 509 564
3 511 483 497
3 538 565 497
3 497 469 538
3 512 606 524
3 461 500 517
3 570 501 487
3 502 554 588
3 488 530 577
3 503 504 556
3 531 556 504
3 504 489 531
3 477 493 557
3 443 520 505
3 534 532 533
3 533 478 534
3 521 534 478
3 560 507 480
3 508 536 481
3 522 564 509
3 523 548 510
3 511 549 445
3 511 497 565
3 512 550 584
3 486 514 592
3 585 527 472
3 498 473 566
3 542 515 528
3 529 416 568
3 516 568 416
3 492 576 543
3 519 576 492
3 577 589 488
3 555 577 530
3 601 571 495
3 495 505 601
3 505 520 581
3 532 581 520
3 520 533 532
3 521 457 559
3 506 507 616
3 545 616 507
3 507 560 545
3 508 561 536
3 537 459 563
3 550 513 539
3 551 592 525
3 552 612 551
3 568 542 528
3 529 568 528
3 517 597 516
3 663 553 501
3 570 663 501
3 518 543 587
3 519 502 588
3 554 544 589
3 530 503 555
3 556 555 503
3 556 531 578
3 534 521 559
3 535 559 457
3 616 535 506
3 561 560 536
3 643 562 537
3 563 643 537
3 522 510 618
3 510 548 618
3 549 511 582
3 565 582 511
3 538 490 575
3 524 575 490
3 486 579 540
3 585 472 595
3 596 566 473
3 567 596 473
3 568 516 597
3 500 553 637
3 608 570 518
3 576 587 543
3 557 493 558
3 571 601 600
3 547 537 562
3 572 563 459
3 459 573 572
3 573 444 564
3 564 522 618
3 582 523 549
3 565 538 574
3 538 575 574
3 539 584 550
3 607 539 513
3 612 627 551
3 552 526 628
3 526 650 628
3 541 470 593
3 594 593 470
3 470 527 594
3 527 585 594
3 517 500 637
3 663 569 553
3 587 608 518
3 588 554 589
3 555 556 610
3 578 531 611
3 571 558 493
3 581 580 505
3 655 581 532
3 583 604 582
3 582 565 583
3 9620 583 565
3 574 9620 565
3 648 575 524
3 524 606 648
3 649 512 584
3 513 477 607
3 607 477 557
3 592 551 627
3 542 568 621
3 610 577 555
3 578 610 556
3 531 540 579
3 558 571 600
3 580 601 505
3 532 534 602
3 535 616 603
3 629 545 560
3 560 561 629
3 590 508 546
3 572 573 658
3 564 658 573
3 567 515 586
3 515 542 586
3 569 637 553
3 622 608 587
3 576 519 683
3 578 599 610
3 579 486 591
3 591 486 592
3 627 626 592
3 557 558 9660
3 603 534 559
3 559 535 603
3 697 616 545
3 590 561 508
3 644 618 548
3 548 523 644
3 523 582 644
3 604 644 582
3 604 583 619
3 583 9620 619
3 9618 619 9620
3 575 9619 574
3 649 606 512
3 607 660 539
3 628 635 552
3 662 596 567
3 637 597 517
3 622 587 598
3 639 598 587
3 587 576 639
3 683 623 576
3 519 588 652
3 589 577 609
3 577 610 609
3 696 664 611
3 611 531 696
3 579 696 531
3 607 557 613
3 614 613 557
3 558 600 640
3 655 580 581
3 534 603 602
3 656 590 546
3 546 547 656
3 547 562 656
3 564 618 617
3 644 678 618
3 620 619 9618
3 9618 605 620
3 681 649 584
3 584 539 681
3 626 591 592
3 612 552 635
3 628 650 715
3 672 585 595
3 662 567 586
3 636 621 568
3 597 636 568
3 637 636 597
3 623 639 576
3 652 683 519
3 588 589 624
3 599 578 625
3 9660 614 557
3 640 9660 558
3 600 601 615
3 601 580 615
3 616 697 603
3 562 643 656
3 572 698 563
3 617 658 564
3 644 604 631
3 619 631 604
3 619 620 645
3 9621 9619 633
3 9619 575 633
3 648 606 634
3 649 634 606
3 621 586 542
3 638 570 608
3 675 638 608
3 622 675 608
3 609 624 589
3 609 610 653
3 599 653 610
3 625 695 599
3 664 625 578
3 578 611 664
3 627 612 685
3 635 685 612
3 593 594 717
3 594 585 717
3 633 575 647
3 539 660 681
3 607 613 660
3 613 614 9656
3 9660 9656 614
3 641 640 600
3 600 615 641
3 532 602 655
3 665 655 602
3 629 561 642
3 678 617 618
3 630 678 644
3 645 631 619
3 662 586 673
3 636 637 674
3 651 675 622
3 622 598 651
3 639 623 721
3 652 588 624
3 695 625 677
3 591 696 579
3 626 627 685
3 615 580 686
3 602 603 665
3 697 665 603
3 689 561 590
3 698 657 643
3 643 563 698
3 678 699 617
3 632 633 646
3 575 648 647
3 732 660 613
3 684 654 626
3 593 717 751
3 672 717 585
3 596 662 661
3 637 569 674
3 704 721 623
3 683 704 623
3 653 624 609
3 653 599 695
3 686 580 707
3 580 655 707
3 697 545 666
3 629 666 545
3 689 590 745
3 656 745 590
3 656 643 754
3 643 657 754
3 658 698 572
3 631 645 659
3 667 659 645
3 669 632 670
3 633 647 679
3 671 647 648
3 648 634 671
3 680 634 649
3 649 681 680
3 693 715 650
3 650 541 693
3 716 693 541
3 541 593 716
3 569 663 703
3 598 676 651
3 598 639 676
3 639 721 676
3 652 723 683
3 724 677 625
3 625 664 724
3 654 696 591
3 685 684 626
3 686 641 615
3 561 689 642
3 698 658 708
3 644 631 690
3 659 690 631
3 647 671 679
3 634 680 766
3 681 660 714
3 751 716 593
3 717 672 734
3 674 569 702
3 663 570 703
3 638 703 570
3 704 683 809
3 737 624 653
3 695 738 653
3 696 724 664
3 635 628 692
3 628 715 692
3 707 655 687
3 689 745 744
3 678 630 746
3 690 630 644
3 659 667 690
3 668 690 667
3 712 668 669
3 730 670 632
3 766 671 634
3 714 766 681
3 732 714 660
3 613 691 732
3 586 621 718
3 719 718 621
3 636 719 621
3 636 674 682
3 702 682 674
3 675 651 720
3 809 683 723
3 740 752 696
3 696 654 740
3 641 9661 640
3 655 665 687
3 688 687 665
3 617 699 728
3 746 699 678
3 729 712 669
3 669 670 729
3 749 729 670
3 632 646 730
3 679 713 646
3 679 671 713
3 680 681 766
3 750 691 9655
3 715 693 828
3 661 662 700
3 694 700 662
3 673 694 662
3 682 701 636
3 703 702 569
3 675 703 638
3 652 624 705
3 738 737 653
3 695 739 738
3 654 684 740
3 725 740 684
3 726 684 685
3 707 706 686
3 665 697 688
3 642 689 744
3 708 658 728
3 658 617 728
3 711 710 630
3 630 690 711
3 729 749 783
3 713 671 765
3 750 732 691
3 692 715 733
3 804 828 693
3 693 716 804
3 718 673 586
3 701 719 636
3 787 701 682
3 682 702 787
3 703 675 9580
3 735 9580 675
3 651 676 772
3 676 721 772
3 705 723 652
3 705 624 737
3 724 696 752
3 685 635 726
3 741 726 635
3 635 692 741
3 687 688 800
3 753 688 697
3 666 753 697
3 629 642 743
3 744 743 642
3 745 656 754
3 727 657 698
3 708 727 698
3 746 630 709
3 710 709 630
3 763 711 690
3 690 668 763
3 712 763 668
3 671 766 765
3 700 756 734
3 734 661 700
3 702 703 9580
3 720 651 772
3 721 704 722
3 723 705 758
3 736 758 705
3 705 737 736
3 677 724 790
3 725 684 791
3 706 707 742
3 759 742 707
3 707 687 759
3 666 629 743
3 746 762 699
3 747 710 711
3 712 729 748
3 729 783 813
3 731 816 766
3 766 714 731
3 714 732 731
3 768 731 732
3 828 733 715
3 716 751 831
3 751 717 806
3 829 806 717
3 772 735 720
3 722 772 721
3 758 736 774
3 739 695 677
3 724 752 777
3 780 706 742
3 687 800 759
3 728 699 762
3 711 763 747
3 813 748 729
3 764 749 670
3 670 730 764
3 646 713 730
3 785 768 732
3 732 750 785
3 807 717 734
3 756 807 734
3 718 694 673
3 787 702 9566
3 702 9580 9566
3 735 770 9580
3 757 809 723
3 723 758 757
3 775 736 737
3 737 738 775
3 860 775 738
3 790 776 677
3 740 725 778
3 684 726 791
3 741 692 803
3 733 803 692
3 744 745 822
3 745 754 822
3 754 760 9603
3 657 727 761
3 708 728 854
3 762 746 811
3 709 811 746
3 709 710 812
3 782 710 747
3 856 763 712
3 764 783 749
3 816 731 755
3 767 755 731
3 731 768 767
3 786 804 716
3 716 831 786
3 805 831 751
3 751 806 805
3 719 701 830
3 787 830 701
3 770 9566 9580
3 772 771 735
3 773 722 704
3 704 809 773
3 758 774 859
3 860 738 739
3 776 847 739
3 739 677 776
3 825 790 724
3 777 825 724
3 740 777 752
3 725 791 836
3 800 688 801
3 802 688 753
3 9603 822 754
3 760 657 761
3 762 896 728
3 793 782 747
3 747 763 793
3 857 856 712
3 712 748 857
3 813 783 794
3 784 764 730
3 730 713 784
3 765 784 713
3 779 785 750
3 733 828 862
3 807 829 717
3 694 718 769
3 719 769 718
3 770 735 789
3 771 789 735
3 810 809 757
3 740 778 777
3 836 778 725
3 875 799 780
3 800 781 759
3 802 801 688
3 753 666 802
3 743 802 666
3 727 708 841
3 792 812 710
3 710 782 792
3 856 793 763
3 824 857 748
3 748 813 824
3 814 783 764
3 816 765 766
3 755 767 819
3 796 819 767
3 797 796 767
3 767 768 797
3 768 785 817
3 798 817 785
3 785 779 798
3 862 803 733
3 832 756 700
3 769 700 694
3 769 719 830
3 787 9566 808
3 788 770 789
3 771 772 833
3 772 722 833
3 773 809 845
3 858 757 758
3 859 858 758
3 777 778 835
3 836 835 778
3 791 726 826
3 726 741 826
3 779 799 818
3 780 742 875
3 742 852 893
3 743 744 840
3 709 823 811
3 812 823 709
3 795 794 783
3 814 795 783
3 765 816 784
3 819 816 755
3 817 797 768
3 862 828 884
3 830 787 865
3 808 865 787
3 834 722 773
3 923 774 736
3 827 826 741
3 741 803 827
3 854 841 708
3 896 854 728
3 823 842 811
3 843 782 793
3 908 843 793
3 856 908 793
3 915 813 794
3 764 784 814
3 815 784 816
3 851 818 799
3 875 851 799
3 893 875 742
3 801 852 781
3 781 800 801
3 853 801 802
3 802 743 821
3 743 840 821
3 744 822 840
3 822 9603 877
3 790 825 882
3 825 777 882
3 883 882 777
3 835 883 777
3 836 791 826
3 900 827 803
3 803 862 900
3 832 807 756
3 864 832 700
3 700 769 864
3 866 865 808
3 808 788 866
3 788 789 867
3 844 867 789
3 789 771 844
3 834 833 722
3 834 773 845
3 810 845 809
3 810 757 858
3 811 896 762
3 792 823 812
3 792 782 843
3 824 813 9665
3 915 9665 813
3 874 815 816
3 816 819 874
3 820 796 797
3 837 820 797
3 797 817 837
3 838 837 817
3 817 798 838
3 839 838 798
3 798 779 839
3 818 839 779
3 821 853 802
3 877 876 822
3 796 874 819
3 932 893 852
3 852 801 894
3 853 894 801
3 840 822 876
3 907 934 9604
3 9604 761 907
3 727 907 761
3 896 811 879
3 857 872 856
3 857 824 873
3 9666 873 824
3 915 794 889
3 794 795 889
3 849 795 814
3 814 784 849
3 923 775 898
3 790 882 881
3 828 804 952
3 804 786 952
3 829 807 9576
3 769 830 901
3 865 901 830
3 831 885 786
3 831 805 885
3 805 806 886
3 806 9576 886
3 863 9576 807
3 807 832 863
3 901 864 769
3 866 788 887
3 844 771 869
3 771 833 869
3 870 869 833
3 871 870 834
3 902 871 834
3 834 845 902
3 845 810 9668
3 846 9668 810
3 810 858 846
3 858 859 910
3 847 776 912
3 881 912 776
3 776 790 881
3 835 836 861
3 826 861 836
3 826 827 848
3 849 889 795
3 815 849 784
3 796 820 916
3 850 820 837
3 837 838 850
3 839 850 838
3 931 839 818
3 821 840 876
3 878 9604 934
3 842 879 811
3 897 823 792
3 792 843 897
3 908 897 843
3 805 886 953
3 866 926 865
3 788 867 887
3 868 867 844
3 844 869 868
3 902 845 888
3 9668 888 845
3 911 898 775
3 847 912 1019
3 883 835 861
3 889 849 9594
3 916 874 796
3 890 916 820
3 851 931 818
3 851 875 957
3 892 957 875
3 852 894 932
3 821 906 853
3 821 876 906
3 987 934 907
3 841 975 727
3 855 854 896
3 908 856 909
3 856 872 909
3 991 872 857
3 947 991 857
3 857 873 947
3 923 898 963
3 1019 911 775
3 775 860 1019
3 739 1019 860
3 861 826 964
3 826 848 964
3 937 848 827
3 900 862 951
3 925 951 862
3 862 884 925
3 952 884 828
3 953 885 805
3 913 886 9576
3 864 863 832
3 926 866 887
3 927 887 867
3 869 870 871
3 872 991 1006
3 9594 903 889
3 905 890 820
3 891 905 820
3 820 850 891
3 893 892 875
3 906 973 853
3 876 877 933
3 895 933 877
3 877 878 895
3 934 895 878
3 841 854 1031
3 879 919 896
3 922 9574 880
3 739 847 1019
3 899 881 882
3 882 883 899
3 883 861 899
3 996 925 884
3 952 996 884
3 938 952 786
3 863 913 9576
3 901 865 926
3 914 926 887
3 902 888 9607
3 903 915 889
3 916 904 874
3 891 850 917
3 850 839 918
3 839 931 918
3 973 932 894
3 894 853 973
3 975 907 727
3 855 896 919
3 879 842 935
3 842 823 920
3 823 897 920
3 910 859 921
3 978 9574 922
3 880 923 922
3 949 963 898
3 898 911 949
3 881 899 950
3 899 861 993
3 964 848 924
3 827 900 937
3 951 937 900
3 786 885 938
3 863 864 913
3 939 864 901
3 926 939 901
3 927 914 887
3 871 902 941
3 9607 941 902
3 904 903 9594
3 905 891 930
3 917 930 891
3 931 851 944
3 892 958 957
3 893 932 959
3 933 973 906
3 906 876 933
3 975 841 1031
3 855 1031 854
3 976 919 879
3 879 935 976
3 920 935 842
3 920 897 936
3 897 908 936
3 908 909 946
3 909 872 990
3 978 921 859
3 859 9574 978
3 912 881 992
3 950 992 881
3 964 993 861
3 965 938 885
3 885 953 965
3 886 913 953
3 939 913 864
3 966 926 914
3 868 927 867
3 915 903 9663
3 916 890 985
3 917 850 943
3 850 918 943
3 957 944 851
3 892 893 945
3 959 945 893
3 987 960 934
3 946 909 990
3 947 873 962
3 922 923 1018
3 1051 1018 923
3 963 1051 923
3 912 992 979
3 924 980 964
3 924 848 937
3 954 981 939
3 939 926 954
3 926 966 955
3 1000 927 868
3 868 928 940
3 9607 929 942
3 904 968 903
3 985 904 916
3 943 1001 917
3 944 918 931
3 892 945 958
3 973 959 932
3 973 933 974
3 895 934 986
3 960 986 934
3 987 907 988
3 975 988 907
3 855 919 989
3 961 976 935
3 920 961 935
3 936 908 946
3 990 872 1069
3 872 1006 1069
3 948 962 873
3 921 978 977
3 1007 949 911
3 1019 1007 911
3 979 1008 1019
3 1019 912 979
3 993 950 899
3 937 1022 924
3 937 951 1023
3 925 994 951
3 1009 952 938
3 938 965 1033
3 981 953 913
3 913 939 981
3 954 926 955
3 966 914 1010
3 868 940 1000
3 983 1000 940
3 941 983 940
3 941 942 983
3 942 929 984
3 929 9670 984
3 904 985 1012
3 1001 930 917
3 969 1001 943
3 956 969 943
3 943 918 956
3 918 944 970
3 944 957 971
3 957 958 1002
3 958 945 972
3 959 972 945
3 933 895 9638
3 986 9638 895
3 976 989 919
3 936 961 920
3 936 946 1058
3 990 1058 946
3 1133 991 947
3 962 1133 947
3 978 922 1050
3 922 1018 1017
3 1021 950 993
3 994 1023 951
3 952 1009 996
3 998 965 953
3 984 983 942
3 9670 967 984
3 9663 903 968
3 1012 968 904
3 930 1066 905
3 970 956 918
3 957 1002 971
3 9638 974 933
3 9640 986 960
3 960 987 9640
3 989 1015 855
3 977 978 9671
3 1017 1050 922
3 963 949 1051
3 993 964 980
3 980 924 1022
3 1022 937 1126
3 1033 965 997
3 981 998 953
3 954 955 999
3 955 966 982
3 966 1010 982
3 927 1010 914
3 1016 967 9669
3 1001 1027 930
3 1056 1001 969
3 958 972 1002
3 1003 972 959
3 1003 959 973
3 973 974 1003
3 989 976 1005
3 976 961 1005
3 961 936 1032
3 1058 990 1059
3 1083 991 1133
3 1050 9671 978
3 1007 1051 949
3 1019 1124 1007
3 1020 1008 979
3 992 1020 979
3 1126 937 1023
3 925 995 994
3 1134 996 1009
3 997 1034 1033
3 1035 997 965
3 965 998 1035
3 981 954 1024
3 999 1024 954
3 1026 999 955
3 982 1026 955
3 1010 927 1038
3 927 1000 1038
3 1040 1000 983
3 983 984 1011
3 1078 1012 985
3 1041 1065 905
3 905 1066 1041
3 1027 1066 930
3 9599 1056 969
3 971 970 944
3 1003 1002 972
3 9639 1003 974
3 986 9640 1004
3 9640 987 1014
3 988 1014 987
3 1071 1006 991
3 991 1083 1071
3 1016 1048 967
3 1016 9669 1061
3 9672 1049 9669
3 992 950 1021
3 980 1021 993
3 925 1084 995
3 925 996 1084
3 1009 938 1147
3 938 1033 1147
3 998 981 1024
3 1024 999 1025
3 1037 1026 982
3 1037 982 1010
3 1039 1038 1000
3 1000 1040 1039
3 1011 1040 983
3 1027 1001 1028
3 1001 1056 1028
3 971 1057 970
3 1002 1003 1094
3 1003 9639 1044
3 1029 1044 9639
3 1031 855 1099
3 855 1015 1099
3 1059 990 1096
3 1006 1071 1070
3 9669 1049 1061
3 1050 1049 9672
3 9672 9671 1050
3 1051 1007 1053
3 1021 1020 992
3 1009 1147 1134
3 1024 1035 998
3 999 1026 1036
3 1038 1037 1010
3 1027 1028 1079
3 1115 1028 1056
3 1042 1056 9599
3 9599 9600 1042
3 9600 970 1057
3 1093 971 1002
3 1043 1094 1003
3 1003 1044 1043
3 1029 1013 1030
3 1014 988 1046
3 988 975 1098
3 1005 1080 1015
3 1032 1082 961
3 1006 1070 1069
3 1118 1133 962
3 1017 1076 1050
3 1053 1052 1051
3 1124 1019 1054
3 1019 1008 1054
3 1022 1063 980
3 1023 994 1091
3 1055 1091 994
3 994 995 1055
3 996 1134 1060
3 1034 1072 1033
3 1025 999 1047
3 1039 1037 1038
3 1064 9662 968
3 968 1012 1064
3 1066 1027 1067
3 1093 1057 971
3 1094 1093 1002
3 1044 1029 1097
3 1029 1030 1097
3 1030 1013 1045
3 1098 1046 988
3 975 1031 1098
3 1099 1098 1031
3 1081 1005 961
3 1058 1032 936
3 1096 990 1117
3 990 1069 1117
3 996 1060 1084
3 1108 1060 1134
3 1147 1033 1072
3 1072 1034 1104
3 997 1035 1073
3 1035 1024 1073
3 1024 1025 1085
3 1036 1047 999
3 1037 1036 1026
3 1196 1053 1007
3 1007 1124 1196
3 1008 1020 1062
3 1022 1126 1090
3 1012 1078 1064
3 1065 1041 1129
3 1079 1067 1027
3 1057 1042 9600
3 1068 1093 1094
3 1097 1043 1044
3 1099 1015 1095
3 961 1082 1081
3 1109 1034 997
3 997 1073 1109
3 1024 1085 1073
3 1047 1085 1025
3 1086 9652 1048
3 1061 1049 1075
3 1049 1050 1076
3 1088 1076 1017
3 1017 1018 1077
3 1018 1051 1052
3 1125 1054 1008
3 1008 1062 1125
3 1089 1021 980
3 1063 1089 980
3 1126 1023 1091
3 1078 1065 1113
3 1130 1041 1066
3 1067 1079 1160
3 1028 1115 1079
3 1102 1079 1115
3 1042 1092 1056
3 1045 1014 1046
3 1146 1032 1058
3 1085 1047 1074
3 1105 1047 1036
3 1036 9654 1105
3 1086 1016 1087
3 1016 1061 1087
3 1075 1087 1061
3 1075 1049 1111
3 1076 1111 1049
3 1052 1077 1018
3 1020 1021 1062
3 1089 1062 1021
3 1022 1090 1063
3 1130 1129 1041
3 1101 1130 1066
3 1066 1067 1101
3 1160 1101 1067
3 1092 1115 1056
3 1116 1092 1042
3 1093 1103 1057
3 1081 1080 1005
3 1155 1082 1032
3 1058 1059 1132
3 1148 1104 1034
3 9575 1109 1073
3 9575 1073 1085
3 1047 1105 1074
3 1110 1105 9654
3 9654 9652 1110
3 1086 1110 9652
3 1088 1017 1077
3 1052 1053 1123
3 1064 1078 1113
3 1042 1057 1116
3 1103 1116 1057
3 1093 1068 1103
3 1194 1097 1030
3 1100 1095 1015
3 1015 1080 1100
3 1081 1082 1145
3 1132 1059 1096
3 1107 1084 1060
3 1108 1107 1060
3 1147 1072 1156
3 1109 1148 1034
3 1087 1110 1086
3 1106 1122 1087
3 1087 1075 1106
3 1075 1111 1106
3 1111 1076 1139
3 1196 1123 1053
3 1217 1062 1089
3 1140 1063 1090
3 1152 1055 995
3 995 1084 1152
3 1114 1113 1065
3 1065 1129 1114
3 1142 1102 1115
3 1116 1187 1092
3 1094 1043 1068
3 1045 1154 1030
3 1100 1144 1095
3 1171 1133 1118
3 1194 1169 1097
3 1098 1099 1143
3 1099 1095 1143
3 1132 1096 1161
3 1079 1102 1153
3 1125 1124 1054
3 1151 1125 1062
3 1217 1089 1177
3 1089 1063 1177
3 1140 1177 1063
3 1090 1126 1184
3 1126 1091 1185
3 1107 1152 1084
3 1072 1104 1119
3 1148 1119 1104
3 1109 9575 1135
3 9575 1074 1135
3 1074 1105 1157
3 1121 1157 1105
3 1105 1110 1121
3 1110 1087 1136
3 1122 1136 1087
3 1088 1077 1198
3 1107 1108 1162
3 1119 1156 1072
3 1148 1109 1120
3 1109 1135 1120
3 1136 1121 1110
3 1138 1208 1106
3 1106 1111 1138
3 1166 1140 1090
3 1055 1185 1091
3 1127 1113 1128
3 1113 1114 1128
3 1101 1160 1186
3 1115 1092 1142
3 1092 1187 1142
3 1131 1187 1116
3 1116 1103 1131
3 1068 1131 1103
3 1154 1045 1195
3 1046 1195 1045
3 1144 1143 1095
3 1174 1100 1080
3 1080 1081 1174
3 1082 1155 1145
3 1096 1117 1161
3 1117 1069 1161
3 1134 1162 1108
3 1210 1147 1156
3 1122 1106 1137
3 1106 1208 1137
3 1076 1088 1139
3 1165 1088 1198
3 1158 1077 1052
3 1124 1125 1236
3 1184 1166 1090
3 1185 1184 1126
3 1141 1127 1192
3 1129 1130 1159
3 1130 1101 1199
3 1102 1142 1193
3 1068 1043 1173
3 1169 1173 1043
3 1071 1083 1227
3 1083 1133 1170
3 1118 1141 1171
3 1175 1171 1141
3 1162 1168 1107
3 1179 1134 1147
3 1156 1119 1178
3 1178 1119 1148
3 1120 1135 1149
3 1150 1149 1135
3 1135 1074 1150
3 1157 1150 1074
3 1157 1121 1164
3 1231 1121 1136
3 9564 1138 1111
3 1192 1175 1141
3 1160 1079 1200
3 1079 1153 1200
3 1131 1068 1189
3 1173 1189 1068
3 1030 1154 1194
3 1242 1081 1145
3 1145 1155 1253
3 1155 1032 1146
3 1202 1133 1171
3 1210 1179 1147
3 1148 1120 1163
3 1149 1163 1120
3 1150 1157 1164
3 1164 1121 1181
3 1137 1182 1122
3 1158 1123 1176
3 1268 1176 1123
3 1123 1196 1268
3 1196 1124 1290
3 1236 1290 1124
3 1203 1151 1062
3 1062 1217 1203
3 1185 1055 1167
3 1055 1152 1167
3 1168 1152 1107
3 1129 1159 1114
3 1199 1159 1130
3 1199 1101 1186
3 1222 1194 1154
3 1146 1058 1254
3 1132 1254 1058
3 1071 1227 1070
3 1083 1170 1227
3 1205 1168 1162
3 1209 1162 1134
3 1179 1209 1134
3 1206 1210 1156
3 1163 1178 1148
3 1231 1181 1121
3 1139 1088 1165
3 1236 1125 1237
3 1217 1177 1243
3 1159 1199 1172
3 1160 1200 1221
3 1195 1222 1154
3 1098 1143 1212
3 1143 1144 1190
3 1253 1242 1145
3 1283 1170 1133
3 1133 1202 1283
3 1149 1150 1180
3 1181 1207 1164
3 1136 1122 1182
3 1208 1138 1248
3 1176 1277 1158
3 1125 1151 1237
3 1140 1183 1177
3 1204 1167 1152
3 1168 1204 1152
3 1114 1159 1220
3 1221 1186 1160
3 1102 1193 1153
3 1188 1187 1131
3 1189 1188 1131
3 1046 1098 1212
3 1224 1212 1143
3 1190 1224 1143
3 1144 1100 1225
3 1253 1155 1213
3 1161 1069 1201
3 1187 1193 1142
3 1173 1169 1241
3 1195 1046 1212
3 1100 1174 1225
3 1191 1225 1174
3 1174 1081 1191
3 1242 1191 1081
3 1132 1161 1341
3 1256 1202 1171
3 1257 1171 1175
3 1290 1268 1196
3 1244 1243 1177
3 1183 1244 1177
3 1140 1166 1183
3 1156 1178 1206
3 1163 1206 1178
3 1163 1149 1197
3 1180 1197 1149
3 1164 1180 1150
3 1215 1181 1231
3 1182 1231 1136
3 9564 1248 1138
3 1235 1077 1158
3 1205 1162 1209
3 1263 1197 1180
3 1208 1248 1247
3 1198 1077 1234
3 1151 1203 1216
3 1203 1217 1238
3 1185 1167 1219
3 1204 1168 1261
3 1168 1205 1261
3 1220 1192 1114
3 1159 1172 1220
3 1221 1199 1186
3 1188 1193 1187
3 1189 1173 1211
3 1169 1194 1293
3 1190 1144 1304
3 1225 1304 1144
3 1225 1191 1226
3 1069 1070 1255
3 1070 1227 1282
3 1256 1171 1257
3 1175 1192 1228
3 1220 1228 1192
3 1211 1188 1189
3 1241 1211 1173
3 1222 1195 1223
3 1212 1223 1195
3 1146 1213 1155
3 1201 1069 1255
3 1216 1237 1151
3 1166 1184 1259
3 1184 1185 1218
3 1204 1219 1167
3 1206 1163 1214
3 1164 1207 1180
3 1181 1215 1230
3 1137 1208 1232
3 1165 1289 1139
3 1077 1235 1234
3 1228 1220 1269
3 1250 1172 1199
3 1199 1221 1344
3 1193 1188 1239
3 1211 1239 1188
3 1241 1169 1321
3 1240 1254 1132
3 1201 1341 1161
3 1070 1282 1255
3 1257 1175 1228
3 1203 1238 1216
3 1183 1166 1245
3 1166 1259 1245
3 1260 1219 1204
3 1261 1260 1204
3 1209 1312 1205
3 1197 1214 1163
3 1207 1263 1180
3 1247 1233 1208
3 1165 1198 1376
3 1179 1210 1229
3 1265 1229 1210
3 1210 1206 1265
3 1262 1265 1206
3 1214 1262 1206
3 1230 1207 1181
3 1246 1231 1182
3 1233 1232 1208
3 9564 1139 1289
3 1219 1218 1185
3 1220 1172 1249
3 1251 1200 1153
3 1153 1193 1251
3 1293 1194 1252
3 1194 1222 1252
3 1304 1224 1190
3 1304 1225 1274
3 1191 1242 1295
3 1253 1295 1242
3 1132 1341 1240
3 1209 1179 1276
3 1307 1267 1215
3 1231 1307 1215
3 1247 1264 1233
3 1243 1238 1217
3 1245 1244 1183
3 1184 1218 1259
3 1260 1218 1219
3 1312 1261 1205
3 1269 1292 1228
3 1249 1172 1250
3 1251 1221 1200
3 1239 1251 1193
3 1239 1211 1279
3 1321 1271 1241
3 1302 1252 1222
3 1272 1302 1222
3 1226 1274 1225
3 1254 1296 1146
3 1228 1292 1257
3 1276 1312 1209
3 1263 1207 1288
3 1230 1288 1207
3 1230 1215 1267
3 1246 1307 1231
3 1182 1137 1232
3 1176 1315 1277
3 1268 1360 1176
3 1258 1290 1236
3 1236 1237 1258
3 1237 1216 1258
3 1216 1238 1258
3 1243 1244 1291
3 1327 1245 1259
3 1249 1269 1220
3 1199 1344 1250
3 1321 1169 1345
3 1293 1345 1169
3 1222 1223 1272
3 1212 1273 1223
3 1226 1191 1305
3 1295 1305 1191
3 1213 1146 1296
3 1221 1251 1278
3 1270 1251 1239
3 1279 1270 1239
3 1211 1241 1279
3 1241 1271 1279
3 1294 1212 1224
3 1274 1226 1305
3 1295 1253 1281
3 1255 1306 1201
3 1366 1227 1170
3 1311 1283 1202
3 1202 1256 1311
3 1257 1292 1284
3 1360 1315 1176
3 1258 1238 1316
3 1266 1262 1214
3 1214 1197 1266
3 1267 1288 1230
3 1232 1246 1182
3 1232 1233 1334
3 1264 1334 1233
3 1308 1264 1247
3 1247 1248 1308
3 1298 1308 1248
3 1299 1298 1248
3 1248 9564 1299
3 9564 1289 1299
3 1376 1198 1234
3 1250 1344 1339
3 1301 1344 1221
3 1252 1302 1280
3 1302 1272 1329
3 1273 1272 1223
3 1273 1212 1294
3 1224 1304 1294
3 1275 1306 1255
3 1268 1290 1300
3 1316 1238 1243
3 1259 1218 1319
3 1260 1261 1355
3 1331 1355 1261
3 1261 1312 1331
3 1276 1179 1325
3 1229 1325 1179
3 1229 1265 1325
3 1286 1313 1265
3 1266 1286 1262
3 1287 1266 1197
3 1197 1263 1287
3 1288 1287 1263
3 1325 1265 1285
3 1313 1285 1265
3 1265 1262 1286
3 1369 1286 1266
3 1288 1267 1297
3 1307 1333 1267
3 1165 1376 1335
3 1235 1277 1359
3 1360 1268 1387
3 1316 1337 1258
3 1316 1243 1317
3 1260 1309 1218
3 1249 1292 1269
3 1221 1278 1301
3 1251 1270 1278
3 1279 1271 1348
3 1303 1272 1273
3 1352 1305 1295
3 1170 1283 1366
3 1312 1276 1356
3 1332 1356 1276
3 1325 1332 1276
3 1333 1297 1267
3 1289 1165 1335
3 1359 1234 1235
3 1315 1359 1277
3 1387 1268 1300
3 1337 1300 1290
3 1318 1291 1244
3 1327 1259 1319
3 1355 1309 1260
3 1328 1346 1249
3 1250 1328 1249
3 1250 1339 1328
3 1252 1391 1293
3 1305 1351 1274
3 1213 1281 1253
3 1296 1382 1213
3 1275 1255 1353
3 1255 1282 1353
3 1282 1227 1366
3 1283 1311 1383
3 1256 1257 1354
3 1297 1287 1288
3 1299 1289 1371
3 1290 1258 1337
3 1316 1317 1338
3 1243 1291 1318
3 1218 1309 1319
3 1292 1249 1320
3 1346 1320 1249
3 1310 1301 1278
3 1278 1270 1310
3 1270 1279 1310
3 1348 1310 1279
3 1271 1321 1380
3 1391 1345 1293
3 1391 1252 1280
3 1322 1280 1302
3 1303 1329 1272
3 1303 1273 1365
3 1294 1304 1340
3 1304 1274 1330
3 1274 1351 1330
3 1305 1352 1323
3 1296 1254 1240
3 1383 1366 1283
3 1307 1398 1333
3 1298 1299 1326
3 1371 1326 1299
3 1317 1243 1363
3 1318 1363 1243
3 1244 1245 1318
3 1327 1318 1245
3 1319 1364 1327
3 1321 1345 1373
3 1329 1322 1302
3 1273 1294 1365
3 1323 1351 1305
3 1366 1406 1282
3 1354 1257 1324
3 1284 1324 1257
3 1284 1292 1320
3 1285 1313 1368
3 1313 1286 1314
3 1369 1314 1286
3 1266 1287 1342
3 1287 1297 1358
3 1297 1333 1358
3 1232 1370 1246
3 1232 1334 1408
3 1361 1371 1289
3 1301 1310 1347
3 1380 1348 1271
3 1280 1322 1349
3 1304 1330 1340
3 1367 1331 1312
3 1356 1367 1312
3 1285 1368 1384
3 1368 1313 1314
3 1369 1266 1342
3 1386 1398 1307
3 1246 1386 1307
3 1408 1370 1232
3 1417 1343 1264
3 1264 1308 1417
3 1308 1298 1400
3 1326 1400 1298
3 1376 1234 1362
3 1359 1362 1234
3 1359 1315 1336
3 1459 1363 1318
3 1364 1379 1327
3 1346 1328 1420
3 1403 1339 1344
3 1421 1344 1301
3 1347 1421 1301
3 1380 1321 1430
3 1349 1391 1280
3 1329 1303 1350
3 1303 1365 1350
3 1340 1365 1294
3 1423 1340 1330
3 1444 1351 1323
3 1281 1352 1295
3 1462 1353 1282
3 1282 1406 1462
3 1325 1285 1357
3 1384 1357 1285
3 1368 1314 1385
3 1287 1358 1342
3 1386 1246 1370
3 1387 1300 1419
3 1379 1318 1327
3 1309 1355 1372
3 1348 1347 1310
3 1330 1351 1423
3 1281 1213 1382
3 1375 1240 1341
3 1414 1201 1306
3 1306 1275 1434
3 1342 1358 1397
3 1399 1408 1334
3 1334 1264 1455
3 1264 1343 1455
3 1326 1371 1446
3 1337 1316 1388
3 1319 1309 1364
3 1309 1372 1364
3 1403 1328 1339
3 1349 1322 1442
3 1442 1322 1443
3 1322 1329 1374
3 1414 1375 1341
3 1341 1201 1414
3 1256 1354 1311
3 1324 1473 1354
3 1335 1361 1289
3 1336 1315 1418
3 1378 1300 1337
3 1388 1316 1338
3 1379 1390 1318
3 1331 1435 1355
3 1404 1421 1347
3 1347 1348 1404
3 1321 1373 1430
3 1374 1443 1322
3 1350 1374 1329
3 1413 1423 1351
3 1382 1461 1281
3 1240 1375 1394
3 1275 1353 1424
3 1320 1346 1410
3 1420 1410 1346
3 1328 1403 1411
3 1348 1380 1441
3 1352 1281 1461
3 1394 1296 1240
3 1424 1434 1275
3 1284 1320 1485
3 1300 1378 1377
3 1378 1337 1388
3 1428 1338 1317
3 1363 1459 1389
3 1372 1355 1435
3 1357 1384 1415
3 1368 1416 1384
3 1358 1333 1397
3 1398 1397 1333
3 1455 1399 1334
3 1362 1359 1427
3 1360 1418 1315
3 1367 1435 1331
3 1396 1385 1314
3 1314 1369 1396
3 1436 1369 1342
3 1388 1338 1439
3 1344 1421 1403
3 1441 1404 1348
3 1405 1373 1345
3 1391 1405 1345
3 1350 1365 1392
3 1352 1444 1323
3 1414 1306 1434
3 1406 1366 1450
3 1463 1366 1383
3 1485 1324 1284
3 1325 1357 1332
3 1369 1436 1396
3 1386 1370 1453
3 1408 1407 1370
3 1438 1427 1336
3 1317 1363 1389
3 1364 1372 1447
3 1372 1435 1409
3 1411 1420 1328
3 1412 1430 1373
3 1405 1482 1373
3 1365 1340 1392
3 1393 1392 1340
3 1423 1393 1340
3 1381 1352 1461
3 1382 1296 1394
3 1353 1462 1424
3 1332 1357 1452
3 1453 1398 1386
3 1400 1326 1446
3 1401 1335 1376
3 1362 1427 1487
3 1419 1377 1402
3 1458 1377 1378
3 1447 1390 1379
3 1447 1372 1409
3 1320 1410 1395
3 1429 1403 1421
3 1482 1412 1373
3 1405 1391 1448
3 1391 1349 1432
3 1422 1374 1350
3 1350 1392 1422
3 1354 1473 1311
3 1485 1320 1395
3 1356 1451 1367
3 1384 1416 1415
3 1385 1476 1368
3 1407 1453 1370
3 1376 1362 1401
3 1360 1387 1457
3 1378 1388 1439
3 1428 1317 1389
3 1467 1459 1318
3 1318 1390 1467
3 1379 1364 1447
3 1441 1380 1430
3 1412 1431 1430
3 1432 1448 1391
3 1444 1413 1351
3 1394 1375 1433
3 1375 1414 1580
3 1415 1452 1357
3 1416 1368 1476
3 1342 1397 1436
3 1398 1426 1397
3 1408 1399 1454
3 1518 1455 1343
3 1343 1417 1477
3 1446 1371 1437
3 1371 1361 1437
3 1335 1505 1361
3 1487 1401 1362
3 1419 1457 1387
3 1409 1435 1460
3 1420 1411 1493
3 1349 1442 1432
3 1443 1374 1422
3 1444 1352 1445
3 1449 1445 1352
3 1381 1449 1352
3 1450 1498 1462
3 1462 1406 1450
3 1366 1463 1450
3 1324 1551 1473
3 1551 1324 1485
3 1451 1435 1367
3 1356 1332 1451
3 1425 1451 1332
3 1452 1425 1332
3 1396 1476 1385
3 1436 1397 1426
3 1454 1407 1408
3 1477 1518 1343
3 1308 1400 1510
3 1439 1338 1428
3 1428 1389 1440
3 1389 1459 1508
3 1460 1447 1409
3 1493 1513 1420
3 1488 1421 1404
3 1441 1488 1404
3 1470 1392 1393
3 1538 1463 1383
3 1383 1311 1538
3 1473 1538 1311
3 1416 1476 1475
3 1455 1454 1399
3 1417 1308 1510
3 1437 1361 1504
3 1505 1504 1361
3 1418 1438 1336
3 1457 1419 1519
3 1419 1402 1519
3 1458 1378 1478
3 1378 1439 1478
3 1561 1432 1442
3 1422 1392 1470
3 1393 1423 1471
3 1472 1423 1413
3 1413 1444 1472
3 1580 1433 1375
3 1525 1414 1434
3 1436 1528 1396
3 1486 1453 1407
3 1477 1417 1555
3 1446 1437 1503
3 1401 1505 1335
3 1457 1418 1360
3 1377 1657 1402
3 1458 1531 1377
3 1439 1428 1479
3 1447 1460 1468
3 1431 1412 1489
3 1448 1432 1494
3 1381 1461 1449
3 1435 1451 1474
3 1499 1466 1415
3 1415 1416 1499
3 1510 1555 1417
3 1502 1510 1400
3 1657 1377 1658
3 1531 1658 1377
3 1468 1480 1447
3 1474 1460 1435
3 1513 1410 1420
3 1481 1411 1403
3 1509 1481 1403
3 1403 1429 1509
3 1488 1429 1421
3 1441 1430 1522
3 1431 1522 1430
3 1412 1482 1489
3 1448 1482 1405
3 1442 1443 1561
3 1443 1422 1464
3 1471 1470 1393
3 1472 1471 1423
3 1445 1472 1444
3 1485 1484 1551
3 1451 1425 1465
3 1452 1465 1425
3 1500 1476 1396
3 1453 1426 1398
3 1454 1486 1407
3 1556 1437 1504
3 1478 1439 1479
3 1440 1479 1428
3 1395 1410 1521
3 1481 1493 1411
3 1514 1509 1429
3 1429 1488 1469
3 1522 1488 1441
3 1490 1482 1448
3 1494 1490 1448
3 1422 1470 1515
3 1449 1461 1496
3 1433 1580 1545
3 1497 1580 1414
3 1414 1525 1497
3 1450 1463 1498
3 1463 1538 1546
3 1517 1474 1451
3 1465 1517 1451
3 1452 1415 1466
3 1396 1528 1500
3 1486 1454 1501
3 1501 1454 1455
3 1503 1502 1400
3 1400 1446 1503
3 1557 1438 1418
3 1519 1491 1457
3 1506 1531 1458
3 1520 1506 1458
3 1520 1458 1478
3 1467 1390 1447
3 1480 1467 1447
3 1524 1496 1461
3 1382 1524 1461
3 1525 1434 1483
3 1434 1424 1483
3 1521 1485 1395
3 1416 1475 1499
3 1581 1426 1453
3 1518 1456 1455
3 1557 1487 1427
3 1478 1479 1507
3 1532 1507 1479
3 1508 1440 1389
3 1561 1494 1432
3 1471 1472 1516
3 1394 1524 1382
3 1546 1498 1463
3 1551 1574 1473
3 1484 1485 1587
3 1453 1486 1581
3 1401 1487 1530
3 1418 1457 1491
3 1520 1478 1507
3 1508 1459 1512
3 1459 1467 1512
3 1468 1460 1541
3 1464 1422 1495
3 1422 1515 1495
3 1445 1449 1536
3 1528 1436 1581
3 1436 1426 1581
3 1501 1455 1456
3 1503 1437 1556
3 1492 1532 1479
3 1479 1440 1492
3 1569 1480 1468
3 1474 1541 1460
3 1542 1521 1410
3 1513 1542 1410
3 1429 1469 1514
3 1522 1431 1559
3 1523 1559 1431
3 1470 1471 1516
3 1535 1516 1472
3 1496 1536 1449
3 1498 1546 1526
3 1574 1538 1473
3 1452 1466 1527
3 1565 1476 1500
3 1518 1477 1554
3 1555 1567 1477
3 1502 1503 1568
3 1591 1467 1480
3 1469 1488 1522
3 1431 1489 1523
3 1534 1489 1482
3 1490 1585 1482
3 1561 1443 1606
3 1464 1606 1443
3 1537 1524 1394
3 1394 1433 1537
3 1433 1545 1537
3 1526 1424 1462
3 1462 1498 1526
3 1474 1517 1539
3 1527 1517 1465
3 1465 1452 1527
3 1499 1552 1466
3 1576 1565 1500
3 1528 1576 1500
3 1501 1456 1547
3 1567 1554 1477
3 1568 1503 1511
3 1519 1402 1650
3 1657 1650 1402
3 1541 1548 1468
3 1481 1509 1533
3 1522 1570 1469
3 1559 1543 1522
3 1482 1585 1534
3 1490 1494 1579
3 1516 1515 1470
3 1544 1535 1472
3 1445 1544 1472
3 1536 1496 1595
3 1483 1586 1525
3 1483 1424 1609
3 1424 1526 1609
3 1526 1546 1604
3 1587 1485 1521
3 1527 1466 1552
3 1529 1581 1486
3 1486 1501 1529
3 1456 1518 1553
3 1503 1556 1648
3 1505 1401 1530
3 1418 1491 1726
3 1492 1440 1558
3 1508 1558 1440
3 1480 1569 1591
3 1623 1513 1493
3 1549 1493 1481
3 1509 1514 1533
3 1561 1579 1494
3 1545 1608 1537
3 1547 1529 1501
3 1553 1547 1456
3 1554 1553 1518
3 1540 1504 1505
3 1530 1582 1505
3 9565 1530 1487
3 1625 1491 1519
3 1650 1625 1519
3 1612 1520 1507
3 1614 1558 1508
3 1512 1614 1508
3 1467 1591 1512
3 1548 1569 1468
3 1541 1474 1539
3 1493 1549 1623
3 1481 1533 1549
3 1543 1570 1522
3 1579 1585 1490
3 1562 1544 1445
3 1536 1562 1445
3 1580 1497 1668
3 1497 1525 1586
3 1609 1630 1483
3 1551 1484 1597
3 1587 1597 1484
3 1539 1517 1575
3 1517 1527 1575
3 1552 1575 1527
3 1499 1475 1599
3 1565 1475 1476
3 1581 1576 1528
3 1648 1511 1503
3 1540 1556 1504
3 1583 1557 1418
3 1600 1612 1507
3 1507 1532 1600
3 1592 1548 1541
3 1623 1605 1513
3 1514 1469 1570
3 1543 1559 1603
3 1523 1489 1578
3 1489 1534 1578
3 1524 1595 1496
3 1586 1668 1497
3 1552 1499 1588
3 1599 1598 1499
3 1547 1553 1589
3 1554 1567 1617
3 1555 1510 1618
3 1577 1530 9565
3 1612 1506 1520
3 1532 1492 1601
3 1558 1601 1492
3 1541 1539 1592
3 1521 1542 1611
3 1605 1542 1513
3 1584 1570 1543
3 1534 1678 1578
3 1495 1515 1572
3 1515 1516 1572
3 1550 1572 1516
3 1538 1574 1669
3 1551 1564 1574
3 1598 1588 1499
3 1529 1547 1566
3 1547 1589 1566
3 1505 1582 1540
3 1512 1591 1590
3 1514 1570 1533
3 1559 1523 1571
3 1523 1560 1571
3 1578 1560 1523
3 1534 1585 1678
3 1606 1464 1659
3 1464 1495 1659
3 1550 1516 1628
3 1516 1535 1628
3 1562 1536 1594
3 1595 1594 1536
3 1630 1586 1483
3 1597 1564 1551
3 1645 1587 1521
3 1521 1611 1645
3 1618 1567 1555
3 1635 1582 1530
3 1530 1577 1635
3 1583 1418 1726
3 1726 1491 1656
3 1600 1532 1601
3 1548 1592 1621
3 1533 1593 1549
3 1571 1603 1559
3 1640 1678 1585
3 1535 1544 1643
3 1524 1537 1573
3 1654 1575 1552
3 1598 1599 1631
3 1475 1565 1599
3 1576 1689 1565
3 1581 1529 1632
3 1568 1511 1634
3 1512 1590 1614
3 1620 1591 1569
3 1638 1620 1569
3 1569 1548 1638
3 1621 1638 1548
3 1623 1549 1664
3 1584 1639 1570
3 1602 1584 1543
3 1543 1603 1602
3 1545 1580 1731
3 1609 1526 1596
3 1652 1604 1546
3 1546 1644 1652
3 1592 1539 1615
3 1588 1654 1552
3 1617 1553 1554
3 1540 1648 1556
3 1655 1577 9565
3 9565 1583 1655
3 1625 1656 1491
3 1641 1579 1561
3 1535 1643 1607
3 1562 1643 1544
3 1608 1720 1537
3 1668 1731 1580
3 1563 1596 1526
3 1604 1563 1526
3 1610 1546 1538
3 1538 1669 1610
3 1539 1575 1616
3 1575 1654 1616
3 1631 1599 1565
3 1632 1576 1581
3 1635 1540 1582
3 1636 1655 1583
3 1726 1636 1583
3 1637 1612 1600
3 1558 1613 1601
3 1686 1627 1584
3 1602 1686 1584
3 1659 1642 1606
3 1607 1628 1535
3 1573 1595 1524
3 1574 1564 1669
3 1587 1624 1597
3 1587 1645 1624
3 1529 1566 1632
3 1567 1618 1739
3 1613 1558 1614
3 1614 1590 1670
3 1620 1626 1591
3 1611 1542 1675
3 1533 1570 1690
3 1627 1639 1584
3 1579 1640 1585
3 1545 1731 1608
3 1652 1563 1604
3 1610 1644 1546
3 1588 1598 1661
3 1598 1631 1661
3 1689 1631 1565
3 1739 1617 1567
3 1510 1502 1633
3 1568 1633 1502
3 1656 1625 1649
3 1600 1601 1637
3 1706 1637 1601
3 1613 1706 1601
3 1590 1591 1626
3 1621 1592 1622
3 1592 1615 1622
3 1651 1593 1533
3 1533 1690 1651
3 1603 1677 1602
3 1603 1571 1677
3 1641 1561 1606
3 1572 1659 1495
3 1668 1586 1679
3 1674 1630 1609
3 1542 1605 1675
3 1570 1639 1690
3 1673 1571 1560
3 1578 1673 1560
3 1641 1640 1579
3 1572 1550 1628
3 1595 1573 1629
3 1645 1611 1653
3 1675 1653 1611
3 1625 1650 1683
3 1658 1713 1657
3 1670 1619 1614
3 1616 1646 1615
3 1615 1539 1616
3 1553 1733 1589
3 1553 1617 1733
3 1618 1510 1748
3 1633 1748 1510
3 1633 1568 1740
3 1634 1740 1568
3 1632 1566 1663
3 1540 1635 1696
3 1696 1635 1577
3 1726 1656 1727
3 1613 1614 1619
3 1626 1670 1590
3 1638 1621 1672
3 1701 1605 1623
3 1623 1664 1701
3 1783 1690 1639
3 1673 1677 1571
3 1667 1573 1537
3 1537 1720 1667
3 1660 1703 1624
3 1624 1645 1660
3 1661 1680 1588
3 1647 1566 1589
3 1696 1577 1655
3 1684 1506 1612
3 1615 1646 1622
3 1701 1675 1605
3 1639 1627 1692
3 1578 1678 1673
3 1586 1630 1674
3 1596 1674 1609
3 1694 1646 1616
3 1654 1588 1680
3 1689 1576 1632
3 1695 1647 1589
3 1683 1650 1763
3 1658 1531 1714
3 1531 1506 1714
3 1758 1684 1612
3 1706 1613 1734
3 1619 1734 1613
3 1620 1638 1672
3 1718 1664 1549
3 1686 1692 1627
3 1641 1606 1687
3 1642 1687 1606
3 1659 1572 1738
3 1573 1667 1629
3 1596 1563 1688
3 1652 1644 1757
3 1564 1597 1703
3 1597 1624 1703
3 1662 1661 1631
3 1511 1648 1724
3 1725 1648 1540
3 1649 1625 1683
3 1657 1763 1650
3 1728 1612 1637
3 1671 1626 1620
3 1783 1691 1690
3 1686 1602 1665
3 1772 1731 1668
3 1707 1660 1645
3 1680 1746 1654
3 1689 1662 1631
3 1566 1647 1663
3 1511 1704 1634
3 1649 1727 1656
3 1684 1715 1506
3 1612 1728 1758
3 1670 1685 1619
3 1670 1626 1671
3 1620 1672 1717
3 1677 1665 1602
3 1677 1673 1730
3 1719 1673 1678
3 1641 1755 1640
3 1628 1738 1572
3 1666 1607 1643
3 1643 1562 1666
3 1807 1666 1562
3 1594 1807 1562
3 1595 1629 1693
3 1629 1667 1761
3 1839 1679 1586
3 1586 1674 1839
3 1652 1688 1563
3 1703 1660 1735
3 1645 1653 1699
3 1675 1745 1653
3 1654 1694 1616
3 1681 1680 1661
3 1661 1662 1830
3 1648 1725 1724
3 1725 1540 1696
3 1714 1506 1715
3 1622 1646 1676
3 1755 1678 1640
3 1594 1595 1693
3 1679 1772 1668
3 1757 1688 1652
3 1669 1564 1710
3 1699 1707 1645
3 1745 1699 1653
3 1661 1830 1681
3 1662 1689 1765
3 1682 1689 1632
3 1632 1663 1682
3 1647 1682 1663
3 1589 1733 1695
3 1739 1733 1617
3 1747 1739 1618
3 1747 1618 1748
3 1714 1713 1658
3 1728 1637 1706
3 1717 1671 1620
3 1672 1621 1698
3 1621 1622 1698
3 1759 1549 1593
3 1677 1730 1709
3 1642 1659 1774
3 1738 1774 1659
3 1666 1806 1607
3 1807 1594 1693
3 1667 1720 1761
3 1745 1675 1816
3 1704 1511 1724
3 1713 1763 1657
3 1734 1619 1685
3 1622 1676 1698
3 1675 1701 1700
3 1709 1665 1677
3 1678 1755 1719
3 1755 1641 1687
3 1774 1702 1642
3 1720 1608 1797
3 1703 1710 1564
3 1700 1816 1675
3 1646 1694 1711
3 1746 1694 1654
3 1696 1705 1725
3 1696 1655 9571
3 1741 9571 1655
3 1636 1741 1655
3 1727 1649 1778
3 1749 1649 1683
3 1670 1671 1743
3 1717 1716 1671
3 1697 1717 1672
3 1708 1692 1686
3 1686 1665 1708
3 1702 1687 1642
3 1761 1720 1827
3 1765 1689 1682
3 1733 1712 1695
3 1733 1739 1777
3 1799 1777 1739
3 1715 1684 1764
3 1743 1671 1716
3 1735 1660 1707
3 1794 1701 1664
3 1664 1718 1794
3 1549 1759 1718
3 1690 1691 1651
3 1596 1688 1773
3 1722 1676 1646
3 1711 1722 1646
3 1746 1809 1694
3 1681 1746 1680
3 1830 1662 1762
3 1765 1762 1662
3 1712 1647 1695
3 1726 1741 1636
3 1742 1778 1649
3 1815 1764 1684
3 1684 1758 1815
3 1734 1767 1706
3 1685 1670 1743
3 1697 1672 1698
3 1703 1735 1729
3 1593 1651 1759
3 1730 1673 1719
3 1628 1607 1775
3 1806 1775 1607
3 1757 1773 1688
3 1610 1669 1721
3 1710 1721 1669
3 1710 1703 1729
3 1694 1809 1711
3 1830 1723 1681
3 1732 1682 1647
3 1739 1747 1832
3 1763 1713 1802
3 1728 1706 1767
3 1734 1685 1779
3 1716 1717 1750
3 1794 1753 1701
3 1708 1785 1692
3 1665 1837 1708
3 1709 1760 1665
3 1693 1629 1756
3 1828 1674 1596
3 1740 1634 1766
3 1704 1766 1634
3 1705 1812 1725
3 1649 1749 1742
3 1683 1763 1749
3 1713 1714 1814
3 1714 1715 1866
3 1764 1866 1715
3 1769 1698 1676
3 1722 1769 1676
3 1752 1699 1745
3 1736 1794 1718
3 1639 1692 1754
3 1760 1837 1665
3 1730 1719 1709
3 1687 1702 1737
3 1774 1737 1702
3 1773 1828 1596
3 1647 1712 1732
3 1812 1724 1725
3 1726 1727 1778
3 1749 1763 1847
3 1767 1823 1728
3 1743 1779 1685
3 1743 1716 1803
3 1792 1735 1707
3 1744 1751 1707
3 1707 1699 1744
3 1752 1744 1699
3 1805 1782 1718
3 1718 1759 1805
3 1754 1783 1639
3 1785 1784 1692
3 1809 1722 1711
3 1682 1732 1788
3 1748 1633 1800
3 1705 9571 1812
3 1768 1750 1717
3 1768 1717 1697
3 1698 1781 1697
3 1707 1751 1792
3 1753 1793 1700
3 1795 1709 1719
3 1737 1755 1687
3 1738 1796 1774
3 1738 1628 1796
3 1807 1806 1666
3 1807 1693 1821
3 1756 1821 1693
3 1732 1712 1798
3 1777 1712 1733
3 1874 1799 1739
3 1800 1633 1853
3 1766 1853 1633
3 1633 1740 1766
3 1789 1704 1724
3 1813 1812 9571
3 1742 1846 1778
3 1779 1743 1803
3 1781 1768 1697
3 1816 1752 1745
3 1816 1700 1817
3 1793 1817 1700
3 1755 1795 1719
3 1796 1628 1775
3 1806 1807 1771
3 1826 1629 1761
3 1797 1827 1720
3 1608 1731 1797
3 1787 1644 1610
3 1610 1721 1787
3 1723 1746 1681
3 1682 1788 1811
3 1845 1798 1712
3 1739 1832 1874
3 1748 1832 1747
3 1741 1813 9571
3 1908 1801 1741
3 1741 1726 1908
3 1778 1908 1726
3 1767 1734 1859
3 1729 1735 1804
3 1744 1792 1751
3 1718 1782 1736
3 1759 1651 1836
3 1691 1836 1651
3 1826 1756 1629
3 1917 1826 1761
3 1772 1797 1731
3 1772 1679 1883
3 1679 1839 1883
3 1787 1757 1644
3 1810 1762 1765
3 1732 1798 1788
3 1866 1814 1714
3 1823 1758 1728
3 1779 1859 1734
3 1769 1781 1698
3 1770 1744 1752
3 1691 1783 1926
3 1760 1709 1795
3 1820 1819 1755
3 1755 1737 1820
3 1839 1674 1828
3 1757 1776 1773
3 1841 1769 1722
3 1722 1809 1841
3 1811 1765 1682
3 1832 1748 1885
3 1800 1885 1748
3 1781 1780 1768
3 1804 1735 1870
3 1792 1870 1735
3 1862 1770 1752
3 1752 1816 1862
3 1753 1794 1849
3 1794 1736 1864
3 1754 1692 1877
3 1784 1877 1692
3 1760 1795 1786
3 1806 1891 1775
3 1776 1757 1808
3 1809 1746 1842
3 1723 1842 1746
3 1830 1762 1822
3 1765 1811 1810
3 1812 1789 1724
3 1813 1741 1801
3 1758 1823 1791
3 1750 1768 1860
3 1780 1860 1768
3 1818 1785 1708
3 1708 1837 1818
3 1761 1827 1917
3 1828 1773 1776
3 1811 1788 1872
3 1814 1802 1713
3 1764 1815 1790
3 1758 1791 1815
3 1891 1796 1775
3 1855 1771 1807
3 1826 1821 1756
3 1721 1710 1851
3 1729 1851 1710
3 1979 1799 1874
3 1853 1766 2049
3 1704 1886 1766
3 1908 1778 1833
3 1846 1833 1778
3 1779 1803 1890
3 1792 1744 1835
3 1816 1817 1863
3 1836 1805 1759
3 1926 1836 1691
3 1783 1901 1926
3 1783 1754 1901
3 1877 1784 1927
3 1838 1820 1737
3 1825 1838 1737
3 1774 1825 1737
3 1828 1902 1839
3 1808 1757 1884
3 1757 1787 1884
3 1787 1721 1892
3 1762 1810 1822
3 1872 1788 1798
3 1979 1873 1799
3 1886 2049 1766
3 1812 1813 1887
3 1802 1847 1763
3 1859 1896 1767
3 1716 1750 1834
3 1750 1860 1834
3 1861 1780 1781
3 1824 1835 1744
3 1794 1864 1849
3 1818 1784 1785
3 1786 1854 1760
3 1865 1786 1795
3 1819 1865 1795
3 1821 1881 1807
3 1917 1827 1867
3 1882 1867 1827
3 1912 1827 1797
3 1830 1844 1723
3 1822 1831 1830
3 1777 1799 1924
3 1873 1924 1799
3 1866 1764 1790
3 1834 1890 1803
3 1803 1716 1834
3 1769 1861 1781
3 1770 1824 1744
3 1862 1848 1770
3 1837 1760 1854
3 1820 1865 1819
3 1796 1825 1774
3 1891 1806 1880
3 1806 1771 1880
3 1881 1855 1807
3 1797 1772 1868
3 1776 1840 1828
3 1804 1851 1729
3 1809 1852 1841
3 1842 1852 1809
3 1810 1811 1872
3 1924 1712 1777
3 1704 1789 1925
3 1749 1847 1894
3 1896 1823 1767
3 1816 1863 1862
3 1855 1880 1771
3 1821 1826 1881
3 1868 1912 1797
3 1776 1808 1829
3 1884 1829 1808
3 1843 1842 1723
3 1909 1894 1847
3 1890 1859 1779
3 1754 1877 1947
3 1865 1820 1879
3 1902 1828 1840
3 1829 1840 1776
3 1851 1892 1721
3 1844 1830 1857
3 1872 1871 1810
3 1887 1914 1812
3 1801 1887 1813
3 1894 1858 1749
3 1802 1814 2024
3 1910 2024 1814
3 1905 1910 1814
3 1814 1866 1905
3 1861 1769 1899
3 1817 1849 1876
3 1947 1901 1754
3 1818 1878 1784
3 1786 1865 1915
3 1883 1839 1907
3 1907 1839 1902
3 1840 1829 1850
3 1869 1850 1829
3 1829 1884 1869
3 1769 1841 1856
3 1844 1843 1723
3 1872 1798 1922
3 1798 1845 1922
3 1845 1712 1923
3 1924 1923 1712
3 1873 1979 1967
3 1832 1936 1874
3 1858 1833 1846
3 1895 1909 1847
3 1847 1802 1895
3 2024 1895 1802
3 1823 1896 1889
3 1965 1804 1870
3 1870 1792 1930
3 1835 1930 1792
3 1920 1835 1824
3 1893 1824 1770
3 1770 1848 1893
3 1848 1862 1911
3 1876 1863 1817
3 1736 1782 1864
3 1818 1837 1940
3 1837 1854 1940
3 1879 1820 1941
3 1838 1941 1820
3 1796 1934 1825
3 1882 1827 1912
3 1883 1868 1772
3 1892 1884 1787
3 1842 1843 1950
3 1831 1857 1830
3 1871 1822 1810
3 1885 1936 1832
3 1925 1886 1704
3 1791 1823 1889
3 1834 1860 1938
3 1780 1861 1898
3 1939 1898 1861
3 1849 1864 1900
3 1878 1818 2062
3 1786 1915 1854
3 1912 1868 1995
3 1841 1852 1856
3 1852 1842 1950
3 1822 1871 1921
3 1866 1790 1937
3 1896 1859 1945
3 1898 1860 1780
3 1862 1863 1911
3 1926 2014 1836
3 1940 1928 1818
3 1865 1879 1915
3 1855 1881 1985
3 1868 1883 1962
3 1954 1930 1835
3 1923 1922 1845
3 1873 1967 1978
3 1905 1866 1937
3 1815 1791 1790
3 1859 1897 1945
3 1890 1897 1859
3 1890 1834 1938
3 1863 1876 1946
3 1876 1849 1957
3 1836 1933 1805
3 1915 1940 1854
3 1985 1916 1855
3 1919 1850 1869
3 1929 1851 1804
3 1804 1965 1929
3 1893 1920 1824
3 1922 1931 1872
3 1978 1924 1873
3 1979 1874 1980
3 1936 1980 1874
3 1886 1925 1903
3 1908 1833 1888
3 1932 1897 1890
3 1769 1856 1899
3 1863 1946 1911
3 1971 1900 1864
3 1973 1782 1805
3 1805 1933 1973
3 1878 1927 1784
3 1961 1891 1880
3 1855 1916 1880
3 1906 1881 1826
3 1826 1917 1906
3 1869 1884 1913
3 1892 1913 1884
3 1920 1954 1835
3 1831 1935 1857
3 1800 1944 1885
3 1904 1875 1887
3 1887 1801 1904
3 1908 1904 1801
3 1938 1860 1898
3 1861 1899 1939
3 1911 1893 1848
3 1782 1973 1972
3 2062 1818 1928
3 1879 1941 1959
3 1796 1891 1961
3 1985 1881 1906
3 1918 1902 1840
3 1840 1850 1963
3 1913 1919 1869
3 1851 1964 1892
3 1930 1965 1870
3 1920 1893 2007
3 1931 1871 1872
3 1931 1922 1999
3 1853 2049 1800
3 1909 1858 1894
3 1955 1790 1791
3 1889 1955 1791
3 1933 1836 2014
3 1958 1926 1901
3 1901 1947 1958
3 1915 1879 1952
3 1919 1963 1850
3 1831 1822 1988
3 1969 1889 1896
3 2010 1945 1897
3 1946 1876 1957
3 1879 1959 1952
3 1934 1838 1825
3 1961 1934 1796
3 1942 1962 1883
3 1919 1913 1943
3 1964 1913 1892
3 1950 1856 1852
3 1988 1935 1831
3 1921 1988 1822
3 2049 1944 1800
3 1925 1914 2001
3 1904 1908 2032
3 1888 2032 1908
3 1833 1858 2003
3 1889 1969 1968
3 1932 1890 1938
3 1880 1916 1949
3 1962 1995 1868
3 1907 1942 1883
3 1986 1907 1902
3 1840 1963 1918
3 1922 1923 1999
3 1903 1982 1886
3 1875 2001 1914
3 1905 1937 2009
3 1932 2010 1897
3 1938 1898 2005
3 1946 2051 1911
3 1991 1957 1849
3 1849 1900 1991
3 1927 1878 2043
3 1952 1940 1915
3 1941 1838 1960
3 1948 1960 1838
3 1934 1948 1838
3 2021 1943 1913
3 2007 1966 1920
3 2031 1856 1950
3 1976 1950 1843
3 1844 1976 1843
3 1998 1921 1871
3 1999 1977 1931
3 2000 1923 1924
3 1978 2000 1924
3 2003 1888 1833
3 1956 1955 1889
3 1896 1945 1970
3 1951 1893 1911
3 1958 1992 1926
3 1878 2062 2028
3 1906 1917 2029
3 1867 2029 1917
3 1918 1986 1902
3 1964 2021 1913
3 1857 1976 1844
3 1871 1931 1977
3 1967 1979 2023
3 1886 1981 2049
3 1858 1909 2081
3 1983 1895 2024
3 1970 1969 1896
3 1782 1972 1864
3 1949 1961 1880
3 1995 1882 1912
3 1942 1907 2105
3 1986 2105 1907
3 1918 1963 1996
3 1943 1975 1919
3 1964 1851 2066
3 2056 2066 1851
3 1851 1929 2056
3 1930 2012 1965
3 1930 1954 2107
3 1954 1920 1966
3 1923 2000 2057
3 2001 1903 1925
3 1875 1904 2008
3 1909 1895 1989
3 2050 2009 1937
3 1937 1790 2050
3 1889 1968 1956
3 1932 1938 2005
3 2051 1951 1911
3 1963 1919 1975
3 1943 2021 2044
3 1997 2007 1893
3 1982 1981 1886
3 2032 2008 1904
3 2077 2032 1888
3 1888 2003 2077
3 1989 2081 1909
3 2010 1970 1945
3 1951 1997 1893
3 1991 1900 2042
3 1992 2014 1926
3 1947 1877 1974
3 1974 1877 1927
3 2043 1974 1927
3 2017 1934 1961
3 1882 1995 1953
3 1929 1965 2056
3 1950 1976 2073
3 2001 1875 2002
3 2008 2002 1875
3 1932 2005 2096
3 2006 1939 1899
3 1957 1991 2027
3 1958 1947 1993
3 1947 1974 2011
3 1928 1940 2015
3 1984 2015 1940
3 1940 1952 1984
3 1952 1959 1984
3 1959 1941 2053
3 1960 2053 1941
3 1934 2017 2016
3 1906 2064 1985
3 2029 1867 1953
3 1867 1882 1953
3 1996 1963 2089
3 1856 2031 1987
3 2031 1950 2073
3 1857 1935 2138
3 1978 1967 2000
3 1983 1989 1895
3 1968 2004 1956
3 2051 1946 2041
3 2027 2041 1946
3 1946 1957 2027
3 1900 1971 2042
3 2020 1972 1973
3 2013 1973 1933
3 2014 2013 1933
3 2011 1993 1947
3 1994 2017 1961
3 1985 2064 2018
3 2115 1986 1918
3 1963 1975 2089
3 2066 2021 1964
3 2012 1930 2107
3 2036 1998 1871
3 2023 2000 1967
3 1936 1885 2059
3 1944 2059 1885
3 1955 2050 1790
3 1898 1990 2005
3 1939 1990 1898
3 1899 1856 2006
3 1987 2006 1856
3 1951 2026 1997
3 2043 1878 2028
3 2015 2034 1928
3 1984 1959 2052
3 1961 1949 1994
3 1975 1943 2019
3 1954 1966 2071
3 1997 2045 2007
3 2023 1979 2058
3 1980 2058 1979
3 1968 1969 2025
3 1970 2010 2039
3 2061 1971 1864
3 1864 1972 2061
3 2062 1928 2034
3 2080 2015 1984
3 2052 1959 2053
3 1949 1916 1994
3 1943 2044 2019
3 2030 2056 1965
3 1965 2012 2030
3 1935 1988 2074
3 2049 2179 1944
3 2025 2004 1968
3 2096 2010 1932
3 2096 2005 1990
3 1990 1939 2006
3 2016 1948 1934
3 2029 2064 1906
3 1962 1942 2054
3 2037 1977 1999
3 1999 1923 2037
3 2000 2023 2022
3 2048 1944 2179
3 2032 2076 2008
3 2003 1858 2207
3 2078 2081 1989
3 2039 2025 1969
3 1969 1970 2039
3 2103 2027 1991
3 1991 2042 2103
3 1973 2013 2020
3 1994 1916 2018
3 1985 2018 1916
3 1953 1995 2035
3 1942 2105 2054
3 2045 1966 2007
3 1982 1903 2038
3 2001 2038 1903
3 2002 2008 2076
3 2024 2140 1983
3 2014 1992 2112
3 1953 2035 2114
3 2089 1975 2116
3 2055 2019 2044
3 2021 2066 2117
3 2131 2030 2012
3 2107 2131 2012
3 1966 2045 2072
3 2045 1997 2026
3 2006 1987 2083
3 2047 2074 1988
3 1988 1921 2047
3 1871 1977 2036
3 2057 2037 1923
3 1936 2075 1980
3 2207 2077 2003
3 2081 2207 1858
3 1989 1983 2060
3 1956 2110 1955
3 2041 2027 2033
3 1995 1962 2035
3 2021 2130 2044
3 2071 2107 1954
3 2075 2058 1980
3 1981 1982 2038
3 2094 2078 1989
3 1983 2140 2060
3 1956 2004 2110
3 2010 2096 2125
3 1951 2051 2079
3 2112 1992 2087
3 1992 1958 2087
3 1993 2087 1958
3 1953 2114 2029
3 2085 2116 1975
3 1857 2092 1976
3 2138 1935 2074
3 2022 2057 2000
3 2075 1936 2059
3 2094 1989 2060
3 2050 2141 2009
3 2096 1990 2040
3 2083 2097 2006
3 2026 1951 2070
3 2103 2033 2027
3 1971 2104 2042
3 2061 2104 1971
3 1972 2020 2061
3 2013 2014 2112
3 2053 1960 2063
3 1960 1948 2063
3 1918 1996 2115
3 2085 1975 2019
3 2117 2130 2021
3 2031 2073 2046
3 1921 1998 2047
3 2093 2036 1977
3 2048 2059 1944
3 2002 2038 2001
3 2032 2077 2068
3 1905 2009 2141
3 2080 2145 2034
3 2015 2080 2034
3 2080 1984 2121
3 2052 2121 1984
3 2113 1948 2016
3 2018 2099 1994
3 2138 2092 1857
3 2109 2022 2023
3 2038 2002 2132
3 2002 2076 2132
3 2024 1910 2140
3 1990 2006 2097
3 1993 2011 2098
3 2017 1994 2099
3 2088 2122 2064
3 2064 2029 2088
3 2035 1962 2065
3 2054 2065 1962
3 2105 1986 2190
3 2106 2055 2044
3 2045 2026 2070
3 2074 2047 2123
3 1981 2179 2049
3 2134 2081 2078
3 1910 1905 2245
3 2069 2050 1955
3 1955 2110 2069
3 2142 2164 2025
3 2025 2039 2142
3 2010 2125 2135
3 1990 2097 2040
3 2136 2079 2051
3 2051 2041 2136
3 2111 2103 2042
3 2042 2104 2111
3 2087 1993 2154
3 2011 1974 2098
3 2053 2199 2052
3 1986 2115 2190
3 2130 2106 2044
3 2071 1966 2072
3 2023 2058 2109
3 2076 2032 2068
3 2110 2004 2095
3 2004 2025 2095
3 2039 2010 2102
3 2033 2136 2041
3 1974 2043 2128
3 2028 2128 2043
3 2199 2053 2156
3 2053 2063 2210
3 1948 2113 2063
3 2018 2064 2122
3 2066 2056 2170
3 2056 2030 2170
3 2072 2067 2071
3 2091 2083 1987
3 1987 2031 2091
3 2073 1976 2092
3 2124 2093 1977
3 2059 2048 2120
3 2179 2120 2048
3 2179 1981 2100
3 2101 2078 2094
3 2141 2050 2086
3 2082 2086 2050
3 2050 2069 2082
3 2102 2010 2135
3 1951 2079 2161
3 2084 2020 2013
3 2098 2154 1993
3 2062 2034 2145
3 2157 2099 2018
3 2191 2190 2115
3 2115 1996 2217
3 2019 2055 2090
3 2046 2091 2031
3 2037 2124 1977
3 2118 2037 2057
3 2057 2022 2118
3 2022 2109 2118
3 2109 2058 2139
3 2058 2075 2139
3 1981 2038 2100
3 2132 2100 2038
3 2077 2207 2283
3 2272 2101 2094
3 2164 2095 2025
3 2039 2102 2142
3 2013 2112 2084
3 2210 2156 2053
3 2088 2029 2137
3 2114 2137 2029
3 2065 2054 2168
3 2105 2168 2054
3 2170 2117 2066
3 2072 2045 2173
3 2059 2120 2119
3 2132 2076 2180
3 2068 2077 2195
3 2097 2083 2126
3 2070 1951 2161
3 2143 2104 2061
3 2028 2062 2167
3 2145 2167 2062
3 2157 2018 2122
3 2089 2217 1996
3 2131 2170 2030
3 2073 2092 2158
3 2138 2074 2123
3 1998 2036 2047
3 2133 2180 2076
3 2076 2068 2133
3 2207 2081 2134
3 2245 2140 1910
3 2033 2103 2166
3 2273 2112 2087
3 2154 2273 2087
3 2128 2098 1974
3 2016 2202 2113
3 2017 2099 2181
3 2089 2116 2172
3 2090 2085 2019
3 2130 2117 2192
3 2108 2146 2067
3 2067 2072 2108
3 2072 2173 2108
3 2091 2126 2083
3 2147 2046 2073
3 2068 2195 2133
3 2094 2060 2272
3 2164 2185 2095
3 2040 2097 2208
3 2098 2128 2215
3 2128 2028 2167
3 2121 2052 2199
3 2067 2107 2071
3 2092 2138 2148
3 2119 2120 2178
3 2179 2178 2120
3 2132 2163 2100
3 2283 2195 2077
3 2101 2134 2078
3 2040 2165 2096
3 2161 2152 2070
3 2161 2079 2237
3 2136 2237 2079
3 2166 2136 2033
3 2111 2166 2103
3 2181 2016 2017
3 2157 2181 2099
3 2088 2137 2189
3 2172 2217 2089
3 2085 2274 2116
3 2107 2067 2146
3 2108 2173 2212
3 2162 2036 2093
3 2093 2124 2162
3 2037 2118 2124
3 2100 2149 2179
3 2245 1905 2159
3 2141 2159 1905
3 2069 2110 2227
3 2208 2097 2151
3 2126 2151 2097
3 2127 2061 2020
3 2084 2127 2020
3 2145 2080 2155
3 2191 2115 2217
3 2274 2172 2116
3 2274 2085 2090
3 2129 2090 2055
3 2117 2170 2192
3 2131 2107 2182
3 2243 2162 2124
3 2183 2124 2118
3 2256 2082 2069
3 2196 2102 2135
3 2165 2135 2125
3 2208 2165 2040
3 2153 2111 2104
3 2143 2153 2104
3 2112 2273 2144
3 2080 2121 2155
3 2121 2199 2209
3 2065 2222 2035
3 2168 2105 2190
3 2173 2045 2305
3 2174 2305 2045
3 2046 2213 2091
3 2124 2183 2243
3 2175 2183 2118
3 2118 2109 2175
3 2139 2075 2176
3 2059 2176 2075
3 2141 2086 2150
3 2184 2227 2110
3 2110 2095 2184
3 2185 2164 2228
3 2196 2142 2102
3 2125 2096 2165
3 2061 2127 2143
3 2144 2084 2112
3 2189 2122 2088
3 2222 2232 2114
3 2114 2035 2222
3 2131 2182 2170
3 2152 2174 2045
3 2045 2070 2152
3 2138 2123 2204
3 2123 2047 2204
3 2047 2036 2261
3 2119 2176 2059
3 2163 2132 2180
3 2185 2214 2095
3 2209 2155 2121
3 2063 2113 2201
3 2114 2232 2137
3 2240 2129 2055
3 2055 2106 2240
3 2218 2261 2036
3 2139 2175 2109
3 2178 2177 2119
3 2159 2141 2150
3 2086 2082 2264
3 2186 2153 2143
3 2300 2127 2084
3 2154 2098 2197
3 2098 2215 2197
3 2106 2130 2211
3 2192 2211 2130
3 2182 2107 2241
3 2107 2146 2241
3 2126 2091 2160
3 2147 2073 2158
3 2256 2069 2227
3 2171 2151 2126
3 2161 2229 2152
3 2144 2273 2238
3 2286 2273 2154
3 2197 2286 2154
3 2199 2156 2200
3 2317 2200 2156
3 2201 2210 2063
3 2216 2157 2122
3 2189 2216 2122
3 2090 2129 2169
3 2213 2160 2091
3 2242 2213 2046
3 2147 2242 2046
3 2158 2242 2147
3 2092 2260 2158
3 2225 2272 2060
3 2060 2140 2225
3 2245 2226 2140
3 2214 2184 2095
3 2135 2165 2196
3 2166 2111 2231
3 2167 2145 2198
3 2155 2198 2145
3 2065 2168 2250
3 2193 2146 2108
3 2108 2212 2193
3 2148 2138 2307
3 2204 2307 2138
3 2162 2218 2036
3 2176 2119 2177
3 2100 2163 2219
3 2226 2225 2140
3 2256 2264 2082
3 2228 2164 2246
3 2164 2142 2246
3 2160 2171 2126
3 2128 2167 2198
3 2202 2201 2113
3 2181 2202 2016
3 2182 2192 2170
3 2206 2180 2133
3 2133 2195 2206
3 2255 2206 2195
3 2237 2230 2161
3 2231 2111 2266
3 2300 2186 2143
3 2143 2127 2300
3 2172 2274 2319
3 2193 2241 2146
3 2270 2212 2173
3 2305 2270 2173
3 2337 2204 2047
3 2047 2261 2337
3 2162 2243 2253
3 2176 2177 2205
3 2219 2194 2100
3 2262 2207 2134
3 2262 2134 2101
3 2101 2272 2262
3 2214 2185 2228
3 2142 2196 2246
3 2230 2229 2161
3 2153 2186 2220
3 2288 2198 2155
3 2187 2288 2155
3 2210 2317 2156
3 2202 2181 2203
3 2188 2203 2181
3 2181 2157 2188
3 2190 2328 2168
3 2148 2260 2092
3 2243 2183 2235
3 2175 2235 2183
3 2176 2205 2139
3 2262 2279 2207
3 2264 2150 2086
3 2237 2136 2258
3 2136 2166 2258
3 2231 2258 2166
3 2266 2111 2153
3 2153 2220 2266
3 2197 2215 2239
3 2215 2128 2287
3 2198 2287 2128
3 2187 2155 2209
3 2250 2222 2065
3 2090 2251 2274
3 2129 2240 2275
3 2242 2158 2260
3 2175 2139 2223
3 2178 2244 2177
3 2296 2255 2195
3 2195 2283 2296
3 2225 2226 2263
3 2214 2400 2184
3 2228 2257 2214
3 2196 2165 2247
3 2248 2247 2165
3 2165 2208 2248
3 2297 2208 2151
3 2160 2213 2171
3 2239 2286 2197
3 2288 2301 2198
3 2199 2200 2209
3 2302 2210 2201
3 2157 2216 2188
3 2090 2169 2251
3 2169 2129 2269
3 2275 2269 2129
3 2211 2240 2106
3 2174 2152 2298
3 2152 2229 2298
3 2218 2162 2253
3 2205 2223 2139
3 2178 2179 2149
3 2180 2206 2224
3 2279 2283 2207
3 2247 2246 2196
3 2151 2171 2297
3 2314 2220 2186
3 2300 2084 2326
3 2301 2259 2198
3 2302 2317 2210
3 2267 2201 2202
3 2250 2168 2328
3 2191 2217 2268
3 2233 2211 2192
3 2192 2182 2233
3 2182 2241 2233
3 2193 2212 2234
3 2149 2100 2194
3 2163 2180 2224
3 2214 2257 2265
3 2208 2297 2248
3 2084 2144 2326
3 2287 2239 2215
3 2287 2198 2259
3 2187 2209 2368
3 2203 2267 2202
3 2221 2188 2216
3 2189 2137 2249
3 2232 2249 2137
3 2217 2172 2268
3 2241 2193 2252
3 2270 2305 2382
3 2235 2175 2223
3 2244 2308 2177
3 2163 2398 2219
3 2171 2213 2313
3 2186 2300 2314
3 2328 2190 2357
3 2190 2191 2357
3 2234 2212 2294
3 2212 2270 2294
3 2308 2205 2177
3 2244 2178 2278
3 2255 2224 2206
3 2263 2272 2225
3 2159 2150 2311
3 2236 2256 2227
3 2227 2184 2399
3 2400 2399 2184
3 2280 2231 2266
3 2320 2251 2169
3 2169 2269 2320
3 2298 2229 2341
3 2243 2235 2344
3 2271 2344 2235
3 2223 2254 2235
3 2149 2278 2178
3 2255 2296 2310
3 2245 2159 2340
3 2311 2150 2454
3 2264 2454 2150
3 2353 2257 2228
3 2230 2237 2354
3 2258 2354 2237
3 2144 2238 2372
3 2249 2216 2189
3 2222 2250 2232
3 2268 2357 2191
3 2240 2211 2293
3 2276 2293 2211
3 2233 2276 2211
3 2234 2252 2193
3 2298 2305 2174
3 2242 2260 2281
3 2377 2253 2243
3 2344 2377 2243
3 2223 2205 2338
3 2224 2398 2163
3 2263 2226 2322
3 2339 2322 2226
3 2226 2245 2339
3 2340 2339 2245
3 2332 2236 2227
3 2400 2214 2265
3 2247 2248 2367
3 2285 2297 2171
3 2313 2285 2171
3 2258 2231 2354
3 2300 2326 2334
3 2372 2326 2144
3 2289 2302 2201
3 2201 2267 2289
3 2203 2188 2318
3 2291 2318 2188
3 2216 2249 2221
3 2351 2232 2250
3 2274 2251 2343
3 2241 2276 2233
3 2252 2234 2359
3 2295 2313 2213
3 2260 2148 2277
3 2307 2277 2148
3 2307 2204 2337
3 2235 2254 2271
3 2149 2194 2309
3 2272 2263 2352
3 2236 2264 2256
3 2227 2399 2332
3 2228 2246 2333
3 2284 2333 2246
3 2246 2247 2284
3 2229 2230 2341
3 2323 2354 2231
3 2324 2323 2231
3 2325 2266 2220
3 2238 2273 2349
3 2287 2259 2327
3 2188 2221 2291
3 2328 2351 2250
3 2172 2319 2329
3 2234 2294 2335
3 2242 2295 2213
3 2218 2253 2409
3 2278 2437 2244
3 2398 2331 2219
3 2310 2345 2255
3 2414 2279 2262
3 2247 2367 2284
3 2299 2341 2230
3 2354 2299 2230
3 2266 2325 2280
3 2200 2368 2209
3 2267 2203 2290
3 2268 2172 2329
3 2292 2275 2240
3 2293 2292 2240
3 2252 2276 2241
3 2281 2295 2242
3 2383 2337 2261
3 2261 2218 2383
3 2224 2255 2345
3 2296 2283 2282
3 2273 2286 2349
3 2317 2316 2200
3 2290 2289 2267
3 2251 2320 2343
3 2304 2269 2275
3 2292 2304 2275
3 2362 2294 2270
3 2377 2330 2253
3 2263 2322 2365
3 2311 2340 2159
3 2257 2458 2265
3 2333 2353 2228
3 2248 2297 2387
3 2301 2288 2441
3 2221 2249 2370
3 2320 2269 2358
3 2304 2358 2269
3 2335 2359 2234
3 2281 2260 2306
3 2205 2308 2379
3 2308 2244 2437
3 2194 2219 2309
3 2331 2309 2219
3 2283 2279 2282
3 2262 2272 2414
3 2272 2352 2414
3 2263 2365 2352
3 2264 2236 2312
3 2353 2458 2257
3 2297 2285 2347
3 2396 2347 2285
3 2285 2313 2396
3 2231 2280 2324
3 2314 2325 2220
3 2315 2349 2286
3 2286 2239 2315
3 2350 2239 2287
3 2287 2327 2350
3 2342 2441 2288
3 2303 2291 2221
3 2370 2303 2221
3 2249 2232 2356
3 2321 2292 2293
3 2276 2321 2293
3 2305 2298 2416
3 2254 2223 2363
3 2338 2205 2397
3 2437 2278 2384
3 2279 2414 2282
3 2387 2297 2347
3 2314 2300 2371
3 2334 2371 2300
3 2259 2301 2441
3 2303 2370 2373
3 2276 2252 2388
3 2359 2388 2252
3 2382 2362 2270
3 2416 2382 2305
3 2409 2383 2218
3 2409 2253 2330
3 2379 2397 2205
3 2149 2364 2278
3 2413 2345 2310
3 2296 2413 2310
3 2264 2312 2454
3 2333 2284 2346
3 2348 2416 2298
3 2341 2348 2298
3 2288 2187 2342
3 2316 2317 2432
3 2404 2356 2232
3 2232 2351 2404
3 9710 2343 2320
3 2321 2276 2388
3 2294 2362 2361
3 2277 2336 2260
3 2378 2344 2271
3 2271 2254 2378
3 2338 2363 2223
3 2398 2224 2390
3 2458 2400 2265
3 2346 2401 2333
3 2284 2367 2346
3 2403 2324 2280
3 2369 2318 2291
3 2351 2328 2435
3 2447 2268 2329
3 2319 2274 2405
3 2343 2405 2274
3 2335 2294 2360
3 2336 2306 2260
3 2224 2345 2453
3 2386 2282 2414
3 2399 2504 2332
3 2353 2333 2401
3 2456 2326 2372
3 2327 2259 2429
3 2441 2429 2259
3 2200 2316 2430
3 2291 2303 2369
3 2435 2328 2470
3 2328 2357 2470
3 2359 2335 2360
3 2361 2360 2294
3 2408 2307 2337
3 2337 2383 2408
3 2363 2338 2397
3 2437 2379 2308
3 2364 2384 2278
3 2282 2413 2296
3 2352 2438 2414
3 2339 2487 2322
3 2248 2387 2367
3 2295 2396 2313
3 2348 2341 2402
3 2456 2334 2326
3 2342 2187 2355
3 2430 2316 2431
3 2432 2431 2316
3 2356 2380 2249
3 2329 2319 2447
3 2405 2343 2442
3 2343 9710 2442
3 2444 2358 2304
3 2295 2281 2376
3 2410 2377 2344
3 2378 2410 2344
3 2363 2451 2254
3 2149 2309 2385
3 2413 2282 2425
3 2339 2340 2366
3 2299 2402 2341
3 2403 2323 2324
3 2355 2187 2368
3 2368 2200 2430
3 2469 2433 2289
3 2289 2290 2469
3 2318 2290 2203
3 2373 2369 2303
3 2380 2370 2249
3 2380 2356 2374
3 2304 2292 2444
3 2381 2444 2292
3 2292 2321 2381
3 2423 2295 2376
3 2407 2277 2307
3 2385 2364 2149
3 2390 2486 2398
3 2453 2390 2224
3 2453 2345 2413
3 2487 2365 2322
3 2366 2340 2473
3 2340 2311 2473
3 2454 2473 2311
3 2467 2312 2236
3 2236 2332 2467
3 2504 2467 2332
3 2387 2427 2367
3 2314 2371 2572
3 2238 2349 2420
3 2349 2315 2392
3 2441 2342 2393
3 2461 2393 2342
3 2433 2302 2289
3 2404 2374 2356
3 2358 2444 2421
3 2388 2359 2360
3 2389 2375 2361
3 2406 2361 2362
3 2382 2406 2362
3 2396 2295 2423
3 2307 2408 2407
3 2386 2425 2282
3 2352 2365 2438
3 2401 2391 2353
3 2346 2367 2439
3 2387 2347 2427
3 2422 2427 2347
3 2416 2348 2455
3 2314 2572 2419
3 2420 2372 2238
3 2349 2392 2420
3 2445 2315 2239
3 2239 2350 2445
3 2355 2368 2430
3 2302 2432 2317
3 2380 2395 2370
3 2404 2351 2435
3 2375 2360 2361
3 2281 2306 2376
3 2378 2254 2451
3 2379 2424 2397
3 2391 2458 2353
3 2347 2396 2422
3 2418 2280 2325
3 2355 2461 2342
3 2395 2394 2373
3 2373 2370 2395
3 2321 2388 2521
3 2406 2389 2361
3 2449 2330 2377
3 2377 2410 2449
3 2451 2363 2452
3 2443 2424 2379
3 2412 2453 2413
3 2455 2348 2550
3 2299 2354 2417
3 2354 2323 2417
3 2419 2325 2314
3 2480 2572 2371
3 2371 2334 2480
3 2415 2521 2388
3 2388 2360 2415
3 2375 2415 2360
3 2416 2406 2382
3 2306 2336 2448
3 2363 2397 2485
3 2379 2437 2443
3 2437 2384 2501
3 2411 2501 2384
3 2487 2339 2366
3 2312 2493 2454
3 2458 2426 2400
3 2367 2427 2439
3 2402 2550 2348
3 2417 2428 2299
3 2418 2403 2280
3 2350 2327 2489
3 2429 2489 2327
3 2469 2290 2318
3 2394 2369 2373
3 2357 2268 2470
3 2375 2389 2440
3 2396 2423 2459
3 2376 2306 2448
3 2452 2363 2485
3 2364 2559 2384
3 2486 2390 2465
3 2453 2465 2390
3 2420 2456 2372
3 2573 2392 2315
3 2433 2432 2302
3 2374 2404 2446
3 2268 2447 2470
3 2521 2381 2321
3 2422 2396 2459
3 2491 2448 2336
3 2336 2277 2491
3 2409 2330 2500
3 2450 2410 2378
3 2424 2485 2397
3 2528 2437 2501
3 2411 2384 2559
3 2385 2309 2464
3 2331 2464 2309
3 2475 2504 2399
3 2401 2346 2488
3 2299 2540 2402
3 2494 2417 2323
3 2403 2494 2323
3 2334 2456 2480
3 2315 2445 2573
3 2441 2393 2495
3 2369 2394 2482
3 2380 2434 2395
3 2446 2404 2516
3 2435 2516 2404
3 2319 2405 2436
3 2457 2436 2405
3 2442 2457 2405
3 2444 2483 2421
3 2415 2375 2477
3 2440 2477 2375
3 2440 2389 2498
3 2389 2406 2498
3 2406 2416 2479
3 2407 2491 2277
3 2408 2557 2407
3 2408 2383 2484
3 2383 2409 2484
3 2451 2450 2378
3 2451 2452 2463
3 2412 2413 2561
3 2466 2425 2386
3 2492 2386 2414
3 2438 2492 2414
3 2520 2391 2401
3 2477 2460 2415
3 2428 2540 2299
3 2513 2420 2392
3 2489 2429 2481
3 2495 2393 2461
3 2394 2395 2434
3 2472 2376 2448
3 2385 2509 2364
3 2386 2492 2466
3 2312 2467 2503
3 2399 2400 2475
3 2426 2475 2400
3 2439 2488 2346
3 2427 2422 2476
3 2440 2498 2478
3 2489 2445 2350
3 2429 2441 2481
3 2459 2423 2462
3 2578 2472 2448
3 2500 2484 2409
3 2528 2443 2437
3 2464 2509 2385
3 2519 2561 2413
3 2413 2425 2519
3 2438 2365 2514
3 2365 2487 2514
3 2427 2505 2439
3 2419 2418 2325
3 2573 2513 2392
3 2495 2481 2441
3 2461 2355 2613
3 2469 2318 2506
3 2434 2482 2394
3 2559 2364 2509
3 2514 2502 2438
3 2467 2504 2511
3 2426 2458 2569
3 2488 2520 2401
3 2488 2439 2505
3 2483 2444 2468
3 2444 2381 2468
3 2381 2521 2468
3 2460 2521 2415
3 2479 2416 2455
3 2524 2540 2428
3 2403 2529 2494
3 2420 2513 2515
3 2613 2530 2461
3 2318 2369 2506
3 2369 2482 2506
3 2434 2380 2531
3 2374 2531 2380
3 2527 2447 2319
3 2436 2527 2319
3 2448 2491 2578
3 2508 2500 2330
3 2502 2492 2438
3 2503 2493 2312
3 2499 2498 2406
3 2406 2479 2499
3 2403 2418 2541
3 2480 2456 2512
3 2554 2456 2420
3 2420 2515 2554
3 2433 2525 2432
3 2507 2457 2442
3 2507 2442 9709
3 2462 2535 2459
3 2557 2491 2407
3 2408 2484 2595
3 2330 2449 2508
3 2485 2424 2596
3 2536 2596 2424
3 2464 2331 2510
3 2425 2466 2519
3 2473 2454 2474
3 2422 2459 2556
3 2535 2556 2459
3 2478 2490 2477
3 2477 2440 2478
3 2599 2478 2498
3 2540 2550 2402
3 2417 2524 2428
3 2571 2541 2418
3 2418 2419 2571
3 2446 2497 2374
3 2516 2435 2517
3 2435 2470 2517
3 2527 2470 2447
3 2450 2449 2410
3 2450 2451 2579
3 2451 2463 2579
3 2424 2443 2536
3 2559 2558 2411
3 2331 2398 2510
3 2412 2561 2552
3 2493 2474 2454
3 2612 2503 2467
3 2505 2427 2476
3 2403 2541 2529
3 2456 2542 2512
3 2456 2554 2542
3 2432 2544 2431
3 2482 2434 2496
3 2457 2532 2436
3 2463 2452 2580
3 2619 2528 2501
3 2558 2501 2411
3 2486 2510 2398
3 2552 2453 2412
3 2366 2563 2487
3 2458 2391 2577
3 2520 2577 2391
3 2488 2533 2520
3 2556 2476 2422
3 2490 2547 2477
3 2494 2524 2417
3 2572 2480 2512
3 2489 2481 2583
3 2530 2495 2461
3 2430 2431 2543
3 2525 2544 2432
3 2433 2469 2545
3 2496 2506 2482
3 2531 2374 2497
3 2452 2485 2596
3 2588 2492 2502
3 2563 2514 2487
3 2511 2612 2467
3 2504 2475 2553
3 2577 2569 2458
3 2589 2445 2489
3 2355 2430 2543
3 2525 2433 2604
3 2506 2496 2526
3 2497 2446 2516
3 2521 2460 2522
3 2460 2477 2547
3 2498 2499 2575
3 2576 2479 2455
3 2536 2443 2537
3 2443 2528 2537
3 2552 2465 2453
3 2473 2474 2611
3 2569 2539 2426
3 2534 2505 2476
3 2583 2589 2489
3 2457 2507 2606
3 2547 2522 2460
3 2490 2478 2548
3 2575 2599 2498
3 2550 2576 2455
3 2586 2595 2484
3 2484 2500 2586
3 2501 2558 2619
3 2464 2538 2509
3 2510 2581 2464
3 2510 2486 2671
3 2465 2671 2486
3 2466 2492 2588
3 2553 2511 2504
3 2475 2426 2539
3 2546 2518 2471
3 2471 2468 2546
3 2468 2521 2546
3 2548 2478 2599
3 2479 2576 2549
3 2550 2540 2570
3 2524 2566 2540
3 2445 2555 2573
3 2584 2495 2603
3 2495 2530 2603
3 2613 2355 2543
3 2433 2545 2604
3 2567 2545 2469
3 2469 2506 2567
3 2591 2567 2506
3 2496 2434 2621
3 2470 2527 2517
3 2595 2557 2408
3 2551 2580 2452
3 2581 2538 2464
3 2366 2473 2698
3 2611 2698 2473
3 2511 2553 2612
3 2539 2553 2475
3 2494 2529 2664
3 2419 2572 2571
3 2621 2526 2496
3 2531 2621 2434
3 2532 2527 2436
3 2606 2532 2457
3 2578 2491 2631
3 2514 2597 2502
3 2563 2660 2514
3 2520 2533 2577
3 2535 2622 2556
3 9590 2535 2462
3 2523 2575 2499
3 2499 2479 2523
3 2445 2589 2555
3 2506 2526 2591
3 2531 2497 2616
3 2497 2516 2616
3 2574 2616 2516
3 9706 2471 2518
3 2508 2587 2500
3 2596 2551 2452
3 2559 2509 2538
3 2671 2465 2560
3 2552 2560 2465
3 2597 2588 2502
3 2660 2597 2514
3 2569 2568 2539
3 2488 2505 2618
3 2556 2534 2476
3 2564 2546 2521
3 2521 2522 2564
3 2661 2547 2490
3 2627 2566 2524
3 2524 2494 2627
3 2589 2583 2645
3 2590 2583 2481
3 2481 2495 2590
3 2584 2590 2495
3 2543 2431 2544
3 2631 2491 2557
3 2640 2449 2450
3 2463 2580 2579
3 2534 2618 2505
3 2548 2661 2490
3 2479 2549 2523
3 2593 2549 2576
3 2601 2571 2572
3 2573 2515 2513
3 2532 2617 2527
3 2472 2578 2608
3 2579 2640 2450
3 2596 2536 2689
3 2528 2651 2537
3 2561 2519 2582
3 2568 2569 2625
3 2566 2570 2540
3 2704 2529 2541
3 2541 2571 2682
3 2601 2572 2512
3 2613 2603 2530
3 2544 2525 2615
3 2604 2615 2525
3 2517 2574 2516
3 2564 2522 2647
3 2547 2647 2522
3 2565 2523 2549
3 2576 2550 2594
3 2579 2580 2632
3 2528 2619 2651
3 2552 2561 2609
3 2588 2562 2466
3 2634 2597 2660
3 2474 2493 2624
3 2699 2612 2553
3 2539 2568 2553
3 2682 2704 2541
3 2554 2515 2628
3 2585 2604 2545
3 2621 2605 2526
3 2592 2621 2531
3 2517 2638 2574
3 2527 2638 2517
3 2546 2598 2518
3 2548 2599 2662
3 2593 2565 2549
3 2618 2533 2488
3 2640 2508 2449
3 2536 2537 2650
3 2582 2609 2561
3 2519 2466 2582
3 2466 2562 2582
3 2564 2598 2546
3 2570 2594 2550
3 2570 2566 2600
3 2542 2554 2602
3 2554 2628 2602
3 2603 2613 2646
3 2543 2544 2614
3 2615 2614 2544
3 2545 2567 2585
3 2591 2526 2605
3 2532 2606 2630
3 2535 9590 2607
3 2587 2586 2500
3 2579 2632 2623
3 2551 2632 2580
3 2493 2503 2624
3 2569 2577 2643
3 2622 2534 2556
3 2573 2555 2636
3 2613 2543 2614
3 2547 2661 2656
3 2599 2575 2648
3 2600 2594 2570
3 2622 2535 2649
3 2650 2689 2536
3 2558 2559 2633
3 2559 2538 2633
3 2552 2672 2560
3 2588 2610 2562
3 2597 2610 2588
3 2746 2660 2563
3 2366 2746 2563
3 2635 2624 2503
3 2729 2682 2571
3 9707 2518 2626
3 2598 2626 2518
3 2662 2676 2548
3 2523 2648 2575
3 2593 2576 2639
3 2631 2708 2578
3 2709 2686 2586
3 2586 2587 2709
3 2651 2650 2537
3 2651 2619 2670
3 2671 2560 2672
3 2503 2612 2635
3 2643 2625 2569
3 2664 2627 2494
3 2601 2729 2571
3 2683 2555 2589
3 2589 2645 2683
3 2584 2603 2637
3 2666 2616 2574
3 2638 2666 2574
3 2639 2565 2593
3 2594 2639 2576
3 2618 2534 2674
3 2649 2535 2657
3 2607 2657 2535
3 2608 2578 2708
3 2595 2586 2686
3 2551 2596 2669
3 2671 2581 2510
3 2552 2609 2641
3 2634 2610 2597
3 2553 2568 2652
3 2656 2647 2547
3 2661 2548 2676
3 2662 2599 2712
3 2648 2712 2599
3 2515 2573 2628
3 2573 2636 2628
3 2615 2604 2665
3 2567 2591 2585
3 2592 2616 2684
3 9708 2630 2606
3 2674 2534 2622
3 2631 2557 2697
3 2557 2595 2697
3 2623 2640 2579
3 2632 2551 2669
3 2651 2670 2711
3 2620 2641 2609
3 2609 2582 2620
3 2642 2562 2610
3 2698 2746 2366
3 2699 2635 2612
3 2600 2566 2653
3 2566 2627 2653
3 2773 2601 2512
3 2602 2512 2542
3 2583 2590 2645
3 2584 2730 2590
3 2614 2646 2613
3 2591 2605 2694
3 2666 2629 2616
3 2638 2527 2617
3 2643 2577 2681
3 2577 2533 2681
3 2508 2640 2658
3 2619 2558 2670
3 2767 2670 2558
3 2538 2581 2659
3 2672 2552 2641
3 2642 2610 2634
3 2626 2667 9707
3 2598 2564 2675
3 2648 2523 2663
3 2529 2704 2748
3 2512 2602 2773
3 2585 2665 2604
3 2695 2605 2621
3 2592 2695 2621
3 2684 2616 2629
3 2732 2617 2532
3 2532 2630 2732
3 2708 2607 2608
3 2640 2623 2687
3 2669 2596 2689
3 2582 2562 2679
3 2699 2553 2652
3 2652 2568 2700
3 2626 2598 2655
3 2675 2655 2598
3 2523 2565 2663
3 2690 2565 2639
3 2627 2664 2703
3 2748 2664 2529
3 2654 2602 2628
3 2678 2630 9708
3 2587 2508 2716
3 2508 2658 2716
3 2633 2767 2558
3 2633 2538 2659
3 2719 2679 2562
3 2562 2642 2719
3 2719 2642 2634
3 2611 2474 2720
3 2624 2720 2474
3 2568 2625 2700
3 2636 2654 2628
3 2644 2636 2555
3 2591 2694 2585
3 2667 2678 9707
3 2655 2667 2626
3 2564 2647 2675
3 2721 2663 2565
3 2533 2618 2673
3 2649 2657 2726
3 2716 2709 2587
3 2687 2658 2640
3 2688 2687 2623
3 2623 2632 2759
3 2672 2641 2745
3 2582 2679 2718
3 2624 2635 2772
3 2653 2627 2703
3 2644 2555 2683
3 2646 2614 2705
3 2614 2615 2677
3 2656 2675 2647
3 2681 2533 2673
3 2686 2697 2595
3 2623 2759 2688
3 2820 2759 2632
3 2669 2668 2632
3 2728 2689 2650
3 2650 2651 2728
3 2651 2711 2710
3 2641 2620 2745
3 2660 2680 2634
3 2700 2800 2652
3 2625 2643 2761
3 2681 2761 2643
3 2749 2601 2773
3 2665 2706 2615
3 2695 2694 2605
3 2696 2731 2666
3 2666 2638 2696
3 2638 2617 2696
3 2594 2701 2639
3 2600 2702 2594
3 2674 2622 2649
3 2672 2738 2671
3 2680 2719 2634
3 2635 2699 2691
3 2693 2675 2656
3 2661 2693 2656
3 2702 2713 2594
3 2773 2602 2770
3 2602 2762 2770
3 2774 2654 2636
3 2636 2644 2774
3 2590 2730 2645
3 2751 2603 2646
3 2705 2724 2646
3 2677 2705 2614
3 2667 2655 2754
3 2717 2668 2669
3 2710 2728 2651
3 2581 2737 2659
3 2581 2671 2760
3 2718 2822 2582
3 2772 2720 2624
3 2673 2618 2725
3 2674 2725 2618
3 2565 2690 2721
3 2690 2639 2780
3 2780 2639 2701
3 2701 2594 2713
3 2748 2704 2769
3 2602 2654 2762
3 2637 2730 2584
3 2637 2603 2764
3 2603 2751 2764
3 2585 2741 2665
3 2694 2801 2585
3 2678 2667 2685
3 2707 2674 2649
3 2649 2726 2707
3 2716 2658 2687
3 2668 2820 2632
3 2760 2737 2581
3 2745 2738 2672
3 2822 2620 2582
3 2746 2680 2660
3 2653 2702 2600
3 2740 2704 2682
3 2714 2740 2682
3 2706 2795 2615
3 2592 2684 2715
3 2629 2666 2809
3 2617 2732 2752
3 2630 2678 2733
3 2790 2657 2607
3 2708 2631 2797
3 2727 2717 2669
3 2669 2689 2727
3 2772 2635 2691
3 2743 2676 2662
3 2712 2743 2662
3 2682 2729 2714
3 2749 2729 2601
3 2644 2683 2771
3 2646 2724 2751
3 2677 2615 2795
3 2665 2741 2775
3 2731 2809 2666
3 2678 2685 2733
3 2667 2754 2685
3 2798 2697 2686
3 2709 2716 2758
3 2659 2783 2633
3 2698 2611 2910
3 2720 2910 2611
3 2735 2681 2673
3 2754 2655 2755
3 2655 2692 2755
3 2734 9589 2675
3 2675 2693 2734
3 2693 2661 2925
3 2742 2925 2661
3 2661 2676 2742
3 2676 2743 2742
3 2712 2648 2779
3 2663 2779 2648
3 2721 2690 2766
3 2703 2664 2739
3 2704 2740 2722
3 2741 2585 2801
3 2715 2695 2592
3 2726 2657 2757
3 2736 2758 2716
3 2728 2727 2689
3 2711 2670 2793
3 2817 2779 2663
3 2756 2766 2690
3 2702 2653 2781
3 2704 2722 2769
3 2723 2714 2729
3 2637 2764 2808
3 2775 2706 2665
3 2752 2696 2617
3 2697 2797 2631
3 2744 2716 2687
3 2793 2710 2711
3 2783 2659 2784
3 2738 2831 2671
3 2761 2681 2735
3 2806 2739 2664
3 2664 2748 2806
3 2645 2730 2814
3 2730 2637 2763
3 2787 2684 2629
3 2809 2787 2629
3 2752 2732 2898
3 2733 2732 2630
3 2674 2707 2725
3 2744 2736 2716
3 2874 2670 2767
3 2767 2633 2783
3 2831 2760 2671
3 2799 2691 2812
3 2747 2812 2691
3 2691 2699 2747
3 2699 2652 2747
3 2800 2747 2652
3 2625 2800 2700
3 2754 2753 2685
3 2734 2692 9589
3 2734 2693 9579
3 2703 2833 2653
3 2750 2771 2683
3 2683 2645 2750
3 2814 2750 2645
3 2808 2763 2637
3 2673 2725 2832
3 2725 2707 2832
3 2803 2832 2707
3 2757 2842 2726
3 2657 2790 2757
3 2791 2607 2708
3 2824 2680 2746
3 2772 2691 2799
3 2749 2723 2729
3 2733 2685 2753
3 2755 2692 2778
3 2765 2742 2743
3 2663 2721 2817
3 2851 2817 2721
3 2721 2766 2851
3 2713 2880 2701
3 2842 2803 2707
3 2707 2726 2842
3 2845 2686 2709
3 2709 2758 2845
3 2659 2737 2784
3 2822 2745 2620
3 2719 2680 2768
3 2653 2833 2781
3 2771 2774 2644
3 2715 2684 2787
3 2731 2696 2776
3 2752 2776 2696
3 9579 2693 2802
3 2743 2712 2789
3 2702 2880 2713
3 2735 2673 2782
3 2791 2790 2607
3 2688 2885 2687
3 2727 2728 2830
3 2728 2710 2830
3 2783 2784 2875
3 2821 2745 2822
3 2768 2804 2719
3 2746 2698 2841
3 2785 2841 2698
3 2910 2785 2698
3 2703 2739 2833
3 2858 2806 2748
3 2748 2769 2858
3 2722 2740 2912
3 2749 2773 2843
3 2774 2807 2654
3 2764 2751 2861
3 2695 2715 2786
3 2753 2754 2891
3 2755 2891 2754
3 2779 2789 2712
3 2818 2851 2766
3 2690 2780 2756
3 2832 2782 2673
3 2797 2697 2792
3 2845 2798 2686
3 2688 2759 2872
3 2820 2872 2759
3 2784 2737 2876
3 2679 2719 2804
3 2824 2768 2680
3 2813 2800 2625
3 2761 2813 2625
3 2762 2654 2844
3 2861 2808 2764
3 2677 2724 2705
3 2809 2731 2907
3 2892 2818 2766
3 2756 2892 2766
3 2792 2882 2797
3 2885 2744 2687
3 2820 2668 2864
3 2830 2717 2727
3 2670 2874 2840
3 2822 2718 2811
3 2718 2679 2811
3 2843 2723 2749
3 2866 2773 2770
3 2866 2770 2762
3 2774 2771 2826
3 2878 2814 2730
3 2763 2878 2730
3 2861 2751 2915
3 2724 2677 2815
3 2694 2834 2801
3 2695 2834 2694
3 2776 2835 2731
3 2732 2733 2898
3 2755 2778 2777
3 2925 2816 2693
3 2925 2742 2837
3 2819 2842 2757
3 2710 2793 2846
3 2793 2670 2840
3 2737 2760 2901
3 2831 2902 2760
3 2794 2831 2738
3 2738 2745 2794
3 2847 2811 2679
3 2768 2824 2947
3 2841 2824 2746
3 2720 2772 2805
3 2859 2843 2773
3 2844 2866 2762
3 2834 2695 2827
3 2796 2786 2715
3 2787 2796 2715
3 2835 2907 2731
3 2802 2693 2816
3 2798 2792 2697
3 2758 2736 2845
3 2767 2783 2920
3 2875 2784 3022
3 2876 3022 2784
3 2901 2876 2737
3 2805 2910 2720
3 2812 2956 2799
3 2825 2849 2761
3 2761 2735 2825
3 2773 2866 2859
3 2826 2771 2867
3 2750 2867 2771
3 2677 2795 2862
3 2733 2788 2898
3 2780 2701 2879
3 2880 2879 2701
3 2872 2863 2688
3 2839 2668 2717
3 2846 2830 2710
3 2900 2846 2793
3 2874 2767 2920
3 2875 2920 2783
3 2794 2745 2821
3 2679 2804 2847
3 2823 2804 2768
3 2812 2747 2854
3 2849 2855 2761
3 2912 2769 2722
3 2807 2844 2654
3 2826 2807 2774
3 2750 2814 2867
3 2878 2763 2889
3 2808 2889 2763
3 2706 2862 2795
3 2741 2801 2775
3 2898 2776 2752
3 2810 2788 2753
3 2777 2891 2755
3 2836 2778 9579
3 2742 2765 2837
3 2790 2819 2757
3 2790 2791 2871
3 2708 2797 2882
3 2863 2885 2688
3 2864 2668 2839
3 2824 2841 2877
3 2747 2800 2854
3 2800 2848 2854
3 2800 2813 2848
3 2782 2825 2735
3 2889 2808 2906
3 2724 2890 2751
3 2677 2862 2815
3 2775 2862 2706
3 2786 2827 2695
3 2856 2765 2743
3 2789 2856 2743
3 2789 2779 2934
3 2756 2780 2838
3 2880 2702 2829
3 2781 2829 2702
3 2819 2790 2871
3 2708 2881 2791
3 2883 2882 2792
3 2830 2839 2717
3 2840 2900 2793
3 2930 2804 2823
3 2799 2805 2772
3 2813 2761 2855
3 2833 2857 2781
3 2906 2808 2861
3 2916 2890 2724
3 2815 2916 2724
3 2787 2809 2952
3 2907 2952 2809
3 9754 2898 2788
3 2828 9754 2788
3 2788 2810 2828
3 2891 2810 2753
3 2777 2778 2850
3 2870 2836 9579
3 9579 2802 2870
3 2852 2892 2756
3 2879 2838 2780
3 2782 2832 2895
3 2832 2803 2963
3 2842 2963 2803
3 2899 2792 2798
3 2855 2848 2813
3 2751 2890 2915
3 2834 2978 2801
3 2891 2777 2850
3 2802 2816 2870
3 2925 2870 2816
3 2779 2817 2908
3 2817 2851 2908
3 2894 2782 2895
3 2872 2820 2937
3 2902 2901 2760
3 2822 2811 2886
3 2877 2947 2824
3 2877 2841 2853
3 2825 2782 2894
3 2739 2911 2833
3 2950 2858 2769
3 2769 2912 2950
3 2826 2867 2888
3 2775 2801 2961
3 2801 2978 2961
3 2882 2881 2708
3 2873 2846 2900
3 2865 2900 2840
3 2886 2821 2822
3 2811 2847 2893
3 2947 2823 2768
3 2904 2956 2812
3 2854 2904 2812
3 2895 2832 2963
3 2911 2857 2833
3 2897 2814 2878
3 2776 2898 2944
3 2810 2923 2828
3 2778 2836 2869
3 2934 2779 2908
3 2919 2736 2744
3 2863 2872 2927
3 2864 2937 2820
3 2874 2865 2840
3 2902 2831 2903
3 2831 2973 2903
3 2811 2893 2886
3 2804 2930 2847
3 2785 2853 2841
3 2887 2805 2799
3 2891 2923 2810
3 2926 2829 2781
3 2857 2926 2781
3 2940 2740 2714
3 2860 2866 2844
3 2951 2844 2807
3 2933 2916 2815
3 2862 2933 2815
3 2776 2918 2835
3 2899 2883 2792
3 2845 2736 2971
3 2830 2846 2873
3 2799 2956 2887
3 2932 2963 2842
3 2913 2723 2843
3 2859 2913 2843
3 2867 2814 2914
3 2897 2914 2814
3 2862 2775 2868
3 2961 2868 2775
3 2834 2827 2978
3 2873 2839 2830
3 2909 2893 2847
3 2854 2848 2948
3 2963 2962 2895
3 2819 2932 2842
3 2850 2778 2869
3 2869 2836 2924
3 2924 2836 2870
3 2765 2856 2968
3 2908 2851 2818
3 2905 2806 2858
3 2858 2950 2905
3 2859 2866 2942
3 2918 2907 2835
3 2884 2899 2798
3 2798 2845 2884
3 2744 2885 3073
3 2936 2885 2863
3 2928 2864 3001
3 2864 2839 3001
3 2955 2930 2823
3 2854 2948 2904
3 2855 2948 2848
3 2894 3008 2825
3 2806 2911 2739
3 2912 2740 3099
3 2714 2723 2940
3 2917 2827 2786
3 2952 2796 2787
3 2776 2944 2918
3 2838 2852 2756
3 2935 2932 2819
3 2871 2935 2819
3 2871 2791 2964
3 2881 2964 2791
3 3033 2884 2845
3 2919 2971 2736
3 2919 2744 3073
3 2937 2927 2872
3 2920 3003 2874
3 2903 2972 2902
3 2973 2831 2974
3 2794 2974 2831
3 2794 2821 2938
3 2886 2992 2821
3 2847 2930 2909
3 2931 2910 2805
3 2805 2887 2931
3 2849 2825 3008
3 2857 2911 2896
3 2943 2860 2844
3 2807 2826 2951
3 2868 2933 2862
3 2891 2850 2997
3 2968 2837 2765
3 3021 2838 2879
3 2926 2857 3063
3 2964 2881 3091
3 2845 2971 3033
3 2900 2865 2929
3 2886 2893 2946
3 2940 3099 2740
3 2723 2913 2959
3 2860 2942 2866
3 2861 2915 3009
3 2966 3030 2890
3 2890 2916 2966
3 2786 2796 2917
3 2898 9754 3044
3 2818 2892 2988
3 2852 2988 2892
3 2879 2880 2999
3 2880 2829 2958
3 2964 2935 2871
3 2927 2937 3056
3 2839 2873 3002
3 2902 2972 2901
3 2893 2909 2946
3 2922 2887 2956
3 2911 2806 2984
3 2859 2942 2913
3 2889 2897 2878
3 2906 2861 3009
3 3009 2915 2986
3 2915 2890 3030
3 3044 2944 2898
3 2925 2837 2949
3 2958 2999 2880
3 2958 2829 2926
3 2894 2895 2962
3 2927 2936 2863
3 2928 2937 2864
3 2873 2900 2929
3 2865 2874 3047
3 2876 2901 2921
3 2972 2921 2901
3 2957 2904 2948
3 2855 2849 2939
3 2896 3063 2857
3 2860 2943 3137
3 2916 2933 2977
3 2979 2907 2918
3 3080 9753 2923
3 2869 2924 3045
3 2968 2949 2837
3 2856 2789 3062
3 2894 2962 3039
3 2929 2990 2873
3 2874 3003 3047
3 2921 3022 2876
3 2938 2974 2794
3 2992 2938 2821
3 2954 2992 2886
3 2947 2955 2823
3 2939 2948 2855
3 2959 2940 2723
3 2942 2941 2913
3 3050 2951 2826
3 2826 2888 3050
3 2897 2889 3018
3 2986 2915 3086
3 3030 3086 2915
3 2917 3051 2827
3 2944 3044 3113
3 2850 2869 2967
3 3091 2881 3000
3 2882 3000 2881
3 2884 2883 2899
3 2981 2971 2919
3 2919 3073 2981
3 3002 3001 2839
3 2920 2875 3004
3 3022 3004 2875
3 2972 2903 2973
3 2886 2946 2954
3 3075 2931 2887
3 2941 2959 2913
3 2977 2966 2916
3 3038 2952 2907
3 2870 2980 2924
3 3053 2988 2852
3 2852 2838 2945
3 2969 2958 2926
3 2883 3000 2882
3 3073 2885 3011
3 2885 2936 3011
3 3056 3116 2927
3 2983 2946 2909
3 2853 2993 2877
3 2785 3067 2853
3 2785 2910 3024
3 2931 3024 2910
3 3036 3075 2887
3 2887 2922 3036
3 2956 2904 2975
3 2905 2950 2985
3 3098 2950 2912
3 2912 3099 3098
3 2942 2860 3028
3 2960 2943 2844
3 2844 2951 2960
3 2906 3009 3069
3 2796 2952 3019
3 9753 3080 2987
3 2923 2891 2997
3 2925 2980 2870
3 2818 2988 2998
3 2932 2935 3040
3 2936 2927 3065
3 3116 3065 2927
3 3002 2873 2990
3 2991 2929 2865
3 2865 3047 2991
3 2938 2992 2953
3 2947 2877 3041
3 2993 3041 2877
3 3067 2993 2853
3 2957 2948 3025
3 2939 3025 2948
3 3008 2894 3039
3 2896 3026 3063
3 2806 2905 2984
3 3028 3016 2942
3 2889 2906 3029
3 3051 2978 2827
3 3059 3051 2917
3 2996 2917 2796
3 3019 2996 2796
3 2918 2944 2979
3 3113 2979 2944
3 2967 2997 2850
3 2980 2925 2949
3 2856 3102 2968
3 3062 2789 3010
3 2934 3010 2789
3 2934 2908 3010
3 2998 3010 2908
3 2908 2818 2998
3 2945 3053 2852
3 2970 2963 2932
3 3004 2965 2920
3 2953 2974 2938
3 2983 2954 2946
3 2930 2955 3013
3 3007 3084 2947
3 3041 3007 2947
3 2957 2975 2904
3 3045 2967 2869
3 2950 3098 2985
3 2940 3058 3099
3 3016 2941 2942
3 3137 3028 2860
3 2888 2867 3037
3 2914 3037 2867
3 2868 2977 2933
3 2952 3038 3019
3 2907 2979 3100
3 2963 2970 2962
3 2928 3066 2937
3 3003 2920 2965
3 2921 3005 3022
3 3084 3013 2955
3 2955 2947 3084
3 2975 2922 2956
3 3014 2975 2957
3 2939 2849 3008
3 3052 3080 2923
3 2923 2997 3052
3 2924 2980 3045
3 3021 2879 2999
3 3037 3050 2888
3 2914 2897 3017
3 2897 3018 3017
3 2966 2977 3043
3 2996 3059 2917
3 3038 2907 3100
3 2987 3044 9753
3 3039 2962 3088
3 2970 3088 2962
3 2935 2964 3032
3 3066 3056 2937
3 3066 2928 3074
3 3001 3074 2928
3 2929 2991 2982
3 3006 2983 2909
3 2930 3013 3006
3 3015 2984 2905
3 2905 2985 3015
3 2995 2961 2978
3 2958 2969 3046
3 3034 3033 2971
3 3064 3034 2971
3 2971 2981 3064
3 3065 3011 2936
3 2982 2990 2929
3 2992 2954 3012
3 2909 2930 3006
3 2922 2975 3036
3 3029 3018 2889
3 3029 2906 3069
3 2966 2976 3030
3 2976 2966 3043
3 2868 2961 2995
3 2997 2967 3114
3 2945 2838 3087
3 3046 2999 2958
3 3063 2969 2926
3 2970 2932 3040
3 2883 2884 2989
3 2989 2884 3033
3 2972 3005 2921
3 2974 3083 2973
3 3035 3012 2954
3 3027 3026 2896
3 2994 3027 2896
3 2896 2911 2994
3 2941 3016 3049
3 3050 2960 2951
3 3017 3037 2914
3 2977 2868 3112
3 3102 2856 3139
3 3062 3139 2856
3 3053 3020 2988
3 3002 2990 3117
3 2991 3047 3262
3 2953 2992 3012
3 2954 2983 3035
3 3007 3041 3159
3 3067 2785 3024
3 2940 2959 3058
3 3050 3198 2960
3 3068 3017 3018
3 2978 3051 3071
3 2996 3019 3060
3 2997 3114 3125
3 3045 2980 3072
3 2949 3072 2980
3 2968 3102 2949
3 2998 3115 3010
3 2998 2988 3020
3 3046 2969 3146
3 3063 3026 3031
3 3032 3040 2935
3 3001 3002 3074
3 3149 3074 3002
3 3108 3047 3003
3 2974 2953 3023
3 3095 3057 2983
3 2983 3006 3095
3 3006 3013 3109
3 3134 3014 2957
3 3025 3134 2957
3 2939 3048 3025
3 2995 2978 3071
3 3020 3115 2998
3 3140 3053 2945
3 2945 3087 3140
3 3082 2982 2991
3 2991 3262 3082
3 3003 2965 3092
3 3022 3005 3094
3 2972 2973 3083
3 3159 3132 3007
3 2911 2984 2994
3 3015 2985 3042
3 3110 3099 3058
3 3198 2943 2960
3 3018 3029 3068
3 3112 3043 2977
3 3059 2996 3154
3 3060 3154 2996
3 3038 3060 3019
3 3113 3079 2979
3 3101 3044 2987
3 3163 3114 2967
3 3045 3163 2967
3 2838 3021 3103
3 3021 2999 3104
3 3046 3104 2999
3 2970 3040 3054
3 3004 3022 3094
3 3083 3158 2972
3 3144 3083 2974
3 3132 3084 3007
3 3067 3024 3119
3 2939 3008 3120
3 3027 3031 3026
3 3180 3016 3028
3 3050 3037 3162
3 3030 2976 3086
3 2868 2995 3070
3 3062 3010 3166
3 3115 3166 3010
3 3091 3090 2964
3 3171 3000 2883
3 2883 2989 3171
3 3117 3149 3002
3 3005 2972 3158
3 2974 3023 3118
3 2994 2984 3145
3 2984 3015 3145
3 3111 2959 2941
3 3028 3137 3180
3 3029 3069 3183
3 3060 3038 3078
3 3100 3078 3038
3 3079 3100 2979
3 2949 3102 3128
3 3103 3021 3104
3 3090 3032 2964
3 3055 3011 3065
3 3092 3108 3003
3 3118 3175 2974
3 3012 3035 3130
3 2993 3159 3041
3 3014 3096 2975
3 3048 2939 3151
3 3120 3151 2939
3 3136 3058 2959
3 3111 2941 3153
3 2941 3049 3153
3 2976 3043 3206
3 3112 2868 3070
3 3124 3113 3044
3 3101 3124 3044
3 3072 3163 3045
3 3103 3087 2838
3 3146 3155 3046
3 3088 2970 3081
3 2989 3033 3172
3 3117 2990 3107
3 3092 2965 3093
3 3004 3093 2965
3 3158 3094 3005
3 3130 3023 3012
3 3057 3035 2983
3 3006 3109 3177
3 3039 3120 3008
3 3145 3152 2994
3 3180 3049 3016
3 3162 3198 3050
3 3037 3017 3076
3 3069 3009 3184
3 2986 3184 3009
3 2986 3086 3077
3 3071 3070 2995
3 3121 3071 3051
3 3051 3059 3121
3 3101 3080 3061
3 3072 2949 3128
3 3104 3046 3155
3 2970 3054 3081
3 3054 3040 3089
3 3032 3089 3040
3 3073 3190 2981
3 3116 3056 3106
3 3056 3066 3106
3 3094 3143 3004
3 3083 3219 3158
3 3119 3024 3189
3 2931 3189 3024
3 3134 3025 3048
3 3085 3162 3037
3 3122 3154 3060
3 3139 3062 3165
3 3166 3165 3062
3 3167 3020 3053
3 3146 2969 3196
3 3129 3196 2969
3 2969 3063 3129
3 3031 3129 3063
3 3000 3171 3105
3 3172 3171 2989
3 3034 3172 3033
3 3190 3073 3011
3 3066 3074 3148
3 2990 2982 3107
3 3142 3107 2982
3 3280 3262 3047
3 3047 3108 3280
3 3144 2974 3175
3 3006 3177 3095
3 3131 3109 3013
3 3013 3084 3131
3 3036 2975 3179
3 3134 3096 3014
3 3120 3039 3097
3 3076 3085 3037
3 3068 3029 3222
3 3184 3183 3069
3 3059 3154 3121
3 3125 3114 3126
3 3165 3164 3139
3 3140 3167 3053
3 3039 3088 3097
3 3082 3142 2982
3 3189 2931 3277
3 2931 3075 3277
3 3133 3075 3036
3 3027 2994 3156
3 2994 3152 3156
3 3263 3110 3058
3 3058 3136 3263
3 2959 3111 3136
3 3161 3153 3049
3 3049 3180 3161
3 3221 3137 2943
3 3078 3100 3123
3 9752 3061 3080
3 3165 3166 3246
3 3115 3020 3181
3 3020 3167 3181
3 3201 3129 3031
3 3081 3169 3088
3 3143 3093 3004
3 3144 3219 3083
3 3257 3131 3084
3 3132 3257 3084
3 2993 3067 3178
3 3119 3178 3067
3 3036 3179 3133
3 3096 3179 2975
3 3031 3027 3156
3 3042 3145 3015
3 3112 3206 3043
3 3123 3122 3060
3 3060 3078 3123
3 3139 3164 3102
3 3187 3140 3087
3 3210 3169 3081
3 3054 3089 3141
3 3090 3091 3170
3 3202 3170 3091
3 3091 3000 3202
3 3105 3202 3000
3 3190 3011 3157
3 3011 3055 3157
3 3173 3148 3074
3 3074 3149 3173
3 3133 3277 3075
3 3217 3179 3096
3 2943 3198 3221
3 3265 3017 3068
3 3222 3265 3068
3 3100 3079 3236
3 3061 3124 3101
3 3087 3103 3187
3 3104 3155 3168
3 3156 3201 3031
3 3081 3054 3210
3 2981 3287 3064
3 3055 3065 3116
3 3117 3107 3174
3 3188 3130 3035
3 3151 3120 3097
3 3135 3042 2985
3 2985 3098 3135
3 3076 3017 3204
3 3265 3204 3017
3 3206 3234 2976
3 3079 3199 3236
3 3192 3199 3079
3 3079 3113 3192
3 3113 3124 3192
3 3266 3163 3127
3 3163 3072 3127
3 3166 3115 3181
3 3104 3168 3103
3 3169 3097 3088
3 3141 3210 3054
3 3190 3287 2981
3 3143 3094 3191
3 3158 3191 3094
3 3176 3230 3118
3 3035 3057 3188
3 3098 3099 3135
3 3099 3110 3135
3 3160 3263 3136
3 3222 3029 3183
3 3254 3086 2976
3 3206 3112 3138
3 3112 3070 3138
3 3070 3071 3243
3 3124 3061 3284
3 3072 3128 3193
3 3164 3193 3102
3 3194 3187 3103
3 3064 3172 3034
3 3055 3116 3147
3 3106 3066 3203
3 3142 3174 3107
3 3359 3108 3092
3 3093 3359 3092
3 3175 3118 3230
3 3150 3188 3057
3 3057 3095 3150
3 3197 3096 3134
3 3134 3048 3151
3 3330 3160 3136
3 3136 3111 3330
3 3161 3220 3153
3 3180 3137 3212
3 3184 2986 3205
3 3077 3205 2986
3 3077 3086 3254
3 3128 3102 3193
3 3147 3157 3055
3 3148 3203 3066
3 3174 3149 3117
3 3219 3144 3242
3 3175 3242 3144
3 3130 3188 3176
3 3121 3154 3235
3 3236 3123 3100
3 3355 3126 3114
3 3114 3163 3355
3 3193 3127 3072
3 3155 3146 3195
3 3196 3195 3146
3 3141 3089 3261
3 3257 3177 3109
3 3109 3131 3257
3 3197 3134 3151
3 3182 3145 3042
3 3135 3182 3042
3 3322 3135 3110
3 3110 3263 3322
3 3111 3153 3253
3 3233 3253 3153
3 3220 3233 3153
3 3181 3167 3186
3 3167 3140 3200
3 3168 3194 3103
3 9558 3261 3089
3 3089 3032 9558
3 3090 9558 3032
3 3172 3064 3239
3 3157 3147 3240
3 3269 3142 3082
3 3191 3158 3241
3 3188 3208 3176
3 2993 3228 3159
3 3151 3097 3258
3 3253 3330 3111
3 3221 3198 3213
3 3214 3198 3162
3 3254 3205 3077
3 3235 3244 3121
3 3185 3235 3154
3 3154 3122 3185
3 3181 3246 3166
3 3167 3200 3186
3 3187 3200 3140
3 3201 3156 3225
3 3231 3225 3156
3 3097 3169 3218
3 3210 3218 3169
3 3211 3105 3171
3 3171 3172 3211
3 3116 3106 3203
3 3203 3148 3396
3 3242 3175 3230
3 3176 3208 9931
3 3177 3257 3227
3 3178 3276 2993
3 3197 3217 3096
3 3161 3180 3283
3 3180 3212 3283
3 3331 3085 3076
3 3184 3223 3183
3 2976 3234 3254
3 3224 3071 3121
3 3121 3244 3224
3 3266 3292 3163
3 3215 3155 3195
3 3282 3231 3152
3 3152 3145 3282
3 3145 3182 3282
3 3135 3232 3182
3 3322 3232 3135
3 3221 3212 3137
3 3085 3214 3162
3 3300 3222 3183
3 3223 3300 3183
3 3205 3223 3184
3 3224 3243 3071
3 3271 3122 3123
3 3284 3192 3124
3 3164 3207 3193
3 3165 3304 3164
3 3194 3168 3247
3 3216 3095 3177
3 3227 3216 3177
3 3159 3228 3248
3 3261 3286 3141
3 3239 3211 3172
3 3336 3348 3190
3 3157 3336 3190
3 3148 3173 3229
3 3093 3143 3281
3 3219 3241 3158
3 3242 3270 3219
3 9931 3230 3176
3 3272 3245 3125
3 3125 3126 3272
3 3292 3355 3163
3 3207 3303 3193
3 3181 3186 3246
3 3294 3187 3194
3 3296 3188 3150
3 3238 3150 3095
3 3257 3132 3275
3 3132 3248 3275
3 3132 3159 3248
3 3178 3119 3249
3 3189 3249 3119
3 3278 3133 3179
3 3209 3278 3179
3 3197 3151 3309
3 3258 3097 3267
3 3210 3141 3260
3 3286 3260 3141
3 3287 3190 3348
3 3336 3157 3240
3 3147 3116 3377
3 3279 3173 3149
3 3149 3174 3279
3 3174 3142 3349
3 3082 3262 3269
3 3191 3281 3143
3 3204 3331 3076
3 3235 3185 3255
3 3291 3284 3061
3 3061 9752 3291
3 3293 3186 3200
3 3200 3187 3293
3 3215 3247 3168
3 3155 3215 3168
3 3201 3225 3285
3 3216 3238 3095
3 3217 3209 3179
3 3170 3202 3250
3 3279 3229 3173
3 3359 3093 3281
3 3283 3220 3161
3 3214 3213 3198
3 3085 3331 3264
3 3127 3193 3273
3 3129 3201 3285
3 3225 3231 9928
3 3297 3296 3150
3 3238 3297 3150
3 3276 3228 2993
3 3170 9558 3090
3 3287 3239 3064
3 3116 3203 3377
3 3396 3148 3327
3 3269 3251 3142
3 3212 3221 3363
3 3234 3206 3138
3 3185 3122 3256
3 3271 3256 3122
3 3236 3271 3123
3 3193 3303 3273
3 3207 3164 3304
3 3305 3246 3186
3 3186 3293 3305
3 3294 3194 3247
3 3196 3129 3237
3 3296 3226 3188
3 3251 3349 3142
3 3366 3269 3262
3 3281 3191 3367
3 3241 3219 3312
3 3182 3232 3314
3 3253 3233 3339
3 3221 3213 3363
3 3214 3085 3288
3 3265 3222 3289
3 3316 3138 3070
3 3070 3243 3316
3 3355 3272 3126
3 3285 3237 3129
3 3285 3225 9928
3 3365 3317 3248
3 3248 3228 3365
3 3258 3309 3151
3 3335 3218 3210
3 3105 3250 3202
3 3240 3147 3320
3 3377 3320 3147
3 3281 3328 3359
3 3270 3242 3329
3 9939 3242 3230
3 9931 9939 3230
3 3282 3252 3231
3 3213 3214 3299
3 3288 3299 3214
3 3331 3204 3368
3 3223 3205 3340
3 3301 3254 3234
3 3235 3255 3244
3 3364 3271 3236
3 3290 3364 3236
3 3236 3199 3290
3 3199 3192 3290
3 3284 3290 3192
3 3247 3215 3274
3 3418 3297 3238
3 3259 3267 3218
3 3210 3260 3458
3 3250 3105 3311
3 3105 3211 3311
3 3229 3327 3148
3 3174 3349 3279
3 3270 3312 3219
3 3264 3288 3085
3 3265 3368 3204
3 3300 3223 3340
3 3316 3302 3138
3 3305 3404 3246
3 3275 3248 3317
3 3189 3277 3480
3 3277 3133 3392
3 3217 3197 3309
3 3229 3279 3397
3 3280 3108 3447
3 3423 3282 3182
3 3182 3314 3423
3 3339 3362 3253
3 3213 3299 3363
3 3304 3165 3371
3 3246 3371 3165
3 3404 3334 3246
3 3306 3305 3293
3 3307 3293 3187
3 3187 3294 3307
3 3215 3195 3274
3 3308 3342 3195
3 3195 3196 3308
3 3196 3237 3308
3 3227 3257 3275
3 3365 3228 3276
3 3276 3178 3357
3 3249 3357 3178
3 3133 3278 3392
3 3268 3261 9558
3 3310 3268 9558
3 9558 3170 3310
3 3250 3374 3170
3 3287 3298 3239
3 3269 3366 3378
3 3241 3312 3379
3 3329 3242 3337
3 9939 3337 3242
3 3361 3322 3263
3 3263 3160 3361
3 3220 3339 3233
3 3289 3462 3265
3 3205 3254 3341
3 3234 3138 3302
3 3224 3316 3243
3 3332 3255 3185
3 3185 3256 3332
3 3266 3127 3324
3 3273 3324 3127
3 3226 3296 3295
3 3227 3275 3216
3 3326 3275 3317
3 3345 3278 3209
3 3258 3267 3318
3 3458 3335 3210
3 3374 3310 3170
3 3239 3311 3211
3 3320 3336 3240
3 3367 3191 3379
3 3191 3241 3379
3 3329 3381 3270
3 3232 3322 3314
3 3400 3283 3212
3 3212 3363 3400
3 3254 3301 3341
3 3245 3272 3386
3 3292 3266 3324
3 3371 3246 3334
3 3325 3294 3247
3 3274 3325 3247
3 3258 3394 3309
3 3260 3319 3458
3 3378 3421 3269
3 3262 3280 3366
3 3447 3366 3280
3 3380 3312 3360
3 3312 3270 3360
3 3381 3360 3270
3 3313 3321 3252
3 3252 3282 3313
3 3289 3222 3300
3 3340 3205 3434
3 3341 3434 3205
3 3403 3369 3284
3 3355 3292 3333
3 3303 3207 3455
3 3304 3455 3207
3 3274 3195 3342
3 3343 3237 3285
3 9928 3343 3285
3 3238 3216 3418
3 3390 3418 3216
3 3216 3275 3326
3 3217 3309 3346
3 3259 3318 3267
3 3286 3319 3260
3 3298 3287 3411
3 3348 3411 3287
3 3421 3251 3269
3 3337 9939 3338
3 3368 3265 3315
3 3462 3315 3265
3 3300 3340 3383
3 3284 3291 3403
3 3426 3324 3273
3 3307 3306 3293
3 3343 9928 9917
3 3365 3276 3373
3 3318 3394 3258
3 3286 3261 3268
3 3336 3320 3395
3 3349 3251 3413
3 3328 3281 3367
3 3282 3423 3313
3 3339 3220 3323
3 3351 3323 3220
3 3220 3283 3351
3 3400 3351 3283
3 3352 3288 3264
3 3383 3353 3300
3 3224 3244 3354
3 3427 3455 3304
3 3371 3427 3304
3 3305 3306 3372
3 3307 3294 3522
3 3326 3317 3467
3 3391 3357 3249
3 3249 3189 3391
3 3480 3391 3189
3 3277 3392 3480
3 3392 3278 3344
3 3345 3344 3278
3 3259 3218 3347
3 3335 3347 3218
3 3374 3250 3410
3 3239 3298 3375
3 3396 3377 3203
3 3432 3413 3251
3 3379 3312 3380
3 3314 3322 3399
3 3474 3330 3253
3 3362 3474 3253
3 3302 3301 3234
3 3369 3290 3284
3 3333 3292 3324
3 3370 3426 3273
3 3273 3303 3370
3 3372 3404 3305
3 3487 3294 3325
3 3297 3418 3296
3 3373 3276 3357
3 3319 3286 3419
3 3268 3419 3286
3 3311 3410 3250
3 3421 3432 3251
3 3359 3447 3108
3 3338 3350 3337
3 3322 3361 3399
3 3361 3160 3484
3 3362 3339 3424
3 3299 3288 3401
3 3295 3296 9937
3 3356 3216 3326
3 3209 3217 3346
3 3409 3419 3268
3 3268 3310 3409
3 3375 3311 3239
3 3348 3336 3376
3 3431 3377 3396
3 3443 3327 3229
3 3229 3397 3443
3 3279 3349 3397
3 3337 3381 3329
3 3399 3382 3314
3 3474 3160 3330
3 3341 3301 3384
3 3388 3302 3316
3 3255 3332 3385
3 3271 3332 3256
3 3437 3333 3324
3 3522 3306 3307
3 3274 3342 3416
3 3456 3344 3345
3 3346 3345 3209
3 3394 3346 3309
3 3259 3441 3318
3 3410 3311 3375
3 3395 3376 3336
3 3412 3395 3320
3 3358 3412 3320
3 3320 3377 3358
3 3448 3447 3359
3 3337 3350 3450
3 3160 3474 3484
3 3323 3424 3339
3 3352 3401 3288
3 3352 3264 3452
3 3264 3331 3452
3 3353 3402 3300
3 3290 3389 3364
3 3455 3370 3303
3 3441 3457 3318
3 3430 3347 3335
3 3413 3397 3349
3 3359 3328 3398
3 3422 3321 3313
3 3363 3299 3401
3 3368 3452 3331
3 3316 3224 3475
3 3224 3354 3475
3 3354 3244 3385
3 3244 3255 3385
3 3414 3385 3332
3 3332 3271 3454
3 3271 3364 3454
3 3290 3369 3389
3 3272 3355 3425
3 3333 3425 3355
3 3487 3522 3294
3 3325 3274 3415
3 3274 3416 3415
3 3216 3356 3390
3 3456 3345 3407
3 3347 3441 3259
3 3398 3328 3559
3 3367 3559 3328
3 3367 3379 3449
3 3484 3399 3361
3 3363 3401 3400
3 3289 3463 3462
3 3434 3383 3340
3 3302 3505 3301
3 3388 3316 3475
3 3487 3325 3405
3 3405 3325 3415
3 3237 3343 3429
3 9918 3429 3343
3 9924 9918 3343
3 3326 3467 3496
3 3406 3467 3317
3 3489 3317 3365
3 3365 3373 3489
3 3346 3407 3345
3 3387 3346 3394
3 3318 3457 3394
3 3411 3348 3376
3 3449 3502 3367
3 3360 3444 3380
3 3382 3423 3314
3 3436 3364 3389
3 3386 3272 3466
3 3437 3324 3426
3 3334 3427 3371
3 3334 3404 3477
3 3404 3372 3428
3 3342 3495 3416
3 3342 3308 3478
3 3479 3478 3308
3 3308 3237 3479
3 3296 3418 3417
3 3326 3496 3356
3 3393 3407 3346
3 3408 3393 3346
3 3431 3358 3377
3 3421 3378 3433
3 3381 3444 3360
3 3300 3402 3289
3 3341 3384 3435
3 3436 3454 3364
3 3466 3403 3386
3 3391 3490 3357
3 3387 3408 3346
3 3398 3473 3359
3 3380 3449 3379
3 3381 3337 3450
3 3313 3423 3460
3 3369 3403 3465
3 3437 3494 3333
3 3370 3455 3548
3 3495 3342 3478
3 3417 9937 3296
3 3356 3439 3390
3 3373 3357 3490
3 3419 3409 3420
3 3409 3374 3442
3 3410 3442 3374
3 3376 3510 3411
3 3431 3396 3327
3 3473 3448 3359
3 3585 3449 3380
3 3444 3585 3380
3 3435 3384 3505
3 3384 3301 3505
3 3426 3548 3438
3 3426 3370 3548
3 3593 3372 3306
3 3418 3390 3439
3 3490 3526 3373
3 3391 3480 3440
3 3468 3480 3392
3 3392 3344 3468
3 3344 3456 3468
3 3407 3393 3456
3 3481 3456 3393
3 3408 3445 3393
3 3408 3387 3516
3 3458 3430 3335
3 3442 3420 3409
3 3298 3411 3510
3 3352 3452 3486
3 3462 3546 3315
3 3383 3434 3512
3 3435 3434 3341
3 3464 3302 3388
3 3414 3354 3385
3 3506 3466 3272
3 3425 3506 3272
3 3477 3427 3334
3 3306 3522 3593
3 3415 3416 3542
3 3417 9938 9937
3 3490 3391 3610
3 3642 3610 3391
3 3440 3642 3391
3 3441 3347 3446
3 3430 3446 3347
3 3376 3395 3500
3 3412 3500 3395
3 3431 3327 3531
3 3433 3432 3421
3 3378 3366 3459
3 3560 3444 3381
3 3450 3560 3381
3 3460 3422 3313
3 3451 3460 3423
3 3423 3382 3451
3 3362 3424 3545
3 3461 3424 3323
3 3463 3289 3520
3 3402 3520 3289
3 3505 3302 3464
3 3354 3414 3453
3 3414 3332 3454
3 3389 3369 3436
3 3466 3465 3403
3 3438 3437 3426
3 3427 3476 3455
3 3404 3507 3477
3 3495 3542 3416
3 3429 3479 3237
3 3417 3418 3523
3 3393 3445 3536
3 3394 3457 3387
3 3430 3458 3571
3 3420 3469 3419
3 3442 3410 3517
3 3375 3517 3410
3 3375 3298 3471
3 3510 3376 3472
3 3474 3362 3545
3 3351 3400 3485
3 3401 3352 3562
3 3512 3434 3608
3 3454 3453 3414
3 3454 3436 3513
3 3477 3476 3427
3 3428 3507 3404
3 3508 3428 3372
3 3356 3524 3439
3 3317 3489 3406
3 3526 3489 3373
3 3481 3555 3456
3 3393 3536 3481
3 3445 3408 3516
3 3457 3441 3498
3 3446 3498 3441
3 3319 3419 3469
3 3470 3420 3442
3 3517 3470 3442
3 3517 3375 3491
3 3298 3510 3471
3 3412 3358 3482
3 3584 3327 3443
3 3537 3443 3397
3 3413 3537 3397
3 3366 3447 3459
3 3559 3473 3398
3 3450 3350 9934
3 3460 3483 3422
3 3461 3323 3576
3 3351 3576 3323
3 3401 3562 3511
3 3639 3562 3352
3 3465 3436 3369
3 3494 3425 3333
3 3372 3593 3508
3 3418 3439 3523
3 3375 3471 3491
3 3500 3472 3376
3 3531 3358 3431
3 3413 3432 3433
3 3448 3459 3447
3 3504 3382 3589
3 3545 3424 3461
3 3511 3485 3400
3 3400 3401 3511
3 3486 3639 3352
3 3435 3608 3434
3 3388 3475 3547
3 3580 3465 3466
3 3548 3455 3476
3 3428 3508 3521
3 3479 3429 3543
3 3488 9938 3417
3 3417 3523 3488
3 3525 3406 3489
3 3555 3468 3456
3 3497 3387 3457
3 3498 3497 3457
3 3446 3430 3613
3 3571 3613 3430
3 3433 3378 3614
3 3559 3367 3502
3 3585 3502 3449
3 3504 3451 3382
3 3382 3399 3544
3 3399 3590 3544
3 3399 3484 3590
3 3368 3315 3577
3 3546 3577 3315
3 3353 3383 3601
3 3354 3453 3618
3 3439 3524 3603
3 3549 3496 3467
3 3467 3406 3549
3 3535 3481 3536
3 3387 3497 3509
3 3529 3510 3472
3 3472 3500 3530
3 3537 3413 3538
3 3532 3614 3378
3 3378 3459 3532
3 3473 3518 3448
3 3559 3518 3473
3 3560 3450 3492
3 3450 9934 3492
3 3589 3382 3544
3 3485 3576 3351
3 3486 3452 3591
3 3368 3591 3452
3 3512 3601 3383
3 3435 3505 3609
3 3475 3354 3547
3 3506 3425 3493
3 3437 3438 3494
3 3478 3479 3515
3 3543 3515 3479
3 3480 3468 3633
3 3516 3387 3509
3 3469 3420 3499
3 3470 3499 3420
3 3433 3538 3413
3 3503 3483 3460
3 3460 3451 3503
3 3451 3504 3503
3 3474 3545 3616
3 3576 3697 3461
3 3546 3462 3539
3 3463 3539 3462
3 3464 3388 3602
3 3506 3580 3466
3 3425 3494 3493
3 3507 3428 3521
3 3582 3542 3495
3 3621 3603 3524
3 3516 3509 3604
3 3517 3557 3470
3 3530 3529 3472
3 3501 3500 3482
3 3560 3587 3444
3 3483 3503 3561
3 3591 3368 3577
3 3578 3402 3353
3 3601 3578 3353
3 3505 3464 3602
3 3618 3547 3354
3 3513 3541 3454
3 3513 3436 3514
3 3494 3438 3630
3 3476 3477 3742
3 3405 3620 3487
3 3478 3582 3495
3 3440 3480 3633
3 3536 3445 3552
3 3445 3516 3552
3 3557 3499 3470
3 3501 3530 3500
3 3531 3327 3573
3 3518 3559 3533
3 3670 3590 3484
3 3484 3474 3670
3 3601 3512 3608
3 3609 3505 3617
3 3388 3547 3602
3 3540 3618 3453
3 3541 3453 3454
3 3436 3465 3514
3 3507 3742 3477
3 3507 3521 3566
3 3594 3522 3487
3 3620 3594 3487
3 3415 3542 3620
3 3525 3549 3406
3 3526 3525 3489
3 3610 3648 3490
3 3555 3527 3468
3 3528 3571 3458
3 3458 3319 3528
3 3469 3528 3319
3 3471 3510 3558
3 3572 3623 3482
3 3482 3358 3572
3 3678 3538 3433
3 3635 3504 3589
3 3636 3544 3590
3 3474 3616 3607
3 3511 3519 3485
3 3539 3463 3520
3 3541 3540 3453
3 3514 3541 3513
3 3493 3674 3506
3 3548 3476 3564
3 3683 3564 3476
3 3405 3415 3620
3 3488 3523 3568
3 3549 3356 3496
3 3570 3527 3555
3 3552 3516 3612
3 3604 3612 3516
3 3517 3491 3634
3 3491 3471 3634
3 3558 3510 3529
3 3327 3584 3573
3 3532 3459 3747
3 3492 9934 3554
3 3576 3485 3628
3 3519 3628 3485
3 3608 3435 3609
3 3742 3507 3565
3 3534 3599 3523
3 3523 3439 3534
3 3526 3490 3550
3 3648 3550 3490
3 3527 3633 3468
3 3611 3481 3535
3 3701 3509 3497
3 3556 3701 3497
3 3497 3498 3556
3 3557 3553 3499
3 3558 3634 3471
3 3358 3531 3572
3 3433 3614 3678
3 3721 3459 3448
3 3533 3624 3518
3 3603 3534 3439
3 3527 3570 3569
3 3535 3536 3551
3 3552 3551 3536
3 3469 3499 3553
3 3557 3517 3684
3 3586 3684 3517
3 3443 3537 3584
3 3624 3721 3448
3 3448 3518 3624
3 3559 3502 3615
3 3554 9932 3575
3 3474 3607 3670
3 3545 3461 3616
3 3563 3562 3639
3 3742 3683 3476
3 3566 3565 3507
3 3567 3521 3508
3 3515 3543 3597
3 9920 3597 3543
3 3588 3561 3503
3 3626 3503 3504
3 3504 3635 3626
3 3511 3562 3638
3 3578 3520 3402
3 3602 3617 3505
3 3540 3673 3618
3 9570 3514 3465
3 3674 3580 3506
3 3620 3542 3645
3 3542 3582 3645
3 3582 3478 3595
3 3515 3595 3478
3 3597 3596 3515
3 3599 3568 3523
3 3583 3555 3481
3 3611 3583 3481
3 3612 3551 3552
3 3574 3584 3537
3 3537 3538 3574
3 3747 3614 3532
3 3587 3560 3625
3 3492 3554 3575
3 3600 3525 3526
3 3583 3570 3555
3 3667 3583 3611
3 3498 3446 3613
3 3656 3571 3528
3 3469 3656 3528
3 3678 3574 3538
3 3502 3585 3615
3 3560 3492 3625
3 3606 3575 3561
3 3588 3606 3561
3 3503 3626 3588
3 3723 3546 3539
3 3579 3541 3514
3 9570 3579 3514
3 3596 3595 3515
3 3621 3524 3622
3 3524 3356 3622
3 3549 3622 3356
3 3611 3535 3551
3 3469 3553 3656
3 3634 3586 3517
3 3529 3530 3693
3 3531 3573 3720
3 3584 3574 3643
3 3644 3624 3533
3 3605 3615 3585
3 3625 3492 3660
3 3575 3660 3492
3 3544 3636 3627
3 3616 3461 3661
3 3697 3661 3461
3 3697 3576 3628
3 3591 3577 3662
3 3546 3662 3577
3 3674 3581 3580
3 3631 3438 3548
3 3548 3564 3631
3 3566 3521 3592
3 3640 3567 3508
3 3508 3593 3640
3 3632 3593 3522
3 3522 3594 3632
3 3539 3520 3723
3 3579 3619 3541
3 3631 3630 3438
3 3565 3566 3724
3 3692 3592 3521
3 3521 3567 3692
3 3645 3582 3707
3 3582 3699 3707
3 3598 3597 9915
3 9915 3568 3598
3 3599 3598 3568
3 3440 3633 3649
3 3569 3633 3527
3 3612 3604 3708
3 3701 3604 3509
3 3533 3559 3686
3 3615 3686 3559
3 3585 3444 3605
3 3587 3605 3444
3 3606 3660 3575
3 3613 3556 3498
3 3651 3623 3572
3 3572 3531 3651
3 3584 3643 3573
3 3544 3635 3589
3 3590 3670 3636
3 3511 3638 3519
3 3722 3639 3486
3 3591 3722 3486
3 3520 3578 3732
3 3493 3494 3663
3 3630 3681 3494
3 3632 3640 3593
3 3582 3595 3699
3 3603 3599 3534
3 3550 3600 3526
3 3684 3586 3685
3 9616 3530 3501
3 3574 3678 3669
3 3625 3659 3587
3 3578 3601 3739
3 3601 3608 3739
3 3619 3540 3541
3 3681 3663 3494
3 3549 3525 3647
3 3525 3600 3647
3 3766 3708 3604
3 3756 3558 3529
3 3529 3693 3756
3 3720 3651 3531
3 3686 3658 3533
3 3605 3587 3659
3 3653 3660 3606
3 3628 3519 3688
3 3637 3688 3519
3 3655 3673 3540
3 3719 3631 3564
3 3594 3620 3641
3 3598 3596 3597
3 3766 3604 3701
3 3556 3613 3668
3 3613 3571 3702
3 3669 3678 3695
3 3614 3747 3778
3 3658 3644 3533
3 3588 3653 3606
3 3626 3635 3654
3 3627 3635 3544
3 3688 3671 3628
3 3689 3638 3562
3 3562 3563 3689
3 3546 3723 3704
3 3617 3602 3714
3 3740 3547 3618
3 3618 3673 3740
3 3540 3619 3715
3 3681 3630 3629
3 3641 3620 3645
3 3707 3699 3698
3 3551 3612 3676
3 3656 3553 3727
3 3553 3557 3657
3 3634 3685 3586
3 3728 3693 3530
3 3530 9616 3728
3 3651 9615 3623
3 3660 3659 3625
3 3519 3638 3637
3 3608 3609 3808
3 3493 3663 3751
3 3630 3631 3682
3 3742 3565 3706
3 3595 3596 3664
3 3665 3598 3599
3 3599 3603 3665
3 3621 3622 3646
3 3549 3646 3622
3 3650 3667 3611
3 3611 3551 3650
3 3556 3668 3701
3 3643 3574 3652
3 3686 3615 3696
3 3654 3653 3588
3 3588 3626 3654
3 3627 3770 3635
3 3670 3607 3818
3 3722 3563 3639
3 3662 3546 3680
3 3704 3680 3546
3 3732 3738 3520
3 3739 3672 3578
3 3715 3655 3540
3 3579 9570 3619
3 3716 3619 9570
3 3674 3716 3581
3 3682 3629 3630
3 3683 3719 3564
3 3592 3724 3566
3 3594 3641 3734
3 3699 3595 3664
3 3596 3598 3664
3 3666 3621 3646
3 3610 3642 3799
3 3440 3799 3642
3 3708 3676 3612
3 3656 3702 3571
3 3684 3657 3557
3 3678 3614 3778
3 3459 3721 3737
3 3710 3644 3658
3 3659 3711 3605
3 3758 3689 3563
3 3738 3723 3520
3 3808 3609 3772
3 3706 3565 3691
3 3743 3707 3698
3 3666 3603 3621
3 3647 3753 3549
3 3648 3610 3799
3 3569 3649 3633
3 3583 3667 3675
3 3613 3744 3668
3 3634 3703 3685
3 3652 3574 3677
3 3677 3574 3669
3 3696 3615 3711
3 3615 3605 3711
3 3770 3654 3635
3 3713 3627 3636
3 3636 3670 3713
3 3705 3602 3547
3 3547 3740 3705
3 3619 3716 3760
3 3751 3674 3493
3 3682 3631 3718
3 3719 3718 3631
3 3565 3724 3691
3 3725 3640 3632
3 3666 3646 3752
3 3646 3549 3753
3 3675 3570 3583
3 3667 3650 3765
3 3744 3613 3802
3 3558 3703 3634
3 3737 3747 3459
3 3779 3721 3624
3 3659 3660 3687
3 3660 3653 3687
3 3607 3616 3679
3 3731 3616 3661
3 3697 3731 3661
3 3671 3697 3628
3 3638 3689 3637
3 3722 3591 3855
3 3662 3855 3591
3 3672 3732 3578
3 3808 3739 3608
3 3761 3725 3632
3 3632 3594 3761
3 3594 3734 3761
3 3734 3641 3645
3 3598 3735 3664
3 3551 3676 3650
3 3644 3779 3624
3 3644 3710 3779
3 3818 3713 3670
3 3749 3772 3609
3 3609 3617 3749
3 3740 3673 3655
3 3715 3690 3655
3 3751 3663 3773
3 3665 3735 3598
3 3764 3665 3603
3 3603 3666 3764
3 3702 3802 3613
3 3651 3720 3694
3 3720 3573 3745
3 3721 3779 3803
3 3711 3659 3729
3 3713 3770 3627
3 3731 3697 3771
3 3782 3771 3697
3 3617 3714 3759
3 3663 3681 3773
3 3629 3773 3681
3 3682 3718 3629
3 3799 3440 3649
3 3553 3709 3727
3 3553 3657 3709
3 3756 3703 3558
3 3793 3728 9616
3 3794 3793 9615
3 3651 3794 9615
3 3817 3643 3652
3 3677 3817 3652
3 3659 3687 3729
3 3712 3729 3687
3 3855 3662 3680
3 3759 3749 3617
3 3705 3714 3602
3 3716 3674 3717
3 3706 3774 3742
3 3707 3734 3645
3 3675 3667 3765
3 3726 3702 3656
3 3656 3727 3726
3 3728 3756 3693
3 3573 3643 3746
3 3678 3736 3695
3 3780 3710 3658
3 3654 3770 3712
3 3818 3607 3730
3 3679 3730 3607
3 3671 3782 3697
3 3732 3672 3839
3 3741 3717 3674
3 3741 3674 3751
3 3724 3592 3810
3 3692 3810 3592
3 3763 3743 3698
3 3698 3699 3763
3 3700 3764 3666
3 3752 3700 3666
3 3752 3646 3821
3 3753 3821 3646
3 3649 3569 3800
3 3569 3570 3754
3 3650 3676 3792
3 3709 3657 3755
3 3657 3684 3755
3 3684 3685 3755
3 3849 3755 3685
3 3685 3703 3849
3 3573 3746 3745
3 3696 3780 3658
3 3658 3686 3696
3 3563 3722 3758
3 3705 3740 3829
3 3600 3550 3785
3 3648 3785 3550
3 3890 3800 3569
3 3754 3890 3569
3 3675 3754 3570
3 3708 3792 3676
3 3766 3701 3786
3 3756 3728 3826
3 3728 3793 3787
3 3817 3746 3643
3 3710 3780 3837
3 3696 3711 3757
3 3729 3757 3711
3 3731 3679 3616
3 3806 3680 3704
3 3714 3705 3759
3 3733 3690 3715
3 3750 3733 3715
3 3619 3750 3715
3 3619 3760 3750
3 3790 3760 3716
3 3717 3790 3716
3 3719 3683 3861
3 3683 3742 3861
3 3797 3734 3707
3 3707 3743 3797
3 3699 3664 3763
3 3701 3668 3824
3 3744 3824 3668
3 3726 3802 3702
3 3849 3703 3767
3 3745 3694 3720
3 3778 3736 3678
3 3781 3712 3770
3 3748 3689 3758
3 3722 3855 3758
3 3883 3704 3723
3 3723 3738 3883
3 3810 3809 3724
3 3842 3810 3692
3 3735 3763 3664
3 3835 3647 3600
3 3799 3785 3648
3 3814 3754 3675
3 3801 3792 3708
3 3703 3756 3768
3 3787 3826 3728
3 3669 3817 3677
3 3729 3712 3769
3 3781 3769 3712
3 3740 3655 3819
3 3773 3629 3858
3 3743 3763 3811
3 3700 3752 3798
3 3835 3600 3931
3 3792 3791 3650
3 3786 3701 3824
3 3755 3844 3709
3 3777 3817 3669
3 3695 3777 3669
3 3713 3818 3770
3 3690 3819 3655
3 3820 3718 3719
3 3841 3774 3706
3 3706 3691 3841
3 3691 3724 3832
3 3832 3724 3809
3 3735 3665 3812
3 3764 3812 3665
3 3766 3801 3708
3 3824 3744 3848
3 3872 3744 3802
3 3727 3709 3825
3 3768 3767 3703
3 3776 3794 3651
3 3651 3694 3776
3 3730 3679 3881
3 3671 3688 3782
3 3748 3637 3689
3 3806 3704 3788
3 3839 3738 3732
3 3839 3672 3807
3 3751 3773 3831
3 3862 3842 3692
3 3692 3567 3862
3 3762 3761 3734
3 3797 3762 3734
3 3763 3735 3775
3 3812 3775 3735
3 3764 3700 3847
3 3798 3847 3700
3 3821 3753 3813
3 3791 3765 3650
3 3726 3727 3825
3 3826 3768 3756
3 3736 3828 3695
3 3837 3804 3710
3 3781 3770 3853
3 3731 3771 3846
3 3748 3758 3865
3 3672 3739 3807
3 3808 3807 3739
3 3829 3759 3705
3 3690 3733 3783
3 3741 3790 3717
3 3741 3751 3796
3 3861 3742 3784
3 3774 3784 3742
3 3812 3764 3834
3 3647 3835 3813
3 3785 3931 3600
3 3675 3765 3822
3 3765 3791 3822
3 3843 3801 3766
3 3766 3786 3843
3 3848 3744 3872
3 3787 3793 3827
3 3746 3880 3745
3 3828 3736 3851
3 3778 3747 3876
3 3737 3876 3747
3 3780 3696 3805
3 3729 3769 3795
3 3770 3818 3853
3 3881 3679 3854
3 3865 3878 3748
3 3855 3680 3866
3 3680 3806 3866
3 3704 3883 3788
3 3772 3749 3913
3 3840 3749 3759
3 3861 3820 3719
3 3798 3752 3821
3 3753 3647 3813
3 3799 3649 3999
3 3919 3999 3649
3 3649 3800 3919
3 3675 3822 3814
3 3872 3802 3816
3 3836 3777 3695
3 3828 3836 3695
3 3876 3737 3863
3 3860 3757 3729
3 3729 3795 3860
3 3758 3855 3865
3 3740 3819 3829
3 3690 3783 3819
3 3789 3783 3733
3 3830 3789 3750
3 3790 3830 3760
3 3831 3796 3751
3 3773 3858 3946
3 3718 3858 3629
3 3954 3567 3640
3 3640 3725 3954
3 3917 3811 3763
3 3763 3775 3917
3 3764 3847 3834
3 3792 3815 3791
3 3801 3823 3792
3 3844 3825 3709
3 3893 3851 3736
3 3736 3778 3893
3 3805 3696 3757
3 3845 3795 3769
3 3769 3781 3845
3 3853 3845 3781
3 3881 3818 3730
3 3679 3731 3846
3 3688 3637 3877
3 3748 3877 3637
3 3840 3913 3749
3 3830 3750 3760
3 3811 3797 3743
3 3798 3821 3888
3 3754 3814 3891
3 3815 3822 3791
3 3815 3792 3823
3 3801 3843 3859
3 3893 3778 3894
3 3876 3894 3778
3 3737 3721 3863
3 3721 3803 3863
3 3804 3779 3710
3 3804 3837 3958
3 3846 3854 3679
3 3782 3688 3877
3 3808 3772 3944
3 3829 3819 3856
3 3831 3773 3946
3 3775 3833 3917
3 3847 3798 3887
3 3785 3799 3889
3 3999 3889 3799
3 3919 3800 3890
3 3787 3827 3874
3 3969 3958 3837
3 3805 3757 3852
3 3864 3852 3757
3 3860 3864 3757
3 3838 3883 3738
3 3926 3839 3807
3 3807 3808 3884
3 3829 3840 3759
3 3829 3856 4006
3 3830 3790 3899
3 3868 3790 3741
3 3796 3868 3741
3 3567 3954 3862
3 3762 3797 3985
3 3917 3870 3811
3 3812 3833 3775
3 3887 3798 3888
3 3815 3823 3909
3 3801 3859 3823
3 3786 3824 3843
3 3816 3802 3966
3 3802 3726 3966
3 3825 3966 3726
3 3768 3826 3904
3 3826 3850 3904
3 3850 3826 3787
3 3787 3874 3850
3 3851 3911 3828
3 3878 3865 3897
3 3806 3788 3866
3 3867 3856 3819
3 3819 3783 3867
3 3900 3841 3691
3 3832 3900 3691
3 3822 3891 3814
3 3822 3815 3908
3 3848 3843 3824
3 3872 3816 3988
3 3892 3921 3825
3 3825 3844 3892
3 3694 3745 3967
3 3941 3863 3803
3 3804 3941 3803
3 3803 3779 3804
3 3907 3877 3748
3 3748 3878 3907
3 3738 3839 3838
3 3913 3944 3772
3 3831 3952 3796
3 3725 3761 3954
3 3869 3797 3811
3 3811 3870 3869
3 3834 3847 3871
3 3888 3821 3930
3 3813 3930 3821
3 3902 3822 3908
3 3909 3908 3815
3 3848 3859 3843
3 3844 3755 3903
3 3849 3903 3755
3 3875 3827 3794
3 3794 3776 3875
3 3967 3776 3694
3 3817 3777 3957
3 3923 3969 3837
3 3780 3805 3852
3 3852 3864 3895
3 3881 3853 3818
3 3846 3771 3950
3 3830 3857 3789
3 3886 4036 3718
3 3718 3820 3886
3 3996 3954 3761
3 3869 3985 3797
3 3966 3825 3921
3 3849 3767 3873
3 3875 3874 3827
3 3845 3853 3912
3 3782 3882 3771
3 3839 3879 3838
3 3944 3884 3808
3 3857 3867 3783
3 3858 3718 4036
3 3809 3810 3842
3 3761 3762 3996
3 3985 3996 3762
3 3932 3919 3890
3 3891 3822 3902
3 3859 3909 3823
3 3844 3903 3892
3 3904 3767 3768
3 3817 3957 3746
3 3837 3780 3923
3 3852 3923 3780
3 3853 3881 3942
3 3882 3950 3771
3 3925 3865 3855
3 3866 3788 3898
3 3879 3839 3926
3 3857 3830 3885
3 3830 3899 3885
3 3868 3899 3790
3 3774 3841 3984
3 3871 3812 3834
3 3931 3785 3918
3 3872 3920 3848
3 3988 3816 3965
3 3906 3875 3776
3 3745 3880 3967
3 3911 3836 3828
3 3860 3795 3896
3 3795 3845 3896
3 3912 3896 3845
3 3881 3854 3935
3 3854 3846 3943
3 3883 4042 3788
3 3927 3913 3840
3 3840 3829 3927
3 4006 3927 3829
3 3959 3885 3899
3 3820 3861 3960
3 3841 3900 3984
3 3832 3809 3953
3 3862 3954 3938
3 3869 3870 3916
3 3871 3833 3812
3 3962 3871 3847
3 3887 3962 3847
3 3909 3859 3910
3 3940 3910 3859
3 3934 3904 3850
3 3836 3957 3777
3 3942 3912 3853
3 3935 3854 3943
3 3924 3882 3782
3 3782 3877 3924
3 3907 3924 3877
3 3884 3926 3807
3 3914 4006 3856
3 3936 3899 3868
3 3886 3820 3960
3 3870 3917 3901
3 3930 3813 3947
3 3859 3848 3940
3 3920 3940 3848
3 3920 3872 3988
3 3904 3873 3767
3 3895 3923 3852
3 3896 3864 3860
3 3878 3897 3907
3 3925 3855 3977
3 3855 3866 3977
3 3898 3977 3866
3 4042 3898 3788
3 3838 3879 4005
3 3900 3832 3953
3 3901 3916 3870
3 3871 3955 3833
3 3903 3849 3974
3 3849 3873 3974
3 3874 3934 3850
3 3906 3922 3875
3 3967 3906 3776
3 4011 3880 3746
3 3836 3911 4020
3 3895 3864 3976
3 3943 3846 4030
3 3950 4030 3846
3 3951 3914 3856
3 3856 3867 3951
3 3857 3885 3915
3 3937 3936 3868
3 3928 3960 3861
3 3784 3928 3861
3 3809 3842 3929
3 3955 3917 3833
3 3962 3887 3956
3 3888 3956 3887
3 3813 3835 3947
3 3890 3754 3932
3 3939 3932 3754
3 3754 3891 3939
3 3902 3964 3891
3 3816 3966 3965
3 3934 3874 3905
3 3880 4011 3968
3 3746 3957 4011
3 3851 3893 4092
3 3894 4092 3893
3 3935 3942 3881
3 4042 4041 3898
3 4013 3883 3838
3 3944 3913 3982
3 3936 3959 3899
3 3796 3937 3868
3 3952 3937 3796
3 3946 3952 3831
3 3946 3858 4036
3 3979 3928 3784
3 3784 3774 3979
3 3984 3979 3774
3 3953 3809 3929
3 4007 3985 3869
3 3955 3901 3917
3 3964 3902 3971
3 3948 3971 3902
3 3908 3948 3902
3 3968 3967 3880
3 3958 3969 3992
3 3864 3896 3976
3 3865 3925 3897
3 3879 3926 3995
3 4036 3978 3946
3 4054 3869 3916
3 3963 3888 3930
3 3939 3891 4008
3 3964 4008 3891
3 3909 3948 3908
3 3909 3910 3972
3 3933 3972 3910
3 3873 3904 4010
3 3904 3934 4010
3 4003 4020 3911
3 3981 4003 3911
3 3851 3981 3911
3 3958 3941 3804
3 3975 3923 3895
3 4041 3977 3898
3 4013 4042 3883
3 3931 3947 3835
3 3986 3918 3785
3 3785 3889 3986
3 4008 3932 3939
3 3909 3972 3948
3 3892 3903 3973
3 3974 3973 3903
3 4029 3993 3942
3 3913 3927 4032
3 3867 3857 3983
3 3915 3983 3857
3 3889 3999 3986
3 3999 3919 4113
3 3974 3873 3949
3 4010 3949 3873
3 4026 3863 3941
3 3975 3895 3976
3 3896 3912 4028
3 3942 3993 3912
3 3882 3924 3994
3 4043 3951 3867
3 3867 3983 4043
3 3885 3959 3915
3 3937 3952 3945
3 3842 3862 3929
3 3962 3970 3871
3 3931 3918 3998
3 3918 3986 3998
3 3932 4113 3919
3 3933 3940 3987
3 3940 4009 3987
3 4009 3940 3920
3 4056 3988 3965
3 3957 3836 3991
3 4020 3991 3836
3 3941 3958 4026
3 3935 4029 3942
3 4005 4013 3838
3 3995 4005 3879
3 3982 3884 3944
3 3945 3952 4024
3 3952 3946 4014
3 3978 4014 3946
3 3961 3953 3929
3 4112 4007 3869
3 3869 4054 4112
3 3901 3955 4016
3 3970 3955 3871
3 3963 3956 3888
3 3997 3963 3930
3 3930 3947 3997
3 3966 3921 4017
3 4004 3992 3969
3 4032 3982 3913
3 3970 3962 4025
3 3962 3956 4025
3 4113 3932 4063
3 4000 3972 3933
3 3933 3987 4000
3 3934 3905 4066
3 3922 3906 4002
3 3967 3968 3990
3 4019 4011 3957
3 3876 3863 4154
3 3976 3896 4028
3 3912 3993 4028
3 4012 3994 3924
3 3927 4006 4023
3 4014 4024 3952
3 3978 4036 4015
3 3960 3928 4074
3 3953 3984 3900
3 3997 4098 3963
3 4070 3965 3966
3 3966 4017 4070
3 4001 3921 3892
3 3892 3973 4001
3 3989 3973 3974
3 3980 3990 3968
3 3968 4011 3980
3 4092 3981 3851
3 3969 3923 4004
3 3923 3975 4004
3 4058 4021 3976
3 4029 3935 4022
3 3943 4022 3935
3 3882 4177 3950
3 3994 4059 3882
3 3982 3926 3884
3 4023 4032 3927
3 4133 4043 3983
3 3959 4044 3915
3 3959 3936 4069
3 4036 3886 4052
3 3960 4052 3886
3 4016 3916 3901
3 4061 3997 3947
3 4055 4063 3932
3 3932 4008 4055
3 4009 3920 4065
3 3921 4001 4017
3 4019 3957 3991
3 3992 4026 3958
3 3975 3976 4021
3 3943 4030 4022
3 4177 4030 3950
3 3924 3907 4012
3 4106 3995 3926
3 4033 4023 4006
3 4034 4006 3914
3 3936 3937 4108
3 3960 4074 4052
3 4037 3928 3979
3 3979 3984 4037
3 4038 4025 3956
3 3947 3931 4061
3 3998 4061 3931
3 3948 3972 4064
3 3920 3988 4031
3 4001 3973 3989
3 4010 3934 4066
3 4002 3906 4040
3 4040 3906 3967
3 3967 3990 4040
3 4026 3992 4027
3 4028 4058 3976
3 4005 3995 4084
3 4035 3914 3951
3 3983 3915 4133
3 3945 4108 3937
3 3996 3985 4007
3 3963 4038 3956
3 3971 3948 4078
3 3948 4064 4078
3 4031 4065 3920
3 3949 4010 4138
3 4092 3894 4082
3 3876 4082 3894
3 4083 4028 3993
3 3995 4106 4140
3 4045 3959 4069
3 4046 3984 3953
3 3953 3961 4046
3 4053 3961 3929
3 3929 3862 4096
3 3938 4096 3862
3 3938 3954 4097
3 3997 4061 4077
3 4008 3964 4102
3 3964 3971 4102
3 4078 4102 3971
3 4000 3987 4079
3 4071 3989 3974
3 3974 3949 4071
3 3980 4011 4153
3 4082 3876 4129
3 4154 4129 3876
3 3975 4021 4004
3 4117 4004 4021
3 4083 3993 4104
3 4006 4034 4033
3 4043 4035 3951
3 4015 4014 3978
3 4096 4053 3929
3 4047 4097 3954
3 3954 3996 4047
3 4007 4112 4111
3 4016 4054 3916
3 4016 3955 3970
3 4077 4098 3997
3 3986 3999 4100
3 4039 4055 4008
3 4154 3863 4130
3 4026 4130 3863
3 3994 4012 4050
3 4013 4005 4105
3 4085 3926 3982
3 3936 4108 4069
3 4037 4119 3928
3 4095 4046 3961
3 4110 4047 3996
3 4007 4110 3996
3 4062 4100 3999
3 4113 4062 3999
3 4056 4031 3988
3 4070 4056 3965
3 4040 4057 4002
3 4029 4104 3993
3 4050 4059 3994
3 4012 3907 4073
3 3995 4140 4084
3 3926 4085 4106
3 3914 4035 4034
3 4045 4044 3959
3 4074 3928 4119
3 4097 4096 3938
3 4123 4039 4008
3 4102 4123 4008
3 4018 4138 4010
3 4066 4002 4067
3 4048 4040 3990
3 3980 4048 3990
3 4026 4027 4130
3 4144 4027 3992
3 3992 4004 4144
3 4058 4117 4021
3 4022 4030 4132
3 4177 4132 4030
3 3925 3977 4068
3 3977 4041 4068
3 4105 4042 4013
3 4032 4023 4060
3 3984 4046 4037
3 4025 4038 4076
3 4088 3987 4009
3 4009 4065 4088
3 4070 4017 4188
3 4137 4188 4017
3 4066 4018 4010
3 4057 4067 4002
3 4049 4144 4004
3 4004 4156 4049
3 4117 4156 4004
3 4104 4029 4072
3 4073 3907 3897
3 3897 3925 4073
3 4068 4073 3925
3 3982 4032 4060
3 3945 4024 4108
3 4108 4024 4051
3 4024 4014 4051
3 3961 4053 4213
3 4121 4053 4096
3 3970 4025 4076
3 4100 3998 3986
3 4079 3972 4000
3 3987 4088 4114
3 4001 4071 4080
3 4071 3949 4164
3 4138 4164 3949
3 4048 4057 4040
3 4011 4019 4128
3 4115 3991 4020
3 4020 4003 4115
3 3981 4116 4003
3 4117 4058 4167
3 4083 4058 4028
3 4029 4022 4072
3 4041 4042 4268
3 4060 4085 3982
3 4033 4060 4023
3 4014 4015 4094
3 4174 4112 4054
3 4076 4016 3970
3 4077 4061 4099
3 4079 3987 4114
3 4090 4065 4031
3 4031 4056 4090
3 4017 4001 4125
3 4080 4125 4001
3 4066 4183 4018
3 4019 3991 4166
3 4092 4091 3981
3 4083 4104 4189
3 4059 4177 3882
3 4093 4133 3915
3 4109 4014 4094
3 4052 4094 4015
3 4015 4036 4052
3 4037 4046 4075
3 4070 4090 4056
3 4151 4080 4071
3 4057 4048 4081
3 4128 4153 4011
3 4069 4141 4045
3 4213 4095 3961
3 4111 4110 4007
3 4054 4016 4174
3 4086 4076 4038
3 4038 3963 4087
3 4098 4087 3963
3 4100 4162 3998
3 4148 4113 4063
3 4063 4055 4148
3 4101 4055 4039
3 4078 4064 4103
3 4064 3972 4103
3 4079 4103 3972
3 4125 4137 4017
3 4081 4048 4127
3 4048 3980 4127
3 4267 4115 4003
3 4116 4267 4003
3 4027 4144 4130
3 4178 4268 4042
3 4140 4179 4084
3 4043 4133 4035
3 4107 4141 4069
3 4108 4107 4069
3 4075 4119 4037
3 4120 4075 4046
3 4046 4095 4120
3 4221 4213 4053
3 4097 4047 4135
3 4110 4135 4047
3 4038 4087 4086
3 4090 4070 4124
3 4151 4071 4164
3 4057 4081 4203
3 3980 4153 4152
3 4116 3981 4091
3 4050 4159 4059
3 4073 4050 4012
3 4068 4041 4139
3 4105 4178 4042
3 4005 4084 4208
3 4060 4033 4209
3 4221 4053 4121
3 4099 4186 4077
3 4099 4061 3998
3 4101 4122 4055
3 4163 4103 4079
3 4089 4088 4065
3 4188 4124 4070
3 4127 3980 4152
3 4058 4083 4131
3 4189 4131 4083
3 4177 4059 4184
3 4184 4059 4159
3 4118 4073 4068
3 4268 4139 4041
3 4208 4105 4005
3 4179 4208 4084
3 4093 4044 4170
3 4044 4045 4170
3 4141 4170 4045
3 4051 4014 4109
3 4123 4180 4039
3 4065 4090 4089
3 4195 4114 4088
3 4088 4089 4195
3 4145 4089 4090
3 4067 4057 4126
3 4203 4126 4057
3 4049 4156 4147
3 4131 4167 4058
3 4112 4174 4173
3 4016 4076 4222
3 4142 4222 4076
3 4186 4098 4077
3 4062 4225 4100
3 4122 4148 4055
3 4123 4102 4136
3 4102 4078 4149
3 4090 4124 4145
3 4151 4125 4080
3 4166 4128 4019
3 3991 4115 4166
3 4158 4189 4104
3 4104 4072 4158
3 4132 4072 4022
3 4050 4073 4118
3 4140 4106 4168
3 4052 4074 4134
3 4119 4134 4074
3 4192 4120 4095
3 4095 4213 4192
3 4110 4111 4214
3 4193 4214 4111
3 4111 4112 4193
3 4173 4193 4112
3 4187 4099 3998
3 4162 4187 3998
3 4148 4062 4113
3 4114 4163 4079
3 4188 4150 4124
3 4183 4066 4249
3 4146 4249 4066
3 4126 4146 4067
3 4115 4267 4197
3 4091 4309 4116
3 4176 4156 4117
3 4167 4176 4117
3 4169 4277 4133
3 4093 4169 4133
3 4094 4052 4200
3 4096 4097 4172
3 4135 4172 4097
3 4174 4016 4194
3 4086 4142 4076
3 4087 4098 4143
3 4186 4143 4098
3 4225 4162 4100
3 4149 4078 4103
3 4145 4124 4150
3 4081 4127 4165
3 4197 4166 4115
3 4092 4082 4232
3 4233 4232 4082
3 4082 4129 4233
3 4154 4233 4129
3 4118 4159 4050
3 4118 4068 4139
3 4161 4178 4105
3 4170 4169 4093
3 4239 4075 4120
3 4121 4096 4278
3 4172 4278 4096
3 4135 4110 4214
3 4180 4101 4039
3 4149 4136 4102
3 4188 4137 4248
3 4165 4127 4196
3 4232 4091 4092
3 4154 4130 4155
3 4130 4144 4155
3 4204 4155 4144
3 4140 4168 4269
3 4106 4085 4168
3 4107 4108 4260
3 4134 4200 4052
3 4191 4134 4119
3 4119 4075 4191
3 4194 4016 4222
3 4089 4145 4263
3 4138 4202 4164
3 4138 4018 4328
3 4183 4328 4018
3 4152 4196 4127
3 4144 4049 4147
3 4156 4176 4198
3 4131 4189 4157
3 4184 4159 4207
3 4160 4159 4118
3 4105 4208 4161
3 4269 4179 4140
3 4277 4035 4133
3 4170 4141 4171
3 4211 4171 4141
3 4141 4107 4211
3 4190 4051 4109
3 4094 4190 4109
3 4094 4200 4185
3 4263 4195 4089
3 4182 4263 4145
3 4151 4265 4125
3 4151 4164 4229
3 4167 4131 4206
3 4158 4235 4189
3 4158 4072 4243
3 4132 4243 4072
3 4218 4118 4139
3 4139 4268 4218
3 4051 4260 4108
3 4075 4239 4191
3 4172 4135 4262
3 4136 4149 4181
3 4125 4265 4216
3 4229 4265 4151
3 4196 4152 4175
3 4152 4153 4175
3 4153 4128 4175
3 4147 4204 4144
3 4147 4156 4198
3 4206 4205 4167
3 4157 4206 4131
3 4179 4269 4259
3 4174 4194 4272
3 4216 4137 4125
3 4164 4202 4229
3 4165 4288 4081
3 4196 4275 4165
3 4091 4232 4231
3 4205 4176 4167
3 4243 4235 4158
3 4179 4259 4208
3 4219 4085 4060
3 4060 4209 4219
3 4299 4209 4033
3 4299 4033 4034
3 4171 4211 4199
3 4220 4239 4120
3 4192 4220 4120
3 4173 4174 4312
3 4272 4312 4174
3 4240 4142 4086
3 4245 4240 4086
3 4086 4087 4245
3 4223 4245 4087
3 4087 4143 4223
3 4136 4181 4246
3 4216 4248 4137
3 4328 4202 4138
3 4288 4165 4275
3 4303 4233 4154
3 4154 4155 4303
3 4184 4207 4340
3 4237 4207 4159
3 4159 4160 4237
3 4218 4160 4118
3 4034 4035 4210
3 4171 4238 4170
3 4260 4211 4107
3 4251 4051 4190
3 4148 4215 4062
3 4148 4122 4226
3 4286 4253 4101
3 4101 4180 4286
3 4123 4136 4254
3 4246 4254 4136
3 4163 4114 4287
3 4150 4182 4145
3 4126 4242 4146
3 4257 4175 4128
3 4128 4166 4257
3 4198 4176 4205
3 4132 4177 4236
3 4290 4168 4085
3 4219 4290 4085
3 4250 4169 4170
3 4170 4238 4250
3 4171 4199 4238
3 4200 4212 4185
3 4312 4193 4173
3 4143 4186 4224
3 4306 4224 4186
3 4186 4099 4306
3 4162 4201 4187
3 4215 4225 4062
3 4114 4195 4287
3 4150 4188 4248
3 4166 4197 4230
3 4204 4147 4296
3 4157 4189 4217
3 4177 4184 4340
3 4210 4299 4034
3 4213 4221 4351
3 4193 4312 4364
3 4272 4194 4324
3 4222 4324 4194
3 4241 4306 4099
3 4187 4241 4099
3 4215 4148 4226
3 4253 4122 4101
3 4254 4286 4180
3 4180 4123 4254
3 4287 4195 4247
3 4263 4247 4195
3 4328 4183 9674
3 4249 9674 4183
3 4203 4081 4266
3 4288 4266 4081
3 4230 4257 4166
3 4233 4303 4338
3 4217 4189 4234
3 4268 4178 4280
3 4178 4161 4280
3 4281 4161 4208
3 4209 4299 4291
3 4199 4211 4283
3 4185 4190 4094
3 4274 4253 4286
3 4103 4163 4227
3 4182 4150 4255
3 4228 4264 4150
3 4150 4248 4228
3 4198 4296 4147
3 4235 4234 4189
3 4291 4219 4209
3 4283 4238 4199
3 4260 4051 4251
3 4261 4134 4191
3 4191 4239 4261
3 4351 4192 4213
3 4271 4221 4121
3 4278 4271 4121
3 4364 4214 4193
3 4222 4142 4244
3 4201 4241 4187
3 4225 4215 4273
3 4246 4181 4294
3 4103 4181 4149
3 4218 4268 4310
3 4319 4310 4268
3 4208 4259 4281
3 4277 4210 4035
3 4185 4212 4322
3 4134 4212 4200
3 4312 4272 4301
3 4253 4226 4122
3 4263 4182 4295
3 4255 4150 4264
3 4275 4196 4256
3 4309 4091 4231
3 4155 4204 4303
3 4296 4303 4204
3 4298 4205 4206
3 4206 4217 4298
3 4243 4339 4235
3 4342 4269 4168
3 4277 4169 4317
3 4283 4250 4238
3 4283 4211 4260
3 4284 4261 4239
3 4300 4239 4220
3 4262 4135 4252
3 4135 4214 4252
3 4214 4364 4252
3 4240 4244 4142
3 4143 4224 4285
3 4288 4275 4378
3 4232 4233 4318
3 4297 4296 4198
3 4258 4198 4205
3 4234 4235 4304
3 4299 4210 4270
3 4169 4250 9588
3 4190 4185 4321
3 4185 4322 4321
3 4279 4228 4248
3 4279 4248 4216
3 4394 4203 4266
3 4302 4230 4197
3 4243 4132 4236
3 4236 4177 4340
3 4282 4290 4219
3 4169 9588 4317
3 4278 4172 4371
3 4262 4371 4172
3 4240 4245 4372
3 4162 4225 4273
3 4227 4163 4360
3 4163 4287 4360
3 4295 4182 4255
3 4126 4203 4394
3 4338 4318 4233
3 4303 4296 4289
3 4298 4217 4276
3 4217 4234 4276
3 4269 4342 4347
3 4348 4168 4290
3 4251 4333 4260
3 4321 4251 4190
3 4300 4284 4239
3 4306 4373 4224
3 4227 4181 4103
3 4287 4247 4307
3 4247 4263 4295
3 4308 4216 4265
3 4229 4308 4265
3 4231 4232 4318
3 4198 4258 4297
3 4205 4298 4258
3 4268 4280 4319
3 4311 4270 4210
3 4260 4320 4283
3 4212 4134 4344
3 4351 4221 4387
3 4271 4387 4221
3 4293 4324 4222
3 4222 4244 4293
3 4372 4244 4240
3 4201 4162 4273
3 4253 4274 4359
3 4181 4227 4313
3 4327 4279 4216
3 4242 4126 4361
3 4394 4361 4126
3 4230 4302 4337
3 4197 4267 4302
3 4345 4289 4296
3 4236 4339 4243
3 4277 4317 4349
3 4292 9588 4250
3 4250 4283 4292
3 4333 4320 4260
3 4192 4300 4220
3 4271 4278 4336
3 4371 4336 4278
3 4371 4262 4412
3 4372 4366 4244
3 4223 4143 4285
3 4359 4226 4253
3 4376 4255 4264
3 4328 9674 9673
3 4288 4329 4266
3 4267 4116 4330
3 4316 4297 4258
3 4346 4237 4160
3 4281 4280 4161
3 4259 4269 4357
3 4348 4342 4168
3 4409 4348 4290
3 4192 4351 4335
3 4412 4262 4392
3 4252 4392 4262
3 4312 4301 4365
3 4224 4373 4393
3 4201 4431 4241
3 4360 4374 4227
3 4287 4307 4360
3 4216 4308 9578
3 4329 4288 4395
3 4378 4395 4288
3 4337 4175 4257
3 4257 4230 4337
3 4276 4234 4304
3 4341 4346 4310
3 4391 4319 4280
3 4281 4259 4357
3 4347 4357 4269
3 4290 4282 4409
3 4305 4282 4219
3 4219 4291 4305
3 4291 4299 4383
3 4210 4277 4311
3 4386 4251 4321
3 4273 4215 4325
3 4215 4226 4456
3 4359 4274 4389
3 4246 4294 4390
3 4307 4247 4375
3 4295 4375 4247
3 4279 4327 4326
3 4361 9675 4242
3 4329 4394 4266
3 4256 4378 4275
3 4330 4302 4267
3 4116 4309 4330
3 4296 4297 4345
3 4207 4237 4356
3 4280 4281 4489
3 4291 4383 4305
3 4270 4383 4299
3 4277 4349 4311
3 4411 4317 9588
3 4261 4284 4402
3 4284 4300 4363
3 4366 4293 4244
3 4285 4224 4393
3 4286 4254 4369
3 4398 4369 4254
3 4246 4398 4254
3 4294 4181 4433
3 4313 4433 4181
3 4227 4374 4314
3 4264 4228 4376
3 4279 4326 9598
3 9578 4327 4216
3 4229 4202 4315
3 4378 4256 4370
3 4422 4309 4231
3 4298 4276 4331
3 4304 4331 4276
3 4304 4235 4339
3 4489 4391 4280
3 4251 4334 4333
3 4134 4261 4344
3 4261 4402 4344
3 4245 4223 4388
3 4285 4388 4223
3 4241 4373 4306
3 4456 4325 4215
3 4313 4227 4314
3 4255 4376 4352
3 4315 9578 4308
3 4308 4229 4315
3 4422 4330 4309
3 4486 4422 4231
3 4319 4341 4310
3 4282 4305 4332
3 4317 4411 4349
3 4363 4192 4335
3 4226 4359 4456
3 4448 4274 4286
3 4369 4448 4286
3 4315 4202 4439
3 4328 4439 4202
3 4196 4370 4256
3 4302 4330 4353
3 4338 4303 4289
3 4297 4316 4345
3 4416 4316 4258
3 4258 4298 4416
3 4331 4416 4298
3 4343 9588 4292
3 4386 4334 4251
3 4323 4402 4284
3 4364 4392 4252
3 4366 4372 4367
3 4388 4372 4245
3 4398 4246 4390
3 9673 4439 4328
3 4353 4337 4302
3 4318 4338 4379
3 4331 4304 4401
3 4304 4339 4362
3 4380 4339 4236
3 4340 4207 4356
3 4332 4409 4282
3 4411 9588 4343
3 4320 4333 4385
3 4212 4397 4322
3 4363 4323 4284
3 4192 4363 4300
3 4365 4364 4312
3 4393 4368 4285
3 4455 4201 4273
3 4273 4325 4455
3 4352 4375 4295
3 4295 4255 4352
3 4327 9578 4437
3 4421 4353 4330
3 4318 4441 4231
3 4345 4400 4289
3 4416 4331 4355
3 4331 4401 4355
3 4445 4281 4357
3 4270 4311 4417
3 4335 4351 4429
3 4271 4336 4387
3 4372 4388 4430
3 4360 4307 4375
3 4437 4326 4327
3 4353 4399 4337
3 4231 4441 4486
3 4338 4289 4379
3 4345 4316 4396
3 4362 4401 4304
3 4380 4362 4339
3 4425 4356 4237
3 4237 4346 4425
3 4386 4321 4350
3 4321 4322 4397
3 4397 4212 4344
3 4324 4293 4272
3 4352 4376 4435
3 4377 4437 9578
3 4439 9673 9676
3 4395 4449 4329
3 4370 4196 4406
3 4196 4175 4406
3 4354 4421 4330
3 4400 4379 4289
3 4345 4396 4400
3 4316 4408 4396
3 4340 4381 4236
3 4346 4341 4425
3 4334 4385 4333
3 4351 4387 4358
3 4387 4336 4468
3 4431 4373 4241
3 4175 4337 4406
3 4380 4236 4381
3 4342 4348 4382
3 4270 4417 4383
3 4349 4417 4311
3 4397 4350 4321
3 4412 4392 4403
3 4457 4456 4359
3 4359 4389 4457
3 4390 4294 4433
3 4374 4360 4420
3 4435 4376 4404
3 9675 4361 4405
3 4440 4415 4378
3 4370 4440 4378
3 4330 4422 4354
3 4316 4416 4408
3 4391 4341 4319
3 4348 4409 4382
3 4384 4411 4343
3 4397 4344 4478
3 4367 4419 4366
3 4389 4274 4432
3 4337 4399 4406
3 4441 4318 4450
3 4407 4450 4318
3 4380 4424 4362
3 4381 4488 4380
3 4356 4425 4498
3 4347 4342 4382
3 4351 4358 4429
3 4447 4392 4364
3 4375 4352 4434
3 4376 9562 4404
3 9598 4326 9562
3 4394 4405 4361
3 4395 4378 4461
3 4415 4461 4378
3 4379 4407 4318
3 4400 4423 4379
3 4488 4424 4380
3 4340 4356 4381
3 4498 4381 4356
3 4382 4357 4347
3 4349 4411 4477
3 4385 4334 4427
3 4344 4402 4428
3 4358 4387 4468
3 4364 4365 4447
3 4502 4419 4367
3 4430 4388 4504
3 4285 4504 4388
3 4360 4375 4434
3 4437 4377 4459
3 4405 4394 4482
3 4482 4394 4329
3 4449 4482 4329
3 4407 4379 4462
3 4423 4462 4379
3 4400 4396 4442
3 4362 4444 4401
3 4474 4341 4391
3 4349 4477 4417
3 4344 4428 4478
3 4363 4335 4418
3 4430 4367 4372
3 4368 4504 4285
3 4373 4521 4393
3 4435 4434 4352
3 4326 4437 9562
3 4377 4315 4459
3 4315 4439 4438
3 4449 4395 4461
3 4396 4408 4442
3 4443 4416 4355
3 4355 4401 4443
3 4445 4489 4281
3 4410 4409 4332
3 4332 4305 4410
3 4446 4410 4305
3 4305 4383 4446
3 4334 4386 4465
3 4323 4467 4402
3 4363 4467 4323
3 4336 4371 4469
3 4519 4469 4371
3 4371 4412 4519
3 4452 4301 4272
3 4430 4502 4367
3 4368 4393 4521
3 4431 4201 4413
3 4455 4413 4201
3 4414 4432 4274
3 4274 4448 4414
3 4433 4313 4495
3 4314 4495 4313
3 4374 4420 4314
3 4434 4420 4360
3 4438 4459 4315
3 4408 4416 4487
3 4391 4489 4474
3 4427 4426 4385
3 4465 4386 4350
3 4350 4397 4451
3 4335 4429 4418
3 4468 4336 4469
3 4392 4447 4403
3 4272 4293 4452
3 4504 4453 4430
3 4522 4457 4389
3 4389 4432 4522
3 4399 4353 4421
3 4442 4423 4400
3 4563 4444 4362
3 4424 4563 4362
3 4410 4382 4409
3 4500 4477 4411
3 4411 4384 4500
3 4479 4467 4363
3 4363 4418 4479
3 4403 4519 4412
3 4521 4373 4505
3 4431 4505 4373
3 4435 4404 4436
3 9562 4437 4458
3 4422 4513 4354
3 4443 4401 4444
3 4489 4445 4539
3 4490 4445 4357
3 4490 4357 4382
3 4410 4463 4382
3 4427 4334 4465
3 4402 4467 4466
3 4418 4429 4518
3 4520 4452 4293
3 4521 4480 4368
3 4413 4454 4431
3 4544 4420 4434
3 4458 4436 4404
3 4497 4439 9595
3 4370 4406 4483
3 4399 4483 4406
3 4513 4421 4354
3 4515 4407 4462
3 4408 4487 4442
3 4425 4341 4474
3 4463 4490 4382
3 4465 4464 4427
3 4465 4350 4451
3 4466 4501 4428
3 4428 4402 4466
3 4504 4368 4480
3 4454 4505 4431
3 4612 4522 4432
3 4432 4414 4612
3 4390 4433 4506
3 4495 4506 4433
3 4459 4438 4509
3 4497 4509 4438
3 4438 4439 4497
3 4484 4483 4399
3 4399 4421 4484
3 4485 4484 4421
3 4486 4441 4514
3 4441 4450 4514
3 4450 4407 4515
3 4423 4442 4526
3 4416 4443 4487
3 4381 4498 4472
3 4473 4498 4425
3 4477 4491 4417
3 4493 4500 4384
3 4426 4427 4464
3 4403 4470 4519
3 4494 4447 4365
3 4365 4301 4494
3 4582 4414 4448
3 4369 4398 4533
3 4398 4390 4533
3 4544 4314 4420
3 4496 4545 4435
3 4435 4436 4496
3 4458 4437 4523
3 4482 4460 4405
3 4440 4370 4483
3 4513 4485 4421
3 4422 4486 4513
3 4410 4446 4475
3 4446 4383 4476
3 4478 4529 4397
3 4501 4478 4428
3 4559 4479 4418
3 4418 4518 4559
3 4551 4518 4429
3 4429 4358 4551
3 4531 4301 4452
3 4457 4522 4552
3 4506 4533 4390
3 4544 4481 4314
3 4523 4507 4458
3 4437 4459 4523
3 4509 4508 4459
3 4471 4415 4440
3 4483 4471 4440
3 4462 4423 4526
3 4546 4526 4442
3 4488 4381 4472
3 4474 4473 4425
3 4445 4490 4539
3 4499 4476 4383
3 4383 4417 4499
3 4417 4491 4499
3 4477 4500 4492
3 4464 4493 4426
3 4464 4465 4541
3 4465 4451 4529
3 4358 4468 4551
3 4452 4520 4572
3 4520 4293 4366
3 4366 4419 4520
3 4532 4520 4419
3 4502 4532 4419
3 4453 4502 4430
3 4456 4599 4325
3 4436 4458 4534
3 4507 4534 4458
3 4508 4523 4459
3 4482 4449 4511
3 4461 4511 4449
3 4461 4415 4471
3 4513 4486 4525
3 4442 4487 4537
3 4538 4487 4443
3 4444 4538 4443
3 4563 4556 4444
3 4539 4474 4489
3 4410 4517 4463
3 4475 4517 4410
3 4476 4475 4446
3 4491 4477 4492
3 4397 4529 4451
3 4529 4478 4501
3 4466 4467 4549
3 4531 4494 4301
3 4453 4503 4502
3 4543 4453 4504
3 4413 4455 4598
3 4455 4325 4599
3 4599 4456 4552
3 4456 4457 4552
3 4545 4544 4434
3 4434 4435 4545
3 4497 4460 4510
3 4482 4510 4460
3 4471 4511 4461
3 4471 4483 4512
3 4536 4512 4483
3 4483 4484 4536
3 4484 4485 4536
3 4486 4514 4525
3 4515 4514 4450
3 4546 4442 4537
3 4556 4538 4444
3 4472 4564 4488
3 4473 4527 4498
3 4474 4539 4567
3 4463 4517 4490
3 4465 4529 4541
3 4466 4549 4501
3 4531 4452 4572
3 4543 4503 4453
3 4509 4497 4524
3 4485 4513 4554
3 4487 4538 4537
3 4516 4539 4490
3 4517 4516 4490
3 4499 4491 4528
3 4492 4528 4491
3 4558 4492 4500
3 4493 4558 4500
3 4580 4468 4469
3 4469 4519 4580
3 4519 4470 4530
3 4447 4494 4609
3 4532 4502 4503
3 4504 4480 4543
3 4480 4521 4543
3 4414 4582 4612
3 4614 4314 4481
3 4508 4509 4535
3 4524 4535 4509
3 4497 4510 4524
3 4511 4510 4482
3 4511 4471 4512
3 4554 4536 4485
3 4557 4563 4424
3 4424 4488 4564
3 4498 4565 4472
3 4473 4474 4567
3 4493 4464 4568
3 4519 4530 4580
3 4505 4543 4521
3 4369 4533 4596
3 4506 4495 4600
3 4545 4597 4544
3 4436 4534 4496
3 4616 4507 4523
3 4553 4524 4510
3 4511 4553 4510
3 4513 4525 4554
3 4525 4514 4585
3 4515 4585 4514
3 4564 4557 4424
3 4527 4565 4498
3 4516 4575 4539
3 4517 4475 4548
3 4476 4655 4475
3 4476 4499 4576
3 4528 4576 4499
3 4568 4558 4493
3 4464 4541 4540
3 4529 4501 4570
3 4403 4447 4609
3 4542 4532 4503
3 4455 4599 4598
3 4596 4533 4583
3 4506 4583 4533
3 4600 4583 4506
3 4534 4507 4602
3 4523 4508 4643
3 4535 4643 4508
3 4585 4554 4525
3 4546 4537 4547
3 4537 4538 4562
3 4565 4564 4472
3 4567 4527 4473
3 4576 4655 4476
3 4528 4492 4577
3 4540 4568 4464
3 4569 4540 4541
3 4541 4529 4569
3 4529 4570 4569
3 4578 4501 4549
3 4549 4467 4550
3 4467 4479 4550
3 4559 4550 4479
3 4560 4551 4468
3 4468 4580 4560
3 4573 4532 4542
3 4542 4543 4561
3 4505 4561 4543
3 4448 4369 4596
3 4495 4314 4614
3 4597 4481 4544
3 4534 4602 4496
3 4616 4602 4507
3 4523 4643 4616
3 4536 4626 4512
3 4586 4515 4462
3 4555 4586 4462
3 4526 4555 4462
3 4526 4546 4555
3 4547 4555 4546
3 4627 4547 4537
3 4556 4562 4538
3 4567 4539 4575
3 4548 4621 4517
3 4577 4576 4528
3 4558 4577 4492
3 4559 4518 4571
3 4551 4571 4518
3 4403 4592 4470
3 4573 4520 4532
3 4561 4594 4542
3 4582 4448 4596
3 4601 4545 4496
3 4511 4512 4584
3 4603 4626 4536
3 4646 4603 4536
3 4536 4554 4646
3 4585 4515 4669
3 4669 4515 4586
3 4537 4562 4627
3 4556 4563 4588
3 4563 4557 4588
3 4516 4517 4620
3 4517 4621 4620
3 4655 4548 4475
3 4570 4501 4578
3 4590 4578 4549
3 4549 4550 4590
3 4571 4579 4559
3 4551 4560 4571
3 4592 4530 4470
3 4593 4572 4520
3 4520 4573 4593
3 4505 4581 4561
3 4598 4454 4413
3 4610 4552 4522
3 4614 4600 4495
3 4597 4614 4481
3 4601 4615 4545
3 4496 4602 4601
3 4535 4524 4617
3 4553 4624 4524
3 4626 4584 4512
3 4554 4585 4668
3 4555 4547 4574
3 4547 4627 4574
3 4588 4627 4562
3 4562 4556 4588
3 4604 4588 4557
3 4604 4557 4564
3 4564 4565 4605
3 4565 4527 4606
3 4566 4527 4567
3 4631 4566 4567
3 4567 4575 4631
3 4540 4607 4568
3 4579 4590 4550
3 4571 4560 4591
3 4560 4580 4591
3 4609 4592 4403
3 4542 4594 4573
3 4594 4561 4595
3 4612 4610 4522
3 4597 4545 4615
3 4617 4524 4624
3 4667 4645 4553
3 4553 4511 4667
3 4511 4584 4667
3 4586 4555 4587
3 4574 4587 4555
3 4605 4604 4564
3 4566 4606 4527
3 4575 4516 4648
3 4516 4620 4648
3 4558 4568 4607
3 4578 4590 4589
3 4530 4591 4580
3 9713 4595 4561
3 4561 4581 9713
3 4454 4581 4505
3 4646 4554 4668
3 4618 4668 4585
3 4585 4669 4618
3 4683 4627 4588
3 4604 4683 4588
3 4606 4605 4565
3 4566 4631 4630
3 4540 4569 4649
3 4569 4570 4656
3 4589 4570 4578
3 4651 4590 4579
3 4579 9597 4651
3 9714 9597 4591
3 4608 9714 4591
3 4591 4530 4608
3 4530 4592 4608
3 4635 4573 4594
3 4594 4595 4635
3 4613 4582 4596
3 4596 4583 4613
3 4614 4597 4676
3 4661 4602 4616
3 9713 4581 4454
3 4610 4612 4611
3 4583 4600 4642
3 4600 4614 4642
3 4615 4676 4597
3 4636 4615 4601
3 4601 4602 4636
3 4643 4535 4617
3 4624 4553 4645
3 4625 4667 4584
3 4584 4626 4625
3 4619 4587 4574
3 4574 4627 4619
3 4605 4683 4604
3 4605 4606 4628
3 4629 4628 4606
3 4606 4566 4629
3 4631 4575 4632
3 4647 4632 4575
3 4575 4648 4647
3 4621 4654 4620
3 4670 4655 4576
3 4576 4577 4670
3 4590 4650 4589
3 4608 4592 4622
3 4592 4609 4622
3 4623 4622 4609
3 4609 4494 4623
3 4494 4531 4623
3 4572 4623 4531
3 4637 4638 4679
3 9713 4454 9711
3 4640 9711 4454
3 4454 4598 4640
3 4599 4552 4659
3 4552 4610 4659
3 4610 4611 4659
3 4582 4613 9586
3 4676 4642 4614
3 4616 4643 4661
3 4587 4619 4682
3 4628 4720 4605
3 4577 4558 4684
3 4649 4607 4540
3 4649 4569 4656
3 4589 4656 4570
3 4697 4651 9597
3 4633 4697 9597
3 9597 9714 4633
3 4652 4633 9714
3 4622 4623 9712
3 4623 4572 4634
3 4593 4634 4572
3 4617 4624 4787
3 4644 4787 4624
3 4624 4645 4644
3 4626 4603 4625
3 4646 4625 4603
3 4682 4619 4735
3 4683 4619 4627
3 4720 4683 4605
3 4566 4630 4653
3 4631 4632 4630
3 4654 4648 4620
3 4577 4684 4693
3 4558 4607 4684
3 4738 4684 4607
3 4694 4738 4607
3 4651 4650 4590
3 4640 4598 4658
3 4660 4659 4611
3 4611 9586 4660
3 9586 4613 4641
3 4642 4641 4613
3 4613 4583 4642
3 4676 4615 4725
3 4677 4638 4637
3 4662 4677 4637
3 4665 9992 4680
3 4677 4701 4638
3 4639 4679 4687
3 4598 4599 4658
3 4659 4658 4599
3 4636 4725 4615
3 4661 4636 4602
3 4661 4643 4666
3 4691 4666 4643
3 4643 4617 4691
3 4787 4691 4617
3 4667 4625 4681
3 4618 4669 4795
3 4629 4566 4653
3 4655 4692 4548
3 4670 4577 4693
3 4649 4694 4607
3 4656 4739 4649
3 4671 4633 4652
3 4666 4699 4661
3 4625 4646 4705
3 4719 4705 4646
3 4646 4668 4719
3 4632 4647 4789
3 4621 4548 4721
3 4692 4721 4548
3 4722 4692 4655
3 4670 4722 4655
3 4670 4693 4737
3 4739 4656 4707
3 4695 4650 4651
3 4651 4697 4696
3 4672 4671 4652
3 9720 4658 4741
3 4674 4741 4658
3 4658 4659 4674
3 4675 4674 4659
3 4659 4660 4675
3 4641 4675 4660
3 4636 4661 4699
3 4701 9696 4638
3 4690 4677 4662
3 4662 4663 4690
3 4727 4690 4663
3 4678 4663 4662
3 4704 9992 4665
3 4667 4681 4733
3 4705 4681 4625
3 4669 4586 4795
3 4619 4683 4736
3 4632 4789 4630
3 4648 4654 4706
3 4654 4621 4721
3 4739 4694 4649
3 4767 4707 4656
3 4589 4767 4656
3 4696 4695 4651
3 4671 4672 4709
3 4672 9717 4751
3 9717 4673 4751
3 4685 4751 4673
3 4710 4685 4673
3 4673 4657 4710
3 4784 4710 4657
3 4657 9720 4784
3 4711 4784 9720
3 9720 4741 4711
3 4741 4674 4686
3 4698 4686 4674
3 4674 4675 4698
3 4675 4641 4724
3 4642 4724 4641
3 4642 4676 4724
3 4676 4712 4786
3 4676 4725 4712
3 4699 4753 4636
3 4801 4727 4663
3 4678 4779 4663
3 4687 4702 4639
3 4728 4687 4679
3 4679 4703 4728
3 4664 4716 4680
3 4704 4777 9992
3 4644 4645 4732
3 4788 4732 4645
3 4681 4705 4718
3 4587 4795 4586
3 4807 4587 4682
3 4628 4629 4758
3 4789 4653 4630
3 4706 4647 4648
3 4723 4693 4684
3 4684 4738 4749
3 4694 4739 4766
3 4797 4767 4589
3 4589 4650 4797
3 4750 4696 4697
3 4708 4697 4633
3 4753 4725 4636
3 4703 4715 4780
3 4680 4716 9998
3 4717 9989 4688
3 4772 4717 4688
3 4688 10000 4772
3 4726 4689 4713
3 4714 4713 4689
3 9696 4701 4714
3 4787 4644 4755
3 4667 4788 4645
3 4734 4705 4719
3 4719 4668 4756
3 4668 4618 4756
3 4807 4682 4735
3 4736 4735 4619
3 4796 4720 4628
3 4758 4796 4628
3 4629 4653 4758
3 4654 4721 4759
3 4721 4692 4828
3 4722 4670 4737
3 4723 4737 4693
3 4695 4797 4650
3 4633 4671 4708
3 4709 4708 4671
3 4751 4740 4672
3 4710 4752 4685
3 4799 4714 4701
3 4701 4742 4799
3 4677 4690 4742
3 4728 4746 4687
3 4703 4780 4728
3 4780 4715 4743
3 4839 4704 4665
3 4718 4733 4681
3 4794 4618 4795
3 4794 4795 4855
3 4683 4720 4796
3 4706 4809 4647
3 4849 4706 4654
3 4790 4849 4654
3 4748 4723 4684
3 4766 4738 4694
3 4707 4830 4739
3 4740 4709 4672
3 4783 4752 4710
3 4710 4784 4783
3 4686 4698 4768
3 4698 4675 4785
3 4785 4675 4724
3 4724 4676 4786
3 4699 4666 4769
3 4713 4714 4764
3 4742 4690 4765
3 4690 4727 4765
3 4779 4801 4663
3 4717 4772 4850
3 4772 10000 4774
3 10000 4745 4774
3 4700 4726 4747
3 4691 4769 4666
3 4733 4788 4667
3 4756 4734 4719
3 4796 4736 4683
3 4722 4737 9567
3 4723 4748 4859
3 4684 4749 4748
3 4843 4749 4738
3 4708 4750 4697
3 4751 4685 4752
3 4698 4785 4768
3 4712 4725 4786
3 4753 4699 4754
3 4778 4765 4727
3 4802 4801 4779
3 4702 4687 4818
3 4746 4818 4687
3 4804 4715 4729
3 4729 9695 4804
3 4747 4804 9695
3 9695 4700 4747
3 4747 4726 4763
3 4730 9988 4776
3 4760 4744 9989
3 9989 4717 4760
3 4850 4760 4717
3 4731 9995 4762
3 4733 4718 4824
3 4618 4757 4756
3 4807 4735 4826
3 4735 4736 4856
3 4737 4723 4811
3 4738 4766 4843
3 4812 4830 4707
3 4707 4767 4812
3 4695 4696 4831
3 4708 4709 4928
3 4844 4709 4740
3 4711 4741 4686
3 4785 4724 4815
3 4786 4815 4724
3 4769 4754 4699
3 4799 4764 4714
3 4765 4799 4742
3 4818 4817 4702
3 4780 4743 4887
3 4715 4837 4743
3 4760 4771 4744
3 4745 9990 4775
3 4791 4775 9990
3 4761 9993 4792
3 4731 4762 4776
3 4777 4762 9995
3 9991 4839 4665
3 4778 4727 4816
3 4779 4678 4835
3 4678 4702 4835
3 4817 4835 4702
3 4818 4746 4875
3 4728 4875 4746
3 4803 4837 4715
3 4804 4803 4715
3 4804 4747 4781
3 4748 4749 4884
3 4830 4766 4739
3 4797 4695 4813
3 4750 4831 4696
3 4709 4844 4928
3 4740 4751 4782
3 4751 4752 4782
3 4784 4711 4885
3 4768 4798 4686
3 4872 4786 4725
3 4725 4753 4872
3 4755 4732 4846
3 4793 4824 4718
3 4718 4705 4825
3 4705 4734 4825
3 4881 4795 4587
3 4736 4796 4857
3 4653 4986 4758
3 4647 4809 4789
3 4706 4849 4927
3 4759 4790 4654
3 4759 4721 4828
3 4692 4722 4810
3 4819 9986 4716
3 4771 4820 4744
3 4773 4772 4774
3 4774 4745 4880
3 4792 4791 4761
3 4776 10001 4730
3 4800 4799 4765
3 4801 4816 4727
3 4801 4802 4834
3 4743 4837 4836
3 4883 4737 4811
3 4749 4843 4884
3 4767 4797 4869
3 4831 4750 4916
3 4686 4832 4711
3 4872 4753 4905
3 4753 4754 4905
3 4754 4769 4845
3 4769 4691 4912
3 4691 4787 4912
3 4718 4825 4793
3 4794 4757 4618
3 4807 4881 4587
3 4856 4826 4735
3 4857 4856 4736
3 4828 4692 4829
3 4819 4716 4805
3 4770 4744 4805
3 4850 4772 4908
3 4772 4773 4908
3 4880 4773 4774
3 4745 4775 4880
3 10001 4776 4852
3 4776 4762 4852
3 4704 4853 4777
3 9991 4911 4839
3 4763 4713 4840
3 4713 4764 4840
3 4764 4799 4800
3 4778 4863 4765
3 4887 4728 4780
3 4781 4803 4804
3 4723 4859 4811
3 4812 4867 4830
3 4869 4812 4767
3 4900 4813 4695
3 4831 4900 4695
3 4945 4916 4750
3 4750 4708 4945
3 4740 4814 4844
3 4740 4782 4814
3 4901 4782 4752
3 4870 4752 4783
3 4885 4870 4783
3 4783 4784 4885
3 4885 4711 4832
3 4686 4798 4832
3 4833 4798 4768
3 4768 4785 4833
3 4815 4833 4785
3 4787 4755 4912
3 4824 4788 4733
3 4848 4734 4756
3 4848 4756 4757
3 4827 4796 4986
3 4796 4758 4986
3 4653 4789 4866
3 4809 4808 4789
3 4829 4692 4810
3 4716 4770 4805
3 4820 4805 4744
3 4760 4821 4771
3 4889 4775 4791
3 4792 10001 4822
3 4852 4762 4823
3 4777 4823 4762
3 4912 4755 4846
3 4894 4757 4794
3 4882 4807 4826
3 4895 4882 4826
3 4827 4857 4796
3 4866 4986 4653
3 4808 4866 4789
3 4914 4810 4722
3 4843 4766 4860
3 4766 4830 4860
3 4797 4813 4869
3 4975 4945 4708
3 4708 4928 4975
3 4870 4901 4752
3 4871 4815 4786
3 4872 4905 4904
3 4816 4801 4841
3 4801 4834 4841
3 4835 4802 4779
3 4836 4887 4743
3 4877 4803 4781
3 4821 4879 4771
3 4760 4850 4888
3 4791 4792 4851
3 4852 4822 10001
3 4852 4823 4838
3 4777 4853 4823
3 4853 4704 4839
3 4806 4788 4847
3 4865 4847 4788
3 4893 4824 4793
3 4793 4825 4893
3 4940 4848 4757
3 4757 4894 4941
3 4794 4855 4894
3 4882 4881 4807
3 4858 4849 4790
3 4899 4869 4813
3 5025 4900 4831
3 4861 4798 4833
3 4903 4833 4815
3 4786 4862 4871
3 4862 4786 4872
3 4892 4905 4754
3 4754 4845 4892
3 4765 4863 4800
3 4875 4728 4876
3 4887 4876 4728
3 4837 4803 4842
3 4879 4820 4771
3 4851 4889 4791
3 4822 4890 4792
3 4769 4912 4854
3 4788 4824 4865
3 4848 4825 4734
3 4896 4895 4826
3 4856 4896 4826
3 4827 4986 4926
3 4913 4927 4849
3 5021 4858 4790
3 4759 5021 4790
3 4829 4943 4828
3 4722 9567 4914
3 4897 4914 9567
3 4900 4899 4813
3 4916 5025 4831
3 4832 4798 4955
3 4886 4955 4798
3 4903 4861 4833
3 4845 4769 4854
3 4840 4918 4763
3 4873 4840 4764
3 4863 4932 4800
3 4778 4816 4863
3 4817 4818 4992
3 4818 4875 4992
3 4836 4837 4906
3 4819 4805 4907
3 4888 4821 4760
3 4851 4792 4890
3 4853 4839 4891
3 4864 4874 4816
3 4816 4841 4864
3 4842 4803 4963
3 4877 4963 4803
3 4883 4811 4915
3 5024 4811 4859
3 4884 4859 4748
3 4860 4987 4843
3 4944 4812 4869
3 5026 4928 4844
3 4844 4814 4976
3 4929 4870 4885
3 4861 4886 4798
3 4990 4903 4815
3 4871 4990 4815
3 4946 4892 4845
3 4845 4854 4946
3 4855 4795 4985
3 5073 4866 4808
3 4913 4849 4858
3 4828 4943 4759
3 4994 4878 4819
3 4805 4820 4907
3 4879 4821 4965
3 4880 4950 4773
3 4822 4852 4910
3 4823 4853 4939
3 4890 4822 4952
3 4938 4910 4852
3 4852 4838 4938
3 4838 4823 4939
3 4839 4911 4891
3 4912 4846 5007
3 4824 4893 4924
3 4972 4985 4795
3 4795 4881 4972
3 4827 4974 4857
3 5073 4808 4809
3 4943 5021 4759
3 4987 4884 4843
3 4830 4867 4860
3 4868 4812 5044
3 4814 4782 5045
3 4930 4902 4832
3 4957 4871 4862
3 4872 4957 4862
3 4764 4800 4873
3 4863 4816 4874
3 4864 4841 4934
3 4802 4835 4936
3 4887 4836 4919
3 4842 4906 4837
3 4994 4819 4907
3 4965 4964 4879
3 4950 4908 4773
3 4824 4924 4865
3 4825 4848 4940
3 4757 4941 4940
3 4941 4894 4954
3 4985 4954 4855
3 4857 4973 4856
3 4986 4866 5095
3 5073 5095 4866
3 4883 4898 4897
3 4867 4812 4868
3 4899 4944 4869
3 4976 5026 4844
3 5045 4976 4814
3 4782 4901 5045
3 4902 4885 4832
3 4955 4930 4832
3 4956 4886 4861
3 4905 4892 4923
3 4978 4840 4873
3 4873 4800 4932
3 4835 4817 4936
3 4876 4961 4875
3 4781 4937 4877
3 4820 4921 4907
3 4820 4879 4995
3 4964 4995 4879
3 4851 4890 4909
3 4910 4952 4822
3 4853 4891 4939
3 4946 4854 4947
3 4825 4940 4925
3 4894 4855 4954
3 4882 4972 4881
3 4706 4927 4809
3 4944 5044 4812
3 4901 4870 4988
3 5082 4929 4885
3 4885 4902 5082
3 4956 4861 4903
3 4873 4932 4960
3 4934 5008 4864
3 4979 4834 4802
3 4961 4992 4875
3 4919 4876 4887
3 4963 4877 4937
3 4920 4937 4781
3 4921 5051 4907
3 4965 4821 4996
3 4821 4888 4996
3 4950 4880 4966
3 4880 4775 4966
3 4980 4966 4775
3 4775 4889 4980
3 4952 4909 4890
3 4946 4947 4959
3 4953 4924 4893
3 4893 4825 4953
3 4970 4953 4825
3 4925 4970 4825
3 4942 4895 4896
3 4896 4856 5058
3 4897 4898 9626
3 5024 4915 4811
3 5025 4899 4900
3 5045 4901 4988
3 4917 4956 4903
3 4904 4957 4872
3 4904 4905 5027
3 4948 4918 4840
3 4933 4932 4863
3 4935 4834 4949
3 4979 4949 4834
3 4919 4836 5011
3 4836 4906 5011
3 4842 5011 4906
3 5051 4994 4907
3 4995 4921 4820
3 4888 4908 4922
3 4908 4950 4922
3 4951 4889 4851
3 4969 4891 4911
3 4938 4838 4997
3 4968 4997 4838
3 4838 4939 4968
3 4969 4911 9985
3 5006 4854 4912
3 4912 5007 5006
3 4882 4895 5057
3 4942 5001 4895
3 4973 5058 4856
3 4926 4986 5020
3 5022 5021 4943
3 4810 4914 5003
3 5043 4898 4883
3 4883 4915 5043
3 5096 5024 4859
3 4859 4884 5096
3 4987 5096 4884
3 4929 4988 4870
3 5100 4917 4903
3 4957 4990 4871
3 4923 4892 4959
3 4840 4978 4948
3 4933 4863 4874
3 4874 4864 4933
3 4802 4936 4979
3 5010 4936 4817
3 4961 4876 4993
3 4876 4919 4993
3 4842 4963 4962
3 4892 4946 4959
3 5039 4847 4865
3 4940 4941 4971
3 5001 5057 4895
3 5041 4809 4927
3 4927 4913 5041
3 5023 4943 4829
3 4829 4810 5023
3 4810 5003 5077
3 5060 5003 4914
3 4975 4928 5005
3 5079 5005 4928
3 5026 5079 4928
3 5081 4988 4929
3 5082 5081 4929
3 4930 5082 4902
3 4886 4956 4989
3 4903 4990 5100
3 4957 4904 4958
3 5027 4958 4904
3 4923 5027 4905
3 4977 4931 4918
3 4960 4978 4873
3 4991 4960 4932
3 5049 4933 4864
3 4864 5008 5049
3 5031 5008 4934
3 4935 5031 4934
3 5010 4979 4936
3 4992 5010 4817
3 4962 5011 4842
3 5051 4921 5014
3 4996 4888 5036
3 4851 4909 4951
3 4981 5015 4909
3 4909 4952 4981
3 4910 4938 4967
3 4983 4968 4939
3 4939 4891 4983
3 4969 4983 4891
3 4865 4924 4998
3 5000 4925 4940
3 4971 5000 4940
3 4941 4954 4971
3 5058 4942 4896
3 4974 4827 4926
3 5077 5023 4810
3 9626 4898 5159
3 4915 5024 5126
3 5097 4944 4899
3 5025 5097 4899
3 5004 4916 4945
3 4945 4975 5004
3 5026 4976 5129
3 5046 4955 4886
3 4931 4977 9688
3 4918 4948 4977
3 5029 4991 4932
3 4932 4933 5029
3 5012 4962 4963
3 4963 4937 5012
3 4994 5034 4878
3 4889 4951 4980
3 5067 4951 4909
3 5015 5067 4909
3 4999 4998 4924
3 4924 4953 4999
3 5018 4972 4882
3 5019 5058 4973
3 4973 4857 4974
3 5073 4809 5074
3 4809 5041 5074
3 4858 5041 4913
3 4868 4860 4867
3 4916 5062 5025
3 5005 5004 4975
3 5045 4988 5164
3 4930 4955 5046
3 4989 5046 4886
3 4990 4957 4958
3 4947 4854 5047
3 5006 5047 4854
3 4991 4978 4960
3 4992 4961 5050
3 5050 4961 4993
3 5035 4964 4965
3 4965 4996 5035
3 5121 4922 4950
3 4952 5052 5069
3 4952 4967 5052
3 4997 4967 4938
3 4997 4968 4982
3 4983 4982 4968
3 4983 4969 5016
3 9985 5105 4969
3 4998 5039 4865
3 5056 4984 4970
3 4970 4925 5056
3 4925 5000 5056
3 4974 5019 4973
3 5023 5022 4943
3 5002 5023 5077
3 5043 5042 4898
3 4944 5182 5044
3 5062 5142 5025
3 5080 5129 4976
3 4988 5081 5164
3 4958 5200 4990
3 9688 4977 5084
3 5064 4948 4978
3 4933 5049 5030
3 5008 5116 5049
3 4949 4979 5009
3 4919 5011 5187
3 5012 4937 5135
3 4920 5136 4937
3 5034 5013 4878
3 5034 4994 5065
3 5065 4994 5051
3 4964 5089 4995
3 4950 4966 5037
3 5037 4966 4980
3 4998 4999 5040
3 5071 4999 4953
3 4970 4984 4953
3 4971 4954 5225
3 5057 5018 4882
3 5057 5001 5072
3 4942 5072 5001
3 5095 5020 4986
3 5042 5159 4898
3 5162 5096 4987
3 5061 5113 4860
3 5061 4860 4868
3 5044 5061 4868
3 5004 5062 4916
3 5080 4976 5045
3 5082 4930 5083
3 4930 5046 5083
3 4989 4956 5114
3 4917 5114 4956
3 5027 4923 5115
3 4923 4959 5101
3 4947 5131 4959
3 5028 4977 4948
3 4978 4991 5064
3 4933 5030 5029
3 5031 4935 5032
3 4979 5010 5009
3 5172 5010 4992
3 5050 5172 4992
3 5117 5050 4993
3 4993 4919 5087
3 5187 5087 4919
3 5033 5011 4962
3 5012 5033 4962
3 4921 4995 5089
3 5036 5120 4996
3 5037 5121 4950
3 4980 4951 5038
3 4967 4997 5053
3 4997 4982 5053
3 4982 4983 5053
3 5054 5053 4983
3 4983 5016 5070
3 5016 4969 5105
3 4847 5039 5055
3 5040 5039 4998
3 5017 5056 5000
3 5000 4971 5017
3 5041 4858 5075
3 5180 5003 5060
3 5113 5162 4987
3 4987 4860 5113
3 5097 5182 4944
3 5026 5129 5128
3 5083 5046 5217
3 5100 4990 5200
3 5101 5115 4923
3 5006 5007 5047
3 5107 5047 5007
3 5007 9703 5107
3 5085 5084 4977
3 4977 5028 5085
3 5063 5028 4948
3 5064 5063 4948
3 5086 5116 5008
3 4935 4949 5032
3 5146 5032 4949
3 5088 5187 5011
3 5033 5088 5011
3 5135 4937 5136
3 5136 4920 5144
3 5034 9997 5013
3 5089 5014 4921
3 5035 4996 5120
3 4922 5121 5036
3 5038 5090 4980
3 4983 5070 5054
3 5092 5070 5016
3 5105 5092 5016
3 5105 9985 5193
3 5040 4999 5093
3 4953 4984 5071
3 4985 4972 5109
3 5058 5019 5179
3 4926 5020 5197
3 5124 5075 4858
3 4858 5021 5111
3 5021 5022 5111
3 5125 5111 5022
3 5059 5077 5003
3 5159 5060 9626
3 5182 5127 5044
3 5142 5215 5097
3 5025 5142 5097
3 5184 5079 5026
3 5027 5165 4958
3 5167 5131 4947
3 5167 4947 5047
3 5145 5085 5028
3 5048 5064 4991
3 4991 5029 5048
3 5030 5048 5029
3 5031 5086 5008
3 5133 5146 4949
3 4949 5009 5133
3 5010 5133 5009
3 5117 5172 5050
3 9997 5034 5103
3 5051 5148 5065
3 5207 4964 5035
3 5120 5207 5035
3 5121 5066 5036
3 4980 5090 5037
3 5015 4981 5122
3 5071 5108 4999
3 5211 4954 4985
3 4972 5018 5177
3 5179 4942 5058
3 5020 5095 5158
3 5023 5002 5076
3 5180 5059 5003
3 5140 5126 5024
3 5061 5044 5127
3 5004 5005 5078
3 5026 5128 5184
3 5099 5046 4989
3 5099 4989 5114
3 5131 5101 4959
3 5203 5030 5049
3 5049 5116 5203
3 5087 5117 4993
3 5033 5012 5118
3 5051 5014 5148
3 4964 5207 5188
3 5149 5120 5036
3 5122 5067 5015
3 4981 5069 5068
3 5069 5052 5104
3 5052 5091 5104
3 5054 5091 5053
3 9705 5055 9704
3 5040 5093 5137
3 5093 4999 5094
3 5108 5094 4999
3 4984 5056 5176
3 5017 5176 5056
3 5225 5017 4971
3 5109 5211 4985
3 5177 5109 4972
3 4942 5179 5196
3 5074 5110 5073
3 5075 5074 5041
3 5076 5022 5023
3 5060 5159 5139
3 5181 5042 5043
3 5096 5162 5141
3 5127 5252 5061
3 5254 5078 5005
3 5164 5098 5045
3 5082 5083 5321
3 5199 5130 4917
3 4917 5100 5199
3 5165 5200 4958
3 5063 5145 5028
3 5063 5064 5048
3 5086 5031 5171
3 5119 5103 5034
3 5034 5065 5119
3 5206 5148 5014
3 5014 5089 5206
3 5089 4964 5188
3 5036 5066 5149
3 5189 5121 5037
3 5037 5090 5189
3 5068 5069 5151
3 5104 5151 5069
3 5091 5054 5106
3 5054 5070 5152
3 5071 4984 5155
3 5057 5072 5178
3 5197 5020 5158
3 5110 5095 5073
3 5111 5124 4858
3 5002 5077 5112
3 5059 5112 5077
3 5271 5113 5061
3 5252 5271 5061
3 5098 5080 5045
3 5099 5217 5046
3 5131 5220 5101
3 5102 5084 5169
3 5171 5186 5086
3 5133 5010 5232
3 5117 5087 5147
3 5088 5033 5134
3 5012 5135 5118
3 5119 5065 5148
3 5150 5038 4951
3 5106 5104 5091
3 5152 5106 5054
3 5040 5153 5039
3 5137 5093 5123
3 5093 5094 5123
3 5176 5155 4984
3 5018 5057 5156
3 5138 5156 5057
3 5197 4974 4926
3 5060 5139 5180
3 5160 5181 5126
3 5161 5140 5024
3 5024 5096 5161
3 5096 5141 5161
3 5182 5097 5402
3 5215 5402 5097
3 5130 5114 4917
3 5100 5200 5219
3 5027 5115 5185
3 5131 5167 5132
3 5169 5144 5102
3 5145 5063 5170
3 5116 5086 5186
3 5187 5147 5087
3 4951 5067 5150
3 5067 5122 5208
3 5152 5070 5174
3 5092 5105 5192
3 5193 5192 5105
3 5092 5174 5070
3 5107 9704 5143
3 5055 5039 5153
3 5137 5210 5040
3 5123 5094 5154
3 5057 5178 5138
3 5072 4942 5157
3 5042 5181 5214
3 5079 5254 5005
3 5115 5101 5166
3 5220 5166 5101
3 5131 5132 5322
3 5085 5169 5084
3 5171 5031 5032
3 5188 5206 5089
3 5188 5207 5296
3 5223 5207 5120
3 5149 5223 5120
3 5150 5234 5038
3 5173 5067 5208
3 5208 5122 5209
3 5122 5068 5190
3 5151 5190 5068
3 5157 5178 5072
3 5157 4942 5196
3 5075 5110 5074
3 5125 5022 5249
3 5022 5076 5249
3 5059 5180 5228
3 5126 5140 5160
3 5163 5142 5062
3 5129 5184 5128
3 5255 5098 5164
3 5081 5082 5198
3 5321 5198 5082
3 5114 5130 5273
3 5219 5199 5100
3 5165 5027 5185
3 5185 5115 5166
3 5167 5047 5168
3 5186 5203 5116
3 5032 5146 5231
3 5133 5204 5146
3 5010 5172 5232
3 5088 5134 5187
3 5118 5135 5205
3 5234 5090 5038
3 5151 5106 5191
3 5106 5152 5191
3 5210 5137 5266
3 5194 5266 5137
3 5238 5194 5137
3 5123 5238 5137
3 5154 5175 5123
3 5176 5017 5246
3 4954 5211 5225
3 5018 5156 5267
3 4974 5212 5019
3 5158 5095 5332
3 5110 5332 5095
3 5124 5227 5075
3 5111 5213 5124
3 5303 5076 5002
3 5002 5112 5303
3 5159 5042 5214
3 5140 5161 5160
3 5142 5183 5215
3 5163 5183 5142
3 5163 5062 5004
3 5255 5080 5098
3 5164 5081 5216
3 5217 5240 5083
3 5099 5114 5273
3 5047 5107 5168
3 5202 5168 5107
3 5293 5257 5144
3 5144 5169 5293
3 5145 5170 5277
3 5171 5032 5325
3 5204 5231 5146
3 5232 5172 5295
3 5147 5172 5117
3 5147 5187 5221
3 5205 5134 5033
3 5033 5118 5205
3 5205 5135 5136
3 5119 5148 5260
3 5206 5260 5148
3 5149 5066 5223
3 5173 5150 5067
3 5191 5152 5174
3 5192 5235 5092
3 5153 5040 5210
3 5238 5123 5175
3 5175 5154 5195
3 5071 5155 5239
3 5246 5017 5225
3 5211 5109 5287
3 5213 5227 5124
3 5139 5159 5290
3 5214 5290 5159
3 5162 5113 5271
3 5272 5252 5127
3 5254 5308 5078
3 5321 5083 5240
3 5130 5199 5256
3 5200 5165 5201
3 5165 5185 5275
3 5166 5220 5241
3 5322 5220 5131
3 5132 5167 5168
3 5107 5143 5202
3 5293 5169 5230
3 5169 5085 5230
3 5258 5230 5085
3 5085 5145 5258
3 5203 5277 5170
3 5325 5032 5231
3 5204 5133 5294
3 5232 5294 5133
3 5147 5295 5172
3 5134 5205 5242
3 5144 5222 5136
3 5119 9994 5103
3 5297 5223 5066
3 5066 5121 5297
3 5121 5189 5297
3 5243 5191 5174
3 5174 5092 5243
3 5192 5193 5265
3 9704 5055 5323
3 5153 5323 5055
3 5210 5323 5153
3 5224 5195 5154
3 5239 5154 5094
3 5094 5108 5239
3 5155 5176 5246
3 5177 5018 5330
3 5138 5178 5226
3 4974 5197 5212
3 5250 5249 5076
3 5228 5180 5304
3 5180 5139 5304
3 5181 5160 5269
3 5127 5182 5272
3 5308 5004 5078
3 5418 5079 5184
3 5184 5129 5418
3 5291 5129 5080
3 5216 5081 5198
3 5217 5099 5218
3 5273 5218 5099
3 5219 5274 5199
3 5165 5275 5201
3 5166 5275 5185
3 5186 5171 5312
3 5171 5325 5278
3 5187 5134 5221
3 5205 5136 5222
3 5257 5222 5144
3 9994 5119 5281
3 5206 5188 5233
3 5189 5090 5297
3 5261 5297 5090
3 5234 5261 5090
3 5298 5234 5150
3 5208 5209 5262
3 5209 5190 5263
3 5243 5263 5190
3 5190 5191 5243
3 5235 5243 5092
3 5071 5239 5108
3 5267 5330 5018
3 5156 5138 5267
3 5226 5267 5138
3 5248 5178 5157
3 5368 5288 5196
3 5179 5368 5196
3 5158 5332 5445
3 5111 5125 5302
3 5059 5228 5112
3 5334 5304 5139
3 5161 5141 5306
3 5307 5141 5162
3 5272 5182 5402
3 5130 5256 5273
3 5274 5256 5199
3 5201 5219 5200
3 5166 5241 5276
3 5202 5143 5348
3 5237 5348 5143
3 5258 5145 5376
3 5277 5376 5145
3 5278 5312 5171
3 5260 5281 5119
3 5207 5223 5282
3 5283 5173 5208
3 5208 5262 5283
3 5263 5262 5209
3 5235 5192 5236
3 5265 5236 5192
3 5238 5350 5194
3 5244 5175 5195
3 5195 5224 5244
3 5247 5246 5225
3 5367 5248 5157
3 5157 5196 5400
3 5288 5400 5196
3 5212 5179 5019
3 5302 5213 5111
3 5076 5303 5250
3 5160 5161 5306
3 5162 5271 5307
3 5183 5253 5215
3 5418 5129 5291
3 5217 5218 5240
3 5309 5241 5220
3 5322 5309 5220
3 5132 5168 5229
3 5203 5186 5277
3 5231 5204 5259
3 5147 5221 5279
3 5221 5134 5242
3 5313 5280 5222
3 5257 5313 5222
3 5233 5260 5206
3 5233 5188 5296
3 5282 5296 5207
3 5301 5244 5224
3 5245 5301 5224
3 5224 5154 5245
3 5154 5239 5245
3 5287 5247 5225
3 5225 5211 5287
3 5226 5178 5343
3 5248 5343 5178
3 5332 5110 5317
3 5110 5075 5317
3 5289 5112 5228
3 5251 5334 5139
3 5139 5290 5251
3 5305 5214 5181
3 5181 5269 5305
3 5402 5215 5417
3 5308 5163 5004
3 5419 5291 5080
3 5080 5255 5387
3 5292 5219 5201
3 5259 5325 5231
3 5296 5282 5353
3 5234 5298 5261
3 5243 5235 5300
3 5236 5300 5235
3 5323 5348 5237
3 5323 5210 5349
3 5266 5349 5210
3 5286 5239 5155
3 5109 5177 5428
3 5075 5227 5317
3 5304 5289 5228
3 5290 5214 5268
3 5214 5305 5268
3 5307 5306 5141
3 5272 5335 5252
3 5163 5308 5372
3 5240 5218 5448
3 5275 5166 5346
3 5309 5276 5241
3 5322 5132 5310
3 5132 5229 5310
3 5312 5352 5186
3 5279 5295 5147
3 5280 5242 5205
3 5205 5222 5280
3 5329 5282 5223
3 5329 5223 5361
3 5150 5173 5298
3 5300 5263 5243
3 5265 5264 5236
3 5168 5202 5229
3 5338 5229 5202
3 5348 5338 5202
3 5238 5175 5340
3 5175 5244 5340
3 5284 9606 5244
3 5244 5301 5284
3 5245 5239 5285
3 5155 5246 5286
3 5246 5247 5315
3 5247 5287 5315
3 5177 5330 5428
3 5267 5226 5343
3 5399 5367 5157
3 5157 5400 5399
3 5331 5368 5179
3 5212 5331 5179
3 5445 5197 5158
3 5318 5249 5250
3 5289 5303 5112
3 5308 5254 5386
3 5254 5079 5386
3 5357 5386 5079
3 5255 5164 5336
3 5449 5448 5218
3 5292 5201 5346
3 5201 5275 5346
3 5276 5346 5166
3 5257 5293 5311
3 5293 5230 5351
3 5230 5258 5351
3 5277 5186 5352
3 5279 5221 5326
3 5242 5326 5221
3 5313 5257 5311
3 5281 5260 5379
3 5233 5296 5327
3 5297 5361 5223
3 5355 5283 5262
3 5299 5355 5262
3 5263 5299 5262
3 5350 5453 5194
3 5350 5238 5339
3 5238 5340 5339
3 5239 5286 5285
3 5315 5286 5246
3 5287 5109 5397
3 5344 5317 5227
3 5412 5302 5125
3 5125 5249 5412
3 5289 5304 5333
3 5163 5253 5183
3 5276 5309 5358
3 5310 5229 5337
3 5277 5352 5376
3 5379 5260 5233
3 5282 5329 5328
3 5173 5283 5354
3 5263 5300 5299
3 5300 5236 5396
3 5264 5396 5236
3 5266 5194 5349
3 5453 5349 5194
3 5315 5285 5286
3 5343 5248 5316
3 5248 5367 5316
3 5250 5303 5369
3 5506 5251 5290
3 5270 5305 5269
3 5271 5252 5320
3 5468 5252 5335
3 5079 5418 5357
3 5080 5387 5419
3 5373 5336 5164
3 5321 5240 5403
3 5256 5388 5273
3 5376 5392 5258
3 5204 5377 5259
3 5204 5294 5378
3 9994 5281 5442
3 5379 5442 5281
3 5327 5379 5233
3 5327 5296 5353
3 5355 5354 5283
3 5396 5299 5300
3 5265 9996 5264
3 5342 5284 5301
3 5285 5342 5301
3 5301 5245 5285
3 5285 5315 5314
3 5109 5428 5397
3 5227 5213 5344
3 5303 5289 5369
3 5304 5334 5333
3 5268 5506 5290
3 5414 5270 5306
3 5306 5307 5319
3 5307 5271 5320
3 5468 5320 5252
3 5253 5417 5215
3 5385 5372 5308
3 5216 5373 5164
3 5448 5403 5240
3 5256 5274 5499
3 5219 5499 5274
3 5311 5293 5324
3 5312 5278 5359
3 5278 5325 5359
3 5259 5393 5325
3 5311 5280 5313
3 5361 5297 5426
3 5395 5354 5355
3 5264 5427 5396
3 9606 5284 5341
3 5342 5341 5284
3 5365 5314 5315
3 5315 5287 5365
3 5397 5365 5287
3 5213 5302 5401
3 5302 5412 5401
3 5318 5412 5249
3 5318 5250 5384
3 5250 5369 5384
3 5434 5334 5251
3 5308 5386 5385
3 5580 5373 5216
3 5198 5580 5216
3 5218 5273 5374
3 5388 5374 5273
3 5256 5499 5388
3 5347 5437 5322
3 5322 5310 5347
3 5338 5337 5229
3 5452 5348 5323
3 5349 5491 5323
3 5350 5420 5453
3 5311 5324 5391
3 5293 5351 5324
3 5392 5351 5258
3 5325 5393 5359
3 5377 5393 5259
3 5442 5424 9994
3 5379 5327 5360
3 5409 5261 5298
3 5267 5398 5330
3 5316 5367 5366
3 5332 5317 5445
3 5345 5369 5289
3 5370 5345 5289
3 5333 5370 5289
3 5319 5414 5306
3 5255 5336 5387
3 5449 5218 5374
3 5346 5276 5450
3 5358 5450 5276
3 5437 5404 5309
3 5309 5322 5437
3 5338 5348 5389
3 5340 9606 5362
3 5294 5232 5378
3 5423 5232 5295
3 5423 5295 5513
3 5407 5242 5280
3 5360 5327 5394
3 5327 5353 5394
3 5328 5353 5282
3 5361 5328 5329
3 5544 5297 5261
3 5298 5173 5472
3 5173 5354 5472
3 5396 5380 5299
3 5363 5381 5341
3 5341 5342 5363
3 5382 5363 5342
3 5285 5382 5342
3 5285 5314 5364
3 5330 5398 5428
3 5267 5343 5398
3 5430 5331 5212
3 5383 5430 5212
3 5212 5197 5383
3 5445 5383 5197
3 5344 5213 5401
3 5464 5412 5318
3 5318 5384 5464
3 5268 5305 5467
3 5270 5414 5371
3 5319 5307 5415
3 5307 5320 5415
3 5416 5415 5320
3 5372 5253 5163
3 5321 5403 5568
3 5292 5346 5594
3 5556 5594 5346
3 5450 5556 5346
3 5310 5337 5569
3 5389 5348 5452
3 5452 5323 5491
3 5349 5453 5356
3 5339 5421 5420
3 5420 5350 5339
3 5324 5351 5439
3 5351 5392 5439
3 5359 5440 5312
3 5422 5393 5377
3 5232 5423 5378
3 5295 5279 5513
3 5280 5311 5407
3 5353 5408 5394
3 5353 5328 5408
3 5472 5409 5298
3 5395 5355 5473
3 5356 5491 5349
3 5390 5340 5362
3 9606 5341 5362
3 5381 5362 5341
3 5364 5382 5285
3 5343 5316 5444
3 5316 5366 5444
3 5369 5345 5466
3 5483 5370 5333
3 5434 5483 5333
3 5333 5334 5434
3 5467 5506 5268
3 5305 5435 5467
3 5320 5468 5416
3 5272 5507 5335
3 5417 5253 5469
3 5386 5357 5436
3 5487 5357 5418
3 5470 5419 5387
3 5358 5309 5375
3 5309 5404 5375
3 5509 5347 5310
3 5391 5407 5311
3 5392 5376 5489
3 5440 5352 5312
3 5457 5377 5204
3 5378 5457 5204
3 5455 5513 5279
3 5279 5326 5458
3 5407 5326 5242
3 5355 5299 5380
3 5451 5569 5337
3 5338 5451 5337
3 5462 5364 5314
3 5314 5365 5443
3 5398 5343 5444
3 5367 5399 5429
3 5411 5400 5288
3 5288 5368 5411
3 5368 5331 5411
3 5445 5317 5431
3 5431 5317 5463
3 5369 5433 5384
3 5369 5466 5433
3 5345 5413 5466
3 5345 5370 5413
3 5506 5434 5251
3 5507 5468 5335
3 5253 5372 5469
3 5568 5403 5508
3 5374 5388 5498
3 5471 5450 5358
3 5358 5375 5471
3 5439 5391 5324
3 5489 5376 5405
3 5376 5352 5405
3 5405 5352 5490
3 5406 5440 5359
3 5455 5279 5458
3 5326 5407 5458
3 5442 5379 5425
3 5261 5409 5544
3 5525 5472 5354
3 5354 5395 5525
3 5380 5473 5355
3 9996 5427 5264
3 5364 5363 5382
3 5397 5443 5365
3 5429 5366 5367
3 5331 5430 5411
3 5317 5344 5463
3 5413 5370 5537
3 5319 5415 5607
3 5272 5402 5507
3 5436 5385 5386
3 5387 5336 5541
3 5336 5373 5644
3 5580 5198 5581
3 5447 5321 5568
3 5389 5451 5338
3 5362 5438 5390
3 5359 5393 5406
3 5422 5406 5393
3 5360 5425 5379
3 5544 5426 5297
3 5473 5525 5395
3 5380 5396 5441
3 5396 5427 5441
3 5427 9996 9984
3 5314 5443 5462
3 5410 5428 5398
3 5444 5410 5398
3 5399 5400 5534
3 5400 5411 5534
3 5495 5430 5383
3 5432 5463 5344
3 5344 5401 5432
3 5464 5384 5465
3 5537 5370 5483
3 5578 5467 5435
3 5517 5507 5402
3 5417 5517 5402
3 5372 5385 5469
3 5488 5487 5418
3 5488 5418 5291
3 5470 5291 5419
3 5447 5581 5198
3 5321 5447 5198
3 5403 5448 5508
3 5219 5292 5647
3 5594 5647 5292
3 5490 5352 5440
3 5422 5377 9557
3 5457 9557 5377
3 5514 5458 5407
3 5501 5408 5328
3 5328 5361 5501
3 5381 5363 5492
3 5363 5364 5461
3 5480 5534 5411
3 5411 5430 5480
3 5401 5412 5432
3 5446 5432 5412
3 5464 5446 5412
3 5433 5465 5384
3 5482 5466 5413
3 5434 5506 5484
3 5607 5414 5319
3 5609 5470 5387
3 5541 5609 5387
3 5569 5509 5310
3 5362 5454 5460
3 5489 5529 5439
3 5439 5392 5489
3 5406 5422 5456
3 5423 5457 5378
3 5442 5476 5424
3 5426 5501 5361
3 5441 5427 5475
3 9984 5475 5427
3 5461 5492 5363
3 5364 5462 5461
3 5478 5443 5397
3 5493 5478 5397
3 5428 5493 5397
3 5494 5399 5534
3 5495 5480 5430
3 5481 5446 5464
3 5482 5413 5537
3 5484 5483 5434
3 5485 5578 5435
3 5435 5371 5485
3 5516 5607 5415
3 5554 5416 5468
3 5436 5357 5593
3 5683 5448 5449
3 5388 5499 5555
3 5451 5389 5561
3 5562 5421 5339
3 5438 5562 5339
3 5362 5460 5438
3 5457 5423 5511
3 5459 5514 5407
3 5442 5425 5617
3 5473 5380 5474
3 5380 5441 5474
3 5603 5474 5441
3 5475 5603 5441
3 5476 5442 5617
3 5528 5425 5360
3 5360 5394 5528
3 5477 5528 5394
3 5492 5503 5381
3 5521 5461 5462
3 5366 5429 5523
3 5494 5429 5399
3 5383 5445 5505
3 5431 5505 5445
3 5566 5433 5466
3 5484 5506 5711
3 5371 5414 5625
3 5497 5415 5416
3 5469 5486 5417
3 5388 5555 5498
3 5561 5569 5451
3 5519 5452 5491
3 5520 5356 5453
3 5420 5520 5453
3 5421 5583 5420
3 5454 5676 5460
3 5391 5459 5407
3 5489 5405 5500
3 5394 5408 5477
3 5576 5409 5472
3 5391 5439 5510
3 5439 5529 5510
3 5490 5500 5405
3 5406 5456 5558
3 9557 5558 5456
3 5455 5458 5769
3 5514 5769 5458
3 5502 5454 5503
3 5546 5503 5492
3 5533 5493 5428
3 5522 5533 5428
3 5428 5410 5522
3 5479 5410 5444
3 5523 5479 5444
3 5523 5444 5366
3 5431 5463 5496
3 5566 5466 5482
3 5483 5484 5524
3 5507 5554 5468
3 5486 5517 5417
3 5436 5518 5385
3 5644 5541 5336
3 5683 5508 5448
3 5647 5499 5219
3 5627 5404 5437
3 5437 5347 5595
3 5474 5559 5473
3 5527 5603 5475
3 5408 5501 5632
3 5426 5544 5675
3 5532 5546 5492
3 5462 5443 5521
3 5410 5479 5522
3 5534 5480 5504
3 5480 5495 5504
3 5505 5495 5383
3 5431 5496 5505
3 5463 5432 9645
3 5557 9645 5432
3 5484 5711 5538
3 5578 5485 5539
3 5485 5371 5606
3 5371 5625 5606
3 5625 5414 5607
3 5554 5497 5416
3 5540 5486 5469
3 5470 5488 5291
3 5449 5374 5683
3 5374 5498 5775
3 5471 5556 5450
3 5404 5471 5375
3 5595 5627 5437
3 5500 5529 5489
3 5490 5440 5601
3 5769 5513 5455
3 5452 5519 5389
3 5519 5491 5751
3 5356 5751 5491
3 5520 5420 5583
3 5545 5676 5454
3 5530 5545 5454
3 5454 5502 5530
3 5503 5546 5531
3 5479 5523 5548
3 5494 5523 5429
3 5504 5495 5550
3 5505 5550 5495
3 9645 5496 5463
3 5446 5557 5432
3 5465 5433 5552
3 5537 5483 5524
3 5538 5524 5484
3 5696 5506 5467
3 5507 5517 5626
3 5579 5487 5488
3 5568 5582 5447
3 5646 5775 5498
3 5499 5647 5555
3 5596 5595 5347
3 5347 5509 5596
3 5561 5389 5519
3 5572 5459 5391
3 5510 5572 5391
3 5601 5500 5490
3 5511 5423 5512
3 5423 5513 5512
3 5617 5560 5476
3 5426 5632 5501
3 5660 5544 5409
3 5576 5660 5409
3 5542 5472 5525
3 5526 5525 5473
3 5559 5526 5473
3 5475 9984 5527
3 5583 5421 5610
3 5562 5610 5421
3 5562 5438 5563
3 5460 5563 5438
3 5502 5503 5531
3 5492 5461 5532
3 5461 5521 5532
3 5478 5521 5443
3 5589 5588 5534
3 5534 5504 5589
3 5549 5589 5504
3 5550 5549 5504
3 5505 5496 5551
3 5605 5446 5481
3 5465 5605 5481
3 5566 5552 5433
3 5506 5696 5711
3 5643 5517 5486
3 5488 5470 5579
3 5580 5644 5373
3 5561 5628 5569
3 9557 5457 5613
3 5613 5457 5511
3 5515 5514 5459
3 5632 5477 5408
3 5576 5472 5542
3 5559 5474 5615
3 5474 5603 5615
3 5527 9984 5543
3 5510 5529 5573
3 5440 5406 5687
3 5602 5558 9557
3 5769 5514 5515
3 5470 5609 5579
3 5508 5645 5568
3 5683 5374 5775
3 5594 5556 5738
3 5556 5471 5649
3 5564 5532 5521
3 5521 5478 5564
3 5478 5493 5564
3 5533 5522 5547
3 5548 5522 5479
3 5551 5550 5505
3 5496 9645 5535
3 5566 5482 5553
3 5710 5553 5482
3 5537 5710 5482
3 5578 5696 5467
3 5578 5539 5624
3 5526 5574 5525
3 5425 5528 5718
3 5528 5477 5718
3 5675 5632 5426
3 5529 5500 5651
3 5687 5601 5440
3 5653 5406 5558
3 5613 5602 9557
3 5563 5460 5585
3 5676 5585 5460
3 5530 5502 5678
3 5532 5564 5597
3 5533 5586 5493
3 5533 5547 5565
3 5522 5548 5547
3 5548 5523 5587
3 5523 5494 5588
3 5494 5534 5588
3 5589 5549 5590
3 5549 5550 5600
3 5535 5551 5496
3 5577 5536 5446
3 5605 5577 5446
3 5710 5537 5524
3 5606 5539 5485
3 5607 5516 5671
3 5516 5415 5497
3 5507 5626 5554
3 5567 5626 5517
3 5713 5540 5469
3 5518 5713 5469
3 5469 5385 5518
3 5518 5436 5592
3 5487 5593 5357
3 5581 5447 5582
3 5645 5508 5714
3 5555 5647 5698
3 5404 5649 5471
3 5674 5596 5509
3 5574 5542 5525
3 5603 5527 5616
3 5543 5616 5527
3 5604 5575 5543
3 5543 5560 5604
3 5617 5425 5702
3 5718 5702 5425
3 5751 5704 5519
3 5564 5493 5586
3 5565 5586 5533
3 9611 5547 5548
3 5548 5587 9611
3 5621 5587 5523
3 5523 5588 5621
3 5589 5590 5640
3 5590 5549 5600
3 5551 5600 5550
3 5567 5517 5643
3 5627 5595 5715
3 5715 5595 5596
3 5569 5674 5509
3 5536 5571 5557
3 5572 5510 5573
3 5500 5601 5612
3 5687 5406 5653
3 5602 5653 5558
3 5512 5513 5655
3 5515 5459 5656
3 5576 5542 5657
3 5559 5615 5614
3 5575 5616 5543
3 5751 5356 5520
3 5780 5751 5520
3 5583 5633 5520
3 5532 5597 5546
3 9611 5565 5547
3 9611 5587 9613
3 5591 5605 5465
3 5552 5591 5465
3 5757 5552 5566
3 5524 5538 5681
3 5436 5593 5592
3 5737 5714 5508
3 5683 5737 5508
3 5498 5555 5646
3 5673 5649 5404
3 5570 5571 5667
3 5571 5536 5667
3 5651 5573 5529
3 5584 5651 5500
3 5584 5500 5612
3 5601 5687 5652
3 5512 5613 5511
3 5630 5526 5559
3 5614 5630 5559
3 5617 5685 5560
3 5718 5477 5703
3 5660 5675 5544
3 5686 5660 5576
3 5667 9646 5570
3 5591 5552 5642
3 5553 5757 5566
3 5711 5670 5538
3 5516 5497 5671
3 5608 5486 5540
3 5518 5592 5672
3 5817 5579 5609
3 5581 5582 5750
3 5627 5673 5404
3 5674 5569 5628
3 5610 5633 5583
3 5512 5655 5768
3 5769 5655 5513
3 5531 5688 5502
3 5586 5565 5598
3 5565 9611 5599
3 5621 9613 5587
3 5640 5588 5589
3 5590 5600 5622
3 5600 5551 5623
3 5616 5631 5603
3 5604 5560 5685
3 5632 5703 5477
3 5657 5686 5576
3 5668 5667 5536
3 5605 5591 5695
3 5669 5681 5538
3 5592 5593 5736
3 5487 5736 5593
3 5645 5582 5568
3 5698 5646 5555
3 5628 5561 5650
3 5519 5650 5561
3 5545 5530 5611
3 5688 5678 5502
3 5531 5546 5618
3 5635 5618 5546
3 5635 5546 5597
3 5586 5597 5564
3 5599 5598 5565
3 5620 9612 9613
3 5621 5620 9613
3 5588 5640 5663
3 5622 5665 5640
3 5640 5590 5622
3 5652 5612 5601
3 5653 5602 5654
3 5629 5656 5572
3 5615 5603 5659
3 5631 5659 5603
3 5667 5666 9646
3 5668 5536 5577
3 5577 5605 5695
3 5757 5732 5552
3 5757 5553 5733
3 5553 5710 5733
3 5669 5538 5670
3 5578 5624 5696
3 5712 5624 5539
3 5772 5712 5606
3 5606 5625 5772
3 5607 5671 5682
3 5554 5671 5497
3 5643 5486 5608
3 5608 5540 5697
3 5541 5644 5792
3 5582 5645 5759
3 5648 5647 5594
3 5594 5738 5648
3 5649 5738 5556
3 5596 5674 5760
3 5704 5650 5519
3 5780 5520 5752
3 5633 5752 5520
3 9738 5633 5610
3 5563 5585 5781
3 5676 5545 5705
3 5688 5531 5634
3 5531 5618 5634
3 5619 5597 5586
3 5586 5598 5619
3 5620 5636 9612
3 5620 5621 5639
3 5621 5588 5663
3 5623 5622 5600
3 5573 5629 5572
3 5526 5630 5574
3 5658 5741 5614
3 5614 5615 5658
3 5615 5659 5658
3 5796 5631 5616
3 5685 5617 5702
3 5675 5811 5632
3 5611 5705 5545
3 5677 5611 5530
3 5530 5678 5677
3 5619 5635 5597
3 5619 5598 5661
3 5598 5599 9592
3 5599 5679 9592
3 5679 9612 5636
3 5636 5620 5637
3 5638 5637 5620
3 5620 5639 5638
3 5663 5639 5621
3 5623 5641 5622
3 5623 9646 5666
3 5693 5667 5668
3 5668 5577 5694
3 5642 5695 5591
3 5642 5552 5732
3 5625 5607 5772
3 5554 5626 5806
3 5643 5748 5567
3 5540 5713 5697
3 5579 5736 5487
3 5739 5673 5627
3 5760 5715 5596
3 5674 5628 5699
3 5650 5699 5628
3 5651 5584 5721
3 5584 5612 5722
3 5653 5766 5687
3 5656 5769 5515
3 5764 5657 5542
3 5542 5574 5764
3 5684 5574 5630
3 5575 5796 5616
3 5811 5719 5632
3 5675 5660 5811
3 5704 5700 5650
3 5781 9738 5563
3 5781 5585 5724
3 5676 5724 5585
3 5661 5635 5619
3 9592 5661 5598
3 5636 5725 5679
3 5636 5637 5689
3 5662 5637 5638
3 5663 5640 5664
3 5665 5664 5640
3 5691 5664 5665
3 5665 5622 5691
3 5641 5691 5622
3 5692 5641 5623
3 5709 5693 5668
3 5733 5710 5804
3 5710 5524 5758
3 5524 5681 5758
3 5681 5669 5805
3 5670 5711 5790
3 5696 5624 5734
3 5607 5682 5772
3 5748 5643 5735
3 5672 5713 5518
3 5714 5759 5645
3 5825 5698 5647
3 5647 5648 5825
3 5715 5739 5627
3 5722 5612 5742
3 5652 5742 5612
3 5810 5630 5614
3 5614 5741 5810
3 5719 5703 5632
3 5686 5811 5660
3 5629 5573 5799
3 5720 5799 5573
3 5573 5651 5720
3 5722 5762 5584
3 5687 5812 5652
3 5653 5654 5766
3 5716 5766 5654
3 5512 5768 5717
3 5769 5656 5723
3 5678 5688 5743
3 5635 5661 5706
3 5623 5666 5692
3 5680 5692 5666
3 5666 5667 5680
3 5693 5709 5771
3 5694 5709 5668
3 5695 5694 5577
3 5695 5642 5747
3 5732 5747 5642
3 5773 5806 5626
3 5736 5579 5774
3 5817 5609 5541
3 5580 5581 5852
3 5649 5673 5932
3 5700 5699 5650
3 9736 5752 5633
3 5574 5684 5764
3 5630 5810 5684
3 5658 5659 5701
3 5651 5721 5720
3 5613 5512 5763
3 5717 5763 5512
3 5655 5769 5795
3 5656 5629 5798
3 9593 5634 5618
3 5706 5618 5635
3 9592 5679 5707
3 5725 5707 5679
3 5689 5725 5636
3 5689 5637 5708
3 5637 5662 5708
3 5690 5708 5662
3 5691 5641 5729
3 5730 5729 5641
3 5692 5730 5641
3 5680 5693 5746
3 5670 5790 5669
3 5711 5696 5734
3 5806 5841 5554
3 5608 5735 5643
3 5749 5672 5592
3 5736 5749 5592
3 5774 5579 5947
3 5852 5581 5750
3 5775 5737 5683
3 5752 9736 5740
3 5584 5762 5761
3 5812 5687 5766
3 5798 5723 5656
3 9736 9738 9739
3 5724 5676 5755
3 5705 5755 5676
3 5678 5743 5822
3 5725 5689 5726
3 5689 5708 5744
3 5690 5664 5727
3 5664 5691 5728
3 5729 5728 5691
3 5680 5731 5692
3 5693 5771 5746
3 5624 5712 5840
3 5841 5671 5554
3 5626 5567 5773
3 5644 5580 5808
3 5932 5738 5649
3 5739 5932 5673
3 5753 5764 5684
3 5777 5741 5658
3 5701 5777 5658
3 5659 5631 5829
3 5796 5829 5631
3 5703 5719 5860
3 5700 5704 5818
3 5704 5751 5821
3 5781 9739 9738
3 5678 5822 5677
3 5707 9593 9592
3 5756 5744 5708
3 5727 5756 5708
3 5708 5690 5727
3 5728 5727 5664
3 5731 5730 5692
3 5746 5731 5680
3 5771 5709 5848
3 5694 5848 5709
3 5694 5695 5747
3 5804 5710 5881
3 5758 5881 5710
3 5850 5790 5711
3 5711 5734 5850
3 5748 5773 5567
3 5817 5541 5885
3 5750 5582 5844
3 5737 5759 5714
3 5715 5760 5855
3 5776 5760 5674
3 5761 5721 5584
3 5742 5652 5800
3 5812 5800 5652
3 5766 5716 5876
3 5767 5876 5716
3 5795 5768 5655
3 5857 5684 5810
3 5722 5742 5762
3 5763 5767 5716
3 5846 5782 5705
3 5611 5846 5705
3 5813 5743 5688
3 5688 5634 5813
3 5744 5726 5689
3 5803 5728 5729
3 5745 5803 5729
3 5730 5745 5729
3 5746 5771 5786
3 5694 5747 5945
3 5732 5757 5839
3 5733 5788 5757
3 5748 5735 5842
3 5843 5791 5608
3 5608 5697 5843
3 5713 5843 5697
3 5774 5749 5736
3 5775 5646 5809
3 5646 5698 5853
3 5648 5738 5902
3 5739 5715 5793
3 5776 5674 5699
3 5699 5700 5794
3 5810 5741 5828
3 5796 5575 5765
3 5575 5604 5765
3 5685 5702 5935
3 5778 5935 5702
3 5702 5718 5778
3 5703 5778 5718
3 5657 5764 5779
3 5763 5717 5801
3 5830 5798 5629
3 5755 5705 5782
3 5707 5770 9593
3 5726 5744 5815
3 5744 5756 5783
3 5784 5756 5727
3 5727 5728 5784
3 5786 5731 5746
3 5848 5694 5787
3 5945 5787 5694
3 5669 5790 5952
3 5712 5772 5883
3 5866 5682 5671
3 5671 5841 5866
3 5932 5739 5854
3 5780 5821 5751
3 5828 5741 5777
3 5777 5701 5820
3 5657 5779 5686
3 5818 5794 5700
3 5846 5611 5911
3 5611 5677 5834
3 5770 5813 5634
3 5634 9593 5770
3 5814 5770 5707
3 5707 5725 5814
3 5824 5814 5725
3 5725 5726 5824
3 5815 5744 5783
3 5745 5730 5785
3 5731 5785 5730
3 5788 5839 5757
3 5788 5733 5804
3 5734 5624 5850
3 5748 5842 5773
3 5735 5608 5791
3 5672 5749 5973
3 5808 5792 5644
3 5844 5582 5759
3 5737 5775 5919
3 5853 5809 5646
3 5854 5739 5793
3 5760 5776 5845
3 5761 5762 5831
3 5762 5742 5832
3 5767 5763 5801
3 5827 5779 5764
3 5857 5753 5684
3 5872 5820 5701
3 5796 5858 5829
3 5765 5604 5685
3 5719 5811 5797
3 5968 5797 5811
3 5742 5874 5832
3 5875 5766 5876
3 5957 5717 5768
3 5833 5957 5768
3 5723 5795 5769
3 5723 5798 5826
3 5677 5822 5834
3 5756 5784 5816
3 5784 5728 5802
3 5785 5803 5745
3 5838 5731 5786
3 5681 5789 5758
3 5681 5805 5865
3 5952 5805 5669
3 5682 5883 5772
3 5842 5735 5869
3 5843 5713 5807
3 5579 5817 5947
3 5852 5808 5580
3 5775 5809 5954
3 5902 5738 5887
3 5818 5704 5904
3 5821 5904 5704
3 5780 5754 5821
3 5780 5752 5740
3 5976 5827 5764
3 5764 5753 5976
3 5828 5777 5819
3 5820 5819 5777
3 5889 5872 5701
3 5701 5659 5889
3 5829 5889 5659
3 5765 5859 5796
3 5740 5754 5780
3 9739 5781 5893
3 5724 5893 5781
3 5834 5911 5611
3 5822 5743 5969
3 5835 5969 5743
3 5813 5835 5743
3 5814 5813 5770
3 5783 5756 5895
3 5803 5802 5728
3 5771 5838 5786
3 5848 5847 5771
3 5747 5732 5879
3 5930 5839 5788
3 5788 5804 5930
3 5881 5897 5804
3 5758 5789 5882
3 5842 5868 5773
3 5735 5791 5869
3 5973 5807 5713
3 5713 5672 5973
3 5759 5737 5901
3 5737 5919 5901
3 5825 5853 5698
3 5932 5887 5738
3 5855 5793 5715
3 5699 5794 5776
3 5966 5799 5720
3 5832 5856 5762
3 5800 5874 5742
3 5812 5766 5875
3 5765 5685 5873
3 5797 5860 5719
3 5831 5721 5761
3 5801 5717 5957
3 5830 5826 5798
3 5724 5755 5893
3 5755 5782 5894
3 5846 5861 5782
3 5877 5824 5726
3 5726 5815 5877
3 5816 5895 5756
3 5784 5802 5863
3 5803 5785 5837
3 5839 5879 5732
3 5930 5804 5897
3 5865 5789 5681
3 5849 5952 5790
3 5790 5850 5849
3 5775 5954 5919
3 5886 5954 5809
3 5809 5853 5886
3 5855 5760 5888
3 5760 5845 5888
3 5925 5810 5828
3 5811 5686 5968
3 5800 5812 5908
3 5801 5938 5876
3 5768 5795 5833
3 5795 5723 5892
3 5861 5894 5782
3 5823 5835 5813
3 5813 5814 5823
3 5943 5823 5814
3 5912 5943 5814
3 5814 5824 5912
3 5816 5784 5863
3 5836 5864 5803
3 5838 5771 5847
3 5847 5848 5878
3 5985 5945 5747
3 5881 5758 5882
3 5840 5850 5624
3 5843 5869 5791
3 5749 5774 5899
3 5884 5899 5774
3 5793 5955 5854
3 5904 5990 5818
3 5925 5857 5810
3 5859 5858 5796
3 5685 5935 5873
3 5978 5778 5703
3 5686 5779 5968
3 5962 5821 5754
3 5754 5740 5924
3 5864 5863 5802
3 5802 5803 5864
3 5803 5837 5836
3 5914 5985 5747
3 5747 5879 5914
3 5789 5865 5898
3 5852 5918 5808
3 5870 5844 5759
3 5759 5901 5870
3 5825 5648 5921
3 5902 5921 5648
3 5855 5955 5793
3 5966 5830 5799
3 5908 5812 5875
3 5723 5826 5892
3 5857 5925 5905
3 5889 5829 5890
3 5858 5890 5829
3 5860 5978 5703
3 5966 5891 5830
3 5974 5721 5831
3 5856 5832 5975
3 5832 5874 5975
3 5801 5957 5956
3 5892 5833 5795
3 5909 9740 9739
3 5893 5909 9739
3 5893 5755 5894
3 5846 6024 5861
3 5877 6008 5824
3 5877 5815 5862
3 5815 5783 5862
3 5783 5895 5862
3 5837 5838 5836
3 5847 5836 5838
3 5839 5930 5880
3 5952 5865 5805
3 5850 5840 5915
3 5883 5851 5840
3 5682 5866 5965
3 5773 5867 5806
3 5774 5947 5884
3 5853 5825 5920
3 5921 5920 5825
3 5871 5794 5818
3 5818 5990 5871
3 5819 5820 5906
3 5872 5906 5820
3 5968 5779 5991
3 5948 5862 5895
3 5896 5895 5816
3 5836 5847 5913
3 5878 5848 6010
3 6011 6010 5848
3 5848 5787 6011
3 5839 5880 5879
3 5915 5849 5850
3 5682 5931 5883
3 5867 5841 5806
3 5869 5868 5842
3 5899 5973 5749
3 5885 5541 5900
3 5541 5792 5900
3 5918 5852 5750
3 6015 5989 5750
3 5750 5844 6015
3 5891 5939 5830
3 5926 5720 5721
3 5856 5831 5762
3 5908 5875 6035
3 5826 5830 5939
3 5966 5720 5926
3 5975 5874 5936
3 5874 5800 5937
3 5938 5801 6086
3 5894 5861 6024
3 6024 5846 5910
3 5911 5910 5846
3 5911 5834 5928
3 6065 5969 5835
3 5835 5823 5942
3 5929 5864 5836
3 5880 5914 5879
3 5851 5915 5840
3 5946 5866 5841
3 6015 5844 5870
3 5776 5794 5903
3 5871 5903 5794
3 5962 5904 5821
3 5828 5819 5933
3 5819 5906 5933
3 6061 5991 5779
3 5779 5827 6061
3 5907 5936 5874
3 5937 5907 5874
3 5908 5937 5800
3 5875 5876 5977
3 5938 5977 5876
3 5956 6086 5801
3 5943 5942 5823
3 5824 6008 5912
3 5816 5863 5896
3 5929 5863 5864
3 5913 5929 5836
3 5944 5913 5847
3 5847 5878 5944
3 5881 5882 5964
3 5851 5883 5916
3 5883 5931 5916
3 5946 5841 5867
3 5868 5867 5773
3 5817 5885 6001
3 5792 5808 5917
3 5918 5917 5808
3 5886 5853 5920
3 5888 5922 5855
3 5845 5776 6002
3 5776 5903 6002
3 5962 5754 5923
3 5924 9735 5754
3 6005 5753 5857
3 5857 5905 6005
3 5933 5925 5828
3 5906 5872 5959
3 5872 5889 5960
3 5890 5960 5889
3 5858 5859 6021
3 5765 6021 5859
3 5891 5966 5980
3 5974 5926 5721
3 5940 5894 5927
3 5894 6024 5927
3 5949 5948 5895
3 5895 5896 5949
3 6010 6127 5878
3 5951 5930 5897
3 5898 5882 5789
3 5898 5865 5999
3 5972 5915 5851
3 6012 5869 5843
3 6001 5947 5817
3 6144 6001 5885
3 5854 6102 5932
3 5922 5955 5855
3 5925 5933 6116
3 5873 5934 5765
3 5979 5978 5860
3 5860 5797 5979
3 5937 5908 5981
3 6035 5981 5908
3 5977 5938 6086
3 5833 5892 6064
3 5893 5894 5940
3 5834 5822 5941
3 5896 5863 5950
3 5929 5913 5950
3 6110 5944 5878
3 5986 5951 5897
3 5897 5881 5986
3 5964 5986 5881
3 5952 5999 5865
3 5807 6042 5843
3 5947 6068 5884
3 5900 6144 5885
3 5750 5989 5918
3 5921 5902 6115
3 5962 5990 5904
3 5753 6005 5976
3 6084 5933 5906
3 5960 5959 5872
3 5935 5967 5873
3 6071 5992 5831
3 5831 5856 6071
3 6008 5877 6048
3 5984 5948 5949
3 5896 5950 5949
3 5863 5929 5950
3 6127 6110 5878
3 6039 6011 5787
3 5951 5880 5930
3 5953 5952 5849
3 5915 5953 5849
3 5965 5931 5682
3 6012 5843 6042
3 5973 5899 6013
3 5954 5886 6172
3 5887 5932 6053
3 6102 6053 5932
3 5990 5903 5871
3 9735 5923 5754
3 5976 5958 5827
3 5925 6116 5905
3 5890 5858 6020
3 6021 6020 5858
3 5934 5961 5765
3 5974 5831 5992
3 5907 5993 5936
3 6035 5875 5977
3 6064 5957 5833
3 5939 5891 5994
3 9740 5909 5996
3 5927 6046 5940
3 5910 5911 5982
3 5911 5928 5982
3 5942 6065 5835
3 5862 5948 5970
3 5787 5945 6128
3 5867 5868 6000
3 5807 5973 6050
3 5900 5792 6043
3 9733 5923 9735
3 5959 6084 5906
3 5961 6021 5765
3 6023 5979 5797
3 5968 6023 5797
3 5958 6061 5827
3 5996 5909 5997
3 5969 5941 5822
3 5943 6125 5942
3 5877 5862 6048
3 5983 5970 5948
3 5948 5984 5983
3 6088 5971 5950
3 5950 5913 6088
3 5913 5944 6088
3 6128 6039 5787
3 5914 5880 6026
3 5851 5916 5988
3 6050 6042 5807
3 6068 5947 6014
3 5917 6043 5792
3 5919 6101 5901
3 5919 5954 6051
3 5954 6172 6051
3 5955 6031 5854
3 6018 5922 5888
3 5993 5975 5936
3 5907 5937 6054
3 5981 6054 5937
3 5956 5957 6122
3 6064 6036 5957
3 6082 5976 6005
3 5933 6069 6116
3 5959 5960 6059
3 5967 5935 6070
3 5935 5778 6070
3 5990 6003 5903
3 5962 5923 6004
3 6004 5923 9733
3 9740 5996 5995
3 5963 5997 5909
3 6046 5963 5940
3 6046 5927 6047
3 5943 5912 5998
3 5970 6048 5862
3 6025 5984 5949
3 5949 5950 5971
3 5945 5985 6128
3 5986 5964 6027
3 5964 5882 6027
3 5882 5898 6067
3 5898 5999 6028
3 5972 5851 5988
3 5965 5866 6079
3 6001 6014 5947
3 5918 6080 5917
3 5870 5901 6185
3 6101 6185 5901
3 6051 6101 5919
3 6016 6172 5886
3 6016 5886 5920
3 5920 5921 6132
3 6045 6018 5888
3 5888 5845 6045
3 6002 6045 5845
3 5966 5926 5980
3 6035 5977 6055
3 5892 5826 6007
3 5826 5939 6007
3 5939 5994 6007
3 6059 5960 6019
3 6136 6070 5778
3 5778 5978 6136
3 5983 5984 6066
3 5949 5971 6025
3 5880 6040 6026
3 5898 6028 6067
3 5987 5999 5952
3 5953 5987 5952
3 5915 5972 6029
3 5931 5965 6131
3 6000 6041 5867
3 6012 6112 5869
3 6050 5973 6013
3 6068 5899 5884
3 6043 6144 5900
3 6052 5902 5887
3 6053 6052 5887
3 6002 5903 6032
3 6086 5956 6122
3 6036 6122 5957
3 6074 6064 5892
3 6057 6069 5933
3 5933 6084 6057
3 6059 6058 5959
3 6019 5960 6135
3 5890 6135 5960
3 5982 6037 5910
3 6139 5998 5912
3 5880 5951 6040
3 5986 6027 6049
3 6067 6027 5882
3 5987 5953 6029
3 5915 6029 5953
3 6079 6131 5965
3 5866 5946 6030
3 6112 5868 5869
3 5989 6080 5918
3 6052 6115 5902
3 5854 6031 6102
3 6003 6032 5903
3 5974 5992 6034
3 5977 6086 6063
3 6007 6074 5892
3 5958 5976 6230
3 6084 5959 6058
3 5967 5934 5873
3 5891 5980 6062
3 6071 5856 6006
3 5856 5975 6006
3 5975 5993 6006
3 5993 5907 6054
3 6063 6055 5977
3 6064 6074 6073
3 6046 5997 5963
3 6038 6077 5928
3 5928 5834 6038
3 6207 6139 5912
3 5912 6008 6207
3 5983 6066 6087
3 6089 6128 5985
3 5985 5914 6089
3 6049 5951 5986
3 6012 6042 6113
3 6015 5870 6198
3 6017 6016 5920
3 5920 6132 6017
3 5922 6031 5955
3 6058 6059 6103
3 5890 6020 6060
3 5961 5934 6022
3 5979 6136 5978
3 5968 5991 6023
3 5991 6061 6166
3 6034 5926 5974
3 6006 5993 6121
3 5982 5928 6077
3 5941 5969 6065
3 5942 6192 6065
3 6008 6048 6167
3 6066 5984 6009
3 6078 6028 5999
3 6091 6078 5999
3 5999 5987 6091
3 5916 5931 6131
3 6030 6079 5866
3 5946 6041 6030
3 6112 6092 5868
3 6044 6102 6031
3 6032 6045 6002
3 6095 5962 6004
3 6005 5905 6083
3 6083 5905 6116
3 6062 5980 6033
3 5980 5926 6033
3 5992 6071 6212
3 6137 6007 5994
3 5995 5996 9741
3 6037 5982 6138
3 5943 5998 6125
3 5970 5983 6087
3 6111 6127 6010
3 6010 6011 6111
3 6039 6111 6011
3 6049 6040 5951
3 5916 6131 6130
3 6000 5868 6092
3 5921 6115 6132
3 6094 5922 6018
3 5990 5962 6162
3 5976 6082 6230
3 6083 6082 6005
3 6021 6060 6020
3 5979 6023 6205
3 6120 6061 5958
3 6230 6120 5958
3 5891 6062 6108
3 6054 5981 6106
3 6108 5994 5891
3 6076 9741 5996
3 6123 6076 5996
3 5997 6123 5996
3 6024 5910 6098
3 6037 6098 5910
3 5834 5941 6038
3 5941 6065 6124
3 6008 6167 6207
3 6066 6009 6168
3 5984 6025 6009
3 6049 6027 6170
3 6220 6170 6027
3 5987 6029 6091
3 6157 6091 6029
3 6015 6209 5989
3 6031 5922 6044
3 6162 6003 5990
3 6004 9737 6095
3 6230 6082 6096
3 6070 6119 5967
3 6199 6033 5926
3 6071 6006 6201
3 6035 6055 6072
3 6137 6074 6007
3 6153 6152 5997
3 6046 6153 5997
3 6048 5970 6252
3 5971 6141 6025
3 6088 5944 6142
3 5944 6110 6142
3 5914 6026 6089
3 6280 6089 6026
3 6026 6040 6099
3 6325 6099 6040
3 6027 6067 6220
3 6157 6029 6129
3 5972 6129 6029
3 6158 6112 6012
3 6113 6042 6255
3 6042 6050 6255
3 5899 6068 6159
3 6306 6144 6043
3 5917 6306 6043
3 6210 6172 6016
3 6017 6210 6016
3 6211 6053 6102
3 5922 6094 6186
3 6069 6057 6056
3 6135 5890 6177
3 6060 6177 5890
3 6060 6021 6085
3 5934 5967 6119
3 5991 6166 6023
3 9741 6076 6075
3 6123 5997 6152
3 6218 6153 6046
3 6046 6047 6218
3 6098 6037 6206
3 6125 6192 5942
3 6167 6048 6193
3 6140 6009 6025
3 6141 6140 6025
3 6099 6280 6026
3 6040 6049 6182
3 6000 6030 6041
3 6050 6013 6100
3 6209 6015 6198
3 6198 5870 6185
3 6052 6053 6145
3 6032 6003 6081
3 5926 6034 6199
3 6270 6034 5992
3 5992 6212 6270
3 6121 5993 6104
3 6054 6105 5993
3 5981 6035 6226
3 6072 6226 6035
3 6250 6072 6055
3 6055 6063 6250
3 6056 6116 6069
3 6084 6058 6204
3 6058 6103 6204
3 6103 6059 6097
3 6019 6097 6059
3 6022 6021 5961
3 6120 6166 6061
3 6121 6188 6006
3 6105 6054 6106
3 6106 5981 6226
3 6086 6122 6149
3 6203 6036 6064
3 6073 6203 6064
3 5927 6024 6098
3 6077 6138 5982
3 6125 5998 6179
3 6168 6087 6066
3 6169 6168 6009
3 6039 6128 6181
3 6220 6067 6090
3 6067 6028 6090
3 6113 6158 6012
3 5917 6080 6266
3 5989 6209 6080
3 6101 6051 6114
3 6115 6052 6093
3 6052 6145 6093
3 6018 6045 6094
3 6032 6094 6045
3 9737 6217 6095
3 6022 6085 6021
3 5934 6228 6022
3 6165 6119 6070
3 6136 6165 6070
3 6201 6006 6188
3 6105 6104 5993
3 6226 6072 6107
3 6122 6036 6203
3 6150 6137 5994
3 5994 6108 6150
3 6154 6218 6047
3 6047 5927 6154
3 5998 6139 6179
3 6193 6048 6252
3 6087 6168 6234
3 6181 6111 6039
3 6028 6078 6183
3 5988 6129 5972
3 5988 6130 6208
3 6113 6255 6158
3 6281 6255 6050
3 6211 6145 6053
3 6095 6162 5962
3 6175 6083 6116
3 6057 6084 6227
3 6204 6227 6084
3 6060 6085 6177
3 6205 6136 5979
3 6108 6062 6151
3 6173 6151 6062
3 6062 6033 6173
3 6212 6071 6200
3 6250 6107 6072
3 6098 6154 5927
3 6140 6169 6009
3 6088 6142 6126
3 6157 6156 6091
3 6092 6112 6236
3 6013 5899 6282
3 5899 6159 6282
3 6187 6186 6094
3 6032 6081 6161
3 6081 6003 6133
3 6162 6133 6003
3 6163 6082 6083
3 6175 6163 6083
3 6097 6117 6103
3 6205 6023 6229
3 6138 6206 6037
3 6109 6124 6065
3 6065 6192 6109
3 6155 6252 5970
3 5970 6087 6155
3 5971 6088 6126
3 6028 6183 6090
3 6156 6078 6091
3 6184 6129 5988
3 6000 6143 6030
3 6237 6281 6050
3 6100 6013 6282
3 6436 6306 5917
3 5917 6266 6436
3 6185 6101 6114
3 6132 6115 6356
3 6102 6044 6160
3 6044 5922 6186
3 6215 6073 6074
3 6074 6137 6215
3 6118 6085 6022
3 6118 6022 6228
3 6269 6228 5934
3 6119 6269 5934
3 6201 6200 6071
3 6107 6250 6148
3 6063 6086 6149
3 6244 6150 6108
3 6151 6244 6108
3 6234 6155 6087
3 6126 6141 5971
3 6208 6184 5988
3 6000 6092 6143
3 6221 6143 6092
3 6017 6132 6210
3 6093 6356 6115
3 6094 6032 6161
3 6134 6162 6095
3 6095 6217 6134
3 6019 6135 6164
3 6228 6268 6118
3 6165 6269 6119
3 6243 6188 6121
3 6121 6104 6243
3 6105 6174 6104
3 6105 6106 6360
3 6202 6149 6122
3 6122 6203 6202
3 6215 6203 6073
3 6123 6152 6262
3 6138 6077 6190
3 6273 6077 6038
3 6191 6273 6038
3 6038 5941 6191
3 5941 6124 6191
3 6128 6089 6219
3 6130 6131 6196
3 6050 6100 6237
3 6014 6001 6171
3 6356 6210 6132
3 6102 6307 6211
3 6147 6116 6056
3 6056 6057 6227
3 6216 6204 6103
3 6103 6117 6216
3 6177 6164 6135
3 6177 6085 6189
3 6166 6229 6023
3 6149 6250 6063
3 6150 6215 6137
3 6124 6109 6312
3 6168 6169 6277
3 6169 6140 6194
3 6140 6141 6278
3 6142 6110 6324
3 6127 6324 6110
3 6181 6128 6219
3 6280 6099 6377
3 6182 6325 6040
3 6288 6182 6049
3 6170 6288 6049
3 6131 6079 6196
3 6221 6092 6236
3 6158 6236 6112
3 6014 6159 6068
3 6001 6144 6171
3 6094 6161 6187
3 6283 6175 6116
3 6116 6147 6283
3 6097 6019 6176
3 6165 6136 6205
3 6199 6240 6033
3 6201 6188 6242
3 6214 6226 6107
3 6148 6214 6107
3 6076 6231 6075
3 6153 6262 6152
3 6098 6218 6154
3 6206 6138 6251
3 6251 6138 6178
3 6190 6178 6138
3 6142 6253 6126
3 6324 6127 6363
3 6127 6111 6363
3 6111 6181 6180
3 6289 6220 6090
3 6156 6157 6291
3 6157 6129 6184
3 6146 6307 6102
3 6186 6160 6044
3 6162 6134 6267
3 6097 6247 6117
3 6176 6019 6164
3 6085 6118 6248
3 6268 6248 6118
3 6133 6162 6267
3 6217 6267 6134
3 6192 6125 6446
3 6527 6207 6167
3 6155 6234 6265
3 6168 6277 6234
3 6194 6140 6278
3 6195 6170 6220
3 6303 6078 6156
3 6184 6291 6157
3 6184 6208 6292
3 6079 6030 6197
3 6305 6197 6030
3 6379 6237 6100
3 6239 6294 6051
3 6051 6172 6239
3 6210 6239 6172
3 6186 6187 6223
3 6173 6033 6259
3 6241 6199 6034
3 6034 6270 6241
3 6174 6105 6360
3 6360 6106 6225
3 6398 6250 6149
3 6202 6398 6149
3 6227 6204 6246
3 6176 6247 6097
3 6164 6177 6189
3 6248 6189 6085
3 6273 6190 6077
3 6179 6446 6125
3 6313 6325 6182
3 6197 6196 6079
3 6030 6143 6305
3 6255 6281 6256
3 6144 6306 6367
3 6238 6185 6222
3 6185 6114 6222
3 6243 6104 6213
3 6225 6106 6226
3 6309 6202 6203
3 6260 6309 6203
3 6096 6082 6245
3 6163 6245 6082
3 6189 6248 6339
3 6342 6229 6166
3 6166 6120 6342
3 6258 6120 6230
3 6230 6096 6311
3 6218 6098 6233
3 6191 6124 6375
3 6312 6375 6124
3 6167 6193 6274
3 6194 6277 6169
3 6141 6126 6253
3 6180 6363 6111
3 6219 6180 6181
3 6334 6288 6170
3 6289 6090 6235
3 6291 6303 6156
3 6326 6236 6158
3 6367 6171 6144
3 6185 6336 6198
3 6294 6114 6051
3 6160 6146 6102
3 6223 6160 6186
3 6267 6321 6133
3 6240 6259 6033
3 6199 6241 6240
3 6270 6212 6224
3 6212 6200 6249
3 6200 6201 6249
3 6242 6249 6201
3 6188 6243 6242
3 6174 6213 6104
3 6296 6214 6148
3 6148 6250 6297
3 6203 6215 6260
3 6247 6216 6117
3 6268 6228 6341
3 6120 6298 6342
3 6120 6258 6298
3 6133 6257 6081
3 6076 6123 6232
3 6123 6262 6232
3 6262 6153 6362
3 6263 6362 6153
3 6153 6218 6263
3 6098 6206 6264
3 6109 6192 6312
3 6193 6252 6274
3 6302 6253 6142
3 6219 6089 6287
3 6089 6280 6287
3 6182 6288 6313
3 6090 6183 6235
3 6254 6183 6078
3 6078 6303 6254
3 6304 6293 6208
3 6208 6196 6304
3 6198 6355 6209
3 6294 6222 6114
3 6344 6260 6215
3 6215 6150 6261
3 6150 6244 6261
3 6244 6151 6310
3 6056 6227 6428
3 6359 6269 6165
3 9573 6267 6217
3 6217 6231 9573
3 6264 6233 6098
3 6206 6323 6264
3 6446 6312 6192
3 6179 6139 6390
3 6142 6324 6302
3 6219 6287 6423
3 6289 6195 6220
3 6143 6221 6305
3 6209 6266 6080
3 6223 6187 6368
3 6261 6344 6215
3 6096 6245 6311
3 6330 6245 6163
3 6175 6330 6163
3 6056 6428 6147
3 6246 6428 6227
3 6216 6246 6204
3 6247 6176 6318
3 6341 6228 6358
3 6269 6358 6228
3 6165 6205 6401
3 6230 6311 6258
3 6231 6076 6332
3 6190 6273 6347
3 6301 6139 6207
3 6252 6155 6275
3 6234 6277 6276
3 6235 6183 6290
3 6335 6303 6291
3 6293 6292 6208
3 6197 6352 6196
3 6379 6281 6237
3 6238 6336 6185
3 6210 6356 6467
3 6187 6161 6308
3 6257 6308 6161
3 6338 6240 6241
3 6241 6270 6338
3 6226 6214 6271
3 6296 6148 6297
3 6244 6310 6418
3 6164 6318 6176
3 6189 6319 6164
3 6341 6340 6268
3 6401 6359 6165
3 6213 6317 6243
3 6174 6328 6213
3 6225 6226 6271
3 6398 6202 6343
3 6418 6261 6244
3 6263 6218 6299
3 6233 6264 6272
3 6264 6323 6300
3 6388 6323 6206
3 6345 6388 6206
3 6206 6251 6345
3 6301 6390 6139
3 6274 6252 6275
3 6155 6265 6348
3 6276 6265 6234
3 6278 6141 6279
3 6141 6253 6279
3 6099 6325 6377
3 6170 6195 6314
3 6352 6304 6196
3 6236 6378 6221
3 6158 6255 6326
3 6256 6326 6255
3 6100 6282 6379
3 6367 6306 6380
3 6266 6209 6355
3 6355 6198 6336
3 6145 6356 6093
3 6307 6146 6316
3 6187 6308 6368
3 6257 6133 6321
3 6216 6247 6400
3 6318 6164 6471
3 6319 6471 6164
3 6248 6268 6320
3 6205 6229 6401
3 6338 6270 6224
3 6249 6224 6212
3 6317 6432 6242
3 6242 6243 6317
3 6403 6344 6261
3 6418 6403 6261
3 6173 6310 6151
3 9573 6231 6284
3 6231 6332 6284
3 6232 6285 6076
3 6232 6262 6286
3 6362 6286 6262
3 6233 6299 6218
3 6347 6178 6190
3 6351 6180 6219
3 6314 6334 6170
3 6291 6184 6462
3 6366 6462 6184
3 6305 6221 6378
3 6326 6465 6236
3 6014 6171 6159
3 6210 6295 6239
3 6211 6437 6145
3 6357 6246 6216
3 6216 6400 6357
3 6318 6370 6247
3 6339 6319 6189
3 6320 6339 6248
3 6268 6340 6320
3 6359 6358 6269
3 6173 6259 6327
3 6242 6397 6249
3 6398 6297 6250
3 6309 6343 6202
3 6285 6332 6076
3 6300 6374 6264
3 6446 6179 6390
3 6207 6527 6301
3 6412 6527 6167
3 6167 6376 6412
3 6274 6376 6167
3 6155 6348 6275
3 6423 6351 6219
3 6377 6287 6280
3 6184 6292 6366
3 6354 6256 6281
3 6379 6354 6281
3 6295 6210 6467
3 6356 6145 6381
3 6307 6437 6211
3 6469 6311 6245
3 6245 6330 6469
3 6369 6246 6357
3 6361 6322 9573
3 6284 6361 9573
3 6286 6285 6232
3 6362 6263 6333
3 6299 6333 6263
3 6272 6299 6233
3 6272 6264 6374
3 6345 6251 6346
3 6178 6346 6251
3 6347 6273 6445
3 6273 6191 6445
3 6375 6445 6191
3 6253 6302 6413
3 6288 6334 6313
3 6235 6315 6289
3 6254 6290 6183
3 6353 6378 6236
3 6465 6353 6236
3 6355 6436 6266
3 6238 6405 6336
3 6173 6327 6419
3 6417 6249 6397
3 6296 6271 6214
3 6297 6434 6296
3 6455 6283 6147
3 6331 6428 6246
3 6369 6331 6246
3 6359 6401 6491
3 6321 6267 6322
3 6284 6332 6473
3 6276 6277 6421
3 6476 6421 6277
3 6194 6278 6448
3 6279 6350 6278
3 6393 6254 6303
3 6352 6293 6304
3 6579 6380 6306
3 6306 6436 6579
3 6453 6381 6145
3 6437 6453 6145
3 6437 6307 6518
3 6316 6518 6307
3 6368 6308 6395
3 6257 6395 6308
3 6259 6240 6337
3 6240 6338 6337
3 6432 6397 6242
3 6328 6174 6360
3 6310 6173 6419
3 6399 6175 6283
3 6229 6342 6371
3 6411 6375 6312
3 6446 6411 6312
3 6275 6376 6274
3 6349 6277 6194
3 6194 6448 6349
3 6536 6423 6287
3 6287 6377 6536
3 6377 6325 6495
3 6392 6325 6313
3 6334 6478 6313
3 6334 6314 6365
3 6315 6195 6289
3 6462 6335 6291
3 6222 6405 6238
3 6467 6356 6381
3 6146 6160 6316
3 6417 6224 6249
3 6398 6531 6297
3 6309 6260 6384
3 6442 6418 6310
3 6399 6330 6175
3 6283 6455 6399
3 6370 6400 6247
3 6471 6319 6429
3 6472 6429 6319
3 6319 6339 6472
3 6430 6339 6320
3 6229 6371 6416
3 6372 6257 6321
3 6272 6333 6299
3 6374 6300 6409
3 6300 6323 6410
3 6277 6349 6476
3 6279 6253 6413
3 6302 6477 6413
3 6392 6495 6325
3 6451 6292 6293
3 6487 6197 6305
3 6465 6326 6466
3 6326 6256 6515
3 6406 6316 6160
3 6160 6223 6406
3 6396 6338 6224
3 6317 6213 6402
3 6360 6482 6328
3 6225 6271 6433
3 6329 6433 6271
3 6340 6430 6320
3 6372 6321 6386
3 6321 6322 6427
3 6322 6361 6427
3 6373 6473 6332
3 6285 6373 6332
3 6389 6346 6178
3 6347 6389 6178
3 6391 6376 6275
3 6278 6350 6448
3 6324 6363 6435
3 6351 6363 6180
3 6425 6478 6334
3 6334 6365 6425
3 6235 6414 6315
3 6235 6290 6426
3 6293 6352 6394
3 6463 6487 6305
3 6378 6463 6305
3 6159 6379 6282
3 6171 6367 6452
3 6355 6336 6405
3 6405 6222 6488
3 6417 6396 6224
3 6402 6480 6317
3 6328 6402 6213
3 6382 6329 6271
3 6296 6382 6271
3 6384 6343 6309
3 6440 6147 6428
3 6430 6472 6339
3 6342 6298 6371
3 6480 6432 6317
3 6328 6585 6402
3 6225 6482 6360
3 6383 6382 6296
3 6434 6383 6296
3 6434 6297 6531
3 6387 6361 6284
3 6391 6275 6348
3 6423 6536 6364
3 6424 6392 6313
3 6313 6478 6424
3 6450 6393 6303
3 6303 6335 6450
3 6496 6366 6292
3 6352 6197 6415
3 6407 6406 6223
3 6372 6395 6257
3 6484 6469 6330
3 6399 6484 6330
3 6440 6455 6147
3 6543 6541 6357
3 6357 6400 6543
3 6341 6385 6340
3 6401 6229 6416
3 6298 6258 6458
3 6337 6327 6259
3 6337 6338 6530
3 6338 6396 6530
3 6403 6493 6344
3 6419 6442 6310
3 6284 6473 6387
3 6286 6420 6285
3 6286 6362 6459
3 6333 6459 6362
3 6300 6410 6409
3 6389 6347 6461
3 6445 6461 6347
3 6302 6324 6435
3 6315 6314 6195
3 6462 6450 6335
3 6451 6496 6292
3 6394 6451 6293
3 6159 6171 6452
3 6380 6452 6367
3 6436 6355 6404
3 6294 6488 6222
3 6438 6223 6368
3 6395 6438 6368
3 6386 6321 6427
3 6369 6357 6558
3 6541 6558 6357
3 6318 6489 6370
3 6385 6341 6431
3 6358 6431 6341
3 6544 6371 6298
3 6258 6311 6458
3 6459 6420 6286
3 6272 6374 6408
3 6323 6388 6410
3 6388 6534 6525
3 6460 6388 6345
3 6507 6345 6346
3 6642 6391 6348
3 6348 6265 6447
3 6265 6276 6447
3 6363 6351 6422
3 6495 6536 6377
3 6414 6235 6426
3 6426 6290 6449
3 6393 6449 6254
3 6393 6450 6513
3 6496 6462 6366
3 6487 6415 6197
3 6256 6354 6515
3 6295 6294 6239
3 6492 6329 6382
3 6384 6260 6601
3 6428 6331 6571
3 6558 6331 6369
3 6489 6502 6370
3 6470 6489 6318
3 6318 6471 6470
3 6298 6458 6544
3 6422 6435 6363
3 6414 6511 6315
3 6295 6467 6497
3 6521 6530 6396
3 6396 6417 6521
3 6432 6485 6397
3 6384 6601 6504
3 6399 6455 6439
3 6502 6543 6400
3 6400 6370 6502
3 6358 6359 6491
3 6311 6469 6458
3 6482 6481 6328
3 6343 6384 6504
3 6601 6260 6344
3 6344 6493 6601
3 6515 6466 6326
3 6379 6159 6528
3 6159 6452 6528
3 6452 6380 6516
3 6579 6516 6380
3 6405 6404 6355
3 6499 6395 6372
3 6374 6409 6444
3 6460 6534 6388
3 6445 6375 6509
3 6375 6411 6509
3 6446 6390 6608
3 6301 6527 6526
3 6276 6421 6447
3 6413 6350 6279
3 6365 6314 6552
3 6426 6479 6414
3 6385 6430 6340
3 6491 6431 6358
3 6327 6547 6419
3 6613 6521 6417
3 6441 6492 6382
3 6382 6383 6441
3 6434 6441 6383
3 6398 6343 6483
3 6504 6483 6343
3 6403 6418 6505
3 6442 6505 6418
3 6408 6374 6474
3 6444 6474 6374
3 6525 6410 6388
3 6365 6552 6425
3 6314 6315 6552
3 6513 6449 6393
3 6294 6295 6517
3 6316 6406 6454
3 6438 6407 6223
3 6386 6427 9760
3 6455 6440 6456
3 6647 6440 6428
3 6428 6571 6647
3 6491 6401 6457
3 6401 6416 6457
3 6530 6583 6327
3 6327 6337 6530
3 6417 6397 6584
3 6485 6584 6397
3 6531 6398 6483
3 6505 6493 6403
3 6506 9760 6361
3 6361 6387 6506
3 6333 6272 6443
3 6408 6443 6272
3 6507 6460 6345
3 6411 6446 6475
3 6494 6608 6390
3 6390 6301 6494
3 6510 6412 6376
3 6391 6510 6376
3 6550 6421 6476
3 6511 6552 6315
3 6511 6414 6576
3 6479 6576 6414
3 6622 6451 6394
3 6464 6463 6353
3 6353 6465 6464
3 6579 6436 6539
3 6404 6592 6436
3 6488 6294 6517
3 6381 6453 6468
3 6406 6407 6498
3 6439 6484 6399
3 6471 6429 6529
3 6585 6480 6402
3 6585 6328 6481
3 6442 6419 6546
3 6443 6459 6333
3 6509 6461 6445
3 6608 6475 6446
3 6448 6350 6595
3 6351 6423 6551
3 6590 6495 6392
3 6424 6478 6610
3 6479 6426 6512
3 6426 6449 6512
3 6622 6394 6486
3 6415 6486 6394
3 6556 6515 6354
3 6591 6528 6452
3 6437 6659 6453
3 6557 6498 6407
3 6407 6438 6557
3 6456 6439 6455
3 6501 6571 6331
3 6331 6558 6501
3 6458 6469 6503
3 6499 6386 9756
3 6386 9760 9756
3 6443 6420 6459
3 6524 6409 6410
3 6410 6525 6524
3 6346 6389 6508
3 6461 6508 6389
3 6392 6424 6590
3 6450 6462 6538
3 6462 6496 6578
3 6514 6487 6463
3 6463 6464 6514
3 6465 6466 6555
3 6515 6555 6466
3 6673 6556 6354
3 6354 6379 6673
3 6516 6591 6452
3 6592 6539 6436
3 6517 6295 6687
3 6468 6497 6467
3 6467 6381 6468
3 6659 6468 6453
3 6454 6518 6316
3 6498 6454 6406
3 6566 6438 6395
3 6519 6566 6395
3 6547 6327 6583
3 6599 6485 6432
3 6432 6480 6599
3 6547 6546 6419
3 6469 6484 6500
3 6440 6647 6456
3 6502 6489 6559
3 6470 6471 6529
3 6472 6520 6429
3 6561 6472 6430
3 6430 6385 6581
3 6534 6460 6718
3 6755 6348 6447
3 6476 6349 6550
3 6302 6435 6726
3 6551 6423 6364
3 6552 6511 6564
3 6612 6673 6379
3 6379 6528 6612
3 6568 6530 6521
3 6613 6417 6584
3 6570 6482 6225
3 6225 6433 6570
3 6329 6492 6573
3 6441 6434 6531
3 6431 6490 6385
3 6568 6666 6530
3 6433 6329 6574
3 6373 6522 6473
3 6408 6474 6523
3 6524 6563 6409
3 6461 6509 6549
3 6589 6349 6448
3 6448 6595 6589
3 6535 6595 6350
3 6350 6413 6535
3 6672 6590 6424
3 6424 6610 6672
3 6512 6576 6479
3 6622 6496 6451
3 6405 6540 6404
3 6405 6488 6675
3 6488 6517 6625
3 6437 6565 6659
3 6565 6437 6518
3 9756 6519 6499
3 6469 6500 6582
3 6543 6502 6631
3 6489 6470 6572
3 6529 6572 6470
3 6561 6560 6472
3 6694 6561 6430
3 6581 6694 6430
3 6490 6581 6385
3 6431 6491 6628
3 6503 6544 6458
3 6582 6503 6469
3 6481 6482 6600
3 6573 6574 6329
3 6545 6573 6492
3 6492 6441 6545
3 6532 6505 6442
3 6442 6546 6532
3 6443 6408 6523
3 6563 6444 6409
3 6718 6460 6548
3 6460 6507 6548
3 6507 6346 6508
3 6508 6461 6549
3 6301 6526 6494
3 6588 6642 6348
3 6348 6755 6588
3 6413 6477 6535
3 6726 6477 6302
3 6551 6422 6351
3 6512 6449 6553
3 6513 6553 6449
3 6578 6538 6462
3 6555 6598 6464
3 6464 6465 6555
3 6515 6556 6658
3 6497 6687 6295
3 6502 6559 6631
3 6572 6559 6489
3 6472 6560 6520
3 6416 6371 6650
3 6371 6544 6650
3 6521 6613 6569
3 6570 6433 6574
3 6493 6505 6532
3 6562 6387 6473
3 6522 6562 6473
3 6420 6443 6575
3 6523 6474 6607
3 6474 6444 6607
3 6593 6563 6524
3 6718 6771 6534
3 6587 6549 6509
3 6509 6411 6587
3 6475 6587 6411
3 6619 6421 6550
3 6349 6589 6620
3 6477 6726 6621
3 6552 6564 6655
3 6576 6684 6511
3 6513 6450 6537
3 6486 6415 6611
3 6415 6487 6611
3 6658 6555 6515
3 6675 6488 6625
3 6517 6580 6625
3 6687 6580 6517
3 6566 6557 6438
3 6484 6439 6668
3 6543 6542 6541
3 6569 6568 6521
3 6531 6545 6441
3 6723 6619 6550
3 6550 6349 6620
3 6621 6535 6477
3 6552 6655 6425
3 6514 6611 6487
3 6591 6612 6528
3 6675 6540 6405
3 6498 6557 6646
3 6732 6557 6566
3 6668 6500 6484
3 6439 6456 6668
3 6713 6682 6571
3 6571 6501 6713
3 6572 6529 6604
3 6431 6628 6490
3 6491 6457 6628
3 6667 6544 6503
3 6666 6583 6530
3 6584 6707 6613
3 6570 6600 6482
3 6798 6532 6546
3 6533 6798 6546
3 6605 6639 6506
3 6506 6387 6605
3 6642 6588 6862
3 6726 6435 6727
3 6610 6478 6654
3 6425 6654 6478
3 6564 6511 6596
3 6537 6450 6538
3 6496 6622 6554
3 6542 6558 6541
3 6529 6520 6604
3 6547 6583 6746
3 6633 6574 6573
3 6573 6545 6633
3 6531 6615 6545
3 6483 6615 6531
3 6616 6504 6601
3 6546 6547 6533
3 6524 6525 6593
3 6641 6593 6525
3 6525 6534 6641
3 6594 6548 6507
3 6507 6508 6594
3 6527 6412 6740
3 6619 6447 6421
3 6724 6723 6550
3 6620 6724 6550
3 6596 6511 6684
3 6553 6513 6577
3 6514 6464 6645
3 6598 6645 6464
3 6658 6598 6555
3 6815 6673 6612
3 6592 6404 6540
3 6454 6498 6785
3 6630 6632 6559
3 6559 6572 6630
3 6628 6457 6649
3 6416 6649 6457
3 6562 6605 6387
3 6563 6593 6702
3 6391 6642 6830
3 6609 6364 6536
3 6536 6495 6609
3 6757 6609 6495
3 6495 6590 6757
3 6596 6655 6564
3 6538 6578 6686
3 6597 6578 6496
3 6496 6554 6597
3 6468 6659 6743
3 6565 6518 6626
3 6566 6567 6732
3 6584 6485 6614
3 6582 6500 6749
3 6647 6571 6669
3 6558 6542 6629
3 6631 6559 6632
3 6520 6560 6604
3 6490 6824 6581
3 6746 6533 6547
3 6568 6569 6661
3 6599 6662 6485
3 6633 6545 6627
3 6615 6627 6545
3 6483 6504 6634
3 6616 6634 6504
3 6493 6532 6635
3 6617 6586 9973
3 6522 9651 6911
3 6618 6443 6523
3 6606 6618 6523
3 6523 6607 6683
3 6508 6549 6653
3 6549 6587 6653
3 6510 6740 6412
3 6510 6391 6830
3 6364 6880 6551
3 6654 6644 6610
3 6684 6576 6704
3 6553 6656 6512
3 6577 6513 6657
3 6486 6623 6622
3 6598 6658 6781
3 6802 6516 6579
3 6557 6732 6646
3 6668 6603 6500
3 6713 6501 6629
3 6501 6558 6629
3 6631 6542 6543
3 6572 6604 6630
3 6604 6560 6681
3 6824 6694 6581
3 6651 6667 6503
3 6503 6582 6651
3 6661 6666 6568
3 6839 6569 6613
3 6707 6584 6614
3 6614 6485 6662
3 6522 6737 6562
3 6575 6443 6640
3 6444 6563 6701
3 6422 6727 6435
3 6422 6551 6741
3 6655 6654 6425
3 6645 6611 6514
3 6518 6454 6626
3 6785 6626 6454
3 9758 6567 9756
3 6571 6682 6669
3 6632 6630 6671
3 6560 6561 6681
3 6676 6638 9973
3 6638 9766 6617
3 6562 6737 6817
3 6737 6522 6911
3 6607 6444 6699
3 6641 6702 6593
3 6752 6534 6771
3 6718 6548 6772
3 6720 6772 6548
3 6548 6594 6720
3 6703 6526 6527
3 6527 6740 6703
3 6589 6595 6725
3 6576 6512 6704
3 6656 6704 6512
3 6624 6623 6486
3 6540 6759 6592
3 6731 6497 6468
3 6468 6743 6731
3 6565 6836 6659
3 6480 6585 6709
3 6585 6481 6663
3 6600 6663 6481
3 6616 6601 6678
3 6635 6678 6601
3 6601 6493 6635
3 6533 6762 6798
3 6630 6604 9963
3 6694 6681 6561
3 6650 6649 6416
3 6697 6650 6544
3 6749 6651 6582
3 9980 6676 9973
3 6699 6444 6701
3 6534 6752 6641
3 6594 6508 6652
3 6653 6587 6848
3 6703 6494 6526
3 6831 6755 6447
3 6643 6447 6619
3 6820 6620 6589
3 6725 6820 6589
3 6726 6727 6756
3 6741 6551 6880
3 6590 6672 6757
3 6655 6596 6728
3 6553 6577 6656
3 6537 6657 6513
3 6758 6597 6554
3 6646 6732 6660
3 9757 6732 6567
3 6839 6661 6569
3 6707 6839 6613
3 6709 6599 6480
3 6483 6634 6692
3 6616 6678 6842
3 6617 6764 6586
3 6562 6817 6605
3 6911 9651 6716
3 6618 6640 6443
3 6653 6652 6508
3 6447 6643 6831
3 6610 6644 6672
3 6774 6728 6596
3 6684 6774 6596
3 6577 6657 6685
3 6622 6623 6554
3 6922 6554 6623
3 6623 6624 6780
3 6851 6612 6591
3 6802 6579 6674
3 6579 6539 6674
3 6687 6497 6731
3 6743 6659 6760
3 6709 6708 6599
3 6663 6709 6585
3 6798 6711 6532
3 6533 6746 6762
3 6637 6764 6617
3 6544 6667 6697
3 6500 6603 6749
3 6713 6629 6648
3 6629 6542 6714
3 6632 6769 6631
3 9766 6638 6664
3 6456 6647 6698
3 6670 6542 6631
3 6631 6769 6670
3 9963 6604 6712
3 6604 6681 6712
3 6490 6748 6824
3 6690 6777 6746
3 6746 6583 6690
3 6666 6690 6583
3 6665 6706 6666
3 6662 6795 6614
3 6779 6677 6574
3 6574 6633 6779
3 6745 6779 6633
3 6627 6745 6633
3 6692 6615 6483
3 6842 6634 6616
3 6635 6532 6711
3 6680 6636 6602
3 6734 6680 6602
3 6602 6586 6734
3 6688 6664 6638
3 6639 6605 6736
3 6754 6722 6475
3 6475 6608 6754
3 6862 6830 6642
3 6741 6727 6422
3 6686 6537 6538
3 6597 6686 6578
3 6624 6611 6705
3 6611 6645 6705
3 6834 6556 6673
3 6802 6591 6516
3 6759 6539 6592
3 6675 6625 6742
3 6625 6580 6742
3 6760 6784 6743
3 6910 6785 6498
3 6498 6646 6910
3 6456 6698 6668
3 6647 6669 6698
3 6670 6714 6542
3 6769 6632 6671
3 6649 6650 6696
3 6736 6770 6639
3 6715 6736 6605
3 6653 6753 6652
3 6722 6587 6475
3 6494 6754 6608
3 6793 6643 6619
3 6723 6793 6619
3 6765 6704 6656
3 6729 6685 6657
3 6801 6645 6598
3 6598 6781 6801
3 6781 6658 6730
3 6658 6556 6730
3 6965 6742 6580
3 6690 6666 6706
3 6795 6691 6614
3 6599 6708 6662
3 6600 6570 6778
3 6764 6693 6586
3 6689 6664 6688
3 6661 6665 6666
3 6691 6707 6614
3 6574 6778 6570
3 6681 6694 6894
3 6804 6603 6668
3 6698 6804 6668
3 6750 6682 6713
3 6605 6817 6715
3 6606 6640 6618
3 6738 6683 6751
3 6699 6751 6683
3 6701 6563 6702
3 6702 6641 6818
3 6861 6818 6641
3 6722 6848 6587
3 6754 6494 7071
3 6535 6725 6595
3 6535 6621 6863
3 6879 6863 6621
3 6726 6879 6621
3 6609 6880 6364
3 6657 6537 6729
3 6686 6729 6537
3 6782 6730 6556
3 6556 6834 6782
3 6835 6675 6742
3 6688 6638 6733
3 6689 6761 6664
3 6663 6600 6778
3 6677 6779 6868
3 6842 6692 6634
3 6711 6710 6635
3 6679 6636 6763
3 6807 6763 6636
3 6636 6680 6807
3 6693 6734 6586
3 6712 6681 6843
3 6490 6628 6695
3 6649 6695 6628
3 6714 6648 6629
3 6738 6791 6606
3 6699 6701 6700
3 6721 6753 6653
3 6848 6721 6653
3 6740 6510 6830
3 6830 6862 7072
3 6656 6577 6799
3 6964 6851 6591
3 6965 6580 6884
3 6816 6884 6580
3 6580 6687 6816
3 6687 6731 6816
3 6743 6784 6783
3 6836 6760 6659
3 6837 6910 6646
3 6733 6776 6688
3 6661 6839 6890
3 6795 6662 6810
3 6663 6744 6709
3 6677 6778 6574
3 6842 6813 6692
3 6824 6894 6694
3 6695 6748 6490
3 6696 6650 6895
3 6650 6697 6895
3 7001 6697 6667
3 6791 6640 6606
3 6751 6792 6738
3 6700 6751 6699
3 6702 6717 6701
3 6641 6752 6976
3 6740 6830 6829
3 6672 6644 6821
3 6799 6765 6656
3 6685 6729 6800
3 6597 6814 6686
3 6815 6834 6673
3 6612 6851 6815
3 6591 6802 6964
3 6759 6674 6539
3 6540 6675 6835
3 6626 6836 6565
3 6785 6948 6626
3 6660 6837 6646
3 6761 6775 9768
3 6797 6662 6708
3 6744 6797 6708
3 6708 6709 6744
3 6615 6692 6946
3 6813 6946 6692
3 6710 6678 6635
3 6897 6764 6637
3 6735 6897 6637
3 9963 6712 6747
3 6825 6749 6603
3 6750 6669 6682
3 6768 6750 6648
3 6648 6714 6768
3 9975 6769 6671
3 6700 6701 6717
3 6772 6719 6718
3 6848 6722 6739
3 6723 6724 6819
3 6901 6757 6672
3 6821 6901 6672
3 6644 6832 6821
3 6577 6685 6799
3 6814 6729 6686
3 6883 6922 6623
3 6623 6780 6883
3 6801 6705 6645
3 6782 7043 6730
3 6836 6626 6948
3 6775 9773 9768
3 6806 6776 6733
3 6761 6689 6823
3 6689 6776 6860
3 6690 6706 6905
3 6707 6691 6839
3 6744 6663 6840
3 6778 6840 6663
3 6766 6747 6712
3 6712 6843 6766
3 6804 6825 6603
3 6713 6648 6750
3 6787 6911 6716
3 6716 6640 6787
3 6717 6702 6789
3 6641 6976 6861
3 6719 6772 6990
3 6828 6703 6740
3 6740 6829 6828
3 6644 6654 6832
3 6597 6758 6865
3 6554 6922 6758
3 6835 6759 6540
3 6795 6918 6691
3 6778 6677 6811
3 6779 6745 6841
3 6745 6627 6841
3 6904 6710 6711
3 6711 6798 6904
3 6777 6762 6746
3 6808 6680 6734
3 6734 6693 6808
3 6809 6808 6693
3 6764 6809 6693
3 6843 6681 6767
3 6651 7001 6667
3 6844 6651 6749
3 6749 6825 6844
3 6804 6698 6914
3 6845 6714 6670
3 6826 6845 6670
3 6670 6769 6826
3 6715 6817 7064
3 6792 6751 6788
3 6718 6719 6977
3 6721 6916 6753
3 7071 6722 6754
3 6831 6588 6755
3 6793 6723 6819
3 6790 6620 6820
3 6756 6727 6773
3 6727 6741 6773
3 7027 6880 6609
3 6728 6774 6849
3 6850 9726 6684
3 6684 6704 6850
3 6758 6922 6833
3 6732 9757 6967
3 6860 6823 6689
3 6777 6690 6905
3 6905 6706 6853
3 6869 6853 6706
3 6706 6665 6869
3 6852 6869 6665
3 6665 6661 6852
3 6661 6890 6852
3 6918 6839 6691
3 6842 6678 7012
3 6678 6710 7012
3 6679 6763 9965
3 6809 6764 6897
3 6847 6897 6735
3 9581 6765 6799
3 6814 6882 6729
3 6865 6814 6597
3 6802 6674 6923
3 6742 6982 6835
3 6783 6731 6743
3 6924 6660 6732
3 6732 6967 6924
3 6894 6767 6681
3 6895 6856 6696
3 6896 6698 6669
3 6669 6750 6896
3 6845 6768 6714
3 6826 6769 9975
3 6786 6838 6770
3 6770 6736 6786
3 6787 6925 6911
3 6738 6792 6791
3 6700 6788 6751
3 6772 6720 6990
3 6652 6720 6594
3 6827 6494 6703
3 6877 6862 6588
3 6588 6831 6877
3 6724 6620 6878
3 6620 6790 6878
3 6863 6725 6535
3 6726 6756 7025
3 6958 7027 6609
3 6774 6684 6849
3 9726 6849 6684
3 9581 6850 6704
3 9773 6775 6874
3 6775 6887 6822
3 6775 6761 6887
3 6761 6823 6803
3 6860 6776 6805
3 6806 6805 6776
3 6810 6662 6796
3 6797 6796 6662
3 6840 6797 6744
3 6811 6840 6778
3 6811 6677 6961
3 6868 6961 6677
3 6627 6615 6812
3 6946 6812 6615
3 6962 6798 6762
3 6846 6807 6680
3 6923 6964 6802
3 7034 6817 6737
3 6911 7034 6737
3 6640 6791 6787
3 6818 6789 6702
3 6771 6718 6977
3 6652 6753 6916
3 7071 6494 6827
3 6879 6726 7025
3 6741 6880 6773
3 6609 6757 6958
3 6901 6958 6757
3 6849 6794 6728
3 6822 6874 6775
3 6803 6887 6761
3 6747 6766 6855
3 6649 6696 6928
3 9609 6787 6791
3 6752 6771 6977
3 6828 6827 6703
3 7026 6773 6880
3 6901 6821 6959
3 6832 6939 6821
3 6840 6867 6797
3 6798 6962 6904
3 6963 6962 6762
3 6762 6777 6963
3 6680 6808 6846
3 6907 6799 6685
3 6800 6907 6685
3 6833 6921 6758
3 6705 6801 7016
3 7103 7016 6801
3 6947 7103 6801
3 6801 6781 6947
3 6968 6786 6736
3 6736 6715 6968
3 6766 6843 6855
3 6872 6843 6767
3 6894 6824 6927
3 6695 6649 6928
3 6856 6928 6696
3 6847 6898 6897
3 6841 6868 6779
3 9581 6799 6864
3 6907 6864 6799
3 6883 6780 7015
3 6781 6730 6947
3 6980 7043 6782
3 6782 6834 6980
3 7017 6884 6816
3 6816 6731 7017
3 6783 7017 6731
3 7033 6948 6785
3 6700 6717 6876
3 6861 6900 6818
3 6643 6793 6831
3 6793 6819 6956
3 6939 6959 6821
3 6860 9983 6889
3 6767 6894 6926
3 6927 6824 6748
3 6928 6748 6695
3 6896 6914 6698
3 6768 6930 6750
3 6808 6809 6932
3 6870 6893 6847
3 9609 6791 6866
3 6875 6788 6700
3 6700 6876 6875
3 6789 6876 6717
3 6915 6861 6976
3 6977 6976 6752
3 6828 6829 6937
3 6819 6724 7221
3 6878 7221 6724
3 6907 6800 6908
3 6800 6882 6908
3 6998 6981 6851
3 6851 6964 6998
3 6886 6910 6837
3 6837 6660 6886
3 6786 9759 6838
3 6890 6839 6902
3 6839 6918 6902
3 6918 6795 6941
3 6810 6941 6795
3 6867 6840 6943
3 6841 6627 6812
3 6813 6842 6993
3 7012 6993 6842
3 6855 6843 6872
3 6844 6825 6950
3 6914 6825 6804
3 6951 6930 6768
3 6845 6951 6768
3 6845 6826 6873
3 9965 7046 6892
3 6763 6807 7046
3 6846 6808 7024
3 6897 6932 6809
3 6893 6898 6847
3 6871 9770 6933
3 6900 6789 6818
3 6990 6720 7069
3 6721 6848 6936
3 7221 6956 6819
3 6957 6790 6820
3 6820 6725 6957
3 6863 6957 6725
3 6654 6794 6881
3 6865 6882 6814
3 6921 6865 6758
3 7016 7015 6705
3 6834 6815 7170
3 6981 6815 6851
3 6760 6836 6885
3 6817 7034 7064
3 6791 6792 6866
3 6796 6797 6942
3 6867 6942 6797
3 6944 6943 6840
3 6840 6811 6944
3 6961 6868 6945
3 6777 6905 6891
3 6854 9793 9791
3 9793 6854 9783
3 6855 6872 9966
3 6926 6872 6767
3 6748 6928 6970
3 6914 7003 6825
3 6930 6985 6750
3 6857 9777 6934
3 9942 6934 9777
3 6858 6859 9762
3 6889 6823 6860
3 6915 6900 6861
3 7047 7069 6720
3 6720 6652 7047
3 6916 7047 6652
3 6848 6739 6936
3 6829 6830 7048
3 6830 7072 7048
3 6939 6832 7074
3 6832 6654 7074
3 6881 7074 6654
3 9581 6864 6920
3 7015 7083 6883
3 6947 6730 7031
3 7170 6980 6834
3 6742 6965 7172
3 6966 7017 6783
3 6784 6760 7060
3 7061 7060 6760
3 6660 6924 7111
3 6788 7020 6792
3 6875 9764 6788
3 6940 7010 6854
3 6854 9791 6940
3 6941 7011 6918
3 7076 6945 6868
3 6868 6841 7076
3 6905 6853 6906
3 9790 6906 6853
3 6853 6869 9790
3 7038 6807 6846
3 7024 7038 6846
3 6870 6871 6933
3 9770 9765 6933
3 6823 7023 6803
3 6912 6889 9983
3 7001 6651 7002
3 6896 6984 6914
3 6896 6750 6985
3 6934 7000 6857
3 7065 6859 6874
3 6899 6875 6876
3 6876 6789 6935
3 6828 6937 7257
3 6938 6862 6877
3 6756 6773 7073
3 7026 6880 6991
3 7027 6991 6880
3 6908 6979 6907
3 6882 6865 6997
3 7083 6922 6883
3 6965 6884 7032
3 6885 7061 6760
3 6785 6910 7062
3 6999 6886 6660
3 6660 7111 6999
3 6786 6968 7085
3 6911 6925 6969
3 6866 7019 9609
3 6788 9764 6949
3 6822 7065 6874
3 6852 6890 6917
3 6995 6917 6890
3 6890 6902 6995
3 6903 6810 6942
3 6810 6796 6942
3 6942 6867 6919
3 6961 6944 6811
3 6891 6963 6777
3 6893 6870 6953
3 6872 6913 9966
3 6926 6894 6927
3 6895 6697 6929
3 6697 7001 6929
3 6950 7002 6651
3 6651 6844 6950
3 7003 6950 6825
3 6971 6984 6896
3 6985 6971 6896
3 6952 6951 6845
3 6845 6873 6952
3 6873 9962 6952
3 7038 6986 6807
3 6932 6974 6808
3 6932 6897 6988
3 6897 6898 6988
3 6954 6953 6870
3 6899 6876 7006
3 6936 7070 6721
3 6827 6828 7007
3 7257 7007 6828
3 7072 6862 7220
3 7160 6957 6863
3 7039 6940 9791
3 6902 6918 6960
3 6941 6810 6903
3 6891 6905 7098
3 6906 7098 6905
3 6931 6892 7046
3 6920 6864 7029
3 6864 6907 6979
3 7043 7031 6730
3 6982 6909 6835
3 6742 7172 7044
3 7034 6911 6969
3 7008 9948 9957
3 7000 7014 6975
3 6975 6857 7000
3 6934 9942 9943
3 6822 6887 6983
3 6856 6895 6929
3 6930 6951 6972
3 6935 7006 6876
3 6789 6900 6989
3 7007 7071 6827
3 6938 7220 6862
3 7094 6831 6793
3 6863 6879 7201
3 7025 7201 6879
3 7039 6992 6940
3 6995 6902 6960
3 6918 7011 6960
3 6906 9790 9779
3 6920 9723 9581
3 7029 6864 6979
3 6882 7013 6908
3 6922 7083 6833
3 7103 7151 7016
3 7296 6674 6759
3 6835 7296 6759
3 6982 6742 7044
3 6784 6966 6783
3 6885 6836 6948
3 7062 7033 6785
3 7018 7062 6910
3 6910 6886 7018
3 9625 7111 6924
3 6924 6967 9625
3 9624 9759 7085
3 9759 6786 7085
3 6715 7064 6968
3 7019 6866 7020
3 6866 6792 7020
3 7036 6889 6912
3 9967 7036 6912
3 7045 6913 6872
3 6872 6926 7045
3 6927 7045 6926
3 6928 6856 7117
3 6856 6929 7117
3 6984 7003 6914
3 6930 6972 6985
3 7004 6972 6951
3 6973 7046 6807
3 6988 6974 6932
3 6898 6893 6988
3 7121 6988 6893
3 6900 6915 6989
3 7070 7047 6916
3 6877 6831 6938
3 7051 6938 6831
3 6956 7221 7049
3 7052 6959 6939
3 9944 7010 7009
3 6992 7010 6940
3 7039 9778 9788
3 7028 7011 6941
3 6903 7028 6941
3 6867 6943 6919
3 6812 6946 7164
3 6962 6994 6904
3 6978 6962 6963
3 7013 6882 6996
3 6815 6981 7170
3 6835 6909 7296
3 6948 7033 6885
3 6788 6949 7021
3 6949 9776 7021
3 6887 6888 6983
3 7023 6888 6803
3 6970 6927 6748
3 7117 6970 6928
3 7024 6808 6974
3 6953 7121 6893
3 6954 7090 6953
3 7000 6934 7056
3 6899 9769 6875
3 7092 6935 6789
3 6789 6989 7092
3 6915 6976 7068
3 7323 6990 7069
3 6937 6829 7048
3 7338 6793 6956
3 6958 6901 7107
3 6944 6961 7040
3 6945 7040 6961
3 6841 6812 7041
3 6710 6904 7077
3 6994 7077 6904
3 6978 6994 6962
3 6963 6891 6978
3 7098 6978 6891
3 7145 7098 6906
3 7032 7172 6965
3 6967 9624 9625
3 7085 7063 9624
3 7065 6822 7035
3 6983 7035 6822
3 6888 7023 7022
3 6889 7023 6823
3 6951 6952 7004
3 7005 7004 6952
3 6973 6807 6986
3 7121 6953 7090
3 6975 7014 6955
3 9943 7056 6934
3 7068 6989 6915
3 6976 6977 7068
3 6977 6719 7199
3 6990 7199 6719
3 7217 7069 7047
3 6739 7177 6936
3 7094 7051 6831
3 7138 7160 6863
3 7025 6756 7095
3 7073 7095 6756
3 7008 9944 7009
3 9787 6995 6960
3 6903 6942 7143
3 7128 7109 6942
3 6942 6919 7128
3 7041 6812 7164
3 6920 7078 9723
3 6979 6908 7125
3 7013 7125 6908
3 7059 6997 6865
3 6865 6921 7059
3 6921 6833 7059
3 7043 6980 7084
3 7032 6884 7017
3 7018 6886 7194
3 6886 6999 7194
3 7020 6788 7114
3 7021 7114 6788
3 7014 7000 7079
3 6913 7036 9967
3 6950 7003 7087
3 7003 6984 7088
3 6985 6972 7119
3 7176 6972 7004
3 7024 6974 7105
3 6988 7121 9577
3 7090 6954 7106
3 7046 7037 6931
3 6974 6988 7105
3 7199 7127 6977
3 7070 6936 7137
3 7027 6958 7050
3 6939 7074 7052
3 7096 9952 7008
3 7008 7009 7097
3 7143 6942 7109
3 7040 6943 6944
3 7076 6841 7041
3 7164 6946 7110
3 6813 7110 6946
3 6813 6993 7110
3 7077 7012 6710
3 7125 7123 6979
3 7101 6996 6997
3 6833 7083 7102
3 7086 7021 9776
3 9776 9767 7086
3 6955 7014 7191
3 9953 9947 7057
3 9769 6899 7126
3 7006 7126 6899
3 6935 7091 7006
3 7216 7068 6977
3 7127 7216 6977
3 6990 7323 7199
3 7026 7073 6773
3 7096 7008 7097
3 7010 6992 7108
3 7028 6903 7143
3 6919 6943 7128
3 7075 7128 6943
3 6945 7076 7182
3 7077 6993 7012
3 7029 6979 7122
3 7151 7129 7015
3 7015 7016 7151
3 7193 7084 6980
3 7268 7170 6981
3 7209 6981 6998
3 6998 6964 7209
3 7019 7020 7175
3 7022 7023 7116
3 7156 7116 7023
3 7023 6889 7156
3 7119 7188 6971
3 6971 6985 7119
3 7004 7005 7120
3 7037 7158 7005
3 7038 7024 7089
3 7304 7089 7024
3 7049 7221 7476
3 7052 7202 6959
3 7222 7139 7074
3 6881 7222 7074
3 7040 7075 6943
3 6993 7077 7144
3 7054 6994 6978
3 6978 7098 7054
3 7078 6920 7122
3 6920 7029 7122
3 9949 7125 7030
3 7191 7042 6955
3 7099 7014 7079
3 7055 7079 7000
3 7056 7055 7000
3 7192 7103 6947
3 7130 7229 6923
3 6923 6674 7130
3 6885 7033 7248
3 7062 7248 7033
3 7034 6969 7132
3 6983 7066 7035
3 6889 7036 7156
3 7067 7036 6913
3 6913 7045 7067
3 7045 6927 7067
3 6970 7117 7135
3 7118 7088 6984
3 6984 6971 7118
3 7188 7118 6971
3 7157 7119 6972
3 6972 7176 7157
3 6986 7038 7089
3 7024 6987 7304
3 7096 7141 9952
3 6992 7039 7161
3 7053 7161 7011
3 7011 7028 7053
3 7182 7040 6945
3 7099 7191 7014
3 7100 7055 7056
3 7148 7057 9947
3 7080 7148 9947
3 7059 7101 6997
3 7169 7059 6833
3 7129 7083 7015
3 7084 7031 7043
3 7153 7019 7113
3 7175 7113 7019
3 7065 7035 7133
3 6888 7022 7155
3 7134 7067 6927
3 6927 6970 7134
3 7233 7002 6950
3 7088 7087 7003
3 7158 7120 7005
3 7024 7105 6987
3 7105 6988 9577
3 7126 7006 7091
3 7068 7093 6989
3 7137 6936 7256
3 7177 7256 6936
3 7071 7007 7178
3 7049 7338 6956
3 6863 7201 7138
3 7026 6991 7308
3 7107 7050 6958
3 7202 6901 6959
3 9728 7222 6881
3 7215 7254 6935
3 7092 7215 6935
3 7093 7092 6989
3 7200 6739 6722
3 6722 7071 7200
3 6793 7338 7094
3 6878 6790 7258
3 6790 6957 7258
3 7201 7025 7095
3 7009 7010 7108
3 7143 7053 7028
3 7056 7057 7100
3 6996 7101 7168
3 6833 7102 7169
3 6674 7296 7130
3 7230 7032 7017
3 7152 7112 7085
3 7085 6968 7152
3 6968 7064 7211
3 7064 7034 7211
3 7132 7211 7034
3 7132 6969 7174
3 7066 6983 7154
3 7116 7155 7022
3 7135 7134 6970
3 7104 6929 7001
3 7001 7002 7104
3 7159 7158 7037
3 7037 7046 7159
3 7046 6973 7159
3 6986 7214 6973
3 7090 7106 7253
3 7091 6935 7254
3 7199 7237 7127
3 7217 7323 7069
3 7217 7047 7238
3 7070 7238 7047
3 7177 6739 7393
3 7200 7393 6739
3 7071 7178 7200
3 7072 7220 7475
3 7220 6938 7240
3 7338 7049 7476
3 7073 7274 7095
3 7260 6991 7027
3 7027 7050 7260
3 7202 7107 6901
3 7179 7202 7052
3 7139 7052 7074
3 7141 7140 9952
3 7108 7097 7009
3 6992 7161 7142
3 7183 7098 7145
3 7078 7122 7180
3 7123 7122 6979
3 7123 7125 7124
3 9781 7042 7264
3 7100 7057 7148
3 7081 7166 7080
3 6996 7168 7058
3 7150 7102 7083
3 7192 6947 7031
3 7172 7171 7044
3 7172 7032 7247
3 7017 6966 7230
3 7063 7085 7112
3 7114 7021 7086
3 7086 9767 7115
3 7066 7133 7035
3 7155 7154 6983
3 6983 6888 7155
3 7067 7196 7036
3 6950 7087 7233
3 7121 7090 7190
3 7068 7216 7289
3 7475 7048 7072
3 6938 7051 7240
3 7308 7073 7026
3 7140 7141 7181
3 7142 7108 6992
3 7053 7162 7161
3 7128 7075 7206
3 7040 7182 7262
3 7183 7054 7098
3 7184 9784 7165
3 7148 7147 7100
3 7166 7148 7080
3 7101 7059 7246
3 7150 7186 7102
3 7151 7103 7267
3 7192 7267 7103
3 7192 7031 7369
3 7084 7369 7031
3 7210 7209 6964
3 6964 6923 7210
3 7229 7210 6923
3 6909 6982 7131
3 6982 7044 7131
3 7044 7171 7131
3 6784 7187 6966
3 6784 7060 7187
3 6999 7111 7278
3 9746 7115 9763
3 9763 7133 9746
3 7135 7250 7134
3 7120 7176 7004
3 7235 7120 7158
3 7198 6986 7089
3 7089 7304 7198
3 7253 7190 7090
3 7339 7258 6957
3 7096 7097 7204
3 7143 7109 7163
3 7245 7182 7076
3 7041 7245 7076
3 7144 7164 7110
3 7110 6993 7144
3 6994 7054 7224
3 7185 7165 9781
3 7264 7185 9781
3 7264 7042 7225
3 7055 7100 7146
3 7082 7058 7167
3 7058 7168 7167
3 6980 7170 7193
3 7060 7061 7187
3 7231 7111 9625
3 6969 7153 7174
3 7175 7298 7113
3 7175 7020 7212
3 7020 7114 7212
3 7086 7212 7114
3 7116 7156 7195
3 7156 7036 7271
3 7196 7271 7036
3 7134 7196 7067
3 7135 7117 7213
3 7118 7087 7088
3 7159 6973 7214
3 7190 7136 7121
3 9722 7078 7180
3 7122 7123 7223
3 7124 7125 9949
3 7091 7322 7126
3 7092 7093 7215
3 7216 7127 7237
3 7221 6878 7421
3 7258 7421 6878
3 7620 7339 6957
3 6957 7160 7620
3 7095 7502 7201
3 7073 7308 7259
3 7260 7308 6991
3 7050 7107 7241
3 7052 7139 7179
3 7244 7053 7143
3 7163 7109 7205
3 7128 7205 7109
3 7224 7077 6994
3 7054 7183 7224
3 7146 7100 7147
3 7149 7166 7081
3 7167 7149 7081
3 7101 7246 7277
3 7228 7246 7059
3 7186 7169 7102
3 7296 7494 7130
3 7247 7032 7230
3 7187 7230 6966
3 7173 7063 7112
3 6968 7211 7152
3 7066 9746 7133
3 7213 7250 7135
3 7117 6929 7213
3 7235 7176 7120
3 6986 7198 7236
3 7253 9771 7288
3 7122 7326 7180
3 7223 7123 7124
3 7471 7215 7093
3 7093 7068 7289
3 7219 7257 6937
3 6937 7048 7219
3 7274 7502 7095
3 7222 7340 7139
3 9959 7124 9949
3 7204 7181 7141
3 7141 7096 7204
3 7097 7108 7242
3 7108 7142 7243
3 7143 7163 7244
3 7075 7040 7346
3 7262 7346 7040
3 7041 7164 7245
3 7207 7099 7079
3 7055 7207 7079
3 7147 7148 7293
3 7101 7277 7168
3 7059 7169 7228
3 7083 7129 7150
3 7172 7351 7171
3 7111 7231 7278
3 7174 7153 7280
3 7154 7155 7327
3 7195 7232 7116
3 6929 7104 7213
3 7251 7233 7087
3 7087 7118 7284
3 7118 7188 7334
3 7159 7235 7158
3 7159 7214 7320
3 7236 7214 6986
3 7091 7254 7361
3 7407 7290 7094
3 7094 7338 7407
3 7107 7202 7324
3 7180 7270 9722
3 7270 7180 7326
3 7223 7326 7122
3 7181 7203 7140
3 7142 7161 7310
3 7162 7310 7161
3 7346 7206 7075
3 7183 7145 7275
3 7191 7225 7042
3 7208 7148 7166
3 7149 7294 7166
3 7494 7229 7130
3 7247 7351 7172
3 7248 7061 6885
3 7248 7062 7353
3 7249 7062 7018
3 7018 7194 7249
3 7194 6999 7370
3 7278 7370 6999
3 7212 7086 9743
3 7154 7327 7066
3 7232 7155 7116
3 7271 7195 7156
3 7328 7104 7002
3 7002 7233 7328
3 7284 7251 7087
3 7188 7119 7286
3 7157 7286 7119
3 7157 7176 7286
3 6987 7105 7189
3 7105 9577 7189
3 9601 7189 9577
3 9577 7136 9601
3 7093 7289 7306
3 7237 7199 7379
3 7178 7007 7239
3 7051 7094 7290
3 7241 7107 7324
3 7179 7291 7202
3 7364 7291 7179
3 7204 7097 7242
3 7244 7162 7053
3 7205 7128 7206
3 7182 7245 7347
3 7263 7144 7077
3 7077 7224 7263
3 7275 7224 7183
3 7207 7191 7099
3 7293 7146 7147
3 7294 7208 7166
3 7294 7149 7226
3 7149 7167 7227
3 7168 7227 7167
3 7265 7168 7277
3 7266 7150 7129
3 7193 7170 7410
3 7170 7268 7410
3 7187 7061 7412
3 7173 7112 7269
3 7355 7211 7132
3 7286 7285 7188
3 7286 7176 7234
3 7235 7234 7176
3 7273 7235 7159
3 7305 7198 7304
3 9601 7136 7321
3 7344 7244 7163
3 7205 7344 7163
3 7262 7182 7347
3 7275 7145 7184
3 7276 7165 7185
3 7149 7227 7226
3 7265 7227 7168
3 7387 7230 7187
3 7249 7353 7062
3 7370 7249 7194
3 7282 7327 7155
3 7155 7232 7282
3 7197 7271 7196
3 7196 7134 7197
3 7134 7250 7197
3 7213 7272 7250
3 7251 7284 7302
3 7334 7284 7118
3 7334 7188 7285
3 7217 7238 7218
3 7007 7257 7239
3 7489 7219 7048
3 7241 7260 7050
3 9958 7223 7124
3 7203 7181 7309
3 7242 7108 7365
3 7108 7243 7365
3 7184 7165 7276
3 7207 7055 7146
3 7148 7208 7332
3 7129 7151 7267
3 7386 7131 7171
3 7351 7386 7171
3 7132 7174 7279
3 7195 7299 7232
3 7301 7272 7213
3 7213 7104 7301
3 7236 7287 7214
3 7377 7236 7198
3 7198 7305 7377
3 7252 7321 7136
3 7136 7190 7252
3 7253 7252 7190
3 7361 7322 7091
3 7254 7215 7255
3 7307 7289 7216
3 7237 7307 7216
3 7363 7237 7379
3 7238 7070 7473
3 7137 7473 7070
3 7336 7475 7220
3 7220 7240 7336
3 7290 7240 7051
3 7139 7364 7179
3 7222 9721 7340
3 7181 7204 7394
3 7242 7261 7204
3 7310 7243 7142
3 7343 7310 7162
3 7245 7164 7367
3 7144 7263 7330
3 7191 7207 7384
3 7314 7246 7228
3 7228 7169 7314
3 7266 7186 7150
3 7267 7266 7129
3 7462 7084 7193
3 7354 7278 7231
3 7279 7355 7132
3 7280 7279 7174
3 7399 7316 7212
3 9743 7399 7212
3 7066 7327 7415
3 7299 7483 7232
3 7195 7271 7319
3 7197 7250 7300
3 7251 7328 7233
3 7273 7234 7235
3 6987 7189 7359
3 7252 7253 7335
3 7306 7471 7093
3 7307 7237 7434
3 7363 7434 7237
3 7218 7238 7473
3 7476 7221 7421
3 7340 7364 7139
3 7394 7309 7181
3 7394 7204 7261
3 7292 7343 7162
3 7162 7244 7292
3 7205 7206 7423
3 7275 7263 7224
3 7276 7275 7184
3 7185 7264 7331
3 7207 7146 7312
3 7332 7293 7148
3 7277 7246 7313
3 7395 7313 7246
3 7395 7246 7314
3 7169 7315 7314
3 7267 7192 7461
3 7385 7268 6981
3 6981 7209 7385
3 7333 7385 7209
3 7209 7210 7333
3 7352 7412 7061
3 7269 7112 7482
3 7298 7175 7316
3 7175 7212 7316
3 7281 7317 9746
3 9746 7066 7281
3 7415 7281 7066
3 7271 7197 7356
3 7250 7272 7300
3 7283 7328 7251
3 7302 7283 7251
3 7286 7234 7375
3 7273 7159 7320
3 7303 7320 7214
3 7486 7304 6987
3 7288 7335 7253
3 7255 7361 7254
3 7471 7255 7215
3 7452 7199 7419
3 7323 7419 7199
3 7323 7217 7329
3 7259 7274 7073
3 7423 7344 7205
3 7345 7423 7206
3 7206 7346 7345
3 7347 7346 7262
3 7348 7367 7164
3 7164 7144 7348
3 7330 7348 7144
3 7264 7225 7331
3 7384 7311 7225
3 7225 7191 7384
3 7226 7459 7294
3 7427 7186 7266
3 7461 7409 7267
3 7410 7462 7193
3 7210 7229 7333
3 7297 7396 6909
3 7131 7297 6909
3 7531 7386 7351
3 7061 7248 7352
3 7372 7152 7211
3 7211 7355 7372
3 7223 9958 7341
3 7282 7232 7483
3 7319 7299 7195
3 7301 7300 7272
3 7328 7301 7104
3 7287 7303 7214
3 7236 7377 7376
3 7486 7305 7304
3 7359 7486 6987
3 7379 7199 7452
3 7218 7329 7217
3 7473 7137 7524
3 7256 7524 7137
3 7474 7200 7178
3 7178 7239 7474
3 7475 7489 7048
3 7621 7138 7201
3 7201 7502 7621
3 7365 7261 7242
3 7382 7292 7244
3 7344 7382 7244
3 7383 7347 7245
3 7367 7383 7245
3 7541 7332 7208
3 7226 7227 7295
3 7227 7265 7295
3 7313 7265 7277
3 7397 7247 7230
3 7387 7397 7230
3 7464 7352 7248
3 7112 7152 7413
3 7372 7445 7152
3 7316 7398 7298
3 7319 7271 7467
3 7302 7284 7334
3 7285 7286 7375
3 7234 7273 7358
3 7303 7287 7401
3 7189 9602 7359
3 7288 7322 7335
3 7289 7307 7362
3 7256 7177 7550
3 7393 7550 7177
3 7239 7257 7500
3 7219 7500 7257
3 7634 7620 7160
3 7160 7138 7634
3 7326 7223 7341
3 7309 7394 7439
3 7365 7243 7366
3 7368 7330 7263
3 7263 7275 7368
3 7331 7276 7185
3 7207 7312 7384
3 7312 7146 7425
3 7293 7332 9608
3 7459 7208 7294
3 7443 7295 7265
3 7265 7313 7443
3 7480 7315 7169
3 7186 7480 7169
3 7266 7267 7409
3 7369 7084 7481
3 6909 7494 7296
3 7327 7282 7318
3 7300 7301 7391
3 7236 7376 7287
3 7335 7322 7378
3 7433 7471 7306
3 7337 7336 7240
3 7240 7290 7337
3 7551 7308 7260
3 7241 7551 7260
3 7202 7291 7607
3 7342 9950 7203
3 7203 7309 7342
3 7381 7342 7309
3 7310 7366 7243
3 7459 7226 7350
3 7411 7351 7247
3 7412 7387 7187
3 7412 7352 7495
3 7248 7353 7464
3 7370 7278 7388
3 7354 7388 7278
3 7482 7371 7269
3 7152 7445 7413
3 7428 7355 7279
3 7281 7430 7317
3 7415 7327 7514
3 7356 7467 7271
3 7392 7391 7301
3 7375 7334 7285
3 7361 7378 7322
3 7471 7406 7255
3 7362 7306 7289
3 7329 7419 7323
3 7474 7393 7200
3 7324 7202 7436
3 7438 7437 7364
3 7364 7340 7438
3 7477 7325 7270
3 7270 7326 7408
3 7326 7341 7408
3 7327 7318 7514
3 7301 7328 7392
3 7328 7283 7374
3 7375 7431 7334
3 7358 7375 7234
3 7376 7401 7287
3 7403 9602 7321
3 7321 7252 7403
3 7252 7335 7360
3 7406 7361 7255
3 7306 7362 7433
3 7475 7336 7453
3 7290 7407 7420
3 7551 7259 7308
3 7477 9727 7325
3 7408 7477 7270
3 9950 7342 7380
3 7310 7343 7454
3 7349 7368 7275
3 7275 7276 7349
3 7276 7331 7349
3 7331 7225 7311
3 7146 7293 7425
3 7541 9608 7332
3 7397 7411 7247
3 7249 7534 7353
3 7398 7429 7280
3 7430 7281 9747
3 7319 7467 7373
3 7467 7356 7389
3 7356 7197 7390
3 7300 7390 7197
3 7300 7391 7357
3 7374 7392 7328
3 7283 7302 7448
3 7302 7334 7400
3 7334 7431 7400
3 7273 7320 7485
3 7418 7485 7320
3 7320 7303 7418
3 7401 7376 7605
3 7360 7403 7252
3 7360 7335 7378
3 7524 7256 7499
3 7550 7499 7256
3 7525 7474 7239
3 7607 7436 7202
3 7454 7366 7310
3 7424 7345 7346
3 7346 7347 7424
3 7383 7478 7347
3 7457 7349 7331
3 7208 7459 7458
3 7426 7443 7313
3 7313 7395 7426
3 7427 7480 7186
3 7576 7461 7192
3 7192 7369 7576
3 7351 7411 7531
3 7413 7482 7112
3 7429 7466 7280
3 7483 7318 7282
3 7299 7319 7373
3 7390 7389 7356
3 7448 7374 7283
3 7400 7448 7302
3 7273 7485 7358
3 7486 7359 7432
3 7359 9602 7432
3 7378 7405 7360
3 7361 7405 7378
3 7490 7551 7241
3 7537 7241 7324
3 7437 7291 7364
3 7408 7341 7553
3 7394 7261 7439
3 7261 7365 7439
3 7292 7570 7343
3 7440 7570 7292
3 7292 7382 7440
3 7478 7424 7347
3 7348 7330 7456
3 7330 7368 7456
3 7541 7208 7458
3 7314 7315 7493
3 7409 7460 7266
3 7481 7576 7369
3 7462 7481 7084
3 7494 6909 7396
3 7466 7428 7279
3 7279 7280 7466
3 9747 7281 7446
3 7415 7446 7281
3 7390 7300 7357
3 7447 7392 7374
3 9602 7403 7402
3 7550 7393 7435
3 7420 7337 7290
3 7340 9725 7438
3 9724 7438 9725
3 7380 7342 9569
3 7342 7381 9569
3 7439 7381 7309
3 7382 7344 7455
3 7423 7455 7344
3 7367 7348 7492
3 7349 7456 7368
3 7412 7397 7387
3 7464 7495 7352
3 7249 7370 7534
3 7371 7465 7354
3 7428 7372 7355
3 7416 7514 7318
3 7318 7483 7416
3 7467 7389 7484
3 7392 7357 7391
3 7449 7431 7375
3 7375 7358 7449
3 7358 7417 7545
3 7358 7485 7417
3 7401 7418 7303
3 7564 7377 7305
3 9602 7402 7432
3 7405 7404 7360
3 7405 7361 7451
3 7406 7451 7361
3 7434 7363 7549
3 7329 7218 7488
3 7473 7488 7218
3 7341 7491 7553
3 7454 7439 7365
3 7366 7454 7365
3 7570 7422 7343
3 7455 7423 7540
3 7456 7492 7348
3 7384 7312 7441
3 7426 7395 7444
3 7395 7314 7444
3 7385 7333 7463
3 7229 7542 7333
3 7131 7386 7530
3 7534 7464 7353
3 7354 7578 7388
3 7496 7413 7445
3 7466 7429 7536
3 7429 7398 7562
3 7316 7399 7414
3 7399 9751 7414
3 7514 7544 7415
3 7515 7483 7299
3 7299 7373 7515
3 7468 7484 7389
3 7389 7390 7468
3 7448 7447 7374
3 7431 7449 7470
3 7376 7377 7497
3 7564 7497 7377
3 7404 7403 7360
3 7404 7405 7450
3 7472 7362 7307
3 7434 7472 7307
3 7501 7420 7407
3 7407 7338 7501
3 7338 7476 7647
3 7537 7490 7241
3 7381 7439 7504
3 7440 7382 7455
3 7383 7367 7492
3 7506 7457 7331
3 7331 7311 7506
3 7311 7384 7479
3 7312 7425 7442
3 7508 7350 7295
3 7295 7443 7508
3 7461 7460 7409
3 7511 7410 7268
3 7268 7385 7511
3 7542 7463 7333
3 7297 7131 7640
3 7530 7640 7131
3 7531 7530 7386
3 7371 7482 7465
3 7535 7465 7482
3 7482 7413 7496
3 7316 7562 7398
3 7544 7446 7415
3 7518 7357 7392
3 7646 7305 7486
3 7432 7402 7565
3 7472 7433 7362
3 7419 7329 7488
3 7647 7501 7338
3 7258 7582 7421
3 7502 7274 7503
3 7274 7259 7566
3 7607 7291 7635
3 7345 7540 7423
3 7456 7349 7572
3 7349 7457 7557
3 7441 7479 7384
3 7442 7441 7312
3 7527 9608 7528
3 9608 7541 7528
3 7314 7493 7444
3 7315 7480 7493
3 7427 7266 7509
3 7510 7509 7266
3 7266 7460 7510
3 7494 7542 7229
3 7397 7532 7411
3 7370 7388 7513
3 7354 7465 7578
3 7562 7536 7429
3 7357 7468 7390
3 7392 7447 7518
3 7469 7448 7400
3 7546 7401 7605
3 7646 7564 7305
3 7403 7404 7487
3 7450 7487 7404
3 7450 7405 7451
3 7472 9591 7433
3 7726 7393 7474
3 7336 7337 7773
3 7596 7634 7138
3 7138 7621 7596
3 7324 7436 7537
3 7437 7438 7567
3 9727 7477 7538
3 9569 7554 7380
3 7608 9569 7381
3 7539 7439 7454
3 7454 7343 7422
3 7492 7478 7383
3 7479 7506 7311
3 7350 7507 7459
3 7443 7426 7508
3 7480 7427 7493
3 7481 7462 7612
3 7534 7370 7512
3 7513 7512 7370
3 7388 7578 7513
3 7615 7496 7445
3 7445 7372 7615
3 7414 7562 7316
3 7519 7515 7373
3 7373 7467 7519
3 7484 7468 7517
3 7447 7448 7469
3 7400 7431 7469
3 7470 7469 7431
3 7545 7449 7358
3 7485 7545 7417
3 7406 7523 7451
3 7498 7433 9591
3 7379 7452 7619
3 7500 7525 7239
3 7489 7475 7633
3 7551 7566 7259
3 7504 7608 7381
3 7540 7585 7455
3 7540 7345 7526
3 7345 7424 7526
3 7424 7478 7526
3 7506 7557 7457
3 7458 7459 7507
3 7599 7444 7493
3 7460 7461 7575
3 7461 7576 7575
3 7638 7385 7463
3 7396 7625 7494
3 7532 7531 7411
3 7533 7397 7412
3 7412 7559 7533
3 7614 7495 7464
3 7560 7578 7465
3 7535 7579 7465
3 7428 7466 7659
3 9742 7562 7414
3 7516 7519 7467
3 7484 7516 7467
3 7518 7447 7520
3 7447 7469 7520
3 7470 7592 7469
3 7470 7449 7521
3 7497 7605 7376
3 7565 7486 7432
3 7580 7402 7403
3 7487 7580 7403
3 7406 7471 7523
3 7471 7433 7523
3 7498 7523 7433
3 7619 7363 7379
3 7739 7435 7393
3 7393 7726 7739
3 7705 7500 7219
3 7489 7705 7219
3 7773 7453 7336
3 7567 7635 7291
3 7291 7437 7567
3 7569 7538 7477
3 7477 7408 7569
3 7555 7504 7439
3 7439 7539 7555
3 7422 7539 7454
3 7505 7526 7478
3 7478 7492 7505
3 7441 7442 7680
3 7588 7507 7350
3 7508 7426 7598
3 7426 7444 7637
3 7668 7599 7493
3 7509 7493 7427
3 7612 7576 7481
3 7638 7511 7385
3 7639 7638 7463
3 7494 7624 7542
3 7396 7297 7625
3 7512 7601 7534
3 7615 7372 7697
3 7372 7428 7697
3 7544 7514 7593
3 7514 7416 7590
3 7416 7483 7616
3 7483 7515 7616
3 7591 7516 7484
3 7591 7484 7517
3 7468 7357 7563
3 7545 7521 7449
3 7545 7485 7522
3 7672 7472 7434
3 7549 7672 7434
3 7452 7419 7632
3 7488 7632 7419
3 7488 7473 7818
3 7773 7686 7453
3 7476 7421 7582
3 7582 7258 7665
3 7258 7339 7665
3 7567 7438 7568
3 7554 9569 7584
3 7440 7455 7585
3 7597 7505 7492
3 7571 7597 7492
3 7492 7456 7571
3 7572 7571 7456
3 7758 7479 7441
3 7529 7541 7458
3 7508 7588 7350
3 7598 7623 7508
3 7637 7598 7426
3 7510 7460 7575
3 7625 7624 7494
3 7579 7560 7465
3 7496 7535 7482
3 7521 7617 7470
3 7565 7402 7548
3 7402 7580 7548
3 7549 7363 7631
3 7524 7818 7473
3 7474 7525 7726
3 7740 7633 7475
3 7475 7453 7740
3 7337 7420 7606
3 7339 7620 7665
3 9724 7568 7438
3 7538 7552 9727
3 7553 7583 7408
3 7651 7539 7422
3 7556 7572 7349
3 7349 7557 7556
3 7527 7680 7442
3 7507 7529 7458
3 7623 7588 7508
3 7612 7462 7613
3 7558 7613 7462
3 7462 7410 7558
3 7410 7511 7558
3 7640 7530 7577
3 7533 7532 7397
3 7536 7659 7466
3 7603 7536 7562
3 9747 7446 7734
3 7514 7590 7593
3 7357 7518 7563
3 7734 7446 7543
3 7544 7543 7446
3 7594 7563 7518
3 7518 7520 7594
3 7545 7522 7645
3 7485 7418 7702
3 7546 7418 7401
3 7546 7605 7670
3 7451 7523 7630
3 7472 7672 7618
3 7453 7686 7740
3 7582 7647 7476
3 7503 7274 7566
3 7551 7490 7674
3 7527 7528 7574
3 7541 7574 7528
3 7531 7577 7530
3 7412 7495 7559
3 7535 7496 7602
3 7616 7590 7416
3 7563 7517 7468
3 7592 7701 7520
3 7592 7470 7617
3 7486 7565 7547
3 7619 7663 7363
3 7632 7619 7452
3 7664 7726 7525
3 7705 7525 7500
3 7420 7501 7606
3 7490 7537 7708
3 7690 7537 7436
3 7436 7607 7690
3 7649 7554 7584
3 7650 7584 9569
3 7440 7585 7652
3 7653 7585 7540
3 7540 7526 7653
3 7586 7611 7526
3 7526 7505 7586
3 7573 7557 7506
3 7506 7479 7573
3 7479 7758 7679
3 7529 7574 7541
3 7637 7444 7599
3 7575 7576 7589
3 7463 7542 7639
3 7625 7297 7752
3 7640 7752 7297
3 7614 7559 7495
3 7602 7579 7535
3 7701 7594 7520
3 7521 7545 7645
3 7485 7702 7522
3 7627 7702 7418
3 7418 7546 7627
3 7547 7646 7486
3 7498 7630 7523
3 7631 7363 7663
3 7632 7488 7817
3 7488 7818 7817
3 7499 7550 7673
3 7435 7673 7550
3 7537 7690 7675
3 7648 7568 9724
3 7553 7676 7583
3 7649 7676 7554
3 7555 7539 7609
3 7570 7610 7422
3 7440 7677 7570
3 7526 7611 7653
3 7597 7586 7505
3 7529 7507 7730
3 7507 7588 7657
3 7599 7668 7760
3 7714 7577 7531
3 7464 7534 7600
3 7601 7600 7534
3 7659 7536 7561
3 7543 7544 7626
3 7593 7626 7544
3 7563 7594 7643
3 7722 7497 7564
3 7565 7548 7547
3 7662 7487 7450
3 7450 7451 7662
3 7630 7662 7451
3 7703 7818 7524
3 7524 7499 7703
3 7673 7703 7499
3 7489 7581 7705
3 7337 7792 7773
3 7337 7606 7792
3 7687 7501 7647
3 7503 7621 7502
3 7551 7674 7566
3 7608 7650 9569
3 7539 7651 7609
3 7571 7572 7678
3 7572 7556 7678
3 7694 7556 7557
3 7747 7557 7573
3 7679 7573 7479
3 7758 7441 7655
3 7695 7657 7588
3 7493 7509 7749
3 7576 7612 7732
3 7464 7600 7614
3 7578 7560 7716
3 7546 7670 7627
3 7670 7605 7762
3 7605 7497 7762
3 7548 7580 7628
3 7665 7688 7582
3 7742 7690 7607
3 7568 7648 7709
3 7622 7552 7538
3 7538 7569 7622
3 7677 7610 7570
3 7677 7440 7652
3 7586 7597 7611
3 7747 7694 7557
3 7636 7587 7574
3 7574 7529 7636
3 7798 7510 7575
3 7589 7576 7732
3 7513 7578 7813
3 7578 7716 7844
3 7579 7716 7560
3 7682 7593 7590
3 7591 7517 7642
3 7595 7701 7592
3 7682 7626 7593
3 7515 7519 7700
3 7563 7643 7642
3 7701 7643 7594
3 7547 7548 7628
3 7580 7487 7629
3 7662 7629 7487
3 7581 7489 7706
3 7633 7706 7489
3 7606 7501 7687
3 7766 7569 7408
3 7583 7766 7408
3 7504 7555 7757
3 7609 7757 7555
3 7743 7609 7651
3 7610 7651 7422
3 7745 7611 7597
3 7597 7571 7745
3 7623 7598 7696
3 7749 7668 7493
3 7589 7798 7575
3 7639 7542 7681
3 7784 7681 7542
3 7531 7532 7714
3 7658 7559 7614
3 7844 7813 7578
3 7697 7717 7615
3 7617 7521 7644
3 7645 7644 7521
3 7762 7497 7722
3 7564 7646 7722
3 7646 7547 7754
3 7738 7498 9591
3 9591 7618 7738
3 7635 7742 7607
3 7667 7635 7567
3 9568 7650 7608
3 7608 7504 9568
3 7585 7653 7652
3 7441 7680 7655
3 7623 7695 7588
3 7558 7511 7856
3 7624 7784 7542
3 7577 7714 7821
3 7559 7658 7715
3 7512 7513 7813
3 7716 7579 7785
3 7602 7785 7579
3 7761 7697 7428
3 7590 7616 7682
3 7660 7700 7519
3 7661 7660 7519
3 7519 7516 7661
3 7516 7591 7661
3 7642 7661 7591
3 7517 7563 7642
3 7604 7617 7644
3 7580 7629 9617
3 7672 7549 7725
3 7631 7725 7549
3 7687 7647 7741
3 7708 7674 7490
3 7708 7537 7675
3 9605 7648 9724
3 7766 7622 7569
3 7691 7649 7584
3 7584 7650 7691
3 7654 7745 7571
3 7678 7654 7571
3 7680 7587 7656
3 7529 7730 7712
3 7730 7507 7783
3 7657 7783 7507
3 7696 7695 7623
3 7760 7637 7599
3 7713 7509 7510
3 7641 7601 7512
3 7659 7761 7428
3 7536 7603 7561
3 7698 7561 7603
3 7603 9749 7698
3 7701 7595 7604
3 7645 7522 7737
3 7702 7737 7522
3 7723 7754 7547
3 7547 7628 7723
3 7704 7664 7525
3 7525 7705 7704
3 7633 7740 7791
3 7688 7647 7582
3 7666 7620 7634
3 7634 7596 7666
3 7568 7667 7567
3 7552 7622 7710
3 7611 7745 7692
3 7678 7556 7693
3 7587 7636 7729
3 7712 7729 7636
3 7636 7529 7712
3 7713 7510 7798
3 7751 7638 7639
3 7681 7751 7639
3 7681 7784 7870
3 7625 7912 7624
3 7640 7577 7752
3 7533 7559 7715
3 7614 7600 7658
3 7641 7512 7813
3 7719 7734 7543
3 7543 7626 7719
3 7836 7683 7616
3 7616 7515 7836
3 7700 7836 7515
3 7644 7645 7826
3 7737 7826 7645
3 7669 7737 7702
3 7627 7670 7721
3 7754 7722 7646
3 7662 7630 7671
3 7724 7738 7618
3 7618 7672 7724
3 7619 7632 7903
3 7791 7706 7633
3 7905 7621 7503
3 7648 9605 7777
3 7829 7710 7622
3 7766 7829 7622
3 7744 7652 7653
3 7653 7611 7744
3 7692 7744 7611
3 7556 7694 7693
3 7573 7679 7748
3 7729 7656 7587
3 7657 7695 7843
3 7760 7759 7637
3 7713 7749 7509
3 7732 7612 7613
3 7558 7856 7613
3 7532 7533 7714
3 7600 7601 7658
3 7626 7682 7699
3 7720 7660 7661
3 7642 7643 7735
3 7643 7701 7736
3 7721 7702 7627
3 7684 9617 7629
3 7662 7685 7629
3 7817 7903 7632
3 7740 7686 7707
3 7765 7503 7566
3 7689 7765 7566
3 7775 7742 7635
3 7635 7667 7775
3 7583 7727 7766
3 7778 7711 7649
3 7758 7655 7820
3 7759 7696 7598
3 7598 7637 7759
3 7821 7752 7577
3 7641 7658 7601
3 7785 7602 7786
3 7602 7496 7753
3 7717 7753 7496
3 7496 7615 7717
3 7659 7561 7833
3 7561 7698 7718
3 9744 7698 9749
3 7683 7699 7682
3 7642 7720 7661
3 7670 7762 7861
3 9617 7684 7763
3 7685 7684 7629
3 7671 7685 7662
3 7738 7671 7630
3 7630 7498 7738
3 7687 7741 7942
3 7764 7665 7620
3 7620 7666 7764
3 7674 7689 7566
3 7583 7676 7727
3 7711 7727 7676
3 7778 7649 7691
3 7691 7650 9568
3 7677 7819 7610
3 7677 7652 7767
3 7654 7678 7746
3 7678 7693 7746
3 7573 7748 7747
3 7782 7655 7680
3 7656 7782 7680
3 7751 7856 7511
3 7511 7638 7751
3 7625 7752 7912
3 7857 7912 7752
3 7715 7812 7533
3 7699 7719 7626
3 7682 7616 7683
3 7787 7700 7660
3 7604 7644 7789
3 7770 7669 7702
3 7670 7861 7721
3 7707 7686 7828
3 7688 7741 7647
3 7756 7675 7690
3 7690 7742 7756
3 7709 7667 7568
3 7777 7709 7648
3 7710 7777 9605
3 7743 7796 7609
3 7610 7743 7651
3 7819 7677 7767
3 7865 7808 7652
3 7744 7865 7652
3 7768 7745 7654
3 7780 7746 7693
3 7728 7780 7693
3 7693 7694 7728
3 7694 7747 7728
3 7731 7760 7668
3 7735 7720 7642
3 7736 7735 7643
3 7701 7604 7736
3 7826 7789 7644
3 7702 7721 7770
3 7800 7721 7861
3 7762 7722 7917
3 7792 7606 7755
3 7606 7687 7755
3 7688 7665 7764
3 7793 7674 7708
3 7831 7747 7748
3 7781 7748 7679
3 7679 7758 7781
3 7843 7783 7657
3 7668 7749 7731
3 7750 7749 7713
3 7798 7750 7713
3 7798 7589 7811
3 7856 7732 7613
3 7681 7870 7751
3 7624 7912 7927
3 7799 7914 7714
3 7714 7533 7799
3 7733 7812 7715
3 7715 7658 7733
3 7753 7786 7602
3 7871 7718 7698
3 7698 9744 7871
3 7824 7734 7719
3 7699 7683 7769
3 7660 7720 7897
3 7904 7739 7726
3 7773 7828 7686
3 7905 7596 7621
3 7765 7905 7503
3 7774 7793 7708
3 7708 7675 7774
3 7796 7795 7609
3 7808 7767 7652
3 7692 7745 7768
3 7746 7768 7654
3 7734 7824 7815
3 7719 7699 7824
3 7897 7788 7660
3 7789 7736 7604
3 7789 7826 7816
3 7737 7669 7827
3 7722 7801 7917
3 7722 7754 7801
3 7838 7801 7754
3 7673 7435 7941
3 7435 7739 7941
3 7791 7740 7707
3 7675 7756 7794
3 7710 7829 7841
3 7728 7747 7831
3 7748 7781 7831
3 7729 7782 7656
3 7810 7843 7695
3 7589 7732 7811
3 7822 7733 7658
3 7658 7641 7822
3 7785 7786 7987
3 7735 7897 7720
3 7882 7763 7684
3 7725 7631 7872
3 7663 7872 7631
3 7663 7619 7804
3 7903 7804 7619
3 7664 7904 7726
3 7704 7705 7790
3 7805 7790 7705
3 7705 7581 7805
3 7706 7805 7581
3 7765 7689 7968
3 7794 7774 7675
3 7776 7667 7709
3 7709 7777 7776
3 7727 7711 7807
3 7778 7807 7711
3 7744 7692 7849
3 7768 7779 7692
3 7868 7781 7758
3 7820 7868 7758
3 7782 7729 7809
3 7729 7712 7809
3 7875 7712 7730
3 7783 7875 7730
3 7855 7760 7731
3 7732 7856 7925
3 7914 7821 7714
3 7812 7799 7533
3 7844 7716 7823
3 7833 7761 7659
3 7833 7561 7718
3 7824 7699 7915
3 7699 7769 7915
3 7788 7787 7660
3 7737 7827 7826
3 7899 7861 7762
3 7917 7899 7762
3 7684 7685 9584
3 7771 9584 7685
3 7803 7771 7671
3 7671 7738 7803
3 7738 7724 7803
3 7703 7673 7847
3 7941 7847 7673
3 7664 7704 7772
3 7790 7772 7704
3 7942 7967 7687
3 7689 7674 7968
3 7863 7829 7766
3 7955 7778 7691
3 7830 7955 7691
3 7691 9568 7830
3 7757 7609 7873
3 7797 7796 7743
3 7743 7610 7797
3 7610 7819 7797
3 7779 7849 7692
3 7887 7768 7746
3 7831 7780 7728
3 7875 7809 7712
3 7759 7853 7696
3 7877 7811 7732
3 7732 7925 7877
3 7784 7624 7927
3 7785 7823 7716
3 7786 7753 7814
3 7753 7717 7814
3 7717 7697 7814
3 7836 7845 7683
3 7838 7754 7723
3 7902 7724 7672
3 7725 7902 7672
3 7839 7818 7703
3 7792 7828 7773
3 7792 7755 7883
3 7840 7742 7775
3 7710 7841 7862
3 7766 7727 7807
3 7873 9568 7757
3 7849 7865 7744
3 7842 7779 7768
3 7890 7820 7655
3 7655 7782 7850
3 7853 7810 7695
3 7695 7696 7853
3 7853 7759 7854
3 7759 7760 7855
3 7641 7813 7822
3 7823 7785 7987
3 7814 7832 7786
3 7845 7769 7683
3 7897 7735 7825
3 7735 7736 7825
3 7800 7770 7721
3 7803 7802 7771
3 7828 7792 7806
3 7883 7806 7792
3 7755 7687 7967
3 7968 7905 7765
3 7774 7794 7953
3 7794 7756 7953
3 7742 7840 7756
3 7873 7830 9568
3 7795 7873 7609
3 7797 7819 7886
3 7888 7887 7746
3 7888 7746 7780
3 7749 7750 7731
3 7733 7878 7812
3 7987 7786 7832
3 7814 7697 7978
3 7697 7761 7978
3 7761 7833 7978
3 7897 7879 7788
3 7816 7837 7736
3 7723 7763 7962
3 7882 7962 7763
3 7902 7725 7872
3 7688 7990 7741
3 7796 7797 7964
3 7887 7842 7768
3 7890 7655 7850
3 7875 7783 7852
3 7759 7855 7854
3 7798 7892 7750
3 7798 7811 7892
3 7856 7751 7926
3 7870 7893 7751
3 7752 7821 7857
3 7995 7799 7812
3 7733 7822 7858
3 7928 7834 7833
3 7833 7718 7928
3 7932 7787 7788
3 7826 7938 7816
3 7846 7938 7826
3 7826 7827 7846
3 7800 7861 7898
3 7934 7903 7817
3 7817 7818 7934
3 7818 7839 7934
3 7847 7839 7703
3 7707 7920 7791
3 7990 7942 7741
3 7921 7905 7968
3 7674 7793 7968
3 7906 7776 7777
3 7862 7906 7777
3 7862 7841 7885
3 7807 7863 7766
3 7795 7796 7923
3 7964 7797 7886
3 7842 7866 7779
3 7780 7831 7867
3 7874 7889 7820
3 7820 7890 7874
3 7875 7869 7809
3 7927 7870 7784
3 7995 7914 7799
3 7812 7878 7995
3 7895 7894 7822
3 7813 7895 7822
3 7700 7787 7896
3 7788 7879 7932
3 7736 7837 7880
3 7939 7770 7800
3 7802 9584 7771
3 7804 7903 7984
3 7935 7941 7739
3 7739 7904 7935
3 7706 7791 7920
3 7848 7840 7775
3 7775 7667 7848
3 7667 7776 7848
3 7907 7829 7863
3 7970 7955 7830
3 7819 7767 7946
3 7808 7865 7864
3 7866 7849 7779
3 7831 7781 7924
3 7782 7809 7851
3 7869 7851 7809
3 7852 7783 7876
3 7783 7843 7876
3 7858 7878 7733
3 7844 7895 7813
3 7987 7859 7823
3 7834 7978 7833
3 7718 7871 7928
3 7835 7815 7860
3 7815 7824 7929
3 7769 7930 7915
3 7836 7700 8014
3 7896 8014 7700
3 7880 7825 7736
3 7837 7816 7938
3 7800 7898 7939
3 7962 7838 7723
3 7802 7803 7901
3 7803 7724 7901
3 7902 7901 7724
3 7872 7663 7919
3 7804 7919 7663
3 7790 7805 8042
3 7805 7706 7920
3 7764 7990 7688
3 7964 7923 7796
3 7767 7808 7946
3 7971 7864 7865
3 7868 7820 7889
3 7876 7843 7911
3 7843 7810 7911
3 7893 7926 7751
3 7914 7857 7821
3 7894 7858 7822
3 7845 7930 7769
3 7846 7827 7933
3 7827 7669 7916
3 9584 7900 7684
3 7848 7776 7992
3 7906 7992 7776
3 7873 7970 7830
3 7864 7946 7808
3 7924 7867 7831
3 7868 7924 7781
3 7850 7782 7948
3 7869 7875 7974
3 7876 7910 7852
3 7911 7810 7958
3 7853 7958 7810
3 7959 7854 7855
3 7891 7855 7731
3 7731 7750 7891
3 7926 7925 7856
3 7927 8012 7870
3 7912 7857 7977
3 7913 7977 7857
3 7914 7913 7857
3 7844 7823 7895
3 7965 7929 7824
3 7824 7915 7965
3 7845 7836 8014
3 7932 7896 7787
3 7916 7933 7827
3 7916 7669 7998
3 7669 7770 7998
3 7900 9584 8041
3 7901 8018 7802
3 7772 7904 7664
3 7920 8042 7805
3 7884 7968 7793
3 7793 7774 7884
3 7885 7906 7862
3 7907 7841 7829
3 7945 7807 7778
3 7866 7842 7947
3 7888 7780 7957
3 7780 7867 7957
3 7851 7948 7782
3 7823 7859 7895
3 7978 7834 7951
3 7988 7928 7871
3 7871 7835 7988
3 7835 7860 7988
3 7931 7930 7845
3 7880 7981 7825
3 7861 7899 7898
3 7881 7917 7801
3 7801 7838 7881
3 7962 7881 7838
3 7684 7900 7882
3 7922 7953 7756
3 7756 7840 7922
3 7906 7885 7944
3 7863 7807 7908
3 7946 7886 7819
3 7909 7924 7868
3 7889 7874 8010
3 8082 7890 7850
3 7948 8082 7850
3 7974 7875 7949
3 7852 7949 7875
3 7911 7910 7876
3 7958 7853 7950
3 7853 7854 7950
3 7832 7814 7936
3 7981 7897 7825
3 7938 7880 7837
3 7984 8060 7804
3 7990 8002 7942
3 7795 7963 7873
3 7865 7849 7971
3 7866 7947 7956
3 7842 7887 7947
3 7887 7888 7957
3 7868 7889 7909
3 7892 7811 8022
3 7877 8005 7811
3 7893 7870 8050
3 7960 7936 7814
3 7814 7978 7960
3 7834 7928 7937
3 7815 7929 7989
3 7981 7879 7897
3 7933 7938 7846
3 7933 7916 7982
3 7770 7939 7998
3 7898 7899 8007
3 7900 7962 7882
3 8018 7918 7802
3 7919 7804 8060
3 7984 7903 8090
3 7934 8090 7903
3 7772 7790 8077
3 8042 8077 7790
3 8044 7666 7596
3 7596 7905 8044
3 7943 8044 7905
3 7905 7921 7943
3 7840 7848 7922
3 7992 7906 7944
3 7885 7841 7954
3 7841 7907 7954
3 7908 7907 7863
3 7955 7945 7778
3 7866 7971 7849
3 7948 7851 8048
3 7869 8048 7851
3 7910 7949 7852
3 7959 7950 7854
3 7891 7959 7855
3 7892 7891 7750
3 8005 8022 7811
3 7976 7926 7893
3 8050 7976 7893
3 7977 7927 7912
3 7860 7815 7989
3 7952 7932 7879
3 7940 7899 7917
3 7902 7872 7983
3 8045 7943 7921
3 7884 7774 7991
3 8032 7922 7848
3 7945 7908 7807
3 7963 7970 7873
3 7964 8004 7923
3 8047 7957 7867
3 7909 7889 8081
3 7958 7950 7994
3 8012 8050 7870
3 8006 7913 7914
3 7895 7859 8055
3 7937 7951 7834
3 7928 7988 7937
3 7979 7988 7860
3 7989 7979 7860
3 7879 7981 7952
3 7933 7997 7938
3 7881 7940 7917
3 8018 7901 7966
3 7966 7901 7902
3 7902 7983 7966
3 7806 8058 7828
3 7806 7883 8029
3 7755 8029 7883
3 8002 8030 7942
3 7921 7968 8045
3 7992 8032 7848
3 7970 8009 7955
3 7795 7923 8003
3 8004 8003 7923
3 7957 7947 7887
3 8047 7867 7924
3 7924 7909 8047
3 7890 8082 7874
3 7910 7911 8083
3 7958 8011 7911
3 7994 7950 7959
3 7891 7892 8035
3 7976 7925 7926
3 8070 8006 7914
3 7914 7995 8070
3 7995 7878 7986
3 7878 7858 8051
3 8026 7987 7832
3 7915 7930 8027
3 7931 7845 7996
3 8014 7996 7845
3 8014 7896 8015
3 7997 7933 7961
3 7898 8007 7939
3 8043 7920 7707
3 7953 7991 7774
3 7953 7922 7985
3 8032 7985 7922
3 7954 7969 7885
3 7908 7945 8064
3 7956 7947 7972
3 7973 7972 7947
3 7947 7957 7973
3 8035 7959 7891
3 8035 7892 8022
3 8012 7927 8023
3 7858 7894 8051
3 7965 7915 8027
3 7931 8027 7930
3 7880 7938 7997
3 7933 8017 7961
3 7982 7916 7998
3 7999 7962 7900
3 8040 7999 7900
3 7934 7839 7847
3 8103 7764 7666
3 7666 8044 8103
3 7985 7991 7953
3 7944 7885 7969
3 7956 7971 7866
3 7993 7973 7957
3 7993 7957 8047
3 8011 8083 7911
3 7994 8011 7958
3 7877 7925 7975
3 7925 7976 7975
3 7913 8006 7977
3 7986 7878 8128
3 7894 7895 8025
3 8055 8025 7895
3 7936 8026 7832
3 8114 7989 7929
3 7965 8114 7929
3 7932 7952 7980
3 7997 7981 7880
3 8017 7933 7982
3 7940 8007 7899
3 7919 7983 7872
3 7847 7941 8057
3 7941 7935 8057
3 8058 8001 7828
3 7967 7942 8154
3 7908 8063 7907
3 8121 7945 7955
3 7955 8009 8121
3 8034 8004 7964
3 7886 8034 7964
3 7949 7910 8095
3 8083 8095 7910
3 7977 8023 7927
3 8051 8128 7878
3 7859 7987 8055
3 7960 7978 8109
3 7900 8041 8117
3 8062 8057 7935
3 7935 7904 8062
3 7904 7772 8062
3 7755 7967 8154
3 8154 7942 8030
3 8078 7990 7764
3 7764 8103 8078
3 8063 7954 7907
3 7963 8009 7970
3 7963 7795 8003
3 7946 8034 7886
3 8046 7946 7864
3 8110 7874 8082
3 8020 7994 7959
3 7959 8035 8020
3 7978 7951 8109
3 8072 7951 7937
3 7937 7988 8072
3 8016 8015 7896
3 7896 7932 8016
3 7932 7980 8016
3 7939 8007 7998
3 7999 7881 7962
3 7983 7919 8060
3 8000 8060 7984
3 8042 7920 8119
3 8029 8058 7806
3 7991 7985 8059
3 7985 8032 8059
3 7992 7944 8033
3 8092 7971 7956
3 7972 8092 7956
3 8110 8010 7874
3 8048 7869 8094
3 7974 8094 7869
3 8137 8005 7877
3 7877 7975 8137
3 8052 8055 7987
3 8026 8052 7987
3 8087 8072 7988
3 7988 7979 8087
3 8114 7965 8013
3 8027 8013 7965
3 7996 8088 7931
3 7997 7952 7981
3 8007 7940 8074
3 7934 7847 8100
3 8043 7707 8001
3 7707 7828 8001
3 8079 8032 7992
3 8033 8079 7992
3 8067 7864 7971
3 8094 7974 8106
3 8054 7974 7949
3 8095 8054 7949
3 8020 8035 8021
3 8012 8023 8107
3 8023 7977 8085
3 7995 7986 8113
3 8128 8164 7986
3 7989 8036 7979
3 7952 7997 8037
3 7998 8039 7982
3 8008 7940 7881
3 7881 7999 8008
3 8056 8008 7999
3 7966 7983 8028
3 8060 8076 7983
3 8090 7934 8061
3 8100 8061 7934
3 8057 8100 7847
3 8167 8062 7772
3 7772 8077 8167
3 8029 7755 8154
3 7990 8030 8002
3 8232 8044 7943
3 8059 8032 8031
3 8003 8019 7963
3 8034 8066 8004
3 7864 8067 8046
3 7909 8081 8047
3 8048 8082 7948
3 8137 8022 8005
3 7977 8006 8070
3 8070 7995 8113
3 8164 8113 7986
3 8051 7894 8024
3 8026 7936 8139
3 7960 8139 7936
3 8114 8036 7989
3 7952 8037 8097
3 8056 7999 8040
3 8018 7966 8028
3 8076 8028 7983
3 8119 7920 8043
3 8058 8029 8142
3 8102 8030 7990
3 8078 8102 7990
3 7968 7884 8045
3 7944 7969 8033
3 7908 8064 8091
3 8009 7963 8019
3 8019 8003 8144
3 8004 8066 8003
3 7973 7993 8093
3 7993 8047 8068
3 8054 8106 7974
3 8049 8083 8011
3 7994 8049 8011
3 8112 8035 8022
3 8070 8085 7977
3 8052 8026 8139
3 8071 8109 7951
3 7979 8036 8087
3 8027 8115 8013
3 8088 7996 8141
3 7980 7952 8097
3 8038 8017 7982
3 7998 8007 8185
3 8040 7900 8117
3 8117 8041 8075
3 7918 8018 8131
3 8028 8131 8018
3 8000 7984 8089
3 8090 8089 7984
3 8154 8101 8029
3 8065 8064 7945
3 8010 8110 8069
3 7994 8020 8181
3 7976 8050 8084
3 8072 8071 7951
3 7931 8115 8027
3 8053 8037 7997
3 8039 8038 7982
3 8166 7940 8008
3 8142 8029 8101
3 8079 8031 8032
3 8121 8009 8168
3 8105 8168 8009
3 8160 8046 8067
3 8092 8067 7971
3 7972 7973 8080
3 8093 8080 7973
3 8068 8093 7993
3 8081 7889 8187
3 8010 8187 7889
3 8049 7994 8181
3 8137 8112 8022
3 8137 7975 8163
3 7976 8084 8170
3 8050 8012 8107
3 8025 8024 7894
3 8025 8055 8108
3 8115 7931 8088
3 7996 8014 8141
3 8015 8141 8014
3 8039 7998 8185
3 8073 8185 8007
3 8073 8007 8074
3 8166 8074 7940
3 8008 8056 8166
3 8118 8075 8041
3 7918 8118 8041
3 8045 8132 7943
3 7969 7954 8104
3 8121 8065 7945
3 8019 8105 8009
3 8034 7946 8177
3 7946 8046 8177
3 8092 7972 8080
3 8170 7975 7976
3 8085 8107 8023
3 8055 8052 8086
3 8097 8016 7980
3 8097 8037 8147
3 8187 8010 8069
3 8183 8139 7960
3 8109 8183 7960
3 8015 8016 8141
3 8096 8141 8016
3 8016 8097 8096
3 8053 8147 8037
3 7961 8017 8098
3 8017 8130 8098
3 8038 8130 8017
3 8118 7918 8131
3 8062 8167 8267
3 8132 8232 7943
3 8045 7884 7991
3 8079 8033 8104
3 8033 7969 8104
3 8066 8144 8003
3 8117 8099 8040
3 8076 8060 8152
3 8000 8152 8060
3 8267 8057 8062
3 8119 8077 8042
3 8059 8031 8133
3 8063 8091 8120
3 8158 8134 8019
3 8019 8144 8158
3 8144 8066 8159
3 8066 8034 8204
3 8092 8160 8067
3 8068 8135 8093
3 8081 8068 8047
3 8082 8048 8125
3 8094 8125 8048
3 8021 8035 8136
3 8107 8084 8050
3 8108 8055 8086
3 8184 8109 8071
3 8072 8087 8129
3 8131 8028 8218
3 8028 8076 8173
3 8077 8123 8167
3 8001 8119 8043
3 8155 8104 7954
3 7954 8063 8156
3 8063 8120 8156
3 8092 8080 8124
3 8135 8124 8080
3 8093 8135 8080
3 8110 8082 8195
3 8082 8125 8195
3 8054 8095 8126
3 8188 8126 8095
3 8111 8095 8083
3 8049 8111 8083
3 8021 8181 8020
3 8035 8112 8136
3 8182 8128 8051
3 8051 8024 8182
3 8071 8072 8129
3 8076 8152 8173
3 8153 8089 8090
3 8061 8153 8090
3 8078 8103 8189
3 7991 8059 8175
3 8156 8155 7954
3 8134 8105 8019
3 8066 8204 8159
3 8124 8160 8092
3 8187 8069 8223
3 8248 8223 8069
3 8069 8110 8248
3 8095 8111 8188
3 8170 8163 7975
3 8127 8170 8084
3 8108 8171 8025
3 8165 8129 8087
3 8087 8036 8165
3 8088 8141 8226
3 8098 8147 8053
3 8098 8130 8116
3 8073 8074 8150
3 8074 8166 8122
3 8119 8123 8077
3 8261 8103 8044
3 8044 8232 8261
3 8133 8175 8059
3 8133 8031 8222
3 8091 8064 8247
3 8064 8065 8247
3 8145 8135 8068
3 8068 8081 8180
3 8187 8180 8081
3 8106 8054 8126
3 8107 8127 8084
3 8113 8164 8250
3 8164 8128 8191
3 8024 8025 8171
3 8183 8109 8193
3 8129 8184 8071
3 8114 8140 8036
3 8195 8248 8110
3 8136 8181 8021
3 8209 8136 8112
3 8210 8209 8112
3 8112 8137 8210
3 8182 8279 8128
3 8171 8138 8024
3 8192 8086 8052
3 8052 8139 8192
3 8193 8109 8184
3 8130 8038 8039
3 8074 8122 8150
3 8199 8099 8117
3 8075 8199 8117
3 8173 8218 8028
3 8000 8089 8152
3 8153 8061 8201
3 8119 8001 8174
3 8058 8174 8001
3 8058 8142 8186
3 8175 8143 7991
3 8222 8031 8079
3 8099 8056 8040
3 8231 8102 8078
3 8103 8261 8189
3 8158 8144 8203
3 8169 8160 8124
3 8124 8135 8169
3 8161 8195 8125
3 8094 8161 8125
3 8163 8170 8288
3 8191 8265 8164
3 8140 8165 8036
3 8115 8088 8214
3 8172 8096 8097
3 8097 8147 8172
3 8098 8148 8147
3 8149 8116 8130
3 8228 8149 8130
3 8130 8039 8228
3 8185 8228 8039
3 8150 8185 8073
3 8166 8056 8151
3 8061 8100 8201
3 8100 8057 8201
3 8221 8154 8030
3 8030 8102 8221
3 8078 8189 8231
3 8233 8232 8132
3 8045 7991 8190
3 8143 8190 7991
3 8176 8175 8133
3 8155 8079 8104
3 8236 8156 8120
3 8272 8065 8121
3 8177 8204 8034
3 8178 8177 8046
3 8046 8160 8178
3 8106 8161 8094
3 8126 8237 8106
3 8188 8111 8162
3 8181 8208 8049
3 8171 8108 8146
3 8183 8241 8139
3 8184 8129 8165
3 8098 8116 8148
3 8173 8152 8219
3 8167 8123 8202
3 8132 8045 8233
3 8176 8133 8222
3 8120 8091 8157
3 8247 8157 8091
3 8121 8168 8272
3 8145 8068 8275
3 8179 8275 8068
3 8180 8179 8068
3 8106 8237 8161
3 8170 8127 8278
3 8211 8085 8070
3 8070 8113 8211
3 8113 8250 8224
3 8191 8128 8279
3 8182 8024 8138
3 8146 8108 8225
3 8108 8086 8225
3 8192 8225 8086
3 8140 8114 8271
3 8013 8271 8114
3 8226 8141 8215
3 8096 8215 8141
3 8147 8148 8172
3 8152 8089 8219
3 8233 8045 8190
3 8157 8236 8120
3 8134 8168 8105
3 8238 8237 8126
3 8049 8162 8111
3 8181 8136 8196
3 8239 8127 8107
3 8107 8085 8239
3 8224 8211 8113
3 8241 8192 8139
3 8183 8193 8213
3 8271 8013 8198
3 8013 8115 8198
3 8115 8214 8198
3 8096 8172 8194
3 8148 8116 8227
3 8243 8122 8166
3 8166 8151 8243
3 8056 8099 8151
3 8202 8267 8167
3 8174 8283 8119
3 8142 8101 8244
3 8159 8203 8144
3 8177 8286 8204
3 8169 8178 8160
3 8275 8135 8145
3 8208 8249 8049
3 8196 8136 8209
3 8197 8210 8137
3 8137 8163 8197
3 8170 8278 8288
3 8265 8250 8164
3 8138 8255 8182
3 8146 8212 8171
3 8193 8184 8251
3 8227 8116 8149
3 8149 8228 8216
3 8280 8185 8150
3 8150 8122 8243
3 8118 8199 8075
3 8186 8174 8058
3 8284 8101 8154
3 8175 8176 8245
3 8222 8079 8235
3 8155 8235 8079
3 8205 8178 8169
3 8249 8162 8049
3 8288 8197 8163
3 8214 8088 8226
3 8172 8148 8291
3 8148 8227 8291
3 8185 8216 8228
3 8280 8216 8185
3 8099 8199 8259
3 8217 8199 8118
3 8131 8217 8118
3 8230 8089 8153
3 8057 8267 8252
3 8284 8244 8101
3 8176 8222 8245
3 8155 8156 8303
3 8272 8168 8268
3 8134 8268 8168
3 8177 8178 8286
3 8169 8135 8205
3 8263 8205 8135
3 8275 8263 8135
3 8180 8187 8206
3 8223 8206 8187
3 8126 8188 8238
3 8208 8181 8196
3 8239 8085 8211
3 8138 8171 8212
3 8242 8251 8184
3 8184 8165 8242
3 8257 8242 8165
3 8140 8257 8165
3 8194 8215 8096
3 8151 8099 8259
3 8218 8217 8131
3 8229 8218 8173
3 8201 8230 8153
3 8244 8186 8142
3 8154 8221 8284
3 8190 8285 8393
3 8234 8285 8190
3 8190 8143 8234
3 8143 8175 8234
3 8155 8303 8246
3 8236 8303 8156
3 8268 8134 8158
3 8203 8159 8262
3 8206 8179 8180
3 8208 8207 8249
3 8279 8265 8191
3 8279 8182 8255
3 8241 8225 8192
3 8251 8213 8193
3 8200 8219 8089
3 8230 8200 8089
3 8252 8201 8057
3 8202 8123 8220
3 8123 8119 8220
3 8283 8220 8119
3 8233 8190 8393
3 8286 8178 8269
3 8248 8195 8264
3 8195 8161 8264
3 8313 8238 8188
3 8197 8288 8314
3 8127 8239 8278
3 8225 8241 8240
3 8271 8257 8140
3 8243 8151 8282
3 8260 8259 8199
3 8217 8260 8199
3 8173 8219 8229
3 8244 8348 8186
3 8262 8342 8203
3 8205 8269 8178
3 8237 8264 8161
3 8188 8162 8313
3 8208 8196 8207
3 8276 8196 8209
3 8197 8254 8210
3 8250 8296 8224
3 8241 8183 8256
3 8213 8256 8183
3 8214 8308 8198
3 8150 8243 8258
3 8151 8259 8282
3 8235 8155 8246
3 8065 8272 8247
3 8158 8203 8342
3 8238 8305 8237
3 8266 8212 8146
3 8146 8225 8266
3 8271 8198 8322
3 8214 8226 8308
3 8194 8172 8290
3 8172 8291 8290
3 8291 8227 8366
3 8149 8366 8227
3 8229 8219 8354
3 8200 8354 8219
3 8347 8267 8202
3 8102 8231 8221
3 8373 8231 8189
3 8383 8261 8232
3 8232 8233 8383
3 8175 8245 8234
3 8222 8318 8245
3 8246 8318 8235
3 8204 8262 8159
3 8263 8274 8205
3 8223 8294 8206
3 8305 8264 8237
3 8276 8207 8196
3 8211 8224 8296
3 8255 8138 8270
3 8256 8240 8241
3 8271 8299 8257
3 8215 8308 8226
3 8258 8280 8150
3 8316 8201 8252
3 8220 8347 8202
3 8283 8174 8317
3 8301 8284 8221
3 8235 8318 8222
3 8268 8158 8273
3 8286 8262 8204
3 8274 8269 8205
3 8209 8210 8277
3 8279 8335 8265
3 8138 8212 8307
3 8212 8266 8321
3 8225 8240 8266
3 8251 8242 8298
3 8290 8215 8194
3 8280 8258 8323
3 8316 8230 8201
3 8174 8186 8317
3 8302 8221 8231
3 8231 8373 8302
3 8303 8253 8246
3 8275 8363 8263
3 8264 8287 8248
3 8305 8238 8343
3 8295 8249 8207
3 8254 8277 8210
3 8350 8344 8278
3 8255 8320 8279
3 8270 8320 8255
3 8307 8270 8138
3 8297 8266 8240
3 8240 8256 8297
3 8213 8251 8298
3 8299 8298 8242
3 8242 8257 8299
3 8308 8322 8198
3 8216 8309 8149
3 8243 8281 8258
3 8315 8259 8260
3 8317 8186 8348
3 8348 8244 8310
3 8300 8310 8244
3 8244 8284 8300
3 8189 8261 8373
3 8234 8245 8369
3 8245 8318 8369
3 8272 8268 8273
3 8273 8158 8342
3 8269 8274 8319
3 8363 8274 8263
3 8223 8248 8287
3 8238 8313 8343
3 8162 8249 8313
3 8277 8276 8209
3 8288 8278 8344
3 8278 8239 8350
3 8239 8211 8333
3 8265 8296 8250
3 8282 8281 8243
3 8326 8252 8267
3 8220 8283 8367
3 8157 8247 8292
3 8247 8272 8292
3 8262 8286 8304
3 8179 8293 8275
3 8179 8206 8294
3 8287 8264 8312
3 8305 8312 8264
3 8207 8276 8295
3 8314 8254 8197
3 8211 8296 8333
3 8298 8289 8213
3 8299 8271 8322
3 8290 8291 8353
3 8360 8366 8149
3 8217 8315 8260
3 8340 8217 8218
3 8218 8229 8340
3 8229 8354 8340
3 8392 8354 8200
3 8230 8392 8200
3 8383 8373 8261
3 8362 8292 8272
3 8294 8293 8179
3 8223 8287 8294
3 8277 8254 8306
3 8288 8344 8314
3 8239 8333 8350
3 8265 8335 8334
3 8320 8335 8279
3 8321 8307 8212
3 8309 8360 8149
3 8323 8216 8280
3 8325 8316 8252
3 8252 8326 8325
3 8317 8367 8283
3 8393 8383 8233
3 8253 8318 8246
3 8273 8362 8272
3 8286 8269 8311
3 8319 8311 8269
3 8312 8294 8287
3 8330 8295 8276
3 8270 8307 8336
3 8352 8215 8290
3 8353 8359 8290
3 8366 8353 8291
3 8267 8347 8326
3 8301 8300 8284
3 8302 8301 8221
3 8303 8236 8327
3 8157 8327 8236
3 8342 8375 8273
3 8293 8363 8275
3 8349 8313 8249
3 8276 8277 8331
3 8296 8265 8345
3 8334 8345 8265
3 8213 8297 8256
3 8339 8282 8259
3 8393 8285 8419
3 8285 8234 8361
3 8253 8303 8327
3 8311 8304 8286
3 8312 8305 8364
3 8249 8295 8349
3 8332 8254 8314
3 8403 8332 8314
3 8344 8350 8356
3 8320 8270 8357
3 8406 8336 8307
3 8351 8298 8299
3 8322 8337 8299
3 8322 8308 8365
3 8308 8215 8352
3 8359 8352 8290
3 8339 8281 8282
3 8259 8315 8339
3 8348 8341 8317
3 8361 8419 8285
3 8361 8234 8369
3 8327 8157 8328
3 8157 8292 8328
3 8375 8362 8273
3 8363 8319 8274
3 8349 8343 8313
3 8276 8331 8330
3 8306 8331 8277
3 8344 8403 8314
3 8333 8296 8371
3 8357 8270 8336
3 8307 8321 8406
3 8358 8321 8266
3 8297 8358 8266
3 8289 8298 8407
3 8351 8299 8337
3 8216 8323 8338
3 8281 8372 8258
3 8324 8339 8315
3 8315 8217 8324
3 8347 8220 8367
3 8302 8373 8381
3 8342 8262 8376
3 8304 8376 8262
3 8312 8377 8294
3 8345 8371 8296
3 8345 8334 8436
3 8335 8320 8346
3 8297 8213 8390
3 8289 8390 8213
3 8407 8298 8351
3 8337 8322 8365
3 8352 8365 8308
3 8216 8338 8309
3 8340 8324 8217
3 8429 8392 8230
3 8429 8230 8316
3 8325 8429 8316
3 8409 8325 8326
3 8369 8318 8385
3 8329 8376 8304
3 8304 8311 8329
3 8293 8370 8363
3 8293 8294 8355
3 8377 8355 8294
3 8382 8305 8343
3 8387 8343 8349
3 8395 8295 8330
3 8333 8371 8350
3 8358 8406 8321
3 8258 8372 8323
3 8310 8368 8348
3 8292 8362 8328
3 8376 8375 8342
3 8343 8387 8382
3 8395 8349 8295
3 8306 8254 8388
3 8254 8332 8378
3 8344 8356 8403
3 8357 8346 8320
3 8380 8357 8336
3 8337 8445 8351
3 8412 8281 8339
3 8326 8347 8409
3 8400 8409 8347
3 8370 8402 8363
3 8394 8312 8364
3 8305 8382 8364
3 8331 8395 8330
3 8306 8388 8331
3 8378 8388 8254
3 8334 8335 8389
3 8346 8389 8335
3 8358 8297 8390
3 8407 8390 8289
3 8353 8366 8399
3 8391 8412 8339
3 8391 8339 8324
3 8392 8340 8354
3 8341 8348 8368
3 8393 8384 8383
3 8318 8253 8459
3 8327 8459 8253
3 8328 8410 8327
3 8328 8362 8401
3 8402 8311 8319
3 8319 8363 8402
3 8403 8356 8379
3 8336 8406 8380
3 8365 8352 8405
3 8399 8366 8417
3 8367 8400 8347
3 8367 8317 8341
3 8381 8373 8430
3 8374 8419 8361
3 8369 8374 8361
3 8293 8355 8386
3 8411 8382 8387
3 8436 8334 8397
3 8389 8397 8334
3 8389 8346 8415
3 8337 8365 8398
3 8365 8405 8398
3 8360 8417 8366
3 8372 8449 8323
3 8459 8385 8318
3 8370 8293 8386
3 8394 8377 8312
3 8395 8387 8349
3 8378 8332 8442
3 8413 8379 8356
3 8471 8356 8350
3 8350 8371 8471
3 8423 8471 8371
3 8371 8345 8423
3 8346 8357 8404
3 8390 8407 8482
3 8445 8337 8398
3 8447 8352 8359
3 8359 8353 8447
3 8309 8338 8427
3 8323 8449 8338
3 8410 8459 8327
3 8455 8431 8328
3 8401 8455 8328
3 8375 8401 8362
3 8375 8376 8401
3 8329 8311 8456
3 8470 8364 8382
3 8332 8462 8442
3 8345 8396 8423
3 8436 8396 8345
3 8404 8415 8346
3 8357 8380 8416
3 8444 8416 8380
3 8447 8405 8352
3 8360 8309 8427
3 8324 8340 8391
3 8385 8374 8369
3 8410 8328 8431
3 8376 8329 8432
3 8377 8386 8355
3 8399 8447 8353
3 8391 8340 8418
3 8340 8392 8418
3 8367 8341 8458
3 8476 8301 8302
3 8373 8383 8430
3 8383 8384 8430
3 8401 8376 8432
3 8456 8420 8329
3 8386 8402 8370
3 8433 8386 8377
3 8395 8331 8422
3 8332 8403 8462
3 8356 8471 8413
3 8415 8404 8425
3 8380 8406 8444
3 8358 8390 8439
3 8482 8439 8390
3 8407 8351 8445
3 8475 8445 8398
3 8427 8417 8360
3 8451 8418 8392
3 8392 8429 8451
3 8400 8367 8484
3 8341 8368 8458
3 8452 8458 8368
3 8368 8310 8453
3 8310 8300 8453
3 8302 8381 8476
3 8381 8430 8476
3 8374 8385 8468
3 8420 8432 8329
3 8457 8311 8402
3 8441 8402 8386
3 8377 8394 8433
3 8382 8411 8470
3 8387 8395 8411
3 8422 8411 8395
3 8486 8331 8388
3 8462 8403 8379
3 8434 8423 8396
3 8396 8436 8434
3 8414 8434 8436
3 8397 8389 8437
3 8415 8437 8389
3 8404 8357 8426
3 8482 8407 8440
3 8408 8475 8398
3 8398 8405 8408
3 8399 8417 8448
3 8412 8372 8281
3 8452 8368 8453
3 8509 8300 8301
3 8456 8311 8457
3 8421 8394 8364
3 8425 8404 8426
3 8483 8408 8405
3 8448 8447 8399
3 8434 8414 8443
3 8465 8444 8406
3 8406 8358 8465
3 8445 8440 8407
3 8427 8338 8466
3 8450 8412 8391
3 8419 8384 8393
3 8459 8410 8454
3 8431 8454 8410
3 8432 8420 8523
3 8441 8457 8402
3 8364 8470 8421
3 8486 8422 8331
3 8423 8463 8471
3 8428 8429 8325
3 8325 8409 8428
3 8490 8409 8400
3 8458 8484 8367
3 8459 8468 8385
3 8433 8494 8386
3 8388 8378 8486
3 8487 8462 8379
3 8379 8413 8487
3 8357 8416 8426
3 8474 8426 8416
3 8438 8474 8416
3 8416 8444 8438
3 8446 8483 8405
3 8405 8447 8446
3 8449 8466 8338
3 8391 8418 8450
3 8418 8451 8450
3 8428 8451 8429
3 8515 8428 8409
3 8490 8515 8409
3 8301 8476 8509
3 8419 8374 8467
3 8467 8374 8468
3 8432 8522 8401
3 8493 8523 8420
3 8420 8456 8493
3 8494 8441 8386
3 8433 8394 8421
3 8378 8442 8460
3 8435 8443 8414
3 8439 8465 8358
3 8520 8449 8372
3 8412 8520 8372
3 8484 8490 8400
3 8509 8453 8300
3 8384 8419 8467
3 8455 8401 8522
3 8523 8522 8432
3 8486 8378 8460
3 8462 8461 8442
3 8413 8471 8487
3 8423 8424 8463
3 8424 8434 8480
3 8434 8443 8480
3 8472 8414 8436
3 8397 8472 8436
3 8397 8437 8473
3 8437 8415 8464
3 8444 8465 8481
3 8441 8494 8469
3 8411 8422 8527
3 8528 8527 8422
3 8422 8486 8528
3 8463 9648 8471
3 8472 8435 8414
3 8495 8473 8437
3 8437 8464 8495
3 8415 8425 8464
3 8425 8426 8464
3 8496 8464 8426
3 8497 8496 8426
3 8474 8497 8426
3 8481 8438 8444
3 8446 8447 8507
3 8448 8417 8498
3 8417 8427 8498
3 8520 8412 8450
3 8500 8450 8451
3 8451 8428 8515
3 8484 8458 8491
3 8502 8493 8456
3 8456 8457 8502
3 8466 8498 8427
3 8449 8508 8466
3 8430 8384 8510
3 8468 8459 8477
3 8511 8477 8459
3 8454 8511 8459
3 8469 8457 8441
3 8516 8470 8411
3 8479 8460 8442
3 8442 8461 8479
3 8462 8487 8512
3 8533 8513 8471
3 9648 8533 8471
3 8480 8529 8424
3 8443 8435 8505
3 8435 8472 8488
3 8473 8472 8397
3 8438 8548 8474
3 8475 8530 8445
3 8447 8448 8507
3 8498 8466 8499
3 8508 8499 8466
3 8449 8520 8508
3 8451 8515 8500
3 8384 8467 8541
3 8467 8468 8477
3 8433 8421 8478
3 8516 8421 8470
3 8527 8516 8411
3 8512 8461 8462
3 8513 8487 8471
3 8443 8505 8504
3 8482 8562 8439
3 8440 8445 8530
3 8450 8500 8489
3 8491 8458 8550
3 8458 8452 8550
3 8485 8550 8452
3 8452 8453 8485
3 8510 8476 8430
3 8477 8541 8467
3 8511 8454 8492
3 8431 8492 8454
3 8431 8455 8492
3 8522 8492 8455
3 8523 8493 8524
3 8502 8457 8525
3 8469 8525 8457
3 8494 8433 8478
3 8460 8479 8518
3 8461 8518 8479
3 8504 8529 8480
3 8480 8443 8504
3 8561 8505 8435
3 8435 8488 8561
3 8488 8472 8473
3 8496 8495 8464
3 8519 8497 8474
3 8438 8481 8535
3 8465 8535 8481
3 8465 8439 8562
3 8483 8446 8506
3 8498 8507 8448
3 8564 8540 8450
3 8450 8489 8564
3 8510 8384 8541
3 8478 8421 8526
3 8517 8528 8486
3 8486 8460 8517
3 8503 8517 8460
3 8532 8461 8512
3 8488 8473 8514
3 8495 8514 8473
3 8548 8519 8474
3 8535 8548 8438
3 8440 8562 8482
3 8475 8408 8530
3 8408 8483 8506
3 8446 8507 8506
3 8520 8450 8540
3 8490 8484 8542
3 8485 8453 8509
3 8509 8476 8521
3 8510 8521 8476
3 8501 8524 8493
3 8493 8502 8501
3 8469 8494 8543
3 8478 8543 8494
3 8526 8421 8516
3 8503 8460 8518
3 8544 8512 8487
3 8514 8561 8488
3 8495 8496 8534
3 8497 8534 8496
3 8549 8506 8507
3 8507 8498 9561
3 8498 8499 9561
3 8539 8508 8520
3 8491 8542 8484
3 8525 8501 8502
3 8525 8469 8543
3 8534 8514 8495
3 8440 8573 8562
3 8530 8573 8440
3 8408 8506 8537
3 8507 9561 8549
3 8499 8508 8538
3 8568 8515 8490
3 8587 8550 8485
3 8521 8485 8509
3 8521 8510 8551
3 8526 8516 8582
3 8518 8461 8570
3 8544 8532 8512
3 8487 8545 8544
3 8487 8513 8545
3 8529 8504 8555
3 8556 8504 8505
3 8505 8561 8556
3 8546 8534 8497
3 8497 8547 8546
3 8519 8547 8497
3 8562 8535 8465
3 8530 8408 8536
3 8408 8537 8536
3 8500 8515 8489
3 8515 8568 8579
3 8510 8541 8580
3 8541 8477 8580
3 8492 8522 8569
3 8501 8581 8524
3 8478 8526 8531
3 8517 8503 8576
3 8503 8518 8576
3 8570 8576 8518
3 8513 8533 8545
3 8554 8533 9648
3 9561 8499 8538
3 8579 8489 8515
3 8542 8568 8490
3 8609 8542 8491
3 8550 8609 8491
3 8485 8521 8551
3 8492 8598 8511
3 8522 8523 8569
3 8523 8524 8581
3 8581 8501 8565
3 8501 8525 8565
3 8531 8543 8478
3 8527 8528 8583
3 8528 8517 8583
3 9650 8529 9647
3 8514 8534 8557
3 8549 8558 8506
3 8531 8566 8543
3 8516 8527 8582
3 8576 8570 8589
3 8590 8570 8461
3 8567 8461 8532
3 8532 8544 8592
3 8560 8555 8504
3 8557 8561 8514
3 8537 8506 8558
3 8538 8508 8563
3 8508 8539 8563
3 8520 8540 8539
3 8568 8542 8631
3 8477 8511 8598
3 8581 8569 8523
3 8579 8564 8489
3 8485 8551 8587
3 8598 8580 8477
3 8492 8569 8617
3 8531 8526 8552
3 8526 8582 8552
3 8567 8590 8461
3 8591 8567 8532
3 8545 8592 8544
3 8545 8533 8553
3 8554 8553 8533
3 9647 8529 8603
3 8504 8556 8560
3 8556 8561 8572
3 8534 8546 8557
3 8547 8519 8594
3 8519 8548 8606
3 8548 8535 8606
3 8595 8606 8535
3 8562 8595 8535
3 8573 8530 8585
3 8530 8536 8585
3 8558 8607 8537
3 8558 8549 8559
3 8559 9561 8578
3 8540 8564 8597
3 8587 8574 8550
3 8583 8582 8527
3 8517 8576 8584
3 8591 8532 8592
3 8592 8545 8571
3 8553 8571 8545
3 8555 8603 8529
3 8577 8560 8556
3 8556 8572 8577
3 8606 8594 8519
3 8607 8585 8536
3 8536 8537 8607
3 9649 9647 8603
3 8577 8619 8560
3 9559 8572 8561
3 8561 8557 9559
3 9561 8538 8578
3 8596 8578 8538
3 8538 8563 8596
3 8597 8539 8540
3 8551 8510 8575
3 8598 8492 8617
3 8569 8581 8612
3 8600 8599 8566
3 8566 8531 8600
3 8552 8600 8531
3 8584 8583 8517
3 8631 8579 8568
3 8610 8574 8587
3 8587 8551 8610
3 8580 8575 8510
3 8612 8617 8569
3 8622 8612 8581
3 8570 8590 8589
3 8555 8560 8604
3 8605 8604 8560
3 8619 8605 8560
3 8562 8573 8595
3 8585 8595 8573
3 8558 8559 8608
3 8608 8586 8558
3 8559 8578 8608
3 8629 8563 8539
3 8564 8579 8630
3 8574 8609 8550
3 8598 8611 8580
3 8589 8613 8576
3 8592 8571 8624
3 9649 8603 8618
3 8603 8555 8604
3 8594 8658 8547
3 8629 8596 8563
3 8539 8597 8629
3 8551 8575 8653
3 8575 8580 8642
3 8588 8622 8581
3 8581 8565 8588
3 8565 9583 8588
3 8600 8552 8634
3 8601 8634 8552
3 8552 8582 8601
3 8584 8576 8613
3 8589 8590 8656
3 8567 8656 8590
3 8602 8571 8553
3 8572 8593 8577
3 8547 8658 8546
3 8586 8607 8558
3 8564 8630 8597
3 8621 8609 8574
3 8574 8610 8616
3 8582 8583 8601
3 8613 8589 8664
3 8592 8635 8591
3 8624 8571 8602
3 8602 9649 8670
3 8618 8670 9649
3 9559 8557 8614
3 8557 8546 8658
3 8608 8578 8620
3 8578 8596 8620
3 8579 8631 8639
3 8631 8542 8615
3 8542 8609 8615
3 8616 8621 8574
3 8610 8551 8653
3 8642 8653 8575
3 8642 8580 8632
3 8580 8611 8632
3 8611 8598 8643
3 8617 8643 8598
3 8644 8588 9583
3 9583 8599 8644
3 8599 8600 8633
3 8584 8601 8583
3 8589 8656 8664
3 8625 8618 8603
3 8603 8604 8625
3 8604 8605 8657
3 8658 8614 8557
3 8594 8606 8659
3 8661 8638 8595
3 8595 8585 8661
3 8627 8661 8585
3 8585 8607 8627
3 8650 8586 8608
3 8608 8620 8650
3 8621 8615 8609
3 8643 8632 8611
3 8643 8617 8666
3 8617 8612 8666
3 8644 8622 8588
3 8633 8644 8599
3 8634 8633 8600
3 8664 8655 8613
3 8623 8656 8567
3 8635 8623 8567
3 8567 8591 8635
3 8592 8624 8635
3 8657 8625 8604
3 8619 8577 8626
3 8577 8593 8626
3 8594 8659 8658
3 8606 8595 8638
3 8628 8620 8596
3 8629 8628 8596
3 8601 8584 8654
3 8655 8654 8584
3 8584 8613 8655
3 8636 8635 8624
3 8637 8624 8602
3 8646 8605 8619
3 8619 8626 8646
3 8638 8659 8606
3 8607 8586 8627
3 8639 8630 8579
3 8615 8676 8631
3 8621 8640 8615
3 8641 8621 8616
3 8616 8610 8641
3 8652 8641 8610
3 8653 8652 8610
3 8645 8634 8601
3 8637 8636 8624
3 8602 8670 8637
3 8625 8703 8618
3 8646 8657 8605
3 8724 8646 8626
3 8682 8626 8593
3 8647 8682 8593
3 8658 8648 8614
3 8660 8638 8661
3 8650 8620 8673
3 8629 8597 8699
3 8630 8699 8597
3 8676 8639 8631
3 8651 8640 8621
3 8641 8651 8621
3 8643 8666 8717
3 8644 8633 8668
3 8633 8634 8645
3 8601 8654 8645
3 8670 8618 8709
3 8648 8647 8614
3 8658 8659 8649
3 8660 8659 8638
3 8683 8627 8586
3 8586 8650 8683
3 8615 8640 8676
3 8651 8662 8640
3 8652 8651 8641
3 8653 8642 8685
3 8642 8632 8686
3 8612 8622 8667
3 8622 8644 8667
3 8668 8667 8644
3 8664 8656 8691
3 8623 8635 8680
3 8665 8636 8637
3 8703 8709 8618
3 8720 8703 8625
3 8648 8658 8692
3 8672 8660 8661
3 8661 8627 8672
3 8650 8673 8683
3 8628 8673 8620
3 8629 8699 8698
3 8675 8699 8630
3 8700 8630 8639
3 8639 8676 8700
3 8662 8676 8640
3 8662 8651 8663
3 8651 8652 8663
3 8652 8653 8679
3 8685 8679 8653
3 8686 8685 8642
3 8686 8632 8687
3 8632 8643 8687
3 8717 8687 8643
3 8667 8688 8612
3 8633 8645 8668
3 8645 8654 8689
3 8669 8691 8656
3 8623 8669 8656
3 8625 8657 8720
3 8658 8649 8692
3 8660 8671 8659
3 8627 8683 8672
3 8674 8628 8629
3 8629 8698 8674
3 8630 8700 8675
3 8677 8662 8663
3 8663 8652 8677
3 8652 8679 8678
3 8666 8612 8688
3 8668 8645 8689
3 8690 8689 8654
3 8654 8655 8690
3 8655 8664 8691
3 8680 8635 8636
3 8657 8646 8697
3 8626 8682 8681
3 8659 8671 8649
3 8673 8628 8694
3 8674 8694 8628
3 8684 8676 8662
3 8662 8677 8684
3 8678 8677 8652
3 8679 8685 8701
3 8667 8668 8693
3 8690 8655 8706
3 8623 8718 8669
3 8719 8680 8636
3 8665 8719 8636
3 8637 8670 8750
3 8697 8646 8724
3 8692 8682 8648
3 8678 8679 8696
3 8701 8696 8679
3 8688 8717 8666
3 8691 8706 8655
3 8680 8718 8623
3 8734 8719 8665
3 8637 8708 8665
3 8657 8697 8768
3 8724 8626 8710
3 8626 8681 8710
3 8674 8713 8694
3 8714 8699 8675
3 8675 8700 8714
3 8725 8700 8676
3 8676 8684 8725
3 8695 8725 8684
3 8684 8677 8695
3 8677 8678 8695
3 8731 8695 8678
3 8678 8696 8731
3 8716 8701 8685
3 8686 8716 8685
3 8688 8667 8722
3 8707 8706 8691
3 8669 8707 8691
3 8709 8703 8702
3 8697 8724 8769
3 8681 8682 8704
3 8649 8671 8712
3 8660 8672 8751
3 8715 8726 8695
3 8695 8731 8715
3 8701 8731 8696
3 8717 8727 8687
3 8705 8693 8689
3 8689 8690 8705
3 8728 8734 8665
3 8708 8728 8665
3 8757 8768 8697
3 8681 8704 8710
3 8711 8682 8692
3 8671 8660 8751
3 8713 9596 8694
3 8674 8698 8721
3 8698 8699 8721
3 8714 8721 8699
3 8725 8695 8730
3 8726 8730 8695
3 8686 8687 8716
3 8706 8705 8690
3 8718 8707 8669
3 8720 8702 8703
3 8720 8657 8729
3 8768 8729 8657
3 8736 8710 8704
3 8712 8711 8692
3 8692 8649 8712
3 9596 8751 8672
3 8700 8725 8714
3 8746 8715 8731
3 8731 8701 8761
3 8717 8688 8727
3 8727 8688 8722
3 8732 8722 8705
3 8705 8706 8732
3 8670 8709 8750
3 8735 8750 8709
3 8709 8702 8735
3 8758 8736 8704
3 8721 8713 8674
3 8730 8726 8745
3 8747 8753 8701
3 8701 8716 8747
3 8716 8687 8727
3 8706 8707 8754
3 8707 8718 8733
3 8723 8733 8718
3 8718 8680 8723
3 8680 8719 8723
3 8734 8723 8719
3 8728 8708 8756
3 8708 8637 8749
3 8750 8749 8637
3 8702 8720 8767
3 8729 8767 8720
3 8769 8757 8697
3 8776 8724 8710
3 8704 8711 8744
3 8737 8712 8671
3 8671 8751 8737
3 9596 8713 8752
3 8738 8752 8713
3 8713 8721 8738
3 8725 8730 8759
3 8746 8726 8715
3 8753 8761 8701
3 8727 8722 8742
3 8732 8742 8722
3 8754 8707 8733
3 8734 8728 8743
3 8749 8756 8708
3 8776 8769 8724
3 8744 8758 8704
3 8711 8712 8770
3 8751 9596 8752
3 8714 8725 8740
3 8759 8740 8725
3 8761 8741 8731
3 8727 8747 8716
3 8742 8748 8727
3 8754 8732 8706
3 8743 8728 8755
3 8756 8755 8728
3 8764 8767 8729
3 8783 8736 8758
3 8770 8744 8711
3 8739 8738 8721
3 8721 8714 8739
3 8740 8739 8714
3 8771 8740 8759
3 8745 8759 8730
3 8760 8745 8726
3 8746 8760 8726
3 8741 8746 8731
3 8753 8747 8780
3 8742 8732 8754
3 8754 8733 8766
3 8723 8734 8762
3 8743 8762 8734
3 8756 8749 8763
3 8750 8735 8791
3 8729 8768 8764
3 8736 8776 8710
3 8737 8770 8712
3 8795 8737 8751
3 8784 8752 8738
3 8739 8784 8738
3 8739 8740 8778
3 8762 8766 8733
3 8733 8723 8762
3 8767 8735 8702
3 8769 8818 8757
3 8758 8744 9556
3 8751 8752 8795
3 8778 8784 8739
3 8740 8771 8778
3 8779 8759 8745
3 8765 8747 8727
3 8727 8748 8765
3 8773 8748 8742
3 8742 8754 8773
3 8817 8749 8750
3 8764 8768 8810
3 8782 8776 8736
3 8737 8795 8770
3 8760 8779 8745
3 8741 8772 8746
3 8788 8741 8761
3 8765 8780 8747
3 8766 8773 8754
3 8762 8743 8774
3 8743 8755 8774
3 8755 8756 8781
3 8763 8781 8756
3 8767 8764 8793
3 8836 8768 8757
3 8736 8783 8782
3 9852 8758 9556
3 8777 8795 8752
3 8784 8777 8752
3 8785 8771 8759
3 8786 8779 8760
3 8772 8760 8746
3 8788 8761 8797
3 8761 8753 8797
3 8766 8762 8799
3 8774 8755 8775
3 8781 8775 8755
3 8791 8817 8750
3 9556 8770 8794
3 8779 8785 8759
3 8780 8797 8753
3 8789 8765 8748
3 8748 8773 8789
3 8793 8792 8767
3 9852 8783 8758
3 8790 8789 8773
3 8802 8778 8771
3 8785 8802 8771
3 8760 8772 8786
3 8772 8741 8788
3 8780 8765 8798
3 8789 8798 8765
3 8799 8790 8773
3 8773 8766 8799
3 8800 8799 8762
3 8762 8774 8800
3 8775 8800 8774
3 8817 8763 8749
3 8735 8767 8792
3 8810 8793 8764
3 8818 8769 8868
3 8769 8776 8819
3 8776 8782 8819
3 8783 9852 9847
3 8795 8794 8770
3 8811 8795 8777
3 8784 8778 8811
3 8786 8785 8779
3 8786 8772 8787
3 8772 8788 8787
3 8798 8797 8780
3 8809 8808 8775
3 8781 8809 8775
3 8810 8768 8836
3 8804 8782 8783
3 9847 8804 8783
3 8777 8784 8811
3 8785 8786 8796
3 8787 8796 8786
3 8787 8788 9858
3 8797 9858 8788
3 8800 8775 8808
3 8816 8781 8763
3 8763 8831 8816
3 8841 8791 8735
3 8735 8792 8841
3 8811 9848 8794
3 8794 8795 8811
3 8802 8811 8778
3 8802 8785 9849
3 8785 8796 9849
3 9846 9858 8797
3 9850 9846 8797
3 8797 8798 9850
3 8798 8789 9850
3 8763 8817 8831
3 8803 8821 8792
3 8792 8793 8803
3 8818 8836 8757
3 8812 8811 8802
3 9849 8812 8802
3 8781 8816 8809
3 8825 8817 8791
3 8832 8825 8791
3 8791 8841 8832
3 8841 8792 8821
3 8793 8810 8835
3 8819 8868 8769
3 8819 8782 8850
3 8814 9843 8815
3 8835 8810 8826
3 8836 8818 8822
3 8782 8804 8850
3 8804 9847 8823
3 9848 8811 8812
3 9845 8805 8824
3 8837 8813 8806
3 8806 8814 8837
3 8814 8815 8829
3 8820 8815 9854
3 9854 8807 8820
3 8807 8808 8820
3 8816 8831 8881
3 8817 8825 8831
3 9853 8824 8828
3 8805 8813 8851
3 8830 8829 8815
3 8815 8820 8830
3 8809 8816 8840
3 8803 8793 8835
3 8836 8826 8810
3 8868 8822 8818
3 8850 8861 8819
3 8804 8823 8827
3 8833 8824 8805
3 8851 8833 8805
3 8837 8851 8813
3 8829 8837 8814
3 8808 8809 8840
3 8827 8850 8804
3 8827 8823 8849
3 8828 8849 8823
3 8824 8862 8828
3 8870 8853 8830
3 8830 8820 8870
3 8863 8808 8840
3 8821 8803 8834
3 8835 8834 8803
3 8868 8819 8861
3 8833 8862 8824
3 8853 8829 8830
3 8880 8870 8820
3 8820 8808 8880
3 8841 8821 8838
3 9630 8834 8835
3 8848 9630 8835
3 8822 8826 8836
3 8849 8828 8842
3 8862 8842 8828
3 8837 8829 8852
3 8843 8852 8829
3 8808 8863 8880
3 8831 8825 8844
3 8854 8825 8832
3 8832 8841 8854
3 8841 8838 8854
3 8849 8877 8827
3 8852 8851 8837
3 8853 8843 8829
3 8854 8838 8845
3 8838 9631 8845
3 8846 8845 9631
3 9629 8839 8859
3 8855 8859 8839
3 8855 8839 8847
3 8839 9627 8847
3 9627 8834 9630
3 8835 8826 8848
3 8877 8882 8827
3 8816 8881 8886
3 8846 9629 8858
3 8822 8857 8826
3 8847 9630 8856
3 8860 8856 9630
3 9630 8848 8860
3 8857 8848 8826
3 8915 8861 8850
3 8842 8877 8849
3 8862 8869 8842
3 8840 8816 8886
3 8844 8894 8831
3 8854 8844 8825
3 8854 8845 8874
3 8858 9629 8872
3 8875 8859 8855
3 8855 8847 8864
3 8856 8865 8847
3 8850 8827 8915
3 8894 8881 8831
3 8859 8872 9629
3 8855 8864 8875
3 8865 8864 8847
3 8857 8822 8879
3 8868 8879 8822
3 8877 8842 8869
3 8874 8867 8854
3 8871 8878 8846
3 8846 8858 8871
3 8872 8897 8858
3 8876 8860 8848
3 8848 8857 8876
3 8852 8843 8866
3 8893 8866 8843
3 8840 8886 8889
3 8844 8854 8867
3 8872 8859 8887
3 8859 8875 8887
3 8903 8875 8864
3 8865 8903 8864
3 8860 8899 8856
3 8833 8851 8873
3 8884 8873 8851
3 8851 8852 8884
3 8853 8870 8901
3 8858 8897 8871
3 8909 8876 8857
3 8882 8915 8827
3 8869 8862 8883
3 8862 8833 8883
3 8889 8863 8840
3 8844 8867 8895
3 8892 8899 8860
3 8860 8876 8892
3 8879 8909 8857
3 8868 8861 8879
3 8915 8879 8861
3 8883 8911 8869
3 8833 8873 8883
3 8853 8893 8843
3 8870 8880 8885
3 8895 8894 8844
3 8896 8895 8867
3 8867 8874 8896
3 8874 8878 8907
3 8928 8897 8872
3 8903 8898 8875
3 8903 8865 8937
3 8852 8866 8900
3 8901 8893 8853
3 8888 8885 8880
3 8907 8896 8874
3 8871 8907 8878
3 8891 8928 8872
3 8887 8875 8902
3 8914 8865 8856
3 8899 8914 8856
3 8952 8915 8882
3 8877 8910 8882
3 8885 8901 8870
3 8880 8863 8888
3 8916 8886 8881
3 8881 8894 8916
3 8872 8887 8891
3 8875 8898 8902
3 8904 8892 8876
3 8876 8909 8904
3 8910 8952 8882
3 8911 8877 8869
3 8900 8884 8852
3 8866 8893 8900
3 8906 8888 8863
3 8889 8906 8863
3 8916 8889 8886
3 8890 8907 8871
3 8865 8914 8937
3 8916 8934 8889
3 8899 8892 8904
3 8909 8879 8922
3 8915 8922 8879
3 8910 8877 8905
3 8911 8905 8877
3 8894 8895 8916
3 8896 8916 8895
3 8890 8926 8907
3 8890 8871 8908
3 8897 8908 8871
3 8932 8897 8933
3 8928 8933 8897
3 8891 8887 8919
3 8902 8919 8887
3 8898 8903 8917
3 8904 8920 8899
3 8904 8909 8921
3 8911 8883 8931
3 8912 8931 8883
3 8883 9560 8912
3 9560 8884 8918
3 8888 8906 8925
3 8919 8940 8891
3 8903 8937 8917
3 8937 8914 8929
3 8920 8914 8899
3 8884 8900 8924
3 8913 8916 8896
3 8896 8907 8913
3 8926 8913 8907
3 8936 8926 8890
3 8932 8908 8897
3 8928 8891 8940
3 8920 8904 8963
3 8922 8921 8909
3 8905 8911 8930
3 9560 8918 8923
3 8900 8893 8939
3 8893 8901 8943
3 8925 8906 8960
3 8889 8960 8906
3 8908 8936 8890
3 8902 8898 8941
3 8914 8920 8929
3 8952 8922 8915
3 8931 8930 8911
3 8946 8912 9560
3 8923 8946 9560
3 8918 8884 8924
3 8939 8924 8900
3 8885 8943 8901
3 8885 8888 8925
3 8934 8960 8889
3 8913 8934 8916
3 8913 8926 8935
3 8904 8921 8963
3 8921 8922 8942
3 8925 8947 8885
3 8928 8927 8933
3 8940 8919 8945
3 8919 8902 8945
3 8898 8917 8941
3 8929 8920 8951
3 8966 8910 8905
3 8923 8918 8967
3 8954 8939 8893
3 8935 8944 8913
3 8971 8935 8926
3 8926 8936 8971
3 8940 8927 8928
3 8917 8937 8979
3 8937 8929 8950
3 8920 8963 8951
3 8966 8952 8910
3 8930 8966 8905
3 8953 8930 8931
3 8946 8923 8962
3 8967 8962 8923
3 8939 8918 8924
3 8885 8947 8959
3 8934 8913 8944
3 8908 8932 8957
3 8958 8932 8933
3 8941 8945 8902
3 8952 8966 8965
3 8930 8974 8966
3 8939 8938 8918
3 8954 8969 8939
3 8893 8943 8954
3 8959 8943 8885
3 8971 8948 8935
3 8936 8908 8957
3 8956 8941 8917
3 8921 8942 8963
3 8922 8952 8942
3 8938 8939 8969
3 8925 8960 8970
3 8935 8948 8944
3 8961 8958 8933
3 8927 8961 8933
3 8927 8940 8949
3 8940 8945 8949
3 8945 8941 8956
3 8917 8979 8956
3 8950 8979 8937
3 8953 8974 8930
3 8938 8967 8918
3 8947 8925 8970
3 8957 8971 8936
3 8955 8949 8945
3 8945 8956 8955
3 8950 9031 8979
3 8950 8929 9011
3 9005 8942 8952
3 8969 8954 8981
3 9001 8954 8943
3 9011 8929 8973
3 8951 8973 8929
3 9016 8973 8951
3 8963 9016 8951
3 8952 8965 9005
3 8962 8995 8946
3 8943 8959 9001
3 8960 8934 9582
3 8934 8944 9582
3 8971 8957 8977
3 9009 8957 8932
3 9009 8932 8958
3 8961 8927 8949
3 8949 8955 8978
3 8955 8956 8983
3 8972 8983 8956
3 8956 8979 8972
3 8942 8964 8963
3 8942 9005 8988
3 8995 8985 8946
3 8980 8967 8938
3 8968 8980 8938
3 8959 8947 8970
3 8984 8972 8979
3 8944 8948 8976
3 8998 8976 8948
3 8948 8971 8998
3 8961 8949 8978
3 8983 8978 8955
3 8964 9016 8963
3 8988 8964 8942
3 8962 8967 8990
3 8980 8990 8967
3 8969 8981 8975
3 8954 9001 8981
3 9582 8944 8976
3 8977 8998 8971
3 9021 8958 8961
3 8961 8978 9021
3 8987 8983 8972
3 8984 8987 8972
3 9006 8965 8966
3 8966 8974 9006
3 8974 8953 9007
3 8995 8962 8989
3 8975 8981 8996
3 9061 9012 9001
3 8976 8998 9013
3 9014 8977 8957
3 9021 9009 8958
3 8984 8979 9031
3 8993 8992 8978
3 8978 8983 8993
3 8950 9011 9083
3 9007 9006 8974
3 9614 9007 8953
3 8990 8989 8962
3 9001 8959 9002
3 8960 9582 8991
3 8982 8991 9582
3 8992 9021 8978
3 8987 8993 8983
3 8984 9031 9064
3 8994 8985 9000
3 8985 8995 9000
3 8990 8980 9019
3 9002 9061 9001
3 8970 9002 8959
3 8970 8960 9038
3 8991 9038 8960
3 8998 8977 9008
3 8999 8964 8988
3 8988 9005 9017
3 8989 8990 9023
3 9019 9023 8990
3 9019 8980 9037
3 9003 8991 8982
3 8982 8997 9003
3 9013 8997 8986
3 9009 9021 9049
3 8992 8993 9015
3 8987 8984 9035
3 8964 9004 9016
3 8964 8999 9004
3 9037 8980 8968
3 9044 9006 9007
3 9635 9007 9614
3 8994 9635 9614
3 8989 9000 8995
3 9024 8996 8981
3 8977 9014 9079
3 8993 8987 9051
3 9035 9051 8987
3 9064 9035 8984
3 9004 8999 9033
3 9017 8999 8988
3 9039 9005 8965
3 9044 9039 8965
3 8965 9006 9044
3 9636 8994 9000
3 9634 9636 9000
3 9000 8989 9634
3 8989 9023 9018
3 9053 9024 8981
3 8981 9001 9053
3 9001 9012 9053
3 9002 8970 9025
3 9038 9025 8970
3 9008 9013 8998
3 9020 9014 8957
3 8957 9009 9020
3 9021 8992 9010
3 8992 9015 9010
3 9031 8950 9083
3 9004 9033 9060
3 9033 8999 9022
3 8999 9017 9022
3 9019 9037 9068
3 9003 8997 9026
3 9021 9010 9028
3 9029 9010 9015
3 9030 9015 8993
3 9051 9030 8993
3 9634 8989 9018
3 8991 9003 9078
3 9020 9079 9014
3 9032 9113 8973
3 8973 9016 9032
3 9017 9005 9066
3 9062 9078 9003
3 9003 9026 9062
3 9027 9026 8997
3 9013 9027 8997
3 9013 9008 9027
3 9021 9028 9049
3 9015 9030 9029
3 9083 9011 9065
3 9004 9060 9059
3 9007 9635 9047
3 9045 9047 9635
3 9040 9634 9018
3 9036 9040 9018
3 9034 9041 9023
3 9023 9019 9034
3 9037 8968 9052
3 8968 8996 9052
3 8996 9024 9052
3 9002 9025 9077
3 9038 9077 9025
3 8991 9054 9038
3 9028 9010 9042
3 9050 9042 9010
3 9010 9029 9050
3 9058 9029 9030
3 9064 9031 9082
3 9004 9032 9016
3 9066 9022 9017
3 9047 9044 9007
3 9068 9034 9019
3 9061 9048 9012
3 9077 9061 9002
3 8991 9078 9054
3 9009 9056 9020
3 9049 9028 9057
3 9029 9071 9070
3 9058 9071 9029
3 9058 9030 9043
3 9030 9051 9043
3 9073 9051 9035
3 8973 9065 9011
3 9032 9004 9059
3 9074 9060 9033
3 9005 9039 9066
3 9041 9040 9036
3 9052 9068 9037
3 9048 9053 9012
3 9077 9038 9054
3 9028 9042 9057
3 9050 9029 9070
3 9083 9082 9031
3 9088 9074 9033
3 9022 9088 9033
3 9634 9040 9633
3 9024 9093 9052
3 9062 9026 9063
3 9027 9069 9026
3 9057 9056 9049
3 9113 9032 9140
3 9088 9022 9046
3 9066 9046 9022
3 9044 9047 9084
3 9085 9047 9045
3 9045 9637 9085
3 9096 9059 9060
3 9098 9084 9047
3 9085 9098 9047
3 9041 9034 9067
3 9034 9068 9075
3 9069 9063 9026
3 9008 8977 9055
3 9079 9055 8977
3 9042 9050 9080
3 9070 9080 9050
3 9081 9043 9051
3 9073 9081 9051
3 9064 9073 9035
3 9113 9065 8973
3 9067 9040 9041
3 9093 9068 9052
3 9024 9053 9100
3 9076 9100 9053
3 9053 9048 9076
3 9077 9054 9091
3 9008 9122 9027
3 9080 9095 9042
3 9058 9043 9072
3 9074 9096 9060
3 9067 9034 9086
3 9075 9087 9034
3 9093 9024 9100
3 9048 9061 9115
3 9077 9115 9061
3 9009 9049 9056
3 9095 9057 9042
3 9070 9071 9105
3 9072 9071 9058
3 9073 9064 9106
3 9082 9106 9064
3 9101 9140 9032
3 9032 9059 9101
3 9084 9039 9044
3 9633 9040 9109
3 9099 9067 9089
3 9090 9075 9068
3 9091 9054 9677
3 9054 9078 9677
3 9069 9027 9104
3 9122 9104 9027
3 9123 9008 9055
3 9056 9057 9124
3 9111 9072 9043
3 9043 9081 9111
3 9110 9040 9099
3 9067 9086 9089
3 9034 9087 9086
3 9103 9115 9077
3 9103 9077 9091
3 9094 9677 9078
3 9078 9062 9094
3 9063 9094 9062
3 9126 9124 9057
3 9095 9080 9092
3 9070 9092 9080
3 9065 9082 9083
3 9074 9102 9096
3 9114 9039 9084
3 9098 9114 9084
3 9109 9040 9110
3 9086 9087 9133
3 9087 9075 9090
3 9093 9090 9068
3 9116 9094 9063
3 9063 9069 9116
3 9123 9122 9008
3 9105 9092 9070
3 9071 9072 9105
3 9081 9073 9112
3 9137 9065 9113
3 9096 9101 9059
3 9074 9088 9097
3 9046 9097 9088
3 9066 9039 9587
3 9120 9085 9637
3 9104 9116 9069
3 9055 9079 9117
3 9079 9020 9117
3 9020 9056 9124
3 9107 9102 9074
3 9039 9114 9587
3 9133 9132 9086
3 9677 9094 9678
3 9128 9112 9073
3 9106 9128 9073
3 9137 9082 9065
3 9097 9046 9108
3 9120 9098 9085
3 9131 9110 9099
3 9099 9089 9131
3 9091 9184 9103
3 9072 9111 9136
3 9101 9096 9130
3 9102 9130 9096
3 9097 9107 9074
3 9090 9093 9139
3 9093 9100 9139
3 9104 9122 9135
3 9117 9020 9118
3 9124 9118 9020
3 9092 9105 9136
3 9105 9072 9136
3 9127 9111 9081
3 9112 9127 9081
3 9113 9140 9173
3 9114 9098 9119
3 9121 9142 9109
3 9109 9110 9121
3 9131 9121 9110
3 9132 9131 9089
3 9089 9086 9132
3 9090 9133 9087
3 9126 9125 9124
3 9126 9057 9095
3 9111 9127 9156
3 9082 9128 9106
3 9137 9113 9173
3 9098 9120 9147
3 9076 9048 9153
3 9115 9103 9134
3 9184 9134 9103
3 9679 9184 9091
3 9116 9154 9094
3 9678 9094 9154
3 9116 9104 9149
3 9135 9149 9104
3 9092 9155 9095
3 9164 9127 9112
3 9144 9128 9082
3 9140 9101 9130
3 9130 9102 9129
3 9102 9107 9129
3 9108 9587 9146
3 9120 9109 9147
3 9142 9147 9109
3 9132 9133 9138
3 9100 9076 9139
3 9048 9115 9153
3 9134 9153 9115
3 9123 9135 9122
3 9118 9124 9125
3 9156 9136 9111
3 9112 9128 9164
3 9137 9144 9082
3 9107 9097 9141
3 9159 9587 9114
3 9160 9121 9131
3 9133 9090 9143
3 9090 9139 9143
3 9141 9166 9107
3 9146 9141 9097
3 9097 9108 9146
3 9146 9587 9159
3 9142 9121 9175
3 9160 9175 9121
3 9160 9131 9148
3 9131 9132 9148
3 9138 9148 9132
3 9176 9138 9133
3 9133 9143 9176
3 9055 9117 9195
3 9118 9150 9117
3 9092 9136 9155
3 9157 9156 9127
3 9195 9123 9055
3 9150 9195 9117
3 9179 9126 9095
3 9155 9179 9095
3 9185 9155 9136
3 9130 9129 9145
3 9129 9107 9166
3 9199 9159 9114
3 9114 9119 9199
3 9147 9119 9098
3 9152 9176 9143
3 9194 9139 9076
3 9076 9153 9194
3 9173 9140 9158
3 9165 9158 9140
3 9140 9130 9165
3 9145 9165 9130
3 9145 9129 9166
3 9154 9161 9679
3 9149 9154 9116
3 9135 9172 9149
3 9118 9125 9151
3 9163 9151 9125
3 9125 9126 9163
3 9179 9163 9126
3 9146 9168 9141
3 9119 9147 9169
3 9142 9175 9170
3 9160 9148 9183
3 9177 9152 9143
3 9143 9139 9177
3 9139 9194 9177
3 9679 9204 9184
3 9162 9150 9118
3 9118 9151 9162
3 9136 9156 9185
3 9164 9157 9127
3 9164 9128 9186
3 9137 9173 9188
3 9166 9141 9167
3 9141 9168 9167
3 9189 9146 9159
3 9170 9169 9147
3 9147 9142 9170
3 9183 9171 9160
3 9154 9149 9172
3 9179 9155 9180
3 9128 9144 9186
3 9144 9137 9188
3 9189 9168 9146
3 9182 9189 9159
3 9159 9199 9182
3 9175 9160 9171
3 9176 9152 9202
3 9184 9233 9134
3 9679 9161 9210
3 9154 9172 9161
3 9241 9161 9172
3 9181 9185 9156
3 9156 9157 9181
3 9187 9186 9144
3 9188 9187 9144
3 9214 9188 9173
3 9206 9165 9145
3 9145 9166 9174
3 9167 9174 9166
3 9169 9207 9119
3 9169 9170 9207
3 9170 9175 9216
3 9175 9171 9216
3 9148 9138 9200
3 9176 9200 9138
3 9176 9202 9201
3 9233 9194 9153
3 9205 9172 9135
3 9178 9135 9123
3 9123 9195 9225
3 9230 9162 9151
3 9163 9191 9151
3 9185 9180 9155
3 9157 9164 9186
3 9165 9206 9198
3 9145 9174 9206
3 9168 9189 9167
3 9119 9207 9199
3 9183 9148 9209
3 9201 9200 9176
3 9190 9202 9152
3 9152 9177 9190
3 9153 9134 9233
3 9172 9205 9241
3 9135 9178 9205
3 9150 9162 9195
3 9191 9230 9151
3 9163 9179 9211
3 9179 9180 9192
3 9158 9214 9173
3 9215 9207 9170
3 9216 9215 9170
3 9216 9171 9208
3 9219 9208 9171
3 9171 9183 9219
3 9209 9219 9183
3 9241 9210 9161
3 9123 9225 9178
3 9211 9191 9163
3 9179 9192 9211
3 9157 9186 9193
3 9213 9193 9186
3 9186 9187 9213
3 9187 9188 9196
3 9214 9196 9188
3 9165 9220 9158
3 9167 9189 9197
3 9189 9182 9245
3 9148 9200 9209
3 9177 9194 9203
3 9229 9233 9184
3 9210 9204 9679
3 9195 9162 9226
3 9181 9157 9212
3 9193 9212 9157
3 9245 9197 9189
3 9227 9218 9199
3 9199 9207 9227
3 9201 9202 9222
3 9203 9190 9177
3 9195 9226 9225
3 9192 9180 9217
3 9180 9185 9217
3 9185 9181 9212
3 9167 9197 9206
3 9197 9198 9206
3 9218 9182 9199
3 9200 9201 9222
3 9194 9223 9203
3 9224 9241 9205
3 9260 9226 9162
3 9230 9260 9162
3 9217 9185 9234
3 9185 9212 9234
3 9213 9187 9196
3 9165 9198 9220
3 9227 9207 9221
3 9216 9208 9235
3 9200 9232 9209
3 9222 9202 9190
3 9194 9233 9223
3 9204 9229 9184
3 9204 9210 9258
3 9205 9178 9224
3 9213 9196 9231
3 9208 9219 9228
3 9233 9229 9270
3 9225 9224 9178
3 9253 9191 9211
3 9192 9253 9211
3 9213 9212 9193
3 9196 9214 9238
3 9221 9207 9235
3 9215 9235 9207
3 9215 9216 9235
3 9235 9208 9228
3 9236 9228 9219
3 9219 9209 9236
3 9209 9232 9236
3 9222 9240 9200
3 9222 9190 9240
3 9203 9223 9252
3 9258 9229 9204
3 9241 9224 9278
3 9217 9253 9192
3 9231 9196 9238
3 9220 9214 9158
3 9220 9198 9244
3 9198 9197 9244
3 9224 9225 9278
3 9225 9226 9259
3 9230 9272 9260
3 9191 9246 9230
3 9237 9253 9217
3 9212 9213 9254
3 9231 9255 9213
3 9261 9238 9214
3 9197 9245 9290
3 9218 9265 9182
3 9239 9249 9228
3 9232 9200 9250
3 9233 9257 9223
3 9241 9264 9210
3 9260 9271 9226
3 9217 9234 9242
3 9234 9212 9242
3 9254 9242 9212
3 9231 9238 9243
3 9220 9261 9214
3 9227 9274 9218
3 9227 9221 9247
3 9235 9247 9221
3 9235 9228 9249
3 9228 9236 9239
3 9200 9240 9250
3 9252 9223 9257
3 9233 9270 9257
3 9264 9258 9210
3 9259 9278 9225
3 9271 9259 9226
3 9246 9272 9230
3 9253 9246 9191
3 9217 9242 9237
3 9243 9255 9231
3 9220 9244 9289
3 9290 9244 9197
3 9274 9265 9218
3 9249 9248 9235
3 9236 9232 9268
3 9232 9250 9268
3 9252 9190 9203
3 9255 9254 9213
3 9289 9261 9220
3 9247 9266 9227
3 9250 9240 9269
3 9240 9190 9251
3 9190 9252 9251
3 9261 9288 9238
3 9290 9289 9244
3 9266 9274 9227
3 9247 9235 9248
3 9249 9256 9248
3 9249 9239 9275
3 9239 9236 9263
3 9268 9263 9236
3 9252 9257 9277
3 9241 9278 9264
3 9242 9287 9237
3 9281 9255 9243
3 9245 9182 9265
3 9247 9248 9610
3 9275 9256 9249
3 9263 9275 9239
3 9250 9269 9268
3 9251 9269 9240
3 9271 9260 9279
3 9272 9308 9260
3 9253 9237 9286
3 9287 9286 9237
3 9273 9287 9242
3 9242 9254 9280
3 9255 9280 9254
3 9266 9247 9610
3 9610 9248 9262
3 9248 9256 9262
3 9269 9251 9276
3 9308 9279 9260
3 9286 9246 9253
3 9294 9281 9243
3 9288 9243 9238
3 9245 9291 9290
3 9251 9252 9277
3 9270 9229 9306
3 9264 9278 9331
3 9321 9331 9278
3 9280 9273 9242
3 9281 9280 9255
3 9297 9289 9290
3 9265 9291 9245
3 9267 9262 9256
3 9275 9267 9256
3 9282 9268 9269
3 9276 9282 9269
3 9277 9276 9251
3 9257 9311 9277
3 9229 9258 9312
3 9278 9259 9321
3 9271 9321 9259
3 9263 9268 9300
3 9257 9270 9327
3 9264 9312 9258
3 9246 9308 9272
3 9246 9286 9302
3 9243 9288 9294
3 9305 9267 9275
3 9268 9282 9293
3 9327 9311 9257
3 9229 9312 9306
3 9271 9279 9283
3 9281 9294 9309
3 9261 9289 9325
3 9266 9610 9304
3 9262 9267 9292
3 9284 9305 9275
3 9275 9263 9284
3 9263 9300 9284
3 9268 9293 9300
3 9285 9282 9276
3 9276 9277 9285
3 9311 9318 9277
3 9321 9271 9283
3 9266 9335 9274
3 9335 9266 9304
3 9293 9282 9310
3 9283 9279 9307
3 9301 9307 9279
3 9308 9301 9279
3 9308 9246 9332
3 9246 9302 9332
3 9296 9302 9286
3 9286 9287 9296
3 9323 9313 9273
3 9273 9280 9323
3 9280 9281 9309
3 9297 9290 9334
3 9290 9291 9314
3 9315 9292 9267
3 9315 9267 9305
3 9305 9284 9298
3 9285 9310 9282
3 9277 9318 9285
3 9295 9327 9270
3 9270 9306 9295
3 9264 9331 9320
3 9322 9296 9287
3 9287 9273 9322
3 9313 9322 9273
3 9280 9309 9324
3 9325 9288 9261
3 9289 9297 9350
3 9314 9334 9290
3 9291 9265 9303
3 9265 9274 9303
3 9335 9303 9274
3 9304 9610 9329
3 9298 9284 9299
3 9284 9300 9299
3 9338 9312 9264
3 9264 9320 9338
3 9324 9323 9280
3 9350 9325 9289
3 9297 9334 9350
3 9317 9299 9300
3 9300 9293 9317
3 9310 9326 9293
3 9339 9301 9308
3 9332 9339 9308
3 9305 9298 9316
3 9298 9299 9316
3 9310 9285 9337
3 9318 9337 9285
3 9311 9319 9318
3 9327 9319 9311
3 9324 9309 9355
3 9309 9294 9355
3 9325 9328 9288
3 9314 9291 9303
3 9346 9315 9305
3 9305 9316 9346
3 9326 9336 9293
3 9337 9326 9310
3 9321 9283 9307
3 9294 9288 9328
3 9329 9349 9304
3 9330 9337 9318
3 9348 9295 9306
3 9306 9312 9348
3 9331 9321 9343
3 9307 9343 9321
3 9307 9301 9344
3 9301 9339 9344
3 9341 9332 9302
3 9302 9296 9341
3 9313 9323 9324
3 9362 9355 9294
3 9350 9333 9325
3 9294 9328 9362
3 9329 9315 9357
3 9299 9317 9347
3 9303 9335 9345
3 9304 9356 9335
3 9347 9316 9299
3 9317 9336 9352
3 9326 9337 9336
3 9319 9330 9318
3 9320 9331 9370
3 9343 9370 9331
3 9344 9339 9381
3 9340 9339 9332
3 9332 9341 9340
3 9324 9342 9313
3 9333 9328 9325
3 9349 9356 9304
3 9359 9346 9316
3 9365 9327 9295
3 9348 9365 9295
3 9338 9320 9370
3 9340 9381 9339
3 9350 9334 9378
3 9314 9378 9334
3 9345 9363 9303
3 9345 9335 9356
3 9357 9315 9368
3 9315 9346 9368
3 9347 9359 9316
3 9347 9317 9352
3 9312 9338 9348
3 9354 9296 9322
3 9322 9313 9354
3 9313 9342 9354
3 9342 9324 9367
3 9374 9362 9328
3 9337 9330 9379
3 9369 9348 9338
3 9338 9370 9369
3 9343 9307 9405
3 9341 9296 9361
3 9333 9374 9328
3 9333 9350 9390
3 9346 9359 9368
3 9359 9347 9360
3 9347 9352 9360
3 9353 9337 9379
3 9330 9319 9364
3 9319 9327 9365
3 9366 9370 9343
3 9361 9340 9341
3 9354 9361 9296
3 9367 9324 9355
3 9303 9375 9314
3 9351 9356 9349
3 9357 9351 9349
3 9352 9336 9377
3 9345 9356 9363
3 9368 9358 9357
3 9377 9360 9352
3 9364 9380 9330
3 9386 9365 9348
3 9344 9405 9307
3 9361 9354 9642
3 9643 9642 9354
3 9342 9643 9354
3 9362 9374 9383
3 9378 9390 9350
3 9375 9378 9314
3 9363 9375 9303
3 9363 9356 9376
3 9358 9351 9357
3 9385 9368 9359
3 9359 9360 9385
3 9336 9353 9377
3 9379 9330 9380
3 9319 9365 9364
3 9405 9366 9343
3 9371 9405 9344
3 9381 9371 9344
3 9355 9362 9399
3 9394 9374 9333
3 9333 9390 9394
3 9399 9398 9367
3 9367 9355 9399
3 9356 9351 9376
3 9360 9377 9385
3 9377 9353 9392
3 9379 9392 9353
3 9372 9393 9361
3 9373 9342 9389
3 9342 9367 9389
3 9383 9399 9362
3 9351 9358 9384
3 9364 9365 9411
3 9386 9411 9365
3 9348 9369 9386
3 9370 9366 9387
3 9414 9387 9366
3 9405 9414 9366
3 9340 9361 9393
3 9408 9641 9373
3 9373 9389 9382
3 9383 9374 9400
3 9394 9400 9374
3 9390 9378 9418
3 9376 9395 9363
3 9376 9351 9419
3 9368 9385 9404
3 9427 9385 9377
3 9391 9427 9377
3 9377 9392 9391
3 9387 9369 9370
3 9408 9373 9382
3 9401 9394 9390
3 9378 9375 9402
3 9419 9351 9384
3 9380 9410 9379
3 9380 9364 9439
3 9411 9439 9364
3 9411 9386 9412
3 9397 9430 9371
3 9371 9381 9397
3 9340 9397 9381
3 9389 9859 9382
3 9400 9399 9383
3 9402 9418 9378
3 9375 9363 9403
3 9395 9403 9363
3 9404 9358 9368
3 9396 9391 9392
3 9410 9392 9379
3 9439 9410 9380
3 9386 9369 9412
3 9369 9387 9413
3 9430 9405 9371
3 9340 9393 9397
3 9393 9644 9415
3 9409 9644 9388
3 9407 9409 9388
3 9641 9407 9388
3 9416 9389 9367
3 9367 9398 9416
3 9418 9401 9390
3 9403 9402 9375
3 9384 9426 9419
3 9384 9358 9426
3 9432 9427 9391
3 9396 9432 9391
3 9410 9396 9392
3 9413 9440 9369
3 9414 9413 9387
3 9406 9397 9393
3 9415 9644 9409
3 9408 9407 9641
3 9408 9382 9436
3 9417 9416 9398
3 9394 9401 9425
3 9404 9426 9358
3 9404 9385 9449
3 9412 9369 9440
3 9414 9405 9422
3 9397 9406 9692
3 9441 9417 9398
3 9398 9399 9441
3 9399 9400 9441
3 9400 9394 9443
3 9395 9376 9419
3 9385 9427 9449
3 9396 9410 9420
3 9411 9412 9428
3 9430 9422 9405
3 9415 9409 9446
3 9435 9446 9409
3 9407 9408 9458
3 9436 9458 9408
3 9433 9424 9416
3 9417 9433 9416
3 9401 9418 9452
3 9403 9395 9437
3 9419 9437 9395
3 9421 9420 9410
3 9410 9439 9421
3 9439 9411 9428
3 9413 9414 9429
3 9409 9407 9435
3 9394 9425 9443
3 9452 9425 9401
3 9418 9402 9448
3 9454 9426 9404
3 9449 9454 9404
3 9444 9428 9412
3 9440 9444 9412
3 9422 9429 9414
3 9422 9430 9434
3 9430 9397 9431
3 9692 9431 9397
3 9458 9435 9407
3 9443 9441 9400
3 9427 9432 9450
3 9438 9432 9420
3 9421 9438 9420
3 9429 9440 9413
3 9431 9434 9430
3 9446 9445 9415
3 9446 9435 9480
3 9443 9425 9442
3 9452 9442 9425
3 9448 9452 9418
3 9403 9437 9463
3 9437 9419 9453
3 9426 9453 9419
3 9426 9454 9466
3 9421 9439 9456
3 9422 9434 9693
3 9435 9458 9480
3 9436 9859 9459
3 9424 9459 9859
3 9441 9443 9442
3 9402 9403 9463
3 9455 9454 9449
3 9450 9449 9427
3 9438 9450 9432
3 9438 9421 9456
3 9439 9428 9456
3 9444 9467 9428
3 9440 9429 9472
3 9451 9441 9468
3 9441 9442 9468
3 9448 9462 9452
3 9466 9453 9426
3 9467 9456 9428
3 9444 9440 9457
3 9472 9457 9440
3 9445 9446 9447
3 9480 9447 9446
3 9458 9436 9459
3 9424 9433 9460
3 9451 9460 9433
3 9451 9468 9461
3 9442 9452 9469
3 9437 9453 9464
3 9450 9455 9449
3 9460 9451 9461
3 9468 9442 9477
3 9462 9469 9452
3 9448 9402 9465
3 9402 9463 9465
3 9466 9464 9453
3 9466 9454 9498
3 9455 9498 9454
3 9489 9455 9450
3 9461 9468 9474
3 9448 9465 9462
3 9463 9437 9464
3 9450 9438 9489
3 9691 9694 9473
3 9447 9480 9484
3 9480 9458 9495
3 9458 9459 9495
3 9484 9476 9447
3 9459 9424 9485
3 9442 9469 9477
3 9464 9483 9463
3 9498 9488 9466
3 9489 9438 9478
3 9456 9478 9438
3 9467 9470 9456
3 9467 9444 9471
3 9491 9471 9444
3 9444 9457 9491
3 9475 9457 9472
3 9460 9485 9424
3 9474 9460 9461
3 9462 9465 9503
3 9465 9463 9483
3 9464 9466 9488
3 9456 9470 9478
3 9490 9470 9467
3 9471 9490 9467
3 9475 9491 9457
3 9481 9474 9468
3 9468 9477 9481
3 9477 9469 9482
3 9462 9503 9482
3 9483 9503 9465
3 9498 9455 9489
3 9693 9479 9492
3 9493 9479 9691
3 9691 9473 9493
3 9476 9493 9473
3 9485 9495 9459
3 9469 9462 9482
3 9464 9623 9483
3 9464 9488 9623
3 9470 9490 9507
3 9460 9474 9500
3 9474 9481 9500
3 9501 9481 9477
3 9477 9482 9501
3 9503 9502 9482
3 9503 9483 9496
3 9470 9507 9478
3 9490 9471 9522
3 9471 9491 9522
3 9475 9472 9492
3 9472 9693 9492
3 9493 9476 9494
3 9485 9460 9486
3 9502 9501 9482
3 9487 9496 9483
3 9622 9487 9483
3 9483 9623 9622
3 9498 9497 9488
3 9523 9522 9491
3 9508 9491 9475
3 9492 9479 9499
3 9493 9499 9479
3 9494 9509 9493
3 9480 9495 9484
3 9500 9486 9460
3 9503 9496 9504
3 9623 9488 9497
3 9489 9478 9521
3 9507 9521 9478
3 9514 9507 9490
3 9522 9514 9490
3 9523 9491 9508
3 9475 9492 9508
3 9505 9508 9492
3 9499 9505 9492
3 9499 9493 9509
3 9476 9484 9510
3 9495 9510 9484
3 9495 9485 9529
3 9510 9509 9494
3 9494 9476 9510
3 9521 9497 9498
3 9498 9489 9521
3 9486 9529 9485
3 9502 9503 9520
3 9503 9504 9520
3 9496 9487 9512
3 9524 9523 9508
3 9500 9506 9511
3 9497 9533 9622
3 9508 9505 9525
3 9499 9509 9515
3 9509 9510 9528
3 9516 9528 9510
3 9510 9495 9516
3 9529 9516 9495
3 9486 9500 9529
3 9511 9529 9500
3 9497 9521 9533
3 9508 9525 9524
3 9528 9532 9509
3 9517 9511 9506
3 9504 9513 9520
3 9504 9496 9512
3 9533 9531 9622
3 9507 9514 9527
3 9514 9522 9527
3 9532 9515 9509
3 9532 9528 9546
3 9518 9526 9517
3 9511 9517 9530
3 9526 9530 9517
3 9518 9519 9526
3 9544 9526 9519
3 9519 9520 9544
3 9520 9513 9544
3 9521 9527 9539
3 9536 9527 9522
3 9534 9536 9522
3 9522 9523 9534
3 9523 9524 9534
3 9525 9534 9524
3 9542 9516 9529
3 9513 9504 9538
3 9504 9512 9538
3 9539 9533 9521
3 9525 9515 9532
3 9528 9516 9542
3 9529 9511 9542
3 9530 9526 9537
3 9533 9535 9531
3 9525 9730 9534
3 9530 9542 9511
3 9538 9531 9535
3 9542 9546 9528
3 9545 9544 9513
3 9538 9545 9513
3 9535 9533 9551
3 9730 9525 9548
3 9541 9540 9532
3 9532 9546 9541
3 9549 9530 9537
3 9550 9545 9538
3 9551 9860 9535
3 9533 9539 9551
3 9540 9548 9525
3 9536 9534 9555
3 9731 9555 9534
3 9730 9731 9534
3 9549 9540 9541
3 9546 9549 9541
3 9543 9546 9542
3 9537 9544 9732
3 9551 9539 9554
3 9539 9547 9554
3 9540 9552 9548
3 9543 9549 9546
3 9732 9540 9549
3 9732 9544 9553
3 9545 9553 9544
3 9545 9550 9553
3 9553 9860 9731
3 9555 9731 9860
3 9860 9554 9555
3 8711 8704 8682
3 632 9621 633
3 1005 1015 989
3 4677 4742 4701
3 870 833 834
3 9432 9396 9420
3 6683 6606 6523
3 5693 5680 5667
3 1755 1819 1795
3 7908 8091 8063
3 742 759 852
3 852 759 781
3 9040 9067 9099
3 3654 3712 3687
3 4915 5126 5043
3 6997 6996 6882
3 5122 4981 5068
3 8423 8434 8424
3 6870 6933 6954
3 1169 1043 1097
3 4952 4910 4967
3 7298 7398 7280
3 3793 9616 9615
3 8770 9556 8744
3 9557 5456 5422
3 3687 3653 3654
3 9562 4376 9598
3 1557 9565 1487
3 6729 6882 6800
3 5606 5712 5539
3 3374 3409 3310
3 7710 7862 7777
3 3482 3500 3412
3 9525 9532 9540
3 9551 9554 9860
3 3733 3750 3789
3 1336 1427 1359
3 7269 7371 7354
3 6721 7070 6916
3 6290 6254 6449
3 633 679 646
3 251 279 318
3 7226 7295 7350
3 8647 8648 8682
3 1701 1753 1700
3 754 657 760
3 5876 5767 5801
3 5610 5562 9738
3 5562 5563 9738
3 9505 9499 9515
3 9507 9527 9521
3 6415 6394 6352
3 5656 5459 5572
3 6738 6606 6683
3 6196 6208 6130
3 9538 9512 9531
3 4755 4644 4732
3 4217 4206 4157
3 7167 7081 7082
3 595 566 596
3 368 367 352
3 7680 7527 7587
3 7587 7527 7574
3 8593 9559 8614
3 8593 8572 9559
3 8873 9560 8883
3 8873 8884 9560
3 7520 7469 7592
3 9561 8559 8549
3 6499 6372 6386
3 9562 4458 4404
3 462 9563 420
3 2531 2616 2592
3 7592 7617 7595
3 7604 7595 7617
3 6705 7015 6780
3 3875 3922 3905
3 8975 8996 8968
3 6529 6429 6520
3 6353 6463 6378
3 1123 1158 1052
3 498 566 472
3 595 472 566
3 9336 9317 9293
3 5916 6130 5988
3 720 735 675
3 5940 5963 5893
3 5893 5963 5909
3 9564 1111 1139
3 1127 1128 1192
3 1114 1192 1128
3 9565 1557 1583
3 788 808 770
3 770 808 9566
3 4737 4883 9567
3 4897 9567 4883
3 6081 6257 6161
3 7504 7757 9568
3 4543 4542 4503
3 4066 4067 4146
3 9023 9041 9018
3 9041 9036 9018
3 3905 3874 3875
3 3716 9570 3581
3 1377 1419 1300
3 1438 1557 1427
3 4952 5069 4981
3 1705 1696 9571
3 4806 4732 4788
3 4846 4732 4806
3 6705 6780 6624
3 6787 9609 6925
3 9572 543 518
3 3789 3857 3783
3 5438 5339 5390
3 9573 6322 6267
3 9500 9481 9506
3 9481 9501 9506
3 9336 9337 9353
3 7173 7269 7354
3 7231 7173 7354
3 9550 9535 9860
3 9538 9535 9550
3 985 890 1065
3 1065 890 905
3 4726 4713 4763
3 4908 4888 4850
3 5181 5043 5126
3 923 880 774
3 880 9574 774
3 774 9574 859
3 5170 5048 5203
3 5170 5063 5048
3 5048 5030 5203
3 6803 6888 6887
3 5036 4888 4922
3 2468 2471 2483
3 5785 5731 5837
3 5837 5731 5838
3 1074 9575 1085
3 8593 8614 8647
3 806 829 9576
3 7136 9577 7121
3 4071 4001 3989
3 1078 985 1065
3 5613 5763 5602
3 5763 5716 5602
3 5602 5716 5654
3 5209 5122 5190
3 5151 5191 5190
3 3580 9570 3465
3 3580 3581 9570
3 6683 6607 6699
3 1846 1749 1858
3 7553 7491 7676
3 7491 7554 7676
3 4160 4310 4346
3 4160 4218 4310
3 250 310 204
3 267 204 310
3 4377 9578 4315
3 2733 2753 2788
3 2778 2692 9579
3 2692 2734 9579
3 3156 3152 3231
3 5840 5712 5883
3 775 923 736
3 9349 9329 9357
3 7037 7005 6931
3 6931 7005 6952
3 9451 9417 9441
3 9417 9451 9433
3 8846 8874 8845
3 8878 8874 8846
3 7676 7649 7711
3 6765 9581 6704
3 2462 2376 2472
3 2462 2423 2376
3 5435 5270 5371
3 5270 5435 5305
3 9013 8986 8976
3 8986 9582 8976
3 8986 8997 8982
3 8986 8982 9582
3 9583 8525 8566
3 9583 8565 8525
3 8566 8525 8543
3 8041 9584 7918
3 7918 9584 7802
3 595 596 734
3 734 596 661
3 672 595 734
3 4066 3905 4002
3 3905 3922 4002
3 432 9585 431
3 431 9585 462
3 8969 8968 8938
3 8968 8969 8975
3 5381 5503 5362
3 5362 5503 5454
3 1235 1158 1277
3 9586 4641 4660
3 9586 4612 4582
3 4611 4612 9586
3 6654 6655 6794
3 6655 6728 6794
3 9108 9046 9587
3 9066 9587 9046
3 4320 4385 4343
3 4343 4385 4384
3 7685 7671 7771
3 4343 4292 4320
3 4320 4292 4283
3 2655 2675 9589
3 9589 2692 2655
3 2472 9590 2462
3 2472 2608 9590
3 2608 2607 9590
3 4426 4384 4385
3 4384 4426 4493
3 5091 5052 5053
3 4967 5053 5052
3 6486 6611 6624
3 9591 7472 7618
3 9167 9206 9174
3 5706 9593 5618
3 5706 5661 9592
3 9593 5706 9592
3 904 9594 874
3 815 9594 849
3 874 9594 815
3 1849 1793 1753
3 1793 1849 1817
3 5690 5663 5664
3 5639 5663 5690
3 5639 5690 5662
3 4439 9676 9595
3 9595 9676 4405
3 9595 4460 4497
3 4460 9595 4405
3 9424 9859 9416
3 9416 9859 9389
3 8673 8694 8683
3 8694 9596 8683
3 8683 9596 8672
3 5106 5151 5104
3 3130 3118 3023
3 3176 3118 3130
3 4559 4579 4550
3 4571 4591 9597
3 4571 9597 4579
3 4279 9598 4228
3 4228 9598 4376
3 956 9599 969
3 9599 970 9600
3 956 970 9599
3 9602 7189 9601
3 7321 9602 9601
3 626 654 591
3 3827 3793 3794
3 761 9604 760
3 878 877 9603
3 760 9604 878
3 878 9603 760
3 7710 9605 7552
3 7552 9605 9724
3 9606 5340 5244
3 5390 5339 5340
3 6688 6776 6689
3 8668 8689 8693
3 8667 8693 8722
3 8722 8693 8705
3 868 869 928
3 928 941 940
3 928 871 941
3 942 941 9607
3 7442 7425 7527
3 7425 7293 7527
3 9608 7527 7293
3 6925 7153 6969
3 6925 9609 7153
3 7153 9609 7019
3 9315 9329 9292
3 9329 9610 9292
3 9610 9262 9292
3 5599 9612 5679
3 9613 9612 9611
3 5599 9611 9612
3 8912 8953 8931
3 8912 8946 8985
3 8994 9614 8985
3 8912 8985 8953
3 9614 8953 8985
3 3482 3623 3501
3 9615 9616 3501
3 9615 3501 3623
3 5160 5306 5269
3 5306 5270 5269
3 7763 7723 9617
3 7723 7628 9617
3 7628 7580 9617
3 7280 7153 7298
3 7298 7153 7113
3 9619 9620 574
3 9620 9619 9618
3 605 9618 9619
3 9621 605 9619
3 9531 9512 9487
3 9622 9623 9497
3 9487 9622 9531
3 7173 9624 7063
3 9624 7173 9625
3 7231 9625 7173
3 9520 9519 9502
3 9501 9518 9517
3 9501 9517 9506
3 9518 9502 9519
3 9501 9502 9518
3 5060 4914 9626
3 4914 4897 9626
3 8821 8834 8838
3 8846 9631 9629
3 9629 9628 8839
3 8834 9627 9628
3 9627 8839 9628
3 9629 9631 9628
3 8834 9631 8838
3 8834 9628 9631
3 9630 8847 9627
3 632 9632 605
3 669 9632 632
3 668 667 669
3 605 9632 620
3 669 645 9632
3 620 9632 645
3 645 669 667
3 9045 9635 9637
3 9634 9633 9636
3 9633 9637 9636
3 9109 9637 9633
3 9637 9109 9120
3 9635 8994 9636
3 9635 9636 9637
3 1014 1013 9640
3 1004 9638 986
3 1004 1029 9638
3 9638 9639 974
3 1004 1013 1029
3 9640 1013 1004
3 1029 9639 9638
3 1875 1914 1887
3 1925 1789 1914
3 1812 1914 1789
3 9342 9373 9643
3 9393 9372 9644
3 9643 9373 9642
3 9642 9388 9644
3 9644 9372 9642
3 9388 9642 9641
3 9641 9642 9373
3 5551 9646 5623
3 5551 5535 9646
3 5535 9645 9646
3 9645 5557 5571
3 9645 5571 5570
3 5570 9646 9645
3 8529 9650 8424
3 9650 9647 8554
3 9650 8554 9648
3 8424 9648 8463
3 9649 8554 9647
3 8553 8554 9649
3 8602 8553 9649
3 8424 9650 9648
3 4093 3915 4044
3 6420 6373 6285
3 6575 6640 6716
3 9651 6373 6420
3 9651 6522 6373
3 6420 6575 9651
3 9651 6575 6716
3 1048 9652 1039
3 1016 1086 1048
3 1011 984 9653
3 1036 1037 9654
3 9652 9654 1037
3 984 967 9653
3 1040 1048 1039
3 1040 1011 9653
3 1040 9653 1048
3 1039 9652 1037
3 967 1048 9653
3 799 779 9657
3 9656 691 613
3 779 9655 9657
3 706 780 9658
3 9655 9659 9657
3 9658 686 706
3 9656 9660 9661
3 9656 9661 691
3 799 9657 9658
3 9661 641 9659
3 9657 9659 641
3 9657 641 686
3 686 9658 9657
3 780 799 9658
3 9655 691 9659
3 9659 691 9661
3 9660 640 9661
3 1141 1112 1127
3 1113 1127 1064
3 915 9663 9665
3 968 9662 9663
3 1118 9664 1141
3 873 9666 948
3 9664 1127 1112
3 1141 9664 1112
3 1064 1127 9662
3 9664 9663 9662
3 1127 9664 9662
3 9666 9664 948
3 9666 9665 9663
3 948 1118 962
3 948 9664 1118
3 9664 9666 9663
3 9666 824 9665
3 9669 967 9670
3 929 9667 9670
3 846 858 910
3 846 921 9667
3 9667 888 9668
3 9607 888 929
3 9667 977 9670
3 910 921 846
3 9670 977 9672
3 9672 9669 9670
3 9667 921 977
3 9667 929 888
3 846 9667 9668
3 977 9671 9672
3 9675 4405 9676
3 4146 4242 4249
3 9673 9674 9675
3 9675 4249 4242
3 9674 4249 9675
3 9673 9675 9676
3 9677 9678 9679
3 9154 9679 9678
3 9679 9091 9677
3 9680 9681 395
3 316 351 9687
3 351 395 9681
3 9684 9683 338
3 9680 9682 9683
3 338 9682 324
3 9681 9680 9683
3 351 9681 9687
3 9680 383 9682
3 9685 9682 383
3 9681 9683 9684
3 9686 351 316
3 338 9683 9682
3 9681 9684 9687
3 338 302 9684
3 4781 9689 4920
3 4918 4931 9690
3 9690 4747 4763
3 5084 5102 9688
3 4931 9689 9690
3 4781 4747 9689
3 4920 9689 4931
3 4763 4918 9690
3 5144 4920 5102
3 4920 4931 9688
3 9689 4747 9690
3 5102 4920 9688
3 9429 9693 9472
3 9415 9423 9393
3 9429 9422 9693
3 9434 9431 9479
3 9431 9692 9691
3 9406 9694 9692
3 9691 9692 9694
3 9415 9445 9423
3 9434 9479 9693
3 9691 9479 9431
3 9445 9694 9423
3 9406 9393 9423
3 9406 9423 9694
3 4662 4637 4639
3 4679 4639 4637
3 4726 9696 4689
3 4700 9696 4726
3 4689 9696 4714
3 4715 4703 4729
3 4703 4679 4638
3 9695 4638 9696
3 4703 4638 4729
3 9696 4700 9695
3 4662 4639 4678
3 4729 4638 9695
3 392 9702 426
3 9700 345 346
3 9702 9701 426
3 9700 350 9702
3 350 9700 317
3 295 9697 294
3 346 317 9700
3 9698 9699 345
3 9697 317 346
3 346 319 9697
3 9702 392 9700
3 334 9699 9698
3 9698 345 9700
3 392 9698 9700
3 5237 9704 5323
3 5143 9704 5237
3 9705 9704 5107
3 5007 4846 9703
3 9703 4806 9705
3 4847 5055 9705
3 4806 9703 4846
3 9703 9705 5107
3 4847 9705 4806
3 9706 2483 2471
3 2442 9710 9709
3 9709 9710 2421
3 9710 2358 2421
3 9707 2678 9708
3 2483 9709 2421
3 2483 9706 9709
3 2507 9709 9706
3 9708 2518 9707
3 2358 9710 2320
3 2606 2507 9708
3 2518 9708 9706
3 9706 9708 2507
3 9714 9718 4652
3 4573 4635 4593
3 4634 4593 4635
3 4658 9720 4640
3 4622 9712 9718
3 4652 9718 4672
3 4623 4634 9712
3 4635 9719 4634
3 9717 4672 9718
3 9720 9715 9711
3 9720 4657 9715
3 9716 9717 9712
3 4673 9716 9719
3 9712 9717 9718
3 9715 9719 4595
3 9714 4608 9718
3 4657 4673 9719
3 9719 9716 4634
3 9711 9715 9713
3 9720 9711 4640
3 4657 9719 9715
3 4634 9716 9712
3 4595 9713 9715
3 4608 4622 9718
3 9716 4673 9717
3 6849 9726 9729
3 7552 9724 9727
3 9725 7340 9721
3 9723 7078 9722
3 7270 7325 9722
3 9723 9728 9726
3 7325 9725 9721
3 9721 7222 9728
3 6794 6849 6881
3 9728 9722 9721
3 9726 6850 9723
3 9727 9724 9725
3 7325 9727 9725
3 6850 9581 9723
3 9722 9728 9723
3 6881 6849 9729
3 9729 9728 6881
3 9729 9726 9728
3 7325 9721 9722
3 9536 9547 9527
3 9540 9732 9552
3 9731 9552 9553
3 9553 9552 9732
3 9549 9543 9530
3 9530 9543 9542
3 9730 9552 9731
3 9549 9537 9732
3 9548 9552 9730
3 9734 6075 6231
3 6217 9734 6231
3 6217 6075 9734
3 9733 9735 5995
3 5633 9738 9736
3 9736 9739 5740
3 5995 9741 9733
3 9733 9741 6004
3 9740 9735 5924
3 9737 6004 9741
3 6075 9737 9741
3 5740 9740 5924
3 9739 9740 5740
3 6217 9737 6075
3 9740 5995 9735
3 7086 7115 9743
3 9742 9749 7562
3 7815 7835 7734
3 7562 9749 7603
3 7115 9748 9743
3 7399 9743 9748
3 7835 9744 7734
3 9751 9745 7414
3 7835 7871 9744
3 7414 9745 9742
3 9747 9742 7430
3 9750 9745 9751
3 9750 9748 7115
3 9749 9742 9747
3 9745 7430 9742
3 7430 9750 7317
3 7317 9750 9746
3 9744 9747 7734
3 7115 9746 9750
3 9748 9750 9751
3 9744 9749 9747
3 9751 7399 9748
3 7430 9745 9750
3 3403 3291 3386
3 3245 3386 3291
3 3245 3052 3125
3 2923 9754 2828
3 2987 3080 3101
3 3125 3052 2997
3 9753 3044 9754
3 3052 3245 9752
3 3052 9752 3080
3 9754 2923 9753
3 3291 9752 3245
3 6567 9758 9757
3 9759 9624 6967
3 6519 6567 6566
3 6567 6519 9756
3 9758 9756 6639
3 6506 6639 9756
3 6838 9755 6770
3 9757 6838 6967
3 6506 9756 9760
3 6770 9758 6639
3 6361 9760 6427
3 9758 6770 9755
3 9759 6967 6838
3 6838 9757 9755
3 9757 9758 9755
3 7106 9771 7253
3 9763 9762 7133
3 7133 9762 7065
3 7322 9771 7126
3 7288 9771 7322
3 6664 9768 9766
3 6617 9766 6637
3 6637 9768 9772
3 6870 6847 6871
3 9767 9763 7115
3 6874 9775 9773
3 6874 6859 9775
3 9774 9776 9765
3 7065 9762 6859
3 6933 9765 6954
3 6954 9765 9761
3 6637 9772 6735
3 6858 9775 6859
3 9768 9773 9772
3 6858 9774 9775
3 6858 9762 9763
3 9771 6954 9769
3 9776 9774 9767
3 9771 9769 7126
3 6954 9761 9769
3 9769 9761 9764
3 9766 9768 6637
3 9774 9770 9775
3 6735 9770 6871
3 6858 9763 9767
3 9765 9770 9774
3 9771 7106 6954
3 9770 9772 9773
3 9770 9773 9775
3 9776 6949 9764
3 9761 9776 9764
3 6735 6871 6847
3 9764 6875 9769
3 9776 9761 9765
3 6735 9772 9770
3 9767 9774 6858
3 6960 7011 9787
3 7161 9787 7011
3 6906 9779 7145
3 7039 9787 7161
3 7165 9784 9796
3 6955 9782 6975
3 6917 9789 6852
3 9785 6975 9795
3 6995 9780 6917
3 6857 6975 9785
3 6852 9789 6869
3 9786 9794 9785
3 9779 9790 9792
3 6995 9788 9780
3 9796 9784 9798
3 9786 9797 9798
3 9793 9778 9791
3 9786 9792 9794
3 9792 9780 9794
3 6869 9789 9790
3 9797 9795 9782
3 9797 9785 9795
3 9796 9781 7165
3 9797 9782 9796
3 9785 9777 6857
3 9789 6917 9780
3 7184 7145 9779
3 9786 9798 9779
3 9783 9946 9794
3 9788 9778 9780
3 9798 9797 9796
3 9779 9784 7184
3 9795 6975 9782
3 9788 9787 7039
3 9792 9790 9789
3 6995 9787 9788
3 9791 9778 7039
3 9946 9785 9794
3 9793 9780 9778
3 9785 9946 9777
3 9784 9779 9798
3 9780 9793 9794
3 9786 9785 9797
3 9782 9781 9796
3 9786 9779 9792
3 9789 9780 9792
3 9945 9946 9783
3 9794 9793 9783
3 64 9809 32
3 9801 32 9809
3 67 54 9811
3 9804 9840 5
3 9813 34 9824
3 6 5 9840
3 9818 9826 2
3 2 17 9818
3 25 24 9803
3 82 9802 9827
3 29 82 9827
3 9806 9838 9833
3 9830 9821 9799
3 9829 9799 25
3 9828 9831 9842
3 9833 9838 9801
3 9816 2 9826
3 17 1 9818
3 9808 9824 9828
3 9825 9806 9835
3 9823 93 9801
3 9827 9812 29
3 9810 9819 9814
3 9808 9828 9804
3 9807 9836 9815
3 9812 9821 30
3 9803 9829 25
3 9808 9811 9813
3 9815 9806 9825
3 9811 9808 9804
3 9842 9807 9815
3 9805 9831 9824
3 9825 9819 9841
3 9799 9802 25
3 9807 9842 60
3 9832 9810 9820
3 93 32 9801
3 9799 9821 9827
3 9830 9817 9822
3 9822 9817 9839
3 9831 9805 60
3 9842 9831 60
3 9813 9824 9808
3 9825 9841 9840
3 9841 6 9840
3 9810 9832 9819
3 9837 9810 9814
3 9814 9825 9835
3 9825 9814 9819
3 9817 9830 9834
3 9801 9838 9823
3 9818 9839 9826
3 22 9800 9834
3 9815 9838 9806
3 9818 9822 9839
3 9823 9838 9836
3 9815 9825 9842
3 23 9829 9803
3 9810 9837 21
3 9800 9837 9834
3 9825 9840 9828
3 9830 9829 23
3 9800 21 9837
3 9837 9839 9817
3 9834 9837 9817
3 9809 9816 9835
3 9810 21 9820
3 9822 9818 1
3 9802 9799 9827
3 9827 9821 9812
3 9828 9824 9831
3 9822 1 9830
3 1 9821 9830
3 9839 9835 9816
3 9826 9839 9816
3 67 9811 9804
3 9835 9833 9801
3 9830 23 9834
3 9840 9804 9828
3 9806 9833 9835
3 9814 9835 9839
3 9825 9828 9842
3 9809 9835 9801
3 30 9821 1
3 9799 9829 9830
3 9814 9839 9837
3 9836 9838 9815
3 9841 9819 7
3 8796 9845 9849
3 9556 9856 9852
3 8808 8807 8800
3 8805 9845 8801
3 9844 9857 9853
3 8800 9851 8799
3 8800 8807 9851
3 8799 9851 8790
3 8806 9843 8814
3 8789 9855 9850
3 8801 8796 8813
3 8813 8805 8801
3 9847 9852 9844
3 9844 9849 9857
3 8794 9856 9556
3 8812 9849 9844
3 8789 8790 9855
3 9850 9855 9854
3 9844 9852 9856
3 9843 9846 9854
3 9848 9844 9856
3 9856 8794 9848
3 9853 9857 8824
3 8813 8796 8787
3 9844 9853 9847
3 9847 9853 8828
3 9858 9846 9843
3 8796 8801 9845
3 8823 9847 8828
3 8812 9844 9848
3 9854 9855 8807
3 9851 8807 9855
3 8813 8787 8806
3 9854 9846 9850
3 9858 9843 8806
3 9858 8806 8787
3 9857 9845 8824
3 9845 9857 9849
3 8790 9851 9855
3 9854 8815 9843
3 9372 9361 9642
3 2953 3012 3023
3 6395 6499 6519
3 928 869 871
3 6041 5946 5867
3 1749 1846 1742
3 8599 9583 8566
3 7736 7789 7816
3 9697 319 294
3 4678 4639 4702
3 5481 5464 5465
3 9621 632 605
3 5629 5799 5830
3 6955 7042 9782
3 9782 7042 9781
3 9525 9505 9515
3 540 531 489
3 5662 5638 5639
3 3910 3940 3933
3 650 526 470
3 526 439 470
3 1013 1014 1045
3 9476 9473 9445
3 9447 9476 9445
3 9694 9445 9473
3 5446 5536 5557
3 779 750 9655
3 8098 8053 7961
3 8053 7997 7961
3 9555 9554 9536
3 9554 9547 9536
3 4635 4595 9719
3 3267 3097 3218
3 9527 9547 9539
3 9436 9382 9859
3 4934 4841 4935
3 4841 4834 4935
3 9526 9544 9537
3 9860 9553 9550
3 49 43 0
3 49 9873 43
3 10 52 9903
3 9883 9903 9907
3 9866 9910 9
3 9863 9899 88
3 35 9891 9881
3 12 9865 13
3 9861 50 9896
3 9880 9896 50
3 9874 9873 49
3 42 9871 9892
3 48 9898 9871
3 48 9905 9898
3 47 9905 48
3 45 40 9904
3 45 9904 9890
3 9885 9872 3
3 9869 9879 9878
3 9878 9879 9875
3 9884 9877 9904
3 9874 9876 9878
3 0 9900 9884
3 9883 9907 9909
3 9897 9894 9895
3 12 9872 9865
3 9909 9906 9883
3 43 9900 0
3 9886 9862 9894
3 9884 9904 9882
3 9869 9898 9879
3 9899 9863 9864
3 9882 9897 9895
3 40 39 9904
3 9874 9877 9873
3 9878 9877 9874
3 9884 9900 9877
3 9878 9876 9869
3 9907 9910 9866
3 9862 9868 9908
3 9895 9901 9896
3 9867 9889 9870
3 4 9887 15
3 9885 9883 9906
3 9895 9884 9882
3 9862 9886 9865
3 9872 9868 9865
3 9867 16 9887
3 9870 9889 9904
3 9905 9870 9879
3 9871 9869 9892
3 4 9867 9887
3 9881 9891 9908
3 9863 9881 9908
3 9862 9908 9901
3 9868 9906 9864
3 9902 9867 4
3 48 9871 42
3 9902 9889 9867
3 9871 9898 9869
3 9892 9869 9876
3 9866 9864 9909
3 9864 9866 9899
3 9901 9895 9894
3 9896 9901 9861
3 9906 9868 9872
3 9904 9889 9890
3 9893 9896 0
3 43 9873 9900
3 9865 9886 13
3 9875 9877 9878
3 9879 9904 9875
3 39 9882 9904
3 0 9896 9880
3 9879 9870 9904
3 16 9870 9905
3 9903 9883 9885
3 9909 9907 9866
3 9885 9906 9872
3 39 9897 9882
3 9890 9889 9888
3 9893 9895 9896
3 9895 9893 9884
3 9864 9906 9909
3 9862 9865 9868
3 9901 9908 9861
3 9873 9877 9900
3 9902 9888 9889
3 9903 52 9907
3 9891 9861 9908
3 0 9884 9893
3 9866 88 9899
3 9905 9879 9898
3 9862 9901 9894
3 52 9910 9907
3 9903 9885 11
3 9863 9908 9864
3 9904 9877 9875
3 9867 9870 16
3 9864 9908 9868
3 3575 9932 9912
3 9932 9911 9913
3 9932 9913 9912
3 9911 9914 9913
3 9911 3568 9914
3 3568 9922 9914
3 3568 9915 9922
3 3597 9922 9915
3 3597 9920 9922
3 3543 9921 9920
3 3429 9921 3543
3 9913 9923 9912
3 3429 9918 9921
3 9913 9914 9926
3 9926 9919 9916
3 9927 9921 9919
3 9923 9913 9926
3 3343 9917 9924
3 3231 3252 9928
3 3252 3321 9917
3 9914 9922 9927
3 9917 9928 3252
3 9921 9927 9920
3 9923 9916 3483
3 3561 9912 9923
3 3483 3561 9923
3 9925 3422 9916
3 9921 9918 9919
3 9924 9917 9925
3 9917 3321 9925
3 9925 3321 3422
3 9926 9927 9919
3 9927 9926 9914
3 9926 9916 9923
3 3483 9916 3422
3 9927 9922 9920
3 9916 9919 9925
3 9919 9924 9925
3 9924 9919 9918
3 3226 3208 3188
3 9932 9940 9911
3 3568 9911 9929
3 3226 3295 9935
3 3350 9936 9934
3 9940 3554 9936
3 3338 9930 9936
3 9931 9935 9933
3 9933 9935 3295
3 3295 9941 9930
3 9936 9930 9940
3 9933 9939 9931
3 9911 9940 9929
3 9939 9933 3338
3 9938 9941 9937
3 9934 9936 3554
3 9941 9929 9940
3 9932 3554 9940
3 9929 9941 9938
3 3488 9929 9938
3 9936 3350 3338
3 3295 9937 9941
3 3226 9935 3208
3 3568 9929 3488
3 3208 9935 9931
3 9933 3295 9930
3 3338 9933 9930
3 9940 9930 9941
3 6996 7058 7013
3 7341 9958 7491
3 9960 9952 7140
3 7013 7030 7125
3 7056 9943 7057
3 7081 7080 7082
3 6854 7010 9783
3 9944 9783 7010
3 9956 9952 9960
3 9949 7030 9955
3 9947 7082 7080
3 9957 9944 7008
3 9942 9957 9961
3 9953 7057 9943
3 9952 9956 9951
3 9947 9953 9954
3 9951 9954 9961
3 9960 9959 9949
3 9952 9951 9948
3 7124 9959 9958
3 9960 9955 9956
3 9949 9955 9960
3 9942 9777 9946
3 9783 9944 9945
3 9955 9951 9956
3 9954 7082 9947
3 7203 9950 7140
3 7380 7554 7491
3 9945 9957 9946
3 9948 9951 9961
3 9954 9955 7030
3 9953 9961 9954
3 9960 9958 9959
3 7058 7030 7013
3 9955 9954 9951
3 9957 9942 9946
3 7058 9954 7030
3 7008 9952 9948
3 7491 9958 9950
3 9950 7380 7491
3 9942 9961 9953
3 9942 9953 9943
3 9958 7140 9950
3 7058 7082 9954
3 9948 9961 9957
3 9945 9944 9957
3 9960 7140 9958
3 6763 7046 9965
3 9983 9966 6912
3 9980 9972 6676
3 6912 9966 9967
3 9966 9968 6855
3 9964 9982 9974
3 6860 6805 9974
3 6826 9962 6873
3 6617 9973 6638
3 6855 9971 6747
3 6892 6931 9962
3 9981 9979 9971
3 9977 9969 9980
3 9976 9982 9964
3 9968 9974 9982
3 6806 6733 6805
3 6952 9962 6931
3 6747 9979 9963
3 9967 9966 6913
3 9981 9971 9976
3 9976 9969 9981
3 9978 9965 6892
3 6602 6636 9977
3 9969 9977 6636
3 9978 6892 9962
3 9969 9972 9980
3 9968 9966 9983
3 9979 6671 9963
3 9979 6747 9971
3 6826 9975 9962
3 9971 9968 9982
3 9974 9983 6860
3 9970 9965 9978
3 9974 9968 9983
3 6636 9970 9969
3 9962 9975 9978
3 6855 9968 9971
3 9972 9969 9976
3 9976 9971 9982
3 9980 9973 6602
3 9978 9981 9969
3 9978 9969 9970
3 9979 9975 6671
3 6679 9970 6636
3 9979 9981 9975
3 6805 6733 9964
3 9980 6602 9977
3 9976 9964 9972
3 6805 9964 9974
3 9981 9978 9975
3 6671 6630 9963
3 6733 9972 9964
3 4776 9988 4731
3 4716 9986 9998
3 5265 9987 9996
3 4770 9989 4744
3 4745 10000 9988
3 9997 9999 5193
3 4911 9991 9985
3 4878 9986 4819
3 9998 9986 9991
3 4664 9992 9995
3 4731 10000 4688
3 4730 9993 9988
3 5103 9994 9997
3 4688 9989 4664
3 9999 9997 9994
3 9995 4731 4664
3 9996 9987 9984
3 9984 5476 5543
3 4664 9989 4770
3 4664 4770 4716
3 9994 5424 9987
3 4664 4680 9992
3 4777 9995 9992
3 9986 4878 9991
3 9987 5476 9984
3 9987 5424 5476
3 5193 9999 5265
3 9988 9990 4745
3 9988 9993 9990
3 4665 9998 9991
3 5560 5543 5476
3 9985 9991 5013
3 9999 9994 9987
3 9993 4761 9990
3 4878 5013 9991
3 9998 4665 4680
3 10000 4731 9988
3 9997 9985 5013
3 9987 5265 9999
3 9985 9997 5193
3 4731 4688 4664
3 4791 9990 4761
3 9886 9894 13
3 9888 45 9890
3 3561 3575 9912
3 9965 9970 6679
3 10001 4792 4730
3 9993 4730 4792
3 6586 6602 9973
3 6676 9972 6638
3 9972 6733 6638
3 9768 6664 6761
