OFF
10002 20000 0
0.3273170000 -0.0027345100 0.2952730000
0.0191102000 0.0977552000 -0.1828630000
0.0151065000 0.0913826000 -0.1579250000
0.0278520000 0.0941166000 -0.1467390000
0.3019160000 -0.0048577100 0.2534370000
0.3323780000 0.0024850400 0.3036390000
0.4091320000 0.1986280000 0.1796640000
0.3947300000 0.2330430000 0.1724330000
0.3905460000 0.1150290000 0.2532240000
0.3803310000 0.2336450000 0.1479600000
0.2023770000 0.2466010000 -0.0678275000
0.2071460000 0.2516200000 -0.0772967000
0.1726380000 0.2324040000 -0.1191640000
0.1224650000 0.1858720000 -0.1563430000
0.0230062000 0.1048770000 -0.1933110000
0.0155312000 0.0899540000 -0.1646410000
0.0095143100 0.0960658000 -0.1611390000
0.2931310000 -0.0050181800 0.2661060000
0.4023260000 0.2113280000 0.1818710000
0.3966340000 0.2227230000 0.1792650000
0.3741060000 0.2376640000 0.1357960000
0.3693420000 0.2354870000 0.1329340000
0.2057010000 0.2426170000 -0.0553138000
0.2124140000 0.2578020000 -0.0834944000
0.2066770000 0.2562810000 -0.0997479000
0.1998020000 0.2531020000 -0.1064660000
0.1088180000 0.1741210000 -0.1735020000
0.0198908000 0.0956110000 -0.1443730000
0.3053630000 -0.0117341000 0.2687750000
0.3411360000 0.0179741000 0.3102390000
0.3489670000 0.0375281000 0.3110520000
0.3905450000 0.1279680000 0.2407810000
0.4062340000 0.1625600000 0.1986890000
0.3913920000 0.2389420000 0.1675260000
0.2098340000 0.2561360000 -0.0671597000
0.2964510000 0.0128082000 0.2360250000
0.3109960000 -0.0121505000 0.2840450000
0.0577691000 0.1117860000 -0.1142400000
0.3820420000 0.2427020000 0.1517830000
0.2061450000 0.2614880000 -0.0904160000
0.1920510000 0.2486490000 -0.1107270000
0.3149910000 0.0644208000 0.1917200000
0.3035550000 0.0399589000 0.2110190000
0.1351100000 0.1934220000 -0.0800238000
0.3980680000 0.1454220000 0.2197870000
0.3797100000 0.2361440000 0.1828610000
0.3848140000 0.2435990000 0.1606120000
0.3588110000 0.2387550000 0.1375430000
0.3583210000 0.2170170000 0.1227700000
0.3048390000 0.0532625000 0.2014680000
0.2991490000 0.0246721000 0.2268010000
0.2941930000 0.0016160700 0.2518200000
0.3013930000 -0.0079316200 0.2904190000
0.3204180000 -0.0078466300 0.2965400000
0.3564770000 0.0655215000 0.3053080000
0.0570178000 0.1394380000 -0.2003740000
0.0321619000 0.1111660000 -0.2004120000
0.0411909000 0.1006410000 -0.1266090000
0.1986690000 0.2336090000 -0.0460233000
0.1971290000 0.2462450000 -0.0459684000
0.3413440000 0.1118630000 0.1551630000
0.3310330000 0.0889677000 0.1684360000
0.3108640000 0.0713901000 0.1876410000
0.2981530000 -0.0093800700 0.2795190000
0.3221860000 0.0132078000 0.3162700000
0.4028610000 0.1666380000 0.2033210000
0.0123579000 0.1001700000 -0.1825230000
0.0321679000 0.0966816000 -0.1342850000
0.0391925000 0.1111550000 -0.1233020000
0.0925130000 0.1413700000 -0.0923758000
0.1369930000 0.1958830000 -0.0719518000
0.1449750000 0.1962830000 -0.0664835000
0.1552800000 0.2082310000 -0.0569024000
0.1874500000 0.2412950000 -0.0400957000
0.0946089000 0.1624810000 -0.1877560000
0.3815070000 0.1078630000 0.2676950000
0.3751850000 0.1240130000 0.2640380000
0.3800940000 0.1352590000 0.2511320000
0.3907060000 0.1497910000 0.2275920000
0.3859330000 0.2250130000 0.1859450000
0.3733680000 0.2474070000 0.1608850000
0.2963630000 0.0560518000 0.2113000000
0.2918970000 0.0360097000 0.2270660000
0.3062140000 -0.0009650390 0.3037440000
0.0607635000 0.1250050000 -0.1045710000
0.0741926000 0.1342160000 -0.0976260000
0.0802241000 0.1298710000 -0.0975543000
0.1474100000 0.2203720000 -0.1284910000
0.1392240000 0.2079200000 -0.1372710000
0.1194890000 0.2008110000 -0.1511500000
0.3456590000 0.2215890000 0.1303980000
0.3540960000 0.2017660000 0.1224970000
0.3207920000 0.0918806000 0.1735700000
0.2988530000 0.0696844000 0.2019070000
0.3361990000 0.0306986000 0.3181140000
0.3675040000 0.1002860000 0.2820070000
0.3975490000 0.1768900000 0.1953290000
0.1461830000 0.2062280000 -0.0600566000
0.2087720000 0.2531240000 -0.0598750000
0.0710167000 0.1530980000 -0.1921250000
0.0388365000 0.1298970000 -0.1981570000
0.0093721200 0.1081450000 -0.1767870000
0.3750490000 0.2140650000 0.1989210000
0.3453240000 0.2044700000 0.1283510000
0.3501170000 0.1882040000 0.1245900000
0.3290420000 0.1127220000 0.1601680000
0.2788440000 0.0140089000 0.2582810000
0.2821790000 0.0014189900 0.2861880000
0.3151310000 0.0054602800 0.3115140000
0.3565750000 0.0905785000 0.2976910000
0.3846480000 0.1571880000 0.2317060000
0.1744390000 0.2216820000 -0.0457180000
0.2052750000 0.2618120000 -0.0645982000
0.1055960000 0.1837620000 -0.1701610000
0.0658407000 0.1491260000 -0.1943220000
0.0502359000 0.1460560000 -0.1939830000
0.0126179000 0.1187760000 -0.1828700000
0.1049930000 0.1641480000 -0.0866486000
0.0972390000 0.1546350000 -0.0875547000
0.1092550000 0.1715490000 -0.0793345000
0.1854390000 0.2306270000 -0.0407520000
0.1763750000 0.2442900000 -0.1120070000
0.1351520000 0.2162230000 -0.1381550000
0.0772353000 0.1610180000 -0.1908480000
0.0300261000 0.1227610000 -0.1976810000
0.0187953000 0.1188300000 -0.1907330000
0.0078025400 0.1013610000 -0.1636620000
0.3152660000 0.1011060000 0.1751260000
0.2860690000 0.0156754000 0.2474960000
0.3469540000 0.0835859000 0.3079540000
0.3629560000 0.2459060000 0.1482210000
0.3516100000 0.2269310000 0.1296570000
0.2024740000 0.2563760000 -0.0541052000
0.1571520000 0.2308320000 -0.1212470000
0.2834600000 0.0398401000 0.2300900000
0.2954330000 0.0092950600 0.3110570000
0.3848600000 0.1774000000 0.2186490000
0.3912130000 0.1856400000 0.2024520000
0.3964430000 0.2051260000 0.1885650000
0.3775160000 0.2431200000 0.1746490000
0.3389160000 0.1969310000 0.1308900000
0.3449600000 0.1702590000 0.1282480000
0.0105139000 0.1099790000 -0.1478230000
0.0267850000 0.1102540000 -0.1297940000
0.0413484000 0.1212550000 -0.1136220000
0.0580427000 0.1291150000 -0.0985809000
0.1173710000 0.1793110000 -0.0767046000
0.1373870000 0.2033950000 -0.0605709000
0.1821990000 0.2533930000 -0.1062690000
0.1147210000 0.2031220000 -0.1512110000
0.1001880000 0.1872710000 -0.1687610000
0.0861302000 0.1809050000 -0.1747950000
0.3154080000 0.0236322000 0.3225980000
0.3183580000 0.0385059000 0.3261520000
0.3373820000 0.0639084000 0.3199940000
0.3431490000 0.2411580000 0.1396400000
0.2058170000 0.2634790000 -0.0780341000
0.1459230000 0.2270280000 -0.1279480000
0.0926069000 0.1853640000 -0.1720750000
0.0807615000 0.1432170000 -0.0882520000
0.1021460000 0.1700310000 -0.0778218000
0.1542260000 0.2157130000 -0.0537513000
0.3031860000 0.0995901000 0.1802680000
0.2798660000 0.0053212100 0.2729770000
0.3050130000 0.0150736000 0.3185180000
0.3589420000 0.1193490000 0.2797720000
0.3746190000 0.1521100000 0.2441980000
0.3579070000 0.2486300000 0.1502370000
0.3341200000 0.2314380000 0.1388030000
0.3358930000 0.1826870000 0.1313710000
0.3279060000 0.1372520000 0.1462230000
0.3238500000 0.1204260000 0.1593800000
0.2750000000 0.0314924000 0.2458860000
0.2888610000 0.0034614400 0.3005110000
0.1103160000 0.1839600000 -0.0707900000
0.1693490000 0.2305220000 -0.0468014000
0.1793210000 0.2381170000 -0.0409765000
0.1945210000 0.2638540000 -0.0961916000
0.0201223000 0.1331750000 -0.1831040000
0.0070708800 0.1202770000 -0.1639560000
0.0073124500 0.1171840000 -0.1540390000
0.0134766000 0.1138440000 -0.1419540000
0.0730977000 0.1502170000 -0.0834231000
0.3628190000 0.1313090000 0.2693660000
0.3729330000 0.2291430000 0.1931040000
0.3631170000 0.2482040000 0.1863610000
0.3633470000 0.2533800000 0.1674250000
0.3407680000 0.2339840000 0.1359290000
0.2655950000 0.0234714000 0.2708390000
0.2730760000 0.0108982000 0.2830980000
0.0809139000 0.1500870000 -0.0812845000
0.2017810000 0.2670450000 -0.0851559000
0.1657020000 0.2445030000 -0.1126410000
0.1508510000 0.2369230000 -0.1205070000
0.0669241000 0.1646720000 -0.1879280000
0.0646771000 0.1702100000 -0.1773610000
0.0573484000 0.1529260000 -0.1916240000
0.0295190000 0.1368340000 -0.1886450000
0.3796420000 0.1897060000 0.2121710000
0.3654510000 0.2409350000 0.1911930000
0.3324360000 0.2105310000 0.1328270000
0.3299820000 0.1658340000 0.1327520000
0.2864170000 0.0880889000 0.1952180000
0.2747560000 0.0128850000 0.2984270000
0.3052140000 0.0321937000 0.3264800000
0.3415960000 0.0949980000 0.3032710000
0.1237330000 0.1960850000 -0.0613442000
0.1352170000 0.2070400000 -0.0569299000
0.1830970000 0.2468420000 -0.0396614000
0.1369170000 0.2249330000 -0.1332450000
0.1099720000 0.2099230000 -0.1498950000
0.0401295000 0.1446770000 -0.1895430000
0.0262995000 0.1262470000 -0.1289400000
0.0532599000 0.1320370000 -0.0989291000
0.3531960000 0.2558870000 0.1640130000
0.3236330000 0.1577160000 0.1377560000
0.3087390000 0.1476220000 0.1452890000
0.3061780000 0.1235400000 0.1598770000
0.2809520000 0.0630701000 0.2152690000
0.0993238000 0.1779490000 -0.0689498000
0.1580610000 0.2243290000 -0.0501360000
0.1955600000 0.2573290000 -0.0439532000
0.1992030000 0.2637170000 -0.0516653000
0.2008670000 0.2724060000 -0.0785269000
0.1861920000 0.2628730000 -0.0989849000
0.1285520000 0.2220880000 -0.1358150000
0.0762732000 0.1815350000 -0.1699400000
0.0131640000 0.1313230000 -0.1743650000
0.0092107300 0.1265420000 -0.1682750000
0.3600770000 0.2338020000 0.1974840000
0.3467970000 0.2493260000 0.1499370000
0.3220510000 0.1874490000 0.1334570000
0.2953390000 0.1233180000 0.1652420000
0.2920660000 0.1051080000 0.1793590000
0.2887840000 0.0337322000 0.3253940000
0.3216710000 0.0685636000 0.3257540000
0.3208170000 0.0991200000 0.3045760000
0.3397610000 0.1130180000 0.2913300000
0.2019650000 0.2693210000 -0.0652039000
0.1565580000 0.2442360000 -0.1126980000
0.1313390000 0.2299110000 -0.1266370000
0.0855289000 0.1969870000 -0.1607460000
0.1731390000 0.2387320000 -0.0416764000
0.3434430000 0.1426970000 0.2698080000
0.3669030000 0.1907330000 0.2191600000
0.3584360000 0.2552540000 0.1797320000
0.3348250000 0.2408240000 0.1443320000
0.3149060000 0.1705950000 0.1365380000
0.2772670000 0.0976905000 0.1963460000
0.2718200000 0.0570418000 0.2334080000
0.2698870000 0.0481789000 0.2440370000
0.2690320000 0.0180550000 0.2895860000
0.2799330000 0.0176910000 0.3114390000
0.3104150000 0.0930055000 0.3096440000
0.1941090000 0.2698050000 -0.0899595000
0.0562020000 0.1603330000 -0.1835830000
0.0159947000 0.1255290000 -0.1394830000
0.0396919000 0.1283880000 -0.1130600000
0.0521689000 0.1454310000 -0.0987998000
0.0911624000 0.1698550000 -0.0731291000
0.1073430000 0.1866690000 -0.0591707000
0.1233900000 0.1986670000 -0.0541756000
0.1597970000 0.2288310000 -0.0445223000
0.3596300000 0.1548430000 0.2537100000
0.3431860000 0.2554810000 0.1667780000
0.3273340000 0.2264840000 0.1385150000
0.3162030000 0.2134630000 0.1384940000
0.2999430000 0.1570650000 0.1461400000
0.2962590000 0.0481023000 0.3300890000
0.1890870000 0.2703810000 -0.0884042000
0.0957655000 0.1970250000 -0.1624220000
0.0640495000 0.1770890000 -0.1624420000
0.0361517000 0.1492690000 -0.1800690000
0.0343735000 0.1336390000 -0.1197480000
0.0641461000 0.1556360000 -0.0883350000
0.0727142000 0.1565470000 -0.0802765000
0.1430370000 0.2168720000 -0.0480502000
0.3535410000 0.2092970000 0.2190170000
0.3515330000 0.2541160000 0.1857240000
0.3377000000 0.2493660000 0.1545490000
0.2623120000 0.0651500000 0.2465930000
0.2584910000 0.0415451000 0.2843200000
0.2689050000 0.0308398000 0.3074380000
0.2817790000 0.0473731000 0.3258970000
0.0470888000 0.1618500000 -0.1725360000
0.0126746000 0.1350090000 -0.1524560000
0.0129210000 0.1310830000 -0.1458290000
0.0337543000 0.1449790000 -0.1225830000
0.1562820000 0.2328390000 -0.0425078000
0.0990447000 0.2091930000 -0.1477980000
0.3345800000 0.1289140000 0.2820750000
0.3496730000 0.1666450000 0.2500970000
0.3485640000 0.2562920000 0.1782270000
0.2848990000 0.1197920000 0.1778510000
0.2705900000 0.0841854000 0.2128450000
0.2604150000 0.0561690000 0.2624920000
0.1680590000 0.2418410000 -0.0404600000
0.1126810000 0.2201930000 -0.1356990000
0.0757307000 0.1873730000 -0.1614970000
0.0196963000 0.1435800000 -0.1673980000
0.0474919000 0.1536280000 -0.0997929000
0.0804636000 0.1666540000 -0.0744082000
0.3037570000 0.1842170000 0.1389880000
0.2858220000 0.0660609000 0.3295950000
0.3198850000 0.1171980000 0.2914140000
0.1927950000 0.2644520000 -0.0512996000
0.1956950000 0.2700130000 -0.0604172000
0.1442140000 0.2400220000 -0.1176540000
0.1165220000 0.2292630000 -0.1302820000
0.0841081000 0.2012980000 -0.1515730000
0.0355322000 0.1574130000 -0.1672240000
0.0817496000 0.1720750000 -0.0680212000
0.1313930000 0.2086340000 -0.0490457000
0.3322780000 0.1492640000 0.2691400000
0.3509870000 0.1841990000 0.2377040000
0.3107260000 0.2266060000 0.1436520000
0.2865770000 0.1394650000 0.1594610000
0.2663200000 0.0795457000 0.2251920000
0.2747970000 0.0713553000 0.3151980000
0.1934710000 0.2740510000 -0.0792766000
0.0269066000 0.1500750000 -0.1706090000
0.0235189000 0.1489870000 -0.1614160000
0.0159712000 0.1408930000 -0.1557690000
0.0439161000 0.1520360000 -0.1047870000
0.3632420000 0.2134130000 0.2070250000
0.3538210000 0.2469880000 0.1929280000
0.3137970000 0.2437410000 0.1497740000
0.2611910000 0.0774554000 0.2623100000
0.2582640000 0.0600747000 0.2815340000
0.3053010000 0.1102220000 0.2936230000
0.1801330000 0.2622190000 -0.0982790000
0.0318268000 0.1564970000 -0.1498500000
0.0247403000 0.1427040000 -0.1419080000
0.0399899000 0.1557870000 -0.1140250000
0.0709453000 0.1710380000 -0.0771896000
0.0951953000 0.1840750000 -0.0615218000
0.2770430000 0.1418460000 0.1729100000
0.2815270000 0.1345050000 0.1678230000
0.0660574000 0.1844800000 -0.1504700000
0.0412642000 0.1643450000 -0.1551360000
0.1545620000 0.2503790000 -0.1089570000
0.0927044000 0.2148940000 -0.1423250000
0.3325130000 0.2326070000 0.2233760000
0.2900000000 0.1783960000 0.1473660000
0.2688060000 0.0973286000 0.2139510000
0.2639100000 0.0641742000 0.2991140000
0.3010090000 0.1284460000 0.2848960000
0.0691412000 0.1956940000 -0.1497350000
0.0623802000 0.1909470000 -0.1354680000
0.0417701000 0.1704860000 -0.1381230000
0.0369838000 0.1624600000 -0.1355820000
0.0853854000 0.1836520000 -0.0656859000
0.1069510000 0.1930060000 -0.0545754000
0.1867760000 0.2556400000 -0.0423470000
0.3336930000 0.1610350000 0.2630000000
0.2732350000 0.1148640000 0.1981960000
0.2632210000 0.0883326000 0.2390960000
0.2604830000 0.0779169000 0.2859620000
0.2760810000 0.0821237000 0.3069060000
0.2888240000 0.1076990000 0.2867460000
0.1957370000 0.2730300000 -0.0703884000
0.0596572000 0.1782110000 -0.1464410000
0.0493165000 0.1743500000 -0.1431010000
0.0426463000 0.1717610000 -0.1255420000
0.0584798000 0.1651630000 -0.0865906000
0.0632200000 0.1745860000 -0.0827380000
0.3026010000 0.2127930000 0.1421060000
0.2863460000 0.1649660000 0.1550360000
0.2676310000 0.1508540000 0.1799020000
0.2689350000 0.0987855000 0.2818650000
0.1795300000 0.2543550000 -0.0402053000
0.0440403000 0.1748180000 -0.1323660000
0.0683022000 0.1801840000 -0.0761010000
0.1077710000 0.2035170000 -0.0543648000
0.3317680000 0.1780740000 0.2536520000
0.3388860000 0.1943710000 0.2432590000
0.3287800000 0.2657870000 0.1834630000
0.2804850000 0.1873380000 0.1495780000
0.2601200000 0.1051940000 0.2316560000
0.2764760000 0.1026860000 0.2862730000
0.1282340000 0.2128350000 -0.0474190000
0.1375550000 0.2448410000 -0.1167470000
0.1041750000 0.2228220000 -0.1351650000
0.0429111000 0.1629920000 -0.1074920000
0.2626980000 0.1248760000 0.2135710000
0.2626510000 0.0930773000 0.2731020000
0.2869090000 0.1255510000 0.2780080000
0.3095300000 0.1433810000 0.2774330000
0.1378430000 0.2215300000 -0.0445470000
0.1646880000 0.2518200000 -0.0393704000
0.1179490000 0.2368800000 -0.1235870000
0.0785105000 0.2074370000 -0.1446510000
0.0443924000 0.1745700000 -0.1014190000
0.0502269000 0.1715740000 -0.0936989000
0.0568092000 0.1839150000 -0.0918559000
0.0817986000 0.1923500000 -0.0688153000
0.2699020000 0.1748010000 0.1572300000
0.2654860000 0.1113730000 0.2684130000
0.3200070000 0.1535940000 0.2723410000
0.1655680000 0.2683960000 -0.0953055000
0.0743423000 0.2175710000 -0.1358840000
0.3404020000 0.2390250000 0.2112600000
0.3238960000 0.2651410000 0.1745190000
0.2859920000 0.2101000000 0.1485760000
0.2714940000 0.1559340000 0.1708690000
0.2619590000 0.1042740000 0.2564890000
0.2983800000 0.1399850000 0.2783520000
0.0549575000 0.1955030000 -0.1291840000
0.1292840000 0.2282990000 -0.0440920000
0.1787910000 0.2730610000 -0.0449686000
0.1818210000 0.2826160000 -0.0566291000
0.0481853000 0.1858660000 -0.1319240000
0.0440636000 0.1822720000 -0.1225740000
0.2859800000 0.1376020000 0.2734470000
0.3315830000 0.2154780000 0.2352950000
0.3144390000 0.2563160000 0.1600150000
0.3041210000 0.2441100000 0.1506250000
0.2724250000 0.1104990000 0.2800450000
0.2984940000 0.2564530000 0.1595320000
0.1474260000 0.2391500000 -0.0404951000
0.1249550000 0.2525660000 -0.1123720000
0.0620506000 0.1886080000 -0.0836905000
0.3259730000 0.1897350000 0.2523150000
0.3325220000 0.2548590000 0.2055060000
0.3302470000 0.2627420000 0.1978240000
0.3171440000 0.2630310000 0.1676530000
0.2963060000 0.2661670000 0.1651950000
0.2709320000 0.1860920000 0.1530410000
0.2632380000 0.1442400000 0.1932120000
0.2591910000 0.1401210000 0.2110620000
0.2996630000 0.1571490000 0.2724850000
0.1522230000 0.2441300000 -0.0370899000
0.1737500000 0.2743990000 -0.0885374000
0.0648897000 0.2131920000 -0.1356800000
0.0674368000 0.2073300000 -0.1371960000
0.0627836000 0.2028660000 -0.1319580000
0.0731790000 0.1933950000 -0.0738784000
0.1036120000 0.2116110000 -0.0511071000
0.1145320000 0.2177530000 -0.0477715000
0.3200610000 0.2054310000 0.2458090000
0.2921110000 0.2449160000 0.1542600000
0.2883600000 0.2314090000 0.1502770000
0.2598280000 0.1187080000 0.2441170000
0.2595190000 0.1255310000 0.2500580000
0.1529740000 0.2490090000 -0.0321951000
0.0582214000 0.2056620000 -0.1285390000
0.0495631000 0.1896260000 -0.1059710000
0.3088190000 0.1933240000 0.2546930000
0.3175470000 0.2197260000 0.2411850000
0.3190540000 0.2536670000 0.2218300000
0.2713180000 0.2086050000 0.1503550000
0.2560760000 0.1852540000 0.1635080000
0.2593480000 0.1752000000 0.1699030000
0.2709350000 0.1248680000 0.2701250000
0.1842210000 0.2816130000 -0.0680488000
0.1180310000 0.2462040000 -0.1166880000
0.0799884000 0.2186310000 -0.1377200000
0.0491828000 0.1935390000 -0.1184550000
0.3235200000 0.2350620000 0.2290240000
0.2994900000 0.1853790000 0.2608400000
0.0810342000 0.2025650000 -0.0650905000
0.1079020000 0.2174870000 -0.0428783000
0.1229980000 0.2265410000 -0.0360442000
0.1702490000 0.2636440000 -0.0404355000
0.1473860000 0.2607950000 -0.1036300000
0.3252380000 0.2576570000 0.2125270000
0.2597890000 0.2068880000 0.1550050000
0.2524970000 0.1613360000 0.1932450000
0.2542780000 0.1445590000 0.2297960000
0.2567870000 0.1353560000 0.2475490000
0.2655640000 0.1338960000 0.2636360000
0.2863720000 0.1520860000 0.2675900000
0.0623640000 0.2153730000 -0.1309790000
0.0508997000 0.2033950000 -0.1173230000
0.0511348000 0.1991190000 -0.1063400000
0.1801960000 0.2803090000 -0.0802287000
0.1442020000 0.2682040000 -0.1022110000
0.1375890000 0.2649200000 -0.1050330000
0.0963157000 0.2301720000 -0.1267180000
0.3185550000 0.2429340000 0.2303410000
0.3133600000 0.2762310000 0.1999890000
0.3111130000 0.2694730000 0.1740570000
0.2748100000 0.2433120000 0.1570480000
0.2740160000 0.1382210000 0.2690320000
0.2704580000 0.1535340000 0.2613820000
0.1405260000 0.2353230000 -0.0290542000
0.1477320000 0.2530400000 -0.0272819000
0.1729230000 0.2720350000 -0.0375801000
0.1801370000 0.2778190000 -0.0484870000
0.1785520000 0.2862620000 -0.0642105000
0.1621460000 0.2757790000 -0.0912865000
0.0684095000 0.2043730000 -0.0783306000
0.0885539000 0.2081390000 -0.0507670000
0.3148710000 0.2105870000 0.2477270000
0.3149130000 0.2418300000 0.2396750000
0.3245800000 0.2661730000 0.2048360000
0.2445080000 0.1766840000 0.1830270000
0.2528230000 0.1669420000 0.1821230000
0.1107560000 0.2439900000 -0.1132610000
0.0965641000 0.2375520000 -0.1161680000
0.0787770000 0.2057470000 -0.0559170000
0.3151790000 0.2192650000 0.2526770000
0.3136000000 0.2764920000 0.1882060000
0.2892820000 0.2576930000 0.1603210000
0.2699290000 0.2313640000 0.1537910000
0.2451220000 0.1630560000 0.2088800000
0.2567760000 0.1463820000 0.2487970000
0.2750200000 0.1730040000 0.2589900000
0.2899620000 0.1674810000 0.2658980000
0.0551329000 0.2099570000 -0.1109110000
0.0557161000 0.2064680000 -0.0980412000
0.1350420000 0.2406410000 -0.0240827000
0.0615043000 0.2218180000 -0.1299990000
0.3058490000 0.2739070000 0.1757480000
0.2445260000 0.2070660000 0.1554670000
0.2500350000 0.1898620000 0.1638030000
0.2831440000 0.1809910000 0.2642360000
0.1624260000 0.2609960000 -0.0333169000
0.1662310000 0.2851630000 -0.0807872000
0.0609602000 0.2140070000 -0.1201870000
0.0644736000 0.2045640000 -0.0857541000
0.0638604000 0.2071670000 -0.0729683000
0.0822810000 0.2136320000 -0.0452865000
0.2845460000 0.2609120000 0.1640510000
0.2525600000 0.1626700000 0.2487910000
0.2652190000 0.1666240000 0.2568580000
0.3038380000 0.2008190000 0.2574090000
0.3070270000 0.2116490000 0.2589570000
0.1816090000 0.2919800000 -0.0561841000
0.1735870000 0.2869690000 -0.0718546000
0.0867427000 0.2343920000 -0.1069070000
0.3160860000 0.2681450000 0.2115530000
0.2522620000 0.2203560000 0.1509550000
0.2386080000 0.1935620000 0.1638120000
0.2460440000 0.1594210000 0.2180280000
0.1383940000 0.2560860000 -0.0171662000
0.1772110000 0.2945600000 -0.0688763000
0.1528520000 0.2801860000 -0.0914692000
0.0657756000 0.2253940000 -0.1229700000
0.0597285000 0.2081950000 -0.0879471000
0.1007540000 0.2228820000 -0.0380222000
0.1356350000 0.2447030000 -0.0182271000
0.3135240000 0.2315680000 0.2515230000
0.3159210000 0.2560990000 0.2303490000
0.3109120000 0.2796360000 0.1933880000
0.2735990000 0.2530800000 0.1588430000
0.2597470000 0.2348950000 0.1543310000
0.2332100000 0.1821660000 0.1761460000
0.1640020000 0.2766890000 -0.0345735000
0.1559790000 0.2881130000 -0.0919056000
0.1103150000 0.2601920000 -0.1067590000
0.0696832000 0.2293410000 -0.1100570000
0.0597406000 0.2235390000 -0.1179600000
0.0599591000 0.2216760000 -0.1084070000
0.0588932000 0.2142560000 -0.0944886000
0.2585070000 0.1715480000 0.2589680000
0.1009310000 0.2452680000 -0.1102200000
0.0570495000 0.2122370000 -0.0798745000
0.3087780000 0.2579280000 0.2432790000
0.3066700000 0.2800880000 0.1868180000
0.2944100000 0.2733200000 0.1747150000
0.2263860000 0.2037160000 0.1665690000
0.2319090000 0.1683210000 0.1975550000
0.2477500000 0.1586080000 0.2361140000
0.3002590000 0.2092620000 0.2623400000
0.3085490000 0.2299650000 0.2589530000
0.1804210000 0.2827360000 -0.0441782000
0.1182240000 0.2540470000 -0.1093100000
0.0707341000 0.2088570000 -0.0633163000
0.0659786000 0.2158160000 -0.0525399000
0.1274210000 0.2380050000 -0.0230905000
0.1233700000 0.2437640000 -0.0219021000
0.3048590000 0.2910480000 0.1812140000
0.2852340000 0.2760410000 0.1631080000
0.2324040000 0.1661280000 0.2164860000
0.2673180000 0.1761670000 0.2641490000
0.2776000000 0.1846230000 0.2663330000
0.1678050000 0.2928130000 -0.0813244000
0.1321860000 0.2712590000 -0.0999213000
0.0902337000 0.2472850000 -0.1083590000
0.0584499000 0.2245380000 -0.1060010000
0.0735194000 0.2125760000 -0.0519292000
0.2905230000 0.2195310000 0.2625840000
0.2975240000 0.2321270000 0.2618880000
0.2794630000 0.1943540000 0.2666800000
0.1522220000 0.2687370000 -0.0315957000
0.0868924000 0.2232120000 -0.0407303000
0.1059410000 0.2354390000 -0.0292312000
0.3060410000 0.2415300000 0.2566400000
0.2685290000 0.2538080000 0.1599370000
0.2805600000 0.2118680000 0.2651180000
0.1757320000 0.2981400000 -0.0607257000
0.1619540000 0.2974850000 -0.0785513000
0.0857548000 0.2402730000 -0.1038160000
0.0702947000 0.2318330000 -0.1072860000
0.0545787000 0.2154670000 -0.0888768000
0.1318510000 0.2540230000 -0.0134599000
0.3049140000 0.2561820000 0.2524280000
0.2979530000 0.2888980000 0.1710470000
0.2527540000 0.2474010000 0.1629430000
0.2358850000 0.2258660000 0.1559740000
0.1671630000 0.2901150000 -0.0380685000
0.0996153000 0.2541740000 -0.1095570000
0.3105660000 0.2887970000 0.1960290000
0.2831670000 0.2775030000 0.1627420000
0.2400970000 0.2294130000 0.1539310000
0.2481880000 0.1797480000 0.2575900000
0.1434690000 0.2851780000 -0.0960430000
0.1228030000 0.2734930000 -0.1064180000
0.0716045000 0.2375860000 -0.1136290000
0.0519550000 0.2206680000 -0.0893024000
0.0767529000 0.2240280000 -0.0448902000
0.0870955000 0.2330290000 -0.0366272000
0.1199380000 0.2543270000 -0.0212132000
0.3088080000 0.2704370000 0.2342250000
0.3135240000 0.2787820000 0.2112840000
0.2922330000 0.2858780000 0.1666940000
0.2722790000 0.2768680000 0.1689760000
0.2574320000 0.2559220000 0.1661900000
0.2199930000 0.1776310000 0.2036400000
0.2557150000 0.1871480000 0.2661360000
0.1680970000 0.2972030000 -0.0446246000
0.0903498000 0.2542350000 -0.1178170000
0.0559048000 0.2163420000 -0.0757297000
0.3085020000 0.2866440000 0.2135230000
0.2356980000 0.1700550000 0.2367920000
0.2710490000 0.1980840000 0.2676910000
0.1365410000 0.2670390000 -0.0201996000
0.1520360000 0.2835480000 -0.0324276000
0.1562410000 0.3074720000 -0.0456820000
0.1657840000 0.3020500000 -0.0564183000
0.1581650000 0.3019990000 -0.0717796000
0.1467630000 0.3026700000 -0.0836636000
0.1484470000 0.2986780000 -0.0864341000
0.1091180000 0.2663990000 -0.1106560000
0.0849556000 0.2555180000 -0.1192810000
0.0544943000 0.2286680000 -0.1031320000
0.3000960000 0.2978760000 0.1936570000
0.2799040000 0.2925020000 0.1772900000
0.2137450000 0.2043860000 0.1783560000
0.2336870000 0.1830140000 0.2481600000
0.0695000000 0.2441030000 -0.1164030000
0.0528651000 0.2175660000 -0.0680782000
0.3027310000 0.2693050000 0.2538150000
0.3043030000 0.2936390000 0.2073070000
0.2905590000 0.2967890000 0.1797280000
0.2650910000 0.2755650000 0.1783500000
0.2488720000 0.2494830000 0.1659630000
0.2409110000 0.2451380000 0.1609390000
0.1268130000 0.2603790000 -0.0170534000
0.1430580000 0.2809350000 -0.0243344000
0.1305040000 0.2867880000 -0.0933303000
0.0939696000 0.2613040000 -0.1171910000
0.0629225000 0.2371410000 -0.1120810000
0.1047350000 0.2482430000 -0.0307228000
0.2853300000 0.2324610000 0.2676220000
0.2975110000 0.2612760000 0.2588590000
0.3046210000 0.2758860000 0.2441070000
0.3045220000 0.2824950000 0.2290810000
0.2342310000 0.2511080000 0.1586460000
0.2118190000 0.1868400000 0.2069190000
0.1102380000 0.2743720000 -0.1050120000
0.0462283000 0.2236990000 -0.0898882000
0.0637722000 0.2244780000 -0.0543951000
0.1294110000 0.2753300000 -0.0294578000
0.2279490000 0.2339960000 0.1559850000
0.2433260000 0.1979910000 0.2644060000
0.2666670000 0.2120030000 0.2650550000
0.2790370000 0.2171370000 0.2668140000
0.1406360000 0.2863760000 -0.0264887000
0.0760503000 0.2582660000 -0.1336010000
0.0673169000 0.2318130000 -0.0495389000
0.1238680000 0.2661190000 -0.0071499400
0.2864060000 0.2437590000 0.2675340000
0.2833990000 0.2557600000 0.2669880000
0.2990670000 0.2967410000 0.2115520000
0.2935230000 0.3007930000 0.1938300000
0.2038080000 0.2039690000 0.1908360000
0.2626940000 0.2084760000 0.2638640000
0.1589380000 0.2946610000 -0.0363943000
0.1369080000 0.2972390000 -0.0911075000
0.1082740000 0.2807630000 -0.1120040000
0.0900355000 0.2648920000 -0.1267980000
0.0649420000 0.2458910000 -0.1233930000
0.0449735000 0.2288410000 -0.0844435000
0.0510952000 0.2258950000 -0.0704778000
0.0858587000 0.2460130000 -0.0391789000
0.2133650000 0.1933100000 0.1855460000
0.2185440000 0.1829270000 0.2312850000
0.2319450000 0.1979760000 0.2610060000
0.1428440000 0.3018000000 -0.0858445000
0.1159010000 0.2850560000 -0.1057480000
0.0553174000 0.2371120000 -0.1135700000
0.0502581000 0.2324290000 -0.1065470000
0.2937780000 0.2767710000 0.2443530000
0.3019290000 0.2854850000 0.2370650000
0.2741050000 0.2293350000 0.2749470000
0.1267720000 0.2819390000 -0.0303013000
0.1310450000 0.2920460000 -0.0362851000
0.1472390000 0.2936530000 -0.0287474000
0.1505250000 0.3060360000 -0.0571070000
0.1376630000 0.3003780000 -0.0827269000
0.1288610000 0.2953410000 -0.0950692000
0.1020360000 0.2531180000 -0.0259214000
0.0978171000 0.2580830000 -0.0152110000
0.1135340000 0.2582120000 -0.0181450000
0.2842220000 0.2619190000 0.2632610000
0.2779610000 0.2688690000 0.2416600000
0.3005740000 0.2802410000 0.2438960000
0.2752110000 0.2979150000 0.1899270000
0.2053970000 0.1953010000 0.2367100000
0.2541710000 0.2341940000 0.2832560000
0.2646130000 0.2379740000 0.2803810000
0.1465600000 0.3094720000 -0.0331340000
0.1133550000 0.2866630000 -0.1052000000
0.0447702000 0.2345570000 -0.0995263000
0.0499309000 0.2318650000 -0.0669812000
0.0805285000 0.2502240000 -0.0396444000
0.1233460000 0.2784300000 -0.0112688000
0.2893220000 0.2867110000 0.2347600000
0.2968950000 0.2970690000 0.2263030000
0.2550050000 0.2680210000 0.1751900000
0.2557190000 0.2798900000 0.1781920000
0.1861270000 0.2103260000 0.2135620000
0.2136840000 0.1840880000 0.2249070000
0.2522030000 0.2131680000 0.2631270000
0.2545030000 0.2211580000 0.2703460000
0.1428360000 0.3019480000 -0.0299056000
0.1513880000 0.3090430000 -0.0381282000
0.1384120000 0.3014770000 -0.0528203000
0.0941717000 0.2762350000 -0.1089730000
0.0550350000 0.2483820000 -0.1218600000
0.0668950000 0.2425280000 -0.0544081000
0.2844540000 0.3060960000 0.1923170000
0.2259470000 0.2513260000 0.1614750000
0.2115880000 0.2271050000 0.1709710000
0.1496450000 0.3028710000 -0.0315341000
0.1464490000 0.3066690000 -0.0507667000
0.1280870000 0.2939460000 -0.0684895000
0.1174720000 0.2864550000 -0.0777623000
0.0975541000 0.2772630000 -0.1155540000
0.0843967000 0.2700770000 -0.1273140000
0.0537120000 0.2381220000 -0.0648672000
0.2745290000 0.2650550000 0.2467110000
0.2261250000 0.2179700000 0.2640960000
0.1186800000 0.2862030000 -0.0123107000
0.1437480000 0.3101520000 -0.0483804000
0.1282920000 0.2962130000 -0.0537755000
0.1083700000 0.2832940000 -0.0811557000
0.1005620000 0.2786990000 -0.0969602000
0.0409803000 0.2356150000 -0.0806130000
0.0505529000 0.2407420000 -0.0675649000
0.0912587000 0.2542570000 -0.0216583000
0.2795060000 0.2645030000 0.2602680000
0.2784470000 0.2929400000 0.2268500000
0.2173570000 0.2015250000 0.2540210000
0.1207690000 0.2922240000 -0.0693196000
0.2898980000 0.3112770000 0.1989990000
0.2673690000 0.2999500000 0.1838570000
0.2445300000 0.2736940000 0.1633980000
0.2366300000 0.2681330000 0.1604300000
0.2196640000 0.2410580000 0.1634150000
0.1207600000 0.2699380000 -0.0076020500
0.1325850000 0.2964540000 -0.0192047000
0.0840917000 0.2745470000 -0.1110880000
0.0612599000 0.2605390000 -0.1348840000
0.0441458000 0.2473540000 -0.1134700000
0.0744988000 0.2502380000 -0.0320913000
0.2790700000 0.2820180000 0.2364640000
0.2832650000 0.3111960000 0.1948830000
0.2554800000 0.2928100000 0.1727380000
0.2253910000 0.2660300000 0.1636730000
0.1960220000 0.2278600000 0.1926220000
0.2033300000 0.2191620000 0.1829160000
0.2428110000 0.2223970000 0.2646960000
0.1410540000 0.3070310000 -0.0309817000
0.1387270000 0.3137180000 -0.0552532000
0.1308040000 0.2998140000 -0.0518309000
0.0763189000 0.2691510000 -0.1331710000
0.0376902000 0.2417760000 -0.0921077000
0.0573037000 0.2469850000 -0.0494860000
0.2492910000 0.2458360000 0.2850810000
0.2577450000 0.2650900000 0.2513630000
0.2906090000 0.2997070000 0.2246530000
0.2890820000 0.3092490000 0.2099330000
0.2413090000 0.2825110000 0.1602710000
0.2330620000 0.2885720000 0.1597330000
0.1893600000 0.2024370000 0.2201490000
0.2466260000 0.2392540000 0.2840170000
0.1362620000 0.3140040000 -0.0344757000
0.1432570000 0.3166710000 -0.0492447000
0.1342930000 0.3241890000 -0.0589511000
0.1158800000 0.2984680000 -0.0673429000
0.0515577000 0.2604640000 -0.1340520000
0.0695093000 0.2518950000 -0.0309508000
0.2629420000 0.2819170000 0.2398440000
0.2747600000 0.3100270000 0.1889930000
0.2485060000 0.2938290000 0.1650120000
0.2181930000 0.2144360000 0.2614900000
0.2373710000 0.2384610000 0.2732360000
0.0912706000 0.2633630000 -0.0118910000
0.0885185000 0.2692770000 -0.0125152000
0.1048260000 0.2745480000 -0.0095968900
0.1275020000 0.2928540000 -0.0151703000
0.1362580000 0.3036560000 -0.0285283000
0.1418100000 0.3161920000 -0.0432439000
0.0946316000 0.2831470000 -0.0925190000
0.0884663000 0.2859360000 -0.0992879000
0.0423277000 0.2446430000 -0.0707343000
0.0786253000 0.2571870000 -0.0180125000
0.2643030000 0.2571620000 0.2732610000
0.2549500000 0.2724890000 0.2428810000
0.2756070000 0.3012590000 0.2169970000
0.2813580000 0.3125190000 0.2067710000
0.1213710000 0.3056000000 -0.0631813000
0.0986207000 0.2943310000 -0.0863579000
0.0722408000 0.2699090000 -0.1352600000
0.0472436000 0.2569310000 -0.1259920000
0.2613880000 0.2620570000 0.2674620000
0.2724280000 0.3011590000 0.2308870000
0.2695350000 0.3033010000 0.2161730000
0.1884130000 0.2365360000 0.2078230000
0.0973578000 0.2780150000 -0.0147946000
0.1056050000 0.2924340000 -0.0235674000
0.1228610000 0.3010260000 -0.0189984000
0.1370280000 0.3251330000 -0.0450586000
0.1086420000 0.3040710000 -0.0733788000
0.0364964000 0.2476170000 -0.0944881000
0.2548670000 0.3074060000 0.1728760000
0.1290570000 0.3210660000 -0.0667687000
0.0481435000 0.2647820000 -0.1322820000
0.2400730000 0.2694370000 0.2519490000
0.2677020000 0.2989690000 0.2375680000
0.2702680000 0.3119970000 0.2050980000
0.2763910000 0.3162890000 0.1972720000
0.2684670000 0.3142470000 0.1860690000
0.2280590000 0.2913590000 0.1634190000
0.2048150000 0.2502180000 0.1849760000
0.1845050000 0.2209800000 0.2124100000
0.1828960000 0.2161000000 0.2368230000
0.1879330000 0.2252100000 0.2449990000
0.2158950000 0.2309070000 0.2651910000
0.0753835000 0.2634700000 -0.0161871000
0.1124960000 0.3014870000 -0.0240873000
0.1287610000 0.3142280000 -0.0206647000
0.0760559000 0.2805420000 -0.1220910000
0.0553142000 0.2675180000 -0.1383420000
0.0371700000 0.2579460000 -0.0974313000
0.0384943000 0.2414010000 -0.0823981000
0.0675153000 0.2612540000 -0.0222437000
0.2539100000 0.2579030000 0.2749570000
0.2671460000 0.3048250000 0.2360770000
0.2244840000 0.2351340000 0.2692510000
0.2398400000 0.2398550000 0.2823950000
0.2387040000 0.2427240000 0.2865150000
0.1286610000 0.3186570000 -0.0236830000
0.1278160000 0.3271730000 -0.0615417000
0.1203980000 0.3209280000 -0.0767275000
0.0543287000 0.2745840000 -0.1381220000
0.0436885000 0.2646510000 -0.1153950000
0.0520068000 0.2506780000 -0.0529054000
0.2616650000 0.3157840000 0.1914810000
0.2399560000 0.2988440000 0.1617810000
0.2108950000 0.2609320000 0.1770160000
0.0475995000 0.2649280000 -0.0572427000
0.0632703000 0.2592780000 -0.0354723000
0.0827076000 0.2851110000 -0.0283588000
0.1216870000 0.3252650000 -0.0589452000
0.0998696000 0.3100490000 -0.0942409000
0.0699017000 0.2795060000 -0.1315460000
0.2279270000 0.2494010000 0.2835570000
0.2369020000 0.2594440000 0.2735700000
0.2652410000 0.3144700000 0.2017760000
0.2309920000 0.3036870000 0.1611010000
0.1968690000 0.2545120000 0.1951690000
0.1745920000 0.2239960000 0.2275550000
0.1763430000 0.2243220000 0.2362900000
0.1885240000 0.2275900000 0.2521410000
0.2227310000 0.2360780000 0.2855200000
0.0981872000 0.2971990000 -0.0284813000
0.1061500000 0.3042960000 -0.0248704000
0.0815660000 0.2941470000 -0.1139870000
0.0659460000 0.2890960000 -0.1285990000
0.2268100000 0.2699780000 0.2535630000
0.2261310000 0.2973800000 0.1608050000
0.2142210000 0.2838440000 0.1737740000
0.2043710000 0.2307180000 0.2792100000
0.0751392000 0.2684670000 -0.0185275000
0.1171930000 0.3133960000 -0.0130974000
0.1173430000 0.3290330000 -0.0796039000
0.0416879000 0.2738060000 -0.1382050000
0.0392883000 0.2669390000 -0.1054810000
0.2441840000 0.2642270000 0.2659380000
0.2481680000 0.3144540000 0.1954920000
0.2045600000 0.2736610000 0.1816310000
0.1692180000 0.2275890000 0.2405990000
0.1774170000 0.2251850000 0.2633150000
0.2184200000 0.2418370000 0.2863510000
0.0820854000 0.2761180000 -0.0232798000
0.1165820000 0.3168500000 -0.0150516000
0.1103920000 0.3177180000 -0.0324819000
0.1135970000 0.3193520000 -0.0479954000
0.0783621000 0.3030450000 -0.1153030000
0.0446807000 0.2695220000 -0.1327450000
0.2317450000 0.2765220000 0.2456030000
0.2089260000 0.2953520000 0.1610950000
0.1911090000 0.2649220000 0.1965290000
0.1691650000 0.2298760000 0.2312970000
0.1986430000 0.2312440000 0.2840000000
0.1144950000 0.3281400000 -0.0723084000
0.0352109000 0.2687180000 -0.1339060000
0.0425805000 0.2692700000 -0.1206820000
0.0383853000 0.2580040000 -0.0711709000
0.0528094000 0.2680190000 -0.0446417000
0.2639650000 0.3138410000 0.2334680000
0.2650900000 0.3162410000 0.2094330000
0.2412320000 0.3110870000 0.1715210000
0.2225960000 0.3054020000 0.1627880000
0.2170850000 0.2922260000 0.1652480000
0.1806560000 0.2445820000 0.2164640000
0.1587730000 0.2302580000 0.2334420000
0.1682670000 0.2252070000 0.2519690000
0.1711290000 0.2265700000 0.2658260000
0.0574344000 0.2681600000 -0.0246631000
0.0618954000 0.2734490000 -0.0244251000
0.0950840000 0.3032060000 -0.0242573000
0.1091320000 0.3216070000 -0.0521676000
0.1092170000 0.3331620000 -0.0817910000
0.1117030000 0.3274160000 -0.0858373000
0.0950517000 0.3144370000 -0.1001570000
0.0641948000 0.2947800000 -0.1246140000
0.0349619000 0.2589320000 -0.0785281000
0.0534876000 0.2678110000 -0.0328935000
0.2367990000 0.2874590000 0.2414580000
0.2461750000 0.2887490000 0.2380600000
0.2672180000 0.3204790000 0.2271770000
0.2009780000 0.2901170000 0.1651040000
0.1951400000 0.2785220000 0.1817920000
0.1710740000 0.2437010000 0.2195970000
0.2024950000 0.2340300000 0.2864840000
0.0625316000 0.2857100000 -0.0383927000
0.1063670000 0.3198860000 -0.0348226000
0.1059700000 0.3298570000 -0.0633889000
0.0381674000 0.2702310000 -0.1127790000
0.1969470000 0.2388370000 0.2849860000
0.2036710000 0.2496270000 0.2750380000
0.2194130000 0.2656510000 0.2605180000
0.2379620000 0.3105870000 0.1890790000
0.1929860000 0.2714580000 0.1904930000
0.1813630000 0.2598280000 0.2025840000
0.1439070000 0.2280650000 0.2358850000
0.0845491000 0.2968930000 -0.0298313000
0.0994117000 0.3086570000 -0.0131367000
0.1060620000 0.3142770000 -0.0128795000
0.0492466000 0.2872670000 -0.1247910000
0.0509195000 0.2811330000 -0.1326480000
0.2138500000 0.2696630000 0.2560080000
0.2372270000 0.3128660000 0.1955180000
0.1418740000 0.2394540000 0.2174170000
0.1679020000 0.2391090000 0.2707720000
0.0878829000 0.3067290000 -0.0150196000
0.0356930000 0.2732360000 -0.1369190000
0.0243905000 0.2660090000 -0.1328870000
0.0323537000 0.2727250000 -0.0948642000
0.0348321000 0.2685720000 -0.0724802000
0.0430050000 0.2721690000 -0.0554206000
0.1920310000 0.2436880000 0.2850580000
0.2197130000 0.2790790000 0.2479360000
0.2600150000 0.3275100000 0.2310890000
0.2628670000 0.3339480000 0.2240430000
0.2594680000 0.3183280000 0.2000720000
0.1494930000 0.2259850000 0.2474980000
0.0504682000 0.2741030000 -0.0294760000
0.0864093000 0.3056580000 -0.0269587000
0.0868856000 0.3080360000 -0.0087792600
0.1009100000 0.3160320000 -0.0243641000
0.1005170000 0.3209250000 -0.0296718000
0.1032350000 0.3293870000 -0.0412364000
0.0733303000 0.3072110000 -0.1118030000
0.0347644000 0.2794480000 -0.1309560000
0.0274407000 0.2666850000 -0.1254400000
0.0327953000 0.2680690000 -0.0805678000
0.0406224000 0.2668780000 -0.0361218000
0.2056070000 0.2688720000 0.2598150000
0.1841330000 0.2870380000 0.1661790000
0.1607860000 0.2743160000 0.1724350000
0.1358310000 0.2310830000 0.2347320000
0.1895370000 0.2347160000 0.2855990000
0.0470847000 0.2892460000 -0.1187050000
0.0066236300 0.2567270000 -0.1234970000
0.0124543000 0.2579710000 -0.1177300000
0.0579020000 0.2839760000 -0.0391512000
0.0903802000 0.3119840000 -0.0094143200
0.0902377000 0.3168410000 -0.0249012000
0.1048640000 0.3393460000 -0.0783622000
0.0991212000 0.3305860000 -0.0906737000
0.0864671000 0.3242090000 -0.0951748000
0.0727162000 0.3114780000 -0.0877440000
0.2543180000 0.3186690000 0.1981400000
0.1497410000 0.2648220000 0.1831760000
0.1341540000 0.2395130000 0.2196300000
0.1835670000 0.2448210000 0.2869500000
0.0197603000 0.2737030000 -0.1295260000
0.0497892000 0.2819110000 -0.0357157000
0.0619443000 0.2929870000 -0.0357447000
0.0759555000 0.3028290000 -0.0304342000
0.1008080000 0.3381500000 -0.0852774000
0.2474080000 0.3051360000 0.2371670000
0.1813850000 0.2896030000 0.1661580000
0.1505900000 0.2311300000 0.2541570000
0.1800850000 0.2493120000 0.2846080000
0.0752928000 0.3047600000 -0.0253341000
0.0826832000 0.3145640000 -0.0202010000
0.0963881000 0.3292810000 -0.0305241000
0.0742272000 0.3145640000 -0.0825959000
0.0521297000 0.2969870000 -0.0996235000
0.0100912000 0.2550730000 -0.1052690000
0.0126884000 0.2538060000 -0.0726151000
0.0339015000 0.2659330000 -0.0441331000
0.1968910000 0.2575670000 0.2721050000
0.2332420000 0.3059710000 0.2447060000
0.2153550000 0.3055200000 0.1968720000
0.2026470000 0.3054400000 0.1970370000
0.1872270000 0.2957510000 0.1673580000
0.1402190000 0.2537580000 0.1985440000
0.0259870000 0.2771440000 -0.1143940000
0.0033092600 0.2485900000 -0.0881154000
0.2491400000 0.3308330000 0.2349940000
0.2589990000 0.3326570000 0.2105970000
0.1911400000 0.2998800000 0.1731250000
0.1532230000 0.2784540000 0.1716100000
0.1300660000 0.2377640000 0.2391670000
0.1413060000 0.2354500000 0.2474810000
0.0293898000 0.2681130000 -0.0431612000
0.0517058000 0.2912200000 -0.0397213000
0.0610769000 0.3004210000 -0.0341339000
0.0696071000 0.3038020000 -0.0092598300
0.0931355000 0.3375500000 -0.0846187000
0.0833800000 0.3286970000 -0.0776629000
0.2065630000 0.2857970000 0.2558820000
0.2543690000 0.3439120000 0.2169600000
0.2003520000 0.3016610000 0.1927760000
0.1392420000 0.2638930000 0.1914290000
0.1831710000 0.2609680000 0.2878310000
0.0569652000 0.3006500000 -0.0257361000
0.0665801000 0.3014340000 -0.0145101000
0.0724686000 0.3102750000 -0.0080043400
0.0808782000 0.3184870000 -0.0229288000
0.0982351000 0.3521180000 -0.0665292000
0.0727525000 0.3208850000 -0.0811386000
0.0578806000 0.3058310000 -0.0926885000
0.0049267700 0.2692690000 -0.1233010000
0.0155008000 0.2678060000 -0.1308300000
0.0088589400 0.2612420000 -0.1279330000
0.0093481200 0.2537790000 -0.0714823000
0.0199991000 0.2639590000 -0.0541895000
0.1896200000 0.2582650000 0.2866170000
0.2219510000 0.3277400000 0.2015220000
0.1854170000 0.3003290000 0.1872930000
0.1580130000 0.2856690000 0.1747080000
0.1489350000 0.2764740000 0.1771940000
0.1260970000 0.2394140000 0.2293200000
0.1331480000 0.2421310000 0.2449970000
0.0247867000 0.2774470000 -0.1255580000
0.0005958800 0.2510720000 -0.1107380000
0.0057328800 0.2574580000 -0.0731056000
0.0855544000 0.3311630000 -0.0260331000
0.1017120000 0.3461660000 -0.0581412000
0.1973780000 0.2734640000 0.2729620000
0.1717590000 0.2958760000 0.1816920000
0.1236870000 0.2517990000 0.2134870000
0.1561700000 0.2489130000 0.2622000000
0.0929141000 0.3457850000 -0.0735825000
-0.0078457700 0.2548220000 -0.1177400000
-0.0099776900 0.2507900000 -0.1105970000
0.0310829000 0.2908040000 -0.0528336000
0.2011260000 0.2920800000 0.2749950000
0.2139160000 0.2861200000 0.2501120000
0.1622270000 0.2939680000 0.1814970000
0.1468640000 0.2827260000 0.1736270000
0.1493600000 0.2550920000 0.2604860000
0.0034341400 0.2706410000 -0.1158080000
-0.0034225200 0.2619790000 -0.1217130000
0.0190816000 0.2740210000 -0.0629646000
0.0372948000 0.2889370000 -0.0516648000
0.0459364000 0.2971280000 -0.0375656000
0.0590151000 0.3034110000 -0.0077672800
0.0977236000 0.3340960000 -0.0354172000
0.0975135000 0.3430000000 -0.0463130000
0.1016240000 0.3431680000 -0.0513387000
0.0487155000 0.2988240000 -0.0968658000
0.0396859000 0.2933860000 -0.0979353000
0.1911810000 0.2717230000 0.2893540000
0.1735920000 0.3039090000 0.1905200000
0.1079780000 0.2537630000 0.2457740000
0.1786440000 0.2750890000 0.2824700000
0.0541569000 0.2984560000 -0.0122421000
0.0605178000 0.3154880000 -0.0167722000
0.0608566000 0.3210390000 -0.0198376000
0.0809106000 0.3352490000 -0.0771991000
0.2297430000 0.3229080000 0.2472670000
0.2429530000 0.3540820000 0.2126800000
0.2391920000 0.3475760000 0.2070710000
0.2078270000 0.3214020000 0.1993320000
0.1835400000 0.3033910000 0.1943890000
0.1345240000 0.2707510000 0.1911580000
0.0058848200 0.2650500000 -0.0749415000
0.0669990000 0.3399460000 -0.0882842000
0.1896950000 0.2828200000 0.2908210000
0.2452670000 0.3422430000 0.2392340000
0.2494280000 0.3495220000 0.2255890000
0.0132285000 0.2762870000 -0.0701029000
0.0481035000 0.3026980000 -0.0063304700
0.0542909000 0.3083410000 -0.0111395000
0.0698579000 0.3343780000 -0.0218821000
0.0938053000 0.3569560000 -0.0561021000
0.0858657000 0.3473060000 -0.0714362000
0.0519584000 0.3169370000 -0.0975121000
0.0131574000 0.2742620000 -0.1095010000
-0.0062306500 0.2471750000 -0.0919749000
0.2213290000 0.3157730000 0.2512360000
0.2306730000 0.3460170000 0.2050820000
0.1519770000 0.2952800000 0.1769320000
0.0724196000 0.3472600000 -0.0784589000
-0.0241303000 0.2553910000 -0.0872537000
-0.0080008600 0.2503160000 -0.0875080000
0.2237520000 0.3343030000 0.2521830000
0.2012930000 0.3279780000 0.1970980000
0.1436720000 0.2882970000 0.1761600000
0.1342560000 0.2829890000 0.1863540000
0.1709730000 0.2768560000 0.2801200000
0.1831780000 0.2804620000 0.2885730000
0.0096320900 0.2781280000 -0.0688744000
0.0250920000 0.2887320000 -0.0384728000
0.0552991000 0.3183160000 -0.0159765000
0.0916792000 0.3501130000 -0.0438175000
0.0553449000 0.3353670000 -0.0977659000
0.0200161000 0.2932030000 -0.1003350000
-0.0225497000 0.2529150000 -0.1039660000
0.2009760000 0.3038620000 0.2832050000
0.2034860000 0.2959090000 0.2651080000
0.0439312000 0.2980350000 -0.0095418300
0.0449777000 0.3127330000 -0.0053723900
0.0742464000 0.3401490000 -0.0255261000
0.0704852000 0.3436540000 -0.0240748000
0.0908329000 0.3570180000 -0.0442428000
0.0838959000 0.3560460000 -0.0664321000
0.0278300000 0.3001290000 -0.1005830000
-0.0088159300 0.2680040000 -0.1108400000
-0.0150234000 0.2618610000 -0.1131510000
-0.0176028000 0.2550740000 -0.1130610000
0.1946220000 0.2963340000 0.2900510000
0.2066290000 0.3066510000 0.2577780000
0.2339320000 0.3592700000 0.2114330000
0.1848550000 0.3232680000 0.1912290000
0.1373020000 0.2926320000 0.1807030000
0.1395580000 0.2622330000 0.2623150000
0.0868626000 0.3578080000 -0.0597663000
0.0252444000 0.3102240000 -0.1031820000
-0.0070132900 0.2741560000 -0.1030300000
-0.0148954000 0.2581820000 -0.0810801000
-0.0002247610 0.2686230000 -0.0765301000
0.0081372300 0.2809510000 -0.0553490000
0.2458390000 0.3498060000 0.2345460000
0.1569740000 0.3149740000 0.1786350000
0.1146920000 0.2677760000 0.2080250000
0.1055160000 0.2607690000 0.2201670000
0.1239740000 0.2397600000 0.2349210000
-0.0003065680 0.2763220000 -0.0650819000
0.0608765000 0.3314650000 -0.0178827000
0.0571621000 0.3415910000 -0.0905079000
-0.0229214000 0.2617120000 -0.1069260000
0.2002850000 0.3259370000 0.2687700000
0.1242990000 0.2854370000 0.1955870000
0.1474730000 0.2712170000 0.2715220000
0.0839570000 0.3576500000 -0.0318449000
0.0841049000 0.3598600000 -0.0436667000
0.0732152000 0.3535750000 -0.0520338000
0.0160445000 0.2981620000 -0.0995304000
0.2033340000 0.3315550000 0.2643380000
0.1934100000 0.3372230000 0.1928050000
0.1675550000 0.3197550000 0.1816970000
0.1001500000 0.2671220000 0.2201160000
0.1200240000 0.2500200000 0.2481000000
0.0336359000 0.2927230000 -0.0211661000
0.0320411000 0.2978000000 -0.0124156000
0.0583169000 0.3406070000 -0.0092013700
0.0808039000 0.3616490000 -0.0345659000
0.0668359000 0.3493240000 -0.0618861000
0.0458043000 0.3396150000 -0.1021020000
0.0413970000 0.3310390000 -0.1021940000
0.2017390000 0.3124180000 0.2797060000
0.1991080000 0.3441670000 0.1951680000
0.1444770000 0.3017780000 0.1777790000
0.1237340000 0.2928270000 0.1972550000
0.1722850000 0.2873040000 0.2899830000
0.0131684000 0.2868980000 -0.0376214000
0.0500866000 0.3261280000 -0.0062945700
0.0474052000 0.3459470000 -0.0944030000
0.2276880000 0.3548430000 0.2060560000
0.1688240000 0.3310190000 0.1818630000
0.1041430000 0.2774460000 0.2184740000
0.1417740000 0.2887680000 0.2899520000
0.0067407400 0.2943470000 -0.0228386000
0.0367348000 0.3144920000 -0.0000718844
0.0462432000 0.3302750000 -0.0042274700
0.0373797000 0.3387660000 -0.1029740000
-0.0172346000 0.2804620000 -0.1020190000
0.1992830000 0.3208820000 0.2871770000
0.1931740000 0.3490700000 0.1946800000
0.1339980000 0.3012680000 0.1859170000
0.1159750000 0.2911310000 0.2085470000
0.0963022000 0.2626500000 0.2285560000
0.1057170000 0.2657940000 0.2616230000
0.1815700000 0.3001150000 0.2943590000
-0.0223944000 0.2629380000 -0.0737969000
-0.0071689900 0.2744600000 -0.0669789000
-0.0114449000 0.2864240000 -0.0469917000
0.0033455800 0.2888790000 -0.0345821000
0.0698717000 0.3656430000 -0.0259243000
0.0682963000 0.3547840000 -0.0508395000
0.0247188000 0.3216690000 -0.1031100000
-0.0285502000 0.2585630000 -0.1046300000
0.1893230000 0.3153010000 0.2913360000
0.2016140000 0.3317080000 0.2796790000
0.1059380000 0.2579730000 0.2514260000
0.1167160000 0.2679490000 0.2672330000
0.1675080000 0.2799460000 0.2828840000
0.0540299000 0.3470290000 -0.0810042000
0.0030189500 0.2884070000 -0.0999488000
-0.0315279000 0.2717940000 -0.1071250000
0.2313510000 0.3479230000 0.2475080000
0.2202010000 0.3686470000 0.2138010000
0.1534790000 0.3233480000 0.1790660000
0.1374490000 0.3145290000 0.1867020000
0.0273211000 0.3229630000 -0.0010832700
0.0663897000 0.3509070000 -0.0139664000
0.0743042000 0.3622720000 -0.0211868000
0.0608006000 0.3574280000 -0.0592568000
0.0521292000 0.3589370000 -0.0719608000
-0.0300363000 0.2572550000 -0.0971623000
0.1319050000 0.2784200000 0.2806070000
0.0206145000 0.3030200000 -0.0080035000
0.0652679000 0.3626390000 -0.0378454000
0.0133532000 0.3459780000 -0.1056230000
0.0157041000 0.3339260000 -0.1067520000
-0.0209297000 0.2950000000 -0.0979310000
0.2269720000 0.3767240000 0.2320640000
0.1748640000 0.3400210000 0.1874860000
0.1719740000 0.3497210000 0.1959830000
0.0878613000 0.2678220000 0.2358680000
0.1734730000 0.2963150000 0.2947210000
0.0270276000 0.3113480000 -0.0025027000
0.0379647000 0.3381000000 -0.0049508900
0.0458598000 0.3632580000 -0.0823075000
0.0368618000 0.3501780000 -0.1000600000
0.1433760000 0.3212050000 0.1822440000
0.0962255000 0.2738640000 0.2270210000
0.1203210000 0.2813560000 0.2831420000
-0.0244877000 0.2753290000 -0.0580281000
-0.0056388300 0.2951460000 -0.0257369000
0.0557735000 0.3550540000 -0.0122786000
0.0662999000 0.3683960000 -0.0207367000
0.0634177000 0.3705960000 -0.0299075000
0.0090628200 0.3086810000 -0.1022350000
0.2138710000 0.3614450000 0.2499110000
0.2303310000 0.3719650000 0.2242290000
0.2000880000 0.3566330000 0.2003720000
0.1379650000 0.3222620000 0.1967080000
0.1263000000 0.3090430000 0.2077220000
0.1590620000 0.3046600000 0.2938190000
0.0574947000 0.3657660000 -0.0531471000
0.1918140000 0.3348190000 0.2904030000
0.2039300000 0.3539240000 0.2748440000
0.2050960000 0.3439700000 0.2613200000
0.2326340000 0.3567600000 0.2423900000
0.1955150000 0.3644790000 0.2049010000
0.1589310000 0.3365050000 0.1820830000
0.1369780000 0.3182670000 0.1905770000
0.1146170000 0.2875370000 0.2866720000
0.1547580000 0.2968970000 0.2933340000
0.0263555000 0.3367630000 -0.0020351700
0.0569704000 0.3773370000 -0.0406837000
0.0506238000 0.3746060000 -0.0617272000
-0.0110955000 0.3005530000 -0.0984791000
-0.0404397000 0.2670220000 -0.0906887000
0.1484030000 0.3384540000 0.1812480000
0.1473200000 0.3375420000 0.2020620000
0.1368600000 0.3242590000 0.2087190000
0.1318130000 0.3218120000 0.2139920000
0.0809164000 0.2827890000 0.2359790000
0.0401082000 0.3574120000 -0.0938059000
0.0129039000 0.3117090000 -0.1035910000
-0.0371912000 0.2679730000 -0.0791998000
-0.0318259000 0.2804690000 -0.0516227000
0.2015560000 0.3400680000 0.2850110000
0.2010880000 0.3476170000 0.2669680000
0.1573170000 0.3491660000 0.1860440000
0.1162990000 0.3043470000 0.2232150000
0.0834924000 0.2745120000 0.2562110000
0.0048254000 0.3151320000 -0.0028010600
-0.0296443000 0.2662760000 -0.0711892000
0.2174280000 0.3806010000 0.2370760000
0.0877309000 0.2676930000 0.2450170000
0.0864075000 0.2832190000 0.2721720000
0.1438160000 0.3016200000 0.2915600000
0.0040343100 0.3009360000 -0.0152475000
-0.0399066000 0.2698100000 -0.1028080000
-0.0501895000 0.2753410000 -0.0951726000
-0.0025120900 0.3192600000 0.0002080650
-0.0047461200 0.3190810000 -0.1063260000
-0.0320979000 0.2996770000 -0.0963049000
0.1112180000 0.3067000000 0.2278760000
0.1706550000 0.3162750000 0.2929700000
0.1742080000 0.3596820000 0.2026210000
0.1500300000 0.3464010000 0.1875400000
0.1578160000 0.3163790000 0.2902160000
0.0387063000 0.3608310000 -0.0051449300
0.0555335000 0.3640120000 -0.0137997000
0.2064900000 0.3638100000 0.2740660000
0.2039470000 0.3628200000 0.2601860000
0.2082990000 0.3694140000 0.2504210000
0.1644060000 0.3634240000 0.1898510000
0.1309360000 0.3261160000 0.2143890000
0.1191700000 0.3172100000 0.2239380000
0.1164010000 0.2957570000 0.2889650000
0.0534256000 0.3729630000 -0.0184237000
0.0553285000 0.3783970000 -0.0300070000
0.0151131000 0.3531440000 -0.1011660000
-0.0289096000 0.3127620000 -0.0956739000
-0.0487706000 0.2807690000 -0.0671283000
-0.0245576000 0.2911380000 -0.0350829000
0.1926280000 0.3522700000 0.2885310000
0.2065050000 0.3794370000 0.2167510000
0.1451190000 0.3371880000 0.2071120000
0.0690353000 0.2875740000 0.2468600000
0.1001860000 0.2847240000 0.2809680000
0.1358910000 0.3182290000 0.2837300000
0.1813740000 0.3398680000 0.2905100000
0.0105027000 0.3308340000 0.0017051500
0.0298216000 0.3692470000 -0.0867037000
-0.0046145400 0.3312490000 -0.1083890000
-0.0118344000 0.3291700000 -0.1089800000
-0.0174847000 0.2977430000 -0.0239652000
0.2110420000 0.3826830000 0.2474360000
0.2143420000 0.3857470000 0.2365350000
0.2146780000 0.3864440000 0.2268240000
0.1918770000 0.3792650000 0.2156060000
0.1568050000 0.3581940000 0.1931930000
0.1610100000 0.3678140000 0.1945910000
0.0738150000 0.2799220000 0.2473580000
0.0428733000 0.3831670000 -0.0681245000
0.0392326000 0.3742650000 -0.0800949000
-0.0546883000 0.2781770000 -0.0855234000
0.1760450000 0.3724710000 0.2066940000
0.1497920000 0.3306260000 0.2870570000
0.1659230000 0.3348490000 0.2902250000
0.0324680000 0.3688800000 -0.0053219000
0.0474972000 0.3805410000 -0.0264192000
0.0332419000 0.3788550000 -0.0783835000
-0.0139429000 0.3038360000 -0.0160283000
0.2109900000 0.3870850000 0.2485920000
0.1892360000 0.3861000000 0.2198340000
0.1495970000 0.3528320000 0.2036770000
0.1280240000 0.3039770000 0.2887050000
-0.0202292000 0.3137090000 -0.0089884000
-0.0043246700 0.3449180000 -0.1081210000
0.0321137000 0.3594850000 -0.0028723400
0.0463473000 0.3856420000 -0.0583628000
-0.0340419000 0.3161910000 -0.0959670000
-0.0498366000 0.2948390000 -0.0988891000
0.0925029000 0.3023530000 0.2860160000
0.2064060000 0.3715060000 0.2778460000
0.2095630000 0.3911670000 0.2410630000
0.1935750000 0.3916390000 0.2278580000
0.1625890000 0.3713810000 0.1980100000
0.0732999000 0.2877600000 0.2684030000
0.1065920000 0.3068350000 0.2856800000
-0.0323197000 0.2961530000 -0.0330993000
0.2111670000 0.3805530000 0.2659010000
0.1827170000 0.3864340000 0.2149250000
0.1760710000 0.3833270000 0.2004380000
0.1698640000 0.3753730000 0.1960740000
0.1287090000 0.3386370000 0.2100660000
0.1184630000 0.3354390000 0.2133970000
0.1046620000 0.3250490000 0.2308630000
-0.0037142600 0.3295710000 0.0039331100
0.0031702700 0.3399760000 0.0046714200
0.0406663000 0.3847220000 -0.0286146000
0.0439025000 0.3877260000 -0.0502020000
0.0346084000 0.3862730000 -0.0723343000
-0.0014854100 0.3587010000 -0.1020600000
-0.0318828000 0.3241860000 -0.1034220000
-0.0624855000 0.2880880000 -0.0659872000
0.2003960000 0.3609950000 0.2860240000
0.1469930000 0.3593320000 0.2041700000
0.1165770000 0.3237800000 0.2787040000
0.1552740000 0.3418460000 0.2857820000
0.1717290000 0.3518720000 0.2852870000
0.2054160000 0.3861560000 0.2627580000
0.1953990000 0.3927690000 0.2396810000
0.1629560000 0.3830780000 0.2069270000
0.1153020000 0.3484680000 0.2088410000
0.1037130000 0.3315770000 0.2292490000
0.1310750000 0.3336920000 0.2793340000
0.0318341000 0.3741310000 -0.0113533000
-0.0560768000 0.2938500000 -0.0979399000
-0.0583739000 0.2827350000 -0.0753645000
0.2036200000 0.3787490000 0.2797960000
0.2049180000 0.3862990000 0.2714910000
0.1378680000 0.3647000000 0.2066560000
0.0947197000 0.3101740000 0.2843050000
0.1426620000 0.3449440000 0.2821610000
0.0190432000 0.3560120000 -0.0016169300
0.0240040000 0.3741950000 -0.0031594000
0.0160941000 0.3631400000 -0.0937251000
-0.0405440000 0.3485800000 -0.1047640000
-0.0330372000 0.3389630000 -0.1059670000
-0.0388892000 0.3112700000 -0.0929204000
-0.0652032000 0.2938290000 -0.0584793000
0.2027780000 0.3943070000 0.2675440000
0.1958350000 0.3925500000 0.2527520000
0.1805350000 0.3941330000 0.2062610000
0.1769310000 0.3956030000 0.2027910000
0.0609409000 0.2925120000 0.2593620000
-0.0154632000 0.3365380000 0.0037603700
-0.0494058000 0.2896170000 -0.0537086000
0.1722190000 0.3651400000 0.2840310000
-0.0014350100 0.3534420000 0.0028690900
-0.0114198000 0.3509660000 -0.1061170000
-0.0271642000 0.3015930000 -0.0232922000
-0.0384948000 0.3229680000 -0.0067878000
0.1831890000 0.3933500000 0.2224270000
0.1829120000 0.4008160000 0.2085230000
0.0633610000 0.2931060000 0.2669470000
0.0718464000 0.2951610000 0.2764260000
0.0884232000 0.2973000000 0.2847810000
0.1606320000 0.3598130000 0.2850260000
-0.0063838500 0.3450440000 0.0049529600
0.0200429000 0.3863620000 -0.0061388700
0.0250334000 0.3904690000 -0.0229582000
0.0289445000 0.3962710000 -0.0411413000
-0.0200518000 0.3342020000 -0.1081620000
0.1875980000 0.3977790000 0.2356980000
0.1223680000 0.3349840000 0.2789190000
0.1510810000 0.3574550000 0.2844610000
0.0281015000 0.4004120000 -0.0623933000
-0.0694551000 0.2902380000 -0.0795452000
-0.0554458000 0.3032160000 -0.0431075000
-0.0409493000 0.3187370000 -0.0132061000
0.1869340000 0.3726390000 0.2870880000
0.1960800000 0.3863390000 0.2857160000
0.1933100000 0.4087890000 0.2381600000
0.0961764000 0.3544320000 0.2090550000
0.1110460000 0.3411130000 0.2142430000
0.1107520000 0.3363760000 0.2826820000
0.0102125000 0.3708730000 -0.0005178060
0.0224545000 0.3967900000 -0.0278108000
0.0299497000 0.4010390000 -0.0536639000
0.0207216000 0.3958670000 -0.0732304000
-0.0714145000 0.2952390000 -0.0877665000
-0.0587091000 0.3106180000 -0.0366789000
0.1647610000 0.3745010000 0.2850600000
0.1947760000 0.3735110000 0.2872710000
0.2020620000 0.3949990000 0.2728250000
0.1721880000 0.4007610000 0.2045060000
0.0467165000 0.3066670000 0.2696600000
0.0785460000 0.3180380000 0.2840830000
0.1061110000 0.3261050000 0.2787770000
0.1334060000 0.3469870000 0.2811650000
0.0131039000 0.3835850000 -0.0028825000
0.0126471000 0.3784670000 -0.0867205000
-0.0059192000 0.3791120000 -0.0938958000
-0.0409341000 0.3384140000 -0.0998744000
-0.0665290000 0.2969390000 -0.0934700000
0.1847580000 0.3996090000 0.2893140000
0.1982720000 0.4048390000 0.2633050000
0.1786500000 0.4091800000 0.2129760000
0.1320780000 0.3729310000 0.2061980000
-0.0213505000 0.3296040000 0.0007664470
0.1500140000 0.3696300000 0.2888890000
0.1863980000 0.3903240000 0.2891230000
0.1876120000 0.4184320000 0.2452680000
0.1992820000 0.4042280000 0.2562740000
0.1866730000 0.4121850000 0.2268550000
0.1314840000 0.3845430000 0.2022020000
0.1006800000 0.3631730000 0.2023170000
0.1184680000 0.3593830000 0.2071670000
0.0986446000 0.3411450000 0.2256840000
-0.0171651000 0.3639950000 -0.1020180000
-0.0450366000 0.3286930000 -0.0925749000
0.0523478000 0.3130750000 0.2556410000
0.0663499000 0.3127410000 0.2822970000
0.1319330000 0.3599760000 0.2878270000
-0.0435092000 0.3393600000 0.0043649500
-0.0007542910 0.3689340000 0.0023290800
-0.0706085000 0.3091190000 -0.0909914000
0.0806115000 0.3476790000 0.2393380000
0.0545423000 0.3027640000 0.2551660000
0.0409864000 0.3139290000 0.2656080000
0.0570879000 0.3080180000 0.2780360000
-0.0018964800 0.3979520000 -0.0832124000
-0.0374411000 0.3550710000 -0.1030780000
-0.0785512000 0.3076040000 -0.0474499000
0.1806460000 0.3967300000 0.2913340000
0.0758899000 0.3331100000 0.2489400000
0.0578967000 0.3279520000 0.2809240000
-0.0800707000 0.2994680000 -0.0652919000
0.1630410000 0.3840440000 0.2879570000
0.1884500000 0.4052280000 0.2725050000
0.0738023000 0.3326230000 0.2826160000
0.0833810000 0.3404090000 0.2841000000
-0.0069353200 0.3749950000 0.0025052700
0.0213345000 0.4098850000 -0.0347790000
-0.0534450000 0.3381670000 -0.0913832000
-0.0565859000 0.3118550000 -0.0904914000
0.1490470000 0.3839560000 0.2956780000
0.1931140000 0.4096270000 0.2587240000
0.1917530000 0.4145240000 0.2402140000
0.1728400000 0.4065490000 0.2062700000
0.1196940000 0.3898570000 0.2008760000
0.1166940000 0.3439310000 0.2874980000
0.1354470000 0.3698250000 0.2957650000
-0.0159811000 0.3519750000 0.0076923500
-0.0165009000 0.3600440000 0.0082301100
-0.0559305000 0.3312260000 -0.0080952800
0.1721150000 0.4092120000 0.2765220000
0.0402633000 0.3138660000 0.2726110000
-0.0302934000 0.3430520000 0.0075332700
0.0186974000 0.3989350000 -0.0132266000
0.0077489300 0.4159890000 -0.0578117000
-0.0723401000 0.3296470000 -0.0845217000
0.1556630000 0.4077430000 0.2039080000
0.0870619000 0.3463860000 0.2878460000
-0.0396305000 0.3599120000 -0.1006980000
0.1765310000 0.4036830000 0.2908880000
0.1851420000 0.4166980000 0.2525620000
0.1790500000 0.4234590000 0.2369890000
0.0698145000 0.3469030000 0.2510650000
0.0339365000 0.3218880000 0.2736990000
0.0073742600 0.4069920000 -0.0093116200
-0.0119911000 0.3940230000 -0.0889438000
-0.0175162000 0.3800900000 -0.0955398000
0.1719620000 0.4002070000 0.2974960000
0.1439910000 0.4223290000 0.2103870000
0.1105300000 0.3671530000 0.3087690000
-0.0175086000 0.4104450000 -0.0808742000
-0.0543244000 0.3471920000 -0.0994927000
-0.0673817000 0.3335360000 -0.0843464000
-0.0786854000 0.3230320000 -0.0296653000
0.0897937000 0.3519710000 0.2183210000
0.0561400000 0.3357270000 0.2821140000
0.1192270000 0.3639260000 0.3022170000
-0.0237368000 0.3793410000 0.0083044600
-0.0021930000 0.4017370000 -0.0059609300
0.0097921700 0.4099850000 -0.0653733000
0.0710088000 0.3467830000 0.2880730000
0.1058970000 0.3552290000 0.2989600000
0.1363990000 0.3903900000 0.3129900000
0.1657000000 0.4131290000 0.2765720000
0.0776795000 0.3627680000 0.2148710000
0.1349310000 0.3767060000 0.3023570000
-0.0577915000 0.3391360000 -0.0003208910
-0.0528358000 0.3547300000 0.0143090000
-0.0159653000 0.3788950000 0.0043220000
-0.0059437900 0.4272530000 -0.0521705000
-0.0393801000 0.3926480000 -0.0895935000
-0.0692704000 0.3759170000 -0.0965394000
-0.0865704000 0.3110630000 -0.0819943000
-0.0903896000 0.3073500000 -0.0674387000
0.1490220000 0.3954000000 0.3084170000
0.1521390000 0.4079600000 0.3030750000
0.1576890000 0.4258520000 0.2206930000
0.0850011000 0.3684820000 0.2070170000
0.0136348000 0.4164560000 -0.0222648000
0.0231531000 0.4097580000 -0.0492046000
-0.0248514000 0.3938920000 -0.0896882000
-0.0606727000 0.3601250000 -0.0997203000
0.1733130000 0.4221870000 0.2587630000
0.0645402000 0.3625870000 0.2392750000
0.0590777000 0.3426060000 0.2610840000
-0.0434547000 0.3576330000 0.0159757000
0.0070470200 0.4185310000 -0.0150006000
-0.0133261000 0.4266890000 -0.0635023000
-0.0663916000 0.3519760000 -0.0921791000
-0.0788182000 0.3398010000 -0.0796923000
-0.0856789000 0.3191590000 -0.0863946000
-0.0894485000 0.3092910000 -0.0520070000
0.1587090000 0.4093350000 0.2921620000
0.1673040000 0.4286440000 0.2613270000
0.1619570000 0.4329050000 0.2338030000
0.1081760000 0.3931880000 0.2020210000
0.0684263000 0.3795230000 0.2097140000
0.0527072000 0.3525290000 0.2657370000
0.0438569000 0.3453010000 0.2715970000
0.0340310000 0.3251810000 0.2729140000
-0.0330671000 0.3667270000 0.0170411000
-0.0891028000 0.3098120000 -0.0767098000
0.1567580000 0.4015640000 0.3065570000
0.1573330000 0.4176920000 0.2826730000
0.1309320000 0.4223860000 0.2087330000
0.1300300000 0.4106390000 0.2038620000
0.1309060000 0.4003400000 0.2015360000
0.0311915000 0.3273070000 0.2831770000
0.0877834000 0.3717640000 0.3121570000
-0.0726079000 0.3477670000 -0.0835988000
-0.0789067000 0.3346290000 -0.0154612000
0.1176870000 0.3843670000 0.3200430000
0.1471970000 0.4263750000 0.2143620000
0.0653566000 0.3569900000 0.2480610000
0.0379210000 0.3280360000 0.2793460000
0.0871269000 0.3607770000 0.3014650000
-0.0071635300 0.4107130000 -0.0062441500
0.0063451900 0.4245630000 -0.0275675000
0.1444900000 0.4028800000 0.3153200000
0.1783240000 0.4263240000 0.2427480000
-0.0665608000 0.3390040000 -0.0845701000
0.0298319000 0.3391490000 0.2821820000
0.0258818000 0.3358710000 0.2959280000
-0.0024299300 0.4250010000 -0.0116470000
-0.0082535000 0.4318010000 -0.0465534000
-0.0179255000 0.4243390000 -0.0712360000
0.1450370000 0.4110490000 0.3051220000
0.0605006000 0.3808510000 0.2127470000
0.0272973000 0.3388810000 0.3136980000
0.0477560000 0.3371030000 0.2860890000
-0.0544855000 0.3864460000 -0.0912214000
-0.0813030000 0.3783330000 -0.0962919000
-0.0890488000 0.3589170000 -0.0802562000
-0.0933855000 0.3219380000 -0.0361137000
0.1420220000 0.4147070000 0.3046220000
0.1539490000 0.4450510000 0.2433530000
0.1407860000 0.4436480000 0.2279220000
0.1052710000 0.4108670000 0.2032910000
0.0341401000 0.3491840000 0.2808450000
0.0350115000 0.3399070000 0.3107180000
0.1138410000 0.3794710000 0.3179320000
-0.0246207000 0.4031080000 0.0078671200
0.1356540000 0.4078610000 0.3183220000
0.1757470000 0.4285570000 0.2467550000
0.0465787000 0.3638220000 0.2648680000
0.0265315000 0.3346370000 0.2872450000
0.0280771000 0.3344650000 0.3009280000
0.0607980000 0.3578010000 0.3109320000
0.0731094000 0.3621290000 0.3056410000
-0.0382844000 0.3841810000 0.0174147000
-0.1045090000 0.3407360000 -0.0198784000
0.1191650000 0.3982900000 0.3245930000
-0.0580750000 0.3797080000 0.0281703000
-0.0514008000 0.3826590000 0.0268252000
-0.0778501000 0.3629380000 -0.0935540000
-0.1024370000 0.3391240000 -0.0695950000
-0.1033390000 0.3234580000 -0.0652000000
-0.1140060000 0.3314510000 -0.0325105000
0.1004740000 0.3801390000 0.3202780000
0.0604913000 0.3901500000 0.2094610000
0.0636351000 0.3737960000 0.2193900000
0.0236356000 0.3440270000 0.3128850000
-0.0361941000 0.4068550000 0.0161965000
-0.0076753900 0.4336960000 -0.0097292700
-0.0127330000 0.4425140000 -0.0353195000
-0.0395866000 0.4312020000 -0.0734336000
-0.0392072000 0.4165440000 -0.0811412000
-0.0823188000 0.3735620000 -0.0956644000
-0.0897191000 0.3665970000 -0.0872850000
-0.1064180000 0.3347630000 -0.0653923000
-0.1065050000 0.3216320000 -0.0575168000
0.0881917000 0.3813060000 0.3272560000
0.1585960000 0.4431030000 0.2577680000
0.0862617000 0.3911910000 0.2062930000
0.0356539000 0.3579800000 0.2814570000
0.0987571000 0.3889990000 0.3301610000
0.0298603000 0.3525460000 0.2898350000
0.0657433000 0.3719930000 0.3296440000
-0.0778142000 0.3693840000 0.0186811000
-0.0694681000 0.3759440000 0.0264260000
-0.0270022000 0.4257470000 0.0118034000
-0.0225853000 0.4316410000 -0.0672438000
-0.0638143000 0.4023570000 -0.0866312000
-0.1030520000 0.3624630000 -0.0711263000
0.1510080000 0.4307340000 0.2835780000
0.0893642000 0.4147960000 0.2051270000
0.0454810000 0.3837540000 0.2267430000
0.0456847000 0.3765210000 0.2411580000
-0.0768335000 0.3833170000 -0.0955259000
-0.0983497000 0.3497300000 -0.0692879000
-0.1115550000 0.3241440000 -0.0464220000
0.1607810000 0.4382800000 0.2624900000
0.1370410000 0.4574610000 0.2412750000
0.0281493000 0.3580240000 0.2935020000
0.0156271000 0.3496710000 0.3141720000
-0.0018557100 0.4320000000 -0.0170621000
-0.0028177900 0.4337790000 -0.0243227000
-0.1149860000 0.3512510000 -0.0545823000
0.1328360000 0.4225050000 0.3150020000
0.1449520000 0.4558050000 0.2528950000
0.0470244000 0.3898830000 0.2161710000
-0.1136580000 0.3551070000 -0.0557851000
-0.1230140000 0.3350350000 -0.0416684000
-0.1151270000 0.3281090000 -0.0379343000
0.0362253000 0.3810850000 0.2416960000
0.0135843000 0.3538800000 0.3048970000
0.0468663000 0.3637450000 0.3318870000
-0.0824502000 0.3613560000 0.0098111600
-0.0197642000 0.4378160000 -0.0571027000
0.0341021000 0.3669940000 0.2729190000
0.0280204000 0.3622630000 0.2886300000
0.0152556000 0.3516790000 0.3192280000
0.0268223000 0.3452540000 0.3194560000
0.0834759000 0.3864630000 0.3349360000
-0.0278177000 0.4397520000 0.0069212300
-0.0510428000 0.4124460000 -0.0832369000
0.1260810000 0.4494220000 0.2244800000
0.0389847000 0.3896730000 0.2223720000
0.0828696000 0.3941280000 0.3365420000
-0.0182756000 0.4447620000 -0.0439329000
-0.0476032000 0.4262210000 -0.0786115000
-0.1184970000 0.3368390000 -0.0492253000
0.1180480000 0.4378530000 0.2148810000
0.1078780000 0.4236470000 0.2066620000
0.0280400000 0.4021970000 0.2166590000
0.0274332000 0.3886950000 0.2298330000
0.0238143000 0.3706720000 0.2675210000
0.0439375000 0.3725490000 0.3407140000
-0.0924514000 0.3516120000 -0.0041863400
-0.0818764000 0.3804890000 0.0221401000
-0.0514619000 0.3995930000 0.0258975000
-0.0952192000 0.3743860000 -0.0902474000
0.1017880000 0.4079930000 0.3305960000
0.0620670000 0.4310800000 0.2090290000
0.0628798000 0.4055970000 0.2092740000
0.0265736000 0.3644100000 0.3321300000
-0.1212070000 0.3405780000 -0.0262502000
-0.0908958000 0.3805020000 -0.0940006000
-0.1051170000 0.3589120000 -0.0667572000
0.1339910000 0.4326220000 0.3090040000
0.0818109000 0.4436770000 0.2106060000
0.0485974000 0.3953900000 0.2109650000
0.0189603000 0.3811230000 0.2475640000
0.0060198900 0.3612490000 0.2892160000
0.0584680000 0.3797690000 0.3415650000
-0.1262620000 0.3360610000 -0.0341307000
-0.0932523000 0.3683160000 0.0066190800
-0.0229827000 0.4317730000 0.0076059800
0.1249840000 0.4424320000 0.2190600000
0.0187973000 0.3913340000 0.2305610000
-0.1223450000 0.3505780000 -0.0204187000
-0.0701079000 0.3979580000 0.0388204000
-0.0841437000 0.3899950000 -0.0932920000
-0.1287510000 0.3425810000 -0.0337809000
0.0829847000 0.4038160000 0.3341450000
0.1426980000 0.4541590000 0.2745880000
0.0037039100 0.3716730000 0.2652460000
-0.0041768100 0.3643790000 0.2867280000
0.0057736300 0.3562480000 0.3098070000
0.0281917000 0.3770870000 0.3393150000
-0.0742045000 0.3973620000 0.0371093000
-0.0601279000 0.4187310000 0.0329366000
-0.0231708000 0.4486200000 -0.0159043000
-0.1127950000 0.3849720000 -0.0825777000
-0.1249390000 0.3570720000 -0.0430630000
0.0918790000 0.4177350000 0.3288560000
0.1246760000 0.4203360000 0.3198520000
0.1218280000 0.4386790000 0.3152680000
-0.0119031000 0.3690860000 0.2853760000
0.0382243000 0.3801030000 0.3462520000
-0.0933820000 0.3769990000 0.0092424300
-0.0753985000 0.4208260000 -0.0838325000
-0.1277300000 0.3643860000 -0.0444597000
0.1075480000 0.4145540000 0.3275250000
0.1397590000 0.4467380000 0.2889290000
-0.0371109000 0.4473860000 0.0117892000
-0.0280437000 0.4575780000 -0.0299568000
-0.0342212000 0.4441490000 -0.0603603000
-0.1341160000 0.3454470000 -0.0332925000
0.1202610000 0.4487680000 0.2214250000
-0.0865255000 0.3965210000 0.0227807000
-0.0301614000 0.4517220000 -0.0085424000
-0.0642778000 0.4340100000 -0.0784206000
-0.1100720000 0.4006600000 -0.0887213000
-0.1141250000 0.3772140000 -0.0775509000
0.0901372000 0.4497650000 0.2137180000
-0.0019037500 0.3671370000 0.3102110000
-0.0982108000 0.3884480000 0.0048323100
-0.0498145000 0.4352610000 0.0270885000
-0.0497462000 0.4500790000 0.0225341000
-0.0384673000 0.4585120000 -0.0003725510
0.0527095000 0.3885930000 0.3437620000
0.0642646000 0.4106390000 0.3308710000
0.1263320000 0.4556500000 0.2304510000
0.0451990000 0.4248600000 0.2111210000
0.0352746000 0.4074470000 0.2127510000
0.0013564300 0.3915090000 0.2425360000
-0.0153536000 0.3824160000 0.2653040000
0.0155981000 0.3734030000 0.3287040000
-0.1076180000 0.3728630000 -0.0034349700
-0.0617705000 0.4563320000 -0.0663276000
-0.1305260000 0.3593560000 -0.0404402000
0.0390983000 0.3888330000 0.3485100000
0.1240650000 0.4482200000 0.3103140000
0.1346650000 0.4662160000 0.2697040000
-0.1371040000 0.3466910000 -0.0283023000
-0.0704854000 0.4011220000 0.0400592000
-0.0295247000 0.4510950000 -0.0489362000
-0.0963330000 0.3934690000 -0.0927839000
-0.1256800000 0.3744700000 -0.0605371000
-0.1419700000 0.3492040000 -0.0325798000
0.1341100000 0.4413290000 0.3037070000
0.1407420000 0.4600190000 0.2606780000
0.1324790000 0.4664750000 0.2517340000
-0.0976714000 0.4067620000 -0.0903456000
-0.1385420000 0.3593210000 -0.0417454000
0.0418185000 0.4002230000 0.3484140000
0.0537261000 0.4171750000 0.3342660000
0.0525192000 0.4022860000 0.3383850000
0.1097290000 0.4388110000 0.3191400000
0.0730032000 0.4374000000 0.2093080000
0.0142397000 0.4137420000 0.2212450000
-0.0089387100 0.3735190000 0.2690580000
0.0008803600 0.3831420000 0.3192390000
0.0205161000 0.3902340000 0.3355040000
-0.1338250000 0.3629350000 -0.0216302000
-0.0801546000 0.4026130000 0.0353977000
-0.0692605000 0.4240710000 0.0386972000
-0.1254110000 0.3853850000 -0.0709832000
-0.1442990000 0.3532810000 -0.0374590000
0.1234080000 0.4654490000 0.3004520000
-0.0303296000 0.3869720000 0.2728100000
-0.0974091000 0.3997530000 0.0106167000
-0.0330222000 0.4616730000 -0.0224856000
-0.0660014000 0.4504780000 -0.0711849000
0.1193770000 0.4739990000 0.2474000000
0.0924147000 0.4597560000 0.2191170000
0.0291026000 0.3976960000 0.3473570000
-0.1484070000 0.3566700000 -0.0331083000
-0.1225920000 0.3808800000 -0.0137023000
-0.1154960000 0.3962040000 -0.0081021500
-0.0300492000 0.4585320000 -0.0378782000
-0.1503710000 0.3643570000 -0.0453232000
-0.0195392000 0.3758370000 0.2906470000
0.0327077000 0.3972400000 0.3499080000
-0.1515660000 0.3706660000 -0.0320791000
-0.0796391000 0.4071870000 0.0455102000
-0.0989776000 0.4269220000 -0.0817633000
0.0624725000 0.4241420000 0.3278110000
0.0759115000 0.4247300000 0.3278330000
0.0896485000 0.4380570000 0.3197120000
0.1039920000 0.4665700000 0.2293720000
-0.0954810000 0.3954100000 0.0091071500
-0.1015020000 0.4087850000 0.0200012000
-0.0470326000 0.4584810000 0.0135118000
0.1151940000 0.4576690000 0.3101450000
0.0035003400 0.3703890000 0.3178990000
-0.1572660000 0.3769030000 -0.0358138000
-0.0951318000 0.4156070000 0.0470348000
-0.0449946000 0.4671030000 -0.0018455300
-0.1109770000 0.4140580000 -0.0878057000
-0.1204790000 0.4060020000 -0.0838335000
-0.1282030000 0.3703010000 -0.0497324000
-0.1567190000 0.3741240000 -0.0490791000
-0.1612460000 0.3693500000 -0.0451551000
0.0808170000 0.4667160000 0.2179670000
-0.0025913400 0.4047220000 0.2377150000
-0.1147980000 0.3884350000 -0.0087208200
-0.0888594000 0.4151370000 0.0479934000
-0.0797152000 0.4442580000 0.0419777000
-0.0639137000 0.4390020000 0.0350704000
-0.0425631000 0.4702320000 -0.0171865000
-0.0461531000 0.4756350000 -0.0264969000
-0.0477073000 0.4527870000 -0.0616180000
-0.1435440000 0.3956620000 -0.0499258000
-0.1402210000 0.3777250000 -0.0446764000
0.0786665000 0.4374450000 0.3225540000
0.1186830000 0.4827550000 0.2758540000
0.0263068000 0.4408580000 0.2127330000
-0.0177714000 0.4114770000 0.2462140000
-0.0081624400 0.3976220000 0.3145250000
0.0075504600 0.4117750000 0.3261980000
-0.0926677000 0.4029250000 0.0207638000
-0.0909642000 0.4561560000 -0.0726769000
-0.1214680000 0.4277370000 -0.0839165000
-0.1609930000 0.3719520000 -0.0396612000
0.0322712000 0.4102150000 0.3548610000
0.0424353000 0.4180230000 0.3501260000
0.1304830000 0.4675720000 0.2801850000
0.0992953000 0.4761560000 0.2325570000
0.0650909000 0.4526040000 0.2109130000
-0.0003891780 0.4219970000 0.2249420000
-0.1108310000 0.4103620000 0.0098854500
-0.0928801000 0.4093870000 0.0316114000
-0.0829541000 0.4201420000 0.0437913000
-0.1468030000 0.3880490000 -0.0452213000
0.0522690000 0.4379620000 0.3314050000
0.1317370000 0.4617690000 0.2878350000
0.1036070000 0.4854420000 0.2438500000
0.0750340000 0.4588180000 0.2134350000
-0.1502200000 0.3925780000 -0.0332250000
-0.0513248000 0.4769710000 -0.0362696000
-0.1540080000 0.3830000000 -0.0480389000
0.0734209000 0.4436430000 0.3243300000
-0.0276920000 0.3871140000 0.2929240000
-0.0565151000 0.4698340000 -0.0522206000
-0.1259270000 0.3959820000 -0.0772027000
-0.1386710000 0.3946670000 -0.0558591000
-0.1469410000 0.3934090000 -0.0456391000
0.0369918000 0.4151720000 0.3550000000
0.1152820000 0.4641330000 0.3076380000
0.0214858000 0.4198410000 0.2160160000
0.0202655000 0.4078150000 0.3376960000
-0.0492861000 0.4698120000 -0.0453043000
-0.1073720000 0.4411420000 -0.0769411000
-0.1251530000 0.4211110000 -0.0843211000
0.0889193000 0.4520100000 0.3182290000
-0.0440450000 0.4067440000 0.2638390000
-0.0458476000 0.4086990000 0.2759390000
-0.0322932000 0.4026520000 0.2961950000
-0.0076520900 0.4184140000 0.3159470000
0.1178900000 0.4829680000 0.2616110000
0.1175150000 0.4798620000 0.2527700000
0.0055173100 0.4400000000 0.2169650000
-0.1431750000 0.4023990000 -0.0285834000
-0.1296550000 0.4090920000 -0.0141153000
-0.1276130000 0.4136240000 -0.0047119500
-0.0675372000 0.4761480000 -0.0546274000
-0.0867724000 0.4404300000 -0.0779769000
0.1156840000 0.4707210000 0.3046880000
0.1166040000 0.4832920000 0.2850680000
0.0435072000 0.4494720000 0.2109050000
-0.1650460000 0.3866620000 -0.0517209000
-0.1151760000 0.4183910000 0.0253692000
-0.0981731000 0.4283610000 0.0479004000
0.0393232000 0.4321220000 0.3529000000
0.0472786000 0.4362490000 0.3368040000
0.1183720000 0.4835300000 0.2699290000
-0.1712690000 0.3912160000 -0.0459201000
-0.0812199000 0.4644640000 0.0415503000
-0.0669206000 0.4872720000 -0.0408739000
-0.1304090000 0.4145430000 -0.0774440000
-0.0074464300 0.4363690000 0.2220580000
-0.0395838000 0.3976380000 0.2758980000
-0.1266590000 0.4190900000 0.0084270600
-0.0547341000 0.4817810000 -0.0040786400
0.0668064000 0.4509400000 0.3288560000
-0.0088674000 0.4270190000 0.2287780000
-0.0389366000 0.4098470000 0.2570720000
-0.0296683000 0.4177170000 0.2983880000
0.0096420700 0.4232580000 0.3303930000
-0.1323790000 0.4074060000 -0.0181931000
-0.1430040000 0.4126170000 -0.0172976000
-0.1029870000 0.4246610000 0.0506937000
-0.1459470000 0.4151750000 -0.0548769000
0.1066710000 0.4686970000 0.3104710000
0.0925028000 0.4827950000 0.3134180000
0.1073750000 0.4849720000 0.3000930000
0.1183410000 0.4760640000 0.2966840000
0.0867097000 0.4791640000 0.2268730000
0.0722894000 0.4673140000 0.2150940000
0.0472490000 0.4671360000 0.2114980000
-0.0506301000 0.4152850000 0.2639040000
-0.0407188000 0.4085640000 0.2855040000
-0.1745090000 0.3862500000 -0.0509660000
-0.1711760000 0.4019680000 -0.0451618000
-0.0889194000 0.4734990000 -0.0658375000
0.0562869000 0.4805060000 0.2142440000
0.0170197000 0.4571290000 0.2160700000
-0.0271742000 0.4263030000 0.2396640000
0.0240142000 0.4297520000 0.3512010000
0.0295406000 0.4255120000 0.3564940000
-0.0802963000 0.4540980000 0.0422618000
-0.1315590000 0.4299990000 -0.0801522000
0.0918458000 0.4667810000 0.3182830000
-0.0422431000 0.4289890000 0.2885510000
-0.0169016000 0.4282230000 0.3139840000
0.0025331300 0.4287250000 0.3324000000
0.0171870000 0.4272560000 0.3395750000
-0.1717920000 0.4086870000 -0.0430016000
-0.1588990000 0.4171300000 -0.0105028000
-0.1374750000 0.4141270000 -0.0066821900
-0.1077720000 0.4346160000 0.0529189000
-0.1386100000 0.4342860000 -0.0734130000
-0.0007163810 0.4427820000 0.2187310000
-0.0336635000 0.4371980000 0.2353140000
-0.0500164000 0.4209500000 0.2547260000
-0.1757510000 0.4145190000 -0.0397958000
-0.1090660000 0.4195630000 0.0332302000
-0.1095520000 0.4265760000 0.0509070000
-0.0598596000 0.4773750000 0.0127335000
-0.1481700000 0.4297370000 -0.0573048000
0.0395248000 0.4515010000 0.3391130000
0.0507869000 0.4484800000 0.3326690000
0.0987250000 0.4950630000 0.2473970000
-0.1567910000 0.4182530000 -0.0450169000
-0.0471249000 0.4237770000 0.2789200000
-0.0331404000 0.4337520000 0.3081330000
0.0078408600 0.4344300000 0.3409780000
-0.0682392000 0.4964610000 0.0026993100
-0.1020530000 0.4645060000 -0.0707286000
-0.1148410000 0.4674760000 -0.0716802000
-0.1220180000 0.4433230000 -0.0808024000
0.0570512000 0.4602620000 0.3306310000
0.1012960000 0.4839620000 0.3068520000
-0.0185608000 0.4590110000 0.2210260000
0.0284567000 0.4375420000 0.3587010000
-0.1787070000 0.4019260000 -0.0550851000
-0.1815470000 0.4016290000 -0.0510375000
-0.1629930000 0.4160670000 -0.0255711000
-0.1325990000 0.4265840000 0.0218251000
-0.0909407000 0.4606270000 0.0486315000
-0.0601284000 0.4898050000 -0.0192280000
-0.0725618000 0.4852830000 -0.0487896000
-0.0841481000 0.4810120000 -0.0594230000
0.0715396000 0.4627840000 0.3271870000
0.1089790000 0.4902420000 0.2578380000
0.0748655000 0.4824110000 0.2222580000
-0.0581867000 0.4352230000 0.2547050000
-0.0552744000 0.4256020000 0.2622610000
-0.0087123600 0.4323460000 0.3329240000
0.0083345100 0.4439570000 0.3473430000
0.0152874000 0.4362940000 0.3446860000
0.0307830000 0.4440940000 0.3616910000
-0.0673788000 0.4747410000 0.0254029000
-0.1394470000 0.4475740000 -0.0756028000
0.0400465000 0.4735460000 0.2116100000
-0.0506000000 0.4320390000 0.2487000000
-0.0550452000 0.4293410000 0.2713360000
-0.1867520000 0.4093550000 -0.0546804000
-0.1893090000 0.4104480000 -0.0507185000
-0.1594330000 0.4200330000 0.0068035500
-0.1395470000 0.4230130000 0.0123312000
-0.1048490000 0.4512080000 0.0571631000
-0.0684195000 0.4946500000 -0.0300016000
-0.0996979000 0.4816460000 -0.0635338000
-0.1577050000 0.4353620000 -0.0483941000
0.1024530000 0.4982910000 0.2883860000
0.0983903000 0.5064120000 0.2812570000
-0.0614488000 0.4331990000 0.2705040000
-0.1754870000 0.4194350000 -0.0037958600
-0.1340790000 0.4314960000 0.0333268000
-0.1232390000 0.4328400000 0.0432730000
-0.1215930000 0.4371340000 0.0520835000
-0.1484700000 0.4401420000 -0.0598824000
-0.1167660000 0.4403890000 0.0565961000
-0.1639750000 0.4272960000 -0.0442968000
0.0368129000 0.4601230000 0.3384940000
0.0724098000 0.4747200000 0.3238260000
0.0848725000 0.4747980000 0.3203470000
-0.0641111000 0.4378180000 0.2639160000
-0.0088503700 0.4378290000 0.3405340000
0.0224929000 0.4485820000 0.3598910000
-0.1826330000 0.4186610000 -0.0340095000
0.0973574000 0.4951410000 0.3001620000
0.0983445000 0.5075360000 0.2729610000
0.0942567000 0.4914650000 0.2398550000
0.0615168000 0.4893580000 0.2175550000
-0.0477090000 0.4381730000 0.3004620000
-0.1867480000 0.4226750000 -0.0190646000
0.0324214000 0.4553220000 0.3557450000
-0.0346961000 0.4542690000 0.2290270000
-0.0576755000 0.4444690000 0.2997810000
-0.0407523000 0.4432920000 0.3305800000
-0.1020140000 0.4636730000 0.0522536000
-0.0742770000 0.4880110000 0.0204960000
-0.0944605000 0.4980520000 -0.0520286000
-0.1285480000 0.4603060000 -0.0779724000
-0.1936930000 0.4231660000 -0.0358482000
-0.1770230000 0.4226130000 0.0070886600
-0.1569060000 0.4245870000 0.0185335000
-0.1439700000 0.4379250000 0.0454756000
-0.0825655000 0.4823100000 0.0337690000
-0.0746812000 0.4684640000 0.0353209000
0.0265480000 0.4537470000 0.3604370000
0.0767129000 0.4958340000 0.2291700000
0.0232961000 0.4819660000 0.2099050000
0.0038093500 0.4704260000 0.2147180000
-0.0421852000 0.4503930000 0.3375230000
0.0016154300 0.4528370000 0.3524810000
-0.1200080000 0.4542870000 0.0618526000
-0.0793798000 0.5049060000 -0.0281709000
-0.0813211000 0.5003980000 -0.0384053000
-0.1324450000 0.4478530000 -0.0800398000
-0.1978390000 0.4224570000 -0.0510717000
-0.1961190000 0.4188420000 -0.0466489000
0.1008010000 0.5022980000 0.2624040000
-0.1876610000 0.4268870000 -0.0563386000
-0.1293980000 0.4428860000 0.0546388000
-0.0709116000 0.5025180000 -0.0184488000
0.0244525000 0.4678020000 0.3593310000
0.0500978000 0.4951580000 0.2152470000
-0.0665313000 0.4436900000 0.2768090000
-0.0312601000 0.4513650000 0.3422580000
0.0148915000 0.4539520000 0.3595430000
-0.2012620000 0.4267240000 -0.0414308000
-0.1735260000 0.4324930000 0.0295484000
-0.1562330000 0.4384230000 0.0450981000
-0.0677803000 0.5005550000 -0.0095699900
-0.1462570000 0.4566500000 -0.0722666000
0.0932232000 0.5034250000 0.2973040000
-0.0111781000 0.4541370000 0.3496310000
-0.1958220000 0.4325700000 -0.0570794000
-0.1303690000 0.4475830000 0.0586534000
-0.1046440000 0.4683550000 0.0540472000
0.0294642000 0.4702770000 0.3551800000
0.0412498000 0.4667520000 0.3310840000
0.0476995000 0.4770630000 0.3231420000
0.0839346000 0.5062820000 0.2415270000
0.0168050000 0.4867410000 0.2098700000
-0.0512837000 0.4450320000 0.2448670000
-0.0659136000 0.4595030000 0.2580860000
-0.0788899000 0.4954610000 0.0177726000
-0.0719458000 0.5031400000 -0.0015017400
-0.0922952000 0.5039280000 -0.0435894000
-0.1198420000 0.4803070000 -0.0669069000
-0.1845620000 0.4387380000 -0.0493309000
-0.1759160000 0.4249500000 0.0135640000
0.0880144000 0.5199280000 0.2650100000
0.0922611000 0.5087880000 0.2551560000
-0.0080253500 0.4790830000 0.2193480000
-0.0270715000 0.4699710000 0.2253740000
-0.0629644000 0.4501190000 0.2983410000
0.0135180000 0.4611800000 0.3607090000
-0.1855790000 0.4303510000 0.0137110000
-0.1117270000 0.4606510000 0.0601633000
-0.0901717000 0.4857810000 0.0369115000
-0.0748053000 0.5088080000 -0.0091749100
-0.1437300000 0.4684460000 -0.0748610000
-0.1669630000 0.4507050000 -0.0478490000
0.0652454000 0.5011880000 0.2252230000
0.0388654000 0.4880150000 0.2099230000
-0.0544359000 0.4589600000 0.3294060000
-0.1929780000 0.4409140000 -0.0573296000
-0.1870730000 0.4299220000 -0.0047197000
-0.1826520000 0.4271180000 0.0037968100
-0.1705130000 0.4380590000 0.0386596000
-0.1616450000 0.4544680000 -0.0527478000
-0.0569078000 0.4531570000 0.3184920000
0.0114665000 0.4692320000 0.3585850000
-0.0846893000 0.4955260000 0.0252714000
-0.0999442000 0.4922770000 -0.0575270000
-0.1976620000 0.4331290000 -0.0239603000
-0.1897080000 0.4367520000 0.0253550000
-0.0518904000 0.4642490000 0.2427960000
-0.0156770000 0.4609770000 0.3497800000
-0.2040690000 0.4341260000 -0.0508859000
-0.1981060000 0.4403310000 0.0137024000
-0.1382790000 0.4522110000 0.0582163000
0.0328557000 0.4708080000 0.3487810000
0.0426440000 0.4817870000 0.3271140000
-0.1890450000 0.4488980000 -0.0499212000
-0.2026940000 0.4503100000 -0.0606872000
-0.1998240000 0.4478670000 -0.0200875000
-0.1541750000 0.4433770000 0.0504695000
-0.1193450000 0.4673690000 0.0612966000
-0.0988540000 0.4772000000 0.0471032000
-0.0768850000 0.5047250000 0.0094295000
-0.0781211000 0.5125320000 0.0086325900
-0.1594440000 0.4704160000 -0.0646431000
0.0279801000 0.4802140000 0.3548890000
0.0323658000 0.4801020000 0.3484890000
-0.0128323000 0.4861710000 0.2196370000
-0.0294204000 0.4784760000 0.2261320000
-0.0694479000 0.4506360000 0.2747590000
-0.0644590000 0.4651420000 0.3182520000
-0.0383426000 0.4612990000 0.3423050000
-0.1042990000 0.4789180000 0.0565697000
-0.1208590000 0.4935810000 -0.0650570000
-0.1357510000 0.4757830000 -0.0737154000
-0.1714450000 0.4709170000 -0.0561827000
0.0452217000 0.4911270000 0.3216360000
0.0781009000 0.4932950000 0.3148350000
0.0874008000 0.4991140000 0.3067910000
0.0975389000 0.5034830000 0.2903400000
-0.2003050000 0.4510960000 -0.0131391000
-0.0931598000 0.4885840000 0.0391984000
-0.1504840000 0.4685260000 -0.0710382000
-0.1751530000 0.4509400000 -0.0452429000
0.0687939000 0.4922730000 0.3167840000
-0.0448502000 0.4707760000 0.3394530000
0.0159767000 0.4810100000 0.3585450000
-0.1601260000 0.4512090000 0.0482204000
-0.1338090000 0.4643130000 0.0517241000
-0.1623980000 0.4821680000 -0.0661202000
-0.2073200000 0.4461560000 -0.0562096000
-0.2063960000 0.4429220000 -0.0408008000
0.0518048000 0.4868370000 0.3191970000
0.0836153000 0.5155870000 0.2517490000
-0.0678090000 0.4671570000 0.3064140000
-0.1760490000 0.4486860000 0.0420057000
-0.1156150000 0.4765150000 0.0581371000
-0.1992770000 0.4563910000 -0.0576424000
-0.1956660000 0.4447310000 -0.0007623700
0.0153454000 0.5043310000 0.2089150000
-0.1450780000 0.4626250000 0.0495212000
-0.0838107000 0.5071950000 0.0266962000
-0.0799996000 0.5111030000 0.0163654000
-0.0875852000 0.5109010000 -0.0182940000
-0.1111080000 0.5015150000 -0.0571930000
-0.2126430000 0.4558530000 -0.0520992000
0.0913298000 0.5158300000 0.2753530000
0.0678460000 0.5129200000 0.2319380000
-0.0706912000 0.4777620000 0.2921030000
-0.0609705000 0.4765500000 0.3310760000
-0.1093860000 0.4793330000 0.0595163000
-0.0931438000 0.4981010000 0.0445222000
-0.2079090000 0.4601830000 -0.0339722000
0.0504366000 0.5006090000 0.3151740000
-0.0527928000 0.4787950000 0.3365060000
-0.0293666000 0.4827820000 0.3413770000
-0.0287296000 0.4705590000 0.3441610000
-0.0981802000 0.4956360000 0.0521964000
-0.0883111000 0.5132210000 -0.0045339200
-0.1246390000 0.5028800000 -0.0602009000
-0.1501400000 0.4821780000 -0.0705687000
-0.1805110000 0.4709570000 -0.0510181000
-0.2033830000 0.4444130000 0.0201274000
0.0741779000 0.5230900000 0.2393770000
0.0415484000 0.5030880000 0.2132410000
0.0075237300 0.4937650000 0.2100890000
-0.0360173000 0.4870640000 0.2266490000
-0.2182290000 0.4710300000 -0.0523800000
-0.2089970000 0.4620230000 -0.0167228000
-0.1767040000 0.4436070000 0.0391667000
-0.1661900000 0.4561120000 0.0460790000
-0.1283550000 0.4719590000 0.0525852000
-0.1065170000 0.4926320000 0.0555096000
-0.0835952000 0.5151760000 0.0061952900
-0.1051130000 0.5169930000 -0.0269257000
-0.1383530000 0.4972900000 -0.0680124000
0.0408872000 0.4892080000 0.3364400000
0.0647268000 0.5058100000 0.3112360000
0.0564877000 0.5123090000 0.2218900000
-0.0534967000 0.4794210000 0.2411110000
-0.1885500000 0.4444040000 0.0312559000
-0.1219120000 0.4850620000 0.0531466000
-0.2101930000 0.4688370000 -0.0621449000
-0.2148460000 0.4661200000 -0.0119348000
0.0391069000 0.5013120000 0.3445400000
-0.0682368000 0.4830880000 0.2531140000
-0.0667104000 0.4800330000 0.3205700000
-0.0095312900 0.4853160000 0.3480890000
0.0090327000 0.4975330000 0.3539920000
-0.2060190000 0.4527030000 0.0273337000
-0.1398910000 0.4784950000 0.0567084000
-0.0844157000 0.5182350000 0.0159986000
-0.0972760000 0.5155270000 -0.0180518000
-0.2163040000 0.4741700000 -0.0368382000
-0.0728871000 0.4862790000 0.2727280000
-0.1662000000 0.4952010000 -0.0663897000
-0.2063710000 0.4730180000 -0.0531465000
0.0309254000 0.4935970000 0.3518090000
0.0696814000 0.5137120000 0.3058900000
0.0076032600 0.5104090000 0.2117810000
-0.0725118000 0.4860900000 0.2623830000
-0.0393618000 0.4858110000 0.3386270000
-0.1520600000 0.4741250000 0.0570230000
-0.1077770000 0.5108680000 -0.0401014000
-0.1354170000 0.5022280000 -0.0641363000
-0.1699690000 0.4861520000 -0.0633144000
-0.1923530000 0.4793190000 -0.0570481000
-0.2171610000 0.4688130000 -0.0605217000
0.0825405000 0.5133880000 0.2976800000
-0.0043246400 0.5034330000 0.2110210000
0.0208620000 0.4871660000 0.3575670000
-0.1000680000 0.5020140000 0.0515526000
-0.1454880000 0.5097740000 -0.0598135000
-0.2216520000 0.4634650000 0.0049898800
0.0436347000 0.5017790000 0.3238240000
0.0799427000 0.5249200000 0.2496510000
-0.0503698000 0.5005460000 0.2304230000
-0.0730757000 0.4886130000 0.2821190000
-0.0687127000 0.5035450000 0.3228610000
-0.0615110000 0.4943320000 0.3326530000
-0.1638040000 0.4661710000 0.0500534000
-0.1231990000 0.5085860000 -0.0476884000
-0.1504980000 0.4975110000 -0.0683455000
-0.1801290000 0.4899260000 -0.0630914000
-0.2173680000 0.4779500000 -0.0633295000
-0.2229520000 0.4788670000 -0.0274929000
0.0299001000 0.5021730000 0.3529650000
0.0451816000 0.5063010000 0.3183740000
0.0767833000 0.5287150000 0.2882710000
0.0556468000 0.5214470000 0.2242760000
-0.0191326000 0.4982400000 0.3453910000
-0.1920120000 0.4665100000 0.0392047000
-0.1008600000 0.5039210000 0.0511428000
-0.1004280000 0.5186850000 -0.0183702000
-0.1989790000 0.4855650000 -0.0560385000
-0.2246130000 0.4820200000 -0.0533745000
-0.2144700000 0.4552890000 0.0234254000
0.0418553000 0.5007200000 0.3364980000
0.0669583000 0.5288220000 0.2338870000
0.0452579000 0.5224280000 0.2200860000
-0.0225748000 0.5088750000 0.2155830000
-0.0389626000 0.5011360000 0.2216580000
-0.0914257000 0.5182760000 0.0222947000
-0.0926852000 0.5236030000 -0.0097529300
-0.1189500000 0.5128570000 -0.0411406000
-0.1733160000 0.4963700000 -0.0619449000
-0.2256550000 0.4641500000 0.0134667000
0.0767084000 0.5281400000 0.2474730000
-0.0611716000 0.5012780000 0.2427240000
-0.2096350000 0.4635880000 0.0327461000
-0.1088400000 0.4983660000 0.0547339000
-0.2203570000 0.4637960000 0.0285112000
0.0801572000 0.5284140000 0.2775600000
0.0335022000 0.5196390000 0.2153780000
-0.0709004000 0.4952420000 0.2573260000
-0.1604260000 0.4741940000 0.0562162000
-0.1026300000 0.5094520000 0.0436937000
-0.0875324000 0.5246830000 -0.0000395181
-0.2339130000 0.4875260000 -0.0439010000
0.0491143000 0.5088210000 0.3134080000
0.0607468000 0.5213610000 0.3037160000
-0.0022192700 0.5165160000 0.2154560000
0.0063250100 0.5043150000 0.3522970000
-0.1064090000 0.5204100000 -0.0255334000
-0.1387050000 0.5102370000 -0.0577719000
-0.1971480000 0.4928170000 -0.0525555000
-0.2137500000 0.4958740000 -0.0620751000
-0.2429240000 0.4798550000 0.0189799000
-0.0337860000 0.5142760000 0.2178600000
-0.0751167000 0.5030380000 0.2727790000
-0.0342828000 0.5200170000 0.3489770000
-0.1216310000 0.4896830000 0.0553553000
-0.0966189000 0.5191210000 0.0206887000
-0.1212400000 0.5186670000 -0.0442964000
-0.1684550000 0.5034250000 -0.0481737000
-0.2026050000 0.4953240000 -0.0523537000
0.0723977000 0.5297150000 0.2923870000
-0.0218155000 0.5171370000 0.2150370000
-0.0742940000 0.5201200000 0.2729200000
-0.0728691000 0.5170550000 0.3139930000
-0.0534726000 0.4978640000 0.3376160000
-0.0210594000 0.5159950000 0.3509280000
-0.1335700000 0.4877630000 0.0705420000
-0.1837080000 0.5002190000 -0.0489948000
-0.2203440000 0.4938090000 -0.0632858000
-0.2371970000 0.4915890000 -0.0500511000
-0.2416540000 0.4852600000 -0.0181030000
0.0761901000 0.5351680000 0.2501890000
0.0286217000 0.5247000000 0.2166000000
-0.0784777000 0.5219530000 0.2927010000
-0.0074466600 0.5078830000 0.3504320000
-0.1767340000 0.4741410000 0.0508958000
-0.1502420000 0.4800250000 0.0629885000
-0.0943489000 0.5312230000 -0.0217972000
-0.1032780000 0.5281910000 -0.0332583000
-0.2323200000 0.4936640000 -0.0562371000
-0.2504900000 0.4960600000 -0.0313564000
0.0191348000 0.5080340000 0.3556640000
0.0686165000 0.5304250000 0.2949170000
0.0776516000 0.5324240000 0.2763480000
0.0389650000 0.5283450000 0.2204710000
-0.0429312000 0.5180180000 0.2225240000
-0.0474894000 0.5385510000 0.3449910000
-0.1910560000 0.4750690000 0.0469198000
-0.1567590000 0.4806200000 0.0673761000
-0.1318920000 0.5192910000 -0.0496677000
-0.1461900000 0.5127990000 -0.0535365000
0.0756945000 0.5366150000 0.2664770000
0.0700351000 0.5352330000 0.2393570000
0.0542690000 0.5315160000 0.2310650000
-0.0305942000 0.5251310000 0.2194800000
-0.0691823000 0.5307340000 0.3222990000
0.0007569320 0.5172490000 0.3546850000
0.0117231000 0.5109940000 0.3551010000
-0.1103700000 0.5031490000 0.0576785000
-0.1141840000 0.5039350000 0.0560317000
-0.1150380000 0.5246240000 -0.0409413000
-0.2457610000 0.4849110000 -0.0093397700
0.0528074000 0.5220340000 0.3083640000
-0.0743306000 0.5008840000 0.3076060000
-0.1377080000 0.4888260000 0.0747957000
-0.1071690000 0.5105410000 0.0336043000
-0.0908896000 0.5270100000 0.0025944900
-0.1377680000 0.5191130000 -0.0410726000
-0.1897550000 0.5086300000 -0.0543600000
-0.2454030000 0.4813880000 0.0098025500
0.0334735000 0.5161330000 0.3487250000
0.0425541000 0.5175010000 0.3368310000
-0.0609288000 0.5169670000 0.2461590000
0.0127874000 0.5202490000 0.3543970000
-0.2028570000 0.4758160000 0.0460094000
-0.0955642000 0.5341430000 -0.0193356000
-0.1056710000 0.5313130000 -0.0328288000
-0.1671300000 0.5080910000 -0.0445972000
-0.2564260000 0.4935910000 0.0120856000
-0.2179480000 0.4735190000 0.0376835000
0.0411885000 0.5163070000 0.3431440000
0.0425807000 0.5183110000 0.3247400000
-0.0149296000 0.5254560000 0.2160280000
-0.0510451000 0.5166730000 0.2308100000
-0.1282000000 0.4926990000 0.0709520000
-0.1198900000 0.5040520000 0.0486665000
-0.1095840000 0.5110950000 0.0312610000
-0.1055730000 0.5175140000 0.0163202000
-0.1186680000 0.5267040000 -0.0372006000
-0.1791530000 0.5110930000 -0.0489720000
-0.2135870000 0.5042550000 -0.0640620000
-0.2366440000 0.4794040000 0.0266301000
0.0761736000 0.5408330000 0.2498360000
0.0009514940 0.5244730000 0.3534740000
-0.1940130000 0.4870430000 0.0613233000
-0.1754850000 0.4846470000 0.0635290000
-0.1634400000 0.5139980000 -0.0443940000
-0.2040560000 0.5081550000 -0.0617869000
-0.2478520000 0.4843550000 0.0010452600
0.0331320000 0.5317700000 0.2215970000
-0.0561525000 0.5385890000 0.2418530000
-0.0610260000 0.5103340000 0.3330770000
-0.1023200000 0.5281170000 -0.0086333100
-0.1058730000 0.5335240000 -0.0329617000
-0.1354990000 0.5225930000 -0.0389697000
-0.2133530000 0.5134060000 -0.0648914000
-0.2176720000 0.4884920000 0.0467443000
0.0419112000 0.5273160000 0.3428210000
0.0472594000 0.5201820000 0.3144840000
0.0214913000 0.5297470000 0.2151450000
0.0043328100 0.5267950000 0.2122630000
-0.0274170000 0.5355520000 0.2135460000
-0.0776444000 0.5420180000 0.3051910000
-0.0262346000 0.5243840000 0.3513120000
0.0256033000 0.5209420000 0.3517180000
-0.1309540000 0.4952150000 0.0698256000
-0.1731120000 0.5150600000 -0.0489822000
-0.1986710000 0.5217050000 -0.0646734000
-0.2551930000 0.5153000000 -0.0421678000
0.0405372000 0.5286780000 0.3319190000
0.0731368000 0.5365910000 0.2839830000
0.0511728000 0.5348240000 0.2343110000
-0.0410948000 0.5308370000 0.3482080000
0.0384811000 0.5248930000 0.3498330000
-0.1163010000 0.5336870000 -0.0431207000
0.0670310000 0.5371090000 0.2952750000
0.0649941000 0.5401420000 0.2394050000
-0.0404693000 0.5339710000 0.2203250000
-0.0615804000 0.5310980000 0.2534470000
-0.0174929000 0.5306490000 0.3493240000
-0.1251370000 0.5038620000 0.0505299000
-0.1321320000 0.5262290000 -0.0401818000
0.0702875000 0.5399490000 0.2866280000
0.0268605000 0.5375960000 0.2219580000
-0.0676350000 0.5297920000 0.2651460000
-0.0673578000 0.5553560000 0.2850950000
-0.0741559000 0.5485270000 0.3144350000
0.0014778100 0.5311880000 0.3495010000
-0.1586030000 0.4851670000 0.0717087000
-0.1005130000 0.5365890000 -0.0301164000
-0.1568200000 0.5264090000 -0.0549352000
-0.1864240000 0.5224360000 -0.0601536000
-0.2290910000 0.4947510000 0.0427610000
0.0718751000 0.5437610000 0.2709410000
0.0724963000 0.5419800000 0.2451950000
0.0457165000 0.5374000000 0.2305070000
-0.0268597000 0.5356480000 0.3473010000
-0.1037440000 0.5302110000 -0.0103642000
-0.1306650000 0.5344080000 -0.0524200000
-0.2626170000 0.5013980000 -0.0107165000
-0.2512330000 0.5002850000 0.0322634000
0.0487561000 0.5320080000 0.3157810000
-0.0030316200 0.5359270000 0.2135080000
-0.0481365000 0.5316020000 0.2256740000
-0.0643896000 0.5436820000 0.2685240000
0.0402198000 0.5286250000 0.3482970000
-0.1412360000 0.4929410000 0.0770169000
-0.1009270000 0.5364950000 -0.0249055000
-0.2426350000 0.5220560000 -0.0507958000
-0.2608800000 0.5097850000 -0.0320410000
0.0418981000 0.5288820000 0.3248380000
-0.0166155000 0.5341020000 0.2127710000
-0.0082925200 0.5389020000 0.3427400000
0.0190028000 0.5325940000 0.3480840000
-0.1127980000 0.5159150000 0.0274290000
-0.1058260000 0.5254280000 -0.0023953700
-0.1023760000 0.5350150000 -0.0088660300
-0.2076260000 0.5243060000 -0.0651786000
-0.2506420000 0.5225600000 -0.0462301000
-0.2050480000 0.4981200000 0.0616292000
0.0595943000 0.5416930000 0.3024370000
0.0742169000 0.5444310000 0.2489040000
0.0274195000 0.5411600000 0.2206390000
-0.0770953000 0.5410390000 0.2973080000
-0.0682177000 0.5642740000 0.3238980000
-0.0346031000 0.5462950000 0.3453730000
-0.1502110000 0.4935010000 0.0767735000
-0.1356060000 0.4969040000 0.0725231000
-0.1277470000 0.5041950000 0.0553642000
-0.1119960000 0.5220720000 0.0171223000
-0.2293940000 0.5188380000 -0.0581157000
0.0409797000 0.5370430000 0.3460380000
0.0479258000 0.5375110000 0.3398730000
0.0657251000 0.5434680000 0.2862170000
0.0123213000 0.5418540000 0.2158080000
-0.0095090000 0.5404550000 0.2113790000
0.0168958000 0.5381130000 0.3446000000
0.0298350000 0.5415820000 0.3433480000
-0.1041070000 0.5404370000 -0.0310018000
-0.1112780000 0.5400130000 -0.0412415000
-0.2552520000 0.5457810000 -0.0437757000
0.0484350000 0.5351760000 0.3356250000
0.0705864000 0.5463520000 0.2547140000
-0.0564527000 0.5537740000 0.3379200000
-0.1788280000 0.4920790000 0.0688927000
-0.1726770000 0.5024990000 0.0768985000
-0.1279520000 0.5047130000 0.0617807000
-0.1161150000 0.5173810000 0.0304120000
-0.1155080000 0.5371420000 -0.0459516000
-0.1504110000 0.5334230000 -0.0594667000
-0.1831610000 0.5295480000 -0.0626717000
-0.2124680000 0.5322030000 -0.0630269000
-0.2750480000 0.5231170000 0.0239589000
-0.2617610000 0.5122590000 0.0325673000
0.0465116000 0.5371970000 0.3173750000
0.0542888000 0.5403170000 0.2281790000
0.0022343400 0.5444630000 0.2075310000
-0.0463349000 0.5595120000 0.3449510000
-0.0153205000 0.5478170000 0.3397900000
-0.1435160000 0.5392730000 -0.0603135000
-0.1929660000 0.5335080000 -0.0640709000
-0.2715640000 0.5215540000 0.0290737000
0.0472449000 0.5423360000 0.2140280000
0.0311415000 0.5431050000 0.2097760000
-0.0431293000 0.5475220000 0.3460480000
-0.2186130000 0.5433780000 -0.0581398000
-0.2737600000 0.5154680000 0.0094965200
0.0493631000 0.5436950000 0.3158200000
0.0526161000 0.5436460000 0.3087190000
0.0643731000 0.5438280000 0.2306360000
-0.0008061390 0.5474940000 0.2044770000
-0.0425185000 0.5518610000 0.2230180000
-0.0621431000 0.5636860000 0.2668120000
-0.0622934000 0.5506750000 0.2672350000
-0.0172844000 0.5542470000 0.3395000000
-0.0027937500 0.5498440000 0.3370480000
-0.1972160000 0.5026310000 0.0685907000
-0.1142270000 0.5195530000 0.0285234000
-0.1058170000 0.5404810000 -0.0213157000
0.0647408000 0.5474190000 0.2359260000
0.0484772000 0.5441750000 0.2100520000
-0.1298810000 0.5437330000 -0.0566800000
-0.2384400000 0.5314010000 -0.0518663000
-0.2184760000 0.5085530000 0.0596607000
0.0567247000 0.5499290000 0.2862470000
0.0623032000 0.5457070000 0.2591560000
-0.0480795000 0.5467550000 0.2275620000
-0.0363610000 0.5563890000 0.3449440000
-0.1365230000 0.4990470000 0.0757054000
-0.1825320000 0.5366780000 -0.0644928000
-0.2502800000 0.5137510000 0.0440032000
-0.2249990000 0.5050960000 0.0532285000
0.0572702000 0.5455910000 0.2986770000
-0.0550501000 0.5552770000 0.2432080000
0.0115755000 0.5481460000 0.3370100000
0.0234503000 0.5536080000 0.3349870000
-0.1620620000 0.5003100000 0.0775955000
-0.1448650000 0.5024690000 0.0792817000
-0.1389720000 0.5085460000 0.0779206000
-0.1306550000 0.5075230000 0.0728895000
-0.1188930000 0.5115260000 0.0543702000
-0.1047270000 0.5282690000 0.0086618000
0.0552179000 0.5422540000 0.3342360000
0.0611629000 0.5437730000 0.3222050000
0.0572949000 0.5490530000 0.2316120000
-0.0131454000 0.5476600000 0.2063040000
-0.0726385000 0.5656590000 0.3030980000
-0.0169534000 0.5604220000 0.3394360000
-0.2007990000 0.5108470000 0.0715714000
-0.1041430000 0.5213090000 0.0291374000
-0.1234020000 0.5436570000 -0.0479651000
-0.1342980000 0.5414790000 -0.0592879000
-0.1570360000 0.5416340000 -0.0612438000
-0.2688360000 0.5342860000 -0.0326207000
-0.2781130000 0.5272250000 -0.0086153000
0.0417329000 0.5438140000 0.3406910000
0.0496839000 0.5485820000 0.3324690000
-0.0739168000 0.5705660000 0.3108070000
-0.2648370000 0.5292950000 0.0405738000
0.0540685000 0.5503640000 0.3063400000
-0.0658629000 0.5688500000 0.2857780000
-0.1912990000 0.5114800000 0.0744271000
-0.1164570000 0.5403680000 -0.0181305000
-0.1231660000 0.5433880000 -0.0284802000
-0.1392250000 0.5448180000 -0.0586676000
-0.1986530000 0.5442950000 -0.0632574000
-0.2750600000 0.5296210000 -0.0223379000
0.0610325000 0.5464960000 0.2647340000
0.0515032000 0.5491590000 0.2177620000
0.0510769000 0.5465940000 0.2119280000
0.0253284000 0.5459770000 0.2055300000
0.0271734000 0.5514660000 0.2065720000
-0.0487630000 0.5669710000 0.2310420000
-0.0621532000 0.5913750000 0.3341780000
-0.0574040000 0.5804660000 0.3391720000
-0.1019920000 0.5293840000 0.0125416000
-0.1309260000 0.5460610000 -0.0544210000
0.0013066300 0.5602120000 0.3360480000
0.0647580000 0.5508710000 0.3223460000
0.0548463000 0.5514870000 0.2978400000
-0.0006783230 0.5546020000 0.2079830000
-0.0309650000 0.5580510000 0.2156630000
-0.0436659000 0.5633080000 0.2256030000
-0.1625040000 0.5107660000 0.0829867000
-0.1036220000 0.5233350000 0.0365400000
-0.1051820000 0.5362470000 -0.0034965100
-0.1573380000 0.5481940000 -0.0561767000
0.0130035000 0.5583410000 0.3332060000
0.0374335000 0.5556030000 0.3309630000
0.0686034000 0.5484640000 0.3209770000
0.0675214000 0.5459810000 0.3150110000
0.0606235000 0.5458680000 0.2733210000
0.0583393000 0.5500740000 0.2497350000
-0.0562734000 0.5671160000 0.2465640000
-0.1053530000 0.5194710000 0.0416595000
-0.1029250000 0.5274920000 0.0212407000
-0.1916740000 0.5504410000 -0.0619582000
-0.0278255000 0.5853650000 0.3466180000
0.0114513000 0.5672240000 0.3335520000
0.0532185000 0.5512800000 0.2295430000
0.0488786000 0.5499860000 0.2073590000
-0.0220411000 0.5590190000 0.2099040000
-0.0674874000 0.5819330000 0.2977550000
-0.1882430000 0.5211670000 0.0797404000
-0.1513570000 0.5122210000 0.0814076000
-0.1155140000 0.5147610000 0.0564484000
-0.0015032500 0.5720430000 0.3393440000
0.0601007000 0.5539650000 0.2919970000
0.0601583000 0.5555630000 0.2560750000
0.0540680000 0.5510460000 0.2155850000
-0.0509823000 0.5928790000 0.3446330000
-0.0437276000 0.5837840000 0.3468000000
-0.1582210000 0.5161810000 0.0827328000
-0.2286480000 0.5636310000 -0.0524734000
-0.2791450000 0.5602600000 -0.0174176000
0.0723173000 0.5493880000 0.3156430000
-0.1146630000 0.5184150000 0.0566966000
-0.1109280000 0.5356930000 0.0107261000
-0.2781990000 0.5371490000 0.0181150000
0.0604920000 0.5550200000 0.2672540000
0.0550054000 0.5525370000 0.2263400000
0.0422290000 0.5533870000 0.2089490000
0.0298374000 0.5582810000 0.2133910000
-0.0150040000 0.5594170000 0.2083010000
-0.0435434000 0.5818100000 0.2251500000
-0.0661940000 0.5781460000 0.2827660000
-0.1672540000 0.5180410000 0.0840059000
-0.1145520000 0.5404880000 0.0069807200
-0.1683250000 0.5566390000 -0.0522207000
-0.2419330000 0.5501000000 -0.0490502000
-0.2705930000 0.5471410000 -0.0318093000
0.0458919000 0.5605490000 0.3224900000
0.0732199000 0.5485510000 0.2988460000
-0.0056890600 0.5621680000 0.2093440000
-0.0595097000 0.5832120000 0.2524730000
-0.0717258000 0.5886720000 0.3125950000
-0.1315450000 0.5211370000 0.0655937000
-0.1026030000 0.5240520000 0.0416135000
-0.1391960000 0.5545320000 -0.0574448000
-0.2474260000 0.5253790000 0.0548412000
-0.0215489000 0.5934600000 0.3463890000
0.0617370000 0.5567590000 0.2660500000
0.0687282000 0.5514430000 0.2284620000
-0.0650153000 0.5896190000 0.2659740000
-0.1296890000 0.5481100000 -0.0439231000
-0.2543380000 0.5427810000 0.0567572000
0.0208193000 0.5703110000 0.3297740000
-0.0182454000 0.5717540000 0.2097660000
-0.0495594000 0.5795910000 0.2328380000
-0.1838260000 0.5323940000 0.0825423000
-0.2726420000 0.5516900000 0.0341294000
-0.2661990000 0.5504420000 0.0458816000
0.0368029000 0.5697910000 0.3243040000
0.0716980000 0.5539770000 0.3150350000
0.0868934000 0.5508900000 0.2757950000
0.0650580000 0.5561290000 0.2748570000
0.0641300000 0.5570180000 0.2545320000
0.0630889000 0.5529250000 0.2176390000
-0.0652393000 0.5989160000 0.2891320000
-0.0689179000 0.5962650000 0.3217720000
-0.1319120000 0.5176200000 0.0660470000
-0.2050750000 0.5621380000 -0.0587708000
0.0801756000 0.5505900000 0.2775550000
0.0263250000 0.5618710000 0.2156410000
-0.0306726000 0.5775980000 0.2162100000
-0.0664256000 0.5937830000 0.3273020000
-0.0361653000 0.5894790000 0.3478490000
-0.1748680000 0.5178190000 0.0830374000
-0.1305370000 0.5523390000 -0.0469613000
-0.1340980000 0.5526400000 -0.0545402000
-0.1906080000 0.5561910000 -0.0592146000
-0.2751160000 0.5721850000 0.0302655000
-0.2289800000 0.5266320000 0.0692910000
-0.2031090000 0.5257680000 0.0787268000
0.0780105000 0.5529260000 0.2307890000
0.0021084300 0.5783070000 0.2076330000
-0.0664569000 0.6229180000 0.2802240000
-0.0459296000 0.6071000000 0.3483080000
-0.1547080000 0.5247080000 0.0798814000
-0.1077930000 0.5313560000 0.0255451000
-0.2623040000 0.5729250000 -0.0365492000
-0.2802930000 0.5543650000 -0.0092264800
-0.2816060000 0.5814630000 0.0056973100
-0.0055618300 0.5955750000 0.3427120000
0.0144533000 0.5783440000 0.3323740000
0.0783090000 0.5594260000 0.3085650000
0.0761983000 0.5508460000 0.3111140000
0.0801447000 0.5513040000 0.2510120000
0.0549094000 0.5554200000 0.2144670000
-0.0439069000 0.5945670000 0.2266270000
-0.1441230000 0.5180800000 0.0746915000
-0.1373700000 0.5595470000 -0.0548856000
-0.2467640000 0.5477500000 0.0641255000
-0.2365940000 0.5374780000 0.0696568000
0.0208686000 0.5773900000 0.3301760000
0.0665984000 0.5608920000 0.3148250000
0.0067917200 0.5674670000 0.2114110000
-0.0973189000 0.5375880000 0.0251629000
-0.1091990000 0.5444550000 0.0136482000
-0.1188580000 0.5462490000 -0.0048993900
-0.1243810000 0.5524590000 -0.0234847000
-0.2678810000 0.5555800000 -0.0352227000
-0.2804200000 0.5758340000 0.0166209000
0.0035017000 0.6036010000 0.3402130000
0.0752591000 0.5571380000 0.2272860000
-0.0671667000 0.6041570000 0.2805200000
-0.0626712000 0.6224220000 0.3053840000
-0.0531632000 0.6107200000 0.3442080000
-0.1454290000 0.5612530000 -0.0577546000
-0.1549470000 0.5552470000 -0.0541235000
-0.2053640000 0.5371770000 0.0796647000
0.0132611000 0.5749210000 0.2095220000
-0.0124305000 0.5937790000 0.2123230000
-0.0579355000 0.6015290000 0.2509030000
-0.0670802000 0.5992430000 0.2682480000
-0.0634148000 0.6185820000 0.2955000000
-0.0647029000 0.6017400000 0.2953950000
-0.0358755000 0.6149490000 0.3504900000
-0.2180860000 0.5504840000 0.0791374000
-0.1605080000 0.5386440000 0.0837429000
-0.1048650000 0.5273110000 0.0445275000
-0.2814230000 0.5582980000 0.0088814300
0.0592435000 0.5715580000 0.3203530000
0.0347698000 0.5653990000 0.2184040000
0.0284165000 0.5680110000 0.2168520000
-0.0579128000 0.6238000000 0.3384920000
-0.1703550000 0.5365200000 0.0845417000
-0.1020860000 0.5315570000 0.0294456000
-0.1292810000 0.5660830000 -0.0458179000
-0.2001290000 0.5737910000 -0.0549407000
-0.2699230000 0.5713220000 0.0364429000
0.0546338000 0.5618140000 0.2223260000
-0.0478334000 0.5984300000 0.2323600000
-0.0658613000 0.6149670000 0.3125230000
-0.1258770000 0.5623490000 -0.0370072000
-0.1351190000 0.5664360000 -0.0528295000
-0.1422050000 0.5709220000 -0.0553251000
-0.2068660000 0.5807290000 -0.0530907000
-0.2235090000 0.5865620000 -0.0483055000
-0.2763060000 0.5724950000 -0.0215967000
-0.0113917000 0.6085190000 0.3460370000
0.0207789000 0.5909580000 0.3334310000
0.0389793000 0.5795230000 0.3306970000
-0.0283718000 0.5896350000 0.2173150000
-0.0509104000 0.6423880000 0.3467350000
-0.1265890000 0.5404160000 0.0684239000
-0.1671910000 0.5659750000 -0.0489698000
-0.2429330000 0.5986340000 -0.0418340000
-0.2458850000 0.5751960000 -0.0450707000
0.0385335000 0.5902860000 0.3348490000
0.0871698000 0.5632860000 0.2944970000
0.0798026000 0.5616190000 0.2306460000
0.0404008000 0.5715710000 0.2180970000
-0.0457501000 0.6112250000 0.2301650000
-0.0582967000 0.6357590000 0.3364110000
-0.1772480000 0.5562640000 0.0835767000
-0.1365390000 0.5343780000 0.0741435000
-0.1205430000 0.5352620000 0.0584923000
-0.1096630000 0.5356920000 0.0437620000
-0.1994300000 0.5871280000 -0.0499678000
-0.2624840000 0.5742800000 0.0434806000
0.1005400000 0.5605300000 0.2656750000
-0.0313476000 0.6095290000 0.2204950000
-0.1185110000 0.5315910000 0.0529276000
0.0871207000 0.5526310000 0.2454930000
-0.0602474000 0.6357830000 0.3131610000
-0.1785130000 0.5834060000 -0.0430326000
-0.2699600000 0.5890390000 -0.0259528000
0.0696687000 0.5715820000 0.3139560000
0.0721710000 0.5661260000 0.2280440000
0.0335401000 0.5788320000 0.2086420000
-0.1076290000 0.5447970000 0.0400890000
-0.1138320000 0.5487580000 0.0028855300
-0.2487800000 0.5742000000 0.0553587000
-0.2424370000 0.5598980000 0.0647245000
-0.2310880000 0.5505450000 0.0738178000
-0.0213670000 0.6256990000 0.3510880000
0.0923528000 0.5580600000 0.2844180000
0.0896941000 0.5533050000 0.2808030000
0.0076258200 0.5867240000 0.2074020000
-0.0406133000 0.6134120000 0.2247050000
-0.0627504000 0.6289390000 0.3233250000
-0.0970088000 0.5391480000 0.0297667000
-0.2637870000 0.5914200000 0.0363202000
0.0878322000 0.5620210000 0.2331980000
0.0615403000 0.5752970000 0.2184760000
-0.0605990000 0.6346990000 0.3303000000
-0.0452568000 0.6308120000 0.3503760000
-0.0983519000 0.5464520000 0.0146842000
-0.1074300000 0.5490840000 0.0113566000
-0.1206920000 0.5592810000 -0.0188268000
-0.1641940000 0.5755310000 -0.0480613000
-0.2753530000 0.6092970000 -0.0038853700
-0.2806930000 0.5849290000 0.0001813030
-0.2249340000 0.5839990000 0.0762295000
0.0456159000 0.5932230000 0.3301950000
0.0920948000 0.5708710000 0.2848090000
-0.0567336000 0.6227060000 0.2496000000
-0.0660377000 0.6191230000 0.2717570000
-0.0357626000 0.6402640000 0.3543180000
-0.1154220000 0.5418360000 0.0554573000
-0.1331400000 0.5750750000 -0.0492175000
0.0236540000 0.6029610000 0.3362150000
0.0489101000 0.5830750000 0.3280030000
0.0602862000 0.5900270000 0.3135650000
0.0346782000 0.5844020000 0.2059800000
-0.1443320000 0.5374780000 0.0780457000
-0.1449460000 0.5821040000 -0.0547505000
-0.1513080000 0.5730760000 -0.0549400000
-0.1724610000 0.5870880000 -0.0419887000
-0.2599490000 0.6061880000 -0.0306511000
-0.2796870000 0.5644330000 0.0233725000
0.0783678000 0.5708200000 0.2242170000
-0.0427680000 0.6242360000 0.2266720000
-0.0584232000 0.6549860000 0.3027230000
-0.0943733000 0.5497050000 0.0235426000
-0.0926302000 0.5552910000 0.0093777600
-0.1240390000 0.5708980000 -0.0314171000
-0.2048600000 0.5968900000 -0.0467101000
-0.2543690000 0.5889720000 0.0466223000
0.0367984000 0.6084480000 0.3372830000
0.0902633000 0.5578530000 0.2386940000
0.0007805180 0.6008190000 0.2115280000
-0.0644344000 0.6371000000 0.2743960000
-0.0435629000 0.6542760000 0.3534210000
-0.1106170000 0.5629110000 0.0005251200
-0.2757710000 0.5930960000 -0.0131808000
-0.2725040000 0.6195960000 0.0034057000
0.1019970000 0.5654960000 0.2719740000
0.0510579000 0.5831520000 0.2067760000
-0.0190185000 0.6107320000 0.2172900000
-0.0604507000 0.6409250000 0.2644980000
-0.1977910000 0.5658260000 0.0827397000
-0.1546240000 0.5617210000 0.0823820000
-0.1277700000 0.5465510000 0.0702926000
-0.1143800000 0.5468060000 0.0592000000
-0.1181530000 0.5699980000 -0.0098658600
-0.2431970000 0.6200730000 -0.0356522000
0.0762418000 0.5831360000 0.2981010000
0.1048720000 0.5662930000 0.2580320000
0.0601222000 0.5808380000 0.2097290000
-0.0534511000 0.6529970000 0.3421130000
-0.0934239000 0.5577670000 0.0235032000
-0.2355050000 0.5672950000 0.0701978000
-0.0196478000 0.6497560000 0.3544320000
0.0057287200 0.6223710000 0.3435690000
0.1085130000 0.5720490000 0.2620300000
0.0245209000 0.5941640000 0.2054830000
0.0014723500 0.6065900000 0.2095260000
-0.0565541000 0.6564530000 0.3140280000
-0.0563190000 0.6577380000 0.3273350000
-0.1634390000 0.5607140000 0.0841099000
-0.1346660000 0.5465530000 0.0739329000
-0.0904267000 0.5557450000 0.0137827000
0.0174008000 0.6182200000 0.3413770000
0.0489025000 0.6045940000 0.3305470000
0.0878919000 0.5723760000 0.2263710000
-0.0643413000 0.6359800000 0.2862480000
-0.1287420000 0.5828780000 -0.0406770000
-0.1639160000 0.6015790000 -0.0422438000
-0.1965800000 0.5997150000 -0.0445301000
-0.2726200000 0.6144440000 0.0104570000
0.0563521000 0.5993080000 0.3180290000
0.0637022000 0.5967920000 0.3082400000
0.1026950000 0.5724670000 0.2700980000
0.0572094000 0.5945410000 0.2050580000
0.0486802000 0.5890900000 0.2070530000
0.0298559000 0.5988640000 0.2084320000
-0.0429369000 0.6394370000 0.2293500000
-0.0531425000 0.6432320000 0.2495230000
-0.0559049000 0.6604200000 0.2625100000
-0.1211050000 0.5807830000 -0.0185934000
-0.1541710000 0.5903130000 -0.0504862000
-0.2195160000 0.6025120000 -0.0435379000
-0.2690040000 0.6181050000 0.0180749000
-0.2067530000 0.5879800000 0.0812900000
0.1101970000 0.5725620000 0.2566520000
-0.1553260000 0.5756110000 0.0832422000
-0.1385220000 0.5619680000 0.0755722000
-0.0996686000 0.5566980000 0.0438975000
-0.0982571000 0.5560880000 0.0318059000
-0.1011280000 0.5587770000 0.0051779700
-0.1447210000 0.5894940000 -0.0522278000
-0.2554450000 0.5940430000 -0.0373877000
-0.2648620000 0.6086730000 0.0288575000
-0.2540730000 0.6061510000 0.0406240000
-0.2457430000 0.5951690000 0.0545798000
0.0522815000 0.6127000000 0.3318680000
0.0762415000 0.6005950000 0.2957010000
-0.0357437000 0.6342810000 0.2214410000
-0.0346428000 0.6562350000 0.3565820000
-0.2694630000 0.6175620000 -0.0143106000
-0.2686790000 0.6310360000 -0.0002821470
0.0730326000 0.5778530000 0.2165110000
0.0025050800 0.6122950000 0.2112690000
-0.0217676000 0.6201870000 0.2156860000
-0.0605383000 0.6633910000 0.2866810000
-0.1298440000 0.5667350000 0.0725202000
-0.0927159000 0.5641650000 0.0026662400
-0.1429170000 0.5979940000 -0.0527053000
-0.2617350000 0.6464030000 0.0115856000
-0.2186330000 0.5844470000 0.0786816000
0.0960860000 0.5681100000 0.2365890000
-0.0108337000 0.6271810000 0.2149770000
-0.0453488000 0.6696280000 0.2394260000
-0.0505828000 0.6770880000 0.3404540000
-0.0273599000 0.6393170000 0.3542880000
-0.1199460000 0.5622020000 0.0660801000
-0.0981522000 0.5737790000 -0.0049576400
-0.2330940000 0.6050910000 -0.0421470000
0.0890287000 0.5898180000 0.2833520000
0.0980418000 0.5812600000 0.2338220000
0.0187355000 0.6116360000 0.2090000000
-0.0410050000 0.6527640000 0.2285610000
-0.1061810000 0.5645540000 0.0578621000
-0.2250630000 0.6288730000 -0.0366484000
-0.2202520000 0.6098400000 0.0763427000
0.0632974000 0.6132530000 0.3123590000
-0.0617330000 0.6531670000 0.2822980000
-0.1888980000 0.5783070000 0.0828770000
-0.0879780000 0.5642520000 0.0069919900
-0.2084620000 0.6104740000 -0.0405650000
-0.2288470000 0.6089690000 0.0717725000
0.0066380900 0.6472150000 0.3476700000
0.0445480000 0.6152420000 0.3384330000
-0.0996661000 0.5594470000 0.0485087000
-0.1106730000 0.5735170000 -0.0056161400
-0.1946870000 0.6276910000 -0.0363770000
-0.2435430000 0.6395980000 -0.0300616000
-0.2518930000 0.6280400000 -0.0288248000
-0.2643530000 0.6152920000 -0.0234114000
-0.2458390000 0.6199320000 0.0446238000
-0.2392050000 0.6191890000 0.0535361000
-0.0057641700 0.6365100000 0.3490900000
0.1117370000 0.5842080000 0.2487130000
0.0712751000 0.5882690000 0.2152810000
-0.0328955000 0.6495750000 0.2208900000
-0.2310810000 0.6354540000 -0.0348249000
-0.0184959000 0.6713050000 0.3570600000
0.0224528000 0.6307960000 0.3432620000
0.0478945000 0.6262950000 0.3384290000
0.0405806000 0.6126630000 0.1993600000
-0.0560944000 0.6784630000 0.2944570000
-0.0342063000 0.6820580000 0.3596970000
-0.1000960000 0.5876270000 -0.0123444000
-0.1170860000 0.5861860000 -0.0153005000
-0.1233250000 0.6017570000 -0.0280652000
-0.1336600000 0.5884790000 -0.0476561000
-0.1526890000 0.6026320000 -0.0497006000
0.0324214000 0.6230060000 0.3420610000
0.0542694000 0.6220440000 0.3334890000
0.0026807600 0.6384880000 0.2089570000
-0.0401768000 0.6870840000 0.3557880000
-0.0265071000 0.6749790000 0.3595070000
-0.1876020000 0.5979170000 0.0843993000
-0.1256870000 0.5807460000 0.0752846000
-0.0859448000 0.5694490000 0.0177083000
-0.1700260000 0.6065550000 -0.0375834000
-0.1939250000 0.6168390000 -0.0392736000
0.1071930000 0.6006020000 0.2759250000
-0.0536569000 0.6690740000 0.3337350000
-0.1176940000 0.5730640000 0.0668574000
-0.0865176000 0.5727650000 0.0016451100
-0.2551030000 0.6583440000 0.0173926000
0.1081490000 0.5814700000 0.2681740000
0.0834834000 0.5989140000 0.2282130000
0.0108397000 0.6282680000 0.2080430000
-0.0993955000 0.5654480000 0.0521671000
-0.1445010000 0.6080290000 -0.0512466000
-0.1607760000 0.6244310000 -0.0377227000
-0.2679030000 0.6317300000 -0.0062858400
-0.2099020000 0.6037240000 0.0795446000
0.0980250000 0.6054740000 0.2829100000
0.1072850000 0.5930320000 0.2434780000
0.0583393000 0.6086130000 0.2074310000
-0.0480309000 0.6906610000 0.3398530000
-0.1433460000 0.5780720000 0.0814209000
-0.0871558000 0.5695200000 0.0362700000
-0.2385870000 0.6449190000 0.0423366000
0.0602922000 0.6305360000 0.3291580000
0.0092588000 0.6421380000 0.2055290000
0.0223692000 0.6155850000 0.2067660000
-0.0468878000 0.6752370000 0.3486320000
-0.0819796000 0.5758150000 0.0089850400
-0.0930395000 0.5875560000 -0.0106092000
-0.1335740000 0.6054970000 -0.0471720000
-0.2066510000 0.6293950000 -0.0347928000
-0.0113305000 0.6822300000 0.3565950000
0.0098594500 0.6714500000 0.3506280000
0.0491741000 0.6431080000 0.3414540000
0.0943567000 0.6028170000 0.2361890000
0.0717285000 0.6026740000 0.2193290000
-0.0572288000 0.6768090000 0.2732590000
-0.0537402000 0.6905190000 0.2966450000
-0.0998808000 0.5788190000 0.0552147000
-0.1463220000 0.6215110000 -0.0490698000
-0.1494660000 0.6303290000 -0.0450846000
-0.2531000000 0.6641360000 -0.0095754200
-0.2442070000 0.6444560000 0.0357858000
0.0331814000 0.6440060000 0.3438650000
0.0402756000 0.6265350000 0.1965050000
-0.0085815400 0.6435400000 0.2122500000
-0.1779250000 0.5993630000 0.0848750000
-0.0780971000 0.5773960000 0.0225561000
-0.1287670000 0.6189890000 -0.0436868000
0.1146580000 0.5964530000 0.2663650000
-0.1188190000 0.5913570000 0.0744164000
-0.1297260000 0.6018450000 -0.0425850000
-0.2507970000 0.6487240000 -0.0216519000
0.0788078000 0.6191270000 0.2971790000
0.0489976000 0.6124760000 0.2003020000
-0.1046780000 0.5943370000 0.0685923000
-0.1014050000 0.5841610000 0.0598048000
-0.0870380000 0.5766500000 0.0411882000
-0.0836707000 0.5816510000 0.0028257200
-0.1416500000 0.6126880000 -0.0512584000
-0.1746070000 0.6294910000 -0.0320090000
-0.2000110000 0.6554110000 -0.0271322000
-0.0160663000 0.6969190000 0.3607150000
0.0628160000 0.6515270000 0.3309660000
0.0686284000 0.6281620000 0.3096440000
0.1174260000 0.5971100000 0.2559800000
0.0979441000 0.6185970000 0.2375900000
-0.0525550000 0.6841250000 0.3149000000
-0.0321492000 0.7003000000 0.3609550000
-0.2608600000 0.6336980000 0.0235127000
0.0164964000 0.6749250000 0.3503190000
0.1138660000 0.6049550000 0.2486230000
-0.0212909000 0.6527510000 0.2181450000
-0.0328430000 0.6653380000 0.2214530000
-0.0465585000 0.6937870000 0.2448370000
-0.1304760000 0.6072510000 0.0794575000
-0.2495330000 0.6752760000 0.0141698000
-0.2441600000 0.6708630000 0.0245561000
-0.2094910000 0.6334080000 0.0807955000
0.0580527000 0.6482670000 0.3359450000
0.1087540000 0.6155790000 0.2782860000
0.0306008000 0.6300800000 0.1982280000
-0.0949727000 0.5948250000 0.0631666000
-0.0899851000 0.5969990000 -0.0097931400
-0.1149930000 0.6085770000 -0.0246760000
-0.2511360000 0.6740780000 0.0058056600
-0.2004540000 0.6251010000 0.0833383000
-0.0398050000 0.6787430000 0.2281530000
-0.0467625000 0.7095220000 0.3256790000
-0.0251443000 0.7086510000 0.3633750000
-0.1643560000 0.6127800000 0.0858509000
-0.1415310000 0.6061690000 0.0818096000
-0.0761513000 0.5852700000 0.0218441000
-0.0890739000 0.6008300000 -0.0034099300
-0.0905564000 0.5914490000 -0.0101827000
-0.1410790000 0.6272510000 -0.0493638000
-0.2244180000 0.6825550000 -0.0240466000
-0.2284510000 0.6298120000 0.0661961000
0.0324950000 0.6374580000 0.1961720000
-0.1870240000 0.6417510000 -0.0322245000
-0.2334040000 0.6598080000 -0.0282138000
-0.0025442500 0.6868180000 0.3549790000
0.0281346000 0.6617830000 0.3475850000
0.1175150000 0.6075890000 0.2664260000
0.1197500000 0.6137020000 0.2564340000
0.0921984000 0.6204860000 0.2304930000
-0.0235933000 0.6707920000 0.2172350000
-0.0343217000 0.6770340000 0.2222190000
-0.0343215000 0.7246460000 0.3566190000
-0.0765821000 0.5851950000 0.0369109000
-0.1213390000 0.6233530000 -0.0344036000
-0.2422710000 0.6812370000 -0.0141143000
-0.2339990000 0.6666470000 0.0380760000
-0.2144900000 0.6493550000 0.0753134000
0.0687579000 0.6485540000 0.3150530000
0.0834232000 0.6335650000 0.2956050000
0.0815776000 0.6320930000 0.2116470000
-0.0485011000 0.7083680000 0.3120410000
-0.1756800000 0.6156590000 0.0861095000
-0.2201720000 0.6783480000 0.0585907000
-0.0011322500 0.7197770000 0.3601730000
0.0423421000 0.6582130000 0.3442320000
0.0793302000 0.6076330000 0.2229610000
0.0470369000 0.6297890000 0.1971880000
0.0194691000 0.6604150000 0.1979040000
-0.0523250000 0.6977540000 0.2884390000
-0.0853711000 0.5917130000 0.0529964000
-0.0975139000 0.6062250000 -0.0209694000
-0.1337070000 0.6252980000 -0.0481982000
-0.1674590000 0.6263640000 -0.0332865000
-0.2155030000 0.6680700000 -0.0275290000
-0.1933670000 0.6392060000 0.0869054000
0.0120442000 0.6516120000 0.2017740000
-0.0757836000 0.5828510000 0.0319022000
-0.1078950000 0.6117450000 -0.0251194000
-0.1781710000 0.6634090000 -0.0272525000
-0.0047838500 0.6626510000 0.2064680000
-0.0541112000 0.6904200000 0.2839710000
-0.0431038000 0.7001550000 0.3491140000
-0.0859691000 0.6037520000 -0.0002331520
-0.1644340000 0.6452110000 -0.0296171000
-0.1837670000 0.6541620000 -0.0300523000
-0.2276150000 0.6455570000 0.0617345000
0.0996714000 0.6386120000 0.2876810000
-0.0698464000 0.5967720000 0.0296651000
-0.0718894000 0.5978420000 0.0216809000
-0.2183180000 0.6818800000 -0.0247781000
-0.2393970000 0.6728210000 -0.0211724000
-0.2495740000 0.6766500000 -0.0020068700
-0.1651760000 0.6359640000 0.0921381000
0.1049190000 0.6207700000 0.2425820000
0.0685143000 0.6193040000 0.2109760000
-0.0413537000 0.7230390000 0.3405370000
-0.0713607000 0.5963680000 0.0370032000
-0.1309290000 0.6365710000 -0.0466896000
-0.1464230000 0.6413400000 -0.0438687000
-0.1533280000 0.6493080000 -0.0338596000
0.0517026000 0.6697470000 0.3404070000
0.0803171000 0.6454110000 0.2997150000
0.1172280000 0.6241020000 0.2721520000
0.0438393000 0.6364080000 0.1948420000
-0.0359366000 0.6926270000 0.2207530000
0.0182847000 0.6956830000 0.3531530000
-0.0960181000 0.6221920000 -0.0227489000
-0.1187960000 0.6310210000 -0.0345949000
-0.1475660000 0.6724650000 -0.0293931000
-0.2302680000 0.6840490000 0.0366741000
0.1061140000 0.6352590000 0.2416400000
0.0438842000 0.6532560000 0.1927220000
-0.0423465000 0.6990650000 0.2312520000
-0.0462121000 0.7174660000 0.2768290000
0.0106959000 0.7074540000 0.3558880000
-0.1233720000 0.6269480000 0.0824390000
-0.1399940000 0.6404180000 -0.0484704000
-0.2405470000 0.7006540000 0.0096560500
0.1225880000 0.6332760000 0.2633420000
0.1215710000 0.6319750000 0.2562790000
-0.0127024000 0.6715820000 0.2078190000
-0.0408171000 0.7120890000 0.2338060000
-0.1065460000 0.6292270000 -0.0321497000
-0.2030690000 0.6897360000 -0.0219411000
-0.2367660000 0.7084430000 0.0131784000
-0.1750910000 0.6466410000 0.0912168000
0.0752148000 0.6678780000 0.3111590000
0.1177090000 0.6207850000 0.2522510000
-0.0183947000 0.6891470000 0.2068810000
-0.0444821000 0.7057900000 0.2570320000
-0.0197682000 0.7369980000 0.3663680000
-0.0750574000 0.6123620000 0.0564563000
-0.0847783000 0.5940690000 0.0060396400
-0.0929680000 0.6198260000 -0.0117061000
-0.1249970000 0.6443620000 -0.0439757000
-0.1893520000 0.6763970000 -0.0227597000
0.0622421000 0.6726520000 0.3307010000
0.0618953000 0.6377120000 0.1994870000
0.0035373700 0.6966580000 0.1943960000
-0.0465586000 0.7196770000 0.2945090000
-0.0192158000 0.7130070000 0.3639630000
0.0368904000 0.6865360000 0.3497210000
-0.1560880000 0.6336390000 0.0911492000
-0.0910064000 0.6119500000 0.0644639000
-0.0699601000 0.6098010000 0.0425073000
-0.1763680000 0.6733310000 -0.0263217000
-0.2023310000 0.6619160000 0.0821575000
-0.1942970000 0.6552240000 0.0855979000
-0.1435120000 0.6619970000 0.0985133000
0.0824545000 0.6629530000 0.3010700000
0.0897735000 0.6324470000 0.2184730000
-0.0408905000 0.7318650000 0.3327820000
-0.0077581700 0.7311780000 0.3644750000
0.0535990000 0.7016040000 0.3416060000
0.0455793000 0.6812740000 0.3450350000
-0.0778082000 0.6210210000 0.0621958000
-0.0757911000 0.6221040000 -0.0028456300
-0.2177630000 0.7007220000 0.0514807000
0.1064740000 0.6248560000 0.2816400000
0.1002350000 0.6384320000 0.2341740000
-0.0127508000 0.6952890000 0.2015150000
-0.0375081000 0.7107980000 0.2206950000
-0.0318354000 0.7196120000 0.3603270000
-0.1010490000 0.6242910000 0.0713344000
-0.1315130000 0.6501990000 -0.0462535000
-0.1842860000 0.6706720000 0.0885458000
0.1199160000 0.6463720000 0.2513640000
0.0374800000 0.6770150000 0.1899700000
-0.0793012000 0.5982290000 0.0094825700
-0.1559630000 0.6694490000 -0.0262579000
-0.2326300000 0.7064750000 0.0229775000
-0.2223240000 0.7083870000 0.0376165000
-0.2056680000 0.7060500000 0.0688226000
-0.2129130000 0.6721120000 0.0713835000
0.0945705000 0.6410990000 0.2210950000
0.0783169000 0.6630910000 0.1963010000
-0.0393521000 0.7350580000 0.2551820000
-0.0437161000 0.7263500000 0.2771020000
-0.0445207000 0.7271240000 0.3170030000
-0.1342910000 0.6560580000 0.0957359000
-0.2280890000 0.6963800000 -0.0185166000
-0.2301800000 0.7062170000 -0.0124427000
-0.2363700000 0.7029290000 -0.0063356200
-0.2070040000 0.6694020000 0.0782038000
-0.0397317000 0.7195600000 0.3484530000
-0.0652684000 0.6104680000 0.0201597000
-0.0891101000 0.6337950000 -0.0115354000
-0.0996173000 0.6261780000 -0.0286197000
-0.2132950000 0.7047900000 -0.0198371000
0.1186250000 0.6486270000 0.2757190000
0.0273877000 0.6937950000 0.1870700000
0.0074506600 0.6784020000 0.1972670000
-0.0693783000 0.6298390000 0.0616825000
-0.0636732000 0.6180110000 0.0283629000
-0.0884103000 0.6198950000 -0.0079015900
-0.1267690000 0.6537990000 -0.0474298000
-0.1420170000 0.6540780000 -0.0422789000
-0.2180040000 0.7105750000 -0.0173036000
-0.2257020000 0.7269480000 0.0213740000
0.0693114000 0.6829530000 0.3242690000
0.1145130000 0.6546740000 0.2806220000
0.0941368000 0.6578040000 0.2079830000
0.0636416000 0.6535160000 0.1945440000
-0.0431916000 0.7349500000 0.2825010000
0.0394358000 0.7125530000 0.3519740000
-0.0990083000 0.6480580000 -0.0319775000
-0.1741580000 0.6841120000 -0.0233117000
-0.0395268000 0.7434510000 0.3180510000
-0.0368514000 0.7451340000 0.3362770000
-0.0231685000 0.7382050000 0.3647980000
-0.0688317000 0.6209580000 0.0534200000
0.1012720000 0.6523090000 0.2296380000
0.0556808000 0.6725880000 0.1897730000
-0.0151770000 0.7376530000 0.3667620000
-0.1250580000 0.6721210000 -0.0442190000
-0.1838270000 0.7057040000 -0.0174945000
-0.1743010000 0.7053970000 0.0937505000
0.1249890000 0.6490330000 0.2605940000
0.0859994000 0.6550440000 0.2023370000
-0.0166235000 0.7162350000 0.1965840000
-0.0216929000 0.7073820000 0.2036050000
-0.0395373000 0.7221920000 0.2262860000
0.0068952100 0.7265060000 0.3596020000
0.0501600000 0.7150300000 0.3446810000
-0.0626279000 0.6202410000 0.0109900000
-0.0737043000 0.6339820000 -0.0067569900
-0.1111670000 0.6487250000 -0.0407131000
-0.1978420000 0.7159920000 -0.0173215000
-0.2008790000 0.6889060000 0.0791132000
-0.1395740000 0.6700080000 0.0991444000
0.1184490000 0.6728570000 0.2455090000
0.0979119000 0.6597140000 0.2133440000
-0.0394212000 0.7385500000 0.2239420000
-0.0403756000 0.7169680000 0.2465410000
-0.0598961000 0.6237620000 0.0243590000
0.0926924000 0.6636860000 0.2936650000
-0.0352405000 0.7364970000 0.2090130000
-0.0373678000 0.7524570000 0.3071720000
-0.0173423000 0.7629950000 0.3656630000
-0.0055293500 0.7438590000 0.3666630000
-0.1098860000 0.6654680000 0.0960421000
-0.1056970000 0.6434890000 0.0840254000
-0.0848754000 0.6413030000 0.0758976000
-0.1575590000 0.6834460000 -0.0237848000
-0.1783790000 0.7010890000 -0.0185128000
0.1255780000 0.6640780000 0.2712480000
0.1095920000 0.6615130000 0.2391330000
0.0163094000 0.6990160000 0.1892510000
-0.0319003000 0.7428820000 0.3539570000
-0.0940410000 0.6391750000 -0.0165544000
-0.1047970000 0.6502730000 -0.0383111000
-0.1369900000 0.6593490000 -0.0436916000
-0.1374550000 0.6733560000 -0.0366398000
-0.2339500000 0.7141260000 0.0014885400
-0.0340656000 0.7241280000 0.2131450000
-0.0421983000 0.7436010000 0.2835580000
-0.0346245000 0.7451100000 0.3456700000
0.0147723000 0.7366410000 0.3603440000
-0.0477248000 0.6429590000 0.0205606000
-0.0609026000 0.6274910000 0.0056082600
-0.0946274000 0.6601450000 -0.0197734000
-0.1879730000 0.7002500000 0.0863383000
0.0633756000 0.6667740000 0.1911360000
-0.0666978000 0.6272090000 0.0000809846
-0.1604330000 0.6736010000 0.0942070000
0.0006218720 0.7140140000 0.1910810000
0.0372067000 0.7339120000 0.3555760000
-0.1208620000 0.6735990000 0.1005170000
-0.1089200000 0.6491400000 0.0882954000
-0.0710244000 0.6489340000 0.0725726000
-0.0577191000 0.6410780000 0.0558521000
-0.1099410000 0.6694900000 -0.0443139000
-0.1660270000 0.6954900000 -0.0231422000
-0.2048360000 0.7219600000 0.0640827000
0.0727943000 0.6976360000 0.3230500000
0.1182310000 0.6742700000 0.2815280000
-0.0248880000 0.7226350000 0.2011150000
-0.0387688000 0.7432340000 0.2423230000
-0.2049900000 0.7416530000 -0.0104681000
-0.1368510000 0.7140210000 0.1043960000
0.1080980000 0.6694120000 0.2859180000
0.1231050000 0.6715310000 0.2768660000
0.1137620000 0.6824720000 0.2351240000
0.0236357000 0.7600940000 0.3624510000
-0.0878577000 0.6662780000 0.0909196000
-0.0556836000 0.6372680000 0.0469238000
-0.2306500000 0.7236350000 0.0081802400
0.0737483000 0.7153770000 0.3238490000
0.0905520000 0.6922690000 0.2994250000
0.1253610000 0.6669500000 0.2557600000
-0.0309631000 0.7617590000 0.3437140000
-0.0770583000 0.6530340000 0.0788016000
-0.0825968000 0.6508440000 -0.0123658000
-0.1003680000 0.6722540000 -0.0371790000
-0.2118880000 0.7515710000 0.0304572000
0.0458141000 0.7129800000 0.1782310000
-0.0282823000 0.7369170000 0.2000030000
-0.0401788000 0.7510760000 0.2606300000
-0.0298865000 0.7570650000 0.3504080000
-0.0970238000 0.6906790000 0.1040040000
-0.0480913000 0.6433080000 0.0271854000
-0.1471490000 0.6857920000 -0.0248724000
0.0477453000 0.7336550000 0.3501800000
0.0973035000 0.6927890000 0.2950690000
0.1108840000 0.6814790000 0.2252700000
0.1044630000 0.6780200000 0.2085070000
-0.0228678000 0.7617470000 0.3606090000
-0.0017106000 0.7649360000 0.3687690000
-0.0867808000 0.6843840000 0.1002340000
-0.0391106000 0.6602070000 0.0440890000
-0.1429640000 0.7122990000 -0.0247600000
-0.2155420000 0.7337350000 -0.0092226600
-0.2093910000 0.7267620000 0.0528006000
-0.1816930000 0.7356460000 0.0827136000
-0.1650580000 0.7014730000 0.0969770000
-0.1388820000 0.6894460000 0.0997551000
0.0845149000 0.7063990000 0.3093900000
0.1275840000 0.6679520000 0.2622800000
0.0514552000 0.6954400000 0.1836090000
0.0251563000 0.7158450000 0.1806580000
-0.0314475000 0.7735610000 0.3311570000
0.0124703000 0.7582810000 0.3647630000
-0.0465439000 0.6457950000 0.0118559000
-0.0584797000 0.6497540000 -0.0069359800
-0.1118860000 0.6818480000 -0.0449431000
-0.1787640000 0.7189420000 -0.0151870000
0.1158680000 0.6811980000 0.2411620000
-0.0398938000 0.7521330000 0.2068360000
-0.0397476000 0.7577510000 0.2810830000
-0.0132928000 0.7627090000 0.3675990000
0.0573721000 0.7382690000 0.3424830000
-0.1264600000 0.6859000000 0.1018510000
-0.0694463000 0.6517710000 -0.0108137000
-0.1183620000 0.6876770000 -0.0419725000
-0.1238100000 0.6981070000 -0.0331672000
-0.2188010000 0.7415210000 -0.0020609400
0.1020940000 0.7070750000 0.2938890000
0.1270950000 0.6832970000 0.2750070000
0.0905762000 0.6857340000 0.1935510000
0.0130111000 0.7184820000 0.1846560000
-0.0132371000 0.7292850000 0.1908110000
-0.0337227000 0.7604700000 0.3267210000
-0.0535834000 0.6480720000 -0.0023431900
-0.1007930000 0.6878250000 -0.0417318000
-0.1435760000 0.6979910000 -0.0242621000
-0.1588710000 0.7086920000 -0.0222970000
-0.1969670000 0.7330290000 -0.0138772000
0.0798819000 0.7125780000 0.3169090000
0.0775706000 0.6944560000 0.1866630000
0.0609846000 0.6892940000 0.1856110000
-0.0898669000 0.6734510000 -0.0182505000
-0.0961523000 0.6966510000 -0.0292204000
-0.2162600000 0.7517730000 0.0026932500
-0.1906020000 0.7327260000 0.0768474000
-0.0381316000 0.7610930000 0.1951080000
-0.0384830000 0.7668390000 0.2800070000
-0.1096550000 0.7086160000 0.1089160000
-0.0719303000 0.6785810000 0.0896206000
-0.1984900000 0.7575480000 0.0568648000
-0.1956020000 0.7525460000 0.0650192000
-0.0394960000 0.7569380000 0.2456960000
-0.0471969000 0.6567190000 0.0546067000
-0.0492515000 0.6491360000 0.0020415400
-0.0597389000 0.6632990000 -0.0122353000
-0.1101920000 0.6919110000 -0.0465668000
-0.1085420000 0.7026840000 -0.0460742000
-0.1488680000 0.7371950000 0.0987444000
0.0832743000 0.7325540000 0.3184130000
0.1151320000 0.6904560000 0.2856430000
0.1301830000 0.6843630000 0.2630230000
0.1105830000 0.6870160000 0.2117400000
-0.0396587000 0.7701350000 0.2497420000
-0.0347363000 0.7781740000 0.3155970000
-0.0559044000 0.6705210000 0.0739594000
-0.1025660000 0.7028840000 -0.0442901000
-0.1690260000 0.7193060000 -0.0162320000
-0.1772800000 0.7445010000 0.0844173000
0.1328220000 0.7027180000 0.2691890000
0.1011790000 0.6961530000 0.1979650000
-0.0381723000 0.7750660000 0.2751450000
-0.0166854000 0.7859140000 0.3607490000
-0.0053109600 0.7946960000 0.3675960000
0.0709163000 0.7364550000 0.3306280000
-0.0939689000 0.6826580000 -0.0234182000
-0.1666670000 0.7626300000 -0.0124265000
-0.2126940000 0.7625770000 0.0095794000
-0.2165730000 0.7522950000 0.0172627000
-0.2056110000 0.7675720000 0.0330761000
0.0940766000 0.7207170000 0.3028340000
0.1242720000 0.6884350000 0.2796240000
0.1034180000 0.6852910000 0.2020580000
-0.0263196000 0.7533220000 0.1884260000
-0.0447069000 0.7669650000 0.2231360000
-0.0246805000 0.7886950000 0.3452950000
-0.0224574000 0.7790390000 0.3549760000
-0.0033436300 0.7765720000 0.3694430000
-0.0339466000 0.6664110000 0.0339560000
-0.0822399000 0.6760480000 -0.0162547000
-0.2033630000 0.7561190000 -0.0057669300
-0.2063940000 0.7749760000 0.0223206000
0.1224890000 0.7014940000 0.2826670000
0.1292640000 0.7032840000 0.2577040000
0.0748889000 0.7207050000 0.1800940000
0.0164318000 0.7698880000 0.3652690000
-0.0285657000 0.6759230000 0.0184172000
-0.1276340000 0.7174930000 -0.0317180000
-0.1813260000 0.7446730000 -0.0120488000
-0.2019560000 0.7578530000 0.0484685000
0.1219730000 0.6986550000 0.2252370000
-0.0053185800 0.7392650000 0.1823980000
-0.0316465000 0.7850060000 0.3260320000
0.0518519000 0.7621630000 0.3494850000
-0.0712418000 0.6982610000 0.1008370000
-0.1553540000 0.7206160000 -0.0229633000
-0.1642180000 0.7378860000 0.0916769000
-0.1252190000 0.7228630000 0.1072800000
0.1234570000 0.7002340000 0.2425970000
-0.0097276300 0.8015790000 0.3628100000
-0.0381520000 0.6760560000 0.0565257000
-0.0619440000 0.6821740000 -0.0124813000
-0.1221180000 0.7064720000 -0.0328862000
-0.1408890000 0.7285560000 -0.0296385000
0.0358566000 0.7091310000 0.1805950000
0.0164235000 0.7416030000 0.1723900000
-0.0760600000 0.7250770000 0.1172060000
-0.0997797000 0.7010640000 -0.0394328000
-0.1580140000 0.7427620000 -0.0174542000
-0.1730000000 0.7390220000 -0.0134312000
-0.1928670000 0.7606770000 -0.0073196800
-0.1925580000 0.7473190000 0.0711976000
-0.1008120000 0.7276430000 0.1152470000
0.1145190000 0.6972600000 0.2108860000
0.1126820000 0.7090880000 0.2046200000
0.0851971000 0.6931720000 0.1888980000
-0.0009699390 0.7489590000 0.1753610000
-0.0386945000 0.7870500000 0.2884650000
0.0068092500 0.7843590000 0.3690260000
0.0730594000 0.7458440000 0.3288310000
-0.0347849000 0.6707860000 0.0022573100
-0.1801800000 0.7655500000 0.0776757000
-0.1146640000 0.7163130000 0.1094800000
0.1302600000 0.7124120000 0.2785800000
-0.0447709000 0.7662950000 0.2106210000
-0.0438141000 0.7847690000 0.2493640000
-0.0362151000 0.7938570000 0.3054840000
-0.0177530000 0.8095680000 0.3480350000
0.0450225000 0.7803090000 0.3537950000
-0.0264313000 0.6779310000 0.0320516000
0.1137820000 0.7216970000 0.2867830000
0.1235620000 0.7036960000 0.2213940000
-0.0484226000 0.7830620000 0.1965620000
-0.0482133000 0.7765860000 0.2202480000
0.0032328900 0.7959440000 0.3690180000
-0.0394955000 0.6741100000 -0.0051349800
-0.0944006000 0.7100690000 -0.0276852000
-0.1008710000 0.7234340000 -0.0439170000
-0.2013020000 0.7809840000 0.0039201000
0.1271670000 0.7272460000 0.2792870000
0.1378530000 0.7191870000 0.2621070000
0.1281990000 0.7061580000 0.2365750000
0.1038140000 0.7088450000 0.1964240000
0.0486359000 0.7284550000 0.1735410000
-0.0577320000 0.7015630000 0.0924500000
-0.0480088000 0.6934070000 0.0806233000
-0.1228450000 0.7276460000 -0.0342872000
-0.1980720000 0.7760930000 -0.0014351700
-0.1290050000 0.7546200000 0.1042020000
-0.0869856000 0.7275800000 0.1170250000
0.0992590000 0.7308960000 0.3017720000
-0.0344187000 0.7735680000 0.1773770000
0.0380543000 0.7653290000 0.3595260000
0.0749915000 0.7554730000 0.3299830000
-0.1085390000 0.7194990000 -0.0473455000
-0.1856870000 0.7767260000 0.0708785000
-0.1479450000 0.7568920000 0.0976445000
0.0629853000 0.7247230000 0.1767370000
0.0343353000 0.7374160000 0.1697790000
-0.0821987000 0.7067000000 -0.0177643000
-0.1572130000 0.7645370000 0.0923963000
-0.1151560000 0.7461420000 0.1105330000
-0.0871537000 0.7525870000 0.1251640000
0.0867464000 0.7478820000 0.3184530000
0.0937131000 0.7137730000 0.1881010000
0.0495015000 0.7349850000 0.1709280000
-0.0509582000 0.7868480000 0.2161640000
-0.0392947000 0.8110940000 0.2929530000
-0.0355966000 0.8013430000 0.3042000000
0.0008448300 0.8148600000 0.3651560000
0.0145143000 0.7981530000 0.3676450000
-0.0250408000 0.6836200000 0.0417422000
-0.1693110000 0.7835530000 0.0835969000
0.1370560000 0.7160300000 0.2437820000
-0.0121901000 0.7649420000 0.1686220000
-0.0132087000 0.7569830000 0.1762770000
-0.0542418000 0.7960700000 0.2141750000
-0.0399278000 0.7948970000 0.2898870000
0.0808185000 0.7613530000 0.3229410000
-0.0561998000 0.7216700000 0.1068240000
-0.0376723000 0.7138550000 0.0879442000
-0.0282015000 0.7017270000 0.0698146000
-0.0729579000 0.7114630000 -0.0154401000
-0.1138160000 0.7333430000 -0.0427276000
-0.1314620000 0.7420250000 -0.0312683000
-0.1396320000 0.7466460000 -0.0283406000
-0.1461390000 0.7459090000 -0.0255884000
0.0942466000 0.7563990000 0.3116500000
0.1364140000 0.7176430000 0.2703600000
0.0182633000 0.7483070000 0.1664700000
-0.0467827000 0.7974360000 0.2517760000
-0.0417300000 0.6890730000 0.0731133000
-0.0260016000 0.6924780000 0.0540676000
-0.0398367000 0.6888780000 -0.0084761700
-0.0721427000 0.6999870000 -0.0137262000
-0.0900906000 0.7166650000 -0.0286317000
0.0841895000 0.7644250000 0.3207340000
0.1278930000 0.7111430000 0.2244440000
0.1236540000 0.7136180000 0.2184400000
-0.0240169000 0.8039330000 0.3359080000
0.0353884000 0.7881330000 0.3590170000
0.0636864000 0.7755910000 0.3372780000
-0.0990912000 0.7305910000 -0.0460739000
-0.1834380000 0.8007330000 -0.0005434570
-0.1906170000 0.7826750000 0.0606866000
-0.1040630000 0.7438220000 0.1162480000
0.1006980000 0.7513030000 0.3049180000
-0.0057663700 0.7665740000 0.1613080000
-0.0424986000 0.7788720000 0.1857750000
-0.0676031000 0.7427050000 0.1262490000
-0.0202050000 0.6981020000 0.0167464000
-0.1025620000 0.7332800000 -0.0472602000
-0.1233810000 0.7566810000 -0.0389373000
-0.1895250000 0.7813610000 -0.0036736700
0.1025550000 0.7242510000 0.1950320000
0.0746323000 0.7303290000 0.1771870000
0.0486757000 0.7916050000 0.3501890000
0.0740020000 0.7731490000 0.3288510000
-0.0180068000 0.6977940000 0.0267914000
-0.0276807000 0.6990230000 -0.0007510090
-0.1335040000 0.7589510000 -0.0346600000
-0.1598340000 0.7775960000 -0.0144518000
-0.1532850000 0.7825950000 0.0945795000
-0.1458040000 0.7714140000 0.0982308000
0.1268080000 0.7265680000 0.2249620000
0.1099360000 0.7271240000 0.2036960000
-0.0189719000 0.7704190000 0.1590000000
-0.0503907000 0.8010030000 0.2347760000
-0.0449066000 0.8055830000 0.2624410000
-0.0329829000 0.8179720000 0.3156710000
-0.0420308000 0.7384380000 0.1095960000
-0.0295525000 0.7389400000 0.1024400000
-0.0479019000 0.6980970000 -0.0116737000
-0.0597149000 0.7108860000 -0.0122686000
-0.1515980000 0.7619080000 -0.0203075000
-0.1988080000 0.7926410000 0.0236073000
-0.1967800000 0.7884470000 0.0374172000
-0.0877052000 0.7286020000 -0.0403095000
-0.1772660000 0.7971530000 0.0728642000
-0.1095550000 0.7781690000 0.1159450000
-0.0777309000 0.7805850000 0.1377980000
-0.0133612000 0.8131500000 0.3544410000
0.1120450000 0.7513080000 0.2961040000
0.1181120000 0.7335930000 0.2153070000
0.0945712000 0.7227140000 0.1871750000
0.0613059000 0.7402420000 0.1715640000
0.0345155000 0.7458100000 0.1667320000
-0.0444507000 0.7510780000 0.1195910000
-0.0269381000 0.7138500000 0.0804979000
-0.0554227000 0.7997620000 0.1916010000
-0.0170596000 0.7035970000 0.0510020000
-0.0134862000 0.7122690000 0.0201905000
-0.0601985000 0.7205280000 -0.0143570000
-0.0713377000 0.7349520000 -0.0385677000
-0.0959315000 0.7428260000 -0.0448225000
-0.1952830000 0.7993310000 0.0099521100
-0.1899920000 0.7985090000 0.0514819000
-0.1832920000 0.8053000000 0.0619951000
-0.0977216000 0.7699240000 0.1226090000
-0.0532119000 0.7915820000 0.2034290000
0.0092663200 0.8134170000 0.3665150000
0.0843177000 0.7768250000 0.3257420000
0.1246850000 0.7545000000 0.2820300000
0.1456540000 0.7265580000 0.2522890000
0.1420900000 0.7291490000 0.2447660000
0.0164594000 0.7551640000 0.1636480000
-0.0096925900 0.7134830000 0.0406534000
-0.0228810000 0.7008070000 0.0077465300
-0.0367542000 0.7119630000 -0.0087381400
-0.1989030000 0.7937300000 0.0185889000
-0.1217860000 0.7815700000 0.1105890000
-0.0856109000 0.7843860000 0.1362060000
-0.0399103000 0.8196010000 0.2749990000
-0.0187579000 0.8408120000 0.3391730000
0.0195997000 0.8098410000 0.3649010000
0.0550540000 0.7960020000 0.3454240000
0.1219760000 0.7461210000 0.2204520000
-0.0177493000 0.7169060000 0.0710622000
-0.0560701000 0.7276470000 -0.0188453000
-0.1143870000 0.7542930000 -0.0410523000
-0.1466160000 0.7785120000 -0.0210103000
-0.0386208000 0.7821580000 0.1710360000
-0.0325477000 0.8295900000 0.3142740000
0.0542302000 0.7596400000 0.1633640000
-0.0297831000 0.7071190000 -0.0045043300
-0.0610444000 0.7254290000 -0.0266135000
-0.0657328000 0.7251210000 -0.0319425000
-0.1769030000 0.7886030000 -0.0060546500
-0.1863840000 0.8235180000 0.0188893000
-0.1700580000 0.8185570000 0.0794676000
0.0323823000 0.8158680000 0.3590810000
0.0978933000 0.7685260000 0.3124080000
0.1377800000 0.7309090000 0.2711160000
0.1291450000 0.7418240000 0.2319600000
0.1239700000 0.7532290000 0.2220730000
0.0733477000 0.7538130000 0.1737370000
0.0660136000 0.7507700000 0.1702710000
-0.0063478100 0.7283880000 0.0698758000
-0.0132729000 0.7058750000 0.0444344000
-0.0470371000 0.7279120000 -0.0107801000
-0.1177680000 0.7676980000 -0.0378287000
-0.1163600000 0.7898570000 0.1126580000
-0.0550637000 0.8049900000 0.2170350000
0.0502143000 0.8048010000 0.3501470000
0.1485140000 0.7440440000 0.2565730000
0.1448340000 0.7323410000 0.2632320000
0.1463560000 0.7352820000 0.2491720000
0.1138970000 0.7483470000 0.2030100000
0.0854082000 0.7296520000 0.1812610000
0.0457233000 0.7640930000 0.1595840000
0.0327992000 0.7651310000 0.1576730000
-0.0143166000 0.7283200000 0.0786872000
-0.1361910000 0.7708230000 -0.0320428000
-0.0446165000 0.8226970000 0.2587630000
-0.0236705000 0.8329580000 0.3337810000
0.0894244000 0.7810710000 0.3235550000
0.0170392000 0.7747480000 0.1527320000
-0.0041083200 0.7732360000 0.1562590000
-0.0074614200 0.7351190000 0.0369616000
-0.0112341000 0.7208970000 0.0210064000
-0.1047560000 0.7587360000 -0.0391324000
-0.1379050000 0.7862610000 -0.0293087000
-0.1558950000 0.7952130000 -0.0131089000
-0.1886380000 0.8152310000 0.0292609000
-0.1869370000 0.8121000000 0.0450965000
-0.1465950000 0.7985800000 0.0945854000
-0.1016850000 0.7871760000 0.1220460000
-0.0486474000 0.8172480000 0.2401740000
-0.0293781000 0.8230150000 0.3245590000
-0.0323406000 0.7609420000 0.1202300000
-0.0020676500 0.7376030000 0.0684032000
-0.0461788000 0.7374850000 -0.0327602000
-0.0823713000 0.7594670000 -0.0380724000
-0.0956846000 0.7906740000 0.1289610000
-0.0581677000 0.8149960000 0.2150860000
-0.0086444000 0.8211240000 0.3575470000
0.0390410000 0.8076820000 0.3557610000
0.0995787000 0.7778620000 0.3142890000
0.1462770000 0.7436560000 0.2408940000
0.1032810000 0.7658860000 0.1890990000
0.0904999000 0.7565610000 0.1826520000
-0.0144109000 0.7197920000 0.0114240000
-0.0303549000 0.7411820000 -0.0047281600
-0.0825160000 0.7476100000 -0.0423342000
-0.1645430000 0.7990010000 0.0840569000
-0.0468584000 0.7944550000 0.1738310000
-0.0609213000 0.8122780000 0.2007010000
0.1330860000 0.7576370000 0.2743470000
0.1362490000 0.7620400000 0.2677360000
0.1499150000 0.7400050000 0.2513760000
-0.0186756000 0.7466910000 0.0991049000
-0.0270490000 0.7304930000 -0.0029555400
-0.0475051000 0.7351030000 -0.0283371000
-0.1758970000 0.8318820000 0.0688503000
-0.0767364000 0.7874500000 0.1429460000
0.0049280500 0.8481750000 0.3602220000
0.0096697000 0.8444970000 0.3625610000
0.0574917000 0.8110960000 0.3489040000
0.0667552000 0.8007530000 0.3413570000
0.0956937000 0.7874950000 0.3188310000
0.1508010000 0.7503630000 0.2468440000
0.1365180000 0.7452510000 0.2342340000
0.1234480000 0.7619670000 0.2160290000
-0.0091252600 0.7355220000 0.0183946000
-0.0536204000 0.7425120000 -0.0359031000
-0.0739386000 0.7468240000 -0.0412329000
-0.1494450000 0.7898250000 -0.0176708000
-0.1858430000 0.8092260000 0.0531011000
-0.1375300000 0.8154700000 0.1004910000
-0.0666337000 0.8292330000 0.2098000000
-0.0605902000 0.8362750000 0.2300270000
0.1225240000 0.7686980000 0.2885280000
0.1284160000 0.7682530000 0.2800070000
0.1463700000 0.7533170000 0.2244430000
0.1089230000 0.7547670000 0.1950800000
0.0752429000 0.7689090000 0.1758990000
0.0589117000 0.7706960000 0.1644320000
0.0308520000 0.7808370000 0.1535710000
-0.0081750300 0.7820210000 0.1201720000
-0.0421118000 0.7391300000 -0.0132958000
-0.1271650000 0.7897780000 -0.0345395000
-0.1302300000 0.7807060000 -0.0349981000
-0.1641440000 0.8307580000 0.0827403000
-0.1604220000 0.8173210000 0.0875079000
-0.0879852000 0.8060530000 0.1466470000
-0.0500215000 0.8349520000 0.2557030000
0.0498949000 0.8224790000 0.3545830000
0.1139930000 0.7805410000 0.3015280000
0.1147690000 0.7862400000 0.2989970000
0.1299370000 0.7589670000 0.2198610000
0.1175060000 0.7668510000 0.2069670000
0.0016150100 0.7649300000 0.0971701000
-0.0358446000 0.7415980000 -0.0287574000
-0.1874750000 0.8070120000 0.0042121800
-0.0604783000 0.8140280000 0.1886960000
0.0163401000 0.8336180000 0.3634240000
0.0317770000 0.8305820000 0.3592200000
0.1401500000 0.7611720000 0.2514800000
0.1491450000 0.7571860000 0.2399420000
0.1422510000 0.7595680000 0.2165860000
0.0478840000 0.7724280000 0.1575450000
-0.0188153000 0.7714470000 0.1189980000
-0.0016222600 0.7471380000 0.0844466000
0.0014484100 0.7488950000 0.0749782000
-0.0099837400 0.7431550000 0.0104894000
-0.0320251000 0.7445130000 -0.0099979600
-0.0350420000 0.7464060000 -0.0308461000
-0.1590850000 0.8199090000 -0.0088216200
-0.1849820000 0.8248430000 0.0121618000
-0.1159520000 0.8098200000 0.1166340000
-0.0960527000 0.8148380000 0.1463970000
-0.0393068000 0.8368910000 0.2918340000
-0.0296913000 0.8419130000 0.3227290000
0.1502660000 0.7505600000 0.2329080000
0.1273990000 0.7737460000 0.2753390000
-0.0037091400 0.7840180000 0.1429230000
-0.0195177000 0.7435330000 0.0016600400
-0.0592424000 0.7549940000 -0.0361569000
-0.0815325000 0.7725860000 -0.0371505000
-0.1773120000 0.8174210000 -0.0009542780
-0.1776860000 0.8371690000 0.0588754000
-0.1443660000 0.8246470000 0.0963479000
-0.0014762000 0.8443030000 0.3572090000
0.1086420000 0.7903450000 0.3075330000
0.1165020000 0.7892740000 0.2806720000
0.1273390000 0.7741320000 0.2559450000
0.1423710000 0.7669400000 0.2293690000
0.1511900000 0.7553320000 0.2332410000
0.1277520000 0.7676260000 0.2125290000
0.0910385000 0.7735060000 0.1821050000
0.0282064000 0.7931340000 0.1487240000
0.0052868100 0.7840500000 0.1487030000
0.0023779500 0.7532490000 0.0656345000
-0.0237412000 0.7468620000 -0.0205133000
-0.0280355000 0.7500760000 -0.0264782000
-0.1088100000 0.8159170000 0.1286920000
-0.0433204000 0.8442780000 0.2809420000
0.1295100000 0.7727030000 0.2409400000
0.1401060000 0.7682650000 0.2055290000
0.1140660000 0.7740690000 0.2003590000
0.0007022400 0.7879810000 0.1412170000
-0.0038979000 0.7437850000 0.0406115000
-0.0031401900 0.7466850000 0.0245777000
-0.0222495000 0.7462100000 -0.0065874100
-0.0582868000 0.7639290000 -0.0304135000
-0.0729927000 0.7690410000 -0.0359770000
-0.0548626000 0.8409550000 0.2464660000
0.0982019000 0.8030680000 0.3221620000
0.1240190000 0.7814710000 0.2510050000
0.0029570700 0.7518750000 0.0227980000
-0.1332170000 0.8069980000 -0.0301057000
-0.1623100000 0.8364150000 0.0846043000
-0.1348900000 0.8261730000 0.1043830000
-0.1094440000 0.8251060000 0.1329240000
0.1184850000 0.7902800000 0.2655000000
0.1363070000 0.7744970000 0.1966440000
0.0734792000 0.7801010000 0.1689100000
-0.1037020000 0.7791110000 -0.0371366000
-0.1485490000 0.8177560000 -0.0213654000
-0.1643380000 0.8168410000 -0.0055266900
-0.1422260000 0.8360300000 0.1053430000
-0.1211460000 0.8255910000 0.1181980000
-0.0652184000 0.8232550000 0.1782420000
-0.0680067000 0.8283870000 0.1943250000
-0.0349932000 0.8464510000 0.3095760000
0.1196200000 0.7937180000 0.2641260000
0.1275150000 0.7806790000 0.2416130000
0.1454780000 0.7681460000 0.2199670000
0.0847119000 0.7822460000 0.1781800000
0.0908731000 0.7918270000 0.1814360000
0.0614315000 0.7876380000 0.1594580000
-0.0041833800 0.7689280000 0.1066360000
-0.0054264000 0.7476780000 0.0069370000
-0.0011763300 0.7519330000 -0.0041064800
-0.0183896000 0.7545740000 -0.0169669000
-0.0818855000 0.7831550000 -0.0332567000
-0.1222510000 0.7968570000 -0.0339227000
-0.1639960000 0.8369220000 -0.0031445100
-0.1804800000 0.8324180000 0.0076159500
-0.1715040000 0.8393330000 0.0740606000
0.0711566000 0.8184660000 0.3423480000
-0.0127204000 0.7505180000 -0.0162191000
-0.0415719000 0.7660640000 -0.0127582000
-0.0298955000 0.7666050000 -0.0053223500
-0.0596564000 0.7752420000 -0.0156056000
-0.0915828000 0.7855000000 -0.0374711000
-0.0955092000 0.8298210000 0.1553410000
-0.0699134000 0.8334140000 0.1862040000
-0.0350580000 0.8575640000 0.3007550000
0.0892501000 0.8071870000 0.3297930000
0.1480200000 0.7641260000 0.2183470000
0.1456280000 0.7675240000 0.2098070000
0.0079989300 0.7952330000 0.1437940000
0.0015481500 0.7527100000 0.0301384000
0.1221890000 0.7761920000 0.2041270000
0.1094350000 0.7815630000 0.1943790000
0.0165103000 0.7567110000 0.0175298000
0.0131565000 0.7587940000 0.0119865000
-0.0386495000 0.7731390000 -0.0074010500
-0.0712973000 0.7848000000 -0.0207863000
-0.1761090000 0.8456870000 0.0510969000
-0.1100780000 0.8343410000 0.1412600000
-0.0818953000 0.8323000000 0.1684040000
-0.0726218000 0.8435750000 0.2070280000
0.0563528000 0.8374420000 0.3488020000
0.0917412000 0.8133020000 0.3271110000
0.1055330000 0.8028700000 0.3148600000
0.1356110000 0.7811990000 0.1875910000
0.0713750000 0.7866920000 0.1641940000
0.0055982400 0.7604940000 0.0859260000
0.0064593400 0.7604770000 0.0794732000
0.0063534700 0.7616360000 0.0372511000
0.1101380000 0.7884640000 0.1940140000
0.0122479000 0.8014940000 0.1376220000
0.0085291500 0.7627620000 0.0547192000
0.0128228000 0.7712590000 0.0522297000
-0.1608760000 0.8435780000 0.0868069000
0.1337430000 0.8101960000 0.2468000000
0.1292330000 0.7788340000 0.2339720000
0.1323460000 0.7770490000 0.2278690000
0.1121190000 0.7997370000 0.2854340000
0.1417070000 0.7797500000 0.2060550000
0.0010073300 0.7996380000 0.1339000000
0.0011524900 0.8016680000 0.1257590000
0.0228456000 0.7618260000 0.0226005000
-0.0035911500 0.7618920000 0.0002202290
-0.0141254000 0.7711310000 0.0059087900
-0.1135930000 0.8398490000 0.1417870000
-0.0984036000 0.8382470000 0.1583870000
-0.0247938000 0.8590420000 0.3247330000
0.0108538000 0.8030090000 0.1148260000
0.0272719000 0.7635790000 0.0337406000
0.0317195000 0.7675970000 0.0309258000
0.0037475700 0.7571320000 0.0013761800
-0.0021239000 0.7700780000 0.0098245900
-0.1470650000 0.8256940000 -0.0223171000
-0.1747810000 0.8417770000 0.0062768500
-0.1787840000 0.8464160000 0.0170177000
-0.0819681000 0.8403590000 0.1743530000
-0.0555597000 0.8501980000 0.2473810000
-0.0355236000 0.8613900000 0.3025720000
0.0760145000 0.8327390000 0.3400440000
0.1097380000 0.7997430000 0.3080190000
0.1262010000 0.7862030000 0.1801700000
0.0456109000 0.7933820000 0.1549110000
0.0281813000 0.8003530000 0.1442060000
0.0977586000 0.8206390000 0.3168840000
0.0989169000 0.7962460000 0.1836550000
0.0150186000 0.7719160000 0.0502344000
-0.0322762000 0.7786990000 -0.0058021700
-0.0645101000 0.7874270000 -0.0187853000
-0.0896137000 0.7981250000 -0.0320013000
-0.1130310000 0.8156660000 -0.0315736000
-0.1353760000 0.8247660000 -0.0271833000
-0.1660600000 0.8517070000 0.0741836000
-0.1450750000 0.8424180000 0.1056370000
-0.1181390000 0.8464580000 0.1358290000
-0.0267146000 0.8640300000 0.3201070000
0.1297240000 0.7916130000 0.2265180000
0.1295060000 0.7877920000 0.2194040000
0.1310400000 0.7982590000 0.1931710000
0.1179460000 0.7968100000 0.1647110000
0.0970368000 0.7992760000 0.1741950000
0.0836258000 0.7982780000 0.1695550000
0.0886807000 0.8024690000 0.1683830000
0.0698630000 0.7942040000 0.1618320000
0.0365186000 0.7770950000 0.0549958000
0.0341687000 0.7728810000 0.0275862000
0.0100318000 0.7705340000 0.0171935000
-0.0500570000 0.7841680000 -0.0153160000
-0.0985655000 0.7979340000 -0.0361251000
-0.0182089000 0.8676810000 0.3298470000
0.0169469000 0.8510470000 0.3602540000
0.0084037300 0.7769430000 0.0958802000
0.0175644000 0.7849830000 0.0734544000
0.0263256000 0.7742290000 0.0532226000
-0.0131898000 0.7767440000 0.0036478700
-0.0805311000 0.8001570000 -0.0274762000
-0.0508685000 0.8630270000 0.2728480000
0.1402720000 0.7818450000 0.1948700000
0.0160456000 0.8062440000 0.1202170000
-0.0952443000 0.8108040000 -0.0320526000
-0.1785660000 0.8464620000 0.0260520000
-0.1055870000 0.8445290000 0.1523740000
-0.0747189000 0.8450300000 0.1877680000
0.1108080000 0.8092270000 0.3015990000
0.1276740000 0.8017670000 0.2092510000
0.1299910000 0.7966150000 0.2021230000
0.0487992000 0.8015630000 0.1544440000
0.0422913000 0.8120210000 0.1503610000
0.0242089000 0.7853000000 0.0714102000
-0.0006721330 0.7752720000 0.0112222000
-0.0040639800 0.7869860000 -0.0045077600
-0.0141355000 0.7874000000 -0.0070164400
-0.0502596000 0.7946990000 -0.0218152000
-0.1448060000 0.8342470000 -0.0221815000
-0.1644020000 0.8480670000 -0.0015438800
-0.1737540000 0.8443790000 0.0650200000
-0.0854032000 0.8483890000 0.1754330000
-0.0809694000 0.8655810000 0.2048120000
0.0063571200 0.8636420000 0.3528820000
0.1340840000 0.8056660000 0.2377880000
0.1326550000 0.7968850000 0.1851380000
0.0789026000 0.8037980000 0.1656760000
0.0172334000 0.7911610000 0.0846173000
0.0209168000 0.7981840000 0.0910873000
0.0401161000 0.7866560000 0.0732440000
0.0418203000 0.7791390000 0.0454912000
0.0176407000 0.7844150000 0.0094305600
0.0101269000 0.7836700000 0.0053033800
-0.0387702000 0.7903600000 -0.0173064000
-0.0884460000 0.8122000000 -0.0286554000
-0.1316560000 0.8291710000 -0.0262723000
-0.0991262000 0.8524760000 0.1587870000
-0.0716674000 0.8556700000 0.2212920000
-0.0623082000 0.8657610000 0.2465170000
-0.0455724000 0.8704070000 0.2796240000
0.0601360000 0.8429020000 0.3456180000
0.0775949000 0.8466170000 0.3334730000
0.1017870000 0.8252130000 0.3118000000
0.1160150000 0.8210330000 0.2892330000
0.1154820000 0.8086440000 0.2784320000
0.1012450000 0.8060950000 0.1541420000
0.0920344000 0.8058480000 0.1554430000
0.0534321000 0.8140930000 0.1546030000
0.0162474000 0.8080640000 0.1043060000
0.0467439000 0.7878880000 0.0673994000
-0.0831423000 0.8087600000 -0.0290990000
-0.1018280000 0.8232480000 -0.0200586000
-0.1227730000 0.8269360000 -0.0255851000
-0.1367110000 0.8534470000 0.1059690000
0.0179903000 0.8645190000 0.3559360000
0.0843431000 0.8296100000 0.3334870000
0.1061480000 0.8217480000 0.3063350000
0.1274770000 0.8067710000 0.1968600000
0.1302770000 0.7950560000 0.1745550000
0.1240010000 0.7945100000 0.1690420000
0.0384805000 0.7950440000 0.0884457000
0.0288276000 0.7754240000 0.0228051000
-0.0085008800 0.8761680000 0.3332250000
0.0294365000 0.8557360000 0.3574450000
0.0522601000 0.8021680000 0.0955640000
-0.0836011000 0.8190910000 -0.0165928000
-0.1714990000 0.8607730000 0.0460457000
-0.1279900000 0.8588740000 0.1196150000
-0.0815125000 0.8567800000 0.1863720000
-0.0748079000 0.8651660000 0.2197880000
-0.0314667000 0.8752270000 0.3026440000
0.1238810000 0.7986150000 0.2584900000
0.1321080000 0.8054270000 0.2261680000
0.1141700000 0.8074430000 0.1554140000
0.0534850000 0.8073410000 0.1068550000
-0.0327288000 0.7992020000 -0.0174604000
-0.0545440000 0.8070860000 -0.0193137000
-0.0950253000 0.8577140000 0.1658080000
0.0071736600 0.8740570000 0.3452230000
0.0632779000 0.8505470000 0.3410340000
0.1373510000 0.8159470000 0.2113310000
0.1276710000 0.8157140000 0.1741440000
0.1218480000 0.8120350000 0.1558290000
0.1006250000 0.8158320000 0.1425120000
0.1226340000 0.8342810000 0.2804670000
0.1251170000 0.8149020000 0.1589460000
0.0582566000 0.8000570000 0.0710683000
-0.0385785000 0.8057890000 -0.0164699000
-0.1365680000 0.8427170000 -0.0199707000
-0.1488650000 0.8480010000 -0.0162612000
-0.1644500000 0.8670190000 0.0669591000
-0.1620200000 0.8626650000 0.0737164000
-0.1430290000 0.8650880000 0.1002190000
-0.0858900000 0.8653600000 0.1922760000
0.0392818000 0.8658950000 0.3480760000
0.1320710000 0.8141610000 0.1999540000
0.1299000000 0.8035820000 0.1748870000
0.0813869000 0.8148550000 0.1344360000
0.0365155000 0.7857870000 0.0246906000
-0.1446490000 0.8530180000 -0.0163610000
-0.1690140000 0.8750900000 0.0325449000
-0.0545805000 0.8728250000 0.2638110000
-0.0491380000 0.8781810000 0.2761230000
0.1071150000 0.8296860000 0.3062590000
0.0124107000 0.7996880000 0.0025030900
-0.1153540000 0.8667670000 0.1454920000
-0.0268455000 0.8069850000 -0.0141977000
-0.0511491000 0.8167760000 -0.0147837000
-0.1670040000 0.8678030000 0.0584053000
-0.1572830000 0.8706160000 0.0781548000
-0.0803628000 0.8744900000 0.2162420000
0.0263375000 0.8775000000 0.3452530000
0.1284960000 0.8251670000 0.2643770000
0.1365100000 0.8146770000 0.2412960000
0.0630224000 0.8120680000 0.1122960000
0.0335055000 0.7908300000 0.0173308000
-0.0096384900 0.8025470000 -0.0078112700
-0.0713158000 0.8184320000 -0.0156222000
-0.1037190000 0.8413170000 -0.0207372000
-0.1166680000 0.8343310000 -0.0181522000
-0.1340040000 0.8495730000 -0.0184846000
-0.1588790000 0.8547960000 -0.0058895400
-0.1720620000 0.8598770000 0.0103226000
-0.1003910000 0.8703200000 0.1720620000
-0.0695158000 0.8810180000 0.2398230000
0.1163020000 0.8356310000 0.2967920000
0.1378440000 0.8298550000 0.1905630000
0.1302470000 0.8210720000 0.1793600000
0.1187430000 0.8255950000 0.1441040000
0.0966027000 0.8236370000 0.1319680000
0.0672317000 0.8110730000 0.0840583000
0.0489090000 0.7912050000 0.0411833000
0.0487627000 0.8008880000 0.0317943000
0.0339153000 0.8120500000 0.0102113000
-0.0357998000 0.8168070000 -0.0155080000
-0.0961223000 0.8744020000 0.1845870000
0.0522353000 0.8637400000 0.3428770000
0.1380940000 0.8178730000 0.2274040000
0.1283700000 0.8260700000 0.1672350000
0.1023450000 0.8320530000 0.1271470000
0.0737009000 0.8178140000 0.1141590000
0.0777855000 0.8230020000 0.1076730000
0.0630655000 0.8067710000 0.0559528000
0.0150482000 0.8130060000 0.0002975430
-0.0232042000 0.8200770000 -0.0123391000
-0.0897047000 0.8369150000 -0.0190447000
-0.1699700000 0.8716940000 0.0143048000
-0.1633160000 0.8844150000 0.0511166000
0.0176412000 0.8780170000 0.3443430000
0.1362440000 0.8403810000 0.2524530000
0.1386400000 0.8327720000 0.2423820000
0.0399864000 0.8052120000 0.0175007000
-0.0146204000 0.8120050000 -0.0103134000
-0.1362410000 0.8561170000 -0.0172843000
-0.1515650000 0.8661190000 -0.0052507600
-0.0094737600 0.8812760000 0.3296350000
0.0001714180 0.8849310000 0.3330730000
0.0431034000 0.8763640000 0.3417480000
0.0930511000 0.8424890000 0.3237200000
0.1273720000 0.8339810000 0.1533770000
0.0434667000 0.8170170000 0.0148971000
-0.0694132000 0.8291220000 -0.0169639000
-0.1642720000 0.8764870000 0.0078324900
-0.1273980000 0.8717740000 0.1285660000
-0.1156550000 0.8807320000 0.1495850000
0.1303690000 0.8342030000 0.2641930000
0.1410470000 0.8243610000 0.2160210000
0.0064318500 0.8218070000 -0.0045446000
-0.0754835000 0.8455630000 -0.0204344000
-0.1650030000 0.8880150000 0.0210371000
-0.0864378000 0.8803380000 0.2083790000
-0.0386496000 0.8830470000 0.2939300000
0.1038520000 0.8478480000 0.3135260000
0.1086280000 0.8485000000 0.3044580000
0.0734598000 0.8207230000 0.0625109000
-0.1326840000 0.8639860000 -0.0132804000
-0.1433030000 0.8747390000 0.1004150000
-0.0907082000 0.8905430000 0.1980180000
0.0760880000 0.8635860000 0.3312520000
0.1423510000 0.8288590000 0.2248490000
0.0891362000 0.8313380000 0.1131360000
0.0763113000 0.8191980000 0.0799589000
0.0275806000 0.8179840000 0.0061948100
-0.1034180000 0.8511760000 -0.0223421000
-0.0760874000 0.8860350000 0.2290670000
0.1186800000 0.8516830000 0.2845400000
0.0639724000 0.8295400000 0.0331963000
0.0439613000 0.8270880000 0.0143405000
-0.0904382000 0.8548300000 -0.0241133000
-0.1195590000 0.8620390000 -0.0167697000
0.0182485000 0.8863720000 0.3339740000
0.1328750000 0.8447500000 0.2597200000
0.1366510000 0.8470840000 0.1642670000
0.1235600000 0.8260260000 0.1493320000
0.0897468000 0.8362830000 0.1009850000
-0.0383146000 0.8420700000 -0.0141814000
-0.1375090000 0.8712570000 -0.0088505200
-0.0988418000 0.8782140000 0.1786540000
-0.0605763000 0.8876490000 0.2547570000
-0.0082747100 0.8903710000 0.3218280000
0.0839907000 0.8619810000 0.3274170000
0.1105450000 0.8398550000 0.1259340000
0.1008520000 0.8418740000 0.1129160000
-0.0491366000 0.8363090000 -0.0168875000
0.1000660000 0.8597300000 0.3154400000
0.0612309000 0.8132980000 0.0405060000
-0.1550230000 0.8744420000 0.0003551190
-0.1648670000 0.8851380000 0.0128638000
-0.1532520000 0.8884740000 0.0764483000
0.1349820000 0.8368090000 0.1732330000
0.1309280000 0.8488020000 0.1481730000
0.0806933000 0.8282400000 0.0787222000
-0.1220550000 0.8706540000 -0.0148625000
-0.0979575000 0.8855980000 0.1789370000
-0.0369762000 0.8927150000 0.2891970000
0.0600435000 0.8750840000 0.3342040000
0.3681200000 0.9709250000 0.5349280000
0.3690290000 0.9709440000 0.5433610000
0.1126710000 0.8537870000 0.3007630000
0.1244290000 0.8460860000 0.2742860000
0.1438630000 0.8367510000 0.2297510000
0.1465640000 0.8440510000 0.2061340000
0.1432710000 0.8522660000 0.1858910000
0.1229770000 0.8395190000 0.1400030000
0.0315757000 0.8320710000 0.0108948000
0.0103445000 0.8356670000 -0.0000189842
-0.1308740000 0.8839390000 -0.0132297000
-0.1609910000 0.8850210000 0.0610259000
-0.1215350000 0.8840300000 0.1377810000
-0.1051430000 0.8906520000 0.1621000000
-0.0829012000 0.8952280000 0.2122300000
0.3730830000 0.9623210000 0.5499300000
0.1400120000 0.8577360000 0.2515160000
0.1367990000 0.8614890000 0.1517270000
-0.0111748000 0.8280380000 -0.0091975400
-0.0712668000 0.8963980000 0.2335070000
0.0522683000 0.8875110000 0.3246910000
0.0846137000 0.8717860000 0.3227870000
0.3587550000 0.9727380000 0.5300400000
0.3664550000 0.9558770000 0.5289980000
0.1424350000 0.8496040000 0.2397830000
0.1018500000 0.8536650000 0.1002270000
0.0020209600 0.8393670000 -0.0033346800
-0.0275166000 0.8517330000 -0.0106042000
-0.0622169000 0.8630710000 -0.0165000000
-0.1547710000 0.8857170000 0.0020156700
-0.1563710000 0.8967640000 0.0611191000
0.0015898300 0.8940300000 0.3236900000
0.0811885000 0.8384770000 0.0608542000
0.0551527000 0.8268610000 0.0213917000
-0.0984326000 0.8640460000 -0.0230648000
-0.1258850000 0.8961310000 0.1229160000
0.3677070000 0.9700750000 0.5518370000
0.1116080000 0.8614260000 0.3041980000
0.1477860000 0.8593780000 0.1925610000
0.1169390000 0.8506310000 0.1256290000
0.0874529000 0.8375920000 0.0868506000
0.0911400000 0.8541150000 0.0797861000
-0.0888237000 0.8668640000 -0.0228800000
-0.0975120000 0.8994720000 0.1738690000
0.3678900000 0.9718370000 0.5653160000
0.3558110000 0.9757530000 0.5385220000
0.3565930000 0.9614200000 0.5227670000
0.3580280000 0.9493140000 0.5237500000
0.3662850000 0.9499660000 0.5319650000
0.3661620000 0.9505590000 0.5414270000
0.1521290000 0.8592430000 0.2106420000
0.1400100000 0.8592900000 0.1648620000
0.1106850000 0.8501760000 0.1161060000
-0.0280901000 0.8605710000 -0.0106472000
-0.0409742000 0.8563450000 -0.0125997000
-0.1019720000 0.8749110000 -0.0230336000
-0.1615290000 0.8935660000 0.0360188000
-0.1526350000 0.8956890000 0.0729069000
0.0727292000 0.8790170000 0.3267530000
0.3704380000 0.9667980000 0.5707300000
0.0997962000 0.8676370000 0.3121720000
0.1515620000 0.8587210000 0.2174390000
0.1537480000 0.8621690000 0.1937940000
0.1323430000 0.8615640000 0.1425860000
0.0300399000 0.8453260000 0.0103345000
0.0111942000 0.8519850000 -0.0011075100
-0.1029820000 0.8979530000 0.1641510000
-0.0377722000 0.9036220000 0.2808930000
-0.0029118100 0.9012530000 0.3099440000
0.3609520000 0.9713100000 0.5611490000
0.3432220000 0.9658480000 0.5434540000
0.1437880000 0.8629050000 0.2424710000
0.1495830000 0.8596930000 0.2269490000
0.1522330000 0.8599610000 0.2037380000
0.1436620000 0.8637200000 0.1649620000
0.1227310000 0.8624750000 0.1289460000
0.0710123000 0.8470300000 0.0329983000
0.0593287000 0.8469930000 0.0190828000
0.0504902000 0.8471930000 0.0132190000
-0.0137442000 0.8569520000 -0.0048622400
-0.0876042000 0.8770640000 -0.0234695000
-0.1563980000 0.8946490000 0.0052599000
-0.1595140000 0.8987420000 0.0114818000
-0.1609580000 0.8978700000 0.0204859000
-0.1347720000 0.8989160000 0.1048050000
-0.0162681000 0.9031740000 0.3009770000
0.0177869000 0.8949550000 0.3217900000
0.3487750000 0.9554640000 0.5216460000
0.3659120000 0.9519790000 0.5641120000
0.3664320000 0.9570600000 0.5735120000
0.3621990000 0.9658280000 0.5822330000
0.1203350000 0.8636240000 0.2921350000
0.1485630000 0.8642980000 0.2422730000
0.1551810000 0.8612720000 0.2258400000
0.1359850000 0.8649990000 0.1416680000
0.1143800000 0.8620250000 0.1098650000
0.1035340000 0.8609460000 0.0854192000
0.0828305000 0.8510530000 0.0512134000
0.0548958000 0.8508650000 0.0109842000
-0.0264657000 0.8648500000 -0.0148078000
-0.0397229000 0.8661730000 -0.0142282000
-0.1111530000 0.8830280000 -0.0233647000
-0.1404290000 0.9023310000 0.0912393000
-0.0613551000 0.9030900000 0.2449760000
0.3919130000 1.1820300000 0.0615959000
0.4044200000 1.1686700000 0.0706155000
0.1257010000 0.8625200000 0.2749010000
0.1710850000 0.8616500000 0.2025410000
0.1652080000 0.8670910000 0.1566820000
0.0947270000 0.8592280000 0.0783699000
0.0736097000 0.8516150000 0.0310466000
0.0491899000 0.8568020000 0.0003820850
0.0330470000 0.8511100000 0.0083174700
-0.0111148000 0.8613350000 -0.0096281700
-0.0619572000 0.8756880000 -0.0216365000
-0.0287770000 0.9046520000 0.2896250000
0.0344997000 0.8926010000 0.3231920000
0.0861504000 0.8791670000 0.3213290000
0.3552080000 0.9725190000 0.5735420000
0.3584080000 0.9426500000 0.5275720000
0.3656820000 0.9479500000 0.5534580000
0.3564130000 0.9451350000 0.5821950000
0.0979634000 0.8778150000 0.3151560000
0.0917213000 0.8571510000 0.0613324000
0.0880106000 0.8591860000 0.0272456000
0.0226226000 0.8601190000 -0.0114115000
-0.0691063000 0.8740690000 -0.0188148000
-0.0977584000 0.8867530000 -0.0277497000
-0.1490490000 0.9012520000 0.0712962000
-0.0902328000 0.9000430000 0.1967160000
0.3757360000 1.1801600000 0.0585177000
0.3435730000 0.9649450000 0.5514830000
0.3334780000 0.9726020000 0.5314870000
0.3593670000 0.9409010000 0.5362880000
0.3594240000 0.9622020000 0.5913790000
0.1150600000 0.8699060000 0.2997410000
0.1316300000 0.8722980000 0.2670760000
0.1390750000 0.8680010000 0.2540380000
0.1563850000 0.8672560000 0.2571000000
0.1401630000 0.8703870000 0.1108490000
0.1103780000 0.8651470000 0.0586217000
0.0624724000 0.8566550000 0.0054362300
0.0014064400 0.8665900000 -0.0227393000
-0.0520276000 0.8801350000 -0.0345163000
-0.1333660000 0.8943680000 -0.0096968800
-0.1503350000 0.8994220000 -0.0006854840
-0.1586020000 0.9001740000 0.0246443000
-0.1539510000 0.9000420000 0.0572422000
-0.0246035000 0.9089010000 0.2864960000
0.0188544000 0.9039720000 0.3072500000
0.0478991000 0.8937780000 0.3201040000
0.0754474000 0.8856810000 0.3200900000
0.3981680000 1.1716100000 0.0535235000
0.3481930000 0.9777470000 0.5234370000
0.3723790000 1.1689700000 0.0701597000
0.3827960000 1.1890600000 0.0476777000
0.4049300000 1.1517500000 0.0862156000
-0.1141340000 0.8895450000 -0.0226224000
-0.1540450000 0.9033740000 0.0097827600
0.1280100000 0.8761580000 0.2810330000
0.1697530000 0.8637380000 0.2338490000
0.1746200000 0.8663020000 0.1929160000
0.1713820000 0.8673470000 0.1735360000
0.1575010000 0.8720940000 0.1306410000
0.1262100000 0.8684590000 0.0845900000
0.0876773000 0.8619550000 0.0223259000
0.0364141000 0.8617020000 -0.0106943000
0.0168578000 0.8648730000 -0.0190021000
-0.0222211000 0.8726830000 -0.0287040000
0.3402390000 0.9519810000 0.5252410000
0.3538560000 0.9354630000 0.5632210000
0.3544050000 0.9405290000 0.5726850000
0.3529540000 0.9517250000 0.5989140000
0.3784020000 1.1881400000 0.0511202000
0.3834070000 1.1843500000 0.0392618000
0.4086060000 1.1594800000 0.0662963000
-0.0861570000 0.8853510000 -0.0295406000
-0.1176570000 0.8926810000 -0.0240462000
-0.1463840000 0.9011420000 -0.0065554200
-0.1524440000 0.9031770000 0.0014842600
-0.1033550000 0.9072470000 0.1612070000
-0.0920686000 0.9104400000 0.1928280000
-0.0358233000 0.9123240000 0.2737000000
0.0717078000 0.8923710000 0.3180680000
0.1067800000 0.8818150000 0.3066080000
0.1485300000 0.8723790000 0.2729490000
0.1615550000 0.8678860000 0.2531850000
0.1671200000 0.8690310000 0.2403310000
0.1747380000 0.8638810000 0.2095260000
0.1637130000 0.8714180000 0.1432970000
0.1504810000 0.8725130000 0.1188430000
0.1219730000 0.8690440000 0.0745473000
0.1088100000 0.8647540000 0.0545830000
0.0734766000 0.8594790000 0.0099614300
0.0657879000 0.8607710000 0.0039862800
0.0519422000 0.8634410000 -0.0049203100
0.3541640000 0.9677410000 0.5993140000
0.3303910000 0.9570990000 0.5221380000
0.3499360000 0.9328580000 0.5526400000
0.0950389000 0.8863480000 0.3159380000
0.1611970000 0.8712280000 0.2519860000
0.1684920000 0.8791870000 0.1533470000
0.0312798000 0.8670400000 -0.0155006000
0.0062778000 0.8754440000 -0.0263491000
-0.0112299000 0.8747300000 -0.0293959000
-0.0376622000 0.8806890000 -0.0349241000
-0.1062270000 0.8897580000 -0.0274453000
-0.1516960000 0.9036180000 0.0358838000
-0.1449510000 0.9062850000 0.0570797000
-0.0745034000 0.9118600000 0.2176640000
-0.0072363800 0.9082830000 0.2952070000
0.3739280000 1.1522100000 0.0928677000
0.3664250000 1.1880000000 0.0398290000
0.3427830000 0.9713490000 0.5989690000
0.3462400000 0.9392370000 0.5258050000
0.3419320000 0.9312630000 0.5327100000
0.0996262000 0.8656840000 0.0358213000
-0.0583313000 0.8904800000 -0.0405781000
-0.0772691000 0.8879100000 -0.0391143000
-0.0956700000 0.8934050000 -0.0413546000
-0.1397280000 0.9013700000 -0.0243354000
-0.1161870000 0.9188390000 0.1331080000
-0.1007960000 0.9164710000 0.1621870000
0.0274242000 0.9036140000 0.3092390000
0.3868350000 1.1374200000 0.0921737000
0.3785220000 1.1432400000 0.0916477000
0.3718120000 1.1855700000 0.0311210000
0.3883920000 1.1688400000 0.0362765000
0.3209620000 0.9707370000 0.5296770000
0.3496070000 0.9457740000 0.6053280000
0.3498790000 0.9591690000 0.6075960000
0.1237670000 0.8784790000 0.2885030000
0.1704560000 0.8750830000 0.2315210000
0.1768470000 0.8770970000 0.2188030000
0.1784120000 0.8799130000 0.1911450000
0.1752850000 0.8776240000 0.1775350000
0.1461360000 0.8809290000 0.1086130000
0.1381140000 0.8730520000 0.0970141000
0.1186870000 0.8722200000 0.0628944000
-0.1166780000 0.8968310000 -0.0396580000
-0.1572000000 0.9068920000 0.0090348600
-0.1529160000 0.9056080000 0.0339383000
-0.1375300000 0.9091120000 0.0817873000
0.0392926000 0.8999340000 0.3114040000
0.3529340000 1.1528400000 0.0881935000
0.3607380000 1.1665300000 0.0678464000
0.4034180000 1.1474600000 0.0562490000
0.3283780000 0.9474080000 0.5348470000
0.3480940000 0.9297300000 0.5390570000
0.1137950000 0.8844970000 0.3113880000
0.1565680000 0.8719880000 0.2646930000
0.1561970000 0.8772790000 0.2641330000
0.1639050000 0.8865050000 0.1384270000
-0.0258444000 0.8865240000 -0.0354877000
-0.0807081000 0.8930700000 -0.0446774000
-0.0890350000 0.8978060000 -0.0465680000
-0.1502310000 0.9072280000 0.0474925000
-0.1159130000 0.9028840000 0.1413560000
-0.0109819000 0.9117070000 0.2888420000
0.0046365600 0.9078270000 0.2995320000
0.0162755000 0.9057660000 0.3066510000
0.0623398000 0.8951670000 0.3175920000
0.1029090000 0.8883500000 0.3195610000
0.3596360000 1.1815100000 0.0442523000
0.3958040000 1.1280400000 0.0908912000
0.3373520000 0.9755160000 0.5904340000
0.3331310000 0.9731760000 0.5835010000
0.3274500000 0.9608280000 0.5469020000
0.3217050000 0.9680710000 0.5393010000
0.3502900000 0.9363280000 0.5914340000
0.1294400000 0.8828230000 0.2985630000
0.1444870000 0.8799750000 0.2839040000
0.1577150000 0.8846430000 0.1260870000
0.1238300000 0.8786600000 0.0681534000
0.0776015000 0.8758730000 0.0095189500
0.0475313000 0.8730290000 -0.0089523800
0.0166112000 0.8787470000 -0.0234219000
-0.1524150000 0.9071130000 -0.0135167000
-0.1565510000 0.9085270000 -0.0034759200
-0.1593450000 0.9074850000 0.0421992000
-0.1394970000 0.9103760000 0.0817965000
-0.1311270000 0.9113350000 0.1020270000
-0.0928067000 0.9219940000 0.1818090000
-0.0397521000 0.9213700000 0.2583120000
-0.0027434000 0.9106130000 0.2975990000
0.0314132000 0.9036960000 0.3197510000
0.0800874000 0.8941880000 0.3235650000
0.3543140000 1.1396200000 0.0919198000
0.3559970000 1.1918900000 0.0286248000
0.3792170000 1.1677800000 0.0239180000
0.3951650000 1.1555300000 0.0443569000
0.3967700000 1.1124200000 0.0703790000
0.4017600000 1.1275500000 0.0802091000
0.1789290000 0.8769830000 0.2050700000
-0.0000249766 0.8826830000 -0.0292279000
-0.0829799000 0.9028820000 -0.0480825000
-0.1150250000 0.8986280000 -0.0426169000
-0.1417350000 0.9037710000 -0.0278466000
-0.1302140000 0.9148230000 0.1039290000
-0.0296196000 0.9176660000 0.2705360000
-0.0148881000 0.9132000000 0.2890070000
0.0003919630 0.9083560000 0.3095090000
0.3758220000 1.1330500000 0.0888211000
0.3609080000 1.1890600000 0.0210973000
0.3384890000 0.9200130000 0.5436890000
0.3396390000 0.9706560000 0.5685600000
0.1797800000 0.8859480000 0.1915260000
0.0616882000 0.8735980000 -0.0014211900
-0.0747634000 0.8999070000 -0.0471671000
-0.1117720000 0.9039920000 -0.0438730000
-0.1293340000 0.9011200000 -0.0362297000
-0.1616540000 0.9101790000 0.0235832000
-0.1089490000 0.9226140000 0.1494290000
-0.0498086000 0.9252170000 0.2429030000
0.1170090000 0.8873590000 0.3112970000
0.3887220000 1.1395000000 0.0308387000
0.3651070000 1.1454900000 0.0939432000
0.3629160000 1.1687700000 0.0565506000
0.3456880000 0.9231740000 0.5730770000
0.3437210000 0.9304610000 0.5930990000
0.3240010000 0.9664200000 0.5221860000
0.3161210000 0.9640820000 0.5549600000
0.3466850000 0.9301010000 0.5822030000
0.3515840000 1.1495800000 0.0603891000
0.3487460000 1.1898400000 0.0234988000
0.3969630000 1.1315000000 0.0425229000
-0.1234060000 0.9148880000 0.1189930000
-0.0830360000 0.9205230000 0.1988790000
-0.0724633000 0.9211550000 0.2143880000
-0.0503607000 0.9172850000 0.2521230000
0.0144272000 0.9071470000 0.3168830000
0.0487507000 0.9014090000 0.3226610000
0.0751786000 0.8978400000 0.3243840000
0.1377440000 0.8846420000 0.2930570000
0.1576750000 0.8815170000 0.2466430000
0.1720050000 0.8870870000 0.2274830000
0.1170730000 0.8835430000 0.0550363000
0.0858582000 0.8744830000 0.0167930000
-0.0204222000 0.8894070000 -0.0347906000
-0.0448920000 0.8951010000 -0.0376918000
-0.1599730000 0.9214340000 0.0017960400
0.3387140000 0.9651290000 0.6066720000
0.3226910000 0.9603480000 0.5635670000
0.3328790000 0.9317160000 0.5345620000
0.3453300000 0.9409350000 0.6084830000
0.3645820000 1.1215800000 0.0777208000
0.3444920000 1.1486800000 0.0752262000
0.3969320000 1.1232600000 0.0560118000
-0.0610428000 0.9271370000 0.2265210000
0.1608310000 0.8834410000 0.2394670000
0.0987435000 0.8780170000 0.0300336000
0.0589325000 0.8832330000 -0.0032561100
-0.1274250000 0.9084510000 -0.0390836000
-0.1406030000 0.9204950000 -0.0365404000
-0.1596580000 0.9073420000 0.0699977000
-0.1511460000 0.9079030000 0.0960858000
-0.1280830000 0.9156120000 0.1193390000
0.3422960000 0.9516880000 0.6149780000
0.3312520000 0.9584540000 0.6206310000
0.3243900000 0.9638620000 0.5978720000
0.3272820000 0.9697510000 0.5853150000
0.3146940000 0.9508250000 0.5281120000
0.3295360000 0.9166670000 0.5491960000
0.3396970000 0.9210350000 0.5615290000
0.3355650000 0.9258100000 0.5850130000
0.3354310000 0.9455640000 0.6164250000
0.1684570000 0.8904620000 0.1517810000
0.0103383000 0.8883050000 -0.0258912000
-0.0731025000 0.9093180000 -0.0465116000
-0.1615650000 0.9145880000 0.0151813000
-0.1628320000 0.9118180000 0.0562340000
-0.1552990000 0.9071940000 0.0967669000
-0.0772975000 0.9285320000 0.2041640000
-0.0741391000 0.9265360000 0.2073420000
-0.0111484000 0.9113090000 0.3061860000
0.0134766000 0.9132970000 0.3139270000
0.0902970000 0.9001610000 0.3182960000
0.3486560000 1.1876700000 0.0314272000
0.3842790000 1.1527400000 0.0220704000
0.3866660000 1.1160400000 0.0824049000
0.3153560000 0.9397830000 0.5356740000
0.3279060000 0.9243320000 0.5380320000
0.1810550000 0.8883790000 0.1988880000
0.1571690000 0.8921260000 0.1260500000
0.1307490000 0.8928020000 0.0754898000
0.1172350000 0.8909200000 0.0510024000
0.0729338000 0.8851990000 0.0048399000
0.0296156000 0.8849300000 -0.0173310000
-0.0041485600 0.8968180000 -0.0297015000
-0.1479230000 0.9057190000 0.1273980000
-0.1011880000 0.9246450000 0.1596610000
-0.0975834000 0.9228500000 0.1809280000
0.0141743000 0.9103090000 0.3165630000
0.0495303000 0.9042410000 0.3216760000
0.0613825000 0.9045320000 0.3182060000
0.0988014000 0.8961480000 0.3184880000
0.3476930000 1.1495700000 0.0846422000
0.3779530000 1.1433800000 0.0195418000
0.3897720000 1.1243500000 0.0348139000
0.3882630000 1.1162400000 0.0459276000
0.3251660000 0.9638190000 0.6191340000
0.3237280000 0.9633270000 0.6040890000
0.3176700000 0.9603790000 0.5965780000
0.3200470000 0.9550790000 0.5846010000
0.3167680000 0.9557420000 0.5647460000
0.3066730000 0.9557050000 0.5271960000
0.3286400000 0.9193610000 0.5584750000
0.3447540000 1.1434600000 0.0628514000
0.3544870000 1.1867000000 0.0149644000
-0.0623742000 0.9108310000 0.2723450000
-0.0313198000 0.9106220000 0.2931940000
-0.0487589000 0.9126480000 0.2836290000
0.0610164000 0.9065440000 0.3170250000
0.1165920000 0.8954000000 0.3109920000
0.1362350000 0.8911300000 0.2921810000
0.1777840000 0.8868640000 0.2180980000
0.1801340000 0.8934830000 0.2106630000
0.1395810000 0.8894740000 0.0947987000
-0.0384053000 0.9063660000 -0.0358659000
-0.1620590000 0.9145080000 0.0623922000
-0.1512010000 0.9078720000 0.1222920000
0.3147540000 0.9527180000 0.5840340000
0.3145800000 0.9461080000 0.5711090000
0.3054310000 0.9620180000 0.5736520000
0.3366570000 0.9215760000 0.5764790000
0.3375160000 0.9392010000 0.6095840000
0.3491780000 1.1699600000 0.0018485800
0.3661160000 1.1683700000 0.0068976800
0.3646030000 1.1446500000 0.0134547000
0.3553160000 1.1269500000 0.0879983000
-0.0523053000 0.9127230000 0.2729800000
0.0325378000 0.9119810000 0.3145440000
0.1060780000 0.8977670000 0.3160730000
0.1347670000 0.8954180000 0.2946160000
0.1413400000 0.8912020000 0.2780420000
0.1549220000 0.8862740000 0.2551740000
-0.1503390000 0.9108890000 -0.0187391000
-0.1330210000 0.9025240000 0.1719700000
0.3032180000 0.9447420000 0.5353530000
0.3420060000 1.1354500000 0.0897488000
0.3335160000 1.1731400000 0.0299878000
0.3421220000 1.1807200000 0.0147806000
0.1601820000 0.8948510000 0.2372730000
0.1763630000 0.8962860000 0.1730740000
0.0298355000 0.8985020000 -0.0204852000
-0.1214520000 0.9126520000 -0.0447301000
-0.1296120000 0.9021670000 0.1929410000
0.3032360000 0.9676430000 0.5652520000
0.3073790000 0.9705020000 0.5454090000
0.2942770000 0.9634690000 0.5377880000
0.1530810000 0.9028240000 0.1183470000
-0.1322190000 0.9198740000 -0.0424593000
-0.1590040000 0.9111160000 0.0916877000
-0.1520610000 0.9121670000 0.1144300000
-0.1438760000 0.9048580000 0.1515520000
-0.1363230000 0.9029660000 0.1793360000
-0.0947093000 0.9072920000 0.2442620000
-0.0779778000 0.9096730000 0.2622100000
0.1041030000 0.9042370000 0.3174510000
0.3512330000 1.1097200000 0.0742147000
0.3348320000 1.1756000000 0.0090260100
0.3881620000 1.1041800000 0.0595329000
0.3058430000 0.9704860000 0.6165480000
0.3086420000 0.9243830000 0.5604000000
0.1462460000 0.8908990000 0.1095760000
0.1036950000 0.8908550000 0.0327135000
0.0514389000 0.8991810000 -0.0117078000
0.0090044000 0.8965620000 -0.0265663000
0.0066895700 0.9014190000 -0.0254977000
-0.1540110000 0.9223940000 -0.0155190000
-0.1622810000 0.9179960000 0.0395746000
-0.1585810000 0.9162420000 0.0810725000
-0.1061580000 0.9049940000 0.2276890000
-0.0293916000 0.9152290000 0.2931450000
0.0694646000 0.9088120000 0.3180930000
0.0927235000 0.9055370000 0.3193580000
0.3256150000 1.1187900000 0.0849677000
0.3326910000 1.1363900000 0.0837156000
0.3391850000 1.1477900000 0.0456371000
0.3312970000 1.1651700000 0.0294390000
0.3697960000 1.1232900000 0.0264647000
0.3675690000 1.1046400000 0.0449087000
0.3804920000 1.1031900000 0.0685234000
0.3043070000 0.9691990000 0.5349260000
0.3273390000 0.9385520000 0.6063230000
0.1369350000 0.8984990000 0.2917990000
0.1796370000 0.9022410000 0.2087060000
-0.0572196000 0.9143420000 -0.0441464000
-0.0756738000 0.9180480000 -0.0517314000
-0.0863568000 0.9102210000 -0.0472491000
0.1172420000 0.9008450000 0.3118040000
0.3369900000 1.1162800000 0.0845474000
0.3337120000 1.1441200000 0.0661935000
0.3321810000 1.1460700000 0.0545942000
0.3362440000 1.1768200000 0.0026507200
0.3815090000 1.1017200000 0.0611879000
0.3773160000 1.1070300000 0.0743029000
0.3055870000 0.9591880000 0.5831580000
0.2940110000 0.9653590000 0.5848520000
0.2912180000 0.9485680000 0.5393530000
0.3191740000 0.9307560000 0.5875550000
0.1275420000 0.9024200000 0.0658382000
0.0761034000 0.9010260000 0.0034135200
-0.0160557000 0.9101320000 -0.0268035000
-0.1638050000 0.9209250000 0.0395943000
-0.1192520000 0.9064300000 0.2048230000
-0.1021570000 0.9090180000 0.2358400000
-0.0879484000 0.9109380000 0.2538350000
-0.0773487000 0.9126870000 0.2625940000
0.3344680000 1.1429800000 0.0403334000
0.3314240000 1.1480900000 0.0238867000
0.3248890000 1.1577000000 0.0180706000
0.3286930000 1.1665900000 0.0165770000
0.3073410000 0.9622370000 0.6271290000
0.3058640000 0.9681590000 0.6075390000
0.2932680000 0.9707430000 0.5673110000
0.2799860000 0.9706010000 0.5643020000
0.3324020000 0.9530370000 0.6207350000
0.1427850000 0.8973900000 0.2742880000
0.1515870000 0.8884070000 0.2636500000
0.1190450000 0.9055740000 0.0497538000
0.0929998000 0.8853250000 0.0220257000
-0.0388066000 0.9200760000 -0.0349731000
-0.0854407000 0.9245260000 -0.0567047000
-0.1362490000 0.9261230000 -0.0377706000
0.3285780000 1.1444000000 0.0226519000
0.3208630000 1.1674300000 0.0118076000
0.3610970000 1.1588500000 0.0056837200
0.3503660000 1.1143500000 0.0774845000
0.2861150000 0.9684280000 0.5791260000
0.3196260000 0.9225540000 0.5443610000
0.2993400000 0.9457480000 0.6149150000
0.1544370000 0.9080540000 0.2557310000
0.1807340000 0.9206370000 0.1850660000
0.1761700000 0.9112450000 0.1628050000
-0.0740765000 0.9240560000 -0.0529951000
-0.1216760000 0.9219120000 -0.0503919000
-0.1401340000 0.9080300000 0.1697680000
0.0101054000 0.9163440000 0.3082660000
0.3331340000 1.1674300000 -0.0046194700
0.3606430000 1.1003900000 0.0656457000
0.1725030000 0.8986690000 0.2241740000
0.1699160000 0.9042380000 0.1485770000
0.0274588000 0.9134020000 -0.0168364000
-0.0969896000 0.9333110000 -0.0624099000
-0.1591170000 0.9286570000 0.0012352000
-0.1651840000 0.9211080000 0.0634901000
-0.1526400000 0.9173660000 0.1056430000
-0.1482790000 0.9147420000 0.1207830000
-0.0547902000 0.9182980000 0.2746290000
0.0646690000 0.9160840000 0.3166440000
0.3140570000 1.1715600000 0.0049222900
0.3107510000 1.1417000000 0.0625833000
0.3195750000 1.1471900000 0.0365623000
0.2785740000 0.9682640000 0.5574070000
0.2879840000 0.9678810000 0.5943910000
0.3017560000 0.9690640000 0.6233640000
0.2900680000 0.9707500000 0.6078500000
0.2961910000 0.9357280000 0.5408930000
0.1567890000 0.8983400000 0.2516280000
0.1775440000 0.9089610000 0.2160080000
0.0920845000 0.9063940000 0.0149134000
0.0062067600 0.9134520000 -0.0220835000
-0.1159660000 0.9198920000 -0.0524766000
-0.1248830000 0.9269520000 -0.0478294000
-0.1598290000 0.9179350000 0.0787130000
0.0263574000 0.9195970000 0.3108570000
0.0395317000 0.9148590000 0.3147900000
0.0734079000 0.9125250000 0.3167730000
0.1156030000 0.9071080000 0.3110740000
0.3072920000 1.1669300000 -0.0050043200
0.3147410000 1.1179000000 0.0779217000
0.2975650000 0.9671260000 0.6249120000
0.2883660000 0.9721680000 0.6159650000
0.2742660000 0.9857030000 0.6113870000
0.1647280000 0.9054090000 0.2320350000
0.1641380000 0.9071610000 0.1339980000
0.1618130000 0.9208740000 0.1253830000
0.1398570000 0.9104170000 0.0866348000
0.1071200000 0.9074110000 0.0308660000
0.0832156000 0.9165790000 0.0025228000
-0.0122982000 0.9167160000 -0.0259990000
-0.1461410000 0.9176300000 0.1318880000
-0.1304400000 0.9124980000 0.1818330000
-0.0129580000 0.9180960000 0.2971640000
0.0985362000 0.9108440000 0.3148100000
0.3539510000 1.1222500000 0.0210556000
0.2592180000 0.9966150000 0.5804520000
0.2589410000 0.9926030000 0.5727150000
0.2780150000 0.9610400000 0.5506440000
0.2940220000 0.9279780000 0.5638200000
0.3041040000 0.9578880000 0.6265540000
0.2842620000 0.9737850000 0.6090890000
0.1244580000 0.9153070000 0.3054120000
0.1780610000 0.9141530000 0.1696370000
0.1429970000 0.9060600000 0.0958161000
0.0668126000 0.9133360000 -0.0063573200
-0.0280223000 0.9243380000 -0.0327522000
-0.1698770000 0.9234310000 0.0778685000
-0.1359650000 0.9134750000 0.1648720000
-0.1010000000 0.9136520000 0.2351170000
-0.0663236000 0.9178700000 0.2661540000
0.0385591000 0.9240850000 0.3122670000
0.3200710000 1.1244300000 0.0831954000
0.3130690000 1.1344100000 0.0731990000
0.3132240000 1.1474700000 0.0278278000
0.3122570000 1.1537700000 0.0188810000
0.2665660000 0.9914970000 0.5933910000
0.3140810000 0.9258220000 0.5735330000
0.1544670000 0.9301900000 0.1119090000
0.0837342000 0.9273150000 0.0019784300
0.0516385000 0.9152650000 -0.0105032000
0.0226060000 0.9212860000 -0.0183122000
-0.1381560000 0.9336620000 -0.0418832000
-0.1545020000 0.9287720000 -0.0108720000
-0.1667710000 0.9202490000 0.0815906000
-0.1541380000 0.9200500000 0.1170780000
-0.1404500000 0.9154640000 0.1472910000
-0.1251150000 0.9131580000 0.1924950000
-0.1157070000 0.9147300000 0.2036310000
0.3141380000 1.1474100000 0.0523682000
0.2961110000 1.1479300000 0.0337818000
0.2959410000 1.1663100000 0.0028528400
0.3454040000 1.1091600000 0.0269538000
0.3633510000 1.0995300000 0.0577628000
0.2569020000 0.9804960000 0.5585780000
0.2723680000 0.9687650000 0.5552000000
0.2703020000 0.9556280000 0.5509970000
0.2771740000 0.9475080000 0.5509540000
0.2769500000 0.9356700000 0.5578420000
0.3027540000 0.9506620000 0.6212500000
0.2671030000 0.9973340000 0.6050890000
0.2517360000 1.0051500000 0.5980330000
0.2949440000 0.9336610000 0.5887010000
0.1328250000 0.9094690000 0.2963140000
0.1794120000 0.9045450000 0.1814180000
0.1184060000 0.9419690000 0.0307479000
-0.0567318000 0.9287080000 -0.0470220000
-0.1241660000 0.9316870000 -0.0496729000
-0.1441900000 0.9336080000 -0.0300738000
-0.1664690000 0.9254900000 0.0522587000
0.0861114000 0.9159600000 0.3147090000
0.3137680000 1.1527500000 -0.0085208800
0.3182810000 1.1331000000 0.0002035140
0.3265390000 1.1046800000 0.0666568000
0.2950530000 1.1639200000 0.0109399000
0.2461450000 1.0032000000 0.5849490000
0.2878890000 0.9604160000 0.6287310000
0.2866940000 0.9682260000 0.6271840000
0.1170980000 0.9215950000 0.3095310000
0.1730950000 0.9194140000 0.2220580000
0.1811320000 0.9145270000 0.1961340000
0.1819940000 0.9299720000 0.1955480000
0.1675940000 0.9300010000 0.1321280000
0.0537122000 0.9235260000 -0.0091225500
-0.0785271000 0.9339600000 -0.0614172000
-0.1590180000 0.9348740000 -0.0006032370
-0.0887491000 0.9189180000 0.2444840000
-0.0763936000 0.9211220000 0.2573160000
-0.0614707000 0.9219880000 0.2696490000
-0.0411087000 0.9233640000 0.2785580000
-0.0036973400 0.9232860000 0.2963400000
0.0687142000 0.9193050000 0.3173700000
0.3085500000 1.1614100000 -0.0092109200
0.3015950000 1.1245800000 0.0700236000
0.2640640000 0.9924330000 0.6201800000
0.2594550000 0.9633140000 0.5487020000
0.2961360000 0.9399580000 0.6042680000
-0.1224750000 0.9379190000 -0.0552714000
-0.1685220000 0.9215620000 0.0899166000
0.0836074000 0.9201120000 0.3154270000
0.2875380000 1.1348800000 0.0550098000
0.2553160000 1.0027800000 0.6047950000
0.2450700000 0.9858050000 0.5611460000
0.2517640000 0.9754580000 0.5537520000
0.2911920000 0.9311270000 0.5790030000
0.2886980000 0.9527440000 0.6235760000
0.2819780000 0.9725860000 0.6298170000
0.1370390000 0.9121910000 0.2797620000
0.1596890000 0.9247660000 0.2447170000
0.1808850000 0.9241940000 0.2057470000
0.0644714000 0.9248010000 -0.0055507900
-0.0469375000 0.9444700000 -0.0553298000
-0.1535960000 0.9357700000 -0.0153925000
-0.1172030000 0.9194600000 0.2010400000
-0.0141702000 0.9218920000 0.2932570000
0.0099480400 0.9242770000 0.3022890000
0.1048390000 0.9175070000 0.3121620000
0.2640480000 1.1761400000 0.0367490000
0.3182930000 1.1151800000 0.0137447000
0.3078060000 1.1054400000 0.0587584000
0.2493870000 0.9894660000 0.5724440000
0.2684730000 0.9426560000 0.5542710000
0.2749630000 0.9352630000 0.5626910000
0.2765190000 0.9332900000 0.5769640000
0.1496070000 0.9317400000 0.1007280000
0.1273600000 0.9165370000 0.0582723000
0.0309225000 0.9292230000 -0.0175716000
-0.0080741400 0.9322070000 -0.0303718000
-0.1298220000 0.9423470000 -0.0560329000
-0.1668640000 0.9240770000 0.0992710000
-0.1285650000 0.9208610000 0.1863490000
-0.0880100000 0.9240660000 0.2436100000
0.0655501000 0.9240700000 0.3134810000
0.2794110000 1.1718300000 0.0040143500
0.2552380000 0.9971310000 0.6195670000
0.2450630000 1.0071100000 0.5920490000
0.2342700000 1.0000900000 0.5717270000
-0.1075710000 0.9379040000 -0.0624658000
-0.1406220000 0.9381920000 -0.0441231000
-0.1703670000 0.9322900000 0.0501395000
-0.1707830000 0.9275460000 0.0838044000
-0.1400750000 0.9195970000 0.1523990000
0.0530956000 0.9224150000 0.3141880000
0.0936658000 0.9250210000 0.3163380000
0.2567270000 1.1834800000 0.0276193000
0.2831090000 1.1620300000 -0.0072607900
0.2985310000 1.1603100000 -0.0106347000
0.3330320000 1.0979500000 0.0442215000
0.3315680000 1.0974000000 0.0536167000
0.2881080000 1.1415900000 0.0474003000
0.2661490000 1.1587600000 0.0552247000
0.2591430000 0.9923190000 0.6263920000
0.2477550000 0.9622250000 0.5510240000
0.2729820000 0.9712520000 0.6413480000
0.1421390000 0.9152300000 0.2690080000
0.1632810000 0.9161870000 0.2373130000
0.1375230000 0.9454400000 0.0626576000
-0.0233216000 0.9283790000 0.2806780000
-0.0002720910 0.9308330000 0.2941580000
0.2621690000 1.1844100000 0.0157190000
0.3149050000 1.1429600000 -0.0053271800
0.2916270000 1.1337800000 -0.0049649000
0.2821960000 1.1290100000 0.0554592000
0.2780400000 1.1440100000 0.0510733000
0.2741810000 0.9811610000 0.6349590000
0.2361950000 1.0111200000 0.6024470000
0.2378850000 0.9986320000 0.5832380000
0.1311030000 0.9237440000 0.2983060000
0.0924303000 0.9364990000 0.0065733700
-0.1536400000 0.9467670000 -0.0315740000
-0.1688540000 0.9364710000 0.0316208000
-0.0656560000 0.9246240000 0.2645630000
0.2303190000 0.9993080000 0.5680890000
0.2803510000 0.9364480000 0.5930190000
0.2697620000 1.1785900000 -0.0051308900
0.2734740000 1.1675100000 -0.0088888000
0.3389960000 1.0997500000 0.0384782000
0.2870730000 1.1093500000 0.0508118000
0.2319120000 1.0000800000 0.5765610000
0.2396440000 0.9809980000 0.5587870000
0.2522680000 0.9484430000 0.5492940000
0.2564810000 0.9415890000 0.5524170000
0.1729890000 0.9290410000 0.1468200000
0.1364850000 0.9234170000 0.0730280000
0.1265920000 0.9343620000 0.0476883000
0.1061650000 0.9179330000 0.0250478000
0.0026829700 0.9482320000 -0.0369847000
-0.1107350000 0.9449530000 -0.0656161000
-0.1009140000 0.9178010000 0.2280730000
-0.0631499000 0.9326840000 0.2526800000
0.0151493000 0.9313760000 0.3005110000
0.0398398000 0.9350550000 0.3071550000
0.0723945000 0.9293380000 0.3085550000
0.2548460000 1.1782400000 0.0423831000
0.2579520000 1.1846500000 -0.0023650800
0.2840750000 1.1184100000 0.0550600000
0.1789350000 0.9621920000 0.1685160000
0.1725730000 0.9465030000 0.1421040000
0.0981296000 0.9253250000 0.0131101000
-0.0673131000 0.9484840000 -0.0659804000
-0.1439830000 0.9441560000 -0.0422214000
-0.1592830000 0.9416710000 -0.0106675000
-0.1635420000 0.9320440000 0.0248241000
-0.1089720000 0.9284270000 0.2165250000
-0.0208881000 0.9311970000 0.2810140000
0.1001230000 0.9254890000 0.3159620000
0.2855120000 0.9467800000 0.6175170000
0.2478040000 1.1887100000 0.0201033000
0.2682430000 1.1312300000 0.0617300000
0.2593290000 0.9873060000 0.6337550000
0.2364710000 0.9735850000 0.5598750000
0.2439430000 0.9525980000 0.5537090000
0.2838010000 0.9415470000 0.6056760000
0.1141180000 0.9306640000 0.3118950000
0.1224610000 0.9337420000 0.3071560000
0.1341060000 0.9306670000 0.2807220000
0.1533100000 0.9253850000 0.2532980000
0.1801810000 0.9444760000 0.1786690000
0.1768580000 0.9357360000 0.1581420000
0.0767944000 0.9328210000 -0.0017334000
0.0163381000 0.9369960000 -0.0252944000
-0.1682060000 0.9432290000 0.0390747000
-0.0284928000 0.9266430000 0.2792300000
0.2442680000 1.1748900000 0.0514699000
0.2629530000 1.1782500000 -0.0150558000
0.2520260000 1.1572000000 0.0620337000
0.2650650000 0.9753400000 0.6455750000
0.2516630000 0.9856210000 0.6363120000
0.2258560000 1.0065300000 0.5685310000
0.2619480000 0.9330750000 0.5621740000
0.2642470000 0.9284160000 0.5779220000
0.2756730000 0.9593540000 0.6379100000
0.1629200000 0.9376270000 0.1237310000
-0.0775083000 0.9511940000 -0.0704478000
-0.0913214000 0.9416910000 -0.0672184000
-0.1069610000 0.9178570000 0.2188750000
-0.0680860000 0.9305530000 0.2532410000
0.2887730000 1.1470800000 -0.0100807000
0.2475630000 1.1408200000 0.0704250000
0.2401470000 0.9974750000 0.6265800000
0.2209620000 1.0172100000 0.5712930000
0.2342120000 0.9708720000 0.5647490000
0.2758620000 0.9487970000 0.6310060000
0.2657140000 0.9509610000 0.6426820000
0.1530650000 0.9575940000 0.1008860000
0.0391198000 0.9453040000 -0.0198008000
-0.1688930000 0.9418300000 0.0261527000
-0.1551680000 0.9242180000 0.1233710000
-0.1379490000 0.9243140000 0.1652900000
0.2347400000 1.1906800000 0.0181571000
0.2496830000 1.1880400000 -0.0003460930
0.2316750000 1.1915400000 0.0050493300
0.2982480000 1.1019200000 0.0322744000
0.2721460000 1.1212800000 0.0562883000
0.2503420000 0.9319630000 0.5563070000
0.2703910000 0.9387140000 0.6179380000
0.1669100000 0.9415280000 0.2336240000
-0.0366807000 0.9594140000 -0.0613492000
-0.0482299000 0.9591880000 -0.0660762000
-0.1667770000 0.9458870000 0.0007930180
-0.1229730000 0.9269620000 0.1959050000
-0.0810685000 0.9275730000 0.2475290000
0.0558261000 0.9318820000 0.3115120000
0.2761500000 1.1531600000 -0.0143106000
0.2913690000 1.1215300000 0.0036890700
0.2697430000 1.1114100000 0.0565823000
0.2592390000 1.1282800000 0.0685625000
0.2335690000 1.1503900000 0.0741268000
0.2370370000 1.0080200000 0.5913820000
0.2227270000 0.9968980000 0.5717830000
0.2238280000 0.9891080000 0.5726750000
0.2314810000 0.9668390000 0.5756930000
0.2542270000 0.9242770000 0.5658260000
0.2611440000 0.9690070000 0.6508340000
0.1310480000 0.9389170000 0.2956090000
-0.0631459000 0.9579200000 -0.0706448000
-0.1134800000 0.9537990000 -0.0678061000
-0.1310600000 0.9498270000 -0.0592592000
-0.1425140000 0.9263730000 0.1568540000
0.2595690000 1.1719600000 -0.0164876000
0.2979720000 1.1069300000 0.0181733000
0.2901160000 1.1036100000 0.0431574000
0.2748610000 1.1089500000 0.0526970000
0.2618470000 1.1147800000 0.0672541000
0.2265610000 0.9695760000 0.5797740000
0.2431630000 0.9435670000 0.5577250000
0.2487080000 0.9213740000 0.5683740000
0.2670190000 0.9304630000 0.5990090000
0.1273210000 0.9376290000 0.3050040000
0.1715200000 0.9439280000 0.2237800000
0.1773340000 0.9356380000 0.2109790000
0.1247410000 0.9575560000 0.0360438000
0.0791276000 0.9556840000 -0.0051124300
-0.1512180000 0.9289620000 0.1354890000
0.0928615000 0.9321480000 0.3129860000
0.1050840000 0.9323780000 0.3142680000
0.2511100000 1.1824600000 -0.0111426000
0.2840640000 1.1156300000 -0.0010878500
0.2904690000 1.1011900000 0.0279246000
0.2176110000 1.0067600000 0.5813950000
0.2192510000 0.9903690000 0.5768210000
0.2359320000 0.9475540000 0.5761430000
0.2532180000 0.9158870000 0.5874990000
0.2571740000 0.9380620000 0.6331670000
-0.1506140000 0.9514450000 -0.0397226000
-0.1688800000 0.9372580000 0.0805418000
-0.1655340000 0.9293310000 0.1062940000
-0.0514202000 0.9378220000 0.2574290000
-0.0347243000 0.9342390000 0.2706190000
0.2255350000 1.1894700000 0.0300609000
0.2785410000 1.1302600000 -0.0122980000
0.2540160000 1.1184900000 0.0706096000
0.2376390000 1.1628600000 0.0585737000
0.2450260000 0.9732870000 0.6454390000
0.2220870000 1.0166100000 0.6061190000
0.2159270000 1.0159100000 0.5968680000
0.2211180000 1.0065800000 0.5904550000
0.2151990000 1.0156900000 0.5657840000
0.2137020000 1.0009500000 0.5725640000
0.2546380000 0.9185390000 0.5788950000
0.1465500000 0.9479810000 0.0840303000
0.0515931000 0.9585910000 -0.0183755000
-0.1408080000 0.9545990000 -0.0515254000
-0.1640480000 0.9502390000 -0.0154099000
-0.0956701000 0.9313280000 0.2290990000
0.0823658000 0.9327060000 0.3115320000
0.2746170000 1.1416300000 -0.0170020000
0.2749000000 1.0981700000 0.0460722000
0.2602170000 1.0944700000 0.0620255000
0.2550490000 1.1058500000 0.0682917000
0.2096820000 1.0128100000 0.5646680000
0.2159770000 0.9882650000 0.5774600000
0.2472770000 0.9160990000 0.5806560000
0.2586660000 0.9221460000 0.6005860000
0.1395880000 0.9326320000 0.2690350000
0.1480320000 0.9311090000 0.2582690000
0.1573430000 0.9557060000 0.1118810000
0.0961436000 0.9530850000 0.0062097500
-0.0886531000 0.9592310000 -0.0744150000
-0.1664830000 0.9508770000 -0.0051886500
-0.1671730000 0.9492220000 0.0181996000
-0.1312570000 0.9267280000 0.1832310000
0.0200310000 0.9409420000 0.2994610000
0.2255670000 1.1669400000 0.0517120000
0.2355220000 1.1864600000 -0.0071687800
0.2631650000 1.1597200000 -0.0228877000
0.2301550000 1.1444800000 0.0739274000
0.2246050000 1.0158500000 0.6000580000
0.2192980000 0.9715250000 0.5791350000
0.2428570000 0.9281940000 0.5715370000
0.2575800000 0.9629110000 0.6498990000
0.1780360000 0.9541180000 0.1952130000
0.1767090000 0.9477190000 0.1562850000
0.0085029000 0.9614800000 -0.0395125000
-0.0761787000 0.9660400000 -0.0753696000
-0.1258320000 0.9563240000 -0.0654423000
0.2628400000 1.1386800000 -0.0255830000
0.2893570000 1.1069800000 0.0132555000
0.2656960000 1.0935200000 0.0574642000
0.2261130000 1.1593400000 0.0660313000
0.2271470000 1.0092400000 0.6150110000
0.2145180000 1.0044500000 0.5868890000
0.2044890000 1.0153600000 0.5577660000
0.2261120000 0.9471870000 0.5800320000
0.2338820000 0.9436180000 0.5793560000
0.2546420000 0.9268760000 0.6175220000
0.1536990000 0.9462670000 0.2490010000
-0.1343730000 0.9610950000 -0.0624753000
-0.1414450000 0.9608460000 -0.0520783000
-0.1687260000 0.9426560000 0.0661021000
-0.1595380000 0.9315420000 0.1211740000
-0.0820203000 0.9335520000 0.2379190000
-0.0517826000 0.9334290000 0.2590840000
0.2366050000 1.1779800000 -0.0197341000
0.2496370000 1.1717500000 -0.0243595000
0.2552750000 1.1536900000 -0.0271546000
0.2790760000 1.0941400000 0.0342840000
0.2727690000 1.0859300000 0.0413921000
0.2379460000 1.1242300000 0.0722368000
0.2130330000 1.0250800000 0.5672270000
0.2016240000 1.0101000000 0.5499470000
0.2158650000 0.9722590000 0.5749150000
0.2400610000 0.9213890000 0.5810430000
0.2519850000 0.9181960000 0.5994350000
0.2458170000 0.9611870000 0.6472980000
0.1625470000 0.9621770000 0.2354790000
0.0101942000 0.9527990000 -0.0359164000
-0.0019159400 0.9439230000 0.2896970000
0.0652945000 0.9383070000 0.3098730000
0.0737413000 0.9429050000 0.3139930000
0.2228750000 1.1400200000 0.0714530000
0.2669700000 1.1259200000 -0.0202499000
0.2801840000 1.0962300000 0.0198498000
0.2318310000 1.1267300000 0.0700468000
0.2341880000 0.9926520000 0.6329270000
0.2251320000 1.0078100000 0.6193560000
0.2202330000 0.9585710000 0.5778450000
0.2327930000 0.9364140000 0.5810330000
0.2361520000 0.9171790000 0.5887440000
0.2542790000 0.9512140000 0.6446700000
0.1111180000 0.9418000000 0.3111200000
0.1660180000 0.9571820000 0.1267890000
-0.0894424000 0.9678220000 -0.0780737000
-0.1631970000 0.9548740000 -0.0149838000
-0.1674910000 0.9487380000 0.0378969000
-0.0091405700 0.9408560000 0.2867030000
0.2773590000 1.1184500000 -0.0074008700
0.2789610000 1.1081200000 0.0007533390
0.2544810000 1.0966100000 0.0624474000
0.2493600000 1.1010900000 0.0599938000
0.2032050000 0.9891500000 0.5455740000
0.2052450000 0.9786350000 0.5471970000
0.2100950000 0.9612240000 0.5581840000
0.2437160000 0.9482130000 0.6406650000
0.1358780000 0.9503390000 0.2693660000
0.1613480000 0.9460360000 0.2406740000
0.1707660000 0.9604850000 0.2170810000
0.1562600000 0.9701460000 0.1108610000
-0.1687090000 0.9300400000 0.0945398000
0.2181100000 1.1698600000 0.0521889000
0.2739500000 1.0829700000 0.0311563000
0.2375300000 1.1157800000 0.0519856000
0.2071240000 1.0134800000 0.5824130000
0.2066760000 1.0246700000 0.5750450000
0.2469410000 0.9360540000 0.6300730000
0.2328550000 0.9596250000 0.6449560000
0.1333090000 0.9434690000 0.2777420000
0.1651090000 0.9804710000 0.1339120000
-0.0310473000 0.9419780000 0.2726700000
0.0476457000 0.9419450000 0.3096550000
0.2015870000 1.1816100000 0.0574101000
0.2362520000 1.1637900000 -0.0264243000
0.2512240000 1.1450100000 -0.0279965000
0.2732190000 1.0977900000 -0.0032376600
0.2739430000 1.0854300000 0.0169120000
0.2235020000 1.1351300000 0.0666334000
0.1989440000 1.1737800000 0.0616147000
0.2079830000 1.0150700000 0.5931390000
0.2051750000 1.0336700000 0.5636200000
0.2078140000 1.0271100000 0.5615800000
0.2040490000 0.9707300000 0.5478410000
0.2163520000 0.9482270000 0.5715210000
0.2314150000 0.9236140000 0.5815240000
0.2480600000 0.9225500000 0.6102330000
0.1260540000 0.9453160000 0.3068500000
0.1330930000 0.9736240000 0.0490218000
0.1096080000 0.9496700000 0.0184329000
0.0986676000 0.9778450000 0.0089469200
-0.0451162000 0.9723930000 -0.0660036000
-0.1227490000 0.9663200000 -0.0724038000
0.0382112000 0.9441280000 0.3057070000
0.2079040000 1.1553900000 0.0636410000
0.2235030000 1.1788500000 -0.0240321000
0.2650920000 1.0799200000 0.0201119000
0.2678400000 1.0817900000 0.0431946000
0.2548260000 1.0921400000 0.0517960000
0.2458580000 1.0990100000 0.0466062000
0.2214200000 1.1386600000 0.0531621000
0.2358180000 0.9802240000 0.6406390000
0.2195120000 0.9982670000 0.6312740000
0.2129100000 1.0149400000 0.6204100000
0.2130380000 1.0240700000 0.6063660000
0.1916210000 1.0192400000 0.5376500000
0.1946620000 1.0034000000 0.5354340000
0.2266550000 0.9204090000 0.5846050000
0.2403620000 0.9271560000 0.6096870000
0.0865732000 0.9378950000 0.3121270000
0.1290730000 0.9507080000 0.3017890000
0.1740010000 0.9634390000 0.2059900000
0.1470470000 0.9898190000 0.0788171000
0.1409600000 0.9595050000 0.0667947000
-0.1650030000 0.9568810000 0.0007100620
-0.1667250000 0.9504640000 0.0465290000
-0.1446860000 0.9324840000 0.1529400000
-0.1156410000 0.9280580000 0.2085170000
-0.0693302000 0.9389550000 0.2438720000
0.0089484800 0.9474940000 0.2909770000
0.1967150000 1.1868400000 0.0499201000
0.2112820000 1.1747300000 0.0524662000
0.2076620000 1.1961500000 -0.0054391700
0.2111170000 1.1926600000 -0.0141661000
0.2207290000 1.1875800000 -0.0168847000
0.2577620000 1.1212700000 -0.0214444000
0.2278010000 1.1218900000 0.0487747000
0.2289210000 1.1265700000 0.0502536000
0.2047110000 1.0273500000 0.6017270000
0.1935580000 1.0453700000 0.5635200000
0.1916080000 0.9952180000 0.5322590000
0.2123820000 0.9451010000 0.5679670000
0.2196760000 0.9369820000 0.5745020000
0.2256730000 0.9213400000 0.5894690000
0.2287810000 0.9504830000 0.6213990000
0.2362490000 0.9667850000 0.6485940000
0.1300490000 0.9579810000 0.2946420000
0.1420330000 0.9517550000 0.2604190000
0.1476730000 0.9741580000 0.0784388000
0.0441164000 0.9854750000 -0.0253762000
0.0324002000 0.9772250000 -0.0314664000
-0.0020064300 0.9739320000 -0.0477827000
-0.0672478000 0.9732790000 -0.0728304000
-0.1410380000 0.9673300000 -0.0506447000
-0.1536430000 0.9588240000 -0.0342131000
0.2079810000 1.1957800000 0.0161318000
0.2358870000 1.1688500000 -0.0263469000
0.2335160000 1.1503300000 -0.0232459000
0.2681420000 1.1096100000 -0.0145558000
0.2489960000 1.0926100000 0.0407023000
0.2105300000 1.1491200000 0.0593775000
0.1885290000 1.0375800000 0.5448800000
0.2402400000 0.9391910000 0.6267150000
0.1084300000 0.9514360000 0.3111130000
0.1259540000 0.9559080000 0.3062670000
0.1137480000 0.9770750000 0.0231476000
-0.1464310000 0.9365590000 0.1551960000
-0.1044710000 0.9342000000 0.2183060000
0.0258410000 0.9494720000 0.2973540000
0.1945070000 1.1837500000 0.0341256000
0.2561810000 1.0931800000 -0.0032814900
0.2621670000 1.0826100000 0.0423671000
0.2410700000 1.0999600000 0.0467073000
0.1970940000 1.0249100000 0.5498860000
0.1844210000 1.0091800000 0.5262500000
0.1993880000 0.9664130000 0.5529110000
0.2044800000 0.9503320000 0.5643020000
0.2171350000 0.9294200000 0.5769080000
0.1320110000 0.9679790000 0.2685470000
0.1756390000 0.9702970000 0.1609410000
-0.0340576000 0.9863910000 -0.0614227000
-0.1595090000 0.9343840000 0.1254940000
-0.1375800000 0.9331010000 0.1720280000
0.0581826000 0.9466200000 0.3081920000
0.2192300000 1.1735000000 -0.0261174000
0.2384210000 1.1309100000 -0.0138207000
0.2682800000 1.0943000000 -0.0049027000
0.2687390000 1.0838700000 0.0089072500
0.2290900000 1.1064800000 0.0500665000
0.2021220000 1.1537900000 0.0501119000
0.1972360000 1.0398500000 0.5721430000
0.1909810000 0.9860690000 0.5351580000
0.1859860000 0.9819720000 0.5356350000
0.2135360000 0.9283840000 0.5806460000
0.2169730000 0.9284950000 0.5891970000
0.1760180000 0.9694370000 0.1873840000
-0.0563825000 0.9897380000 -0.0661405000
-0.1012140000 0.9813170000 -0.0806807000
-0.1682260000 0.9411600000 0.0859528000
0.1868160000 1.1916400000 0.0521525000
0.2516890000 1.0898200000 0.0258319000
0.2197190000 1.1195700000 0.0507821000
0.1951910000 1.1550200000 0.0476297000
0.2155860000 1.1405300000 0.0488548000
0.1892410000 1.1719000000 0.0556329000
0.2006830000 1.0327800000 0.6097870000
0.1957470000 1.0253200000 0.5893570000
0.1921620000 1.0311500000 0.5835800000
0.1961030000 1.0398000000 0.5566310000
0.2275660000 0.9422900000 0.6083380000
0.1771060000 0.9685200000 0.1786690000
0.1419990000 0.9945950000 0.0658769000
0.0907931000 0.9754490000 0.0025457600
0.0706212000 0.9752170000 -0.0102916000
0.0630622000 0.9652380000 -0.0143030000
-0.1205200000 0.9825340000 -0.0745595000
-0.1630960000 0.9578240000 0.0174730000
-0.1650450000 0.9405790000 0.1039720000
-0.1354430000 0.9352300000 0.1772440000
-0.0818978000 0.9374110000 0.2340470000
-0.0718477000 0.9412690000 0.2446880000
0.2173040000 1.1658700000 -0.0226684000
0.2200440000 1.1522200000 -0.0170303000
0.1844810000 1.1873400000 0.0560419000
0.1806110000 0.9970460000 0.5237090000
0.1748440000 0.9842450000 0.5320570000
0.2055340000 0.9405990000 0.5723100000
0.2256600000 0.9494610000 0.6169500000
-0.1512480000 0.9675150000 -0.0330853000
-0.1573070000 0.9637920000 -0.0157303000
-0.1636030000 0.9352650000 0.1140680000
-0.0670457000 0.9449870000 0.2493470000
-0.0042301800 0.9492940000 0.2835370000
0.0411202000 0.9500000000 0.3050960000
0.1894670000 1.1984500000 0.0078211100
0.2436880000 1.0959900000 0.0090400500
0.2479310000 1.0904300000 0.0318481000
0.2031340000 1.0126100000 0.6274760000
0.2053860000 1.0257400000 0.6141490000
0.2128370000 0.9345680000 0.5941380000
0.2287150000 0.9589030000 0.6397300000
0.1302160000 0.9537290000 0.2834850000
0.1599070000 0.9764760000 0.2345670000
-0.1367270000 0.9759100000 -0.0616942000
-0.1624800000 0.9593010000 0.0219934000
-0.1670190000 0.9499020000 0.0649478000
-0.1570630000 0.9380370000 0.1334490000
0.1798200000 1.1908700000 0.0262080000
0.2475690000 1.1104900000 -0.0087007700
0.2507420000 1.0895600000 0.0041140300
0.2347650000 1.0912200000 0.0462431000
0.1907130000 1.0447900000 0.5735820000
0.1803370000 1.0216700000 0.5259550000
0.1723050000 1.0252100000 0.5116860000
0.1884090000 0.9736400000 0.5509250000
0.1977110000 0.9583290000 0.5660270000
0.2185610000 0.9453220000 0.6110940000
0.2156060000 0.9686750000 0.6315740000
0.2136430000 0.9871430000 0.6461560000
0.0926429000 0.9596430000 0.3130480000
0.1182880000 0.9674800000 0.3115880000
0.1529750000 0.9668630000 0.2472690000
0.1251410000 0.9797960000 0.0367260000
0.1027740000 0.9949300000 0.0146548000
0.0579378000 0.9972290000 -0.0177521000
-0.0704066000 0.9843950000 -0.0726844000
-0.1680090000 0.9468530000 0.0575500000
-0.1287950000 0.9353330000 0.1874240000
-0.1165380000 0.9332820000 0.2064610000
-0.0420557000 0.9469230000 0.2649590000
0.0193366000 0.9525150000 0.2955850000
0.1759320000 1.1987500000 0.0462580000
0.1831600000 1.1953600000 0.0405976000
0.1814160000 1.1925300000 0.0133581000
0.1879850000 1.1997000000 -0.0137497000
0.2585100000 1.0860600000 0.0023744400
0.2264270000 1.1000900000 0.0520140000
0.1979830000 1.1456300000 0.0491847000
0.1876910000 1.0345000000 0.5874820000
0.1910300000 0.9606900000 0.5771790000
0.2171140000 0.9735320000 0.6439700000
0.1427950000 0.9630240000 0.2571770000
0.1639200000 0.9790220000 0.2210700000
0.1674550000 0.9896920000 0.1997740000
0.1567040000 0.9936070000 0.1169590000
0.1388920000 1.0063800000 0.0594935000
-0.0227829000 0.9781040000 -0.0588952000
-0.1694760000 0.9436710000 0.0984839000
0.1964570000 1.1917900000 -0.0220506000
0.2031980000 1.1807400000 -0.0229394000
0.2172440000 1.1469500000 -0.0148002000
0.2317640000 1.1287800000 -0.0126196000
0.2342750000 1.1071500000 -0.0150913000
0.2304130000 1.0872600000 0.0267503000
0.1934220000 1.0280900000 0.5927280000
0.1735170000 1.0455300000 0.5282740000
0.1931730000 0.9733490000 0.5455060000
0.1888170000 0.9697550000 0.5648800000
0.2178750000 0.9563330000 0.6207210000
0.1157510000 0.9572240000 0.3109330000
0.1252540000 0.9766500000 0.2944710000
0.1709340000 0.9595150000 0.1375860000
0.0758800000 0.9928120000 -0.0064066600
0.0130561000 0.9973600000 -0.0401123000
-0.0838516000 0.9794620000 -0.0793792000
0.1787930000 1.1744100000 0.0512426000
0.1686540000 1.1899100000 0.0484827000
0.1948980000 1.1998700000 0.0021648800
0.2364650000 1.1144800000 -0.0137376000
0.2442100000 1.0941800000 -0.0055943500
0.2160830000 1.0906900000 0.0565749000
0.1821390000 1.1425100000 0.0635286000
0.1998820000 1.0051900000 0.6378460000
0.1843440000 1.0523900000 0.5572110000
0.1751870000 1.0494500000 0.5356560000
0.2020190000 0.9381630000 0.5954820000
0.2052700000 0.9769340000 0.6316750000
0.2173580000 0.9785170000 0.6476820000
0.1730510000 0.9707830000 0.1492890000
0.0423424000 1.0094300000 -0.0238767000
-0.1609100000 0.9648430000 0.0072731000
-0.1620110000 0.9411990000 0.1169030000
-0.0270484000 0.9498630000 0.2711930000
0.0320878000 0.9556360000 0.3038730000
0.0624858000 0.9572040000 0.3135690000
0.0744864000 0.9596440000 0.3176920000
0.1825730000 1.1890900000 0.0195675000
0.1928730000 1.1882700000 -0.0228107000
0.2035280000 1.1655100000 -0.0183847000
0.2270230000 1.1200100000 -0.0192584000
0.2064310000 1.1002900000 0.0652352000
0.1939590000 1.0392400000 0.6043740000
0.1698510000 1.0379900000 0.5136670000
0.1948510000 0.9508620000 0.5868830000
0.2028220000 0.9377570000 0.5819000000
0.2084980000 0.9512400000 0.6173560000
0.2017680000 0.9718540000 0.6266290000
0.0912276000 0.9927720000 0.0042985800
-0.1315490000 0.9774710000 -0.0679823000
-0.1393250000 0.9726850000 -0.0532692000
-0.1556120000 0.9701110000 -0.0187695000
-0.1696450000 0.9456100000 0.0936493000
-0.1136710000 0.9380080000 0.2076780000
0.2325300000 1.0954600000 0.0086580800
0.2387020000 1.0944000000 0.0103799000
0.2203310000 1.0859000000 0.0462778000
0.1744710000 1.1697000000 0.0540446000
0.1793140000 1.0591100000 0.5738300000
0.1831880000 1.0472200000 0.5479230000
0.1731000000 1.0134800000 0.5125530000
0.1398050000 1.0017800000 0.2547180000
0.1633690000 1.0045400000 0.1479330000
0.1538520000 1.0076100000 0.1181340000
0.1271240000 1.0015500000 0.0408359000
-0.1510990000 0.9754890000 -0.0292518000
0.0005066420 0.9517030000 0.2863440000
0.2176080000 1.1380800000 -0.0161030000
0.2024510000 1.0965200000 0.0653193000
0.1941790000 1.0281700000 0.6213600000
0.1828150000 1.0420200000 0.5925640000
0.1817980000 1.0486900000 0.5814750000
0.1695250000 0.9783610000 0.5439130000
0.1742080000 0.9757940000 0.5601200000
0.1899540000 0.9567900000 0.5842480000
0.2049140000 0.9828850000 0.6382210000
0.1956770000 0.9974620000 0.6395150000
0.1989580000 0.9990210000 0.6422070000
0.1898090000 1.0111100000 0.6396360000
0.1286980000 0.9624870000 0.2991580000
-0.0987300000 0.9917300000 -0.0802663000
-0.1291380000 0.9910970000 -0.0720662000
-0.0719787000 0.9430230000 0.2460180000
0.1614160000 1.2063900000 0.0453612000
0.1652350000 1.2041600000 0.0356830000
0.1746470000 1.1905000000 0.0191349000
0.1861960000 1.1927400000 -0.0247570000
0.2317940000 1.1034100000 -0.0116766000
0.2270190000 1.0920100000 0.0177380000
0.1875690000 1.1254900000 0.0695717000
0.1718630000 1.1397600000 0.0703163000
0.1889900000 1.0189500000 0.6338810000
0.1824090000 1.0498600000 0.6058740000
0.1748250000 1.0670600000 0.5678230000
0.2040040000 0.9406040000 0.6080780000
0.0784416000 0.9655250000 0.3183360000
0.1638580000 1.0061700000 0.1961380000
0.1466030000 1.0101800000 0.0864413000
0.0730424000 1.0222600000 -0.0003227720
-0.0788491000 0.9920700000 -0.0768153000
-0.1399980000 0.9797610000 -0.0401471000
-0.1647520000 0.9536660000 0.0547639000
-0.0375309000 0.9522370000 0.2647840000
0.0490798000 0.9560900000 0.3059200000
0.2040890000 1.1536300000 -0.0166098000
0.2086500000 1.1435700000 -0.0208176000
0.2214490000 1.0997300000 0.0096496500
0.2256040000 1.0852900000 0.0391883000
0.1867370000 1.0340700000 0.6244800000
0.1841450000 1.0466200000 0.6143930000
0.1657880000 1.0098100000 0.5112530000
0.1679540000 0.9847130000 0.5340560000
0.1088560000 0.9712810000 0.3146120000
0.1213890000 0.9745980000 0.3075200000
0.1584710000 0.9915630000 0.2252470000
0.1635240000 1.0108100000 0.1894150000
0.1430650000 1.0117600000 0.0768392000
-0.1382800000 0.9848020000 -0.0428440000
-0.1644060000 0.9596180000 0.0363162000
-0.1655640000 0.9405460000 0.1225630000
-0.1430430000 0.9383560000 0.1653490000
-0.1315430000 0.9372000000 0.1824370000
0.1733870000 1.1928700000 0.0124195000
0.2151460000 1.1328300000 -0.0238332000
0.1922450000 1.1102600000 0.0715674000
0.1586940000 1.0708200000 0.5421150000
0.1635390000 1.0587200000 0.5246970000
0.1672560000 1.0462900000 0.5155910000
0.1547230000 1.0463100000 0.5003310000
0.1781140000 0.9734720000 0.5657220000
0.1940530000 0.9839540000 0.6295390000
0.0998952000 1.0151400000 0.0190474000
0.0643614000 1.0190900000 -0.0076573700
-0.0705463000 0.9955610000 -0.0715670000
-0.1381090000 0.9853420000 -0.0621696000
-0.1242830000 0.9394930000 0.1944970000
-0.0925897000 0.9408620000 0.2248890000
-0.0058065200 0.9547820000 0.2868440000
0.1815540000 1.1983200000 -0.0199394000
0.2073360000 1.0881500000 0.0433475000
0.1665560000 1.0733300000 0.5601250000
0.1558540000 1.0356000000 0.4945230000
0.1587750000 1.0243200000 0.5004700000
0.1715570000 0.9692240000 0.5771190000
0.1631390000 1.0139000000 0.1826080000
0.1484740000 1.0291700000 0.1257960000
-0.0910885000 0.9981380000 -0.0796760000
-0.1236060000 1.0000200000 -0.0738198000
-0.1676460000 0.9658850000 0.0253727000
0.0210267000 0.9617180000 0.3028980000
0.1876030000 1.1726900000 -0.0201355000
0.1899930000 1.1607800000 -0.0204613000
0.2113610000 1.0961400000 0.0115016000
0.2126190000 1.0906400000 0.0177108000
0.1699010000 1.1301600000 0.0735020000
0.1266090000 0.9717790000 0.2823070000
0.1239690000 0.9892240000 0.2715480000
0.1572810000 1.0070700000 0.1303780000
-0.0618322000 1.0003800000 -0.0647484000
-0.1645290000 0.9508100000 0.0814503000
-0.1502960000 0.9384280000 0.1521880000
-0.0548224000 0.9510780000 0.2539730000
0.0121048000 0.9568470000 0.2991140000
0.0374143000 0.9630360000 0.3046280000
0.1649110000 1.2006100000 -0.0222885000
0.1772910000 1.1909800000 -0.0244084000
0.2200440000 1.1148200000 -0.0192218000
0.2129560000 1.0872800000 0.0278831000
0.1944080000 1.0929900000 0.0585981000
0.1530530000 1.0261400000 0.4976270000
0.1953870000 0.9689210000 0.6243140000
0.1766550000 1.0478000000 0.5910980000
0.1699940000 1.0585100000 0.5466180000
0.1603590000 1.0063200000 0.5158550000
0.1556720000 1.0019200000 0.5239330000
0.1255610000 0.9786730000 0.2763610000
0.1263990000 0.9917470000 0.2673620000
0.1392360000 1.0357700000 0.0856189000
0.0908222000 1.0129900000 0.0101309000
-0.0848198000 1.0103100000 -0.0757326000
-0.1512350000 0.9776490000 -0.0263696000
-0.1597610000 0.9737940000 -0.0027769100
-0.0970650000 0.9424090000 0.2261220000
0.1460250000 1.2124000000 0.0391524000
0.1602610000 1.1964900000 0.0090823200
0.1730470000 1.2034800000 -0.0030564900
0.2109510000 1.1289000000 -0.0267648000
0.2142280000 1.1110700000 -0.0042574500
0.1968200000 1.0895200000 0.0498365000
0.1499430000 1.0305900000 0.4960070000
0.1530180000 0.9807120000 0.5509270000
0.1602580000 0.9769910000 0.5564470000
0.1906620000 0.9497520000 0.6001670000
0.1108560000 0.9815870000 0.3166290000
0.1394230000 0.9925670000 0.2564850000
0.1469130000 1.0142800000 0.2345000000
0.1587290000 1.0206800000 0.1631820000
0.0333593000 1.0210700000 -0.0228844000
-0.0200216000 1.0113000000 -0.0510744000
-0.1651760000 0.9479330000 0.0934594000
-0.1565290000 0.9402940000 0.1377140000
-0.1215550000 0.9379880000 0.1985930000
0.0569559000 0.9643060000 0.3123150000
0.1521290000 1.2088900000 0.0321722000
0.1767780000 1.1732500000 -0.0231752000
0.1843050000 1.0943900000 0.0605118000
0.1726080000 1.1236000000 0.0728345000
0.1614450000 1.1389800000 0.0750967000
0.1722100000 1.0604200000 0.6086030000
0.1645220000 1.0743900000 0.5794260000
0.1531290000 1.0739600000 0.5246720000
0.1512870000 1.0682100000 0.5149550000
0.1494430000 1.0411600000 0.4908780000
0.1538060000 0.9782690000 0.2441620000
0.1475350000 1.0009100000 0.2444710000
0.1343840000 1.0193300000 0.0551943000
-0.0034477100 0.9980290000 -0.0481383000
-0.0126331000 1.0113700000 -0.0486506000
-0.1324280000 0.9392750000 0.1792610000
0.0484477000 0.9646010000 0.3103930000
0.0708568000 0.9766420000 0.3184660000
0.1349300000 1.2079200000 0.0487700000
0.1650730000 1.1948500000 0.0222465000
0.1982880000 1.1450400000 -0.0290142000
0.2051110000 1.1240900000 -0.0217061000
0.2034340000 1.0859200000 0.0368756000
0.1740380000 1.1070600000 0.0703779000
0.1419370000 1.1473000000 0.0778749000
0.1780270000 1.0481900000 0.6186420000
0.1642500000 1.0776400000 0.5664190000
0.1495260000 1.0247700000 0.5026230000
0.1507340000 0.9870160000 0.5440850000
0.1907960000 0.9474710000 0.6078340000
0.1721990000 0.9584500000 0.6131790000
0.1901290000 0.9553170000 0.6195000000
0.1853080000 0.9856480000 0.6279580000
0.1794850000 1.0114500000 0.6353990000
0.0775885000 0.9736980000 0.3187580000
0.1147400000 0.9869550000 0.3119570000
-0.0317646000 1.0017000000 -0.0571850000
-0.1304870000 1.0050500000 -0.0687145000
-0.1341820000 0.9993140000 -0.0624217000
-0.1413750000 0.9873200000 -0.0338966000
-0.0941136000 0.9418030000 0.2261250000
-0.0263336000 0.9537460000 0.2722470000
0.1238680000 1.2179900000 0.0280966000
0.1489120000 1.2056900000 -0.0032121700
0.1694390000 1.2053700000 -0.0110926000
0.1717970000 1.1914300000 -0.0280907000
0.2061980000 1.0855400000 0.0272022000
0.1622380000 1.1288800000 0.0768050000
0.1505450000 1.0096600000 0.5209070000
0.1723780000 0.9637320000 0.5862450000
0.1849490000 0.9531710000 0.6159960000
0.0948162000 0.9688520000 0.3138010000
-0.0788946000 1.0131800000 -0.0735105000
-0.1549720000 0.9829090000 -0.0168806000
-0.0521143000 0.9530920000 0.2627750000
0.1815020000 1.1639900000 -0.0266062000
0.1936420000 1.1512900000 -0.0278885000
0.1986970000 1.1299500000 -0.0264801000
0.2015830000 1.1192300000 -0.0111064000
0.1366120000 1.1365500000 0.0833582000
0.1262020000 1.1595300000 0.0843347000
0.1639120000 0.9743080000 0.5716150000
0.1593820000 1.0067400000 0.2078840000
0.1442400000 1.0441900000 0.1474240000
0.1237560000 1.0344000000 0.0502488000
-0.0451292000 1.0113200000 -0.0537281000
0.1301860000 1.2102800000 0.0181870000
0.1941790000 1.0840600000 0.0418299000
0.1736230000 1.0918100000 0.0607748000
0.1680790000 1.0354300000 0.6283540000
0.1627330000 1.0675300000 0.5941690000
0.1573720000 1.0751500000 0.5489570000
0.1203620000 0.9863210000 0.3017060000
0.1190620000 1.0331300000 0.2686880000
0.1436140000 1.0383300000 0.1067840000
0.0520094000 1.0364700000 -0.0083723400
-0.1371260000 0.9913070000 -0.0488028000
-0.1663300000 0.9626730000 0.0325792000
-0.1662260000 0.9514280000 0.0806258000
-0.1111560000 0.9408500000 0.2135750000
-0.0600879000 0.9519960000 0.2516650000
-0.0180503000 0.9558160000 0.2847710000
0.1230740000 1.1969200000 0.0581568000
0.1584900000 1.1975700000 -0.0262157000
0.1632950000 1.1848600000 -0.0284903000
0.1696480000 1.1746900000 -0.0268631000
0.1893150000 1.1274700000 -0.0222557000
0.1975470000 1.1096000000 -0.0039101800
0.1663410000 1.0226500000 0.6316660000
0.1443370000 1.0662400000 0.4956570000
0.1709390000 0.9799720000 0.6274870000
0.1351880000 1.0180000000 0.2567890000
-0.1034800000 0.9990030000 -0.0791982000
-0.0903829000 0.9450590000 0.2297610000
0.0151687000 0.9650400000 0.3035790000
0.0417431000 0.9720630000 0.3137710000
0.1512300000 1.1972700000 0.0126438000
0.1527770000 1.1115000000 0.0788785000
0.1441550000 1.1227300000 0.0820016000
0.1573410000 1.0590200000 0.6185850000
0.1753830000 1.0434200000 0.6238170000
0.1533040000 1.0851200000 0.5586200000
0.1404380000 1.0269600000 0.5027270000
0.1743770000 0.9582840000 0.5978110000
0.1724680000 1.0127900000 0.6324120000
0.1022540000 0.9839970000 0.3178340000
0.1110140000 0.9954600000 0.3108430000
-0.0062082400 1.0202100000 -0.0417953000
-0.1677370000 0.9416870000 0.1170800000
-0.1172470000 0.9403240000 0.2035790000
-0.0168194000 0.9583380000 0.2923400000
0.1376970000 1.2132200000 0.0297985000
0.1403460000 1.2090900000 -0.0204811000
0.1807900000 1.1545200000 -0.0349997000
0.1857710000 1.1045800000 0.0122232000
0.1981370000 1.0929900000 0.0152397000
0.1849110000 1.0796300000 0.0413221000
0.1662840000 1.1009600000 0.0698803000
0.1255130000 1.1426500000 0.0837958000
0.1083820000 1.1659800000 0.0830611000
0.1189620000 1.1834400000 0.0693886000
0.1621030000 0.9696180000 0.5848040000
0.0731651000 0.9827910000 0.3198420000
0.1183980000 0.9979470000 0.2794810000
0.1157730000 1.0091900000 0.2754910000
0.1376310000 1.0240700000 0.2492280000
0.0939806000 1.0293400000 0.0210735000
0.0157364000 1.0269700000 -0.0262810000
-0.0750477000 0.9492000000 0.2443230000
-0.0222284000 0.9616240000 0.2938580000
0.0495576000 0.9767920000 0.3143430000
0.1876560000 1.1387200000 -0.0306873000
0.2002550000 1.0856400000 0.0234607000
0.1523740000 1.0980800000 0.0770154000
0.1069400000 1.1767200000 0.0837640000
0.1220260000 1.2159300000 0.0375842000
0.1612820000 1.0659600000 0.6128140000
0.1383740000 1.0575600000 0.4870580000
0.1625030000 0.9635320000 0.6083050000
0.1790210000 0.9672150000 0.6249490000
0.1614150000 1.0174400000 0.1719990000
-0.0208962000 1.0356800000 -0.0395882000
-0.0523484000 1.0196600000 -0.0523670000
-0.1591970000 0.9838920000 -0.0086367000
-0.1512280000 0.9391500000 0.1535080000
-0.0937719000 0.9459920000 0.2268130000
0.1508750000 1.1901700000 -0.0325202000
0.1732620000 1.1579600000 -0.0367340000
0.1880330000 1.1221300000 -0.0147502000
0.1796610000 1.1204000000 -0.0026553000
0.1349700000 1.1196800000 0.0801760000
0.1484940000 1.0816200000 0.5434590000
0.1408680000 1.0787600000 0.5099820000
0.1393010000 1.0744200000 0.4972060000
0.1452730000 1.0102000000 0.5267990000
0.1577610000 1.0188200000 0.6307940000
0.0988948000 1.0499200000 0.0377280000
0.0103096000 1.0490700000 -0.0138227000
-0.1525390000 0.9857650000 -0.0205068000
-0.1685690000 0.9715440000 0.0202918000
-0.1724320000 0.9609270000 0.0445853000
-0.1637420000 0.9375600000 0.1374240000
-0.1348230000 0.9403110000 0.1776760000
0.0281210000 0.9701450000 0.3083450000
0.1117450000 1.2065600000 0.0534600000
0.1464380000 1.2100200000 -0.0119521000
0.1827690000 1.0859800000 0.0293234000
0.1755440000 1.0793400000 0.0511729000
0.1069650000 1.1908200000 0.0659384000
0.1523620000 1.0746900000 0.6059630000
0.1322090000 1.0793900000 0.4999900000
0.1255730000 1.0509700000 0.4798620000
0.1683700000 0.9663020000 0.6221140000
0.1085320000 0.9927690000 0.3206020000
0.0041787600 1.0423500000 -0.0219369000
-0.0072472900 1.0484300000 -0.0266917000
-0.0742113000 1.0189800000 -0.0697552000
-0.1193040000 1.0222500000 -0.0678144000
-0.1641620000 0.9437490000 0.1187870000
-0.1653900000 0.9392930000 0.1311280000
-0.1453690000 0.9387450000 0.1649610000
-0.1105680000 0.9418370000 0.2144090000
0.1571270000 1.1736100000 -0.0369266000
0.1690710000 1.1476000000 -0.0322718000
0.1670180000 1.0943200000 0.0281654000
0.1704380000 1.0790100000 0.0430783000
0.1659940000 1.0828100000 0.0606616000
0.1478050000 1.0911400000 0.0724231000
0.1441800000 0.9725770000 0.5735080000
0.1540000000 0.9709850000 0.5861730000
0.1082570000 1.0024800000 0.3034600000
0.1196600000 1.0094200000 0.2702340000
0.1483750000 1.0341400000 0.2092070000
0.1220180000 1.0638000000 0.0860487000
0.0518077000 1.0684100000 0.0075231200
-0.1395750000 1.0001000000 -0.0379433000
-0.1447680000 0.9894630000 -0.0293538000
-0.1666040000 0.9694800000 0.0188403000
-0.1662360000 0.9569290000 0.0555788000
-0.1660560000 0.9464690000 0.1054110000
-0.0866950000 0.9474330000 0.2344980000
0.1382600000 1.2032000000 -0.0276207000
0.1703430000 1.1352800000 -0.0153222000
0.1169940000 1.1453700000 0.0805937000
0.1112700000 1.1497800000 0.0766577000
0.1466820000 1.0907700000 0.5600340000
0.1206710000 1.0705200000 0.4812800000
0.1407670000 1.0343600000 0.4895240000
0.1307920000 1.0275300000 0.4954620000
0.1441230000 1.0217700000 0.5134990000
0.1348220000 1.0118900000 0.5352030000
0.1458630000 0.9749930000 0.5642560000
0.1573180000 0.9744400000 0.6234000000
0.0584666000 0.9762710000 0.3143420000
0.1021090000 1.0050200000 0.3132540000
0.1307540000 1.0327100000 0.2576550000
0.0353535000 1.0453500000 -0.0108381000
-0.1566770000 0.9377980000 0.1486980000
0.0995737000 1.1902200000 0.0689692000
0.1650390000 1.1625200000 -0.0395164000
0.1744240000 1.1194000000 0.0000520500
0.1797450000 1.1076200000 0.0118698000
0.1272710000 1.1239100000 0.0753446000
0.1019940000 1.1622900000 0.0785794000
0.1555570000 1.0846200000 0.5722430000
0.1552590000 0.9898850000 0.6275900000
0.0967019000 0.9998330000 0.3216360000
0.0983946000 1.0042700000 0.3200440000
0.1384570000 1.0380400000 0.2318800000
0.1318200000 1.0540200000 0.0920285000
-0.0432590000 1.0474800000 -0.0334083000
-0.0507893000 0.9526080000 0.2695010000
0.1078930000 1.2191200000 0.0071042600
0.1326420000 1.2046600000 0.0110188000
0.1284620000 1.2073600000 0.0003926770
0.1425790000 1.1827000000 -0.0396341000
0.1668860000 1.0844000000 0.0374563000
0.1611630000 1.0769900000 0.0529805000
0.1439640000 1.0922900000 0.0676279000
0.1142720000 1.1372200000 0.0646174000
0.0836547000 1.1951000000 0.0754096000
0.1586350000 1.0448200000 0.6243130000
0.1342770000 1.0747800000 0.4913980000
0.1385250000 0.9969450000 0.5468430000
0.1414090000 0.9815900000 0.5573930000
0.1376450000 0.9720910000 0.5786350000
0.1582420000 0.9645880000 0.6139210000
0.0871195000 0.9853850000 0.3174440000
0.1144600000 1.0048400000 0.2878820000
0.1128220000 1.0115400000 0.2809450000
0.0656943000 1.0582500000 0.0124312000
0.0949785000 1.2184800000 0.0366532000
0.0959879000 1.2239200000 0.0025938800
0.1505780000 1.1683000000 -0.0397989000
0.1551120000 1.0824800000 0.0645899000
0.1254790000 1.1185000000 0.0584587000
0.0912976000 1.1707300000 0.0770732000
0.1501940000 1.0706600000 0.6128870000
0.1194110000 1.0340600000 0.4856250000
0.1481730000 0.9668560000 0.6007840000
0.1546580000 1.0291500000 0.6294200000
-0.0179936000 1.0500900000 -0.0311809000
-0.0381046000 1.0327800000 -0.0418154000
-0.0848726000 1.0429400000 -0.0612353000
-0.1021100000 1.0217200000 -0.0712463000
-0.1720490000 0.9494840000 0.0844951000
-0.0298768000 0.9562090000 0.2868790000
0.0900303000 1.1990400000 0.0626155000
0.0959921000 1.2001300000 0.0577311000
0.1334810000 1.1045800000 0.0554806000
0.1038470000 1.1479400000 0.0663206000
0.1279880000 1.0220600000 0.5071920000
0.1308580000 1.0175300000 0.5253100000
0.1349150000 0.9772780000 0.5709240000
0.0484877000 0.9918460000 0.3145380000
0.1456390000 1.0483200000 0.1794910000
0.0844506000 1.0714500000 0.0427626000
-0.1488270000 0.9376300000 0.1640620000
-0.1261990000 0.9396330000 0.1940730000
-0.0158575000 0.9656500000 0.2980420000
0.0149366000 0.9758240000 0.3116100000
0.1497120000 1.1578100000 -0.0364020000
0.1571570000 1.1510700000 -0.0312871000
0.1640090000 1.1109900000 0.0058562700
0.1153520000 1.1229600000 0.0579356000
0.1106370000 1.1336500000 0.0619694000
0.1191720000 1.0426900000 0.4783770000
0.1309100000 1.0008500000 0.5525620000
-0.0302748000 1.0553000000 -0.0282700000
-0.1342230000 1.0005000000 -0.0512161000
-0.1760050000 0.9568570000 0.0582627000
-0.1026480000 0.9443250000 0.2226830000
-0.0841989000 0.9445860000 0.2489680000
-0.0024207300 0.9750970000 0.3092880000
0.1005570000 1.2241200000 0.0149577000
0.1408230000 1.0893600000 0.0521906000
0.1264900000 1.1083500000 0.0519931000
0.0989484000 1.1474400000 0.0652156000
0.1383300000 1.0714600000 0.6135030000
0.1364900000 1.0911200000 0.5423560000
0.1352630000 1.0878200000 0.5257620000
0.1253120000 1.0847400000 0.5151330000
0.1303590000 0.9854740000 0.5705180000
0.1137570000 1.0686100000 0.0783937000
0.1043410000 1.0756800000 0.0747170000
0.0836692000 1.0542800000 0.0256620000
0.0447483000 1.0640100000 0.0017432400
-0.0694260000 1.0283600000 -0.0629199000
-0.1714610000 0.9741990000 0.0175548000
-0.1792660000 0.9536720000 0.0678572000
-0.1637080000 0.9368780000 0.1422580000
0.0801842000 1.1873600000 0.0773125000
0.0830281000 1.2070700000 0.0484839000
0.1174860000 1.2107300000 0.0016953100
0.1494120000 1.1486200000 -0.0285962000
0.1578410000 1.0922000000 0.0288017000
0.1501300000 1.0782400000 0.0432862000
0.1496690000 1.0785100000 0.0530907000
0.1050700000 1.1278600000 0.0635436000
0.1245540000 1.0853400000 0.4999080000
0.1255040000 1.0104500000 0.5385490000
0.1320310000 0.9728400000 0.5850020000
0.1483100000 1.0059900000 0.6278400000
0.0933472000 1.0170800000 0.3045010000
0.1318130000 1.0661700000 0.1410650000
0.0212443000 1.0450900000 -0.0133610000
0.0043048200 1.0682500000 -0.0032345900
-0.1288620000 1.0169600000 -0.0588608000
-0.0376285000 0.9607170000 0.2907500000
0.0749032000 1.2042100000 0.0692192000
0.1400050000 1.1739000000 -0.0416506000
0.1582000000 1.1400800000 -0.0185462000
0.1558770000 1.1265500000 -0.0079678700
0.1325920000 1.0965500000 0.0483414000
0.0833762000 1.1662800000 0.0704385000
0.1196590000 1.0136900000 0.5212780000
0.0871230000 0.9962520000 0.3198240000
0.1382520000 1.0605900000 0.1770580000
-0.0489125000 1.0374100000 -0.0417153000
-0.1616730000 0.9894750000 -0.0057071900
-0.1607790000 0.9348310000 0.1504780000
-0.1427130000 0.9384640000 0.1738780000
-0.1279450000 0.9384130000 0.1991650000
-0.0638089000 0.9492210000 0.2672190000
0.0301874000 0.9829910000 0.3178290000
0.0921099000 1.2149800000 0.0418192000
0.1340270000 1.1930200000 -0.0372699000
0.1347780000 1.0402400000 0.6227650000
0.1378410000 1.0787900000 0.6086730000
0.1503930000 1.0810700000 0.5907520000
0.1179110000 1.0886400000 0.5158230000
0.1046250000 1.0600500000 0.4701310000
0.1186060000 1.0224700000 0.5027770000
0.1058420000 1.0186700000 0.2919830000
0.1478440000 1.0426700000 0.1947300000
0.0357155000 1.0683500000 0.0029365200
-0.1549930000 0.9343880000 0.1642050000
0.0719283000 1.1913400000 0.0722611000
0.0724546000 1.2178700000 0.0339554000
0.1200150000 1.2145200000 -0.0181026000
0.1480230000 1.1155200000 0.0010803100
0.0965108000 1.1293800000 0.0671063000
0.0702903000 1.1815600000 0.0721772000
0.1424310000 1.0325200000 0.6263380000
0.1218380000 1.1023500000 0.5480060000
0.1415160000 0.9725490000 0.6075680000
0.0462146000 0.9990040000 0.3157780000
0.0703269000 1.0030600000 0.3193510000
0.1241120000 1.0774900000 0.2101170000
0.1417290000 1.0536600000 0.1921760000
0.1243470000 1.0792600000 0.1631940000
0.1328520000 1.0592500000 0.1127450000
-0.1233660000 1.0270500000 -0.0602251000
-0.1355200000 1.0066200000 -0.0405437000
-0.1416070000 1.0073200000 -0.0288335000
-0.1515810000 0.9972730000 -0.0157556000
-0.1763680000 0.9629110000 0.0434560000
-0.1063590000 0.9404290000 0.2296380000
0.1514130000 1.1063400000 0.0119291000
0.0983580000 1.1103800000 0.0673619000
0.0631981000 1.1891800000 0.0738981000
0.1172760000 1.0814200000 0.4847510000
0.1072640000 1.0494500000 0.4707370000
0.1078290000 1.0381200000 0.4760400000
0.1367640000 0.9797600000 0.6134840000
0.0896340000 1.0172100000 0.3189850000
0.1115080000 1.0242700000 0.2755740000
-0.0922703000 1.0406400000 -0.0624756000
0.1040090000 1.2208000000 0.0296857000
0.1044370000 1.2177100000 -0.0138258000
0.1460230000 1.0894400000 0.0221112000
0.1179050000 1.1065700000 0.0516198000
0.0736978000 1.1660200000 0.0690685000
0.1126880000 1.0956600000 0.4953840000
0.1040530000 1.0326400000 0.4809150000
0.1192100000 1.0055900000 0.5474290000
0.0628600000 0.9973390000 0.3188290000
0.0769906000 1.0848700000 0.0483630000
0.0717139000 1.0773900000 0.0333270000
-0.1822550000 0.9645540000 0.0411158000
0.0274276000 0.9800970000 0.3171830000
0.0639080000 1.2088300000 0.0657655000
0.0695106000 1.2106900000 0.0457948000
0.0673662000 1.2267300000 0.0207067000
0.0954773000 1.2217900000 -0.0100216000
0.1349490000 1.1456800000 -0.0293137000
0.1422350000 1.1320700000 -0.0196626000
0.1411100000 1.1242300000 -0.0125620000
0.1445240000 1.1050400000 0.0099277600
0.1397580000 1.0835200000 0.0311549000
0.0834824000 1.1118400000 0.0737510000
0.0773052000 1.1230600000 0.0745778000
0.0546579000 1.1822500000 0.0765093000
0.1124510000 1.0899800000 0.5165860000
0.1115050000 1.0978900000 0.5039940000
0.1098520000 1.0226000000 0.5005670000
0.1128250000 1.0182900000 0.5099100000
0.1172410000 0.9973610000 0.5599490000
0.1275300000 0.9758340000 0.5967950000
0.0784686000 1.0071500000 0.3219230000
0.1219220000 1.0413400000 0.2655390000
0.0885775000 1.0899900000 0.0734088000
-0.0601629000 1.0597200000 -0.0341446000
-0.0614845000 1.0464800000 -0.0445690000
-0.1305310000 1.0142500000 -0.0478971000
-0.1646400000 0.9917020000 0.0026744500
-0.1660630000 0.9424080000 0.1238070000
0.0850707000 1.2264400000 0.0161744000
0.1102260000 1.1948700000 -0.0407599000
0.1342260000 1.0926100000 0.0432706000
0.0875108000 1.1014200000 0.0715916000
0.0604665000 1.1741300000 0.0746727000
0.1049650000 1.0772900000 0.4774080000
0.1070580000 1.0201400000 0.5089390000
0.0390240000 0.9971720000 0.3164650000
0.1237530000 1.0484200000 0.2579050000
0.1254970000 1.0532400000 0.2465790000
0.0219441000 1.0697300000 0.0025355800
-0.0427064000 1.0651600000 -0.0245948000
-0.0760116000 1.0488500000 -0.0545520000
-0.1056880000 1.0387000000 -0.0610316000
-0.1731700000 0.9460950000 0.0963931000
0.0056013800 0.9813100000 0.3133860000
0.1185660000 1.2106000000 -0.0291608000
0.1240390000 1.1824700000 -0.0427359000
0.1403140000 1.1594000000 -0.0375859000
0.1139820000 1.0867700000 0.0427009000
0.1174600000 1.0935200000 0.0468569000
0.1109270000 1.1068400000 0.0566160000
0.0641376000 1.1418300000 0.0751765000
0.1423440000 1.0598800000 0.6177860000
0.1296410000 1.0873200000 0.6008410000
0.0912323000 1.0687600000 0.4668720000
0.1330180000 0.9923170000 0.6196760000
0.1283040000 1.0071800000 0.6224770000
0.1258830000 1.0310200000 0.6212510000
0.1375720000 1.0546300000 0.2126290000
0.0114758000 1.0686900000 -0.0003040640
-0.0122719000 1.0731900000 -0.0128919000
-0.0815977000 1.0505800000 -0.0564855000
-0.1366030000 0.9371980000 0.1887730000
-0.0726407000 0.9471530000 0.2662170000
-0.0619552000 0.9496030000 0.2754750000
0.0563889000 1.2051300000 0.0696889000
0.0707834000 1.2084800000 0.0602067000
0.1007520000 1.0982200000 0.0630593000
0.0568022000 1.1308800000 0.0769825000
0.1270840000 1.0539000000 0.6182260000
0.1147010000 1.0978800000 0.5348870000
0.0920926000 1.0331300000 0.4761110000
0.0990931000 1.0304600000 0.2925220000
0.1240230000 1.0793600000 0.1422490000
-0.0014962400 1.0630500000 -0.0111048000
-0.1369130000 1.0245200000 -0.0173498000
-0.1751560000 0.9414700000 0.1087000000
-0.1177280000 0.9409050000 0.2113520000
-0.0918170000 0.9422240000 0.2469580000
0.0272976000 1.0020600000 0.3200080000
0.0926309000 1.0898300000 0.0591898000
0.0801449000 1.0963600000 0.0718439000
0.0816536000 1.2285800000 0.0056411000
0.1174620000 1.0647700000 0.6162170000
0.1040010000 1.1000600000 0.4926120000
0.0917503000 1.0855200000 0.4789130000
0.0957530000 1.0297300000 0.4841740000
0.1236220000 1.0798100000 0.1924290000
0.0994606000 1.0869600000 0.0901517000
0.0587498000 1.0798200000 0.0229534000
-0.1259740000 1.0288300000 -0.0511171000
-0.1492450000 1.0030300000 -0.0156731000
-0.1770440000 0.9747090000 0.0244973000
-0.1797110000 0.9471340000 0.0866623000
-0.0686645000 0.9495450000 0.2778640000
0.0458758000 1.2185600000 0.0568224000
0.0845655000 1.2247400000 -0.0166490000
0.1001620000 1.2184100000 -0.0240159000
0.1141550000 1.1804500000 -0.0418323000
0.1342280000 1.0953700000 0.0076961100
0.1293950000 1.0921100000 0.0322875000
0.1073520000 1.0888800000 0.0483597000
0.0975696000 1.0938800000 0.0624707000
0.0587159000 1.1129400000 0.0783534000
0.0527426000 1.1713700000 0.0770560000
0.1061850000 1.0953100000 0.5278710000
0.0922895000 1.1155100000 0.4972040000
0.1213590000 0.9886720000 0.5753930000
0.1220140000 0.9850470000 0.5853810000
0.0322726000 1.0116200000 0.3189590000
0.0753314000 1.0197700000 0.3257190000
0.0832668000 1.0180800000 0.3249390000
0.0856197000 1.0226300000 0.3105130000
0.0833767000 1.0295400000 0.3042260000
0.1104240000 1.0640600000 0.2689980000
0.0972715000 1.0987700000 0.1164920000
-0.1147290000 1.0426300000 -0.0534369000
-0.1320770000 0.9364910000 0.2015530000
-0.0872871000 0.9436110000 0.2589220000
-0.0503975000 0.9532850000 0.2828720000
-0.0283875000 0.9783000000 0.3060920000
0.0440844000 1.1690900000 0.0758226000
0.0976802000 1.2012400000 -0.0403313000
0.1025930000 1.1057600000 0.5107580000
0.0982447000 1.1119200000 0.5006180000
0.1117210000 1.0151600000 0.5231890000
0.1085280000 1.0113200000 0.5342490000
0.1093450000 1.0047600000 0.5471100000
0.1142540000 0.9919200000 0.5893630000
0.0428567000 1.0068200000 0.3170990000
0.1046300000 1.0503400000 0.2778370000
0.1150530000 1.0836200000 0.2323370000
0.1366370000 1.0630800000 0.1670150000
-0.0289251000 1.0771400000 -0.0161806000
-0.1462340000 1.0166200000 -0.0095132100
-0.1853220000 0.9523780000 0.0647057000
-0.0392921000 0.9629100000 0.2923650000
0.0213860000 0.9904490000 0.3187460000
0.0442890000 1.1442900000 0.0769119000
0.1340470000 1.1213200000 -0.0129325000
0.1450810000 1.0830700000 0.0291392000
0.0740848000 1.1032200000 0.0762494000
0.0928215000 1.1047600000 0.5339660000
0.0849273000 1.0381400000 0.4678660000
0.1234610000 0.9815730000 0.6053890000
0.1182790000 1.0254100000 0.6215860000
0.0783052000 1.0302400000 0.3207580000
0.1268030000 1.0632300000 0.2327860000
0.0881813000 1.1011400000 0.0983696000
-0.0679716000 1.0683800000 -0.0314071000
-0.0789271000 1.0631800000 -0.0462042000
-0.0861125000 1.0599700000 -0.0521980000
0.0591593000 1.2312100000 0.0083150400
0.1035560000 1.1838600000 -0.0447850000
0.1250610000 1.1544600000 -0.0328387000
0.1307810000 1.1302100000 -0.0190203000
0.1184800000 1.0835100000 0.6097890000
0.1208500000 1.1043800000 0.5722340000
0.1167050000 1.1074000000 0.5632050000
0.0986120000 1.1019400000 0.5234590000
0.1029350000 1.0925300000 0.4883990000
0.0813802000 1.0960800000 0.4856320000
0.1037770000 1.0212300000 0.5171670000
0.1159710000 0.9962860000 0.6151180000
0.0601913000 1.0195200000 0.3230300000
0.0730411000 1.0252600000 0.3256020000
0.0984043000 1.0470000000 0.2856480000
0.1052780000 1.0873700000 0.2468640000
0.0301628000 1.1009800000 0.0268021000
-0.1458580000 0.9361430000 0.1777890000
0.0404631000 1.1841300000 0.0733205000
0.0478145000 1.2212000000 0.0322799000
0.1195020000 1.1286900000 -0.0150600000
0.0769396000 1.0944500000 0.0630760000
0.0703345000 1.0948700000 0.0681876000
0.0662850000 1.0954800000 0.0734319000
0.1130060000 1.1024400000 0.5857660000
0.0946124000 1.0222400000 0.5372430000
0.0907532000 1.0396900000 0.2959450000
0.1064290000 1.1015900000 0.1732220000
0.1211190000 1.0804800000 0.1263970000
-0.1171890000 1.0498300000 -0.0433657000
-0.1324200000 1.0253900000 -0.0248472000
-0.1799410000 0.9708150000 0.0353552000
-0.1803790000 0.9421470000 0.0996899000
-0.1523560000 0.9341720000 0.1781600000
0.0288497000 1.2229100000 0.0524891000
0.0832324000 1.2274500000 -0.0033216900
0.0835910000 1.2213800000 -0.0253810000
0.0912703000 1.2155100000 -0.0311251000
0.1142080000 1.1677600000 -0.0374547000
0.1125450000 1.0849800000 0.0368016000
0.1005550000 1.0832800000 0.0465531000
0.0425556000 1.0966400000 0.0784073000
0.0375050000 1.1051700000 0.0794523000
0.1085820000 1.0974000000 0.5993600000
0.0827254000 1.0585000000 0.4594530000
0.0650521000 1.0411900000 0.3258190000
0.0833347000 1.0493600000 0.2960220000
0.1104140000 1.0671900000 0.2656260000
0.0053180500 1.1024500000 0.0270252000
-0.0044319500 1.0828200000 0.0045349500
-0.1778830000 0.9747710000 0.0367894000
-0.1069220000 0.9392060000 0.2380230000
0.0292754000 1.1490400000 0.0754833000
0.0361516000 1.2143700000 0.0607145000
0.0569549000 1.2193800000 0.0323575000
0.1242560000 1.0932100000 0.0131319000
0.1132780000 1.0943800000 0.0143577000
0.1047730000 1.0842000000 0.0317989000
0.0539256000 1.0918600000 0.0706635000
0.0637059000 1.0300300000 0.3290750000
-0.0964839000 1.0527200000 -0.0558771000
-0.1304340000 1.0253600000 -0.0304691000
-0.1620460000 0.9340090000 0.1532360000
-0.1648710000 0.9323510000 0.1556490000
-0.0221749000 0.9704650000 0.3006870000
0.0473292000 1.2255600000 0.0206669000
0.1235430000 1.0952500000 0.0053043200
0.0899019000 1.0288300000 0.4990510000
0.1062910000 0.9988290000 0.5942620000
0.1123330000 1.0125600000 0.6209920000
0.1080960000 1.0511100000 0.6178720000
0.0862068000 1.1193400000 0.5187910000
0.0846800000 1.1000000000 0.4872900000
0.0841521000 1.0741900000 0.4678140000
0.1074530000 1.0923400000 0.2328040000
-0.0492534000 1.0756200000 -0.0197294000
-0.1202250000 1.0424500000 -0.0469309000
-0.1658920000 0.9950580000 0.0133625000
-0.1873470000 0.9506100000 0.0686622000
0.0043261300 0.9884460000 0.3170500000
0.0246264000 1.1831300000 0.0684814000
0.0388828000 1.2246500000 0.0451841000
0.0956044000 1.1719400000 -0.0398680000
0.1068040000 1.1556500000 -0.0300719000
0.0897505000 1.0297700000 0.5191450000
0.1069030000 0.9960380000 0.5660050000
0.1077490000 1.1115800000 0.5544000000
0.0886537000 1.1106800000 0.4911330000
0.0766022000 1.0319400000 0.3077060000
0.1044810000 1.0655200000 0.2748760000
0.1094520000 1.0976800000 0.2002480000
0.1066730000 1.0925400000 0.1234630000
-0.0380774000 1.0926800000 -0.0069848400
-0.0944722000 1.0620900000 -0.0507888000
-0.1860260000 0.9575090000 0.0609723000
-0.1806380000 0.9379680000 0.1120680000
0.0025511700 1.0009300000 0.3220040000
0.0160910000 1.0039900000 0.3224780000
0.0584252000 1.0932200000 0.0659269000
0.0849814000 1.0329900000 0.4809730000
0.0943463000 1.0256400000 0.5299650000
0.1058710000 0.9945730000 0.5747390000
0.0980870000 1.0025700000 0.5862660000
0.1010710000 1.0599300000 0.6180570000
0.1152910000 1.0775300000 0.6130720000
0.0903913000 1.1189500000 0.5696300000
0.0550636000 1.0333100000 0.3283830000
0.0934698000 1.0624200000 0.2842910000
-0.0802371000 1.0749400000 -0.0389913000
-0.1761280000 0.9372410000 0.1212430000
-0.1303770000 0.9351070000 0.2090640000
-0.1057560000 0.9398550000 0.2440350000
-0.0176989000 0.9892270000 0.3128470000
-0.0077174000 0.9958960000 0.3193680000
0.0780932000 1.2097800000 -0.0389974000
0.0952823000 1.0834900000 0.0330027000
0.0937170000 1.0813300000 0.0425216000
0.0666095000 1.0972600000 0.0564969000
0.0403031000 1.0884800000 0.0612532000
0.0266976000 1.0215700000 0.3210260000
0.0285747000 1.0283700000 0.3213180000
-0.0280438000 1.0981500000 0.0002230310
-0.0191314000 1.0723000000 -0.0177195000
-0.1024660000 1.0651000000 -0.0413304000
-0.1871190000 0.9408700000 0.0909208000
0.0272707000 1.1642100000 0.0731056000
0.0205328000 1.2092900000 0.0622161000
0.0839100000 1.1969200000 -0.0440737000
0.1121660000 1.0969800000 0.0040923800
0.1003540000 1.0906400000 0.0180487000
0.0402392000 1.0912400000 0.0722592000
0.0799410000 1.0361000000 0.4832650000
0.0871722000 1.0140000000 0.5571370000
0.0806797000 1.1143100000 0.5492260000
0.0736204000 1.0765600000 0.4670660000
0.0953010000 1.1063000000 0.5409160000
0.0693204000 1.1265600000 0.4933100000
0.0844130000 1.0432400000 0.4639330000
0.0953703000 1.1099700000 0.1569220000
0.0492833000 1.1204900000 0.0597004000
0.0465064000 1.1093400000 0.0426572000
0.0344608000 1.1050800000 0.0312316000
-0.1693410000 0.9362290000 0.1384250000
-0.1342170000 0.9341910000 0.2109510000
-0.0663255000 0.9563190000 0.2835030000
0.0335147000 1.1261800000 0.0774448000
0.0181810000 1.2174100000 0.0589787000
0.0672182000 1.2256900000 -0.0212055000
0.1042880000 1.1436600000 -0.0248446000
0.1240770000 1.1064400000 -0.0029168500
0.0491294000 1.0967200000 0.0520639000
0.0209366000 1.0938800000 0.0770641000
0.0485048000 1.0203000000 0.3208620000
0.0470794000 1.0288800000 0.3250050000
0.0505297000 1.0381800000 0.3324550000
0.0868163000 1.0762100000 0.2843790000
0.1078410000 1.0756900000 0.2584320000
0.0100036000 1.1211300000 0.0442372000
-0.0029225200 1.1117900000 0.0350946000
-0.0204089000 1.0998000000 0.0077620000
-0.1276510000 1.0396000000 -0.0181146000
-0.1557100000 1.0062800000 0.0023800800
-0.1887900000 0.9456670000 0.0849887000
-0.1725640000 0.9292900000 0.1511300000
-0.1389630000 0.9348270000 0.1954680000
-0.0385867000 0.9766960000 0.3042360000
0.0229904000 1.1088900000 0.0781727000
0.0293814000 1.1955000000 0.0660472000
0.0243652000 1.2312100000 0.0238861000
0.0453787000 1.2333000000 -0.0056366300
0.1097970000 1.1251800000 -0.0152644000
0.1141980000 1.1018200000 -0.0038835300
0.1031110000 1.0991200000 -0.0019765900
0.0826084000 1.0894000000 0.0552613000
0.0663374000 1.0957100000 0.0466078000
0.0612931000 1.0971100000 0.0582357000
0.1086890000 0.9992630000 0.6105490000
0.0838248000 1.1140300000 0.5868410000
0.0865877000 1.1225300000 0.5047220000
0.0705589000 1.1083000000 0.4882930000
0.0618393000 1.0460100000 0.3236300000
0.0673153000 1.1098600000 0.0699609000
-0.1237340000 1.0447200000 -0.0344530000
-0.1644730000 0.9990380000 0.0145797000
-0.0909229000 0.9415940000 0.2657080000
0.0155121000 1.2223100000 0.0528558000
0.0301793000 1.0916300000 0.0744984000
0.0772665000 1.0370400000 0.4699580000
0.0789542000 1.0376300000 0.5085200000
0.0980944000 1.0015900000 0.5606480000
0.0919544000 1.0029400000 0.5712230000
0.0597105000 1.1367600000 0.4959590000
0.0775327000 1.0659600000 0.2933780000
0.0961308000 1.1130400000 0.2029240000
-0.1271840000 1.0344000000 -0.0307660000
-0.1875440000 0.9553680000 0.0668898000
-0.1879520000 0.9383500000 0.1010970000
-0.1623890000 0.9313330000 0.1645370000
0.0096393900 1.1875900000 0.0608335000
0.0347023000 1.2284400000 0.0125135000
0.0549683000 1.2323200000 -0.0085695800
0.0749825000 1.0386800000 0.4860220000
0.0943553000 1.0148600000 0.6085610000
0.1029760000 1.0957700000 0.6039520000
0.0860181000 1.1193800000 0.5630420000
0.0693523000 1.1192200000 0.4898840000
0.0776554000 1.1117500000 0.0998327000
-0.0653633000 1.0827600000 -0.0166963000
-0.0926238000 1.0737000000 -0.0416432000
-0.0265023000 0.9821280000 0.3091790000
0.0144958000 1.0179200000 0.3245940000
0.0228322000 1.0409500000 0.3240130000
0.0881712000 1.1834300000 -0.0436630000
0.0970793000 1.1170100000 -0.0186279000
0.0682615000 1.0438100000 0.5070170000
0.1024260000 1.0190800000 0.6198330000
0.0712450000 1.1260400000 0.5371800000
0.0643640000 1.0438700000 0.3175880000
0.0838018000 1.0950300000 0.2764080000
0.1193170000 1.0847600000 0.2076950000
0.0831457000 1.1184200000 0.1525380000
-0.0160321000 1.1122200000 0.0272889000
-0.1760770000 0.9796780000 0.0377891000
-0.1861090000 0.9352210000 0.1101110000
-0.0004106090 1.0040400000 0.3223740000
0.0047890700 1.1647700000 0.0681047000
0.0541942000 1.2248700000 -0.0279630000
0.0889514000 1.1575800000 -0.0339964000
0.0680940000 1.1641400000 -0.0426423000
0.0269095000 1.0907300000 0.0671882000
0.0793512000 1.0338100000 0.5342270000
0.0902964000 1.0144200000 0.6007200000
0.0899575000 1.0747000000 0.6142770000
0.0746370000 1.1096300000 0.5987640000
0.0723727000 1.1239400000 0.5744360000
0.0756523000 1.1295700000 0.5101350000
0.0661828000 1.0525300000 0.3013930000
0.0936795000 1.1137600000 0.1712460000
-0.0972887000 1.0767300000 -0.0398287000
-0.1328530000 1.0370600000 -0.0064197100
-0.1316620000 0.9343370000 0.2185210000
-0.0887184000 0.9437390000 0.2715220000
0.0095233700 1.1610100000 0.0704681000
0.0047036500 1.2083800000 0.0596807000
0.0484476000 1.2227000000 -0.0335238000
0.0754718000 1.1714700000 -0.0429297000
0.0949752000 1.1422600000 -0.0275481000
0.0861254000 1.0875200000 0.0277790000
0.0741973000 1.0875100000 0.0345681000
0.0413819000 1.1023700000 0.0328117000
0.0115106000 1.1024700000 0.0765743000
0.0621541000 1.0399000000 0.4623410000
0.0939488000 1.0214800000 0.6162640000
0.0754431000 1.1037900000 0.6042410000
0.0766268000 1.1221100000 0.5684880000
0.0727443000 1.1280500000 0.5284770000
-0.0041105200 1.0128100000 0.3210100000
0.0834399000 1.1202200000 0.2282040000
0.0620003000 1.1280900000 0.1071080000
-0.0864885000 1.0802900000 -0.0378415000
-0.1591900000 1.0083000000 0.0153048000
-0.1762770000 0.9821890000 0.0393978000
-0.1796600000 0.9334470000 0.1284020000
-0.0630874000 0.9626320000 0.2887260000
0.0059428700 1.2197000000 0.0575673000
0.0532204000 1.2156400000 -0.0394289000
0.0876144000 1.1014600000 0.0070816800
0.0066484300 1.0834300000 0.0692061000
0.0804525000 1.0150400000 0.5653100000
0.0858939000 1.0065700000 0.5816880000
0.0980568000 1.0331500000 0.6208070000
0.0513660000 1.0555500000 0.3141540000
0.0338555000 1.1190500000 0.0444228000
-0.0368969000 1.1052200000 0.0035005200
-0.0791396000 1.0926700000 -0.0239752000
-0.1205210000 1.0576900000 -0.0272403000
-0.1226560000 1.0562300000 -0.0211567000
-0.1462740000 0.9310520000 0.2017850000
0.0823902000 1.1366000000 -0.0320818000
0.0535950000 1.0991800000 0.0378818000
0.0758766000 1.0389600000 0.5218420000
0.0644054000 1.0960200000 0.4852380000
0.0395775000 1.0451800000 0.3327450000
-0.0570859000 1.0900600000 -0.0068925800
-0.1034870000 1.0822900000 -0.0282120000
-0.1158810000 1.0662200000 -0.0258840000
-0.1153980000 0.9355750000 0.2449790000
-0.0180368000 0.9990320000 0.3208050000
0.0044731800 1.1358500000 0.0727334000
0.0841394000 1.0228700000 0.5476270000
0.0792036000 1.0137600000 0.5933970000
0.0999391000 1.0886300000 0.6097650000
0.0529153000 1.1012000000 0.4882030000
-0.0001018150 1.2251900000 0.0512001000
0.0561912000 1.2081800000 -0.0436458000
0.0845830000 1.1221500000 -0.0233150000
0.0794551000 1.1106300000 -0.0056647200
0.0160551000 1.0869900000 0.0702574000
0.0503051000 1.0485600000 0.3316490000
0.0826555000 1.1109700000 0.2519200000
0.0454894000 1.1315700000 0.0737444000
0.0287596000 1.1512500000 0.0881807000
-0.0092806800 1.1093500000 0.0296206000
-0.0082602500 1.1821100000 0.0525458000
0.0614062000 1.1973300000 -0.0468100000
0.0860557000 1.1132800000 -0.0107705000
0.0679818000 1.0938200000 0.0113081000
0.0403802000 1.1011300000 0.0378060000
-0.0064990000 1.0815100000 0.0682712000
-0.1478710000 1.0231500000 0.0062498000
-0.1535330000 1.0176100000 0.0117537000
-0.1911850000 0.9517070000 0.0749094000
-0.1577240000 0.9323810000 0.1805370000
-0.0835827000 0.9491230000 0.2776610000
-0.0129313000 1.0144800000 0.3234600000
0.0088849100 1.0312400000 0.3257220000
0.0324865000 1.0462800000 0.3329810000
0.0598117000 1.0439300000 0.4566460000
0.0863896000 1.0294800000 0.6163110000
0.0813528000 1.0722600000 0.6170310000
0.0550020000 1.1326600000 0.4910530000
0.0818876000 1.0925300000 0.2818930000
0.0930941000 1.1095100000 0.2317030000
0.0825915000 1.1162200000 0.1388310000
0.0741375000 1.1221600000 0.1324600000
-0.1809140000 0.9778580000 0.0481449000
0.0214069000 1.0462400000 0.3266670000
-0.0023825400 1.2164100000 0.0582056000
0.0688535000 1.1824400000 -0.0466404000
0.0702121000 1.0890600000 0.0259906000
0.0559413000 1.0965000000 0.0183039000
0.0571563000 1.1411700000 0.5012390000
0.0518608000 1.0876100000 0.4685330000
0.0815430000 1.1256800000 0.2004550000
0.0635847000 1.1367600000 0.1741730000
0.0587666000 1.1375300000 0.1408830000
-0.0123938000 1.1395500000 0.0700090000
-0.0045884800 1.2016100000 0.0590881000
0.0084166600 1.2284900000 0.0388120000
0.0280543000 1.2282600000 0.0402972000
0.0165181000 1.2340300000 -0.0058669200
0.0275349000 1.2325000000 -0.0042688300
0.0404288000 1.1029400000 0.0267447000
0.0315979000 1.0967900000 0.0397030000
0.0003161540 1.0906300000 0.0730924000
-0.1256710000 1.0534000000 -0.0055447300
-0.1649310000 0.9297190000 0.1666450000
-0.0963735000 0.9405220000 0.2649030000
-0.0330146000 0.9958700000 0.3178840000
0.0591544000 1.0473100000 0.4538130000
0.0616313000 1.0387100000 0.4740420000
0.0523935000 1.0470800000 0.4942860000
0.0576814000 1.0405100000 0.5441210000
0.0749008000 1.0154300000 0.5791680000
0.0670246000 1.1211500000 0.5588750000
0.0712804000 1.1206400000 0.5462190000
0.0566734000 1.1385400000 0.5267980000
0.0567439000 1.0973000000 0.4844120000
0.0799517000 1.0879900000 0.6108170000
0.0507031000 1.1061200000 0.4897970000
0.0779656000 1.1268400000 0.1775130000
0.0511467000 1.1424100000 0.1267720000
0.0087322600 1.1543000000 0.0730750000
-0.0959505000 1.0856400000 -0.0324413000
0.0564522000 1.1813400000 -0.0494575000
0.0770459000 1.0988800000 0.0070786500
0.0185229000 1.0869000000 0.0494682000
-0.0192625000 1.1039400000 0.0690329000
-0.1706230000 0.9942790000 0.0257652000
-0.0212637000 1.0048000000 0.3222300000
0.0825633000 1.0514900000 0.6186960000
0.0638675000 1.0956200000 0.2928600000
-0.0088273900 1.1375300000 0.0596020000
-0.0117397000 1.2194700000 0.0559900000
-0.0005980340 1.2349200000 0.0221170000
0.0129984000 1.2357100000 0.0159485000
0.0140286000 1.2354600000 0.0018941300
0.0323305000 1.2306500000 -0.0248779000
0.0711679000 1.1198100000 -0.0179697000
0.0109432000 1.0900200000 0.0549997000
0.0029200500 1.0850200000 0.0594378000
-0.1391290000 1.0367900000 0.0090681400
-0.1724600000 0.9262210000 0.1653400000
-0.0962172000 0.9464310000 0.2754340000
-0.0457921000 0.9822860000 0.3114880000
0.0483758000 1.0405500000 0.4765790000
0.0734472000 1.0221700000 0.6004700000
0.0726456000 1.0460700000 0.6161970000
0.0724666000 1.0802400000 0.6144450000
0.0515276000 1.0687800000 0.3023270000
-0.0279637000 1.1269500000 0.0658303000
0.0138089000 1.1047400000 0.0172931000
-0.0177422000 1.0739600000 0.0550396000
-0.1293690000 1.0425200000 -0.0074651900
-0.1322460000 1.0531600000 0.0169222000
-0.1781400000 0.9856360000 0.0386185000
-0.1918430000 0.9479390000 0.0795175000
-0.0689799000 0.9628140000 0.2917260000
-0.0510375000 0.9745390000 0.3044130000
-0.0077978700 1.0323200000 0.3249390000
0.0542229000 1.0546300000 0.4491740000
0.0618410000 1.0458900000 0.4999960000
0.0709606000 1.0351100000 0.6106190000
0.0621370000 1.1022400000 0.6063840000
0.0599668000 1.1348300000 0.5406030000
0.0555625000 1.1415300000 0.5087660000
0.0350100000 1.0698200000 0.3313610000
0.0250836000 1.1520600000 0.0822650000
-0.0140416000 1.1285200000 0.0485330000
-0.0630846000 1.1020500000 0.0018562200
-0.0124579000 1.1565800000 0.0633902000
-0.1625820000 1.0088800000 0.0273438000
-0.1930170000 0.9413640000 0.0930923000
-0.1180510000 0.9357960000 0.2501700000
-0.0537056000 0.9818760000 0.3146500000
0.0588750000 1.0466400000 0.5231890000
0.0723749000 1.1218200000 0.5820090000
0.0412719000 1.1483300000 0.4953020000
0.0404214000 1.1438700000 0.4910380000
-0.0190603000 1.2253700000 0.0534978000
0.0246981000 1.2007800000 -0.0511334000
0.0571304000 1.1028900000 -0.0056827100
-0.0287213000 1.0769900000 0.0626187000
0.0514059000 1.0563500000 0.3096780000
0.0481825000 1.0628500000 0.3056360000
0.0486623000 1.1478100000 0.2403980000
-0.0512516000 1.1126500000 0.0099073200
-0.0164191000 1.1659000000 0.0569049000
-0.0162947000 1.2114200000 0.0569534000
0.0453804000 1.1944300000 -0.0497846000
0.0440921000 1.1863000000 -0.0504661000
0.0636019000 1.1501600000 -0.0411726000
-0.0316587000 1.0887600000 0.0633694000
-0.1154680000 1.0754700000 -0.0160113000
-0.1540840000 1.0228400000 0.0175521000
-0.1850040000 0.9805710000 0.0427939000
-0.1875930000 0.9630090000 0.0652014000
-0.1900670000 0.9382130000 0.1034360000
-0.0919494000 0.9508160000 0.2825970000
0.0543333000 1.0348500000 0.5561120000
0.0617206000 1.0212900000 0.5754090000
0.0671989000 1.0203500000 0.5883060000
0.0423893000 1.1344500000 0.5792050000
0.0579753000 1.1265300000 0.5630830000
0.0418541000 1.1315600000 0.4903440000
0.0479104000 1.0929700000 0.4789410000
0.0241967000 1.0958800000 0.3076040000
0.0731952000 1.0954000000 0.2877570000
0.0754479000 1.1093300000 0.2682860000
0.0312342000 1.1553600000 0.1142810000
-0.0341727000 1.1238200000 0.0213983000
-0.0324118000 1.1135100000 0.0124011000
-0.0261979000 1.1409100000 0.0588806000
0.0631774000 1.1168500000 -0.0165933000
0.0172511000 1.0975500000 0.0301475000
0.0028254700 1.0869500000 0.0432752000
-0.1775380000 0.9899390000 0.0366903000
-0.1901650000 0.9643450000 0.0652958000
-0.1932600000 0.9527300000 0.0787534000
-0.0855041000 0.9559020000 0.2938460000
0.0446358000 1.0392000000 0.4668470000
0.0467635000 1.0510700000 0.5062970000
0.0638543000 1.0834800000 0.6130640000
0.0630511000 1.1269200000 0.5794230000
0.0495191000 1.1327300000 0.5645270000
-0.0206622000 1.2085500000 0.0540270000
-0.0144749000 1.2298100000 0.0488567000
0.0181550000 1.2326200000 -0.0250654000
0.0573794000 1.1394200000 -0.0363546000
-0.0166685000 1.0725600000 0.0588226000
-0.1403320000 1.0418400000 0.0198506000
-0.0262851000 1.0092700000 0.3289330000
0.0640162000 1.0803600000 0.2961140000
0.0358178000 1.1588300000 0.2379720000
0.0661628000 1.1381500000 0.1997940000
0.0526608000 1.1450300000 0.1690880000
-0.0874551000 1.1030400000 -0.0208886000
0.0530732000 1.0464900000 0.5343480000
0.0313395000 1.0633400000 0.3375580000
0.0044322700 1.1502100000 0.0695135000
-0.0980203000 1.1069400000 -0.0169779000
-0.0227024000 1.1779700000 0.0465883000
0.0388397000 1.1004300000 0.0103045000
0.0026596800 1.0881800000 0.0280451000
0.0053007200 1.0890400000 0.0561013000
-0.0385065000 1.0770100000 0.0599298000
-0.0437849000 0.9958650000 0.3188470000
-0.0036076500 1.0450300000 0.3284030000
0.0037108600 1.0561300000 0.3295700000
0.0622214000 1.0232900000 0.5670700000
0.0365040000 1.1418900000 0.5686640000
0.0548724000 1.1367200000 0.5494930000
0.0413588000 1.1009500000 0.4917670000
0.0380021000 1.0677500000 0.3255460000
0.0521824000 1.1345800000 0.2654300000
-0.0708117000 1.1052700000 -0.0011536000
-0.0263150000 1.1566800000 0.0504152000
-0.0099632500 1.2333700000 0.0326593000
-0.0126206000 1.2374700000 0.0133990000
0.0494562000 1.1202900000 -0.0250168000
0.0156635000 1.0862700000 0.0412861000
-0.0184073000 1.0838400000 0.0505867000
-0.1587560000 1.0206300000 0.0263710000
-0.1625430000 1.0128500000 0.0266632000
-0.1703350000 1.0014700000 0.0328428000
-0.1958580000 0.9428750000 0.0902985000
-0.1290950000 0.9328030000 0.2320420000
-0.1278530000 0.9329210000 0.2447370000
-0.1151390000 0.9390860000 0.2631680000
-0.0358488000 1.0061700000 0.3287870000
-0.0260977000 1.0200000000 0.3351370000
0.0393170000 1.0408800000 0.4561280000
0.0603938000 1.0305000000 0.5951880000
0.0555831000 1.0890400000 0.6114510000
0.0341212000 1.1294200000 0.4872900000
0.0335840000 1.1054700000 0.4913280000
0.0276047000 1.0814200000 0.3090700000
0.0203892000 1.1530800000 0.0771233000
-0.0284104000 1.1210400000 0.0236076000
-0.0479297000 1.1345200000 0.0257894000
0.0214355000 1.1024500000 0.0267777000
-0.0263397000 1.0866800000 0.0414472000
-0.1239340000 1.0683900000 0.0113745000
-0.1255750000 1.0732400000 0.0201286000
-0.1534590000 1.0298400000 0.0265117000
-0.1915100000 0.9314670000 0.1260720000
-0.1812180000 0.9240050000 0.1588600000
-0.0637388000 0.9743220000 0.3117800000
0.0432633000 1.0507200000 0.5240360000
0.0385212000 1.1486300000 0.5352770000
0.0325851000 1.1494000000 0.4905580000
0.0316901000 1.0771600000 0.4522040000
-0.0622536000 1.1207200000 0.0168524000
-0.0698661000 1.1167800000 0.0117796000
-0.0286588000 1.1665500000 0.0453938000
-0.0338380000 1.2097200000 0.0520201000
-0.1416440000 1.0445800000 0.0221869000
-0.1968160000 0.9372090000 0.1005320000
-0.1657360000 0.9282350000 0.1830170000
0.0613059000 1.1177300000 0.5941640000
0.0265443000 1.1346800000 0.4798560000
0.0307708000 1.0818400000 0.4627090000
0.0266384000 1.0774600000 0.3141790000
0.0638183000 1.1245000000 0.2622520000
0.0506097000 1.1489500000 0.2000620000
-0.0419151000 1.1276700000 0.0421378000
0.0460304000 1.1672000000 -0.0474442000
0.0535798000 1.1099900000 -0.0148266000
0.0310953000 1.1052600000 -0.0105920000
0.0412205000 1.1008700000 -0.0008723280
0.0378202000 1.0534400000 0.4977480000
0.0580278000 1.0572700000 0.6128570000
0.0329493000 1.1531800000 0.5131530000
0.0144682000 1.1246400000 0.4700050000
0.0355958000 1.0661600000 0.3347800000
0.0504516000 1.0971600000 0.2985590000
0.0414531000 1.1250200000 0.2945190000
0.0537357000 1.1199800000 0.2859870000
0.0354959000 1.1579700000 0.1758010000
0.0132281000 1.1690900000 0.1075990000
-0.0233117000 1.2333100000 0.0460453000
-0.0224122000 1.2371100000 0.0267434000
0.0175648000 1.2279000000 -0.0339712000
0.0354602000 1.1841300000 -0.0521285000
-0.1189680000 1.0807600000 0.0029466800
-0.1378510000 1.0482800000 0.0216089000
-0.1785150000 0.9961840000 0.0372433000
-0.1856030000 0.9275010000 0.1377900000
-0.0584410000 0.9840660000 0.3209700000
-0.0184458000 1.0339700000 0.3298220000
-0.0187689000 1.0460800000 0.3318020000
-0.0109395000 1.0571900000 0.3334010000
0.0456386000 1.0331600000 0.5675050000
0.0378976000 1.1517100000 0.5032500000
0.0149969000 1.1343700000 0.4704230000
0.0345065000 1.0886000000 0.4848470000
0.0245774000 1.0795900000 0.4758940000
0.0089478300 1.0910400000 0.3227020000
-0.0363589000 1.1789400000 0.0401577000
-0.0269574000 1.2279100000 0.0517787000
0.0072150000 1.2335500000 -0.0202954000
-0.0005683990 1.2301000000 -0.0327915000
0.0216596000 1.1940300000 -0.0530089000
0.0394947000 1.1412400000 -0.0398552000
0.0437357000 1.1290400000 -0.0322279000
-0.0448245000 1.0794100000 0.0407746000
-0.0402650000 1.0630500000 0.0488071000
-0.1215550000 1.0838600000 0.0180586000
-0.1938800000 0.9651340000 0.0602630000
-0.1996710000 0.9489310000 0.0789238000
-0.1978880000 0.9457170000 0.0856742000
-0.0984376000 0.9521870000 0.2933160000
-0.0437767000 1.0017900000 0.3298090000
-0.0336341000 1.0186000000 0.3391560000
0.0387358000 1.1460200000 0.5550650000
0.0325323000 1.1613000000 0.1653870000
0.0237697000 1.1626300000 0.1198420000
-0.0345763000 1.2157400000 0.0530661000
-0.0389790000 1.2200300000 0.0542738000
0.0231259000 1.2056400000 -0.0492425000
-0.0019260700 1.0995900000 0.0165385000
-0.1307180000 1.0646200000 0.0214992000
-0.1697820000 1.0089700000 0.0290803000
-0.1904570000 0.9270790000 0.1449840000
-0.1415940000 0.9298870000 0.2350490000
-0.0551139000 0.9954890000 0.3313810000
0.0261792000 1.0480700000 0.4413990000
0.0361281000 1.0447000000 0.4798820000
0.0478209000 1.0294500000 0.5820210000
0.0532841000 1.0429500000 0.5990170000
0.0201786000 1.1549300000 0.5016000000
0.0370378000 1.1573200000 0.1408420000
-0.0283576000 1.1553500000 0.0728000000
-0.0415212000 1.1386600000 0.0398381000
-0.0401999000 1.1699700000 0.0394042000
0.0351958000 1.1569800000 -0.0467757000
0.0026529800 1.1035000000 0.0122791000
-0.0645573000 1.0629800000 0.0500060000
0.0238634000 1.0886500000 0.4833120000
-0.1783140000 0.9238760000 0.1773870000
-0.0652953000 0.9815870000 0.3218970000
-0.0272224000 1.0504600000 0.3384950000
0.0299893000 1.0445900000 0.4463900000
0.0367896000 1.0505700000 0.5367550000
0.0292144000 1.1514200000 0.5473520000
0.0346048000 1.1035200000 0.3038320000
0.0031524500 1.1688400000 0.0902848000
-0.0207277000 1.1490600000 0.0694602000
-0.0493338000 1.1552400000 0.0382893000
-0.0437407000 1.2322600000 0.0517949000
-0.0152348000 1.2398100000 -0.0028260500
0.0312748000 1.1223600000 -0.0284156000
-0.0198549000 1.0905300000 0.0080662600
-0.0210196000 1.0864200000 0.0350947000
-0.0456225000 1.0633900000 0.0539095000
-0.1421360000 1.0452900000 0.0198620000
-0.1608050000 1.0227400000 0.0257209000
-0.1845810000 0.9862330000 0.0425885000
-0.1581690000 0.9267710000 0.2018430000
-0.0462392000 1.0094300000 0.3364030000
0.0194936000 1.0591700000 0.5141640000
0.0435990000 1.1292100000 0.5893200000
0.0214578000 1.1085000000 0.4805940000
0.0153392000 1.0772500000 0.4760770000
-0.0465475000 1.2100800000 0.0564344000
0.0528558000 1.1251300000 0.2795690000
0.0421462000 1.1463100000 0.2605090000
0.0380383000 1.1566300000 0.1943980000
-0.0501268000 1.1256200000 0.0187500000
-0.1662730000 1.0183600000 0.0281352000
-0.1896850000 0.9770270000 0.0501458000
-0.1154010000 0.9412440000 0.2718940000
-0.0210695000 1.0599600000 0.3372510000
0.0203194000 1.0436900000 0.4478170000
0.0347887000 1.0381500000 0.5754150000
0.0393838000 1.0384500000 0.5884460000
0.0448089000 1.0556400000 0.6017140000
0.0457045000 1.1041300000 0.6060790000
0.0154633000 1.1493800000 0.4917760000
0.0091519100 1.0723900000 0.4652550000
0.0034718400 1.2391700000 -0.0003697060
0.0234516000 1.1582100000 -0.0468407000
-0.0136088000 1.0858100000 0.0188547000
-0.0405230000 1.0665700000 0.0457464000
-0.0501206000 1.0586000000 0.0492251000
0.0116740000 1.0848500000 0.3449090000
0.0314106000 1.1631300000 0.2250010000
-0.0735625000 1.1501400000 0.0403198000
-0.0497302000 1.1714000000 0.0406671000
-0.0053254000 1.2346800000 -0.0252752000
0.0090825100 1.1880100000 -0.0544176000
0.0090558300 1.1042800000 0.0050705400
-0.1263790000 1.0790500000 0.0252217000
-0.1395590000 1.0515200000 0.0204985000
-0.1815910000 0.9965940000 0.0418024000
-0.2027490000 0.9403690000 0.0890720000
-0.0654430000 0.9864320000 0.3259300000
-0.0369348000 1.0308800000 0.3463990000
-0.0303367000 1.0303600000 0.3429020000
0.0253554000 1.0542100000 0.4942330000
0.0432909000 1.0912300000 0.6090090000
0.0487162000 1.1154600000 0.5995500000
0.0243700000 1.1437700000 0.5825740000
0.0103016000 1.1389800000 0.4748000000
0.0156988000 1.0858000000 0.4789520000
0.0131691000 1.0745800000 0.4569020000
0.0061573500 1.1041100000 0.3139940000
0.0368159000 1.1534400000 0.2551100000
-0.0336701000 1.1514600000 0.0611237000
-0.0523577000 1.2052500000 0.0545171000
-0.0315858000 1.2374000000 0.0400356000
-0.0239179000 1.2397900000 -0.0131268000
-0.0391634000 1.0852200000 0.0280000000
-0.1959840000 0.9650140000 0.0638647000
-0.1692660000 0.9232460000 0.2102370000
-0.1003320000 0.9555120000 0.3021910000
0.0218031000 1.0423100000 0.4614290000
0.0313252000 1.0564400000 0.5076520000
0.0316710000 1.0407400000 0.5628600000
0.0318372000 1.0609600000 0.5984300000
0.0374159000 1.1360400000 0.5843090000
0.0052022700 1.1319100000 0.4644990000
0.0368154000 1.1589600000 0.2296170000
-0.0425005000 1.1465600000 0.0431275000
-0.0564169000 1.1576300000 0.0463262000
-0.0743669000 1.1352200000 0.0270803000
-0.0822287000 1.1250000000 0.0027122300
-0.0372376000 1.2408700000 0.0236676000
0.0208704000 1.2226700000 -0.0388918000
0.0117436000 1.1035700000 -0.0045424600
-0.0188296000 1.0840600000 0.0267124000
-0.1346350000 1.0634300000 0.0240451000
-0.1488470000 1.0428700000 0.0264434000
-0.1656620000 1.0258900000 0.0364053000
-0.1773550000 1.0026900000 0.0357924000
-0.2018490000 0.9357710000 0.0993230000
-0.1974610000 0.9305430000 0.1233510000
-0.1655000000 0.9250530000 0.1999140000
-0.1225820000 0.9391260000 0.2701340000
-0.0771384000 0.9634320000 0.3029120000
-0.0711717000 0.9892810000 0.3258720000
-0.0162255000 1.0716500000 0.3367150000
0.0345023000 1.0485500000 0.5451410000
0.0430671000 1.0814400000 0.6086030000
0.0269832000 1.1194800000 0.5992410000
0.0208575000 1.1553100000 0.5316950000
0.0162297000 1.1580800000 0.5142370000
0.0094310100 1.1029400000 0.4710600000
0.0058619700 1.0754000000 0.4659480000
-0.0926589000 1.1260700000 -0.0025289100
0.0001404950 1.2259200000 -0.0385497000
-0.0057115800 1.2073200000 -0.0514340000
0.0187016000 1.1803000000 -0.0523042000
0.0264574000 1.1372500000 -0.0370887000
-0.0680108000 1.0525200000 0.0383245000
-0.0842305000 1.0512900000 0.0418250000
-0.0304399000 1.0377200000 0.3450860000
0.0058108400 1.0473700000 0.4366870000
0.0052445600 1.0503100000 0.4825750000
0.0232657000 1.0440800000 0.5731570000
0.0276296000 1.1459000000 0.5733220000
0.0034091800 1.1611800000 0.5215590000
-0.0277111000 1.0679700000 0.3432740000
0.0243094000 1.1263400000 0.3051220000
-0.0094593000 1.1668300000 0.3055780000
-0.0201742000 1.1998900000 0.1345740000
-0.0104110000 1.1698900000 0.0906232000
-0.0867005000 1.1312700000 0.0040850900
-0.0082937900 1.1057500000 0.0021439300
-0.1789280000 1.0059300000 0.0474500000
-0.1893470000 0.9842800000 0.0575328000
-0.2026330000 0.9485420000 0.0792088000
0.0399340000 1.0713300000 0.6048800000
0.0193991000 1.0856700000 0.5989420000
0.0245140000 1.1025500000 0.6032920000
0.0018787200 1.1263000000 0.4592730000
0.0032545400 1.0893000000 0.4629390000
-0.0556892000 1.1690300000 0.0627579000
-0.0513132000 1.2399000000 0.0431435000
0.0224260000 1.1129600000 -0.0234607000
-0.0500620000 1.0842300000 0.0313202000
-0.0544922000 1.0706800000 0.0400826000
-0.1778180000 0.9216030000 0.2069820000
-0.1575450000 0.9259770000 0.2253960000
-0.1490210000 0.9286370000 0.2378630000
-0.0582902000 1.0037100000 0.3343580000
-0.0462998000 1.0331300000 0.3473860000
-0.0012142100 1.0452300000 0.4408320000
0.0301305000 1.0433600000 0.5826570000
-0.0018510500 1.1030300000 0.4598780000
-0.0623941000 1.1894600000 0.0527436000
0.0112701000 1.0906800000 0.3347570000
0.0017512000 1.1380900000 0.3126390000
0.0439160000 1.1191800000 0.2963140000
0.0280517000 1.1634300000 0.1940570000
0.0167756000 1.1720800000 0.1943320000
-0.0073632100 1.1873500000 0.1172200000
-0.0178901000 1.1883000000 0.1112370000
-0.1278180000 1.0807400000 0.0289763000
-0.2045330000 0.9533420000 0.0806821000
-0.1063170000 0.9502850000 0.2962040000
-0.0827921000 0.9769200000 0.3169850000
-0.0373971000 1.0491300000 0.3562320000
0.0164031000 1.0438000000 0.4694150000
0.0210357000 1.0581000000 0.5016150000
0.0366078000 1.0485600000 0.5952240000
0.0073931300 1.1500600000 0.4865910000
-0.0104194000 1.0790200000 0.4517730000
-0.0626565000 1.1726900000 0.0476446000
-0.0222412000 1.2331700000 -0.0339496000
0.0031526900 1.2138200000 -0.0470371000
-0.0163358000 1.1042400000 0.0027361300
0.0016912300 1.0911700000 0.3486490000
0.0171215000 1.1741200000 0.1715510000
-0.0163343000 1.1561900000 0.0782540000
-0.0655489000 1.1585500000 0.0454844000
-0.0688174000 1.1836200000 0.0505015000
-0.0570311000 1.2342000000 0.0492596000
-0.0284145000 1.2415300000 0.0039219000
0.0024189600 1.1154900000 -0.0283134000
0.0046499100 1.1081300000 -0.0186551000
-0.0483917000 1.0821300000 0.0373681000
-0.1421320000 1.0522400000 0.0255932000
-0.0499179000 1.0232000000 0.3416300000
0.0198724000 1.0487300000 0.5807050000
0.0252570000 1.0529300000 0.5896430000
0.0061624400 1.1611800000 0.5472230000
0.0007363110 1.1592100000 0.4945190000
-0.0001743660 1.0692100000 0.4608340000
0.0058163100 1.0937500000 0.3432570000
0.0060853200 1.1131000000 0.3124810000
0.0089239600 1.1571500000 0.2940880000
0.0085890100 1.1723400000 0.2653050000
-0.0343319000 1.1828800000 0.1065970000
-0.0715606000 1.1612400000 0.0440746000
-0.0133217000 1.1081500000 -0.0107120000
-0.0710247000 1.0789400000 0.0284958000
-0.0775010000 1.0533000000 0.0335202000
-0.0964843000 1.0407400000 0.0286770000
-0.1878970000 0.9924690000 0.0576188000
-0.2094140000 0.9398760000 0.0940967000
-0.1838870000 0.9231470000 0.1695870000
-0.0446858000 1.0464300000 0.3570570000
-0.0057912900 1.0491400000 0.4690550000
0.0036018200 1.0594100000 0.4963780000
0.0171264000 1.1339900000 0.5912720000
0.0075527300 1.1598900000 0.5045230000
0.0112450000 1.0912800000 0.3169950000
-0.0007640940 1.1858100000 0.1596320000
-0.0272007000 1.1907100000 0.1137910000
-0.0598690000 1.2202100000 0.0532113000
-0.0751216000 1.0485200000 0.0407540000
-0.1295170000 1.0768000000 0.0338483000
-0.1420260000 1.0539200000 0.0322064000
-0.0729943000 1.0096500000 0.3304740000
-0.0354093000 1.0582100000 0.3544030000
0.0025954800 1.0525800000 0.4337640000
0.0113492000 1.0523900000 0.5582920000
0.0122303000 1.1034300000 0.5981460000
0.0231950000 1.1380100000 0.5890590000
-0.0112004000 1.1540400000 0.4724920000
-0.0094440800 1.0927000000 0.4499580000
-0.0343530000 1.0696800000 0.3513460000
-0.0119847000 1.1053200000 0.3359870000
0.0010672100 1.1024300000 0.3174580000
0.0149970000 1.1625700000 0.2752490000
-0.0939688000 1.1544000000 0.0219933000
-0.0618334000 1.2370500000 0.0460377000
-0.0122521000 1.2379400000 -0.0189770000
0.0066156200 1.1276400000 -0.0358227000
-0.1524780000 1.0430400000 0.0328902000
-0.1782360000 1.0139400000 0.0495733000
-0.2016830000 0.9685400000 0.0736511000
-0.1004690000 0.9609070000 0.3060200000
-0.0946675000 0.9792990000 0.3126980000
-0.0496818000 1.0613400000 0.3612050000
0.0178176000 1.0564200000 0.5280110000
0.0213765000 1.0672200000 0.5952140000
-0.0138357000 1.1080900000 0.4504890000
-0.0128808000 1.1018000000 0.3572810000
-0.0081986500 1.1045500000 0.3437680000
0.0216604000 1.1662100000 0.2515600000
-0.0062810700 1.1860600000 0.2209510000
-0.0313617000 1.1683000000 0.0897673000
-0.1322990000 0.9369190000 0.2738550000
-0.0467325000 1.0726200000 0.3608200000
0.0114772000 1.0552100000 0.5469480000
-0.0061934200 1.1896400000 -0.0547827000
0.0023988700 1.1505000000 -0.0455318000
-0.0088376400 1.1265300000 -0.0384149000
-0.0147583000 1.1953900000 0.2019260000
-0.1694990000 1.0266000000 0.0430833000
-0.2084520000 0.9490100000 0.0862448000
-0.2032060000 0.9290580000 0.1247660000
-0.1768230000 0.9242900000 0.1877660000
-0.1144240000 0.9443820000 0.2833770000
-0.0474288000 1.0837400000 0.4223660000
0.0066242200 1.0714400000 0.5897420000
0.0032724400 1.1460800000 0.5804920000
0.0049471700 1.1541500000 0.5684290000
-0.0051334400 1.1619200000 0.5005030000
-0.0103012000 1.1225000000 0.4511490000
-0.0801185000 1.1859700000 0.0498458000
-0.0260024000 1.1030500000 -0.0021905900
-0.1049850000 1.0399300000 0.0344122000
-0.0304376000 1.0776200000 0.3447860000
-0.0087934400 1.1058500000 0.3243410000
0.0023411900 1.1818500000 0.1412880000
-0.0801420000 1.1418500000 0.0283681000
-0.1981130000 0.9216610000 0.1693670000
-0.0834349000 0.9993020000 0.3236790000
-0.0860750000 1.0093000000 0.3269410000
-0.0660132000 1.0279600000 0.3376550000
-0.0340279000 1.0916100000 0.4254370000
-0.0152932000 1.0482500000 0.4319500000
-0.0176148000 1.1414800000 0.4502110000
-0.0263010000 1.1308700000 0.4405640000
-0.0142140000 1.0996900000 0.4485770000
-0.0674212000 1.2116900000 0.0536867000
-0.0472564000 1.2454500000 0.0136209000
-0.0389317000 1.2435900000 -0.0098022400
-0.0301135000 1.2380200000 -0.0249921000
-0.0211863000 1.2300100000 -0.0386001000
-0.0220497000 1.2225400000 -0.0452861000
-0.0883615000 1.0737000000 0.0279649000
-0.0231335000 1.1387800000 0.3208700000
-0.0110102000 1.1601800000 0.3127500000
-0.0017004800 1.1573600000 0.3074550000
-0.0501529000 1.1800900000 0.0930241000
-0.0967827000 1.1446500000 0.0143636000
-0.1919100000 0.9934800000 0.0612706000
-0.1237720000 0.9439020000 0.2942400000
-0.0311155000 1.0879200000 0.4330400000
-0.0218395000 1.0878500000 0.4391960000
-0.0207606000 1.0551700000 0.4286550000
-0.0080378500 1.0458200000 0.4450570000
0.0157319000 1.1219200000 0.5959050000
-0.0137760000 1.1473700000 0.4598580000
-0.0722679000 1.2397800000 0.0484572000
-0.0336202000 1.1089100000 -0.0134481000
-0.0434184000 1.0821700000 0.0142588000
-0.1067010000 1.0458900000 0.0242904000
-0.0420820000 1.0729300000 0.3571380000
0.0066624500 1.1773600000 0.2238710000
-0.0801059000 1.1537700000 0.0432338000
-0.0844423000 1.1665100000 0.0445398000
-0.0066665200 1.1992300000 -0.0542378000
-0.0495889000 1.0833200000 0.0007498030
-0.0989370000 1.0646700000 0.0279744000
-0.2095290000 0.9321920000 0.1106210000
-0.1022050000 0.9756040000 0.3095420000
-0.0630855000 1.0361700000 0.3436970000
-0.0052422800 1.0584900000 0.5429120000
-0.0170528000 1.1590500000 0.4819650000
-0.0870716000 1.1430800000 0.0394185000
-0.0322611000 1.0853500000 0.3457730000
-0.0220543000 1.1142800000 0.3530650000
-0.0239550000 1.1309600000 0.3225740000
-0.0693942000 1.1784300000 0.0655944000
-0.0913556000 1.1754700000 0.0457865000
-0.0811043000 1.2200600000 0.0513281000
-0.0278750000 1.2135700000 -0.0481552000
0.0005863210 1.1659100000 -0.0499965000
-0.0442435000 1.0951700000 -0.0111944000
-0.2079310000 0.9256730000 0.1358500000
-0.2007780000 0.9256440000 0.1421530000
-0.0584755000 1.0523100000 0.3583990000
-0.0601939000 1.0613700000 0.3680510000
-0.0201463000 1.0509100000 0.4686010000
-0.0162493000 1.0530100000 0.4780570000
-0.0047924400 1.1636200000 0.5459420000
-0.0025030900 1.1622500000 0.5090820000
-0.0262574000 1.1398900000 0.4423620000
-0.0283525000 1.1061700000 0.4412870000
-0.0264682000 1.0974600000 0.4330930000
-0.0257940000 1.1165900000 0.3628790000
-0.0023382100 1.1831300000 0.2483450000
-0.0215622000 1.1933700000 0.2409220000
-0.0495449000 1.1967700000 0.1212290000
-0.0728121000 1.1896100000 0.0789266000
-0.0192553000 1.1895800000 -0.0528879000
-0.0165099000 1.1448100000 -0.0475147000
-0.0540506000 1.0821600000 0.0228922000
-0.1190950000 1.1259600000 0.0428514000
-0.1658240000 1.0273700000 0.0366189000
-0.1865550000 0.9219440000 0.1975880000
-0.1223030000 0.9497420000 0.2990240000
-0.0947281000 1.0091000000 0.3257880000
-0.0299985000 1.0546500000 0.4246200000
-0.0006178420 1.0654000000 0.5098800000
-0.0051301700 1.0616000000 0.5696390000
-0.0346258000 1.0999200000 0.4244410000
-0.0451979000 1.0974800000 0.3555590000
-0.0317122000 1.1127300000 0.3674040000
-0.0032992300 1.1888100000 0.1778260000
-0.0863849000 1.1773100000 0.0655798000
-0.0917111000 1.1598600000 0.0295896000
-0.0628787000 1.2466500000 0.0318899000
-0.0410980000 1.1067400000 -0.0147558000
-0.1311790000 1.0274600000 0.0270633000
-0.1650600000 1.0323800000 0.0395461000
-0.1470700000 0.9300130000 0.2513520000
-0.0553558000 1.0555900000 0.3609120000
-0.0218135000 1.1631400000 0.5010330000
-0.1007220000 1.1304800000 0.0293492000
-0.0413564000 1.0826900000 0.3520230000
-0.0513925000 1.1885300000 0.1074190000
-0.0659040000 1.1884800000 0.0850048000
-0.0797797000 1.1859500000 0.0726573000
-0.1011050000 1.1702100000 0.0342591000
-0.0780585000 1.2366300000 0.0510574000
-0.0446970000 1.2436400000 -0.0153610000
-0.0166539000 1.1665900000 -0.0514158000
-0.0172647000 1.1170600000 -0.0315329000
-0.0402584000 1.0895500000 -0.0043148800
-0.1598160000 1.0317400000 0.0332036000
-0.1974570000 0.9992320000 0.0617342000
-0.2096810000 0.9363780000 0.0995467000
-0.1127190000 0.9709240000 0.3076460000
-0.0059187200 1.0643500000 0.5024430000
0.0005911910 1.0573000000 0.5584430000
-0.0337159000 1.1321000000 0.4343050000
-0.0847550000 1.2449100000 0.0452536000
-0.0570464000 1.2423100000 -0.0237366000
-0.1502400000 1.0495600000 0.0356730000
-0.2002070000 0.9930990000 0.0655212000
-0.2104850000 0.9654610000 0.0767536000
-0.1902770000 0.9214120000 0.1783950000
-0.0292822000 1.0892800000 0.4390750000
-0.0029710100 1.0662700000 0.5801500000
-0.0316682000 1.1613500000 0.4713400000
-0.0344555000 1.1574300000 0.4552050000
-0.0456246000 1.1012700000 0.3638620000
-0.0313142000 1.1190300000 0.3669320000
0.0020938600 1.1654800000 0.2906400000
-0.0244523000 1.1821800000 0.2987420000
-0.0379748000 1.2111300000 0.1384640000
-0.0571467000 1.2166800000 0.1432230000
-0.0965401000 1.1742300000 0.0403520000
-0.0619779000 1.2485000000 0.0143885000
-0.0257406000 1.1995400000 -0.0513102000
-0.1925670000 1.0052100000 0.0557348000
-0.1694910000 0.9233580000 0.2306360000
-0.0149152000 1.0616100000 0.5553220000
-0.0033883100 1.1430100000 0.5812270000
-0.0144881000 1.1642100000 0.5249940000
-0.0529585000 1.0968500000 0.3752990000
-0.0399903000 1.1177300000 0.3773910000
-0.0430169000 1.2313100000 -0.0367293000
-0.0721329000 1.0775600000 -0.0007299490
-0.1558180000 1.0346100000 0.0322947000
-0.1679610000 1.0218100000 0.0348125000
-0.1297360000 0.9475340000 0.2986600000
-0.0773152000 1.0349000000 0.3400370000
-0.1236520000 1.1311000000 0.0465812000
-0.0449528000 1.0898500000 0.4335550000
-0.0418194000 1.0468800000 0.4283780000
-0.0324373000 1.0459400000 0.4394630000
-0.0009740370 1.0646200000 0.5188000000
-0.0376558000 1.1062100000 0.4327470000
-0.0354621000 1.1669100000 0.5026480000
-0.0505512000 1.0913600000 0.3615850000
-0.0277191000 1.1964900000 0.2358740000
-0.0318168000 1.2055200000 0.1733020000
-0.0418977000 1.2161000000 0.1501220000
-0.0829526000 1.1978000000 0.0854258000
-0.0967744000 1.1985200000 0.0454556000
-0.0923344000 1.2348800000 0.0495186000
-0.0676654000 1.2448200000 0.0398395000
-0.0347513000 1.2080700000 -0.0492677000
-0.0302517000 1.1134800000 -0.0239523000
-0.0478910000 1.1126600000 -0.0256400000
-0.1465450000 1.0327000000 0.0301532000
-0.1817230000 1.0089900000 0.0435638000
-0.2180490000 0.9460150000 0.0899734000
-0.0849015000 1.0397100000 0.3478240000
-0.0711409000 1.0452700000 0.3514290000
-0.0408609000 1.1014800000 0.4292090000
-0.0531748000 1.0963600000 0.3639790000
-0.0567869000 1.0911200000 0.3695270000
-0.0473773000 1.1246900000 0.3810090000
-0.0300389000 1.1270900000 0.3279680000
-0.0205447000 1.1996200000 0.1503070000
-0.0591348000 1.2488300000 0.0032741000
-0.1176650000 1.0307000000 0.0273367000
-0.1652170000 1.0310600000 0.0342408000
-0.1774000000 1.0178200000 0.0360201000
-0.2209930000 0.9349630000 0.1028870000
-0.0545006000 1.0512600000 0.4197630000
-0.0185329000 1.0605500000 0.4906610000
-0.0149130000 1.0803400000 0.5811090000
-0.0001957160 1.1535000000 0.5712090000
-0.0351622000 1.1503700000 0.4432900000
-0.0570205000 1.0771100000 0.3668770000
-0.0305116000 1.1881500000 0.2942630000
-0.0086926500 1.1856600000 0.2605030000
-0.0918474000 1.1776600000 0.0647014000
-0.0936715000 1.2241300000 0.0495725000
-0.0539304000 1.2275400000 -0.0397971000
-0.0329175000 1.1780300000 -0.0539473000
-0.0278199000 1.1317900000 -0.0447101000
-0.1123220000 1.0572600000 0.0241731000
-0.1254670000 1.0284300000 0.0208571000
-0.2175970000 0.9404080000 0.0946114000
-0.1972900000 0.9206940000 0.1981790000
-0.1026890000 1.0070200000 0.3262110000
-0.0952810000 1.0288500000 0.3384700000
-0.0840196000 1.0488300000 0.3678060000
-0.1202550000 1.1427100000 0.0469946000
-0.0394370000 1.0494500000 0.4474780000
-0.0043779100 1.0603200000 0.5347370000
-0.0358006000 1.1639200000 0.4822870000
-0.0494051000 1.1320400000 0.3411550000
-0.0392327000 1.2096000000 0.1883900000
-0.0912228000 1.1706200000 0.0542906000
-0.0949445000 1.2449200000 0.0474729000
-0.0835926000 1.2527100000 0.0243103000
-0.0790257000 1.0739500000 0.0066209400
-0.1042340000 1.0702800000 0.0247001000
-0.1617510000 0.9255260000 0.2473340000
-0.1186890000 0.9735120000 0.3118240000
-0.0245645000 1.0667000000 0.5020870000
-0.0161303000 1.0663800000 0.5685990000
-0.0080224400 1.1018600000 0.5894620000
-0.0115588000 1.1159800000 0.5876790000
-0.0517179000 1.1620500000 0.4398510000
-0.0446984000 1.1142000000 0.4237220000
-0.0635600000 1.0853500000 0.3777070000
-0.0336249000 1.1184800000 0.3474800000
-0.0340601000 1.1193000000 0.3403180000
-0.0184143000 1.1583600000 0.3173740000
-0.0603921000 1.2249000000 0.1544580000
-0.0654353000 1.2060600000 0.1271750000
-0.1029180000 1.1928100000 0.0548560000
-0.1055370000 1.1940900000 0.0436878000
-0.0369188000 1.1616300000 -0.0530013000
-0.0602573000 1.0900300000 -0.0154457000
-0.0822630000 1.0801300000 -0.0042474600
-0.0949072000 1.0751100000 0.0197178000
-0.1205950000 1.1478100000 0.0502465000
-0.0669482000 1.0558500000 0.3705180000
-0.0765164000 1.0582300000 0.3758200000
-0.0327180000 1.0626000000 0.4839160000
-0.0419533000 1.1707900000 0.5454450000
-0.0417804000 1.1461900000 0.4353600000
-0.0471550000 1.1153900000 0.4208860000
-0.0416036000 1.1053000000 0.4206280000
-0.0505732000 1.1320000000 0.3723270000
-0.0944238000 1.2515800000 0.0357461000
-0.0416257000 1.2184100000 -0.0453321000
-0.0345517000 1.1458800000 -0.0502189000
-0.0450518000 1.1292600000 -0.0424138000
-0.1471560000 1.0220000000 0.0240056000
-0.1844000000 1.0066200000 0.0420485000
-0.2208690000 0.9252900000 0.1290200000
-0.2097390000 0.9227940000 0.1510800000
-0.2139960000 0.9212650000 0.1628580000
-0.1716710000 0.9234980000 0.2506960000
-0.0328484000 1.0906200000 0.5730290000
-0.0224313000 1.1454500000 0.5753240000
-0.0247604000 1.1665200000 0.5485140000
-0.0493018000 1.1347300000 0.4257210000
-0.0511506000 1.1299600000 0.4222800000
-0.0460931000 1.1068900000 0.4088890000
-0.0387074000 1.1646100000 0.3236460000
-0.0334317000 1.1960900000 0.2758410000
-0.0257601000 1.1953000000 0.2556780000
-0.1128230000 1.1858900000 0.0533092000
-0.1945190000 0.9982950000 0.0494081000
-0.2034800000 0.9199610000 0.1878710000
-0.1075670000 1.0089200000 0.3290570000
-0.1193030000 1.1668100000 0.0536238000
-0.0475473000 1.0850000000 0.4300430000
-0.0464892000 1.0771300000 0.4322420000
-0.0099734200 1.0877400000 0.5861350000
-0.0453517000 1.1627500000 0.4519920000
-0.0477870000 1.1217600000 -0.0356053000
-0.0527856000 1.0973000000 -0.0194988000
-0.1913540000 1.0031800000 0.0451844000
-0.2057250000 0.9912560000 0.0623506000
-0.1385890000 0.9357630000 0.2897620000
-0.1347500000 0.9493950000 0.3020380000
-0.1118340000 1.0175400000 0.3369740000
-0.0503147000 1.0815700000 0.4318830000
-0.0251367000 1.0983600000 0.5799210000
-0.0312164000 1.1587400000 0.5638230000
-0.0267344000 1.1681200000 0.5351860000
-0.0528921000 1.1664500000 0.4582940000
-0.0538233000 1.1295900000 0.4018680000
-0.0238343000 1.1941400000 0.2617300000
-0.0624723000 1.1960800000 0.1087820000
-0.0802114000 1.2052300000 0.1004680000
-0.0587049000 1.2002400000 -0.0513748000
-0.2041310000 0.9945490000 0.0508251000
-0.2155700000 0.9753260000 0.0767898000
-0.2222560000 0.9479550000 0.0903871000
-0.2268420000 0.9374620000 0.1011570000
-0.1873050000 0.9200590000 0.2125120000
-0.0674156000 1.0460700000 0.4211400000
-0.0193229000 1.0762100000 0.5758320000
-0.0365212000 1.1162500000 0.5761970000
-0.0516307000 1.1543400000 0.4321770000
-0.0544899000 1.2182600000 0.2099510000
-0.0376512000 1.2098400000 0.1700920000
-0.1027920000 1.2392200000 0.0526412000
-0.0507663000 1.1868800000 -0.0533324000
-0.0481399000 1.1412400000 -0.0485154000
-0.1505230000 1.0200600000 0.0157089000
-0.1562240000 1.0167400000 0.0231075000
-0.1864940000 1.0150200000 0.0376811000
-0.1946290000 1.0093800000 0.0450777000
-0.1896230000 0.9216230000 0.2365200000
-0.0600648000 1.0814500000 0.4069700000
-0.0711175000 1.0475000000 0.4180190000
-0.0608251000 1.0455700000 0.4307820000
-0.0337686000 1.0527400000 0.4665150000
-0.0312645000 1.0699400000 0.5097280000
-0.0154792000 1.0686500000 0.5119810000
-0.0256165000 1.0703400000 0.5266150000
-0.0333541000 1.0777200000 0.5644800000
-0.0578441000 1.1472700000 0.4125150000
-0.0578167000 1.1313600000 0.3585310000
-0.0458135000 1.2124900000 0.2133920000
-0.0842883000 1.2193900000 0.1334040000
-0.1108900000 1.2262700000 0.0556964000
-0.1014170000 1.2562900000 0.0300213000
-0.0556739000 1.2336500000 -0.0342866000
-0.0672096000 1.2133000000 -0.0479386000
-0.0450061000 1.1625500000 -0.0528532000
-0.2308570000 0.9206430000 0.1446930000
-0.2109770000 0.9204340000 0.1895610000
-0.2046110000 0.9217900000 0.2019270000
-0.1860300000 0.9204060000 0.2243660000
-0.0953065000 1.0471200000 0.3727260000
-0.0814420000 1.0598100000 0.3747660000
-0.0688267000 1.0673300000 0.3726000000
-0.0615090000 1.0765800000 0.4181490000
-0.0344742000 1.0695400000 0.5460590000
-0.0368741000 1.1275000000 0.5756250000
-0.0590865000 1.1585200000 0.4244750000
-0.0568423000 1.1338100000 0.3891970000
-0.0435758000 1.1870700000 0.3156080000
-0.0593755000 1.2216400000 0.1896680000
-0.0866464000 1.2072900000 0.0972241000
-0.1201720000 1.1787200000 0.0595766000
-0.1096330000 1.2523200000 0.0403196000
-0.0985216000 1.2584800000 0.0188154000
-0.0682596000 1.2499000000 -0.0077259500
-0.0582173000 1.1231500000 -0.0390711000
-0.0651289000 1.1026000000 -0.0291391000
-0.1311750000 1.0578300000 0.0188557000
-0.1373190000 1.0321400000 0.0142896000
-0.2333980000 0.9195880000 0.1532420000
-0.1460550000 0.9421590000 0.2994550000
-0.0763935000 1.0684500000 0.3754590000
-0.0487094000 1.0559600000 0.4651820000
-0.0170388000 1.1332200000 0.5817770000
-0.0493383000 1.1736300000 0.5215550000
-0.0561778000 1.1655100000 0.4446220000
-0.0652783000 1.1376700000 0.3841580000
-0.0589419000 1.1383800000 0.3741820000
-0.0440076000 1.1907100000 0.3090800000
-0.0746043000 1.0876500000 -0.0120393000
-0.0932767000 1.0949100000 -0.0146509000
-0.1038940000 1.0756700000 -0.0020700000
-0.1041510000 1.0711800000 0.0048769700
-0.1505240000 1.0356600000 0.0098939500
-0.1833960000 1.0159700000 0.0303999000
-0.1585830000 0.9269710000 0.2675410000
-0.1040390000 1.0350300000 0.3494700000
-0.0900087000 1.0544900000 0.3769930000
-0.0803073000 1.0695900000 0.3843010000
-0.0640586000 1.0706900000 0.4218380000
-0.0370089000 1.1759400000 0.3196900000
-0.0628728000 1.2296200000 0.1630220000
-0.1001310000 1.2153500000 0.1027650000
-0.1083930000 1.1944900000 0.0528932000
-0.1187480000 1.2041700000 0.0588372000
-0.0787912000 1.2398900000 -0.0294326000
-0.0566783000 1.1373400000 -0.0467479000
-0.0695609000 1.1149700000 -0.0393362000
-0.1029390000 1.0912600000 -0.0113931000
-0.1458000000 1.0197100000 0.0202838000
-0.2206830000 0.9205430000 0.1740090000
-0.1338590000 0.9678080000 0.3181720000
-0.1288060000 0.9784210000 0.3229650000
-0.0636043000 1.0531900000 0.4463910000
-0.0382788000 1.0726100000 0.5544150000
-0.0475713000 1.1993400000 0.2916540000
-0.0509982000 1.2104300000 0.2337100000
-0.0989622000 1.1943300000 0.0821561000
-0.1027630000 1.1924300000 0.0723456000
-0.1114080000 1.2054100000 0.0603807000
-0.0741351000 1.0695800000 0.4115130000
-0.0733514000 1.0558100000 0.4148820000
-0.1181700000 1.2247300000 0.0579898000
-0.2195440000 0.9783980000 0.0731715000
-0.2325110000 0.9623290000 0.0836025000
-0.0695521000 1.0471200000 0.4333050000
-0.0346599000 1.1446800000 0.5718380000
-0.0639756000 1.1511000000 0.4119930000
-0.0551341000 1.2086500000 0.2463350000
-0.0637573000 1.2206500000 0.2232050000
-0.0605734000 1.2214000000 0.1980780000
-0.0718585000 1.2191300000 0.1449900000
-0.0764178000 1.0699900000 0.4013510000
-0.0787598000 1.0569600000 0.4091720000
-0.0753676000 1.0462600000 0.4191970000
-0.0624086000 1.1569500000 0.3336060000
-0.0426965000 1.1836100000 0.3184330000
-0.1127460000 1.2438900000 0.0508038000
-0.0602371000 1.1607800000 -0.0525678000
-0.1366750000 1.0641800000 0.0172574000
-0.2329510000 0.9475970000 0.0916098000
-0.1971340000 0.9199270000 0.2161010000
-0.0494521000 1.0680500000 0.5033930000
-0.0589727000 1.1369000000 0.3981710000
-0.0530446000 1.1429900000 0.3353580000
-0.1237160000 1.2011700000 0.0662130000
-0.1202890000 1.2439700000 0.0498421000
-0.0659940000 1.1286200000 -0.0460109000
-0.0750716000 1.1068300000 -0.0318853000
-0.1257990000 1.0707000000 0.0008200940
-0.1360630000 1.0674800000 0.0157234000
-0.1889120000 1.0157400000 0.0354308000
-0.2057740000 0.9898970000 0.0539209000
-0.0934402000 1.0524400000 0.3847620000
-0.0526001000 1.0621700000 0.4745420000
-0.0500026000 1.0772100000 0.5412290000
-0.0429830000 1.1107100000 0.5729380000
-0.0425196000 1.1596600000 0.5610460000
-0.0333885000 1.1629600000 0.5589890000
-0.0715290000 1.1391800000 0.4022730000
-0.0662380000 1.2069200000 0.2975440000
-0.0484060000 1.2047800000 0.2579370000
-0.0935177000 1.2176400000 0.1132820000
-0.1068750000 1.2035800000 0.0907607000
-0.1201970000 1.2171800000 0.0703622000
-0.1263460000 1.2028500000 0.0616075000
-0.0719413000 1.1764400000 -0.0498274000
-0.0644366000 1.1457600000 -0.0505851000
-0.1900630000 0.9255860000 0.2747090000
-0.1204200000 1.0234200000 0.3485480000
-0.0868950000 1.0559900000 0.4025010000
-0.0791378000 1.0601300000 0.4553760000
-0.0547152000 1.1696200000 0.4909750000
-0.0719442000 1.1638200000 0.4292440000
-0.0697842000 1.1379800000 0.3573670000
-0.0782926000 1.1908600000 0.3320970000
-0.0836792000 1.2305200000 0.2240940000
-0.0815705000 1.2341700000 0.1635030000
-0.1250620000 1.1910300000 0.0621530000
-0.1009300000 1.2564500000 -0.0072306000
-0.0770660000 1.2349100000 -0.0343558000
-0.0690767000 1.1978200000 -0.0506638000
-0.0901414000 1.1021000000 -0.0218654000
-0.1418420000 1.0698000000 0.0090626500
-0.2270830000 0.9808330000 0.0604278000
-0.2234930000 0.9290530000 0.1165980000
-0.0485948000 1.0749600000 0.5317050000
-0.0564583000 1.1599200000 0.3297060000
-0.0825486000 1.1329300000 -0.0436183000
-0.1168750000 1.0887800000 -0.0113516000
-0.1165760000 1.0774200000 -0.0048481300
-0.1658770000 1.0236500000 0.0070996400
-0.1832150000 1.0049000000 0.0173252000
-0.2026410000 1.0100300000 0.0464207000
-0.2097410000 1.0057100000 0.0525425000
-0.2317230000 0.9677900000 0.0791576000
-0.2433490000 0.9503290000 0.0918476000
-0.1884710000 0.9230020000 0.2539840000
-0.1474810000 0.9551530000 0.3116170000
-0.1511960000 0.9639780000 0.3221540000
-0.1398390000 0.9748550000 0.3257260000
-0.1300700000 0.9933320000 0.3337010000
-0.0877362000 1.0442900000 0.4131470000
-0.0511870000 1.1562600000 0.5612320000
-0.0713327000 1.1681500000 0.4446030000
-0.0592344000 1.1438900000 0.5629610000
-0.0654072000 1.2085300000 0.2905210000
-0.0711049000 1.2128200000 0.2732890000
-0.1268190000 1.2268700000 0.0571861000
-0.0911332000 1.2567500000 0.0055625600
-0.0796659000 1.2134100000 -0.0465083000
-0.1768830000 1.0593600000 0.0111165000
-0.1524120000 1.0462900000 0.0122776000
-0.1711530000 1.0153800000 0.0100039000
-0.2044860000 0.9994660000 0.0505679000
-0.1105200000 1.0421200000 0.3799240000
-0.0905505000 1.0603800000 0.3902120000
-0.0799363000 1.0526900000 0.4393180000
-0.0585417000 1.0731000000 0.5247140000
-0.0622324000 1.1770000000 0.5356870000
-0.0862003000 1.1496100000 0.3666240000
-0.0698824000 1.2116100000 0.2850180000
-0.0819188000 1.2233100000 0.1463720000
-0.1153550000 1.2164700000 0.0722047000
-0.1273500000 1.1957500000 0.0655466000
-0.1101600000 1.2608300000 0.0278492000
-0.0783952000 1.1519100000 -0.0465664000
-0.0932449000 1.1190200000 -0.0365528000
-0.1925650000 1.0052100000 0.0224387000
-0.2173200000 0.9237680000 0.2057880000
-0.1330570000 1.0055500000 0.3434700000
-0.1352750000 1.0102300000 0.3496260000
-0.1137570000 1.0348600000 0.3594340000
-0.0725379000 1.1751900000 0.4889860000
-0.0863236000 1.2194800000 0.2594680000
-0.1143780000 1.2089800000 0.0895513000
-0.1230320000 1.2190800000 0.0979391000
-0.1209770000 1.2535200000 0.0424774000
-0.0863606000 1.2472900000 -0.0208300000
-0.0723693000 1.2226100000 -0.0434377000
-0.0821279000 1.1747700000 -0.0476271000
-0.1037520000 1.1052400000 -0.0200484000
-0.1609240000 1.0736300000 -0.0046548900
-0.2373920000 0.9292100000 0.1228450000
-0.2354570000 0.9220520000 0.1403950000
-0.1771090000 0.9306340000 0.2853730000
-0.0584233000 1.1065100000 0.5643950000
-0.2323330000 0.9726890000 0.0672921000
-0.2447090000 0.9293550000 0.1292070000
-0.2366860000 0.9197660000 0.1685180000
-0.0915782000 1.0557600000 0.4446950000
-0.0579712000 1.0697400000 0.5070610000
-0.0592540000 1.0839500000 0.5496990000
-0.0546147000 1.1229900000 0.5678370000
-0.0649304000 1.1774000000 0.5124870000
-0.0794633000 1.2303500000 0.2051940000
-0.1054660000 1.2472800000 -0.0229114000
-0.1309040000 1.0849200000 -0.0137507000
-0.0659337000 1.1525100000 0.5578520000
-0.0730629000 1.1417100000 0.3654890000
-0.0759838000 1.1647500000 0.3380390000
-0.0686491000 1.1982400000 0.3225120000
-0.0911950000 1.2229800000 0.2553650000
-0.1349550000 1.2097100000 0.0658158000
-0.1290260000 1.2442100000 0.0535331000
-0.1022320000 1.2591600000 0.0003856270
-0.0931920000 1.2331000000 -0.0355166000
-0.0848099000 1.2007200000 -0.0479411000
-0.2003580000 1.0109100000 0.0260069000
-0.2207920000 1.0025400000 0.0592158000
-0.2393520000 0.9418220000 0.0982971000
-0.2368600000 0.9356760000 0.1063790000
-0.2042520000 0.9209790000 0.2320000000
-0.0984963000 1.0476900000 0.4003470000
-0.0524061000 1.0647000000 0.4837230000
-0.0553414000 1.1353900000 0.5663060000
-0.0590829000 1.1743700000 0.5420220000
-0.0714059000 1.1709600000 0.4628420000
-0.0673087000 1.2326300000 0.1755160000
-0.1252870000 1.2269000000 0.0781638000
-0.1304120000 1.2111900000 0.0729432000
-0.0845923000 1.1221600000 -0.0405420000
-0.2170460000 1.0077700000 0.0520960000
-0.1581430000 0.9520840000 0.3116510000
-0.1063230000 1.0466300000 0.3909960000
-0.0640679000 1.0760800000 0.5287670000
-0.0882247000 1.1685900000 0.4254160000
-0.0887916000 1.1589300000 0.3794490000
-0.0886662000 1.2190500000 0.2817820000
-0.1047430000 1.2429100000 0.1659430000
-0.1355640000 1.2290600000 0.0614155000
-0.1250670000 1.2686800000 0.0121107000
-0.1076770000 1.2548300000 -0.0131386000
-0.0909993000 1.1601000000 -0.0468001000
-0.1186000000 1.1230200000 -0.0313582000
-0.1185690000 1.1062000000 -0.0202452000
-0.2113270000 1.0003900000 0.0247344000
-0.2219420000 0.9937600000 0.0590063000
-0.2216740000 0.9225000000 0.2270520000
-0.0654504000 1.0862800000 0.5472730000
-0.0830512000 1.1800200000 0.4860930000
-0.0875633000 1.1814800000 0.3370490000
-0.0604975000 1.1858400000 0.3267090000
-0.0950527000 1.2464500000 0.1785930000
-0.1194440000 1.2345200000 0.1276730000
-0.1147450000 1.2457600000 -0.0250258000
-0.1378850000 1.0763400000 -0.0102625000
-0.1585860000 1.0683000000 0.0105504000
-0.1833250000 1.0194000000 0.0055862800
-0.2395560000 0.9934310000 0.0694743000
-0.0872395000 1.1551200000 0.3892300000
-0.0813891000 1.1580100000 0.3485820000
-0.0917170000 1.1726000000 0.3445560000
-0.0831020000 1.2013400000 0.3301960000
-0.0793195000 1.2157800000 0.2653650000
-0.1104350000 1.2305300000 0.1253630000
-0.1384040000 1.2145700000 0.0717146000
-0.1264470000 1.2684200000 0.0058531300
-0.1081300000 1.2078200000 -0.0438880000
-0.1255820000 1.0990400000 -0.0181272000
-0.1813480000 1.0525500000 0.0094757500
-0.2231840000 0.9217780000 0.1943080000
-0.1993520000 0.9223260000 0.2576210000
-0.1688370000 0.9437670000 0.3049950000
-0.1532250000 0.9733890000 0.3327540000
-0.1532510000 0.9864150000 0.3423870000
-0.1126570000 1.0431100000 0.3958560000
-0.0849523000 1.0429300000 0.4244590000
-0.0712316000 1.0672500000 0.4714470000
-0.0662690000 1.0724400000 0.5113380000
-0.0567238000 1.0953000000 0.5616360000
-0.0599702000 1.1654400000 0.5526420000
-0.0701586000 1.1803000000 0.5238330000
-0.0884985000 1.2266700000 0.2441390000
-0.1416180000 1.2230200000 0.0772362000
-0.1101130000 1.2290200000 -0.0368996000
-0.1066020000 1.1398400000 -0.0454155000
-0.1743310000 1.0668200000 0.0069963600
-0.2237500000 1.0055700000 0.0456063000
-0.2321520000 1.0003300000 0.0645585000
-0.2484280000 0.9760860000 0.0718601000
-0.2432720000 0.9662490000 0.0731671000
-0.0752350000 1.0702900000 0.4793570000
-0.0779430000 1.1095000000 0.5542010000
-0.0668170000 1.1260500000 0.5634390000
-0.1013140000 1.2125600000 0.3320930000
-0.0971655000 1.2487600000 0.1876140000
-0.1196560000 1.2185800000 0.1064910000
-0.1290340000 1.2336800000 0.0862796000
-0.1446110000 1.2521700000 0.0519189000
-0.1021850000 1.1870700000 -0.0466963000
-0.1874460000 1.0322800000 0.0024501200
-0.1979010000 1.0026200000 0.0190283000
-0.2491290000 0.9557190000 0.0864391000
-0.2511750000 0.9461620000 0.0971090000
-0.2339280000 0.9215060000 0.1869130000
-0.1738190000 0.9354330000 0.2941070000
-0.1729500000 0.9546040000 0.3246170000
-0.1272330000 1.0223800000 0.3609090000
-0.1356420000 1.0169000000 0.3710260000
-0.0873386000 1.0484000000 0.4329950000
-0.0848008000 1.1760000000 0.5361500000
-0.0902329000 1.1525800000 0.4081840000
-0.0818501000 1.1469500000 0.3579440000
-0.1112860000 1.2459100000 0.2253330000
-0.1041370000 1.2323600000 0.1388510000
-0.1419100000 1.2410000000 0.1345500000
-0.1453940000 1.2260500000 0.0705067000
-0.1406490000 1.2624000000 0.0397970000
-0.1270940000 1.2669100000 0.0222088000
-0.1934060000 1.0122100000 0.0132637000
-0.2382670000 1.0002200000 0.0636881000
-0.0638933000 1.0918200000 0.5552350000
-0.1018680000 1.1647600000 0.3781020000
-0.0744823000 1.2053200000 0.3141240000
-0.0827614000 1.2158600000 0.2909700000
-0.1022940000 1.2443300000 0.2117520000
-0.1335220000 1.1116300000 -0.0251299000
-0.1475040000 1.0933800000 -0.0235263000
-0.1547420000 1.0787400000 -0.0131943000
-0.2018170000 1.0230900000 0.0034260900
-0.2569850000 0.9332130000 0.1330230000
-0.2422410000 0.9205080000 0.1555340000
-0.1985940000 0.9401690000 0.3115670000
-0.1217480000 1.0374600000 0.3862580000
-0.1065750000 1.0484300000 0.4371720000
-0.0943093000 1.1797600000 0.4529850000
-0.0868976000 1.1618600000 0.4169720000
-0.1406500000 1.2363500000 0.1267380000
-0.1876230000 1.0699700000 -0.0041545100
-0.2154690000 1.0178600000 0.0153475000
-0.1357400000 1.0143200000 0.3644640000
-0.0749431000 1.0770800000 0.5173390000
-0.0851899000 1.2126500000 0.3073980000
-0.1058150000 1.2513200000 0.2012250000
-0.1202310000 1.2592300000 0.1932410000
-0.1045110000 1.2373100000 0.1527980000
-0.1243530000 1.2465500000 0.1577160000
-0.2370570000 1.0015900000 0.0528703000
-0.2176880000 0.9224420000 0.2471560000
-0.1544340000 0.9924640000 0.3529100000
-0.1281790000 1.0294300000 0.3804030000
-0.1091230000 1.1679300000 0.4151690000
-0.1140890000 1.2263300000 0.3024740000
-0.0924368000 1.2201600000 0.2751230000
-0.1061040000 1.2256000000 0.2705830000
-0.1187470000 1.1814600000 -0.0496117000
-0.2321480000 0.9248630000 0.2133490000
-0.0881310000 1.0707400000 0.4699880000
-0.0835504000 1.0743500000 0.4922020000
-0.0732242000 1.0816000000 0.5278340000
-0.0704058000 1.1610000000 0.5525650000
-0.0817242000 1.1804600000 0.5300080000
-0.1204500000 1.2561300000 0.1844400000
-0.1509840000 1.2599800000 0.1651850000
-0.1375380000 1.2364500000 0.0836847000
-0.1465920000 1.1300100000 -0.0337409000
-0.1495570000 1.0840900000 -0.0189008000
-0.2137520000 1.0558700000 0.0073744300
-0.2525360000 0.9242770000 0.1532140000
-0.1587820000 0.9926480000 0.3626430000
-0.0875107000 1.1858100000 0.5166850000
-0.1039570000 1.1914900000 0.4863600000
-0.0932422000 1.1775000000 0.4402020000
-0.1108460000 1.1734200000 0.3851140000
-0.1041760000 1.1621400000 0.3677720000
-0.1014430000 1.1634900000 0.3621060000
-0.1532940000 1.2341500000 0.0897870000
-0.2285640000 1.0016400000 0.0265787000
-0.2563730000 0.9561420000 0.0857662000
-0.2489840000 0.9204510000 0.1740960000
-0.2034720000 0.9238160000 0.2671710000
-0.1221000000 1.0337500000 0.4164300000
-0.1140970000 1.0354100000 0.4235420000
-0.0762127000 1.1226700000 0.5595950000
-0.0955253000 1.1519700000 0.5473890000
-0.1064440000 1.1613000000 0.4089970000
-0.1032960000 1.2379300000 0.2379100000
-0.1431580000 1.2685200000 0.0281225000
-0.1318900000 1.2628400000 -0.0073478400
-0.1238480000 1.1576100000 -0.0465732000
-0.1933070000 1.0596800000 0.0084951100
-0.2488800000 0.9978970000 0.0718019000
-0.2549620000 0.9625050000 0.0794004000
-0.2576700000 0.9376130000 0.1150080000
-0.2285920000 0.9236230000 0.2298540000
-0.2027110000 0.9346020000 0.3009400000
-0.1035670000 1.0605400000 0.4515240000
-0.0955046000 1.0667100000 0.4606290000
-0.0895165000 1.0914100000 0.5323560000
-0.0775457000 1.0933800000 0.5404610000
-0.1054210000 1.1884300000 0.4652630000
-0.1091780000 1.1793800000 0.3562180000
-0.1016170000 1.1860000000 0.3420100000
-0.1129480000 1.2108600000 0.3401050000
-0.1507610000 1.2534100000 0.1508090000
-0.1051290000 1.2202900000 -0.0410725000
-0.1138560000 1.1628900000 -0.0492882000
-0.1245020000 1.1428700000 -0.0408580000
-0.2566700000 0.9424870000 0.1039280000
-0.2662960000 0.9280920000 0.1563280000
-0.2040850000 0.9286210000 0.2843040000
-0.1867070000 0.9539130000 0.3330370000
-0.1800340000 0.9433490000 0.3094980000
-0.1710870000 0.9629860000 0.3347900000
-0.1353610000 1.0301200000 0.3823750000
-0.1369390000 1.0350900000 0.3880200000
-0.1323190000 1.0358400000 0.4016300000
-0.1190930000 1.0513400000 0.4421370000
-0.0906037000 1.1223600000 0.5513340000
-0.0872297000 1.1360600000 0.5548590000
-0.1047120000 1.1698100000 0.3888050000
-0.0875969000 1.2090500000 0.3233500000
-0.1052340000 1.2172200000 0.3243500000
-0.1211410000 1.2322800000 0.2692600000
-0.1404940000 1.2427800000 0.0990236000
-0.1650580000 1.2468800000 0.0673710000
-0.1254730000 1.1845500000 -0.0496286000
-0.1705940000 1.0812900000 -0.0160284000
-0.1925380000 1.0635000000 0.0060314600
-0.2115630000 1.0358800000 0.0014604000
-0.2208850000 1.0266700000 0.0056318100
-0.2236880000 1.0177900000 0.0176447000
-0.2469860000 1.0037300000 0.0506496000
-0.2519900000 1.0046300000 0.0665576000
-0.2608210000 0.9760790000 0.0779822000
-0.1678250000 0.9742360000 0.3442580000
-0.1224350000 1.0370900000 0.4300870000
-0.0854499000 1.0801400000 0.5162290000
-0.0997144000 1.1790100000 0.4334190000
-0.1152310000 1.2270800000 0.2972890000
-0.1384170000 1.2335000000 0.1159160000
-0.1486180000 1.2400100000 0.0633035000
-0.1300400000 1.2018100000 -0.0448423000
-0.1438380000 1.1497800000 -0.0403541000
-0.1638400000 1.1061800000 -0.0321505000
-0.1667660000 1.0929900000 -0.0257528000
-0.2509880000 0.9677420000 0.0745247000
-0.2560020000 0.9223910000 0.1656130000
-0.1462240000 1.0326200000 0.3847460000
-0.1014220000 1.0761200000 0.4823180000
-0.0965552000 1.1732500000 0.5355010000
-0.1201420000 1.2207000000 0.3371320000
-0.1197510000 1.2356000000 0.2603830000
-0.1425160000 1.2645000000 0.1905850000
-0.1490330000 1.2653800000 0.1868990000
-0.1535460000 1.2498500000 0.1016060000
-0.1449130000 1.2703500000 0.0126720000
-0.2209240000 1.0033200000 0.0210161000
-0.2190060000 0.9302260000 0.2902340000
-0.1154060000 1.0697600000 0.4644470000
-0.1009160000 1.1909600000 0.4961490000
-0.1180100000 1.1839700000 0.4256650000
-0.1103510000 1.1647800000 0.4008120000
-0.1160240000 1.1989400000 0.3442320000
-0.1386850000 1.2491800000 0.1475130000
-0.1522340000 1.0240300000 0.3778410000
-0.1193500000 1.1820900000 0.3913950000
-0.1594240000 1.2576800000 -0.0140800000
-0.1431470000 1.1685700000 -0.0454904000
-0.2410560000 1.0055500000 0.0254649000
-0.2473290000 0.9270870000 0.2202630000
-0.1539920000 1.0046200000 0.3709870000
-0.0895985000 1.1059700000 0.5451850000
-0.1262480000 1.2631900000 0.2048820000
-0.1763440000 1.2640300000 0.0549792000
-0.1803850000 0.9615610000 0.3413430000
-0.1006720000 1.1857200000 0.5182370000
-0.1137800000 1.1897300000 0.4408080000
-0.1385790000 1.2354800000 0.2869900000
-0.1594340000 1.2345000000 0.0900188000
-0.1494850000 1.2271000000 0.0761875000
-0.1569280000 1.2313300000 -0.0334951000
-0.1380290000 1.2263800000 -0.0360452000
-0.2643850000 0.9258490000 0.1720540000
-0.2437980000 0.9239300000 0.2035080000
-0.2249660000 0.9246020000 0.2650430000
-0.1429130000 1.0371700000 0.3944350000
-0.1386250000 1.0292100000 0.4161560000
-0.1205580000 1.1752100000 0.3751170000
-0.1207480000 1.1762700000 0.3704040000
-0.1456810000 1.2432200000 -0.0272821000
-0.1548880000 1.1536500000 -0.0426160000
-0.1958920000 1.0781000000 -0.0123617000
-0.2341920000 1.0199400000 0.0206965000
-0.2731570000 0.9470310000 0.1143660000
-0.1035390000 1.0878300000 0.5164230000
-0.1376300000 1.2545400000 0.2434070000
-0.1674950000 1.2575600000 0.1131510000
-0.1700920000 1.2690500000 0.0411987000
-0.1357370000 1.1859000000 -0.0495780000
-0.2309830000 1.0239300000 0.0176662000
-0.2585870000 1.0090000000 0.0368203000
-0.2716060000 0.9425060000 0.1239920000
-0.2456970000 0.9261320000 0.2118620000
-0.2290900000 0.9235480000 0.2497250000
-0.1608130000 1.0266700000 0.3846440000
-0.1490430000 1.0336200000 0.3967210000
-0.1473590000 1.0279900000 0.4123180000
-0.1148330000 1.1913300000 0.5034410000
-0.1220110000 1.1748200000 0.4096160000
-0.1386040000 1.2347300000 0.2942900000
-0.1275930000 1.2460600000 0.2502920000
-0.1580490000 1.2549500000 0.1168060000
-0.1744650000 1.2438000000 0.1021620000
-0.1482590000 1.2505400000 -0.0213004000
-0.1655860000 1.1388500000 -0.0422130000
-0.2100550000 1.0845800000 -0.0147328000
-0.2180300000 1.0308900000 0.0022761400
-0.2724080000 0.9706990000 0.0853339000
-0.2643030000 0.9523130000 0.0954415000
-0.2733920000 0.9389450000 0.1424980000
-0.1151510000 1.0653400000 0.4569320000
-0.0984738000 1.1374600000 0.5487990000
-0.1157210000 1.1943600000 0.4936300000
-0.1181570000 1.1961500000 0.4858050000
-0.1332110000 1.1931700000 0.3950340000
-0.1373250000 1.2145600000 0.3482030000
-0.1561520000 1.2484300000 0.1420500000
-0.1581640000 1.2497500000 0.1332460000
-0.1738030000 1.2720200000 0.0166343000
-0.1529390000 1.2096900000 -0.0418327000
-0.1461610000 1.1846700000 -0.0476816000
-0.2626010000 1.0061100000 0.0628475000
-0.2592710000 0.9317060000 0.1413620000
-0.2520610000 0.9277290000 0.2339630000
-0.2485760000 0.9274490000 0.2447110000
-0.1745980000 0.9802620000 0.3593500000
-0.1419190000 1.1962900000 0.4248840000
-0.1305720000 1.1861500000 0.4195540000
-0.1314780000 1.1921700000 0.3670260000
-0.1523270000 1.2387100000 0.3089930000
-0.1584490000 1.2608400000 0.1616040000
-0.1652660000 1.2557100000 0.1508610000
-0.1682490000 1.2413000000 0.0877555000
-0.1637960000 1.1171400000 -0.0359916000
-0.2171310000 1.0647000000 0.0072975300
-0.2670970000 1.0223800000 0.0279814000
-0.2628160000 1.0058100000 0.0507793000
-0.2653880000 1.0053900000 0.0682229000
-0.2665950000 0.9801560000 0.0788783000
-0.2673730000 0.9274520000 0.1887990000
-0.1063330000 1.1147200000 0.5403310000
-0.1030590000 1.1631700000 0.5401280000
-0.1193020000 1.1945300000 0.4500720000
-0.1273930000 1.1943200000 0.4333520000
-0.1319230000 1.2034000000 0.3523580000
-0.1533780000 1.2728000000 0.2092970000
-0.1692140000 1.2715800000 0.0297550000
-0.1981660000 1.0908800000 -0.0204966000
-0.2344960000 1.0454900000 0.0029747400
-0.2132750000 0.9351390000 0.3036240000
-0.2034090000 0.9459950000 0.3218170000
-0.1737150000 0.9910050000 0.3664940000
-0.1353330000 1.0291400000 0.4237990000
-0.1094260000 1.0825500000 0.4987480000
-0.1111290000 1.1435100000 0.5426890000
-0.1288150000 1.2006400000 0.4652360000
-0.1480530000 1.2527000000 0.2585360000
-0.1339200000 1.2644100000 0.2183790000
-0.1494960000 1.2707000000 0.2229080000
-0.1697650000 1.2439100000 0.1028810000
-0.1703490000 1.2535700000 -0.0173281000
-0.1690350000 1.1981400000 -0.0419556000
-0.1610250000 1.1657200000 -0.0458747000
-0.1948980000 1.1075100000 -0.0296522000
-0.1213570000 1.0752300000 0.4812580000
-0.1163410000 1.1870700000 0.5128450000
-0.1390290000 1.1888100000 0.3841760000
-0.1632620000 1.2418800000 0.3201490000
-0.1821630000 1.2586300000 0.0691570000
-0.2535220000 1.0322200000 0.0237361000
-0.2801630000 0.9632450000 0.0978683000
-0.2607880000 0.9243250000 0.1909860000
-0.2589120000 0.9266760000 0.2085440000
-0.2527310000 0.9283210000 0.2189850000
-0.1560560000 1.0333600000 0.3966250000
-0.1114850000 1.1010700000 0.5294750000
-0.1287530000 1.1011200000 0.5229150000
-0.1282560000 1.1957500000 0.3586380000
-0.1384860000 1.2295000000 0.3383260000
-0.1559690000 1.2717900000 0.2014140000
-0.1523850000 1.2678400000 0.0000963052
-0.2237830000 1.0748000000 0.0016092400
-0.2446220000 1.0727700000 0.0072170700
-0.2406630000 0.9254740000 0.2609340000
-0.1855210000 0.9896810000 0.3689230000
-0.1426560000 1.2007200000 0.4034310000
-0.1421060000 1.1910700000 0.3787560000
-0.1044750000 1.2215900000 0.3073050000
-0.1512700000 1.2414900000 0.2793120000
-0.1473810000 1.2456800000 0.2675060000
-0.1831960000 1.2558900000 0.0790267000
-0.1814550000 1.2694000000 0.0417707000
-0.1790990000 1.1520900000 -0.0430867000
-0.1975730000 1.1271100000 -0.0381429000
-0.2337970000 1.0825400000 -0.0036714100
-0.2225460000 1.0700100000 0.0052717500
-0.2510810000 1.0371000000 0.0110076000
-0.2393590000 1.0078200000 0.0228845000
-0.2686980000 1.0014700000 0.0720013000
-0.2722620000 0.9629160000 0.0903419000
-0.1966910000 0.9598150000 0.3410310000
-0.1296460000 1.1973100000 0.4891740000
-0.1470500000 1.2048900000 0.3695720000
-0.1718750000 1.2625400000 0.1230280000
-0.1807640000 1.2632600000 0.1231540000
-0.1901550000 1.2673300000 0.0012752800
-0.1766910000 1.1342700000 -0.0414521000
-0.2471360000 1.0422200000 0.0047443000
-0.2357960000 1.0280300000 0.0156509000
-0.2647830000 0.9300350000 0.2211170000
-0.2227600000 0.9386670000 0.3094250000
-0.1221120000 1.1591500000 0.5326040000
-0.1349340000 1.2027200000 0.4510760000
-0.1569200000 1.2183800000 0.3581360000
-0.1604540000 1.2672700000 0.2437650000
-0.1791020000 1.2706000000 0.1765260000
-0.1891790000 1.2555500000 0.1186320000
-0.1981920000 1.2613000000 0.1018060000
-0.1933490000 1.2624500000 0.0665420000
-0.2019950000 1.2691100000 0.0459574000
-0.2441570000 1.0479700000 0.0038076500
-0.2521300000 1.0275300000 0.0246981000
-0.2620490000 1.0135700000 0.0310215000
-0.1914240000 0.9792770000 0.3622020000
-0.1238750000 1.0935700000 0.5163650000
-0.1235690000 1.1188100000 0.5336270000
-0.1174440000 1.1277200000 0.5381940000
-0.1143200000 1.1727400000 0.5295510000
-0.1332220000 1.1800100000 0.5147060000
-0.1427620000 1.1945300000 0.4159660000
-0.1687150000 1.2428000000 0.3294700000
-0.1518850000 1.2434300000 0.2742530000
-0.1687180000 1.2784800000 0.2252160000
-0.1665620000 1.2680000000 0.1767160000
-0.1747640000 1.2606300000 0.1457930000
-0.2062510000 1.2621400000 -0.0063876000
-0.1671950000 1.2115300000 -0.0396394000
-0.2259460000 1.0609500000 0.0072375300
-0.2707150000 1.0092400000 0.0637813000
-0.1662810000 1.0208400000 0.4216060000
-0.1509870000 1.0306400000 0.4348370000
-0.1208470000 1.1430800000 0.5374780000
-0.1397300000 1.2028100000 0.4763380000
-0.1778210000 1.2520200000 0.2785550000
-0.1870010000 1.1894700000 -0.0413430000
-0.2795740000 1.0117800000 0.0713015000
-0.2879790000 0.9650250000 0.1069210000
-0.1424290000 1.0379200000 0.4380930000
-0.1333020000 1.0883500000 0.5065170000
-0.1203940000 1.1089100000 0.5307150000
-0.1140680000 1.1831000000 0.5200440000
-0.1504940000 1.2089200000 0.4405940000
-0.1461340000 1.2344000000 0.3284690000
-0.2186450000 1.0987400000 -0.0251781000
-0.2419920000 1.0364500000 0.0061310500
-0.2794710000 1.0115200000 0.0470857000
-0.2541790000 0.9298430000 0.2753350000
-0.1466580000 1.2027400000 0.3984030000
-0.1549170000 1.2204300000 0.3543190000
-0.1496860000 1.2293700000 0.3473600000
-0.1839870000 1.2813100000 0.2194170000
-0.2017300000 1.2602600000 0.1259380000
-0.2764430000 1.0202100000 0.0335503000
-0.2871440000 0.9806310000 0.0883277000
-0.2856120000 0.9442820000 0.1494810000
-0.2649030000 0.9304710000 0.2322190000
-0.2253990000 0.9537950000 0.3268920000
-0.1408560000 1.0484000000 0.4447240000
-0.2014750000 1.2625900000 0.0885069000
-0.2054780000 1.2653200000 0.0687278000
-0.2155820000 1.2679900000 0.0170152000
-0.1822490000 1.2487200000 -0.0206868000
-0.1947630000 1.1483400000 -0.0422173000
-0.2948470000 1.0175500000 0.0728242000
-0.2125460000 0.9577220000 0.3359830000
-0.2028640000 0.9945710000 0.3803160000
-0.1890070000 1.0052100000 0.3837010000
-0.1767400000 1.0240800000 0.3895920000
-0.1707220000 1.0282200000 0.4053530000
-0.1365560000 1.0590300000 0.4524870000
-0.1359330000 1.0679800000 0.4623810000
-0.1399560000 1.1129700000 0.5257320000
-0.1399320000 1.1536300000 0.5255970000
-0.1385580000 1.1872200000 0.5036640000
-0.1497950000 1.2075000000 0.4652070000
-0.1510530000 1.1994000000 0.3910490000
-0.1502960000 1.1965100000 0.3817740000
-0.1498200000 1.2318400000 0.3450130000
-0.1692940000 1.2593900000 0.2631820000
-0.1812050000 1.2767500000 0.2452100000
-0.1964050000 1.2560000000 0.1163810000
-0.2681510000 1.0894000000 0.0025916100
-0.2542290000 1.0697000000 0.0073389200
-0.3003440000 0.9805950000 0.1016920000
-0.2726160000 0.9289140000 0.2042880000
-0.2565730000 0.9290640000 0.2688380000
-0.2375790000 0.9444070000 0.3125780000
-0.1493210000 1.0548700000 0.4506220000
-0.1474900000 1.0842700000 0.5001160000
-0.1367400000 1.1370000000 0.5309580000
-0.1498450000 1.2060500000 0.4348290000
-0.1837170000 1.2342500000 -0.0290192000
-0.1990390000 1.1704600000 -0.0408104000
-0.2671920000 1.0540500000 0.0061932300
-0.2616900000 1.0381600000 0.0222212000
-0.1932850000 0.9711470000 0.3544880000
-0.1746470000 1.0278900000 0.3925460000
-0.1777590000 1.0285800000 0.4001820000
-0.1807820000 1.0249400000 0.4134270000
-0.1702130000 1.2428400000 0.3006840000
-0.1829910000 1.2503800000 0.2857570000
-0.1905780000 1.2718900000 0.1413340000
-0.2110700000 1.1462500000 -0.0383834000
-0.2861790000 0.9500610000 0.1386140000
-0.2750660000 0.9330200000 0.1599510000
-0.1741240000 1.0229600000 0.4360540000
-0.1514710000 1.0632200000 0.4583710000
-0.1552650000 1.2085000000 0.4087580000
-0.1802810000 1.2790800000 0.2072830000
-0.1996620000 1.2716200000 0.1372630000
-0.1896630000 1.2175500000 -0.0352462000
-0.2916740000 0.9629090000 0.1186180000
-0.2313520000 0.9338780000 0.2967190000
-0.1993850000 1.0215800000 0.3915180000
-0.1955570000 1.0249600000 0.3957240000
-0.1609580000 1.0346400000 0.4411950000
-0.1419440000 1.1695300000 0.5176890000
-0.1911410000 1.2474300000 0.3116010000
-0.2136430000 1.2673700000 0.1083560000
-0.2024810000 1.2702700000 0.0288455000
-0.2203110000 1.1096400000 -0.0310399000
-0.2380940000 1.0913000000 -0.0126723000
-0.2898590000 0.9962230000 0.0810061000
-0.2999170000 0.9531840000 0.1538870000
-0.1613300000 1.0215600000 0.4273520000
-0.1769650000 1.0503600000 0.4527690000
-0.1670630000 1.0650700000 0.4639070000
-0.1538160000 1.2014800000 0.4266430000
-0.1737520000 1.2169900000 0.3777020000
-0.1807930000 1.2461700000 0.3208910000
-0.2207620000 1.2480700000 -0.0184565000
-0.2259160000 1.1220900000 -0.0343670000
-0.2724570000 1.0516700000 0.0084518400
-0.2735600000 1.0389600000 0.0290590000
-0.2785380000 0.9350620000 0.2429300000
-0.2672040000 0.9324670000 0.2530130000
-0.1860660000 1.0262500000 0.4429430000
-0.1644340000 1.0426400000 0.4465500000
-0.1408790000 1.1246200000 0.5286940000
-0.1471760000 1.1950000000 0.4876990000
-0.1603110000 1.2043400000 0.4216690000
-0.1578600000 1.2105500000 0.4034610000
-0.1638560000 1.2045700000 0.3907610000
-0.1870040000 1.2675300000 0.1648450000
-0.1924500000 1.2693000000 0.1602720000
-0.2122070000 1.2122900000 -0.0334078000
-0.2119870000 1.1938100000 -0.0355715000
-0.2544060000 1.0806600000 0.0055312700
-0.2866340000 1.0496100000 0.0300886000
-0.3004440000 0.9635030000 0.1374610000
-0.2869490000 0.9404480000 0.1818530000
-0.2830730000 0.9326050000 0.2116400000
-0.2563850000 0.9351150000 0.2869880000
-0.2052430000 0.9794980000 0.3652010000
-0.1884780000 1.0189800000 0.3888730000
-0.1801510000 1.0173600000 0.4276020000
-0.1502240000 1.0731200000 0.4736480000
-0.1454090000 1.0982200000 0.5134550000
-0.2131230000 1.2772400000 0.1839490000
-0.2094500000 1.2778400000 0.1574340000
-0.2190150000 1.2667200000 0.0905641000
-0.2277370000 1.2685200000 0.0368285000
-0.2188290000 1.2649200000 0.0079454900
-0.2739120000 1.0490400000 0.0112008000
-0.2975640000 0.9946800000 0.0856393000
-0.2393350000 0.9550420000 0.3236690000
-0.2096830000 0.9695920000 0.3530820000
-0.2024040000 1.0011300000 0.3846660000
-0.1581040000 1.1445400000 0.5206910000
-0.2156860000 1.2674800000 0.0551114000
-0.2205220000 1.2290000000 -0.0281335000
-0.2888990000 1.0268300000 0.0368006000
-0.2964370000 1.0233200000 0.0645485000
-0.2860270000 0.9391810000 0.1899390000
-0.1915300000 1.0259700000 0.4045130000
-0.1597180000 1.0790800000 0.4879480000
-0.1587350000 1.2061300000 0.4682640000
-0.1509660000 1.2089200000 0.4562990000
-0.1654690000 1.2186800000 0.3675010000
-0.2143900000 1.2661500000 0.1351240000
-0.2872760000 0.9405270000 0.1664200000
-0.1638980000 1.2077600000 0.4351490000
-0.2105740000 1.2535600000 0.2958800000
-0.1876760000 1.2685800000 0.2606130000
-0.2118610000 1.2765400000 0.1745730000
-0.2193140000 1.2796300000 0.1549160000
-0.2132430000 1.2631300000 0.1269280000
-0.2879280000 1.0467800000 0.0339010000
-0.2840090000 1.0157300000 0.0420592000
-0.3062610000 0.9723770000 0.1334370000
-0.1662210000 1.2060300000 0.3850060000
-0.1925890000 1.2480400000 0.3053430000
-0.2008310000 1.2841200000 0.2344050000
-0.2433970000 1.2373000000 -0.0192863000
-0.2318050000 1.1759300000 -0.0320163000
-0.2522650000 1.1137700000 -0.0252394000
-0.2588970000 1.0572100000 0.0052003100
-0.3016590000 0.9905540000 0.0923167000
-0.2870440000 0.9369970000 0.2015370000
-0.2814540000 0.9358100000 0.2276370000
-0.2871140000 0.9393660000 0.2358280000
-0.2728550000 0.9355720000 0.2605820000
-0.1769160000 1.0615600000 0.4616180000
-0.1680860000 1.0847700000 0.4972610000
-0.1627120000 1.1641200000 0.5097550000
-0.1542600000 1.1823000000 0.5037270000
-0.1643700000 1.2050600000 0.4276130000
-0.1735640000 1.2084100000 0.3916620000
-0.1828740000 1.2274500000 0.3662460000
-0.2036070000 1.2554600000 0.2869170000
-0.2234160000 1.2672000000 0.0787243000
-0.2317650000 1.2161100000 -0.0284443000
-0.2280350000 1.1430300000 -0.0357242000
-0.2518110000 1.1451400000 -0.0325416000
-0.2433480000 1.0999800000 -0.0196472000
-0.2871080000 0.9371790000 0.2540850000
-0.2792630000 0.9388460000 0.2716860000
-0.2278180000 0.9781450000 0.3634490000
-0.1677420000 1.0571500000 0.4555840000
-0.1580580000 1.1075400000 0.5165880000
-0.1668840000 1.1810500000 0.4965010000
-0.1780290000 1.2323200000 0.3588690000
-0.2123840000 1.2825900000 0.2072270000
-0.2225630000 1.2666600000 0.0657748000
-0.2478480000 1.2646800000 0.0609434000
-0.3068640000 1.0299600000 0.0730552000
-0.3079610000 0.9829840000 0.1138560000
-0.1644940000 1.0932300000 0.5073710000
-0.1633320000 1.2127800000 0.4107170000
-0.1970690000 1.2246700000 0.3833170000
-0.1961850000 1.2487000000 0.3245280000
-0.2090510000 1.2819900000 0.2442710000
-0.2574150000 1.1261300000 -0.0277648000
-0.2871190000 1.0929800000 0.0061179800
-0.2953850000 1.0221600000 0.0494516000
-0.2946930000 0.9413300000 0.2168660000
-0.1628730000 1.1949800000 0.4790280000
-0.1798390000 1.2120100000 0.4527250000
-0.1875990000 1.2104600000 0.4402210000
-0.1731250000 1.2166200000 0.4065890000
-0.1867710000 1.2128100000 0.3908730000
-0.1702640000 1.2407300000 0.3457670000
-0.2345660000 1.2717900000 0.1184930000
-0.2249570000 1.2697200000 0.1089050000
-0.2426680000 1.2568900000 0.0065323200
-0.2432770000 1.2201600000 -0.0261310000
-0.2723570000 1.0993400000 -0.0080925000
-0.2692820000 1.0812200000 0.0074268500
-0.3062230000 1.0322700000 0.0670553000
-0.2480000000 0.9504310000 0.3158260000
-0.2343120000 0.9620510000 0.3348340000
-0.1866230000 1.0179900000 0.4244930000
-0.1734120000 1.2084400000 0.4298510000
-0.1912750000 1.2151300000 0.3975120000
-0.2047910000 1.2591100000 0.2809210000
-0.1832060000 1.2774000000 0.1950610000
-0.2941410000 1.1022200000 0.0022668300
-0.2814330000 1.0759700000 0.0077464500
-0.3145520000 1.0761500000 0.0119375000
-0.3172480000 1.0005200000 0.1076460000
-0.3057930000 0.9578320000 0.1734220000
-0.2502590000 0.9685850000 0.3325550000
-0.2243160000 0.9862070000 0.3758200000
-0.2281090000 1.2815700000 0.1743340000
-0.2413930000 1.2646400000 0.0263976000
-0.2892960000 1.1081900000 -0.0084318600
-0.3088970000 1.0343500000 0.0498503000
-0.3058290000 0.9650580000 0.1438770000
-0.3198170000 0.9710470000 0.1608910000
-0.3070120000 0.9535970000 0.2011360000
-0.2470530000 0.9416130000 0.3056200000
-0.1879050000 1.0299700000 0.4458870000
-0.1714930000 1.0779300000 0.4881390000
-0.1802570000 1.2156800000 0.4135360000
-0.1919540000 1.2479900000 0.3315550000
-0.2422530000 1.2704100000 0.1384880000
-0.2445060000 1.2661300000 0.0870202000
-0.3083650000 1.0565300000 0.0408972000
-0.3181430000 1.0230400000 0.0842689000
-0.3095590000 0.9992520000 0.0950002000
-0.3000960000 0.9473530000 0.2238750000
-0.2704310000 0.9384710000 0.2852190000
-0.2070060000 1.0145200000 0.3887520000
-0.1856440000 1.0188400000 0.4342130000
-0.1569070000 1.1238000000 0.5220310000
-0.1836930000 1.1797800000 0.4883780000
-0.3075200000 1.0135100000 0.0802340000
-0.2637050000 0.9532410000 0.3122820000
-0.1874670000 1.0345200000 0.4481020000
-0.2009680000 1.0526300000 0.4586940000
-0.1831350000 1.0663000000 0.4700450000
-0.1961790000 1.2161400000 0.3925030000
-0.1802730000 1.2450900000 0.3393350000
-0.2418670000 1.2672800000 0.0953121000
-0.2617600000 1.1805000000 -0.0291367000
-0.3062880000 1.0612000000 0.0321375000
-0.3061470000 1.0397100000 0.0444997000
-0.1681640000 1.1339700000 0.5175980000
-0.1875180000 1.2138900000 0.4265090000
-0.2093220000 1.2290400000 0.3839320000
-0.2130210000 1.2664300000 0.2722100000
-0.2394590000 1.2847400000 0.2359590000
-0.2268020000 1.2752600000 0.1487960000
-0.2774900000 1.1195100000 -0.0206178000
-0.3153500000 1.0419600000 0.0723233000
-0.3222080000 0.9703480000 0.1899430000
-0.2109600000 1.2339600000 0.3731700000
-0.1767630000 1.2395100000 0.3528400000
-0.2232900000 1.2811200000 0.1625240000
-0.2631730000 1.2427700000 0.0014055600
-0.2762230000 1.2191500000 -0.0132055000
-0.2665310000 1.2152600000 -0.0211173000
-0.2732470000 1.1350200000 -0.0238838000
-0.3175060000 1.0427000000 0.0568460000
-0.3204420000 1.0419400000 0.0776654000
-0.3193910000 0.9877950000 0.1374370000
-0.2395500000 0.9998420000 0.3884220000
-0.1688440000 1.1727700000 0.5018050000
-0.1847510000 1.2186300000 0.4089450000
-0.2015820000 1.2158000000 0.3997930000
-0.2215310000 1.2515300000 0.3096920000
-0.2180790000 1.2849300000 0.2204950000
-0.2578620000 1.2636700000 0.0408788000
-0.2652320000 1.2571900000 0.0253475000
-0.2729500000 1.1733800000 -0.0261468000
-0.2821600000 1.1106100000 -0.0150132000
-0.3051490000 1.0665200000 0.0138747000
-0.3092050000 1.0660100000 0.0191928000
-0.3194590000 0.9722480000 0.1766670000
-0.3224230000 0.9744520000 0.1808020000
-0.2979270000 0.9462120000 0.2466140000
-0.2335020000 0.9765090000 0.3572990000
-0.2371140000 0.9907740000 0.3803410000
-0.2241610000 0.9963840000 0.3847640000
-0.1830290000 1.2082000000 0.4607180000
-0.2007910000 1.2747400000 0.2566380000
-0.2271100000 1.2813100000 0.1967290000
-0.3210440000 1.0004100000 0.1165100000
-0.3021070000 0.9528810000 0.2325630000
-0.2177220000 0.9904430000 0.3798860000
-0.2196940000 1.0165900000 0.3954690000
-0.2063310000 1.0156200000 0.4275560000
-0.1852060000 1.0760400000 0.4854940000
-0.1746880000 1.0995700000 0.5088210000
-0.1769240000 1.1345100000 0.5125330000
-0.1807440000 1.1928200000 0.4738080000
-0.2014960000 1.2343600000 0.3674390000
-0.2574630000 1.2736500000 0.1277440000
-0.2553720000 1.2646700000 0.0695260000
-0.3218930000 1.0467500000 0.0762105000
-0.2437180000 0.9874160000 0.3687270000
-0.1788790000 1.0905000000 0.5019710000
-0.1767500000 1.1888300000 0.4798110000
-0.2148880000 1.2437200000 0.3634560000
-0.2322410000 1.2836600000 0.2439690000
-0.2452150000 1.2828200000 0.1899680000
-0.2341440000 1.2698700000 0.1415790000
-0.3232310000 1.0231800000 0.0911274000
-0.3166130000 0.9623510000 0.1989770000
-0.2024730000 1.2202700000 0.4112130000
-0.2121340000 1.2467500000 0.3552860000
-0.2855020000 1.1308300000 -0.0184264000
-0.3000750000 1.0925200000 0.0080147300
-0.3190170000 0.9766180000 0.1494310000
-0.2798600000 0.9520530000 0.3009640000
-0.2584310000 0.9935960000 0.3625680000
-0.2118060000 1.0154700000 0.4339580000
-0.2180370000 1.0208000000 0.4465900000
-0.1820900000 1.1510800000 0.5050610000
-0.2659090000 1.2736400000 0.1310880000
-0.2925060000 1.2086200000 -0.0097186700
-0.2754790000 1.2018600000 -0.0244557000
-0.3321250000 1.0489300000 0.0850008000
-0.3114930000 0.9608400000 0.2215390000
-0.3060950000 0.9537910000 0.2588220000
-0.2812390000 0.9450070000 0.2862560000
-0.2032790000 1.0567800000 0.4621080000
-0.2256130000 1.2505400000 0.3426570000
-0.2381340000 1.2828400000 0.2063300000
-0.2602110000 1.2730900000 0.1490840000
-0.2604630000 1.2686100000 0.1094300000
-0.2672700000 1.2641900000 0.0825169000
-0.2654870000 1.2613600000 0.0573070000
-0.3002680000 1.1010200000 0.0059002700
-0.3220110000 1.0490200000 0.0523976000
-0.3372720000 1.0138300000 0.1416370000
-0.2443440000 0.9911710000 0.3783270000
-0.2066160000 1.0473700000 0.4572700000
-0.1822360000 1.1752900000 0.4935680000
-0.1998440000 1.2082500000 0.4476130000
-0.2771270000 1.2555200000 0.0351136000
-0.2941300000 1.1838400000 -0.0175054000
-0.3013630000 1.0766800000 0.0089886200
-0.3220560000 0.9969800000 0.1285710000
-0.2466400000 0.9785420000 0.3491190000
-0.2017720000 1.0615900000 0.4671040000
-0.1970170000 1.2060500000 0.4587310000
-0.2257350000 1.2307800000 0.3840100000
-0.2351390000 1.2563000000 0.2966670000
-0.2548270000 1.2813400000 0.2123400000
-0.2456090000 1.2806100000 0.1674760000
-0.3270630000 1.0202100000 0.1027250000
-0.2978680000 0.9464270000 0.2627160000
-0.2145830000 1.0173000000 0.4129350000
-0.2110810000 1.2139900000 0.4210490000
-0.2129780000 1.2183600000 0.4027820000
-0.2305920000 1.2490800000 0.3497250000
-0.3185690000 1.0696400000 0.0362765000
-0.3191150000 1.0496800000 0.0486388000
-0.3394700000 1.0047600000 0.1552370000
-0.3326230000 0.9897190000 0.1664980000
-0.2749620000 0.9722560000 0.3280340000
-0.2326750000 1.0149000000 0.3971840000
-0.1877830000 1.1325500000 0.5061870000
-0.1968680000 1.1660300000 0.4916040000
-0.1962090000 1.2153100000 0.4204590000
-0.2745460000 1.2417300000 0.0117500000
-0.2962490000 1.1604200000 -0.0147562000
-0.3218690000 0.9714130000 0.2039750000
-0.2956310000 0.9514550000 0.2782170000
-0.2166640000 1.0169500000 0.4405140000
-0.1983390000 1.0717500000 0.4809850000
-0.2316110000 1.2509900000 0.3217400000
-0.2315610000 1.2800300000 0.2549440000
-0.2523700000 1.2801000000 0.2496660000
-0.2557120000 1.2816300000 0.1963130000
-0.2491210000 1.2778400000 0.1574020000
-0.3185390000 1.0860600000 0.0092116900
-0.3310310000 1.0732800000 0.0471855000
-0.3303090000 1.0568300000 0.0602935000
-0.3275540000 1.0550900000 0.0721675000
-0.3340430000 1.0440400000 0.0939652000
-0.3078250000 0.9611950000 0.2388570000
-0.2841910000 0.9502920000 0.2939360000
-0.2722100000 0.9598940000 0.3163300000
-0.2661780000 0.9965770000 0.3583590000
-0.1896610000 1.0948300000 0.5018500000
-0.1886490000 1.1061300000 0.5058000000
-0.1986050000 1.1846800000 0.4737430000
-0.1871120000 1.2005300000 0.4663240000
-0.2436140000 1.2348700000 0.3776660000
-0.3184230000 1.1201800000 0.0006418810
-0.3348130000 1.0391100000 0.1015980000
-0.3316030000 1.0181300000 0.1140490000
-0.3174550000 0.9766970000 0.2322670000
-0.2183330000 1.0282100000 0.4522270000
-0.1999740000 1.2132100000 0.4364480000
-0.2278540000 1.2512900000 0.3382910000
-0.2888930000 1.2713200000 0.1421710000
-0.2795990000 1.2506100000 0.0274442000
-0.2906650000 1.1189000000 -0.0147041000
-0.3392340000 1.0676800000 0.0578943000
-0.3451930000 1.0382000000 0.1174900000
-0.2992410000 0.9601550000 0.2933050000
-0.2472670000 0.9966030000 0.3855400000
-0.2355600000 1.0142900000 0.4183420000
-0.2245420000 1.0156900000 0.4324430000
-0.2062990000 1.0970200000 0.4966650000
-0.1983330000 1.1365200000 0.5001040000
-0.2204740000 1.2191400000 0.4167120000
-0.2327950000 1.2429400000 0.3645560000
-0.2803210000 1.2625500000 0.0846218000
-0.2850120000 1.2538600000 0.0470968000
-0.3045230000 1.1336600000 -0.0133308000
-0.3114410000 1.1251200000 -0.0076072900
-0.3228320000 1.0760700000 0.0191709000
-0.3348050000 1.0820500000 0.0414638000
-0.3429480000 1.0682600000 0.0842755000
-0.3362890000 0.9962340000 0.1600200000
-0.2147260000 1.2091700000 0.4386780000
-0.2190590000 1.2216300000 0.3976210000
-0.2776860000 1.2728800000 0.1543000000
-0.2972180000 1.2609000000 0.1011100000
-0.3205140000 1.1330600000 -0.0071306500
-0.3467580000 1.0638500000 0.1054190000
-0.3357110000 0.9900640000 0.1857520000
-0.2634840000 0.9747000000 0.3339460000
-0.2757650000 1.0007000000 0.3568490000
-0.2093050000 1.1230600000 0.4979150000
-0.2138520000 1.1776300000 0.4728750000
-0.2426260000 1.2207800000 0.4062910000
-0.3018720000 1.2401100000 0.0357548000
-0.3105510000 1.1985800000 -0.0034440000
-0.2999440000 1.1949400000 -0.0130740000
-0.3412700000 1.0156400000 0.1488370000
-0.3414850000 1.0032100000 0.1709480000
-0.3140110000 0.9682720000 0.2587060000
-0.2099510000 1.2033600000 0.4538370000
-0.2275900000 1.2194900000 0.4048120000
-0.2467830000 1.2463200000 0.3548860000
-0.2493470000 1.2613100000 0.2899670000
-0.2814370000 1.2667700000 0.1193670000
-0.3034620000 1.2150500000 0.0091598400
-0.3114990000 1.1619100000 -0.0095429900
-0.3089130000 0.9589630000 0.2722760000
-0.2570430000 1.0039600000 0.3924330000
-0.2328980000 1.0117100000 0.3928050000
-0.2141380000 1.1618400000 0.4853660000
-0.2679250000 1.2478300000 0.3314970000
-0.2456610000 1.2687000000 0.2754490000
-0.3161070000 1.1077500000 0.0060792500
-0.3373960000 1.0689500000 0.0528767000
-0.3245440000 0.9801750000 0.2173790000
-0.2460340000 1.0166200000 0.4009290000
-0.2141940000 1.0677600000 0.4774140000
-0.2081400000 1.0800700000 0.4878550000
-0.2003790000 1.1742500000 0.4849330000
-0.2067550000 1.1866900000 0.4689010000
-0.2514070000 1.2505600000 0.3195970000
-0.2779420000 1.2601000000 0.2902750000
-0.2817900000 1.2760900000 0.1699310000
-0.3046400000 1.2599200000 0.1075440000
-0.3186880000 1.1794100000 -0.0054460100
-0.3280120000 1.1012900000 0.0068869400
-0.3325650000 1.0849500000 0.0235909000
-0.3388970000 1.0196000000 0.1357110000
-0.3255070000 0.9880470000 0.2300350000
-0.2797150000 0.9941000000 0.3477660000
-0.2171610000 1.2058100000 0.4473320000
-0.2724500000 1.2777500000 0.1882040000
-0.2951430000 1.2529000000 0.0609071000
-0.3194490000 1.1891000000 -0.0022573600
-0.3314300000 1.1317900000 -0.0013456200
-0.3417130000 1.0840900000 0.0487709000
-0.2313340000 1.0175900000 0.4399600000
-0.2310940000 1.0227200000 0.4490110000
-0.2134920000 1.1452500000 0.4897900000
-0.2368960000 1.2068300000 0.4274540000
-0.2660640000 1.2566100000 0.3010220000
-0.2564610000 1.2757600000 0.2600960000
-0.2982820000 1.2647500000 0.1288420000
-0.3057880000 1.2529400000 0.0811907000
-0.3131920000 1.2368800000 0.0422890000
-0.3455980000 1.1008000000 0.0289361000
-0.3401090000 1.0702000000 0.0726849000
-0.3308850000 0.9975790000 0.2322220000
-0.3209800000 0.9813620000 0.2526070000
-0.2598290000 0.9991670000 0.3837590000
-0.2204230000 1.0579400000 0.4662990000
-0.2072010000 1.1968400000 0.4637530000
-0.2183890000 1.1948500000 0.4612620000
-0.2300080000 1.2056800000 0.4323980000
-0.2738590000 1.2674800000 0.2725680000
-0.3308960000 1.0888900000 0.0136104000
-0.3143290000 0.9684120000 0.2760420000
-0.2320500000 1.0391000000 0.4593380000
-0.2298610000 1.0495300000 0.4632400000
-0.3123810000 1.2227800000 0.0225793000
-0.3393860000 1.1242800000 0.0024617300
-0.3495950000 1.0858600000 0.0556744000
-0.3541200000 1.0419500000 0.1476820000
-0.3522700000 1.0248300000 0.1594630000
-0.3365800000 0.9984490000 0.1983630000
-0.3340690000 0.9960870000 0.2157580000
-0.2462400000 1.0171800000 0.4306850000
-0.2256130000 1.1981800000 0.4550250000
-0.2617480000 1.2346100000 0.3772830000
-0.2684890000 1.2462700000 0.3516880000
-0.2810610000 1.2741700000 0.2506960000
-0.2803150000 1.2754100000 0.2426040000
-0.3031930000 1.2337600000 0.0273461000
-0.3333070000 1.1823200000 0.0027481900
-0.3503190000 1.1119600000 0.0237240000
-0.3412650000 1.0893300000 0.0427368000
-0.3429920000 1.0284800000 0.1275090000
-0.3150270000 0.9796250000 0.3004480000
-0.2852110000 0.9740490000 0.3237980000
-0.2497840000 1.0187800000 0.4089020000
-0.2263950000 1.0679500000 0.4772580000
-0.2355860000 1.1855600000 0.4628610000
-0.2338540000 1.1996700000 0.4463700000
-0.2479370000 1.2256000000 0.3972490000
-0.2628010000 1.2280500000 0.3890090000
-0.2921950000 1.2721600000 0.1600300000
-0.3132120000 1.2497500000 0.0828983000
-0.3278900000 1.1484000000 -0.0072486700
-0.3503100000 1.1038800000 0.0481243000
-0.3529300000 1.0869100000 0.0624241000
-0.2233100000 1.0825400000 0.4844600000
-0.2164310000 1.1118800000 0.4942970000
-0.2302420000 1.1397000000 0.4829010000
-0.2425850000 1.2155800000 0.4208870000
-0.2659470000 1.2528600000 0.3130070000
-0.2874610000 1.2740200000 0.2097100000
-0.3160480000 1.2406000000 0.0588200000
-0.3530900000 1.0783400000 0.1030890000
-0.3217000000 0.9862290000 0.2663110000
-0.3032060000 0.9739490000 0.3091380000
-0.2703460000 1.0051200000 0.3727370000
-0.2342570000 1.1098100000 0.4848130000
-0.2307160000 1.1740400000 0.4694310000
-0.2898260000 1.2634700000 0.2738810000
-0.3106270000 1.2618700000 0.1326060000
-0.3195940000 1.2068400000 0.0148901000
-0.3513240000 1.0846600000 0.0792479000
-0.3503560000 1.0750100000 0.0943779000
-0.3149050000 0.9733900000 0.2883980000
-0.2385350000 1.0541900000 0.4678060000
-0.2282650000 1.1254200000 0.4879450000
-0.2495940000 1.1989300000 0.4346430000
-0.3268950000 1.2377400000 0.0739371000
-0.3271690000 1.2216400000 0.0351012000
-0.3270760000 1.1961600000 0.0075632800
-0.3489160000 1.0157000000 0.1770060000
-0.3376370000 1.0023600000 0.2194680000
-0.2722880000 1.0087800000 0.3912800000
-0.2584470000 1.0199500000 0.4056210000
-0.2421980000 1.1925300000 0.4508010000
-0.2832220000 1.2718200000 0.2574460000
-0.3064370000 1.2675900000 0.1509440000
-0.3389860000 1.1448800000 -0.0015880600
-0.3596500000 1.0978100000 0.0605247000
-0.3624530000 1.0751500000 0.1236240000
-0.3560190000 1.0522100000 0.1269830000
-0.3227400000 0.9890730000 0.2965690000
-0.2631830000 1.0243400000 0.4172300000
-0.2280420000 1.1622000000 0.4801590000
-0.2637800000 1.1980200000 0.4322040000
-0.2690360000 1.2416900000 0.3631900000
-0.3398190000 1.1784500000 0.0081764800
-0.3467950000 1.1247300000 0.0113134000
-0.3467230000 1.0184000000 0.1914250000
-0.2803880000 1.0102000000 0.3667980000
-0.2417130000 1.0700100000 0.4764920000
-0.2815330000 1.2442400000 0.3347900000
-0.2965270000 1.2703900000 0.2451060000
-0.3042820000 1.2696400000 0.2027330000
-0.3521670000 1.1482800000 0.0130348000
-0.3577960000 1.1157400000 0.0492593000
-0.3643450000 1.1013700000 0.0761986000
-0.3625000000 1.0882200000 0.1123930000
-0.3484740000 1.0230500000 0.1952390000
-0.3443310000 1.0117800000 0.2170510000
-0.3376940000 1.0052500000 0.2329630000
-0.3276370000 0.9912550000 0.2467780000
-0.3311260000 0.9944400000 0.2627960000
-0.2704630000 1.0105300000 0.3968810000
-0.2634540000 1.0263800000 0.4295430000
-0.2514280000 1.0213900000 0.4389070000
-0.2418940000 1.0383200000 0.4589340000
-0.2393030000 1.1638700000 0.4738220000
-0.3230220000 1.2580200000 0.1359370000
-0.3289880000 1.2439300000 0.0920523000
-0.3238480000 0.9949380000 0.3102720000
-0.3007980000 0.9826760000 0.3216150000
-0.2807030000 1.0157900000 0.3981630000
-0.2472600000 1.1669200000 0.4700430000
-0.2610330000 1.2094100000 0.4239100000
-0.2601720000 1.2175200000 0.4097430000
-0.3019760000 1.2704900000 0.1796940000
-0.3360490000 1.2075700000 0.0273993000
-0.3410080000 1.1984900000 0.0241434000
-0.3611970000 1.1366400000 0.0385549000
-0.3648990000 1.0994400000 0.1056280000
-0.3593620000 1.0418400000 0.1610310000
-0.3555260000 1.0362500000 0.1828500000
-0.3248920000 0.9908470000 0.2737540000
-0.2446520000 1.1527900000 0.4759610000
-0.2517210000 1.1808300000 0.4561740000
-0.2885220000 1.2455300000 0.3227270000
-0.2951500000 1.2563300000 0.2881270000
-0.3205820000 1.2545400000 0.1119810000
-0.3661570000 1.0717500000 0.1394940000
-0.2928200000 1.0023100000 0.3500180000
-0.2541400000 1.0265100000 0.4447550000
-0.2514000000 1.0818500000 0.4759500000
-0.2468670000 1.1018400000 0.4790450000
-0.2391990000 1.1183400000 0.4843700000
-0.2632290000 1.1871900000 0.4446030000
-0.2773240000 1.2200000000 0.3977340000
-0.3474650000 1.1790000000 0.0168500000
-0.3529090000 1.1343500000 0.0150811000
-0.3517280000 1.1223500000 0.0177754000
-0.3645200000 1.0983800000 0.0874343000
-0.3539350000 1.0275500000 0.2003760000
-0.3156150000 1.0003200000 0.3278200000
-0.2767990000 1.0219200000 0.4105220000
-0.2753400000 1.0283300000 0.4215610000
-0.2441250000 1.1346900000 0.4787000000
-0.2569610000 1.1687200000 0.4619850000
-0.3024740000 1.2697100000 0.2273710000
-0.3403480000 1.2250300000 0.0704699000
-0.3483630000 1.2143400000 0.0648986000
-0.3670870000 1.0878600000 0.1294060000
-0.3296320000 0.9982080000 0.2907750000
-0.2756610000 1.0397200000 0.4439500000
-0.2571230000 1.0365700000 0.4530560000
-0.2563630000 1.1087500000 0.4770160000
-0.2549220000 1.1484800000 0.4739640000
-0.2865020000 1.2402400000 0.3526460000
-0.2956560000 1.2470300000 0.3130220000
-0.3069500000 1.2536900000 0.2841750000
-0.3619650000 1.1470600000 0.0303412000
-0.3572520000 1.1209300000 0.0446007000
-0.3726720000 1.1131600000 0.0817456000
-0.3698370000 1.0995500000 0.1189650000
-0.3501070000 1.0225400000 0.2216600000
-0.3326760000 0.9978700000 0.2715970000
-0.3058950000 1.0004900000 0.3400900000
-0.3037650000 1.0221200000 0.3665280000
-0.2728480000 1.0334600000 0.4364230000
-0.2560320000 1.0654000000 0.4675350000
-0.2862520000 1.2374600000 0.3618370000
-0.3156720000 1.2652300000 0.1773770000
-0.3598360000 1.1741500000 0.0309022000
-0.3669100000 1.1165300000 0.0600963000
-0.3682760000 1.0718800000 0.1503230000
-0.3453440000 1.0170500000 0.2304910000
-0.2769200000 1.2028900000 0.4260250000
-0.3503850000 1.1947600000 0.0381186000
-0.3689320000 1.1646800000 0.0399842000
-0.3676520000 1.0671200000 0.1589430000
-0.3648110000 1.0579500000 0.1691580000
-0.3650490000 1.0570200000 0.1772500000
-0.3556920000 1.0326700000 0.1925460000
-0.3440710000 1.0113700000 0.2446470000
-0.3376290000 1.0065800000 0.2805290000
-0.2833540000 1.1831500000 0.4392990000
-0.2971740000 1.2145200000 0.3946330000
-0.2863130000 1.2292900000 0.3769140000
-0.3014530000 1.2667000000 0.2548360000
-0.3140830000 1.2633700000 0.2451710000
-0.3195210000 1.2633600000 0.2265640000
-0.3191470000 1.2641600000 0.2069520000
-0.3347160000 1.2483800000 0.1174680000
-0.3440380000 1.2360200000 0.0984900000
-0.3681480000 1.1570000000 0.0404709000
-0.3744390000 1.1099100000 0.1329590000
-0.3546900000 1.0236500000 0.2276580000
-0.3415740000 1.0089600000 0.2667970000
-0.2859280000 1.0210800000 0.4075540000
-0.2631050000 1.0501200000 0.4595570000
-0.2604720000 1.1576400000 0.4656930000
-0.3015530000 1.2361800000 0.3398170000
-0.3081090000 1.2386900000 0.3241560000
-0.3629920000 1.1984600000 0.0662475000
-0.3712520000 1.1182000000 0.0682860000
-0.3620310000 1.0448400000 0.1876900000
-0.3333880000 1.0058900000 0.3081950000
-0.3095130000 1.0308000000 0.3747820000
-0.2856000000 1.0177900000 0.3772060000
-0.2661440000 1.0715100000 0.4680960000
-0.2595970000 1.1279800000 0.4761960000
-0.3022060000 1.2230100000 0.3747850000
-0.3166680000 1.2515200000 0.2777650000
-0.3691300000 1.1398000000 0.0552589000
-0.3744250000 1.1053800000 0.1386450000
-0.3548880000 1.0286600000 0.2116680000
-0.2953270000 1.0270900000 0.3889730000
-0.2832810000 1.0360400000 0.4322310000
-0.2825650000 1.2048300000 0.4203370000
-0.3048540000 1.2289000000 0.3592030000
-0.3754060000 1.0924900000 0.1490330000
-0.3689220000 1.0608800000 0.1751230000
-0.3600710000 1.0376100000 0.1930930000
-0.2711960000 1.0491200000 0.4528640000
-0.2656160000 1.0953200000 0.4749070000
-0.2713820000 1.1680600000 0.4546010000
-0.2922650000 1.1929800000 0.4290230000
-0.3154420000 1.2398100000 0.3113140000
-0.3322180000 1.2571300000 0.2283970000
-0.3296080000 1.2594900000 0.1886610000
-0.3319680000 1.2565800000 0.1489930000
-0.3473990000 1.2434300000 0.1287640000
-0.3565140000 1.2250700000 0.0958497000
-0.3720980000 1.0789700000 0.1637200000
-0.3036590000 1.0375600000 0.4078080000
-0.2706200000 1.1108100000 0.4720620000
-0.2741740000 1.1312700000 0.4670910000
-0.2841790000 1.1354800000 0.4620490000
-0.3400230000 1.2539000000 0.1737750000
-0.3406430000 1.2510500000 0.1432450000
-0.3761800000 1.1348700000 0.0715079000
-0.3782820000 1.1232400000 0.1136450000
-0.3571860000 1.0285300000 0.2109350000
-0.3445440000 1.0108900000 0.2660990000
-0.2862370000 1.0461700000 0.4437010000
-0.2777190000 1.0691700000 0.4581330000
-0.3297290000 1.2473500000 0.2695930000
-0.3752340000 1.1605200000 0.0575702000
-0.3803590000 1.1537700000 0.0771124000
-0.3778040000 1.1282700000 0.0984693000
-0.3786710000 1.1026600000 0.1609450000
-0.3657680000 1.0506600000 0.1829450000
-0.3491890000 1.0119500000 0.2582550000
-0.3422470000 1.0179100000 0.2997950000
-0.3155880000 1.0139000000 0.3512410000
-0.3103430000 1.0408400000 0.4007450000
-0.2925700000 1.0305200000 0.4199520000
-0.2840660000 1.1709800000 0.4475190000
-0.3759110000 1.1822500000 0.0782965000
-0.3768530000 1.1700600000 0.0644973000
-0.3839000000 1.1426600000 0.1110410000
-0.3789040000 1.1299000000 0.1350780000
-0.3756920000 1.0866700000 0.1669510000
-0.3629380000 1.0428500000 0.1834750000
-0.3530470000 1.0170400000 0.2390460000
-0.3315220000 1.0153500000 0.3298250000
-0.3802160000 1.1390500000 0.0884380000
-0.3788790000 1.1280600000 0.1433910000
-0.3602290000 1.0241600000 0.2135470000
-0.3268420000 1.0371200000 0.3692720000
-0.2975420000 1.0440700000 0.4337890000
-0.3197430000 1.2242400000 0.3428240000
-0.3276560000 1.2392900000 0.2943520000
-0.3281500000 1.2549700000 0.2493390000
-0.3344000000 1.2575100000 0.2082330000
-0.3641630000 1.2131000000 0.0908190000
-0.2848650000 1.1011700000 0.4679340000
-0.3160450000 1.2172300000 0.3679850000
-0.3750470000 1.0707500000 0.1693380000
-0.3690900000 1.0514200000 0.1788170000
-0.3566110000 1.0135100000 0.2047390000
-0.3562540000 1.0137800000 0.2281690000
-0.3534360000 1.0195700000 0.2745600000
-0.2942180000 1.0545100000 0.4444490000
-0.2734590000 1.0976000000 0.4707300000
-0.3094950000 1.1821200000 0.4286110000
-0.3077320000 1.2050800000 0.3996960000
-0.3591970000 1.2312000000 0.1191410000
-0.3808930000 1.1708500000 0.0802575000
-0.3685770000 1.0458700000 0.1813500000
-0.3583200000 1.0297100000 0.1890420000
-0.3548000000 1.0223400000 0.1911650000
-0.3539750000 1.0191300000 0.1970210000
-0.3557330000 1.0095400000 0.2434660000
-0.3549130000 1.0107500000 0.2546290000
-0.3487850000 1.0211000000 0.2948140000
-0.2976320000 1.1648000000 0.4446670000
-0.3501070000 1.2483200000 0.2101900000
-0.3795910000 1.1958400000 0.1032790000
-0.3850140000 1.1398100000 0.1504620000
-0.3834690000 1.1033500000 0.1654610000
-0.3706510000 1.0487700000 0.1778070000
-0.3564060000 1.0079900000 0.2210890000
-0.3186440000 1.0452300000 0.3856340000
-0.3864620000 1.1603600000 0.0992831000
-0.3865110000 1.1572100000 0.1273200000
-0.3807190000 1.1155800000 0.1563450000
-0.3773170000 1.0664800000 0.1760590000
-0.3698140000 1.0493300000 0.1663670000
-0.3610250000 1.0166800000 0.1815000000
-0.2942310000 1.0866900000 0.4575040000
-0.2969460000 1.1110300000 0.4612740000
-0.3205820000 1.2083400000 0.3778140000
-0.3880790000 1.1783000000 0.1192580000
-0.3786250000 1.0667100000 0.1745560000
-0.3595160000 1.0264500000 0.1793240000
-0.3594550000 1.0106800000 0.1971560000
-0.3570090000 1.0036000000 0.2571790000
-0.3564340000 1.0180200000 0.2776470000
-0.3109760000 1.0472400000 0.4180510000
-0.3264830000 1.0666300000 0.4122550000
-0.3073750000 1.0535200000 0.4326240000
-0.3079320000 1.1022700000 0.4573200000
-0.3336020000 1.2017000000 0.3665950000
-0.3297310000 1.2259400000 0.3223020000
-0.3490460000 1.2495600000 0.1935810000
-0.3498170000 1.2478300000 0.1717080000
-0.3567510000 1.2401800000 0.1467530000
-0.3845330000 1.1704800000 0.0868210000
-0.3865810000 1.1290900000 0.1626640000
-0.3880190000 1.1078000000 0.1710130000
-0.3625820000 1.0120700000 0.1924720000
-0.3458750000 1.0269300000 0.3125400000
-0.3418940000 1.0294400000 0.3372220000
-0.2966540000 1.1444400000 0.4539630000
-0.3258660000 1.1947900000 0.3912390000
-0.3410300000 1.2330800000 0.2880800000
-0.3436660000 1.2490100000 0.2344260000
-0.3847640000 1.1928400000 0.1211580000
-0.3202940000 1.1580600000 0.4360520000
-0.3307210000 1.2148900000 0.3443560000
-0.3480860000 1.2356800000 0.2702120000
-0.3571170000 1.2354100000 0.2508910000
-0.3786510000 1.2217700000 0.1564530000
-0.3878880000 1.1001200000 0.1717010000
-0.3839320000 1.0835600000 0.1734490000
-0.3668870000 1.0351100000 0.1672150000
-0.3602630000 0.9979410000 0.2155780000
-0.3558710000 1.0227700000 0.2936180000
-0.3510520000 1.0292700000 0.3090860000
-0.3494160000 1.0412100000 0.3390160000
-0.3244710000 1.0759400000 0.4277660000
-0.3126510000 1.0816600000 0.4455720000
-0.3744080000 1.2301100000 0.1809890000
-0.3772710000 1.2119800000 0.1241310000
-0.3892670000 1.1566900000 0.1423930000
-0.3888060000 1.1509800000 0.1562500000
-0.3658940000 1.0206400000 0.1756230000
-0.3606160000 0.9980880000 0.2374020000
-0.3602770000 1.0242000000 0.2983910000
-0.3567620000 1.0364200000 0.3188550000
-0.3228950000 1.1094500000 0.4500870000
-0.3888120000 1.1694500000 0.1216670000
-0.3610700000 1.0040800000 0.2671600000
-0.3507850000 1.0504900000 0.3544290000
-0.3320650000 1.0640200000 0.3970230000
-0.3363220000 1.1604500000 0.4144250000
-0.3444400000 1.1994300000 0.3477500000
-0.3892670000 1.1963400000 0.1417680000
-0.3810880000 1.0820300000 0.1590790000
-0.3748010000 1.0518200000 0.1591600000
-0.3924280000 1.1755800000 0.1404280000
-0.3929420000 1.1761600000 0.1609230000
-0.3910410000 1.1174400000 0.1706820000
-0.3551030000 1.0460600000 0.3326610000
-0.3355390000 1.0863100000 0.4222940000
-0.3203430000 1.0991200000 0.4506760000
-0.3300310000 1.1806600000 0.4040420000
-0.3401890000 1.1824200000 0.3839050000
-0.3442010000 1.2106700000 0.3277430000
-0.3624080000 1.2216200000 0.2822940000
-0.3648500000 1.2387600000 0.1963140000
-0.3827870000 1.2117800000 0.1451490000
-0.3683200000 0.9962210000 0.2175740000
-0.3682430000 0.9919120000 0.2289900000
-0.3676520000 0.9955150000 0.2509370000
-0.3543390000 1.2212700000 0.2939330000
-0.3914320000 1.1526400000 0.1636570000
-0.3744880000 1.0456500000 0.1641260000
-0.3766070000 1.0555000000 0.1746970000
-0.3772240000 1.0553600000 0.2142390000
-0.3372700000 1.0483500000 0.3716610000
-0.3533580000 1.2000300000 0.3337130000
-0.3504490000 1.2138100000 0.3134450000
-0.3648730000 1.2263300000 0.2646490000
-0.3741250000 1.2301700000 0.2151590000
-0.3924520000 1.1410700000 0.1693080000
-0.3880810000 1.1096500000 0.1594600000
-0.3657230000 1.0139100000 0.2881770000
-0.3432710000 1.0848700000 0.4098770000
-0.3928310000 1.1965900000 0.1647930000
-0.3832430000 1.0841300000 0.1554740000
-0.3835990000 1.0731200000 0.1538130000
-0.3812910000 1.0637200000 0.1628850000
-0.3650340000 1.0291900000 0.3144870000
-0.3600490000 1.0497700000 0.3348470000
-0.3338440000 1.1107200000 0.4374900000
-0.3372150000 1.1437200000 0.4234180000
-0.3542370000 1.1851500000 0.3532710000
-0.3969810000 1.1808100000 0.1700710000
-0.3983370000 1.1683900000 0.1699970000
-0.3953340000 1.1476600000 0.1672960000
-0.3860020000 1.0726300000 0.1546850000
-0.3826760000 1.0758800000 0.1718000000
-0.3809250000 1.0666300000 0.2035710000
-0.3814730000 1.0561000000 0.2157370000
-0.3731630000 0.9913850000 0.2359570000
-0.3751930000 1.0147900000 0.2860460000
-0.3621440000 1.0660200000 0.3550920000
-0.3505940000 1.1523600000 0.3965760000
-0.3639030000 1.2117700000 0.3033790000
-0.3864470000 1.2164200000 0.1836620000
-0.3950880000 1.1387400000 0.1591330000
-0.3716800000 1.0261800000 0.3098880000
-0.3677570000 1.0528500000 0.3372020000
-0.3485380000 1.1041500000 0.4197930000
-0.3496520000 1.1236900000 0.4137600000
-0.3942830000 1.2030800000 0.1828080000
-0.3954590000 1.1906100000 0.1702120000
-0.3908430000 1.1190400000 0.1566610000
-0.3900760000 1.0995000000 0.1520350000
-0.3918240000 1.1025300000 0.1666340000
-0.3792790000 1.0028300000 0.2481990000
-0.3745640000 0.9985430000 0.2623430000
-0.3483700000 1.1114900000 0.4199850000
-0.3557240000 1.1670400000 0.3730820000
-0.3642570000 1.1906000000 0.3373420000
-0.3760200000 1.2211400000 0.2653380000
-0.3731820000 1.2287900000 0.2337540000
-0.3814570000 1.2241300000 0.2029490000
-0.3993830000 1.1886000000 0.1760220000
-0.3992060000 1.1526000000 0.1621480000
-0.3882080000 1.0821600000 0.1940890000
-0.3839090000 1.0482300000 0.2251990000
-0.3820140000 0.9969800000 0.2541790000
-0.3814540000 1.0056900000 0.2755540000
-0.3648590000 1.0629600000 0.3468020000
-0.3570700000 1.0715800000 0.3733810000
-0.3554760000 1.1025400000 0.4066680000
-0.3909020000 1.0852000000 0.1517960000
-0.3981330000 1.1178100000 0.1657880000
-0.3886300000 1.0593400000 0.2069680000
-0.3870000000 1.0277700000 0.2669860000
-0.3866050000 1.0203600000 0.2668170000
-0.3768820000 1.0220800000 0.2960590000
-0.3779900000 1.1867100000 0.3310220000
-0.3776230000 1.2127700000 0.2901040000
-0.3857330000 1.2121900000 0.2724350000
-0.3900250000 1.2157600000 0.1997750000
-0.4035520000 1.1717800000 0.1698460000
-0.3841000000 1.0681700000 0.2053260000
-0.3810210000 1.0237500000 0.2948350000
-0.3773320000 1.0635900000 0.3401400000
-0.3729240000 1.2013500000 0.3155290000
-0.3886250000 1.2194100000 0.2329770000
-0.4059040000 1.1612000000 0.1712210000
-0.3976970000 1.1145800000 0.1512960000
-0.3911470000 1.0442000000 0.2438800000
-0.3906160000 1.0331200000 0.2773940000
-0.3692870000 1.0790000000 0.3581060000
-0.3690730000 1.1086300000 0.3849880000
-0.3897430000 1.2188000000 0.2173670000
-0.4016620000 1.2058500000 0.1990580000
-0.4047820000 1.1890800000 0.1802430000
-0.4026280000 1.1119800000 0.1520370000
-0.3997560000 1.1022300000 0.1544090000
-0.3894410000 1.0054400000 0.2670960000
-0.3885880000 1.0251200000 0.3014260000
-0.3802190000 1.0427600000 0.3133650000
-0.3618950000 1.1477300000 0.3793230000
-0.3671310000 1.1621700000 0.3629750000
-0.3791040000 1.2049300000 0.3019950000
-0.4005470000 1.1317200000 0.1566690000
-0.3929890000 1.0912800000 0.1942930000
-0.3970410000 1.0582700000 0.2049470000
-0.4013100000 1.0456200000 0.2362570000
-0.3879370000 1.0132300000 0.2632320000
-0.3889140000 1.0065700000 0.2625660000
-0.3877150000 1.2003500000 0.2932980000
-0.4000510000 1.2142900000 0.2206080000
-0.4078550000 1.1840400000 0.1891030000
-0.4061980000 1.1485800000 0.1646340000
-0.4032920000 1.1118000000 0.1878010000
-0.3908630000 1.0345400000 0.3118050000
-0.3851240000 1.0617600000 0.3310650000
-0.3763590000 1.1040200000 0.3662500000
-0.3654300000 1.1309400000 0.3831110000
-0.3850360000 1.1715200000 0.3341190000
-0.3763110000 1.1220700000 0.3705200000
-0.3881970000 1.1799800000 0.3222940000
-0.4048170000 1.2096500000 0.2207990000
-0.4104940000 1.1852400000 0.1947900000
-0.4090140000 1.1402000000 0.1556890000
-0.3988260000 1.0712800000 0.1940170000
-0.3987600000 1.0175800000 0.2815490000
-0.3929480000 1.0204400000 0.2955460000
-0.3936220000 1.1914500000 0.3054850000
-0.3934350000 1.2162900000 0.2432790000
-0.4090000000 1.1243200000 0.1556920000
-0.4109370000 1.1311100000 0.1677100000
-0.4032550000 1.0445500000 0.3169200000
-0.3902740000 1.0787700000 0.3375000000
-0.3848590000 1.0801000000 0.3413570000
-0.4071110000 1.1264500000 0.1742140000
-0.4067750000 1.0448300000 0.2556550000
-0.4095080000 1.0447600000 0.2678920000
-0.3979470000 1.0192400000 0.2733660000
-0.3838450000 1.1470300000 0.3529390000
-0.3940010000 1.2094500000 0.2712120000
-0.4094870000 1.1962600000 0.2108400000
-0.4104130000 1.1748000000 0.1843240000
-0.4148110000 1.1638800000 0.1687010000
-0.3990130000 1.0502600000 0.2179830000
-0.3902700000 1.1094900000 0.3512900000
-0.3889350000 1.1676200000 0.3346140000
-0.3990710000 1.0683800000 0.1857770000
-0.3993310000 1.0538300000 0.2029810000
-0.3954060000 1.1036900000 0.3437660000
-0.3881030000 1.1293400000 0.3563050000
-0.3990510000 1.1583000000 0.3376700000
-0.4057540000 1.1988200000 0.2959280000
-0.4043080000 1.2132800000 0.2639040000
-0.4084300000 1.2129700000 0.2538190000
-0.4112270000 1.2077100000 0.2338010000
-0.4203650000 1.1797700000 0.1789410000
-0.4046520000 1.0862300000 0.1836130000
-0.4000390000 1.0406000000 0.2635860000
-0.4033260000 1.0252200000 0.2801010000
-0.4164690000 1.2103300000 0.2666170000
-0.4175250000 1.1930700000 0.1987100000
-0.4180400000 1.1473800000 0.1618480000
-0.4154640000 1.1389200000 0.1641970000
-0.3996770000 1.1332200000 0.3462530000
-0.4079790000 1.1507300000 0.3316380000
-0.4051910000 1.0921800000 0.1879390000
-0.3984860000 1.0423500000 0.1755650000
-0.4055290000 1.0437200000 0.2224570000
-0.4001230000 1.0580700000 0.3241150000
-0.4052980000 1.1793000000 0.3240150000
-0.4115500000 1.2074000000 0.2772380000
-0.4121940000 1.1247000000 0.1877780000
-0.4026500000 1.0836400000 0.1708180000
-0.4005900000 1.0375900000 0.1891690000
-0.4090830000 1.1194300000 0.3375140000
-0.4117610000 1.1871300000 0.3127760000
-0.4184870000 1.2121600000 0.2484470000
-0.4235570000 1.2094100000 0.2207140000
-0.4220780000 1.1661100000 0.1687050000
-0.4191880000 1.1466300000 0.1854270000
-0.4166540000 1.1135300000 0.1750700000
-0.4094910000 1.0343500000 0.2134430000
-0.4150880000 1.0818800000 0.3337560000
-0.4025600000 1.0793300000 0.3313140000
-0.4284470000 1.2102400000 0.2236460000
-0.4054780000 1.0885800000 0.1592090000
-0.4096660000 1.0433000000 0.2737900000
-0.4073770000 1.0366100000 0.3075370000
-0.4152980000 1.1801500000 0.3186820000
-0.4182890000 1.1956800000 0.2871010000
-0.3990460000 1.0702900000 0.1592240000
-0.4020280000 1.0476100000 0.1644580000
-0.4072260000 1.0318500000 0.1927870000
-0.4119690000 1.0542700000 0.3221350000
-0.4186390000 1.1378100000 0.3365890000
-0.4218510000 1.1766900000 0.3067620000
-0.4256160000 1.2061000000 0.2565190000
-0.4267980000 1.2100300000 0.2389980000
-0.4273760000 1.1938300000 0.1930010000
-0.4275700000 1.1685700000 0.1803650000
-0.4179190000 1.1252100000 0.1843840000
-0.4137790000 1.0386400000 0.2442540000
-0.4202360000 1.0442900000 0.2736230000
-0.4195640000 1.0523800000 0.3126840000
-0.4247670000 1.1416700000 0.3330330000
-0.4144600000 1.1752500000 0.3233320000
-0.4218040000 1.1914700000 0.2885360000
-0.4270710000 1.2004800000 0.2679610000
-0.4282770000 1.1743900000 0.1785040000
-0.4257900000 1.1584800000 0.1893040000
-0.4051750000 1.0615400000 0.1551880000
-0.4167110000 1.0448200000 0.3023420000
-0.4271200000 1.1901400000 0.2924130000
-0.4345440000 1.2051500000 0.2093060000
-0.4274540000 1.1823900000 0.1809900000
-0.4344460000 1.1905000000 0.1944320000
-0.4258290000 1.1503700000 0.1878270000
-0.4269330000 1.1432700000 0.1830960000
-0.4227260000 1.0506800000 0.2951700000
-0.4258250000 1.1604700000 0.3219900000
-0.4111580000 1.0452700000 0.1644030000
-0.4037200000 1.0339100000 0.1806250000
-0.4272710000 1.0400300000 0.2722830000
-0.4205730000 1.0657600000 0.3247390000
-0.4208270000 1.1213500000 0.3383660000
-0.4291600000 1.1683200000 0.3143410000
-0.4319160000 1.2100000000 0.2394710000
-0.4371760000 1.1856600000 0.2005160000
-0.4083530000 1.0365900000 0.1744120000
-0.4382560000 1.2029600000 0.2789780000
-0.4390740000 1.2114400000 0.2378720000
-0.4335610000 1.1591600000 0.1876710000
-0.4160470000 1.1104500000 0.1606370000
-0.4217140000 1.0299900000 0.2357050000
-0.4265250000 1.0577600000 0.3064560000
-0.4402480000 1.2093100000 0.2261360000
-0.4276310000 1.1403700000 0.1762970000
-0.4201520000 1.1062800000 0.1529010000
-0.4080790000 1.0783800000 0.1532470000
-0.4201250000 1.0533800000 0.1613250000
-0.4358860000 1.0431500000 0.2837070000
-0.4280880000 1.0884900000 0.3322810000
-0.4360310000 1.1055300000 0.3316030000
-0.4286420000 1.1107700000 0.3359980000
-0.4312860000 1.1400200000 0.3303660000
-0.4392900000 1.1895500000 0.3017860000
-0.4411210000 1.2082200000 0.2642810000
-0.4407530000 1.2020400000 0.2166680000
-0.4360680000 1.1590900000 0.1811640000
-0.4213520000 1.0783400000 0.1519050000
-0.4324020000 1.0663400000 0.3110740000
-0.4324090000 1.1285100000 0.3340630000
-0.4417690000 1.1522800000 0.3262630000
-0.4445160000 1.1968800000 0.2928900000
-0.4447540000 1.1966000000 0.2190100000
-0.4192170000 1.0690400000 0.1547870000
-0.4406750000 1.0236300000 0.2492420000
-0.4296480000 1.0489000000 0.2908090000
-0.4374760000 1.0746600000 0.3145070000
-0.4418520000 1.1714600000 0.3171610000
-0.4452110000 1.1829400000 0.3088230000
-0.4377480000 1.1771300000 0.1963410000
-0.4271470000 1.1254700000 0.1538060000
-0.4261690000 1.0979500000 0.1487410000
-0.4196760000 1.0283400000 0.2155880000
-0.4433780000 1.0594100000 0.3042810000
-0.4448640000 1.2074900000 0.2501080000
-0.4201960000 1.0415300000 0.1720330000
-0.4541310000 1.1883900000 0.2967120000
-0.4451590000 1.2060000000 0.2675370000
-0.4486200000 1.2019800000 0.2476210000
-0.4259330000 1.0321200000 0.1872740000
-0.4353860000 1.0284800000 0.2565920000
-0.4418300000 1.1323100000 0.3309670000
-0.4486800000 1.1977400000 0.2248740000
-0.4264730000 1.0286400000 0.1986130000
-0.4471300000 1.0474400000 0.2924050000
-0.4455160000 1.0967500000 0.3181700000
-0.4366100000 1.1539300000 0.1648740000
-0.4406690000 1.1550100000 0.1589750000
-0.4288640000 1.0674300000 0.1491770000
-0.4405210000 1.0218600000 0.2315730000
-0.4513680000 1.1247000000 0.3210700000
-0.4568930000 1.1784700000 0.3064890000
-0.4535600000 1.1975400000 0.2700360000
-0.4518530000 1.1994900000 0.2463370000
-0.4627760000 1.2041900000 0.2163800000
-0.4428710000 1.1717100000 0.1886360000
-0.4487850000 1.1725300000 0.1680410000
-0.4269640000 1.0548200000 0.1520710000
-0.4510730000 1.0338300000 0.2782700000
-0.4554040000 1.1445000000 0.3192290000
-0.4556200000 1.1656300000 0.3146990000
-0.4359680000 1.0888200000 0.1479940000
-0.4464160000 1.0283700000 0.2679790000
-0.4552880000 1.1166300000 0.3182570000
-0.4611360000 1.1913000000 0.2988560000
-0.4585480000 1.2039200000 0.2247720000
-0.4284470000 1.0378800000 0.1743900000
-0.4580200000 1.0837400000 0.3166420000
-0.4621900000 1.2024500000 0.2801730000
-0.4579370000 1.1855300000 0.1766970000
-0.4291030000 1.0442000000 0.1601380000
-0.4611330000 1.1432000000 0.3195510000
-0.4627690000 1.1685200000 0.3141270000
-0.4435260000 1.1462000000 0.1486660000
-0.4369670000 1.0434000000 0.1648740000
-0.4387850000 1.0355900000 0.1837640000
-0.4757950000 1.2095000000 0.3048240000
-0.4658790000 1.2091800000 0.2592310000
-0.4584800000 1.1898200000 0.1963940000
-0.4556330000 1.1696600000 0.1559980000
-0.4356420000 1.0716600000 0.1485780000
-0.4355420000 1.0584000000 0.1519030000
-0.4650380000 1.0695700000 0.3124290000
-0.4654890000 1.1107100000 0.3197940000
-0.4409040000 1.0236900000 0.2060900000
-0.4351340000 1.1224600000 0.1448960000
-0.4470780000 1.0311800000 0.1916290000
-0.4615640000 1.0481800000 0.2946440000
-0.4789660000 1.0775400000 0.3172150000
-0.4762370000 1.1615000000 0.3243590000
-0.4781160000 1.2224000000 0.2769600000
-0.4728920000 1.2136300000 0.2242200000
-0.4425370000 1.0715000000 0.1450910000
-0.4594830000 1.0246500000 0.2660880000
-0.4672000000 1.0391300000 0.2889290000
-0.4727030000 1.0434800000 0.3008790000
-0.4752530000 1.0581900000 0.3049190000
-0.4733570000 1.1228000000 0.3257580000
-0.4693510000 1.2121200000 0.2353650000
-0.4420670000 1.0572900000 0.1506390000
-0.4849890000 1.1001500000 0.3270280000
-0.4869440000 1.1348600000 0.3321080000
-0.4681160000 1.2003000000 0.2015730000
-0.4607740000 1.1422200000 0.1397740000
-0.4538180000 1.0199300000 0.2302480000
-0.4862290000 1.2217400000 0.2908360000
-0.4894010000 1.2312500000 0.2573830000
-0.4544990000 1.1524300000 0.1450630000
-0.4558600000 1.0196000000 0.2441180000
-0.4788480000 1.0464900000 0.3075600000
-0.4776770000 1.1894400000 0.3183490000
-0.4776110000 1.2143600000 0.2125030000
-0.4642550000 1.2018500000 0.1868060000
-0.4447360000 1.1020200000 0.1421920000
-0.4443970000 1.0400900000 0.1678660000
-0.4930840000 1.2292800000 0.2752210000
-0.4799130000 1.2179100000 0.1956380000
-0.4404910000 1.1128400000 0.1418230000
-0.4912790000 1.0867000000 0.3247290000
-0.4890690000 1.1127500000 0.3312270000
-0.4910750000 1.1733200000 0.3279260000
-0.4776230000 1.2194900000 0.2022960000
-0.4545040000 1.0233800000 0.2083460000
-0.4884140000 1.0542400000 0.3132270000
-0.4888250000 1.0671700000 0.3145120000
-0.4927300000 1.1471500000 0.3324340000
-0.4632540000 1.1802000000 0.1610010000
-0.4572900000 1.0364200000 0.1883880000
-0.4720490000 1.0248000000 0.2672170000
-0.4758220000 1.1959200000 0.1761760000
-0.4523770000 1.0963600000 0.1436260000
-0.4562110000 1.0665000000 0.1525480000
-0.4569040000 1.0546200000 0.1600470000
-0.4864070000 1.0429100000 0.3012310000
-0.5045090000 1.1814700000 0.3277740000
-0.4583190000 1.0821700000 0.1500350000
-0.4967970000 1.0538800000 0.3016190000
-0.5114030000 1.1229800000 0.3321510000
-0.4989400000 1.2031500000 0.3174750000
-0.4854060000 1.2204100000 0.2180830000
-0.4864400000 1.2086100000 0.1972590000
-0.4613410000 1.0496900000 0.1712090000
-0.4706040000 1.0226100000 0.2048860000
-0.4744230000 1.0191500000 0.2200170000
-0.5055360000 1.0682500000 0.3180050000
-0.5059630000 1.0878200000 0.3263730000
-0.5151680000 1.2335500000 0.2740380000
-0.4922180000 1.2034800000 0.1862330000
-0.4630330000 1.1326400000 0.1370950000
-0.4684810000 1.0442400000 0.1814030000
-0.5057990000 1.1626000000 0.3317290000
-0.5080650000 1.2188300000 0.3043200000
-0.5041170000 1.2262300000 0.2214280000
-0.4899910000 1.2257300000 0.2037690000
-0.4641470000 1.1209300000 0.1367270000
-0.4613600000 1.0905700000 0.1477620000
-0.4700620000 1.0313800000 0.1928140000
-0.4887590000 1.0300900000 0.2700230000
-0.4952010000 1.0512100000 0.3116400000
-0.5204650000 1.1699100000 0.3324520000
-0.4972480000 1.2209700000 0.2007450000
-0.4945690000 1.2107100000 0.1977780000
-0.4603580000 1.0664000000 0.1502240000
-0.4652700000 1.0494400000 0.1507400000
-0.5066980000 1.1425800000 0.3334590000
-0.5224880000 1.1459800000 0.3353800000
-0.4771190000 1.1513200000 0.1419900000
-0.4667740000 1.0466100000 0.1734940000
-0.5086480000 1.2304500000 0.2833580000
-0.4806260000 1.1851400000 0.1559400000
-0.4636220000 1.0564300000 0.1446320000
-0.5108260000 1.1087000000 0.3298500000
-0.5165160000 1.1959800000 0.3231670000
-0.5220710000 1.2204800000 0.2990190000
-0.5234670000 1.2343400000 0.2586560000
-0.4970910000 1.2331000000 0.2471210000
-0.5021390000 1.2101300000 0.1912680000
-0.4658730000 1.1109000000 0.1387740000
-0.4664260000 1.0698200000 0.1444760000
-0.4748330000 1.0501500000 0.1741650000
-0.4819450000 1.0202000000 0.2324960000
-0.4956980000 1.0416800000 0.2877720000
-0.5060840000 1.0445700000 0.2845660000
-0.5063480000 1.0552500000 0.2987870000
-0.5208530000 1.2110400000 0.3119730000
-0.4981700000 1.2260800000 0.2087710000
-0.4864970000 1.1719100000 0.1516430000
-0.5136070000 1.0517600000 0.2979860000
-0.5224160000 1.1250600000 0.3332260000
-0.4711230000 1.0506500000 0.1466310000
-0.4716060000 1.0481400000 0.1579230000
-0.4775790000 1.0298600000 0.1974460000
-0.5041590000 1.0304100000 0.2611400000
-0.5067470000 1.0553600000 0.3105520000
-0.5179770000 1.0590400000 0.3112050000
-0.5169760000 1.2323600000 0.2367210000
-0.4732400000 1.1398600000 0.1383710000
-0.4746830000 1.1249200000 0.1387550000
-0.4652230000 1.0848300000 0.1498900000
-0.5316470000 1.0761800000 0.3157220000
-0.4864190000 1.0226300000 0.2162340000
-0.5154920000 1.0913400000 0.3251380000
-0.5369810000 1.1131200000 0.3292340000
-0.5303720000 1.1565300000 0.3338090000
-0.5247210000 1.1973700000 0.3213140000
-0.5358160000 1.2216100000 0.2911110000
-0.5104000000 1.2252300000 0.2054940000
-0.4961210000 1.1971900000 0.1789810000
-0.5009760000 1.1831200000 0.1619020000
-0.4771200000 1.0922800000 0.1520500000
-0.4779370000 1.0668500000 0.1476380000
-0.4807370000 1.0483200000 0.1818940000
-0.4811280000 1.0244100000 0.2072830000
-0.4914830000 1.0224300000 0.2275150000
-0.5260440000 1.1777400000 0.3295180000
-0.5329950000 1.2134100000 0.3053090000
-0.4881980000 1.1375600000 0.1443030000
-0.4848900000 1.1239600000 0.1437830000
-0.4707820000 1.0593900000 0.1429260000
-0.4873210000 1.0547900000 0.1751270000
-0.5139370000 1.0440600000 0.2777970000
-0.5359300000 1.0956200000 0.3234660000
-0.5393190000 1.1998500000 0.3121820000
-0.5162460000 1.2167000000 0.1913420000
-0.5005990000 1.0286300000 0.2218300000
-0.5180220000 1.0401000000 0.2657350000
-0.5287500000 1.0562900000 0.3040790000
-0.5417780000 1.2258300000 0.2741560000
-0.4859700000 1.0792500000 0.1544410000
-0.4914680000 1.0388400000 0.1971900000
-0.5261150000 1.0493000000 0.2769630000
-0.5409980000 1.1401200000 0.3321290000
-0.5217750000 1.2235000000 0.2149010000
-0.5076160000 1.1964100000 0.1803130000
-0.4816190000 1.1134800000 0.1453280000
-0.4977460000 1.0932400000 0.1619230000
-0.4835270000 1.0561300000 0.1540470000
-0.5030840000 1.0403600000 0.1980210000
-0.4963890000 1.0330800000 0.2075000000
-0.5147800000 1.0351600000 0.2562280000
-0.5470940000 1.1593500000 0.3274040000
-0.5188540000 1.1909400000 0.1743810000
-0.4846040000 1.1002000000 0.1520710000
-0.5307160000 1.0510900000 0.2969550000
-0.5406910000 1.0615500000 0.3011930000
-0.5477330000 1.1833500000 0.3185690000
-0.4977340000 1.1155600000 0.1479260000
-0.4986280000 1.0879200000 0.1633090000
-0.4973050000 1.0712700000 0.1595360000
-0.4934810000 1.0528300000 0.1848530000
-0.5236100000 1.0398100000 0.2630420000
-0.5217680000 1.0467800000 0.2856340000
-0.5369110000 1.1275800000 0.3327370000
-0.5383180000 1.1664200000 0.3295910000
-0.5236100000 1.2145700000 0.2003830000
-0.4918690000 1.0605900000 0.1607830000
-0.5509380000 1.1154400000 0.3255690000
-0.5533080000 1.1461700000 0.3261870000
-0.5505740000 1.2249200000 0.2558580000
-0.4967300000 1.1509500000 0.1482300000
-0.4962300000 1.1349000000 0.1463220000
-0.5094430000 1.0301300000 0.2334230000
-0.5340060000 1.0460100000 0.2694020000
-0.5366380000 1.2214900000 0.2168380000
-0.5191890000 1.2061500000 0.1896940000
-0.4993760000 1.0662300000 0.1646110000
-0.5029430000 1.0617200000 0.1831410000
-0.5353820000 1.0507000000 0.2852040000
-0.5568410000 1.0893400000 0.3127130000
-0.5452240000 1.1015800000 0.3229430000
-0.5335410000 1.2123300000 0.1991020000
-0.5012370000 1.1024100000 0.1537230000
-0.5031450000 1.0776900000 0.1600030000
-0.5298470000 1.1990800000 0.1826010000
-0.5073540000 1.0366600000 0.2064670000
-0.5138170000 1.0316600000 0.2232200000
-0.5585540000 1.0767600000 0.3043300000
-0.5531950000 1.1335600000 0.3270640000
-0.5435350000 1.2262500000 0.2382800000
-0.5085310000 1.0487400000 0.1905240000
-0.5269880000 1.0365400000 0.2355190000
-0.5045530000 1.1635000000 0.1545460000
-0.5058460000 1.1364300000 0.1436890000
-0.5072510000 1.0933900000 0.1505060000
-0.5398580000 1.2166400000 0.2955700000
-0.5139970000 1.0373500000 0.1961460000
-0.5196360000 1.0320300000 0.2076690000
-0.5442900000 1.0483600000 0.2786430000
-0.5630450000 1.1229900000 0.3208750000
-0.5586300000 1.1751700000 0.3155340000
-0.5039080000 1.1171800000 0.1429390000
-0.5083220000 1.0782600000 0.1551770000
-0.5391080000 1.0557100000 0.2951090000
-0.5545760000 1.1963400000 0.3036090000
-0.5081710000 1.0618800000 0.1703010000
-0.5570990000 1.2183900000 0.2688710000
-0.5481800000 1.2149100000 0.2121630000
-0.5106070000 1.1169300000 0.1422980000
-0.5142250000 1.0491500000 0.1806740000
-0.5586910000 1.1858700000 0.3106400000
-0.5102800000 1.1302900000 0.1429770000
-0.5116760000 1.0959300000 0.1474320000
-0.5568080000 1.0581600000 0.2890910000
-0.5634200000 1.2164700000 0.2415120000
-0.5552110000 1.2189100000 0.2304200000
-0.5388560000 1.1988500000 0.1852280000
-0.5255920000 1.1695000000 0.1637740000
-0.5181000000 1.1460800000 0.1526620000
-0.5172740000 1.0542400000 0.1721620000
-0.5617380000 1.1021600000 0.3160750000
-0.5642460000 1.1508900000 0.3173170000
-0.5632360000 1.1991300000 0.2904800000
-0.5096190000 1.0693600000 0.1594420000
-0.5202820000 1.0375200000 0.1945060000
-0.5643560000 1.1365900000 0.3200470000
-0.5690260000 1.1655700000 0.3069710000
-0.5392650000 1.1621500000 0.1650730000
-0.5722830000 1.0742800000 0.2948410000
-0.5727830000 1.1268800000 0.3138240000
-0.5658660000 1.2115900000 0.2292680000
-0.5497040000 1.2026300000 0.1955180000
-0.5176310000 1.0814400000 0.1532810000
-0.5312950000 1.0379200000 0.2192840000
-0.5414580000 1.0424300000 0.2496410000
-0.5541770000 1.0477400000 0.2719120000
-0.5719800000 1.1472900000 0.3105830000
-0.5667620000 1.1772000000 0.3040440000
-0.5659880000 1.1892100000 0.2972470000
-0.5368540000 1.1831000000 0.1718380000
-0.5249590000 1.0565000000 0.1744420000
-0.5313920000 1.0416900000 0.2047770000
-0.5688310000 1.0924500000 0.3083250000
-0.5672010000 1.2018200000 0.2803540000
-0.5288150000 1.1468800000 0.1566250000
-0.5211950000 1.1143100000 0.1494890000
-0.5690080000 1.0622500000 0.2843810000
-0.5553390000 1.2094000000 0.2087730000
-0.5198280000 1.1299900000 0.1496880000
-0.5223110000 1.0699300000 0.1618260000
-0.5331880000 1.0493200000 0.1934030000
-0.5668660000 1.2132000000 0.2511800000
-0.5226550000 1.0957900000 0.1519590000
-0.5247510000 1.0827700000 0.1572030000
-0.5369500000 1.0712200000 0.1752110000
-0.5476450000 1.0438500000 0.2234390000
-0.5616940000 1.1976100000 0.2013870000
-0.5432040000 1.1486800000 0.1632310000
-0.5338350000 1.1331300000 0.1559330000
-0.5694970000 1.2071700000 0.2617950000
-0.5740550000 1.1099900000 0.3109760000
-0.5815520000 1.1424200000 0.3009300000
-0.5731740000 1.1859600000 0.2839200000
-0.5531960000 1.0454000000 0.2412470000
-0.5793820000 1.0904300000 0.3001300000
-0.5479150000 1.1838400000 0.1778240000
-0.5597990000 1.0474400000 0.2540730000
-0.5666440000 1.0520700000 0.2648660000
-0.5810680000 1.0721800000 0.2856360000
-0.5769270000 1.2007500000 0.2384920000
-0.5515140000 1.1701800000 0.1749190000
-0.5815100000 1.1584700000 0.2931960000
-0.5366920000 1.1225400000 0.1569580000
-0.5597240000 1.0491500000 0.2204200000
-0.5821550000 1.1229600000 0.3045160000
-0.5774310000 1.1711700000 0.2900850000
-0.5852040000 1.1677800000 0.2766460000
-0.5758840000 1.2013600000 0.2526440000
-0.5320660000 1.1028200000 0.1575510000
-0.5362810000 1.0900300000 0.1646680000
-0.5732790000 1.0564400000 0.2597990000
-0.5828610000 1.1057700000 0.3024790000
-0.5790390000 1.1925200000 0.2630090000
-0.5723170000 1.2025000000 0.2234970000
-0.5602540000 1.1827800000 0.1888580000
-0.5453820000 1.0476400000 0.2053070000
-0.5669360000 1.0524100000 0.2468840000
-0.5832390000 1.0668900000 0.2666520000
-0.5903210000 1.1338100000 0.2923540000
-0.5433790000 1.1144600000 0.1612530000
-0.5512490000 1.0630600000 0.1891490000
-0.5378900000 1.0565800000 0.1878370000
-0.5846980000 1.0880100000 0.2938860000
-0.5714360000 1.1856300000 0.2044620000
-0.5596420000 1.1666300000 0.1804250000
-0.5491270000 1.1302600000 0.1634240000
-0.5490730000 1.1015900000 0.1672300000
-0.5890650000 1.0781200000 0.2776700000
-0.5907390000 1.0856300000 0.2845550000
-0.5856140000 1.1794200000 0.2626690000
-0.5577920000 1.1487100000 0.1742410000
-0.5518980000 1.0800100000 0.1785240000
-0.5606610000 1.0528500000 0.2109960000
-0.5632350000 1.0525000000 0.2199050000
-0.5912740000 1.1221500000 0.2925190000
-0.5945060000 1.1507000000 0.2720140000
-0.5708580000 1.0618600000 0.2135580000
-0.5846820000 1.1857800000 0.2507270000
-0.5834760000 1.1882800000 0.2379830000
-0.5798070000 1.1881100000 0.2212950000
-0.5818600000 1.1762900000 0.2159270000
-0.5631510000 1.1408300000 0.1767440000
-0.5603450000 1.0571700000 0.2026070000
-0.5779920000 1.0611200000 0.2505680000
-0.5906880000 1.1004300000 0.2924320000
-0.5913440000 1.1099300000 0.2927350000
-0.5871860000 1.1451600000 0.2928090000
-0.5869390000 1.1751600000 0.2284290000
-0.5603400000 1.0816900000 0.1804840000
-0.5768670000 1.0633400000 0.2294060000
-0.5898220000 1.0743700000 0.2568900000
-0.5699930000 1.1696500000 0.1939250000
-0.5687240000 1.1510700000 0.1847770000
-0.5571080000 1.1103700000 0.1684970000
-0.5977850000 1.0885700000 0.2672880000
-0.5973580000 1.0977300000 0.2767810000
-0.5938280000 1.1601300000 0.2650920000
-0.5997820000 1.1293100000 0.2691300000
-0.5907240000 1.1713900000 0.2550860000
-0.5892670000 1.1739700000 0.2413940000
-0.5585640000 1.0950700000 0.1730370000
-0.5620150000 1.0677500000 0.1918470000
-0.5737800000 1.1224400000 0.1829680000
-0.5628780000 1.1187800000 0.1730380000
-0.5793150000 1.0717900000 0.2125720000
-0.5896670000 1.0759000000 0.2418460000
-0.5966850000 1.1118000000 0.2824310000
-0.5823230000 1.1624200000 0.2092890000
-0.5704230000 1.0873800000 0.1855970000
-0.5748460000 1.0756600000 0.1987690000
-0.5872740000 1.1619900000 0.2198120000
-0.5767160000 1.1485100000 0.1952750000
-0.5732450000 1.1039900000 0.1821750000
-0.5958710000 1.0843600000 0.2538210000
-0.6012400000 1.1076400000 0.2681180000
-0.5745160000 1.1327100000 0.1860750000
-0.5992270000 1.1400900000 0.2688550000
-0.5978610000 1.1494100000 0.2594140000
-0.5924520000 1.1606100000 0.2374530000
-0.5847320000 1.1440900000 0.2064240000
-0.5789850000 1.1002700000 0.1884140000
-0.5807210000 1.0863200000 0.1962590000
-0.5878340000 1.0774400000 0.2247330000
-0.5967920000 1.0888100000 0.2440920000
-0.5987250000 1.1447300000 0.2519350000
-0.5868720000 1.0830500000 0.2107680000
-0.6011900000 1.0978600000 0.2599690000
-0.6024360000 1.1197700000 0.2634530000
-0.6035420000 1.1374600000 0.2574500000
-0.6004920000 1.1017000000 0.2453350000
-0.5944350000 1.1497800000 0.2366940000
-0.5913040000 1.1427400000 0.2229190000
-0.5837680000 1.1136100000 0.1937670000
-0.5940560000 1.0896100000 0.2239450000
-0.5978640000 1.0965300000 0.2222480000
-0.6023310000 1.1145000000 0.2555450000
-0.6012760000 1.1301200000 0.2460960000
-0.5845330000 1.1253100000 0.1976920000
-0.5943730000 1.1157800000 0.2132150000
-0.5920140000 1.1050700000 0.2057310000
-0.6001060000 1.1042000000 0.2300030000
-0.0007455590 1.0849600000 0.0304089000
0.3632090000 1.1739300000 0.0065850800
0.2477790000 0.1723220000 0.1961130000
0.3507580000 1.1665100000 0.0473659000
-0.3975740000 1.0559900000 0.1768070000
0.2888130000 0.0998150000 0.2941510000
0.1297850000 0.3256650000 -0.0433627000
0.2674640000 1.1793000000 0.0054102600
0.1610380000 0.8643100000 0.2463980000
0.0456632000 0.5998640000 0.3327020000
-0.4869260000 1.0399800000 0.2886770000
-0.0686111000 1.1443600000 0.3759000000
-0.0289312000 0.9110300000 0.2914860000
0.2498330000 1.1671300000 -0.0269187000
-0.0227659000 1.1890400000 0.0472831000
-0.0825643000 0.7054710000 0.1089040000
-0.0668754000 0.7241890000 0.1150080000
-0.4469220000 1.1925200000 0.2088460000
0.1437700000 0.2691880000 -0.0238906000
0.0357439000 0.2709160000 -0.0377780000
0.3511320000 0.9648950000 0.5169040000
0.2304950000 0.9991350000 0.5854980000
-0.0208556000 0.8681600000 -0.0218262000
-0.1993700000 0.4686540000 -0.0498011000
0.2155260000 0.3040640000 0.1883380000
0.2121330000 0.3048650000 0.1678630000
0.2897760000 0.2678280000 0.2540750000
0.2955940000 0.2682250000 0.2554730000
0.3526890000 0.9745200000 0.5903260000
0.2647080000 0.0785361000 0.2975040000
-0.3118600000 1.0655200000 0.0352105000
0.0338063000 0.4323950000 0.3585950000
0.0367573000 0.4414450000 0.3543850000
-0.0057659500 0.7492520000 -0.0057355600
0.0644327000 1.0372400000 0.3273530000
0.1275790000 0.3224110000 -0.0309183000
0.2424360000 1.0935000000 0.0015359400
-0.1778360000 0.5691190000 -0.0488378000
-0.3564550000 1.0264300000 0.2060150000
-0.2848380000 1.0171800000 0.0661100000
-0.1383980000 0.5493980000 -0.0589853000
-0.2196390000 1.0047400000 0.0349102000
0.0136938000 0.8570960000 -0.0064629000
-0.1333290000 1.1882200000 0.4102460000
0.1712180000 1.1978900000 0.0497963000
0.3630340000 1.1606600000 0.0822521000
0.3887670000 1.1523400000 0.0880563000
0.1075260000 0.3163880000 -0.0869103000
-0.2294540000 1.0044100000 0.0408283000
-0.2430970000 1.0063500000 0.0388285000
0.0867089000 0.8554440000 0.0465299000
0.2772390000 0.0384975000 0.3220050000
0.2626420000 0.0523377000 0.3004930000
-0.0020181700 1.1882600000 0.0553633000
0.2128430000 1.1690300000 0.0646550000
0.2467390000 0.9679540000 0.6480360000
0.2288720000 0.9775050000 0.6468510000
0.2154610000 0.9927530000 0.6380250000
0.2332720000 1.1225000000 0.0653990000
0.2299270000 1.1267200000 0.0526648000
-0.2083980000 0.4859720000 -0.0552086000
-0.1259300000 1.0401500000 0.3977040000
-0.1038480000 1.0385300000 0.4143420000
0.0045747500 0.2741210000 -0.1040660000
0.0120953000 0.2833890000 -0.1018900000
-0.0407183000 0.7593310000 -0.0240738000
0.2090880000 0.9736500000 0.5545820000
0.2079950000 1.0012700000 0.5669220000
0.0129741000 0.7554570000 0.0224957000
0.0220328000 0.7639900000 0.0380926000
0.0096085400 0.7592740000 0.0311001000
-0.2974220000 1.0578900000 0.0192987000
-0.2759890000 1.0468200000 0.0187501000
-0.1727630000 1.0166000000 0.0266136000
-0.1648420000 1.0288500000 0.0311806000
-0.1650840000 1.0311000000 0.3985370000
0.1260550000 0.2796600000 -0.0172251000
0.1762160000 1.0224400000 0.6333260000
-0.2141120000 1.0096100000 0.0431777000
-0.1789240000 1.0109400000 0.0237601000
0.2075580000 1.1769200000 0.0390869000
0.1960790000 1.1917900000 0.0177280000
0.2154460000 1.1777900000 0.0399012000
0.2104840000 1.1905200000 0.0250502000
-0.1785530000 0.6101100000 -0.0362207000
-0.1817690000 0.5939510000 -0.0403975000
0.1373800000 1.1684200000 0.0697630000
0.1200090000 1.1707700000 0.0804858000
0.1305550000 1.1729400000 0.0713393000
0.1202780000 0.2909550000 -0.0949344000
-0.1226560000 1.0713000000 0.0151369000
0.3133150000 0.9621430000 0.5250780000
0.3460910000 0.9667400000 0.5159740000
0.3041790000 1.1148600000 0.0672244000
0.3991020000 1.1488800000 0.0924513000
0.3970700000 1.1708700000 0.0759890000
0.0275971000 0.2672040000 -0.0822084000
0.0297129000 0.2728070000 -0.1033460000
0.0337369000 0.2683140000 -0.0637248000
0.0153493000 0.2552180000 -0.0772537000
-0.2090340000 1.0175900000 0.4177600000
0.3118310000 0.1745720000 0.2654770000
0.0745607000 0.2271190000 -0.1204390000
0.0706986000 0.2218080000 -0.1289370000
0.0355154000 0.2829560000 -0.1067590000
0.0813486000 0.3208900000 -0.0910509000
0.0575402000 0.2962140000 -0.1124140000
0.0719451000 0.3097350000 -0.1030760000
0.0801106000 0.6815150000 0.3073450000
0.2655940000 0.9889340000 0.5782780000
0.2711860000 0.9896070000 0.6011480000
0.2817890000 0.9724800000 0.5879290000
0.2655490000 0.9842760000 0.5664230000
-0.6009720000 1.1150400000 0.2397420000
-0.5904380000 1.0933500000 0.2080770000
-0.5998400000 1.1206900000 0.2366340000
-0.5980600000 1.1056400000 0.2201620000
0.1374240000 1.1863800000 0.0598430000
0.1416790000 1.2102000000 0.0462446000
0.1824850000 1.1619500000 0.0526309000
0.1509590000 1.1747000000 0.0635377000
0.1537810000 1.1911400000 0.0530164000
0.2072860000 1.1101900000 0.0616926000
0.1592490000 1.2025100000 0.0478097000
-0.1761840000 0.4407140000 -0.0453437000
-0.1854440000 0.4596750000 -0.0481080000
-0.1577430000 0.3968200000 -0.0456014000
-0.1712460000 0.4008420000 -0.0531194000
-0.1753310000 0.4154630000 -0.0514024000
-0.1706780000 0.4244920000 -0.0460051000
-0.1607190000 0.4109890000 -0.0435497000
-0.0744438000 1.1359900000 0.3875710000
-0.0769774000 1.1498100000 0.3824380000
-0.0866267000 1.1485400000 0.4034760000
-0.0792944000 1.1431700000 0.3983410000
0.1883440000 0.2829960000 0.1714440000
0.1556040000 0.2415180000 0.2179440000
0.2088440000 0.2315620000 0.2683300000
0.1468770000 0.2475060000 0.2059170000
0.1641430000 0.2706830000 0.1771740000
0.1540390000 0.2581180000 0.1934610000
0.1856980000 0.2695870000 0.1920120000
-0.0362332000 1.0987500000 0.3539820000
-0.0130038000 1.0776600000 0.3402670000
-0.0030360600 1.0640200000 0.3353550000
-0.0284531000 1.1036900000 0.3602680000
0.0240366000 1.0580800000 0.3361370000
0.0004709780 1.0841500000 0.3474450000
0.0166022000 1.0739200000 0.3437920000
-0.0213365000 1.0867900000 0.3469560000
0.0125880000 1.0688000000 0.3411550000
0.1681890000 0.8643750000 0.1864750000
0.1227930000 0.8662520000 0.1186560000
0.1539850000 0.8660780000 0.1495970000
0.1669350000 0.8617980000 0.2264450000
0.1157790000 0.8644480000 0.0998760000
0.1610700000 0.8608080000 0.2068310000
0.1491200000 0.8638230000 0.1838400000
0.1509040000 0.8694060000 0.1298470000
0.1422300000 0.8647560000 0.1515070000
0.1560060000 0.8615210000 0.2131660000
0.0337804000 0.8094820000 0.1175480000
0.0670914000 0.8119150000 0.1300370000
0.1025920000 0.8007090000 0.1628560000
0.0375031000 0.8063340000 0.1079890000
0.0496750000 0.8145230000 0.1513500000
0.1189670000 0.7886250000 0.1815590000
0.0301306000 0.8100280000 0.1264150000
0.1294930000 0.7735860000 0.2037460000
0.0754719000 0.8109790000 0.1392850000
0.1113670000 0.7914540000 0.1895280000
0.1299290000 0.7780850000 0.1959430000
0.0729601000 0.8094570000 0.1561300000
0.0243100000 0.8086740000 0.1348220000
0.0560704000 0.8104960000 0.1180640000
0.0948989000 1.1826100000 0.0801896000
0.0904858000 0.2820350000 0.2318700000
0.0911590000 0.3231390000 0.2391940000
0.0558247000 0.3327410000 0.2605170000
0.1007990000 0.3129650000 0.2334200000
0.0390293000 0.3272030000 0.2690490000
0.0673559000 0.3010510000 0.2443700000
0.0828397000 0.3041660000 0.2376080000
-0.1108770000 0.9158580000 0.1806020000
-0.0650736000 0.9274030000 0.2281960000
-0.0841355000 0.9146540000 0.2349560000
-0.1175440000 0.9050840000 0.2027470000
-0.0962346000 0.9216700000 0.1906100000
-0.1317810000 0.9097600000 0.1465410000
-0.1378290000 0.9044230000 0.1554790000
-0.1374420000 0.9129700000 0.1008760000
-0.0912772000 0.9089830000 0.2397710000
-0.1069750000 0.9044390000 0.2206740000
-0.0423066000 0.9214130000 0.2613570000
-0.0604007000 0.9163260000 0.2588780000
-0.1450810000 0.9095060000 0.0729809000
-0.0741307000 0.9107200000 0.2571440000
-0.1418670000 0.9063150000 0.1329530000
-0.1057800000 0.9229070000 0.1642410000
-0.1199180000 0.9191330000 0.1319620000
-0.0791026000 0.9270310000 0.2104890000
-0.1100590000 0.9104570000 0.1988330000
0.2341610000 1.1819800000 0.0399659000
0.2401190000 1.1515600000 0.0729863000
0.2169920000 1.1546500000 0.0691617000
0.2765920000 1.1733000000 0.0153782000
0.3034470000 1.1509900000 0.0217796000
0.2595410000 1.1662900000 0.0513061000
0.3020650000 1.1620900000 0.0108122000
0.2705280000 1.1583900000 0.0489300000
0.2804140000 1.1644000000 0.0252284000
0.2860680000 1.1484100000 0.0382530000
-0.1229810000 1.0906100000 0.0250365000
-0.1150140000 1.0944600000 0.0068252600
-0.1039880000 1.1270600000 0.0096369100
-0.1155340000 1.0871600000 -0.0003766910
-0.1173370000 1.1096800000 0.0267836000
-0.1092200000 1.0869200000 -0.0183980000
-0.1060450000 1.1553500000 0.0301234000
-0.0999140000 1.1169400000 -0.0055128900
-0.1150970000 1.1333600000 0.0383811000
-0.1164220000 1.1566000000 0.0492115000
-0.1189800000 1.0888900000 0.0129021000
-0.0989401000 1.0956700000 -0.0267186000
-0.1210580000 1.1090100000 0.0385508000
-0.0432297000 0.7747700000 0.1567150000
-0.0192180000 0.7722530000 0.1401210000
-0.0620217000 0.7621210000 0.1373760000
-0.0178397000 0.7736290000 0.1505040000
-0.0761085000 0.8159840000 0.1555120000
-0.0103696000 0.7811850000 0.1234570000
-0.0541549000 0.8041710000 0.1720630000
-0.0086508600 0.7819500000 0.1502510000
-0.0279537000 0.7714160000 0.1668590000
-0.0329996000 0.7678740000 0.1512010000
-0.0480047000 0.7914370000 0.1651550000
-0.0499370000 0.7576770000 0.1340260000
-0.0665444000 0.7892040000 0.1514190000
-0.0652644000 0.8070460000 0.1632580000
-0.3774090000 1.0185600000 0.2446310000
-0.3786290000 1.0331500000 0.2297980000
-0.3918350000 1.0352300000 0.2710100000
-0.3648510000 1.0059700000 0.2071100000
-0.4008020000 1.0265000000 0.2750630000
-0.3749790000 1.0043100000 0.2379830000
-0.3734400000 1.0354100000 0.2115070000
-0.3948210000 1.0358100000 0.2774040000
-0.4013280000 1.1130200000 0.1771630000
-0.3818460000 1.0694700000 0.1853870000
-0.3679270000 1.0244400000 0.1931710000
-0.3695170000 1.0282400000 0.1775140000
-0.3865780000 1.0866800000 0.1762930000
-0.3777010000 1.0182600000 0.2578830000
-0.3835110000 1.0293700000 0.2492940000
-0.3936680000 1.1039000000 0.1736940000
-0.4010170000 1.0350900000 0.2717010000
0.0619942000 0.1196290000 -0.1586800000
0.1412110000 0.2060540000 -0.1150520000
0.0863311000 0.1389010000 -0.1321710000
0.1411680000 0.2005950000 -0.0857911000
0.0748314000 0.1265260000 -0.1018410000
0.1073990000 0.1652320000 -0.1187890000
0.1143900000 0.1756910000 -0.1624470000
0.0663716000 0.1158670000 -0.1080210000
0.1620630000 0.2245650000 -0.1252390000
0.0413946000 0.1087150000 -0.1744130000
0.1662260000 0.2268940000 -0.0768060000
0.0778177000 0.1567030000 -0.1938950000
0.1839150000 0.2352730000 -0.0635678000
0.0871979000 0.1546990000 -0.1934700000
0.0552410000 0.1337230000 -0.2009090000
0.1854560000 0.2291660000 -0.0461994000
0.1543220000 0.2229550000 -0.1245080000
0.0830051000 0.1502040000 -0.1827600000
0.1476340000 0.2016840000 -0.0736304000
0.1235640000 0.1855240000 -0.1221660000
0.1123200000 0.1728220000 -0.0847675000
0.0424589000 0.1047750000 -0.1542030000
0.1474590000 0.2138180000 -0.1215220000
0.1427820000 0.1928960000 -0.0708071000
0.1473240000 0.2136270000 -0.1022350000
0.1067590000 0.1661320000 -0.1462520000
0.1866600000 0.2470080000 -0.0792148000
0.1313350000 0.1943280000 -0.1470420000
0.0553096000 0.1087350000 -0.1203290000
0.1608320000 0.2085310000 -0.0575498000
0.1705840000 0.2224380000 -0.0600641000
0.0397048000 0.1166550000 -0.1899650000
0.0292840000 0.1062360000 -0.1931950000
0.0659814000 0.1373630000 -0.1867230000
0.1341780000 0.1979090000 -0.0993797000
0.0962670000 0.1498430000 -0.1261260000
0.1015080000 0.1563880000 -0.1019700000
0.1894130000 0.2451610000 -0.1092050000
0.0185874000 0.0909105000 -0.1618630000
0.1187760000 0.1792380000 -0.1058310000
0.1536440000 0.2177280000 -0.1156150000
0.0995448000 0.1606360000 -0.1654590000
0.0861936000 0.1462170000 -0.1675340000
0.1604050000 0.2244540000 -0.0895115000
0.0802354000 0.1335950000 -0.1507080000
0.0900224000 0.1451210000 -0.1481550000
0.0377303000 0.0969910000 -0.1348930000
0.0530981000 0.1098910000 -0.1421450000
0.0650467000 0.1255860000 -0.1778980000
0.0513469000 0.1250560000 -0.1909990000
0.1374960000 0.2014550000 -0.1312620000
0.0718215000 0.1239640000 -0.1358700000
0.1661360000 0.2261920000 -0.1193250000
0.1017480000 0.1649690000 -0.1807580000
0.1741120000 0.2370930000 -0.0960166000
0.0378184000 0.1222490000 -0.1964950000
0.0381259000 0.1109180000 -0.1845280000
0.1132730000 0.1723140000 -0.1225980000
0.0763637000 0.1443990000 -0.1816140000
0.0590369000 0.1205070000 -0.1741970000
0.0838308000 0.1333150000 -0.1104850000
0.1270170000 0.1878050000 -0.0925598000
0.3887100000 0.2173630000 0.1512000000
0.4075870000 0.1769120000 0.1576470000
0.3318620000 0.0129624000 0.2660260000
0.3624140000 0.2054780000 0.1254000000
0.3868120000 0.1201980000 0.2373370000
0.3577070000 0.0545519000 0.3082910000
0.3952500000 0.2257070000 0.1740520000
0.3542840000 0.1310070000 0.1422850000
0.3791760000 0.2068300000 0.1351610000
0.3332170000 0.0677109000 0.1931690000
0.3798360000 0.1082830000 0.2519610000
0.3263510000 0.0282121000 0.2264340000
0.3487190000 0.0289038000 0.2538970000
0.3004230000 0.0014838500 0.2481520000
0.4002130000 0.1536230000 0.1755200000
0.3957930000 0.1357790000 0.1817730000
0.3106110000 0.0461665000 0.2059400000
0.3839050000 0.1314830000 0.1485030000
0.3930330000 0.2080180000 0.1462950000
0.3620130000 0.2180710000 0.1236890000
0.3748300000 0.2163550000 0.1350470000
0.4024770000 0.1708640000 0.1804700000
0.3327430000 0.0552950000 0.2054320000
0.3643830000 0.0737911000 0.2195020000
0.3544620000 0.0686414000 0.2068470000
0.3860580000 0.1156140000 0.1722020000
0.3725900000 0.2242160000 0.1347310000
0.3025980000 0.0171592000 0.2312990000
0.3995280000 0.1527720000 0.1579770000
0.3957900000 0.1540780000 0.2134940000
0.3705640000 0.1539100000 0.1279850000
0.3680650000 0.0918509000 0.2688000000
0.3999630000 0.1841650000 0.1848450000
0.3280560000 0.0818053000 0.1745120000
0.3587490000 0.0621832000 0.2955640000
0.3592170000 0.1260770000 0.1465680000
0.3424540000 0.1400020000 0.1360670000
0.3916580000 0.1992480000 0.1939010000
0.3143190000 0.0029655100 0.2594780000
0.3568770000 0.1123350000 0.1572020000
0.3873810000 0.2378480000 0.1563460000
0.3881070000 0.1221960000 0.2108080000
0.3419210000 0.0123708000 0.3060810000
0.3559120000 0.1638950000 0.1264950000
0.4083870000 0.1977060000 0.1589520000
0.3964210000 0.1464810000 0.2014930000
0.3392830000 0.1575430000 0.1295070000
0.3809100000 0.1914390000 0.1267370000
0.3639500000 0.1775470000 0.1235200000
0.3403390000 0.0177542000 0.2851920000
0.3478740000 0.0316904000 0.3028010000
0.3157750000 -0.0100344000 0.2806800000
0.3569110000 0.0981803000 0.1704480000
0.3824510000 0.1681580000 0.1264870000
0.3957320000 0.1634020000 0.2128560000
0.4073540000 0.1932320000 0.1715600000
0.3511850000 0.0320517000 0.2316660000
0.3658480000 0.0751042000 0.2472180000
0.3646200000 0.2270030000 0.1251690000
0.3503000000 0.0352843000 0.2820410000
0.3907190000 0.1224300000 0.1908810000
0.3585120000 0.0528167000 0.2606710000
0.4081100000 0.1965090000 0.1825350000
0.3718630000 0.1000530000 0.2694080000
0.3896740000 0.1448000000 0.1354630000
0.3629700000 0.0744394000 0.2827280000
0.4046770000 0.1922480000 0.1789860000
0.4054590000 0.1825970000 0.1410240000
0.4037790000 0.1613050000 0.1939060000
0.3367330000 0.1210480000 0.1526350000
0.3636250000 0.0897041000 0.2884870000
0.3610540000 0.1868430000 0.1201010000
0.3887630000 0.1227110000 0.1619760000
0.3744610000 0.1007930000 0.2473420000
0.3080540000 0.0266379000 0.2244730000
0.4015170000 0.1552600000 0.1428800000
0.3905530000 0.1288990000 0.2186120000
0.4045510000 0.2065450000 0.1731980000
-0.0713731000 1.0999300000 0.0487830000
-0.1173960000 1.1902800000 0.0563771000
-0.0422493000 1.1178000000 0.0522814000
-0.0936332000 1.0898300000 0.0447007000
0.0015900700 1.1124300000 0.0746325000
-0.1183920000 1.1139800000 0.0406497000
-0.1151710000 1.1849300000 0.0533647000
-0.1105090000 1.1221300000 0.0407043000
-0.1020680000 1.1626700000 0.0441518000
-0.1061410000 1.0740100000 0.0419321000
-0.0909951000 1.1505200000 0.0420958000
-0.1258500000 1.0667900000 0.0362448000
-0.1030070000 1.0522900000 0.0371128000
-0.1100570000 1.1400100000 0.0441639000
-0.1092840000 1.0660700000 0.0407933000
-0.1224550000 1.0952100000 0.0381477000
-0.1143990000 1.1629100000 0.0478085000
-0.1180860000 1.0466900000 0.0326500000
-0.0866318000 1.0704300000 0.0460668000
-0.1200150000 1.0538900000 0.0354710000
-0.0635533000 1.0832500000 0.0520410000
-0.0800132000 1.1285500000 0.0389889000
-0.0843278000 1.0818800000 0.0488175000
-0.0540629000 1.1879600000 0.0494202000
-0.1273020000 1.0744800000 0.0354947000
-0.0482985000 1.1251500000 0.0420182000
-0.0388986000 1.1104800000 0.0583579000
-0.1089040000 1.2127500000 0.0510501000
-0.0802331000 1.0657500000 0.0452085000
-0.0647079000 1.1251000000 0.0435128000
-0.1073700000 1.1805200000 0.0416899000
-0.0777920000 1.1392400000 0.0405019000
-0.0168935000 1.1225100000 0.0721490000
-0.0665653000 1.1530600000 0.0444153000
-0.1189660000 1.1255500000 0.0431595000
-0.1131570000 1.2021100000 0.0543793000
-0.0494593000 1.1041000000 0.0546611000
-0.1491470000 1.0470100000 0.0341608000
-0.0667716000 1.0905800000 0.0514949000
-0.1079730000 1.1048100000 0.0400891000
-0.0920120000 1.1209200000 0.0370012000
-0.0655892000 1.1385600000 0.0424352000
-0.0850991000 1.1005200000 0.0440342000
-0.0967952000 1.1525100000 0.0431364000
-0.0963350000 1.1393500000 0.0389886000
-0.1021520000 1.1250700000 0.0353105000
-0.1126770000 1.0872200000 0.0395702000
-0.1270660000 1.0590400000 0.0364771000
0.0259114000 1.0663200000 0.4465060000
-0.0627329000 1.0597200000 0.4198840000
0.0094071600 1.0590600000 0.4402160000
0.0390046000 1.0724600000 0.4482270000
0.0059888300 1.0673600000 0.4528450000
0.0213986000 1.0536800000 0.4385000000
0.0223629000 1.0769400000 0.4513340000
-0.0027666200 1.0644500000 0.4458020000
0.0692884000 1.0528000000 0.4552350000
-0.0433912000 1.0872800000 0.4381340000
-0.0273523000 1.0835900000 0.4408910000
0.0877135000 1.0505000000 0.4623570000
0.0694375000 1.0664800000 0.4565070000
-0.0103916000 1.0712400000 0.4476120000
0.0358267000 1.0588000000 0.4441440000
-0.0186315000 1.0790200000 0.4443030000
-0.0160515000 1.0666700000 0.4365470000
0.0606999000 1.0667000000 0.4513290000
-0.0257599000 1.0641700000 0.4305710000
-0.0525573000 1.0936000000 0.3957590000
-0.0670651000 1.0818400000 0.3893370000
-0.4039250000 1.1259100000 0.1665070000
-0.0487023000 1.1020700000 0.3927390000
-0.0469880000 1.1192600000 0.3925070000
-0.0456312000 1.1049900000 0.3782660000
-0.0465827000 1.0996600000 0.4043920000
-0.0467366000 1.1104500000 0.3940370000
-0.0392381000 1.1069900000 0.3700510000
-0.0501618000 1.1222500000 0.4094830000
3 14 56 9817
3 9817 1 14
3 15 9823 2
3 28 9898 36
3 53 36 9898
3 0 9889 5
3 14 1 66
3 15 66 1
3 15 2 16
3 27 2 9823
3 9823 3 27
3 4 28 17
3 5 53 0
3 3 9831 67
3 57 67 9831
3 18 9909 6
3 6 9853 18
3 19 18 9853
3 7 19 9853
3 7 9887 33
3 19 7 45
3 38 46 33
3 33 9887 38
3 20 38 9
3 58 22 98
3 34 10 11
3 23 34 11
3 40 25 9822
3 9822 12 40
3 9837 9793 12
3 48 9905 9866
3 9812 88 9835
3 13 9838 26
3 74 26 9838
3 16 66 15
3 67 27 3
3 9874 9860 35
3 28 36 63
3 5 9889 64
3 29 64 9889
3 30 29 9889
3 131 9905 48
3 98 59 58
3 34 98 22
3 22 10 34
3 24 39 23
3 40 12 121
3 26 74 113
3 125 56 14
3 57 9813 37
3 9860 51 35
3 51 4 17
3 17 28 63
3 5 64 53
3 9808 71 70
3 77 8 31
3 31 44 77
3 73 9800 58
3 133 12 9793
3 49 41 9863
3 9863 42 49
3 128 50 35
3 63 36 52
3 53 52 36
3 30 94 29
3 9852 94 30
3 9807 9835 88
3 89 88 9812
3 9812 13 89
3 66 125 14
3 2 27 16
3 111 72 9814
3 75 8 76
3 77 76 8
3 9876 78 44
3 96 65 32
3 79 138 18
3 18 19 79
3 45 79 19
3 139 45 7
3 7 33 139
3 80 46 38
3 38 20 130
3 21 9905 47
3 131 47 9905
3 132 59 98
3 34 23 156
3 148 25 40
3 133 121 12
3 9807 88 87
3 26 89 13
3 113 89 26
3 62 61 9880
3 9880 41 62
3 41 49 62
3 82 49 42
3 42 50 82
3 51 128 35
3 52 53 83
3 53 64 108
3 126 66 16
3 68 67 57
3 57 37 68
3 37 9792 84
3 43 9808 70
3 44 78 77
3 20 21 130
3 47 130 21
3 90 131 48
3 91 90 48
3 62 92 61
3 81 62 49
3 128 82 50
3 163 128 51
3 17 163 51
3 108 83 53
3 29 94 64
3 94 9852 154
3 100 55 9799
3 9840 100 9799
3 125 124 56
3 116 125 66
3 66 126 101
3 143 27 67
3 37 84 68
3 73 120 9800
3 59 73 58
3 24 25 177
3 40 121 148
3 74 150 113
3 74 9798 123
3 9798 9796 123
3 33 46 139
3 80 139 46
3 38 130 80
3 104 91 9918
3 9895 104 9918
3 60 61 105
3 92 105 61
3 81 49 82
3 107 163 17
3 17 63 107
3 9852 54 154
3 109 54 9917
3 78 9876 9901
3 65 96 136
3 9840 124 100
3 101 116 66
3 67 68 143
3 85 84 9789
3 9789 86 85
3 97 70 71
3 71 72 97
3 39 156 23
3 9793 9801 133
3 87 133 9801
3 150 74 123
3 76 95 75
3 110 77 78
3 78 9901 110
3 103 90 91
3 105 9916 60
3 93 92 62
3 81 93 62
3 128 134 82
3 128 163 106
3 63 52 107
3 173 107 52
3 52 83 173
3 64 94 152
3 115 114 55
3 68 84 145
3 159 85 86
3 86 69 159
3 97 72 161
3 111 161 72
3 112 98 34
3 25 148 177
3 87 88 122
3 88 89 122
3 9796 99 123
3 138 79 102
3 131 155 47
3 141 104 9895
3 94 154 153
3 129 154 54
3 109 129 54
3 9917 95 109
3 9901 65 136
3 137 136 96
3 70 97 147
3 111 120 175
3 112 132 98
3 156 112 34
3 114 123 99
3 100 115 55
3 142 126 16
3 16 27 142
3 143 68 144
3 186 139 80
3 130 47 167
3 91 104 103
3 105 92 127
3 81 82 218
3 134 218 82
3 173 83 135
3 164 135 83
3 83 108 164
3 108 64 164
3 152 164 64
3 153 152 94
3 165 109 95
3 95 76 165
3 77 110 166
3 110 9901 136
3 175 161 111
3 156 39 191
3 177 39 24
3 122 157 87
3 150 89 113
3 150 123 158
3 196 123 114
3 115 196 114
3 27 143 181
3 145 144 68
3 84 85 145
3 159 145 85
3 69 118 159
3 118 117 119
3 160 159 118
3 118 119 160
3 146 70 147
3 175 120 176
3 120 73 176
3 132 221 59
3 192 148 121
3 121 133 192
3 133 87 157
3 122 89 209
3 89 150 149
3 123 196 194
3 197 100 124
3 124 125 178
3 179 116 101
3 101 126 179
3 180 179 126
3 181 142 27
3 140 200 103
3 103 104 140
3 104 141 169
3 9916 105 171
3 127 171 105
3 134 128 172
3 106 172 128
3 136 166 110
3 102 79 184
3 80 130 167
3 187 155 131
3 187 131 90
3 178 197 124
3 116 178 125
3 142 180 126
3 143 144 257
3 144 145 213
3 145 159 190
3 147 97 161
3 132 112 222
3 191 39 177
3 193 192 133
3 157 122 209
3 151 158 123
3 9883 9916 170
3 171 127 162
3 162 127 93
3 218 93 81
3 218 134 172
3 106 163 188
3 165 129 109
3 183 76 77
3 136 137 198
3 137 9884 198
3 9884 138 102
3 199 184 79
3 79 45 199
3 45 139 185
3 167 186 80
3 169 140 104
3 115 100 211
3 197 211 100
3 181 143 256
3 212 256 143
3 257 212 143
3 144 213 257
3 182 213 145
3 190 182 145
3 119 146 206
3 146 147 206
3 156 191 223
3 157 193 133
3 209 89 225
3 149 150 210
3 158 210 150
3 201 169 141
3 215 201 9893
3 9893 9883 215
3 170 215 9883
3 9916 171 170
3 202 162 93
3 188 172 106
3 204 164 152
3 152 153 204
3 153 154 235
3 129 235 154
3 129 165 205
3 165 76 183
3 166 183 77
3 167 47 230
3 47 155 230
3 221 73 59
3 222 112 238
3 112 156 238
3 223 238 156
3 177 148 224
3 209 193 157
3 89 149 225
3 210 225 149
3 270 210 158
3 270 158 151
3 211 196 115
3 116 179 228
3 159 160 190
3 174 160 119
3 206 174 119
3 147 161 220
3 161 175 220
3 170 171 217
3 217 171 162
3 218 202 93
3 218 172 250
3 188 163 189
3 163 107 189
3 107 173 203
3 173 135 252
3 205 235 129
3 237 205 165
3 183 166 263
3 9884 102 198
3 185 199 45
3 214 186 167
3 187 90 168
3 166 136 263
3 136 198 244
3 199 229 184
3 185 139 245
3 186 245 139
3 230 214 167
3 200 168 90
3 231 140 169
3 216 215 170
3 218 250 249
3 250 172 188
3 203 189 107
3 252 203 173
3 268 204 153
3 235 268 153
3 219 190 160
3 174 219 160
3 221 132 222
3 254 191 177
3 224 254 177
3 148 192 224
3 195 194 255
3 181 180 142
3 165 183 243
3 263 243 183
3 263 136 244
3 198 102 324
3 229 324 102
3 102 184 229
3 168 155 187
3 231 200 140
3 201 231 169
3 201 215 247
3 217 216 170
3 217 162 233
3 162 202 233
3 189 203 251
3 135 164 252
3 164 204 234
3 207 206 147
3 147 220 207
3 242 220 175
3 176 73 208
3 330 224 192
3 239 330 192
3 239 192 193
3 151 194 226
3 195 226 194
3 211 272 196
3 227 178 116
3 212 257 273
3 258 257 213
3 259 182 190
3 243 237 165
3 155 168 246
3 200 265 168
3 247 231 201
3 202 218 248
3 250 188 281
3 251 188 189
3 234 252 164
3 236 235 205
3 237 236 205
3 219 259 190
3 276 206 207
3 220 276 207
3 176 242 175
3 73 221 208
3 191 254 223
3 240 193 209
3 225 240 209
3 241 270 151
3 151 226 241
3 196 272 255
3 197 272 211
3 197 178 320
3 116 228 227
3 213 182 258
3 237 243 290
3 244 198 324
3 186 214 245
3 230 155 279
3 155 246 279
3 216 247 215
3 232 216 217
3 233 232 217
3 248 218 294
3 249 294 218
3 250 280 249
3 236 253 235
3 219 174 260
3 174 206 260
3 261 260 206
3 276 261 206
3 276 220 262
3 220 242 262
3 208 242 176
3 240 239 193
3 298 241 226
3 320 272 197
3 286 180 181
3 256 286 181
3 244 291 263
3 325 229 199
3 185 325 199
3 292 245 214
3 264 292 214
3 214 230 264
3 279 264 230
3 266 200 231
3 248 232 233
3 233 202 248
3 280 317 249
3 188 251 281
3 203 252 282
3 268 234 204
3 268 235 303
3 253 303 235
3 290 236 237
3 221 353 208
3 254 224 269
3 330 239 340
3 225 210 240
3 297 240 210
3 289 210 270
3 284 195 255
3 227 299 178
3 228 179 285
3 286 285 179
3 179 180 286
3 256 212 286
3 274 258 182
3 275 274 182
3 301 275 182
3 182 259 301
3 244 324 277
3 185 245 325
3 278 325 245
3 265 200 266
3 231 247 302
3 247 216 267
3 316 267 216
3 232 316 216
3 248 293 232
3 294 249 317
3 295 280 250
3 281 295 250
3 282 281 251
3 251 203 282
3 9580 282 252
3 252 234 9580
3 236 290 304
3 242 208 296
3 305 353 221
3 222 305 221
3 223 254 269
3 224 330 269
3 239 240 307
3 210 289 297
3 298 226 271
3 226 195 271
3 284 271 195
3 255 272 284
3 320 178 299
3 286 212 332
3 212 273 332
3 323 273 257
3 257 258 323
3 274 300 258
3 259 219 335
3 261 276 312
3 288 276 262
3 262 242 288
3 243 263 291
3 292 278 245
3 326 246 168
3 168 265 326
3 267 302 247
3 337 232 293
3 283 9580 234
3 234 268 283
3 303 283 268
3 329 253 236
3 288 242 296
3 306 222 238
3 360 306 238
3 223 360 238
3 269 319 223
3 309 289 270
3 270 241 309
3 322 299 227
3 227 228 322
3 285 322 228
3 332 273 287
3 273 323 287
3 300 323 258
3 301 274 275
3 260 261 352
3 312 352 261
3 291 244 314
3 324 229 401
3 266 315 265
3 266 231 302
3 337 316 232
3 281 282 9581
3 304 329 236
3 284 272 310
3 320 310 272
3 260 335 219
3 388 312 276
3 370 296 208
3 240 297 308
3 329 9534 253
3 290 243 313
3 291 313 243
3 415 279 246
3 246 326 415
3 316 302 267
3 293 248 355
3 317 344 294
3 280 295 328
3 295 281 328
3 9581 328 281
3 318 283 303
3 352 335 260
3 352 312 380
3 388 380 312
3 288 388 276
3 353 370 208
3 319 360 223
3 381 340 239
3 239 307 381
3 307 240 308
3 298 309 241
3 298 271 338
3 361 338 271
3 310 339 284
3 332 322 286
3 350 332 287
3 300 274 364
3 334 364 274
3 274 301 334
3 334 301 311
3 354 313 291
3 314 354 291
3 244 277 314
3 266 302 366
3 302 316 367
3 355 337 293
3 355 248 344
3 248 294 344
3 344 317 356
3 317 280 327
3 280 328 327
3 358 318 303
3 329 359 9534
3 432 475 269
3 269 330 432
3 307 308 381
3 297 289 382
3 309 341 289
3 309 298 347
3 320 299 321
3 299 322 321
3 287 323 333
3 354 314 374
3 324 342 277
3 401 229 325
3 292 264 376
3 264 279 402
3 425 402 279
3 315 326 265
3 336 367 316
3 316 337 336
3 317 327 356
3 345 328 9581
3 387 304 290
3 313 387 290
3 330 399 432
3 341 382 289
3 338 347 298
3 331 339 310
3 335 351 311
3 354 398 313
3 314 277 375
3 342 414 277
3 315 266 366
3 366 302 377
3 302 367 343
3 327 328 357
3 345 318 9558
3 318 358 9558
3 346 329 304
3 387 346 304
3 382 308 297
3 391 341 309
3 347 391 309
3 362 339 349
3 350 333 363
3 333 323 383
3 323 300 383
3 334 311 351
3 352 351 335
3 352 380 373
3 375 374 314
3 302 343 377
3 337 355 384
3 345 357 328
3 379 358 9534
3 9534 359 379
3 348 347 338
3 338 361 348
3 339 331 349
3 331 350 349
3 383 300 392
3 365 364 334
3 388 288 419
3 389 288 296
3 370 389 296
3 353 305 409
3 475 319 269
3 340 399 330
3 381 308 390
3 401 325 423
3 376 278 292
3 402 376 264
3 366 441 315
3 427 377 343
3 384 336 337
3 378 355 344
3 344 356 378
3 356 327 385
3 9558 357 345
3 359 329 346
3 398 387 313
3 349 371 362
3 383 363 333
3 393 300 364
3 351 352 373
3 374 398 354
3 375 422 374
3 375 277 414
3 401 342 324
3 325 278 423
3 396 427 343
3 367 336 404
3 368 404 336
3 378 384 355
3 356 405 378
3 385 405 356
3 327 357 385
3 9558 358 369
3 358 379 369
3 370 353 409
3 382 390 308
3 348 434 347
3 411 348 361
3 361 362 411
3 371 411 362
3 365 393 364
3 365 334 372
3 334 351 372
3 395 372 351
3 351 373 395
3 343 367 396
3 367 404 396
3 428 368 336
3 386 379 359
3 346 386 359
3 346 387 406
3 389 419 288
3 488 409 305
3 382 341 478
3 391 347 400
3 434 400 347
3 300 393 392
3 393 365 394
3 380 438 373
3 423 278 424
3 326 315 416
3 377 403 366
3 384 428 336
3 369 397 385
3 417 369 379
3 379 386 417
3 408 438 380
3 380 388 408
3 388 419 408
3 463 389 370
3 410 306 360
3 319 454 360
3 340 381 464
3 478 390 382
3 341 391 456
3 435 434 348
3 348 411 407
3 371 363 412
3 412 363 383
3 392 412 383
3 376 424 278
3 425 279 415
3 326 416 415
3 441 416 315
3 403 441 366
3 378 405 442
3 397 405 385
3 417 397 369
3 386 346 413
3 398 430 387
3 438 437 373
3 454 410 360
3 475 454 319
3 490 399 340
3 340 464 490
3 420 381 390
3 456 478 341
3 400 456 391
3 371 412 411
3 446 412 392
3 393 394 392
3 372 394 365
3 427 403 377
3 406 413 346
3 430 406 387
3 9630 430 398
3 305 306 488
3 410 488 306
3 381 420 464
3 407 435 348
3 421 394 372
3 395 421 372
3 448 375 414
3 465 449 401
3 423 465 401
3 384 429 428
3 384 378 442
3 443 442 405
3 397 443 405
3 417 386 453
3 483 453 386
3 386 413 483
3 413 406 430
3 394 446 392
3 421 395 436
3 395 373 437
3 419 389 431
3 409 463 370
3 478 455 390
3 419 431 485
3 431 389 463
3 454 475 529
3 490 475 432
3 432 399 490
3 455 420 390
3 433 400 434
3 407 445 435
3 407 411 457
3 411 412 457
3 412 446 457
3 395 437 460
3 422 375 439
3 414 342 458
3 480 424 376
3 425 415 426
3 418 415 416
3 441 440 416
3 450 441 403
3 403 427 450
3 427 396 451
3 396 404 497
3 404 368 497
3 442 429 384
3 453 397 417
3 439 447 422
3 448 439 375
3 342 401 449
3 502 480 376
3 451 396 452
3 497 452 396
3 428 497 368
3 430 471 413
3 408 419 485
3 444 485 431
3 460 436 395
3 448 414 458
3 495 465 423
3 424 495 423
3 402 425 481
3 426 481 425
3 418 416 440
3 497 428 467
3 428 429 467
3 442 468 429
3 453 443 397
3 9630 422 447
3 478 456 499
3 445 433 434
3 434 435 445
3 445 407 473
3 407 457 473
3 491 421 436
3 437 438 461
3 462 461 438
3 438 408 462
3 408 485 462
3 493 447 439
3 439 448 493
3 458 342 449
3 424 480 495
3 441 450 504
3 466 450 427
3 515 466 427
3 427 451 515
3 467 429 468
3 442 443 468
3 483 470 453
3 484 483 413
3 413 471 484
3 9630 508 430
3 517 444 431
3 431 463 517
3 410 454 489
3 455 478 498
3 457 446 474
3 520 474 446
3 446 394 520
3 421 520 394
3 461 492 437
3 376 402 502
3 481 502 402
3 418 426 415
3 440 441 504
3 504 450 466
3 497 451 452
3 468 443 469
3 443 453 470
3 508 471 430
3 459 508 9630
3 517 486 444
3 487 517 463
3 463 409 487
3 488 487 409
3 529 489 454
3 490 464 476
3 477 476 464
3 420 477 464
3 567 420 455
3 474 473 457
3 436 460 491
3 460 437 492
3 479 448 458
3 458 449 479
3 503 418 440
3 482 503 440
3 443 470 469
3 519 472 445
3 473 519 445
3 492 500 460
3 461 462 570
3 462 485 570
3 567 455 498
3 9632 499 456
3 449 465 531
3 495 531 465
3 504 482 440
3 468 534 467
3 506 468 469
3 469 470 506
3 507 484 471
3 508 507 471
3 473 509 519
3 491 520 421
3 511 570 485
3 487 488 566
3 529 475 518
3 475 490 518
3 477 420 567
3 448 479 494
3 513 502 481
3 481 426 513
3 426 418 503
3 451 497 496
3 497 467 9531
3 467 534 505
3 484 506 470
3 470 483 484
3 484 507 525
3 486 511 485
3 485 444 486
3 488 410 566
3 474 520 510
3 491 460 521
3 500 521 460
3 461 522 492
3 501 527 493
3 494 501 448
3 495 480 531
3 532 504 466
3 466 515 514
3 451 496 515
3 9531 496 497
3 9531 467 505
3 563 468 506
3 508 459 516
3 537 518 490
3 490 476 537
3 556 567 498
3 498 499 556
3 519 512 472
3 500 492 522
3 522 461 540
3 461 570 540
3 501 494 542
3 543 494 479
3 479 449 543
3 531 543 449
3 544 480 502
3 523 426 503
3 503 482 523
3 546 482 504
3 514 515 533
3 547 533 515
3 534 468 563
3 506 484 524
3 525 524 484
3 507 508 516
3 526 516 459
3 527 564 526
3 566 410 528
3 410 489 528
3 477 567 550
3 530 556 499
3 499 9631 530
3 509 552 519
3 510 509 473
3 473 474 510
3 510 520 539
3 521 520 491
3 521 500 568
3 522 581 500
3 512 519 552
3 502 513 559
3 426 560 513
3 532 546 504
3 496 547 515
3 524 563 506
3 517 487 548
3 536 528 489
3 529 536 489
3 520 521 539
3 581 568 500
3 565 527 501
3 501 542 565
3 615 543 531
3 559 513 560
3 523 560 426
3 523 482 545
3 546 545 482
3 562 547 496
3 525 507 575
3 507 516 575
3 516 526 564
3 486 517 585
3 517 548 585
3 529 518 536
3 577 536 518
3 578 476 477
3 477 550 578
3 556 530 593
3 530 9631 551
3 551 9631 538
3 510 539 554
3 539 521 557
3 564 527 565
3 597 542 494
3 558 597 494
3 494 543 558
3 531 480 615
3 544 502 559
3 546 532 605
3 514 533 561
3 574 562 505
3 505 534 574
3 563 574 534
3 575 516 576
3 516 564 576
3 601 548 487
3 566 601 487
3 566 528 621
3 528 536 591
3 549 577 518
3 518 537 549
3 537 476 578
3 602 567 556
3 552 551 538
3 552 509 553
3 554 553 509
3 509 510 554
3 557 554 539
3 581 522 569
3 522 540 586
3 540 570 587
3 588 565 542
3 603 615 480
3 480 544 603
3 573 560 523
3 533 547 561
3 547 562 687
3 524 525 555
3 575 555 525
3 576 564 584
3 578 549 537
3 579 602 556
3 551 594 530
3 571 587 570
3 570 541 571
3 596 571 541
3 542 597 588
3 614 558 543
3 543 615 614
3 572 603 544
3 544 559 572
3 573 523 545
3 546 589 545
3 561 547 687
3 563 524 625
3 591 621 528
3 556 593 579
3 530 594 593
3 580 553 554
3 595 580 554
3 554 557 595
3 557 521 623
3 521 568 623
3 581 623 568
3 587 586 540
3 541 535 596
3 598 572 559
3 560 573 616
3 573 545 604
3 589 604 545
3 584 564 626
3 564 565 582
3 583 582 565
3 601 585 548
3 621 601 566
3 550 567 602
3 580 594 551
3 551 552 580
3 552 553 580
3 569 522 611
3 522 586 611
3 605 599 546
3 619 687 562
3 625 574 563
3 606 625 524
3 555 606 524
3 555 575 620
3 620 575 576
3 626 576 584
3 591 536 592
3 536 577 592
3 633 577 549
3 549 578 607
3 550 608 578
3 642 623 581
3 581 569 642
3 588 583 565
3 603 624 615
3 616 573 604
3 599 589 546
3 626 620 576
3 590 626 564
3 564 582 590
3 601 628 585
3 633 592 577
3 608 607 578
3 634 608 550
3 602 634 550
3 609 593 594
3 595 557 610
3 612 611 586
3 586 587 612
3 571 596 613
3 596 535 627
3 535 9547 627
3 668 590 582
3 597 656 588
3 604 589 617
3 618 617 589
3 600 561 665
3 562 574 619
3 601 679 628
3 621 591 629
3 609 579 593
3 580 609 594
3 623 610 557
3 587 571 612
3 583 655 582
3 598 616 645
3 589 599 618
3 599 605 647
3 665 648 605
3 605 600 665
3 639 665 561
3 561 687 639
3 625 606 640
3 606 555 620
3 627 649 596
3 585 650 9547
3 629 591 630
3 592 631 591
3 592 633 632
3 622 634 602
3 602 579 622
3 609 622 579
3 610 636 580
3 580 595 610
3 569 611 663
3 612 571 654
3 613 654 571
3 613 596 649
3 656 673 588
3 643 597 558
3 558 614 657
3 644 624 603
3 637 644 603
3 637 603 572
3 572 598 645
3 638 616 604
3 604 617 638
3 647 605 648
3 687 619 660
3 626 590 678
3 590 668 667
3 668 582 655
3 628 650 585
3 630 591 631
3 632 631 592
3 549 607 633
3 651 633 607
3 607 608 651
3 634 622 652
3 635 622 609
3 609 580 653
3 636 653 580
3 610 623 662
3 671 663 611
3 611 612 671
3 583 588 673
3 643 656 597
3 657 643 558
3 658 614 615
3 615 624 658
3 647 618 599
3 665 659 648
3 724 660 619
3 619 574 724
3 678 666 626
3 667 678 590
3 9547 650 627
3 621 679 601
3 608 634 661
3 653 635 609
3 662 636 610
3 662 623 642
3 663 642 569
3 655 583 673
3 644 658 624
3 645 637 572
3 639 687 677
3 688 724 574
3 574 625 688
3 625 640 688
3 606 620 666
3 620 626 666
3 655 696 668
3 699 650 628
3 661 651 608
3 634 652 661
3 635 652 622
3 635 653 641
3 663 685 642
3 654 613 705
3 672 613 649
3 614 658 657
3 695 657 658
3 646 617 618
3 618 647 646
3 721 646 647
3 649 627 664
3 621 736 679
3 621 629 728
3 641 653 683
3 692 683 653
3 636 692 653
3 662 693 636
3 654 686 612
3 705 703 654
3 658 644 675
3 644 637 675
3 676 675 637
3 645 616 638
3 647 648 721
3 628 679 699
3 690 632 633
3 633 651 680
3 652 635 682
3 635 641 683
3 693 692 636
3 686 671 612
3 672 705 613
3 673 656 674
3 643 657 708
3 695 708 657
3 637 645 676
3 646 638 617
3 735 665 639
3 677 687 723
3 755 710 640
3 606 755 640
3 666 689 606
3 678 667 725
3 726 725 667
3 696 711 668
3 631 629 630
3 651 661 691
3 652 691 661
3 670 682 635
3 635 683 670
3 662 642 684
3 685 684 642
3 9605 672 649
3 649 664 9605
3 656 643 9556
3 708 9556 643
3 721 648 722
3 734 659 665
3 761 734 665
3 710 688 640
3 755 606 689
3 666 678 725
3 650 699 669
3 736 621 713
3 728 713 621
3 629 631 700
3 631 632 700
3 680 690 633
3 680 651 691
3 681 691 652
3 652 682 681
3 693 662 715
3 663 671 716
3 671 686 732
3 686 654 717
3 703 717 654
3 696 655 712
3 655 673 712
3 9556 708 694
3 720 708 695
3 733 676 645
3 638 646 709
3 735 761 665
3 724 787 660
3 699 679 736
3 702 690 680
3 680 691 702
3 684 715 662
3 685 663 716
3 716 671 742
3 732 742 671
3 674 656 706
3 656 9556 706
3 9555 706 9556
3 720 695 658
3 658 675 720
3 645 638 733
3 722 648 759
3 659 760 648
3 735 639 773
3 677 773 639
3 787 723 687
3 687 660 787
3 710 724 688
3 667 668 711
3 698 697 664
3 727 698 669
3 669 699 727
3 700 632 701
3 632 690 701
3 690 702 701
3 714 702 691
3 681 714 691
3 681 682 741
3 683 692 731
3 684 685 750
3 703 705 704
3 705 672 762
3 674 712 673
3 743 9555 707
3 694 708 719
3 757 720 675
3 759 648 760
3 760 659 734
3 712 711 696
3 736 727 699
3 629 700 737
3 729 737 700
3 701 729 700
3 9618 701 702
3 702 714 9618
3 714 681 740
3 741 740 681
3 778 741 682
3 682 670 778
3 716 750 685
3 717 732 686
3 752 717 703
3 704 752 703
3 704 705 762
3 718 762 672
3 706 9555 753
3 743 753 9555
3 783 719 708
3 708 720 783
3 675 676 757
3 733 757 676
3 638 709 733
3 721 709 646
3 744 689 666
3 666 725 744
3 726 774 725
3 739 738 701
3 714 740 730
3 670 683 765
3 731 765 683
3 693 731 692
3 715 684 779
3 707 719 768
3 754 768 719
3 722 709 721
3 761 735 837
3 774 744 725
3 711 726 667
3 727 736 775
3 778 670 816
3 731 693 766
3 716 742 751
3 762 718 745
3 712 674 781
3 743 707 811
3 719 783 754
3 720 757 784
3 709 722 758
3 760 785 759
3 760 734 771
3 761 771 734
3 735 773 772
3 723 773 677
3 689 744 798
3 774 726 799
3 775 804 727
3 775 736 713
3 746 728 629
3 629 737 746
3 777 746 737
3 737 729 777
3 729 738 747
3 756 747 738
3 738 739 756
3 748 756 739
3 740 741 730
3 764 730 741
3 778 764 741
3 765 731 793
3 693 715 766
3 779 684 750
3 751 750 716
3 742 732 751
3 732 717 751
3 752 767 717
3 704 762 800
3 745 802 762
3 803 745 718
3 718 9605 803
3 674 706 810
3 753 810 706
3 782 753 743
3 784 783 720
3 757 733 769
3 709 769 733
3 759 770 722
3 771 761 863
3 710 787 724
3 799 726 788
3 726 711 788
3 728 746 805
3 776 790 746
3 747 777 729
3 747 756 792
3 764 748 749
3 749 730 764
3 816 670 765
3 766 793 731
3 750 751 848
3 795 811 707
3 707 768 795
3 722 770 758
3 759 785 797
3 772 837 735
3 755 689 798
3 713 728 805
3 790 805 746
3 779 766 715
3 751 717 767
3 767 752 809
3 704 809 752
3 781 674 810
3 753 818 810
3 811 782 743
3 783 784 813
3 796 769 709
3 709 758 796
3 797 770 759
3 786 785 760
3 771 786 760
3 837 863 761
3 710 755 839
3 801 800 762
3 802 801 762
3 775 713 789
3 713 805 789
3 792 777 747
3 748 764 806
3 846 816 765
3 793 766 817
3 808 848 751
3 751 767 780
3 794 780 767
3 809 794 767
3 795 768 832
3 812 754 783
3 772 773 838
3 723 838 773
3 787 710 839
3 799 852 774
3 781 711 712
3 745 803 824
3 789 804 775
3 790 776 791
3 777 792 814
3 756 748 792
3 806 792 748
3 807 806 764
3 845 807 764
3 764 778 845
3 869 845 778
3 778 816 869
3 793 846 765
3 827 766 779
3 780 808 751
3 800 809 704
3 782 818 753
3 819 832 768
3 768 754 819
3 812 820 754
3 833 812 783
3 783 813 833
3 784 757 834
3 797 796 758
3 758 770 797
3 862 797 785
3 786 862 785
3 744 774 852
3 763 804 844
3 826 814 792
3 846 858 816
3 827 817 766
3 779 750 848
3 820 819 754
3 834 813 784
3 757 769 834
3 835 834 769
3 769 796 835
3 837 772 821
3 723 787 875
3 798 839 755
3 744 841 798
3 781 788 711
3 800 801 842
3 822 801 802
3 802 745 822
3 823 822 745
3 824 823 745
3 803 763 844
3 804 789 844
3 825 789 805
3 790 825 805
3 791 776 829
3 776 814 829
3 792 806 815
3 806 807 815
3 860 808 780
3 780 794 860
3 794 809 849
3 842 809 800
3 818 850 810
3 892 818 782
3 904 831 782
3 782 811 904
3 833 820 812
3 834 833 813
3 828 835 796
3 796 797 828
3 786 771 836
3 838 821 772
3 875 838 723
3 799 788 853
3 844 824 803
3 825 855 789
3 791 825 790
3 792 815 826
3 858 869 816
3 817 827 847
3 865 860 794
3 850 781 810
3 811 795 934
3 832 819 851
3 833 915 820
3 862 828 797
3 863 836 771
3 839 875 787
3 744 852 841
3 853 788 854
3 887 842 801
3 898 801 822
3 823 898 822
3 823 824 843
3 844 843 824
3 844 789 855
3 857 829 814
3 845 881 807
3 793 817 830
3 848 827 779
3 848 808 931
3 842 849 809
3 831 892 782
3 862 786 836
3 874 863 837
3 839 798 840
3 798 841 840
3 878 852 799
3 853 878 799
3 898 887 801
3 855 825 9564
3 856 825 791
3 869 858 882
3 830 846 793
3 859 830 817
3 859 817 847
3 827 848 931
3 808 860 912
3 849 865 794
3 781 850 870
3 850 818 892
3 872 915 833
3 833 834 872
3 834 835 861
3 821 874 837
3 875 821 838
3 876 875 839
3 840 876 839
3 841 852 9666
3 854 878 853
3 843 879 823
3 888 880 843
3 843 844 888
3 9564 825 9535
3 856 9535 825
3 868 826 815
3 815 807 868
3 881 868 807
3 869 881 845
3 911 903 830
3 864 912 860
3 860 865 864
3 887 849 842
3 854 781 870
3 870 850 871
3 892 871 850
3 934 904 811
3 819 820 915
3 872 834 861
3 916 861 835
3 835 828 916
3 828 862 873
3 884 873 862
3 862 836 884
3 836 863 885
3 840 841 877
3 9666 877 841
3 9666 852 886
3 852 878 886
3 898 823 866
3 879 866 823
3 855 888 844
3 9535 856 867
3 889 856 791
3 791 829 889
3 829 857 889
3 826 868 9576
3 830 903 890
3 859 911 830
3 912 931 808
3 934 832 851
3 935 851 819
3 873 916 828
3 863 894 885
3 874 894 863
3 919 874 821
3 875 919 821
3 878 854 897
3 891 911 859
3 859 847 891
3 880 879 843
3 909 867 856
3 881 869 902
3 882 902 869
3 846 890 858
3 892 831 883
3 872 861 970
3 916 893 861
3 918 884 836
3 885 918 836
3 875 876 907
3 876 840 895
3 877 895 840
3 886 878 908
3 897 939 878
3 880 888 952
3 888 855 899
3 855 9564 899
3 889 909 856
3 928 889 857
3 857 9576 928
3 929 928 9576
3 9576 868 929
3 868 881 929
3 902 929 881
3 890 955 858
3 931 847 827
3 865 913 864
3 913 865 849
3 871 892 946
3 904 883 831
3 904 934 933
3 935 914 851
3 819 915 935
3 872 970 915
3 970 861 998
3 893 998 861
3 917 916 873
3 905 873 884
3 884 918 905
3 894 874 906
3 895 907 876
3 908 896 886
3 908 878 939
3 924 923 887
3 887 898 924
3 879 880 925
3 9564 901 900
3 909 901 867
3 930 902 882
3 930 882 858
3 858 955 930
3 911 891 943
3 913 849 932
3 923 932 849
3 892 883 946
3 914 934 851
3 893 916 947
3 918 885 937
3 885 894 937
3 919 906 874
3 907 919 875
3 896 908 922
3 897 944 939
3 991 898 940
3 866 940 898
3 866 879 951
3 925 951 879
3 953 952 888
3 888 899 953
3 926 900 901
3 909 926 901
3 928 927 889
3 890 903 910
3 903 911 910
3 870 871 946
3 905 917 873
3 905 918 936
3 937 936 918
3 948 937 894
3 894 906 948
3 919 907 938
3 920 938 907
3 907 895 920
3 987 922 908
3 939 987 908
3 926 941 900
3 927 926 909
3 909 889 927
3 928 929 995
3 961 955 890
3 961 890 910
3 943 910 911
3 898 991 924
3 951 940 866
3 946 883 956
3 904 933 967
3 933 934 1007
3 934 914 1007
3 935 915 969
3 1028 969 915
3 893 947 957
3 9554 916 917
3 949 906 919
3 938 949 919
3 921 896 971
3 922 971 896
3 925 952 973
3 976 975 900
3 900 941 976
3 927 942 926
3 995 927 928
3 902 995 929
3 902 930 978
3 930 955 954
3 910 943 980
3 9626 980 943
3 943 891 963
3 891 847 981
3 847 931 981
3 912 981 931
3 912 864 964
3 965 964 864
3 965 864 913
3 913 932 965
3 932 923 982
3 972 982 923
3 967 956 883
3 883 904 967
3 970 1028 915
3 1021 957 947
3 9553 1021 947
3 9554 947 916
3 9664 984 936
3 949 948 906
3 938 920 9665
3 958 9665 920
3 971 922 1009
3 944 987 939
3 924 991 972
3 940 951 1005
3 973 952 960
3 953 974 952
3 975 992 953
3 1087 976 941
3 941 926 977
3 942 977 926
3 954 978 930
3 955 961 979
3 910 980 962
3 981 912 964
3 944 945 966
3 945 946 956
3 967 933 1020
3 933 1007 1020
3 1007 914 968
3 914 935 968
3 969 968 935
3 1023 9554 917
3 917 905 1023
3 9670 937 948
3 948 949 9670
3 971 986 950
3 959 1009 922
3 987 959 922
3 960 952 974
3 1087 941 977
3 942 927 994
3 927 995 1006
3 978 995 902
3 978 954 9635
3 979 954 955
3 1052 1002 961
3 962 1052 961
3 961 910 962
3 963 9626 943
3 891 981 963
3 982 965 932
3 966 945 1019
3 983 1019 945
3 945 956 983
3 967 983 956
3 984 905 936
3 958 950 1000
3 986 1000 950
3 971 1009 1032
3 976 993 975
3 977 942 1067
3 995 978 996
3 9635 954 988
3 1002 979 961
3 962 980 989
3 982 972 9548
3 1020 1077 967
3 957 1021 1057
3 1008 1023 905
3 905 984 1008
3 984 9668 985
3 959 987 1001
3 1003 972 991
3 973 960 1011
3 1012 992 975
3 975 993 1012
3 1087 1013 976
3 1067 1089 977
3 942 994 1067
3 1006 994 927
3 9636 996 978
3 954 979 988
3 990 989 980
3 9626 990 980
3 9625 963 981
3 981 964 9625
3 9627 9625 964
3 964 965 9627
3 9548 1033 982
3 983 967 1039
3 1077 1039 967
3 984 985 1008
3 999 985 9668
3 9668 9669 999
3 1024 999 9669
3 9669 9667 1024
3 9667 958 1024
3 1000 1024 958
3 1000 986 1061
3 987 966 1001
3 9633 988 1025
3 1063 988 979
3 979 1002 1063
3 1053 1052 962
3 962 989 1053
3 965 982 1018
3 1033 1018 982
3 1035 1004 1005
3 1005 973 1011
3 1045 1011 960
3 1036 1045 960
3 974 1036 960
3 992 1046 974
3 1006 995 1037
3 995 996 1037
3 1014 9634 997
3 966 1019 1056
3 1020 1007 1027
3 1101 1028 970
3 970 998 1101
3 893 1102 998
3 1041 1022 1021
3 1021 9553 1041
3 9553 9554 1041
3 9554 1023 1029
3 986 971 1031
3 971 1032 1031
3 1062 1031 1032
3 959 1071 1009
3 959 1001 1010
3 1056 1001 966
3 9628 1018 1017
3 1035 1005 1011
3 1046 1036 974
3 9634 1014 1038
3 1015 1014 997
3 1019 983 1068
3 1039 1068 983
3 969 1028 1040
3 1041 9554 1029
3 1030 1023 1008
3 1008 985 1030
3 985 999 1030
3 1024 1042 999
3 1070 1024 1000
3 1061 986 1167
3 1031 1167 986
3 1071 1032 1009
3 1034 9548 1003
3 1003 1004 1034
3 1035 1034 1004
3 1045 1044 1011
3 993 1047 1012
3 993 976 1066
3 1013 1066 976
3 1087 977 1088
3 1089 1088 977
3 1048 1067 994
3 1006 1048 994
3 996 9634 1037
3 9634 1038 1037
3 1038 1014 1049
3 1050 1049 1014
3 1014 1015 1050
3 1090 1050 1015
3 990 1064 989
3 1026 1064 1016
3 1017 1018 1054
3 1033 1054 1018
3 1019 1068 1056
3 1120 1077 1020
3 1007 968 1027
3 1102 1101 998
3 893 957 1057
3 1022 1057 1021
3 1022 1041 1104
3 1041 1029 1058
3 1030 999 1060
3 1042 1060 999
3 1061 1070 1000
3 1043 1010 1001
3 1001 1056 1043
3 1035 1011 1044
3 1036 1096 1045
3 992 1012 1046
3 1066 1047 993
3 1072 1048 1006
3 1006 1037 1072
3 1091 1090 1015
3 1073 1053 989
3 1054 1119 1026
3 1026 1017 1054
3 1054 1033 1055
3 969 1027 968
3 1057 1102 893
3 1069 1058 1029
3 1029 1023 1069
3 1023 1030 1059
3 1024 1070 1042
3 1080 1062 1032
3 1032 1071 1080
3 1095 1071 959
3 1046 1086 1036
3 1047 1066 1114
3 1037 1038 1072
3 1099 1072 1038
3 1049 1099 1038
3 1117 1049 1050
3 1063 1081 1025
3 1002 1052 1051
3 1052 1053 1082
3 1074 1073 989
3 989 1064 1074
3 1064 1026 1119
3 1056 1068 1092
3 1057 1022 1103
3 1041 1058 1104
3 959 1010 1095
3 1035 1084 1034
3 1035 1044 1085
3 1096 1044 1045
3 1096 1036 1086
3 1012 1097 1046
3 1047 1097 1012
3 1090 1117 1050
3 1051 1063 1002
3 1082 1051 1052
3 1054 1055 1065
3 1055 1033 1083
3 1068 1039 1076
3 1100 1120 1020
3 1020 1027 1100
3 1110 969 1040
3 1101 1040 1028
3 1103 1022 1104
3 1069 1104 1058
3 1023 1059 1069
3 1060 1042 1079
3 1105 1079 1042
3 1166 1042 1070
3 1166 1070 1061
3 1010 1043 1095
3 1092 1043 1056
3 1081 1118 1025
3 1063 1051 1081
3 1064 1119 1074
3 1119 1054 1125
3 1054 1065 1125
3 1065 1055 1106
3 1083 1106 1055
3 1033 1084 1083
3 1084 1035 1075
3 1097 1047 1098
3 1088 1089 1135
3 1116 1048 1072
3 1076 1092 1068
3 1140 1076 1039
3 1039 1077 1152
3 1078 1104 1069
3 1069 1059 1078
3 1079 1078 1059
3 1167 1031 1094
3 1062 1094 1031
3 1062 1080 1156
3 1095 1080 1071
3 1086 1141 1096
3 1086 1046 1113
3 1067 1048 1115
3 1072 1099 1116
3 1099 1049 1136
3 1117 1136 1049
3 9593 1137 1091
3 1073 1082 1053
3 1075 1035 1085
3 1039 1152 1140
3 1103 1121 1057
3 1104 1078 1093
3 1079 1105 1129
3 1165 1105 1042
3 1167 1166 1061
3 1094 1062 1183
3 1062 1156 1183
3 1082 1073 1150
3 1073 1074 1150
3 1125 1065 1106
3 1111 1106 1083
3 1084 1111 1083
3 1133 1085 1044
3 1096 1133 1044
3 1141 1086 1112
3 1097 1113 1046
3 1013 1087 1143
3 1135 1089 1145
3 1115 1145 1089
3 1089 1067 1115
3 1092 1076 1151
3 1077 1120 1152
3 1109 1100 1027
3 1109 1027 969
3 969 1110 1163
3 1247 1110 1040
3 1102 1057 1121
3 1122 1093 1078
3 1078 1079 1122
3 1122 1079 1128
3 1079 1129 1128
3 1156 1080 1130
3 1131 1095 1043
3 1125 1106 1161
3 1111 1084 1075
3 1075 1085 1133
3 1184 1133 1096
3 1141 1184 1096
3 1112 1086 1113
3 1114 1098 1047
3 1048 1116 1123
3 1107 1116 1099
3 1136 1107 1099
3 1090 1091 1147
3 1081 1051 1148
3 1074 1119 1138
3 1109 969 1163
3 1121 1103 1127
3 1103 1104 1127
3 1093 1127 1104
3 1080 1095 1130
3 1111 1161 1106
3 1075 1132 1111
3 1184 1141 1185
3 1066 1013 1143
3 1088 1143 1087
3 1048 1123 1146
3 1190 1189 1117
3 1117 1090 1190
3 1147 1190 1090
3 1091 1137 1147
3 1118 1081 1148
3 1149 1051 1082
3 1082 1150 1149
3 1150 1074 1138
3 1151 1108 1092
3 1076 1140 1139
3 1126 1120 1100
3 1101 1102 1153
3 1127 1093 1154
3 1042 1166 1165
3 1166 1167 1212
3 1131 1130 1095
3 1132 1161 1111
3 1134 1112 1113
3 1113 1097 1134
3 1098 1134 1097
3 1114 1066 1143
3 1135 1143 1088
3 1145 1175 1135
3 1115 1048 1157
3 1048 1146 1157
3 1107 1123 1116
3 1189 1136 1117
3 1149 1148 1051
3 1124 1138 1119
3 1119 1125 1124
3 1139 1151 1076
3 1180 1121 1127
3 1122 1181 1093
3 1122 1128 1164
3 1193 1164 1128
3 1128 1129 1155
3 1105 1165 1129
3 1125 1161 1160
3 1132 1075 1162
3 1075 1133 1162
3 1133 1184 1196
3 1141 1112 1204
3 1112 1134 1142
3 1135 1144 1143
3 1145 1115 1176
3 1157 1176 1115
3 1160 1124 1125
3 1140 1191 1139
3 1100 1109 1126
3 1231 1126 1109
3 1199 1153 1102
3 1102 1121 1199
3 1154 1180 1127
3 1181 1154 1093
3 1155 1193 1128
3 1173 1155 1129
3 1094 1183 1225
3 1156 1130 1174
3 1227 1174 1130
3 1196 1162 1133
3 1204 1252 1141
3 1169 1134 1098
3 1098 1114 1169
3 1144 1135 1175
3 1176 1187 1145
3 1147 1137 1178
3 1229 1178 1137
3 1137 9593 1229
3 1159 9593 9592
3 9592 1148 1159
3 1149 1150 1171
3 1138 1124 1240
3 1172 1191 1140
3 1140 1152 1172
3 1126 1152 1120
3 1266 1247 1040
3 1101 1266 1040
3 1164 1181 1122
3 1182 1173 1129
3 1165 1166 1182
3 1130 1131 1195
3 1108 1195 1131
3 1132 1162 1168
3 1252 1185 1141
3 1169 1142 1134
3 1144 1169 1114
3 1114 1143 1144
3 1175 1145 1187
3 1146 1123 1188
3 1123 1107 1170
3 1107 1136 1170
3 1158 1190 1147
3 1147 1178 1158
3 1148 1149 1159
3 1171 1159 1149
3 1108 1151 1214
3 1126 1179 1152
3 1231 1109 1275
3 1109 1163 1275
3 1210 1193 1155
3 1129 1165 1182
3 1225 1183 1213
3 1183 1156 1226
3 1197 1142 1169
3 1186 1197 1169
3 1176 1157 1177
3 1157 1188 1177
3 1170 1188 1123
3 1178 1292 1158
3 1159 1229 9593
3 1150 1138 1222
3 1138 1240 1222
3 1124 1160 1215
3 1216 1215 1160
3 1160 1161 1216
3 1161 1132 1216
3 1168 1216 1132
3 1196 1168 1162
3 1139 1191 1208
3 1179 1172 1152
3 1192 1199 1121
3 1154 1181 1180
3 1173 1210 1155
3 1094 1303 1167
3 1156 1174 1226
3 1195 1227 1130
3 1196 1184 1218
3 1175 1236 1144
3 1189 1170 1136
3 1222 1171 1150
3 1121 1180 1192
3 1233 1164 1193
3 1212 1182 1166
3 1167 1250 1212
3 1241 1226 1174
3 1251 1195 1108
3 1214 1251 1108
3 1218 1216 1168
3 1184 1185 1203
3 1242 1203 1185
3 1197 1204 1142
3 1169 1144 1186
3 1236 1186 1144
3 1237 1236 1175
3 1176 1177 1187
3 1220 1187 1177
3 1188 1220 1177
3 1188 1170 1228
3 1198 1228 1170
3 1189 1198 1170
3 1221 1190 1158
3 1264 1292 1178
3 1178 1229 1264
3 1171 1207 1159
3 1223 1214 1151
3 1208 1151 1139
3 1200 1192 1180
3 1180 1181 1200
3 1164 1200 1181
3 1194 1210 1173
3 1173 1182 1194
3 1303 1250 1167
3 1226 1213 1183
3 1251 1202 1195
3 1196 1218 1168
3 1218 1184 1203
3 1252 1242 1185
3 1187 1237 1175
3 1221 1206 1190
3 1151 1208 1223
3 1224 1208 1191
3 1126 1231 1179
3 1209 1199 1192
3 1256 1233 1193
3 1193 1210 1256
3 1194 1182 1201
3 1257 1201 1182
3 1216 1218 1217
3 1205 1204 1197
3 1197 1186 1205
3 1219 1237 1187
3 1238 1220 1188
3 1189 1190 1206
3 1221 1158 1292
3 1207 1171 1230
3 1301 1124 1215
3 1101 1153 1266
3 1200 1209 1192
3 1200 1164 1233
3 1256 1210 1234
3 1210 1194 1211
3 1201 1211 1194
3 1174 1227 1241
3 1195 1258 1227
3 1220 1219 1187
3 1228 1238 1188
3 1206 1198 1189
3 1264 1229 1284
3 1172 1224 1191
3 1179 1231 1274
3 1275 1163 1247
3 1163 1110 1247
3 1232 1266 1153
3 1153 1199 1232
3 1199 1209 1267
3 1248 1209 1200
3 1211 1234 1210
3 1250 1257 1182
3 1182 1212 1250
3 1217 1215 1216
3 1204 1205 1235
3 1243 1219 1220
3 1238 1243 1220
3 1198 1239 1228
3 1206 1221 1245
3 1292 1245 1221
3 1229 1159 1246
3 1207 1246 1159
3 1307 1230 1171
3 1171 1222 1307
3 1307 1222 1240
3 1272 1223 1208
3 1267 1232 1199
3 1277 1248 1200
3 1233 1277 1200
3 1094 1225 1299
3 1226 1258 1213
3 1258 1241 1227
3 1251 1214 1313
3 1242 1306 1203
3 1252 1204 1235
3 1186 1236 1261
3 1238 1228 1239
3 1255 1291 1198
3 1198 1206 1255
3 1240 1124 1285
3 1295 1272 1208
3 1208 1224 1295
3 1274 1231 1265
3 1275 1265 1231
3 1248 1276 1209
3 1277 1249 1248
3 1286 1277 1233
3 1233 1256 1286
3 1211 1278 1234
3 1241 1258 1226
3 1258 1195 1202
3 1202 1251 1280
3 1270 1280 1251
3 1214 1223 1313
3 1301 1215 1259
3 1215 1217 1259
3 1203 1260 1218
3 1300 1306 1242
3 1235 1205 1253
3 1261 1253 1205
3 1205 1186 1261
3 1318 1261 1236
3 1236 1237 1318
3 1219 1262 1237
3 1243 1238 1271
3 1238 1239 1271
3 1239 1198 1254
3 1291 1254 1198
3 1255 1206 1244
3 1206 1245 1244
3 1307 1240 1285
3 1296 1224 1172
3 1172 1179 1296
3 1267 1209 1276
3 1278 1256 1234
3 1269 1278 1211
3 1201 1269 1211
3 1201 1257 1298
3 1260 1217 1218
3 1252 1300 1242
3 1219 1243 1263
3 1271 1263 1243
3 1246 1284 1229
3 1293 1124 1301
3 1249 1276 1248
3 1278 1269 1268
3 1257 1250 9705
3 1299 1225 1376
3 1336 1213 1258
3 1270 1251 1313
3 1281 1235 1253
3 1318 1237 1262
3 1264 1284 1310
3 1275 1247 1302
3 1232 1267 1333
3 1276 1333 1267
3 1286 1256 1278
3 1269 1201 1289
3 1298 1289 1201
3 9705 1250 1290
3 1202 1279 1258
3 1280 1270 1305
3 1272 1313 1223
3 1331 1259 1217
3 1260 1203 1360
3 1306 1360 1203
3 1261 1318 1317
3 1327 1262 1219
3 1219 1263 1327
3 1263 1271 1282
3 1239 1254 1283
3 1310 1292 1264
3 1308 1307 1285
3 1124 1293 1285
3 1273 1295 1224
3 1179 1274 1296
3 1274 1265 1321
3 1266 1232 1346
3 1249 1277 1314
3 1288 1287 1268
3 1268 1269 1288
3 1289 1288 1269
3 1257 1312 1298
3 1299 1303 1094
3 1280 1325 1202
3 1331 1294 1259
3 1343 1217 1260
3 1339 1300 1252
3 1252 1235 1339
3 1281 1339 1235
3 1271 1239 1283
3 1301 1259 1294
3 1272 1295 1332
3 1296 1273 1224
3 1321 1296 1274
3 1265 1275 1302
3 1346 1247 1266
3 1333 1346 1232
3 1314 1277 1297
3 1278 1268 1315
3 1303 1350 1250
3 1225 1213 1304
3 1258 1279 1336
3 1343 1331 1217
3 1360 1343 1260
3 1300 1309 1306
3 1367 1281 1253
3 1327 1326 1262
3 1283 1282 1271
3 1254 1291 1352
3 1245 1292 1341
3 1407 1353 1285
3 1285 1293 1407
3 1320 1296 1321
3 1286 1297 1277
3 1286 1278 1315
3 1290 1250 1350
3 1213 1336 1304
3 1279 1202 1325
3 1270 1313 1316
3 1317 1367 1253
3 1253 1261 1317
3 1318 1262 1326
3 1327 1263 1282
3 1351 1283 1254
3 1292 1310 1341
3 1246 1329 1284
3 1353 1308 1285
3 1313 1272 1338
3 1273 1319 1295
3 1320 1273 1296
3 1314 1297 1322
3 1315 1268 1348
3 1287 1348 1268
3 1287 1288 1334
3 1289 1334 1288
3 1289 1298 1324
3 1303 1299 1434
3 1376 1434 1299
3 1304 1376 1225
3 1280 1305 1325
3 1364 1325 1305
3 1305 1270 1337
3 1316 1337 1270
3 1340 1291 1255
3 1255 1244 1328
3 1329 1310 1284
3 1246 1207 1311
3 1330 1293 1301
3 1295 1394 1332
3 1295 1319 1394
3 1273 1320 1319
3 1302 1321 1265
3 1276 1249 1314
3 1334 1289 1323
3 1324 1323 1289
3 1312 1324 1298
3 1434 1350 1303
3 1309 1360 1306
3 1358 1326 1327
3 1368 1282 1283
3 1351 1368 1283
3 1352 1351 1254
3 1340 1352 1291
3 1342 1341 1310
3 1230 1311 1207
3 1294 1330 1301
3 1340 1255 1328
3 1341 1366 1245
3 1329 1342 1310
3 1330 1294 1426
3 1337 1364 1305
3 1355 1316 1313
3 1356 1355 1313
3 1313 1338 1356
3 1272 1332 1338
3 1394 1319 1372
3 1302 1247 1345
3 1346 1345 1247
3 1276 1314 1347
3 1345 1321 1302
3 1333 1276 1347
3 1362 1347 1314
3 1314 1322 1354
3 1315 1322 1297
3 1349 1348 1287
3 1334 1349 1287
3 1323 1363 1334
3 1290 1350 1335
3 1352 1340 1359
3 1244 1245 1366
3 1329 1246 1418
3 1311 1418 1246
3 1474 1406 1230
3 1230 1307 1474
3 1320 1321 1344
3 1345 1344 1321
3 1383 1363 1323
3 1384 1383 1323
3 1323 1324 1384
3 1324 1312 9708
3 1435 1304 1336
3 1360 1309 1365
3 1300 1339 1309
3 1413 1339 1281
3 1281 1367 1413
3 1317 1318 1357
3 1318 1326 1357
3 1388 1358 1327
3 1327 1282 1389
3 1351 1352 1390
3 1415 1340 1328
3 1311 1230 1370
3 1343 1430 1331
3 1332 1398 1338
3 1344 1319 1320
3 1346 1373 1345
3 1347 1362 1333
3 1354 1322 1382
3 1322 1315 1348
3 1349 1334 1363
3 9708 9705 9711
3 1279 1436 1336
3 1325 1364 1371
3 1377 1371 1364
3 1364 1337 1396
3 1316 1355 1337
3 1398 1356 1338
3 1386 1309 1339
3 1357 1367 1317
3 1358 1357 1326
3 1389 1388 1327
3 1341 1342 1366
3 1474 1307 1308
3 1293 1330 1407
3 1294 1331 1378
3 1430 1378 1331
3 1319 1379 1372
3 1319 1344 1379
3 1333 1374 1346
3 1354 1362 1314
3 1322 1348 1349
3 9708 1385 1324
3 1424 1335 1350
3 1434 1424 1350
3 1279 1325 1436
3 1371 1436 1325
3 1368 1389 1282
3 1359 1390 1352
3 1340 1415 1359
3 1391 1415 1328
3 1328 1244 1391
3 1366 1391 1244
3 1294 1378 1426
3 1360 1430 1343
3 1408 1394 1372
3 1379 1344 1361
3 1344 1345 1361
3 1374 1333 1362
3 1349 1382 1322
3 1363 1375 1349
3 1363 1383 1395
3 9710 9711 1290
3 1290 1335 9710
3 1435 1376 1304
3 1436 1435 1336
3 1356 1397 1355
3 1405 1357 1358
3 1388 1405 1358
3 1342 1329 1392
3 1406 1370 1230
3 1430 1360 1365
3 1463 1332 1394
3 1361 1345 1373
3 1374 1373 1346
3 1354 1382 1381
3 1382 1349 1375
3 1375 1363 1395
3 1337 1355 1404
3 1398 1397 1356
3 1387 1386 1339
3 1339 1413 1387
3 1359 1415 1471
3 1366 1342 1442
3 1369 1392 1329
3 1393 1407 1330
3 1426 1419 1330
3 1479 1365 1309
3 1309 1386 1479
3 1367 1357 1414
3 1368 1351 1446
3 1351 1390 1446
3 1429 1391 1366
3 1366 1442 1429
3 1329 1418 1369
3 1460 1474 1308
3 1403 1384 1324
3 1385 1403 1324
3 1396 1377 1364
3 1427 1398 1332
3 1450 1427 1332
3 1332 1463 1450
3 1379 1408 1372
3 1399 1379 1361
3 1373 1399 1361
3 1362 1354 1380
3 1381 1380 1354
3 1451 1394 1408
3 1373 1374 1400
3 1395 1401 1375
3 1454 1383 1384
3 1385 9708 9706
3 9710 1335 1498
3 1411 1371 1377
3 1404 1355 1412
3 1355 1397 1412
3 1441 1388 1389
3 1471 1390 1359
3 1342 1392 1417
3 1370 1515 1311
3 1447 1308 1353
3 1419 1393 1330
3 1365 1431 1430
3 1409 1408 1379
3 1399 1409 1379
3 1380 1381 1422
3 1423 1422 1381
3 1381 1382 1423
3 1382 1375 1423
3 1402 1395 1383
3 1383 1454 1402
3 1403 1454 1384
3 1396 1411 1377
3 1404 1396 1337
3 1425 1479 1386
3 1357 1405 1414
3 1390 1471 1459
3 1418 1490 1369
3 1407 1447 1353
3 1399 1373 1421
3 1374 1362 1432
3 1362 1380 1432
3 1401 1395 1410
3 1402 1410 1395
3 1424 1498 1335
3 1397 1398 1437
3 1427 1437 1398
3 1438 1425 1386
3 1386 1387 1438
3 1387 1413 1428
3 1413 1367 1456
3 1414 1456 1367
3 1416 1429 1442
3 1417 1442 1342
3 1490 1392 1369
3 1515 1418 1311
3 1408 1409 1464
3 1409 1399 1420
3 1421 1420 1399
3 1373 1400 1421
3 1443 1400 1374
3 1432 1443 1374
3 1375 1401 1423
3 1454 1403 1488
3 1435 1434 1376
3 1435 1436 1500
3 1396 1404 1444
3 1445 1412 1397
3 1397 1437 1445
3 1414 1405 1439
3 1440 1439 1405
3 1440 1405 1388
3 1389 1368 1458
3 1368 1446 1458
3 1515 1370 1496
3 1406 1496 1370
3 1426 1378 1448
3 1464 1451 1408
3 9706 1403 1385
3 1411 1396 1468
3 1404 1412 1444
3 1456 1428 1413
3 1441 1440 1388
3 1458 1441 1389
3 1308 1447 1460
3 1449 1448 1378
3 1378 1430 1449
3 1420 1464 1409
3 1443 1421 1400
3 1422 1423 1433
3 1465 1433 1423
3 1423 1401 1465
3 1410 1402 1487
3 1434 1466 1424
3 1396 1444 1468
3 1469 1444 1412
3 1445 1469 1412
3 1438 1387 1428
3 1459 1446 1390
3 1417 1392 1473
3 1448 1419 1426
3 1463 1451 1481
3 1483 1420 1421
3 1443 1483 1421
3 1432 1422 1433
3 1487 1401 1410
3 1505 1403 9706
3 1371 1411 1467
3 1455 1468 1444
3 1437 1427 1462
3 1428 1523 1438
3 1456 1414 1470
3 1471 1415 1472
3 1391 1472 1415
3 1392 1490 1473
3 1474 1496 1406
3 1507 1447 1407
3 1407 1393 1507
3 1430 1431 1449
3 1475 1451 1464
3 1452 1443 1432
3 1433 1452 1432
3 1465 1401 1478
3 1487 1478 1401
3 1402 1454 1453
3 9710 1498 1491
3 1466 1498 1424
3 1435 1466 1434
3 1492 1500 1436
3 1436 1371 1492
3 1468 1467 1411
3 1445 1437 1480
3 1494 1431 1365
3 1523 1425 1438
3 1391 1429 1489
3 1442 1417 1416
3 1462 1480 1437
3 1476 1464 1420
3 1452 1483 1443
3 1521 1455 1444
3 1493 1521 1444
3 1469 1493 1444
3 1479 1425 1528
3 1456 1495 1428
3 1470 1414 1439
3 1439 1440 1529
3 1440 1441 1457
3 1458 1457 1441
3 1393 1419 1507
3 1448 1449 1461
3 1427 1450 1462
3 1450 1463 1481
3 1475 1481 1451
3 1483 1476 1420
3 1477 1484 1433
3 1519 1477 1433
3 1433 1465 1519
3 1486 1487 1402
3 1402 1453 1486
3 1454 1488 1550
3 1466 1435 1500
3 1467 1492 1371
3 1469 1445 1493
3 1470 1495 1456
3 1529 1440 1457
3 1555 1446 1459
3 1472 1501 1471
3 1474 1460 1568
3 1450 1481 1462
3 1476 1475 1464
3 1484 1452 1433
3 1478 1487 1486
3 1550 1453 1454
3 1505 1538 1403
3 1498 1466 1499
3 1510 1467 1468
3 1480 1493 1445
3 1523 1428 1524
3 1457 1458 1513
3 1458 1446 1575
3 1472 1391 1542
3 1489 1542 1391
3 1489 1429 1502
3 1473 1547 1417
3 1480 1462 1508
3 1482 1517 1476
3 1476 1483 1482
3 1483 1452 1518
3 1484 1518 1452
3 1465 1478 1485
3 1486 1485 1478
3 1497 1488 1403
3 1403 1538 1497
3 1479 1494 1365
3 1523 1528 1425
3 1575 1513 1458
3 1429 1416 1502
3 1418 1616 1490
3 1569 1460 1447
3 1507 1569 1447
3 1461 1503 1448
3 1461 1449 1525
3 1462 1481 1508
3 1504 1508 1481
3 1518 1482 1483
3 1492 1467 1506
3 1511 1510 1468
3 1455 1511 1468
3 1521 1557 1455
3 1495 1524 1428
3 1470 1512 1495
3 1470 1439 1540
3 1459 1471 1501
3 1542 1489 1534
3 1502 1534 1489
3 1473 1490 1514
3 1496 1474 1586
3 1419 1448 1503
3 1481 1475 1504
3 1476 1517 1509
3 1477 1537 1484
3 1477 1519 1572
3 1519 1465 1532
3 1602 1532 1465
3 1486 1453 1573
3 1500 1527 1466
3 1510 1506 1467
3 1557 1533 1455
3 1480 1522 1493
3 1528 1494 1479
3 1513 1529 1457
3 1575 1446 1530
3 1547 1416 1417
3 1514 1547 1473
3 1548 1616 1418
3 1418 1515 1531
3 1480 1508 1516
3 1509 1475 1476
3 1465 1485 1602
3 1491 1498 1499
3 1499 1466 1527
3 1524 1495 1564
3 1512 1564 1495
3 1446 1555 1530
3 1501 1472 1541
3 1616 1514 1490
3 1531 1548 1418
3 1568 1460 1597
3 1569 1597 1460
3 1587 1507 1419
3 1504 1475 1535
3 1517 1482 1536
3 1537 1518 1484
3 1537 1477 1572
3 1519 1532 1544
3 1520 1602 1485
3 1485 1486 1520
3 1539 1500 1492
3 1492 1506 1539
3 1533 1511 1455
3 1521 1493 1552
3 1554 1512 1470
3 1540 1554 1470
3 1502 1416 1534
3 1515 1496 1531
3 1503 1587 1419
3 1449 1431 1525
3 1475 1509 1535
3 1509 1517 1526
3 1537 1572 1590
3 1520 1486 1591
3 1560 1453 1550
3 1521 1552 1545
3 1522 1552 1493
3 1494 1562 1431
3 1529 1540 1439
3 1529 1513 1574
3 1530 1565 1575
3 1542 1541 1472
3 1525 1431 1562
3 1516 1561 1480
3 1508 1504 1543
3 1535 1543 1504
3 1588 1535 1509
3 1526 1588 1509
3 1615 1482 1518
3 1518 1537 1615
3 1608 1572 1519
3 1519 1544 1608
3 1488 1497 1550
3 1545 1557 1521
3 1528 1523 1581
3 1596 1523 1524
3 1586 1531 1496
3 1568 1586 1474
3 1549 1503 1461
3 1570 1516 1508
3 1543 1570 1508
3 1526 1517 1536
3 1560 1573 1453
3 1538 1505 1580
3 1491 1499 9709
3 1539 1499 1527
3 1527 1500 1539
3 1522 1480 1561
3 1581 1494 1528
3 1582 1540 1529
3 1574 1513 1613
3 1575 1613 1513
3 1621 1555 1459
3 1534 1566 1542
3 1547 1577 1416
3 1616 1605 1514
3 1532 1602 1601
3 1591 1486 1573
3 1539 9709 1499
3 1551 1506 1510
3 1511 1551 1510
3 1561 1552 1522
3 1596 1581 1523
3 1524 1553 1596
3 1564 1553 1524
3 1554 1564 1512
3 1459 1501 1621
3 1587 1569 1507
3 1461 1525 1549
3 1526 1536 1559
3 1579 1550 1497
3 1609 1579 1497
3 1539 1506 1551
3 1574 1582 1529
3 1501 1541 1546
3 1576 1546 1541
3 1541 1542 1576
3 1566 1576 1542
3 1547 1514 1584
3 1605 1584 1514
3 1548 1531 1585
3 1536 1482 1578
3 1600 1544 1532
3 1601 1600 1532
3 1573 1560 1592
3 1579 1560 1550
3 1609 1497 1538
3 1595 9709 1539
3 1539 1551 1610
3 1551 1511 1556
3 1511 1533 1556
3 1561 1516 1558
3 1494 1581 1563
3 1612 1564 1554
3 1585 1531 1586
3 1587 1503 1629
3 1503 1549 1629
3 1570 1558 1516
3 1571 1543 1535
3 1559 1536 1578
3 1578 1482 1639
3 1591 1573 1669
3 1636 1545 1552
3 1567 1534 1416
3 1416 1577 1567
3 1585 1616 1548
3 1568 1597 1652
3 1525 1606 1549
3 1563 1562 1494
3 1612 1553 1564
3 1583 1530 1555
3 1555 1621 1583
3 1547 1584 1577
3 1568 1665 1586
3 1606 1525 1562
3 1611 1556 1533
3 1533 1557 1611
3 1561 1636 1552
3 1570 1543 1598
3 1615 1639 1482
3 1571 1598 1543
3 1588 1571 1535
3 1656 1592 1560
3 1579 1656 1560
3 1538 1580 1593
3 1539 1610 1603
3 1610 1551 1625
3 1557 1545 1654
3 1501 1546 1621
3 1559 1588 1526
3 1639 1589 1578
3 1669 1573 1592
3 1595 1594 9709
3 1595 1539 1641
3 1539 1603 1641
3 1625 1551 1644
3 1551 1556 1644
3 1553 1645 1596
3 1554 1540 1612
3 1582 1612 1540
3 1582 1574 1691
3 1613 1691 1574
3 1613 1575 1565
3 1530 1583 1565
3 1546 1576 1662
3 1534 1567 1626
3 1598 1614 1570
3 1559 1578 1599
3 1589 1599 1578
3 1589 1639 1687
3 1593 1580 1594
3 1644 1556 1604
3 1556 1611 1604
3 1636 1561 1607
3 1558 1607 1561
3 1563 1674 1562
3 1691 1619 1582
3 1662 1576 1711
3 1566 1711 1576
3 1652 1665 1568
3 1666 1597 1569
3 1569 1587 1686
3 1606 1629 1549
3 1558 1570 1614
3 1594 1595 1634
3 1617 1634 1595
3 1641 1617 1595
3 1557 1654 1611
3 1674 1703 1562
3 1648 1581 1596
3 1649 1648 1596
3 1612 1582 1619
3 1567 1577 1627
3 1663 1627 1577
3 1650 1663 1577
3 1584 1650 1577
3 1666 1652 1597
3 1614 1607 1558
3 1571 1614 1598
3 1559 1622 1588
3 1719 1600 1601
3 1601 1602 1633
3 1602 1520 1633
3 1591 1633 1520
3 1538 1593 1609
3 1635 1642 1603
3 1603 1610 1635
3 1644 1643 1625
3 1654 1545 1636
3 1626 1566 1534
3 1628 1650 1584
3 1605 1628 1584
3 1605 1616 1734
3 1651 1585 1586
3 1587 1699 1686
3 1653 1699 1587
3 1629 1653 1587
3 1629 1606 1653
3 1562 1646 1606
3 1571 1588 1622
3 1622 1559 1599
3 1633 1719 1601
3 1591 1669 1681
3 1592 1656 1623
3 1640 1579 1609
3 1641 1603 1618
3 1603 1642 1618
3 1610 1625 1635
3 1654 1604 1611
3 1553 1612 1637
3 1619 1637 1612
3 1620 1692 1613
3 1565 1620 1613
3 1569 1686 1666
3 1607 1614 1647
3 1631 1615 1537
3 1537 1590 1631
3 1640 1609 1593
3 1634 1593 1594
3 1563 1581 1675
3 1645 1649 1596
3 1637 1645 1553
3 1692 1691 1613
3 1685 1734 1616
3 1616 1585 1685
3 1586 1665 1651
3 1653 1606 1646
3 1647 1614 1638
3 1614 1571 1622
3 1599 1589 1680
3 1668 1687 1639
3 1572 1632 1590
3 1633 1591 1681
3 1592 1655 1669
3 1623 1655 1592
3 1682 1623 1656
3 1579 1640 1683
3 1642 1635 1624
3 1619 1691 1659
3 1583 1620 1565
3 1651 1685 1585
3 1622 1638 1614
3 1622 1599 1630
3 1680 1630 1599
3 1744 1608 1544
3 1670 1640 1593
3 1634 1670 1593
3 1643 1635 1625
3 1607 1671 1636
3 1661 1621 1546
3 1546 1662 1661
3 1650 1628 1664
3 1562 1703 1724
3 1695 1639 1615
3 1615 1631 1695
3 1641 1618 1657
3 1618 1642 1657
3 1654 1636 1671
3 1675 1674 1563
3 1648 1675 1581
3 1676 1658 1637
3 1637 1619 1676
3 1660 1692 1620
3 1621 1661 1677
3 1647 1671 1607
3 1630 1638 1622
3 1808 1668 1639
3 1639 1695 1808
3 1572 1608 1712
3 1696 1655 1623
3 1683 1656 1579
3 1706 1640 1670
3 1617 1641 1672
3 1642 1624 1657
3 1624 1635 1702
3 1635 1643 1673
3 1644 1673 1643
3 1644 1604 1667
3 1654 1667 1604
3 1658 1726 1645
3 1645 1637 1658
3 1621 1704 1583
3 1626 1711 1566
3 1626 1567 1678
3 1567 1627 1684
3 1688 1631 1590
3 1632 1688 1590
3 1718 1544 1600
3 1623 1682 1696
3 1672 1670 1634
3 1634 1617 1672
3 1672 1641 1657
3 1644 1667 1673
3 1715 1660 1620
3 1704 1620 1583
3 1704 1621 1677
3 1627 1663 1733
3 1664 1663 1650
3 1717 1665 1652
3 1646 1562 1724
3 1659 1743 1619
3 1704 1715 1620
3 1711 1626 1678
3 1684 1678 1567
3 1605 1734 1679
3 1698 1717 1652
3 1652 1666 1698
3 1667 1654 1671
3 1694 1638 1630
3 1712 1632 1572
3 1744 1712 1608
3 1600 1719 1718
3 1655 1696 1737
3 1683 1682 1656
3 1624 1708 1657
3 1619 1743 1676
3 1679 1628 1605
3 1702 1708 1624
3 1635 1673 1702
3 1681 1669 1730
3 1655 1730 1669
3 1683 1640 1705
3 1640 1706 1705
3 1672 1657 1689
3 1718 1744 1544
3 1706 1670 1689
3 1670 1672 1689
3 1690 1689 1657
3 1673 1667 1709
3 1667 1671 1709
3 1649 1645 1726
3 1651 1693 1685
3 1665 1693 1651
3 1671 1647 1728
3 1638 1728 1647
3 1762 1769 1638
3 1694 1762 1638
3 1630 1680 1807
3 1683 1705 1700
3 1657 1708 1707
3 1714 1709 1671
3 1710 1743 1659
3 1691 1758 1659
3 1661 1662 1716
3 1627 1748 1684
3 1727 1733 1663
3 1663 1664 1727
3 1734 1685 1697
3 1693 1697 1685
3 1665 1717 1693
3 1666 1686 1698
3 1741 1698 1686
3 1699 1741 1686
3 1735 1694 1630
3 1770 1807 1680
3 1680 1589 1770
3 1687 1668 1751
3 1719 1633 1816
3 1681 1816 1633
3 1737 1730 1655
3 1696 1682 1713
3 1682 1683 1713
3 1700 1713 1683
3 1701 1706 1689
3 1689 1690 1701
3 1707 1690 1657
3 1758 1710 1659
3 1772 1758 1691
3 1691 1692 1772
3 1692 1660 1772
3 1773 1704 1677
3 1661 1773 1677
3 1711 1716 1662
3 1678 1684 1748
3 1628 1780 1664
3 1646 1732 1653
3 1671 1728 1714
3 1638 1769 1728
3 1807 1735 1630
3 1687 1770 1589
3 1809 1695 1631
3 1705 1706 1722
3 1702 1673 1740
3 1709 1740 1673
3 1747 1675 1648
3 1704 1773 1803
3 1699 1653 1741
3 1724 1732 1646
3 1713 1737 1696
3 1713 1700 1721
3 1722 1738 1705
3 1701 1739 1706
3 1708 1731 1707
3 1708 1702 1723
3 1740 1723 1702
3 1674 1742 1703
3 1803 1715 1704
3 1780 1727 1664
3 1712 1789 1632
3 1781 1718 1719
3 1816 1681 1729
3 1700 1705 1721
3 1738 1721 1705
3 1739 1722 1706
3 1725 1742 1674
3 1674 1675 1725
3 1747 1648 1649
3 1726 1747 1649
3 1676 1743 1784
3 1679 1780 1628
3 1712 1744 1775
3 1719 1816 1736
3 1730 1729 1681
3 1720 1791 1737
3 1707 1754 1690
3 1765 1708 1723
3 1747 1725 1675
3 1726 1658 1757
3 1772 1660 1837
3 1804 1748 1627
3 1627 1733 1804
3 1759 1733 1727
3 1693 1717 1749
3 1698 1749 1717
3 1724 1703 1742
3 1789 1688 1632
3 1730 1737 1791
3 1745 1737 1713
3 1713 1721 1745
3 1752 1738 1722
3 1722 1739 1752
3 1753 1739 1701
3 1701 1690 1753
3 1754 1753 1690
3 1765 1731 1708
3 1740 1765 1723
3 1714 1787 1709
3 1732 1724 1746
3 1742 1746 1724
3 1676 1757 1658
3 1660 1715 1837
3 1803 1837 1715
3 1780 1759 1727
3 1714 1728 1750
3 1761 1750 1728
3 1728 1769 1761
3 1707 1731 1755
3 1787 1740 1709
3 1742 1725 1766
3 1756 1725 1747
3 1802 1747 1726
3 1711 1678 1767
3 1678 1748 1767
3 1768 1858 1734
3 1734 1697 1760
3 1693 1760 1697
3 1698 1741 1749
3 1762 1694 1763
3 1808 1751 1668
3 1688 1809 1631
3 1745 1720 1737
3 1721 1738 1745
3 1752 1745 1738
3 1752 1739 1753
3 1754 1707 1782
3 1794 1852 1707
3 1755 1794 1707
3 1787 1714 1750
3 1746 1801 1732
3 1726 1757 1802
3 1710 1758 1777
3 1716 1711 1778
3 1767 1778 1711
3 1780 1679 1805
3 1679 1734 1805
3 1693 1749 1760
3 1735 1763 1694
3 1770 1687 1751
3 1775 1789 1712
3 1790 1729 1730
3 1791 1790 1730
3 1753 1754 1764
3 1766 1795 1742
3 1725 1756 1776
3 1802 1756 1747
3 1710 1777 1771
3 1830 1796 1661
3 1661 1716 1830
3 1810 1767 1748
3 1759 1779 1733
3 1763 1735 1799
3 1770 1826 1807
3 1781 1719 1736
3 1792 1720 1745
3 1745 1752 1818
3 1753 1818 1752
3 1754 1839 1764
3 1852 1782 1707
3 1765 1755 1731
3 1740 1798 1765
3 1746 1742 1795
3 1786 1771 1777
3 1777 1758 1772
3 1869 1773 1661
3 1796 1869 1661
3 1778 1830 1716
3 1858 1805 1734
3 1734 1760 1768
3 1774 1797 1749
3 1740 1787 1798
3 1815 1769 1762
3 1763 1815 1762
3 1832 1775 1744
3 1781 1832 1744
3 1744 1718 1781
3 1764 1818 1753
3 1795 1801 1746
3 1783 1795 1766
3 1766 1725 1783
3 1757 1676 1784
3 1743 1710 1771
3 1748 1804 1810
3 1779 1804 1733
3 1824 1759 1780
3 1760 1749 1797
3 1774 1801 1806
3 1750 1761 1788
3 1807 1799 1735
3 1791 1720 1817
3 1720 1792 1817
3 1848 1783 1725
3 1776 1848 1725
3 1784 1743 1785
3 1771 1785 1743
3 1803 1773 1901
3 1869 1901 1773
3 1797 1768 1760
3 1806 1825 1774
3 1787 1750 1788
3 1800 1751 1808
3 1789 1775 1847
3 1745 1818 1792
3 1827 1818 1764
3 1794 1755 1820
3 1755 1765 1798
3 1802 1842 1756
3 1784 1823 1757
3 1829 1786 1777
3 1777 1772 1829
3 1815 1761 1769
3 1800 1884 1751
3 1808 1695 1917
3 1793 1792 1818
3 1900 1754 1782
3 1840 1820 1755
3 1798 1840 1755
3 1821 1801 1795
3 1822 1776 1756
3 1756 1842 1822
3 1797 1774 1811
3 1838 1811 1774
3 1774 1825 1838
3 1798 1787 1814
3 1788 1761 1845
3 1761 1815 1845
3 1770 1751 1893
3 1831 1688 1789
3 1775 1832 1847
3 1839 1827 1764
3 1839 1754 1900
3 1795 1783 1863
3 1823 1802 1757
3 1778 1767 1924
3 1806 1801 1834
3 1787 1788 1814
3 1893 1826 1770
3 1893 1751 1884
3 1781 1736 1895
3 1907 1790 1791
3 1852 1794 1819
3 1801 1821 1834
3 1863 1835 1795
3 1848 1776 1828
3 1878 1828 1776
3 1776 1822 1878
3 1842 1802 1823
3 1850 1771 1786
3 1803 1901 1909
3 1843 1924 1767
3 1810 1843 1767
3 1810 1804 1856
3 1779 1856 1804
3 1779 1759 1902
3 1824 1902 1759
3 1780 1805 1824
3 1825 1806 1834
3 1812 1840 1798
3 1813 1812 1814
3 1788 1845 1844
3 1851 1815 1763
3 1799 1851 1763
3 1933 1800 1808
3 1808 1917 1933
3 1831 1809 1688
3 1791 1817 1907
3 1862 1817 1792
3 1794 1820 1819
3 1783 1848 1836
3 1823 1890 1842
3 1855 1850 1786
3 1786 1829 1867
3 1829 1772 1868
3 1772 1837 1868
3 1897 1837 1803
3 1909 1897 1803
3 1871 1768 1797
3 1797 1811 1871
3 1814 1788 1813
3 1846 1845 1815
3 1826 1799 1807
3 1736 1816 1886
3 1792 1793 1862
3 1827 1793 1818
3 1852 1900 1782
3 1820 1840 1833
3 1841 1834 1821
3 1795 1841 1821
3 1836 1863 1783
3 1878 1822 1849
3 1854 1889 1822
3 1838 1871 1811
3 1695 1809 1917
3 1918 1917 1809
3 1809 1831 1918
3 1835 1841 1795
3 1889 1849 1822
3 1842 1854 1822
3 1850 1785 1771
3 1868 1867 1829
3 1923 1901 1869
3 1879 1830 1778
3 1924 1879 1778
3 1856 1843 1810
3 1902 1857 1779
3 1870 1824 1805
3 1825 1860 1838
3 1851 1846 1815
3 1847 1831 1789
3 1877 1876 1819
3 1820 1877 1819
3 1784 1866 1823
3 1897 1868 1837
3 1858 1870 1805
3 1871 1858 1768
3 1871 1838 1859
3 1860 1825 1834
3 1844 1813 1788
3 1851 1799 1906
3 1826 1906 1799
3 1864 1854 1842
3 1986 1850 1855
3 1867 1855 1786
3 1870 1903 1824
3 1812 1813 1883
3 1844 1845 1872
3 1845 1846 1872
3 1893 1954 1826
3 1832 1781 1861
3 1895 1861 1781
3 1886 1895 1736
3 1790 1907 1874
3 1875 1862 1793
3 1839 1939 1827
3 1900 1852 1915
3 1882 1833 1840
3 1840 1812 1882
3 1841 1835 1853
3 1853 1835 1896
3 1863 1896 1835
3 1836 1848 1920
3 1947 1920 1848
3 1848 1828 1947
3 1921 1947 1828
3 1878 1921 1828
3 1878 1849 1888
3 1823 1866 1865
3 1903 1902 1824
3 1859 1891 1871
3 1834 1841 1881
3 1846 1851 1872
3 1906 1872 1851
3 1832 1955 1847
3 1927 1816 1729
3 1729 1790 1927
3 1874 1927 1790
3 1887 1907 1817
3 1817 1862 1887
3 1939 1839 1900
3 1852 1819 1915
3 1908 1877 1820
3 1820 1833 1908
3 1890 1823 1865
3 1784 1785 1935
3 1785 1850 2020
3 1924 1843 1910
3 1880 1843 1856
3 1870 1858 1904
3 1858 1871 1904
3 1891 1904 1871
3 1860 1859 1838
3 1860 1834 1881
3 1812 1883 1882
3 1813 1844 1892
3 1884 1800 1873
3 1800 1933 1873
3 1955 1885 1847
3 1861 1955 1832
3 1875 1943 1862
3 1939 1913 1827
3 1920 1896 1863
3 1863 1836 1920
3 1935 1866 1784
3 1986 2020 1850
3 1882 1883 1905
3 1894 1918 1831
3 1831 1847 1885
3 1874 1907 1919
3 1887 1862 1943
3 1944 1875 1793
3 1793 1827 1944
3 1876 1915 1819
3 1876 1877 1916
3 1921 1878 1888
3 1888 1849 1929
3 1854 1864 1890
3 1843 1880 1910
3 1911 1880 1856
3 1856 1779 1911
3 1779 1857 1911
3 1899 1844 1872
3 1912 1899 1872
3 1872 1906 1912
3 1893 1884 1954
3 1831 1885 1894
3 1861 1895 1956
3 1886 1816 1927
3 1913 1944 1827
3 1890 1949 1854
3 1881 1841 1853
3 1932 1813 1892
3 1906 1826 1925
3 1954 1925 1826
3 1984 1929 1849
3 1849 1889 1984
3 1930 1949 1890
3 1865 1930 1890
3 1941 1855 1867
3 1868 1941 1867
3 1911 1857 1937
3 1857 1902 1937
3 1898 1859 1928
3 1860 1960 1859
3 1860 1881 1960
3 1931 1883 1813
3 1932 1931 1813
3 1899 1892 1844
3 1912 1906 1951
3 1927 1957 1886
3 1907 1887 1938
3 1887 1943 1938
3 1900 1914 1939
3 1915 1914 1900
3 1877 1908 1946
3 1921 1888 1922
3 1866 1968 1865
3 1935 1785 2069
3 1950 1937 1902
3 1950 1902 1903
3 1960 1928 1859
3 1951 1906 1925
3 1954 1884 1926
3 1873 1926 1884
3 1963 1956 1895
3 1895 1886 1963
3 1957 1963 1886
3 1938 1919 1907
3 1915 1876 1945
3 1916 1945 1876
3 1974 1946 1908
3 1908 1833 1974
3 1833 1882 1966
3 1986 1855 1941
3 1936 1897 1909
3 1909 1901 1936
3 1869 1796 1923
3 1830 1879 1962
3 9655 1904 1891
3 1853 1960 1881
3 1905 1883 1931
3 1892 1899 1942
3 1970 1899 1912
3 1917 1918 2012
3 2013 1955 1861
3 1875 1944 1965
3 1914 1915 1959
3 1960 1853 1934
3 1888 1940 1922
3 1929 1940 1888
3 1879 1924 1910
3 1870 1950 1903
3 1951 1970 1912
3 1917 2012 1933
3 1894 2012 1918
3 1955 1894 1885
3 1956 2013 1861
3 1965 1943 1875
3 1916 1877 1946
3 1966 1974 1833
3 1896 1934 1853
3 1896 1920 1961
3 1948 1947 1921
3 1921 1922 1948
3 1889 1854 1985
3 1911 1937 1969
3 1899 1970 1942
3 1874 1919 1964
3 1913 1939 1958
3 1967 1966 1882
3 1928 1960 2003
3 1961 1934 1896
3 1948 1922 1977
3 1854 1949 1985
3 2020 2069 1785
3 2009 1936 1901
3 1901 1923 2009
3 1962 1796 1830
3 1870 1904 1991
3 9659 1991 1904
3 1925 1954 1953
3 1980 1964 1919
3 2006 1977 1922
3 1940 2006 1922
3 1935 1968 1866
3 1941 1868 2008
3 1868 1897 2008
3 1996 1962 1879
3 1910 1996 1879
3 1910 1880 1998
3 1950 1969 1937
3 1925 1952 1951
3 1927 1874 1957
3 1919 1938 1980
3 1958 1939 1914
3 1967 1931 9560
3 1920 1947 1975
3 1929 2006 1940
3 1968 1930 1865
3 1897 1936 2030
3 1796 1962 2010
3 1880 1911 1969
3 1931 1932 9561
3 1894 1955 2052
3 1955 2013 2071
3 1964 1957 1874
3 1943 1965 1938
3 1982 1965 1944
3 1944 1913 1982
3 1992 1959 1915
3 1945 1992 1915
3 1945 1916 1971
3 1916 1946 1972
3 1974 1973 1946
3 1960 1934 2004
3 1961 2004 1934
3 1975 1947 1983
3 1984 1889 2038
3 1889 1985 2038
3 1930 1968 1978
3 2010 1923 1796
3 1987 1969 1950
3 1988 9561 1932
3 1952 1925 2000
3 1956 1963 2013
3 1913 1958 1982
3 1914 1959 1992
3 1973 1972 1946
3 1967 9560 2002
3 2004 2003 1960
3 1961 1920 1975
3 1948 2005 1947
3 1977 1976 1948
3 2006 2028 1977
3 1995 1986 1941
3 2011 1999 1942
3 1942 1970 2011
3 1953 2000 1925
3 2052 1990 1894
3 1938 1965 1981
3 1965 1982 1981
3 1971 1992 1945
3 1971 1916 1972
3 1973 1974 1994
3 2018 1994 1974
3 2002 1966 1967
3 1932 1892 1988
3 1983 1947 2005
3 1976 2005 1948
3 2006 1929 2038
3 1984 2038 1929
3 1978 1985 1949
3 1949 1930 1978
3 1935 2007 1968
3 2008 1897 2030
3 1910 1998 1997
3 1987 1979 1969
3 1989 1988 1892
3 1970 1951 2045
3 2045 1951 1952
3 1954 1926 2033
3 1990 2012 1894
3 1963 1957 2022
3 1982 1958 2015
3 1958 1914 2015
3 1992 2015 1914
3 1973 1993 1972
3 2047 2016 1973
3 1994 2047 1973
3 1974 1966 2018
3 2004 1961 1975
3 1976 1977 2027
3 2029 1978 1968
3 1968 2007 2029
3 2094 1995 1941
3 1941 2008 2094
3 2079 1998 1880
3 1880 1969 2079
3 1950 1870 2032
3 1991 2032 1870
3 1970 2045 2011
3 1953 1954 2033
3 1933 2012 2082
3 1957 1964 2022
3 2001 1964 1980
3 2016 1993 1973
3 1966 2002 2018
3 2061 2020 1986
3 1995 2061 1986
3 1996 1910 1997
3 2019 2002 9561
3 1999 1988 1989
3 2052 1955 2071
3 2053 2013 1963
3 1981 1982 2023
3 1993 1971 1972
3 2030 2085 2008
3 1987 1950 2032
3 2042 1991 9659
3 2056 9561 1988
3 2034 1926 1873
3 1938 2001 1980
3 2014 2023 1982
3 1982 2015 2014
3 2015 1992 2024
3 1971 2024 1992
3 2017 1994 2018
3 2004 2025 2003
3 2027 1977 2066
3 2028 2066 1977
3 2038 2037 2006
3 2038 1985 2039
3 2031 2010 1962
3 1962 1996 1997
3 1997 1998 2063
3 2079 2063 1998
3 1987 2040 1979
3 2056 2019 9561
3 1953 2050 2000
3 1873 1933 2034
3 2051 2034 1933
3 2022 1964 2073
3 2048 2018 2002
3 2002 2019 2048
3 2025 2004 2026
3 2004 1975 2026
3 1983 2026 1975
3 1983 2005 2049
3 2037 2028 2006
3 1985 1978 2041
3 2085 2094 2008
3 2062 2009 1923
3 1923 2010 2062
3 2021 2079 1969
3 1969 1979 2021
3 2040 2021 1979
3 1999 2011 2044
3 2011 2045 2044
3 2050 1952 2000
3 2034 2033 1926
3 2012 1990 2115
3 2071 2013 2053
3 2046 2014 2015
3 2035 2024 1971
3 1971 1993 2035
3 2054 2035 1993
3 1993 2016 2059
3 2047 1994 2017
3 2048 2017 2018
3 2036 2005 1976
3 2027 2036 1976
3 2041 2039 1985
3 2029 2041 1978
3 1997 2031 1962
3 2012 2115 2082
3 2052 2071 2104
3 2127 2053 1963
3 2022 2127 1963
3 2001 1938 2057
3 1938 1981 2057
3 2035 2046 2015
3 2015 2024 2035
3 2016 2047 2074
3 2083 9657 2003
3 2003 2025 2083
3 2026 1983 2081
3 2005 2036 2049
3 2036 2027 2065
3 2066 2113 2027
3 2037 2067 2028
3 2068 2007 1935
3 2030 1936 2077
3 2019 2056 2048
3 1988 1999 2102
3 1952 2168 2045
3 2073 2072 2022
3 1981 2023 2057
3 2026 2080 2025
3 2113 2065 2027
3 2037 2038 2084
3 2038 2039 2084
3 2029 2007 2060
3 1935 2069 2068
3 2077 2085 2030
3 2010 2031 2062
3 2095 2079 2021
3 2032 2040 1987
3 2042 2032 1991
3 2043 2056 1988
3 2102 2043 1988
3 1953 2033 2050
3 2104 2115 1990
3 1990 2052 2104
3 1964 2001 2073
3 2057 2023 2106
3 2023 2014 2106
3 2083 2025 2098
3 2080 2098 2025
3 2080 2026 2081
3 2028 2067 2066
3 2041 2084 2039
3 2041 2029 2076
3 2121 2029 2060
3 2068 2060 2007
3 2068 2069 2020
3 2078 1936 2009
3 2048 2056 2070
3 1999 2044 2103
3 2044 2045 2168
3 1933 2082 2051
3 2035 2054 2058
3 2054 1993 2059
3 2074 2059 2016
3 2047 2017 2097
3 2017 2048 2075
3 2070 2090 2048
3 2064 1983 2049
3 2055 2064 2049
3 2049 2036 2055
3 2061 2068 2020
3 2061 1995 2108
3 2094 2109 1995
3 2031 1997 2137
3 2102 1999 2103
3 2071 2053 2126
3 2046 2035 2088
3 2059 2058 2054
3 2048 2090 2075
3 2083 2098 2129
3 2081 1983 2064
3 2131 2055 2036
3 2036 2065 2131
3 2084 2041 2099
3 2076 2029 2121
3 1936 2078 2077
3 2079 2095 2124
3 2133 2095 2021
3 2021 2040 2133
3 2101 2070 2056
3 2050 2033 2170
3 2072 2127 2022
3 2035 2058 2118
3 2097 2089 2047
3 2075 2097 2017
3 2064 2055 2091
3 2055 2131 2130
3 2113 2066 2092
3 2067 2037 2084
3 2109 2108 1995
3 2062 2031 2137
3 2137 1997 2111
3 2032 2133 2040
3 2174 2125 2032
3 2032 2042 2174
3 2145 2056 2043
3 2050 2169 1952
3 2170 2096 2050
3 2034 2170 2033
3 2087 2126 2053
3 2053 2127 2087
3 2014 2140 2106
3 2046 2088 2160
3 2118 2088 2035
3 2089 2074 2047
3 2080 2081 2142
3 2091 2081 2064
3 2130 2091 2055
3 2067 2093 2066
3 2076 2099 2041
3 2068 2122 2060
3 2111 1997 2165
3 1997 2063 2165
3 2101 2086 2070
3 2102 2145 2043
3 2168 1952 2169
3 2073 2001 2117
3 2001 2057 2117
3 2106 2140 2057
3 2107 2140 2014
3 2046 2107 2014
3 2058 2059 2134
3 2075 2090 2141
3 2090 2070 2119
3 2068 2061 2136
3 2094 2085 2123
3 2078 2009 2110
3 2009 2062 2110
3 2124 2063 2079
3 2125 2133 2032
3 2098 2080 2142
3 2091 2142 2081
3 2120 2131 2065
3 2093 2092 2066
3 2175 2103 2044
3 2044 2168 2175
3 2096 2169 2050
3 2114 2051 2082
3 2073 2105 2072
3 2073 2117 2116
3 2128 2134 2059
3 2141 2097 2075
3 2086 2119 2070
3 2112 2083 2129
3 2091 2130 2138
3 2065 2113 2120
3 2099 2067 2084
3 2121 2060 2100
3 2108 2136 2061
3 2085 2077 2123
3 2056 2145 2101
3 2127 2215 2087
3 2127 2072 2105
3 2140 2117 2057
3 2119 2141 2090
3 2099 2076 2144
3 2136 2122 2068
3 2109 2094 2123
3 2173 2124 2095
3 2095 2133 2173
3 2146 2102 2103
3 2175 2183 2103
3 2115 2114 2082
3 2134 2118 2058
3 2074 2128 2059
3 2112 2129 2147
3 2091 2138 2182
3 2092 2139 2113
3 2093 2067 2150
3 2099 2150 2067
3 2100 2060 2152
3 2060 2122 2152
3 2108 2109 2153
3 2078 2110 2077
3 2063 2124 2165
3 2104 2071 2198
3 2126 2198 2071
3 2215 2126 2087
3 2190 2215 2127
3 2105 2190 2127
3 2105 2073 2116
3 2046 2160 2251
3 2089 2097 2162
3 2141 2162 2097
3 2150 2099 2144
3 2122 2136 2172
3 2153 2136 2108
3 2153 2109 2154
3 2123 2154 2109
3 2137 2111 2164
3 2129 2098 2148
3 2098 2142 2181
3 2139 2120 2113
3 2093 2132 2092
3 2034 2051 2197
3 2116 2117 2159
3 2140 2107 2236
3 2251 2107 2046
3 2161 2088 2118
3 2134 2161 2118
3 2086 2135 2119
3 9653 2112 2147
3 2131 2120 2189
3 2132 2139 2092
3 2121 2100 2163
3 2111 2165 2164
3 2124 2173 2211
3 2145 2102 2157
3 2146 2157 2102
3 2167 2146 2103
3 2183 2167 2103
3 2169 2096 2259
3 2170 2259 2096
3 2184 2115 2104
3 2160 2088 2185
3 2162 2074 2089
3 2141 2119 2135
3 2147 2129 2188
3 2148 2188 2129
3 2138 2130 2149
3 2171 2149 2130
3 2130 2131 2171
3 2189 2171 2131
3 2213 2143 2120
3 2120 2139 2213
3 2150 2132 2093
3 2144 2076 2151
3 2121 2151 2076
3 2100 2152 2163
3 2152 2122 2172
3 2173 2133 2155
3 2166 2155 2133
3 2101 2145 2156
3 2184 2114 2115
3 2198 2126 2229
3 2216 2190 2105
3 2159 2158 2116
3 2117 2140 2159
3 2185 2199 2160
3 2128 2161 2134
3 2151 2121 2201
3 2163 2201 2121
3 2123 2077 2194
3 2062 2137 2195
3 2165 2124 2211
3 2155 2180 2173
3 2133 2125 2166
3 2138 2149 2182
3 2143 2189 2120
3 2220 2139 2132
3 2150 2186 2132
3 2156 2086 2101
3 2105 2116 2216
3 2158 2216 2116
3 2199 2245 2160
3 2161 2185 2088
3 2141 2207 2162
3 2181 2142 2196
3 2182 2196 2142
3 2142 2091 2182
3 2220 2132 2186
3 2136 2153 2192
3 2195 2110 2062
3 2164 2195 2137
3 2212 2166 2125
3 2125 2174 2212
3 2145 2157 2156
3 2227 2157 2146
3 2259 2170 2279
3 2198 2184 2104
3 2126 2215 2229
3 2159 2140 2230
3 2161 2128 2200
3 2128 2074 2200
3 2074 2162 2200
3 2176 2200 2162
3 2207 2176 2162
3 2135 2086 2177
3 2188 9552 2147
3 2149 2203 2182
3 2189 2143 2234
3 2220 2231 2139
3 2178 2186 2150
3 2150 2144 2178
3 2144 2151 2179
3 2187 2179 2151
3 2201 2187 2151
3 2154 2193 2153
3 2194 2154 2123
3 2170 2034 2279
3 2197 2279 2034
3 2051 2114 2197
3 2158 2159 2217
3 2159 2230 2217
3 2236 2230 2140
3 2141 2135 2238
3 2177 2239 2135
3 2156 2177 2086
3 2213 2139 2240
3 2231 2240 2139
3 2178 2144 2179
3 2163 2152 2202
3 2152 2172 2202
3 2193 2192 2153
3 2225 2077 2110
3 2273 2226 2165
3 2211 2273 2165
3 2175 2168 2228
3 2168 2169 2249
3 2266 2114 2184
3 2185 2161 2237
3 2200 2237 2161
3 2206 2176 2207
3 2238 2207 2141
3 2238 2135 2239
3 2191 2178 2179
3 2202 2172 2192
3 2172 2136 2192
3 2225 2194 2077
3 2165 2226 2164
3 2155 2166 2180
3 9654 2212 2174
3 2156 2157 2248
3 2190 2216 2260
3 2245 2251 2160
3 2205 2200 2176
3 2191 2221 2178
3 2222 2191 2179
3 2179 2187 2222
3 2193 2154 2224
3 2148 2181 2258
3 2203 2196 2182
3 2171 2189 2219
3 2227 2248 2157
3 2146 2167 2227
3 2167 2183 2204
3 2175 2204 2183
3 2228 2168 2249
3 2214 2266 2184
3 2184 2198 2214
3 2158 2217 2216
3 2251 2236 2107
3 2237 2199 2185
3 2261 2177 2156
3 2221 2186 2178
3 2187 2201 2223
3 2163 2202 2208
3 2154 2194 2209
3 2254 2225 2110
3 2110 2195 2254
3 2255 2195 2164
3 2226 2255 2164
3 2180 2211 2173
3 9552 2212 9654
3 2233 2247 2188
3 2171 2203 2149
3 2234 2219 2189
3 2234 2143 2264
3 2228 2204 2175
3 2279 2197 2303
3 2252 2205 2176
3 2176 2206 2252
3 2163 2208 2201
3 2154 2209 2224
3 2195 2255 2210
3 2166 2212 2256
3 9552 2188 2247
3 2258 2181 2218
3 2196 2218 2181
3 2244 2203 2171
3 2219 2244 2171
3 2265 2288 2227
3 2227 2167 2265
3 2197 2114 2303
3 2205 2270 2200
3 2223 2222 2187
3 2208 2223 2201
3 2209 2194 2243
3 2195 2210 2254
3 2211 2180 2246
3 2148 2258 2233
3 2259 2249 2169
3 2229 2289 2198
3 2245 2199 2268
3 2237 2370 2199
3 2238 2206 2207
3 2221 2191 2271
3 2222 2253 2191
3 2246 2273 2211
3 2256 2180 2166
3 2257 2256 2212
3 2212 9552 2257
3 2196 2203 2218
3 2218 2203 2244
3 2234 2276 2219
3 2143 2213 2297
3 2240 2287 2213
3 2261 2156 2248
3 2227 2288 2235
3 2289 2214 2198
3 2290 2229 2215
3 2370 2268 2199
3 2261 2239 2177
3 2233 2258 2275
3 2276 2244 2219
3 2297 2264 2143
3 2282 2231 2220
3 2220 2186 2282
3 2342 2186 2221
3 2271 2342 2221
3 2223 2232 2222
3 2193 2224 2242
3 2225 2243 2194
3 2235 2248 2227
3 2249 2204 2228
3 2249 2259 2327
3 2114 2266 2303
3 2289 2229 2280
3 2190 2260 2250
3 2267 2292 2217
3 2217 2230 2267
3 2236 2267 2230
3 2205 2252 2331
3 2231 2282 2240
3 2241 2253 2222
3 2208 2202 2262
3 2192 2262 2202
3 2192 2193 2242
3 2254 2210 2272
3 2256 2246 2180
3 2275 2247 2233
3 2287 2297 2213
3 2261 2248 2277
3 2266 2214 2298
3 2292 2260 2216
3 2216 2217 2292
3 2305 2299 2236
3 2331 2270 2205
3 2252 2206 2281
3 2313 2206 2238
3 2271 2191 2253
3 2232 2241 2222
3 2223 2208 2262
3 2192 2242 2283
3 2308 2242 2224
3 2255 2272 2210
3 2278 2265 2167
3 2167 2204 2278
3 2280 2229 2290
3 2304 2290 2215
3 2190 2304 2215
3 2299 2267 2236
3 2320 2251 2245
3 2268 2320 2245
3 2232 2223 2301
3 2262 2301 2223
3 2262 2192 2283
3 2284 2224 2209
3 2209 2243 2284
3 2255 2226 2263
3 2258 2218 2286
3 2218 2244 2286
3 2264 2276 2234
3 2248 2235 2277
3 2249 2310 2204
3 2190 2250 2304
3 2237 2200 2269
3 2270 2269 2200
3 2239 2313 2238
3 2342 2282 2186
3 2241 2232 2322
3 2294 2308 2224
3 2254 2272 2295
3 2226 2273 2263
3 2274 2246 2256
3 2256 2257 2274
3 2346 2275 2258
3 2286 2346 2258
3 2276 2286 2244
3 2287 2240 2302
3 2300 2302 2240
3 2240 2282 2300
3 2235 2288 2387
3 2310 2278 2204
3 2279 2327 2259
3 2291 2250 2260
3 2292 2291 2260
3 2236 2251 2305
3 2331 2252 2281
3 2261 2277 2348
3 2301 2322 2232
3 2284 2294 2224
3 2225 2284 2243
3 2272 2255 2315
3 2255 2263 2315
3 2274 2257 2285
3 2317 2247 2275
3 2265 2278 2388
3 2298 2303 2266
3 2359 2298 2214
3 2214 2289 2359
3 2251 2320 2305
3 2370 2237 2269
3 2270 2331 2408
3 2313 2281 2206
3 2342 2271 2306
3 2253 2306 2271
3 2308 2373 2242
3 2295 2225 2254
3 2315 2295 2272
3 2273 2246 2263
3 2246 2274 2296
3 2310 2249 2311
3 2290 2289 2280
3 2348 2239 2261
3 2293 2283 2242
3 2373 2293 2242
3 2263 2246 2296
3 2316 2296 2274
3 2274 2285 2316
3 2276 2309 2286
3 2276 2264 2368
3 2264 2297 2368
3 2378 2387 2288
3 2288 2265 2388
3 2303 2298 2350
3 2359 2338 2298
3 2290 2304 2351
3 2312 2304 2250
3 2250 2291 2312
3 2291 2292 2319
3 2292 2267 2352
3 2267 2299 2390
3 2340 2268 2370
3 2343 2253 2241
3 2241 2322 2343
3 2283 2301 2262
3 2293 2307 2283
3 2294 2284 2314
3 2284 2225 2314
3 2225 2295 2314
3 2314 2295 2324
3 2317 2275 2335
3 2346 2286 2336
3 2309 2336 2286
3 2276 2368 2337
3 2297 2287 2318
3 2249 2327 2311
3 2328 2312 2291
3 2390 2352 2267
3 2340 2320 2268
3 2313 2341 2281
3 2364 2313 2239
3 2239 2348 2364
3 2300 2282 2354
3 2308 2294 2344
3 2324 2295 2315
3 2297 2318 2376
3 2287 2302 2318
3 2277 2235 2387
3 2388 2378 2288
3 2350 2298 2338
3 2290 2360 2289
3 2339 2351 2304
3 2304 2312 2339
3 2319 2328 2291
3 2319 2292 2352
3 2269 2330 2370
3 2362 2330 2269
3 2331 2281 2321
3 2354 2381 2300
3 2283 2391 2301
3 2323 2307 2293
3 2293 2373 2323
3 2315 2263 2356
3 2317 2326 9589
3 2346 2335 2275
3 2309 2276 2337
3 2405 2368 2297
3 2376 2405 2297
3 2310 2311 2369
3 2360 2359 2289
3 2379 2390 2299
3 2299 2305 2379
3 2329 2379 2305
3 2305 2320 2329
3 2269 2270 2408
3 2429 2331 2321
3 2341 2332 2281
3 2341 2313 2364
3 2300 2381 2386
3 2282 2342 2354
3 2343 2306 2253
3 2343 2322 2333
3 2322 2301 2333
3 2307 2365 2283
3 2373 2308 2344
3 2345 2294 2314
3 2324 2345 2314
3 2324 2315 2367
3 2263 2296 2357
3 2334 2325 2296
3 2296 2316 2334
3 2316 9589 2326
3 2335 2397 2317
3 2318 2302 2398
3 2302 2300 2386
3 2369 2311 2349
3 2269 2408 2362
3 2321 2281 2332
3 2391 2283 2365
3 2345 2344 2294
3 2367 2315 2356
3 2356 2263 2357
3 2357 2296 2325
3 2334 2316 2326
3 2386 2398 2302
3 2377 2348 2277
3 2387 2377 2277
3 2278 2310 2415
3 2369 2415 2310
3 2311 2327 2349
3 2279 2303 2350
3 2351 2360 2290
3 2352 2328 2319
3 2419 2340 2370
3 2364 2363 2341
3 2342 2306 2402
3 2402 2306 2355
3 2306 2343 2355
3 2333 2301 2391
3 2365 2307 2366
3 2323 2372 2307
3 2367 2345 2324
3 2336 2309 2347
3 2309 2337 2347
3 2368 2347 2337
3 2386 2381 2401
3 2350 2338 2358
3 2359 2399 2338
3 2339 2312 2417
3 2328 2417 2312
3 2352 2361 2328
3 2379 2329 2441
3 2320 2340 2329
3 2353 2408 2331
3 2363 2332 2341
3 2380 2364 2348
3 2402 2354 2342
3 2343 2333 2355
3 2373 2344 2382
3 2325 2374 2357
3 2334 2384 2325
3 2317 2404 2326
3 2376 2318 2385
3 2348 2377 2421
3 2327 2279 2427
3 2350 2427 2279
3 2399 2358 2338
3 2351 2339 2416
3 2352 2390 2460
3 2363 2420 2332
3 2371 2355 2333
3 2391 2371 2333
3 2366 2422 2365
3 2372 2366 2307
3 2374 2395 2356
3 2356 2357 2374
3 2334 2326 2375
3 2404 2317 2397
3 2346 2336 2425
3 2388 2278 2467
3 2278 2415 2467
3 2416 2339 2417
3 2417 2328 2389
3 2328 2361 2389
3 2419 2480 2340
3 2429 2353 2331
3 2321 2332 2420
3 2380 2363 2364
3 2402 2381 2354
3 2402 2355 2445
3 2422 2391 2365
3 2372 2323 2394
3 2323 2373 2409
3 2383 2345 2367
3 2367 2356 2383
3 2395 2383 2356
3 2384 2374 2325
3 2404 2375 2326
3 2335 2346 2465
3 2466 2425 2336
3 2347 2466 2336
3 2456 2347 2368
3 2405 2376 2385
3 2377 2387 2430
3 2387 2378 2414
3 2360 2351 2428
3 2460 2361 2352
3 2441 2435 2379
3 2329 2340 2480
3 2330 2419 2370
3 2362 2443 2330
3 2421 2380 2348
3 2366 2372 2392
3 2394 2393 2372
3 2409 2394 2323
3 2382 2409 2373
3 2344 2345 2446
3 2375 2396 2334
3 2368 2405 2456
3 2421 2377 2430
3 2426 2414 2378
3 2378 2388 2426
3 2369 2349 2458
3 2349 2327 2432
3 2427 2432 2327
3 2428 2451 2359
3 2359 2360 2428
3 2406 2428 2351
3 2351 2416 2406
3 2459 2416 2417
3 2417 2389 2468
3 2390 2379 2460
3 2420 2429 2321
3 2420 2363 2400
3 2402 2401 2381
3 2371 2445 2355
3 2393 2392 2372
3 2382 2344 2446
3 2403 2411 2374
3 2374 2384 2403
3 2396 2403 2384
3 2384 2334 2396
3 2386 2413 2398
3 2462 2430 2387
3 2414 2462 2387
3 2350 2358 2427
3 2399 2359 2451
3 2460 2379 2407
3 2480 2441 2329
3 2443 2419 2330
3 2408 2353 2500
3 2363 2380 2400
3 2371 2391 2463
3 2392 2422 2366
3 2437 2392 2393
3 2383 2446 2345
3 2411 2383 2395
3 2395 2374 2411
3 2396 2375 2424
3 2404 2397 2412
3 2335 2412 2397
3 2425 2465 2346
3 2318 2398 2457
3 2398 2413 2449
3 2458 2415 2369
3 2406 2416 2440
3 2460 2434 2361
3 2379 2435 2407
3 2436 2453 2420
3 2420 2400 2436
3 2380 2421 2470
3 2402 2445 2501
3 2463 2445 2371
3 2463 2391 2422
3 2394 2409 2472
3 2410 2446 2383
3 2411 2410 2383
3 2438 2411 2403
3 2423 2438 2403
3 2403 2396 2423
3 2375 2404 2424
3 2412 2424 2404
3 2487 2412 2335
3 2405 2385 2456
3 2467 2426 2388
3 2467 2415 2458
3 2432 2427 2439
3 2428 2406 2440
3 2418 2468 2389
3 2389 2361 2418
3 2434 2418 2361
3 2429 2420 2521
3 2401 2402 2501
3 2445 2463 2483
3 2409 2382 2464
3 2382 2446 2464
3 2410 2411 2438
3 2396 2424 2448
3 2465 2487 2335
3 2456 2466 2347
3 2523 2456 2385
3 2413 2386 2476
3 2386 2401 2476
3 2458 2349 2432
3 2451 2428 2433
3 2417 2468 2459
3 2441 2480 2442
3 2453 2521 2420
3 2436 2400 2444
3 2470 2400 2380
3 2462 2470 2421
3 2430 2462 2421
3 2463 2422 2484
3 2437 2484 2422
3 2422 2392 2437
3 2393 2394 2471
3 2446 2410 2505
3 2431 2505 2410
3 2410 2438 2431
3 2447 2438 2423
3 2423 2396 2448
3 2358 2450 2427
3 2358 2399 2478
3 2452 2433 2428
3 2440 2416 2459
3 2435 2441 2461
3 2362 2408 2481
3 2353 2429 2521
3 2400 2470 2444
3 2471 2437 2393
3 2471 2394 2472
3 2409 2464 2454
3 2447 2423 2448
3 2457 2398 2449
3 2498 2462 2414
3 2450 2439 2427
3 2478 2450 2358
3 2428 2440 2452
3 2434 2460 2543
3 2407 2435 2530
3 2469 2453 2436
3 2436 2444 2469
3 2484 2545 2463
3 2454 2472 2409
3 2447 2431 2438
3 2424 2412 2474
3 2465 2425 2475
3 2426 2498 2414
3 2399 2451 2478
3 2433 2452 2512
3 2543 2418 2434
3 2500 2481 2408
3 2353 2521 2514
3 2521 2453 2482
3 2501 2445 2502
3 2553 2502 2445
3 2483 2553 2445
3 2484 2437 2485
3 2471 2472 2486
3 2464 2446 2495
3 2455 2431 2447
3 2474 2412 2508
3 2412 2487 2508
3 2449 2413 2476
3 2489 2488 2462
3 2498 2489 2462
3 2451 2433 2526
3 2461 2530 2435
3 2442 2461 2441
3 2493 2444 2470
3 2464 2473 2454
3 2496 2495 2446
3 2446 2505 2496
3 2507 2506 2447
3 2447 2448 2507
3 2385 2318 2509
3 2518 2509 2318
3 2533 2476 2401
3 2477 2511 2458
3 2458 2432 2477
3 2450 2490 2439
3 2499 2450 2478
3 2440 2479 2452
3 2440 2459 2492
3 2459 2468 2492
3 2418 2562 2468
3 2460 2407 2543
3 2480 2563 2442
3 2443 2362 2481
3 2515 2482 2453
3 2493 2469 2444
3 2488 2470 2462
3 2455 2505 2431
3 2455 2447 2506
3 2424 2507 2448
3 2465 2539 2487
3 2466 2570 2425
3 2518 2318 2510
3 2457 2510 2318
3 2511 2426 2467
3 2467 2458 2511
3 2439 2477 2432
3 2451 2526 2478
3 2479 2512 2452
3 2440 2492 2479
3 2562 2492 2468
3 2550 2543 2407
3 2407 2530 2550
3 2453 2469 2515
3 2532 2515 2469
3 2484 2485 2503
3 2504 2485 2437
3 2504 2437 2471
3 2472 2454 2486
3 2424 2474 2517
3 2466 2456 2583
3 2571 2583 2456
3 2548 2457 2449
3 2449 2476 2548
3 2477 2439 2490
3 2499 2490 2450
3 2433 2512 2526
3 2479 2492 2491
3 2543 2528 2418
3 2461 2442 2530
3 2574 2563 2480
3 2480 2419 2574
3 2514 2500 2353
3 2521 2482 2544
3 2531 2544 2482
3 2482 2515 2531
3 2493 2470 2494
3 2470 2488 2494
3 2554 2553 2483
3 2483 2463 2554
3 2545 2554 2463
3 2503 2545 2484
3 2504 2503 2485
3 2471 2486 2504
3 2495 2473 2464
3 2538 2496 2505
3 2505 2455 2568
3 2506 2568 2455
3 2507 2424 2517
3 2465 2475 2497
3 2509 2523 2385
3 2488 2489 2572
3 2477 2525 2511
3 2490 2499 2542
3 2536 2499 2478
3 2491 2492 2513
3 2527 2513 2492
3 2562 2527 2492
3 2551 2532 2469
3 2469 2493 2551
3 2401 2501 2533
3 2534 2504 2486
3 2454 2558 2486
3 2473 2558 2454
3 2496 2538 2567
3 2517 2474 2508
3 2487 2522 2508
3 2497 2539 2465
3 2523 2571 2456
3 2547 2510 2457
3 2533 2548 2476
3 2559 2489 2498
3 2525 2524 2511
3 2478 2526 2536
3 2519 2526 2512
3 2512 2479 2520
3 2479 2491 2513
3 2443 2574 2419
3 2481 2500 2590
3 2591 2590 2500
3 2500 2514 2627
3 2493 2494 2551
3 2503 2504 2534
3 2495 2535 2473
3 2495 2496 2567
3 2516 2568 2506
3 2546 2516 2506
3 2506 2507 2546
3 2517 2546 2507
3 2487 2539 2522
3 2548 2533 2540
3 2498 2426 2524
3 2426 2511 2524
3 2490 2549 2477
3 2490 2542 2608
3 2536 2542 2499
3 2512 2520 2519
3 2513 2520 2479
3 2562 2418 2618
3 2532 2531 2515
3 2558 2534 2486
3 2495 2567 2535
3 2582 2546 2517
3 2517 2508 2582
3 2489 2559 2572
3 2525 2477 2549
3 2608 2549 2490
3 2584 2608 2542
3 2537 2526 2519
3 2528 2598 2418
3 2528 2543 2599
3 2550 2530 2529
3 2577 2529 2530
3 2443 2481 2676
3 2682 2676 2481
3 2544 2514 2521
3 2572 2494 2488
3 2502 2533 2501
3 2557 2545 2503
3 2503 2534 2557
3 2558 2473 2592
3 2568 2538 2505
3 2583 2570 2466
3 2583 2571 2698
3 2547 2457 2548
3 2559 2498 2560
3 2498 2524 2560
3 2526 2586 2536
3 2526 2537 2586
3 2527 2520 2513
3 2598 2618 2418
3 2530 2442 2577
3 2531 2564 2544
3 2531 2532 2564
3 2502 2553 2600
3 2554 2545 2555
3 2556 2555 2545
3 2718 2475 2425
3 2425 2570 2718
3 2738 2571 2523
3 2565 2540 2533
3 2549 2608 2541
3 2609 2584 2542
3 2561 2542 2536
3 2587 2537 2519
3 2519 2520 2587
3 2527 2587 2520
3 2589 2543 2550
3 2610 2550 2529
3 2676 2574 2443
3 2627 2591 2500
3 2532 2551 2604
3 2551 2494 2552
3 2572 2552 2494
3 2533 2502 2578
3 2568 2516 2581
3 2569 2581 2516
3 2516 2546 2569
3 2522 2582 2508
3 2647 2718 2570
3 2523 2509 2635
3 2540 2656 2548
3 2576 2560 2524
3 2524 2525 2576
3 2549 2541 2596
3 2527 2562 2640
3 2528 2599 2598
3 2589 2599 2543
3 2610 2589 2550
3 2564 2532 2594
3 2565 2533 2578
3 2557 2534 2566
3 2558 2566 2534
3 2473 2535 2602
3 2535 2567 2579
3 2567 2538 2593
3 2613 2569 2546
3 2546 2582 2613
3 2522 2539 2646
3 2518 2510 2575
3 2510 2547 2575
3 2547 2548 2656
3 2572 2559 2573
3 2525 2549 2596
3 2616 2609 2542
3 2542 2561 2616
3 2527 2640 2597
3 2442 2563 2619
3 2590 2682 2481
3 2578 2502 2684
3 2553 2554 2600
3 2621 2600 2554
3 2554 2555 2621
3 2558 2592 2566
3 2592 2473 2602
3 2539 2497 2646
3 2635 2738 2523
3 2576 2525 2596
3 2597 2588 2527
3 2618 2640 2562
3 2642 2529 2577
3 2442 2619 2577
3 2563 2574 2652
3 2544 2564 2614
3 2532 2604 2594
3 2551 2552 2604
3 2600 2684 2502
3 2622 2556 2545
3 2538 2568 2593
3 2581 2593 2568
3 2603 2581 2569
3 2656 2575 2547
3 2552 2572 2605
3 2573 2605 2572
3 2559 2560 2595
3 2606 2595 2560
3 2585 2561 2536
3 2536 2586 2585
3 2587 2527 2588
3 2676 2652 2574
3 2514 2544 2683
3 2545 2557 2622
3 2611 2622 2557
3 2592 2612 2566
3 2602 2535 2579
3 2579 2567 2580
3 2593 2580 2567
3 9569 2593 2581
3 2475 2718 2497
3 2564 2594 2623
3 2595 2573 2559
3 2576 2607 2560
3 2596 2624 2576
3 2541 2608 2636
3 2561 2585 2616
3 2586 2537 2617
3 2587 2617 2537
3 2733 2642 2577
3 2577 2619 2733
3 2628 2627 2514
3 2514 2683 2628
3 2556 2633 2555
3 2557 2566 2611
3 2592 2602 2634
3 2687 2603 2569
3 2569 2613 2687
3 2756 2647 2570
3 2570 2583 2756
3 2631 2756 2583
3 2656 2540 2689
3 2540 2565 2689
3 2615 2594 2604
3 2584 2609 2625
3 2617 2585 2586
3 2587 2588 2617
3 2589 2610 2665
3 2660 2529 2642
3 2601 2611 2566
3 2612 2601 2566
3 2634 2612 2592
3 2602 2579 2634
3 2698 2631 2583
3 2565 2578 2690
3 2623 2614 2564
3 2604 2552 2605
3 2607 2606 2560
3 2596 2541 2658
3 2597 2640 2650
3 2598 2599 2641
3 2599 2589 2641
3 2683 2544 2614
3 2620 2690 2578
3 2643 2684 2600
3 2643 2600 2629
3 2600 2621 2629
3 2621 2555 2677
3 2633 2677 2555
3 2580 2634 2579
3 2580 2593 2661
3 2603 2687 2645
3 2613 2582 2678
3 2630 2582 2522
3 2667 2509 2518
3 2615 2623 2594
3 2663 2615 2604
3 2595 2605 2573
3 2607 2576 2649
3 2624 2649 2576
3 2636 2658 2541
3 2608 2584 2636
3 2584 2625 2636
3 2609 2616 2625
3 2626 2637 2616
3 2616 2585 2626
3 2617 2626 2585
3 2664 2640 2618
3 2681 2664 2618
3 2610 2529 2651
3 2627 2724 2591
3 2620 2578 2684
3 2556 2622 2633
3 2661 2593 2686
3 2593 9569 2686
3 2678 2687 2613
3 2630 2678 2582
3 2635 2509 2828
3 2656 2662 2575
3 2604 2605 2663
3 2658 2624 2596
3 2637 2625 2616
3 2617 2588 2638
3 2639 2638 2588
3 2588 2597 2639
3 2650 2680 2597
3 2618 2598 2681
3 2641 2681 2598
3 2610 2651 2665
3 2642 2733 2675
3 2627 2628 2694
3 2629 2621 2707
3 2677 2707 2621
3 2654 2622 2611
3 2601 2654 2611
3 2644 2634 2580
3 2661 2644 2580
3 2646 2630 2522
3 2738 2635 2719
3 2668 2667 2518
3 2575 2668 2518
3 2614 2623 2657
3 2605 2595 2648
3 2670 2595 2606
3 2632 2670 2606
3 2606 2607 2632
3 2649 2632 2607
3 2624 2658 2672
3 2617 2638 2705
3 2529 2660 2651
3 2619 2563 2652
3 2653 2707 2677
3 2601 2612 2696
3 2645 2726 2603
3 2688 2828 2509
3 2509 2667 2688
3 2690 2689 2565
3 2703 2632 2649
3 2639 2597 2680
3 2660 2642 2731
3 2675 2722 2642
3 2682 2590 2742
3 2590 2591 2742
3 2724 2742 2591
3 2654 2633 2622
3 2612 2634 2696
3 2644 2696 2634
3 2686 2685 2661
3 2828 2719 2635
3 2656 2689 2710
3 2605 2648 2663
3 2671 2703 2649
3 2636 2625 2658
3 2625 2637 2673
3 2659 2673 2637
3 2626 2659 2637
3 2626 2617 2674
3 2650 2640 2692
3 2619 2652 2750
3 2694 2628 2734
3 2683 2734 2628
3 2643 2629 2695
3 2707 2695 2629
3 2644 2661 2716
3 2646 2497 2765
3 2497 2718 2697
3 2662 2668 2575
3 2615 2663 2701
3 2670 2648 2595
3 2672 2649 2624
3 2673 2658 2625
3 2674 2659 2626
3 2748 2705 2638
3 2638 2639 2748
3 2680 2650 2740
3 2713 2740 2650
3 2692 2713 2650
3 2665 2641 2589
3 2665 2651 2730
3 2651 2660 2730
3 2642 2722 2731
3 2723 2733 2619
3 2690 2620 2666
3 2684 2666 2620
3 2633 2654 2737
3 2710 2662 2656
3 2632 2702 2670
3 2649 2672 2679
3 2673 2672 2658
3 2705 2674 2617
3 2680 2748 2639
3 2692 2640 2664
3 2641 2665 2706
3 2798 2750 2652
3 2676 2798 2652
3 2744 2654 2601
3 2763 2726 2645
3 2689 2690 2727
3 2623 2615 2700
3 2701 2700 2615
3 2669 2711 2663
3 2663 2648 2669
3 2703 2702 2632
3 2679 2671 2649
3 2713 2741 2740
3 2665 2730 2749
3 2693 2731 2722
3 2619 2750 2723
3 2694 2724 2627
3 2707 2653 2762
3 2653 2677 2780
3 2601 2696 2744
3 2686 2655 2708
3 2718 2647 2784
3 2756 2784 2647
3 2699 2810 2698
3 2698 2571 2699
3 2738 2699 2571
3 2657 2623 2700
3 2711 2701 2663
3 2712 2669 2648
3 2648 2670 2712
3 2670 2702 2712
3 2795 2703 2671
3 2704 2679 2672
3 2672 2673 2704
3 2704 2673 2659
3 2674 2691 2659
3 2681 2729 2664
3 2706 2681 2641
3 2749 2706 2665
3 2731 2730 2660
3 2684 2643 2743
3 2773 2695 2707
3 2737 2775 2677
3 2677 2633 2737
3 2696 2644 2715
3 2716 2661 2717
3 2661 2685 2717
3 2725 2708 2655
3 2630 2746 2678
3 2710 2709 2662
3 2740 2748 2680
3 2729 2692 2664
3 2706 2760 2681
3 2676 2682 2771
3 2742 2771 2682
3 2683 2614 2734
3 2690 2666 2727
3 2666 2684 2743
3 2643 2695 2736
3 2775 2780 2677
3 2744 2696 2715
3 2789 2715 2644
3 2716 2789 2644
3 2717 2685 2751
3 2745 2751 2685
3 2685 2686 2745
3 2708 2745 2686
3 9566 2763 2645
3 2687 2678 2746
3 2765 2630 2646
3 2765 2497 2900
3 2756 2631 2843
3 2667 2668 2747
3 2668 2662 2709
3 2710 2689 2735
3 2727 2735 2689
3 2691 2674 2721
3 2769 2741 2713
3 2728 2713 2692
3 2734 2614 2657
3 2631 2698 2810
3 2657 2700 2757
3 2700 2701 2720
3 2711 2720 2701
3 2711 2669 2759
3 2739 2669 2712
3 2703 2795 2794
3 2679 2704 2671
3 2769 2713 2728
3 2760 2729 2681
3 2731 2693 2815
3 2734 2804 2694
3 2743 2643 2736
3 2707 2762 2773
3 2714 2799 2654
3 2654 2744 2714
3 2751 2807 2717
3 2630 2765 2764
3 2697 2900 2497
3 2709 2710 2792
3 2759 2758 2711
3 2739 2759 2669
3 2712 2702 2739
3 2704 2659 2691
3 2674 2705 2721
3 2730 2731 2814
3 2675 2732 2722
3 2798 2676 2803
3 2771 2803 2676
3 2724 2694 2804
3 2734 2657 2923
3 2695 2773 2823
3 2654 2799 2737
3 2807 2789 2716
3 2716 2717 2807
3 2764 2755 2630
3 2697 2718 2827
3 2784 2827 2718
3 2843 2631 2809
3 2810 2809 2631
3 2791 2790 2709
3 2791 2709 2792
3 2702 2703 2767
3 2794 2767 2703
3 2671 2704 2781
3 2691 2781 2704
3 2748 2721 2705
3 2706 2749 2770
3 2675 2733 2732
3 2823 2736 2695
3 2726 2763 2808
3 9566 2687 2746
3 2755 2746 2630
3 2827 2900 2697
3 2777 2668 2709
3 2735 2792 2710
3 2739 2702 2785
3 2740 2741 2786
3 2815 2814 2731
3 2874 2693 2722
3 2732 2874 2722
3 2742 2724 2761
3 2653 2780 2774
3 2744 2715 2806
3 2752 2745 2708
3 2753 2752 2708
3 2708 2725 2753
3 2747 2688 2667
3 2793 2923 2657
3 2720 2757 2700
3 2758 2720 2711
3 2785 2820 2739
3 2795 2671 2778
3 2769 2786 2741
3 2760 2706 2797
3 2804 2761 2724
3 2825 2753 2725
3 2825 2725 2726
3 2726 2808 2825
3 2777 2709 2790
3 2657 2757 2793
3 2759 2766 2758
3 2820 2766 2759
3 2759 2739 2820
3 2721 2748 2768
3 2692 2729 2796
3 2729 2760 2779
3 2749 2730 2770
3 2733 2723 2732
3 2723 2750 2782
3 2804 2734 2816
3 2727 2666 2772
3 2743 2772 2666
3 2762 2653 2774
3 2780 2775 2788
3 2746 2754 2776
3 2738 2719 2699
3 2747 2668 2777
3 2792 2860 2791
3 2781 2778 2671
3 2781 2691 2838
3 2691 2721 2768
3 2748 2740 2768
3 2786 2768 2740
3 2769 2728 2787
3 2814 2770 2730
3 2874 2732 2831
3 2750 2798 2782
3 2805 2714 2744
3 2806 2805 2744
3 2783 2808 2763
3 2763 9566 2783
3 9566 2746 2783
3 2776 2783 2746
3 2688 2747 2800
3 2777 2800 2747
3 2706 2770 2797
3 2815 2693 2840
3 2867 2798 2803
3 2852 2762 2774
3 2799 2788 2775
3 2775 2737 2799
3 2789 2806 2715
3 2753 2745 2752
3 2784 2756 2908
3 2843 2908 2756
3 2819 2758 2837
3 2785 2702 2813
3 2767 2813 2702
3 2767 2794 2845
3 2786 2769 2802
3 2797 2779 2760
3 2723 2782 2732
3 2788 2817 2774
3 2774 2780 2788
3 2714 2805 2833
3 2758 2766 2837
3 2821 2820 2785
3 2801 2838 2691
3 2691 2768 2801
3 2768 2786 2801
3 2822 2787 2728
3 2692 2822 2728
3 2923 2816 2734
3 2868 2772 2743
3 2736 2868 2743
3 2773 2869 2823
3 2817 2852 2774
3 2755 2776 2754
3 2926 2755 2764
3 2765 2900 2764
3 2854 2764 2900
3 2800 2777 2836
3 2792 2735 2918
3 2766 2820 2812
3 2838 2778 2781
3 2787 2802 2769
3 2692 2796 2822
3 2815 2840 2848
3 2851 2869 2773
3 2762 2851 2773
3 2806 2789 2853
3 2745 2834 2751
3 2818 2745 2753
3 2826 2808 2783
3 2810 2699 2878
3 2699 2719 2878
3 2777 2790 2836
3 2918 2811 2860
3 2860 2792 2918
3 2950 2793 2757
3 2720 2758 2862
3 2819 2871 2758
3 2813 2855 2785
3 2794 2795 2845
3 2778 2845 2795
3 2778 2838 2856
3 2796 2729 2839
3 2866 2732 2782
3 2771 2742 2858
3 2761 2858 2742
3 2735 2727 2849
3 2772 2849 2727
3 2736 2823 2850
3 2799 2714 2832
3 2789 2807 2853
3 2824 2818 2753
3 2753 2825 2824
3 2889 2824 2825
3 2901 2828 2688
3 2800 2901 2688
3 2757 2720 2950
3 2862 2758 2871
3 2829 2801 2786
3 2786 2802 2829
3 2822 2802 2787
3 2847 2729 2779
3 2830 2797 2770
3 2814 2815 2886
3 2815 2848 2886
3 2693 2874 2840
3 2850 2868 2736
3 2788 2799 2832
3 2870 2832 2714
3 2714 2833 2870
3 2853 2842 2806
3 2807 2751 2834
3 2889 2825 2808
3 2776 2755 2835
3 2947 2827 2784
3 2784 2908 2947
3 2844 2809 2810
3 2878 2844 2810
3 2836 2790 2903
3 2790 2791 2903
3 2791 2860 2903
3 2950 2861 2793
3 2837 2766 9538
3 2766 2812 9538
3 2812 2820 2821
3 2855 2821 2785
3 2845 2813 2767
3 2822 2796 2839
3 2847 2839 2729
3 2770 2814 2830
3 2867 2782 2798
3 2823 2869 2850
3 2852 2817 2896
3 2805 2806 2898
3 2842 2898 2806
3 2834 2853 2807
3 2835 2755 2890
3 2926 2890 2755
3 2719 2828 2891
3 2862 2950 2720
3 2866 2831 2732
3 2977 2867 2803
3 2922 2977 2803
3 2803 2771 2922
3 2858 2922 2771
3 2834 2745 2875
3 2818 2875 2745
3 2843 2809 2987
3 2918 2735 2892
3 2849 2892 2735
3 2813 2845 2881
3 2801 2829 2873
3 2857 2829 2802
3 2846 2857 2802
3 2802 2822 2846
3 2839 2864 2822
3 2847 2779 2830
3 2779 2797 2830
3 2867 2866 2782
3 2761 2804 2841
3 2816 2841 2804
3 2931 2851 2762
3 2788 2832 2859
3 2889 2808 2876
3 9614 2826 2783
3 2946 2900 2827
3 2891 2878 2719
3 2861 2923 2793
3 2838 2801 2919
3 2865 2864 2839
3 2852 2931 2762
3 2833 2805 2898
3 2853 2834 2888
3 2808 2826 2876
3 2827 2947 2946
3 2901 2800 2902
3 2800 2836 2902
3 2879 9538 2821
3 2880 2879 2821
3 2881 2855 2813
3 2863 2881 2845
3 2845 2778 2863
3 2856 2863 2778
3 2873 2919 2801
3 2910 2873 2829
3 2829 2857 2910
3 2864 2846 2822
3 2912 2865 2839
3 2839 2847 2912
3 2830 2912 2847
3 2885 2830 2814
3 2814 2886 2885
3 2935 2840 2874
3 2841 2816 2907
3 2869 2851 2924
3 2817 2788 2897
3 2962 2842 2853
3 2835 2890 2938
3 2871 2819 2966
3 2837 2966 2819
3 2821 2855 2880
3 2856 2838 2893
3 2838 2919 2893
3 2906 2912 2830
3 2849 2772 2936
3 2850 2869 2895
3 2931 2924 2851
3 2897 2896 2817
3 2788 2859 2897
3 2888 2962 2853
3 2888 2834 2875
3 2818 2824 2964
3 2899 2964 2824
3 2824 2889 2899
3 2938 2877 2835
3 2987 2809 2909
3 2844 2909 2809
3 3042 2891 2828
3 2828 2901 3042
3 2811 2939 2860
3 2871 2940 2862
3 2872 2941 2837
3 2881 2880 2855
3 2846 2864 2883
3 2884 2883 2864
3 2864 2865 2884
3 2887 2848 2840
3 2840 2935 2887
3 2913 2935 2874
3 2923 2907 2816
3 2832 2870 2859
3 2842 2943 2898
3 9613 2974 2826
3 2826 9614 9613
3 2987 2908 2843
3 2836 2903 2902
3 2892 2849 2936
3 2966 2956 2871
3 2872 2879 2904
3 2857 2846 2882
3 2883 2882 2846
3 2865 2912 2911
3 2913 2874 2831
3 2924 2895 2869
3 2984 2931 2852
3 2852 2896 2942
3 2833 2898 2915
3 2962 2943 2842
3 2964 2875 2818
3 2974 2876 2826
3 2854 2900 2945
3 2917 2844 2878
3 2940 2950 2862
3 2941 2966 2837
3 2893 2863 2856
3 2910 2857 2882
3 2911 2884 2865
3 2831 2866 3040
3 2841 2969 2761
3 2915 2898 2925
3 9613 2877 2975
3 2890 2926 2932
3 2941 2872 2904
3 2927 2905 2880
3 2880 2881 2927
3 2881 2863 2981
3 2928 2919 2873
3 2952 2928 2873
3 2873 2910 2952
3 2929 2883 2884
3 2911 2929 2884
3 2885 2906 2830
3 2886 2848 2921
3 2922 2858 3111
3 2999 3111 2858
3 2858 2761 2999
3 2969 2999 2761
3 2772 2868 2936
3 2894 2936 2868
3 2868 2850 2894
3 2973 2896 2897
3 2897 2859 2973
3 2898 2943 2925
3 2916 2964 2899
3 2899 2889 2916
3 2877 2938 2975
3 2938 2890 3003
3 2932 3003 2890
3 2900 2946 2945
3 2902 2903 2948
3 2903 2860 2939
3 2904 2879 2934
3 2879 2880 2934
3 2981 2927 2881
3 2958 2882 2883
3 2883 2929 2998
3 2841 2907 2960
3 2924 2914 2895
3 2937 2870 2833
3 2833 2915 2937
3 2965 2916 2889
3 2926 2764 2954
3 2854 2954 2764
3 2947 2908 3014
3 2901 2902 3015
3 2948 2903 2949
3 2939 2811 2933
3 2918 2933 2811
3 2893 2919 2951
3 2919 2928 2951
3 2882 2952 2910
3 2930 2906 2885
3 2887 2921 2848
3 2959 2831 3040
3 2977 2866 2867
3 2942 2984 2852
3 2876 2965 2889
3 2946 2947 3025
3 2891 2917 2878
3 2905 2934 2880
3 2911 2912 2920
3 2912 2906 2953
3 2935 2913 3009
3 2841 2960 2969
3 2907 2923 2970
3 2861 2970 2923
3 2931 2914 2924
3 2973 2994 2896
3 2859 2870 2973
3 2987 3014 2908
3 2909 2844 2917
3 3042 2901 3015
3 2948 3015 2902
3 2903 2939 2949
3 2933 2918 2988
3 2892 2988 2918
3 2892 2936 2971
3 2861 2950 2955
3 2956 2966 3016
3 2941 2904 2967
3 2904 2934 2967
3 2929 2911 2983
3 2968 2983 2911
3 2912 2953 2920
3 2970 2960 2907
3 2978 2914 2931
3 2937 2973 2870
3 2979 2937 2915
3 3014 2987 3121
3 3019 2971 2936
3 2940 3004 2950
3 2940 2871 3005
3 2941 2967 2957
3 2893 2981 2863
3 2982 2928 2952
3 3018 2968 2911
3 2911 2920 3018
3 2930 2953 2906
3 3009 2887 2935
3 2913 2831 2959
3 2970 2861 2955
3 2916 2965 2985
3 2975 2938 2944
3 3003 2944 2938
3 3005 2871 2956
3 2966 2941 2957
3 2996 2967 2934
3 2952 2882 2991
3 2983 2998 2929
3 2953 3045 2920
3 2993 2894 2850
3 2972 2993 2850
3 2850 2895 2972
3 2994 2984 2942
3 2942 2896 2994
3 2961 2925 2943
3 2888 2875 2963
3 2964 3024 2875
3 2954 2932 2926
3 2854 2945 3073
3 3014 3025 2947
3 2971 2988 2892
3 2927 2981 2976
3 3008 2982 2952
3 2991 3008 2952
3 3027 2991 2882
3 2882 2958 3027
3 2998 2958 2883
3 2885 2886 2930
3 2866 2977 3040
3 2894 3019 2936
3 2895 2914 2972
3 2963 2962 2888
3 2954 2854 3073
3 2950 3004 2955
3 2966 2957 3006
3 2905 2927 3026
3 2959 3009 2913
3 2922 2992 2977
3 3000 2973 2937
3 2979 3000 2937
3 3001 2979 2915
3 2915 2925 3001
3 2916 3024 2964
3 3012 2985 2965
3 2965 2876 3012
3 3102 2974 9613
3 3005 2956 3043
3 3016 3043 2956
3 3037 2996 2934
3 2981 2893 3022
3 2893 2951 3038
3 2990 2951 2928
3 2978 2931 3011
3 2984 3011 2931
3 2961 2943 3057
3 2962 3057 2943
3 3024 2963 2875
3 3024 2916 3002
3 2916 2985 3002
3 2986 2876 2974
3 2932 3034 3003
3 2980 2917 2891
3 2891 3042 2980
3 2949 2939 3070
3 2933 2988 3051
3 3016 2966 3006
3 2934 2905 3037
3 3026 3037 2905
3 3026 2927 2989
3 2927 2976 2989
3 3007 2990 2928
3 2982 3007 2928
3 3017 3027 2958
3 2920 3045 3018
3 2921 2930 2886
3 3028 2972 2914
3 2914 2978 3028
3 3030 2984 2994
3 3120 2945 2946
3 2946 3025 3120
3 2987 2909 3058
3 2909 2917 3058
3 2995 3015 2948
3 2948 2949 2995
3 3004 2940 3074
3 2967 3006 2957
3 3022 2976 2981
3 2958 2998 3054
3 3046 3045 2953
3 3009 2959 3110
3 3111 2992 2922
3 3019 2894 3064
3 3023 2993 2972
3 2961 3001 2925
3 3032 3002 2985
3 3012 3032 2985
3 3102 9613 3033
3 3070 2995 2949
3 2988 2971 3091
3 3006 2967 3052
3 2996 3052 2967
3 3022 2893 3038
3 2997 3054 2998
3 2992 3061 2977
3 2894 2993 3064
3 3048 3064 2993
3 3020 3106 2994
3 2994 2973 3020
3 3031 3000 2979
3 3067 3031 2979
3 2979 3001 3067
3 3013 3012 2876
3 2986 3013 2876
3 2932 2954 3103
3 3051 2988 3059
3 3019 3091 2971
3 2955 3004 3035
3 2998 2983 2997
3 2968 2997 2983
3 3040 3010 2959
3 2969 3111 2999
3 2969 2960 3041
3 2970 2955 3035
3 3023 3048 2993
3 2973 3000 3020
3 3024 3002 3021
3 3102 2986 2974
3 3103 3034 2932
3 3058 3121 2987
3 3037 3087 2996
3 3044 3038 2951
3 2951 2990 3044
3 2953 2930 3046
3 2959 3010 3110
3 3040 2977 3061
3 3062 3041 2960
3 2970 3062 2960
3 3029 2978 3011
3 3011 2984 3030
3 3106 3030 2994
3 3002 3032 3021
3 3101 3021 3032
3 3033 2944 3072
3 3050 3042 3015
3 3043 3016 3075
3 3094 3075 3016
3 3006 3094 3016
3 3052 2996 3036
3 3087 3036 2996
3 3007 3044 2990
3 2982 3008 3095
3 3095 3008 3124
3 3054 3017 2958
3 2968 3018 3109
3 3046 2930 3060
3 2930 2921 3060
3 2887 3009 3047
3 3010 3040 3090
3 3063 3019 3064
3 3028 3023 2972
3 3031 3065 3000
3 2962 2963 3057
3 3120 3073 2945
3 3091 3059 2988
3 3008 2991 3124
3 2921 2887 3047
3 3098 3110 3010
3 3091 3019 3063
3 3055 3028 2978
3 2978 3029 3055
3 3011 3030 3029
3 3020 3000 3065
3 2963 3024 3021
3 2944 3003 3034
3 3069 3103 2954
3 2954 3073 3069
3 3014 3084 3025
3 2995 3070 3115
3 3005 3074 2940
3 3026 2989 3053
3 2989 2976 3053
3 3038 3076 3022
3 3007 2982 3039
3 2982 3095 3039
3 3096 3124 2991
3 2991 3027 3096
3 3027 3017 3096
3 2997 2968 3105
3 3045 3109 3018
3 3009 3110 3047
3 3061 2992 3125
3 3041 3192 2969
3 3031 3067 3056
3 3001 2961 3100
3 3068 3101 3032
3 3032 3012 3068
3 3034 3072 2944
3 3084 3120 3025
3 3058 2917 3049
3 2980 3049 2917
3 2980 3042 3050
3 2995 3115 3085
3 3086 3070 2939
3 2939 2933 3051
3 3026 3053 3088
3 3076 2976 3022
3 3078 3039 3095
3 3017 3054 3071
3 3109 3105 2968
3 3098 3010 3090
3 3061 3090 3040
3 2992 3111 3214
3 3062 2970 3170
3 3055 3029 3099
3 3029 3030 3082
3 3162 3065 3031
3 2961 3057 3107
3 3083 3057 2963
3 2986 3102 3129
3 3051 3086 2939
3 3038 3044 3077
3 3105 3071 3054
3 2997 3105 3054
3 3045 3046 3079
3 3080 3079 3046
3 3046 3060 3080
3 3170 2970 3035
3 3106 3082 3030
3 3065 3106 3020
3 3100 3067 3001
3 3033 3072 3114
3 3050 3049 2980
3 3092 3085 3115
3 3051 3059 3104
3 3088 3037 3026
3 3123 3044 3007
3 3039 3123 3007
3 3133 3096 3017
3 3079 3150 3045
3 2921 3142 3060
3 3214 3125 2992
3 3082 3099 3029
3 3106 3065 3117
3 3162 3031 3066
3 3031 3056 3066
3 3107 3100 2961
3 3013 3068 3012
3 3015 2995 3085
3 3203 3115 3070
3 3094 3006 3052
3 3088 3053 3188
3 2976 3076 3053
3 3076 3038 3077
3 3089 3095 3124
3 3071 3133 3017
3 3109 3045 3150
3 3172 3091 3063
3 3064 3172 3063
3 3021 3083 2963
3 3146 3101 3068
3 3013 3146 3068
3 3085 3050 3015
3 3203 3070 3086
3 3091 3122 3059
3 3052 3130 3094
3 3087 3037 3131
3 3037 3088 3131
3 3047 3142 2921
3 3111 2969 3081
3 3192 3081 2969
3 3113 3102 3033
3 3033 3114 3113
3 3072 3034 3114
3 3103 3069 3119
3 3176 3086 3051
3 3043 3144 3005
3 3053 3076 3132
3 3077 3148 3076
3 3077 3044 3157
3 3060 3142 3134
3 3162 3066 3112
3 3013 2986 3128
3 2986 3129 3128
3 3104 3176 3051
3 3074 3093 3004
3 3075 3135 3043
3 3052 3036 3130
3 3076 3148 3132
3 3078 3095 3180
3 3167 3124 3096
3 3071 3105 3097
3 3080 3150 3079
3 3159 3047 3110
3 3172 3122 3091
3 3048 3023 3173
3 3065 3162 3198
3 3163 3112 3066
3 3128 3146 3013
3 3084 3014 3212
3 3104 3059 3122
3 3035 3004 3093
3 3005 3093 3074
3 3144 3043 3135
3 3075 3094 3171
3 3094 3130 3184
3 3132 3188 3053
3 3123 3157 3044
3 3134 3080 3060
3 3160 3192 3041
3 3062 3160 3041
3 3082 3106 3126
3 3056 3067 3136
3 3217 3136 3067
3 3067 3100 3217
3 3137 3107 3057
3 3057 3083 3137
3 3083 3021 3127
3 3021 3101 3127
3 3138 3129 3102
3 3102 3113 3138
3 3113 3114 3108
3 3165 3114 3034
3 3073 3120 3210
3 3203 3086 3213
3 3122 3155 3104
3 3116 3131 3088
3 3088 3188 3116
3 3039 3078 3189
3 3141 3133 3071
3 3090 3169 3098
3 3192 3160 3239
3 3028 3173 3023
3 3117 3126 3106
3 3100 3107 3152
3 3146 3127 3101
3 3034 3103 3153
3 3119 3153 3103
3 3073 3210 3069
3 3058 3049 3147
3 3154 3147 3049
3 3187 3139 3085
3 3085 3092 3187
3 3176 3104 3177
3 3155 3177 3104
3 3171 3094 3184
3 3087 3131 3156
3 3078 3180 3189
3 3071 3097 3141
3 3150 3080 3134
3 3142 3047 3151
3 3159 3110 3143
3 3214 3111 3278
3 3081 3278 3111
3 3172 3064 3145
3 3064 3048 3145
3 3055 3099 3161
3 3117 3065 3118
3 3065 3198 3118
3 3121 3058 3147
3 3154 3049 3200
3 3049 3050 3200
3 3203 3092 3115
3 3093 3005 3144
3 3171 3135 3075
3 3149 3148 3077
3 3077 3157 3149
3 3189 3123 3039
3 3143 3110 3098
3 3098 3169 3143
3 3125 3181 3061
3 3170 3035 3182
3 3066 3056 3163
3 3127 3137 3083
3 3128 3129 3226
3 3165 3108 3114
3 3050 3085 3200
3 3176 3213 3086
3 3130 3036 3166
3 3131 3116 3265
3 3140 3157 3123
3 3123 3189 3140
3 3095 3089 3180
3 3133 3232 3096
3 3105 3109 3221
3 3150 3221 3109
3 3134 3158 3150
3 3214 3286 3125
3 3173 3193 3048
3 3161 3028 3055
3 3082 3161 3099
3 3112 3163 3224
3 3136 3163 3056
3 3100 3152 3217
3 3226 3146 3128
3 3199 3138 3113
3 3188 3132 3219
3 3204 3189 3180
3 3124 3167 3248
3 3167 3096 3205
3 3134 3142 3191
3 3047 3159 3263
3 3193 3145 3048
3 3117 3118 3215
3 3224 3186 3112
3 3137 3152 3107
3 3137 3127 3164
3 3127 3146 3194
3 3084 3211 3120
3 3283 3212 3014
3 3014 3121 3283
3 3147 3283 3121
3 3139 3200 3085
3 3184 3130 3166
3 3166 3036 3156
3 3036 3087 3156
3 3156 3131 3179
3 3179 3131 3265
3 3232 3205 3096
3 3143 3169 3207
3 3208 3169 3090
3 3061 3208 3090
3 3181 3208 3061
3 3182 3035 3093
3 3028 3161 3173
3 3126 3161 3082
3 3119 3069 3218
3 3120 3211 3210
3 3212 3211 3084
3 3166 3156 3229
3 3097 3105 3221
3 3190 3168 3150
3 3150 3158 3190
3 3151 3047 3263
3 3181 3125 3238
3 3286 3238 3125
3 3122 3172 3209
3 3126 3174 3161
3 3254 3118 3198
3 3194 3164 3127
3 3226 3194 3146
3 3108 3165 3175
3 3153 3165 3034
3 3201 3139 3187
3 3176 3177 3195
3 3166 3229 3184
3 3265 3116 3310
3 3116 3188 3310
3 3148 3219 3132
3 3196 3149 3157
3 3157 3140 3196
3 3248 3089 3124
3 3097 3197 3141
3 3221 3150 3168
3 3191 3142 3151
3 3171 3184 3183
3 3185 3173 3161
3 3254 3215 3118
3 3198 3162 3293
3 3162 3112 3293
3 3186 3293 3112
3 3218 3069 3227
3 3069 3210 3227
3 3122 3178 3155
3 3205 3248 3167
3 3133 3141 3242
3 3191 3158 3134
3 3159 3143 3263
3 3207 3263 3143
3 3144 3252 3093
3 3135 3171 3234
3 3209 3178 3122
3 3145 3209 3172
3 3193 3173 3185
3 3126 3117 3174
3 3152 3137 3256
3 3137 3164 3256
3 3199 3113 3108
3 3108 3175 3199
3 3201 3200 3139
3 3092 3203 3202
3 3294 3195 3177
3 3177 3155 3294
3 3189 3204 3241
3 3220 3197 3097
3 3207 3169 3233
3 3169 3208 3285
3 3285 3208 3237
3 3160 3062 3243
3 3170 3243 3062
3 3183 3234 3171
3 3222 3185 3161
3 3256 3217 3152
3 3164 3194 3225
3 3281 3194 3226
3 3129 3138 3226
3 3165 3236 3175
3 3195 3246 3176
3 3229 3183 3184
3 3310 3188 3230
3 3219 3230 3188
3 3292 3232 3133
3 3242 3292 3133
3 3221 3168 3277
3 3285 3233 3169
3 3243 3170 3269
3 3182 3269 3170
3 3298 3209 3145
3 3145 3271 3298
3 3174 3117 3223
3 3279 3216 3224
3 3224 3163 3279
3 3163 3136 3279
3 3281 3225 3194
3 3178 3294 3155
3 3231 3204 3180
3 3180 3089 3231
3 3250 3190 3158
3 3263 3251 3151
3 3263 3207 3206
3 3208 3181 3238
3 3145 3193 3271
3 3161 3174 3240
3 3117 3215 3223
3 3198 3293 3289
3 3224 3216 3255
3 3136 3217 3235
3 3217 3256 3280
3 3256 3164 3225
3 3210 3211 3341
3 3283 3147 3316
3 3258 3202 3203
3 3203 3213 3258
3 3261 3241 3204
3 3197 3242 3141
3 3158 3191 3250
3 3191 3151 3251
3 3233 3206 3207
3 3222 3161 3240
3 3273 3199 3175
3 3236 3273 3175
3 3341 3227 3210
3 3283 3365 3212
3 3154 3316 3147
3 3154 3200 3228
3 3092 3202 3187
3 3196 3140 3260
3 3276 3260 3140
3 3140 3189 3276
3 3248 3231 3089
3 3286 3214 3328
3 3278 3328 3214
3 3278 3081 3336
3 3081 3192 3336
3 3268 3336 3192
3 3192 3239 3268
3 3193 3185 3272
3 3223 3240 3174
3 3254 3264 3215
3 3289 3254 3198
3 3235 3279 3136
3 3225 3281 3244
3 3282 3281 3226
3 3236 3165 3274
3 3211 3212 3365
3 3246 3195 3344
3 3294 3344 3195
3 9637 3179 3318
3 3265 3318 3179
3 3247 3219 3148
3 3148 3149 3247
3 3196 3247 3149
3 3097 3221 3277
3 3284 3250 3191
3 3251 3284 3191
3 3237 3267 3285
3 3093 3252 3182
3 3144 3135 3287
3 3234 3287 3135
3 3272 3271 3193
3 3186 3224 3255
3 3244 3301 3225
3 3226 3138 3282
3 3165 3153 3245
3 3153 3119 3257
3 3218 3257 3119
3 3365 3341 3211
3 3258 3213 3291
3 3176 3291 3213
3 3304 3183 3229
3 3219 3311 3230
3 3204 3231 3261
3 3277 3220 3097
3 3238 3237 3208
3 3264 3223 3215
3 3217 3280 3235
3 3256 3225 3301
3 3236 3274 3302
3 3201 3187 3342
3 3294 3178 3259
3 3190 3250 3249
3 3237 3238 3371
3 3286 3320 3238
3 3252 3144 3287
3 3264 3240 3223
3 3302 3273 3236
3 3245 3153 3257
3 3228 3200 3201
3 3291 3176 3246
3 3310 3230 3305
3 3311 3305 3230
3 3275 3311 3219
3 3219 3247 3275
3 3168 3190 3249
3 3263 3262 3251
3 3320 3371 3238
3 3252 3269 3182
3 3234 3183 3253
3 3209 3298 3270
3 3293 3186 3353
3 3301 3244 3354
3 3138 3199 3331
3 3245 3274 3165
3 3341 3308 3227
3 3303 3342 3187
3 3187 3202 3303
3 3247 3196 3319
3 3463 3205 3232
3 3232 3292 3463
3 3249 3250 3306
3 3250 3284 3306
3 3284 3251 3266
3 3251 3262 3266
3 3287 3234 3296
3 3300 3222 3240
3 3353 3186 3255
3 3301 3280 3256
3 3138 3331 3282
3 3202 3258 3383
3 3265 3310 3333
3 3347 3275 3247
3 3260 3319 3196
3 3241 3276 3189
3 3261 3312 3241
3 3307 3262 3263
3 3263 3206 3307
3 3304 3253 3183
3 3297 3259 3178
3 3178 3209 3297
3 3270 3297 3209
3 3271 3272 3314
3 3185 3222 3299
3 3300 3240 3315
3 3322 3255 3216
3 3216 3279 3290
3 3280 3323 3235
3 3199 3273 3331
3 3247 3319 3347
3 3197 3348 3242
3 3277 3168 3295
3 3168 3249 3295
3 3266 3306 3284
3 3243 3269 3337
3 3269 3252 3351
3 3271 3314 3298
3 3321 3314 3272
3 3272 3185 3321
3 3240 3264 3330
3 3293 3372 3289
3 3154 3228 3416
3 3294 3259 3361
3 3305 3398 3310
3 3231 3335 3261
3 3292 3242 3379
3 3348 3379 3242
3 3206 3233 3327
3 3233 3285 3327
3 3371 3267 3237
3 3328 3278 3424
3 3336 3424 3278
3 3160 3243 3337
3 3287 3351 3252
3 3299 3321 3185
3 3254 3288 3264
3 3380 3322 3216
3 3290 3380 3216
3 3235 3290 3279
3 3281 3282 3364
3 3273 3302 3331
3 3257 3218 3376
3 3308 3376 3218
3 3218 3227 3308
3 3258 3343 3383
3 3294 3361 3345
3 3297 3361 3259
3 3312 3276 3241
3 3266 3262 3357
3 3285 3267 3358
3 3328 3320 3286
3 3299 3222 3300
3 3289 3352 3254
3 3255 3322 3362
3 3280 3301 3323
3 3363 3244 3281
3 3281 3364 3363
3 3274 3245 3355
3 3365 3283 3382
3 3316 3154 3416
3 3342 3228 3201
3 3291 3343 3258
3 3253 3304 3317
3 3318 3346 9637
3 3197 3220 3452
3 3306 3370 3249
3 3359 3268 3239
3 3239 3160 3359
3 3425 3359 3160
3 3160 3337 3425
3 3288 3330 3264
3 3323 3290 3235
3 3282 3331 3364
3 3316 3382 3283
3 3228 3342 3324
3 3253 3332 3234
3 3318 3265 3333
3 3248 3205 3368
3 3463 3292 3378
3 3277 3295 3369
3 3370 3295 3249
3 3337 3269 3351
3 3313 3351 3287
3 3287 3296 3313
3 3296 3234 3332
3 3338 3329 3297
3 3297 3270 3338
3 3270 3298 3338
3 3315 3391 3300
3 3330 3315 3240
3 3380 3427 3322
3 3354 3244 3363
3 3331 3302 3374
3 3375 3374 3302
3 3257 3355 3245
3 3416 3228 3324
3 3343 3291 3246
3 3332 3253 3317
3 3317 3304 3377
3 3347 3311 3275
3 3260 3276 3356
3 3276 3312 3356
3 3335 3231 3420
3 3231 3248 3420
3 3379 3378 3292
3 3220 3277 3452
3 3349 3452 3277
3 3370 3306 3326
3 3306 3266 3326
3 3358 3327 3285
3 3289 3372 3392
3 3353 3372 3293
3 3405 3375 3302
3 3302 3274 3405
3 3274 3355 3405
3 3342 3303 3389
3 3309 3294 3345
3 3333 3310 3398
3 3305 3311 3367
3 3452 3325 3197
3 3369 3349 3277
3 3262 3307 3390
3 3390 3307 3206
3 3206 3327 3390
3 3358 3267 3402
3 3371 3402 3267
3 3371 3320 3350
3 3298 3314 3338
3 3321 3299 3403
3 3288 3254 3352
3 3255 3362 3393
3 3382 3316 3415
3 3459 3303 3202
3 3383 3459 3202
3 3360 3332 3317
3 3419 3398 3305
3 3367 3419 3305
3 3311 3347 3367
3 3312 3261 3334
3 3261 3335 3334
3 3329 3361 3297
3 3391 3315 3339
3 3330 3339 3315
3 3392 3352 3289
3 3362 3322 3427
3 3290 3323 3381
3 3354 3323 3301
3 3376 3355 3257
3 3343 3246 3444
3 3444 3246 3396
3 3314 3321 3387
3 3391 3299 3300
3 3393 3353 3255
3 3375 3340 3374
3 3324 3342 3437
3 3342 3389 3388
3 3459 3389 3303
3 3344 3294 3309
3 3318 3333 3366
3 3398 3366 3333
3 3347 3319 3399
3 3334 3335 3400
3 3368 3420 3248
3 3262 3390 3422
3 3358 3390 3327
3 3328 3423 3320
3 3424 3336 3410
3 3336 3268 3410
3 3338 3314 3387
3 3381 3413 3290
3 3323 3354 3373
3 3363 3394 3354
3 3443 3375 3405
3 3376 3436 3355
3 3308 3341 3428
3 3416 3415 3316
3 3342 3388 3437
3 3246 3344 3396
3 3361 3445 3345
3 3418 3377 3346
3 3318 3418 3346
3 3205 3463 3368
3 3385 3358 3402
3 3423 3350 3320
3 3337 3351 3433
3 3321 3403 3387
3 3391 3403 3299
3 3413 3380 3290
3 3394 3373 3354
3 3309 3396 3344
3 3445 3309 3345
3 3379 3348 3505
3 3325 3348 3197
3 3369 3295 3439
3 3370 3439 3295
3 3360 3317 3397
3 3377 3397 3317
3 3419 3430 3398
3 3329 3386 3361
3 3427 3393 3362
3 3373 3381 3323
3 3364 3394 3363
3 3331 3374 3364
3 3366 3418 3318
3 3326 3266 3384
3 3472 3357 3262
3 3350 3402 3371
3 3313 3433 3351
3 3313 3296 3500
3 3332 3500 3296
3 3450 3364 3374
3 3340 3450 3374
3 3443 3340 3375
3 3445 3361 3470
3 3386 3470 3361
3 3418 3397 3377
3 3367 3399 3407
3 3431 3399 3319
3 3319 3260 3431
3 3266 3357 3384
3 3262 3422 3472
3 3390 3358 3401
3 3385 3401 3358
3 3402 3350 3440
3 3423 3440 3350
3 3411 3410 3268
3 3411 3268 3359
3 3425 3411 3359
3 3338 9544 3329
3 3338 3387 3442
3 3394 3364 3450
3 3365 3428 3341
3 3397 3412 3360
3 3419 3367 3407
3 3260 3356 3431
3 3334 3446 3312
3 3400 3335 3420
3 3408 3420 3368
3 3368 3463 3408
3 3491 3505 3348
3 3325 3491 3348
3 3370 3326 3421
3 3384 3421 3326
3 3409 3401 3385
3 3385 3402 3409
3 3424 3423 3328
3 3500 3332 3441
3 3360 3441 3332
3 3386 3329 9544
3 3392 3372 3468
3 3483 3468 3372
3 3372 3353 3483
3 3393 3483 3353
3 3395 3373 3394
3 3394 3450 3395
3 3443 3405 3456
3 3457 3405 3355
3 3355 3436 3457
3 3376 3308 3458
3 3428 3458 3308
3 3437 3417 3324
3 3356 3312 3431
3 3505 3432 3379
3 3386 9544 3497
3 3387 3403 3493
3 3426 3339 3330
3 3330 3288 3426
3 3352 3392 3468
3 3381 3373 3455
3 3404 3455 3373
3 3395 3404 3373
3 3405 3457 3414
3 3436 3376 3458
3 3428 3365 3495
3 3486 3365 3382
3 3415 3486 3382
3 3459 3383 3469
3 3406 3469 3383
3 3343 3406 3383
3 3366 3398 3478
3 3430 3478 3398
3 3438 3446 3334
3 3452 3349 3506
3 3349 3369 3453
3 3422 3390 3401
3 3409 3402 3465
3 3466 3425 3337
3 3433 3466 3337
3 3433 3313 3500
3 3442 3387 3493
3 3493 3403 3539
3 3435 3450 3340
3 3443 3435 3340
3 3416 3324 3429
3 3417 3429 3324
3 3388 3389 3552
3 3389 3459 3503
3 3445 3396 3309
3 3400 3438 3334
3 3400 3420 3461
3 3379 3432 3378
3 3357 3472 3384
3 3465 3401 3409
3 3474 3465 3402
3 3360 3412 3467
3 3442 9544 3338
3 3403 3391 3448
3 3339 3448 3391
3 3393 3427 3449
3 3503 3552 3389
3 3430 3419 3471
3 3419 3407 3471
3 3431 3407 3399
3 3438 3400 3479
3 3461 3479 3400
3 3462 3461 3420
3 3439 3370 3523
3 3440 3474 3402
3 3441 3360 3467
3 3497 3460 3386
3 3426 3288 3477
3 3288 3352 3477
3 3434 3477 3352
3 3468 3434 3352
3 3449 3483 3393
3 3507 3427 3380
3 3380 3413 3484
3 3381 3484 3413
3 3435 3443 3451
3 3470 3386 3460
3 3418 3366 3478
3 3420 3408 3462
3 3408 3463 3512
3 3523 3370 3421
3 3410 3411 3447
3 3411 3425 3482
3 3493 3492 3442
3 3403 3448 3539
3 3415 3416 3617
3 3429 3617 3416
3 3552 3417 3437
3 3444 3406 3343
3 3397 3418 3498
3 3478 3498 3418
3 3431 3312 3446
3 3446 3438 3489
3 3463 3378 3432
3 3369 3439 3464
3 3401 3465 3473
3 3423 3424 3475
3 3410 3475 3424
3 3425 3466 3482
3 3500 3466 3433
3 3467 3412 3397
3 3542 3449 3427
3 3395 3450 3502
3 3534 3451 3443
3 3443 3456 3534
3 3405 3414 3456
3 3552 3437 3388
3 3444 3396 3504
3 3396 3445 3496
3 3497 9544 3454
3 3430 3471 3478
3 3512 3490 3408
3 3325 3452 3491
3 3453 3506 3349
3 3464 3453 3369
3 3523 3464 3439
3 3481 3472 3422
3 3473 3481 3422
3 3422 3401 3473
3 3442 3492 3527
3 3477 3519 3339
3 3339 3426 3477
3 3502 3404 3395
3 3450 3435 3494
3 3435 3451 3494
3 3458 3561 3436
3 3428 3495 3458
3 3495 3365 3486
3 3486 3415 3603
3 3429 3417 3584
3 3406 3444 3504
3 3496 3504 3396
3 3509 3496 3445
3 3470 3509 3445
3 3460 3553 3470
3 3408 3490 3462
3 3506 3491 3452
3 3421 3384 3499
3 3384 3472 3480
3 3440 3423 3474
3 3547 3474 3423
3 3475 3547 3423
3 3467 3501 3441
3 3467 3397 3511
3 3527 9545 3442
3 3529 3539 3448
3 3427 3507 3542
3 3455 3404 3485
3 3404 3502 3485
3 3451 3534 3533
3 3457 3436 3414
3 3617 3603 3415
3 3469 3503 3459
3 3407 3431 3488
3 3446 3488 3431
3 3545 3479 3461
3 3461 3462 3545
3 3463 3432 3512
3 3538 3473 3465
3 3525 3538 3465
3 3474 3525 3465
3 3475 3410 3589
3 3500 3441 3476
3 3511 3501 3467
3 3478 3471 3487
3 3484 3507 3380
3 3455 3484 3381
3 3494 3502 3450
3 3469 3406 3508
3 3509 3470 3553
3 3488 3536 3407
3 3489 3488 3446
3 3489 3438 3479
3 3481 3473 3514
3 3448 3339 3540
3 3519 3540 3339
3 3485 3484 3455
3 3582 3534 3456
3 3456 3414 3569
3 3458 3495 3561
3 3584 3583 3429
3 3417 3552 3584
3 3504 3508 3406
3 3553 3460 3510
3 3511 3397 3554
3 3397 3498 3554
3 3506 3453 3537
3 3525 3474 3516
3 3547 3516 3474
3 3683 3589 3410
3 3410 3447 3683
3 3482 3466 3518
3 3466 3500 3518
3 3501 3549 3441
3 3528 3492 3493
3 3529 3448 3540
3 3449 3541 3483
3 3533 3494 3451
3 3456 3569 3582
3 3635 3414 3436
3 3436 3561 3635
3 3557 3497 3454
3 3554 3535 3511
3 3498 3478 3554
3 3562 3462 3490
3 3512 3592 3490
3 3505 3491 3513
3 3506 3513 3491
3 3499 3523 3421
3 3556 3499 3384
3 3411 3482 3517
3 3476 3548 3500
3 3549 3476 3441
3 3528 3527 3492
3 3477 3646 3519
3 3483 3567 3468
3 3542 3580 3449
3 3543 3507 3484
3 3617 3429 3583
3 3504 3496 3571
3 3497 3510 3460
3 3487 3554 3478
3 3488 3489 3521
3 3521 3489 3479
3 3545 3462 3546
3 3592 3562 3490
3 3513 3593 3505
3 3514 3472 3481
3 3514 3473 3538
3 3516 3515 3525
3 3517 3447 3411
3 3518 3500 3548
3 3511 3526 3501
3 3566 3477 3434
3 3558 3434 3468
3 3580 3541 3449
3 3542 3507 3530
3 3484 3485 3543
3 3550 3485 3502
3 3502 3494 3531
3 3494 3533 3532
3 3570 3520 3469
3 3487 3471 3640
3 3471 3536 3640
3 3562 3573 3462
3 3656 3512 3432
3 3563 3656 3432
3 3432 3505 3563
3 3593 3563 3505
3 3594 3513 3506
3 3453 3464 3522
3 3384 3480 3556
3 3607 3480 3472
3 3472 3514 3607
3 3608 3517 3482
3 3482 3518 3608
3 3526 3549 3501
3 3539 3528 3493
3 3566 3614 3477
3 3567 3615 3468
3 3543 3530 3507
3 3532 3531 3494
3 3741 3495 3486
3 3503 3469 3520
3 3469 3508 3570
3 3508 3504 3571
3 3557 3510 3497
3 3535 3526 3511
3 3573 3546 3462
3 3512 3656 3592
3 3594 3593 3513
3 3594 3506 3537
3 3523 3522 3464
3 3538 3524 3514
3 3547 3577 3516
3 3518 3548 3622
3 3614 3646 3477
3 3550 3543 3485
3 3502 3531 3559
3 3584 3552 3604
3 3553 3510 3588
3 3488 3521 3611
3 3521 3479 3545
3 3613 3594 3537
3 3555 3537 3453
3 3453 3522 3555
3 3514 3524 3607
3 3538 3525 3576
3 3515 3576 3525
3 3548 3476 3564
3 3527 3528 3579
3 3558 3468 3615
3 3542 3530 3581
3 3531 3532 3568
3 3532 3533 3568
3 3561 3495 3551
3 3495 3741 3551
3 3496 3509 3587
3 3526 3535 3544
3 3653 3640 3536
3 3488 3653 3536
3 3499 3522 3523
3 3524 3538 3575
3 3576 3575 3538
3 3608 3518 3622
3 3564 3476 3549
3 3549 3526 3565
3 3544 3565 3526
3 3579 3578 3527
3 3528 3539 3596
3 3529 3540 3598
3 3540 3519 3598
3 3646 3598 3519
3 3530 3543 3634
3 3550 3502 3559
3 3628 3660 3534
3 3534 3582 3628
3 3554 3487 3590
3 3591 3572 3546
3 3546 3573 3591
3 3555 3613 3537
3 3577 3515 3516
3 3577 3547 3676
3 3564 3622 3548
3 3595 3557 3527
3 3527 3578 3595
3 3539 3529 3596
3 3434 3558 3566
3 3541 3567 3483
3 3541 3580 3616
3 3600 3581 3530
3 3585 3634 3543
3 3543 3550 3585
3 3531 3568 3560
3 3533 3534 3568
3 3586 3552 3503
3 3503 3520 3692
3 3587 3509 3553
3 3553 3588 3606
3 3535 3609 3544
3 3640 3610 3487
3 3611 3653 3488
3 3545 3546 3612
3 3572 3612 3546
3 9762 3522 3499
3 3629 9762 3499
3 3556 3480 3629
3 3623 3564 3549
3 3565 3623 3549
3 3598 3625 3529
3 3567 3541 3632
3 3616 3632 3541
3 3559 3560 3627
3 3534 3660 3568
3 3551 3635 3561
3 3692 3586 3503
3 3535 3554 3639
3 3487 3610 3590
3 3521 3545 3611
3 3612 3611 3545
3 3722 3573 3562
3 3592 3722 3562
3 3613 3555 3665
3 3574 3555 3522
3 3522 9762 3574
3 3499 3556 3629
3 3676 3547 3475
3 3589 3662 3475
3 3528 3596 3579
3 3659 3596 3529
3 3529 3625 3659
3 3581 3580 3542
3 3633 3600 3530
3 3530 3634 3633
3 3414 3635 3569
3 3603 3741 3486
3 3520 3570 3692
3 3508 3571 3570
3 3618 3570 3571
3 3571 3496 3618
3 9756 3588 3510
3 3639 3554 3590
3 3572 3591 3641
3 3655 3591 3573
3 3644 3563 3593
3 3594 3631 3593
3 3658 3657 3594
3 3597 3480 3607
3 3694 3607 3524
3 3650 3694 3524
3 3524 3575 3650
3 3575 3576 3620
3 3620 3576 3515
3 3599 3566 3558
3 3585 3550 3601
3 3714 3628 3582
3 3582 3569 3714
3 3552 3586 3605
3 3587 3618 3496
3 3587 3553 3606
3 3558 3615 3599
3 3647 3616 3580
3 3580 3581 3647
3 3581 3600 3647
3 3627 3602 3559
3 3605 3715 3604
3 3604 3552 3605
3 3619 3606 3588
3 3597 3629 3480
3 3515 3577 3630
3 3621 3662 3589
3 3703 3683 3447
3 3447 3517 3703
3 3622 3564 3684
3 3623 3684 3564
3 3565 3544 3609
3 3535 3663 3609
3 3611 3612 3654
3 3641 3612 3572
3 3722 3655 3573
3 3595 3578 3677
3 3601 3634 3585
3 3560 3568 3660
3 3617 3583 3671
3 3583 3584 3672
3 3618 3649 3570
3 3620 3515 3630
3 3683 3703 3770
3 3639 3663 3535
3 3656 3563 3644
3 3594 3613 3658
3 3579 3596 3698
3 3645 3625 3598
3 3599 3614 3566
3 3615 3567 3689
3 3600 3633 3626
3 3550 3559 3713
3 3691 3713 3559
3 3559 3602 3691
3 3602 3627 3668
3 3627 3560 3648
3 3756 3741 3603
3 3603 3617 3636
3 3584 3604 3672
3 3604 3715 3672
3 3586 3692 3637
3 3618 3587 3649
3 3587 3606 3674
3 3619 3674 3606
3 3694 3597 3607
3 3650 3575 3675
3 3575 3620 3675
3 3676 3475 3662
3 3683 3621 3589
3 3565 3651 3623
3 3610 3639 3590
3 3697 3653 3611
3 3654 3697 3611
3 3641 3654 3612
3 3655 3624 3591
3 3656 3644 3643
3 3593 3631 3644
3 3578 3579 3677
3 3646 3645 3598
3 3689 3599 3615
3 3626 3647 3600
3 3560 3660 3648
3 3569 3635 3670
3 3671 3636 3617
3 3692 3570 3673
3 3649 3673 3570
3 3619 3588 3702
3 3629 3597 3693
3 3608 3622 3743
3 3638 3743 3622
3 3622 3684 3638
3 3651 3684 3623
3 3651 3565 3706
3 3609 3706 3565
3 3640 3695 3610
3 3624 3641 3591
3 3643 3688 3656
3 3631 3594 3657
3 3574 3665 3555
3 3596 3659 3698
3 3645 3659 3625
3 3667 3614 3599
3 3626 3633 3700
3 3601 3679 3634
3 3601 3550 3713
3 3602 3668 3680
3 3648 3668 3627
3 3669 3660 3628
3 3670 3714 3569
3 3672 3671 3583
3 3605 3586 3701
3 3649 3587 3674
3 9754 3629 9764
3 3629 3693 9764
3 3694 3650 3682
3 3676 3630 3577
3 3608 3704 3517
3 3663 3706 3609
3 3663 3639 3685
3 3722 3592 3687
3 3658 3613 3664
3 3616 3699 3632
3 3616 3647 3699
3 3679 3700 3633
3 3633 3634 3679
3 3680 3691 3602
3 3674 3619 3681
3 3675 3682 3650
3 3675 3620 3661
3 3735 3685 3639
3 3719 3735 3639
3 3610 3719 3639
3 3653 3695 3640
3 3654 3641 3709
3 3642 3709 3641
3 3643 3644 3631
3 3665 3664 3613
3 3698 3749 3579
3 3659 3645 3750
3 3678 3645 3646
3 3646 3614 3678
3 3700 3727 3626
3 3805 3668 3648
3 3669 3729 3660
3 3767 3635 3551
3 3551 3741 3767
3 3701 3715 3605
3 3702 3732 3619
3 3704 3703 3517
3 3706 3705 3651
3 3610 3695 3719
3 3697 3652 3653
3 3697 3654 3686
3 3709 3686 3654
3 3641 3624 3642
3 3592 3656 3687
3 3688 3687 3656
3 3631 3657 3748
3 3665 3574 9757
3 3749 3677 3579
3 3614 3667 3666
3 3689 3567 3752
3 3647 3626 3727
3 3601 3713 3712
3 3729 3648 3660
3 3714 3669 3628
3 3767 3670 3635
3 3636 3756 3603
3 3637 3701 3586
3 3637 3692 3731
3 3673 3649 3716
3 3732 3681 3619
3 3742 3693 3597
3 3597 3694 3742
3 3661 3620 3759
3 3663 3685 3707
3 3695 3653 3696
3 3652 3696 3653
3 3723 3688 3643
3 3631 3723 3643
3 3779 3664 3665
3 3698 3659 3750
3 3614 3666 3678
3 3689 3667 3599
3 3712 3679 3601
3 3672 3715 3768
3 3630 3759 3620
3 3662 3760 3676
3 3704 3608 3743
3 3638 3744 3743
3 3638 3684 3734
3 3705 3684 3651
3 3652 3697 3708
3 3761 3697 3686
3 3709 3642 3737
3 3710 3737 3642
3 3738 3624 3655
3 3658 3748 3657
3 3664 3725 3658
3 3632 3752 3567
3 3727 3690 3647
3 3805 3680 3668
3 3728 3805 3648
3 3648 3729 3728
3 3671 3672 3768
3 3692 3673 3716
3 3732 3702 9758
3 3682 3675 3718
3 3675 3661 3733
3 3760 3812 3630
3 3630 3676 3760
3 3734 3744 3638
3 3705 3734 3684
3 3706 3663 3707
3 3708 3696 3652
3 3686 3709 3721
3 3787 3738 3655
3 3655 3722 3787
3 3723 3631 3724
3 3631 3748 3724
3 3725 3748 3658
3 3667 3689 3711
3 3764 3752 3632
3 3632 3699 3764
3 3699 3647 3690
3 3680 3713 3691
3 3731 3692 3716
3 3649 3674 3757
3 3674 3681 3757
3 3758 3783 3681
3 3681 3732 3758
3 3682 3717 3694
3 3718 3717 3682
3 3733 3718 3675
3 3621 3760 3662
3 3770 3621 3683
3 3707 3828 3706
3 3719 3695 3720
3 3696 3720 3695
3 3775 3708 3697
3 3761 3775 3697
3 3721 3761 3686
3 3738 3642 3624
3 3749 3698 3726
3 3645 3678 3751
3 3711 3666 3667
3 3690 3764 3699
3 3740 3727 3700
3 3700 3679 3740
3 3754 3740 3679
3 3712 3754 3679
3 3712 3713 3765
3 3713 3680 3793
3 3671 3768 3848
3 3757 3716 3649
3 3812 3759 3630
3 3705 3706 3828
3 3747 3721 3709
3 3709 3737 3747
3 3642 3738 3710
3 3687 3688 3777
3 3723 3777 3688
3 3725 3664 3778
3 9761 3779 3665
3 3693 3742 9760
3 3711 3689 3752
3 3765 3754 3712
3 3755 3714 3670
3 3767 3807 3670
3 3701 3637 3827
3 3731 3730 3637
3 3694 3717 3811
3 3759 3733 3661
3 3771 3707 3685
3 3735 3771 3685
3 3735 3719 3736
3 3719 3720 3736
3 3720 3696 3762
3 3696 3708 3745
3 3775 3746 3708
3 3819 3726 3698
3 3739 3698 3750
3 3750 3645 3857
3 3751 3857 3645
3 3666 3751 3678
3 3711 3789 3666
3 3690 3727 3753
3 3740 3753 3727
3 3793 3765 3713
3 3680 3805 3833
3 3798 3728 3729
3 3669 3798 3729
3 3767 3741 3826
3 3826 3741 3756
3 3730 3827 3637
3 3731 3716 3769
3 3783 3757 3681
3 3811 3742 3694
3 3743 3920 3704
3 3828 3734 3705
3 3828 3707 3837
3 3773 3762 3696
3 3745 3773 3696
3 3746 3745 3708
3 3843 3787 3722
3 3722 3687 3843
3 3779 3778 3664
3 3779 9761 3763
3 3811 9760 3742
3 3780 3751 3666
3 3666 3789 3780
3 3790 3789 3711
3 3752 3790 3711
3 3766 3793 3680
3 3833 3766 3680
3 3669 3714 3806
3 3755 3806 3714
3 3670 3807 3755
3 3756 3636 3885
3 3701 3768 3715
3 3757 3769 3716
3 3621 3770 3877
3 3771 3795 3707
3 3736 3720 3762
3 3710 3776 3737
3 3804 3723 3724
3 3856 3804 3724
3 3724 3748 3856
3 3739 3819 3698
3 3857 3739 3750
3 3858 3857 3751
3 3780 3858 3751
3 3753 3764 3690
3 3753 3740 3781
3 3824 3805 3728
3 3885 3636 3930
3 3671 3930 3636
3 3731 3769 3730
3 3769 3757 3800
3 3718 3733 3794
3 3733 3759 3784
3 3837 3707 3795
3 3736 3771 3735
3 3785 3773 3745
3 3775 3761 3838
3 3839 3838 3761
3 3761 3721 3839
3 3842 3776 3710
3 3710 3738 3842
3 3787 3842 3738
3 3777 3843 3687
3 9760 3811 3810
3 3784 3794 3733
3 3759 3812 3784
3 3760 3621 3877
3 3736 3890 3771
3 3736 3762 3772
3 3773 3772 3762
3 3746 3775 3774
3 3721 3747 3839
3 3723 3816 3777
3 3818 3856 3748
3 3788 3840 3779
3 3779 3763 3788
3 3749 3726 9759
3 3790 3841 3789
3 3764 3753 3791
3 3781 3791 3753
3 3781 3740 3754
3 3754 3765 3782
3 3792 3782 3765
3 3765 3793 3792
3 3801 3809 3757
3 3757 3783 3801
3 3758 3732 9758
3 3919 3877 3770
3 3771 3890 3854
3 3796 3772 3773
3 3773 3785 3796
3 3785 3774 3866
3 3867 3866 3774
3 3815 3774 3775
3 3775 3838 3815
3 3723 3804 3816
3 3725 3818 3748
3 3778 3779 3840
3 3789 3862 3780
3 3820 3790 3752
3 3752 3764 3820
3 3791 3820 3764
3 3798 3824 3728
3 3730 3769 3799
3 3809 3800 3757
3 3834 3783 3758
3 3877 3812 3760
3 3920 3743 3988
3 3795 3771 3854
3 3796 3785 3814
3 3866 3814 3785
3 3786 3839 3747
3 3843 3842 3787
3 3843 3777 3816
3 9759 3870 3788
3 3871 3726 3819
3 3739 3857 3921
3 3841 3862 3789
3 3797 3841 3790
3 3790 3820 3797
3 3820 3791 9562
3 9594 3822 3782
3 3782 3792 9594
3 3823 3792 3793
3 3793 3766 3823
3 3883 3669 3806
3 3807 3767 3884
3 3848 3930 3671
3 3827 3730 3799
3 3800 3799 3769
3 3783 3834 3801
3 3810 3811 3835
3 3743 3744 3988
3 3868 3890 3736
3 3736 3772 3868
3 3796 3802 3772
3 3815 3867 3774
3 3816 3804 3817
3 3892 3725 3778
3 3870 9759 3871
3 9759 3726 3871
3 3829 3821 9562
3 3822 3829 3782
3 3766 3833 3823
3 3824 3918 3805
3 3883 3798 3669
3 3825 3755 3807
3 3767 3826 3884
3 3885 3826 3756
3 3799 3800 3808
3 3809 3808 3800
3 3834 3758 3850
3 3758 9758 3850
3 3802 3868 3772
3 3813 3802 3796
3 3796 3814 3813
3 3855 3839 3786
3 3786 3803 3855
3 3856 3817 3804
3 3818 3913 3856
3 3818 3725 3892
3 3870 3840 3788
3 3830 3792 3832
3 3918 3833 3805
3 3884 3825 3807
3 3945 3768 3701
3 3701 3827 3945
3 3849 3808 3809
3 3809 3801 3849
3 3851 3835 3811
3 3811 3717 3851
3 3794 3784 3836
3 3784 3812 3836
3 3734 3988 3744
3 3734 3828 3852
3 3889 3852 3828
3 3853 3837 3795
3 3866 3867 3907
3 3815 3838 3869
3 3927 3838 3839
3 3817 3843 3816
3 3857 3858 3922
3 3862 3858 3780
3 9599 3859 3841
3 3820 9562 3844
3 3821 3844 9562
3 3821 3829 3881
3 3830 3832 3831
3 3827 3799 3864
3 3801 3834 3849
3 3717 3718 3851
3 3887 3851 3718
3 3877 3836 3812
3 3948 3919 3770
3 3770 3703 3948
3 3837 3889 3828
3 3894 3853 3795
3 3795 3854 3894
3 9697 3842 9700
3 3844 3821 3845
3 3881 3845 3821
3 3881 3829 3873
3 3822 3873 3829
3 3822 3830 3831
3 3831 3832 3846
3 3832 3823 3847
3 3883 3806 3755
3 3826 3885 3884
3 3903 3799 3808
3 3876 3849 3834
3 3850 3876 3834
3 3835 3851 3932
3 3718 3794 3887
3 3794 3836 3887
3 3813 3814 3996
3 3855 3927 3839
3 3891 3855 3803
3 3843 3817 3860
3 3863 3862 3841
3 3841 3859 3863
3 9700 3842 9699
3 3860 9699 3842
3 3842 3843 3860
3 3879 3844 3872
3 3845 3872 3844
3 3822 3831 3873
3 3874 3873 3831
3 3831 3846 3874
3 3898 3846 3832
3 3832 3847 3898
3 3847 3823 3899
3 3823 3833 3899
3 3918 3899 3833
3 3798 3900 3824
3 3883 3901 3798
3 3755 3825 3883
3 3768 3945 3848
3 3864 3902 3827
3 3903 3864 3799
3 3875 3808 3849
3 3876 3875 3849
3 3876 3850 3886
3 3850 3835 3886
3 3734 3852 3988
3 3980 3889 3837
3 3837 3853 3980
3 3854 3890 3981
3 3890 3868 3933
3 3866 3865 3814
3 3866 3907 3906
3 3935 3867 3815
3 3815 3869 3935
3 3927 3869 3838
3 3817 3856 3911
3 3913 3911 3856
3 3861 3893 3778
3 3778 3840 3861
3 3878 3871 3819
3 3739 3878 3819
3 3921 3857 3952
3 3857 3922 3952
3 3863 3922 3858
3 3858 3862 3863
3 3863 3859 3896
3 9599 3896 3859
3 3895 9699 3860
3 3860 3817 3895
3 3936 3913 3818
3 3818 3892 3936
3 3893 3892 3778
3 3870 3861 3840
3 3872 3880 3879
3 3872 3845 3916
3 3918 3824 3900
3 3903 3808 3875
3 3886 3835 3932
3 3877 3888 3836
3 3877 3919 3905
3 3894 3980 3853
3 3935 3907 3867
3 3981 3894 3854
3 3868 3802 3969
3 3813 3969 3802
3 3908 3935 3869
3 3869 3927 3908
3 3984 3855 3891
3 3911 3895 3817
3 9598 3879 3914
3 3915 3880 3872
3 3882 3881 3873
3 3873 3874 3882
3 3874 3846 3897
3 3917 3897 3846
3 3846 3898 3917
3 3925 3898 3847
3 3901 3900 3798
3 3902 3945 3827
3 3903 3875 3904
3 3931 3904 3875
3 3875 3876 3931
3 3887 3836 3926
3 3888 3926 3836
3 3888 3877 3905
3 3703 3704 3979
3 3920 3979 3704
3 3914 3923 9598
3 3845 3881 3916
3 3881 3882 3916
3 3897 3924 3874
3 3847 3899 3925
3 3943 3901 3883
3 3884 3885 4047
3 3991 3930 3848
3 4016 3945 3902
3 3864 3903 3902
3 3946 3931 3876
3 3876 3886 3946
3 3962 3851 3887
3 3852 3889 3965
3 3933 3981 3890
3 3933 3868 3969
3 3996 3969 3813
3 3814 3865 3996
3 3866 3906 3949
3 3906 3907 3934
3 3983 3927 3855
3 3855 3984 3983
3 3909 3984 3891
3 9692 3909 3891
3 3891 9695 9692
3 3892 3893 3936
3 3893 3861 3937
3 9702 3937 3861
3 3894 3981 3967
3 3895 3911 3910
3 3911 3913 3912
3 3936 3951 3913
3 3936 3893 3937
3 3739 3921 3878
3 3863 3896 3938
3 3923 3938 3896
3 3872 3916 3915
3 3939 3916 3882
3 3882 3874 3939
3 3924 3939 3874
3 3924 3897 3958
3 3897 3917 3958
3 3917 3898 3942
3 3975 3925 3899
3 3899 3918 3975
3 3918 3900 3929
3 3960 3900 3901
3 3883 3825 3944
3 3904 3978 3903
3 3926 3962 3887
3 3965 3988 3852
3 3969 3968 3933
3 3997 3949 3906
3 3906 3934 3997
3 3935 3934 3907
3 3950 3908 3927
3 3927 3983 4021
3 3910 3911 3912
3 3912 3913 3951
3 3871 3878 3928
3 3922 3863 3938
3 3914 3954 3923
3 3915 3916 3986
3 3939 3986 3916
3 3942 3958 3917
3 3898 3925 3942
3 3929 3975 3918
3 3883 3944 3943
3 3944 3825 3884
3 3884 4047 3944
3 3902 3903 3978
3 3947 3932 3851
3 3948 3987 3919
3 3979 3948 3703
3 3920 3988 3979
3 3954 3938 3923
3 3914 3879 3955
3 3880 3955 3879
3 3939 3924 3957
3 3942 3925 3975
3 3977 3929 3900
3 3900 3960 3977
3 3943 3960 3901
3 3885 3930 4025
3 3961 3904 3931
3 3931 3946 3961
3 3962 3947 3851
3 3888 3905 3926
3 4004 3988 3965
3 3980 3894 3967
3 3981 3933 3968
3 4021 3950 3927
3 3909 9692 3970
3 3878 3921 3973
3 3921 3952 3973
3 3955 3974 3914
3 3986 3939 3956
3 3940 3957 3924
3 3941 3940 3924
3 3924 3958 3941
3 3977 3959 3929
3 3978 3904 3961
3 3946 3932 3993
3 3932 3947 3993
3 3962 3926 3963
3 3926 3905 3964
3 3987 3948 4003
3 4004 3965 3889
3 3966 4004 3889
3 3865 3866 3949
3 3982 3934 3935
3 3908 3982 3935
3 3971 3970 9692
3 3971 3912 9701
3 3951 3936 3972
3 3936 3937 3972
3 3952 3922 3953
3 3922 3938 3953
3 3954 3914 3974
3 3915 4056 3880
3 3939 3957 3956
3 3975 3929 3959
3 3959 3977 3976
3 4013 3977 3960
3 3960 3943 4024
3 4014 4024 3943
3 4046 4014 3943
3 4046 3943 3944
3 4016 4015 3945
3 3978 4016 3902
3 3961 3946 4002
3 3993 4002 3946
3 3964 3963 3926
3 3919 3964 3905
3 3908 3950 3982
3 3950 4021 3982
3 3909 3970 3998
3 3912 3951 9701
3 3972 9701 3951
3 3928 3878 3973
3 3973 3952 3953
3 3953 3938 3985
3 3985 3954 3989
3 3974 3989 3954
3 3955 3880 4056
3 3986 4023 3915
3 4000 3941 3958
3 3958 3942 4000
3 4001 4000 3942
3 3975 4001 3942
3 4024 4013 3960
3 3944 4047 4046
3 3945 4033 3848
3 3994 3947 3962
3 3995 3964 3919
3 3979 3988 4019
3 4083 3889 3980
3 4083 3980 3967
3 3967 3981 4028
3 3865 3949 4038
3 3982 4020 3934
3 4010 3983 3984
3 4007 3984 3909
3 3909 3998 4007
3 4008 3998 3970
3 9698 3970 3971
3 3989 3999 3985
3 4023 4056 3915
3 4041 3940 3941
3 3941 4000 4041
3 3990 4001 3975
3 3975 3959 3990
3 3976 3977 4044
3 4013 4044 3977
3 4015 4033 3945
3 3978 3961 3992
3 4002 3992 3961
3 3962 3963 3994
3 3979 4003 3948
3 4083 3966 3889
3 3967 4028 4083
3 3981 3968 4028
3 3934 4005 3997
3 4020 4005 3934
3 3982 4021 4006
3 4010 4021 3983
3 4007 4010 3984
3 3953 3985 3973
3 3999 9693 3985
3 3974 3955 4011
3 4040 4023 3986
3 3986 3956 4040
3 3959 3976 3990
3 4033 3991 3848
3 3978 3992 4017
3 3995 3919 3987
3 4003 4080 3987
3 4003 3979 4073
3 3979 4019 4036
3 4009 3968 3969
3 3996 4009 3969
3 4062 4038 3949
3 3949 3997 4062
3 4022 4008 3970
3 3970 9698 4022
3 3972 3937 9694
3 4012 4000 4001
3 4013 4024 4045
3 4047 3885 4071
3 3992 4002 4030
3 4002 3993 4048
3 4018 4048 3993
3 3947 4018 3993
3 3994 3963 4026
3 3963 3964 4026
3 3995 4026 3964
3 4073 3979 4036
3 3865 4037 3996
3 4005 4062 3997
3 9691 4022 9698
3 4011 3989 3974
3 3957 3940 4029
3 4031 4041 4000
3 4012 4031 4000
3 4012 4001 4042
3 4001 3990 4042
3 3930 3991 4025
3 4016 3978 4034
3 4017 4034 3978
3 4030 4017 3992
3 4061 4019 3988
3 3988 4004 4061
3 4028 3968 4050
3 4037 4009 3996
3 4007 3998 4053
3 4064 3998 4008
3 4020 3982 4052
3 3982 4006 4052
3 4063 4021 4010
3 4065 4022 9691
3 9691 4039 4065
3 4011 4055 3989
3 4056 4067 3955
3 4040 3956 4058
3 3957 4058 3956
3 4012 4042 4032
3 4042 3990 4070
3 4044 4043 3976
3 4044 4013 4045
3 4034 4015 4016
3 4048 4030 4002
3 3947 3994 4035
3 3994 4026 4035
3 4050 3968 4009
3 4062 4005 4091
3 4021 4063 4006
3 4118 4010 4007
3 4007 4053 4118
3 4008 4022 4054
3 4065 4054 4022
3 3999 3989 4039
3 4057 4056 4023
3 4023 4040 4057
3 4041 4029 3940
3 4041 4031 4077
3 4059 4031 4012
3 4032 4059 4012
3 3990 3976 4070
3 4045 4024 4078
3 4094 4071 3885
3 3885 4025 4094
3 4025 3991 4072
3 4033 4072 3991
3 4017 4030 4088
3 4018 3947 4060
3 4035 4026 4027
3 4026 3995 4027
3 4027 3995 4096
3 3987 4096 3995
3 4080 4096 3987
3 4003 4081 4080
3 4103 4061 4004
3 4062 4075 4038
3 4063 4052 4006
3 4084 4063 4010
3 4118 4084 4010
3 4055 4039 3989
3 4106 4055 4011
3 4011 3955 4067
3 4040 4058 4076
3 4024 4014 4079
3 4033 4015 4152
3 4048 4018 4060
3 4082 4036 4019
3 3966 4103 4004
3 4028 4097 4083
3 4146 4091 4005
3 4005 4020 4051
3 3998 4064 4053
3 4054 4064 4008
3 4067 4106 4011
3 4029 4058 3957
3 4069 4077 4031
3 4059 4069 4031
3 4086 4032 4042
3 4046 4047 4087
3 4152 4072 4033
3 4034 4017 4101
3 4088 4101 4017
3 4060 3947 4035
3 4035 4027 4049
3 4096 4049 4027
3 4050 4097 4028
3 4009 4037 4090
3 3865 4090 4037
3 3865 4038 4075
3 4020 4052 4051
3 4066 4065 4039
3 4055 4066 4039
3 4076 4057 4040
3 4029 4041 4068
3 4077 4092 4041
3 4086 4059 4032
3 4086 4042 4070
3 3976 4043 4070
3 4043 4044 4108
3 4045 4108 4044
3 4079 4014 4087
3 4014 4046 4087
3 4133 4152 4015
3 4015 4034 4133
3 4122 4088 4030
3 4030 4048 4122
3 4049 4095 4035
3 3966 4083 4125
3 4090 3865 4074
3 4104 4062 4091
3 4051 4052 4134
3 4063 4134 4052
3 4054 4065 4064
3 4067 4056 4130
3 4056 4057 4130
3 4068 4041 4092
3 4079 4078 4024
3 4048 4060 4122
3 4035 4095 4060
3 4049 4096 4123
3 4096 4080 4139
3 4081 4124 4080
3 4019 4061 4082
3 4103 4082 4061
3 4074 3865 4075
3 4145 4075 4062
3 4062 4104 4145
3 4146 4005 4051
3 4126 4053 4064
3 4106 4066 4055
3 4130 4099 4067
3 4111 4130 4057
3 4057 4076 4111
3 4076 4058 4085
3 4058 4029 4068
3 4078 4108 4045
3 4079 4087 4131
3 4087 4047 4071
3 4109 4095 4049
3 4073 4081 4003
3 4083 4097 4129
3 4097 4050 4098
3 4105 4064 4065
3 4065 4066 4105
3 4099 4106 4067
3 4070 4093 4086
3 4108 4113 4043
3 4078 4079 4100
3 4088 4122 4089
3 4095 4122 4060
3 4139 4080 4124
3 4125 4103 3966
3 4129 4125 4083
3 4063 4084 4134
3 4148 4118 4053
3 4105 4127 4064
3 4066 4106 4119
3 4085 4174 4076
3 4107 4058 4068
3 4092 4077 4159
3 4069 4159 4077
3 4069 4059 4120
3 4059 4086 4128
3 4093 4128 4086
3 4070 4043 4113
3 4108 4078 4114
3 4100 4079 4131
3 4071 4094 4132
3 4034 4101 4133
3 4153 4101 4088
3 4088 4089 4153
3 4123 4109 4049
3 4036 4115 4073
3 4144 4098 4050
3 4009 4144 4050
3 4090 4074 4116
3 4119 4105 4066
3 4174 4111 4076
3 4107 4068 4092
3 4069 4120 4159
3 4113 4093 4070
3 4114 4078 4100
3 4087 4071 4132
3 4122 4095 4102
3 4123 4096 4139
3 4081 4073 4115
3 4082 4103 4140
3 4090 4144 4009
3 4148 4135 4118
3 4126 4148 4053
3 4064 4127 4126
3 4085 4058 4112
3 4107 4112 4058
3 4153 4133 4101
3 4124 4081 4172
3 4115 4172 4081
3 4098 4129 4097
3 4144 4110 4098
3 4144 4090 4116
3 4084 4117 4134
3 4106 4099 4136
3 4099 4130 4173
3 4128 4120 4059
3 4121 4114 4100
3 4100 4131 4121
3 4138 4122 4102
3 4102 4095 4109
3 4257 4115 4036
3 4036 4082 4257
3 4178 4129 4098
3 4143 4178 4098
3 4098 4110 4143
3 4202 4104 4091
3 4091 4146 4202
3 4119 4127 4105
3 4106 4136 4119
3 4175 4113 4108
3 4154 4089 4122
3 4139 4160 4123
3 4199 4140 4103
3 4165 4074 4075
3 4084 4118 4135
3 4119 4136 4181
3 4173 4136 4099
3 4149 4112 4107
3 4107 4092 4149
3 4092 4159 4167
3 4137 4108 4114
3 4121 4137 4114
3 4131 4087 4170
3 4132 4170 4087
3 4153 4089 4154
3 4122 4138 4154
3 4160 4109 4123
3 4257 4227 4115
3 4082 4140 4161
3 4103 4125 4199
3 4202 4145 4104
3 4051 4134 4147
3 4117 4084 4135
3 4148 4126 4180
3 4150 4149 4092
3 4121 4131 4170
3 4025 4072 4094
3 4072 4152 4171
3 4161 4257 4082
3 4162 4199 4125
3 4145 4165 4075
3 4147 4134 4117
3 4126 4127 4193
3 4167 4150 4092
3 4159 4120 4168
3 4093 4113 4169
3 4137 4175 4108
3 4151 4137 4121
3 4170 4151 4121
3 4197 4094 4072
3 4152 4133 4171
3 4198 4171 4133
3 4153 4225 4133
3 4184 4154 4138
3 4138 4102 4270
3 4139 4244 4160
3 4124 4208 4139
3 4125 4129 4162
3 4247 4143 4110
3 4074 4165 4157
3 4202 4213 4145
3 4147 4179 4051
3 4135 4158 4117
3 4127 4119 4166
3 4112 4219 4085
3 4120 4128 4195
3 4128 4093 4195
3 4170 4132 4222
3 4171 4197 4072
3 4270 4184 4138
3 4102 4109 4155
3 4109 4160 4155
3 4208 4124 4256
3 4172 4256 4124
3 4172 4115 4227
3 4201 4162 4129
3 4129 4178 4201
3 4156 4164 4141
3 4141 4142 4156
3 4186 4177 4142
3 4142 4141 4186
3 4213 4165 4145
3 4146 4051 4179
3 4193 4127 4166
3 4181 4166 4119
3 4205 4149 4150
3 4195 4093 4169
3 4175 4183 4113
3 4225 4153 4176
3 4153 4154 4176
3 4155 4270 4102
3 4199 4161 4140
3 4163 4186 4141
3 4187 4163 4141
3 4143 4232 4178
3 4143 4247 4232
3 4144 4116 4247
3 4116 4074 4157
3 4165 4212 4157
3 4191 4202 4146
3 4179 4191 4146
3 4158 4192 4117
3 4126 4193 4180
3 4136 4173 4182
3 4120 4195 4168
3 4183 4169 4113
3 4154 4184 4207
3 4155 4160 4244
3 4244 4139 4208
3 4164 4190 4189
3 4185 4177 4210
3 4186 4211 4177
3 4294 4186 4163
3 4260 4188 4164
3 4189 4260 4164
3 4164 4156 4190
3 4261 4190 4156
3 4156 4200 4229
3 4110 4144 4247
3 4116 4157 4247
3 4147 4117 4192
3 4135 4148 4204
3 4180 4204 4148
3 4181 4136 4182
3 4238 4173 4130
3 4130 4111 4238
3 4217 4111 4174
3 4218 4217 4174
3 4218 4174 4085
3 4219 4218 4085
3 4205 4219 4112
3 4167 4159 4220
3 4159 4168 4220
3 4196 4175 4137
3 4137 4151 4242
3 4222 4132 4223
3 4132 4094 4223
3 4225 4198 4133
3 4207 4176 4154
3 4172 4226 4256
3 4227 4209 4172
3 4188 4187 4164
3 4229 4261 4156
3 4230 4229 4200
3 4204 4158 4135
3 4112 4149 4205
3 4205 4150 4206
3 4150 4167 4206
3 4183 4175 4196
3 4242 4196 4137
3 4224 4223 4094
3 4094 4197 4224
3 4176 4207 4398
3 4162 4201 4263
3 4294 9549 9621
3 4274 4260 4189
3 4276 4201 4178
3 4232 4276 4178
3 4213 4212 4165
3 4191 4179 4214
3 4147 4192 4179
3 4204 4180 4216
3 4193 4216 4180
3 4236 4193 4166
3 4182 4166 4181
3 4217 4238 4111
3 4220 4206 4167
3 4194 4220 4168
3 4195 4194 4168
3 4183 4196 4221
3 4208 4470 4244
3 4226 4172 4209
3 4258 4199 4162
3 4259 4185 4210
3 9549 4187 4228
3 4189 4190 4274
3 4200 4185 4231
3 4259 4231 4185
3 4214 4179 4203
3 9686 4203 4179
3 4215 9686 4179
3 4179 4192 4215
3 4158 4215 4192
3 4238 4182 4173
3 4221 4169 4183
3 4151 4170 4285
3 4222 4285 4170
3 4287 4224 4197
3 4197 4171 4287
3 4171 4198 4269
3 4292 4161 4199
3 4162 4263 4258
3 4177 4211 4272
3 4188 4228 4187
3 4355 4188 4260
3 4261 4274 4190
3 4276 4263 4201
3 4247 4157 4278
3 4157 4212 4278
3 4234 4213 4202
3 9689 4234 4202
3 4202 4191 9689
3 4214 9689 4191
3 4215 4158 9688
3 4235 9688 4158
3 4158 4204 4235
3 4204 4216 4235
3 4236 4216 4193
3 4253 4219 4205
3 4205 4206 4253
3 4194 4195 4241
3 4267 4241 4195
3 4195 4169 4267
3 4169 4221 4267
3 4288 4287 4171
3 4171 4269 4288
3 4225 4243 4198
3 4207 4184 4321
3 4244 4350 4155
3 4291 4257 4161
3 4297 4246 9624
3 4262 4229 4230
3 4212 4213 4233
3 4213 4234 4233
3 4235 4216 9681
3 4236 9681 4216
3 4237 4236 4166
3 4166 4182 4237
3 4250 4237 4182
3 4251 4238 4217
3 4217 4218 4251
3 4239 4251 4218
3 4218 4219 4239
3 4253 4239 4219
3 4253 4206 9571
3 4206 4220 9571
3 4254 9571 4220
3 4240 4254 4220
3 4220 4194 4240
3 4194 4241 4240
3 4221 4196 4268
3 4196 4242 4268
3 4269 4198 4243
3 4398 4225 4176
3 4398 4207 4321
3 4184 4270 4322
3 4270 4155 4350
3 4256 4470 4208
3 4256 4226 4289
3 4351 4289 4226
3 4209 4351 4226
3 4199 4258 4292
3 4272 4210 4177
3 4294 9621 4461
3 4355 4228 4188
3 4229 4311 4261
3 4275 4262 4230
3 4230 4231 4275
3 4337 4275 4231
3 4277 4247 4278
3 4233 4278 4212
3 4233 4234 9537
3 9684 9681 4236
3 4236 4237 9684
3 4264 4250 4182
3 4182 4238 4264
3 9579 4264 4238
3 4238 4251 9579
3 4252 4282 4239
3 4239 4253 4252
3 9551 4254 4240
3 4255 4240 4241
3 4241 4267 4255
3 4268 4242 4298
3 4151 4298 4242
3 4223 4286 4222
3 4363 4321 4184
3 4350 4244 4470
3 4227 4400 4209
3 4227 4257 4290
3 4402 4291 4161
3 4161 4292 4402
3 9624 4271 9575
3 9624 4245 4271
3 4245 4296 4314
3 4293 4245 4246
3 4316 4293 4246
3 4297 4316 4246
3 4446 4259 4210
3 4272 4446 4210
3 4273 4211 4186
3 4186 4294 4273
3 4338 9621 9549
3 4228 4338 9549
3 4228 4355 4310
3 4274 4261 4339
3 4300 4372 4232
3 4300 4232 4247
3 4277 4300 4247
3 9537 9683 4301
3 4329 4301 9683
3 9683 4248 4329
3 4302 4329 4248
3 4248 9680 4302
3 4303 4302 9680
3 9680 4249 4303
3 9687 4249 9682
3 9579 4251 4265
3 4334 4265 4251
3 4251 4239 4334
3 4282 4334 4239
3 4252 4253 4266
3 4253 9571 4266
3 4266 9571 4283
3 4255 9551 4240
3 4286 4285 4222
3 4287 4223 4224
3 4287 4288 4348
3 4422 4269 4243
3 4467 4243 4225
3 4225 4398 4467
3 4470 4256 4323
3 4289 4323 4256
3 4290 4400 4227
3 4384 4290 4257
3 4291 4384 4257
3 4340 4292 4258
3 4314 4271 4245
3 4315 4296 4245
3 4293 4315 4245
3 4405 4297 9623
3 9557 4259 4406
3 4461 4369 4294
3 4310 4338 4228
3 4260 4274 4389
3 4311 4339 4261
3 4311 4229 4312
3 4229 4262 4312
3 4276 4232 4372
3 4279 4278 4233
3 4233 9537 4279
3 4249 9687 4330
3 4304 4330 9687
3 4331 4304 9687
3 4265 4333 9579
3 4307 4282 4252
3 4252 4266 4307
3 4308 4307 4266
3 4266 4283 4308
3 4283 9551 4309
3 4317 4255 4267
3 4267 4221 4317
3 4151 4285 4298
3 4350 4322 4270
3 4402 4384 4291
3 4258 4263 4340
3 4276 4325 4263
3 9623 9575 4365
3 4295 9575 4271
3 4354 4337 9557
3 4406 4354 9557
3 4355 4260 4356
3 4389 4356 4260
3 4263 4325 4340
3 4372 4325 4276
3 4327 4279 9537
3 9537 4301 4327
3 4301 4329 4374
3 4303 4249 4376
3 4342 4376 4249
3 4249 4330 4342
3 4331 4280 4378
3 4280 4305 4378
3 4305 4237 4332
3 4237 4281 4332
3 4334 4306 4265
3 4334 4282 4335
3 4336 4335 4282
3 4282 4307 4336
3 4283 4309 4345
3 4284 4309 9551
3 4221 4268 4317
3 4268 4298 4347
3 4286 4223 4320
3 4223 4287 4299
3 4348 4299 4287
3 4349 4348 4288
3 4324 4402 4292
3 4340 4324 4292
3 4365 9575 4366
3 4405 4433 4297
3 9623 4365 4405
3 4406 4259 4446
3 4369 4273 4294
3 4339 4389 4274
3 4262 4275 4313
3 4313 4275 4371
3 4275 4337 4371
3 4314 4296 4353
3 4367 4353 4296
3 4315 4367 4296
3 4315 4293 4368
3 4316 4297 4433
3 4347 4317 4268
3 4347 4298 4318
3 4319 4318 4298
3 4298 4285 4319
3 4285 4286 4319
3 4320 4319 4286
3 4299 4320 4223
3 4383 4288 4269
3 4269 4422 4383
3 4184 4322 4363
3 4351 4209 4400
3 4326 4277 4278
3 4327 4391 4279
3 4327 4301 4328
3 4374 4328 4301
3 4302 4303 4376
3 4332 4378 4305
3 4357 4333 4265
3 4265 4306 4357
3 4336 4307 4343
3 4307 4308 4343
3 4344 4343 4308
3 4308 4283 4344
3 4283 4345 4344
3 4346 4345 4309
3 4309 4284 4346
3 4459 4339 4311
3 4457 4366 4352
3 4386 9574 4295
3 4458 4386 4295
3 4271 4458 4295
3 4271 4314 4404
3 4353 4404 4314
3 4387 4316 4433
3 4361 4318 4319
3 4288 4383 4349
3 4398 4321 4362
3 4322 4350 4468
3 4323 4289 4440
3 4326 4300 4277
3 4391 4326 4279
3 4391 4327 4341
3 4327 4328 4341
3 4328 4374 4373
3 4329 4302 4434
3 4330 4304 4393
3 4304 4331 4413
3 4377 4413 4331
3 4331 4378 4377
3 4379 4378 4332
3 4332 4281 4379
3 4281 4333 4379
3 4357 4379 4333
3 4336 4448 4335
3 4346 4284 4358
3 4284 4359 4395
3 4337 4354 4482
3 4406 4446 4407
3 4483 4446 4272
3 4272 4211 4408
3 4310 4388 4338
3 4310 4355 4388
3 4313 4410 4262
3 4482 4371 4337
3 4372 4390 4325
3 4329 4434 4374
3 4434 4302 4375
3 4413 4393 4304
3 4378 4379 4414
3 4306 4334 4478
3 4334 4335 4415
3 4336 4343 4416
3 4345 4346 4394
3 4346 4358 4394
3 4395 4358 4284
3 4317 4347 4360
3 4380 4360 4347
3 4347 4318 4380
3 4361 4380 4318
3 4418 4319 4320
3 4381 4320 4299
3 4382 4381 4299
3 4299 4348 4382
3 4348 4349 4382
3 4363 4322 4423
3 4400 4290 4401
3 4290 4384 4364
3 4457 4352 4385
3 9574 4385 4352
3 4367 4429 4353
3 4368 4367 4315
3 4431 4368 4293
3 4293 4316 4431
3 4316 4387 4431
3 4272 4408 4483
3 4409 4408 4211
3 4211 4273 4409
3 4484 4388 4355
3 4355 4356 4484
3 4311 4312 4459
3 4312 4262 4463
3 4410 4463 4262
3 4410 4313 4370
3 4371 4370 4313
3 4326 4372 4300
3 4391 4412 4326
3 4391 4341 4392
3 4328 4475 4341
3 4376 4375 4302
3 4343 4344 4417
3 4359 4360 4395
3 4437 4395 4360
3 4360 4380 4437
3 4451 4380 4361
3 4438 4451 4361
3 4418 4361 4319
3 4419 4418 4320
3 4382 4349 4397
3 4467 4422 4243
3 4468 4423 4322
3 4440 4289 4399
3 4289 4351 4399
3 4351 4400 4399
3 4364 4401 4290
3 4340 4325 4403
3 4390 4403 4325
3 4365 4443 4405
3 4365 4366 4443
3 4386 4385 9574
3 4404 4458 4271
3 4429 4367 4444
3 4432 4488 4433
3 4409 4273 4369
3 4356 4389 4445
3 4463 4459 4312
3 4411 4390 4372
3 4372 4326 4411
3 4412 4411 4326
3 4475 4392 4341
3 4342 4330 4393
3 4378 4414 4525
3 4306 4491 4357
3 4448 4415 4335
3 4416 4448 4336
3 4417 4416 4343
3 4344 4345 4435
3 4394 4435 4345
3 4449 4358 4395
3 4395 4437 4396
3 4451 4437 4380
3 4438 4361 4418
3 4320 4381 4419
3 4420 4381 4382
3 4397 4420 4382
3 4421 4397 4349
3 4349 4383 4421
3 4362 4321 4363
3 4468 4350 4469
3 4440 4424 4323
3 4364 4384 4471
3 4426 4471 4384
3 4402 4426 4384
3 4427 4402 4324
3 4324 4340 4427
3 4403 4427 4340
3 4457 4443 4366
3 4518 4404 4353
3 4353 4429 4518
3 4367 4368 4430
3 4488 4466 4387
3 4387 4433 4488
3 4338 4388 4502
3 4504 4445 4389
3 4389 4339 4504
3 4339 4459 4504
3 4460 4463 4410
3 4498 4370 4371
3 4411 4455 4390
3 4412 4474 4411
3 4392 4412 4391
3 4374 4434 4556
3 4477 4414 4379
3 4379 4357 4477
3 4306 4478 4491
3 4415 4478 4334
3 4417 4344 4435
3 4396 4449 4395
3 4450 4396 4437
3 4470 4469 4350
3 4470 4323 4454
3 4425 4440 4399
3 4399 4400 4425
3 4400 4401 4425
3 4442 4425 4401
3 4471 4442 4401
3 4401 4364 4471
3 4472 4426 4402
3 4427 4472 4402
3 4403 4390 4455
3 4443 4457 4570
3 4457 4385 4428
3 4429 4444 4549
3 4430 4444 4367
3 4431 4519 4368
3 4443 4520 4405
3 4499 4498 4482
3 4354 4406 4500
3 4501 4500 4406
3 4406 4407 4501
3 4407 4446 4501
3 4369 4589 4409
3 4484 4356 4522
3 4445 4522 4356
3 4485 4460 4410
3 4410 4370 4485
3 4475 4328 4490
3 4328 4373 4490
3 4376 4342 4507
3 4342 4393 4507
3 4377 4378 4558
3 4525 4558 4378
3 4357 4526 4477
3 4526 4357 4491
3 4435 4394 4479
3 4480 4479 4394
3 4394 4358 4480
3 4358 4449 4480
3 4450 4436 4396
3 4437 4451 4493
3 4577 4438 4418
3 4452 4419 4381
3 4381 4420 4452
3 4439 4421 4383
3 4383 4422 4439
3 4422 4467 4439
3 4454 4323 4424
3 4440 4425 4441
3 4472 4427 4473
3 4427 4403 4473
3 4428 4385 4537
3 4385 4386 4537
3 4487 4537 4386
3 4549 4465 4429
3 4519 4430 4368
3 4456 4519 4431
3 4431 4387 4456
3 4466 4456 4387
3 4433 4405 4432
3 4474 4455 4411
3 4474 4412 4555
3 4476 4490 4373
3 4375 4376 4447
3 4507 4447 4376
3 4413 4524 4393
3 4415 4448 4527
3 4416 4528 4492
3 4416 4417 4528
3 4508 4528 4417
3 4417 4435 4508
3 4449 4396 4436
3 4493 4450 4437
3 4451 4438 4494
3 4452 4420 4511
3 4495 4511 4420
3 4467 4398 4362
3 4362 4363 4453
3 4536 4473 4403
3 4570 4486 4443
3 4537 4580 4428
3 4464 4487 4386
3 4386 4458 4464
3 4458 4404 9532
3 4518 9532 4404
3 4444 4430 9530
3 4432 4405 4520
3 4498 4485 4370
3 4483 4501 4446
3 4408 4409 4462
3 4412 4392 4660
3 4660 4392 4576
3 4475 4576 4392
3 4475 4490 4583
3 4374 4476 4373
3 4447 4523 4434
3 4434 4375 4447
3 4605 4524 4413
3 4413 4377 4605
3 4478 4662 4491
3 4492 4527 4448
3 4448 4416 4492
3 4529 4508 4435
3 4435 4479 4529
3 4480 4449 4509
3 4449 4436 4509
3 4436 4450 4630
3 4494 4493 4451
3 4510 4481 4419
3 4419 4452 4510
3 4495 9724 4512
3 4496 4512 9724
3 4439 4467 4497
3 4423 4531 4363
3 4468 4469 4514
3 9722 4424 4440
3 4440 4441 9722
3 9541 9722 4441
3 4533 4471 4426
3 4426 4472 4533
3 4472 4473 4534
3 9530 4430 4568
3 4519 4568 4430
3 4539 4456 4466
3 4428 4570 4457
3 4465 4518 4429
3 4485 4498 4506
3 4499 4658 4498
3 4500 4482 4354
3 4483 4408 4462
3 4369 4461 4624
3 9620 4624 4461
3 4589 4369 4624
3 4521 4502 4388
3 4388 4484 4521
3 4445 4503 4522
3 4504 4503 4445
3 4565 4504 4459
3 4463 4460 4505
3 4566 4460 4485
3 4487 4464 4548
3 9532 4464 4458
3 9532 4518 4581
3 4465 4581 4518
3 4488 4539 4466
3 4602 4488 4432
3 9728 4497 4467
3 4362 9728 4467
3 4514 4469 4489
3 4469 4470 4489
3 4454 4489 4470
3 4454 4424 9722
3 4515 4551 9541
3 9541 4442 4515
3 4442 4471 4515
3 4533 4515 4471
3 4533 4472 4534
3 4473 4536 4517
3 4403 4455 4573
3 4554 4573 4455
3 4556 4476 4374
3 4377 4558 4605
3 4414 4477 4525
3 4415 4662 4478
3 4559 4529 4479
3 4559 4479 4480
3 4509 4559 4480
3 4577 4494 4438
3 4577 4418 4610
3 4418 4419 4610
3 4481 4610 4419
3 4511 4510 4452
3 4499 4482 4541
3 4542 4541 4482
3 4482 4500 4542
3 4501 4483 4544
3 4483 4462 4545
3 4522 4521 4484
3 4505 4565 4459
3 4459 4463 4505
3 4506 4566 4485
3 4520 4443 4486
3 4582 4581 4465
3 4539 4488 4540
3 4602 4540 4488
3 4623 4602 4432
3 4432 4520 4623
3 4637 4623 4520
3 4423 4468 4513
3 4468 4514 4513
3 4551 4515 4552
3 4533 4534 4516
3 4517 4535 4473
3 4573 4536 4403
3 4555 4412 4575
3 4583 4576 4475
3 4556 4434 4557
3 4523 4557 4434
3 4507 4393 4683
3 4526 4491 4606
3 4662 4606 4491
3 4508 4585 4528
3 4508 4529 4608
3 4630 4509 4436
3 4593 4511 4495
3 4495 4512 4593
3 4530 4512 4496
3 9726 4530 4496
3 4453 9728 4362
3 4544 4500 4501
3 4545 4544 4483
3 4547 4503 4504
3 4565 4547 4504
3 4566 4505 4460
3 4506 4498 4658
3 4574 4554 4455
3 4455 4474 4574
3 4412 4660 4575
3 4447 4507 4584
3 4393 4524 4717
3 4528 4607 4492
3 4608 4585 4508
3 4586 4630 4450
3 4450 4493 4586
3 4493 4494 4592
3 4561 4593 4512
3 4512 4530 4561
3 4532 4531 4423
3 4513 4532 4423
3 4514 4489 4513
3 9713 4489 4454
3 9722 9713 4454
3 9722 4571 9723
3 4571 9541 4550
3 4551 4550 9541
3 4580 4537 4618
3 4465 4549 4582
3 4538 4668 4519
3 4519 4456 4538
3 4486 4637 4520
3 4543 4542 4500
3 4500 4544 4543
3 4544 4545 4563
3 4545 4462 4564
3 4409 4588 4462
3 4624 9620 4590
3 4546 4590 9620
3 4521 4579 4502
3 4503 4671 4522
3 4625 4505 4566
3 4490 4476 4583
3 4717 4683 4393
3 4526 4525 4477
3 4585 4607 4528
3 4609 4608 4529
3 4592 4586 4493
3 4511 4593 4560
3 9718 4530 9726
3 4453 4531 9727
3 4513 4489 9713
3 4516 4515 4533
3 4516 4534 4572
3 4534 4473 4572
3 4473 4535 4572
3 4535 4517 4553
3 4573 4517 4536
3 4537 4487 4618
3 4487 4548 4633
3 9530 4568 4567
3 4538 4456 4539
3 4602 4623 4636
3 4543 4544 4562
3 4563 4562 4544
3 4564 4563 4545
3 4588 4564 4462
3 4624 4657 4589
3 4546 4502 4579
3 4668 4538 4569
3 4486 4570 4669
3 4428 4632 4570
3 4619 4548 4464
3 4581 4619 9532
3 4549 9530 4567
3 4550 4551 4552
3 4552 4515 4614
3 4515 4516 4614
3 4553 4572 4535
3 4555 4574 4474
3 4575 4660 4659
3 4476 4556 4682
3 4584 4507 4675
3 4524 4605 4591
3 4558 4525 4719
3 4662 4415 4702
3 4527 4702 4415
3 4607 4527 4492
3 4610 4494 4577
3 4611 4481 4510
3 4510 4511 4611
3 4511 4560 4611
3 4595 4561 4530
3 4530 9718 4595
3 9718 4578 4595
3 4541 4542 4603
3 4655 4603 4542
3 4699 4579 4521
3 4522 4699 4521
3 4547 4604 4503
3 4566 4506 4672
3 4621 4569 4538
3 4539 4621 4538
3 4623 4637 4681
3 4637 4486 4600
3 4669 4600 4486
3 4632 4428 4617
3 4580 4617 4428
3 4633 4618 4487
3 4635 4601 4582
3 9725 4571 4550
3 4516 4572 4679
3 4616 4553 4517
3 4517 4573 4616
3 4573 4554 4599
3 4631 4599 4554
3 4659 4555 4575
3 4700 4660 4576
3 4576 4583 4700
3 4447 4584 4776
3 4507 4683 4675
3 4605 4558 4736
3 4719 4736 4558
3 4525 4526 4642
3 4527 4607 4643
3 4644 4609 4529
3 4529 4559 4644
3 4559 4509 4628
3 4595 4578 4596
3 4578 4587 4596
3 4656 4639 4588
3 4588 4409 4656
3 4589 4656 4409
3 4579 4640 4546
3 4505 4641 4565
3 4505 4625 4641
3 4634 4633 4548
3 4619 4634 4548
3 4619 4581 4620
3 4602 4636 4622
3 4550 4597 9725
3 4552 4598 4550
3 4614 4516 4725
3 4679 4725 4516
3 4553 4616 4615
3 4599 4616 4573
3 4554 4574 4631
3 4659 4626 4555
3 4682 4583 4476
3 4557 4682 4556
3 4523 4627 4557
3 4523 4447 4792
3 4675 4735 4584
3 4719 4525 4642
3 4642 4526 4661
3 4606 4661 4526
3 4629 4628 4509
3 4664 4629 4509
3 4509 4630 4664
3 4704 4630 4586
3 4612 4611 4560
3 4560 4593 4612
3 4593 4561 4594
3 4595 4596 4678
3 9715 9721 4613
3 9721 9720 4613
3 4639 4564 4588
3 4657 4656 4589
3 4671 4699 4522
3 4604 4671 4503
3 4547 4565 4749
3 4543 4562 4655
3 4626 4574 4555
3 4704 4586 4677
3 4586 4592 4677
3 4593 4594 4612
3 4678 4594 4561
3 4561 4595 4678
3 4587 4678 4596
3 4646 4587 9715
3 9715 4613 4646
3 4597 4550 4598
3 4598 4552 4649
3 4614 4690 4552
3 4572 4553 4708
3 4615 4708 4553
3 4632 4669 4570
3 4618 4617 4580
3 4653 4620 4581
3 4581 4582 4653
3 4601 4653 4582
3 4622 4539 4540
3 4540 4602 4622
3 4499 4541 4654
3 4603 4697 4541
3 4638 4655 4562
3 4590 4546 4640
3 4699 4640 4579
3 4672 4625 4566
3 4771 4672 4506
3 4583 4682 4716
3 4674 4792 4447
3 4447 4776 4674
3 4735 4776 4584
3 4736 4591 4605
3 4702 4527 4643
3 4644 4703 4609
3 4663 4644 4559
3 4559 4628 4663
3 4592 4494 4665
3 4645 4481 4611
3 4706 4645 4611
3 4611 4612 4706
3 4612 4594 4689
3 4587 4646 4759
3 4646 4613 4647
3 4613 4597 4647
3 4648 4597 4598
3 4690 4649 4552
3 4679 4572 4707
3 4572 4708 4707
3 4616 4709 4615
3 4617 4618 4744
3 4618 4633 4761
3 4634 4619 4650
3 4651 4650 4619
3 4620 4653 4652
3 4567 4668 4680
3 4569 4621 4727
3 4681 4636 4623
3 4654 4658 4499
3 4638 4564 4639
3 4639 4656 4670
3 4657 4624 4695
3 4624 4590 4695
3 4631 4574 4710
3 4660 4700 4673
3 4682 4557 4701
3 4701 4557 4627
3 4524 4591 4717
3 4606 4662 4720
3 4609 4703 4684
3 4628 4629 4676
3 4704 4664 4630
3 4494 4610 4755
3 4481 4645 4781
3 4678 4587 4759
3 4648 4647 4597
3 4649 4648 4598
3 4708 4615 4691
3 4710 4599 4631
3 4618 4761 4693
3 4633 4634 4761
3 4694 4761 4634
3 4765 4622 4636
3 4636 4681 4765
3 4600 4681 4637
3 4541 4697 4654
3 4696 4655 4638
3 4638 4639 4696
3 4770 4699 4671
3 4506 4658 4732
3 4574 4626 4775
3 4660 4866 4659
3 4583 4716 4867
3 4627 4523 4792
3 4719 4642 4895
3 4661 4837 4642
3 4661 4606 4720
3 4897 4720 4662
3 4752 4585 4608
3 4684 4752 4608
3 4608 4609 4684
3 4722 4703 4644
3 4663 4722 4644
3 4628 4676 4663
3 4755 4665 4494
3 4610 4481 4686
3 4914 4686 4481
3 4612 4689 4688
3 4594 4678 4689
3 4646 4647 4760
3 4725 4690 4614
3 4709 4691 4615
3 4693 4745 4618
3 4634 4650 4694
3 4666 4694 4650
3 4667 4652 4653
3 4653 4601 4667
3 4764 4727 4621
3 4621 4539 4764
3 4632 4785 4669
3 4603 4655 4698
3 4696 4698 4655
3 4657 4670 4656
3 4730 4695 4590
3 4671 4604 4731
3 4749 4604 4547
3 4808 4641 4625
3 4506 4732 4771
3 4734 4710 4574
3 4867 4700 4583
3 4837 4895 4642
3 4607 4721 4643
3 4585 4737 4607
3 4664 4676 4629
3 4664 4704 4685
3 4677 4592 4705
3 4665 4705 4592
3 4686 4755 4610
3 4645 4706 4687
3 4688 4706 4612
3 4740 4689 4678
3 4647 4648 4741
3 4649 4690 4742
3 4725 4679 4826
3 4726 4709 4616
3 4616 4599 4726
3 4599 4710 4726
3 4618 4745 4744
3 4692 4667 4601
3 4601 4635 4692
3 4711 4692 4635
3 4569 4784 4668
3 4539 4622 4764
3 4785 4600 4669
3 4714 4697 4603
3 4698 4714 4603
3 4639 4670 4696
3 4590 4640 4730
3 4731 4770 4671
3 4641 4749 4565
3 4625 4672 4808
3 4574 4775 4734
3 4866 4819 4659
3 4660 4673 4866
3 4894 4930 4683
3 4591 4736 4750
3 4721 4607 4737
3 4722 4663 4738
3 4645 4687 4781
3 4756 4687 4706
3 4688 4689 4723
3 4724 4740 4678
3 4678 4759 4724
3 4760 4759 4646
3 4760 4647 4741
3 4679 4707 4827
3 4708 4691 4743
3 4651 4652 4666
3 4680 4711 4635
3 4680 4668 4783
3 4872 4783 4668
3 4872 4668 4784
3 4626 4659 4819
3 4866 4673 4928
3 4867 4673 4700
3 4716 4682 4791
3 4701 4791 4682
3 4930 4675 4683
3 4717 4894 4683
3 4718 4717 4591
3 4720 4837 4661
3 4702 4897 4662
3 4721 4702 4643
3 4778 4738 4663
3 4663 4676 4778
3 4481 4781 4914
3 4706 4688 4810
3 4758 4723 4689
3 4689 4740 4758
3 4800 4742 4690
3 4725 4800 4690
3 4725 4826 4801
3 4826 4679 4802
3 4679 4827 4802
3 4743 4707 4708
3 4854 4743 4691
3 4666 4652 4747
3 4652 4667 4747
3 4667 4692 9737
3 4763 9737 4692
3 4622 4765 4888
3 4632 4617 4785
3 4617 4744 4712
3 4761 4694 4762
3 4746 4762 4694
3 4729 4728 9638
3 4767 9641 4695
3 4730 4767 4695
3 4769 4730 4640
3 4816 4604 4749
3 4713 4732 4654
3 4654 4697 4713
3 4714 4713 4697
3 4698 4696 4733
3 4733 4714 4698
3 4729 9641 4766
3 4734 4790 4710
3 4819 4775 4626
3 4701 4627 4821
3 4794 4894 4717
3 4737 4585 4752
3 4684 4703 4753
3 4722 4753 4703
3 4738 4838 4722
3 4778 4676 4796
3 4676 4664 4796
3 4704 4677 4705
3 4705 4665 4779
3 4754 4779 4665
3 4810 4756 4706
3 4741 4648 4798
3 4649 4798 4648
3 4691 4709 4782
3 4782 4709 4726
3 4744 4745 4805
3 4666 4747 4746
3 9737 4747 4667
3 4711 4680 4804
3 4783 4804 4680
3 4727 4784 4569
3 4785 4617 4712
3 4748 4772 9639
3 4789 4788 4713
3 4673 4867 4820
3 4627 4792 4821
3 4736 4719 4836
3 4737 4751 4721
3 4838 4753 4722
3 4781 4687 4739
3 4687 4756 4739
3 4757 4810 4688
3 4688 4723 4757
3 4760 4741 4947
3 4649 4742 4799
3 4801 4800 4725
3 4782 4803 4691
3 4828 4782 4726
3 4726 4710 4828
3 4711 4763 4692
3 4888 4764 4622
3 4785 4681 4600
3 4693 4761 4861
3 9641 4767 4766
3 4767 4730 4768
3 4769 4768 4730
3 4640 4699 4769
3 4816 4731 4604
3 4749 4641 4774
3 4818 4789 4714
3 4714 4733 4818
3 4718 4794 4717
3 4750 4718 4591
3 4750 4736 4836
3 4837 4720 4896
3 4737 4752 4822
3 4752 4684 4795
3 4753 4795 4684
3 4839 4838 4738
3 4778 4839 4738
3 4685 4704 4849
3 4705 4849 4704
3 4665 4755 4780
3 4824 4780 4755
3 4686 4914 4797
3 4739 4756 4810
3 4853 4758 4740
3 4947 4741 4900
3 4798 4900 4741
3 4800 4799 4742
3 4826 4802 4934
3 4803 4854 4691
3 4805 4712 4744
3 4812 4805 4745
3 4745 4693 4812
3 4861 4812 4693
3 9735 4762 4746
3 4746 4747 9735
3 9737 9735 4747
3 4764 4830 4727
3 4765 4681 4860
3 4773 4748 4728
3 4769 4699 4770
3 4770 4731 4834
3 4808 4774 4641
3 4817 4672 4771
3 4777 4896 4720
3 4720 4897 4777
3 4721 4910 4702
3 4752 4795 4822
3 4664 4685 4946
3 4849 4705 4779
3 4780 4754 4665
3 4797 4824 4755
3 4755 4686 4797
3 4723 4758 4853
3 4740 4724 4853
3 4724 4759 4842
3 4799 4798 4649
3 4762 4861 4761
3 9737 4763 4786
3 4888 4765 4859
3 4860 4859 4765
3 4772 4748 4773
3 4787 4728 4729
3 4807 4766 4767
3 4767 4768 4807
3 4876 4818 4733
3 4733 4715 4876
3 4772 4773 4813
3 4729 4766 4832
3 4814 4832 4766
3 4766 4807 4815
3 4774 4816 4749
3 4924 4808 4672
3 4771 4788 4817
3 4716 4791 4867
3 4792 4674 4793
3 4735 4674 4776
3 4910 4897 4702
3 4822 4751 4737
3 4838 4795 4753
3 4796 4823 4778
3 4779 4754 4809
3 4882 4914 4781
3 4781 4851 4882
3 4851 4781 4739
3 4724 4842 4853
3 4800 4801 4883
3 4827 4870 4802
3 4902 4827 4707
3 4811 4803 4782
3 4828 4811 4782
3 4790 4828 4710
3 4681 4785 4860
3 9734 4786 4845
3 4763 4845 4786
3 4773 4728 4847
3 4728 4787 4847
3 4832 4787 4729
3 4815 4814 4766
3 4768 4769 4833
3 4770 4833 4769
3 4808 4885 4774
3 4818 4788 4789
3 4793 4821 4792
3 4895 4837 4868
3 4823 4839 4778
3 4946 4796 4664
3 4754 4780 4850
3 4881 4850 4780
3 4824 4881 4780
3 4810 4852 4739
3 4723 4853 4757
3 4947 4825 4760
3 4799 4843 4798
3 4826 4948 4801
3 4869 4934 4802
3 4903 4743 4854
3 4844 4854 4803
3 4803 4811 4844
3 4857 4845 4763
3 4763 4711 4857
3 4711 4804 4858
3 4860 4785 4831
3 4815 4807 4864
3 4807 4768 4892
3 4768 4833 4892
3 4834 4731 4835
3 4731 4816 4835
3 4885 4835 4816
3 4816 4774 4885
3 4924 4885 4808
3 4918 4924 4672
3 4672 4817 4918
3 4879 4775 4819
3 4944 4794 4718
3 4750 4944 4718
3 4809 4754 4840
3 4850 4840 4754
3 4852 4851 4739
3 4810 4757 4841
3 4959 4841 4757
3 4757 4853 4959
3 4759 4760 4842
3 4760 4825 4842
3 4900 4798 4915
3 4799 4800 4883
3 4948 4883 4801
3 4855 4844 4811
3 4828 4855 4811
3 4829 4871 4856
3 9536 4871 9734
3 9734 4845 9536
3 4785 9622 4831
3 4805 4812 4874
3 4861 4762 9740
3 4806 4813 4846
3 4813 4773 4877
3 4787 4832 4878
3 4814 4815 4891
3 4892 4864 4807
3 4833 4770 4834
3 4818 4876 4865
3 4926 4734 4775
3 4866 4927 4819
3 4701 4821 5002
3 4931 4751 4822
3 4932 4957 4838
3 4838 4839 4932
3 4823 4796 4911
3 4824 4797 4913
3 4915 4798 4843
3 4883 4973 4799
3 4826 4934 4948
3 4934 4869 5084
3 4902 4870 4827
3 4707 4743 4902
3 4856 4905 4829
3 4857 4711 4858
3 4784 4727 4830
3 4764 4888 4992
3 4860 4831 4993
3 9622 4889 4831
3 4876 4806 4863
3 4806 4846 4863
3 4813 4877 4846
3 4847 4787 4980
3 4848 4878 4832
3 4884 4848 4832
3 4832 4814 4884
3 4815 4864 4891
3 4833 4834 4941
3 4788 4818 4865
3 4865 4876 4938
3 4926 4790 4734
3 4926 4775 4879
3 4879 4819 4927
3 4928 4673 4820
3 4968 4867 4791
3 4836 4719 5032
3 5032 4719 4895
3 4896 4868 4837
3 4721 4751 4880
3 4795 4838 4957
3 4823 4898 4839
3 4849 4779 4809
3 4914 4913 4797
3 5130 4852 4810
3 4810 4841 5130
3 4973 4843 4799
3 4869 4802 4870
3 4917 4855 4828
3 4871 9536 4906
3 4783 4949 4858
3 4872 4784 4873
3 4992 4830 4764
3 4980 4787 4878
3 4891 4884 4814
3 4893 4892 4833
3 4927 4866 5046
3 4701 5002 4791
3 4894 5064 4930
3 4894 4794 4909
3 4880 4910 4721
3 4911 4796 4945
3 4899 4685 4849
3 4809 4899 4849
3 4881 4912 4850
3 4851 4852 4933
3 5018 5130 4841
3 4960 4959 4853
3 4870 4916 4869
3 4902 4743 4903
3 4854 4844 4974
3 4855 4904 4844
3 4790 4917 4828
3 4919 4905 4856
3 4856 4871 4919
3 9536 4886 4906
3 4858 4949 4857
3 4812 4861 4874
3 4861 4875 4874
3 4921 4876 4863
3 4847 4877 4773
3 4891 4864 4922
3 4941 4893 4833
3 4943 4954 4817
3 4817 4788 4943
3 4788 4865 4943
3 4968 4820 4867
3 4735 4929 4674
3 4931 4880 4751
3 4932 4839 4898
3 4796 4946 4945
3 5050 4945 4946
3 4899 4946 4685
3 4840 4899 4809
3 4840 4850 4912
3 4914 4882 4971
3 4882 4851 4958
3 4904 4974 4844
3 4917 4790 4925
3 4871 4962 4919
3 4871 4906 4962
3 4872 4949 4783
3 4874 4875 4920
3 4978 4920 4875
3 4875 4862 4978
3 4887 4886 4845
3 4951 4921 4863
3 9550 4980 4878
3 5046 4866 5047
3 4928 5047 4866
3 4930 4908 4675
3 4750 4836 4956
3 5158 4777 4897
3 5158 4897 4910
3 4898 4823 4969
3 4824 4913 4881
3 4841 4959 5018
3 4842 4825 4972
3 4973 5036 4843
3 4948 4934 4901
3 4942 4941 4834
3 4834 4835 4942
3 4924 4999 4885
3 4918 4817 4954
3 9731 4935 4905
3 4905 4919 5021
3 4936 4906 4886
3 4886 4887 4936
3 4975 4887 4857
3 4949 4872 4873
3 4937 4978 4862
3 4921 4938 4876
3 5072 4951 4863
3 4863 4846 5072
3 4878 4890 9550
3 4884 4891 4981
3 4923 4922 4864
3 4864 4892 4923
3 4941 4966 4893
3 4999 4942 4835
3 4835 4885 4999
3 4793 4674 4929
3 4908 4929 4735
3 4735 4675 4908
3 4909 5064 4894
3 4946 4899 4988
3 4933 4958 4851
3 4852 5130 5017
3 4842 4960 4853
3 4947 4972 4825
3 4947 4900 5186
3 4915 5186 4900
3 4916 5084 4869
3 4974 4903 4854
3 4904 4855 5006
3 4855 4917 5006
3 5021 9731 4905
3 4976 4873 4784
3 4830 4976 4784
3 4888 4859 4964
3 4859 4860 4964
3 4889 4993 4831
3 4907 4874 4965
3 4920 4965 4874
3 4950 4978 4937
3 5024 9732 4937
3 4790 4926 4925
3 5001 4968 4791
3 4791 5002 5001
3 4821 4793 5180
3 4836 5032 4956
3 4868 5032 4895
3 5098 4957 4932
3 4823 4970 4969
3 4899 4840 4989
3 4912 4989 4840
3 5035 4881 4913
3 4913 4914 4971
3 5053 4842 4972
3 5036 4915 4843
3 4917 4925 5007
3 4981 4891 4922
3 4892 4893 4966
3 4967 4924 4918
3 4954 4967 4918
3 4877 4847 5059
3 4952 4848 4940
3 4919 4962 4963
3 5008 4962 4906
3 4906 4936 5008
3 4936 4887 4991
3 4860 4993 4964
3 4965 4994 4907
3 4951 4939 4921
3 4980 5059 4847
3 4952 4890 4848
3 4940 4884 4981
3 4981 4922 4982
3 4953 4982 4922
3 4922 4923 4953
3 4997 4953 4923
3 4923 4892 4997
3 4966 4997 4892
3 4966 4941 4984
3 4999 4924 4967
3 4954 4943 4955
3 4943 4865 4985
3 4938 4985 4865
3 4927 5046 5138
3 5127 4928 4820
3 4968 5127 4820
3 4908 4930 5064
3 4822 5004 4931
3 4898 5098 4932
3 4911 4970 4823
3 4989 4988 4899
3 4971 5035 4913
3 4958 4971 4882
3 4933 4852 5017
3 4990 5005 4959
3 4959 4960 4990
3 4948 4973 4883
3 5084 4901 4934
3 5084 4916 5020
3 5006 5037 4904
3 9731 5024 4935
3 4961 5021 4919
3 5008 4936 4991
3 4887 4975 4991
3 4992 4976 4830
3 4994 4889 4907
3 9732 4950 4937
3 4939 4985 4938
3 5026 5072 4846
3 4846 4877 5026
3 5029 4952 4940
3 4942 4984 4941
3 4985 4955 4943
3 4909 4794 5360
3 4910 4880 5049
3 4880 4931 5004
3 4822 4795 5033
3 4911 4945 4987
3 4972 4947 5186
3 4974 4904 5100
3 5037 5100 4904
3 4963 4961 4919
3 5056 4963 4962
3 4991 4975 5057
3 4964 4992 4888
3 4977 4965 4920
3 4995 4977 4920
3 4978 4995 4920
3 5027 5059 4980
3 9550 5028 4980
3 5030 5029 4940
3 4981 5030 4940
3 4982 4953 4983
3 4953 4997 4983
3 4998 4966 4984
3 5031 4984 4942
3 5014 5031 4942
3 4999 5014 4942
3 4967 4954 5015
3 4793 5063 5180
3 4794 4944 5113
3 4868 4896 5003
3 4896 4777 5003
3 5033 4795 4957
3 4969 5098 4898
3 4970 4911 4987
3 4988 5050 4946
3 4989 4912 5034
3 4881 5016 4912
3 4990 4960 5053
3 4960 4842 5053
3 5083 4973 4948
3 4948 4901 5083
3 5037 5006 5178
3 5038 4975 4949
3 4992 4964 5010
3 4994 4965 4977
3 4995 4978 5023
3 4979 4950 9732
3 4877 5059 5026
3 5061 4997 4966
3 4998 5061 4966
3 5045 5014 4999
3 5077 4999 4967
3 5015 5077 4967
3 4955 5015 4954
3 4985 5062 4955
3 5000 4926 4879
3 5000 4879 4986
3 4879 4927 4986
3 5046 5047 5206
3 4928 5127 5078
3 5002 4821 5180
3 5113 5360 4794
3 5048 5113 4944
3 4944 4750 5048
3 5049 5158 4910
3 5004 5049 4880
3 4912 5016 5034
3 5035 5016 4881
3 4958 5051 4971
3 5018 4959 5082
3 4959 5005 5082
3 5083 5036 4973
3 5020 4916 5140
3 4870 4902 5117
3 5100 5037 5101
3 4917 5007 5006
3 5008 5056 4962
3 5038 5057 4975
3 5022 5038 4949
3 4949 4873 5022
3 4873 4976 5022
3 5010 5069 4992
3 4964 4993 5010
3 4993 4889 5039
3 4994 5039 4889
3 4950 5023 4978
3 4985 4939 5025
3 5027 4980 5028
3 5028 9550 5011
3 9550 4890 5011
3 5029 5091 4952
3 4981 4982 5012
3 4996 5012 4982
3 4982 4983 4996
3 4983 4997 5013
3 5078 5047 4928
3 5254 5063 4793
3 4929 5254 4793
3 4750 4956 5048
3 5158 5003 4777
3 4988 4989 5067
3 5067 4989 5079
3 5035 4971 5051
3 4933 5052 4958
3 5007 4925 5112
3 5086 5008 4991
3 5009 5022 4976
3 4976 4992 5069
3 5088 5010 4993
3 4977 5039 4994
3 4977 4995 5070
3 5023 5041 4995
3 4939 4951 5106
3 5011 4952 5135
3 5091 5135 4952
3 5012 5030 4981
3 5013 4997 5061
3 5094 5061 4998
3 5031 4998 4984
3 5077 5045 4999
3 4986 4927 5300
3 4968 5001 5097
3 5001 5002 5128
3 5180 5128 5002
3 4929 4908 5269
3 4956 5032 5207
3 5032 4868 5182
3 5098 4969 5065
3 5066 4987 4945
3 4945 5050 5066
3 5051 4958 5052
3 4901 5084 5278
3 4916 4870 5117
3 4902 4903 5054
3 5006 5007 5178
3 5007 5112 5178
3 5071 5024 5055
3 5056 5008 5085
3 5086 5085 5008
3 9542 5086 4991
3 5057 9542 4991
3 4976 5069 5009
3 5069 5010 5104
3 5039 5088 4993
3 5023 4950 5058
3 4950 4979 5058
3 5073 5028 5011
3 5029 5030 5042
3 5030 5012 5043
3 4996 5043 5012
3 4996 4983 5076
3 5013 5076 4983
3 4998 5031 5044
3 4822 5033 5273
3 5079 4989 5034
3 5016 5035 5213
3 4933 5017 5081
3 5018 5082 5289
3 5185 5005 4990
3 5140 5019 5020
3 5140 4916 5117
3 5117 4902 5099
3 5070 4995 5040
3 5041 5040 4995
3 5090 5041 5023
3 5023 5058 5090
3 5025 4939 5170
3 5106 5170 4939
3 5107 4951 5072
3 5027 5028 5073
3 5134 5073 5011
3 5091 5029 5151
3 5042 5151 5029
3 9596 5042 5030
3 5043 9596 5030
3 5060 5043 4996
3 5014 5044 5031
3 5014 5045 5095
3 5112 4925 4926
3 5000 4986 5156
3 4927 5138 5300
3 5097 5127 4968
3 5113 5048 5129
3 5182 5207 5032
3 4868 5003 5182
3 5004 4822 5273
3 5098 5033 4957
3 5160 4970 4987
3 5050 4988 5114
3 5035 5051 5115
3 5183 5051 5052
3 5052 4933 5116
3 5289 5130 5018
3 5036 5226 4915
3 5141 4903 4974
3 4974 5100 5141
3 5178 5101 5037
3 5071 5055 5131
3 9611 5055 9731
3 5056 5192 4963
3 9542 5057 5087
3 5057 5038 5087
3 5022 5068 5038
3 5022 5009 5118
3 5119 5118 5009
3 5069 5119 5009
3 5088 5104 5010
3 5039 4977 5070
3 5026 5059 5173
3 5060 5093 5043
3 5075 5060 4996
3 4996 5076 5075
3 5013 5061 5076
3 5077 5095 5045
3 5111 5015 4955
3 4955 5062 5111
3 5156 5112 4926
3 4926 5000 5156
3 5138 5046 5126
3 5206 5126 5046
3 5078 5206 5047
3 5064 4909 5377
3 5273 5272 5004
3 4987 5066 5160
3 5067 5114 4988
3 5067 5079 5161
3 5080 5079 5034
3 5016 5080 5034
3 5213 5035 5115
3 5257 5017 5130
3 5278 5083 4901
3 4902 5054 5099
3 5054 4903 5141
3 9583 5071 5190
3 5021 5214 9612
3 5021 4961 5214
3 5118 5103 5022
3 5089 5088 5039
3 5039 5070 5089
3 5102 5090 5058
3 9733 5102 5058
3 5058 4979 9733
3 5107 5171 4951
3 5135 5134 5011
3 5151 5042 5074
3 5042 9596 5074
3 5092 5074 9596
3 5109 5075 5076
3 5094 5076 5061
3 5044 5094 4998
3 5095 5077 5155
3 5062 9584 5096
3 5360 5377 4909
3 4956 5129 5048
3 5182 5003 5157
3 5003 5158 5224
3 5049 5004 5271
3 5065 4969 5210
3 4969 4970 5345
3 5160 5345 4970
3 5080 5016 5213
3 4933 5081 5116
3 5020 5187 5084
3 5162 5099 5054
3 5054 5141 5162
3 5038 5068 5087
3 5104 5119 5069
3 5040 5041 5120
3 5041 5090 5120
3 5190 5071 5131
3 4963 5192 5191
3 5085 5193 5056
3 5171 5106 4951
3 5173 5072 5026
3 5027 5073 5149
3 5134 5149 5073
3 5091 5151 5150
3 9596 5122 5092
3 5108 5093 5060
3 5060 5075 5108
3 5094 5109 5076
3 5094 5044 5110
3 5044 5014 5110
3 5110 5014 5095
3 5096 5111 5062
3 5179 5156 4986
3 5127 5320 5078
3 5345 5210 4969
3 5114 5066 5050
3 5161 5114 5067
3 5115 5051 5183
3 5116 5183 5052
3 5240 5289 5082
3 5185 5240 5082
3 5082 5005 5185
3 5241 5185 4990
3 5053 5241 4990
3 5186 4915 5327
3 5036 5083 5278
3 5187 5278 5084
3 5019 5187 5020
3 5242 5141 5100
3 5102 5105 5090
3 5192 5056 5193
3 5085 5086 5215
3 5103 5068 5022
3 5132 5104 5088
3 5088 5089 5132
3 5089 5070 5166
3 5040 5166 5070
3 5120 5090 5105
3 5173 5059 5197
3 5027 5197 5059
3 5135 5091 5249
3 5091 5150 5249
3 5151 5074 5232
3 5092 5232 5074
3 5092 5122 5175
3 5123 9595 5152
3 5124 5152 9595
3 5108 5124 5093
3 5110 5095 5155
3 5077 5015 5136
3 5015 5111 5125
3 5178 5112 5222
3 5001 5128 5301
3 5238 4908 5064
3 5033 5208 5273
3 5033 5098 5209
3 5211 5160 5066
3 5215 5164 5085
3 5087 5068 5144
3 5118 5217 5103
3 5145 5118 5119
3 5119 5104 5145
3 5146 5145 5104
3 5166 5132 5089
3 5230 5166 5040
3 5120 5230 5040
3 5121 5167 5120
3 5120 5105 5121
3 9587 5121 5105
3 5102 9587 5105
3 5172 5171 5107
3 5197 5027 5149
3 5174 5232 5092
3 5124 5108 5153
3 5201 5108 5075
3 5154 5075 5109
3 5109 5094 5154
3 5110 5154 5094
3 5136 5155 5077
3 5015 5125 5136
3 5137 5125 5111
3 5111 5096 5137
3 5179 4986 5205
3 5300 5205 4986
3 5064 5377 5238
3 5360 5113 5139
3 5129 5139 5113
3 5129 4956 5207
3 5114 5363 5066
3 5325 5116 5081
3 5276 5257 5130
3 5327 4915 5226
3 5099 5162 5188
3 5214 4961 5366
3 4961 4963 5366
3 5215 9542 5143
3 5144 5143 9542
3 5132 5146 5104
3 5167 5230 5120
3 9587 5102 5147
3 5163 5147 5102
3 5102 9733 5163
3 5297 5072 5173
3 5151 5267 5150
3 5175 5174 5092
3 5175 5122 5199
3 5122 5123 5199
3 5108 5201 5153
3 5075 5154 5201
3 5136 5177 5155
3 5096 9584 5204
3 5112 5156 5222
3 5223 5358 5156
3 5156 5179 5223
3 5097 5001 5301
3 5269 5254 4929
3 5158 5049 5159
3 5271 5159 5049
3 5033 5209 5208
3 5210 5209 5065
3 5184 5183 5116
3 5130 5289 5276
3 5036 5278 5226
3 5242 5100 5101
3 5142 5190 5189
3 5190 5131 9609
3 5131 9611 9609
3 5191 5366 4963
3 5164 5193 5085
3 5194 5144 5068
3 5217 5118 5145
3 5148 5163 9733
3 5171 5170 5106
3 5072 5172 5107
3 5267 5198 5150
3 5199 5123 5250
3 5152 5250 5123
3 5124 5153 5200
3 5154 5110 5176
3 5202 5176 5110
3 5110 5155 5202
3 5177 5136 5221
3 5204 5137 5096
3 5384 5178 5318
3 5157 5003 5321
3 5224 5321 5003
3 5209 5098 5065
3 5160 5211 5255
3 5363 5211 5066
3 5080 5212 5079
3 5080 5213 5287
3 5183 5288 5115
3 5325 5184 5116
3 5053 4972 5277
3 5141 5242 5292
3 5384 5101 5178
3 5068 5103 5194
3 5217 5194 5103
3 5146 5132 5165
3 5166 5165 5132
3 5230 5165 5166
3 5167 5133 5168
3 5133 9588 5168
3 5196 5168 9588
3 5169 5196 9588
3 5169 5147 5219
3 5147 5163 5219
3 5297 5172 5072
3 5198 5249 5150
3 5355 5251 5152
3 5355 5152 5234
3 5152 5124 5234
3 5153 5201 5200
3 5176 5236 5154
3 5155 5177 5202
3 5221 5203 5177
3 5318 5178 5222
3 5358 5222 5156
3 5206 5078 5340
3 5320 5340 5078
3 5320 5127 5561
3 5097 5561 5127
3 5063 5254 5342
3 5114 5161 5256
3 5161 5079 5397
3 5288 5213 5115
3 5187 5019 5279
3 5328 5290 5140
3 5140 5117 5328
3 5099 5328 5117
3 5227 5188 5162
3 5292 5227 5162
3 5162 5141 5292
3 5143 5144 5216
3 5194 5216 5144
3 5246 5245 5145
3 5145 5146 5246
3 5165 5246 5146
3 5230 5167 5218
3 5167 5168 5218
3 5195 5231 5168
3 5168 5196 5195
3 5196 5169 5262
3 5170 5171 9586
3 5297 5173 5264
3 5197 5264 5173
3 5134 5135 5266
3 5135 5249 5266
3 5267 5151 5220
3 5232 5220 5151
3 5251 5250 5152
3 5234 5124 5235
3 5124 5200 5235
3 5236 5201 5154
3 5268 5202 5177
3 5177 5203 5268
3 5299 5221 5136
3 5136 5125 5299
3 5125 5137 5299
3 5179 5205 5427
3 5206 5237 5126
3 5128 5180 5341
3 5063 5342 5180
3 5129 5207 5343
3 5157 5207 5182
3 5004 5272 5271
3 5287 5212 5080
3 5275 5288 5183
3 5183 5184 5275
3 5017 5257 5081
3 4972 5186 5326
3 5327 5326 5186
3 5430 5279 5019
3 5189 5190 5228
3 9609 5228 5190
3 5215 5143 5243
3 5216 5243 5143
3 5245 5217 5145
3 5230 5218 5259
3 5231 5218 5168
3 5262 5195 5196
3 5220 5407 5267
3 5174 5175 5233
3 5175 5199 5233
3 5236 5235 5200
3 5200 5201 5236
3 5376 5137 5204
3 5237 5138 5126
3 5207 5181 5343
3 5159 5224 5158
3 5210 5345 5564
3 5345 5160 5239
3 5255 5239 5160
3 5211 5363 5324
3 5079 5212 5302
3 5240 5185 5225
3 5241 5225 5185
3 5241 5053 5277
3 5278 5187 5484
3 5279 5484 5187
3 5140 5430 5019
3 5214 5366 5293
3 5164 5215 5243
3 5194 5217 5229
3 5217 5245 5229
3 5259 5218 5295
3 5231 5195 5247
3 5260 5247 5195
3 5248 5262 5169
3 5169 5219 5248
3 5219 5163 5248
3 5265 5134 5266
3 5311 5354 5174
3 5233 5311 5174
3 5234 5313 5355
3 5202 5268 5253
3 5268 5203 5286
3 5203 5221 5299
3 5343 5139 5129
3 5270 5207 5157
3 5321 5224 5412
3 5273 5208 5323
3 5209 5210 5362
3 5324 5255 5211
3 5256 5363 5114
3 5256 5161 5274
3 5397 5274 5161
3 5288 5287 5213
3 5240 5225 5305
3 5277 4972 5326
3 5381 5328 5099
3 5292 5242 5451
3 5163 5148 5263
3 5148 5282 5263
3 5258 5189 5331
3 5331 5189 5228
3 5192 5193 5347
3 5164 5347 5193
3 5244 5216 5194
3 5307 5244 5194
3 5334 5245 5246
3 5259 5165 5230
3 5218 5231 5309
3 5335 5309 5231
3 5231 5247 5335
3 5261 5260 5195
3 5195 5262 5261
3 5263 5248 5163
3 5171 5172 5296
3 5172 5297 5296
3 5264 5197 5390
3 5232 5174 5220
3 5199 5408 5233
3 5199 5250 5283
3 5235 5236 5285
3 5252 5285 5236
3 5236 5176 5252
3 5523 5300 5138
3 5138 5237 5523
3 5340 5237 5206
3 5181 5207 5270
3 5224 5159 5322
3 5271 5322 5159
3 5397 5079 5302
3 5240 5305 5289
3 5327 5226 5401
3 5099 5188 5291
3 5188 5227 5291
3 5383 5451 5242
3 5242 5101 5383
3 5384 5383 5101
3 5216 5280 5243
3 5194 5229 5307
3 5165 5334 5246
3 5260 5261 5336
3 5296 9586 5171
3 5197 5149 5353
3 5149 5265 5353
3 5249 5310 5266
3 5198 5310 5249
3 5354 5220 5174
3 5283 5408 5199
3 5251 5283 5250
3 5251 5355 5284
3 5234 5235 5314
3 5285 5314 5235
3 5176 5202 5252
3 5253 5252 5202
3 5339 5137 5376
3 5384 5318 5443
3 5358 5223 5319
3 5344 5270 5157
3 5321 5344 5157
3 5363 5256 5428
3 5398 5302 5212
3 5081 5257 5325
3 5291 5381 5099
3 5227 5292 5329
3 5228 9609 5385
3 9609 5332 5385
3 5243 5347 5164
3 5281 5280 5216
3 5281 5216 5244
3 5308 5334 5165
3 5165 5259 5308
3 5294 5308 5259
3 5295 5294 5259
3 5295 5218 5455
3 5309 5455 5218
3 5260 5335 5247
3 5262 5248 5261
3 5353 5390 5197
3 5266 5353 5265
3 5372 5198 5267
3 5356 5313 5234
3 5314 5356 5234
3 5298 5253 5268
3 5298 5268 5315
3 5268 5286 5315
3 5315 5286 5357
3 5301 5128 5341
3 5322 5271 5396
3 5361 5271 5272
3 5272 5273 5323
3 5362 5378 5209
3 5564 5362 5210
3 5564 5345 5565
3 5448 5398 5212
3 5287 5448 5212
3 5275 5184 5303
3 5184 5325 5304
3 5276 5289 5380
3 5277 5225 5241
3 5484 5401 5278
3 5290 5430 5140
3 5291 5227 5414
3 5329 5414 5227
3 5331 5228 5306
3 5192 5333 5191
3 5280 5348 5243
3 5244 5307 5350
3 5245 5334 5229
3 5294 5295 5352
3 5365 5263 5282
3 5267 5407 5372
3 5312 5311 5233
3 5408 5312 5233
3 5393 5314 5285
3 5285 5252 5393
3 5298 5252 5253
3 5286 5203 5357
3 5203 5299 5316
3 5222 5358 5318
3 5300 5359 5205
3 5444 5342 5254
3 5410 5360 5139
3 5322 5412 5224
3 5361 5272 5323
3 5208 5209 5378
3 5239 5255 5587
3 5324 5363 5447
3 5274 5428 5256
3 5288 5275 5303
3 5401 5549 5327
3 5226 5278 5401
3 5329 5292 5382
3 5292 5451 5382
3 5333 5366 5191
3 5347 5243 5348
3 5349 5281 5244
3 5350 5349 5244
3 5455 5309 5404
3 5335 5369 5309
3 5335 5260 9651
3 5336 9651 5260
3 5248 5263 5261
3 9573 5365 5282
3 5317 9586 5371
3 9586 5296 5371
3 5353 5266 5337
3 5419 5266 5310
3 5407 5220 5373
3 5356 5314 5338
3 5315 5357 5394
3 5375 5357 5203
3 5316 5375 5203
3 5339 5316 5299
3 5299 5137 5339
3 5179 5427 5223
3 5427 5205 5359
3 5523 5503 5300
3 5301 5561 5097
3 5341 5180 5462
3 5254 5269 5444
3 5238 5377 5691
3 5271 5361 5396
3 5323 5208 5378
3 5302 5398 5482
3 5448 5287 5413
3 5399 5287 5288
3 5449 5303 5184
3 5304 5449 5184
3 5257 5346 5325
3 5257 5276 5346
3 5331 5431 5330
3 5333 5192 5347
3 5348 5280 5387
3 5280 5281 5387
3 5350 5307 5367
3 5351 5367 5307
3 5307 5229 5351
3 5229 5334 5368
3 5364 5261 5263
3 5263 5365 5364
3 5297 5264 5417
3 5406 5419 5310
3 5310 5198 5406
3 5311 5312 5391
3 5283 5251 5458
3 5394 5442 5315
3 5357 5375 5395
3 5318 5358 5602
3 5343 5181 5445
3 5396 5479 5322
3 5481 5324 5447
3 5379 5399 5288
3 5288 5303 5379
3 5304 5325 5400
3 5305 5380 5289
3 5225 5277 5468
3 5326 5327 5469
3 5549 5469 5327
3 5484 5279 5591
3 5382 5451 5511
3 9573 5330 5431
3 5331 5432 5431
3 5306 5432 5331
3 5366 5333 5595
3 5349 5387 5281
3 5349 5350 5415
3 5308 5368 5334
3 5455 5352 5295
3 5389 5369 5335
3 5335 9651 5389
3 9648 5370 5336
3 5336 5261 9648
3 5261 5364 9648
3 5417 5296 5297
3 5418 5353 5337
3 5354 5373 5220
3 5354 5311 5391
3 5408 5283 5458
3 5284 5458 5251
3 5392 5338 5314
3 5298 5315 5442
3 5316 5339 5423
3 5339 5376 5423
3 5462 5180 5342
3 5344 5321 5412
3 5546 5565 5345
3 5345 5239 5546
3 5616 5587 5255
3 5506 5255 5324
3 5481 5506 5324
3 5399 5413 5287
3 5346 5400 5325
3 5380 5346 5276
3 5277 5326 5469
3 5450 5381 5291
3 5414 5450 5291
3 5382 5510 5329
3 9652 5365 9573
3 9573 5431 9652
3 5306 5228 5433
3 5385 5433 5228
3 5293 5366 5533
3 5347 5486 5333
3 5347 5348 5386
3 5387 5386 5348
3 5388 5415 5350
3 5350 5367 5388
3 5351 5229 5368
3 5294 5352 5403
3 5369 5404 5309
3 5418 5390 5353
3 5419 5337 5266
3 5355 5313 5420
3 5477 5313 5356
3 5393 5392 5314
3 5374 5393 5252
3 5252 5298 5374
3 5395 5394 5357
3 5376 5317 5424
3 5358 5319 5460
3 5503 5359 5300
3 4908 5238 5492
3 5181 5270 5464
3 5344 5464 5270
3 5479 5563 5412
3 5412 5322 5479
3 5396 5361 5446
3 5587 5546 5239
3 5447 5363 5494
3 5428 5494 5363
3 5397 5302 5482
3 5468 5277 5469
3 5430 5591 5279
3 5329 5485 5414
3 5383 5384 5550
3 5365 5405 5364
3 5595 5533 5366
3 5387 5349 5452
3 5369 5389 5416
3 5417 5371 5296
3 5457 5456 5417
3 5417 5264 5457
3 5440 5457 5264
3 5264 5390 5440
3 5337 5419 5418
3 5406 5198 5441
3 5372 5407 5520
3 5475 5354 5391
3 5284 5355 5420
3 5313 5477 5421
3 5422 5338 5392
3 5442 5374 5298
3 5316 5423 5375
3 5424 5423 5376
3 5425 5424 5317
3 5317 5371 5425
3 5443 5318 5602
3 5461 5223 5427
3 5320 5561 5409
3 5463 5444 5269
3 5269 4908 5463
3 5505 5410 5139
3 5139 5343 5505
3 5464 5445 5181
3 5479 5396 5526
3 5564 5565 5658
3 5274 5397 5429
3 5449 5379 5303
3 5450 5328 5381
3 5510 5485 5329
3 5567 5451 5383
3 5550 5567 5383
3 5432 5306 5570
3 5470 5433 5385
3 5385 5332 5470
3 5533 5470 5332
3 5386 5434 5347
3 5349 5415 5452
3 5351 5388 5367
3 5436 5402 5403
3 5389 9651 5472
3 9651 5437 5472
3 9650 5405 5365
3 9652 9650 5365
3 5390 5418 5440
3 5391 5312 5489
3 5392 5393 5540
3 5461 5319 5223
3 5504 5523 5237
3 5409 5542 5320
3 5341 5562 5301
3 5238 5691 5492
3 5410 5377 5360
3 5411 5505 5343
3 5343 5445 5411
3 5526 5396 5446
3 5480 5361 5323
3 5465 5482 5398
3 5398 5448 5465
3 5413 5528 5448
3 5413 5399 5528
3 5449 5304 5507
3 5431 5432 5531
3 5486 5595 5333
3 5486 5347 5434
3 5452 5415 5453
3 5351 5368 5435
3 5402 5435 5368
3 5352 5436 5403
3 5472 5416 5389
3 5371 5417 5439
3 5488 5441 5198
3 5198 5372 5488
3 5407 5373 5520
3 5373 5354 5474
3 5312 5408 5489
3 5490 5489 5408
3 5420 5459 5284
3 5313 5421 5420
3 5491 5477 5356
3 5338 5491 5356
3 5393 5374 5540
3 5580 5540 5374
3 5374 5442 5580
3 5518 5394 5395
3 5478 5395 5375
3 5460 5602 5358
3 5544 5691 5377
3 5377 5410 5544
3 5344 5412 5563
3 5361 5480 5446
3 5362 5564 5678
3 5506 5616 5255
3 5274 5429 5428
3 5466 5379 5449
3 5508 5225 5468
3 5530 5430 5290
3 5450 5414 5592
3 5485 5592 5414
3 5432 5570 5551
3 5570 5306 5433
3 5386 5387 5498
3 5452 5498 5387
3 5453 5415 5471
3 5415 5388 5471
3 5404 5369 5516
3 5369 5416 5516
3 5456 5439 5417
3 5418 5419 5519
3 5372 5520 5488
3 5474 5520 5373
3 5475 5391 5476
3 5391 5489 5476
3 5408 5458 5490
3 5458 5284 5521
3 5540 5422 5392
3 5442 5394 5582
3 5394 5518 5582
3 5375 5423 5478
3 5424 5478 5423
3 5460 5319 5541
3 5237 5340 5524
3 5562 5341 5462
3 5342 5613 5462
3 4908 5492 5463
3 5495 5428 5429
3 5379 5529 5399
3 5346 5380 5467
3 5380 5305 5548
3 5508 5305 5225
3 5509 5530 5290
3 5290 5328 5509
3 5382 5511 5497
3 5531 5432 5551
3 5388 5351 5514
3 5402 5535 5435
3 5402 5436 5454
3 5472 5437 5554
3 5502 5554 5437
3 5437 5438 5502
3 5459 5521 5284
3 5425 5426 5424
3 5461 5541 5319
3 5524 5504 5237
3 5340 5320 5542
3 5493 5614 5410
3 5410 5505 5493
3 5378 5362 5545
3 5494 5527 5447
3 5494 5428 5643
3 5482 5429 5397
3 5304 5400 5547
3 5549 5401 5660
3 5484 5660 5401
3 5328 5450 5509
3 5451 5567 5511
3 5470 5533 5532
3 5434 5386 5498
3 5452 5453 5499
3 5388 5514 5534
3 5435 5514 5351
3 5454 5535 5402
3 5352 5455 5515
3 5455 5404 5487
3 5404 5516 5487
3 5416 5472 5574
3 5456 5457 5576
3 5519 5440 5418
3 5520 5474 5473
3 5354 5475 5474
3 5475 5476 5474
3 5490 5458 5517
3 5521 5517 5458
3 5420 5421 5539
3 5422 5491 5338
3 5580 5442 5601
3 5478 5518 5395
3 5344 5525 5464
3 5495 5643 5428
3 5482 5465 5627
3 5528 5399 5604
3 5628 5379 5466
3 5507 5466 5449
3 5467 5659 5346
3 5305 5508 5548
3 5483 5566 5469
3 5469 5549 5483
3 5430 5530 5591
3 5497 5510 5382
3 5764 5550 5384
3 5384 5568 5764
3 5532 5433 5470
3 5486 5434 5513
3 5498 5513 5434
3 5498 5452 5499
3 5471 5388 5534
3 5435 5535 5514
3 5454 5436 5500
3 5436 5352 5501
3 5455 5487 5515
3 5554 5574 5472
3 5555 5502 5438
3 5651 5439 5456
3 5457 5440 5556
3 5419 5406 5519
3 5520 5473 5622
3 5558 5473 5474
3 5538 5459 5420
3 5612 5421 5477
3 5491 5612 5477
3 5582 5518 5690
3 5623 5461 5427
3 5427 5359 5623
3 5342 5444 5613
3 5678 5545 5362
3 5616 5506 5693
3 5727 5506 5481
3 5603 5727 5481
3 5481 5447 5603
3 5527 5603 5447
3 5588 5429 5482
3 5482 5627 5589
3 5448 5528 5590
3 5547 5400 5659
3 5346 5659 5400
3 5548 5467 5380
3 5595 5486 5512
3 5499 5453 5607
3 5501 5500 5436
3 5487 5516 5536
3 5553 5516 5416
3 5416 5574 5553
3 5576 5651 5456
3 5519 5406 5557
3 5489 5490 5517
3 5600 5491 5422
3 5422 5540 5600
3 5442 5582 5601
3 5518 5478 5583
3 5584 5478 5424
3 5584 5424 5426
3 5542 5524 5340
3 5445 5464 5525
3 5378 5626 5323
3 5588 5482 5589
3 5590 5465 5448
3 5590 5528 5747
3 5604 5399 5529
3 5529 5379 5496
3 5749 5628 5466
3 5644 5530 5509
3 5568 5384 5443
3 5570 5433 5647
3 5532 5647 5433
3 5486 5513 5512
3 5552 5498 5499
3 5607 5453 5571
3 5514 5535 5572
3 5454 5500 5609
3 5515 5501 5352
3 5554 5502 5598
3 5555 5598 5502
3 9615 5555 9649
3 5443 5602 5585
3 5586 5541 5461
3 5359 5503 5674
3 5523 5674 5503
3 5562 5561 5301
3 5505 5411 5493
3 5525 5625 5445
3 5563 5525 5344
3 5563 5479 5615
3 5379 5628 5496
3 5507 5304 5547
3 5566 5468 5469
3 5660 5484 5591
3 5530 5630 5591
3 5509 5450 5631
3 5450 5592 5631
3 5632 5592 5485
3 5485 5510 5632
3 5511 5645 5497
3 5585 5568 5443
3 5551 5662 5531
3 5532 5533 5594
3 5596 5512 5513
3 5513 5498 5552
3 5607 5606 5499
3 5534 5514 5572
3 5535 5454 5609
3 5609 5500 5638
3 5573 5597 5515
3 5515 5487 5573
3 5521 5578 5517
3 5521 5459 5522
3 5583 5690 5518
3 5519 5556 5440
3 5441 5557 5406
3 5474 5559 5558
3 5474 5476 5559
3 5476 5489 5560
3 5577 5557 5441
3 5441 5488 5577
3 5522 5578 5521
3 5579 5522 5459
3 5461 5623 5586
3 5562 5462 5543
3 5462 5613 5543
3 5625 5411 5445
3 5529 5496 5748
3 5507 5749 5466
3 5567 5550 5646
3 5531 5662 5593
3 5716 5594 5533
3 5533 5595 5716
3 5552 5596 5513
3 5606 5552 5499
3 5608 5571 5534
3 5609 5572 5535
3 5501 5515 5597
3 5536 5573 5487
3 5553 5536 5516
3 5555 9615 5575
3 5622 5488 5520
3 5599 5578 5522
3 5459 5538 5579
3 5420 5539 5538
3 5654 5600 5540
3 5580 5654 5540
3 5601 5581 5580
3 5478 5584 5583
3 5798 5585 5602
3 5656 5602 5460
3 5460 5541 5656
3 5615 5479 5677
3 5526 5677 5479
3 5626 5480 5323
3 5678 5767 5545
3 5695 5548 5508
3 5508 5468 5695
3 5713 5468 5566
3 5660 5483 5549
3 5510 5661 5632
3 5593 9647 5531
3 5662 5551 5617
3 5570 5617 5551
3 5552 5635 5596
3 5608 5682 5571
3 5683 5501 5597
3 5573 5536 5618
3 5574 5554 5598
3 5610 5598 5555
3 5555 5575 5610
3 5556 5576 5457
3 5519 5557 5621
3 5640 5559 5476
3 5560 5640 5476
3 5560 5537 5758
3 5578 5599 5760
3 5539 5421 5612
3 5690 5583 5641
3 5742 5524 5542
3 5642 5409 5561
3 5561 5562 5642
3 5905 5492 5691
3 5493 5411 5625
3 5677 5526 5856
3 5801 5856 5526
3 5446 5801 5526
3 5658 5678 5564
3 5727 5858 5506
3 5588 5495 5429
3 5590 5627 5465
3 5747 5528 5709
3 5604 5709 5528
3 5483 5713 5566
3 5645 5511 5714
3 5511 5567 5646
3 5686 5569 9647
3 9647 5593 5686
3 5512 5663 5595
3 5606 5636 5552
3 5534 5572 5608
3 5618 5597 5573
3 5553 5618 5536
3 5649 5648 5598
3 5610 5649 5598
3 9615 5611 5575
3 5672 5612 5491
3 5491 5600 5672
3 5798 5673 5585
3 5724 5541 5586
3 5504 5674 5523
3 5742 5504 5524
3 5410 5614 6081
3 5692 5565 5546
3 5546 5587 5692
3 5813 5692 5587
3 5587 5616 5813
3 5527 5494 5815
3 5643 5815 5494
3 5589 5627 5840
3 5749 5507 5629
3 5630 5660 5591
3 5605 5631 5592
3 5592 5632 5605
3 5661 5510 5680
3 5497 5680 5510
3 5714 5511 5646
3 5646 5550 5764
3 5673 5568 5585
3 5663 5716 5595
3 5512 5596 5634
3 5635 5634 5596
3 5572 5609 5608
3 5666 5638 5500
3 5500 5501 5666
3 5683 5666 5501
3 5619 5618 5553
3 5668 5619 5553
3 5553 5574 5668
3 5598 5668 5574
3 5575 5611 5610
3 5687 5651 5576
3 5556 5687 5576
3 5652 5577 5488
3 5537 5578 5653
3 5760 5653 5578
3 5599 5705 5760
3 5579 5599 5522
3 5600 5654 5672
3 5601 5582 5723
3 5582 5690 5723
3 5656 5798 5602
3 5724 5656 5541
3 5799 5623 5359
3 5743 5444 5463
3 5492 5743 5463
3 5525 5563 5780
3 5615 5780 5563
3 5748 5604 5529
3 5661 5817 5632
3 5715 5633 5569
3 5617 5570 5784
3 5647 5784 5570
3 5636 5635 5552
3 5606 5607 5664
3 5607 5571 5664
3 5682 5664 5571
3 5609 5638 5637
3 5668 5598 5648
3 5488 5622 5652
3 5622 5473 5702
3 5473 5558 5702
3 5558 5559 5703
3 5704 5703 5559
3 5559 5640 5704
3 5762 5538 5539
3 5581 5654 5580
3 5655 5583 5584
3 5674 5799 5359
3 5624 5742 5542
3 5613 5444 5779
3 5826 5691 5544
3 5544 5410 5826
3 5615 5677 5707
3 5856 5707 5677
3 5745 5446 5480
3 5480 5626 5745
3 5692 5658 5565
3 5506 5858 5693
3 5495 5728 5643
3 5644 5509 5696
3 5646 5764 5681
3 5686 5715 5569
3 5594 5647 5532
3 5608 5609 5637
3 5620 5651 5650
3 5621 5557 5900
3 5557 5577 5775
3 5704 5640 5793
3 5640 5560 5688
3 5599 5579 5705
3 5539 5612 5762
3 5601 5723 5581
3 5657 5724 5586
3 5586 5623 5657
3 5888 5826 5410
3 5410 6081 5888
3 5525 5922 5625
3 5467 5548 5695
3 5660 5829 5483
3 5632 5782 5605
3 5645 5680 5497
3 5715 5671 5633
3 5606 5664 5698
3 5637 5682 5608
3 5637 5638 5699
3 5666 5699 5638
3 5667 5597 5618
3 5648 5684 5668
3 5649 5610 5669
3 5610 5611 5669
3 9616 5671 5685
3 5577 5652 5775
3 5702 5652 5622
3 5688 5793 5640
3 5759 5758 5537
3 5653 5759 5537
3 5762 5612 5739
3 5581 5689 5654
3 5583 5655 5706
3 5675 5674 5504
3 5504 5742 5675
3 5562 5543 5676
3 5378 5545 5767
3 5767 5678 5876
3 5693 5813 5616
3 5496 5628 5711
3 5712 5659 5467
3 5467 5695 5712
3 5731 5695 5468
3 5713 5731 5468
3 5630 5530 5732
3 5530 5644 5732
3 5696 5509 5631
3 5631 5605 5679
3 5715 5719 5671
3 5662 5803 5593
3 5784 5647 5785
3 5647 5594 5785
3 5716 5785 5594
3 5636 5606 5698
3 5699 5666 5665
3 5683 5597 5667
3 5718 5667 5618
3 5618 5619 5737
3 5648 5649 5684
3 5701 5684 5649
3 5649 5669 5701
3 5669 5611 5670
3 5685 5670 5611
3 5651 5687 5650
3 5621 5687 5556
3 5900 5557 5775
3 5851 5702 5558
3 5558 5703 5851
3 5688 5560 5722
3 5560 5758 5722
3 5761 5760 5705
3 5538 5795 5579
3 5739 5612 5740
3 5612 5672 5740
3 5689 5672 5654
3 5887 5798 5656
3 5724 5657 5765
3 5766 5642 5562
3 5543 5613 5779
3 5743 5779 5444
3 5922 5525 5780
3 5725 5678 5658
3 5588 5728 5495
3 5840 5627 5746
3 5604 5748 5710
3 5711 5748 5496
3 5729 5507 5547
3 5730 5547 5659
3 5712 5695 5768
3 5829 5713 5483
3 5630 5829 5660
3 5696 5732 5644
3 5679 5751 5631
3 5817 5782 5632
3 5831 5844 5645
3 5803 5662 5783
3 5617 5783 5662
3 5663 5512 5752
3 5634 5752 5512
3 5699 5665 5700
3 5717 5665 5666
3 5666 5683 5717
3 5683 5667 5736
3 5619 5668 5737
3 5684 5737 5668
3 5701 5669 5754
3 5670 5754 5669
3 5719 5685 5671
3 5639 5706 5655
3 5657 5623 5741
3 5675 5800 5674
3 5676 5766 5562
3 5743 5492 6007
3 5493 5625 5875
3 5780 5615 5744
3 5767 5626 5378
3 5727 5603 5814
3 5527 5814 5603
3 5694 5709 5604
3 5710 5694 5604
3 5628 5749 5841
3 5629 5507 5750
3 5507 5729 5750
3 5831 5645 5714
3 5637 5734 5682
3 5736 5717 5683
3 5618 5737 5718
3 9704 5670 5685
3 5769 9704 5685
3 5719 5769 5685
3 5634 5635 5697
3 5698 5733 5636
3 5687 5621 5720
3 5900 5720 5621
3 5652 5702 5756
3 5702 5851 5850
3 5703 5704 5721
3 5794 5761 5705
3 5795 5705 5579
3 5672 5689 5740
3 5825 5681 5764
3 5764 5568 5673
3 5656 5724 5887
3 5741 5765 5657
3 5800 5799 5674
3 5492 5905 6007
3 5626 5767 5857
3 5725 5708 5678
3 5725 5658 5726
3 5658 5692 5812
3 5589 5840 5878
3 5975 5878 5840
3 5627 5590 5746
3 5841 5711 5628
3 5730 5729 5547
3 5659 5712 5730
3 5731 5768 5695
3 5751 5696 5631
3 5715 5686 5802
3 5686 5593 5939
3 5697 5752 5634
3 5635 5636 5733
3 5733 5698 5770
3 5698 5682 5734
3 5772 5700 5665
3 5717 5772 5665
3 5684 5701 5738
3 5754 5773 5701
3 5754 5670 5774
3 5620 5650 5792
3 5850 5756 5702
3 5793 5721 5704
3 5653 5760 5823
3 5538 5762 5795
3 5689 5581 5797
3 5581 5723 5797
3 5763 5723 5690
3 5690 5641 5763
3 5776 5641 5583
3 5583 5706 5776
3 5643 5728 5815
3 5588 5589 5878
3 5749 5629 5816
3 5819 5769 5719
3 5719 5715 5819
3 5715 5896 5819
3 5802 5896 5715
3 5939 5802 5686
3 5783 5617 5784
3 5733 5697 5635
3 5637 5699 5734
3 5753 5734 5699
3 5699 5700 5753
3 5772 5771 5700
3 5772 5717 5735
3 5667 5718 5788
3 5684 5805 5737
3 5773 5738 5701
3 5774 5755 5754
3 5774 5670 5807
3 5792 5811 5620
3 5808 5650 5687
3 5756 5775 5652
3 5703 5721 5852
3 5793 5688 5757
3 5688 5722 5757
3 5759 5653 5822
3 5823 5822 5653
3 5761 5794 5838
3 5705 5795 5794
3 5797 5740 5689
3 5811 5706 5639
3 5639 5620 5811
3 5895 5951 5681
3 5777 5887 5724
3 5409 5624 5542
3 5920 5905 5691
3 5691 5826 5920
3 5875 5625 6022
3 5922 6022 5625
3 5678 5708 5876
3 5726 5658 5812
3 5814 5527 5938
3 5815 5938 5527
3 5746 5924 5840
3 5747 5709 5890
3 5694 5710 5859
3 5816 5629 5992
3 5750 5992 5629
3 5679 5605 5782
3 5830 5680 5645
3 5831 5714 5646
3 5910 5785 5716
3 5716 5663 5910
3 5734 5770 5698
3 5753 5700 5771
3 5736 5787 5717
3 5736 5667 5788
3 5718 5737 5805
3 5805 5684 5738
3 5790 5773 5754
3 5720 5808 5687
3 5852 5851 5703
3 5837 5722 5758
3 5797 5723 5763
3 5776 5763 5641
3 5777 5724 5778
3 5724 5765 5778
3 5409 5642 5624
3 5875 5614 5493
3 5745 5801 5446
3 5857 5745 5626
3 5889 5781 5813
3 5813 5693 5889
3 5747 5746 5590
3 5709 5694 5890
3 5711 5710 5748
3 5860 5841 5749
3 5816 5860 5749
3 5828 5768 5731
3 5713 5892 5731
3 5696 5751 5842
3 5791 5862 9704
3 9704 5769 5791
3 5939 5593 5845
3 5733 5786 5697
3 5772 5735 5834
3 5787 5735 5717
3 5718 5805 5788
3 5738 5773 5789
3 5790 5806 5773
3 5754 5755 5790
3 5755 5774 5790
3 5870 5852 5721
3 5837 5758 5809
3 5759 5809 5758
3 5761 5823 5760
3 5764 5673 5825
3 5741 5623 5904
3 5742 5624 5937
3 5676 5543 5987
3 5779 5987 5543
3 5744 5615 5854
3 5615 5707 5854
3 5974 5889 5693
3 5693 5858 5974
3 5711 5927 5710
3 5891 5712 5768
3 5892 5828 5731
3 6011 5892 5713
3 5713 5829 6011
3 5829 5630 5893
3 5893 5630 5732
3 5817 5661 5879
3 5680 5879 5661
3 5831 5646 5951
3 5819 5818 5769
3 5733 5770 5804
3 5734 5832 5770
3 5753 5771 5882
3 5771 5772 5834
3 5789 5773 5806
3 5790 5774 5821
3 5807 5821 5774
3 5792 5650 5849
3 5650 5808 5849
3 5756 6106 5775
3 5721 5793 5870
3 5757 5932 5793
3 5757 5722 5902
3 5824 5794 5795
3 5796 5762 5739
3 5739 5740 5810
3 5797 5810 5740
3 5895 5681 5825
3 5673 5947 5825
3 5673 5798 5947
3 5904 5874 5741
3 5623 5799 5904
3 5742 5937 5675
3 5728 5588 5923
3 5924 5746 5925
3 5890 5926 5747
3 5818 5791 5769
3 5784 5785 5864
3 5785 5910 5940
3 5752 5994 5663
3 5786 5897 5697
3 5734 5753 5833
3 5882 5833 5753
3 5806 5820 5789
3 5849 6001 5792
3 5809 5759 5903
3 5822 5903 5759
3 5823 5761 5871
3 5853 5838 5794
3 5824 5853 5794
3 5795 5762 5824
3 5762 5796 5824
3 5776 5706 5873
3 5873 5706 5811
3 5918 5947 5798
3 5798 5887 5918
3 5800 5904 5799
3 5905 5920 5919
3 5780 6129 5922
3 5856 5827 5707
3 5801 6038 5856
3 5906 5857 5767
3 5876 5906 5767
3 5812 6223 5726
3 5727 5990 5858
3 5923 5588 5878
3 5746 5747 6040
3 5926 6040 5747
3 5891 5768 5828
3 5696 5842 5732
3 5751 5679 5843
3 5782 5817 5894
3 5844 5830 5645
3 5803 5845 5593
3 5783 5784 5864
3 5897 5994 5752
3 5752 5697 5897
3 5832 5804 5770
3 5832 5734 5833
3 5882 5771 5883
3 5771 5834 5883
3 5868 5788 5805
3 5821 5836 5790
3 5811 5792 6001
3 5808 5720 5899
3 5870 5793 5944
3 5809 5934 5837
3 5822 5823 5871
3 5739 5810 5796
3 5741 5874 5765
3 5779 5743 6096
3 5854 5707 5855
3 5839 5692 5813
3 5813 5781 5839
3 6040 5925 5746
3 5710 5927 5859
3 5841 5927 5711
3 5729 5977 5750
3 5729 5730 5861
3 5751 5843 5842
3 5679 5782 5843
3 5894 5843 5782
3 5830 6165 5680
3 5818 5880 5791
3 5863 5818 5819
3 5819 5896 5863
3 5939 5845 5978
3 5940 5864 5785
3 5804 5786 5733
3 5833 5882 5865
3 5735 5929 5834
3 5866 5735 5787
3 5867 5866 5787
3 5787 5736 5867
3 5788 5867 5736
3 5805 5738 5868
3 5789 5868 5738
3 5820 5846 5789
3 5806 5790 5835
3 5836 5835 5790
3 5848 5836 5821
3 5821 5807 5885
3 6001 5914 5811
3 5900 6002 5720
3 5852 5870 5901
3 5932 5944 5793
3 5903 5822 5886
3 5822 5871 5886
3 5810 5797 5916
3 5986 5766 5676
3 6081 5614 5875
3 5855 5707 5827
3 5827 5856 5949
3 5876 5708 5988
3 5938 5815 5991
3 5730 5712 5861
3 5893 6011 5829
3 5842 5893 5732
3 6015 5880 5818
3 5910 5663 5994
3 5804 5832 5996
3 5865 5832 5833
3 5866 5929 5735
3 5846 5868 5789
3 5820 5806 5847
3 5835 5847 5806
3 5848 5869 5836
3 5885 5848 5821
3 5808 5899 5849
3 5756 5850 5915
3 5850 5851 5915
3 5933 5902 5722
3 5722 5837 5933
3 5761 5838 5871
3 5796 5810 5872
3 5914 5873 5811
3 5887 5777 5970
3 5971 5624 5642
3 5642 5766 5971
3 5744 6129 5780
3 6038 5801 5745
3 5839 5812 5692
3 5974 5858 5990
3 5859 5927 5950
3 5712 5891 5861
3 6026 5893 5842
3 5879 5680 6165
3 5864 5803 5783
3 5881 5786 5804
3 5788 5868 5867
3 5847 5884 5820
3 5835 5836 5999
3 5869 5999 5836
3 5869 5848 5912
3 5943 5912 5848
3 6019 5851 5852
3 5901 6019 5852
3 5932 5757 5983
3 5871 5838 5946
3 5763 6004 5935
3 5763 5776 6004
3 6061 5936 5765
3 5765 5874 6061
3 5937 5800 5675
3 6320 5920 5826
3 5921 6081 5875
3 5855 5827 5948
3 6038 5949 5856
3 6008 5988 5708
3 5877 6008 5708
3 5725 5877 5708
3 5815 5728 5991
3 5694 5859 6041
3 5861 5977 5729
3 5892 5891 5828
3 5843 5928 5842
3 5894 5817 6013
3 6068 6013 5817
3 5879 6068 5817
3 5831 5951 5993
3 5803 5864 5955
3 5940 5955 5864
3 5995 5897 5786
3 5996 5881 5804
3 5929 5911 5834
3 5866 5867 6089
3 5846 5820 5884
3 5835 5942 5847
3 5912 5930 5869
3 5848 5885 5943
3 5807 5862 5913
3 6001 5898 5914
3 5965 5901 5870
3 5837 5934 5933
3 5903 5945 5809
3 5872 5824 5796
3 5916 5797 5935
3 5797 5763 5935
3 6005 5776 5873
3 5917 5825 5947
3 5970 5918 5887
3 5778 5765 5936
3 5987 5986 5676
3 5743 6007 6096
3 6036 6320 5826
3 5826 5888 6036
3 6022 5921 5875
3 6038 5745 6373
3 5988 5906 5876
3 5877 5725 6023
3 5725 5726 6023
3 6039 5923 5878
3 6162 5975 5840
3 5924 6162 5840
3 5890 5694 6041
3 6163 5861 5891
3 6118 5892 6011
3 6165 5830 5844
3 5993 5844 5831
3 5952 5908 5880
3 6031 5978 5845
3 5786 5881 5995
3 5957 5865 5882
3 5882 5883 5957
3 5883 5834 5911
3 5884 5847 5942
3 5930 5912 5961
3 5913 5943 5885
3 5885 5807 5913
3 5862 5908 5913
3 5899 5720 6002
3 6106 5756 6107
3 6019 5915 5851
3 5903 5886 5967
3 5886 5871 5946
3 5968 5946 5838
3 5838 5853 5968
3 5872 5810 5969
3 5810 5916 6093
3 5777 5778 6060
3 5936 6060 5778
3 5937 6021 5904
3 5904 5800 5937
3 5949 5948 5827
3 5781 5889 5973
3 5990 5727 6010
3 5814 6010 5727
3 5950 6041 5859
3 5860 5927 5841
3 5860 5816 6042
3 5992 6042 5816
3 5907 6163 5891
3 5891 5892 5907
3 6118 5907 5892
3 6027 5928 5843
3 6012 5843 5894
3 5894 6013 6012
3 5913 5908 5931
3 5880 6015 5952
3 5818 5863 5953
3 5909 5863 5896
3 5896 5802 5909
3 5994 6046 5910
3 5995 5979 5897
3 5866 6089 5941
3 5980 5868 5846
3 5846 5884 5980
3 5930 5999 5869
3 6105 5849 5899
3 6187 5756 5915
3 5964 6019 5901
3 5965 5964 5901
3 5944 5965 5870
3 6033 5944 6109
3 6003 5983 5757
3 5757 5902 6003
3 5945 5903 5966
3 5966 5903 5967
3 6057 6056 5853
3 5853 5824 6057
3 5872 6057 5824
3 6093 5969 5810
3 5914 6005 5873
3 5895 5825 6028
3 5985 6028 5825
3 5917 5985 5825
3 6129 5744 6192
3 5854 6064 5744
3 5855 6037 5854
3 6009 6023 5726
3 6295 6039 5878
3 5878 5975 6295
3 6162 5924 6131
3 5908 5952 5931
3 6046 5940 5910
3 5996 5995 5881
3 5956 5996 5832
3 5865 5956 5832
3 5958 5957 5883
3 5866 5959 5929
3 5867 5868 5960
3 5999 5942 5835
3 5999 5930 6016
3 5962 5961 5912
3 5931 5943 5913
3 6002 5900 6106
3 5900 5775 6106
3 6187 6107 5756
3 5934 5809 5945
3 5967 5886 6074
3 6056 5968 5853
3 5935 6093 5916
3 6005 6004 5776
3 6059 5970 5777
3 5777 6060 6059
3 6189 6061 5874
3 5874 5904 6021
3 6079 5937 5624
3 5971 6079 5624
3 6081 6036 5888
3 6022 5922 6129
3 5855 5948 5972
3 6241 5949 6038
3 6223 6009 5726
3 5974 5973 5889
3 6131 5924 6024
3 5925 6024 5924
3 6084 5950 5927
3 5860 6084 5927
3 5750 5977 6025
3 6068 5879 6043
3 5895 6028 6086
3 5953 6015 5818
3 5802 5939 5954
3 6136 5845 5803
3 5979 5994 5897
3 5911 5958 5883
3 5959 5911 5929
3 5941 5959 5866
3 6089 5867 5960
3 5980 5960 5868
3 5942 5998 5884
3 5961 5981 5930
3 6000 5962 5912
3 5912 5943 6000
3 5898 6001 6018
3 5932 6109 5944
3 5967 6074 5984
3 6075 6074 5886
3 6076 6075 5886
3 5886 5946 6076
3 5947 5918 6078
3 6189 5874 6062
3 6096 5987 5779
3 6064 5854 6037
3 5972 6037 5855
3 5745 5857 6242
3 6223 5812 6082
3 5839 6082 5812
3 6040 6083 5925
3 5992 5750 6025
3 5928 6026 5842
3 6012 6027 5843
3 6165 6085 5879
3 5993 5951 6180
3 5909 5953 5863
3 5909 5802 5954
3 5978 5954 5939
3 6136 6031 5845
3 6046 5955 5940
3 5957 5956 5865
3 5981 6016 5930
3 6090 5981 5961
3 5982 6000 5943
3 5943 5931 5982
3 5963 5982 5931
3 6002 6106 6125
3 6072 5964 5965
3 5945 5966 6035
3 6006 6005 5914
3 5898 6006 5914
3 6078 5917 5947
3 5874 6021 6127
3 6063 5971 5766
3 5766 5986 6063
3 6320 5919 5920
3 6192 5744 6064
3 6117 6242 5857
3 5857 5906 6117
3 5839 5781 5989
3 5991 5728 6065
3 5923 6065 5728
3 5976 6262 5926
3 5926 5890 5976
3 6310 5844 5993
3 5951 5895 6180
3 5952 6015 6044
3 6139 5995 5996
3 5911 5959 5958
3 5960 5980 6049
3 5980 5884 5997
3 5998 5997 5884
3 6016 5981 6051
3 5961 5962 6090
3 6001 5849 6205
3 5849 6105 6205
3 5915 6019 6187
3 6019 5964 6054
3 6034 6109 5932
3 5983 6034 5932
3 5968 6056 6186
3 5872 5969 6057
3 6253 6078 5918
3 5918 5970 6253
3 6113 6253 5970
3 5970 6059 6113
3 6127 6062 5874
3 6115 6021 5937
3 6079 6115 5937
3 6080 6007 5905
3 5905 5919 6080
3 5814 5938 6161
3 5991 6161 5938
3 6041 5976 5890
3 6043 5879 6085
3 6086 6180 5895
3 5978 6031 6101
3 6045 6136 5803
3 5803 5955 6045
3 5955 6046 6045
3 5994 5979 6071
3 6139 6047 5995
3 5956 6103 5996
3 5959 6048 5958
3 6140 6049 5980
3 5980 5997 6140
3 6051 5981 6030
3 5981 6090 6030
3 6000 6090 5962
3 6000 5982 6053
3 5963 6053 5982
3 6304 6105 5899
3 6073 6072 5965
3 5965 5944 6073
3 6055 6073 5944
3 5944 6033 6055
3 5902 5933 9984
3 5934 5945 6020
3 6035 6020 5945
3 6035 5966 5967
3 5984 6074 6111
3 5968 6076 5946
3 6077 6056 6057
3 5935 6004 6112
3 6095 6060 5936
3 6063 5986 6148
3 6023 6009 6150
3 5989 6082 5839
3 6098 5974 5990
3 6177 6065 5923
3 6024 5925 6083
3 6163 5977 5861
3 5893 6026 6066
3 5844 6069 6165
3 6015 5953 6182
3 6120 6182 5953
3 5953 5909 6155
3 5954 5978 6101
3 6138 6046 5994
3 6047 5979 5995
3 6139 5996 6103
3 5956 5957 6104
3 6088 5957 5958
3 5941 6048 5959
3 6050 5997 5998
3 5998 5942 6050
3 5942 5999 6050
3 6016 6050 5999
3 6090 6000 6052
3 6017 6052 6000
3 6000 6053 6017
3 6018 6001 6205
3 5933 5934 6238
3 6020 6092 5934
3 5984 6035 5967
3 5985 5917 6078
3 5936 6061 6095
3 6080 6096 6007
3 6242 6373 5745
3 5973 5989 5781
3 6099 6098 5990
3 6010 5814 6100
3 6161 6100 5814
3 6065 6161 5991
3 6162 6295 5975
3 6040 5926 6262
3 5976 6041 6151
3 6084 5860 6042
3 5992 6025 6042
3 6027 6012 6067
3 6068 6043 6013
3 6014 5952 6044
3 6182 6044 6015
3 6104 5957 6088
3 6089 6048 5941
3 6051 6050 6016
3 6051 6030 6029
3 6030 6090 6124
3 6094 6006 6018
3 6205 6032 6018
3 6054 6187 6019
3 6054 5964 6108
3 6055 6033 6188
3 6092 6238 5934
3 6186 6076 5968
3 6112 6093 5935
3 6028 5985 6058
3 6078 6058 5985
3 6021 6115 6127
3 5986 5987 6257
3 6037 5972 6097
3 6149 6117 5906
3 5906 5988 6149
3 5988 6008 6149
3 6010 6099 5990
3 6039 6177 5923
3 5950 6132 6041
3 6011 5893 6265
3 6066 6265 5893
3 6026 5928 6066
3 6165 6245 6085
3 6086 6028 6198
3 5958 6048 6088
3 6089 5960 6156
3 6053 5963 6070
3 5963 6014 6119
3 6155 6120 5953
3 6046 6137 6045
3 6071 6138 5994
3 5964 6072 6108
3 6109 6188 6033
3 5983 6003 6174
3 6238 9984 5933
3 6057 5969 6093
3 6170 6004 6005
3 6005 6006 6094
3 6148 5986 6257
3 5987 6096 6257
3 6008 5877 6149
3 5973 5974 6098
3 6295 6162 6261
3 6262 6083 6040
3 6084 6042 6225
3 6042 6025 6133
3 6025 5977 6210
3 6243 6210 5977
3 6027 6067 6152
3 6043 6012 6013
3 5844 6310 6069
3 6070 5963 6119
3 5909 5954 6155
3 6138 6137 6046
3 6104 6103 5956
3 6049 6156 5960
3 6050 6051 6141
3 6029 6030 6122
3 6123 6122 6030
3 6124 6123 6030
3 6090 6052 6142
3 6017 6053 6087
3 6070 6087 6053
3 6034 6110 6109
3 6174 6034 5983
3 5984 6111 6168
3 6290 6075 6076
3 6186 6056 6202
3 6077 6202 6056
3 6093 6077 6057
3 6005 6094 6170
3 6113 6059 6114
3 6095 6114 6060
3 6128 6022 6129
3 6150 6149 5877
3 5877 6023 6150
3 6099 6010 6100
3 6118 6011 6265
3 6211 6066 5928
3 6152 5928 6027
3 6213 6310 5993
3 5993 6180 6213
3 6268 6119 6014
3 6154 6268 6014
3 6014 6044 6154
3 6102 6071 5979
3 5979 6047 6102
3 6029 6141 6051
3 6122 6274 6029
3 6236 6187 6054
3 6108 6091 6054
3 9984 6003 5902
3 6035 5984 6200
3 6201 6111 6074
3 6126 6074 6075
3 6076 6186 6290
3 6004 6170 6112
3 6189 6095 6061
3 5971 6208 6079
3 6191 6320 6036
3 6081 6191 6036
3 6022 6128 5921
3 6373 6241 6038
3 6223 6222 6009
3 6082 5989 6176
3 5973 6176 5989
3 5976 6151 6323
3 5950 6084 6179
3 6133 6225 6042
3 6163 6243 5977
3 6043 6085 6245
3 6052 6017 6143
3 6017 6087 6246
3 6119 6153 6070
3 6136 6045 6248
3 6047 6139 6102
3 6103 6104 6121
3 6104 6088 6121
3 6088 6048 6250
3 6048 6089 6167
3 6156 6167 6089
3 6157 6156 6049
3 6049 6140 6157
3 6141 6140 5997
3 5997 6050 6141
3 6142 6124 6090
3 6125 6144 6002
3 6054 6091 6236
3 6172 6108 6072
3 6072 6073 6279
3 6073 6055 6279
3 6174 6235 6034
3 6003 9984 6145
3 6168 6200 5984
3 6111 6201 6185
3 6126 6201 6074
3 6093 6112 6277
3 6113 6114 6160
3 6115 6079 6208
3 6116 6257 6096
3 6080 6116 6096
3 5919 6175 6080
3 6064 6037 6097
3 6161 6065 6130
3 6295 6283 6039
3 6262 5976 6284
3 6178 6284 5976
3 6132 6151 6041
3 6195 6132 5950
3 5950 6179 6195
3 6179 6084 6225
3 6163 5907 6164
3 5907 6118 6134
3 6211 6265 6066
3 6285 6067 6012
3 6087 6070 6153
3 6119 6268 6181
3 6135 6154 6044
3 6101 6031 6301
3 6031 6136 6301
3 6121 6139 6103
3 6250 6121 6088
3 6143 6142 6052
3 6246 6143 6017
3 6144 6304 5899
3 5899 6002 6144
3 6144 6125 6278
3 6106 6107 6206
3 6107 6187 6206
3 6279 6172 6072
3 6188 6109 6173
3 6110 6173 6109
3 6110 6034 6235
3 6093 6169 6077
3 6078 6253 6221
3 6062 6127 6147
3 6127 6115 6208
3 6063 6190 5971
3 6423 6175 5919
3 6097 5972 6307
3 6282 6307 5972
3 5948 6282 5972
3 6260 6150 6009
3 6100 6161 6194
3 6065 6177 6130
3 6024 6340 6131
3 6195 6151 6132
3 6211 5928 6152
3 6197 6180 6086
3 6153 6246 6087
3 6182 6135 6044
3 6269 6182 6120
3 6155 5954 6166
3 6101 6166 5954
3 6137 6248 6045
3 6071 6102 6228
3 6121 6184 6139
3 6141 6029 6217
3 6123 6218 6122
3 6199 6276 6123
3 6123 6124 6199
3 6124 6142 6159
3 6032 6205 6204
3 6172 6091 6108
3 6055 6188 6237
3 6169 6203 6077
3 6221 6058 6078
3 6114 6095 9563
3 6146 9563 6095
3 6208 6147 6127
3 6190 6208 5971
3 6320 6423 5919
3 6128 6129 6338
3 6239 6338 6129
3 6192 6239 6129
3 5949 6241 6240
3 6117 6149 6258
3 6176 6193 6082
3 6209 6098 6099
3 6099 6100 6209
3 6283 6177 6039
3 6025 6210 6133
3 6134 6298 5907
3 6265 6134 6118
3 6067 6212 6152
3 6086 6198 6197
3 6153 6119 6226
3 6248 6301 6136
3 6138 6071 6215
3 6228 6102 6313
3 6183 6313 6102
3 6102 6139 6183
3 6184 6183 6139
3 6272 6250 6048
3 6048 6167 6272
3 6158 6157 6140
3 6217 6158 6140
3 6140 6141 6217
3 6274 6217 6029
3 6218 6274 6122
3 6218 6123 6276
3 6159 6199 6124
3 6174 6003 9985
3 6092 6020 6288
3 6020 6035 6288
3 6035 6200 6288
3 6168 6111 6185
3 6233 6126 6075
3 6233 6075 6290
3 9563 6160 6114
3 6095 6189 6318
3 6190 6256 6208
3 6191 6081 6294
3 6081 5921 6294
3 6128 6294 5921
3 6064 6097 6424
3 5948 5949 6240
3 6552 6260 6009
3 6009 6222 6552
3 6012 6043 6285
3 6214 6213 6180
3 6181 6226 6119
3 6155 6166 6120
3 6157 6167 6156
3 6274 6218 6275
3 6267 6143 6246
3 6220 6311 6028
3 6028 6058 6220
3 6254 6113 6160
3 6223 6082 6193
3 6224 6194 6161
3 6130 6224 6161
3 6494 6261 6162
3 6131 6494 6162
3 6195 6323 6151
3 6196 6225 6133
3 6133 6210 6196
3 6164 6243 6163
3 6212 6211 6152
3 6364 6245 6165
3 6165 6069 6364
3 6266 6364 6069
3 6311 6198 6028
3 6268 6154 6227
3 6135 6227 6154
3 6101 6301 6270
3 6137 6138 6345
3 6071 6228 6215
3 6184 6121 6249
3 6271 6249 6121
3 6121 6250 6271
3 6229 6272 6167
3 6157 6229 6167
3 6158 6217 6216
3 6159 6142 6231
3 6287 6231 6142
3 6238 6092 6418
3 6232 6200 6168
3 6186 6202 6291
3 6203 6202 6077
3 6277 6169 6093
3 6316 6112 6170
3 6170 6094 6316
3 6205 6105 6392
3 6105 6304 6392
3 6125 6106 6206
3 6305 6206 6187
3 6237 6188 6306
3 6188 6173 6306
3 6062 6147 6337
3 6320 6191 6358
3 6240 6282 5948
3 6176 5973 6308
3 6194 6209 6100
3 6298 6164 5907
3 6211 6212 6244
3 6285 6043 6342
3 6180 6197 6214
3 6253 6113 6254
3 6207 6254 6160
3 6135 6182 6440
3 6138 6215 6366
3 6272 6229 6273
3 6276 6199 6251
3 6199 6159 6219
3 6231 6219 6159
3 6352 6418 6092
3 6288 6352 6092
3 6126 6233 6390
3 6291 6290 6186
3 6203 6169 6303
3 6169 6277 6303
3 6171 6371 6094
3 6187 6236 6305
3 6091 6172 6456
3 6172 6279 6336
3 6003 6145 9985
3 6281 6146 6095
3 6095 6318 6281
3 6524 6318 6189
3 6147 6208 6293
3 6063 6148 6319
3 6257 6319 6148
3 6080 6175 6400
3 6192 6321 6239
3 6064 6321 6192
3 6424 6097 6425
3 6307 6425 6097
3 6150 6260 6322
3 5973 6098 6308
3 6098 6209 6308
3 6178 5976 6323
3 6225 6263 6179
3 6212 6067 6285
3 6414 6342 6043
3 6043 6245 6414
3 6310 6266 6069
3 6058 6221 6220
3 6300 6120 6166
3 6300 6166 6101
3 6248 6137 6327
3 6345 6327 6137
3 6183 6184 6328
3 6230 6229 6157
3 6157 6158 6230
3 6216 6230 6158
3 6217 6274 6349
3 6232 6288 6200
3 6289 6168 6185
3 6381 6185 6201
3 6331 6381 6201
3 6126 6390 6331
3 6316 6277 6112
3 6205 6392 6204
3 6125 6206 6278
3 6172 6317 6456
3 6306 6173 6280
3 6110 6280 6173
3 9985 6235 6174
3 6236 6091 6234
3 6456 6234 6091
3 6336 6356 6172
3 6292 6279 6055
3 6055 6237 6292
3 9984 6238 6450
3 6289 6232 6168
3 6331 6201 6126
3 6371 6316 6094
3 6321 6064 6424
3 6307 6282 6359
3 6176 6308 6384
3 6209 6194 6309
3 6130 6177 6376
3 6177 6283 6376
3 6024 6083 6410
3 6195 6179 6296
3 6179 6263 6296
3 6244 6265 6211
3 6285 6387 6212
3 6325 6197 6198
3 6198 6311 6325
3 6246 6153 6389
3 6226 6389 6153
3 6135 6247 6227
3 6269 6440 6182
3 6270 6300 6101
3 6366 6345 6138
3 6395 6366 6215
3 6184 6249 6328
3 6275 6218 6380
3 6252 6287 6142
3 6142 6143 6252
3 6267 6252 6143
3 6525 6524 6189
3 6189 6062 6525
3 6319 6422 6063
3 6319 6257 6549
3 6294 6358 6191
3 6434 6294 6128
3 6401 6282 6240
3 6149 6150 6259
3 6222 6223 6374
3 6193 6374 6223
3 6295 6261 6446
3 6494 6131 6340
3 6284 6361 6262
3 6296 6323 6195
3 6196 6210 6363
3 6243 6264 6210
3 6298 6243 6164
3 6214 6197 6388
3 6181 6343 6226
3 6181 6268 6299
3 6286 6247 6135
3 6135 6440 6286
3 6229 6230 6273
3 6348 6230 6216
3 6289 6302 6232
3 6369 6233 6290
3 6291 6202 6370
3 6203 6370 6202
3 6277 6316 6353
3 6110 6235 6382
3 6172 6356 6317
3 6418 6450 6238
3 6381 6289 6185
3 6332 6203 6303
3 6254 6207 6255
3 6207 9563 6255
3 6146 6255 9563
3 6548 6256 6190
3 6190 6063 6548
3 6422 6548 6063
3 6375 6308 6209
3 6309 6360 6209
3 6284 6178 6469
3 6225 6196 6324
3 6298 6264 6243
3 6285 6448 6387
3 6325 6388 6197
3 6267 6246 9929
3 6389 9929 6246
3 6299 6326 6181
3 6327 6301 6248
3 6328 6249 6347
3 6271 6347 6249
3 6271 6250 6314
3 6272 6314 6250
3 6380 6218 6350
3 6276 6350 6218
3 6287 6330 6231
3 6287 6252 6398
3 6312 6221 6253
3 6253 6254 6312
3 6255 6312 6254
3 6524 6372 6318
3 6337 6525 6062
3 6116 6549 6257
3 6400 6116 6080
3 6150 6322 6403
3 6176 6384 6193
3 6209 6360 6375
3 6362 6469 6178
3 6178 6323 6362
3 6210 6264 6363
3 6244 6212 6341
3 6343 6389 6226
3 6326 6343 6181
3 6268 6227 6344
3 6247 6286 6365
3 6328 6346 6183
3 6347 6271 6379
3 6274 6275 6349
3 6219 6231 6480
3 6330 6480 6231
3 6451 6288 6232
3 6232 6302 6451
3 6277 6353 6303
3 6204 6392 6333
3 6432 6336 6279
3 6279 6292 6432
3 6110 6393 6280
3 6490 6337 6147
3 6256 6293 6208
3 6425 6307 6436
3 6359 6282 6401
3 6377 6376 6283
3 6283 6295 6377
3 6411 6410 6083
3 6083 6262 6411
3 6324 6297 6225
3 6363 6324 6196
3 6134 6265 6378
3 6387 6341 6212
3 6448 6285 6342
3 6414 6245 6364
3 6364 6266 6498
3 6268 6344 6299
3 6365 6227 6247
3 6477 6269 6120
3 6120 6300 6477
3 6215 6228 6395
3 6228 6313 6429
3 6346 6313 6183
3 6273 6314 6272
3 6230 6367 6273
3 6348 6367 6230
3 6217 6348 6216
3 6217 6349 6430
3 6380 6349 6275
3 6330 6287 6398
3 6351 6445 6252
3 6315 6302 6289
3 6369 6390 6233
3 6290 6291 6369
3 6370 6203 6391
3 6333 6471 6204
3 6206 6517 6278
3 6236 6234 6305
3 6338 6239 6461
3 6403 6259 6150
3 6446 6377 6295
3 6494 6446 6261
3 6411 6262 6361
3 6297 6263 6225
3 6298 6134 6447
3 6244 6378 6265
3 6498 6266 6499
3 6310 6485 6266
3 6213 6214 6388
3 6325 6311 6357
3 6365 6344 6227
3 6439 6286 6440
3 6379 6271 6314
3 6368 6398 6252
3 6445 6368 6252
3 6381 6315 6289
3 6332 6391 6203
3 6353 6332 6303
3 6392 6304 6354
3 6334 6354 6304
3 6304 6144 6334
3 6278 6334 6144
3 6335 6517 6206
3 6355 6335 6206
3 6206 6305 6355
3 6293 6490 6147
3 6307 6359 6436
3 6463 6373 6242
3 6242 6117 6463
3 6527 6374 6193
3 6360 6309 6339
3 6309 6224 6339
3 6224 6130 6386
3 6376 6386 6130
3 6323 6296 6537
3 6485 6499 6266
3 6300 6270 6442
3 6313 6346 6429
3 6347 6329 6328
3 6406 6396 6273
3 6367 6406 6273
3 6367 6348 6466
3 6350 6276 6408
3 6251 6408 6276
3 6370 6369 6291
3 6419 6353 6316
3 6316 6371 6419
3 6333 6392 6459
3 6305 6234 6355
3 6234 6456 6455
3 6382 6393 6110
3 6382 6235 6433
3 6235 9985 9990
3 6399 6146 6655
3 6146 6281 6655
3 6423 6400 6175
3 6258 6149 6473
3 6193 6384 6527
3 6534 6339 6224
3 6386 6534 6224
3 6024 6410 6482
3 6362 6323 6537
3 6244 6341 6378
3 6357 6388 6325
3 6221 6311 6220
3 6404 6511 6326
3 6326 6299 6404
3 6299 6344 9582
3 6394 6365 6286
3 6476 6440 6269
3 6270 6301 6478
3 6405 6395 6228
3 6228 6429 6405
3 6346 6328 6329
3 6314 6273 6396
3 6348 6217 6430
3 6601 6251 6199
3 6219 6601 6199
3 6398 6585 6330
3 6302 6315 6502
3 6390 6453 6331
3 6353 6419 6332
3 6356 6336 6457
3 6237 6306 6421
3 6545 6421 6306
3 6280 6545 6306
3 6393 6382 6458
3 6416 6357 6311
3 6427 6312 6255
3 6383 6427 6255
3 6525 6337 6490
3 6293 6256 6573
3 6358 6423 6320
3 6434 6128 6575
3 6338 6575 6128
3 6424 6435 6321
3 6401 6240 6508
3 6240 6241 6618
3 6373 6618 6241
3 6259 6473 6149
3 6308 6510 6384
3 6375 6596 6308
3 6360 6339 6464
3 6426 6469 6362
3 6537 6296 6412
3 6296 6263 6497
3 6263 6297 6538
3 6413 6447 6134
3 6343 6326 6437
3 6511 6437 6326
3 6344 6365 6428
3 6329 6347 6379
3 6466 6348 6407
3 6430 6407 6348
3 6380 6430 6349
3 6585 6480 6330
3 6368 6445 6409
3 6445 6351 6468
3 9929 6468 6351
3 6451 6352 6288
3 6369 6370 6454
3 6355 6234 6455
3 6432 6506 6336
3 9990 6433 6235
3 6459 6420 6333
3 6517 6334 6278
3 6457 6505 6356
3 6457 6336 6506
3 6292 6237 6421
3 6388 6357 6470
3 6311 6221 6416
3 6312 6416 6221
3 6281 6318 6594
3 6372 6594 6318
3 6490 6293 6573
3 6116 6400 6549
3 6375 6360 6577
3 6340 6024 6482
3 6497 6412 6296
3 6324 6363 6668
3 6447 6264 6298
3 6134 6378 6413
3 6498 6484 6364
3 6310 6213 6449
3 6441 6477 6300
3 6300 6442 6441
3 6301 6327 6478
3 6396 6379 6314
3 6397 6406 6367
3 6466 6397 6367
3 6398 6368 6481
3 6450 6501 9981
3 6315 6381 6516
3 6590 6390 6369
3 6391 6454 6370
3 6461 6575 6338
3 6551 6619 6260
3 6260 6552 6551
3 6376 6377 6665
3 6607 6378 6341
3 6341 6387 6607
3 6485 6310 6449
3 6388 6449 6213
3 9929 6389 9957
3 6428 6438 6344
3 6439 6394 6286
3 6430 6380 6431
3 6380 6350 6443
3 6408 6251 6444
3 6219 6480 6467
3 6339 6534 6385
3 6381 6331 6516
3 6454 6391 6542
3 6332 6419 6391
3 6488 6419 6371
3 6371 6471 6488
3 6545 6280 6460
3 6280 6393 6460
3 6433 6458 6382
3 6470 6357 6415
3 6417 6427 6383
3 6399 6579 6383
3 6507 6655 6281
3 6594 6507 6281
3 6400 6423 6595
3 6358 6294 6526
3 6321 6461 6239
3 6462 6359 6401
3 6401 6508 6402
3 6618 6508 6240
3 6258 6463 6117
3 6403 6509 6259
3 6619 6322 6260
3 6552 6222 6620
3 6374 6620 6222
3 6411 6361 6512
3 6361 6284 6512
3 6469 6512 6284
3 6297 6324 6538
3 6387 6448 6514
3 6414 6364 6484
3 6470 6449 6388
3 6437 9957 6389
3 6389 6343 6437
3 6452 6451 6302
3 6302 6502 6452
3 6391 6419 6487
3 6489 6420 6459
3 6504 6459 6392
3 6392 6354 6504
3 6317 6356 6505
3 6428 6365 6394
3 6475 6439 6440
3 6329 6429 6346
3 6444 6621 6408
3 6585 6398 6481
3 6655 6579 6399
3 6461 6321 6435
3 6401 6550 6462
3 6402 6550 6401
3 6463 6258 6580
3 6403 6322 6509
3 6510 6527 6384
3 6577 6360 6464
3 9582 6404 6299
3 6438 6428 6474
3 6394 6439 6567
3 6269 6477 6476
3 6442 6270 6568
3 6270 6478 6568
3 6345 6478 6327
3 6345 6366 6809
3 6405 6429 6465
3 6329 6379 6532
3 6406 6397 6479
3 6380 6443 6431
3 6601 6444 6251
3 6467 6601 6219
3 6377 6446 6623
3 6494 6340 6495
3 6482 6495 6340
3 6535 6482 6410
3 6469 6426 6496
3 6362 6537 6426
3 6263 6538 6513
3 6342 6414 6484
3 6357 6416 6500
3 6541 6590 6369
3 6454 6541 6369
3 6489 6471 6420
3 6517 6335 6564
3 6505 6592 6317
3 6432 6292 6518
3 6546 6393 6458
3 6433 9990 9976
3 6435 6424 6576
3 6436 6576 6425
3 6436 6359 6462
3 6620 6374 6749
3 6527 6749 6374
3 6510 6308 6596
3 6386 6376 6534
3 6411 6535 6410
3 6411 6512 6535
3 6497 6263 6606
3 6668 6538 6324
3 6483 6264 6447
3 6413 6378 6639
3 6485 6449 6587
3 6415 6357 6500
3 6511 6404 6528
3 6329 6465 6429
3 6396 6406 6479
3 6431 6407 6430
3 6480 6556 6467
3 6352 6612 6418
3 6352 6451 6561
3 6578 6516 6331
3 6390 6590 6540
3 6503 6487 6419
3 6517 6640 6334
3 6456 6544 6455
3 6592 6456 6317
3 6573 6256 6472
3 6548 6472 6256
3 6747 6595 6423
3 6434 6526 6294
3 6425 6576 6424
3 6473 6580 6258
3 6509 6473 6259
3 6474 6529 6438
3 6394 6474 6428
3 6598 6567 6439
3 6440 6476 6475
3 6568 6441 6442
3 6405 6465 6530
3 6379 6396 6569
3 6350 6408 6621
3 6570 6481 6368
3 6368 6409 6570
3 6409 6445 6523
3 6483 6363 6264
3 6607 6387 6514
3 6448 6342 6484
3 6484 6498 6539
3 6499 6485 6515
3 6470 6415 6572
3 6707 6501 6450
3 6486 6561 6451
3 6451 6452 6486
3 6542 6541 6454
3 6542 6391 6487
3 6488 6503 6419
3 6544 6335 6455
3 6292 6421 6519
3 6545 6519 6421
3 6458 6433 6546
3 6504 6489 6459
3 6354 6334 6782
3 6640 6782 6334
3 6564 6335 6544
3 6506 6630 6457
3 6506 6432 6674
3 6519 6518 6292
3 6436 6462 6712
3 6463 6618 6373
3 9752 6577 6464
3 6474 6394 6567
3 6395 6405 6530
3 6465 6329 6532
3 6532 6379 6569
3 6554 6479 6397
3 6397 6466 6522
3 6583 6431 6443
3 6570 6493 6481
3 6445 6468 6533
3 6512 6469 6557
3 6469 6496 6557
3 6513 6606 6263
3 6668 6363 6483
3 6447 6413 6483
3 6639 6483 6413
3 6572 6587 6449
3 6449 6470 6572
3 6312 6427 6589
3 6723 6707 6450
3 6450 6418 6723
3 6612 6723 6418
3 6652 6488 6471
3 6489 6652 6471
3 6422 6319 6658
3 6549 6658 6319
3 6619 6509 6322
3 6510 6633 6527
3 6375 6807 6596
3 6491 9957 6437
3 6437 6511 6491
3 6567 6520 6474
3 6439 6475 6598
3 6761 6475 6476
3 6366 6395 6521
3 6396 6479 6569
3 6522 6554 6397
3 6492 6443 6350
3 6621 6492 6350
3 6621 6444 6555
3 6444 6601 6555
3 6601 6467 6556
3 6533 6523 6445
3 6623 6665 6377
3 6495 6482 6571
3 6535 6571 6482
3 6535 6512 6604
3 6537 6412 6559
3 6497 6559 6412
3 6587 6515 6485
3 6416 6312 6588
3 6589 6588 6312
3 6561 6612 6352
3 6502 6315 6562
3 6453 6578 6331
3 6542 6487 6613
3 6544 6456 6565
3 6456 6592 6565
3 6432 6518 6674
3 6593 6460 6393
3 6575 6803 6434
3 6618 6463 6727
3 6511 6528 6553
3 6663 6478 6345
3 6809 6663 6345
3 6700 6809 6366
3 6366 6521 6700
3 6530 6521 6395
3 6531 6530 6465
3 6466 6407 6522
3 6523 6533 6586
3 6495 6623 6494
3 6559 6497 6606
3 6739 6639 6378
3 6448 6609 6514
3 6539 6498 6560
3 6515 6628 6499
3 6562 6315 6516
3 6540 6453 6390
3 6487 6503 6613
3 6544 6543 6564
3 6505 6457 6630
3 6593 6545 6460
3 6676 6393 6546
3 9976 6632 6433
3 6525 6490 6617
3 6573 6472 6656
3 6548 6422 6874
3 6657 6874 6422
3 6658 6657 6422
3 6549 6400 6644
3 6461 6435 6645
3 6462 6550 6712
3 6749 6527 6633
3 6510 6596 6634
3 6491 6511 6553
3 6528 6404 6582
3 9543 6582 6404
3 6665 6534 6376
3 6623 6446 6494
3 6605 6604 6512
3 6512 6557 6605
3 6496 6426 6558
3 6559 6558 6426
3 6426 6537 6559
3 6513 6538 6638
3 6484 6609 6448
3 6498 6499 6820
3 6628 6820 6499
3 6415 6500 6670
3 6588 6500 6416
3 6563 6652 6489
3 6489 6504 6563
3 6564 6640 6517
3 6505 6630 6592
3 6676 6593 6393
3 6476 6477 6761
3 6568 6478 6663
3 6555 6601 6584
3 6602 6585 6481
3 6493 6602 6481
3 6570 6409 6735
3 6523 6735 6409
3 6678 6594 6372
3 6372 6524 6643
3 6524 6525 6643
3 6547 6617 6490
3 6595 6644 6400
3 6526 6434 6574
3 6803 6574 6434
3 6436 6712 6576
3 6509 6728 6473
3 6577 6807 6375
3 9752 6581 6577
3 6553 6528 6597
3 6582 6635 6528
3 6566 9543 6438
3 6438 6529 6566
3 6520 6566 6529
3 6477 6441 6761
3 6681 6441 6568
3 6531 6465 6647
3 6554 6569 6479
3 6554 6522 6648
3 6583 6650 6407
3 6407 6431 6583
3 6571 6535 6603
3 6604 6603 6535
3 6538 6668 6626
3 6668 6483 6627
3 6607 6739 6378
3 6607 6514 6608
3 6560 6498 6820
3 6486 6452 6708
3 6452 6502 6562
3 6541 6542 6709
3 6613 6503 6710
3 6652 6503 6488
3 6782 6504 6354
3 6630 6506 6653
3 6674 6653 6506
3 6615 6519 6545
3 6616 6545 6593
3 6573 6547 6490
3 6644 6746 6549
3 6423 6358 6747
3 6575 6461 6645
3 6551 6552 6620
3 6633 6510 6634
3 6635 6597 6528
3 6532 6647 6465
3 9529 6584 6601
3 6556 6480 6734
3 6622 6734 6480
3 6480 6585 6622
3 6536 6496 6689
3 6496 6558 6689
3 6558 6559 6691
3 6626 6638 6538
3 6628 6515 6669
3 6515 6587 6669
3 6587 6572 6610
3 6611 6572 6415
3 6670 6611 6415
3 6629 6562 6516
3 6578 6629 6516
3 6453 6540 6823
3 6652 6710 6503
3 6824 6652 6563
3 6591 6565 6592
3 6631 6518 6519
3 6616 6615 6545
3 6546 6433 6642
3 6632 6642 6433
3 6636 9543 6566
3 6567 6598 6661
3 6599 6598 6475
3 6569 6554 6600
3 6554 6648 6600
3 6522 6407 6649
3 6650 6649 6407
3 9746 6534 9744
3 6665 9744 6534
3 6495 6571 6666
3 6603 6666 6571
3 6536 6557 6496
3 6606 6691 6559
3 6638 6606 6513
3 6609 6484 6539
3 6726 6547 6573
3 6472 6548 6844
3 6658 6549 6746
3 6576 6748 6435
3 6402 6697 6550
3 6509 6619 6789
3 9987 6501 9978
3 6501 6707 9978
3 6708 6561 6486
3 6504 6614 6563
3 6592 6630 6695
3 6674 6518 6631
3 6519 6615 6641
3 6579 6655 9677
3 6643 6678 6372
3 6643 6525 6617
3 6844 6656 6472
3 6645 6435 6748
3 6618 6402 6508
3 6491 6553 9927
3 6597 6646 6553
3 6566 6520 6698
3 6680 6698 6520
3 6681 6761 6441
3 6681 6568 6682
3 6585 6602 6622
3 6493 6570 6687
3 6623 6495 6624
3 6666 6624 6495
3 6609 6608 6514
3 6693 6669 6587
3 6587 6610 6693
3 6723 6612 6754
3 6651 6708 6452
3 6452 6562 6651
3 6823 6724 6578
3 6578 6453 6823
3 6673 6540 6590
3 6758 6614 6504
3 6640 6564 6742
3 6543 6742 6564
3 6695 6591 6592
3 6546 6642 6677
3 6803 6575 6767
3 6697 6712 6550
3 6660 6697 6402
3 6807 6577 6848
3 6646 9927 6553
3 6698 6636 6566
3 6661 6680 6520
3 6520 6567 6661
3 6662 6661 6598
3 6599 6662 6598
3 6681 6770 6761
3 6683 6521 6530
3 6664 6683 6530
3 6530 6531 6664
3 6531 6647 6664
3 6600 6685 6569
3 6649 6648 6522
3 6772 6583 6443
3 6492 6772 6443
3 6556 9529 6601
3 6687 6764 6493
3 6765 6687 6570
3 6570 6735 6765
3 6666 6603 6625
3 6703 6603 6604
3 6604 6605 6703
3 6667 6703 6605
3 6605 6557 6667
3 6536 6667 6557
3 6638 6691 6606
3 6739 6607 6705
3 6608 6705 6607
3 6539 6560 6752
3 6610 6572 6694
3 6572 6611 6694
3 6671 6670 6500
3 6500 6588 6671
3 6612 6561 6797
3 6724 6629 6578
3 6613 6709 6542
3 6614 6824 6563
3 6565 6543 6544
3 6641 6631 6519
3 6743 6641 6615
3 6615 6616 6743
3 6616 6593 6719
3 6676 6719 6593
3 6676 6546 6677
3 6872 6594 6678
3 6656 6726 6573
3 6548 6874 6844
3 6767 6575 6645
3 6696 6576 6712
3 6581 6830 6577
3 6663 6682 6568
3 6569 6716 6532
3 6685 6684 6569
3 6701 6621 6555
3 6584 6701 6555
3 6764 6602 6493
3 6718 6735 6523
3 6523 6586 6718
3 6625 6637 6666
3 6558 6691 6689
3 6752 6609 6539
3 6820 6628 6721
3 6669 6721 6628
3 6694 6693 6610
3 6797 6754 6612
3 6590 6541 6673
3 6709 6673 6541
3 6711 6674 6631
3 9979 6642 6632
3 6766 6655 6507
3 6507 6594 6872
3 6788 6747 6358
3 6358 6526 6788
3 6402 6618 6877
3 6847 6463 6580
3 6580 6473 6895
3 6728 6895 6473
3 6713 6728 6509
3 6509 6789 6713
3 6633 6634 6806
3 6989 6634 6596
3 6807 6989 6596
3 6848 6577 6830
3 6582 9543 6679
3 6647 6532 6716
3 6716 6569 6684
3 6734 6811 6556
3 6902 6622 6602
3 6623 6688 6665
3 6624 6688 6623
3 6624 6666 6702
3 6703 6625 6603
3 6738 6667 6536
3 6483 6639 6720
3 6639 6739 6818
3 6752 6560 6692
3 6588 6589 6672
3 6651 6562 6798
3 6709 6613 6756
3 6613 6710 6756
3 6640 6742 6782
3 6695 6630 6725
3 6631 6641 6675
3 6746 6644 6595
3 6875 6748 6576
3 6576 6659 6875
3 6727 6877 6618
3 6727 6463 6847
3 6895 6847 6580
3 6619 6551 6804
3 6714 6646 6597
3 6597 6635 6714
3 6679 6635 6582
3 6636 6679 9543
3 6698 6680 6699
3 6680 6661 6730
3 6664 6647 6716
3 6810 6650 6583
3 6492 6621 6717
3 6701 6717 6621
3 9529 6556 6811
3 6686 6902 6602
3 6764 6686 6602
3 6736 6666 6637
3 6751 6738 6536
3 6536 6689 6751
3 6690 6689 6691
3 6626 6668 6704
3 6627 6483 6720
3 6720 6639 6975
3 6820 6692 6560
3 6706 6669 6693
3 6672 6671 6588
3 6780 6708 6651
3 6799 6540 6673
3 6710 6652 6757
3 6652 6853 6757
3 6782 6758 6504
3 6742 6543 6801
3 6653 6674 6827
3 6759 6711 6631
3 6675 6784 6631
3 6696 6659 6576
3 6894 6696 6712
3 6804 6789 6619
3 6715 6714 6635
3 6698 6679 6636
3 6661 6662 6791
3 6682 6663 6831
3 6663 6809 6831
3 6891 6809 6700
3 6683 6664 6833
3 6648 6649 6860
3 6772 6810 6583
3 6772 6492 6717
3 6584 9529 6763
3 6665 6688 9751
3 6736 6702 6666
3 6737 6736 6637
3 6637 6625 6737
3 6625 6703 6737
3 6668 6627 6704
3 6706 6721 6669
3 6779 6694 6611
3 6611 6670 6779
3 6886 6756 6710
3 6652 6824 6853
3 6781 6824 6614
3 6758 6781 6614
3 6543 6565 6591
3 6630 6653 6827
3 6711 6827 6674
3 6784 6759 6631
3 6654 6675 6641
3 6719 6743 6616
3 6676 6677 6719
3 6928 6678 6643
3 6617 6928 6643
3 6767 6645 6748
3 6805 6804 6551
3 6806 6768 6633
3 6989 6806 6634
3 6635 6679 6715
3 6730 6699 6680
3 6731 6599 6475
3 6475 6761 6731
3 6681 6682 6770
3 6683 6700 6521
3 6716 6833 6664
3 6684 6685 6834
3 6732 6834 6685
3 6685 6600 6732
3 6600 6648 6732
3 6810 6649 6650
3 6686 6764 6862
3 6751 6689 6794
3 6690 6691 6776
3 6638 6776 6691
3 6638 6626 6816
3 6817 6816 6626
3 6704 6817 6626
3 6627 6720 6922
3 6818 6975 6639
3 6976 6752 6692
3 6706 6693 6740
3 6694 6740 6693
3 6837 6779 6670
3 6722 6837 6670
3 6629 6798 6562
3 6799 6823 6540
3 6673 6709 6755
3 6591 6695 6841
3 6719 6677 6744
3 6760 6677 6786
3 6677 6642 6786
3 6642 9979 6786
3 9677 6655 6766
3 6766 6507 6910
3 6872 6910 6507
3 6617 6547 6787
3 6697 6660 6988
3 6877 6660 6402
3 6620 6805 6551
3 6749 6896 6620
3 6749 6633 6768
3 6698 6699 6745
3 6730 6661 6859
3 6661 6791 6859
3 6860 6732 6648
3 6701 6584 6733
3 6763 6733 6584
3 6773 6624 6702
3 6774 6773 6702
3 6702 6736 6774
3 6703 6667 6815
3 6667 6738 6815
3 6852 6689 6690
3 6776 6638 6816
3 6705 6608 6819
3 6608 6609 6819
3 6721 6796 6820
3 6721 6706 6777
3 6670 6671 6722
3 6884 6797 6561
3 6561 6708 6884
3 6780 6839 6708
3 6710 6757 6886
3 6591 6801 6543
3 6841 6695 6725
3 6827 6826 6630
3 6844 6726 6656
3 6712 6697 6929
3 6846 6988 6660
3 6877 6846 6660
3 6646 6714 9950
3 6729 9950 6714
3 6714 6715 6729
3 6662 6599 6899
3 6833 6716 6762
3 6716 6684 6762
3 6834 6762 6684
3 6744 6785 6719
3 6760 6744 6677
3 6737 6703 6750
3 6815 6750 6703
3 6794 6851 6751
3 6794 6689 6852
3 6690 6776 6852
3 6739 6705 6864
3 6752 6819 6609
3 6779 6778 6694
3 6671 6672 6753
3 9978 6707 6937
3 6798 6885 6651
3 6798 6629 6741
3 6957 6629 6724
3 6801 6591 6841
3 6725 6630 6826
3 6802 6784 6675
3 6726 6911 6547
3 6658 6746 6845
3 6595 6912 6746
3 6595 6747 7115
3 6876 6875 6659
3 6659 6696 6876
3 6894 6876 6696
3 6929 6894 6712
3 6727 6847 6878
3 6895 6728 6964
3 6858 6789 6804
3 6729 6715 6769
3 6808 6791 6662
3 6949 6761 6770
3 6891 6700 6832
3 7027 6832 6700
3 6700 6683 7027
3 6750 6774 6736
3 6736 6737 6750
3 6815 6738 6775
3 6738 6751 6775
3 6922 6704 6627
3 6777 6706 6866
3 6706 6740 6866
3 6778 6866 6740
3 6740 6694 6778
3 6753 6722 6671
3 6785 6828 6743
3 6838 6937 6707
3 6723 6838 6707
3 6885 6780 6651
3 6755 6709 6869
3 6756 6869 6709
3 6940 6782 6742
3 6783 6940 6742
3 6742 6801 6783
3 6827 6711 6927
3 6766 9676 9677
3 6946 7115 6747
3 6788 6946 6747
3 6526 6574 6962
3 6988 6929 6697
3 6896 6749 6768
3 6818 6739 6795
3 6864 6795 6739
3 6819 6752 6976
3 6688 6624 6773
3 6797 6868 6754
3 6839 6884 6708
3 6906 6756 6886
3 6800 6886 6757
3 6853 6800 6757
3 6908 6927 6711
3 6711 6759 6908
3 6759 6784 6887
3 6654 6802 6675
3 6662 6899 6808
3 6599 6731 6899
3 6792 6899 6731
3 6731 6761 6792
3 6771 7027 6683
3 6717 6701 6892
3 6734 6793 6811
3 6734 6622 6793
3 6861 6793 6622
3 6862 6764 6835
3 6764 6687 6835
3 6687 6765 6835
3 6910 6893 6766
3 6911 6787 6547
3 6912 6595 7115
3 6964 6728 6713
3 6806 7025 6768
3 6931 6790 6745
3 6745 6730 6931
3 6949 6792 6761
3 6901 6860 6649
3 6649 6810 6901
3 6772 6717 6849
3 6717 6892 6849
3 6622 6902 6861
3 9945 9953 6718
3 6750 6813 6774
3 6775 6751 6851
3 6794 6852 6880
3 6974 6816 6817
3 6819 6865 6705
3 6866 6821 6777
3 6837 6778 6779
3 6753 6672 6822
3 6838 6723 6868
3 6754 6868 6723
3 6629 6957 6741
3 6755 6799 6673
3 6855 6824 6781
3 6758 6782 6825
3 6802 6887 6784
3 6802 6654 6856
3 6785 6744 6829
3 9977 6760 6786
3 6790 9948 6745
3 6753 6822 6843
3 6893 9676 6766
3 6788 6526 6913
3 6962 6913 6526
3 6894 6929 7075
3 6895 6964 6914
3 6805 6620 6896
3 6729 6769 9958
3 6835 6765 6932
3 6773 9741 6688
3 6814 6813 6750
3 6750 6815 6814
3 6851 6850 6775
3 6820 6881 6692
3 6721 6777 6882
3 6777 6821 6882
3 6904 6866 6778
3 6799 6755 6840
3 6825 6855 6758
3 6940 6825 6782
3 6801 6841 6783
3 6887 6908 6759
3 6760 6829 6744
3 6804 6805 6858
3 7077 6989 6807
3 6848 7077 6807
3 6898 6931 6730
3 6898 6730 6859
3 6732 6860 6900
3 6849 6810 6772
3 6701 6733 6892
3 6765 6735 6932
3 6836 6932 6735
3 6735 6718 6836
3 9953 6836 6718
3 9741 6773 6879
3 6773 6812 6879
3 6903 6812 6774
3 6774 6813 6903
3 6850 6814 6815
3 6815 6775 6850
3 6852 6776 6921
3 7098 6776 6816
3 7030 7098 6816
3 6817 6704 7046
3 6975 6922 6720
3 6796 6881 6820
3 6882 6954 6721
3 6867 6904 6778
3 6778 6837 6883
3 6722 6936 6837
3 6843 6722 6753
3 6797 6884 6868
3 6869 6756 6906
3 6854 6853 6824
3 6855 6854 6824
3 6842 6826 6827
3 6945 6928 6617
3 6617 6787 6945
3 6912 6845 6746
3 7024 6748 6875
3 6988 6846 7163
3 6848 6830 7010
3 9748 7010 6830
3 9948 6790 6871
3 6999 6790 6931
3 6682 6831 7003
3 6762 6771 6833
3 7021 6763 6811
3 6811 6793 7021
3 6851 6794 6880
3 6817 7046 6974
3 7046 6704 6922
3 6865 6864 6705
3 6881 6976 6692
3 6954 6796 6721
3 6991 6821 6866
3 6837 6936 6883
3 6823 6799 6938
3 6869 6840 6755
3 6783 6841 6907
3 6841 6725 6907
3 7052 6827 6927
3 6856 6996 6802
3 6857 6870 6828
3 6829 6942 6857
3 6909 6829 6760
3 6760 9977 6909
3 6726 6844 6873
3 6788 6913 6946
3 7000 6791 6808
3 6891 6831 6809
3 6832 7004 6891
3 6732 6900 6950
3 6861 7063 6793
3 6862 6835 6918
3 6812 6903 6934
3 6972 6903 6813
3 6850 6851 6920
3 6776 7098 6921
3 6975 6818 6863
3 6818 6795 6863
3 6866 6904 6935
3 6923 6867 6778
3 6778 6883 6923
3 6937 6838 6995
3 6957 6724 6967
3 6724 6823 6967
3 6938 6967 6823
3 6840 6869 6905
3 6800 6853 6958
3 6854 6958 6853
3 6825 6940 6926
3 6725 6826 6907
3 6870 6982 6856
3 6942 6870 6857
3 6889 9948 6871
3 9676 6893 6960
3 6872 6678 6961
3 6657 6658 7008
3 6845 7008 6658
3 6878 6877 6727
3 9743 7010 9748
3 6859 6791 7078
3 6949 6770 6890
3 6770 6682 6890
3 6771 6762 7043
3 6762 6834 6969
3 6834 6732 6950
3 6901 6900 6860
3 6861 6902 6917
3 7029 6862 6918
3 6932 6836 6985
3 6880 6852 6921
3 6816 6974 7030
3 6839 6924 6884
3 6780 6885 6925
3 6885 6798 7070
3 6741 7070 6798
3 6906 6905 6869
3 6958 6886 6800
3 6825 7017 6855
3 6842 6907 6826
3 7052 6842 6827
3 6909 6888 6829
3 9958 9956 9966
3 6889 6871 6897
3 6943 6936 6722
3 6722 6843 6943
3 6961 6678 6944
3 6945 6987 6928
3 6873 6911 6726
3 7007 6844 6874
3 6874 6657 7007
3 6878 6847 6930
3 6896 7039 6805
3 6947 7077 6848
3 7010 6947 6848
3 6879 6812 6933
3 6813 6814 6972
3 6920 6851 6953
3 6880 6953 6851
3 6864 6865 7082
3 6796 7012 6881
3 6955 6954 6882
3 6991 6882 6821
3 6868 6995 6838
3 6868 6884 6924
3 6925 6885 7100
3 6840 6938 6799
3 6958 6906 6886
3 6941 6908 6887
3 7018 6887 6802
3 9958 6889 6915
3 6889 6897 6915
3 6871 6999 6983
3 6969 7043 6762
3 6916 6901 6810
3 6892 6916 6849
3 6733 6984 6892
3 6793 7063 7021
3 6919 6835 6932
3 6843 6822 6986
3 6893 6910 6960
3 6767 6574 6803
3 6767 6748 7024
3 6847 6895 6930
3 6914 6930 6895
3 6713 6789 7009
3 6858 6805 7039
3 6983 6897 6871
3 6931 6898 6948
3 6898 6859 6948
3 6791 7000 7078
3 6808 6899 7000
3 6899 6792 7001
3 7003 6890 6682
3 7003 6831 7004
3 6831 6891 7004
3 7027 6771 6968
3 7043 7093 6771
3 6969 6834 6950
3 6763 7021 7028
3 6902 6686 6917
3 7005 6686 6862
3 7029 7005 6862
3 6918 6835 6919
3 6812 6934 6933
3 6934 6903 6951
3 7081 6951 6903
3 6972 7081 6903
3 6814 6850 6952
3 6920 6952 6850
3 6975 7108 6922
3 6819 7082 6865
3 6991 6955 6882
3 6991 6866 6935
3 6935 6904 6993
3 6904 6867 6993
3 6925 6839 6780
3 6926 7017 6825
3 6783 6907 6980
3 6981 7052 6927
3 7018 6941 6887
3 6996 7018 6802
3 6998 6959 6870
3 6942 6998 6870
3 9986 6888 6909
3 7036 6986 6822
3 6910 6872 7056
3 6961 7056 6872
3 6928 6944 6678
3 6787 6911 7038
3 6876 6894 6971
3 6858 7009 6789
3 6948 6999 6931
3 7001 7000 6899
3 6917 7063 6861
3 9937 6985 6836
3 6952 6972 6814
3 6953 6880 6973
3 6880 6921 6973
3 7045 6974 7046
3 7046 6922 6990
3 6864 7123 6795
3 6819 6965 7082
3 6976 6965 6819
3 6923 6883 6956
3 6936 6956 6883
3 6924 7016 6868
3 6854 6855 6939
3 6855 7017 6939
3 6979 6940 6783
3 6927 6908 6981
3 6986 6943 6843
3 6960 9674 9676
3 7008 7007 6657
3 7024 6875 6963
3 6875 6876 6963
3 6989 7025 6806
3 7077 7195 6989
3 7002 7001 6792
3 7093 6968 6771
3 6901 6916 7151
3 6932 6985 7165
3 6933 9753 6879
3 7108 6990 6922
3 6975 6863 7066
3 6976 6881 7012
3 7067 7012 6796
3 6954 7067 6796
3 6993 6867 7032
3 6956 6936 6966
3 6926 6940 6979
3 6980 7172 6783
3 7052 7051 6842
3 6959 6982 6870
3 7056 6961 7037
3 7116 6946 6913
3 6767 7057 6574
3 6876 6971 6963
3 6964 7059 6914
3 6964 6713 7087
3 7009 7087 6713
3 6915 6897 7026
3 6983 7026 6897
3 7078 6948 6859
3 6792 6949 7002
3 6949 6890 7002
3 6950 6900 6970
3 7094 6900 6901
3 7151 7094 6901
3 7020 6916 6892
3 6892 6984 7020
3 7005 6917 6686
3 6919 6932 7165
3 6952 6920 7011
3 6953 7011 6920
3 7031 6954 6955
3 6992 6991 6935
3 6993 6992 6935
3 6956 7083 6923
3 6934 9936 9949
3 6937 6995 7015
3 6741 6957 7139
3 7191 7139 6957
3 7110 6905 6906
3 6906 6958 6978
3 7125 7017 6926
3 6783 7172 6979
3 7051 6980 6907
3 6907 6842 7051
3 6908 6941 7034
3 6996 6856 7053
3 6997 7053 6856
3 6856 6982 6997
3 7056 6960 6910
3 6913 6962 7176
3 6962 6574 7176
3 7075 6971 6894
3 6988 7163 7144
3 7087 7059 6964
3 6934 6951 7096
3 6973 6921 7184
3 7098 7184 6921
3 6991 7031 6955
3 7070 7100 6885
3 7033 7191 6957
3 6938 6840 7071
3 6906 6978 7110
3 6979 7125 6926
3 6981 6908 7034
3 6959 6998 7054
3 7026 9935 6915
3 6983 6999 7041
3 7019 6999 6948
3 6948 7078 7149
3 6832 7027 7004
3 6970 7062 6950
3 6733 6763 7095
3 6945 6787 7162
3 7038 7162 6787
3 7057 7176 6574
3 7025 6989 7195
3 7090 7077 6947
3 9753 6933 9940
3 6934 7096 7105
3 7108 6975 7066
3 7012 6965 6976
3 7047 7032 6867
3 6867 6923 7047
3 6923 7083 7047
3 7016 6924 7049
3 6967 7033 6957
3 6840 6905 7071
3 7110 7071 6905
3 7034 7084 6981
3 6959 6997 6982
3 7149 7019 6948
3 7042 7004 7027
3 7027 6968 7061
3 7062 7043 6969
3 6969 6950 7062
3 7094 6970 6900
3 6984 6733 7044
3 7095 7044 6733
3 7028 7095 6763
3 7029 6918 7022
3 6918 6919 7022
3 6943 6986 7023
3 6986 7086 7023
3 6986 7036 7086
3 6944 6928 7210
3 6987 7210 6928
3 7162 6987 6945
3 7038 6911 7006
3 6873 7006 6911
3 7024 7058 6767
3 6846 6877 7117
3 6877 6878 7117
3 7010 7090 6947
3 7081 7065 6951
3 6952 7011 7106
3 6864 7082 7200
3 7014 7013 6994
3 9988 7014 6888
3 7015 6995 7069
3 6995 6868 7138
3 7016 7138 6868
3 7050 6924 6839
3 6839 6925 7050
3 6938 7101 6967
3 6958 6854 6978
3 7017 7125 7337
3 7084 7052 6981
3 7018 6996 7173
3 7055 7054 6998
3 6983 7041 7040
3 7092 7001 7002
3 7003 7129 6890
3 7003 7004 7129
3 7061 6968 7093
3 6916 7020 7151
3 7044 7079 6984
3 6961 6944 7209
3 7210 7209 6944
3 6844 7007 7211
3 7057 6767 7058
3 6963 7058 7024
3 7089 7039 6896
3 7076 7089 6896
3 6896 6768 7076
3 7025 7076 6768
3 7096 6951 7132
3 7065 7132 6951
3 6972 7122 7081
3 6953 6973 7107
3 7278 7066 6863
3 6795 7278 6863
3 7200 7123 6864
3 7031 7067 6954
3 7031 6991 7068
3 6992 7068 6991
3 7134 6993 7032
3 7013 7014 7109
3 7014 9988 7109
3 7139 7070 6741
3 7101 7033 6967
3 7071 7101 6938
3 7255 6978 6854
3 6939 7017 7205
3 7337 7205 7017
3 7051 7052 7126
3 7052 7084 7126
3 7112 6941 7018
3 7035 7085 9956
3 9969 7035 9935
3 7040 7026 6983
3 6999 7019 7041
3 7002 6890 7104
3 7129 7104 6890
3 7121 7042 7027
3 7020 6984 7079
3 7198 7028 7021
3 7063 7198 7021
3 6917 7219 7063
3 7080 7165 6985
3 7073 7086 7036
3 7037 6961 7209
3 6987 7162 7193
3 7144 6929 6988
3 7088 7009 6858
3 7060 7088 6858
3 6858 7039 7060
3 7076 7025 7177
3 7195 7177 7025
3 7119 7195 7077
3 7104 7092 7002
3 7230 7129 7004
3 7061 7121 7027
3 9753 9940 9930
3 7235 7030 6974
3 6974 7045 7235
3 7031 7068 7099
3 6992 6993 7068
3 7134 7068 6993
3 7047 7134 7032
3 7048 7083 6956
3 7138 7137 6995
3 7126 7267 7051
3 7111 7034 6941
3 7112 7111 6941
3 7056 7074 6960
3 7041 7019 7091
3 7042 7230 7004
3 7093 7043 7216
3 7062 7216 7043
3 6917 7005 7219
3 7199 7005 7029
3 7097 7122 6972
3 7011 6953 7106
3 7107 7106 6953
3 7236 7045 7046
3 6990 7236 7046
3 7261 6965 7012
3 7099 7067 7031
3 7050 7049 6924
3 7204 7255 6854
3 6854 6939 7204
3 7053 7173 6996
3 7054 7055 7158
3 7072 7158 7055
3 7142 7023 7086
3 7074 7056 7114
3 7037 7114 7056
3 7058 7247 7057
3 7194 7075 6929
3 7163 6846 7145
3 6846 7117 7145
3 7271 7087 7009
3 7088 7271 7009
3 7147 7040 7041
3 7091 7019 7103
3 7120 7000 7164
3 7000 7001 7164
3 7042 7121 7150
3 6970 7181 7062
3 6970 7094 7181
3 7198 7130 7028
3 7022 7182 7029
3 7064 9753 9959
3 9753 9930 9959
3 7065 7081 7122
3 6972 6952 7097
3 6952 7106 7097
3 7439 7098 7030
3 7261 7082 6965
3 7133 7012 7067
3 7157 7134 7047
3 7069 6995 7169
3 7137 7169 6995
3 7049 7138 7016
3 7412 6979 7172
3 7018 7173 7112
3 7206 7112 7173
3 7054 7102 6997
3 7211 7006 6873
3 6873 6844 7211
3 7116 7115 6946
3 7118 6878 6930
3 6930 6914 7118
3 7090 7119 7077
3 7041 7091 7178
3 7091 7103 7148
3 7019 7149 7103
3 7078 7000 7120
3 7180 7121 7061
3 7093 7180 7061
3 7095 7028 7217
3 7332 7022 6919
3 7183 7332 6919
3 7165 7183 6919
3 9959 7135 7064
3 7132 7065 7154
3 7155 7107 6973
3 6973 7184 7155
3 7278 6795 7123
3 7261 7349 7082
3 7133 7067 7099
3 7083 7048 7047
3 7221 7047 7048
3 7050 6925 7170
3 7100 7170 6925
3 7110 6978 7171
3 7084 7034 7192
3 7053 6997 7102
3 7140 7102 7054
3 7158 7140 7054
3 7086 7073 7142
3 7115 6845 6912
3 6963 7143 7058
3 7144 7163 7284
3 6914 7059 7118
3 7087 7213 7059
3 7087 7271 7213
3 7195 7119 7214
3 7040 7147 9955
3 7178 7147 7041
3 7148 7178 7091
3 7094 7151 7257
3 7217 7044 7095
3 7166 7105 7096
3 7122 7154 7065
3 7184 7098 7168
3 7235 7439 7030
3 7236 6990 7250
3 7108 7066 7250
3 7100 7070 7298
3 7139 7298 7070
3 7033 7101 7124
3 7255 7171 6978
3 7205 7204 6939
3 6980 7051 7241
3 7051 7267 7241
3 7034 7111 7192
3 7102 7225 7053
3 7114 7037 7228
3 7193 7210 6987
3 7008 6845 7390
3 7176 7057 7270
3 7247 7270 7057
3 6971 7075 7283
3 7118 7117 6878
3 7088 7060 7272
3 7039 7146 7060
3 7216 7180 7093
3 7181 7231 7062
3 7020 7079 7152
3 7219 7198 7063
3 7132 7166 7096
3 7132 7154 7234
3 7155 7276 7107
3 6990 7108 7250
3 7349 7200 7082
3 7099 7068 7186
3 9982 7136 7109
3 7170 7100 7202
3 7101 7071 7203
3 7337 7125 7240
3 7412 7125 6979
3 7126 7084 7141
3 7173 7053 7225
3 7159 7142 7073
3 7073 7113 7159
3 7127 7159 7113
3 7209 7228 7037
3 7007 7008 7390
3 7116 6913 7175
3 7369 7175 6913
3 7144 7194 6929
3 7212 7117 7118
3 7146 7039 7089
3 7328 7001 7092
3 7104 7328 7092
3 7150 7230 7042
3 7150 7121 7273
3 7079 7044 7258
3 7044 7217 7258
3 7005 7199 7219
3 7135 7220 7064
3 7131 7153 9962
3 7166 7131 9962
3 9962 7105 7166
3 7132 7234 7167
3 7107 7275 7106
3 7250 7066 7185
3 7261 7012 7133
3 7201 7262 7133
3 7133 7099 7201
3 7099 7186 7251
3 7157 7047 7221
3 7138 7049 7190
3 7049 7050 7296
3 7170 7296 7050
3 7298 7139 7299
3 7212 7145 7117
3 7103 7149 7229
3 7231 7216 7062
3 7151 7020 7152
3 7258 7152 7079
3 7028 7130 7217
3 7167 7166 7132
3 7184 7276 7155
3 7098 7439 7168
3 7278 7185 7066
3 7123 7313 7278
3 7251 7201 7099
3 7187 7186 7068
3 7068 7134 7187
3 7134 7157 7156
3 7298 7202 7100
3 7203 7124 7101
3 7224 7172 6980
3 6980 7241 7224
3 7084 7192 7141
3 7225 7102 7242
3 7256 7111 7112
3 7226 7102 7207
3 7228 7161 7114
3 7006 7211 7245
3 6845 7115 7116
3 7176 7369 6913
3 6971 7303 6963
3 7090 7214 7119
3 7148 7103 7196
3 7286 7273 7121
3 7121 7180 7286
3 7232 7181 7094
3 7257 7232 7094
3 7151 7152 7257
3 7276 7275 7107
3 7156 7187 7134
3 7221 7188 7157
3 7190 7049 7296
3 7191 7299 7139
3 7159 7160 7174
3 7370 7143 6963
3 6963 7303 7370
3 6971 7283 7303
3 7194 7283 7075
3 7144 7284 7323
3 7532 7284 7163
3 7163 7145 7532
3 7271 7088 7272
3 7089 7076 7371
3 7177 7371 7076
3 7215 9955 7147
3 7078 7120 7197
3 7129 7307 7104
3 7230 7179 7129
3 7346 7130 7198
3 7393 7199 7029
3 7182 7393 7029
3 7363 7183 7165
3 7165 7080 7363
3 7131 7166 9603
3 7234 7154 7249
3 7154 7122 7249
3 7188 7156 7157
3 7135 7189 7220
3 7138 7295 7137
3 7296 7170 7223
3 7202 7223 7170
3 7071 7110 7203
3 7110 7171 7280
3 7255 7204 7265
3 7172 7224 7412
3 7112 7206 7256
3 7225 7206 7173
3 7226 7242 7102
3 7211 7007 7354
3 7390 7354 7007
3 7369 7176 7246
3 7323 7194 7144
3 7355 7532 7145
3 7272 7060 7324
3 7146 7324 7060
3 7147 7178 7215
3 7103 7229 7196
3 7328 7164 7001
3 7129 7179 7307
3 7231 7181 7287
3 7393 7182 7331
3 7332 7183 7288
3 7233 7363 7080
3 7249 7259 7234
3 7260 7249 7122
3 7097 7260 7122
3 7276 7184 7277
3 7184 7168 7277
3 7045 7236 7310
3 7262 7261 7133
3 7365 7262 7201
3 7201 7251 7263
3 7186 7187 7251
3 9941 7220 7189
3 7202 7298 7297
3 7318 7299 7191
3 7191 7033 7318
3 7111 7256 7192
3 7270 7246 7176
3 7247 7058 7415
3 7212 7355 7145
3 7213 7385 7059
3 7177 7195 7372
3 7195 7214 7372
3 7214 7090 7357
3 7248 7357 7090
3 7148 7196 7285
3 7149 7078 7229
3 7197 7229 7078
3 7164 7328 7463
3 7181 7232 7287
3 7258 7329 7152
3 7258 7217 7330
3 7218 7217 7130
3 9619 7219 7199
3 7106 7275 7097
3 7123 7200 7238
3 7349 7238 7200
3 7365 7201 7366
3 7201 7263 7366
3 7137 7279 7169
3 7280 7203 7110
3 7204 7205 7265
3 7125 7412 7266
3 7267 7126 7338
3 7126 7141 7338
3 7242 7226 7243
3 7227 7226 7207
3 7302 7228 7209
3 7398 7193 7162
3 7354 7556 7211
3 7390 6845 7322
3 7116 7322 6845
3 7213 7271 7304
3 7372 7371 7177
3 7215 7178 9952
3 7285 9952 7178
3 7178 7148 7285
3 7197 7120 7463
3 7230 7150 7308
3 7309 7286 7180
3 7217 7218 7343
3 7404 9619 7199
3 7393 7404 7199
3 7363 7288 7183
3 7220 9941 7252
3 7167 7234 7290
3 7310 7235 7045
3 7236 7250 7237
3 7313 7123 7238
3 7187 7156 7350
3 7295 7279 7137
3 7203 7368 7124
3 7239 7280 7171
3 7205 7337 7319
3 7337 7240 7380
3 7240 7125 7266
3 7426 7338 7141
3 7192 7426 7141
3 7256 7206 7339
3 7206 7225 7282
3 7225 7242 7282
3 7243 7226 10001
3 7244 10001 7226
3 7226 7227 7244
3 7038 7006 7441
3 7556 7245 7211
3 7385 7118 7059
3 9952 9955 7215
3 7120 7164 7463
3 7328 7104 7433
3 7216 7309 7180
3 7216 7231 7309
3 7257 7152 7329
3 7182 7022 7347
3 7332 7347 7022
3 7289 7363 7233
3 7234 7259 7291
3 7097 7275 7377
3 7251 7187 7263
3 7253 7136 7264
3 7136 9982 7264
3 7138 7190 7295
3 7124 7318 7033
3 7268 7192 7256
3 7243 7282 7242
3 7146 7089 7356
3 7371 7356 7089
3 7309 7231 7287
3 7343 7330 7217
3 7343 7218 7344
3 7345 7218 7130
3 7130 7346 7345
3 9603 7166 7405
3 7167 7405 7166
3 7274 7468 7259
3 7259 7249 7274
3 7249 7260 7406
3 7439 7277 7168
3 7312 7311 7250
3 7250 7185 7312
3 7185 7278 7395
3 7238 7292 7313
3 7188 7350 7156
3 7248 7252 7325
3 7317 6977 7253
3 7264 7317 7253
3 7353 7264 7254
3 7169 7279 7294
3 7396 7223 7202
3 7297 7396 7202
3 7368 7318 7124
3 7265 7239 7171
3 7171 7255 7265
3 7256 7339 7268
3 7320 7206 7282
3 9952 7285 7305
3 7196 7229 7326
3 7232 7257 7360
3 7329 7360 7257
3 7330 7329 7258
3 7291 7290 7234
3 7260 7097 7377
3 7439 7235 7498
3 7333 7310 7236
3 7236 7237 7333
3 7250 7364 7237
3 7261 7262 7334
3 7263 7187 7350
3 7317 7264 7353
3 7203 7280 7300
3 7265 7205 7281
3 7241 7267 7224
3 7268 7426 7192
3 7210 7302 7209
3 7389 7398 7162
3 7162 7038 7389
3 7143 7415 7058
3 7384 7283 7194
3 7194 7323 7384
3 7385 7213 7476
3 7271 7272 7304
3 7391 7285 7196
3 7229 7197 7306
3 7179 7230 7493
3 7308 7493 7230
3 7392 7286 7309
3 7331 7182 7347
3 7405 7348 9603
3 7290 7405 7167
3 7274 7249 7406
3 7406 7260 7377
3 7276 7277 7394
3 7185 7395 7312
3 7278 7313 7395
3 7365 7334 7262
3 7188 7222 7315
3 7317 7293 6977
3 7223 7336 7296
3 7239 7300 7280
3 7319 7281 7205
3 7301 7320 7282
3 7282 7243 7301
3 7397 7301 7269
3 7321 7397 7269
3 7228 7321 7161
3 7302 7210 7428
3 7441 7006 7245
3 7116 7175 7342
3 7270 7247 7415
3 7324 7146 7356
3 7357 7373 7214
3 7326 7391 7196
3 7306 7326 7229
3 7150 7273 7308
3 7421 7309 7287
3 7360 7421 7287
3 7287 7232 7360
3 7343 7344 7436
3 7362 7344 7218
3 7345 7362 7218
3 7403 7345 7346
3 7448 7291 7259
3 7468 7448 7259
3 7334 7610 7261
3 7188 7314 7350
3 7317 7374 7293
3 9974 7294 7375
3 7295 7190 7367
3 7336 7367 7190
3 7190 7296 7336
3 7299 7297 7298
3 7300 7368 7203
3 7411 7240 7266
3 7530 7412 7224
3 7320 7339 7206
3 7341 7321 7228
3 7302 7341 7228
3 7210 7193 7617
3 7460 7246 7475
3 7270 7475 7246
3 7383 7370 7303
3 9960 7305 7358
3 7327 7306 7197
3 7197 7463 7327
3 7307 7359 7104
3 7307 7179 7434
3 7330 7343 7402
3 7363 7289 7446
3 9608 7446 7289
3 7290 7291 7405
3 7277 7439 7525
3 7235 7310 7498
3 7292 7395 7313
3 7334 7365 7452
3 7315 7314 7188
3 7315 7316 7335
3 7353 7374 7317
3 7367 7379 7295
3 7336 7223 7408
3 7381 7320 7301
3 7301 7397 7381
3 7341 7340 7321
3 7617 7428 7210
3 7322 7116 7342
3 7369 7246 7414
3 7382 7415 7143
3 7143 7370 7382
3 7303 7283 7383
3 7532 7323 7284
3 7272 7324 7416
3 7372 7214 7477
3 7214 7373 7477
3 7432 7325 7252
3 7358 7305 7376
3 7305 7285 7391
3 7519 7463 7328
3 7421 7392 7309
3 7360 7329 7401
3 7329 7330 7361
3 7402 7361 7330
3 9619 7404 7437
3 7465 7331 7466
3 7347 7466 7331
3 7347 7332 7445
3 7288 7445 7332
3 7447 7405 7291
3 7377 7275 7449
3 7364 7250 7311
3 7292 7238 7451
3 7366 7263 7455
3 7314 7315 7351
3 7315 7335 7351
3 7352 7351 7335
3 7379 7294 7279
3 7279 7295 7379
3 7408 7223 7528
3 7297 7299 7440
3 7318 7440 7299
3 7380 7319 7337
3 7266 7412 7411
3 7585 7411 7412
3 7224 7267 7338
3 7513 7341 7302
3 7428 7513 7302
3 7441 7389 7038
3 7245 7556 7429
3 7414 7246 7460
3 7270 7415 7461
3 7431 7212 7118
3 7118 7385 7431
3 7304 7476 7213
3 7391 7376 7305
3 7359 7307 7434
3 7435 7273 7286
3 7392 7435 7286
3 7421 7360 7401
3 7361 7401 7329
3 7436 7402 7343
3 7345 7403 7444
3 7348 9608 9602
3 7275 7378 7449
3 7275 7276 7378
3 7364 7333 7237
3 7395 7292 7526
3 7263 7350 7423
3 7352 7470 7351
3 7353 7375 7374
3 7396 7528 7223
3 7240 7411 7457
3 7339 7320 7427
3 7381 7397 7413
3 7461 7475 7270
3 7416 7304 7272
3 7569 7416 7324
3 7356 7569 7324
3 7399 7373 7357
3 7376 7419 7358
3 7306 7327 7479
3 7433 7519 7328
3 7435 7308 7273
3 7467 7445 7288
3 7288 7363 7446
3 7291 7448 7447
3 7438 7274 7406
3 7394 7277 7524
3 7497 7439 7498
3 7365 7366 7454
3 7455 7454 7366
3 7486 7423 7350
3 7350 7314 7486
3 7407 7314 7351
3 7367 7336 7425
3 7297 7440 7396
3 7265 7281 7410
3 7319 7380 7459
3 7457 7380 7240
3 7338 7426 7508
3 7339 7531 7268
3 7427 7458 7339
3 7513 9540 7341
3 7322 7342 7515
3 7509 7384 7323
3 7532 7509 7323
3 7489 7417 7371
3 7371 7372 7489
3 7418 7477 7373
3 7478 7399 7325
3 7432 7478 7325
3 7387 7374 7375
3 7391 7326 7400
3 7479 7326 7306
3 7433 7104 7492
3 7359 7492 7104
3 7493 7434 7179
3 7435 7392 7420
3 7276 7394 7378
3 7312 7575 7311
3 7537 7334 7452
3 7388 7379 7581
3 7425 7336 7408
3 7440 7318 7409
3 7410 7239 7265
3 7426 7268 7531
3 7458 7531 7339
3 7390 7556 7354
3 7515 7390 7322
3 7726 7515 7342
3 7628 7342 7175
3 7175 7369 7628
3 7382 7568 7415
3 7283 7384 7430
3 7372 7477 7489
3 7399 7418 7373
3 7193 7398 7617
3 7514 7398 7389
3 7414 7628 7369
3 7430 7384 7509
3 7557 7532 7355
3 7431 7557 7355
3 7355 7212 7431
3 7431 7385 7476
3 7417 7356 7371
3 7462 7419 7376
3 7391 7462 7376
3 7361 7402 7481
3 7344 7362 7495
3 7443 7362 7345
3 7345 7444 7443
3 7561 7404 7393
3 7465 7561 7393
3 7393 7331 7465
3 7446 7467 7288
3 7406 7377 7501
3 7525 7524 7277
3 7312 7395 7483
3 7451 7526 7292
3 7499 7422 7349
3 7349 7261 7499
3 7610 7499 7261
3 7528 7396 7505
3 7584 7626 7300
3 7300 7239 7584
3 7507 7281 7319
3 7529 7507 7319
3 7586 7224 7338
3 9660 7413 7397
3 7507 7410 7281
3 7459 7529 7319
3 7540 7427 7320
3 7320 7381 7540
3 7429 7441 7245
3 7619 7476 7304
3 7304 7416 7619
3 7534 7418 7399
3 7478 7534 7399
3 7434 7493 7520
3 7464 7493 7308
3 7392 7421 7420
3 7480 7420 7421
3 7401 7361 7535
3 7436 7481 7402
3 7436 7344 7495
3 7560 7444 7403
3 7482 7446 9608
3 7448 7468 7523
3 7438 7468 7274
3 7364 7503 7333
3 7483 7575 7312
3 7451 7238 7422
3 7349 7422 7238
3 7455 7263 7484
3 7423 7484 7263
3 7581 7456 7388
3 7409 7318 7368
3 7368 7300 7626
3 7530 7585 7412
3 7338 7508 7586
3 7568 7461 7415
3 7488 7568 7382
3 7488 7382 7516
3 7382 7370 7516
3 7383 7283 7430
3 7356 7417 7601
3 7462 7391 7400
3 7545 7479 7327
3 7463 7545 7327
3 7435 7420 7521
3 7442 7480 7421
3 7421 7401 7442
3 7401 7535 7442
3 7361 7481 7535
3 7551 7523 7468
3 7449 7501 7377
3 7450 7378 7394
3 7524 7450 7394
3 7364 7311 7575
3 7526 7483 7395
3 7577 7334 7537
3 7365 7454 7453
3 7469 7486 7314
3 7314 7407 7469
3 7471 7581 7379
3 7367 7471 7379
3 7408 7528 7596
3 7396 7440 7472
3 9660 7340 9661
3 7340 9540 9661
3 7565 7617 7398
3 7514 7565 7398
3 7630 7509 7532
3 7476 7557 7431
3 7476 7619 7650
3 7416 7569 7619
3 7601 7417 7489
3 7517 7478 7432
3 7400 7326 7491
3 7433 7492 7546
3 7308 7435 7464
3 7521 7464 7435
3 7436 7495 7481
3 7549 7362 7443
3 7438 7406 7501
3 7422 7576 7451
3 7610 7334 7577
3 7452 7365 7453
3 7470 7469 7407
3 7425 7471 7367
3 7596 7582 7408
3 7409 7368 7506
3 7500 7584 7239
3 7239 7410 7500
3 7441 7514 7389
3 7543 7557 7476
3 7489 7477 7490
3 7418 7533 7477
3 7419 7462 7517
3 7479 7491 7326
3 7492 7359 7510
3 7521 7420 7494
3 7480 7494 7420
3 7549 7495 7362
3 7561 7437 7404
3 7347 7445 7605
3 7446 7482 7606
3 9607 7405 7447
3 7447 7448 7536
3 7523 7536 7448
3 7502 7497 7498
3 7453 7537 7452
3 7484 7423 7485
3 7471 7614 7581
3 7472 7505 7396
3 7459 7380 7512
3 7457 7512 7380
3 7641 7540 7381
3 7457 7411 7585
3 7473 7530 7224
3 7224 7586 7473
3 7487 7508 7426
3 7426 7531 7487
3 7513 9661 9540
3 7513 7428 7474
3 7617 7474 7428
3 7565 7514 7566
3 7370 7383 7587
3 7532 7557 7600
3 7602 7490 7477
3 7544 7517 7462
3 7462 7400 7518
3 7491 7518 7400
3 7510 7359 7434
3 7480 7442 7547
3 7403 7437 7496
3 7466 7347 7605
3 7445 7467 7562
3 7467 7446 7562
3 7536 9607 7447
3 7438 7551 7468
3 7497 7525 7439
3 7636 7498 7310
3 7310 7333 7636
3 7503 7364 7575
3 7485 7423 7486
3 7469 7470 7538
3 7470 7527 7538
3 7456 7581 9591
3 7425 7408 7582
3 7410 7507 7500
3 7555 7514 7441
3 7569 7356 7558
3 7533 7602 7477
3 7534 7533 7418
3 7518 7544 7462
3 7547 7494 7480
3 7511 7443 7444
3 7560 7511 7444
3 7483 7526 7552
3 7526 7451 7576
3 7528 7505 7583
3 7506 7472 7440
3 7440 7409 7506
3 7368 7626 7506
3 7458 7427 7677
3 7381 7413 7641
3 7556 7390 7567
3 7390 7515 7567
3 7628 7726 7342
3 7490 7601 7489
3 7478 7570 7534
3 7520 7510 7434
3 7547 7442 7590
3 7442 7535 7590
3 7548 7481 7495
3 7549 7443 7573
3 7465 7466 7574
3 7605 7574 7466
3 7624 7562 7446
3 7449 7378 7607
3 7450 7607 7378
3 7608 7450 7524
3 7524 7525 7713
3 7455 7578 7454
3 7504 7614 7471
3 7471 7425 7504
3 7501 7449 7595
3 7503 7636 7333
3 7503 7575 7609
3 7453 7454 7578
3 7455 7484 7579
3 7469 7612 7486
3 7596 7528 7663
3 7472 7583 7505
3 7472 7506 7539
3 7508 7487 7554
3 7531 7458 7640
3 7414 7460 7647
3 7629 7903 7460
3 7460 7475 7629
3 7587 7383 7691
3 7650 7543 7476
3 7570 7588 7534
3 7519 7433 7571
3 7547 7521 7494
3 7549 7548 7495
3 7511 7573 7443
3 7496 7560 7403
3 7561 7496 7437
3 7446 7606 7624
3 7606 7482 7550
3 7522 7550 7482
3 7541 7564 9661
3 9661 7513 7541
3 7474 7541 7513
3 7647 7628 7414
3 7475 7461 7542
3 7430 7691 7383
3 7618 7430 7509
3 7630 7618 7509
3 7558 7356 7620
3 7478 7517 7570
3 7621 7570 7517
3 7491 7479 7622
3 7545 7623 7479
3 7463 7519 7545
3 7546 7492 7510
3 7520 7493 7589
3 7710 7589 7493
3 7493 7464 7710
3 7502 7498 7838
3 7580 7538 7527
3 7527 9591 7580
3 7425 7582 7662
3 7663 7528 7583
3 7583 7472 7539
3 7553 7539 7506
3 7507 7529 7598
3 7615 7585 7530
3 7458 7677 7640
3 7743 7677 7427
3 7427 7540 7743
3 7641 7413 7616
3 7413 9662 7616
3 7429 7555 7441
3 7542 7629 7475
3 7542 7461 7658
3 7461 7568 7658
3 7587 7516 7370
3 7601 7620 7356
3 7588 7669 7533
3 7533 7534 7588
3 7510 7520 7559
3 7572 7710 7464
3 7464 7521 7572
3 7604 7521 7547
3 7535 7481 7590
3 7511 7560 7671
3 7562 7605 7445
3 7562 7624 7634
3 9570 7522 9607
3 9607 7536 7625
3 7551 7593 7523
3 7551 7438 7594
3 7595 7438 7501
3 7698 7713 7525
3 7525 7497 7698
3 7497 7502 7698
3 7578 7718 7453
3 7485 7579 7484
3 7485 7486 7612
3 7626 7553 7506
3 7459 7598 7529
3 7666 7615 7530
3 7530 7473 7666
3 7617 7565 7680
3 7669 7602 7533
3 7545 7519 7571
3 7546 7571 7433
3 7548 7590 7481
3 7560 7496 7633
3 7591 7496 7561
3 7592 9570 9607
3 7593 7625 7536
3 7536 7523 7593
3 7563 7593 7551
3 7594 7563 7551
3 7595 7449 7607
3 7713 7608 7524
3 7673 7838 7498
3 7498 7636 7673
3 7552 7661 7483
3 7576 7422 7685
3 7537 7453 7611
3 7718 7611 7453
3 7578 7455 7579
3 7612 7469 7645
3 7613 7645 7469
3 7580 7469 7538
3 9591 7581 7687
3 7598 7500 7507
3 7512 7457 7665
3 7457 7585 7665
3 7508 7554 7676
3 7707 7566 7514
3 7555 7707 7514
3 7429 7556 7708
3 7567 7708 7556
3 7430 7618 7691
3 7648 7630 7532
3 7532 7600 7648
3 7601 7490 7745
3 7518 7491 7603
3 7547 7590 7711
3 7573 7511 7632
3 7511 7671 7632
3 7560 7633 7671
3 7561 7465 7591
3 7625 7592 9607
3 7751 7594 7438
3 7595 7751 7438
3 7635 7698 7502
3 7838 7635 7502
3 7684 7636 7503
3 7503 7609 7684
3 7469 7580 7638
3 7539 7646 7583
3 7539 7553 7664
3 7597 7626 7584
3 7487 7531 7640
3 7541 7474 7627
3 7599 7567 7515
3 7515 7726 7599
3 7729 7490 7602
3 7588 7570 7785
3 7544 7621 7517
3 7603 7746 7518
3 7546 7693 7571
3 7604 7572 7521
3 7711 7604 7547
3 7549 7573 7631
3 7607 7450 7608
3 7752 7673 7636
3 7552 7526 7653
3 7576 7653 7526
3 7610 7577 7717
3 7577 7537 7611
3 7613 7469 7655
3 7638 7655 7469
3 7581 7614 7687
3 7741 7687 7614
3 7639 7741 7614
3 7664 7646 7539
3 7584 7500 7597
3 7615 7665 7585
3 7473 7586 7666
3 7903 7647 7460
3 7621 7785 7570
3 7746 7621 7544
3 7622 7603 7491
3 7479 7623 7692
3 7631 7548 7549
3 7631 7573 7632
3 7605 7562 7634
3 7606 7644 7624
3 7697 7751 7595
3 7683 7697 7595
3 7607 7683 7595
3 7611 7717 7577
3 7485 7612 7654
3 7662 7504 7425
3 7664 7553 7704
3 7553 7626 7704
3 7508 7765 7586
3 7640 7554 7487
3 7564 7541 7725
3 7679 7627 7474
3 7474 7617 7679
3 7658 7568 7659
3 7568 7488 7659
3 7778 7648 7600
3 7557 7543 7667
3 7543 7650 7667
3 7651 7650 7619
3 7569 7558 7769
3 7745 7642 7601
3 7692 7622 7479
3 7711 7660 7604
3 7590 7548 7712
3 7574 7605 7672
3 7644 7606 7762
3 7606 7550 7762
3 7607 7608 7683
3 7685 7422 7715
3 7499 7610 7637
3 7717 7637 7610
3 7579 7718 7578
3 7645 7654 7612
3 7701 7639 7614
3 7614 7504 7701
3 7702 7504 7662
3 7688 7597 7500
3 7500 7598 7688
3 7675 7666 7586
3 7617 7680 7679
3 7706 7680 7565
3 7516 7587 7757
3 7649 7778 7600
3 7600 7557 7649
3 7668 7651 7619
3 7619 7569 7668
3 7601 7642 7620
3 7548 7631 7670
3 7733 7643 7496
3 7496 7591 7733
3 7591 7465 7733
3 7644 7634 7624
3 7696 7625 7593
3 7563 7696 7593
3 7713 7683 7608
3 7575 7483 7661
3 7422 7499 7700
3 7637 7700 7499
3 9591 7687 7686
3 7582 7596 7662
3 7596 7663 7754
3 7663 7583 7742
3 7646 7742 7583
3 7664 7742 7646
3 7597 7704 7626
3 7586 7765 7675
3 7627 7725 7541
3 7566 7706 7565
3 7647 7726 7628
3 7488 7516 7659
3 7728 7659 7516
3 7757 7728 7516
3 7729 7745 7490
3 7669 7729 7602
3 7623 7545 7692
3 7559 7520 7795
3 7660 7572 7604
3 7670 7712 7548
3 7695 7733 7465
3 7574 7695 7465
3 7682 7762 7550
3 9577 7592 7652
3 7592 7625 7652
3 7636 7684 7752
3 7609 7575 7789
3 7661 7789 7575
3 7700 7715 7422
3 7579 7485 7654
3 7674 7654 7645
3 7662 7596 7754
3 7766 7540 7641
3 7656 7766 7641
3 7641 7616 7656
3 7690 7656 7616
3 7616 9662 7690
3 7542 7657 7629
3 7667 7649 7557
3 7769 7668 7569
3 7769 7558 7709
3 7558 7620 7709
3 7669 7588 7681
3 7761 7692 7545
3 7732 7633 7496
3 7643 7732 7496
3 7762 7736 7644
3 9577 7550 9570
3 7661 7552 7699
3 7653 7576 7790
3 7685 7790 7576
3 7716 7637 7717
3 7718 7579 7740
3 7654 7740 7579
3 7674 7645 7613
3 7613 7655 7776
3 7702 7701 7504
3 7688 7598 7724
3 7598 7459 7724
3 7647 7903 7727
3 7657 7903 7629
3 7667 7650 7758
3 7651 7758 7650
3 7784 7681 7588
3 7588 7785 7784
3 7571 7761 7545
3 7546 7510 7693
3 7711 7590 7694
3 7590 7712 7694
3 7631 7632 7670
3 7732 7671 7633
3 7672 7605 7734
3 7634 7734 7605
3 7634 7644 7735
3 7699 7552 7653
3 7655 7719 7776
3 7638 7719 7655
3 7638 7580 9590
3 7663 7742 7869
3 7512 7665 7857
3 7665 7615 7755
3 7567 7599 7708
3 7727 7726 7647
3 7542 7658 7744
3 7691 7816 7587
3 7693 7896 7571
3 7632 7671 7750
3 7563 7594 7739
3 7751 7739 7594
3 7683 7713 7824
3 7838 7673 7714
3 7684 7609 7789
3 7719 7638 7720
3 9590 7720 7638
3 7663 7869 7754
3 7742 7664 7703
3 7459 7512 7724
3 7857 7689 7512
3 7508 7676 7765
3 7676 7554 7705
3 7554 7640 7705
3 7679 7678 7627
3 7816 7757 7587
3 7729 7669 7760
3 7559 7693 7510
3 7710 7572 7747
3 7572 7660 7731
3 7670 7632 7849
3 7750 7749 7632
3 7673 7752 7714
3 7808 7789 7661
3 7790 7809 7653
3 7740 7654 7674
3 7639 7701 7722
3 7664 7704 7703
3 7597 7688 7777
3 7724 7512 7689
3 7781 7666 7675
3 7782 7640 7677
3 7844 7794 7680
3 7680 7706 7844
3 7707 7555 7768
3 7555 7429 7768
3 7708 7768 7429
3 7542 7744 7657
3 7873 7630 7648
3 7648 7778 7873
3 7729 7760 7817
3 7622 7692 7803
3 7761 7571 7896
3 7731 7747 7572
3 7711 7731 7660
3 7749 7849 7632
3 7805 7735 7644
3 7736 7762 7913
3 7652 7625 7737
3 7625 7696 7738
3 7739 7696 7563
3 7809 7699 7653
3 7763 7790 7685
3 7685 7715 7763
3 7780 7611 7718
3 7721 7720 9590
3 7722 7741 7639
3 7869 7742 7800
3 7704 7597 7777
3 7723 7777 7688
3 7755 7857 7665
3 7794 7679 7680
3 7744 7658 7815
3 7658 7659 7815
3 7691 7618 7816
3 7681 7760 7669
3 7730 7785 7621
3 7621 7746 7730
3 7693 7559 7819
3 7711 7694 7773
3 7748 7773 7694
3 7694 7712 7748
3 7822 7734 7634
3 7634 7735 7822
3 9577 7652 9578
3 7737 9578 7652
3 7738 7737 7625
3 7698 7635 7807
3 7809 7775 7699
3 7613 7776 7674
3 7826 7722 7701
3 7662 7764 7702
3 7777 7703 7704
3 7688 7724 7723
3 7781 7615 7666
3 7828 7675 7765
3 7679 7794 7793
3 7566 7707 7860
3 7768 7708 7831
3 7758 7651 7759
3 7833 7642 7745
3 7896 7693 7772
3 7520 7589 7795
3 7712 7670 7748
3 7644 7736 7805
3 7799 7824 7713
3 7713 7698 7799
3 7661 7699 7775
3 7717 7611 7716
3 7611 7780 7716
3 7740 7780 7718
3 7753 7770 7719
3 7719 7720 7753
3 7721 7686 7792
3 7868 7792 7686
3 7686 7687 7868
3 7754 7764 7662
3 7742 7703 7800
3 7677 7743 7782
3 7814 7656 7690
3 7678 7679 7793
3 7566 7893 7706
3 7599 7726 7756
3 7727 7756 7726
3 7815 7659 7783
3 7728 7783 7659
3 7668 7759 7651
3 7784 7785 7848
3 7772 7693 7819
3 7795 7819 7559
3 7787 7795 7589
3 7589 7710 7787
3 7731 7711 7773
3 7671 7732 7750
3 7732 7643 7797
3 7696 7739 7854
3 7751 7697 7823
3 7915 7697 7683
3 7683 7824 7915
3 7887 7752 7684
3 7808 7661 7775
3 7770 7776 7719
3 7720 7721 7791
3 7701 7702 7826
3 7764 7826 7702
3 7813 7781 7675
3 7675 7828 7813
3 7725 7678 7771
3 7860 7893 7566
3 7708 7599 7756
3 7801 7816 7618
3 7620 7642 7832
3 7745 7729 7817
3 7710 7747 7787
3 7747 7731 7804
3 7773 7804 7731
3 7796 7748 7670
3 7797 7750 7732
3 7850 7733 7695
3 7574 7850 7695
3 7739 7751 7823
3 7823 7697 7915
3 7684 7789 7887
3 7674 7780 7740
3 7776 7841 7674
3 7859 7743 7540
3 7540 7766 7859
3 7771 7767 7725
3 7707 7768 7860
3 7758 7649 7667
3 7832 7709 7620
3 7681 7784 7875
3 7692 7761 7862
3 7835 7787 7747
3 7897 7643 7733
3 7798 7805 7736
3 7913 7798 7736
3 7913 7762 7774
3 7762 7682 7774
3 7682 9578 7774
3 7807 7799 7698
3 7788 7714 7752
3 7715 7700 7865
3 7791 7753 7720
3 7741 7868 7687
3 7963 7741 7722
3 7777 7723 7856
3 7689 7827 7724
3 7858 7705 7640
3 7640 7782 7858
3 7771 7814 7767
3 7642 7833 7832
3 7745 7817 7833
3 7779 7746 7603
3 7603 7622 7779
3 7803 7779 7622
3 7862 7803 7692
3 7804 7835 7747
3 7804 7773 7836
3 7796 7670 7849
3 7850 7574 7672
3 7763 7715 7865
3 7780 7674 7841
3 7995 7722 7826
3 7764 7754 7880
3 7800 7703 7891
3 7703 7777 7891
3 7859 7782 7743
3 7843 7766 7656
3 7861 7778 7649
3 7802 7817 7760
3 7884 7785 7730
3 7779 7730 7746
3 7834 7862 7761
3 7786 7795 7787
3 7796 7773 7748
3 7897 7797 7643
3 7735 7805 7924
3 7852 9578 7737
3 7825 7807 7635
3 7635 7838 7825
3 7776 7770 7867
3 7827 7723 7724
3 7827 7689 7870
3 7857 7755 7943
3 7829 7828 7765
3 7765 7676 7829
3 7814 7843 7656
3 7793 7830 7771
3 7873 7778 7874
3 7895 7861 7649
3 7758 7895 7649
3 7668 7769 7846
3 7709 7846 7769
3 7848 7785 7906
3 7796 7849 7820
3 7749 7750 7879
3 7911 7897 7733
3 7733 7850 7911
3 7672 7734 7864
3 7822 7864 7734
3 7837 7737 7738
3 7738 7696 7914
3 7696 7854 7914
3 7788 7752 7887
3 7809 7840 7775
3 7810 7770 7753
3 7869 7880 7754
3 7942 7856 7723
3 7966 7615 7781
3 7676 7705 7871
3 7708 7756 7975
3 7873 7618 7630
3 7760 7681 7802
3 7875 7784 7818
3 7848 7818 7784
3 7884 7906 7785
3 7835 7786 7787
3 7750 7797 7863
3 7821 7863 7797
3 7910 7797 7897
3 7850 7672 7953
3 7822 7735 7970
3 7737 7837 7852
3 7807 7825 8029
3 7714 7788 8030
3 8106 8030 7788
3 7887 7789 7888
3 7808 7888 7789
3 7808 7775 7889
3 7867 7841 7776
3 7753 7791 7811
3 7812 7811 7792
3 7868 7812 7792
3 7741 7963 7956
3 7856 7891 7777
3 7827 7942 7723
3 7858 7871 7705
3 7842 7859 7766
3 7830 7793 7882
3 7768 7831 7860
3 7878 7836 7773
3 7773 7796 7878
3 7852 7806 9578
3 7775 7840 7839
3 7637 7865 7700
3 7716 7866 7637
3 7753 7811 7890
3 7868 7741 7956
3 7983 7963 7722
3 7940 7869 7800
3 7794 7882 7793
3 7844 7706 7893
3 7727 7894 7756
3 7657 7744 7883
3 7873 7801 7618
3 7759 7895 7758
3 7709 7832 7847
3 7817 7802 7919
3 7802 7681 7875
3 7730 7779 7884
3 7907 7779 7803
3 7803 7862 7907
3 7896 7834 7761
3 7804 7836 7835
3 7820 7878 7796
3 7909 7849 7749
3 7750 7863 7879
3 7910 7821 7797
3 7823 7854 7739
3 7915 7824 7886
3 7889 7888 7808
3 7809 7899 7840
3 7809 7790 7899
3 7866 7865 7637
3 7916 7866 7716
3 7867 7770 7900
3 7615 7966 7755
3 7781 7813 7881
3 7858 7782 7928
3 7882 7794 7902
3 7794 7844 7902
3 7947 7728 7757
3 7905 7757 7872
3 7757 7816 7872
3 7816 7801 7872
3 7801 7873 7872
3 7847 7846 7709
3 7833 7817 7950
3 7772 7819 7876
3 7819 7795 7876
3 7795 7786 7987
3 7820 7849 7922
3 7879 7909 7749
3 7837 7738 7853
3 7738 7914 7853
3 7824 7799 7886
3 7839 7889 7775
3 7780 7841 8021
3 8022 7810 7753
3 7890 8022 7753
3 7722 7995 7983
3 8032 7995 7826
3 7964 7880 7869
3 7870 7942 7827
3 7857 7870 7689
3 7881 7966 7781
3 7843 7842 7766
3 7830 9572 7771
3 7883 7744 7845
3 7744 7815 7845
3 7905 7947 7757
3 7948 7874 7778
3 7778 7861 7948
3 7950 7847 7832
3 7832 7833 7950
3 7919 7950 7817
3 7862 7935 7907
3 7834 8045 7862
3 7772 7951 7896
3 7835 7836 7877
3 7836 7878 7877
3 7878 7820 7922
3 7953 7672 7864
3 7805 7798 7937
3 7851 7937 7798
3 7913 7851 7798
3 7954 7852 7837
3 7837 7853 7954
3 8029 7799 7807
3 7714 7825 7838
3 8050 7955 7812
3 7812 7868 8050
3 7964 7869 7940
3 7891 7856 7965
3 7966 7943 7755
3 9572 7843 7814
3 7893 7918 7844
3 8003 7975 7756
3 7756 7894 8003
3 7903 7968 7727
3 7783 7728 7904
3 7947 7904 7728
3 7930 7872 7873
3 7848 7906 7933
3 7884 7779 7934
3 7921 7834 7896
3 7951 7772 7876
3 7987 7876 7795
3 7909 7922 7849
3 7885 7924 7805
3 7937 7885 7805
3 8010 7855 7887
3 7763 7865 8038
3 7865 7866 7926
3 7716 7780 7916
3 8021 7916 7780
3 7810 7900 7770
3 7956 8050 7868
3 7880 8082 7764
3 7941 7965 7856
3 7942 7941 7856
3 7813 7828 7917
3 7830 7901 9572
3 7844 7918 7902
3 7860 7831 7974
3 7968 7894 7727
3 7668 7846 7949
3 7846 7847 8069
3 7919 7802 7920
3 7907 7934 7779
3 8045 7935 7862
3 7786 7835 7952
3 7877 7952 7835
3 7908 7877 7878
3 7922 7908 7878
3 7864 7822 7923
3 7822 7970 7923
3 7980 7825 7714
3 7714 8030 7980
3 7855 7788 7887
3 8038 7865 7926
3 7841 7867 7939
3 7996 8032 7826
3 7826 7764 7996
3 8082 7996 7764
3 7891 7940 7800
3 7870 7857 7927
3 7828 7829 7917
3 7858 7928 7871
3 7782 7859 7967
3 7874 7930 7873
3 7668 7949 7759
3 7931 7949 7846
3 7932 7802 7875
3 7875 7818 7932
3 7987 7786 8017
3 7898 7911 7850
3 7953 7898 7850
3 7923 7936 7864
3 7938 7913 7774
3 7774 7806 7938
3 7962 7886 7799
3 7980 8029 7825
3 7916 7926 7866
3 7841 7939 8021
3 7810 7992 7900
3 7810 8022 7993
3 7965 7892 7891
3 7813 7917 7881
3 7932 7920 7802
3 8006 7818 7848
3 7848 7933 8006
3 7884 7934 7906
3 7969 7879 7863
3 7863 7821 7969
3 7912 7970 7735
3 7735 7924 7912
3 8106 7788 8076
3 7888 8010 7887
3 7889 7839 7981
3 7900 7939 7867
3 8022 7890 9604
3 7940 7891 7892
3 7927 7957 7870
3 7943 7927 7857
3 7958 7917 7829
3 8000 7958 7829
3 7829 7676 8000
3 7967 7928 7782
3 8016 7967 7859
3 7945 7842 7843
3 7843 9572 7945
3 7860 7918 7893
3 7831 7708 7975
3 8167 8003 7894
3 7894 7968 8167
3 8181 7895 7759
3 7759 7949 8181
3 7931 7846 8069
3 7847 7950 8069
3 8006 7932 7818
3 7921 7896 7951
3 8036 8017 7786
3 7786 7952 8036
3 7898 7953 8008
3 7914 7854 8048
3 7823 8048 7854
3 8037 7962 7799
3 7799 8029 8037
3 7855 8076 7788
3 7925 8010 7888
3 7889 7925 7888
3 7981 7925 7889
3 8011 7840 7899
3 7790 7763 7972
3 8038 7972 7763
3 7881 7999 7966
3 7974 7929 7860
3 7946 7968 7903
3 7903 7657 7946
3 7657 7883 7946
3 7905 7872 8004
3 7930 8004 7872
3 7935 7934 7907
3 7952 7877 7960
3 7922 7988 7908
3 7821 7910 8047
3 8073 7897 7911
3 7911 7898 8073
3 8020 7912 7924
3 7851 7913 7978
3 7913 7938 7978
3 7852 7954 7971
3 7954 7853 7961
3 7914 7961 7853
3 7915 7979 7823
3 7972 7899 7790
3 7926 7916 7990
3 7983 7995 8013
3 7957 7942 7870
3 7943 7966 7944
3 7917 7999 7881
3 7871 8000 7676
3 7882 7973 7830
3 7882 7902 8002
3 7929 7918 7860
3 7947 7905 7959
3 8034 7861 7895
3 8027 7950 7919
3 7919 7920 8027
3 7933 7906 7984
3 7986 7834 7921
3 7909 7988 7922
3 8046 7909 7879
3 8007 7910 7897
3 7897 8073 8007
3 7953 7864 7936
3 7924 7885 8020
3 8114 7938 7806
3 7971 7806 7852
3 7979 8048 7823
3 7899 7972 8011
3 7916 8021 8092
3 7941 7942 8015
3 7998 7957 7927
3 7871 7928 8103
3 7918 8002 7902
3 7815 7783 8025
3 7976 7948 7861
3 7908 7960 7877
3 7879 7969 8046
3 8059 8020 7885
3 7885 7937 8059
3 7851 8059 7937
3 7806 7971 8114
3 7886 7979 7915
3 8022 9604 8023
3 7994 8023 9604
3 7892 7964 7940
3 7965 7941 7997
3 7957 8015 7942
3 7901 7830 7973
3 8001 7973 7882
3 8002 8001 7882
3 7975 7974 7831
3 7895 8181 8034
3 7931 8181 7949
3 8069 7950 8070
3 7960 8036 7952
3 7988 7960 7908
3 8008 7953 8122
3 7936 8122 7953
3 7954 7961 9568
3 8048 7961 7914
3 7886 7962 8009
3 7840 7981 7839
3 8092 7990 7916
3 7810 7993 7992
3 8041 7963 7983
3 7880 7964 8014
3 7859 7842 8016
3 8218 8167 7968
3 7904 8025 7783
3 7904 7947 8026
3 7959 8026 7947
3 7959 7905 8004
3 7930 7874 8005
3 7948 8005 7874
3 7861 8034 7976
3 8027 8070 7950
3 7977 7920 7932
3 7932 8006 7977
3 7985 7984 7906
3 7906 7934 7985
3 7934 7935 7985
3 8045 7834 7986
3 7925 8077 8010
3 7981 8077 7925
3 7982 8012 7926
3 7926 7990 7982
3 8041 7956 7963
3 7997 7892 7965
3 7998 8015 7957
3 8042 7927 7943
3 7944 8042 7943
3 7842 7945 8053
3 7945 7901 8033
3 7973 8033 7901
3 7929 8104 7918
3 7946 8218 7968
3 8025 7904 8026
3 8004 7930 8005
3 7987 7951 7876
3 8036 7960 8071
3 7960 7988 8018
3 8057 8028 7988
3 7988 7909 8057
3 7969 7821 8140
3 7821 8047 8140
3 8173 8073 7898
3 8008 8173 7898
3 7979 8090 8048
3 8037 8009 7962
3 8029 7980 8049
3 7991 7939 7900
3 7900 7992 7991
3 8032 7996 8052
3 8033 8066 7945
3 8033 7973 8067
3 8001 8067 7973
3 7974 7975 8147
3 8027 7920 8035
3 7920 7977 8035
3 7984 8044 7933
3 8071 7960 8072
3 8018 8072 7960
3 8122 7936 8019
3 7923 8019 7936
3 7938 8114 7978
3 8048 7989 7961
3 7979 7886 8123
3 8063 8041 7983
3 7983 8013 8063
3 7999 7944 7966
3 7967 8103 7928
3 8053 8016 7842
3 8066 8053 7945
3 8004 8005 8109
3 8095 7985 7935
3 8028 8018 7988
3 8019 7923 8058
3 7923 7970 8058
3 8089 8058 7970
3 7970 7912 8089
3 8076 7855 8099
3 8010 8099 7855
3 8077 8124 8010
3 8011 8061 7840
3 7939 7991 8079
3 8023 7994 8024
3 7994 7955 8024
3 8050 7956 8031
3 8144 8013 7995
3 7995 8032 8144
3 7880 8101 8082
3 8083 8014 7964
3 7892 8083 7964
3 7999 7917 8065
3 8103 8000 7871
3 8068 8067 8001
3 8001 8002 8068
3 8116 8068 8002
3 7918 8116 8002
3 8112 7977 8006
3 8088 7921 7951
3 7951 7987 8056
3 7909 8046 8057
3 8123 8090 7979
3 8077 7981 8125
3 8038 7926 8196
3 8021 7939 8079
3 7997 8083 7892
3 8064 7997 7941
3 7941 8015 8064
3 8042 7998 7927
3 7883 7845 8055
3 8043 8055 7845
3 7845 7815 8043
3 8025 8043 7815
3 8086 8044 7984
3 7935 8045 8087
3 7986 7921 8088
3 8028 8072 8018
3 8057 8138 8028
3 9601 7912 8020
3 9568 7961 7989
3 7980 8030 8049
3 8124 8099 8010
3 8061 7981 7840
3 8012 8196 7926
3 8079 8092 8021
3 7992 7993 8080
3 8039 8080 7993
3 7993 8022 8039
3 8040 8039 8022
3 8023 8040 8022
3 8062 8031 7956
3 7956 8041 8062
3 8052 7996 8082
3 8104 8054 7918
3 8233 7975 8003
3 8003 8167 8233
3 8109 7959 8004
3 7984 7985 8086
3 7985 8095 8149
3 8087 8095 7935
3 7987 8017 8056
3 8017 8036 8096
3 8036 8071 8096
3 8074 9601 8020
3 8020 8059 8074
3 8097 8059 7851
3 7851 7978 8097
3 8009 8123 7886
3 8029 8049 8075
3 8030 8106 8049
3 8038 8078 7972
3 8265 8079 7991
3 8080 8093 7992
3 8051 8063 8013
3 8013 8144 8051
3 7917 7958 8065
3 8102 8065 7958
3 7976 8034 8247
3 8148 8034 8181
3 8044 8112 8006
3 8006 7933 8044
3 8096 8056 8017
3 9601 8089 7912
3 8125 7981 8060
3 7981 8061 8060
3 8078 8011 7972
3 8091 8012 7982
3 8093 7991 7992
3 7999 8065 8131
3 8102 7958 8000
3 8066 8033 8154
3 8033 8067 8154
3 8118 8005 7948
3 8085 8070 8027
3 8105 8035 7977
3 8086 7985 8136
3 7985 8149 8136
3 8072 8028 8120
3 8138 8120 8028
3 8140 8046 7969
3 7978 8114 8097
3 8160 8114 7971
3 8196 8078 8038
3 8091 7982 8176
3 8143 7982 7990
3 7955 8050 8081
3 8050 8031 8081
3 8014 8101 7880
3 8131 8042 7944
3 7944 7999 8131
3 8132 8053 8066
3 8054 8116 7918
3 7946 7883 8200
3 8055 8200 7883
3 8148 8247 8034
3 8110 8084 8069
3 8069 8070 8110
3 8027 8035 8111
3 8112 8105 7977
3 7951 8056 8170
3 8138 8057 8139
3 8121 8057 8046
3 8113 8074 8059
3 8098 8160 7971
3 9568 7989 8098
3 8048 8212 7989
3 8037 8029 8075
3 8060 8061 8127
3 8011 8127 8061
3 8091 8175 8012
3 8040 8023 8100
3 8128 8144 8032
3 8052 8128 8032
3 7997 8064 8210
3 8064 8015 8210
3 8015 7998 8094
3 7998 8042 8094
3 8107 7967 8016
3 8016 8053 8107
3 8132 8107 8053
3 8165 8154 8067
3 8147 7929 7974
3 8026 8117 8025
3 7976 8118 7948
3 7931 8069 8084
3 8044 8086 8169
3 7986 8087 8045
3 8071 8072 8120
3 8008 8122 8183
3 8090 8212 8048
3 8075 8009 8037
3 8125 8161 8077
3 8023 8024 8100
3 8082 8101 8198
3 8101 8014 8129
3 8083 7997 8145
3 8068 8116 8133
3 8233 8147 7975
3 8043 8025 8117
3 8005 8118 8157
3 8228 8111 8035
3 8035 8105 8228
3 8097 8113 8059
3 8151 8098 7989
3 8123 8212 8090
3 8009 8075 8152
3 8075 8049 8193
3 8011 8078 8207
3 8175 8196 8012
3 8014 8083 8153
3 8165 8068 8133
3 8054 8166 8116
3 8054 8104 8155
3 8147 8104 7929
3 7946 8200 8218
3 8026 7959 8135
3 7959 8109 8180
3 8005 8261 8109
3 8085 8110 8070
3 8087 7986 8190
3 8088 8190 7986
3 8096 8071 8137
3 8071 8120 8137
3 8057 8121 8158
3 8046 8140 8121
3 8159 8007 8073
3 8173 8159 8073
3 8173 8008 8183
3 8075 8193 8115
3 8049 8106 8194
3 8099 8186 8076
3 8125 8060 8126
3 8127 8011 8142
3 8196 8207 8078
3 8143 8176 7982
3 8081 8031 8209
3 8198 8216 8082
3 8083 8145 8153
3 7997 8210 8145
3 8094 8210 8015
3 8102 8162 8065
3 8102 8000 8103
3 8163 8102 8103
3 8103 7967 8163
3 8117 8026 8108
3 8026 8135 8108
3 8180 8135 7959
3 8247 8118 7976
3 8181 7931 8084
3 8085 8027 8111
3 8105 8112 8282
3 8136 8202 8086
3 8088 7951 8170
3 8119 8056 8096
3 8172 8047 7910
3 7910 8007 8172
3 8115 8152 8075
3 8186 8194 8106
3 8106 8076 8186
3 8124 8077 8195
3 8188 8143 7990
3 7990 8092 8188
3 8092 8079 8188
3 8079 8265 8188
3 8208 8093 8080
3 8080 8039 8208
3 8197 8062 8041
3 8041 8063 8197
3 8153 8129 8014
3 8094 8042 8130
3 8131 8130 8042
3 8155 8104 8134
3 8043 8156 8055
3 8226 8180 8109
3 8109 8261 8226
3 8157 8261 8005
3 8202 8169 8086
3 8171 8119 8096
3 8096 8137 8171
3 9600 8089 9601
3 8097 8114 8192
3 8114 8160 8192
3 8151 7989 8212
3 8205 8123 8009
3 8161 8195 8077
3 8127 8141 8060
3 8207 8142 8011
3 8214 8197 8063
3 8052 8082 8216
3 8129 8198 8101
3 8131 8065 8146
3 8107 8132 8178
3 8133 8116 8166
3 8104 8147 8134
3 8085 8111 8234
3 8112 8044 8168
3 8044 8169 8168
3 8095 8150 8149
3 8137 8120 8171
3 8203 8113 8097
3 8205 8009 8185
3 8009 8152 8185
3 8099 8124 8231
3 8124 8195 8231
3 8206 8161 8125
3 8126 8206 8125
3 8142 8141 8127
3 8091 8176 8187
3 8177 8081 8209
3 8063 8051 8214
3 8094 8223 8210
3 8243 8130 8131
3 8164 7967 8107
3 8178 8164 8107
3 8132 8066 8178
3 8154 8178 8066
3 8234 8110 8085
3 8282 8228 8105
3 8201 8282 8112
3 8112 8168 8201
3 8274 8202 8136
3 8149 8274 8136
3 8095 8087 8150
3 8248 8150 8087
3 8120 8138 8220
3 8139 8220 8138
3 8139 8057 8158
3 8140 8251 8121
3 8172 8140 8047
3 8097 8192 8222
3 8174 8160 8098
3 8098 8151 8174
3 8141 8126 8060
3 8196 8175 8213
3 8176 8143 8257
3 8164 8163 7967
3 8199 8154 8165
3 8166 8165 8133
3 8272 8134 8147
3 8200 8055 8156
3 8108 8246 8117
3 8170 8190 8088
3 8119 8170 8056
3 8140 8172 8251
3 8183 8122 8318
3 8019 8318 8122
3 9601 8074 8221
3 8212 8123 8204
3 8205 8204 8123
3 8152 8115 8263
3 8187 8175 8091
3 8209 8031 8293
3 8031 8062 8293
3 8129 8153 8277
3 8243 8131 8146
3 8065 8162 8146
3 8165 8166 8179
3 8155 8166 8054
3 8134 8272 8232
3 8233 8272 8147
3 8167 8218 8286
3 8117 8348 8043
3 8189 8084 8110
3 8110 8234 8189
3 8150 8274 8149
3 8087 8190 8248
3 8171 8120 8220
3 8139 8158 8238
3 8007 8159 8182
3 8318 8019 8184
3 8058 8184 8019
3 8263 8185 8152
3 8194 8193 8049
3 8259 8265 7991
3 7991 8093 8259
3 8144 8128 8302
3 8153 8145 8269
3 8145 8210 8269
3 8278 8146 8162
3 8271 8278 8162
3 8178 8154 8224
3 8244 8199 8165
3 8179 8244 8165
3 8286 8233 8167
3 8043 8348 8156
3 8219 8168 8169
3 8191 8172 8007
3 8007 8182 8191
3 8159 8173 8288
3 8183 8288 8173
3 8203 8097 8222
3 8319 8263 8115
3 8213 8175 8360
3 8269 8277 8153
3 8146 8278 8211
3 8260 8102 8163
3 8199 8224 8154
3 8148 8181 8262
3 8181 8084 8262
3 8202 8219 8169
3 8235 8170 8119
3 8121 8251 8229
3 8203 8074 8113
3 8115 8193 8241
3 8206 8126 8264
3 8207 8196 8290
3 8337 8360 8175
3 8402 8175 8187
3 8329 8040 8100
3 8094 8270 8223
3 8303 8218 8200
3 8248 8190 8249
3 8170 8249 8190
3 8229 8238 8158
3 8158 8121 8229
3 8230 8192 8174
3 8174 8151 8230
3 8289 8241 8193
3 8193 8194 8289
3 8161 8284 8195
3 8256 8264 8126
3 8126 8141 8256
3 8301 8142 8207
3 8213 8290 8196
3 8175 8402 8337
3 8266 8208 8039
3 8039 8040 8266
3 8040 8329 8266
3 8215 8051 8144
3 8144 8302 8215
3 8128 8052 8216
3 8094 8130 8294
3 8365 8271 8162
3 8162 8102 8365
3 8199 8341 8224
3 8155 8217 8166
3 8373 8303 8200
3 8200 8156 8373
3 8108 8135 8324
3 8304 8247 8148
3 8262 8304 8148
3 8184 8058 8252
3 8058 8089 8252
3 8089 9600 8252
3 8074 8203 8221
3 8283 8204 8205
3 8185 8283 8205
3 8241 8319 8115
3 8099 8231 8255
3 8141 8142 8328
3 8290 8359 8207
3 8292 8267 8177
3 8177 8209 8292
3 8346 8292 8209
3 8293 8346 8209
3 8268 8198 8129
3 8363 8362 8269
3 8269 8210 8363
3 8223 8363 8210
3 8270 8094 8294
3 8243 8146 8314
3 8372 8178 8224
3 8199 8244 8341
3 8179 8166 8217
3 8155 8134 8225
3 8348 8117 8246
3 8227 8280 8118
3 8247 8227 8118
3 8189 8262 8084
3 8273 8201 8168
3 8219 8306 8168
3 8119 8171 8237
3 8297 8237 8171
3 8171 8220 8297
3 8139 8250 8220
3 8151 8212 8240
3 8204 8240 8212
3 8186 8099 8254
3 8255 8254 8099
3 8320 8187 8176
3 8176 8257 8320
3 8143 8188 8258
3 8371 8062 8197
3 8197 8214 8371
3 8372 8164 8178
3 8285 8244 8179
3 8232 8225 8134
3 8233 8286 8279
3 8157 8118 8280
3 8236 8235 8119
3 8237 8236 8119
3 8250 8139 8238
3 8191 8251 8172
3 8182 8159 8309
3 8192 8334 8222
3 8230 8239 8192
3 8194 8186 8254
3 8206 8284 8161
3 8328 8256 8141
3 8328 8142 8345
3 8359 8301 8207
3 8257 8143 8258
3 8242 8259 8093
3 8093 8208 8242
3 8216 8198 8268
3 8146 8211 8314
3 8260 8365 8102
3 8245 8285 8179
3 8179 8217 8245
3 8180 8226 8425
3 8261 8157 8349
3 8306 8273 8168
3 8274 8150 8308
3 8150 8248 8308
3 8170 8235 8249
3 8288 8309 8159
3 8318 8288 8183
3 8334 8203 8222
3 8230 8151 8240
3 8301 8345 8142
3 8188 8265 8258
3 8422 8242 8208
3 8208 8266 8422
3 8062 8371 8293
3 8279 8272 8233
3 8180 8425 8135
3 8189 8234 8281
3 8111 8326 8234
3 8282 8201 8305
3 8250 8297 8220
3 8253 8252 9600
3 9600 8221 8253
3 9559 8253 8221
3 8221 8203 9559
3 8310 8334 8192
3 8192 8239 8310
3 8230 8240 8275
3 8185 8263 8369
3 8299 8284 8206
3 8214 8051 8313
3 8243 8294 8130
3 8332 8286 8218
3 8349 8157 8280
3 8274 8307 8202
3 8250 8238 8287
3 8240 8204 8298
3 8283 8298 8204
3 8283 8185 8327
3 8369 8327 8185
3 8289 8311 8241
3 8264 8299 8206
3 8360 8290 8213
3 8257 8258 8276
3 8051 8215 8313
3 8129 8347 8268
3 8270 8363 8223
3 8270 8294 8339
3 8243 8314 8340
3 8224 8341 8372
3 8218 8303 8332
3 8373 8156 8348
3 8135 8425 8416
3 8349 8226 8261
3 8281 8234 8326
3 8111 8228 8352
3 8219 8202 8306
3 8248 8249 8316
3 8238 8229 8287
3 8229 8251 8376
3 8319 8241 8311
3 8194 8254 8336
3 8284 8231 8195
3 8276 8258 8312
3 8265 8259 8258
3 8329 8267 8292
3 8214 8313 8371
3 8321 8302 8128
3 8128 8216 8321
3 8216 8268 8347
3 8277 8347 8129
3 8362 8277 8269
3 8340 8294 8243
3 8364 8278 8271
3 8330 8341 8244
3 8285 8330 8244
3 8396 8245 8217
3 8155 8396 8217
3 8323 8225 8232
3 8416 8324 8135
3 8304 8262 8281
3 8262 8189 8281
3 8307 8306 8202
3 8249 8235 8342
3 8297 8236 8237
3 8297 8250 8317
3 8250 8287 8343
3 8376 8287 8229
3 8239 8275 8356
3 8299 8344 8284
3 8299 8264 8358
3 8264 8256 8358
3 8291 8320 8257
3 8276 8291 8257
3 8347 8321 8216
3 8363 8270 8339
3 8211 8278 8432
3 8260 8163 8322
3 8315 8163 8164
3 8372 8315 8164
3 8372 8341 8395
3 8434 8348 8246
3 8304 8227 8247
3 8305 8352 8228
3 8228 8282 8305
3 8201 8273 8295
3 8307 8274 8308
3 8308 8248 8388
3 8390 8376 8251
3 8251 8191 8390
3 9559 8203 8333
3 8355 8310 8239
3 8275 8240 8298
3 8402 8187 8361
3 8338 8422 8266
3 8364 8432 8278
3 8433 8364 8271
3 8271 8365 8433
3 8315 8322 8163
3 8225 8396 8155
3 8279 8232 8272
3 8226 8349 8425
3 8281 8326 8445
3 8201 8295 8305
3 8235 8236 8296
3 8367 8191 8182
3 8184 8353 8318
3 8334 8354 8203
3 8368 8283 8327
3 8263 8319 8441
3 8289 8194 8394
3 8336 8394 8194
3 8256 8328 8300
3 8242 8258 8259
3 8314 8211 8432
3 8331 8285 8245
3 8245 8396 8331
3 8246 8108 8508
3 8324 8508 8108
3 8349 8280 8350
3 8227 8304 8325
3 8326 8111 8352
3 8375 8316 8249
3 8249 8342 8375
3 8418 8342 8235
3 8235 8296 8418
3 8343 8317 8250
3 8354 8333 8203
3 8357 8298 8283
3 8368 8357 8283
3 8254 8255 8336
3 8300 8358 8256
3 8379 8345 8301
3 8359 8379 8301
3 8187 8320 8361
3 8312 8258 8380
3 8258 8242 8380
3 8347 8277 8431
3 8294 8384 8339
3 8365 8260 8465
3 8260 8322 8465
3 8330 8285 8385
3 8366 8232 8279
3 8351 8325 8304
3 8304 8281 8351
3 8307 8308 8387
3 8388 8248 8316
3 8236 8297 8296
3 8376 8389 8287
3 8367 8390 8191
3 8426 8182 8309
3 8288 8426 8309
3 8318 8353 8288
3 8391 8184 8252
3 8252 8253 8391
3 8393 8356 8275
3 8335 8410 8311
3 8311 8289 8335
3 8289 8394 8335
3 8284 8344 8401
3 8344 8299 8428
3 8338 8266 8381
3 8329 8292 8382
3 8346 8382 8292
3 8432 8340 8314
3 8386 8366 8279
3 8279 8286 8386
3 8352 8436 8326
3 8182 8426 8367
3 8353 8426 8288
3 8333 8391 8253
3 8327 8369 8378
3 8490 8369 8263
3 8263 8441 8490
3 8319 8311 8441
3 8420 8300 8328
3 8291 8361 8320
3 8277 8362 8431
3 8362 8363 8383
3 8340 8384 8294
3 8413 8322 8315
3 8285 8331 8385
3 8227 8350 8280
3 8445 8351 8281
3 8445 8326 8436
3 8417 8295 8273
3 8306 8417 8273
3 8306 8307 8387
3 8388 8387 8308
3 8486 8375 8342
3 8343 8287 8419
3 8378 8368 8327
3 8428 8299 8370
3 8299 8358 8370
3 8345 8420 8328
3 8276 8312 8463
3 8380 8463 8312
3 8266 8329 8381
3 8382 8381 8329
3 8464 8215 8302
3 8321 8464 8302
3 8396 8225 8406
3 8366 8323 8232
3 8544 8386 8286
3 8415 8286 8332
3 8424 8373 8348
3 8398 8417 8306
3 8317 8296 8297
3 8389 8419 8287
3 8392 8391 8333
3 8334 8310 8427
3 8298 8393 8275
3 8401 8231 8284
3 8358 8300 8412
3 8402 8361 8403
3 8381 8429 8338
3 8384 8404 8339
3 8315 8372 8413
3 8444 8413 8372
3 8414 8385 8331
3 8225 8323 8406
3 8434 8246 8508
3 8436 8352 8305
3 8374 8295 8417
3 8306 8387 8398
3 8418 8486 8342
3 8296 8317 8409
3 8377 8427 8310
3 8310 8355 8377
3 8336 8255 8411
3 8359 8290 8379
3 8360 8337 8492
3 8463 8291 8276
3 8382 8346 8450
3 8293 8450 8346
3 8430 8464 8321
3 8321 8347 8430
3 8404 8363 8339
3 8331 8396 8414
3 8332 8303 8415
3 8350 8455 8349
3 8397 8436 8305
3 8295 8397 8305
3 8387 8388 8446
3 8333 8354 8392
3 8354 8334 8427
3 8355 8356 8460
3 8393 8460 8356
3 8298 8357 8393
3 8255 8231 8411
3 8412 8370 8358
3 8300 8420 8412
3 8379 8420 8345
3 8242 8422 8421
3 8450 8293 8451
3 8293 8371 8451
3 8471 8371 8313
3 8383 8431 8362
3 8404 8383 8363
3 8384 8340 8423
3 8433 8365 8465
3 8466 8465 8322
3 8322 8413 8466
3 8467 8395 8341
3 8341 8330 8467
3 8415 8544 8286
3 8454 8508 8324
3 8324 8416 8454
3 8388 8316 8407
3 8316 8375 8407
3 8317 8343 8419
3 8419 8389 8501
3 8469 8353 8184
3 8184 8391 8469
3 8490 8378 8369
3 8411 8394 8336
3 8401 8411 8231
3 8428 8478 8344
3 8421 8380 8242
3 8429 8422 8338
3 8372 8395 8444
3 8418 8296 8408
3 8409 8408 8296
3 8389 8376 8399
3 8376 8390 8399
3 8426 8353 8439
3 8478 8401 8344
3 8290 8360 8513
3 8492 8513 8360
3 8452 8404 8384
3 8364 8405 8432
3 8453 8467 8330
3 8424 8483 8373
3 8434 8424 8348
3 8425 8468 8416
3 8350 8227 8485
3 8446 8398 8387
3 8419 8438 8317
3 8399 8501 8389
3 8390 8367 8399
3 8353 8469 8439
3 8391 8392 8440
3 8357 8368 8400
3 8378 8400 8368
3 8513 8379 8290
3 8337 8402 8443
3 8381 8382 8450
3 8472 8313 8215
3 8215 8464 8472
3 8431 8430 8347
3 8383 8404 8505
3 8423 8452 8384
3 8433 8405 8364
3 8396 8406 8414
3 8406 8323 8497
3 8374 8397 8295
3 8438 8409 8317
3 8440 8469 8391
3 8521 8393 8357
3 8357 8400 8521
3 8476 8490 8441
3 8428 8370 8442
3 8370 8412 8462
3 8420 8379 8522
3 8402 8403 8443
3 8291 8463 8514
3 8463 8380 8421
3 8381 8493 8429
3 8313 8472 8471
3 8431 8383 8504
3 8432 8423 8340
3 8385 8453 8330
3 8483 8303 8373
3 8455 8350 8534
3 8486 8407 8375
3 8440 8392 8489
3 8449 8392 8354
3 8354 8427 8449
3 8522 8470 8420
3 8381 8450 8480
3 8481 8466 8413
3 8413 8444 8481
3 8496 8444 8395
3 8395 8467 8496
3 8406 8385 8414
3 8435 8454 8416
3 8416 8468 8435
3 8455 8425 8349
3 8445 8509 8351
3 8417 8398 8437
3 8473 8486 8418
3 8399 8367 8448
3 8367 8426 8448
3 8521 8400 8511
3 8401 8478 8529
3 8478 8428 8479
3 8428 8442 8479
3 8412 8420 8470
3 8422 8429 8421
3 8471 8451 8371
3 8464 8430 8494
3 8430 8431 8494
3 8405 8433 8516
3 8498 8497 8323
3 8323 8366 8498
3 8534 8350 8484
3 8485 8484 8350
3 8417 8456 8374
3 8446 8457 8398
3 8446 8388 8458
3 8388 8407 8458
3 8519 8473 8418
3 8447 8408 8409
3 8409 8438 8447
3 8426 8439 8448
3 8377 8460 8503
3 8378 8490 8539
3 8462 8442 8370
3 8470 8462 8412
3 8504 8494 8431
3 8465 8516 8433
3 8483 8415 8303
3 8508 8424 8434
3 8425 8455 8468
3 8351 8509 8325
3 8437 8456 8417
3 8408 8519 8418
3 8501 8399 8448
3 8474 8448 8439
3 8469 8474 8439
3 8469 8440 8459
3 8440 8489 8459
3 8449 8489 8392
3 8449 8427 8475
3 8460 8393 8520
3 8441 8311 8476
3 8311 8410 8476
3 8335 8476 8410
3 8411 8401 8529
3 8461 8479 8442
3 8462 8461 8442
3 8361 8291 8548
3 8514 8548 8291
3 8383 8505 8504
3 8404 8452 8524
3 8423 8432 8542
3 8432 8405 8542
3 8496 8481 8444
3 8453 8385 8507
3 8227 8325 8509
3 8436 8397 8499
3 8374 8499 8397
3 8446 8458 8510
3 8407 8486 8458
3 8503 8475 8427
3 8427 8377 8503
3 8379 8491 8522
3 8403 8361 8548
3 8493 8381 8480
3 8494 8523 8464
3 8466 8481 8495
3 8366 8386 8482
3 8386 8544 8482
3 8534 8468 8455
3 8445 8436 8509
3 8374 8456 8518
3 8510 8457 8446
3 8528 8519 8408
3 8438 8419 8487
3 8501 8487 8419
3 8469 8459 8488
3 8503 8460 8520
3 8335 8394 8477
3 8394 8411 8477
3 8411 8529 8477
3 8479 8461 8530
3 8461 8462 8560
3 8513 8492 8570
3 8480 8450 8564
3 8523 8472 8464
3 8524 8505 8404
3 8452 8423 8542
3 8516 8465 8466
3 8467 8453 8525
3 8385 8406 8507
3 8482 8498 8366
3 8415 8483 8544
3 8457 8437 8398
3 8447 8528 8408
3 8487 8447 8438
3 8488 8474 8469
3 8489 8449 8502
3 8475 8502 8449
3 8462 8512 8560
3 8462 8470 8512
3 8379 8513 8491
3 8590 8564 8450
3 8450 8451 8590
3 8451 8471 8565
3 8506 8524 8452
3 8542 8506 8452
3 8509 8485 8227
3 8501 8448 8536
3 8502 8459 8489
3 8556 8511 8400
3 8400 8378 8556
3 8476 8335 8477
3 8547 8529 8478
3 8479 8547 8478
3 8522 8512 8470
3 8463 8421 8531
3 8562 8531 8421
3 8532 8421 8429
3 8471 8472 8565
3 8523 8565 8472
3 8533 8495 8481
3 8507 8543 8453
3 8574 8507 8406
3 8574 8406 8497
3 8435 8468 8517
3 8457 8500 8437
3 8510 8500 8457
3 8458 8486 8527
3 8486 8473 8527
3 8519 8527 8473
3 8474 8536 8448
3 8521 8520 8393
3 8378 8539 8556
3 8490 8476 8539
3 8589 8337 8443
3 8514 8463 8531
3 8429 8493 8532
3 8541 8532 8493
3 8516 8466 8495
3 8481 8496 8533
3 8525 8496 8467
3 8498 8574 8497
3 8424 8508 8585
3 8517 8468 8534
3 8499 8575 8436
3 8499 8374 8535
3 8437 8518 8456
3 8528 8576 8519
3 8487 8501 8536
3 8546 8474 8488
3 8559 8530 8461
3 8443 8403 8589
3 8548 8625 8403
3 8565 8590 8451
3 8515 8504 8505
3 8505 8524 8515
3 8566 8542 8405
3 8405 8516 8566
3 8496 8525 8533
3 8550 8483 8424
3 8585 8508 8616
3 8508 8454 8616
3 8485 8509 8606
3 8436 8575 8509
3 8535 8575 8499
3 8374 8518 8535
3 8500 8587 8437
3 8527 8510 8458
3 8598 8546 8488
3 8459 8502 8488
3 8619 8488 8502
3 8579 8521 8511
3 8557 8547 8479
3 8479 8530 8557
3 8560 8559 8461
3 8560 8512 8582
3 8522 8582 8512
3 8403 8625 8589
3 8548 8514 8666
3 8514 8531 8666
3 8421 8532 8562
3 8563 8541 8493
3 8493 8480 8563
3 8549 8523 8494
3 8494 8504 8549
3 8592 8549 8504
3 8504 8515 8592
3 8543 8507 8573
3 8585 8550 8424
3 8435 8616 8454
3 8435 8517 8586
3 8534 8484 8646
3 8484 8485 8551
3 8500 8510 8526
3 8527 8526 8510
3 8576 8527 8519
3 8528 8447 8487
3 8475 8554 8502
3 8555 8503 8520
3 8599 8555 8520
3 8520 8521 8599
3 8632 8539 8476
3 8540 8582 8522
3 8491 8540 8522
3 8602 8562 8532
3 8590 8565 8612
3 8506 8593 8524
3 8495 8566 8516
3 8606 8551 8485
3 8509 8575 8552
3 8518 8437 8587
3 8528 8487 8576
3 8536 8545 8487
3 8554 8619 8502
3 8475 8503 8537
3 8538 8556 8539
3 8588 8538 8539
3 8476 8477 8580
3 8582 8561 8560
3 8491 8513 8569
3 8624 8570 8492
3 8492 8337 8624
3 8589 8624 8337
3 8541 8602 8532
3 8593 8506 8604
3 8542 8566 8583
3 8566 8495 8572
3 8584 8495 8533
3 8573 8507 8574
3 8482 8544 8645
3 8628 8544 8483
3 8615 8628 8483
3 8550 8615 8483
3 8551 8646 8484
3 8587 8500 8568
3 8576 8487 8545
3 8553 8545 8536
3 8536 8474 8553
3 8546 8553 8474
3 8537 8554 8475
3 8555 8537 8503
3 8579 8599 8521
3 8556 8579 8511
3 8632 8588 8539
3 8580 8632 8476
3 8547 8557 8581
3 8557 8530 8558
3 8530 8559 8558
3 8564 8563 8480
3 8549 8592 8591
3 8583 8604 8506
3 8506 8542 8583
3 8594 8533 8525
3 8543 8525 8453
3 8498 8482 8645
3 8586 8616 8435
3 8517 8534 8646
3 8567 8535 8518
3 8500 8526 8568
3 8607 8526 8527
3 8576 8545 8577
3 8546 8598 8597
3 8556 8538 8621
3 8477 8529 8580
3 8529 8547 8581
3 8569 8540 8491
3 8513 8570 8569
3 8666 8531 8571
3 8562 8571 8531
3 8495 8584 8572
3 8525 8543 8594
3 8585 8659 8550
3 8552 8606 8509
3 8587 8567 8518
3 8576 8607 8527
3 8597 8553 8546
3 8554 8537 8631
3 8537 8555 8620
3 8529 8581 8638
3 8558 8559 8633
3 8559 8560 8641
3 8560 8561 8641
3 8601 8569 8570
3 8602 8571 8562
3 8602 8541 8603
3 8614 8583 8566
3 8572 8614 8566
3 8594 8584 8533
3 8498 8645 8595
3 8628 8645 8544
3 8615 8550 8659
3 8577 8545 8596
3 8545 8553 8596
3 8488 8619 8578
3 8640 8581 8557
3 8600 8640 8557
3 8558 8600 8557
3 8559 8641 8633
3 8561 8582 8623
3 8563 8564 8626
3 8590 8626 8564
3 8612 8565 8523
3 8523 8549 8627
3 8593 8592 8515
3 8572 8584 8605
3 8574 8498 8595
3 8535 8629 8575
3 8587 8568 8650
3 8578 8598 8488
3 8621 8579 8556
3 8609 8621 8538
3 8588 8609 8538
3 8580 8529 8638
3 8641 8561 8623
3 8623 8582 8610
3 8540 8610 8582
3 8601 8570 8624
3 8626 8603 8541
3 8541 8563 8626
3 8627 8612 8523
3 8594 8605 8584
3 8573 8574 8634
3 8617 8616 8586
3 8647 8646 8551
3 8606 8647 8551
3 8607 8568 8526
3 8635 8608 8576
3 8576 8577 8635
3 8577 8596 8635
3 8662 8631 8537
3 8537 8620 8662
3 8555 8599 8620
3 8579 8620 8599
3 8637 8632 8580
3 8666 8625 8548
3 8571 8602 8656
3 8590 8612 8611
3 8592 8593 8613
3 8668 8613 8593
3 8593 8604 8668
3 8605 8614 8572
3 8683 8605 8594
3 8594 8543 8643
3 8573 8634 8543
3 8676 8634 8574
3 8574 8595 8676
3 8644 8676 8595
3 8659 8585 8660
3 8517 8617 8586
3 8552 8575 8649
3 8629 8649 8575
3 8567 8688 8535
3 8567 8587 8650
3 8607 8576 8608
3 8630 8596 8553
3 8618 8630 8553
3 8553 8597 8618
3 8597 8598 8618
3 8598 8578 8618
3 8671 8619 8554
3 8631 8671 8554
3 8640 8638 8581
3 8600 8558 8622
3 8558 8633 8622
3 8569 8610 8540
3 8712 8589 8625
3 8603 8656 8602
3 8627 8657 8612
3 8549 8591 8627
3 8614 8668 8604
3 8604 8583 8614
3 8658 8614 8605
3 8595 8645 8644
3 8585 8616 8660
3 8606 8552 8649
3 8688 8629 8535
3 8608 8635 8661
3 8609 8588 8672
3 8588 8632 8678
3 8638 8637 8580
3 8655 8641 8623
3 8624 8589 8712
3 8626 8590 8611
3 8667 8627 8591
3 8613 8591 8592
3 8543 8634 8643
3 8660 8616 8617
3 8670 8617 8517
3 8646 8670 8517
3 8649 8629 8687
3 8650 8568 8651
3 8568 8607 8651
3 8630 8635 8596
3 8652 8578 8619
3 8671 8652 8619
3 8707 8620 8579
3 8672 8653 8609
3 8672 8588 8678
3 8638 8640 8639
3 8622 8633 8654
3 8642 8655 8623
3 8610 8642 8623
3 8656 8674 8666
3 8666 8571 8656
3 8657 8611 8612
3 8614 8658 8694
3 8643 8683 8594
3 8669 8645 8628
3 8628 8615 8677
3 8659 8677 8615
3 8648 8647 8606
3 8688 8687 8629
3 8567 8650 8688
3 8697 8688 8650
3 8651 8689 8650
3 8690 8651 8607
3 8608 8690 8607
3 8630 8618 8636
3 8618 8578 8652
3 8579 8621 8699
3 8653 8621 8609
3 8600 8622 8673
3 8654 8673 8622
3 8633 8641 8654
3 8610 8569 8664
3 8712 8601 8624
3 8611 8657 8681
3 8667 8657 8627
3 8613 8682 8591
3 8668 8682 8613
3 8683 8643 8715
3 8677 8669 8628
3 8670 8685 8617
3 8649 8648 8606
3 8630 8661 8635
3 8636 8618 8652
3 8637 8638 8691
3 8639 8640 8663
3 8640 8600 8663
3 8600 8673 8663
3 8625 8666 8665
3 8656 8603 8675
3 8626 8675 8603
3 8683 8658 8605
3 8634 8676 8684
3 8669 8644 8645
3 8660 8617 8685
3 8670 8646 8704
3 8647 8704 8646
3 8689 8697 8650
3 8661 8690 8608
3 8671 8631 8698
3 8631 8662 8698
3 8699 8707 8579
3 8621 8653 8699
3 8632 8637 8678
3 8691 8678 8637
3 8720 8691 8638
3 8638 8639 8720
3 8654 8641 8722
3 8701 8722 8641
3 8641 8655 8701
3 8664 8642 8610
3 8675 8714 8656
3 8667 8681 8657
3 8682 8667 8591
3 8694 8668 8614
3 8669 8677 8735
3 8729 8677 8659
3 8648 8686 8647
3 8724 8698 8662
3 8662 8620 8724
3 8663 8679 8639
3 8680 8709 8663
3 8663 8673 8680
3 8700 8680 8673
3 8712 8723 8601
3 8674 8665 8666
3 8611 8675 8626
3 8682 8668 8693
3 8643 8634 8684
3 8659 8660 8729
3 8704 8647 8731
3 8687 8688 8696
3 8689 8651 8690
3 8636 8661 8630
3 8636 8652 8705
3 8652 8671 8705
3 8707 8724 8620
3 8736 8720 8639
3 8679 8736 8639
3 8679 8663 8709
3 8673 8654 8700
3 8655 8642 8701
3 8711 8701 8642
3 8723 8664 8569
3 8569 8601 8723
3 8674 8656 8692
3 8681 8667 8703
3 8667 8682 8742
3 8694 8693 8668
3 8694 8658 8695
3 8792 8658 8683
3 8744 8684 8676
3 8676 8644 8744
3 8685 8729 8660
3 8685 8670 8730
3 8686 8731 8647
3 8732 8686 8648
3 8648 8649 8732
3 8687 8732 8649
3 8690 8661 8733
3 8661 8636 8717
3 8653 8672 8725
3 8678 8725 8672
3 8708 8678 8691
3 8709 8680 8721
3 9567 8680 8700
3 8665 8674 8713
3 8611 8702 8675
3 8611 8681 8702
3 8682 8693 8742
3 8683 8715 8792
3 8684 8715 8643
3 8729 8735 8677
3 8697 8696 8688
3 8717 8716 8661
3 8671 8698 8705
3 8725 8719 8653
3 8720 8708 8691
3 8710 8722 8701
3 8664 8711 8642
3 8727 8712 8625
3 8692 8713 8674
3 8714 8692 8656
3 8714 8675 8702
3 8742 8703 8667
3 8742 8693 8734
3 8658 8792 8695
3 8644 8669 8744
3 8704 8730 8670
3 8697 8689 8785
3 8689 8690 8745
3 8705 8698 8706
3 8707 8699 8718
3 8699 8653 8718
3 8725 8678 8764
3 8678 8708 8764
3 8737 8736 8679
3 8709 8737 8679
3 8748 8721 8680
3 8680 9567 8748
3 8749 8748 9567
3 9567 8750 8749
3 9567 8700 8726
3 8700 8654 8726
3 8722 8726 8654
3 8711 8753 8701
3 8741 8702 8681
3 8681 8703 8741
3 8693 8694 8734
3 8715 8754 8792
3 8743 8715 8684
3 8770 8744 8669
3 8729 8685 8782
3 8730 8782 8685
3 8687 8696 8783
3 8784 8783 8696
3 8696 8697 8784
3 8785 8784 8697
3 8745 8785 8689
3 8718 8724 8707
3 8719 8718 8653
3 8758 8708 8720
3 8709 8721 8737
3 8750 9567 8726
3 8739 8726 8722
3 8751 8739 8722
3 8710 8701 8740
3 8753 8740 8701
3 8625 8665 8727
3 8714 8702 8728
3 8734 8694 8769
3 8695 8769 8694
3 8715 8743 8754
3 8743 8684 8744
3 8669 8735 8770
3 8686 8795 8731
3 8783 8732 8687
3 8733 8661 8756
3 8705 8706 8717
3 8698 8724 8762
3 8725 8763 8719
3 8747 8737 8721
3 8721 8748 8747
3 8722 8710 8751
3 8752 8751 8710
3 8664 8723 8791
3 8712 8791 8723
3 8692 8714 8777
3 8714 8728 8777
3 8741 8728 8702
3 8762 8706 8698
3 8724 8718 8762
3 8718 8719 8763
3 8725 8764 8757
3 8764 8708 8787
3 8720 8736 8758
3 8740 8752 8710
3 8790 8753 8711
3 8791 8711 8664
3 8712 8727 8791
3 8713 8761 8665
3 8777 8713 8692
3 8741 8703 8768
3 8734 8768 8742
3 8798 8735 8729
3 8730 8704 8794
3 8704 8731 8799
3 8795 8799 8731
3 8686 8732 8755
3 8733 8745 8690
3 8756 8812 8733
3 8782 8798 8729
3 8782 8730 8794
3 8799 8794 8704
3 8716 8756 8661
3 8759 8747 8748
3 8773 8748 8749
3 8760 8738 8739
3 8760 8739 8751
3 8665 8761 8727
3 8703 8742 8768
3 8744 8770 8793
3 8755 8795 8686
3 8783 8755 8732
3 8745 8733 8812
3 8763 8762 8718
3 8757 8763 8725
3 8736 8737 8765
3 8766 8759 8748
3 8773 8766 8748
3 8773 8749 8767
3 8749 8750 8767
3 8752 8740 8776
3 8740 8753 8806
3 8777 8761 8713
3 8728 8779 8777
3 8741 8779 8728
3 8797 8792 8754
3 8754 8743 8797
3 8835 8743 8744
3 8793 8835 8744
3 8770 8735 8781
3 8798 8781 8735
3 8785 8745 8801
3 8716 8746 8756
3 8786 8756 8746
3 8762 8763 8820
3 8787 8845 8764
3 8708 8758 8787
3 8758 8736 8765
3 8747 8765 8737
3 8774 8767 8750
3 8750 8738 8774
3 8805 8738 8760
3 8816 8805 8760
3 8760 8751 8816
3 8775 8816 8751
3 8751 8752 8775
3 8752 8776 8775
3 8807 8753 8790
3 8791 8790 8711
3 8768 8810 8741
3 8786 8762 8771
3 8820 8771 8762
3 8757 8764 8814
3 8845 8814 8764
3 8765 8747 8772
3 8759 8772 8747
3 8767 8804 8773
3 8805 8774 8738
3 8740 8806 8776
3 8761 8778 8823
3 8777 8778 8761
3 8779 8778 8777
3 8768 8734 8780
3 8769 8780 8734
3 8781 8793 8770
3 8794 8851 8782
3 8811 8784 8785
3 8786 8796 8756
3 8813 8820 8763
3 8763 8757 8813
3 8787 8758 8788
3 8765 8788 8758
3 8772 8803 8765
3 8804 8766 8773
3 8767 8774 8789
3 8807 8806 8753
3 8808 8790 8791
3 8849 8791 8727
3 8761 8823 8727
3 8810 8779 8741
3 8780 8810 8768
3 8824 8797 8743
3 8743 8835 8824
3 8798 8782 8837
3 8782 8851 8837
3 8799 8795 8800
3 8784 8839 8783
3 8812 8801 8745
3 8813 8757 8814
3 8788 8854 8787
3 8802 8788 8765
3 8803 8802 8765
3 8772 8759 8827
3 8766 8827 8759
3 8804 8767 8815
3 8789 8815 8767
3 8789 8774 9771
3 8805 9771 8774
3 8775 8776 8821
3 8778 8779 8809
3 8810 8809 8779
3 8819 8780 8769
3 8769 8695 8819
3 8695 8792 8819
3 8797 8819 8792
3 8800 8795 8896
3 8755 8896 8795
3 8785 8801 8811
3 8812 8756 8796
3 8781 8798 8825
3 8844 8851 8794
3 8755 8783 8839
3 8839 8784 8811
3 8804 8815 8828
3 9778 8815 8789
3 8776 8806 8817
3 8806 8807 8817
3 8818 8817 8807
3 8832 8807 8790
3 8808 8791 8822
3 8727 8823 8849
3 8821 8776 8817
3 8832 8818 8807
3 8808 8832 8790
3 8791 8849 8822
3 8810 8780 8834
3 8797 8824 8865
3 8836 8835 8793
3 8793 8781 8836
3 8839 8853 8755
3 8840 8801 8812
3 8826 8840 8812
3 8796 8826 8812
3 8820 8813 8829
3 8814 8829 8813
3 8845 8830 8814
3 8845 8787 8854
3 8788 8802 8831
3 8802 8803 8827
3 8803 8772 8827
3 8828 8815 8846
3 9779 8846 8815
3 8815 9778 9779
3 8841 9771 8805
3 8842 8841 8805
3 8805 8816 8842
3 8843 8842 8816
3 8816 8775 8843
3 8821 8843 8775
3 8833 8809 8810
3 8798 8837 8825
3 8844 8794 8838
3 8794 8799 8838
3 8826 8796 8771
3 8829 8826 8771
3 8771 8820 8829
3 8830 8829 8814
3 8854 8788 8831
3 8827 8855 8802
3 8828 8859 8827
3 8827 8766 8828
3 8766 8804 8828
3 8817 8856 8821
3 8822 8832 8808
3 8823 8778 8833
3 8778 8809 8833
3 8781 8825 8866
3 8850 8825 8837
3 8896 8755 8853
3 8869 8854 8831
3 8859 8828 8860
3 8846 9779 8847
3 8845 8854 8868
3 8855 8869 8831
3 8831 8802 8855
3 8855 8827 8887
3 8859 8887 8827
3 8843 8821 8891
3 8821 8856 8875
3 8862 8856 8817
3 8857 8849 8823
3 8823 8833 8857
3 8833 8810 8834
3 8865 8864 8819
3 8819 8797 8865
3 8866 8836 8781
3 8850 8866 8825
3 8837 8851 8850
3 8838 8799 8852
3 8799 8800 8852
3 8896 8852 8800
3 8874 8841 8842
3 8842 8843 8874
3 8817 8818 8862
3 8863 8862 8818
3 8818 8832 8863
3 8819 8864 8834
3 8877 8824 8835
3 8811 8897 8839
3 8879 8811 8801
3 8801 8840 8879
3 8840 8826 8858
3 8829 8830 8858
3 8860 8828 8870
3 8828 8846 8870
3 8861 8870 8846
3 8846 8847 8861
3 8847 8871 8861
3 8841 8874 9773
3 8876 8863 8832
3 8832 8822 8876
3 8833 8834 8883
3 8835 8836 8877
3 8836 8866 8893
3 8850 8851 8921
3 8853 8839 8897
3 8879 8840 8858
3 8886 8858 8830
3 8830 8845 8867
3 8868 8867 8845
3 8869 8868 8854
3 8869 8855 8880
3 8887 8880 8855
3 8887 8859 8888
3 8875 8891 8821
3 8881 8875 8856
3 8862 8881 8856
3 8822 8849 8905
3 8849 8857 8905
3 8883 8857 8833
3 8883 8834 8864
3 8864 8865 8892
3 8893 8877 8836
3 8878 8921 8851
3 8851 8844 8878
3 8838 8878 8844
3 8879 8897 8811
3 8886 8830 8867
3 8860 8888 8859
3 8872 8848 8918
3 8873 8918 8848
3 8874 8843 8902
3 8891 8902 8843
3 8891 8875 8903
3 8882 8881 8862
3 8862 8863 8882
3 8904 8863 8876
3 8892 8883 8864
3 8884 8892 8865
3 8865 8824 8884
3 8938 8893 8866
3 8894 8866 8850
3 8879 8858 8885
3 8886 8885 8858
3 8880 8868 8869
3 8924 8887 8888
3 8907 8888 8860
3 8870 8907 8860
3 8889 8861 8871
3 9781 9773 8890
3 9773 8874 8902
3 8863 8904 8882
3 8822 8905 8876
3 8877 8884 8824
3 8877 8893 8937
3 8850 8921 8894
3 8838 8914 8878
3 8895 8914 8838
3 8838 8852 8895
3 8852 8896 8895
3 8929 8896 8853
3 8897 8929 8853
3 8897 8879 8916
3 8885 8916 8879
3 8868 8880 8899
3 8902 8890 9773
3 8912 8875 8881
3 8906 8905 8857
3 8883 8906 8857
3 8884 8877 8954
3 8898 8885 8886
3 8886 8867 8898
3 8867 8868 8898
3 8899 8880 8940
3 8880 8887 8924
3 8907 8924 8888
3 8870 8861 8907
3 8861 8889 8907
3 8918 8941 8900
3 8918 8873 8909
3 8901 8909 8873
3 8944 8911 9781
3 9781 8890 8944
3 8903 8902 8891
3 8927 8904 8876
3 8906 8927 8905
3 8877 8937 8954
3 8913 8938 8866
3 8866 8894 8913
3 8914 8921 8878
3 8895 8896 8922
3 8929 8922 8896
3 8916 8929 8897
3 8917 8898 8868
3 8868 8899 8917
3 8924 8940 8880
3 8945 8944 8890
3 8902 8945 8890
3 8902 8903 8934
3 8875 8912 8919
3 8936 8912 8881
3 8920 8881 8882
3 8882 8904 8920
3 8927 8920 8904
3 8876 8905 8927
3 8893 8938 8937
3 8894 8921 8913
3 8922 8915 8895
3 8924 8907 8932
3 8907 8889 8933
3 8911 8910 9781
3 8909 8961 8918
3 8926 8910 8911
3 8919 8903 8875
3 8936 8919 8912
3 8927 8906 8928
3 8928 8906 8884
3 8884 8954 8928
3 8921 8914 8939
3 8916 8885 8930
3 8931 8885 8898
3 8898 8917 8931
3 8917 8899 8923
3 8949 8923 8899
3 8940 8949 8899
3 8889 8908 8933
3 8941 8918 8961
3 8934 8945 8902
3 8935 8963 8903
3 8903 8919 8935
3 8881 8920 8936
3 8939 8913 8921
3 8947 8929 8916
3 8916 8930 8947
3 8931 8930 8885
3 8923 8931 8917
3 8940 8924 8960
3 8932 8907 8933
3 8901 8925 8943
3 9770 8926 9775
3 8951 8935 8919
3 8919 8936 8951
3 8927 8928 8953
3 8975 8937 8938
3 8939 8914 8946
3 8915 8946 8914
3 8914 8895 8915
3 8915 8922 8965
3 8947 8922 8929
3 8923 8948 8931
3 9994 8933 8908
3 8909 8901 8942
3 8972 8943 8925
3 8944 8926 8911
3 8952 8951 8936
3 8936 8920 8952
3 8927 8953 8920
3 8956 8928 8954
3 8986 8954 8937
3 8975 8986 8937
3 8913 8975 8938
3 8939 8957 8913
3 8947 8965 8922
3 8949 8978 8923
3 8949 8940 8960
3 8903 8963 8934
3 8970 8952 8920
3 8955 8975 8913
3 8957 8955 8913
3 8946 8957 8939
3 8976 8946 8915
3 8965 8976 8915
3 8947 8930 8958
3 8948 8923 8978
3 8979 8978 8949
3 8960 8979 8949
3 8932 8960 8924
3 8950 8941 9008
3 8942 8961 8909
3 8980 8942 8901
3 8943 8980 8901
3 8945 8974 8944
3 8962 8934 8963
3 8920 8953 8970
3 8954 8986 8956
3 8955 8957 8982
3 8965 8947 8990
3 8930 8931 8958
3 8931 8948 8958
3 8977 8958 8948
3 8959 8977 8948
3 8948 8978 8959
3 8932 8933 8966
3 8933 9994 8966
3 8974 9772 8926
3 8926 8944 8974
3 8964 8957 8946
3 8946 8976 8964
3 8960 8932 8966
3 8967 8966 9994
3 9008 8941 9002
3 8941 8961 9002
3 8973 8972 8925
3 8994 8973 8925
3 8951 8963 8935
3 8945 8934 8974
3 8951 8952 8968
3 8969 8968 8952
3 8956 8981 8953
3 8975 8955 8982
3 8976 8965 8989
3 8989 8965 8990
3 8958 8990 8947
3 8966 8998 8960
3 8969 8970 8985
3 8970 8981 8985
3 8987 8975 8982
3 8964 8976 8988
3 8990 8958 8991
3 8958 8977 8991
3 8978 8997 8959
3 8979 8992 8978
3 8966 8967 8999
3 8961 8942 8984
3 8942 8980 8984
3 8963 8951 9024
3 8968 8969 9005
3 8956 8986 8981
3 8989 8988 8976
3 8997 8978 8992
3 8979 8960 9015
3 8971 8950 9016
3 9008 9016 8950
3 9008 9002 9037
3 9002 8961 8993
3 8983 9009 8961
3 8961 8984 8983
3 9533 8983 8984
3 9004 8984 8980
3 8980 8943 9004
3 8962 9772 8974
3 8974 8934 8962
3 8969 8985 9020
3 8986 8985 8981
3 8986 8975 9000
3 8987 9000 8975
3 9006 8987 8982
3 8982 8957 9006
3 8977 8959 8997
3 9015 8992 8979
3 8966 8999 8998
3 9016 8967 8971
3 9009 8993 8961
3 9533 8984 9010
3 8994 9784 9023
3 8995 9023 9784
3 9784 9772 8995
3 9772 8962 8995
3 8968 9024 8951
3 9005 8969 9020
3 8985 8986 9011
3 9000 9011 8986
3 8957 8964 9006
3 8988 9006 8964
3 8988 8989 9007
3 8996 9007 8989
3 8989 8990 8996
3 8997 9014 8977
3 8998 9015 8960
3 9016 8999 8967
3 9533 9027 8983
3 9023 8973 8994
3 9006 9001 8987
3 8990 8991 9013
3 8991 8977 9014
3 8997 8992 9035
3 9027 9009 8983
3 9010 8984 9004
3 9024 8962 8963
3 9019 9005 9020
3 9011 9020 8985
3 8987 9011 9000
3 9006 8988 9012
3 9007 9012 8988
3 8996 8990 9013
3 9014 9013 8991
3 9015 9051 8992
3 8998 8999 9036
3 9016 9036 8999
3 9008 9046 9016
3 9017 9037 9002
3 9002 8993 9017
3 9009 9017 8993
3 9003 9027 9533
3 9018 9010 9004
3 9004 8943 9038
3 8943 8972 9038
3 9039 9038 8972
3 8995 9048 9023
3 9024 8968 9030
3 8968 9005 9030
3 9005 9019 9030
3 9001 9011 8987
3 9042 9001 9006
3 9025 9042 9006
3 9006 9012 9025
3 8996 9012 9007
3 9035 9014 8997
3 9051 9035 8992
3 9015 8998 9036
3 9046 9008 9053
3 9037 9053 9008
3 9027 9022 9009
3 9027 9003 9028
3 9003 9010 9058
3 9018 9004 9038
3 8995 8962 9048
3 8962 9024 9048
3 9026 9025 9012
3 8996 9026 9012
3 9013 9014 9021
3 9051 9015 9045
3 9036 9045 9015
3 9046 9036 9016
3 9022 9017 9009
3 9028 9047 9027
3 9058 9010 9029
3 9018 9029 9010
3 8973 9039 8972
3 9011 9019 9020
3 9011 9001 9031
3 9042 9031 9001
3 9025 9026 9032
3 8996 9013 9034
3 9021 9034 9013
3 9050 9021 9014
3 9035 9050 9014
3 9053 9037 9054
3 9047 9075 9027
3 9058 9028 9003
3 9040 9048 9024
3 9024 9030 9040
3 9043 9032 9026
3 9033 9043 9026
3 9026 8996 9033
3 8996 9034 9033
3 9045 9052 9051
3 9017 9054 9037
3 9017 9022 9069
3 9075 9022 9027
3 9029 9018 9101
3 9055 9039 8973
3 8973 9023 9055
3 9055 9023 9048
3 9030 9060 9040
3 9019 9011 9061
3 9011 9031 9061
3 9031 9042 9041
3 9043 9033 9044
3 9045 9036 9064
3 9046 9064 9036
3 9073 9054 9017
3 9065 9028 9058
3 9070 9101 9018
3 9018 9038 9070
3 9038 9039 9059
3 9030 9019 9060
3 9078 9060 9019
3 9019 9061 9080
3 9042 9025 9056
3 9032 9056 9025
3 9049 9032 9043
3 9044 9049 9043
3 9063 9044 9033
3 9033 9034 9063
3 9021 9063 9034
3 9051 9050 9035
3 9052 9045 9064
3 9075 9074 9022
3 9028 9065 9057
3 9094 9059 9039
3 9039 9055 9094
3 9071 9055 9048
3 9048 9040 9071
3 9080 9078 9019
3 9041 9042 9056
3 9062 9056 9032
3 9052 9050 9051
3 9046 9053 9098
3 9068 9098 9053
3 9053 9054 9068
3 9069 9073 9017
3 9057 9047 9028
3 9108 9065 9058
3 9058 9029 9112
3 9059 9070 9038
3 9040 9060 9087
3 9049 9062 9032
3 9066 9049 9044
3 9044 9063 9066
3 9063 9021 9067
3 9072 9067 9021
3 9021 9050 9072
3 9050 9052 9084
3 9064 9046 9098
3 9112 9108 9058
3 9112 9029 9101
3 9070 9059 9109
3 9071 9040 9087
3 9071 9094 9055
3 9088 9080 9061
3 9061 9031 9088
3 9031 9041 9088
3 9081 9088 9041
3 9041 9056 9081
3 9056 9062 9081
3 9083 9066 9063
3 9072 9050 9084
3 9064 9084 9052
3 9085 9068 9054
3 9054 9073 9085
3 9069 9022 9074
3 9047 9057 9076
3 9057 9065 9104
3 9094 9077 9059
3 9078 9080 9079
3 9082 9096 9062
3 9062 9049 9082
3 9049 9066 9082
3 9083 9063 9067
3 9069 9074 9099
3 9092 9075 9047
3 9076 9092 9047
3 9108 9104 9065
3 9101 9070 9093
3 9109 9093 9070
3 9094 9071 9087
3 9087 9060 9095
3 9060 9078 9095
3 9080 9088 9110
3 9081 9062 9096
3 9098 9068 9124
3 9085 9124 9068
3 9115 9085 9073
3 9069 9115 9073
3 9074 9075 9100
3 9075 9092 9086
3 9104 9076 9057
3 9095 9078 9114
3 9079 9114 9078
3 9110 9079 9080
3 9089 9088 9081
3 9081 9096 9089
3 9096 9082 9097
3 9082 9066 9090
3 9083 9090 9066
3 9083 9067 9106
3 9103 9106 9067
3 9067 9072 9103
3 9091 9072 9084
3 9084 9064 9091
3 9546 9091 9064
3 9064 9098 9546
3 9109 9059 9131
3 9077 9131 9059
3 9077 9094 9102
3 9094 9087 9102
3 9095 9102 9087
3 9089 9110 9088
3 9090 9097 9082
3 9090 9083 9106
3 9103 9072 9107
3 9091 9107 9072
3 9124 9546 9098
3 9069 9099 9115
3 9086 9100 9075
3 9110 9119 9079
3 9107 9091 9111
3 9546 9111 9091
3 9118 9112 9101
3 9093 9118 9101
3 9077 9102 9113
3 9119 9114 9079
3 9129 9110 9089
3 9089 9096 9129
3 9096 9097 9129
3 9090 9106 9105
3 9107 9106 9103
3 9107 9111 9122
3 9099 9074 9154
3 9076 9104 9139
3 9135 9139 9104
3 9104 9108 9135
3 9127 9131 9077
3 9113 9127 9077
3 9097 9090 9120
3 9105 9106 9121
3 9106 9107 9121
3 9122 9121 9107
3 9124 9085 9125
3 9115 9125 9085
3 9115 9099 9116
3 9126 9092 9076
3 9139 9126 9076
3 9118 9153 9112
3 9131 9093 9109
3 9128 9119 9110
3 9128 9110 9129
3 9120 9129 9097
3 9105 9120 9090
3 9122 9111 9134
3 9546 9134 9111
3 9142 9116 9099
3 9100 9154 9074
3 9130 9100 9086
3 9117 9086 9092
3 9126 9117 9092
3 9136 9151 9095
3 9095 9114 9136
3 9114 9119 9132
3 9121 9122 9146
3 9123 9134 9546
3 9099 9154 9142
3 9117 9130 9086
3 9118 9093 9177
3 9151 9113 9102
3 9102 9095 9151
3 9128 9132 9119
3 9133 9120 9105
3 9105 9121 9133
3 9137 9133 9121
3 9146 9137 9121
3 9138 9147 9124
3 9124 9125 9138
3 9186 9154 9100
3 9108 9112 9153
3 9151 9156 9113
3 9114 9132 9136
3 9140 9132 9128
3 9141 9140 9128
3 9128 9129 9141
3 9129 9120 9141
3 9133 9141 9120
3 9115 9116 9125
3 9117 9126 9149
3 9139 9135 9143
3 9135 9108 9144
3 9093 9131 9162
3 9127 9113 9156
3 9152 9136 9132
3 9132 9140 9152
3 9146 9122 9167
3 9122 9134 9167
3 9130 9186 9100
3 9130 9117 9149
3 9150 9149 9126
3 9126 9139 9150
3 9143 9150 9139
3 9144 9143 9135
3 9153 9144 9108
3 9162 9177 9093
3 9133 9137 9145
3 9123 9167 9134
3 9125 9116 9148
3 9142 9148 9116
3 9153 9118 9173
3 9177 9173 9118
3 9131 9127 9162
3 9152 9140 9166
3 9170 9166 9140
3 9141 9133 9179
3 9133 9145 9179
3 9146 9159 9137
3 9154 9176 9142
3 9186 9130 9182
3 9143 9144 9183
3 9144 9153 9155
3 9157 9151 9136
3 9136 9152 9157
3 9140 9141 9158
3 9179 9158 9141
3 9159 9145 9137
3 9167 9123 9160
3 9181 9171 9147
3 9138 9181 9147
3 9149 9182 9130
3 9168 9161 9149
3 9149 9150 9168
3 9150 9143 9168
3 9183 9144 9155
3 9158 9170 9140
3 9167 9159 9146
3 9171 9160 9123
3 9123 9147 9171
3 9138 9125 9195
3 9125 9148 9195
3 9176 9148 9142
3 9161 9182 9149
3 9168 9143 9183
3 9162 9127 9163
3 9127 9156 9163
3 9159 9174 9145
3 9159 9167 9175
3 9191 9153 9173
3 9163 9197 9162
3 9163 9156 9164
3 9165 9178 9164
3 9164 9156 9165
3 9156 9151 9165
3 9151 9157 9165
3 9152 9166 9169
3 9158 9179 9189
3 9207 9179 9145
3 9160 9171 9180
3 9190 9171 9181
3 9198 9181 9138
3 9186 9172 9154
3 9153 9191 9155
3 9164 9539 9163
3 9169 9157 9152
3 9188 9169 9166
3 9170 9188 9166
3 9170 9158 9194
3 9160 9175 9167
3 9172 9176 9154
3 9182 9161 9199
3 9183 9155 9196
3 9197 9163 9539
3 9189 9194 9158
3 9159 9184 9174
3 9175 9184 9159
3 9180 9208 9160
3 9171 9190 9180
3 9168 9183 9201
3 9155 9191 9196
3 9177 9162 9197
3 9220 9145 9174
3 9138 9195 9198
3 9200 9161 9168
3 9539 9164 9202
3 9164 9178 9202
3 9227 9202 9178
3 9165 9192 9178
3 9165 9157 9193
3 9157 9169 9187
3 9175 9160 9208
3 9190 9181 9185
3 9181 9198 9185
3 9172 9186 9217
3 9186 9182 9223
3 9204 9199 9161
3 9201 9200 9168
3 9211 9196 9191
3 9212 9191 9173
3 9173 9177 9212
3 9249 9177 9197
3 9192 9227 9178
3 9188 9187 9169
3 9174 9184 9237
3 9186 9223 9217
3 9200 9204 9161
3 9196 9201 9183
3 9192 9165 9193
3 9157 9187 9193
3 9187 9188 9214
3 9188 9170 9206
3 9194 9189 9219
3 9189 9179 9203
3 9220 9207 9145
3 9208 9244 9175
3 9180 9190 9208
3 9246 9223 9182
3 9199 9246 9182
3 9206 9240 9188
3 9219 9233 9194
3 9203 9219 9189
3 9207 9203 9179
3 9237 9220 9174
3 9185 9222 9190
3 9185 9198 9209
3 9238 9148 9176
3 9204 9224 9199
3 9201 9196 9210
3 9196 9211 9225
3 9212 9177 9249
3 9539 9226 9197
3 9193 9187 9213
3 9233 9206 9170
3 9170 9194 9233
3 9221 9244 9208
3 9222 9208 9190
3 9238 9195 9148
3 9235 9238 9176
3 9201 9231 9200
3 9210 9196 9218
3 9212 9211 9191
3 9539 9202 9205
3 9202 9227 9205
3 9192 9193 9213
3 9240 9214 9188
3 9237 9184 9215
3 9175 9215 9184
3 9204 9200 9267
3 9231 9267 9200
3 9210 9231 9201
3 9213 9227 9192
3 9214 9213 9187
3 9203 9207 9241
3 9244 9215 9175
3 9254 9221 9208
3 9208 9222 9254
3 9229 9222 9185
3 9185 9209 9229
3 9230 9229 9209
3 9209 9198 9216
3 9238 9216 9198
3 9198 9195 9238
3 9199 9224 9246
3 9267 9224 9204
3 9218 9236 9210
3 9196 9225 9218
3 9226 9539 9250
3 9219 9203 9228
3 9241 9228 9203
3 9207 9220 9253
3 9220 9237 9242
3 9235 9176 9172
3 9265 9235 9172
3 9172 9217 9265
3 9247 9267 9231
3 9231 9210 9232
3 9236 9232 9210
3 9249 9197 9261
3 9227 9262 9205
3 9214 9240 9270
3 9233 9219 9234
3 9228 9234 9219
3 9253 9241 9207
3 9278 9246 9224
3 9232 9239 9231
3 9280 9236 9218
3 9211 9260 9225
3 9205 9262 9252
3 9227 9213 9262
3 9222 9229 9254
3 9230 9209 9216
3 9217 9223 9265
3 9223 9246 9266
3 9224 9267 9278
3 9231 9239 9247
3 9225 9280 9218
3 9281 9260 9211
3 9269 9281 9211
3 9211 9212 9269
3 9262 9213 9263
3 9206 9233 9257
3 9234 9257 9233
3 9253 9220 9242
3 9264 9243 9244
3 9244 9221 9264
3 9245 9230 9216
3 9216 9238 9276
3 9266 9265 9223
3 9287 9247 9239
3 9248 9259 9236
3 9212 9249 9282
3 9226 9261 9197
3 9252 9251 9250
3 9228 9272 9234
3 9241 9283 9228
3 9253 9273 9241
3 9215 9274 9237
3 9244 9243 9215
3 9229 9230 9245
3 9238 9235 9255
3 9258 9239 9232
3 9259 9232 9236
3 9236 9280 9248
3 9280 9225 9260
3 9282 9269 9212
3 9226 9250 9261
3 9252 9262 9256
3 9214 9270 9268
3 9276 9238 9277
3 9258 9287 9239
3 9259 9258 9232
3 9250 9251 9261
3 9268 9213 9214
3 9257 9240 9206
3 9283 9241 9273
3 9275 9221 9254
3 9254 9229 9275
3 9245 9216 9276
3 9255 9277 9238
3 9265 9266 9285
3 9303 9266 9246
3 9288 9248 9280
3 9261 9282 9249
3 9289 9261 9251
3 9268 9263 9213
3 9257 9234 9321
3 9284 9253 9242
3 9242 9237 9274
3 9274 9215 9296
3 9243 9296 9215
3 9245 9275 9229
3 9311 9303 9246
3 9246 9278 9311
3 9267 9247 9279
3 9287 9279 9247
3 9259 9248 9305
3 9280 9260 9298
3 9251 9252 9320
3 9256 9320 9252
3 9263 9256 9262
3 9271 9290 9270
3 9270 9240 9271
3 9240 9257 9271
3 9272 9228 9322
3 9283 9322 9228
3 9284 9273 9253
3 9274 9284 9242
3 9221 9275 9301
3 9266 9303 9286
3 9278 9267 9297
3 9279 9297 9267
3 9305 9258 9259
3 9261 9289 9294
3 9320 9289 9251
3 9290 9268 9270
3 9257 9321 9271
3 9264 9221 9301
3 9292 9275 9245
3 9245 9276 9292
3 9276 9277 9302
3 9285 9266 9286
3 9288 9305 9248
3 9269 9282 9293
3 9320 9256 9295
3 9273 9284 9291
3 9264 9347 9243
3 9275 9292 9301
3 9302 9292 9276
3 9328 9255 9235
3 9235 9265 9285
3 9297 9304 9278
3 9287 9258 9305
3 9298 9318 9280
3 9307 9298 9260
3 9260 9281 9307
3 9281 9269 9307
3 9293 9307 9269
3 9282 9261 9330
3 9256 9263 9295
3 9272 9300 9234
3 9304 9311 9278
3 9288 9280 9318
3 9330 9293 9282
3 9261 9294 9308
3 9321 9234 9300
3 9283 9273 9314
3 9284 9274 9353
3 9292 9302 9333
3 9285 9328 9235
3 9285 9286 9329
3 9279 9287 9305
3 9299 9294 9289
3 9320 9299 9289
3 9272 9322 9309
3 9322 9283 9314
3 9291 9284 9362
3 9297 9279 9317
3 9279 9305 9317
3 9324 9305 9288
3 9320 9295 9312
3 9323 9301 9292
3 9277 9310 9302
3 9329 9328 9285
3 9297 9316 9304
3 9334 9324 9288
3 9335 9334 9288
3 9318 9335 9288
3 9318 9298 9306
3 9307 9306 9298
3 9290 9271 9338
3 9300 9272 9309
3 9353 9362 9284
3 9327 9243 9347
3 9292 9333 9323
3 9255 9328 9350
3 9329 9286 9315
3 9286 9303 9315
3 9303 9311 9315
3 9324 9317 9305
3 9307 9293 9343
3 9308 9330 9261
3 9319 9308 9294
3 9313 9312 9295
3 9295 9268 9313
3 9271 9321 9325
3 9273 9291 9314
3 9296 9243 9327
3 9277 9255 9350
3 9304 9315 9311
3 9317 9316 9297
3 9306 9307 9343
3 9344 9343 9293
3 9313 9361 9312
3 9321 9300 9346
3 9300 9309 9326
3 9333 9302 9310
3 9350 9328 9351
3 9317 9324 9334
3 9335 9318 9306
3 9293 9330 9344
3 9299 9320 9336
3 9320 9312 9336
3 9361 9336 9312
3 9337 9268 9290
3 9325 9338 9271
3 9346 9300 9326
3 9364 9353 9274
3 9274 9296 9364
3 9332 9347 9264
3 9264 9301 9332
3 9323 9332 9301
3 9304 9340 9315
3 9330 9308 9349
3 9308 9319 9349
3 9336 9331 9299
3 9290 9338 9337
3 9332 9323 9339
3 9323 9333 9339
3 9342 9339 9333
3 9342 9333 9310
3 9310 9277 9375
3 9277 9350 9375
3 9348 9335 9306
3 9306 9343 9348
3 9349 9344 9330
3 9313 9268 9345
3 9309 9322 9358
3 9322 9314 9358
3 9328 9329 9351
3 9316 9340 9304
3 9316 9317 9341
3 9334 9341 9317
3 9334 9335 9363
3 9361 9356 9336
3 9314 9291 9368
3 9291 9362 9368
3 9359 9351 9329
3 9329 9315 9359
3 9315 9340 9359
3 9355 9354 9343
3 9343 9344 9355
3 9349 9319 9392
3 9331 9392 9319
3 9337 9345 9268
3 9357 9325 9321
3 9321 9346 9357
3 9327 9364 9296
3 9339 9342 9374
3 9375 9350 9376
3 9340 9316 9352
3 9341 9352 9316
3 9341 9334 9381
3 9363 9381 9334
3 9348 9343 9354
3 9325 9378 9338
3 9347 9332 9373
3 9365 9373 9332
3 9332 9339 9365
3 9359 9340 9352
3 9335 9348 9363
3 9367 9363 9348
3 9344 9349 9355
3 9356 9392 9331
3 9331 9336 9356
3 9337 9338 9378
3 9358 9326 9309
3 9350 9351 9376
3 9369 9376 9351
3 9359 9369 9351
3 9352 9341 9360
3 9341 9381 9360
3 9354 9367 9348
3 9346 9326 9383
3 9368 9358 9314
3 9362 9353 9380
3 9369 9359 9366
3 9361 9313 9371
3 9357 9378 9325
3 9357 9346 9383
3 9379 9326 9358
3 9327 9347 9372
3 9374 9389 9339
3 9342 9310 9397
3 9355 9349 9391
3 9356 9361 9393
3 9371 9393 9361
3 9345 9371 9313
3 9379 9383 9326
3 9358 9368 9395
3 9380 9368 9362
3 9364 9401 9353
3 9409 9364 9327
3 9339 9389 9365
3 9310 9375 9397
3 9370 9366 9359
3 9359 9352 9370
3 9352 9360 9370
3 9381 9363 9377
3 9363 9367 9377
3 9354 9355 9382
3 9356 9393 9392
3 9401 9380 9353
3 9373 9372 9347
3 9376 9369 9406
3 9390 9370 9360
3 9381 9390 9360
3 9367 9354 9377
3 9382 9377 9354
3 9394 9379 9358
3 9358 9384 9394
3 9358 9395 9384
3 9395 9368 9396
3 9380 9396 9368
3 9327 9372 9409
3 9406 9369 9403
3 9366 9403 9369
3 9355 9391 9399
3 9421 9391 9349
3 9345 9337 9400
3 9337 9378 9400
3 9418 9400 9378
3 9405 9373 9365
3 9365 9389 9405
3 9374 9342 9397
3 9385 9397 9375
3 9376 9385 9375
3 9410 9366 9370
3 9370 9390 9410
3 9382 9398 9377
3 9399 9382 9355
3 9386 9404 9371
3 9371 9345 9386
3 9357 9418 9378
3 9387 9357 9383
3 9394 9383 9379
3 9401 9396 9380
3 9409 9417 9364
3 9388 9372 9373
3 9373 9405 9388
3 9385 9376 9402
3 9410 9403 9366
3 9407 9390 9381
3 9381 9377 9407
3 9399 9408 9382
3 9349 9392 9421
3 9400 9386 9345
3 9394 9387 9383
3 9374 9397 9423
3 9407 9377 9398
3 9404 9393 9371
3 9387 9418 9357
3 9417 9401 9364
3 9423 9389 9374
3 9398 9382 9408
3 9392 9393 9424
3 9425 9424 9393
3 9396 9401 9420
3 9385 9423 9397
3 9406 9402 9376
3 9411 9410 9390
3 9407 9411 9390
3 9421 9392 9424
3 9386 9400 9422
3 9420 9401 9440
3 9414 9405 9389
3 9385 9402 9415
3 9406 9403 9430
3 9407 9398 9412
3 9408 9449 9398
3 9443 9399 9391
3 9391 9413 9443
3 9413 9391 9421
3 9393 9404 9425
3 9419 9387 9394
3 9384 9395 9429
3 9433 9429 9395
3 9395 9396 9433
3 9441 9388 9405
3 9414 9441 9405
3 9423 9414 9389
3 9416 9415 9402
3 9402 9406 9416
3 9430 9416 9406
3 9436 9403 9410
3 9443 9408 9399
3 9418 9422 9400
3 9420 9433 9396
3 9435 9417 9409
3 9427 9409 9372
3 9410 9411 9436
3 9437 9436 9411
3 9412 9411 9407
3 9449 9412 9398
3 9431 9443 9413
3 9426 9425 9404
3 9386 9426 9404
3 9418 9387 9432
3 9401 9417 9440
3 9435 9440 9417
3 9372 9388 9427
3 9423 9385 9428
3 9436 9430 9403
3 9422 9418 9439
3 9387 9419 9432
3 9394 9384 9419
3 9415 9428 9385
3 9411 9412 9437
3 9422 9426 9386
3 9432 9439 9418
3 9427 9435 9409
3 9414 9423 9442
3 9430 9436 9447
3 9424 9444 9421
3 9424 9425 9444
3 9438 9444 9425
3 9426 9422 9450
3 9439 9472 9422
3 9429 9419 9384
3 9433 9420 9434
3 9440 9434 9420
3 9441 9427 9388
3 9442 9423 9452
3 9428 9452 9423
3 9413 9421 9431
3 9445 9438 9425
3 9425 9426 9445
3 9442 9451 9414
3 9428 9415 9458
3 9415 9416 9453
3 9430 9453 9416
3 9443 9449 9408
3 9444 9431 9421
3 9472 9450 9422
3 9458 9452 9428
3 9412 9449 9448
3 9450 9456 9426
3 9439 9432 9473
3 9446 9432 9419
3 9465 9440 9435
3 9451 9441 9414
3 9454 9447 9436
3 9437 9412 9459
3 9444 9438 9471
3 9473 9472 9439
3 9474 9446 9419
3 9474 9419 9429
3 9434 9429 9433
3 9435 9427 9465
3 9451 9467 9441
3 9479 9451 9442
3 9458 9415 9453
3 9436 9437 9454
3 9448 9459 9412
3 9449 9443 9470
3 9455 9445 9426
3 9456 9455 9426
3 9434 9440 9457
3 9452 9479 9442
3 9447 9453 9430
3 9459 9454 9437
3 9470 9448 9449
3 9460 9470 9443
3 9443 9431 9460
3 9431 9444 9461
3 9471 9461 9444
3 9445 9471 9438
3 9472 9456 9450
3 9473 9432 9462
3 9432 9446 9462
3 9463 9429 9434
3 9466 9465 9427
3 9427 9441 9467
3 9458 9453 9469
3 9461 9460 9431
3 9463 9474 9429
3 9427 9467 9466
3 9489 9459 9448
3 9461 9471 9477
3 9457 9440 9465
3 9453 9447 9481
3 9447 9454 9481
3 9448 9470 9489
3 9471 9445 9478
3 9434 9457 9484
3 9468 9467 9451
3 9479 9452 9480
3 9452 9458 9469
3 9488 9481 9454
3 9454 9459 9488
3 9470 9460 9464
3 9460 9461 9464
3 9477 9464 9461
3 9462 9494 9473
3 9463 9434 9484
3 9466 9467 9475
3 9479 9468 9451
3 9469 9480 9452
3 9476 9488 9459
3 9489 9476 9459
3 9455 9456 9482
3 9483 9482 9456
3 9456 9472 9483
3 9484 9457 9486
3 9457 9465 9486
3 9487 9465 9466
3 9475 9487 9466
3 9468 9475 9467
3 9469 9453 9491
3 9445 9455 9482
3 9494 9483 9472
3 9472 9473 9494
3 9487 9486 9465
3 9479 9480 9499
3 9453 9481 9491
3 9493 9477 9471
3 9482 9478 9445
3 9485 9494 9462
3 9462 9446 9485
3 9474 9485 9446
3 9468 9479 9495
3 9499 9495 9479
3 9480 9469 9503
3 9470 9464 9497
3 9471 9478 9493
3 9490 9503 9469
3 9469 9491 9490
3 9496 9488 9476
3 9476 9489 9496
3 9497 9489 9470
3 9504 9485 9474
3 9474 9463 9504
3 9468 9495 9498
3 9503 9499 9480
3 9500 9491 9481
3 9481 9488 9500
3 9496 9500 9488
3 9492 9497 9464
3 9464 9477 9492
3 9505 9484 9486
3 9486 9487 9505
3 9475 9506 9487
3 9475 9468 9498
3 9496 9489 9497
3 9477 9493 9510
3 9493 9478 9501
3 9478 9482 9501
3 9482 9483 9502
3 9494 9502 9483
3 9506 9505 9487
3 9498 9506 9475
3 9490 9491 9500
3 9492 9477 9510
3 9507 9498 9495
3 9495 9499 9507
3 9499 9503 9525
3 9496 9497 9509
3 9501 9482 9514
3 9502 9514 9482
3 9502 9494 9485
3 9505 9504 9463
3 9463 9484 9505
3 9525 9507 9499
3 9500 9496 9508
3 9509 9508 9496
3 9511 9510 9493
3 9493 9501 9511
3 9514 9511 9501
3 9505 9506 9512
3 9518 9512 9506
3 9498 9507 9519
3 9503 9490 9525
3 9513 9509 9497
3 9497 9492 9513
3 9492 9510 9513
3 9510 9511 9521
3 9502 9485 9515
3 9516 9485 9504
3 9504 9505 9516
3 9519 9518 9506
3 9506 9498 9519
3 9520 9525 9490
3 9490 9500 9520
3 9508 9520 9500
3 9510 9521 9513
3 9511 9514 9517
3 9514 9502 9523
3 9515 9523 9502
3 9525 9519 9507
3 9643 9509 9513
3 9521 9643 9513
3 9523 9517 9514
3 9516 9515 9485
3 9527 9520 9508
3 9521 9511 9517
3 9516 9523 9515
3 9505 9512 9516
3 9524 9516 9512
3 9644 9524 9518
3 9518 9519 9644
3 9519 9525 9526
3 9525 9520 9526
3 9527 9526 9520
3 9508 9509 9527
3 9643 9527 9509
3 9521 9517 9528
3 9517 9523 9642
3 9526 9644 9519
3 9521 9528 9522
3 9645 9522 9528
3 9528 9642 9644
3 9642 9524 9644
3 6224 6309 6194
3 514 532 466
3 4279 4326 4278
3 7771 7678 7793
3 512 552 538
3 694 719 707
3 8593 8515 8524
3 1157 1146 1188
3 952 925 880
3 2812 2821 9538
3 4857 4949 4975
3 6094 6018 6032
3 951 925 973
3 6828 6785 6857
3 6829 6857 6785
3 3559 3531 3560
3 6763 9529 6811
3 1798 1814 1812
3 6810 6849 6916
3 333 350 287
3 541 486 535
3 535 486 585
3 1108 1131 1092
3 1043 1092 1131
3 255 194 196
3 7627 7678 7725
3 8067 8068 8165
3 5664 5682 5698
3 9568 7971 7954
3 7690 7767 7814
3 5519 5621 5556
3 3946 3886 3932
3 499 498 478
3 6997 6959 7054
3 7357 7325 7399
3 8981 8970 8953
3 6474 6520 6529
3 4939 4938 4921
3 598 560 616
3 560 598 559
3 93 127 92
3 222 306 305
3 151 123 194
3 4568 4668 4567
3 6455 6335 6355
3 6773 6774 6812
3 9530 4549 4444
3 6471 6333 6420
3 8460 8377 8355
3 5131 5055 9611
3 1432 1380 1422
3 934 795 832
3 4453 4363 4531
3 9299 9331 9294
3 9294 9331 9319
3 562 9531 505
3 562 496 9531
3 7357 7248 7325
3 9929 6351 6267
3 6252 6267 6351
3 1286 1315 1297
3 8826 8829 8858
3 3745 3746 3774
3 3745 3774 3785
3 5560 5489 5537
3 5537 5489 5517
3 9532 4619 4464
3 9003 9533 9010
3 335 311 259
3 311 301 259
3 303 9534 358
3 303 253 9534
3 1005 1004 940
3 940 1004 991
3 6371 6204 6471
3 7945 9572 7901
3 4519 4668 4568
3 1891 1859 1898
3 9909 18 138
3 3471 3407 3536
3 4783 4858 4804
3 9535 867 901
3 9535 901 9564
3 5537 5517 5578
3 9536 4845 4886
3 8750 8726 8738
3 8739 8738 8726
3 4620 4651 4619
3 4652 4651 4620
3 363 371 350
3 371 349 350
3 9568 8098 7971
3 8928 8956 8953
3 8355 8239 8356
3 2837 9538 2872
3 9538 2879 2872
3 6006 5898 6018
3 8883 8892 8906
3 8906 8892 8884
3 9578 7806 7774
3 814 776 777
3 746 777 776
3 9250 9539 9252
3 9252 9539 9205
3 664 669 698
3 650 664 627
3 664 650 669
3 2755 2754 2746
3 2725 2655 2726
3 3347 3399 3367
3 8952 8970 8969
3 4442 9541 4425
3 4441 4425 9541
3 5144 9542 5087
3 5086 9542 5215
3 4940 4848 4884
3 4845 4857 4887
3 9544 3442 9545
3 9544 9545 3454
3 9546 9147 9123
3 9124 9147 9546
3 585 9547 535
3 946 945 870
3 944 897 945
3 945 897 870
3 6204 6371 6171
3 1034 1084 9548
3 1084 1033 9548
3 8706 8746 8717
3 8746 8716 8717
3 6679 6698 6745
3 8239 8230 8275
3 9549 4294 4163
3 9549 4163 4187
3 8160 8174 8192
3 6781 6758 6855
3 4952 5011 4890
3 4255 4284 9551
3 3938 3954 3985
3 5134 5265 5149
3 9554 9553 947
3 694 9555 9556
3 707 9555 694
3 6383 6255 6399
3 6255 6146 6399
3 4694 4666 4746
3 9557 4231 4259
3 385 9558 369
3 357 9558 385
3 7955 8081 8024
3 9263 9268 9295
3 6699 6730 6745
3 8333 8253 9559
3 2002 9560 9561
3 1931 9561 9560
3 6999 6871 6790
3 1005 951 973
3 3781 9562 3791
3 3829 3781 3782
3 3781 3829 9562
3 6160 9563 6207
3 899 900 953
3 900 975 953
3 899 9564 900
3 5368 5308 9565
3 9565 5402 5368
3 9565 5403 5402
3 9565 5308 5294
3 5294 5403 9565
3 4714 4789 4713
3 2645 2687 9566
3 5571 5471 5534
3 5453 5471 5571
3 2686 9569 2655
3 2581 2603 2726
3 2581 2726 9569
3 2655 9569 2726
3 9577 9570 7592
3 7522 9570 7550
3 103 200 90
3 4582 4549 4635
3 4549 4567 4635
3 4567 4680 4635
3 5062 4985 9584
3 9584 4985 5025
3 4360 4359 4317
3 4284 4255 4359
3 4317 4359 4255
3 4254 9551 9571
3 9571 9551 4283
3 7814 7771 9572
3 1999 1989 1942
3 1989 1892 1942
3 284 362 271
3 271 362 361
3 284 339 362
3 5331 5330 5258
3 5258 5330 5282
3 5282 5330 9573
3 8762 8786 8706
3 8796 8786 8771
3 8706 8786 8746
3 7791 7792 7811
3 7721 7792 7791
3 4366 9575 4352
3 9574 4352 9575
3 9574 9575 4295
3 814 826 857
3 826 9576 857
3 7550 9577 7682
3 7682 9577 9578
3 561 600 514
3 600 605 514
3 532 514 605
3 9579 4333 4264
3 4281 4237 4250
3 4281 4250 4264
3 4333 4281 4264
3 345 9581 318
3 9581 282 9580
3 283 318 9580
3 318 9581 9580
3 4542 4543 4655
3 4563 4638 4562
3 4563 4564 4638
3 6438 9543 9582
3 6404 9582 9543
3 6344 6438 9582
3 5282 5142 5258
3 5258 5142 5189
3 5282 5148 5142
3 5148 9583 5142
3 6014 5931 5952
3 5931 6014 5963
3 2944 3033 2975
3 9613 2975 3033
3 331 322 332
3 310 320 321
3 322 285 286
3 322 331 321
3 310 321 331
3 331 332 350
3 493 526 447
3 526 493 527
3 448 501 493
3 5376 9585 5317
3 9586 9585 5170
3 5376 5204 9584
3 5376 9584 9585
3 5317 9585 9586
3 9585 5025 5170
3 9585 9584 5025
3 5167 9587 5133
3 5121 9587 5167
3 5169 9588 5147
3 9588 5133 9587
3 5147 9588 9587
3 2317 9589 2247
3 2285 2257 9589
3 9589 2257 9552
3 2316 2285 9589
3 9589 9552 2247
3 7721 9590 7686
3 7580 7686 9590
3 7686 7580 9591
3 7432 7419 7517
3 7746 7544 7518
3 1091 9633 1118
3 1091 1118 9593
3 1118 9592 9593
3 1118 9633 1025
3 9594 3792 3830
3 3822 9594 3830
3 3823 3832 3792
3 6032 6171 6094
3 6204 6171 6032
3 5122 9596 5123
3 5043 5093 9596
3 5123 9596 9595
3 9595 5093 5124
3 9596 5093 9595
3 3844 3879 9597
3 3844 9597 3820
3 3820 9597 3797
3 3923 3896 9599
3 3797 9597 9599
3 3841 3797 9599
3 9598 9597 3879
3 9598 9599 9597
3 9598 3923 9599
3 9601 8221 9600
3 7289 9602 9608
3 9602 7289 7233
3 9602 7233 9603
3 9602 9603 7348
3 9603 7233 7153
3 7153 7233 7080
3 9603 7153 7131
3 7994 9604 7955
3 9604 7812 7955
3 7890 7811 7812
3 7890 7812 9604
3 672 9605 718
3 664 697 9605
3 698 804 763
3 697 763 9605
3 697 698 763
3 5439 5426 5371
3 5620 5639 9606
3 5639 5655 9606
3 5655 5584 9606
3 5584 5426 9606
3 5439 5620 9606
3 5651 5620 5439
3 5439 9606 5426
3 7522 7405 9607
3 7522 7482 9608
3 9608 7348 7522
3 7522 7348 7405
3 5293 9610 5214
3 5332 5293 5533
3 9611 9610 9609
3 9609 9610 5332
3 9612 9610 9611
3 5332 9610 5293
3 5214 9610 9612
3 2835 2877 2776
3 2776 2877 2783
3 9614 2783 2877
3 2877 9613 9614
3 5685 5611 9616
3 5611 9615 9617
3 9615 9646 9617
3 5671 9616 9617
3 5633 5671 9617
3 5611 9617 9616
3 9617 9646 5633
3 701 738 729
3 749 748 739
3 714 730 9618
3 739 701 9618
3 9618 730 749
3 739 9618 749
3 7219 9619 7198
3 7403 7346 7437
3 7346 7198 9619
3 7346 9619 7437
3 6641 6743 6654
3 6719 6785 6743
3 6856 6654 6870
3 6654 6828 6870
3 6828 6654 6743
3 5908 5791 5880
3 5791 5908 5862
3 9621 4338 4461
3 9620 4338 4546
3 4546 4338 4502
3 4338 9620 4461
3 4712 9622 4785
3 4889 9622 4907
3 4805 9622 4712
3 4805 4907 9622
3 4874 4907 4805
3 9575 9623 9624
3 4297 9624 9623
3 4246 4245 9624
3 965 1018 9627
3 1016 1064 990
3 1017 1026 9628
3 1026 1016 9628
3 1016 9626 9625
3 963 9625 9626
3 9625 9628 1016
3 1018 9628 9627
3 9626 1016 990
3 9627 9628 9625
3 8329 9629 8267
3 8267 9629 8177
3 8100 8024 8177
3 8081 8177 8024
3 8100 8177 9629
3 8100 9629 8329
3 447 526 459
3 447 459 9630
3 374 422 9630
3 456 400 9632
3 9632 512 538
3 499 9632 9631
3 9631 9632 538
3 400 433 9632
3 433 472 9632
3 433 445 472
3 4200 4177 4185
3 4156 4177 4200
3 4156 4142 4177
3 4141 4164 4187
3 9636 9634 996
3 988 9633 9635
3 978 9635 9636
3 1015 9635 9633
3 1015 997 9635
3 997 9636 9635
3 9636 997 9634
3 1015 9633 1091
3 988 1063 1025
3 3377 3304 3346
3 3229 3156 9637
3 9637 3156 3179
3 3304 3229 3346
3 3229 9637 3346
3 4733 9639 4715
3 4696 4670 9640
3 4729 9638 9641
3 4728 4748 9638
3 4657 9638 9640
3 9641 9638 4657
3 9641 4657 4695
3 9640 9639 4733
3 4806 4876 4715
3 4696 9640 4733
3 4772 4715 9639
3 4657 9640 4670
3 9639 9638 4748
3 9638 9639 9640
3 4772 4806 4715
3 9523 9524 9642
3 9527 9522 9645
3 9528 9644 9645
3 9521 9522 9643
3 9527 9643 9522
3 9645 9526 9527
3 9642 9528 9517
3 9518 9524 9512
3 9645 9644 9526
3 9524 9523 9516
3 5370 9651 5336
3 5364 5405 9648
3 5633 9646 5569
3 5569 9646 9647
3 9648 5405 5370
3 5370 5438 5437
3 5531 9647 5431
3 9649 5438 9650
3 9649 5555 5438
3 9646 9650 9647
3 9652 5431 9647
3 9650 5438 5405
3 9649 9646 9615
3 9646 9649 9650
3 9647 9650 9652
3 5405 5438 5370
3 5437 9651 5370
3 1898 9655 1891
3 2042 9653 2174
3 2042 9658 9653
3 1904 9655 9659
3 2042 9659 9658
3 2003 9657 9656
3 2112 9658 2083
3 9657 2083 9658
3 9654 2147 9552
3 1898 1928 9655
3 2112 9653 9658
3 9656 9655 1928
3 9659 9655 9658
3 2174 9653 9654
3 9655 9656 9658
3 9653 2147 9654
3 9658 9656 9657
3 9656 1928 2003
3 7321 7340 7397
3 9540 7340 7341
3 7767 7690 9662
3 7564 7725 7767
3 7413 9663 9662
3 7413 9660 9663
3 7340 9660 7397
3 9661 7564 9663
3 9662 7564 7767
3 9663 7564 9662
3 9663 9660 9661
3 984 9664 9668
3 886 896 9666
3 877 9666 896
3 971 950 921
3 936 937 9664
3 937 9670 9664
3 958 9667 9665
3 9669 949 9667
3 9670 949 9669
3 9668 9664 9670
3 950 920 895
3 920 950 958
3 895 921 950
3 877 921 895
3 9667 949 9665
3 921 877 896
3 949 938 9665
3 9669 9668 9670
3 7036 9671 7073
3 9673 9675 9679
3 7074 7128 10000
3 7114 7128 7074
3 7036 9678 9671
3 7036 9672 9678
3 6672 9673 6822
3 9673 6672 6589
3 7074 9674 6960
3 9676 9674 9678
3 6427 6417 9675
3 9679 9672 9673
3 7036 6822 9672
3 6427 9675 6589
3 9676 9678 9672
3 10000 7113 9671
3 7074 10000 9674
3 9677 9675 6579
3 10000 9671 9674
3 7113 7073 9671
3 9675 9673 6589
3 9676 9672 9679
3 6822 9673 9672
3 9679 9675 9677
3 9677 9676 9679
3 9675 6417 6383
3 6579 9675 6383
3 9671 9678 9674
3 9682 9688 9687
3 9687 9688 4235
3 4248 9683 9685
3 9680 4248 4203
3 4249 9680 9682
3 4214 4203 9685
3 9685 9683 9689
3 4203 9686 9680
3 9680 9686 9682
3 4248 9685 4203
3 9687 9681 4280
3 9687 4235 9681
3 4234 9689 9683
3 9685 9689 4214
3 9683 9537 4234
3 9687 4280 4331
3 4215 9688 9682
3 4280 9684 4305
3 9686 4215 9682
3 9684 4237 4305
3 4280 9681 9684
3 3973 9696 3928
3 3737 3776 3747
3 3776 9697 3786
3 3870 9702 3861
3 3871 9702 3870
3 3928 9702 3871
3 3776 3842 9697
3 3973 3985 9693
3 3937 9702 9694
3 9694 9690 9703
3 3999 4039 9703
3 3971 9701 9698
3 9695 9700 9699
3 3803 9697 9700
3 3999 9703 9693
3 9694 9702 9696
3 3895 3910 9699
3 9695 3910 9692
3 9694 9691 3972
3 3973 9693 9690
3 9691 9701 3972
3 9695 9699 3910
3 3803 9700 3891
3 9696 9702 3928
3 9694 9696 9690
3 3747 3776 3786
3 9697 3803 3786
3 9690 9693 9703
3 3910 3912 9692
3 3973 9690 9696
3 9694 9703 9691
3 9700 9695 3891
3 9698 9701 9691
3 9692 3912 3971
3 9691 9703 4039
3 763 803 9605
3 4337 4231 9557
3 4651 4666 4650
3 3781 3754 3782
3 1003 991 1004
3 698 727 804
3 1148 9592 1118
3 890 846 830
3 849 887 923
3 924 972 923
3 9630 398 374
3 5426 5425 5371
3 5951 5646 5681
3 4732 4658 4654
3 1003 9548 972
3 974 953 992
3 8636 8705 8717
3 1864 1842 1890
3 4806 4772 4813
3 4231 4230 4200
3 1059 1030 1060
3 2181 2148 2098
3 854 870 897
3 6114 6059 6060
3 4771 4732 4788
3 4788 4732 4713
3 6833 6771 6683
3 1204 1112 1142
3 4498 4371 4482
3 2233 2188 2148
3 1931 1967 1905
3 1967 1882 1905
3 1394 1451 1463
3 781 854 788
3 4878 4848 4890
3 9704 5862 5807
3 1060 1079 1059
3 1801 1749 1741
3 1741 1732 1801
3 1741 1653 1732
3 9632 472 512
3 987 944 966
3 1749 1801 1774
3 570 511 541
3 486 541 511
3 8819 8834 8780
3 9704 5807 5670
3 1505 9707 1580
3 1580 9707 1594
3 9711 9705 1290
3 1312 1257 9705
3 9706 9711 1505
3 1491 9707 9711
3 1312 9705 9708
3 9706 9708 9711
3 9707 9709 1594
3 9709 9707 1491
3 1491 9711 9710
3 9707 1505 9711
3 4397 9724 4420
3 4421 9724 4397
3 4421 4439 9719
3 4532 9727 4531
3 4497 9719 4439
3 4597 9720 9725
3 4613 9720 4597
3 9713 9729 4513
3 4513 9716 4532
3 4532 9712 9727
3 9726 9717 9718
3 4497 9728 9717
3 9716 4513 9729
3 9717 4453 9727
3 4587 4578 9715
3 9715 9730 9721
3 9721 9714 9720
3 9714 9729 9713
3 9718 9717 4578
3 9717 9728 4453
3 9726 4496 9719
3 4497 9726 9719
3 9715 4578 9712
3 9729 9721 9730
3 9723 9725 9714
3 4497 9717 9726
3 9717 9727 9712
3 9712 4578 9717
3 4496 9724 9719
3 4421 9719 9724
3 4571 9722 9541
3 9729 9730 9716
3 9720 9714 9725
3 9721 9729 9714
3 9722 9723 9713
3 4532 9716 9712
3 9730 9715 9712
3 9723 9714 9713
3 9730 9712 9716
3 4420 9724 4495
3 9725 9723 4571
3 9612 9611 5021
3 9611 9731 5021
3 5142 9583 5190
3 9733 9583 5148
3 9733 4979 5071
3 4762 4786 9740
3 9736 4905 4935
3 4786 4762 9735
3 5055 5024 9731
3 4871 4829 9734
3 5071 9732 5024
3 4979 9732 5071
3 9736 9738 4829
3 4862 9738 9736
3 9736 4829 4905
3 5024 4937 9736
3 5071 9583 9733
3 9736 4937 4862
3 9739 9740 4786
3 4875 9740 9738
3 4786 9735 9737
3 4829 9739 9734
3 4829 9738 9739
3 4875 9738 4862
3 9734 9739 4786
3 9740 9739 9738
3 9740 4875 4861
3 4935 5024 9736
3 6339 6385 6464
3 7090 9747 7248
3 7220 9750 9749
3 7010 9747 7090
3 9747 7010 9743
3 6581 9752 9746
3 9753 9741 6879
3 9748 6830 6581
3 6665 9751 9744
3 9744 9742 9748
3 9745 9748 9742
3 6581 9746 9748
3 9743 9749 9747
3 9745 9749 9743
3 6464 6385 9752
3 7248 9747 9750
3 9741 9751 6688
3 6534 9746 6385
3 9749 9753 7064
3 7248 9750 7252
3 9746 9744 9748
3 9753 9745 9741
3 9751 9741 9742
3 9749 7064 7220
3 9745 9743 9748
3 9751 9742 9744
3 9741 9745 9742
3 9747 9749 9750
3 6385 9746 9752
3 9749 9745 9753
3 3588 9766 3702
3 3850 3810 3835
3 3850 9758 3810
3 3557 9756 3510
3 9759 3788 3763
3 9765 9763 9754
3 9755 9757 3595
3 3763 9755 3749
3 3693 9760 9764
3 9761 9755 3763
3 9754 9766 9756
3 9758 3702 9767
3 9754 9756 9765
3 9766 9764 9760
3 9757 9763 3595
3 9767 3810 9758
3 3574 9763 9757
3 9766 9754 9764
3 3810 9767 9760
3 9756 3557 9765
3 9761 9757 9755
3 9760 9767 9766
3 3527 3557 9545
3 9545 3557 3454
3 9755 3595 3677
3 9763 3574 9762
3 9765 3557 3595
3 9763 9765 3595
3 9766 9767 3702
3 9756 9766 3588
3 3749 9759 3763
3 3749 9755 3677
3 3629 9754 9762
3 9754 9763 9762
3 8918 8900 8872
3 8873 8848 8901
3 8925 8910 8994
3 8971 9776 8950
3 8950 9776 8941
3 8789 9771 9778
3 8889 9783 8908
3 8926 9770 8910
3 9784 9775 9772
3 9781 9768 9773
3 9779 9778 8847
3 8900 9780 9777
3 8847 9778 8848
3 9774 8848 9778
3 8847 8848 8872
3 8847 8872 9777
3 8908 9783 8971
3 9782 9769 9768
3 8889 8871 9780
3 9780 8941 9783
3 9783 8889 9780
3 9781 8910 9782
3 9782 8910 8925
3 9771 8841 9773
3 9774 9778 9771
3 9775 9784 9770
3 8848 9774 9769
3 9771 9773 9769
3 9771 9769 9774
3 8941 9776 9783
3 9782 9768 9781
3 8871 8847 9777
3 8925 8901 9769
3 8925 9769 9782
3 9769 9773 9768
3 9780 8871 9777
3 9776 8971 9783
3 8900 9777 8872
3 8941 9780 8900
3 8994 8910 9770
3 9784 8994 9770
3 84 9792 9789
3 118 69 9821
3 10 22 58
3 9841 9817 56
3 87 9801 9807
3 119 117 9805
3 9830 9829 9827
3 9814 72 9803
3 9811 9797 9795
3 9817 9841 9794
3 9795 9839 9811
3 55 114 9799
3 9824 9819 9846
3 9827 9829 9833
3 9824 9846 9805
3 9805 9821 9790
3 9795 9797 9815
3 9819 9835 9786
3 9835 9819 9804
3 9792 9845 9789
3 9786 9825 9809
3 74 9838 9798
3 9843 9833 9818
3 9806 9844 9785
3 9844 9806 9794
3 9816 9840 9834
3 9836 9845 9792
3 9796 9843 99
3 43 146 9846
3 9820 9810 9842
3 9809 9825 9837
3 9803 9815 9814
3 9795 9828 9839
3 9822 9839 9837
3 13 9812 9791
3 9806 9832 9831
3 57 9831 9813
3 9837 9825 9793
3 9811 11 10
3 9823 9817 9794
3 9785 9833 9829
3 9790 9824 9805
3 117 9821 9805
3 9799 114 9818
3 146 9805 9846
3 9823 9806 3
3 9801 9793 9825
3 9809 9837 9828
3 9814 9815 111
3 9815 9797 9800
3 12 9822 9837
3 9841 56 9816
3 9821 9820 9790
3 43 9819 9788
3 117 118 9821
3 9839 9822 9811
3 9786 9835 9807
3 9826 9827 9802
3 120 111 9800
3 119 9805 146
3 9827 9843 9802
3 9804 9810 9835
3 9844 9833 9785
3 9840 9799 9834
3 9829 9830 9787
3 9799 9818 9834
3 9843 9818 114
3 9826 9802 9798
3 9826 9838 9791
3 24 23 11
3 9809 9828 9803
3 9804 9819 9842
3 9818 9833 9834
3 9803 9808 9788
3 13 9791 9838
3 9810 9804 9842
3 9787 9845 9836
3 9833 9841 9834
3 9844 9794 9841
3 69 86 9845
3 11 9811 24
3 9785 9832 9806
3 9834 9841 9816
3 9831 3 9806
3 25 24 9822
3 9808 9803 71
3 9803 9828 9795
3 9788 9808 43
3 9840 9816 56
3 9809 9819 9786
3 9835 9810 9791
3 9811 9822 24
3 9817 9823 1
3 72 71 9803
3 9789 9845 86
3 9788 9819 9809
3 9800 9797 58
3 9832 9836 9813
3 9820 69 9845
3 9815 9800 111
3 9787 9820 9845
3 9824 9842 9819
3 9790 9842 9824
3 9823 9794 9806
3 9837 9839 9828
3 9829 9832 9785
3 43 9846 9819
3 15 1 9823
3 9836 9832 9829
3 9820 9830 9810
3 9825 9786 9807
3 9807 9801 9825
3 9843 9827 9833
3 9827 9826 9830
3 9830 9820 9787
3 9843 9796 9802
3 114 99 9843
3 9826 9810 9830
3 9815 9803 9795
3 9811 58 9797
3 9811 10 58
3 9831 9832 9813
3 70 146 43
3 9796 9798 9802
3 69 9820 9821
3 9833 9844 9841
3 9810 9826 9791
3 9790 9820 9842
3 9798 9838 9826
3 9788 9809 9803
3 9813 9836 9792
3 9836 9829 9787
3 9835 9791 9812
3 56 124 9840
3 9792 37 9813
3 51 9860 4
3 201 141 9893
3 9883 9854 9916
3 9868 32 9915
3 96 32 9868
3 50 9921 9874
3 28 4 9898
3 30 9889 9897
3 9852 30 9897
3 48 9866 9850
3 91 48 9850
3 9887 7 9853
3 9853 6 9924
3 9851 31 8
3 65 9901 32
3 95 9878 9910
3 54 9881 9917
3 9891 9894 9865
3 38 9887 9
3 9871 9869 9856
3 9896 9849 9859
3 9862 9888 9907
3 9911 9854 9877
3 9908 9881 9906
3 61 9919 9899
3 9893 9890 9883
3 9889 0 9896
3 53 9898 0
3 9904 9908 9903
3 9891 9848 9914
3 9 9887 9853
3 9 9853 9847
3 9901 9876 9915
3 9858 9863 9869
3 9848 9868 9922
3 9872 9907 9870
3 9923 9851 9920
3 9877 9900 9922
3 9869 9903 9858
3 9917 9912 9878
3 9912 9881 9908
3 9860 9874 9858
3 91 9850 9918
3 9895 9890 141
3 9864 9911 9919
3 60 9882 9886
3 9924 6 9891
3 9923 9920 9888
3 9850 9866 9855
3 9863 41 9856
3 9907 9919 9862
3 9899 9871 9856
3 9911 9877 9922
3 9922 9900 9914
3 9913 9848 9902
3 9892 9876 44
3 4 9885 9898
3 9861 9892 9862
3 9861 9862 9875
3 9862 9911 9875
3 9863 9856 9869
3 9920 9904 9907
3 9871 9899 9872
3 9894 9918 9855
3 9870 9907 9904
3 61 9886 9919
3 9921 9858 9874
3 95 9910 75
3 75 9910 9857
3 9903 9870 9904
3 54 9852 9881
3 9914 9848 9922
3 9871 9872 9870
3 9888 9920 9907
3 9891 9902 9848
3 9891 9865 9924
3 9872 9899 9919
3 9857 9851 8
3 9885 9858 9903
3 9875 9922 9868
3 9868 9861 9875
3 9923 9888 9892
3 9850 9855 9918
3 9855 9847 9865
3 9 9873 20
3 20 9873 21
3 9892 44 9923
3 9910 9920 9857
3 9896 9906 9897
3 9877 9890 9900
3 41 9880 9856
3 60 9916 9882
3 9867 9847 9855
3 9917 9881 9912
3 9906 9852 9897
3 9869 9871 9903
3 9855 9865 9894
3 9876 9892 9915
3 9921 42 9863
3 9884 9879 9913
3 9858 9885 9860
3 9919 9907 9872
3 9862 9892 9888
3 9877 9883 9890
3 9904 9920 9878
3 61 60 9886
3 9861 9915 9892
3 9882 9916 9854
3 8 75 9857
3 96 9868 9879
3 9851 9857 9920
3 9911 9862 9919
3 9904 9912 9908
3 9900 9895 9894
3 9873 9867 9866
3 9909 9913 6
3 95 9917 9878
3 9896 9897 9889
3 9911 9922 9875
3 9881 9852 9906
3 9 9867 9873
3 9890 9895 9900
3 9903 9908 9859
3 9880 61 9899
3 137 96 9879
3 4 9860 9885
3 32 9901 9915
3 9871 9870 9903
3 9905 9873 9866
3 9879 9848 9913
3 9849 0 9885
3 9878 9912 9904
3 9906 9859 9908
3 9859 9849 9903
3 9894 9891 9914
3 9865 9853 9924
3 9865 9847 9853
3 9909 9884 9913
3 9878 9920 9910
3 9918 9894 9895
3 9903 9849 9885
3 0 9898 9885
3 9915 9861 9868
3 9883 9877 9854
3 9911 9882 9854
3 9879 9868 9848
3 9 9847 9867
3 9882 9864 9886
3 9886 9864 9919
3 9896 9859 9906
3 9893 141 9890
3 9896 0 9849
3 9866 9867 9855
3 9921 9863 9858
3 44 31 9923
3 9902 6 9913
3 6 9902 9891
3 9882 9911 9864
3 9884 137 9879
3 9921 50 42
3 9905 21 9873
3 9880 9899 9856
3 9894 9914 9900
3 6934 9949 6933
3 6934 7105 9936
3 7432 9926 7419
3 6718 6586 9945
3 7040 9955 9933
3 9935 7026 9968
3 7085 9969 9970
3 6729 9966 9954
3 9946 9966 9956
3 7153 7080 9942
3 6985 9937 9942
3 6985 9942 7080
3 9939 9937 9943
3 9937 6836 9943
3 6586 6533 9945
3 6933 9949 9940
3 9947 9928 9934
3 9955 9952 9960
3 9945 9963 9947
3 6491 9927 9951
3 6533 9961 9945
3 9950 6729 9954
3 9960 7358 9926
3 9938 9968 9933
3 7189 9938 9941
3 9968 7040 9933
3 9925 9954 9946
3 9931 9960 9926
3 9930 9971 9964
3 9945 9961 9963
3 9927 9950 9961
3 9969 7085 7035
3 9962 7153 9942
3 9951 9961 6533
3 9946 9956 7085
3 9951 6533 6468
3 6889 9958 6769
3 6769 9948 6889
3 9939 9947 9934
3 9931 9926 7252
3 9964 9971 9928
3 9957 9951 6468
3 6491 9951 9957
3 9959 7189 7135
3 9944 9972 9962
3 9928 9967 9964
3 9954 9925 9961
3 9945 9947 9943
3 9966 6729 9958
3 9972 9939 9936
3 9936 9962 9972
3 9970 9964 9967
3 9928 9971 9934
3 9948 6769 6679
3 9925 9967 9928
3 9938 7189 9959
3 9935 9958 6915
3 9941 9938 9933
3 9955 9960 9931
3 9927 9961 9951
3 9944 9962 9942
3 9940 9949 9971
3 9939 9972 9944
3 9954 9966 9946
3 6745 9948 6679
3 9939 9944 9942
3 7085 9970 9965
3 7358 7419 9926
3 7026 7040 9968
3 6715 6679 6769
3 9930 9932 9938
3 9970 9967 9965
3 9970 9969 9968
3 9955 9941 9933
3 9939 9942 9937
3 9957 6468 9929
3 9947 9925 9928
3 6646 9950 9927
3 9943 9953 9945
3 9930 9964 9932
3 9962 9936 7105
3 9939 9943 9947
3 9956 9958 7035
3 9955 9931 9941
3 9952 7305 9960
3 9931 7252 9941
3 7035 9958 9935
3 9971 9930 9940
3 9971 9936 9934
3 9949 9936 9971
3 9925 9963 9961
3 9953 9943 6836
3 9954 9961 9950
3 9964 9970 9932
3 9965 9946 7085
3 9930 9938 9959
3 9968 9938 9932
3 9970 9968 9932
3 9969 9935 9968
3 9925 9947 9963
3 9926 7432 7252
3 9939 9934 9936
3 9946 9965 9925
3 9925 9965 9967
3 7102 7140 7207
3 7351 7470 7407
3 6994 7013 6977
3 7140 7158 7207
3 7207 7158 7227
3 7013 7109 6977
3 7158 7072 7227
3 7301 7243 7269
3 7243 10001 7269
3 7159 7174 7142
3 7227 7072 7244
3 7136 7253 7109
3 7109 7253 6977
3 6943 7023 6936
3 6936 7023 6966
3 7023 7142 6966
3 7142 7174 6966
3 7294 7379 7388
3 9591 7527 7456
3 7456 7527 7424
3 9987 9990 6501
3 9974 7169 7294
3 7353 9974 7375
3 9988 9983 7109
3 7015 9991 6937
3 9981 9984 6450
3 6909 9977 9980
3 6937 9975 9978
3 6786 9979 9977
3 9978 9975 9973
3 6632 9976 9973
3 9987 9973 9976
3 9990 9985 9981
3 9983 9989 9991
3 9974 7254 7069
3 7109 9983 9982
3 9991 7254 9983
3 9986 9989 9988
3 7015 7069 9991
3 9980 9977 9975
3 7254 9974 7353
3 6888 9986 9988
3 6909 9980 9986
3 7264 9982 7254
3 9981 6501 9990
3 9975 6937 9989
3 9991 9989 6937
3 9987 9978 9973
3 9973 9977 9979
3 7069 7169 9974
3 9983 7254 9982
3 7254 9991 7069
3 9985 6145 9981
3 9977 9973 9975
3 6145 9984 9981
3 9975 9989 9980
3 9989 9983 9988
3 9989 9986 9980
3 9987 9976 9990
3 7220 7252 9750
3 3665 9757 9761
3 9851 9923 31
3 9775 8926 9772
3 50 9874 35
3 6966 7174 6956
3 6956 7174 7048
3 7048 7174 7316
3 7316 7174 7335
3 7174 7208 7335
3 7335 7208 7352
3 7456 7424 7388
3 6829 6888 6942
3 6888 7014 6942
3 6977 7293 6994
3 7014 6994 6942
3 7388 7424 7387
3 8901 8848 9769
3 7315 7222 7316
3 138 9884 9909
3 7374 7387 7386
3 7387 7424 7386
3 7374 7386 7293
3 7470 7352 7386
3 7293 9992 6994
3 7387 7375 7388
3 7294 7388 7375
3 6632 9973 9979
3 7048 7222 7221
3 7316 7222 7048
3 7208 9992 9993
3 7208 9993 7352
3 7293 7386 9993
3 9993 9992 7293
3 9993 7386 7352
3 7221 7222 7188
3 9992 7208 7127
3 7159 7127 7160
3 7127 7208 7160
3 7160 7208 7174
3 8971 8967 9994
3 8908 8971 9994
3 7386 7424 7470
3 7470 7424 7527
3 7321 7269 7161
3 6998 6942 7055
3 6942 6994 7055
3 7055 6994 7072
3 9992 9998 6994
3 9995 9998 9992
3 7127 9995 9992
3 7113 10000 9997
3 7128 7161 9996
3 7269 10001 9996
3 9996 7161 7269
3 7114 7161 7128
3 7127 7113 9997
3 9995 7244 9998
3 7244 9995 9999
3 9998 7072 6994
3 9998 7244 7072
3 9997 9995 7127
3 10001 9999 9996
3 9997 9999 9995
3 10000 7128 9999
3 7128 9996 9999
3 10000 9999 9997
3 10001 7244 9999
